"date","discharge","qc_flag","qc_type","qc_detect_method","temp_res","temp_res_dom","dq_issue","cpd_segment_id","cpd_segment_main"
"2005-01-01",39.946,FALSE,NA,NA,"<= day","daily",NA,NA,NA
"2005-01-02",40.488,FALSE,NA,NA,"<= day","daily",NA,NA,NA
"2005-01-03",38.782,FALSE,NA,NA,"<= day","daily",NA,NA,NA
"2005-01-04",38.863,FALSE,NA,NA,"<= day","daily",NA,NA,NA
"2005-01-05",40.032,FALSE,NA,NA,"<= day","daily",NA,NA,NA
"2005-01-06",40.776,FALSE,NA,NA,"<= day","daily",NA,NA,NA
"2005-01-07",40.54,FALSE,NA,NA,"<= day","daily",NA,NA,NA
"2005-01-08",45.694,FALSE,NA,NA,"<= day","daily",NA,NA,NA
"2005-01-09",48.051,FALSE,NA,NA,"<= day","daily",NA,NA,NA
"2005-01-10",48.213,FALSE,NA,NA,"<= day","daily",NA,NA,NA
"2005-01-11",50.55,FALSE,NA,NA,"<= day","daily",NA,NA,NA
"2005-01-12",49.115,FALSE,NA,NA,"<= day","daily",NA,NA,NA
"2005-01-13",48.113,FALSE,NA,NA,"<= day","daily",NA,NA,NA
"2005-01-14",44.35,FALSE,NA,NA,"<= day","daily",NA,NA,NA
"2005-01-15",42.608,FALSE,NA,NA,"<= day","daily",NA,NA,NA
"2005-01-16",43.154,FALSE,NA,NA,"<= day","daily",NA,NA,NA
"2005-01-17",43.746,FALSE,NA,NA,"<= day","daily",NA,NA,NA
"2005-01-18",43.322,FALSE,NA,NA,"<= day","daily",NA,NA,NA
"2005-01-19",36.353,FALSE,NA,NA,"<= day","daily",NA,NA,NA
"2005-01-20",34.269,FALSE,NA,NA,"<= day","daily",NA,NA,NA
"2005-01-21",34.696,FALSE,NA,NA,"<= day","daily",NA,NA,NA
"2005-01-22",34.072,FALSE,NA,NA,"<= day","daily",NA,NA,NA
"2005-01-23",33.878,FALSE,NA,NA,"<= day","daily",NA,NA,NA
"2005-01-24",33.671,FALSE,NA,NA,"<= day","daily",NA,NA,NA
"2005-01-25",30.164,FALSE,NA,NA,"<= day","daily",NA,NA,NA
"2005-01-26",33.155,FALSE,NA,NA,"<= day","daily",NA,NA,NA
"2005-01-27",32.867,FALSE,NA,NA,"<= day","daily",NA,NA,NA
"2005-01-28",32.505,FALSE,NA,NA,"<= day","daily",NA,NA,NA
"2005-01-29",32.205,FALSE,NA,NA,"<= day","daily",NA,NA,NA
"2005-01-30",31.786,FALSE,NA,NA,"<= day","daily",NA,NA,NA
"2005-01-31",31.394,FALSE,NA,NA,"<= day","daily",NA,NA,NA
"2005-02-01",31.434,FALSE,NA,NA,"<= day","daily",NA,NA,NA
"2005-02-02",30.682,FALSE,NA,NA,"<= day","daily",NA,NA,NA
"2005-02-03",30.683,FALSE,NA,NA,"<= day","daily",NA,NA,NA
"2005-02-04",31.348,FALSE,NA,NA,"<= day","daily",NA,NA,NA
"2005-02-05",32.994,FALSE,NA,NA,"<= day","daily",NA,NA,NA
"2005-02-06",33.836,FALSE,NA,NA,"<= day","daily",NA,NA,NA
"2005-02-07",33.202,FALSE,NA,NA,"<= day","daily",NA,NA,NA
"2005-02-08",33.409,FALSE,NA,NA,"<= day","daily",NA,NA,NA
"2005-02-09",34.586,FALSE,NA,NA,"<= day","daily",NA,NA,NA
"2005-02-10",35.786,FALSE,NA,NA,"<= day","daily",NA,NA,NA
"2005-02-11",33.966,FALSE,NA,NA,"<= day","daily",NA,NA,NA
"2005-02-12",57.619,FALSE,NA,NA,"<= day","daily",NA,NA,NA
"2005-02-13",52.318,FALSE,NA,NA,"<= day","daily",NA,NA,NA
"2005-02-14",40.005,FALSE,NA,NA,"<= day","daily",NA,NA,NA
"2005-02-15",36.342,FALSE,NA,NA,"<= day","daily",NA,NA,NA
"2005-02-16",34.365,FALSE,NA,NA,"<= day","daily",NA,NA,NA
"2005-02-17",32.897,FALSE,NA,NA,"<= day","daily",NA,NA,NA
"2005-02-18",32.294,FALSE,NA,NA,"<= day","daily",NA,NA,NA
"2005-02-19",32.046,FALSE,NA,NA,"<= day","daily",NA,NA,NA
"2005-02-20",31.657,FALSE,NA,NA,"<= day","daily",NA,NA,NA
"2005-02-21",31.289,FALSE,NA,NA,"<= day","daily",NA,NA,NA
"2005-02-22",30.968,FALSE,NA,NA,"<= day","daily",NA,NA,NA
"2005-02-23",30.251,FALSE,NA,NA,"<= day","daily",NA,NA,NA
"2005-02-24",29.844,FALSE,NA,NA,"<= day","daily",NA,NA,NA
"2005-02-25",29.533,FALSE,NA,NA,"<= day","daily",NA,NA,NA
"2005-02-26",29.247,FALSE,NA,NA,"<= day","daily",NA,NA,NA
"2005-02-27",29.167,FALSE,NA,NA,"<= day","daily",NA,NA,NA
"2005-02-28",28.744,FALSE,NA,NA,"<= day","daily",NA,NA,NA
"2005-03-01",27.976,FALSE,NA,NA,"<= day","daily",NA,NA,NA
"2005-03-02",27.812,FALSE,NA,NA,"<= day","daily",NA,NA,NA
"2005-03-03",27.985,FALSE,NA,NA,"<= day","daily",NA,NA,NA
"2005-03-04",27.705,FALSE,NA,NA,"<= day","daily",NA,NA,NA
"2005-03-05",27.634,FALSE,NA,NA,"<= day","daily",NA,NA,NA
"2005-03-06",27.272,FALSE,NA,NA,"<= day","daily",NA,NA,NA
"2005-03-07",26.696,FALSE,NA,NA,"<= day","daily",NA,NA,NA
"2005-03-08",26.504,FALSE,NA,NA,"<= day","daily",NA,NA,NA
"2005-03-09",26.392,FALSE,NA,NA,"<= day","daily",NA,NA,NA
"2005-03-10",27.977,FALSE,NA,NA,"<= day","daily",NA,NA,NA
"2005-03-11",31.057,FALSE,NA,NA,"<= day","daily",NA,NA,NA
"2005-03-12",32.955,FALSE,NA,NA,"<= day","daily",NA,NA,NA
"2005-03-13",33.518,FALSE,NA,NA,"<= day","daily",NA,NA,NA
"2005-03-14",36.806,FALSE,NA,NA,"<= day","daily",NA,NA,NA
"2005-03-15",52.341,FALSE,NA,NA,"<= day","daily",NA,NA,NA
"2005-03-16",77.54,FALSE,NA,NA,"<= day","daily",NA,NA,NA
"2005-03-17",91.453,FALSE,NA,NA,"<= day","daily",NA,NA,NA
"2005-03-18",101.817,FALSE,NA,NA,"<= day","daily",NA,NA,NA
"2005-03-19",112.22,FALSE,NA,NA,"<= day","daily",NA,NA,NA
"2005-03-20",115.311,FALSE,NA,NA,"<= day","daily",NA,NA,NA
"2005-03-21",118.418,FALSE,NA,NA,"<= day","daily",NA,NA,NA
"2005-03-22",117.514,FALSE,NA,NA,"<= day","daily",NA,NA,NA
"2005-03-23",125.129,FALSE,NA,NA,"<= day","daily",NA,NA,NA
"2005-03-24",127.019,FALSE,NA,NA,"<= day","daily",NA,NA,NA
"2005-03-25",132.562,FALSE,NA,NA,"<= day","daily",NA,NA,NA
"2005-03-26",122.37,FALSE,NA,NA,"<= day","daily",NA,NA,NA
"2005-03-27",117.856,FALSE,NA,NA,"<= day","daily",NA,NA,NA
"2005-03-28",116.702,FALSE,NA,NA,"<= day","daily",NA,NA,NA
"2005-03-29",116.378,FALSE,NA,NA,"<= day","daily",NA,NA,NA
"2005-03-30",115.543,FALSE,NA,NA,"<= day","daily",NA,NA,NA
"2005-03-31",110.317,FALSE,NA,NA,"<= day","daily",NA,NA,NA
"2005-04-01",110.805,FALSE,NA,NA,"<= day","daily",NA,NA,NA
"2005-04-02",119.097,FALSE,NA,NA,"<= day","daily",NA,NA,NA
"2005-04-03",117.64,FALSE,NA,NA,"<= day","daily",NA,NA,NA
"2005-04-04",116.693,FALSE,NA,NA,"<= day","daily",NA,NA,NA
"2005-04-05",117.889,FALSE,NA,NA,"<= day","daily",NA,NA,NA
"2005-04-06",122.694,FALSE,NA,NA,"<= day","daily",NA,NA,NA
"2005-04-07",121.994,FALSE,NA,NA,"<= day","daily",NA,NA,NA
"2005-04-08",115.356,FALSE,NA,NA,"<= day","daily",NA,NA,NA
"2005-04-09",106.556,FALSE,NA,NA,"<= day","daily",NA,NA,NA
"2005-04-10",94.679,FALSE,NA,NA,"<= day","daily",NA,NA,NA
"2005-04-11",96.396,FALSE,NA,NA,"<= day","daily",NA,NA,NA
"2005-04-12",116.663,FALSE,NA,NA,"<= day","daily",NA,NA,NA
"2005-04-13",121.456,FALSE,NA,NA,"<= day","daily",NA,NA,NA
"2005-04-14",117.234,FALSE,NA,NA,"<= day","daily",NA,NA,NA
"2005-04-15",124.428,FALSE,NA,NA,"<= day","daily",NA,NA,NA
"2005-04-16",120.725,FALSE,NA,NA,"<= day","daily",NA,NA,NA
"2005-04-17",113.513,FALSE,NA,NA,"<= day","daily",NA,NA,NA
"2005-04-18",109.93,FALSE,NA,NA,"<= day","daily",NA,NA,NA
"2005-04-19",116.437,FALSE,NA,NA,"<= day","daily",NA,NA,NA
"2005-04-20",113.876,FALSE,NA,NA,"<= day","daily",NA,NA,NA
"2005-04-21",110.86,FALSE,NA,NA,"<= day","daily",NA,NA,NA
"2005-04-22",113.847,FALSE,NA,NA,"<= day","daily",NA,NA,NA
"2005-04-23",114.655,FALSE,NA,NA,"<= day","daily",NA,NA,NA
"2005-04-24",115.177,FALSE,NA,NA,"<= day","daily",NA,NA,NA
"2005-04-25",114.086,FALSE,NA,NA,"<= day","daily",NA,NA,NA
"2005-04-26",116.659,FALSE,NA,NA,"<= day","daily",NA,NA,NA
"2005-04-27",119.471,FALSE,NA,NA,"<= day","daily",NA,NA,NA
"2005-04-28",130.11,FALSE,NA,NA,"<= day","daily",NA,NA,NA
"2005-04-29",154.476,FALSE,NA,NA,"<= day","daily",NA,NA,NA
"2005-04-30",169.398,FALSE,NA,NA,"<= day","daily",NA,NA,NA
"2005-05-01",175.552,FALSE,NA,NA,"<= day","daily",NA,NA,NA
"2005-05-02",176.428,FALSE,NA,NA,"<= day","daily",NA,NA,NA
"2005-05-03",182.579,FALSE,NA,NA,"<= day","daily",NA,NA,NA
"2005-05-04",178.746,FALSE,NA,NA,"<= day","daily",NA,NA,NA
"2005-05-05",161.601,FALSE,NA,NA,"<= day","daily",NA,NA,NA
"2005-05-06",138.077,FALSE,NA,NA,"<= day","daily",NA,NA,NA
"2005-05-07",126.688,FALSE,NA,NA,"<= day","daily",NA,NA,NA
"2005-05-08",125.732,FALSE,NA,NA,"<= day","daily",NA,NA,NA
"2005-05-09",122.747,FALSE,NA,NA,"<= day","daily",NA,NA,NA
"2005-05-10",120.771,FALSE,NA,NA,"<= day","daily",NA,NA,NA
"2005-05-11",119.233,FALSE,NA,NA,"<= day","daily",NA,NA,NA
"2005-05-12",122.332,FALSE,NA,NA,"<= day","daily",NA,NA,NA
"2005-05-13",134.417,FALSE,NA,NA,"<= day","daily",NA,NA,NA
"2005-05-14",143.904,FALSE,NA,NA,"<= day","daily",NA,NA,NA
"2005-05-15",142.803,FALSE,NA,NA,"<= day","daily",NA,NA,NA
"2005-05-16",150.072,FALSE,NA,NA,"<= day","daily",NA,NA,NA
"2005-05-17",127.165,FALSE,NA,NA,"<= day","daily",NA,NA,NA
"2005-05-18",128.348,FALSE,NA,NA,"<= day","daily",NA,NA,NA
"2005-05-19",132.057,FALSE,NA,NA,"<= day","daily",NA,NA,NA
"2005-05-20",158.494,FALSE,NA,NA,"<= day","daily",NA,NA,NA
"2005-05-21",173.547,FALSE,NA,NA,"<= day","daily",NA,NA,NA
"2005-05-22",177.319,FALSE,NA,NA,"<= day","daily",NA,NA,NA
"2005-05-23",180.246,FALSE,NA,NA,"<= day","daily",NA,NA,NA
"2005-05-24",164.766,FALSE,NA,NA,"<= day","daily",NA,NA,NA
"2005-05-25",170.07,FALSE,NA,NA,"<= day","daily",NA,NA,NA
"2005-05-26",183.944,FALSE,NA,NA,"<= day","daily",NA,NA,NA
"2005-05-27",187.655,FALSE,NA,NA,"<= day","daily",NA,NA,NA
"2005-05-28",186.814,FALSE,NA,NA,"<= day","daily",NA,NA,NA
"2005-05-29",185.803,FALSE,NA,NA,"<= day","daily",NA,NA,NA
"2005-05-30",180.266,FALSE,NA,NA,"<= day","daily",NA,NA,NA
"2005-05-31",179.844,FALSE,NA,NA,"<= day","daily",NA,NA,NA
"2005-06-01",176.933,FALSE,NA,NA,"<= day","daily",NA,NA,NA
"2005-06-02",173.885,FALSE,NA,NA,"<= day","daily",NA,NA,NA
"2005-06-03",176.649,FALSE,NA,NA,"<= day","daily",NA,NA,NA
"2005-06-04",186.921,FALSE,NA,NA,"<= day","daily",NA,NA,NA
"2005-06-05",176.116,FALSE,NA,NA,"<= day","daily",NA,NA,NA
"2005-06-06",172.66,FALSE,NA,NA,"<= day","daily",NA,NA,NA
"2005-06-07",176.367,FALSE,NA,NA,"<= day","daily",NA,NA,NA
"2005-06-08",168.588,FALSE,NA,NA,"<= day","daily",NA,NA,NA
"2005-06-09",160.72,FALSE,NA,NA,"<= day","daily",NA,NA,NA
"2005-06-10",154.535,FALSE,NA,NA,"<= day","daily",NA,NA,NA
"2005-06-11",163.873,FALSE,NA,NA,"<= day","daily",NA,NA,NA
"2005-06-12",168.443,FALSE,NA,NA,"<= day","daily",NA,NA,NA
"2005-06-13",175.122,FALSE,NA,NA,"<= day","daily",NA,NA,NA
"2005-06-14",181.048,FALSE,NA,NA,"<= day","daily",NA,NA,NA
"2005-06-15",178.847,FALSE,NA,NA,"<= day","daily",NA,NA,NA
"2005-06-16",176.089,FALSE,NA,NA,"<= day","daily",NA,NA,NA
"2005-06-17",174.886,FALSE,NA,NA,"<= day","daily",NA,NA,NA
"2005-06-18",176.73,FALSE,NA,NA,"<= day","daily",NA,NA,NA
"2005-06-19",175.855,FALSE,NA,NA,"<= day","daily",NA,NA,NA
"2005-06-20",175.105,FALSE,NA,NA,"<= day","daily",NA,NA,NA
"2005-06-21",173.059,FALSE,NA,NA,"<= day","daily",NA,NA,NA
"2005-06-22",170.503,FALSE,NA,NA,"<= day","daily",NA,NA,NA
"2005-06-23",169.331,FALSE,NA,NA,"<= day","daily",NA,NA,NA
"2005-06-24",0,TRUE,"outlier","manual","<= day","daily",NA,NA,NA
"2005-06-25",0,TRUE,"outlier","manual","<= day","daily",NA,NA,NA
"2005-06-26",0,TRUE,"outlier","manual","<= day","daily",NA,NA,NA
"2005-06-27",0,TRUE,"outlier","manual","<= day","daily",NA,NA,NA
"2005-06-28",0,TRUE,"outlier","manual","<= day","daily",NA,NA,NA
"2005-06-29",0,TRUE,"outlier","manual","<= day","daily",NA,NA,NA
"2005-06-30",0,TRUE,"outlier","manual","<= day","daily",NA,NA,NA
"2005-07-01",0,TRUE,"outlier","manual","<= day","daily",NA,NA,NA
"2005-07-02",0,TRUE,"outlier","manual","<= day","daily",NA,NA,NA
"2005-07-03",0,TRUE,"outlier","manual","<= day","daily",NA,NA,NA
"2005-07-04",0,TRUE,"outlier","manual","<= day","daily",NA,NA,NA
"2005-07-05",0,TRUE,"outlier","manual","<= day","daily",NA,NA,NA
"2005-07-06",0,TRUE,"outlier","manual","<= day","daily",NA,NA,NA
"2005-07-07",137.899,FALSE,NA,NA,"<= day","daily",NA,NA,NA
"2005-07-08",123.185,FALSE,NA,NA,"<= day","daily",NA,NA,NA
"2005-07-09",122.87,FALSE,NA,NA,"<= day","daily",NA,NA,NA
"2005-07-10",127.641,FALSE,NA,NA,"<= day","daily",NA,NA,NA
"2005-07-11",122.344,FALSE,NA,NA,"<= day","daily",NA,NA,NA
"2005-07-12",126.537,FALSE,NA,NA,"<= day","daily",NA,NA,NA
"2005-07-13",129.081,FALSE,NA,NA,"<= day","daily",NA,NA,NA
"2005-07-14",133.039,FALSE,NA,NA,"<= day","daily",NA,NA,NA
"2005-07-15",136.034,FALSE,NA,NA,"<= day","daily",NA,NA,NA
"2005-07-16",137.088,FALSE,NA,NA,"<= day","daily",NA,NA,NA
"2005-07-17",133.661,FALSE,NA,NA,"<= day","daily",NA,NA,NA
"2005-07-18",137.481,FALSE,NA,NA,"<= day","daily",NA,NA,NA
"2005-07-19",174.396,FALSE,NA,NA,"<= day","daily",NA,NA,NA
"2005-07-20",133.29,FALSE,NA,NA,"<= day","daily",NA,NA,NA
"2005-07-21",127.859,FALSE,NA,NA,"<= day","daily",NA,NA,NA
"2005-07-22",122.829,FALSE,NA,NA,"<= day","daily",NA,NA,NA
"2005-07-23",117.671,FALSE,NA,NA,"<= day","daily",NA,NA,NA
"2005-07-24",115.768,FALSE,NA,NA,"<= day","daily",NA,NA,NA
"2005-07-25",150.805,FALSE,NA,NA,"<= day","daily",NA,NA,NA
"2005-07-26",156.034,FALSE,NA,NA,"<= day","daily",NA,NA,NA
"2005-07-27",136.075,FALSE,NA,NA,"<= day","daily",NA,NA,NA
"2005-07-28",133.611,FALSE,NA,NA,"<= day","daily",NA,NA,NA
"2005-07-29",133.691,FALSE,NA,NA,"<= day","daily",NA,NA,NA
"2005-07-30",130.05,FALSE,NA,NA,"<= day","daily",NA,NA,NA
"2005-07-31",117.77,FALSE,NA,NA,"<= day","daily",NA,NA,NA
"2005-08-01",122.226,FALSE,NA,NA,"<= day","daily",NA,NA,NA
"2005-08-02",152.243,FALSE,NA,NA,"<= day","daily",NA,NA,NA
"2005-08-03",172.46,FALSE,NA,NA,"<= day","daily",NA,NA,NA
"2005-08-04",136.637,FALSE,NA,NA,"<= day","daily",NA,NA,NA
"2005-08-05",126.01,FALSE,NA,NA,"<= day","daily",NA,NA,NA
"2005-08-06",142.201,FALSE,NA,NA,"<= day","daily",NA,NA,NA
"2005-08-07",144.577,FALSE,NA,NA,"<= day","daily",NA,NA,NA
"2005-08-08",122.133,FALSE,NA,NA,"<= day","daily",NA,NA,NA
"2005-08-09",112.717,FALSE,NA,NA,"<= day","daily",NA,NA,NA
"2005-08-10",123.03,FALSE,NA,NA,"<= day","daily",NA,NA,NA
"2005-08-11",160.75,FALSE,NA,NA,"<= day","daily",NA,NA,NA
"2005-08-12",141.901,FALSE,NA,NA,"<= day","daily",NA,NA,NA
"2005-08-13",123.23,FALSE,NA,NA,"<= day","daily",NA,NA,NA
"2005-08-14",128.446,FALSE,NA,NA,"<= day","daily",NA,NA,NA
"2005-08-15",172.138,FALSE,NA,NA,"<= day","daily",NA,NA,NA
"2005-08-16",158.826,FALSE,NA,NA,"<= day","daily",NA,NA,NA
"2005-08-17",124.285,FALSE,NA,NA,"<= day","daily",NA,NA,NA
"2005-08-18",120.074,FALSE,NA,NA,"<= day","daily",NA,NA,NA
"2005-08-19",120.143,FALSE,NA,NA,"<= day","daily",NA,NA,NA
"2005-08-20",127.458,FALSE,NA,NA,"<= day","daily",NA,NA,NA
"2005-08-21",136.264,FALSE,NA,NA,"<= day","daily",NA,NA,NA
"2005-08-22",199.141,FALSE,NA,NA,"<= day","daily",NA,NA,NA
"2005-08-23",174.806,FALSE,NA,NA,"<= day","daily",NA,NA,NA
"2005-08-24",147.645,FALSE,NA,NA,"<= day","daily",NA,NA,NA
"2005-08-25",133.759,FALSE,NA,NA,"<= day","daily",NA,NA,NA
"2005-08-26",149.107,FALSE,NA,NA,"<= day","daily",NA,NA,NA
"2005-08-27",120.68,FALSE,NA,NA,"<= day","daily",NA,NA,NA
"2005-08-28",128.909,FALSE,NA,NA,"<= day","daily",NA,NA,NA
"2005-08-29",127.19,FALSE,NA,NA,"<= day","daily",NA,NA,NA
"2005-08-30",129.812,FALSE,NA,NA,"<= day","daily",NA,NA,NA
"2005-08-31",123.4,FALSE,NA,NA,"<= day","daily",NA,NA,NA
"2005-09-01",125.451,FALSE,NA,NA,"<= day","daily",NA,NA,NA
"2005-09-02",120.722,FALSE,NA,NA,"<= day","daily",NA,NA,NA
"2005-09-03",115.529,FALSE,NA,NA,"<= day","daily",NA,NA,NA
"2005-09-04",122.481,FALSE,NA,NA,"<= day","daily",NA,NA,NA
"2005-09-05",119.173,FALSE,NA,NA,"<= day","daily",NA,NA,NA
"2005-09-06",117.618,FALSE,NA,NA,"<= day","daily",NA,NA,NA
"2005-09-07",114.256,FALSE,NA,NA,"<= day","daily",NA,NA,NA
"2005-09-08",117.521,FALSE,NA,NA,"<= day","daily",NA,NA,NA
"2005-09-09",114.359,FALSE,NA,NA,"<= day","daily",NA,NA,NA
"2005-09-10",111.259,FALSE,NA,NA,"<= day","daily",NA,NA,NA
"2005-09-11",131.008,FALSE,NA,NA,"<= day","daily",NA,NA,NA
"2005-09-12",175.317,FALSE,NA,NA,"<= day","daily",NA,NA,NA
"2005-09-13",116.671,FALSE,NA,NA,"<= day","daily",NA,NA,NA
"2005-09-14",114.378,FALSE,NA,NA,"<= day","daily",NA,NA,NA
"2005-09-15",113.38,FALSE,NA,NA,"<= day","daily",NA,NA,NA
"2005-09-16",114.015,FALSE,NA,NA,"<= day","daily",NA,NA,NA
"2005-09-17",121.777,FALSE,NA,NA,"<= day","daily",NA,NA,NA
"2005-09-18",109.907,FALSE,NA,NA,"<= day","daily",NA,NA,NA
"2005-09-19",103.567,FALSE,NA,NA,"<= day","daily",NA,NA,NA
"2005-09-20",105.245,FALSE,NA,NA,"<= day","daily",NA,NA,NA
"2005-09-21",107.604,FALSE,NA,NA,"<= day","daily",NA,NA,NA
"2005-09-22",106.626,FALSE,NA,NA,"<= day","daily",NA,NA,NA
"2005-09-23",107.753,FALSE,NA,NA,"<= day","daily",NA,NA,NA
"2005-09-24",109.284,FALSE,NA,NA,"<= day","daily",NA,NA,NA
"2005-09-25",0,TRUE,"outlier","manual","<= day","daily",NA,NA,NA
"2005-09-26",0,TRUE,"outlier","manual","<= day","daily",NA,NA,NA
"2005-09-27",103.113,FALSE,NA,NA,"<= day","daily",NA,NA,NA
"2005-09-28",104.317,FALSE,NA,NA,"<= day","daily",NA,NA,NA
"2005-09-29",108.447,FALSE,NA,NA,"<= day","daily",NA,NA,NA
"2005-09-30",108.777,FALSE,NA,NA,"<= day","daily",NA,NA,NA
"2005-10-01",115.455,FALSE,NA,NA,"<= day","daily",NA,NA,NA
"2005-10-02",153.143,FALSE,NA,NA,"<= day","daily",NA,NA,NA
"2005-10-03",120.561,FALSE,NA,NA,"<= day","daily",NA,NA,NA
"2005-10-04",119.171,FALSE,NA,NA,"<= day","daily",NA,NA,NA
"2005-10-05",116.868,FALSE,NA,NA,"<= day","daily",NA,NA,NA
"2005-10-06",111.655,FALSE,NA,NA,"<= day","daily",NA,NA,NA
"2005-10-07",109.15,FALSE,NA,NA,"<= day","daily",NA,NA,NA
"2005-10-08",106.178,FALSE,NA,NA,"<= day","daily",NA,NA,NA
"2005-10-09",104.126,FALSE,NA,NA,"<= day","daily",NA,NA,NA
"2005-10-10",102.616,FALSE,NA,NA,"<= day","daily",NA,NA,NA
"2005-10-11",101.292,FALSE,NA,NA,"<= day","daily",NA,NA,NA
"2005-10-12",97.851,FALSE,NA,NA,"<= day","daily",NA,NA,NA
"2005-10-13",93.914,FALSE,NA,NA,"<= day","daily",NA,NA,NA
"2005-10-14",89.994,FALSE,NA,NA,"<= day","daily",NA,NA,NA
"2005-10-15",85.559,FALSE,NA,NA,"<= day","daily",NA,NA,NA
"2005-10-16",83.058,FALSE,NA,NA,"<= day","daily",NA,NA,NA
"2005-10-17",82.074,FALSE,NA,NA,"<= day","daily",NA,NA,NA
"2005-10-18",82.005,FALSE,NA,NA,"<= day","daily",NA,NA,NA
"2005-10-19",91.042,FALSE,NA,NA,"<= day","daily",NA,NA,NA
"2005-10-20",107.109,FALSE,NA,NA,"<= day","daily",NA,NA,NA
"2005-10-21",100.407,FALSE,NA,NA,"<= day","daily",NA,NA,NA
"2005-10-22",99.943,FALSE,NA,NA,"<= day","daily",NA,NA,NA
"2005-10-23",146.732,FALSE,NA,NA,"<= day","daily",NA,NA,NA
"2005-10-24",124.611,FALSE,NA,NA,"<= day","daily",NA,NA,NA
"2005-10-25",115.939,FALSE,NA,NA,"<= day","daily",NA,NA,NA
"2005-10-26",109.127,FALSE,NA,NA,"<= day","daily",NA,NA,NA
"2005-10-27",107.891,FALSE,NA,NA,"<= day","daily",NA,NA,NA
"2005-10-28",106.415,FALSE,NA,NA,"<= day","daily",NA,NA,NA
"2005-10-29",100.946,FALSE,NA,NA,"<= day","daily",NA,NA,NA
"2005-10-30",95.789,FALSE,NA,NA,"<= day","daily",NA,NA,NA
"2005-10-31",93.232,FALSE,NA,NA,"<= day","daily",NA,NA,NA
"2005-11-01",104.326,FALSE,NA,NA,"<= day","daily",NA,NA,NA
"2005-11-02",101.099,FALSE,NA,NA,"<= day","daily",NA,NA,NA
"2005-11-03",103.597,FALSE,NA,NA,"<= day","daily",NA,NA,NA
"2005-11-04",107.107,FALSE,NA,NA,"<= day","daily",NA,NA,NA
"2005-11-05",110.98,FALSE,NA,NA,"<= day","daily",NA,NA,NA
"2005-11-06",109.598,FALSE,NA,NA,"<= day","daily",NA,NA,NA
"2005-11-07",103.802,FALSE,NA,NA,"<= day","daily",NA,NA,NA
"2005-11-08",93.907,FALSE,NA,NA,"<= day","daily",NA,NA,NA
"2005-11-09",86.102,FALSE,NA,NA,"<= day","daily",NA,NA,NA
"2005-11-10",79.573,FALSE,NA,NA,"<= day","daily",NA,NA,NA
"2005-11-11",73.532,FALSE,NA,NA,"<= day","daily",NA,NA,NA
"2005-11-12",69.465,FALSE,NA,NA,"<= day","daily",NA,NA,NA
"2005-11-13",66.369,FALSE,NA,NA,"<= day","daily",NA,NA,NA
"2005-11-14",63.722,FALSE,NA,NA,"<= day","daily",NA,NA,NA
"2005-11-15",60.633,FALSE,NA,NA,"<= day","daily",NA,NA,NA
"2005-11-16",59.663,FALSE,NA,NA,"<= day","daily",NA,NA,NA
"2005-11-17",57.639,FALSE,NA,NA,"<= day","daily",NA,NA,NA
"2005-11-18",52.611,FALSE,NA,NA,"<= day","daily",NA,NA,NA
"2005-11-19",48.276,FALSE,NA,NA,"<= day","daily",NA,NA,NA
"2005-11-20",46.311,FALSE,NA,NA,"<= day","daily",NA,NA,NA
"2005-11-21",45.789,FALSE,NA,NA,"<= day","daily",NA,NA,NA
"2005-11-22",43.12,FALSE,NA,NA,"<= day","daily",NA,NA,NA
"2005-11-23",40.688,FALSE,NA,NA,"<= day","daily",NA,NA,NA
"2005-11-24",37.72,FALSE,NA,NA,"<= day","daily",NA,NA,NA
"2005-11-25",38.823,FALSE,NA,NA,"<= day","daily",NA,NA,NA
"2005-11-26",40.757,FALSE,NA,NA,"<= day","daily",NA,NA,NA
"2005-11-27",39.869,FALSE,NA,NA,"<= day","daily",NA,NA,NA
"2005-11-28",39.377,FALSE,NA,NA,"<= day","daily",NA,NA,NA
"2005-11-29",38.725,FALSE,NA,NA,"<= day","daily",NA,NA,NA
"2005-11-30",38.601,FALSE,NA,NA,"<= day","daily",NA,NA,NA
"2005-12-01",38.39,FALSE,NA,NA,"<= day","daily",NA,NA,NA
"2005-12-02",37.983,FALSE,NA,NA,"<= day","daily",NA,NA,NA
"2005-12-03",38.202,FALSE,NA,NA,"<= day","daily",NA,NA,NA
"2005-12-04",38.362,FALSE,NA,NA,"<= day","daily",NA,NA,NA
"2005-12-05",39.504,FALSE,NA,NA,"<= day","daily",NA,NA,NA
"2005-12-06",39.993,FALSE,NA,NA,"<= day","daily",NA,NA,NA
"2005-12-07",39.719,FALSE,NA,NA,"<= day","daily",NA,NA,NA
"2005-12-08",39.359,FALSE,NA,NA,"<= day","daily",NA,NA,NA
"2005-12-09",39.881,FALSE,NA,NA,"<= day","daily",NA,NA,NA
"2005-12-10",40.046,FALSE,NA,NA,"<= day","daily",NA,NA,NA
"2005-12-11",41.055,FALSE,NA,NA,"<= day","daily",NA,NA,NA
"2005-12-12",42.613,FALSE,NA,NA,"<= day","daily",NA,NA,NA
"2005-12-13",43.553,FALSE,NA,NA,"<= day","daily",NA,NA,NA
"2005-12-14",43.806,FALSE,NA,NA,"<= day","daily",NA,NA,NA
"2005-12-15",43.776,FALSE,NA,NA,"<= day","daily",NA,NA,NA
"2005-12-16",42.388,FALSE,NA,NA,"<= day","daily",NA,NA,NA
"2005-12-17",40.779,FALSE,NA,NA,"<= day","daily",NA,NA,NA
"2005-12-18",39.628,FALSE,NA,NA,"<= day","daily",NA,NA,NA
"2005-12-19",38.899,FALSE,NA,NA,"<= day","daily",NA,NA,NA
"2005-12-20",38.721,FALSE,NA,NA,"<= day","daily",NA,NA,NA
"2005-12-21",38.67,FALSE,NA,NA,"<= day","daily",NA,NA,NA
"2005-12-22",39.335,FALSE,NA,NA,"<= day","daily",NA,NA,NA
"2005-12-23",39.752,FALSE,NA,NA,"<= day","daily",NA,NA,NA
"2005-12-24",42.264,FALSE,NA,NA,"<= day","daily",NA,NA,NA
"2005-12-25",46.506,FALSE,NA,NA,"<= day","daily",NA,NA,NA
"2005-12-26",42.41,FALSE,NA,NA,"<= day","daily",NA,NA,NA
"2005-12-27",40.166,FALSE,NA,NA,"<= day","daily",NA,NA,NA
"2005-12-28",37.292,FALSE,NA,NA,"<= day","daily",NA,NA,NA
"2005-12-29",34.53,FALSE,NA,NA,"<= day","daily",NA,NA,NA
"2005-12-30",32.748,FALSE,NA,NA,"<= day","daily",NA,NA,NA
"2005-12-31",33.32,FALSE,NA,NA,"<= day","daily",NA,NA,NA
"2006-01-01",33.396,FALSE,NA,NA,"<= day","daily",NA,NA,NA
"2006-01-02",32.433,FALSE,NA,NA,"<= day","daily",NA,NA,NA
"2006-01-03",31.929,FALSE,NA,NA,"<= day","daily",NA,NA,NA
"2006-01-04",31.86,FALSE,NA,NA,"<= day","daily",NA,NA,NA
"2006-01-05",32.04,FALSE,NA,NA,"<= day","daily",NA,NA,NA
"2006-01-06",32.05,FALSE,NA,NA,"<= day","daily",NA,NA,NA
"2006-01-07",31.926,FALSE,NA,NA,"<= day","daily",NA,NA,NA
"2006-01-08",31.835,FALSE,NA,NA,"<= day","daily",NA,NA,NA
"2006-01-09",31.876,FALSE,NA,NA,"<= day","daily",NA,NA,NA
"2006-01-10",32.131,FALSE,NA,NA,"<= day","daily",NA,NA,NA
"2006-01-11",32.357,FALSE,NA,NA,"<= day","daily",NA,NA,NA
"2006-01-12",32.303,FALSE,NA,NA,"<= day","daily",NA,NA,NA
"2006-01-13",31.909,FALSE,NA,NA,"<= day","daily",NA,NA,NA
"2006-01-14",32.25,FALSE,NA,NA,"<= day","daily",NA,NA,NA
"2006-01-15",32.567,FALSE,NA,NA,"<= day","daily",NA,NA,NA
"2006-01-16",32.159,FALSE,NA,NA,"<= day","daily",NA,NA,NA
"2006-01-17",31.645,FALSE,NA,NA,"<= day","daily",NA,NA,NA
"2006-01-18",31.467,FALSE,NA,NA,"<= day","daily",NA,NA,NA
"2006-01-19",31.475,FALSE,NA,NA,"<= day","daily",NA,NA,NA
"2006-01-20",35.055,FALSE,NA,NA,"<= day","daily",NA,NA,NA
"2006-01-21",39.981,FALSE,NA,NA,"<= day","daily",NA,NA,NA
"2006-01-22",37.94,FALSE,NA,NA,"<= day","daily",NA,NA,NA
"2006-01-23",36.88,FALSE,NA,NA,"<= day","daily",NA,NA,NA
"2006-01-24",37.913,FALSE,NA,NA,"<= day","daily",NA,NA,NA
"2006-01-25",38.469,FALSE,NA,NA,"<= day","daily",NA,NA,NA
"2006-01-26",36.337,FALSE,NA,NA,"<= day","daily",NA,NA,NA
"2006-01-27",33.727,FALSE,NA,NA,"<= day","daily",NA,NA,NA
"2006-01-28",32.227,FALSE,NA,NA,"<= day","daily",NA,NA,NA
"2006-01-29",31.618,FALSE,NA,NA,"<= day","daily",NA,NA,NA
"2006-01-30",35.493,FALSE,NA,NA,"<= day","daily",NA,NA,NA
"2006-01-31",55.274,FALSE,NA,NA,"<= day","daily",NA,NA,NA
"2006-02-01",67.545,FALSE,NA,NA,"<= day","daily",NA,NA,NA
"2006-02-02",66.477,FALSE,NA,NA,"<= day","daily",NA,NA,NA
"2006-02-03",62.473,FALSE,NA,NA,"<= day","daily",NA,NA,NA
"2006-02-04",59.904,FALSE,NA,NA,"<= day","daily",NA,NA,NA
"2006-02-05",57.576,FALSE,NA,NA,"<= day","daily",NA,NA,NA
"2006-02-06",54.111,FALSE,NA,NA,"<= day","daily",NA,NA,NA
"2006-02-07",53.318,FALSE,NA,NA,"<= day","daily",NA,NA,NA
"2006-02-08",51.683,FALSE,NA,NA,"<= day","daily",NA,NA,NA
"2006-02-09",44.702,FALSE,NA,NA,"<= day","daily",NA,NA,NA
"2006-02-10",40.463,FALSE,NA,NA,"<= day","daily",NA,NA,NA
"2006-02-11",37.984,FALSE,NA,NA,"<= day","daily",NA,NA,NA
"2006-02-12",36.733,FALSE,NA,NA,"<= day","daily",NA,NA,NA
"2006-02-13",36.096,FALSE,NA,NA,"<= day","daily",NA,NA,NA
"2006-02-14",39.116,FALSE,NA,NA,"<= day","daily",NA,NA,NA
"2006-02-15",41.096,FALSE,NA,NA,"<= day","daily",NA,NA,NA
"2006-02-16",38.01,FALSE,NA,NA,"<= day","daily",NA,NA,NA
"2006-02-17",36.588,FALSE,NA,NA,"<= day","daily",NA,NA,NA
"2006-02-18",35.105,FALSE,NA,NA,"<= day","daily",NA,NA,NA
"2006-02-19",34.434,FALSE,NA,NA,"<= day","daily",NA,NA,NA
"2006-02-20",34.362,FALSE,NA,NA,"<= day","daily",NA,NA,NA
"2006-02-21",33.973,FALSE,NA,NA,"<= day","daily",NA,NA,NA
"2006-02-22",33.907,FALSE,NA,NA,"<= day","daily",NA,NA,NA
"2006-02-23",35.149,FALSE,NA,NA,"<= day","daily",NA,NA,NA
"2006-02-24",35.59,FALSE,NA,NA,"<= day","daily",NA,NA,NA
"2006-02-25",35.017,FALSE,NA,NA,"<= day","daily",NA,NA,NA
"2006-02-26",36.007,FALSE,NA,NA,"<= day","daily",NA,NA,NA
"2006-02-27",35.439,FALSE,NA,NA,"<= day","daily",NA,NA,NA
"2006-02-28",34.726,FALSE,NA,NA,"<= day","daily",NA,NA,NA
"2006-03-01",33.776,FALSE,NA,NA,"<= day","daily",NA,NA,NA
"2006-03-02",32.745,FALSE,NA,NA,"<= day","daily",NA,NA,NA
"2006-03-03",32.554,FALSE,NA,NA,"<= day","daily",NA,NA,NA
"2006-03-04",32.531,FALSE,NA,NA,"<= day","daily",NA,NA,NA
"2006-03-05",32.534,FALSE,NA,NA,"<= day","daily",NA,NA,NA
"2006-03-06",31.913,FALSE,NA,NA,"<= day","daily",NA,NA,NA
"2006-03-07",31.385,FALSE,NA,NA,"<= day","daily",NA,NA,NA
"2006-03-08",31.239,FALSE,NA,NA,"<= day","daily",NA,NA,NA
"2006-03-09",35.124,FALSE,NA,NA,"<= day","daily",NA,NA,NA
"2006-03-10",34.295,FALSE,NA,NA,"<= day","daily",NA,NA,NA
"2006-03-11",32.239,FALSE,NA,NA,"<= day","daily",NA,NA,NA
"2006-03-12",31.296,FALSE,NA,NA,"<= day","daily",NA,NA,NA
"2006-03-13",30.865,FALSE,NA,NA,"<= day","daily",NA,NA,NA
"2006-03-14",31.613,FALSE,NA,NA,"<= day","daily",NA,NA,NA
"2006-03-15",34.488,FALSE,NA,NA,"<= day","daily",NA,NA,NA
"2006-03-16",38.055,FALSE,NA,NA,"<= day","daily",NA,NA,NA
"2006-03-17",40.432,FALSE,NA,NA,"<= day","daily",NA,NA,NA
"2006-03-18",44.797,FALSE,NA,NA,"<= day","daily",NA,NA,NA
"2006-03-19",51.835,FALSE,NA,NA,"<= day","daily",NA,NA,NA
"2006-03-20",56.694,FALSE,NA,NA,"<= day","daily",NA,NA,NA
"2006-03-21",55.948,FALSE,NA,NA,"<= day","daily",NA,NA,NA
"2006-03-22",50.996,FALSE,NA,NA,"<= day","daily",NA,NA,NA
"2006-03-23",58.25,FALSE,NA,NA,"<= day","daily",NA,NA,NA
"2006-03-24",63.048,FALSE,NA,NA,"<= day","daily",NA,NA,NA
"2006-03-25",62.221,FALSE,NA,NA,"<= day","daily",NA,NA,NA
"2006-03-26",102.697,FALSE,NA,NA,"<= day","daily",NA,NA,NA
"2006-03-27",124.797,FALSE,NA,NA,"<= day","daily",NA,NA,NA
"2006-03-28",124.863,FALSE,NA,NA,"<= day","daily",NA,NA,NA
"2006-03-29",111.109,FALSE,NA,NA,"<= day","daily",NA,NA,NA
"2006-03-30",92.011,FALSE,NA,NA,"<= day","daily",NA,NA,NA
"2006-03-31",141.496,FALSE,NA,NA,"<= day","daily",NA,NA,NA
"2006-04-01",123.896,FALSE,NA,NA,"<= day","daily",NA,NA,NA
"2006-04-02",118.735,FALSE,NA,NA,"<= day","daily",NA,NA,NA
"2006-04-03",117.856,FALSE,NA,NA,"<= day","daily",NA,NA,NA
"2006-04-04",109.994,FALSE,NA,NA,"<= day","daily",NA,NA,NA
"2006-04-05",107.325,FALSE,NA,NA,"<= day","daily",NA,NA,NA
"2006-04-06",85.845,FALSE,NA,NA,"<= day","daily",NA,NA,NA
"2006-04-07",80.39,FALSE,NA,NA,"<= day","daily",NA,NA,NA
"2006-04-08",99.041,FALSE,NA,NA,"<= day","daily",NA,NA,NA
"2006-04-09",113.757,FALSE,NA,NA,"<= day","daily",NA,NA,NA
"2006-04-10",113.072,FALSE,NA,NA,"<= day","daily",NA,NA,NA
"2006-04-11",89.853,FALSE,NA,NA,"<= day","daily",NA,NA,NA
"2006-04-12",75.592,FALSE,NA,NA,"<= day","daily",NA,NA,NA
"2006-04-13",68.646,FALSE,NA,NA,"<= day","daily",NA,NA,NA
"2006-04-14",83.42,FALSE,NA,NA,"<= day","daily",NA,NA,NA
"2006-04-15",115.877,FALSE,NA,NA,"<= day","daily",NA,NA,NA
"2006-04-16",122.065,FALSE,NA,NA,"<= day","daily",NA,NA,NA
"2006-04-17",119.033,FALSE,NA,NA,"<= day","daily",NA,NA,NA
"2006-04-18",120.642,FALSE,NA,NA,"<= day","daily",NA,NA,NA
"2006-04-19",123.445,FALSE,NA,NA,"<= day","daily",NA,NA,NA
"2006-04-20",130.616,FALSE,NA,NA,"<= day","daily",NA,NA,NA
"2006-04-21",137.974,FALSE,NA,NA,"<= day","daily",NA,NA,NA
"2006-04-22",140.755,FALSE,NA,NA,"<= day","daily",NA,NA,NA
"2006-04-23",147.871,FALSE,NA,NA,"<= day","daily",NA,NA,NA
"2006-04-24",153.11,FALSE,NA,NA,"<= day","daily",NA,NA,NA
"2006-04-25",178.896,FALSE,NA,NA,"<= day","daily",NA,NA,NA
"2006-04-26",149.758,FALSE,NA,NA,"<= day","daily",NA,NA,NA
"2006-04-27",149.097,FALSE,NA,NA,"<= day","daily",NA,NA,NA
"2006-04-28",154.543,FALSE,NA,NA,"<= day","daily",NA,NA,NA
"2006-04-29",153.515,FALSE,NA,NA,"<= day","daily",NA,NA,NA
"2006-04-30",144.27,FALSE,NA,NA,"<= day","daily",NA,NA,NA
"2006-05-01",138.302,FALSE,NA,NA,"<= day","daily",NA,NA,NA
"2006-05-02",142.832,FALSE,NA,NA,"<= day","daily",NA,NA,NA
"2006-05-03",161.301,FALSE,NA,NA,"<= day","daily",NA,NA,NA
"2006-05-04",181.601,FALSE,NA,NA,"<= day","daily",NA,NA,NA
"2006-05-05",184.41,FALSE,NA,NA,"<= day","daily",NA,NA,NA
"2006-05-06",187.894,FALSE,NA,NA,"<= day","daily",NA,NA,NA
"2006-05-07",185.249,FALSE,NA,NA,"<= day","daily",NA,NA,NA
"2006-05-08",181.091,FALSE,NA,NA,"<= day","daily",NA,NA,NA
"2006-05-09",168.481,FALSE,NA,NA,"<= day","daily",NA,NA,NA
"2006-05-10",140.496,FALSE,NA,NA,"<= day","daily",NA,NA,NA
"2006-05-11",139.77,FALSE,NA,NA,"<= day","daily",NA,NA,NA
"2006-05-12",148.56,FALSE,NA,NA,"<= day","daily",NA,NA,NA
"2006-05-13",178.713,FALSE,NA,NA,"<= day","daily",NA,NA,NA
"2006-05-14",190.151,FALSE,NA,NA,"<= day","daily",NA,NA,NA
"2006-05-15",181.998,FALSE,NA,NA,"<= day","daily",NA,NA,NA
"2006-05-16",188.695,FALSE,NA,NA,"<= day","daily",NA,NA,NA
"2006-05-17",198.667,FALSE,NA,NA,"<= day","daily",NA,NA,NA
"2006-05-18",198.359,FALSE,NA,NA,"<= day","daily",NA,NA,NA
"2006-05-19",200,TRUE,"artefact","manual","<= day","daily",NA,NA,NA
"2006-05-20",192.797,FALSE,NA,NA,"<= day","daily",NA,NA,NA
"2006-05-21",183.413,FALSE,NA,NA,"<= day","daily",NA,NA,NA
"2006-05-22",181.486,FALSE,NA,NA,"<= day","daily",NA,NA,NA
"2006-05-23",187.048,FALSE,NA,NA,"<= day","daily",NA,NA,NA
"2006-05-24",180.712,FALSE,NA,NA,"<= day","daily",NA,NA,NA
"2006-05-25",178.591,FALSE,NA,NA,"<= day","daily",NA,NA,NA
"2006-05-26",181.105,FALSE,NA,NA,"<= day","daily",NA,NA,NA
"2006-05-27",188.77,FALSE,NA,NA,"<= day","daily",NA,NA,NA
"2006-05-28",189.573,FALSE,NA,NA,"<= day","daily",NA,NA,NA
"2006-05-29",198.733,FALSE,NA,NA,"<= day","daily",NA,NA,NA
"2006-05-30",187.767,FALSE,NA,NA,"<= day","daily",NA,NA,NA
"2006-05-31",167.452,FALSE,NA,NA,"<= day","daily",NA,NA,NA
"2006-06-01",139.859,FALSE,NA,NA,"<= day","daily",NA,NA,NA
"2006-06-02",128.201,FALSE,NA,NA,"<= day","daily",NA,NA,NA
"2006-06-03",125.92,FALSE,NA,NA,"<= day","daily",NA,NA,NA
"2006-06-04",126.062,FALSE,NA,NA,"<= day","daily",NA,NA,NA
"2006-06-05",130.427,FALSE,NA,NA,"<= day","daily",NA,NA,NA
"2006-06-06",143.289,FALSE,NA,NA,"<= day","daily",NA,NA,NA
"2006-06-07",161.19,FALSE,NA,NA,"<= day","daily",NA,NA,NA
"2006-06-08",172.904,FALSE,NA,NA,"<= day","daily",NA,NA,NA
"2006-06-09",181.036,FALSE,NA,NA,"<= day","daily",NA,NA,NA
"2006-06-10",184.947,FALSE,NA,NA,"<= day","daily",NA,NA,NA
"2006-06-11",186.491,FALSE,NA,NA,"<= day","daily",NA,NA,NA
"2006-06-12",186.426,FALSE,NA,NA,"<= day","daily",NA,NA,NA
"2006-06-13",187.502,FALSE,NA,NA,"<= day","daily",NA,NA,NA
"2006-06-14",185.444,FALSE,NA,NA,"<= day","daily",NA,NA,NA
"2006-06-15",185.019,FALSE,NA,NA,"<= day","daily",NA,NA,NA
"2006-06-16",181.158,FALSE,NA,NA,"<= day","daily",NA,NA,NA
"2006-06-17",184.474,FALSE,NA,NA,"<= day","daily",NA,NA,NA
"2006-06-18",182.704,FALSE,NA,NA,"<= day","daily",NA,NA,NA
"2006-06-19",179.679,FALSE,NA,NA,"<= day","daily",NA,NA,NA
"2006-06-20",180.041,FALSE,NA,NA,"<= day","daily",NA,NA,NA
"2006-06-21",180.577,FALSE,NA,NA,"<= day","daily",NA,NA,NA
"2006-06-22",177.201,FALSE,NA,NA,"<= day","daily",NA,NA,NA
"2006-06-23",177.085,FALSE,NA,NA,"<= day","daily",NA,NA,NA
"2006-06-24",178.199,FALSE,NA,NA,"<= day","daily",NA,NA,NA
"2006-06-25",179.348,FALSE,NA,NA,"<= day","daily",NA,NA,NA
"2006-06-26",184.538,FALSE,NA,NA,"<= day","daily",NA,NA,NA
"2006-06-27",176.63,FALSE,NA,NA,"<= day","daily",NA,NA,NA
"2006-06-28",182.926,FALSE,NA,NA,"<= day","daily",NA,NA,NA
"2006-06-29",176.839,FALSE,NA,NA,"<= day","daily",NA,NA,NA
"2006-06-30",174.125,FALSE,NA,NA,"<= day","daily",NA,NA,NA
"2006-07-01",172.941,FALSE,NA,NA,"<= day","daily",NA,NA,NA
"2006-07-02",172.514,FALSE,NA,NA,"<= day","daily",NA,NA,NA
"2006-07-03",170.25,FALSE,NA,NA,"<= day","daily",NA,NA,NA
"2006-07-04",171.722,FALSE,NA,NA,"<= day","daily",NA,NA,NA
"2006-07-05",170.777,FALSE,NA,NA,"<= day","daily",NA,NA,NA
"2006-07-06",172.105,FALSE,NA,NA,"<= day","daily",NA,NA,NA
"2006-07-07",170.426,FALSE,NA,NA,"<= day","daily",NA,NA,NA
"2006-07-08",165.029,FALSE,NA,NA,"<= day","daily",NA,NA,NA
"2006-07-09",160.413,FALSE,NA,NA,"<= day","daily",NA,NA,NA
"2006-07-10",155.597,FALSE,NA,NA,"<= day","daily",NA,NA,NA
"2006-07-11",163.611,FALSE,NA,NA,"<= day","daily",NA,NA,NA
"2006-07-12",160.372,FALSE,NA,NA,"<= day","daily",NA,NA,NA
"2006-07-13",158.224,FALSE,NA,NA,"<= day","daily",NA,NA,NA
"2006-07-14",0,TRUE,"outlier","manual","<= day","daily",NA,NA,NA
"2006-07-15",164.555,FALSE,NA,NA,"<= day","daily",NA,NA,NA
"2006-07-16",154.825,FALSE,NA,NA,"<= day","daily",NA,NA,NA
"2006-07-17",292,FALSE,NA,NA,"<= day","daily",NA,NA,NA
"2006-07-18",146.493,FALSE,NA,NA,"<= day","daily",NA,NA,NA
"2006-07-19",141.819,FALSE,NA,NA,"<= day","daily",NA,NA,NA
"2006-07-20",142.055,FALSE,NA,NA,"<= day","daily",NA,NA,NA
"2006-07-21",139.154,FALSE,NA,NA,"<= day","daily",NA,NA,NA
"2006-07-22",135.769,FALSE,NA,NA,"<= day","daily",NA,NA,NA
"2006-07-23",135.117,FALSE,NA,NA,"<= day","daily",NA,NA,NA
"2006-07-24",131.82,FALSE,NA,NA,"<= day","daily",NA,NA,NA
"2006-07-25",134.166,FALSE,NA,NA,"<= day","daily",NA,NA,NA
"2006-07-26",135.798,FALSE,NA,NA,"<= day","daily",NA,NA,NA
"2006-07-27",128.416,FALSE,NA,NA,"<= day","daily",NA,NA,NA
"2006-07-28",127.493,FALSE,NA,NA,"<= day","daily",NA,NA,NA
"2006-07-29",133.313,FALSE,NA,NA,"<= day","daily",NA,NA,NA
"2006-07-30",126.276,FALSE,NA,NA,"<= day","daily",NA,NA,NA
"2006-07-31",126.58,FALSE,NA,NA,"<= day","daily",NA,NA,NA
"2006-08-01",153.321,FALSE,NA,NA,"<= day","daily",NA,NA,NA
"2006-08-02",129.208,FALSE,NA,NA,"<= day","daily",NA,NA,NA
"2006-08-03",152.333,FALSE,NA,NA,"<= day","daily",NA,NA,NA
"2006-08-04",167.356,FALSE,NA,NA,"<= day","daily",NA,NA,NA
"2006-08-05",184.001,FALSE,NA,NA,"<= day","daily",NA,NA,NA
"2006-08-06",157.561,FALSE,NA,NA,"<= day","daily",NA,NA,NA
"2006-08-07",138.843,FALSE,NA,NA,"<= day","daily",NA,NA,NA
"2006-08-08",120.031,FALSE,NA,NA,"<= day","daily",NA,NA,NA
"2006-08-09",116.412,FALSE,NA,NA,"<= day","daily",NA,NA,NA
"2006-08-10",113.799,FALSE,NA,NA,"<= day","daily",NA,NA,NA
"2006-08-11",109.087,FALSE,NA,NA,"<= day","daily",NA,NA,NA
"2006-08-12",154.285,FALSE,NA,NA,"<= day","daily",NA,NA,NA
"2006-08-13",160.79,FALSE,NA,NA,"<= day","daily",NA,NA,NA
"2006-08-14",147.624,FALSE,NA,NA,"<= day","daily",NA,NA,NA
"2006-08-15",143.973,FALSE,NA,NA,"<= day","daily",NA,NA,NA
"2006-08-16",160.321,FALSE,NA,NA,"<= day","daily",NA,NA,NA
"2006-08-17",142.933,FALSE,NA,NA,"<= day","daily",NA,NA,NA
"2006-08-18",144.521,FALSE,NA,NA,"<= day","daily",NA,NA,NA
"2006-08-19",122.919,FALSE,NA,NA,"<= day","daily",NA,NA,NA
"2006-08-20",129.821,FALSE,NA,NA,"<= day","daily",NA,NA,NA
"2006-08-21",119.041,FALSE,NA,NA,"<= day","daily",NA,NA,NA
"2006-08-22",117.611,FALSE,NA,NA,"<= day","daily",NA,NA,NA
"2006-08-23",115.964,FALSE,NA,NA,"<= day","daily",NA,NA,NA
"2006-08-24",121.335,FALSE,NA,NA,"<= day","daily",NA,NA,NA
"2006-08-25",117.695,FALSE,NA,NA,"<= day","daily",NA,NA,NA
"2006-08-26",118.318,FALSE,NA,NA,"<= day","daily",NA,NA,NA
"2006-08-27",168.99,FALSE,NA,NA,"<= day","daily",NA,NA,NA
"2006-08-28",143.18,FALSE,NA,NA,"<= day","daily",NA,NA,NA
"2006-08-29",179.313,FALSE,NA,NA,"<= day","daily",NA,NA,NA
"2006-08-30",175.689,FALSE,NA,NA,"<= day","daily",NA,NA,NA
"2006-08-31",281,FALSE,NA,NA,"<= day","daily",NA,NA,NA
"2006-09-01",283,FALSE,NA,NA,"<= day","daily",NA,NA,NA
"2006-09-02",128.003,FALSE,NA,NA,"<= day","daily",NA,NA,NA
"2006-09-03",127.052,FALSE,NA,NA,"<= day","daily",NA,NA,NA
"2006-09-04",126.313,FALSE,NA,NA,"<= day","daily",NA,NA,NA
"2006-09-05",121.627,FALSE,NA,NA,"<= day","daily",NA,NA,NA
"2006-09-06",120.136,FALSE,NA,NA,"<= day","daily",NA,NA,NA
"2006-09-07",123.929,FALSE,NA,NA,"<= day","daily",NA,NA,NA
"2006-09-08",123.937,FALSE,NA,NA,"<= day","daily",NA,NA,NA
"2006-09-09",117.091,FALSE,NA,NA,"<= day","daily",NA,NA,NA
"2006-09-10",0,TRUE,"outlier","manual","<= day","daily",NA,NA,NA
"2006-09-11",120.278,FALSE,NA,NA,"<= day","daily",NA,NA,NA
"2006-09-12",116.453,FALSE,NA,NA,"<= day","daily",NA,NA,NA
"2006-09-13",117.333,FALSE,NA,NA,"<= day","daily",NA,NA,NA
"2006-09-14",115.329,FALSE,NA,NA,"<= day","daily",NA,NA,NA
"2006-09-15",117.547,FALSE,NA,NA,"<= day","daily",NA,NA,NA
"2006-09-16",113.823,FALSE,NA,NA,"<= day","daily",NA,NA,NA
"2006-09-17",152.632,FALSE,NA,NA,"<= day","daily",NA,NA,NA
"2006-09-18",181.377,FALSE,NA,NA,"<= day","daily",NA,NA,NA
"2006-09-19",140.191,FALSE,NA,NA,"<= day","daily",NA,NA,NA
"2006-09-20",122.116,FALSE,NA,NA,"<= day","daily",NA,NA,NA
"2006-09-21",120.606,FALSE,NA,NA,"<= day","daily",NA,NA,NA
"2006-09-22",119.858,FALSE,NA,NA,"<= day","daily",NA,NA,NA
"2006-09-23",118.921,FALSE,NA,NA,"<= day","daily",NA,NA,NA
"2006-09-24",122.25,FALSE,NA,NA,"<= day","daily",NA,NA,NA
"2006-09-25",119.374,FALSE,NA,NA,"<= day","daily",NA,NA,NA
"2006-09-26",124.706,FALSE,NA,NA,"<= day","daily",NA,NA,NA
"2006-09-27",118.807,FALSE,NA,NA,"<= day","daily",NA,NA,NA
"2006-09-28",114.524,FALSE,NA,NA,"<= day","daily",NA,NA,NA
"2006-09-29",114.219,FALSE,NA,NA,"<= day","daily",NA,NA,NA
"2006-09-30",115.735,FALSE,NA,NA,"<= day","daily",NA,NA,NA
"2006-10-01",134.376,FALSE,NA,NA,"<= day","daily",NA,NA,NA
"2006-10-02",173.406,FALSE,NA,NA,"<= day","daily",NA,NA,NA
"2006-10-03",144.146,FALSE,NA,NA,"<= day","daily",NA,NA,NA
"2006-10-04",151.456,FALSE,NA,NA,"<= day","daily",NA,NA,NA
"2006-10-05",123.105,FALSE,NA,NA,"<= day","daily",NA,NA,NA
"2006-10-06",118.532,FALSE,NA,NA,"<= day","daily",NA,NA,NA
"2006-10-07",128.881,FALSE,NA,NA,"<= day","daily",NA,NA,NA
"2006-10-08",124.471,FALSE,NA,NA,"<= day","daily",NA,NA,NA
"2006-10-09",118.65,FALSE,NA,NA,"<= day","daily",NA,NA,NA
"2006-10-10",114.429,FALSE,NA,NA,"<= day","daily",NA,NA,NA
"2006-10-11",112.075,FALSE,NA,NA,"<= day","daily",NA,NA,NA
"2006-10-12",109.189,FALSE,NA,NA,"<= day","daily",NA,NA,NA
"2006-10-13",107.823,FALSE,NA,NA,"<= day","daily",NA,NA,NA
"2006-10-14",107.007,FALSE,NA,NA,"<= day","daily",NA,NA,NA
"2006-10-15",107.012,FALSE,NA,NA,"<= day","daily",NA,NA,NA
"2006-10-16",103.128,FALSE,NA,NA,"<= day","daily",NA,NA,NA
"2006-10-17",95.805,FALSE,NA,NA,"<= day","daily",NA,NA,NA
"2006-10-18",90.638,FALSE,NA,NA,"<= day","daily",NA,NA,NA
"2006-10-19",85.967,FALSE,NA,NA,"<= day","daily",NA,NA,NA
"2006-10-20",84.811,FALSE,NA,NA,"<= day","daily",NA,NA,NA
"2006-10-21",82.649,FALSE,NA,NA,"<= day","daily",NA,NA,NA
"2006-10-22",83.428,FALSE,NA,NA,"<= day","daily",NA,NA,NA
"2006-10-23",84.855,FALSE,NA,NA,"<= day","daily",NA,NA,NA
"2006-10-24",151.842,FALSE,NA,NA,"<= day","daily",NA,NA,NA
"2006-10-25",122.923,FALSE,NA,NA,"<= day","daily",NA,NA,NA
"2006-10-26",113.919,FALSE,NA,NA,"<= day","daily",NA,NA,NA
"2006-10-27",111.805,FALSE,NA,NA,"<= day","daily",NA,NA,NA
"2006-10-28",114.184,FALSE,NA,NA,"<= day","daily",NA,NA,NA
"2006-10-29",122.645,FALSE,NA,NA,"<= day","daily",NA,NA,NA
"2006-10-30",128.562,FALSE,NA,NA,"<= day","daily",NA,NA,NA
"2006-10-31",115.127,FALSE,NA,NA,"<= day","daily",NA,NA,NA
"2006-11-01",112.452,FALSE,NA,NA,"<= day","daily",NA,NA,NA
"2006-11-02",108.752,FALSE,NA,NA,"<= day","daily",NA,NA,NA
"2006-11-03",99.513,FALSE,NA,NA,"<= day","daily",NA,NA,NA
"2006-11-04",88.769,FALSE,NA,NA,"<= day","daily",NA,NA,NA
"2006-11-05",84.436,FALSE,NA,NA,"<= day","daily",NA,NA,NA
"2006-11-06",79.973,FALSE,NA,NA,"<= day","daily",NA,NA,NA
"2006-11-07",75.399,FALSE,NA,NA,"<= day","daily",NA,NA,NA
"2006-11-08",71.502,FALSE,NA,NA,"<= day","daily",NA,NA,NA
"2006-11-09",79.392,FALSE,NA,NA,"<= day","daily",NA,NA,NA
"2006-11-10",89.847,FALSE,NA,NA,"<= day","daily",NA,NA,NA
"2006-11-11",78.305,FALSE,NA,NA,"<= day","daily",NA,NA,NA
"2006-11-12",99.695,FALSE,NA,NA,"<= day","daily",NA,NA,NA
"2006-11-13",85.681,FALSE,NA,NA,"<= day","daily",NA,NA,NA
"2006-11-14",130.848,FALSE,NA,NA,"<= day","daily",NA,NA,NA
"2006-11-15",127.708,FALSE,NA,NA,"<= day","daily",NA,NA,NA
"2006-11-16",238,FALSE,NA,NA,"<= day","daily",NA,NA,NA
"2006-11-17",115.37,FALSE,NA,NA,"<= day","daily",NA,NA,NA
"2006-11-18",111.758,FALSE,NA,NA,"<= day","daily",NA,NA,NA
"2006-11-19",103.752,FALSE,NA,NA,"<= day","daily",NA,NA,NA
"2006-11-20",95.931,FALSE,NA,NA,"<= day","daily",NA,NA,NA
"2006-11-21",91.3,FALSE,NA,NA,"<= day","daily",NA,NA,NA
"2006-11-22",82.018,FALSE,NA,NA,"<= day","daily",NA,NA,NA
"2006-11-23",92.334,FALSE,NA,NA,"<= day","daily",NA,NA,NA
"2006-11-24",103.721,FALSE,NA,NA,"<= day","daily",NA,NA,NA
"2006-11-25",101.42,FALSE,NA,NA,"<= day","daily",NA,NA,NA
"2006-11-26",108.792,FALSE,NA,NA,"<= day","daily",NA,NA,NA
"2006-11-27",108.018,FALSE,NA,NA,"<= day","daily",NA,NA,NA
"2006-11-28",105.232,FALSE,NA,NA,"<= day","daily",NA,NA,NA
"2006-11-29",96.346,FALSE,NA,NA,"<= day","daily",NA,NA,NA
"2006-11-30",89.161,FALSE,NA,NA,"<= day","daily",NA,NA,NA
"2006-12-01",85.811,FALSE,NA,NA,"<= day","daily",NA,NA,NA
"2006-12-02",0,TRUE,"outlier","manual","<= day","daily",NA,NA,NA
"2006-12-03",0,TRUE,"outlier","manual","<= day","daily",NA,NA,NA
"2006-12-04",109.626,FALSE,NA,NA,"<= day","daily",NA,NA,NA
"2006-12-05",120.602,FALSE,NA,NA,"<= day","daily",NA,NA,NA
"2006-12-06",110.136,FALSE,NA,NA,"<= day","daily",NA,NA,NA
"2006-12-07",113.148,FALSE,NA,NA,"<= day","daily",NA,NA,NA
"2006-12-08",87.889,FALSE,NA,NA,"<= day","daily",NA,NA,NA
"2006-12-09",84.745,FALSE,NA,NA,"<= day","daily",NA,NA,NA
"2006-12-10",81.269,FALSE,NA,NA,"<= day","daily",NA,NA,NA
"2006-12-11",77.945,FALSE,NA,NA,"<= day","daily",NA,NA,NA
"2006-12-12",74.27,FALSE,NA,NA,"<= day","daily",NA,NA,NA
"2006-12-13",72.943,FALSE,NA,NA,"<= day","daily",NA,NA,NA
"2006-12-14",73.516,FALSE,NA,NA,"<= day","daily",NA,NA,NA
"2006-12-15",73.807,FALSE,NA,NA,"<= day","daily",NA,NA,NA
"2006-12-16",72.465,FALSE,NA,NA,"<= day","daily",NA,NA,NA
"2006-12-17",72.08,FALSE,NA,NA,"<= day","daily",NA,NA,NA
"2006-12-18",69.054,FALSE,NA,NA,"<= day","daily",NA,NA,NA
"2006-12-19",64.982,FALSE,NA,NA,"<= day","daily",NA,NA,NA
"2006-12-20",62.492,FALSE,NA,NA,"<= day","daily",NA,NA,NA
"2006-12-21",128.845,FALSE,NA,NA,"<= day","daily",NA,NA,NA
"2006-12-22",116.844,FALSE,NA,NA,"<= day","daily",NA,NA,NA
"2006-12-23",55.367,FALSE,NA,NA,"<= day","daily",NA,NA,NA
"2006-12-24",54.842,FALSE,NA,NA,"<= day","daily",NA,NA,NA
"2006-12-25",55.093,FALSE,NA,NA,"<= day","daily",NA,NA,NA
"2006-12-26",55.069,FALSE,NA,NA,"<= day","daily",NA,NA,NA
"2006-12-27",53.629,FALSE,NA,NA,"<= day","daily",NA,NA,NA
"2006-12-28",51.032,FALSE,NA,NA,"<= day","daily",NA,NA,NA
"2006-12-29",48.797,FALSE,NA,NA,"<= day","daily",NA,NA,NA
"2006-12-30",47.41,FALSE,NA,NA,"<= day","daily",NA,NA,NA
"2006-12-31",50.604,FALSE,NA,NA,"<= day","daily",NA,NA,NA
"2007-01-01",103.922,FALSE,NA,NA,"<= day","daily",NA,NA,NA
"2007-01-02",83.95,FALSE,NA,NA,"<= day","daily",NA,NA,NA
"2007-01-03",69.068,FALSE,NA,NA,"<= day","daily",NA,NA,NA
"2007-01-04",63.621,FALSE,NA,NA,"<= day","daily",NA,NA,NA
"2007-01-05",61.51,FALSE,NA,NA,"<= day","daily",NA,NA,NA
"2007-01-06",60.04,FALSE,NA,NA,"<= day","daily",NA,NA,NA
"2007-01-07",67.699,FALSE,NA,NA,"<= day","daily",NA,NA,NA
"2007-01-08",65.225,FALSE,NA,NA,"<= day","daily",NA,NA,NA
"2007-01-09",81.666,FALSE,NA,NA,"<= day","daily",NA,NA,NA
"2007-01-10",98.843,FALSE,NA,NA,"<= day","daily",NA,NA,NA
"2007-01-11",88.646,FALSE,NA,NA,"<= day","daily",NA,NA,NA
"2007-01-12",99.208,FALSE,NA,NA,"<= day","daily",NA,NA,NA
"2007-01-13",84.064,FALSE,NA,NA,"<= day","daily",NA,NA,NA
"2007-01-14",79.607,FALSE,NA,NA,"<= day","daily",NA,NA,NA
"2007-01-15",70.583,FALSE,NA,NA,"<= day","daily",NA,NA,NA
"2007-01-16",63.872,FALSE,NA,NA,"<= day","daily",NA,NA,NA
"2007-01-17",59.863,FALSE,NA,NA,"<= day","daily",NA,NA,NA
"2007-01-18",87.825,FALSE,NA,NA,"<= day","daily",NA,NA,NA
"2007-01-19",155.096,FALSE,NA,NA,"<= day","daily",NA,NA,NA
"2007-01-20",132.697,FALSE,NA,NA,"<= day","daily",NA,NA,NA
"2007-01-21",119.753,FALSE,NA,NA,"<= day","daily",NA,NA,NA
"2007-01-22",98.614,FALSE,NA,NA,"<= day","daily",NA,NA,NA
"2007-01-23",84.612,FALSE,NA,NA,"<= day","daily",NA,NA,NA
"2007-01-24",78.155,FALSE,NA,NA,"<= day","daily",NA,NA,NA
"2007-01-25",74.375,FALSE,NA,NA,"<= day","daily",NA,NA,NA
"2007-01-26",66.754,FALSE,NA,NA,"<= day","daily",NA,NA,NA
"2007-01-27",61.712,FALSE,NA,NA,"<= day","daily",NA,NA,NA
"2007-01-28",59.095,FALSE,NA,NA,"<= day","daily",NA,NA,NA
"2007-01-29",57.739,FALSE,NA,NA,"<= day","daily",NA,NA,NA
"2007-01-30",56.912,FALSE,NA,NA,"<= day","daily",NA,NA,NA
"2007-01-31",56.776,FALSE,NA,NA,"<= day","daily",NA,NA,NA
"2007-02-01",56.006,FALSE,NA,NA,"<= day","daily",NA,NA,NA
"2007-02-02",57.838,FALSE,NA,NA,"<= day","daily",NA,NA,NA
"2007-02-03",60.617,FALSE,NA,NA,"<= day","daily",NA,NA,NA
"2007-02-04",62.683,FALSE,NA,NA,"<= day","daily",NA,NA,NA
"2007-02-05",61.266,FALSE,NA,NA,"<= day","daily",NA,NA,NA
"2007-02-06",57.517,FALSE,NA,NA,"<= day","daily",NA,NA,NA
"2007-02-07",52.155,FALSE,NA,NA,"<= day","daily",NA,NA,NA
"2007-02-08",49.391,FALSE,NA,NA,"<= day","daily",NA,NA,NA
"2007-02-09",47.922,FALSE,NA,NA,"<= day","daily",NA,NA,NA
"2007-02-10",46.385,FALSE,NA,NA,"<= day","daily",NA,NA,NA
"2007-02-11",44.639,FALSE,NA,NA,"<= day","daily",NA,NA,NA
"2007-02-12",44.258,FALSE,NA,NA,"<= day","daily",NA,NA,NA
"2007-02-13",43.64,FALSE,NA,NA,"<= day","daily",NA,NA,NA
"2007-02-14",42.531,FALSE,NA,NA,"<= day","daily",NA,NA,NA
"2007-02-15",43.239,FALSE,NA,NA,"<= day","daily",NA,NA,NA
"2007-02-16",46.077,FALSE,NA,NA,"<= day","daily",NA,NA,NA
"2007-02-17",48.543,FALSE,NA,NA,"<= day","daily",NA,NA,NA
"2007-02-18",47.219,FALSE,NA,NA,"<= day","daily",NA,NA,NA
"2007-02-19",49.833,FALSE,NA,NA,"<= day","daily",NA,NA,NA
"2007-02-20",53.713,FALSE,NA,NA,"<= day","daily",NA,NA,NA
"2007-02-21",57.028,FALSE,NA,NA,"<= day","daily",NA,NA,NA
"2007-02-22",60.26,FALSE,NA,NA,"<= day","daily",NA,NA,NA
"2007-02-23",59.826,FALSE,NA,NA,"<= day","daily",NA,NA,NA
"2007-02-24",54.139,FALSE,NA,NA,"<= day","daily",NA,NA,NA
"2007-02-25",49.775,FALSE,NA,NA,"<= day","daily",NA,NA,NA
"2007-02-26",47.187,FALSE,NA,NA,"<= day","daily",NA,NA,NA
"2007-02-27",45.504,FALSE,NA,NA,"<= day","daily",NA,NA,NA
"2007-02-28",86.889,FALSE,NA,NA,"<= day","daily",NA,NA,NA
"2007-03-01",67.708,FALSE,NA,NA,"<= day","daily",NA,NA,NA
"2007-03-02",59.362,FALSE,NA,NA,"<= day","daily",NA,NA,NA
"2007-03-03",90.585,FALSE,NA,NA,"<= day","daily",NA,NA,NA
"2007-03-04",74.333,FALSE,NA,NA,"<= day","daily",NA,NA,NA
"2007-03-05",65.627,FALSE,NA,NA,"<= day","daily",NA,NA,NA
"2007-03-06",58.452,FALSE,NA,NA,"<= day","daily",NA,NA,NA
"2007-03-07",59.572,FALSE,NA,NA,"<= day","daily",NA,NA,NA
"2007-03-08",62.818,FALSE,NA,NA,"<= day","daily",NA,NA,NA
"2007-03-09",62.825,FALSE,NA,NA,"<= day","daily",NA,NA,NA
"2007-03-10",58.658,FALSE,NA,NA,"<= day","daily",NA,NA,NA
"2007-03-11",56.518,FALSE,NA,NA,"<= day","daily",NA,NA,NA
"2007-03-12",69.627,FALSE,NA,NA,"<= day","daily",NA,NA,NA
"2007-03-13",81.233,FALSE,NA,NA,"<= day","daily",NA,NA,NA
"2007-03-14",90.798,FALSE,NA,NA,"<= day","daily",NA,NA,NA
"2007-03-15",99.943,FALSE,NA,NA,"<= day","daily",NA,NA,NA
"2007-03-16",108.35,FALSE,NA,NA,"<= day","daily",NA,NA,NA
"2007-03-17",112.893,FALSE,NA,NA,"<= day","daily",NA,NA,NA
"2007-03-18",113.163,FALSE,NA,NA,"<= day","daily",NA,NA,NA
"2007-03-19",110.464,FALSE,NA,NA,"<= day","daily",NA,NA,NA
"2007-03-20",83.87,FALSE,NA,NA,"<= day","daily",NA,NA,NA
"2007-03-21",70.297,FALSE,NA,NA,"<= day","daily",NA,NA,NA
"2007-03-22",63.145,FALSE,NA,NA,"<= day","daily",NA,NA,NA
"2007-03-23",59.351,FALSE,NA,NA,"<= day","daily",NA,NA,NA
"2007-03-24",56.266,FALSE,NA,NA,"<= day","daily",NA,NA,NA
"2007-03-25",54.556,FALSE,NA,NA,"<= day","daily",NA,NA,NA
"2007-03-26",58.952,FALSE,NA,NA,"<= day","daily",NA,NA,NA
"2007-03-27",63.956,FALSE,NA,NA,"<= day","daily",NA,NA,NA
"2007-03-28",60.62,FALSE,NA,NA,"<= day","daily",NA,NA,NA
"2007-03-29",67.615,FALSE,NA,NA,"<= day","daily",NA,NA,NA
"2007-03-30",63.929,FALSE,NA,NA,"<= day","daily",NA,NA,NA
"2007-03-31",63.418,FALSE,NA,NA,"<= day","daily",NA,NA,NA
"2007-04-01",77.79,FALSE,NA,NA,"<= day","daily",NA,NA,NA
"2007-04-02",98.634,FALSE,NA,NA,"<= day","daily",NA,NA,NA
"2007-04-03",118.551,FALSE,NA,NA,"<= day","daily",NA,NA,NA
"2007-04-04",105.632,FALSE,NA,NA,"<= day","daily",NA,NA,NA
"2007-04-05",103.506,FALSE,NA,NA,"<= day","daily",NA,NA,NA
"2007-04-06",123.874,FALSE,NA,NA,"<= day","daily",NA,NA,NA
"2007-04-07",131.997,FALSE,NA,NA,"<= day","daily",NA,NA,NA
"2007-04-08",136.914,FALSE,NA,NA,"<= day","daily",NA,NA,NA
"2007-04-09",137.861,FALSE,NA,NA,"<= day","daily",NA,NA,NA
"2007-04-10",137.513,FALSE,NA,NA,"<= day","daily",NA,NA,NA
"2007-04-11",139.537,FALSE,NA,NA,"<= day","daily",NA,NA,NA
"2007-04-12",142.181,FALSE,NA,NA,"<= day","daily",NA,NA,NA
"2007-04-13",148.853,FALSE,NA,NA,"<= day","daily",NA,NA,NA
"2007-04-14",159.495,FALSE,NA,NA,"<= day","daily",NA,NA,NA
"2007-04-15",164.217,FALSE,NA,NA,"<= day","daily",NA,NA,NA
"2007-04-16",175.065,FALSE,NA,NA,"<= day","daily",NA,NA,NA
"2007-04-17",181.813,FALSE,NA,NA,"<= day","daily",NA,NA,NA
"2007-04-18",179.186,FALSE,NA,NA,"<= day","daily",NA,NA,NA
"2007-04-19",178.574,FALSE,NA,NA,"<= day","daily",NA,NA,NA
"2007-04-20",181.694,FALSE,NA,NA,"<= day","daily",NA,NA,NA
"2007-04-21",182.013,FALSE,NA,NA,"<= day","daily",NA,NA,NA
"2007-04-22",182.748,FALSE,NA,NA,"<= day","daily",NA,NA,NA
"2007-04-23",181.62,FALSE,NA,NA,"<= day","daily",NA,NA,NA
"2007-04-24",181.452,FALSE,NA,NA,"<= day","daily",NA,NA,NA
"2007-04-25",185.334,FALSE,NA,NA,"<= day","daily",NA,NA,NA
"2007-04-26",190.339,FALSE,NA,NA,"<= day","daily",NA,NA,NA
"2007-04-27",190.158,FALSE,NA,NA,"<= day","daily",NA,NA,NA
"2007-04-28",187.371,FALSE,NA,NA,"<= day","daily",NA,NA,NA
"2007-04-29",185.309,FALSE,NA,NA,"<= day","daily",NA,NA,NA
"2007-04-30",184.363,FALSE,NA,NA,"<= day","daily",NA,NA,NA
"2007-05-01",181.996,FALSE,NA,NA,"<= day","daily",NA,NA,NA
"2007-05-02",173.534,FALSE,NA,NA,"<= day","daily",NA,NA,NA
"2007-05-03",159.306,FALSE,NA,NA,"<= day","daily",NA,NA,NA
"2007-05-04",140.872,FALSE,NA,NA,"<= day","daily",NA,NA,NA
"2007-05-05",137.957,FALSE,NA,NA,"<= day","daily",NA,NA,NA
"2007-05-06",136.071,FALSE,NA,NA,"<= day","daily",NA,NA,NA
"2007-05-07",133.488,FALSE,NA,NA,"<= day","daily",NA,NA,NA
"2007-05-08",171.771,FALSE,NA,NA,"<= day","daily",NA,NA,NA
"2007-05-09",191.138,FALSE,NA,NA,"<= day","daily",NA,NA,NA
"2007-05-10",178.787,FALSE,NA,NA,"<= day","daily",NA,NA,NA
"2007-05-11",183.838,FALSE,NA,NA,"<= day","daily",NA,NA,NA
"2007-05-12",189.323,FALSE,NA,NA,"<= day","daily",NA,NA,NA
"2007-05-13",184.971,FALSE,NA,NA,"<= day","daily",NA,NA,NA
"2007-05-14",184.139,FALSE,NA,NA,"<= day","daily",NA,NA,NA
"2007-05-15",179.285,FALSE,NA,NA,"<= day","daily",NA,NA,NA
"2007-05-16",151.222,FALSE,NA,NA,"<= day","daily",NA,NA,NA
"2007-05-17",144.343,FALSE,NA,NA,"<= day","daily",NA,NA,NA
"2007-05-18",186.256,FALSE,NA,NA,"<= day","daily",NA,NA,NA
"2007-05-19",177.957,FALSE,NA,NA,"<= day","daily",NA,NA,NA
"2007-05-20",179.933,FALSE,NA,NA,"<= day","daily",NA,NA,NA
"2007-05-21",182.904,FALSE,NA,NA,"<= day","daily",NA,NA,NA
"2007-05-22",185.388,FALSE,NA,NA,"<= day","daily",NA,NA,NA
"2007-05-23",183.483,FALSE,NA,NA,"<= day","daily",NA,NA,NA
"2007-05-24",183.468,FALSE,NA,NA,"<= day","daily",NA,NA,NA
"2007-05-25",182.971,FALSE,NA,NA,"<= day","daily",NA,NA,NA
"2007-05-26",181.062,FALSE,NA,NA,"<= day","daily",NA,NA,NA
"2007-05-27",177.236,FALSE,NA,NA,"<= day","daily",NA,NA,NA
"2007-05-28",173.751,FALSE,NA,NA,"<= day","daily",NA,NA,NA
"2007-05-29",147.992,FALSE,NA,NA,"<= day","daily",NA,NA,NA
"2007-05-30",134.743,FALSE,NA,NA,"<= day","daily",NA,NA,NA
"2007-05-31",137.031,FALSE,NA,NA,"<= day","daily",NA,NA,NA
"2007-06-01",165.527,FALSE,NA,NA,"<= day","daily",NA,NA,NA
"2007-06-02",151.389,FALSE,NA,NA,"<= day","daily",NA,NA,NA
"2007-06-03",160.566,FALSE,NA,NA,"<= day","daily",NA,NA,NA
"2007-06-04",168.995,FALSE,NA,NA,"<= day","daily",NA,NA,NA
"2007-06-05",175.935,FALSE,NA,NA,"<= day","daily",NA,NA,NA
"2007-06-06",181.485,FALSE,NA,NA,"<= day","daily",NA,NA,NA
"2007-06-07",179.695,FALSE,NA,NA,"<= day","daily",NA,NA,NA
"2007-06-08",180.421,FALSE,NA,NA,"<= day","daily",NA,NA,NA
"2007-06-09",180.881,FALSE,NA,NA,"<= day","daily",NA,NA,NA
"2007-06-10",181.534,FALSE,NA,NA,"<= day","daily",NA,NA,NA
"2007-06-11",191.598,FALSE,NA,NA,"<= day","daily",NA,NA,NA
"2007-06-12",183.94,FALSE,NA,NA,"<= day","daily",NA,NA,NA
"2007-06-13",181.435,FALSE,NA,NA,"<= day","daily",NA,NA,NA
"2007-06-14",177.846,FALSE,NA,NA,"<= day","daily",NA,NA,NA
"2007-06-15",182.641,FALSE,NA,NA,"<= day","daily",NA,NA,NA
"2007-06-16",178.519,FALSE,NA,NA,"<= day","daily",NA,NA,NA
"2007-06-17",173.911,FALSE,NA,NA,"<= day","daily",NA,NA,NA
"2007-06-18",184.709,FALSE,NA,NA,"<= day","daily",NA,NA,NA
"2007-06-19",178.046,FALSE,NA,NA,"<= day","daily",NA,NA,NA
"2007-06-20",177.497,FALSE,NA,NA,"<= day","daily",NA,NA,NA
"2007-06-21",178.211,FALSE,NA,NA,"<= day","daily",NA,NA,NA
"2007-06-22",175.265,FALSE,NA,NA,"<= day","daily",NA,NA,NA
"2007-06-23",171.037,FALSE,NA,NA,"<= day","daily",NA,NA,NA
"2007-06-24",167.037,FALSE,NA,NA,"<= day","daily",NA,NA,NA
"2007-06-25",179.617,FALSE,NA,NA,"<= day","daily",NA,NA,NA
"2007-06-26",170.835,FALSE,NA,NA,"<= day","daily",NA,NA,NA
"2007-06-27",151.748,FALSE,NA,NA,"<= day","daily",NA,NA,NA
"2007-06-28",130.883,FALSE,NA,NA,"<= day","daily",NA,NA,NA
"2007-06-29",132.708,FALSE,NA,NA,"<= day","daily",NA,NA,NA
"2007-06-30",150.561,FALSE,NA,NA,"<= day","daily",NA,NA,NA
"2007-07-01",162.448,FALSE,NA,NA,"<= day","daily",NA,NA,NA
"2007-07-02",180.673,FALSE,NA,NA,"<= day","daily",NA,NA,NA
"2007-07-03",170.851,FALSE,NA,NA,"<= day","daily",NA,NA,NA
"2007-07-04",167.169,FALSE,NA,NA,"<= day","daily",NA,NA,NA
"2007-07-05",178.288,FALSE,NA,NA,"<= day","daily",NA,NA,NA
"2007-07-06",173.968,FALSE,NA,NA,"<= day","daily",NA,NA,NA
"2007-07-07",172.913,FALSE,NA,NA,"<= day","daily",NA,NA,NA
"2007-07-08",172.074,FALSE,NA,NA,"<= day","daily",NA,NA,NA
"2007-07-09",195.74,FALSE,NA,NA,"<= day","daily",NA,NA,NA
"2007-07-10",180.134,FALSE,NA,NA,"<= day","daily",NA,NA,NA
"2007-07-11",167.039,FALSE,NA,NA,"<= day","daily",NA,NA,NA
"2007-07-12",0,TRUE,"outlier","manual","<= day","daily",NA,NA,NA
"2007-07-13",129.044,FALSE,NA,NA,"<= day","daily",NA,NA,NA
"2007-07-14",141.648,FALSE,NA,NA,"<= day","daily",NA,NA,NA
"2007-07-15",154.001,FALSE,NA,NA,"<= day","daily",NA,NA,NA
"2007-07-16",155.453,FALSE,NA,NA,"<= day","daily",NA,NA,NA
"2007-07-17",153.027,FALSE,NA,NA,"<= day","daily",NA,NA,NA
"2007-07-18",149.645,FALSE,NA,NA,"<= day","daily",NA,NA,NA
"2007-07-19",154.771,FALSE,NA,NA,"<= day","daily",NA,NA,NA
"2007-07-20",165.507,FALSE,NA,NA,"<= day","daily",NA,NA,NA
"2007-07-21",158.423,FALSE,NA,NA,"<= day","daily",NA,NA,NA
"2007-07-22",163.42,FALSE,NA,NA,"<= day","daily",NA,NA,NA
"2007-07-23",142.446,FALSE,NA,NA,"<= day","daily",NA,NA,NA
"2007-07-24",166.946,FALSE,NA,NA,"<= day","daily",NA,NA,NA
"2007-07-25",152.351,FALSE,NA,NA,"<= day","daily",NA,NA,NA
"2007-07-26",136.81,FALSE,NA,NA,"<= day","daily",NA,NA,NA
"2007-07-27",139.559,FALSE,NA,NA,"<= day","daily",NA,NA,NA
"2007-07-28",135.383,FALSE,NA,NA,"<= day","daily",NA,NA,NA
"2007-07-29",124.879,FALSE,NA,NA,"<= day","daily",NA,NA,NA
"2007-07-30",169.082,FALSE,NA,NA,"<= day","daily",NA,NA,NA
"2007-07-31",139.574,FALSE,NA,NA,"<= day","daily",NA,NA,NA
"2007-08-01",124.603,FALSE,NA,NA,"<= day","daily",NA,NA,NA
"2007-08-02",154.983,FALSE,NA,NA,"<= day","daily",NA,NA,NA
"2007-08-03",162.742,FALSE,NA,NA,"<= day","daily",NA,NA,NA
"2007-08-04",131.724,FALSE,NA,NA,"<= day","daily",NA,NA,NA
"2007-08-05",129.467,FALSE,NA,NA,"<= day","daily",NA,NA,NA
"2007-08-06",130.745,FALSE,NA,NA,"<= day","daily",NA,NA,NA
"2007-08-07",149.264,FALSE,NA,NA,"<= day","daily",NA,NA,NA
"2007-08-08",167.776,FALSE,NA,NA,"<= day","daily",NA,NA,NA
"2007-08-09",174.57,FALSE,NA,NA,"<= day","daily",NA,NA,NA
"2007-08-10",162.985,FALSE,NA,NA,"<= day","daily",NA,NA,NA
"2007-08-11",170.847,FALSE,NA,NA,"<= day","daily",NA,NA,NA
"2007-08-12",158.587,FALSE,NA,NA,"<= day","daily",NA,NA,NA
"2007-08-13",136.211,FALSE,NA,NA,"<= day","daily",NA,NA,NA
"2007-08-14",138.861,FALSE,NA,NA,"<= day","daily",NA,NA,NA
"2007-08-15",130.829,FALSE,NA,NA,"<= day","daily",NA,NA,NA
"2007-08-16",128.233,FALSE,NA,NA,"<= day","daily",NA,NA,NA
"2007-08-17",113.244,FALSE,NA,NA,"<= day","daily",NA,NA,NA
"2007-08-18",115.669,FALSE,NA,NA,"<= day","daily",NA,NA,NA
"2007-08-19",113.797,FALSE,NA,NA,"<= day","daily",NA,NA,NA
"2007-08-20",113.686,FALSE,NA,NA,"<= day","daily",NA,NA,NA
"2007-08-21",116.804,FALSE,NA,NA,"<= day","daily",NA,NA,NA
"2007-08-22",127.629,FALSE,NA,NA,"<= day","daily",NA,NA,NA
"2007-08-23",111.634,FALSE,NA,NA,"<= day","daily",NA,NA,NA
"2007-08-24",112.381,FALSE,NA,NA,"<= day","daily",NA,NA,NA
"2007-08-25",116.723,FALSE,NA,NA,"<= day","daily",NA,NA,NA
"2007-08-26",0,TRUE,"outlier","manual","<= day","daily",NA,NA,NA
"2007-08-27",128.346,FALSE,NA,NA,"<= day","daily",NA,NA,NA
"2007-08-28",127.985,FALSE,NA,NA,"<= day","daily",NA,NA,NA
"2007-08-29",167.678,FALSE,NA,NA,"<= day","daily",NA,NA,NA
"2007-08-30",175.161,FALSE,NA,NA,"<= day","daily",NA,NA,NA
"2007-08-31",148.139,FALSE,NA,NA,"<= day","daily",NA,NA,NA
"2007-09-01",122.462,FALSE,NA,NA,"<= day","daily",NA,NA,NA
"2007-09-02",116.238,FALSE,NA,NA,"<= day","daily",NA,NA,NA
"2007-09-03",113.356,FALSE,NA,NA,"<= day","daily",NA,NA,NA
"2007-09-04",146.759,FALSE,NA,NA,"<= day","daily",NA,NA,NA
"2007-09-05",113.666,FALSE,NA,NA,"<= day","daily",NA,NA,NA
"2007-09-06",93.696,FALSE,NA,NA,"<= day","daily",NA,NA,NA
"2007-09-07",104.673,FALSE,NA,NA,"<= day","daily",NA,NA,NA
"2007-09-08",104.957,FALSE,NA,NA,"<= day","daily",NA,NA,NA
"2007-09-09",107.776,FALSE,NA,NA,"<= day","daily",NA,NA,NA
"2007-09-10",108.793,FALSE,NA,NA,"<= day","daily",NA,NA,NA
"2007-09-11",108.058,FALSE,NA,NA,"<= day","daily",NA,NA,NA
"2007-09-12",106.63,FALSE,NA,NA,"<= day","daily",NA,NA,NA
"2007-09-13",107.244,FALSE,NA,NA,"<= day","daily",NA,NA,NA
"2007-09-14",109.138,FALSE,NA,NA,"<= day","daily",NA,NA,NA
"2007-09-15",109.258,FALSE,NA,NA,"<= day","daily",NA,NA,NA
"2007-09-16",108.04,FALSE,NA,NA,"<= day","daily",NA,NA,NA
"2007-09-17",110.168,FALSE,NA,NA,"<= day","daily",NA,NA,NA
"2007-09-18",153.655,FALSE,NA,NA,"<= day","daily",NA,NA,NA
"2007-09-19",122.021,FALSE,NA,NA,"<= day","daily",NA,NA,NA
"2007-09-20",109.999,FALSE,NA,NA,"<= day","daily",NA,NA,NA
"2007-09-21",103.132,FALSE,NA,NA,"<= day","daily",NA,NA,NA
"2007-09-22",102.461,FALSE,NA,NA,"<= day","daily",NA,NA,NA
"2007-09-23",103.157,FALSE,NA,NA,"<= day","daily",NA,NA,NA
"2007-09-24",104.589,FALSE,NA,NA,"<= day","daily",NA,NA,NA
"2007-09-25",110.264,FALSE,NA,NA,"<= day","daily",NA,NA,NA
"2007-09-26",105.593,FALSE,NA,NA,"<= day","daily",NA,NA,NA
"2007-09-27",108.565,FALSE,NA,NA,"<= day","daily",NA,NA,NA
"2007-09-28",112.39,FALSE,NA,NA,"<= day","daily",NA,NA,NA
"2007-09-29",0,TRUE,"outlier","manual","<= day","daily",NA,NA,NA
"2007-09-30",0,TRUE,"outlier","manual","<= day","daily",NA,NA,NA
"2007-10-01",121.228,FALSE,NA,NA,"<= day","daily",NA,NA,NA
"2007-10-02",118.791,FALSE,NA,NA,"<= day","daily",NA,NA,NA
"2007-10-03",116.553,FALSE,NA,NA,"<= day","daily",NA,NA,NA
"2007-10-04",179.083,FALSE,NA,NA,"<= day","daily",NA,NA,NA
"2007-10-05",136.158,FALSE,NA,NA,"<= day","daily",NA,NA,NA
"2007-10-06",120.919,FALSE,NA,NA,"<= day","daily",NA,NA,NA
"2007-10-07",116.543,FALSE,NA,NA,"<= day","daily",NA,NA,NA
"2007-10-08",112.34,FALSE,NA,NA,"<= day","daily",NA,NA,NA
"2007-10-09",108.878,FALSE,NA,NA,"<= day","daily",NA,NA,NA
"2007-10-10",106.825,FALSE,NA,NA,"<= day","daily",NA,NA,NA
"2007-10-11",104.38,FALSE,NA,NA,"<= day","daily",NA,NA,NA
"2007-10-12",103.596,FALSE,NA,NA,"<= day","daily",NA,NA,NA
"2007-10-13",102.235,FALSE,NA,NA,"<= day","daily",NA,NA,NA
"2007-10-14",103.593,FALSE,NA,NA,"<= day","daily",NA,NA,NA
"2007-10-15",104.911,FALSE,NA,NA,"<= day","daily",NA,NA,NA
"2007-10-16",104.281,FALSE,NA,NA,"<= day","daily",NA,NA,NA
"2007-10-17",103.52,FALSE,NA,NA,"<= day","daily",NA,NA,NA
"2007-10-18",104.813,FALSE,NA,NA,"<= day","daily",NA,NA,NA
"2007-10-19",98.839,FALSE,NA,NA,"<= day","daily",NA,NA,NA
"2007-10-20",80.234,FALSE,NA,NA,"<= day","daily",NA,NA,NA
"2007-10-21",73.495,FALSE,NA,NA,"<= day","daily",NA,NA,NA
"2007-10-22",67.824,FALSE,NA,NA,"<= day","daily",NA,NA,NA
"2007-10-23",64.328,FALSE,NA,NA,"<= day","daily",NA,NA,NA
"2007-10-24",60.824,FALSE,NA,NA,"<= day","daily",NA,NA,NA
"2007-10-25",57.815,FALSE,NA,NA,"<= day","daily",NA,NA,NA
"2007-10-26",54.717,FALSE,NA,NA,"<= day","daily",NA,NA,NA
"2007-10-27",52.442,FALSE,NA,NA,"<= day","daily",NA,NA,NA
"2007-10-28",0,TRUE,"outlier","manual","<= day","daily",NA,NA,NA
"2007-10-29",48.204,FALSE,NA,NA,"<= day","daily",NA,NA,NA
"2007-10-30",48.7,FALSE,NA,NA,"<= day","daily",NA,NA,NA
"2007-10-31",48.371,FALSE,NA,NA,"<= day","daily",NA,NA,NA
"2007-11-01",47.728,FALSE,NA,NA,"<= day","daily",NA,NA,NA
"2007-11-02",46.556,FALSE,NA,NA,"<= day","daily",NA,NA,NA
"2007-11-03",45.341,FALSE,NA,NA,"<= day","daily",NA,NA,NA
"2007-11-04",44.266,FALSE,NA,NA,"<= day","daily",NA,NA,NA
"2007-11-05",42.261,FALSE,NA,NA,"<= day","daily",NA,NA,NA
"2007-11-06",39.249,FALSE,NA,NA,"<= day","daily",NA,NA,NA
"2007-11-07",34.883,FALSE,NA,NA,"<= day","daily",NA,NA,NA
"2007-11-08",36.418,FALSE,NA,NA,"<= day","daily",NA,NA,NA
"2007-11-09",35.425,FALSE,NA,NA,"<= day","daily",NA,NA,NA
"2007-11-10",38.927,FALSE,NA,NA,"<= day","daily",NA,NA,NA
"2007-11-11",42.757,FALSE,NA,NA,"<= day","daily",NA,NA,NA
"2007-11-12",44.272,FALSE,NA,NA,"<= day","daily",NA,NA,NA
"2007-11-13",43.281,FALSE,NA,NA,"<= day","daily",NA,NA,NA
"2007-11-14",43.916,FALSE,NA,NA,"<= day","daily",NA,NA,NA
"2007-11-15",44.459,FALSE,NA,NA,"<= day","daily",NA,NA,NA
"2007-11-16",44.956,FALSE,NA,NA,"<= day","daily",NA,NA,NA
"2007-11-17",44.662,FALSE,NA,NA,"<= day","daily",NA,NA,NA
"2007-11-18",45.178,FALSE,NA,NA,"<= day","daily",NA,NA,NA
"2007-11-19",45.36,FALSE,NA,NA,"<= day","daily",NA,NA,NA
"2007-11-20",44.2,FALSE,NA,NA,"<= day","daily",NA,NA,NA
"2007-11-21",44.532,FALSE,NA,NA,"<= day","daily",NA,NA,NA
"2007-11-22",46.77,FALSE,NA,NA,"<= day","daily",NA,NA,NA
"2007-11-23",52.296,FALSE,NA,NA,"<= day","daily",NA,NA,NA
"2007-11-24",57.25,FALSE,NA,NA,"<= day","daily",NA,NA,NA
"2007-11-25",60.269,FALSE,NA,NA,"<= day","daily",NA,NA,NA
"2007-11-26",55.916,FALSE,NA,NA,"<= day","daily",NA,NA,NA
"2007-11-27",53.785,FALSE,NA,NA,"<= day","daily",NA,NA,NA
"2007-11-28",56.878,FALSE,NA,NA,"<= day","daily",NA,NA,NA
"2007-11-29",56.354,FALSE,NA,NA,"<= day","daily",NA,NA,NA
"2007-11-30",54.849,FALSE,NA,NA,"<= day","daily",NA,NA,NA
"2007-12-01",53.731,FALSE,NA,NA,"<= day","daily",NA,NA,NA
"2007-12-02",50.937,FALSE,NA,NA,"<= day","daily",NA,NA,NA
"2007-12-03",49.664,FALSE,NA,NA,"<= day","daily",NA,NA,NA
"2007-12-04",50.622,FALSE,NA,NA,"<= day","daily",NA,NA,NA
"2007-12-05",52.065,FALSE,NA,NA,"<= day","daily",NA,NA,NA
"2007-12-06",54.799,FALSE,NA,NA,"<= day","daily",NA,NA,NA
"2007-12-07",101.594,FALSE,NA,NA,"<= day","daily",NA,NA,NA
"2007-12-08",72.455,FALSE,NA,NA,"<= day","daily",NA,NA,NA
"2007-12-09",62.807,FALSE,NA,NA,"<= day","daily",NA,NA,NA
"2007-12-10",76.405,FALSE,NA,NA,"<= day","daily",NA,NA,NA
"2007-12-11",43.185,TRUE,"outlier","manual","<= day","daily",NA,NA,NA
"2007-12-12",56.438,FALSE,NA,NA,"<= day","daily",NA,NA,NA
"2007-12-13",55.545,FALSE,NA,NA,"<= day","daily",NA,NA,NA
"2007-12-14",54.635,FALSE,NA,NA,"<= day","daily",NA,NA,NA
"2007-12-15",53.658,FALSE,NA,NA,"<= day","daily",NA,NA,NA
"2007-12-16",52.241,FALSE,NA,NA,"<= day","daily",NA,NA,NA
"2007-12-17",51.407,FALSE,NA,NA,"<= day","daily",NA,NA,NA
"2007-12-18",50.286,FALSE,NA,NA,"<= day","daily",NA,NA,NA
"2007-12-19",49.456,FALSE,NA,NA,"<= day","daily",NA,NA,NA
"2007-12-20",49.088,FALSE,NA,NA,"<= day","daily",NA,NA,NA
"2007-12-21",49.332,FALSE,NA,NA,"<= day","daily",NA,NA,NA
"2007-12-22",49.218,FALSE,NA,NA,"<= day","daily",NA,NA,NA
"2007-12-23",48.241,FALSE,NA,NA,"<= day","daily",NA,NA,NA
"2007-12-24",47.121,FALSE,NA,NA,"<= day","daily",NA,NA,NA
"2007-12-25",47.389,FALSE,NA,NA,"<= day","daily",NA,NA,NA
"2007-12-26",46.3,FALSE,NA,NA,"<= day","daily",NA,NA,NA
"2007-12-27",44.238,FALSE,NA,NA,"<= day","daily",NA,NA,NA
"2007-12-28",43.26,FALSE,NA,NA,"<= day","daily",NA,NA,NA
"2007-12-29",42.469,FALSE,NA,NA,"<= day","daily",NA,NA,NA
"2007-12-30",42.775,FALSE,NA,NA,"<= day","daily",NA,NA,NA
"2007-12-31",41.095,FALSE,NA,NA,"<= day","daily",NA,NA,NA
"2008-01-01",40.05,FALSE,NA,NA,"<= day","daily",NA,NA,NA
"2008-01-02",39.15,FALSE,NA,NA,"<= day","daily",NA,NA,NA
"2008-01-03",38.618,FALSE,NA,NA,"<= day","daily",NA,NA,NA
"2008-01-04",37.719,FALSE,NA,NA,"<= day","daily",NA,NA,NA
"2008-01-05",36.579,FALSE,NA,NA,"<= day","daily",NA,NA,NA
"2008-01-06",36.752,FALSE,NA,NA,"<= day","daily",NA,NA,NA
"2008-01-07",76.464,FALSE,NA,NA,"<= day","daily",NA,NA,NA
"2008-01-08",60.461,FALSE,NA,NA,"<= day","daily",NA,NA,NA
"2008-01-09",48.321,FALSE,NA,NA,"<= day","daily",NA,NA,NA
"2008-01-10",44.394,FALSE,NA,NA,"<= day","daily",NA,NA,NA
"2008-01-11",43.19,FALSE,NA,NA,"<= day","daily",NA,NA,NA
"2008-01-12",41.8,FALSE,NA,NA,"<= day","daily",NA,NA,NA
"2008-01-13",40.398,FALSE,NA,NA,"<= day","daily",NA,NA,NA
"2008-01-14",39.755,FALSE,NA,NA,"<= day","daily",NA,NA,NA
"2008-01-15",38.777,FALSE,NA,NA,"<= day","daily",NA,NA,NA
"2008-01-16",38.486,FALSE,NA,NA,"<= day","daily",NA,NA,NA
"2008-01-17",37.836,FALSE,NA,NA,"<= day","daily",NA,NA,NA
"2008-01-18",37.208,FALSE,NA,NA,"<= day","daily",NA,NA,NA
"2008-01-19",39.47,FALSE,NA,NA,"<= day","daily",NA,NA,NA
"2008-01-20",43.941,FALSE,NA,NA,"<= day","daily",NA,NA,NA
"2008-01-21",46.087,FALSE,NA,NA,"<= day","daily",NA,NA,NA
"2008-01-22",46.757,FALSE,NA,NA,"<= day","daily",NA,NA,NA
"2008-01-23",42.416,FALSE,NA,NA,"<= day","daily",NA,NA,NA
"2008-01-24",43.213,FALSE,NA,NA,"<= day","daily",NA,NA,NA
"2008-01-25",46.924,FALSE,NA,NA,"<= day","daily",NA,NA,NA
"2008-01-26",47.208,FALSE,NA,NA,"<= day","daily",NA,NA,NA
"2008-01-27",45.06,FALSE,NA,NA,"<= day","daily",NA,NA,NA
"2008-01-28",45.496,FALSE,NA,NA,"<= day","daily",NA,NA,NA
"2008-01-29",53.483,FALSE,NA,NA,"<= day","daily",NA,NA,NA
"2008-01-30",52.137,FALSE,NA,NA,"<= day","daily",NA,NA,NA
"2008-01-31",46.168,FALSE,NA,NA,"<= day","daily",NA,NA,NA
"2008-02-01",44.039,FALSE,NA,NA,"<= day","daily",NA,NA,NA
"2008-02-02",42.057,FALSE,NA,NA,"<= day","daily",NA,NA,NA
"2008-02-03",39.902,FALSE,NA,NA,"<= day","daily",NA,NA,NA
"2008-02-04",38.573,FALSE,NA,NA,"<= day","daily",NA,NA,NA
"2008-02-05",37.386,FALSE,NA,NA,"<= day","daily",NA,NA,NA
"2008-02-06",37.315,FALSE,NA,NA,"<= day","daily",NA,NA,NA
"2008-02-07",37.112,FALSE,NA,NA,"<= day","daily",NA,NA,NA
"2008-02-08",38.446,FALSE,NA,NA,"<= day","daily",NA,NA,NA
"2008-02-09",44.188,FALSE,NA,NA,"<= day","daily",NA,NA,NA
"2008-02-10",47.9,FALSE,NA,NA,"<= day","daily",NA,NA,NA
"2008-02-11",50.179,FALSE,NA,NA,"<= day","daily",NA,NA,NA
"2008-02-12",50.139,FALSE,NA,NA,"<= day","daily",NA,NA,NA
"2008-02-13",48.743,FALSE,NA,NA,"<= day","daily",NA,NA,NA
"2008-02-14",48.467,FALSE,NA,NA,"<= day","daily",NA,NA,NA
"2008-02-15",49.394,FALSE,NA,NA,"<= day","daily",NA,NA,NA
"2008-02-16",51.81,FALSE,NA,NA,"<= day","daily",NA,NA,NA
"2008-02-17",0,TRUE,"outlier","manual","<= day","daily",NA,NA,NA
"2008-02-18",52.188,FALSE,NA,NA,"<= day","daily",NA,NA,NA
"2008-02-19",55.494,FALSE,NA,NA,"<= day","daily",NA,NA,NA
"2008-02-20",54.445,FALSE,NA,NA,"<= day","daily",NA,NA,NA
"2008-02-21",53.685,FALSE,NA,NA,"<= day","daily",NA,NA,NA
"2008-02-22",64.602,FALSE,NA,NA,"<= day","daily",NA,NA,NA
"2008-02-23",72.134,FALSE,NA,NA,"<= day","daily",NA,NA,NA
"2008-02-24",0,TRUE,"outlier","manual","<= day","daily",NA,NA,NA
"2008-02-25",101.847,FALSE,NA,NA,"<= day","daily",NA,NA,NA
"2008-02-26",101.771,FALSE,NA,NA,"<= day","daily",NA,NA,NA
"2008-02-27",113.419,FALSE,NA,NA,"<= day","daily",NA,NA,NA
"2008-02-28",88.739,FALSE,NA,NA,"<= day","daily",NA,NA,NA
"2008-02-29",93.719,FALSE,NA,NA,"<= day","daily",NA,NA,NA
"2008-03-01",109.41,FALSE,NA,NA,"<= day","daily",NA,NA,NA
"2008-03-02",96.188,FALSE,NA,NA,"<= day","daily",NA,NA,NA
"2008-03-03",84.192,FALSE,NA,NA,"<= day","daily",NA,NA,NA
"2008-03-04",69.646,FALSE,NA,NA,"<= day","daily",NA,NA,NA
"2008-03-05",56.179,FALSE,NA,NA,"<= day","daily",NA,NA,NA
"2008-03-06",52.158,FALSE,NA,NA,"<= day","daily",NA,NA,NA
"2008-03-07",48.37,FALSE,NA,NA,"<= day","daily",NA,NA,NA
"2008-03-08",44.948,FALSE,NA,NA,"<= day","daily",NA,NA,NA
"2008-03-09",43.827,FALSE,NA,NA,"<= day","daily",NA,NA,NA
"2008-03-10",44.266,FALSE,NA,NA,"<= day","daily",NA,NA,NA
"2008-03-11",43.49,FALSE,NA,NA,"<= day","daily",NA,NA,NA
"2008-03-12",98.115,FALSE,NA,NA,"<= day","daily",NA,NA,NA
"2008-03-13",77.992,FALSE,NA,NA,"<= day","daily",NA,NA,NA
"2008-03-14",79.201,FALSE,NA,NA,"<= day","daily",NA,NA,NA
"2008-03-15",84.372,FALSE,NA,NA,"<= day","daily",NA,NA,NA
"2008-03-16",83.687,FALSE,NA,NA,"<= day","daily",NA,NA,NA
"2008-03-17",66.134,FALSE,NA,NA,"<= day","daily",NA,NA,NA
"2008-03-18",57.425,FALSE,NA,NA,"<= day","daily",NA,NA,NA
"2008-03-19",52.347,FALSE,NA,NA,"<= day","daily",NA,NA,NA
"2008-03-20",48.44,FALSE,NA,NA,"<= day","daily",NA,NA,NA
"2008-03-21",47.561,FALSE,NA,NA,"<= day","daily",NA,NA,NA
"2008-03-22",47.298,FALSE,NA,NA,"<= day","daily",NA,NA,NA
"2008-03-23",42.21,FALSE,NA,NA,"<= day","daily",NA,NA,NA
"2008-03-24",39.841,FALSE,NA,NA,"<= day","daily",NA,NA,NA
"2008-03-25",38.543,FALSE,NA,NA,"<= day","daily",NA,NA,NA
"2008-03-26",37.895,FALSE,NA,NA,"<= day","daily",NA,NA,NA
"2008-03-27",37.502,FALSE,NA,NA,"<= day","daily",NA,NA,NA
"2008-03-28",37.712,FALSE,NA,NA,"<= day","daily",NA,NA,NA
"2008-03-29",44.542,FALSE,NA,NA,"<= day","daily",NA,NA,NA
"2008-03-30",59.868,FALSE,NA,NA,"<= day","daily",NA,NA,NA
"2008-03-31",61.043,FALSE,NA,NA,"<= day","daily",NA,NA,NA
"2008-04-01",54.023,FALSE,NA,NA,"<= day","daily",NA,NA,NA
"2008-04-02",60.983,FALSE,NA,NA,"<= day","daily",NA,NA,NA
"2008-04-03",49.766,FALSE,NA,NA,"<= day","daily",NA,NA,NA
"2008-04-04",47.354,FALSE,NA,NA,"<= day","daily",NA,NA,NA
"2008-04-05",51.861,FALSE,NA,NA,"<= day","daily",NA,NA,NA
"2008-04-06",54.74,FALSE,NA,NA,"<= day","daily",NA,NA,NA
"2008-04-07",48.856,FALSE,NA,NA,"<= day","daily",NA,NA,NA
"2008-04-08",44.297,FALSE,NA,NA,"<= day","daily",NA,NA,NA
"2008-04-09",42.197,FALSE,NA,NA,"<= day","daily",NA,NA,NA
"2008-04-10",43.892,FALSE,NA,NA,"<= day","daily",NA,NA,NA
"2008-04-11",0,TRUE,"outlier","manual","<= day","daily",NA,NA,NA
"2008-04-12",72.303,FALSE,NA,NA,"<= day","daily",NA,NA,NA
"2008-04-13",68.853,FALSE,NA,NA,"<= day","daily",NA,NA,NA
"2008-04-14",72.919,FALSE,NA,NA,"<= day","daily",NA,NA,NA
"2008-04-15",57.606,FALSE,NA,NA,"<= day","daily",NA,NA,NA
"2008-04-16",52.465,FALSE,NA,NA,"<= day","daily",NA,NA,NA
"2008-04-17",57.418,FALSE,NA,NA,"<= day","daily",NA,NA,NA
"2008-04-18",73.336,FALSE,NA,NA,"<= day","daily",NA,NA,NA
"2008-04-19",92.085,FALSE,NA,NA,"<= day","daily",NA,NA,NA
"2008-04-20",107.112,FALSE,NA,NA,"<= day","daily",NA,NA,NA
"2008-04-21",117.107,FALSE,NA,NA,"<= day","daily",NA,NA,NA
"2008-04-22",98.692,FALSE,NA,NA,"<= day","daily",NA,NA,NA
"2008-04-23",98.331,FALSE,NA,NA,"<= day","daily",NA,NA,NA
"2008-04-24",123.269,FALSE,NA,NA,"<= day","daily",NA,NA,NA
"2008-04-25",129.473,FALSE,NA,NA,"<= day","daily",NA,NA,NA
"2008-04-26",130.748,FALSE,NA,NA,"<= day","daily",NA,NA,NA
"2008-04-27",134.461,FALSE,NA,NA,"<= day","daily",NA,NA,NA
"2008-04-28",136.263,FALSE,NA,NA,"<= day","daily",NA,NA,NA
"2008-04-29",137.468,FALSE,NA,NA,"<= day","daily",NA,NA,NA
"2008-04-30",131.337,FALSE,NA,NA,"<= day","daily",NA,NA,NA
"2008-05-01",123.352,FALSE,NA,NA,"<= day","daily",NA,NA,NA
"2008-05-02",126.506,FALSE,NA,NA,"<= day","daily",NA,NA,NA
"2008-05-03",131.555,FALSE,NA,NA,"<= day","daily",NA,NA,NA
"2008-05-04",146.535,FALSE,NA,NA,"<= day","daily",NA,NA,NA
"2008-05-05",174.519,FALSE,NA,NA,"<= day","daily",NA,NA,NA
"2008-05-06",181.679,FALSE,NA,NA,"<= day","daily",NA,NA,NA
"2008-05-07",181.888,FALSE,NA,NA,"<= day","daily",NA,NA,NA
"2008-05-08",183.684,FALSE,NA,NA,"<= day","daily",NA,NA,NA
"2008-05-09",182.807,FALSE,NA,NA,"<= day","daily",NA,NA,NA
"2008-05-10",176.905,FALSE,NA,NA,"<= day","daily",NA,NA,NA
"2008-05-11",173.441,FALSE,NA,NA,"<= day","daily",NA,NA,NA
"2008-05-12",167.143,FALSE,NA,NA,"<= day","daily",NA,NA,NA
"2008-05-13",164.014,FALSE,NA,NA,"<= day","daily",NA,NA,NA
"2008-05-14",176.001,FALSE,NA,NA,"<= day","daily",NA,NA,NA
"2008-05-15",176.339,FALSE,NA,NA,"<= day","daily",NA,NA,NA
"2008-05-16",176.645,FALSE,NA,NA,"<= day","daily",NA,NA,NA
"2008-05-17",180.238,FALSE,NA,NA,"<= day","daily",NA,NA,NA
"2008-05-18",182.883,FALSE,NA,NA,"<= day","daily",NA,NA,NA
"2008-05-19",179.012,FALSE,NA,NA,"<= day","daily",NA,NA,NA
"2008-05-20",168.289,FALSE,NA,NA,"<= day","daily",NA,NA,NA
"2008-05-21",178.717,FALSE,NA,NA,"<= day","daily",NA,NA,NA
"2008-05-22",178.942,FALSE,NA,NA,"<= day","daily",NA,NA,NA
"2008-05-23",179.04,FALSE,NA,NA,"<= day","daily",NA,NA,NA
"2008-05-24",180.568,FALSE,NA,NA,"<= day","daily",NA,NA,NA
"2008-05-25",180.027,FALSE,NA,NA,"<= day","daily",NA,NA,NA
"2008-05-26",184.025,FALSE,NA,NA,"<= day","daily",NA,NA,NA
"2008-05-27",150.962,FALSE,NA,NA,"<= day","daily",NA,NA,NA
"2008-05-28",194.373,FALSE,NA,NA,"<= day","daily",NA,NA,NA
"2008-05-29",191.894,FALSE,NA,NA,"<= day","daily",NA,NA,NA
"2008-05-30",188.008,FALSE,NA,NA,"<= day","daily",NA,NA,NA
"2008-05-31",0,TRUE,"outlier","manual","<= day","daily",NA,NA,NA
"2008-06-01",0,TRUE,"outlier","manual","<= day","daily",NA,NA,NA
"2008-06-02",182.545,FALSE,NA,NA,"<= day","daily",NA,NA,NA
"2008-06-03",167.152,FALSE,NA,NA,"<= day","daily",NA,NA,NA
"2008-06-04",183.181,FALSE,NA,NA,"<= day","daily",NA,NA,NA
"2008-06-05",183.893,FALSE,NA,NA,"<= day","daily",NA,NA,NA
"2008-06-06",184.558,FALSE,NA,NA,"<= day","daily",NA,NA,NA
"2008-06-07",182.25,FALSE,NA,NA,"<= day","daily",NA,NA,NA
"2008-06-08",181.775,FALSE,NA,NA,"<= day","daily",NA,NA,NA
"2008-06-09",182.422,FALSE,NA,NA,"<= day","daily",NA,NA,NA
"2008-06-10",181.304,FALSE,NA,NA,"<= day","daily",NA,NA,NA
"2008-06-11",163.96,FALSE,NA,NA,"<= day","daily",NA,NA,NA
"2008-06-12",182.173,FALSE,NA,NA,"<= day","daily",NA,NA,NA
"2008-06-13",182.795,FALSE,NA,NA,"<= day","daily",NA,NA,NA
"2008-06-14",175.091,FALSE,NA,NA,"<= day","daily",NA,NA,NA
"2008-06-15",158.514,FALSE,NA,NA,"<= day","daily",NA,NA,NA
"2008-06-16",142.788,FALSE,NA,NA,"<= day","daily",NA,NA,NA
"2008-06-17",175.81,FALSE,NA,NA,"<= day","daily",NA,NA,NA
"2008-06-18",178.266,FALSE,NA,NA,"<= day","daily",NA,NA,NA
"2008-06-19",177.787,FALSE,NA,NA,"<= day","daily",NA,NA,NA
"2008-06-20",181.095,FALSE,NA,NA,"<= day","daily",NA,NA,NA
"2008-06-21",180.667,FALSE,NA,NA,"<= day","daily",NA,NA,NA
"2008-06-22",181.853,FALSE,NA,NA,"<= day","daily",NA,NA,NA
"2008-06-23",180.534,FALSE,NA,NA,"<= day","daily",NA,NA,NA
"2008-06-24",177.191,FALSE,NA,NA,"<= day","daily",NA,NA,NA
"2008-06-25",177.449,FALSE,NA,NA,"<= day","daily",NA,NA,NA
"2008-06-26",176.475,FALSE,NA,NA,"<= day","daily",NA,NA,NA
"2008-06-27",175.096,FALSE,NA,NA,"<= day","daily",NA,NA,NA
"2008-06-28",173.343,FALSE,NA,NA,"<= day","daily",NA,NA,NA
"2008-06-29",172.883,FALSE,NA,NA,"<= day","daily",NA,NA,NA
"2008-06-30",174.228,FALSE,NA,NA,"<= day","daily",NA,NA,NA
"2008-07-01",170.551,FALSE,NA,NA,"<= day","daily",NA,NA,NA
"2008-07-02",169.832,FALSE,NA,NA,"<= day","daily",NA,NA,NA
"2008-07-03",166.644,FALSE,NA,NA,"<= day","daily",NA,NA,NA
"2008-07-04",165.802,FALSE,NA,NA,"<= day","daily",NA,NA,NA
"2008-07-05",159.862,FALSE,NA,NA,"<= day","daily",NA,NA,NA
"2008-07-06",170.663,FALSE,NA,NA,"<= day","daily",NA,NA,NA
"2008-07-07",173.233,FALSE,NA,NA,"<= day","daily",NA,NA,NA
"2008-07-08",153.768,FALSE,NA,NA,"<= day","daily",NA,NA,NA
"2008-07-09",141.505,FALSE,NA,NA,"<= day","daily",NA,NA,NA
"2008-07-10",148.67,FALSE,NA,NA,"<= day","daily",NA,NA,NA
"2008-07-11",149.768,FALSE,NA,NA,"<= day","daily",NA,NA,NA
"2008-07-12",0,TRUE,"outlier","manual","<= day","daily",NA,NA,NA
"2008-07-13",0,TRUE,"outlier","manual","<= day","daily",NA,NA,NA
"2008-07-14",170.89,FALSE,NA,NA,"<= day","daily",NA,NA,NA
"2008-07-15",149.694,FALSE,NA,NA,"<= day","daily",NA,NA,NA
"2008-07-16",136.262,FALSE,NA,NA,"<= day","daily",NA,NA,NA
"2008-07-17",142.471,FALSE,NA,NA,"<= day","daily",NA,NA,NA
"2008-07-18",164.07,FALSE,NA,NA,"<= day","daily",NA,NA,NA
"2008-07-19",144.351,FALSE,NA,NA,"<= day","daily",NA,NA,NA
"2008-07-20",162.033,FALSE,NA,NA,"<= day","daily",NA,NA,NA
"2008-07-21",153.455,FALSE,NA,NA,"<= day","daily",NA,NA,NA
"2008-07-22",123.76,FALSE,NA,NA,"<= day","daily",NA,NA,NA
"2008-07-23",121.787,FALSE,NA,NA,"<= day","daily",NA,NA,NA
"2008-07-24",126.234,FALSE,NA,NA,"<= day","daily",NA,NA,NA
"2008-07-25",128.643,FALSE,NA,NA,"<= day","daily",NA,NA,NA
"2008-07-26",136.616,FALSE,NA,NA,"<= day","daily",NA,NA,NA
"2008-07-27",148.168,FALSE,NA,NA,"<= day","daily",NA,NA,NA
"2008-07-28",132.241,FALSE,NA,NA,"<= day","daily",NA,NA,NA
"2008-07-29",148.201,FALSE,NA,NA,"<= day","daily",NA,NA,NA
"2008-07-30",136.012,FALSE,NA,NA,"<= day","daily",NA,NA,NA
"2008-07-31",158.994,FALSE,NA,NA,"<= day","daily",NA,NA,NA
"2008-08-01",132.328,FALSE,NA,NA,"<= day","daily",NA,NA,NA
"2008-08-02",136.214,FALSE,NA,NA,"<= day","daily",NA,NA,NA
"2008-08-03",131.683,FALSE,NA,NA,"<= day","daily",NA,NA,NA
"2008-08-04",131.561,FALSE,NA,NA,"<= day","daily",NA,NA,NA
"2008-08-05",129.653,FALSE,NA,NA,"<= day","daily",NA,NA,NA
"2008-08-06",123.367,FALSE,NA,NA,"<= day","daily",NA,NA,NA
"2008-08-07",111.094,FALSE,NA,NA,"<= day","daily",NA,NA,NA
"2008-08-08",132.181,FALSE,NA,NA,"<= day","daily",NA,NA,NA
"2008-08-09",122.726,FALSE,NA,NA,"<= day","daily",NA,NA,NA
"2008-08-10",118.175,FALSE,NA,NA,"<= day","daily",NA,NA,NA
"2008-08-11",122.342,FALSE,NA,NA,"<= day","daily",NA,NA,NA
"2008-08-12",172.759,FALSE,NA,NA,"<= day","daily",NA,NA,NA
"2008-08-13",169.117,FALSE,NA,NA,"<= day","daily",NA,NA,NA
"2008-08-14",129.33,FALSE,NA,NA,"<= day","daily",NA,NA,NA
"2008-08-15",146.199,FALSE,NA,NA,"<= day","daily",NA,NA,NA
"2008-08-16",170.651,FALSE,NA,NA,"<= day","daily",NA,NA,NA
"2008-08-17",126.69,FALSE,NA,NA,"<= day","daily",NA,NA,NA
"2008-08-18",115.407,FALSE,NA,NA,"<= day","daily",NA,NA,NA
"2008-08-19",124.635,FALSE,NA,NA,"<= day","daily",NA,NA,NA
"2008-08-20",175.053,FALSE,NA,NA,"<= day","daily",NA,NA,NA
"2008-08-21",133.688,FALSE,NA,NA,"<= day","daily",NA,NA,NA
"2008-08-22",124.122,FALSE,NA,NA,"<= day","daily",NA,NA,NA
"2008-08-23",147.537,FALSE,NA,NA,"<= day","daily",NA,NA,NA
"2008-08-24",121.377,FALSE,NA,NA,"<= day","daily",NA,NA,NA
"2008-08-25",114.531,FALSE,NA,NA,"<= day","daily",NA,NA,NA
"2008-08-26",118.261,FALSE,NA,NA,"<= day","daily",NA,NA,NA
"2008-08-27",116.842,FALSE,NA,NA,"<= day","daily",NA,NA,NA
"2008-08-28",116.722,FALSE,NA,NA,"<= day","daily",NA,NA,NA
"2008-08-29",116.573,FALSE,NA,NA,"<= day","daily",NA,NA,NA
"2008-08-30",117.667,FALSE,NA,NA,"<= day","daily",NA,NA,NA
"2008-08-31",117.866,FALSE,NA,NA,"<= day","daily",NA,NA,NA
"2008-09-01",129.99,FALSE,NA,NA,"<= day","daily",NA,NA,NA
"2008-09-02",119.526,FALSE,NA,NA,"<= day","daily",NA,NA,NA
"2008-09-03",114.684,FALSE,NA,NA,"<= day","daily",NA,NA,NA
"2008-09-04",172.48,FALSE,NA,NA,"<= day","daily",NA,NA,NA
"2008-09-05",168.847,FALSE,NA,NA,"<= day","daily",NA,NA,NA
"2008-09-06",138.965,FALSE,NA,NA,"<= day","daily",NA,NA,NA
"2008-09-07",154.637,FALSE,NA,NA,"<= day","daily",NA,NA,NA
"2008-09-08",118.49,FALSE,NA,NA,"<= day","daily",NA,NA,NA
"2008-09-09",118.067,FALSE,NA,NA,"<= day","daily",NA,NA,NA
"2008-09-10",119.238,FALSE,NA,NA,"<= day","daily",NA,NA,NA
"2008-09-11",115.911,FALSE,NA,NA,"<= day","daily",NA,NA,NA
"2008-09-12",145.798,FALSE,NA,NA,"<= day","daily",NA,NA,NA
"2008-09-13",117.757,FALSE,NA,NA,"<= day","daily",NA,NA,NA
"2008-09-14",117.263,FALSE,NA,NA,"<= day","daily",NA,NA,NA
"2008-09-15",113.595,FALSE,NA,NA,"<= day","daily",NA,NA,NA
"2008-09-16",110.373,FALSE,NA,NA,"<= day","daily",NA,NA,NA
"2008-09-17",106.545,FALSE,NA,NA,"<= day","daily",NA,NA,NA
"2008-09-18",105.233,FALSE,NA,NA,"<= day","daily",NA,NA,NA
"2008-09-19",162.413,FALSE,NA,NA,"<= day","daily",NA,NA,NA
"2008-09-20",126.06,FALSE,NA,NA,"<= day","daily",NA,NA,NA
"2008-09-21",116.18,FALSE,NA,NA,"<= day","daily",NA,NA,NA
"2008-09-22",110.131,FALSE,NA,NA,"<= day","daily",NA,NA,NA
"2008-09-23",107.507,FALSE,NA,NA,"<= day","daily",NA,NA,NA
"2008-09-24",105.078,FALSE,NA,NA,"<= day","daily",NA,NA,NA
"2008-09-25",103.711,FALSE,NA,NA,"<= day","daily",NA,NA,NA
"2008-09-26",97.16,FALSE,NA,NA,"<= day","daily",NA,NA,NA
"2008-09-27",88.573,FALSE,NA,NA,"<= day","daily",NA,NA,NA
"2008-09-28",83.988,FALSE,NA,NA,"<= day","daily",NA,NA,NA
"2008-09-29",79.112,FALSE,NA,NA,"<= day","daily",NA,NA,NA
"2008-09-30",75.718,FALSE,NA,NA,"<= day","daily",NA,NA,NA
"2008-10-01",72.456,FALSE,NA,NA,"<= day","daily",NA,NA,NA
"2008-10-02",71.35,FALSE,NA,NA,"<= day","daily",NA,NA,NA
"2008-10-03",84.444,FALSE,NA,NA,"<= day","daily",NA,NA,NA
"2008-10-04",103.69,FALSE,NA,NA,"<= day","daily",NA,NA,NA
"2008-10-05",108.374,FALSE,NA,NA,"<= day","daily",NA,NA,NA
"2008-10-06",120.674,FALSE,NA,NA,"<= day","daily",NA,NA,NA
"2008-10-07",165.492,FALSE,NA,NA,"<= day","daily",NA,NA,NA
"2008-10-08",129.776,FALSE,NA,NA,"<= day","daily",NA,NA,NA
"2008-10-09",122.719,FALSE,NA,NA,"<= day","daily",NA,NA,NA
"2008-10-10",119.577,FALSE,NA,NA,"<= day","daily",NA,NA,NA
"2008-10-11",113.608,FALSE,NA,NA,"<= day","daily",NA,NA,NA
"2008-10-12",110.935,FALSE,NA,NA,"<= day","daily",NA,NA,NA
"2008-10-13",109.194,FALSE,NA,NA,"<= day","daily",NA,NA,NA
"2008-10-14",113.924,FALSE,NA,NA,"<= day","daily",NA,NA,NA
"2008-10-15",110.298,FALSE,NA,NA,"<= day","daily",NA,NA,NA
"2008-10-16",127.219,FALSE,NA,NA,"<= day","daily",NA,NA,NA
"2008-10-17",163.763,FALSE,NA,NA,"<= day","daily",NA,NA,NA
"2008-10-18",122.662,FALSE,NA,NA,"<= day","daily",NA,NA,NA
"2008-10-19",117.966,FALSE,NA,NA,"<= day","daily",NA,NA,NA
"2008-10-20",111.946,FALSE,NA,NA,"<= day","daily",NA,NA,NA
"2008-10-21",110.243,FALSE,NA,NA,"<= day","daily",NA,NA,NA
"2008-10-22",110.304,FALSE,NA,NA,"<= day","daily",NA,NA,NA
"2008-10-23",94.901,FALSE,NA,NA,"<= day","daily",NA,NA,NA
"2008-10-24",97.054,FALSE,NA,NA,"<= day","daily",NA,NA,NA
"2008-10-25",106.08,FALSE,NA,NA,"<= day","daily",NA,NA,NA
"2008-10-26",94.806,FALSE,NA,NA,"<= day","daily",NA,NA,NA
"2008-10-27",88.584,FALSE,NA,NA,"<= day","daily",NA,NA,NA
"2008-10-28",112.222,FALSE,NA,NA,"<= day","daily",NA,NA,NA
"2008-10-29",105.817,FALSE,NA,NA,"<= day","daily",NA,NA,NA
"2008-10-30",81.404,FALSE,NA,NA,"<= day","daily",NA,NA,NA
"2008-10-31",115.518,FALSE,NA,NA,"<= day","daily",NA,NA,NA
"2008-11-01",119.223,FALSE,NA,NA,"<= day","daily",NA,NA,NA
"2008-11-02",102.221,FALSE,NA,NA,"<= day","daily",NA,NA,NA
"2008-11-03",125.814,FALSE,NA,NA,"<= day","daily",NA,NA,NA
"2008-11-04",120.273,FALSE,NA,NA,"<= day","daily",NA,NA,NA
"2008-11-05",123.105,FALSE,NA,NA,"<= day","daily",NA,NA,NA
"2008-11-06",117.298,FALSE,NA,NA,"<= day","daily",NA,NA,NA
"2008-11-07",116.246,FALSE,NA,NA,"<= day","daily",NA,NA,NA
"2008-11-08",115.238,FALSE,NA,NA,"<= day","daily",NA,NA,NA
"2008-11-09",112.65,FALSE,NA,NA,"<= day","daily",NA,NA,NA
"2008-11-10",110.37,FALSE,NA,NA,"<= day","daily",NA,NA,NA
"2008-11-11",106.063,FALSE,NA,NA,"<= day","daily",NA,NA,NA
"2008-11-12",107.483,FALSE,NA,NA,"<= day","daily",NA,NA,NA
"2008-11-13",104.825,FALSE,NA,NA,"<= day","daily",NA,NA,NA
"2008-11-14",103.888,FALSE,NA,NA,"<= day","daily",NA,NA,NA
"2008-11-15",104.901,FALSE,NA,NA,"<= day","daily",NA,NA,NA
"2008-11-16",103.305,FALSE,NA,NA,"<= day","daily",NA,NA,NA
"2008-11-17",108.156,FALSE,NA,NA,"<= day","daily",NA,NA,NA
"2008-11-18",99.801,FALSE,NA,NA,"<= day","daily",NA,NA,NA
"2008-11-19",94.353,FALSE,NA,NA,"<= day","daily",NA,NA,NA
"2008-11-20",89.169,FALSE,NA,NA,"<= day","daily",NA,NA,NA
"2008-11-21",84.943,FALSE,NA,NA,"<= day","daily",NA,NA,NA
"2008-11-22",88.663,FALSE,NA,NA,"<= day","daily",NA,NA,NA
"2008-11-23",86.702,FALSE,NA,NA,"<= day","daily",NA,NA,NA
"2008-11-24",84.893,FALSE,NA,NA,"<= day","daily",NA,NA,NA
"2008-11-25",80.28,FALSE,NA,NA,"<= day","daily",NA,NA,NA
"2008-11-26",76.639,FALSE,NA,NA,"<= day","daily",NA,NA,NA
"2008-11-27",74.583,FALSE,NA,NA,"<= day","daily",NA,NA,NA
"2008-11-28",73.424,FALSE,NA,NA,"<= day","daily",NA,NA,NA
"2008-11-29",71.822,FALSE,NA,NA,"<= day","daily",NA,NA,NA
"2008-11-30",70.744,FALSE,NA,NA,"<= day","daily",NA,NA,NA
"2008-12-01",69.365,FALSE,NA,NA,"<= day","daily",NA,NA,NA
"2008-12-02",67.237,FALSE,NA,NA,"<= day","daily",NA,NA,NA
"2008-12-03",65.906,FALSE,NA,NA,"<= day","daily",NA,NA,NA
"2008-12-04",64.814,FALSE,NA,NA,"<= day","daily",NA,NA,NA
"2008-12-05",168.34,FALSE,NA,NA,"<= day","daily",NA,NA,NA
"2008-12-06",200,TRUE,"artefact","manual","<= day","daily",NA,NA,NA
"2008-12-07",200,TRUE,"artefact","manual","<= day","daily",NA,NA,NA
"2008-12-08",200,TRUE,"artefact","manual","<= day","daily",NA,NA,NA
"2008-12-09",200,TRUE,"artefact","manual","<= day","daily",NA,NA,NA
"2008-12-10",200,TRUE,"artefact","manual","<= day","daily",NA,NA,NA
"2008-12-11",80.954,FALSE,NA,NA,"<= day","daily",NA,NA,NA
"2008-12-12",51.364,FALSE,NA,NA,"<= day","daily",NA,NA,NA
"2008-12-13",60.875,FALSE,NA,NA,"<= day","daily",NA,NA,NA
"2008-12-14",29.24,TRUE,"outlier","manual","<= day","daily",NA,NA,NA
"2008-12-15",60.009,FALSE,NA,NA,"<= day","daily",NA,NA,NA
"2008-12-16",58.854,FALSE,NA,NA,"<= day","daily",NA,NA,NA
"2008-12-17",59.285,FALSE,NA,NA,"<= day","daily",NA,NA,NA
"2008-12-18",57.71,FALSE,NA,NA,"<= day","daily",NA,NA,NA
"2008-12-19",56.959,FALSE,NA,NA,"<= day","daily",NA,NA,NA
"2008-12-20",56.243,FALSE,NA,NA,"<= day","daily",NA,NA,NA
"2008-12-21",56.959,FALSE,NA,NA,"<= day","daily",NA,NA,NA
"2008-12-22",57.547,FALSE,NA,NA,"<= day","daily",NA,NA,NA
"2008-12-23",59.71,FALSE,NA,NA,"<= day","daily",NA,NA,NA
"2008-12-24",62.181,FALSE,NA,NA,"<= day","daily",NA,NA,NA
"2008-12-25",60.022,FALSE,NA,NA,"<= day","daily",NA,NA,NA
"2008-12-26",56.915,FALSE,NA,NA,"<= day","daily",NA,NA,NA
"2008-12-27",54.823,FALSE,NA,NA,"<= day","daily",NA,NA,NA
"2008-12-28",52.736,FALSE,NA,NA,"<= day","daily",NA,NA,NA
"2008-12-29",51.041,FALSE,NA,NA,"<= day","daily",NA,NA,NA
"2008-12-30",49.535,FALSE,NA,NA,"<= day","daily",NA,NA,NA
"2008-12-31",48.548,FALSE,NA,NA,"<= day","daily",NA,NA,NA
"2009-01-01",47.657,FALSE,NA,NA,"<= day","daily",NA,NA,NA
"2009-01-02",46.695,FALSE,NA,NA,"<= day","daily",NA,NA,NA
"2009-01-03",46.166,FALSE,NA,NA,"<= day","daily",NA,NA,NA
"2009-01-04",45.487,FALSE,NA,NA,"<= day","daily",NA,NA,NA
"2009-01-05",44.976,FALSE,NA,NA,"<= day","daily",NA,NA,NA
"2009-01-06",44.248,FALSE,NA,NA,"<= day","daily",NA,NA,NA
"2009-01-07",43.242,FALSE,NA,NA,"<= day","daily",NA,NA,NA
"2009-01-08",42.123,FALSE,NA,NA,"<= day","daily",NA,NA,NA
"2009-01-09",40.934,FALSE,NA,NA,"<= day","daily",NA,NA,NA
"2009-01-10",40.699,FALSE,NA,NA,"<= day","daily",NA,NA,NA
"2009-01-11",40.476,FALSE,NA,NA,"<= day","daily",NA,NA,NA
"2009-01-12",40.422,FALSE,NA,NA,"<= day","daily",NA,NA,NA
"2009-01-13",40.593,FALSE,NA,NA,"<= day","daily",NA,NA,NA
"2009-01-14",40.178,FALSE,NA,NA,"<= day","daily",NA,NA,NA
"2009-01-15",39.042,FALSE,NA,NA,"<= day","daily",NA,NA,NA
"2009-01-16",38.459,FALSE,NA,NA,"<= day","daily",NA,NA,NA
"2009-01-17",38.251,FALSE,NA,NA,"<= day","daily",NA,NA,NA
"2009-01-18",38.005,FALSE,NA,NA,"<= day","daily",NA,NA,NA
"2009-01-19",37.034,FALSE,NA,NA,"<= day","daily",NA,NA,NA
"2009-01-20",36.695,FALSE,NA,NA,"<= day","daily",NA,NA,NA
"2009-01-21",36.217,FALSE,NA,NA,"<= day","daily",NA,NA,NA
"2009-01-22",36.072,FALSE,NA,NA,"<= day","daily",NA,NA,NA
"2009-01-23",36.219,FALSE,NA,NA,"<= day","daily",NA,NA,NA
"2009-01-24",36.234,FALSE,NA,NA,"<= day","daily",NA,NA,NA
"2009-01-25",36.252,FALSE,NA,NA,"<= day","daily",NA,NA,NA
"2009-01-26",36.21,FALSE,NA,NA,"<= day","daily",NA,NA,NA
"2009-01-27",35.847,FALSE,NA,NA,"<= day","daily",NA,NA,NA
"2009-01-28",35.297,FALSE,NA,NA,"<= day","daily",NA,NA,NA
"2009-01-29",35.224,FALSE,NA,NA,"<= day","daily",NA,NA,NA
"2009-01-30",36.223,FALSE,NA,NA,"<= day","daily",NA,NA,NA
"2009-01-31",37.205,FALSE,NA,NA,"<= day","daily",NA,NA,NA
"2009-02-01",36.715,FALSE,NA,NA,"<= day","daily",NA,NA,NA
"2009-02-02",35.684,FALSE,NA,NA,"<= day","daily",NA,NA,NA
"2009-02-03",35.551,FALSE,NA,NA,"<= day","daily",NA,NA,NA
"2009-02-04",35.713,FALSE,NA,NA,"<= day","daily",NA,NA,NA
"2009-02-05",35.557,FALSE,NA,NA,"<= day","daily",NA,NA,NA
"2009-02-06",35.42,FALSE,NA,NA,"<= day","daily",NA,NA,NA
"2009-02-07",35.233,FALSE,NA,NA,"<= day","daily",NA,NA,NA
"2009-02-08",34.504,FALSE,NA,NA,"<= day","daily",NA,NA,NA
"2009-02-09",33.953,FALSE,NA,NA,"<= day","daily",NA,NA,NA
"2009-02-10",34.034,FALSE,NA,NA,"<= day","daily",NA,NA,NA
"2009-02-11",33.721,FALSE,NA,NA,"<= day","daily",NA,NA,NA
"2009-02-12",33.643,FALSE,NA,NA,"<= day","daily",NA,NA,NA
"2009-02-13",33.541,FALSE,NA,NA,"<= day","daily",NA,NA,NA
"2009-02-14",33.082,FALSE,NA,NA,"<= day","daily",NA,NA,NA
"2009-02-15",32.857,FALSE,NA,NA,"<= day","daily",NA,NA,NA
"2009-02-16",32.73,FALSE,NA,NA,"<= day","daily",NA,NA,NA
"2009-02-17",32.686,FALSE,NA,NA,"<= day","daily",NA,NA,NA
"2009-02-18",32.584,FALSE,NA,NA,"<= day","daily",NA,NA,NA
"2009-02-19",32.344,FALSE,NA,NA,"<= day","daily",NA,NA,NA
"2009-02-20",32.137,FALSE,NA,NA,"<= day","daily",NA,NA,NA
"2009-02-21",32.477,FALSE,NA,NA,"<= day","daily",NA,NA,NA
"2009-02-22",32.549,FALSE,NA,NA,"<= day","daily",NA,NA,NA
"2009-02-23",32.134,FALSE,NA,NA,"<= day","daily",NA,NA,NA
"2009-02-24",31.649,FALSE,NA,NA,"<= day","daily",NA,NA,NA
"2009-02-25",31.745,FALSE,NA,NA,"<= day","daily",NA,NA,NA
"2009-02-26",32.139,FALSE,NA,NA,"<= day","daily",NA,NA,NA
"2009-02-27",33.256,FALSE,NA,NA,"<= day","daily",NA,NA,NA
"2009-02-28",42.365,FALSE,NA,NA,"<= day","daily",NA,NA,NA
"2009-03-01",50.828,FALSE,NA,NA,"<= day","daily",NA,NA,NA
"2009-03-02",40.533,FALSE,NA,NA,"<= day","daily",NA,NA,NA
"2009-03-03",36.897,FALSE,NA,NA,"<= day","daily",NA,NA,NA
"2009-03-04",35.083,FALSE,NA,NA,"<= day","daily",NA,NA,NA
"2009-03-05",34.1,FALSE,NA,NA,"<= day","daily",NA,NA,NA
"2009-03-06",32.903,FALSE,NA,NA,"<= day","daily",NA,NA,NA
"2009-03-07",32.698,FALSE,NA,NA,"<= day","daily",NA,NA,NA
"2009-03-08",33.243,FALSE,NA,NA,"<= day","daily",NA,NA,NA
"2009-03-09",34.947,FALSE,NA,NA,"<= day","daily",NA,NA,NA
"2009-03-10",33.162,FALSE,NA,NA,"<= day","daily",NA,NA,NA
"2009-03-11",32.453,FALSE,NA,NA,"<= day","daily",NA,NA,NA
"2009-03-12",32.24,FALSE,NA,NA,"<= day","daily",NA,NA,NA
"2009-03-13",35.78,FALSE,NA,NA,"<= day","daily",NA,NA,NA
"2009-03-14",47.933,FALSE,NA,NA,"<= day","daily",NA,NA,NA
"2009-03-15",60.287,FALSE,NA,NA,"<= day","daily",NA,NA,NA
"2009-03-16",86.516,FALSE,NA,NA,"<= day","daily",NA,NA,NA
"2009-03-17",74.202,FALSE,NA,NA,"<= day","daily",NA,NA,NA
"2009-03-18",81.426,FALSE,NA,NA,"<= day","daily",NA,NA,NA
"2009-03-19",73.971,FALSE,NA,NA,"<= day","daily",NA,NA,NA
"2009-03-20",62.773,FALSE,NA,NA,"<= day","daily",NA,NA,NA
"2009-03-21",52.785,FALSE,NA,NA,"<= day","daily",NA,NA,NA
"2009-03-22",47.381,FALSE,NA,NA,"<= day","daily",NA,NA,NA
"2009-03-23",46.764,FALSE,NA,NA,"<= day","daily",NA,NA,NA
"2009-03-24",46.268,FALSE,NA,NA,"<= day","daily",NA,NA,NA
"2009-03-25",41.991,FALSE,NA,NA,"<= day","daily",NA,NA,NA
"2009-03-26",39.237,FALSE,NA,NA,"<= day","daily",NA,NA,NA
"2009-03-27",40.43,FALSE,NA,NA,"<= day","daily",NA,NA,NA
"2009-03-28",42.442,FALSE,NA,NA,"<= day","daily",NA,NA,NA
"2009-03-29",41.362,FALSE,NA,NA,"<= day","daily",NA,NA,NA
"2009-03-30",37.913,FALSE,NA,NA,"<= day","daily",NA,NA,NA
"2009-03-31",48.614,FALSE,NA,NA,"<= day","daily",NA,NA,NA
"2009-04-01",102.788,FALSE,NA,NA,"<= day","daily",NA,NA,NA
"2009-04-02",128.168,FALSE,NA,NA,"<= day","daily",NA,NA,NA
"2009-04-03",129.732,FALSE,NA,NA,"<= day","daily",NA,NA,NA
"2009-04-04",128.897,FALSE,NA,NA,"<= day","daily",NA,NA,NA
"2009-04-05",131.504,FALSE,NA,NA,"<= day","daily",NA,NA,NA
"2009-04-06",135.973,FALSE,NA,NA,"<= day","daily",NA,NA,NA
"2009-04-07",137.292,FALSE,NA,NA,"<= day","daily",NA,NA,NA
"2009-04-08",135.729,FALSE,NA,NA,"<= day","daily",NA,NA,NA
"2009-04-09",138.981,FALSE,NA,NA,"<= day","daily",NA,NA,NA
"2009-04-10",132.79,FALSE,NA,NA,"<= day","daily",NA,NA,NA
"2009-04-11",141.277,FALSE,NA,NA,"<= day","daily",NA,NA,NA
"2009-04-12",139.287,FALSE,NA,NA,"<= day","daily",NA,NA,NA
"2009-04-13",141.224,FALSE,NA,NA,"<= day","daily",NA,NA,NA
"2009-04-14",143.259,FALSE,NA,NA,"<= day","daily",NA,NA,NA
"2009-04-15",145.496,FALSE,NA,NA,"<= day","daily",NA,NA,NA
"2009-04-16",143.236,FALSE,NA,NA,"<= day","daily",NA,NA,NA
"2009-04-17",136.873,FALSE,NA,NA,"<= day","daily",NA,NA,NA
"2009-04-18",131.742,FALSE,NA,NA,"<= day","daily",NA,NA,NA
"2009-04-19",131.387,FALSE,NA,NA,"<= day","daily",NA,NA,NA
"2009-04-20",133.662,FALSE,NA,NA,"<= day","daily",NA,NA,NA
"2009-04-21",140.004,FALSE,NA,NA,"<= day","daily",NA,NA,NA
"2009-04-22",153.006,FALSE,NA,NA,"<= day","daily",NA,NA,NA
"2009-04-23",160.257,FALSE,NA,NA,"<= day","daily",NA,NA,NA
"2009-04-24",147.07,FALSE,NA,NA,"<= day","daily",NA,NA,NA
"2009-04-25",138.328,FALSE,NA,NA,"<= day","daily",NA,NA,NA
"2009-04-26",139.076,FALSE,NA,NA,"<= day","daily",NA,NA,NA
"2009-04-27",137.637,FALSE,NA,NA,"<= day","daily",NA,NA,NA
"2009-04-28",135.269,FALSE,NA,NA,"<= day","daily",NA,NA,NA
"2009-04-29",128.338,FALSE,NA,NA,"<= day","daily",NA,NA,NA
"2009-04-30",125.707,FALSE,NA,NA,"<= day","daily",NA,NA,NA
"2009-05-01",128.698,FALSE,NA,NA,"<= day","daily",NA,NA,NA
"2009-05-02",135.118,FALSE,NA,NA,"<= day","daily",NA,NA,NA
"2009-05-03",143.499,FALSE,NA,NA,"<= day","daily",NA,NA,NA
"2009-05-04",147.364,FALSE,NA,NA,"<= day","daily",NA,NA,NA
"2009-05-05",135.629,FALSE,NA,NA,"<= day","daily",NA,NA,NA
"2009-05-06",142.526,FALSE,NA,NA,"<= day","daily",NA,NA,NA
"2009-05-07",161.384,FALSE,NA,NA,"<= day","daily",NA,NA,NA
"2009-05-08",178.724,FALSE,NA,NA,"<= day","daily",NA,NA,NA
"2009-05-09",188.368,FALSE,NA,NA,"<= day","daily",NA,NA,NA
"2009-05-10",190.195,FALSE,NA,NA,"<= day","daily",NA,NA,NA
"2009-05-11",188.226,FALSE,NA,NA,"<= day","daily",NA,NA,NA
"2009-05-12",186.894,FALSE,NA,NA,"<= day","daily",NA,NA,NA
"2009-05-13",178.03,FALSE,NA,NA,"<= day","daily",NA,NA,NA
"2009-05-14",194.01,FALSE,NA,NA,"<= day","daily",NA,NA,NA
"2009-05-15",193.396,FALSE,NA,NA,"<= day","daily",NA,NA,NA
"2009-05-16",192.336,FALSE,NA,NA,"<= day","daily",NA,NA,NA
"2009-05-17",193.468,FALSE,NA,NA,"<= day","daily",NA,NA,NA
"2009-05-18",194.462,FALSE,NA,NA,"<= day","daily",NA,NA,NA
"2009-05-19",194.195,FALSE,NA,NA,"<= day","daily",NA,NA,NA
"2009-05-20",195.639,FALSE,NA,NA,"<= day","daily",NA,NA,NA
"2009-05-21",195.706,FALSE,NA,NA,"<= day","daily",NA,NA,NA
"2009-05-22",199.948,FALSE,NA,NA,"<= day","daily",NA,NA,NA
"2009-05-23",197.974,FALSE,NA,NA,"<= day","daily",NA,NA,NA
"2009-05-24",197.529,FALSE,NA,NA,"<= day","daily",NA,NA,NA
"2009-05-25",196.637,FALSE,NA,NA,"<= day","daily",NA,NA,NA
"2009-05-26",194.799,FALSE,NA,NA,"<= day","daily",NA,NA,NA
"2009-05-27",193.328,FALSE,NA,NA,"<= day","daily",NA,NA,NA
"2009-05-28",187.873,FALSE,NA,NA,"<= day","daily",NA,NA,NA
"2009-05-29",189.637,FALSE,NA,NA,"<= day","daily",NA,NA,NA
"2009-05-30",185.564,FALSE,NA,NA,"<= day","daily",NA,NA,NA
"2009-05-31",174.508,FALSE,NA,NA,"<= day","daily",NA,NA,NA
"2009-06-01",184.763,FALSE,NA,NA,"<= day","daily",NA,NA,NA
"2009-06-02",189.328,FALSE,NA,NA,"<= day","daily",NA,NA,NA
"2009-06-03",187.823,FALSE,NA,NA,"<= day","daily",NA,NA,NA
"2009-06-04",187.518,FALSE,NA,NA,"<= day","daily",NA,NA,NA
"2009-06-05",187.063,FALSE,NA,NA,"<= day","daily",NA,NA,NA
"2009-06-06",189.087,FALSE,NA,NA,"<= day","daily",NA,NA,NA
"2009-06-07",184.227,FALSE,NA,NA,"<= day","daily",NA,NA,NA
"2009-06-08",176.015,FALSE,NA,NA,"<= day","daily",NA,NA,NA
"2009-06-09",185.694,FALSE,NA,NA,"<= day","daily",NA,NA,NA
"2009-06-10",187.077,FALSE,NA,NA,"<= day","daily",NA,NA,NA
"2009-06-11",194.633,FALSE,NA,NA,"<= day","daily",NA,NA,NA
"2009-06-12",187.991,FALSE,NA,NA,"<= day","daily",NA,NA,NA
"2009-06-13",188.97,FALSE,NA,NA,"<= day","daily",NA,NA,NA
"2009-06-14",188.878,FALSE,NA,NA,"<= day","daily",NA,NA,NA
"2009-06-15",191.912,FALSE,NA,NA,"<= day","daily",NA,NA,NA
"2009-06-16",195.637,FALSE,NA,NA,"<= day","daily",NA,NA,NA
"2009-06-17",187.357,FALSE,NA,NA,"<= day","daily",NA,NA,NA
"2009-06-18",185.628,FALSE,NA,NA,"<= day","daily",NA,NA,NA
"2009-06-19",193.016,FALSE,NA,NA,"<= day","daily",NA,NA,NA
"2009-06-20",190.821,FALSE,NA,NA,"<= day","daily",NA,NA,NA
"2009-06-21",178.301,FALSE,NA,NA,"<= day","daily",NA,NA,NA
"2009-06-22",148.768,FALSE,NA,NA,"<= day","daily",NA,NA,NA
"2009-06-23",131.005,FALSE,NA,NA,"<= day","daily",NA,NA,NA
"2009-06-24",141.035,FALSE,NA,NA,"<= day","daily",NA,NA,NA
"2009-06-25",169.245,FALSE,NA,NA,"<= day","daily",NA,NA,NA
"2009-06-26",175.606,FALSE,NA,NA,"<= day","daily",NA,NA,NA
"2009-06-27",183.74,FALSE,NA,NA,"<= day","daily",NA,NA,NA
"2009-06-28",175.676,FALSE,NA,NA,"<= day","daily",NA,NA,NA
"2009-06-29",178.416,FALSE,NA,NA,"<= day","daily",NA,NA,NA
"2009-06-30",180.929,FALSE,NA,NA,"<= day","daily",NA,NA,NA
"2009-07-01",177.293,FALSE,NA,NA,"<= day","daily",NA,NA,NA
"2009-07-02",171.846,FALSE,NA,NA,"<= day","daily",NA,NA,NA
"2009-07-03",165.909,FALSE,NA,NA,"<= day","daily",NA,NA,NA
"2009-07-04",165.396,FALSE,NA,NA,"<= day","daily",NA,NA,NA
"2009-07-05",167.084,FALSE,NA,NA,"<= day","daily",NA,NA,NA
"2009-07-06",170.592,FALSE,NA,NA,"<= day","daily",NA,NA,NA
"2009-07-07",149.669,FALSE,NA,NA,"<= day","daily",NA,NA,NA
"2009-07-08",178.202,FALSE,NA,NA,"<= day","daily",NA,NA,NA
"2009-07-09",135.519,FALSE,NA,NA,"<= day","daily",NA,NA,NA
"2009-07-10",128.864,FALSE,NA,NA,"<= day","daily",NA,NA,NA
"2009-07-11",122.665,FALSE,NA,NA,"<= day","daily",NA,NA,NA
"2009-07-12",124.744,FALSE,NA,NA,"<= day","daily",NA,NA,NA
"2009-07-13",145.803,FALSE,NA,NA,"<= day","daily",NA,NA,NA
"2009-07-14",142.551,FALSE,NA,NA,"<= day","daily",NA,NA,NA
"2009-07-15",172.377,FALSE,NA,NA,"<= day","daily",NA,NA,NA
"2009-07-16",158.722,FALSE,NA,NA,"<= day","daily",NA,NA,NA
"2009-07-17",170.736,FALSE,NA,NA,"<= day","daily",NA,NA,NA
"2009-07-18",185.224,FALSE,NA,NA,"<= day","daily",NA,NA,NA
"2009-07-19",178.236,FALSE,NA,NA,"<= day","daily",NA,NA,NA
"2009-07-20",156.646,FALSE,NA,NA,"<= day","daily",NA,NA,NA
"2009-07-21",141.452,FALSE,NA,NA,"<= day","daily",NA,NA,NA
"2009-07-22",133.993,FALSE,NA,NA,"<= day","daily",NA,NA,NA
"2009-07-23",151.898,FALSE,NA,NA,"<= day","daily",NA,NA,NA
"2009-07-24",179.026,FALSE,NA,NA,"<= day","daily",NA,NA,NA
"2009-07-25",168.147,FALSE,NA,NA,"<= day","daily",NA,NA,NA
"2009-07-26",137.244,FALSE,NA,NA,"<= day","daily",NA,NA,NA
"2009-07-27",135.703,FALSE,NA,NA,"<= day","daily",NA,NA,NA
"2009-07-28",174.024,FALSE,NA,NA,"<= day","daily",NA,NA,NA
"2009-07-29",138.97,FALSE,NA,NA,"<= day","daily",NA,NA,NA
"2009-07-30",140.998,FALSE,NA,NA,"<= day","daily",NA,NA,NA
"2009-07-31",134.302,FALSE,NA,NA,"<= day","daily",NA,NA,NA
"2009-08-01",136.997,FALSE,NA,NA,"<= day","daily",NA,NA,NA
"2009-08-02",148.575,FALSE,NA,NA,"<= day","daily",NA,NA,NA
"2009-08-03",147.636,FALSE,NA,NA,"<= day","daily",NA,NA,NA
"2009-08-04",147.273,FALSE,NA,NA,"<= day","daily",NA,NA,NA
"2009-08-05",130.265,FALSE,NA,NA,"<= day","daily",NA,NA,NA
"2009-08-06",129.675,FALSE,NA,NA,"<= day","daily",NA,NA,NA
"2009-08-07",132.754,FALSE,NA,NA,"<= day","daily",NA,NA,NA
"2009-08-08",133.299,FALSE,NA,NA,"<= day","daily",NA,NA,NA
"2009-08-09",131.44,FALSE,NA,NA,"<= day","daily",NA,NA,NA
"2009-08-10",135.851,FALSE,NA,NA,"<= day","daily",NA,NA,NA
"2009-08-11",150.223,FALSE,NA,NA,"<= day","daily",NA,NA,NA
"2009-08-12",129.593,FALSE,NA,NA,"<= day","daily",NA,NA,NA
"2009-08-13",128.866,FALSE,NA,NA,"<= day","daily",NA,NA,NA
"2009-08-14",129.59,FALSE,NA,NA,"<= day","daily",NA,NA,NA
"2009-08-15",129.439,FALSE,NA,NA,"<= day","daily",NA,NA,NA
"2009-08-16",124.738,FALSE,NA,NA,"<= day","daily",NA,NA,NA
"2009-08-17",127.154,FALSE,NA,NA,"<= day","daily",NA,NA,NA
"2009-08-18",126.923,FALSE,NA,NA,"<= day","daily",NA,NA,NA
"2009-08-19",122.763,FALSE,NA,NA,"<= day","daily",NA,NA,NA
"2009-08-20",126.289,FALSE,NA,NA,"<= day","daily",NA,NA,NA
"2009-08-21",120.691,FALSE,NA,NA,"<= day","daily",NA,NA,NA
"2009-08-22",122.761,FALSE,NA,NA,"<= day","daily",NA,NA,NA
"2009-08-23",120.57,FALSE,NA,NA,"<= day","daily",NA,NA,NA
"2009-08-24",123.381,FALSE,NA,NA,"<= day","daily",NA,NA,NA
"2009-08-25",144.998,FALSE,NA,NA,"<= day","daily",NA,NA,NA
"2009-08-26",128.766,FALSE,NA,NA,"<= day","daily",NA,NA,NA
"2009-08-27",134.958,FALSE,NA,NA,"<= day","daily",NA,NA,NA
"2009-08-28",126.765,FALSE,NA,NA,"<= day","daily",NA,NA,NA
"2009-08-29",119.837,FALSE,NA,NA,"<= day","daily",NA,NA,NA
"2009-08-30",115.168,FALSE,NA,NA,"<= day","daily",NA,NA,NA
"2009-08-31",116.279,FALSE,NA,NA,"<= day","daily",NA,NA,NA
"2009-09-01",120.409,FALSE,NA,NA,"<= day","daily",NA,NA,NA
"2009-09-02",168.652,FALSE,NA,NA,"<= day","daily",NA,NA,NA
"2009-09-03",177.006,FALSE,NA,NA,"<= day","daily",NA,NA,NA
"2009-09-04",150.27,FALSE,NA,NA,"<= day","daily",NA,NA,NA
"2009-09-05",172.825,FALSE,NA,NA,"<= day","daily",NA,NA,NA
"2009-09-06",126.95,FALSE,NA,NA,"<= day","daily",NA,NA,NA
"2009-09-07",118.989,FALSE,NA,NA,"<= day","daily",NA,NA,NA
"2009-09-08",116.21,FALSE,NA,NA,"<= day","daily",NA,NA,NA
"2009-09-09",115.956,FALSE,NA,NA,"<= day","daily",NA,NA,NA
"2009-09-10",116.492,FALSE,NA,NA,"<= day","daily",NA,NA,NA
"2009-09-11",116.055,FALSE,NA,NA,"<= day","daily",NA,NA,NA
"2009-09-12",120.078,FALSE,NA,NA,"<= day","daily",NA,NA,NA
"2009-09-13",118.283,FALSE,NA,NA,"<= day","daily",NA,NA,NA
"2009-09-14",114.898,FALSE,NA,NA,"<= day","daily",NA,NA,NA
"2009-09-15",111,FALSE,NA,NA,"<= day","daily",NA,NA,NA
"2009-09-16",111.366,FALSE,NA,NA,"<= day","daily",NA,NA,NA
"2009-09-17",113.362,FALSE,NA,NA,"<= day","daily",NA,NA,NA
"2009-09-18",114.225,FALSE,NA,NA,"<= day","daily",NA,NA,NA
"2009-09-19",115.713,FALSE,NA,NA,"<= day","daily",NA,NA,NA
"2009-09-20",114.005,FALSE,NA,NA,"<= day","daily",NA,NA,NA
"2009-09-21",114.129,FALSE,NA,NA,"<= day","daily",NA,NA,NA
"2009-09-22",113.71,FALSE,NA,NA,"<= day","daily",NA,NA,NA
"2009-09-23",114.167,FALSE,NA,NA,"<= day","daily",NA,NA,NA
"2009-09-24",113.175,FALSE,NA,NA,"<= day","daily",NA,NA,NA
"2009-09-25",113.828,FALSE,NA,NA,"<= day","daily",NA,NA,NA
"2009-09-26",109.886,FALSE,NA,NA,"<= day","daily",NA,NA,NA
"2009-09-27",115.402,FALSE,NA,NA,"<= day","daily",NA,NA,NA
"2009-09-28",109.912,FALSE,NA,NA,"<= day","daily",NA,NA,NA
"2009-09-29",109.72,FALSE,NA,NA,"<= day","daily",NA,NA,NA
"2009-09-30",110.153,FALSE,NA,NA,"<= day","daily",NA,NA,NA
"2009-10-01",110.115,FALSE,NA,NA,"<= day","daily",NA,NA,NA
"2009-10-02",106.594,FALSE,NA,NA,"<= day","daily",NA,NA,NA
"2009-10-03",100.615,FALSE,NA,NA,"<= day","daily",NA,NA,NA
"2009-10-04",103.684,FALSE,NA,NA,"<= day","daily",NA,NA,NA
"2009-10-05",103.637,FALSE,NA,NA,"<= day","daily",NA,NA,NA
"2009-10-06",120.387,FALSE,NA,NA,"<= day","daily",NA,NA,NA
"2009-10-07",121.229,FALSE,NA,NA,"<= day","daily",NA,NA,NA
"2009-10-08",127.108,FALSE,NA,NA,"<= day","daily",NA,NA,NA
"2009-10-09",120.279,FALSE,NA,NA,"<= day","daily",NA,NA,NA
"2009-10-10",149.263,FALSE,NA,NA,"<= day","daily",NA,NA,NA
"2009-10-11",133.254,FALSE,NA,NA,"<= day","daily",NA,NA,NA
"2009-10-12",152.071,FALSE,NA,NA,"<= day","daily",NA,NA,NA
"2009-10-13",128.821,FALSE,NA,NA,"<= day","daily",NA,NA,NA
"2009-10-14",123.925,FALSE,NA,NA,"<= day","daily",NA,NA,NA
"2009-10-15",117.463,FALSE,NA,NA,"<= day","daily",NA,NA,NA
"2009-10-16",114.415,FALSE,NA,NA,"<= day","daily",NA,NA,NA
"2009-10-17",116.238,FALSE,NA,NA,"<= day","daily",NA,NA,NA
"2009-10-18",117.342,FALSE,NA,NA,"<= day","daily",NA,NA,NA
"2009-10-19",116.458,FALSE,NA,NA,"<= day","daily",NA,NA,NA
"2009-10-20",115.766,FALSE,NA,NA,"<= day","daily",NA,NA,NA
"2009-10-21",114.387,FALSE,NA,NA,"<= day","daily",NA,NA,NA
"2009-10-22",117.358,FALSE,NA,NA,"<= day","daily",NA,NA,NA
"2009-10-23",118.222,FALSE,NA,NA,"<= day","daily",NA,NA,NA
"2009-10-24",118.082,FALSE,NA,NA,"<= day","daily",NA,NA,NA
"2009-10-25",123.22,FALSE,NA,NA,"<= day","daily",NA,NA,NA
"2009-10-26",129.31,FALSE,NA,NA,"<= day","daily",NA,NA,NA
"2009-10-27",123.05,FALSE,NA,NA,"<= day","daily",NA,NA,NA
"2009-10-28",119.2,FALSE,NA,NA,"<= day","daily",NA,NA,NA
"2009-10-29",117.803,FALSE,NA,NA,"<= day","daily",NA,NA,NA
"2009-10-30",117.108,FALSE,NA,NA,"<= day","daily",NA,NA,NA
"2009-10-31",113.482,FALSE,NA,NA,"<= day","daily",NA,NA,NA
"2009-11-01",102.73,FALSE,NA,NA,"<= day","daily",NA,NA,NA
"2009-11-02",124.031,FALSE,NA,NA,"<= day","daily",NA,NA,NA
"2009-11-03",127.129,FALSE,NA,NA,"<= day","daily",NA,NA,NA
"2009-11-04",127.927,FALSE,NA,NA,"<= day","daily",NA,NA,NA
"2009-11-05",123.399,FALSE,NA,NA,"<= day","daily",NA,NA,NA
"2009-11-06",121.969,FALSE,NA,NA,"<= day","daily",NA,NA,NA
"2009-11-07",121.766,FALSE,NA,NA,"<= day","daily",NA,NA,NA
"2009-11-08",120.866,FALSE,NA,NA,"<= day","daily",NA,NA,NA
"2009-11-09",119.762,FALSE,NA,NA,"<= day","daily",NA,NA,NA
"2009-11-10",117.926,FALSE,NA,NA,"<= day","daily",NA,NA,NA
"2009-11-11",115.571,FALSE,NA,NA,"<= day","daily",NA,NA,NA
"2009-11-12",115.374,FALSE,NA,NA,"<= day","daily",NA,NA,NA
"2009-11-13",132.671,FALSE,NA,NA,"<= day","daily",NA,NA,NA
"2009-11-14",125.925,FALSE,NA,NA,"<= day","daily",NA,NA,NA
"2009-11-15",125.861,FALSE,NA,NA,"<= day","daily",NA,NA,NA
"2009-11-16",154.088,FALSE,NA,NA,"<= day","daily",NA,NA,NA
"2009-11-17",145.445,FALSE,NA,NA,"<= day","daily",NA,NA,NA
"2009-11-18",187.839,FALSE,NA,NA,"<= day","daily",NA,NA,NA
"2009-11-19",147.134,FALSE,NA,NA,"<= day","daily",NA,NA,NA
"2009-11-20",139.04,FALSE,NA,NA,"<= day","daily",NA,NA,NA
"2009-11-21",136.747,FALSE,NA,NA,"<= day","daily",NA,NA,NA
"2009-11-22",132.789,FALSE,NA,NA,"<= day","daily",NA,NA,NA
"2009-11-23",130.596,FALSE,NA,NA,"<= day","daily",NA,NA,NA
"2009-11-24",132.231,FALSE,NA,NA,"<= day","daily",NA,NA,NA
"2009-11-25",127.771,FALSE,NA,NA,"<= day","daily",NA,NA,NA
"2009-11-26",125.032,FALSE,NA,NA,"<= day","daily",NA,NA,NA
"2009-11-27",122.26,FALSE,NA,NA,"<= day","daily",NA,NA,NA
"2009-11-28",120.153,FALSE,NA,NA,"<= day","daily",NA,NA,NA
"2009-11-29",116.464,FALSE,NA,NA,"<= day","daily",NA,NA,NA
"2009-11-30",110.949,FALSE,NA,NA,"<= day","daily",NA,NA,NA
"2009-12-01",107.711,FALSE,NA,NA,"<= day","daily",NA,NA,NA
"2009-12-02",100.416,FALSE,NA,NA,"<= day","daily",NA,NA,NA
"2009-12-03",96.364,FALSE,NA,NA,"<= day","daily",NA,NA,NA
"2009-12-04",93.331,FALSE,NA,NA,"<= day","daily",NA,NA,NA
"2009-12-05",89.709,FALSE,NA,NA,"<= day","daily",NA,NA,NA
"2009-12-06",87.632,FALSE,NA,NA,"<= day","daily",NA,NA,NA
"2009-12-07",115.806,FALSE,NA,NA,"<= day","daily",NA,NA,NA
"2009-12-08",117.203,FALSE,NA,NA,"<= day","daily",NA,NA,NA
"2009-12-09",97.225,FALSE,NA,NA,"<= day","daily",NA,NA,NA
"2009-12-10",92.03,FALSE,NA,NA,"<= day","daily",NA,NA,NA
"2009-12-11",90.885,FALSE,NA,NA,"<= day","daily",NA,NA,NA
"2009-12-12",87.416,FALSE,NA,NA,"<= day","daily",NA,NA,NA
"2009-12-13",85.071,FALSE,NA,NA,"<= day","daily",NA,NA,NA
"2009-12-14",83.043,FALSE,NA,NA,"<= day","daily",NA,NA,NA
"2009-12-15",80.99,FALSE,NA,NA,"<= day","daily",NA,NA,NA
"2009-12-16",77.921,FALSE,NA,NA,"<= day","daily",NA,NA,NA
"2009-12-17",74.843,FALSE,NA,NA,"<= day","daily",NA,NA,NA
"2009-12-18",71.888,FALSE,NA,NA,"<= day","daily",NA,NA,NA
"2009-12-19",69.939,FALSE,NA,NA,"<= day","daily",NA,NA,NA
"2009-12-20",67.158,FALSE,NA,NA,"<= day","daily",NA,NA,NA
"2009-12-21",65.504,FALSE,NA,NA,"<= day","daily",NA,NA,NA
"2009-12-22",63.326,FALSE,NA,NA,"<= day","daily",NA,NA,NA
"2009-12-23",61.549,FALSE,NA,NA,"<= day","daily",NA,NA,NA
"2009-12-24",59.972,FALSE,NA,NA,"<= day","daily",NA,NA,NA
"2009-12-25",69.748,FALSE,NA,NA,"<= day","daily",NA,NA,NA
"2009-12-26",61.279,FALSE,NA,NA,"<= day","daily",NA,NA,NA
"2009-12-27",58.915,FALSE,NA,NA,"<= day","daily",NA,NA,NA
"2009-12-28",57.724,FALSE,NA,NA,"<= day","daily",NA,NA,NA
"2009-12-29",59.977,FALSE,NA,NA,"<= day","daily",NA,NA,NA
"2009-12-30",97.327,FALSE,NA,NA,"<= day","daily",NA,NA,NA
"2009-12-31",77.073,FALSE,NA,NA,"<= day","daily",NA,NA,NA
"2010-01-01",66.943,FALSE,NA,NA,"<= day","daily",NA,NA,NA
"2010-01-02",63.119,FALSE,NA,NA,"<= day","daily",NA,NA,NA
"2010-01-03",60.827,FALSE,NA,NA,"<= day","daily",NA,NA,NA
"2010-01-04",60.607,FALSE,NA,NA,"<= day","daily",NA,NA,NA
"2010-01-05",60.074,FALSE,NA,NA,"<= day","daily",NA,NA,NA
"2010-01-06",59.409,FALSE,NA,NA,"<= day","daily",NA,NA,NA
"2010-01-07",58.786,FALSE,NA,NA,"<= day","daily",NA,NA,NA
"2010-01-08",58.276,FALSE,NA,NA,"<= day","daily",NA,NA,NA
"2010-01-09",57.976,FALSE,NA,NA,"<= day","daily",NA,NA,NA
"2010-01-10",57.161,FALSE,NA,NA,"<= day","daily",NA,NA,NA
"2010-01-11",56.44,FALSE,NA,NA,"<= day","daily",NA,NA,NA
"2010-01-12",55.956,FALSE,NA,NA,"<= day","daily",NA,NA,NA
"2010-01-13",55.873,FALSE,NA,NA,"<= day","daily",NA,NA,NA
"2010-01-14",55.242,FALSE,NA,NA,"<= day","daily",NA,NA,NA
"2010-01-15",53.953,FALSE,NA,NA,"<= day","daily",NA,NA,NA
"2010-01-16",52.72,FALSE,NA,NA,"<= day","daily",NA,NA,NA
"2010-01-17",52.538,FALSE,NA,NA,"<= day","daily",NA,NA,NA
"2010-01-18",51.727,FALSE,NA,NA,"<= day","daily",NA,NA,NA
"2010-01-19",51.917,FALSE,NA,NA,"<= day","daily",NA,NA,NA
"2010-01-20",52.019,FALSE,NA,NA,"<= day","daily",NA,NA,NA
"2010-01-21",51.525,FALSE,NA,NA,"<= day","daily",NA,NA,NA
"2010-01-22",51.108,FALSE,NA,NA,"<= day","daily",NA,NA,NA
"2010-01-23",51.043,FALSE,NA,NA,"<= day","daily",NA,NA,NA
"2010-01-24",50.703,FALSE,NA,NA,"<= day","daily",NA,NA,NA
"2010-01-25",50.071,FALSE,NA,NA,"<= day","daily",NA,NA,NA
"2010-01-26",49.121,FALSE,NA,NA,"<= day","daily",NA,NA,NA
"2010-01-27",48.559,FALSE,NA,NA,"<= day","daily",NA,NA,NA
"2010-01-28",48.822,FALSE,NA,NA,"<= day","daily",NA,NA,NA
"2010-01-29",48.764,FALSE,NA,NA,"<= day","daily",NA,NA,NA
"2010-01-30",48.502,FALSE,NA,NA,"<= day","daily",NA,NA,NA
"2010-01-31",47.359,FALSE,NA,NA,"<= day","daily",NA,NA,NA
"2010-02-01",46.158,FALSE,NA,NA,"<= day","daily",NA,NA,NA
"2010-02-02",45.444,FALSE,NA,NA,"<= day","daily",NA,NA,NA
"2010-02-03",45.196,FALSE,NA,NA,"<= day","daily",NA,NA,NA
"2010-02-04",44.939,FALSE,NA,NA,"<= day","daily",NA,NA,NA
"2010-02-05",45.111,FALSE,NA,NA,"<= day","daily",NA,NA,NA
"2010-02-06",44.723,FALSE,NA,NA,"<= day","daily",NA,NA,NA
"2010-02-07",44.229,FALSE,NA,NA,"<= day","daily",NA,NA,NA
"2010-02-08",44.342,FALSE,NA,NA,"<= day","daily",NA,NA,NA
"2010-02-09",44.794,FALSE,NA,NA,"<= day","daily",NA,NA,NA
"2010-02-10",44.194,FALSE,NA,NA,"<= day","daily",NA,NA,NA
"2010-02-11",43.759,FALSE,NA,NA,"<= day","daily",NA,NA,NA
"2010-02-12",43.237,FALSE,NA,NA,"<= day","daily",NA,NA,NA
"2010-02-13",42.614,FALSE,NA,NA,"<= day","daily",NA,NA,NA
"2010-02-14",42.654,FALSE,NA,NA,"<= day","daily",NA,NA,NA
"2010-02-15",42.38,FALSE,NA,NA,"<= day","daily",NA,NA,NA
"2010-02-16",42.036,FALSE,NA,NA,"<= day","daily",NA,NA,NA
"2010-02-17",41.824,FALSE,NA,NA,"<= day","daily",NA,NA,NA
"2010-02-18",41.498,FALSE,NA,NA,"<= day","daily",NA,NA,NA
"2010-02-19",41.406,FALSE,NA,NA,"<= day","daily",NA,NA,NA
"2010-02-20",40.715,FALSE,NA,NA,"<= day","daily",NA,NA,NA
"2010-02-21",40.485,FALSE,NA,NA,"<= day","daily",NA,NA,NA
"2010-02-22",40.62,FALSE,NA,NA,"<= day","daily",NA,NA,NA
"2010-02-23",40.657,FALSE,NA,NA,"<= day","daily",NA,NA,NA
"2010-02-24",40.116,FALSE,NA,NA,"<= day","daily",NA,NA,NA
"2010-02-25",39.998,FALSE,NA,NA,"<= day","daily",NA,NA,NA
"2010-02-26",40.036,FALSE,NA,NA,"<= day","daily",NA,NA,NA
"2010-02-27",39.677,FALSE,NA,NA,"<= day","daily",NA,NA,NA
"2010-02-28",40.056,FALSE,NA,NA,"<= day","daily",NA,NA,NA
"2010-03-01",39.964,FALSE,NA,NA,"<= day","daily",NA,NA,NA
"2010-03-02",40.274,FALSE,NA,NA,"<= day","daily",NA,NA,NA
"2010-03-03",39.667,FALSE,NA,NA,"<= day","daily",NA,NA,NA
"2010-03-04",39.764,FALSE,NA,NA,"<= day","daily",NA,NA,NA
"2010-03-05",39.183,FALSE,NA,NA,"<= day","daily",NA,NA,NA
"2010-03-06",39.069,FALSE,NA,NA,"<= day","daily",NA,NA,NA
"2010-03-07",38.87,FALSE,NA,NA,"<= day","daily",NA,NA,NA
"2010-03-08",38.771,FALSE,NA,NA,"<= day","daily",NA,NA,NA
"2010-03-09",36.918,FALSE,NA,NA,"<= day","daily",NA,NA,NA
"2010-03-10",38.491,FALSE,NA,NA,"<= day","daily",NA,NA,NA
"2010-03-11",38.424,FALSE,NA,NA,"<= day","daily",NA,NA,NA
"2010-03-12",38.086,FALSE,NA,NA,"<= day","daily",NA,NA,NA
"2010-03-13",39.093,FALSE,NA,NA,"<= day","daily",NA,NA,NA
"2010-03-14",42.276,FALSE,NA,NA,"<= day","daily",NA,NA,NA
"2010-03-15",44.083,FALSE,NA,NA,"<= day","daily",NA,NA,NA
"2010-03-16",40.851,FALSE,NA,NA,"<= day","daily",NA,NA,NA
"2010-03-17",44.913,FALSE,NA,NA,"<= day","daily",NA,NA,NA
"2010-03-18",53.424,FALSE,NA,NA,"<= day","daily",NA,NA,NA
"2010-03-19",76.635,FALSE,NA,NA,"<= day","daily",NA,NA,NA
"2010-03-20",85.438,FALSE,NA,NA,"<= day","daily",NA,NA,NA
"2010-03-21",138.347,FALSE,NA,NA,"<= day","daily",NA,NA,NA
"2010-03-22",138.54,FALSE,NA,NA,"<= day","daily",NA,NA,NA
"2010-03-23",136.565,FALSE,NA,NA,"<= day","daily",NA,NA,NA
"2010-03-24",136.177,FALSE,NA,NA,"<= day","daily",NA,NA,NA
"2010-03-25",135.712,FALSE,NA,NA,"<= day","daily",NA,NA,NA
"2010-03-26",132.161,FALSE,NA,NA,"<= day","daily",NA,NA,NA
"2010-03-27",112.218,FALSE,NA,NA,"<= day","daily",NA,NA,NA
"2010-03-28",95.663,FALSE,NA,NA,"<= day","daily",NA,NA,NA
"2010-03-29",94.488,FALSE,NA,NA,"<= day","daily",NA,NA,NA
"2010-03-30",93.254,FALSE,NA,NA,"<= day","daily",NA,NA,NA
"2010-03-31",79.159,FALSE,NA,NA,"<= day","daily",NA,NA,NA
"2010-04-01",70.568,FALSE,NA,NA,"<= day","daily",NA,NA,NA
"2010-04-02",66.463,FALSE,NA,NA,"<= day","daily",NA,NA,NA
"2010-04-03",66.788,FALSE,NA,NA,"<= day","daily",NA,NA,NA
"2010-04-04",64.634,FALSE,NA,NA,"<= day","daily",NA,NA,NA
"2010-04-05",62.341,FALSE,NA,NA,"<= day","daily",NA,NA,NA
"2010-04-06",81.7,FALSE,NA,NA,"<= day","daily",NA,NA,NA
"2010-04-07",124.685,FALSE,NA,NA,"<= day","daily",NA,NA,NA
"2010-04-08",130.396,FALSE,NA,NA,"<= day","daily",NA,NA,NA
"2010-04-09",130.254,FALSE,NA,NA,"<= day","daily",NA,NA,NA
"2010-04-10",140.369,FALSE,NA,NA,"<= day","daily",NA,NA,NA
"2010-04-11",140.065,FALSE,NA,NA,"<= day","daily",NA,NA,NA
"2010-04-12",131.311,FALSE,NA,NA,"<= day","daily",NA,NA,NA
"2010-04-13",125.481,FALSE,NA,NA,"<= day","daily",NA,NA,NA
"2010-04-14",125.539,FALSE,NA,NA,"<= day","daily",NA,NA,NA
"2010-04-15",125.123,FALSE,NA,NA,"<= day","daily",NA,NA,NA
"2010-04-16",121.689,FALSE,NA,NA,"<= day","daily",NA,NA,NA
"2010-04-17",132.397,FALSE,NA,NA,"<= day","daily",NA,NA,NA
"2010-04-18",137.27,FALSE,NA,NA,"<= day","daily",NA,NA,NA
"2010-04-19",138.483,FALSE,NA,NA,"<= day","daily",NA,NA,NA
"2010-04-20",142.228,FALSE,NA,NA,"<= day","daily",NA,NA,NA
"2010-04-21",142.179,FALSE,NA,NA,"<= day","daily",NA,NA,NA
"2010-04-22",148.309,FALSE,NA,NA,"<= day","daily",NA,NA,NA
"2010-04-23",153.002,FALSE,NA,NA,"<= day","daily",NA,NA,NA
"2010-04-24",170.363,FALSE,NA,NA,"<= day","daily",NA,NA,NA
"2010-04-25",192.869,FALSE,NA,NA,"<= day","daily",NA,NA,NA
"2010-04-26",192.649,FALSE,NA,NA,"<= day","daily",NA,NA,NA
"2010-04-27",187.391,FALSE,NA,NA,"<= day","daily",NA,NA,NA
"2010-04-28",189.605,FALSE,NA,NA,"<= day","daily",NA,NA,NA
"2010-04-29",193.629,FALSE,NA,NA,"<= day","daily",NA,NA,NA
"2010-04-30",195.403,FALSE,NA,NA,"<= day","daily",NA,NA,NA
"2010-05-01",195.051,FALSE,NA,NA,"<= day","daily",NA,NA,NA
"2010-05-02",186.414,FALSE,NA,NA,"<= day","daily",NA,NA,NA
"2010-05-03",162.809,FALSE,NA,NA,"<= day","daily",NA,NA,NA
"2010-05-04",149.691,FALSE,NA,NA,"<= day","daily",NA,NA,NA
"2010-05-05",158.328,FALSE,NA,NA,"<= day","daily",NA,NA,NA
"2010-05-06",141.427,FALSE,NA,NA,"<= day","daily",NA,NA,NA
"2010-05-07",136.466,FALSE,NA,NA,"<= day","daily",NA,NA,NA
"2010-05-08",134.741,FALSE,NA,NA,"<= day","daily",NA,NA,NA
"2010-05-09",136.757,FALSE,NA,NA,"<= day","daily",NA,NA,NA
"2010-05-10",143.73,FALSE,NA,NA,"<= day","daily",NA,NA,NA
"2010-05-11",157.111,FALSE,NA,NA,"<= day","daily",NA,NA,NA
"2010-05-12",164.878,FALSE,NA,NA,"<= day","daily",NA,NA,NA
"2010-05-13",162.836,FALSE,NA,NA,"<= day","daily",NA,NA,NA
"2010-05-14",156.224,FALSE,NA,NA,"<= day","daily",NA,NA,NA
"2010-05-15",140.795,FALSE,NA,NA,"<= day","daily",NA,NA,NA
"2010-05-16",134.707,FALSE,NA,NA,"<= day","daily",NA,NA,NA
"2010-05-17",132.535,FALSE,NA,NA,"<= day","daily",NA,NA,NA
"2010-05-18",130.027,FALSE,NA,NA,"<= day","daily",NA,NA,NA
"2010-05-19",128.203,FALSE,NA,NA,"<= day","daily",NA,NA,NA
"2010-05-20",130.868,FALSE,NA,NA,"<= day","daily",NA,NA,NA
"2010-05-21",160.393,FALSE,NA,NA,"<= day","daily",NA,NA,NA
"2010-05-22",184.512,FALSE,NA,NA,"<= day","daily",NA,NA,NA
"2010-05-23",191.032,FALSE,NA,NA,"<= day","daily",NA,NA,NA
"2010-05-24",194.381,FALSE,NA,NA,"<= day","daily",NA,NA,NA
"2010-05-25",195.417,FALSE,NA,NA,"<= day","daily",NA,NA,NA
"2010-05-26",193.977,FALSE,NA,NA,"<= day","daily",NA,NA,NA
"2010-05-27",194.114,FALSE,NA,NA,"<= day","daily",NA,NA,NA
"2010-05-28",189.562,FALSE,NA,NA,"<= day","daily",NA,NA,NA
"2010-05-29",190.009,FALSE,NA,NA,"<= day","daily",NA,NA,NA
"2010-05-30",195.811,FALSE,NA,NA,"<= day","daily",NA,NA,NA
"2010-05-31",195.224,FALSE,NA,NA,"<= day","daily",NA,NA,NA
"2010-06-01",180.336,FALSE,NA,NA,"<= day","daily",NA,NA,NA
"2010-06-02",174.363,FALSE,NA,NA,"<= day","daily",NA,NA,NA
"2010-06-03",177.863,FALSE,NA,NA,"<= day","daily",NA,NA,NA
"2010-06-04",187.268,FALSE,NA,NA,"<= day","daily",NA,NA,NA
"2010-06-05",190.843,FALSE,NA,NA,"<= day","daily",NA,NA,NA
"2010-06-06",190.095,FALSE,NA,NA,"<= day","daily",NA,NA,NA
"2010-06-07",191.412,FALSE,NA,NA,"<= day","daily",NA,NA,NA
"2010-06-08",187.397,FALSE,NA,NA,"<= day","daily",NA,NA,NA
"2010-06-09",188.876,FALSE,NA,NA,"<= day","daily",NA,NA,NA
"2010-06-10",192.778,FALSE,NA,NA,"<= day","daily",NA,NA,NA
"2010-06-11",191.678,FALSE,NA,NA,"<= day","daily",NA,NA,NA
"2010-06-12",187.107,FALSE,NA,NA,"<= day","daily",NA,NA,NA
"2010-06-13",186.472,FALSE,NA,NA,"<= day","daily",NA,NA,NA
"2010-06-14",185.794,FALSE,NA,NA,"<= day","daily",NA,NA,NA
"2010-06-15",184.046,FALSE,NA,NA,"<= day","daily",NA,NA,NA
"2010-06-16",162.906,FALSE,NA,NA,"<= day","daily",NA,NA,NA
"2010-06-17",184.424,FALSE,NA,NA,"<= day","daily",NA,NA,NA
"2010-06-18",178.894,FALSE,NA,NA,"<= day","daily",NA,NA,NA
"2010-06-19",180.334,FALSE,NA,NA,"<= day","daily",NA,NA,NA
"2010-06-20",167.739,FALSE,NA,NA,"<= day","daily",NA,NA,NA
"2010-06-21",152.212,FALSE,NA,NA,"<= day","daily",NA,NA,NA
"2010-06-22",150.632,FALSE,NA,NA,"<= day","daily",NA,NA,NA
"2010-06-23",161.805,FALSE,NA,NA,"<= day","daily",NA,NA,NA
"2010-06-24",175.8,FALSE,NA,NA,"<= day","daily",NA,NA,NA
"2010-06-25",179.454,FALSE,NA,NA,"<= day","daily",NA,NA,NA
"2010-06-26",180.444,FALSE,NA,NA,"<= day","daily",NA,NA,NA
"2010-06-27",180.41,FALSE,NA,NA,"<= day","daily",NA,NA,NA
"2010-06-28",165.402,FALSE,NA,NA,"<= day","daily",NA,NA,NA
"2010-06-29",179.933,FALSE,NA,NA,"<= day","daily",NA,NA,NA
"2010-06-30",179.469,FALSE,NA,NA,"<= day","daily",NA,NA,NA
"2010-07-01",177.613,FALSE,NA,NA,"<= day","daily",NA,NA,NA
"2010-07-02",176.267,FALSE,NA,NA,"<= day","daily",NA,NA,NA
"2010-07-03",174.653,FALSE,NA,NA,"<= day","daily",NA,NA,NA
"2010-07-04",0,TRUE,"outlier","manual","<= day","daily",NA,NA,NA
"2010-07-05",0,TRUE,"outlier","manual","<= day","daily",NA,NA,NA
"2010-07-06",0,TRUE,"outlier","manual","<= day","daily",NA,NA,NA
"2010-07-07",0,TRUE,"outlier","manual","<= day","daily",NA,NA,NA
"2010-07-08",0,TRUE,"outlier","manual","<= day","daily",NA,NA,NA
"2010-07-09",155.409,FALSE,NA,NA,"<= day","daily",NA,NA,NA
"2010-07-10",165.923,FALSE,NA,NA,"<= day","daily",NA,NA,NA
"2010-07-11",165.124,FALSE,NA,NA,"<= day","daily",NA,NA,NA
"2010-07-12",149.282,FALSE,NA,NA,"<= day","daily",NA,NA,NA
"2010-07-13",169.674,FALSE,NA,NA,"<= day","daily",NA,NA,NA
"2010-07-14",157.922,FALSE,NA,NA,"<= day","daily",NA,NA,NA
"2010-07-15",165.6,FALSE,NA,NA,"<= day","daily",NA,NA,NA
"2010-07-16",145.642,FALSE,NA,NA,"<= day","daily",NA,NA,NA
"2010-07-17",166.911,FALSE,NA,NA,"<= day","daily",NA,NA,NA
"2010-07-18",152.307,FALSE,NA,NA,"<= day","daily",NA,NA,NA
"2010-07-19",131.971,FALSE,NA,NA,"<= day","daily",NA,NA,NA
"2010-07-20",131.996,FALSE,NA,NA,"<= day","daily",NA,NA,NA
"2010-07-21",133.475,FALSE,NA,NA,"<= day","daily",NA,NA,NA
"2010-07-22",129.57,FALSE,NA,NA,"<= day","daily",NA,NA,NA
"2010-07-23",161.007,FALSE,NA,NA,"<= day","daily",NA,NA,NA
"2010-07-24",170.301,FALSE,NA,NA,"<= day","daily",NA,NA,NA
"2010-07-25",123.665,FALSE,NA,NA,"<= day","daily",NA,NA,NA
"2010-07-26",117.272,FALSE,NA,NA,"<= day","daily",NA,NA,NA
"2010-07-27",167.154,FALSE,NA,NA,"<= day","daily",NA,NA,NA
"2010-07-28",133.792,FALSE,NA,NA,"<= day","daily",NA,NA,NA
"2010-07-29",181.886,FALSE,NA,NA,"<= day","daily",NA,NA,NA
"2010-07-30",168.797,FALSE,NA,NA,"<= day","daily",NA,NA,NA
"2010-07-31",130.211,FALSE,NA,NA,"<= day","daily",NA,NA,NA
"2010-08-01",132.028,FALSE,NA,NA,"<= day","daily",NA,NA,NA
"2010-08-02",142.925,FALSE,NA,NA,"<= day","daily",NA,NA,NA
"2010-08-03",155.578,FALSE,NA,NA,"<= day","daily",NA,NA,NA
"2010-08-04",127.243,FALSE,NA,NA,"<= day","daily",NA,NA,NA
"2010-08-05",148.276,FALSE,NA,NA,"<= day","daily",NA,NA,NA
"2010-08-06",178.106,FALSE,NA,NA,"<= day","daily",NA,NA,NA
"2010-08-07",137.243,FALSE,NA,NA,"<= day","daily",NA,NA,NA
"2010-08-08",124.938,FALSE,NA,NA,"<= day","daily",NA,NA,NA
"2010-08-09",122.796,FALSE,NA,NA,"<= day","daily",NA,NA,NA
"2010-08-10",129.904,FALSE,NA,NA,"<= day","daily",NA,NA,NA
"2010-08-11",125.122,FALSE,NA,NA,"<= day","daily",NA,NA,NA
"2010-08-12",162.132,FALSE,NA,NA,"<= day","daily",NA,NA,NA
"2010-08-13",130.435,FALSE,NA,NA,"<= day","daily",NA,NA,NA
"2010-08-14",128.195,FALSE,NA,NA,"<= day","daily",NA,NA,NA
"2010-08-15",178.63,FALSE,NA,NA,"<= day","daily",NA,NA,NA
"2010-08-16",166.876,FALSE,NA,NA,"<= day","daily",NA,NA,NA
"2010-08-17",172.553,FALSE,NA,NA,"<= day","daily",NA,NA,NA
"2010-08-18",132.484,FALSE,NA,NA,"<= day","daily",NA,NA,NA
"2010-08-19",159.12,FALSE,NA,NA,"<= day","daily",NA,NA,NA
"2010-08-20",134.506,FALSE,NA,NA,"<= day","daily",NA,NA,NA
"2010-08-21",130.135,FALSE,NA,NA,"<= day","daily",NA,NA,NA
"2010-08-22",126.318,FALSE,NA,NA,"<= day","daily",NA,NA,NA
"2010-08-23",123.317,FALSE,NA,NA,"<= day","daily",NA,NA,NA
"2010-08-24",145.095,FALSE,NA,NA,"<= day","daily",NA,NA,NA
"2010-08-25",122.616,FALSE,NA,NA,"<= day","daily",NA,NA,NA
"2010-08-26",128.616,FALSE,NA,NA,"<= day","daily",NA,NA,NA
"2010-08-27",150.918,FALSE,NA,NA,"<= day","daily",NA,NA,NA
"2010-08-28",187.712,FALSE,NA,NA,"<= day","daily",NA,NA,NA
"2010-08-29",142.702,FALSE,NA,NA,"<= day","daily",NA,NA,NA
"2010-08-30",141.141,FALSE,NA,NA,"<= day","daily",NA,NA,NA
"2010-08-31",149.726,FALSE,NA,NA,"<= day","daily",NA,NA,NA
"2010-09-01",130.15,FALSE,NA,NA,"<= day","daily",NA,NA,NA
"2010-09-02",124.139,FALSE,NA,NA,"<= day","daily",NA,NA,NA
"2010-09-03",121.506,FALSE,NA,NA,"<= day","daily",NA,NA,NA
"2010-09-04",119.815,FALSE,NA,NA,"<= day","daily",NA,NA,NA
"2010-09-05",118.138,FALSE,NA,NA,"<= day","daily",NA,NA,NA
"2010-09-06",116.856,FALSE,NA,NA,"<= day","daily",NA,NA,NA
"2010-09-07",120.166,FALSE,NA,NA,"<= day","daily",NA,NA,NA
"2010-09-08",120.592,FALSE,NA,NA,"<= day","daily",NA,NA,NA
"2010-09-09",116.155,FALSE,NA,NA,"<= day","daily",NA,NA,NA
"2010-09-10",111.76,FALSE,NA,NA,"<= day","daily",NA,NA,NA
"2010-09-11",112.877,FALSE,NA,NA,"<= day","daily",NA,NA,NA
"2010-09-12",115.002,FALSE,NA,NA,"<= day","daily",NA,NA,NA
"2010-09-13",159.743,FALSE,NA,NA,"<= day","daily",NA,NA,NA
"2010-09-14",122.473,FALSE,NA,NA,"<= day","daily",NA,NA,NA
"2010-09-15",116.928,FALSE,NA,NA,"<= day","daily",NA,NA,NA
"2010-09-16",134.32,FALSE,NA,NA,"<= day","daily",NA,NA,NA
"2010-09-17",156.173,FALSE,NA,NA,"<= day","daily",NA,NA,NA
"2010-09-18",125.25,FALSE,NA,NA,"<= day","daily",NA,NA,NA
"2010-09-19",119.974,FALSE,NA,NA,"<= day","daily",NA,NA,NA
"2010-09-20",117.606,FALSE,NA,NA,"<= day","daily",NA,NA,NA
"2010-09-21",116.552,FALSE,NA,NA,"<= day","daily",NA,NA,NA
"2010-09-22",116.242,FALSE,NA,NA,"<= day","daily",NA,NA,NA
"2010-09-23",116.146,FALSE,NA,NA,"<= day","daily",NA,NA,NA
"2010-09-24",122.781,FALSE,NA,NA,"<= day","daily",NA,NA,NA
"2010-09-25",131.246,FALSE,NA,NA,"<= day","daily",NA,NA,NA
"2010-09-26",131.059,FALSE,NA,NA,"<= day","daily",NA,NA,NA
"2010-09-27",126.887,FALSE,NA,NA,"<= day","daily",NA,NA,NA
"2010-09-28",125.314,FALSE,NA,NA,"<= day","daily",NA,NA,NA
"2010-09-29",125.692,FALSE,NA,NA,"<= day","daily",NA,NA,NA
"2010-09-30",125.945,FALSE,NA,NA,"<= day","daily",NA,NA,NA
"2010-10-01",132.449,FALSE,NA,NA,"<= day","daily",NA,NA,NA
"2010-10-02",129.41,FALSE,NA,NA,"<= day","daily",NA,NA,NA
"2010-10-03",127.459,FALSE,NA,NA,"<= day","daily",NA,NA,NA
"2010-10-04",124.732,FALSE,NA,NA,"<= day","daily",NA,NA,NA
"2010-10-05",130.459,FALSE,NA,NA,"<= day","daily",NA,NA,NA
"2010-10-06",122.49,FALSE,NA,NA,"<= day","daily",NA,NA,NA
"2010-10-07",117.708,FALSE,NA,NA,"<= day","daily",NA,NA,NA
"2010-10-08",116.086,FALSE,NA,NA,"<= day","daily",NA,NA,NA
"2010-10-09",115.748,FALSE,NA,NA,"<= day","daily",NA,NA,NA
"2010-10-10",115.128,FALSE,NA,NA,"<= day","daily",NA,NA,NA
"2010-10-11",107.991,FALSE,NA,NA,"<= day","daily",NA,NA,NA
"2010-10-12",103.794,FALSE,NA,NA,"<= day","daily",NA,NA,NA
"2010-10-13",97.659,FALSE,NA,NA,"<= day","daily",NA,NA,NA
"2010-10-14",91.102,FALSE,NA,NA,"<= day","daily",NA,NA,NA
"2010-10-15",88.107,FALSE,NA,NA,"<= day","daily",NA,NA,NA
"2010-10-16",82.496,FALSE,NA,NA,"<= day","daily",NA,NA,NA
"2010-10-17",81.096,FALSE,NA,NA,"<= day","daily",NA,NA,NA
"2010-10-18",84.146,FALSE,NA,NA,"<= day","daily",NA,NA,NA
"2010-10-19",80.211,FALSE,NA,NA,"<= day","daily",NA,NA,NA
"2010-10-20",78.04,FALSE,NA,NA,"<= day","daily",NA,NA,NA
"2010-10-21",89.125,FALSE,NA,NA,"<= day","daily",NA,NA,NA
"2010-10-22",88.896,FALSE,NA,NA,"<= day","daily",NA,NA,NA
"2010-10-23",88.45,FALSE,NA,NA,"<= day","daily",NA,NA,NA
"2010-10-24",91.999,FALSE,NA,NA,"<= day","daily",NA,NA,NA
"2010-10-25",93.573,FALSE,NA,NA,"<= day","daily",NA,NA,NA
"2010-10-26",96.153,FALSE,NA,NA,"<= day","daily",NA,NA,NA
"2010-10-27",99.202,FALSE,NA,NA,"<= day","daily",NA,NA,NA
"2010-10-28",117.088,FALSE,NA,NA,"<= day","daily",NA,NA,NA
"2010-10-29",121.014,FALSE,NA,NA,"<= day","daily",NA,NA,NA
"2010-10-30",119.88,FALSE,NA,NA,"<= day","daily",NA,NA,NA
"2010-10-31",115.443,FALSE,NA,NA,"<= day","daily",NA,NA,NA
"2010-11-01",110.539,FALSE,NA,NA,"<= day","daily",NA,NA,NA
"2010-11-02",115.84,FALSE,NA,NA,"<= day","daily",NA,NA,NA
"2010-11-03",116.715,FALSE,NA,NA,"<= day","daily",NA,NA,NA
"2010-11-04",114.723,FALSE,NA,NA,"<= day","daily",NA,NA,NA
"2010-11-05",118.12,FALSE,NA,NA,"<= day","daily",NA,NA,NA
"2010-11-06",118.709,FALSE,NA,NA,"<= day","daily",NA,NA,NA
"2010-11-07",114.293,FALSE,NA,NA,"<= day","daily",NA,NA,NA
"2010-11-08",98.658,FALSE,NA,NA,"<= day","daily",NA,NA,NA
"2010-11-09",90.261,FALSE,NA,NA,"<= day","daily",NA,NA,NA
"2010-11-10",85.716,FALSE,NA,NA,"<= day","daily",NA,NA,NA
"2010-11-11",86.66,FALSE,NA,NA,"<= day","daily",NA,NA,NA
"2010-11-12",168.896,FALSE,NA,NA,"<= day","daily",NA,NA,NA
"2010-11-13",184.302,FALSE,NA,NA,"<= day","daily",NA,NA,NA
"2010-11-14",142.398,FALSE,NA,NA,"<= day","daily",NA,NA,NA
"2010-11-15",138.125,FALSE,NA,NA,"<= day","daily",NA,NA,NA
"2010-11-16",134.575,FALSE,NA,NA,"<= day","daily",NA,NA,NA
"2010-11-17",131.093,FALSE,NA,NA,"<= day","daily",NA,NA,NA
"2010-11-18",126.175,FALSE,NA,NA,"<= day","daily",NA,NA,NA
"2010-11-19",124.19,FALSE,NA,NA,"<= day","daily",NA,NA,NA
"2010-11-20",122.522,FALSE,NA,NA,"<= day","daily",NA,NA,NA
"2010-11-21",119.317,FALSE,NA,NA,"<= day","daily",NA,NA,NA
"2010-11-22",113.445,FALSE,NA,NA,"<= day","daily",NA,NA,NA
"2010-11-23",104.879,FALSE,NA,NA,"<= day","daily",NA,NA,NA
"2010-11-24",100.854,FALSE,NA,NA,"<= day","daily",NA,NA,NA
"2010-11-25",100.817,FALSE,NA,NA,"<= day","daily",NA,NA,NA
"2010-11-26",98.411,FALSE,NA,NA,"<= day","daily",NA,NA,NA
"2010-11-27",95.256,FALSE,NA,NA,"<= day","daily",NA,NA,NA
"2010-11-28",89.223,FALSE,NA,NA,"<= day","daily",NA,NA,NA
"2010-11-29",82.615,FALSE,NA,NA,"<= day","daily",NA,NA,NA
"2010-11-30",78.909,FALSE,NA,NA,"<= day","daily",NA,NA,NA
"2010-12-01",77.83,FALSE,NA,NA,"<= day","daily",NA,NA,NA
"2010-12-02",75.308,FALSE,NA,NA,"<= day","daily",NA,NA,NA
"2010-12-03",72.967,FALSE,NA,NA,"<= day","daily",NA,NA,NA
"2010-12-04",70.703,FALSE,NA,NA,"<= day","daily",NA,NA,NA
"2010-12-05",68.544,FALSE,NA,NA,"<= day","daily",NA,NA,NA
"2010-12-06",68.3,FALSE,NA,NA,"<= day","daily",NA,NA,NA
"2010-12-07",125.009,FALSE,NA,NA,"<= day","daily",NA,NA,NA
"2010-12-08",128.642,FALSE,NA,NA,"<= day","daily",NA,NA,NA
"2010-12-09",124.426,FALSE,NA,NA,"<= day","daily",NA,NA,NA
"2010-12-10",90.418,FALSE,NA,NA,"<= day","daily",NA,NA,NA
"2010-12-11",80.52,FALSE,NA,NA,"<= day","daily",NA,NA,NA
"2010-12-12",76.358,FALSE,NA,NA,"<= day","daily",NA,NA,NA
"2010-12-13",72.903,FALSE,NA,NA,"<= day","daily",NA,NA,NA
"2010-12-14",71.378,FALSE,NA,NA,"<= day","daily",NA,NA,NA
"2010-12-15",66.8,FALSE,NA,NA,"<= day","daily",NA,NA,NA
"2010-12-16",64.698,FALSE,NA,NA,"<= day","daily",NA,NA,NA
"2010-12-17",63.947,FALSE,NA,NA,"<= day","daily",NA,NA,NA
"2010-12-18",61.821,FALSE,NA,NA,"<= day","daily",NA,NA,NA
"2010-12-19",59.101,FALSE,NA,NA,"<= day","daily",NA,NA,NA
"2010-12-20",57.734,FALSE,NA,NA,"<= day","daily",NA,NA,NA
"2010-12-21",56.848,FALSE,NA,NA,"<= day","daily",NA,NA,NA
"2010-12-22",56.526,FALSE,NA,NA,"<= day","daily",NA,NA,NA
"2010-12-23",56.366,FALSE,NA,NA,"<= day","daily",NA,NA,NA
"2010-12-24",56.777,FALSE,NA,NA,"<= day","daily",NA,NA,NA
"2010-12-25",55.775,FALSE,NA,NA,"<= day","daily",NA,NA,NA
"2010-12-26",54.597,FALSE,NA,NA,"<= day","daily",NA,NA,NA
"2010-12-27",53.514,FALSE,NA,NA,"<= day","daily",NA,NA,NA
"2010-12-28",52.856,FALSE,NA,NA,"<= day","daily",NA,NA,NA
"2010-12-29",52.036,FALSE,NA,NA,"<= day","daily",NA,NA,NA
"2010-12-30",52.146,FALSE,NA,NA,"<= day","daily",NA,NA,NA
"2010-12-31",53.006,FALSE,NA,NA,"<= day","daily",NA,NA,NA
"2011-01-01",53.471,FALSE,NA,NA,"<= day","daily",NA,NA,NA
"2011-01-02",52.982,FALSE,NA,NA,"<= day","daily",NA,NA,NA
"2011-01-03",51.816,FALSE,NA,NA,"<= day","daily",NA,NA,NA
"2011-01-04",50.457,FALSE,NA,NA,"<= day","daily",NA,NA,NA
"2011-01-05",42.552,FALSE,NA,NA,"<= day","daily",NA,NA,NA
"2011-01-06",45.344,FALSE,NA,NA,"<= day","daily",NA,NA,NA
"2011-01-07",50.425,FALSE,NA,NA,"<= day","daily",NA,NA,NA
"2011-01-08",53.285,FALSE,NA,NA,"<= day","daily",NA,NA,NA
"2011-01-09",51.088,FALSE,NA,NA,"<= day","daily",NA,NA,NA
"2011-01-10",49.092,FALSE,NA,NA,"<= day","daily",NA,NA,NA
"2011-01-11",47.945,FALSE,NA,NA,"<= day","daily",NA,NA,NA
"2011-01-12",47.128,FALSE,NA,NA,"<= day","daily",NA,NA,NA
"2011-01-13",86.359,FALSE,NA,NA,"<= day","daily",NA,NA,NA
"2011-01-14",76.376,FALSE,NA,NA,"<= day","daily",NA,NA,NA
"2011-01-15",63.976,FALSE,NA,NA,"<= day","daily",NA,NA,NA
"2011-01-16",63.114,FALSE,NA,NA,"<= day","daily",NA,NA,NA
"2011-01-17",66.217,FALSE,NA,NA,"<= day","daily",NA,NA,NA
"2011-01-18",63.055,FALSE,NA,NA,"<= day","daily",NA,NA,NA
"2011-01-19",58.311,FALSE,NA,NA,"<= day","daily",NA,NA,NA
"2011-01-20",53.96,FALSE,NA,NA,"<= day","daily",NA,NA,NA
"2011-01-21",50.924,FALSE,NA,NA,"<= day","daily",NA,NA,NA
"2011-01-22",48.195,FALSE,NA,NA,"<= day","daily",NA,NA,NA
"2011-01-23",46.32,FALSE,NA,NA,"<= day","daily",NA,NA,NA
"2011-01-24",44.831,FALSE,NA,NA,"<= day","daily",NA,NA,NA
"2011-01-25",43.4,FALSE,NA,NA,"<= day","daily",NA,NA,NA
"2011-01-26",42.519,FALSE,NA,NA,"<= day","daily",NA,NA,NA
"2011-01-27",41.361,FALSE,NA,NA,"<= day","daily",NA,NA,NA
"2011-01-28",40.076,FALSE,NA,NA,"<= day","daily",NA,NA,NA
"2011-01-29",39.371,FALSE,NA,NA,"<= day","daily",NA,NA,NA
"2011-01-30",38.694,FALSE,NA,NA,"<= day","daily",NA,NA,NA
"2011-01-31",38.64,FALSE,NA,NA,"<= day","daily",NA,NA,NA
"2011-02-01",39.365,FALSE,NA,NA,"<= day","daily",NA,NA,NA
"2011-02-02",39.943,FALSE,NA,NA,"<= day","daily",NA,NA,NA
"2011-02-03",39.744,FALSE,NA,NA,"<= day","daily",NA,NA,NA
"2011-02-04",39.31,FALSE,NA,NA,"<= day","daily",NA,NA,NA
"2011-02-05",41.566,FALSE,NA,NA,"<= day","daily",NA,NA,NA
"2011-02-06",46.286,FALSE,NA,NA,"<= day","daily",NA,NA,NA
"2011-02-07",52.302,FALSE,NA,NA,"<= day","daily",NA,NA,NA
"2011-02-08",55.842,FALSE,NA,NA,"<= day","daily",NA,NA,NA
"2011-02-09",57.11,FALSE,NA,NA,"<= day","daily",NA,NA,NA
"2011-02-10",58.286,FALSE,NA,NA,"<= day","daily",NA,NA,NA
"2011-02-11",59.834,FALSE,NA,NA,"<= day","daily",NA,NA,NA
"2011-02-12",63.625,FALSE,NA,NA,"<= day","daily",NA,NA,NA
"2011-02-13",61.932,FALSE,NA,NA,"<= day","daily",NA,NA,NA
"2011-02-14",59.722,FALSE,NA,NA,"<= day","daily",NA,NA,NA
"2011-02-15",52.782,FALSE,NA,NA,"<= day","daily",NA,NA,NA
"2011-02-16",48.883,FALSE,NA,NA,"<= day","daily",NA,NA,NA
"2011-02-17",45.428,FALSE,NA,NA,"<= day","daily",NA,NA,NA
"2011-02-18",44.233,FALSE,NA,NA,"<= day","daily",NA,NA,NA
"2011-02-19",44.595,FALSE,NA,NA,"<= day","daily",NA,NA,NA
"2011-02-20",44.898,FALSE,NA,NA,"<= day","daily",NA,NA,NA
"2011-02-21",43.209,FALSE,NA,NA,"<= day","daily",NA,NA,NA
"2011-02-22",41.643,FALSE,NA,NA,"<= day","daily",NA,NA,NA
"2011-02-23",39.968,FALSE,NA,NA,"<= day","daily",NA,NA,NA
"2011-02-24",39.637,FALSE,NA,NA,"<= day","daily",NA,NA,NA
"2011-02-25",40.148,FALSE,NA,NA,"<= day","daily",NA,NA,NA
"2011-02-26",41.371,FALSE,NA,NA,"<= day","daily",NA,NA,NA
"2011-02-27",41.544,FALSE,NA,NA,"<= day","daily",NA,NA,NA
"2011-02-28",40.458,FALSE,NA,NA,"<= day","daily",NA,NA,NA
"2011-03-01",41.698,FALSE,NA,NA,"<= day","daily",NA,NA,NA
"2011-03-02",45.595,FALSE,NA,NA,"<= day","daily",NA,NA,NA
"2011-03-03",47.69,FALSE,NA,NA,"<= day","daily",NA,NA,NA
"2011-03-04",42.995,FALSE,NA,NA,"<= day","daily",NA,NA,NA
"2011-03-05",44.822,FALSE,NA,NA,"<= day","daily",NA,NA,NA
"2011-03-06",52.084,FALSE,NA,NA,"<= day","daily",NA,NA,NA
"2011-03-07",62.336,FALSE,NA,NA,"<= day","daily",NA,NA,NA
"2011-03-08",68.503,FALSE,NA,NA,"<= day","daily",NA,NA,NA
"2011-03-09",71.515,FALSE,NA,NA,"<= day","daily",NA,NA,NA
"2011-03-10",77.012,FALSE,NA,NA,"<= day","daily",NA,NA,NA
"2011-03-11",86.586,FALSE,NA,NA,"<= day","daily",NA,NA,NA
"2011-03-12",75.553,FALSE,NA,NA,"<= day","daily",NA,NA,NA
"2011-03-13",58.864,FALSE,NA,NA,"<= day","daily",NA,NA,NA
"2011-03-14",57.022,FALSE,NA,NA,"<= day","daily",NA,NA,NA
"2011-03-15",72.989,FALSE,NA,NA,"<= day","daily",NA,NA,NA
"2011-03-16",75.694,FALSE,NA,NA,"<= day","daily",NA,NA,NA
"2011-03-17",70.733,FALSE,NA,NA,"<= day","daily",NA,NA,NA
"2011-03-18",71.578,FALSE,NA,NA,"<= day","daily",NA,NA,NA
"2011-03-19",66.954,FALSE,NA,NA,"<= day","daily",NA,NA,NA
"2011-03-20",65.017,FALSE,NA,NA,"<= day","daily",NA,NA,NA
"2011-03-21",72.056,FALSE,NA,NA,"<= day","daily",NA,NA,NA
"2011-03-22",84.238,FALSE,NA,NA,"<= day","daily",NA,NA,NA
"2011-03-23",100.122,FALSE,NA,NA,"<= day","daily",NA,NA,NA
"2011-03-24",120.499,FALSE,NA,NA,"<= day","daily",NA,NA,NA
"2011-03-25",127.671,FALSE,NA,NA,"<= day","daily",NA,NA,NA
"2011-03-26",126.063,FALSE,NA,NA,"<= day","daily",NA,NA,NA
"2011-03-27",117.728,FALSE,NA,NA,"<= day","daily",NA,NA,NA
"2011-03-28",111.242,FALSE,NA,NA,"<= day","daily",NA,NA,NA
"2011-03-29",111.38,FALSE,NA,NA,"<= day","daily",NA,NA,NA
"2011-03-30",124.229,FALSE,NA,NA,"<= day","daily",NA,NA,NA
"2011-03-31",123.077,FALSE,NA,NA,"<= day","daily",NA,NA,NA
"2011-04-01",131.161,FALSE,NA,NA,"<= day","daily",NA,NA,NA
"2011-04-02",134.677,FALSE,NA,NA,"<= day","daily",NA,NA,NA
"2011-04-03",138.875,FALSE,NA,NA,"<= day","daily",NA,NA,NA
"2011-04-04",141.337,FALSE,NA,NA,"<= day","daily",NA,NA,NA
"2011-04-05",135.895,FALSE,NA,NA,"<= day","daily",NA,NA,NA
"2011-04-06",138.196,FALSE,NA,NA,"<= day","daily",NA,NA,NA
"2011-04-07",152.058,FALSE,NA,NA,"<= day","daily",NA,NA,NA
"2011-04-08",168.517,FALSE,NA,NA,"<= day","daily",NA,NA,NA
"2011-04-09",173.788,FALSE,NA,NA,"<= day","daily",NA,NA,NA
"2011-04-10",167.291,FALSE,NA,NA,"<= day","daily",NA,NA,NA
"2011-04-11",168.488,FALSE,NA,NA,"<= day","daily",NA,NA,NA
"2011-04-12",160.179,FALSE,NA,NA,"<= day","daily",NA,NA,NA
"2011-04-13",134.538,FALSE,NA,NA,"<= day","daily",NA,NA,NA
"2011-04-14",129.792,FALSE,NA,NA,"<= day","daily",NA,NA,NA
"2011-04-15",126.984,FALSE,NA,NA,"<= day","daily",NA,NA,NA
"2011-04-16",124.809,FALSE,NA,NA,"<= day","daily",NA,NA,NA
"2011-04-17",127.08,FALSE,NA,NA,"<= day","daily",NA,NA,NA
"2011-04-18",132.028,FALSE,NA,NA,"<= day","daily",NA,NA,NA
"2011-04-19",134.709,FALSE,NA,NA,"<= day","daily",NA,NA,NA
"2011-04-20",143.66,FALSE,NA,NA,"<= day","daily",NA,NA,NA
"2011-04-21",151.778,FALSE,NA,NA,"<= day","daily",NA,NA,NA
"2011-04-22",158.359,FALSE,NA,NA,"<= day","daily",NA,NA,NA
"2011-04-23",160.083,FALSE,NA,NA,"<= day","daily",NA,NA,NA
"2011-04-24",166.472,FALSE,NA,NA,"<= day","daily",NA,NA,NA
"2011-04-25",174.421,FALSE,NA,NA,"<= day","daily",NA,NA,NA
"2011-04-26",182.21,FALSE,NA,NA,"<= day","daily",NA,NA,NA
"2011-04-27",174.837,FALSE,NA,NA,"<= day","daily",NA,NA,NA
"2011-04-28",151.446,FALSE,NA,NA,"<= day","daily",NA,NA,NA
"2011-04-29",135.205,FALSE,NA,NA,"<= day","daily",NA,NA,NA
"2011-04-30",136.647,FALSE,NA,NA,"<= day","daily",NA,NA,NA
"2011-05-01",140.825,FALSE,NA,NA,"<= day","daily",NA,NA,NA
"2011-05-02",155.927,FALSE,NA,NA,"<= day","daily",NA,NA,NA
"2011-05-03",172.033,FALSE,NA,NA,"<= day","daily",NA,NA,NA
"2011-05-04",144.053,FALSE,NA,NA,"<= day","daily",NA,NA,NA
"2011-05-05",145.374,FALSE,NA,NA,"<= day","daily",NA,NA,NA
"2011-05-06",157.746,FALSE,NA,NA,"<= day","daily",NA,NA,NA
"2011-05-07",175.331,FALSE,NA,NA,"<= day","daily",NA,NA,NA
"2011-05-08",185.559,FALSE,NA,NA,"<= day","daily",NA,NA,NA
"2011-05-09",187.644,FALSE,NA,NA,"<= day","daily",NA,NA,NA
"2011-05-10",185.921,FALSE,NA,NA,"<= day","daily",NA,NA,NA
"2011-05-11",186.349,FALSE,NA,NA,"<= day","daily",NA,NA,NA
"2011-05-12",189.54,FALSE,NA,NA,"<= day","daily",NA,NA,NA
"2011-05-13",187.587,FALSE,NA,NA,"<= day","daily",NA,NA,NA
"2011-05-14",189.999,FALSE,NA,NA,"<= day","daily",NA,NA,NA
"2011-05-15",180.514,FALSE,NA,NA,"<= day","daily",NA,NA,NA
"2011-05-16",154.918,FALSE,NA,NA,"<= day","daily",NA,NA,NA
"2011-05-17",141.552,FALSE,NA,NA,"<= day","daily",NA,NA,NA
"2011-05-18",146.088,FALSE,NA,NA,"<= day","daily",NA,NA,NA
"2011-05-19",176.717,FALSE,NA,NA,"<= day","daily",NA,NA,NA
"2011-05-20",176.388,FALSE,NA,NA,"<= day","daily",NA,NA,NA
"2011-05-21",178.261,FALSE,NA,NA,"<= day","daily",NA,NA,NA
"2011-05-22",177.747,FALSE,NA,NA,"<= day","daily",NA,NA,NA
"2011-05-23",183.357,FALSE,NA,NA,"<= day","daily",NA,NA,NA
"2011-05-24",183.777,FALSE,NA,NA,"<= day","daily",NA,NA,NA
"2011-05-25",183.243,FALSE,NA,NA,"<= day","daily",NA,NA,NA
"2011-05-26",182.808,FALSE,NA,NA,"<= day","daily",NA,NA,NA
"2011-05-27",181.834,FALSE,NA,NA,"<= day","daily",NA,NA,NA
"2011-05-28",165.832,FALSE,NA,NA,"<= day","daily",NA,NA,NA
"2011-05-29",167.464,FALSE,NA,NA,"<= day","daily",NA,NA,NA
"2011-05-30",176.652,FALSE,NA,NA,"<= day","daily",NA,NA,NA
"2011-05-31",184.61,FALSE,NA,NA,"<= day","daily",NA,NA,NA
"2011-06-01",177.142,FALSE,NA,NA,"<= day","daily",NA,NA,NA
"2011-06-02",169.999,FALSE,NA,NA,"<= day","daily",NA,NA,NA
"2011-06-03",173.874,FALSE,NA,NA,"<= day","daily",NA,NA,NA
"2011-06-04",176.25,FALSE,NA,NA,"<= day","daily",NA,NA,NA
"2011-06-05",169.809,FALSE,NA,NA,"<= day","daily",NA,NA,NA
"2011-06-06",163.093,FALSE,NA,NA,"<= day","daily",NA,NA,NA
"2011-06-07",156.639,FALSE,NA,NA,"<= day","daily",NA,NA,NA
"2011-06-08",165.827,FALSE,NA,NA,"<= day","daily",NA,NA,NA
"2011-06-09",152.981,FALSE,NA,NA,"<= day","daily",NA,NA,NA
"2011-06-10",136.038,FALSE,NA,NA,"<= day","daily",NA,NA,NA
"2011-06-11",141.78,FALSE,NA,NA,"<= day","daily",NA,NA,NA
"2011-06-12",138.545,FALSE,NA,NA,"<= day","daily",NA,NA,NA
"2011-06-13",155.628,FALSE,NA,NA,"<= day","daily",NA,NA,NA
"2011-06-14",147.564,FALSE,NA,NA,"<= day","daily",NA,NA,NA
"2011-06-15",159.379,FALSE,NA,NA,"<= day","daily",NA,NA,NA
"2011-06-16",166.832,FALSE,NA,NA,"<= day","daily",NA,NA,NA
"2011-06-17",180.499,FALSE,NA,NA,"<= day","daily",NA,NA,NA
"2011-06-18",192.235,FALSE,NA,NA,"<= day","daily",NA,NA,NA
"2011-06-19",172.947,FALSE,NA,NA,"<= day","daily",NA,NA,NA
"2011-06-20",139.516,FALSE,NA,NA,"<= day","daily",NA,NA,NA
"2011-06-21",145.111,FALSE,NA,NA,"<= day","daily",NA,NA,NA
"2011-06-22",166.24,FALSE,NA,NA,"<= day","daily",NA,NA,NA
"2011-06-23",181.643,FALSE,NA,NA,"<= day","daily",NA,NA,NA
"2011-06-24",156.162,FALSE,NA,NA,"<= day","daily",NA,NA,NA
"2011-06-25",135.028,FALSE,NA,NA,"<= day","daily",NA,NA,NA
"2011-06-26",139.643,FALSE,NA,NA,"<= day","daily",NA,NA,NA
"2011-06-27",145.501,FALSE,NA,NA,"<= day","daily",NA,NA,NA
"2011-06-28",146.815,FALSE,NA,NA,"<= day","daily",NA,NA,NA
"2011-06-29",152.9,FALSE,NA,NA,"<= day","daily",NA,NA,NA
"2011-06-30",172.287,FALSE,NA,NA,"<= day","daily",NA,NA,NA
"2011-07-01",129.871,FALSE,NA,NA,"<= day","daily",NA,NA,NA
"2011-07-02",120.192,FALSE,NA,NA,"<= day","daily",NA,NA,NA
"2011-07-03",118.288,FALSE,NA,NA,"<= day","daily",NA,NA,NA
"2011-07-04",120.694,FALSE,NA,NA,"<= day","daily",NA,NA,NA
"2011-07-05",123.749,FALSE,NA,NA,"<= day","daily",NA,NA,NA
"2011-07-06",121.256,FALSE,NA,NA,"<= day","daily",NA,NA,NA
"2011-07-07",128.745,FALSE,NA,NA,"<= day","daily",NA,NA,NA
"2011-07-08",128.111,FALSE,NA,NA,"<= day","daily",NA,NA,NA
"2011-07-09",126.504,FALSE,NA,NA,"<= day","daily",NA,NA,NA
"2011-07-10",130.821,FALSE,NA,NA,"<= day","daily",NA,NA,NA
"2011-07-11",128.926,FALSE,NA,NA,"<= day","daily",NA,NA,NA
"2011-07-12",124.374,FALSE,NA,NA,"<= day","daily",NA,NA,NA
"2011-07-13",164.392,FALSE,NA,NA,"<= day","daily",NA,NA,NA
"2011-07-14",158.143,FALSE,NA,NA,"<= day","daily",NA,NA,NA
"2011-07-15",125.362,FALSE,NA,NA,"<= day","daily",NA,NA,NA
"2011-07-16",122.017,FALSE,NA,NA,"<= day","daily",NA,NA,NA
"2011-07-17",149.612,FALSE,NA,NA,"<= day","daily",NA,NA,NA
"2011-07-18",134.365,FALSE,NA,NA,"<= day","daily",NA,NA,NA
"2011-07-19",123.431,FALSE,NA,NA,"<= day","daily",NA,NA,NA
"2011-07-20",163.782,FALSE,NA,NA,"<= day","daily",NA,NA,NA
"2011-07-21",144.912,FALSE,NA,NA,"<= day","daily",NA,NA,NA
"2011-07-22",126.678,FALSE,NA,NA,"<= day","daily",NA,NA,NA
"2011-07-23",148.596,FALSE,NA,NA,"<= day","daily",NA,NA,NA
"2011-07-24",169.936,FALSE,NA,NA,"<= day","daily",NA,NA,NA
"2011-07-25",132.589,FALSE,NA,NA,"<= day","daily",NA,NA,NA
"2011-07-26",122.917,FALSE,NA,NA,"<= day","daily",NA,NA,NA
"2011-07-27",123.586,FALSE,NA,NA,"<= day","daily",NA,NA,NA
"2011-07-28",147.802,FALSE,NA,NA,"<= day","daily",NA,NA,NA
"2011-07-29",134.412,FALSE,NA,NA,"<= day","daily",NA,NA,NA
"2011-07-30",124.384,FALSE,NA,NA,"<= day","daily",NA,NA,NA
"2011-07-31",124.412,FALSE,NA,NA,"<= day","daily",NA,NA,NA
"2011-08-01",123.618,FALSE,NA,NA,"<= day","daily",NA,NA,NA
"2011-08-02",124.242,FALSE,NA,NA,"<= day","daily",NA,NA,NA
"2011-08-03",129.27,FALSE,NA,NA,"<= day","daily",NA,NA,NA
"2011-08-04",129.553,FALSE,NA,NA,"<= day","daily",NA,NA,NA
"2011-08-05",125.966,FALSE,NA,NA,"<= day","daily",NA,NA,NA
"2011-08-06",128.646,FALSE,NA,NA,"<= day","daily",NA,NA,NA
"2011-08-07",172.222,FALSE,NA,NA,"<= day","daily",NA,NA,NA
"2011-08-08",137.949,FALSE,NA,NA,"<= day","daily",NA,NA,NA
"2011-08-09",133.023,FALSE,NA,NA,"<= day","daily",NA,NA,NA
"2011-08-10",119.967,FALSE,NA,NA,"<= day","daily",NA,NA,NA
"2011-08-11",118.62,FALSE,NA,NA,"<= day","daily",NA,NA,NA
"2011-08-12",119.22,FALSE,NA,NA,"<= day","daily",NA,NA,NA
"2011-08-13",122.973,FALSE,NA,NA,"<= day","daily",NA,NA,NA
"2011-08-14",120.026,FALSE,NA,NA,"<= day","daily",NA,NA,NA
"2011-08-15",160.94,FALSE,NA,NA,"<= day","daily",NA,NA,NA
"2011-08-16",125.158,FALSE,NA,NA,"<= day","daily",NA,NA,NA
"2011-08-17",123.074,FALSE,NA,NA,"<= day","daily",NA,NA,NA
"2011-08-18",129.332,FALSE,NA,NA,"<= day","daily",NA,NA,NA
"2011-08-19",135.769,FALSE,NA,NA,"<= day","daily",NA,NA,NA
"2011-08-20",124.664,FALSE,NA,NA,"<= day","daily",NA,NA,NA
"2011-08-21",120.77,FALSE,NA,NA,"<= day","daily",NA,NA,NA
"2011-08-22",120.21,FALSE,NA,NA,"<= day","daily",NA,NA,NA
"2011-08-23",119.172,FALSE,NA,NA,"<= day","daily",NA,NA,NA
"2011-08-24",117.59,FALSE,NA,NA,"<= day","daily",NA,NA,NA
"2011-08-25",118.933,FALSE,NA,NA,"<= day","daily",NA,NA,NA
"2011-08-26",120.228,FALSE,NA,NA,"<= day","daily",NA,NA,NA
"2011-08-27",117.621,FALSE,NA,NA,"<= day","daily",NA,NA,NA
"2011-08-28",105.924,FALSE,NA,NA,"<= day","daily",NA,NA,NA
"2011-08-29",106.767,FALSE,NA,NA,"<= day","daily",NA,NA,NA
"2011-08-30",109.52,FALSE,NA,NA,"<= day","daily",NA,NA,NA
"2011-08-31",110.359,FALSE,NA,NA,"<= day","daily",NA,NA,NA
"2011-09-01",117.088,FALSE,NA,NA,"<= day","daily",NA,NA,NA
"2011-09-02",117.44,FALSE,NA,NA,"<= day","daily",NA,NA,NA
"2011-09-03",118.7,FALSE,NA,NA,"<= day","daily",NA,NA,NA
"2011-09-04",131.026,FALSE,NA,NA,"<= day","daily",NA,NA,NA
"2011-09-05",158.015,FALSE,NA,NA,"<= day","daily",NA,NA,NA
"2011-09-06",118.881,FALSE,NA,NA,"<= day","daily",NA,NA,NA
"2011-09-07",115.082,FALSE,NA,NA,"<= day","daily",NA,NA,NA
"2011-09-08",112.234,FALSE,NA,NA,"<= day","daily",NA,NA,NA
"2011-09-09",114.164,FALSE,NA,NA,"<= day","daily",NA,NA,NA
"2011-09-10",114.949,FALSE,NA,NA,"<= day","daily",NA,NA,NA
"2011-09-11",115.832,FALSE,NA,NA,"<= day","daily",NA,NA,NA
"2011-09-12",133.494,FALSE,NA,NA,"<= day","daily",NA,NA,NA
"2011-09-13",117.356,FALSE,NA,NA,"<= day","daily",NA,NA,NA
"2011-09-14",116.42,FALSE,NA,NA,"<= day","daily",NA,NA,NA
"2011-09-15",112.845,FALSE,NA,NA,"<= day","daily",NA,NA,NA
"2011-09-16",110.753,FALSE,NA,NA,"<= day","daily",NA,NA,NA
"2011-09-17",117.824,FALSE,NA,NA,"<= day","daily",NA,NA,NA
"2011-09-18",174.457,FALSE,NA,NA,"<= day","daily",NA,NA,NA
"2011-09-19",135.22,FALSE,NA,NA,"<= day","daily",NA,NA,NA
"2011-09-20",149.043,FALSE,NA,NA,"<= day","daily",NA,NA,NA
"2011-09-21",149.563,FALSE,NA,NA,"<= day","daily",NA,NA,NA
"2011-09-22",132.356,FALSE,NA,NA,"<= day","daily",NA,NA,NA
"2011-09-23",124.06,FALSE,NA,NA,"<= day","daily",NA,NA,NA
"2011-09-24",122.412,FALSE,NA,NA,"<= day","daily",NA,NA,NA
"2011-09-25",119.318,FALSE,NA,NA,"<= day","daily",NA,NA,NA
"2011-09-26",115.678,FALSE,NA,NA,"<= day","daily",NA,NA,NA
"2011-09-27",113.412,FALSE,NA,NA,"<= day","daily",NA,NA,NA
"2011-09-28",112.817,FALSE,NA,NA,"<= day","daily",NA,NA,NA
"2011-09-29",111.912,FALSE,NA,NA,"<= day","daily",NA,NA,NA
"2011-09-30",110.348,FALSE,NA,NA,"<= day","daily",NA,NA,NA
"2011-10-01",109.298,FALSE,NA,NA,"<= day","daily",NA,NA,NA
"2011-10-02",108.547,FALSE,NA,NA,"<= day","daily",NA,NA,NA
"2011-10-03",107.206,FALSE,NA,NA,"<= day","daily",NA,NA,NA
"2011-10-04",103.14,FALSE,NA,NA,"<= day","daily",NA,NA,NA
"2011-10-05",98.435,FALSE,NA,NA,"<= day","daily",NA,NA,NA
"2011-10-06",95.632,FALSE,NA,NA,"<= day","daily",NA,NA,NA
"2011-10-07",142.86,FALSE,NA,NA,"<= day","daily",NA,NA,NA
"2011-10-08",126.624,FALSE,NA,NA,"<= day","daily",NA,NA,NA
"2011-10-09",128.04,FALSE,NA,NA,"<= day","daily",NA,NA,NA
"2011-10-10",194.128,FALSE,NA,NA,"<= day","daily",NA,NA,NA
"2011-10-11",186.044,FALSE,NA,NA,"<= day","daily",NA,NA,NA
"2011-10-12",167.586,FALSE,NA,NA,"<= day","daily",NA,NA,NA
"2011-10-13",152.217,FALSE,NA,NA,"<= day","daily",NA,NA,NA
"2011-10-14",135.857,FALSE,NA,NA,"<= day","daily",NA,NA,NA
"2011-10-15",131.022,FALSE,NA,NA,"<= day","daily",NA,NA,NA
"2011-10-16",129.52,FALSE,NA,NA,"<= day","daily",NA,NA,NA
"2011-10-17",128.095,FALSE,NA,NA,"<= day","daily",NA,NA,NA
"2011-10-18",126.112,FALSE,NA,NA,"<= day","daily",NA,NA,NA
"2011-10-19",124.573,FALSE,NA,NA,"<= day","daily",NA,NA,NA
"2011-10-20",125.733,FALSE,NA,NA,"<= day","daily",NA,NA,NA
"2011-10-21",122.02,FALSE,NA,NA,"<= day","daily",NA,NA,NA
"2011-10-22",120.773,FALSE,NA,NA,"<= day","daily",NA,NA,NA
"2011-10-23",119.978,FALSE,NA,NA,"<= day","daily",NA,NA,NA
"2011-10-24",118.299,FALSE,NA,NA,"<= day","daily",NA,NA,NA
"2011-10-25",117.946,FALSE,NA,NA,"<= day","daily",NA,NA,NA
"2011-10-26",117.254,FALSE,NA,NA,"<= day","daily",NA,NA,NA
"2011-10-27",116.05,FALSE,NA,NA,"<= day","daily",NA,NA,NA
"2011-10-28",112.922,FALSE,NA,NA,"<= day","daily",NA,NA,NA
"2011-10-29",111.96,FALSE,NA,NA,"<= day","daily",NA,NA,NA
"2011-10-30",115.257,FALSE,NA,NA,"<= day","daily",NA,NA,NA
"2011-10-31",117.063,FALSE,NA,NA,"<= day","daily",NA,NA,NA
"2011-11-01",116.522,FALSE,NA,NA,"<= day","daily",NA,NA,NA
"2011-11-02",113.307,FALSE,NA,NA,"<= day","daily",NA,NA,NA
"2011-11-03",109.436,FALSE,NA,NA,"<= day","daily",NA,NA,NA
"2011-11-04",102.756,FALSE,NA,NA,"<= day","daily",NA,NA,NA
"2011-11-05",109.463,FALSE,NA,NA,"<= day","daily",NA,NA,NA
"2011-11-06",113.763,FALSE,NA,NA,"<= day","daily",NA,NA,NA
"2011-11-07",115.588,FALSE,NA,NA,"<= day","daily",NA,NA,NA
"2011-11-08",114.212,FALSE,NA,NA,"<= day","daily",NA,NA,NA
"2011-11-09",104.856,FALSE,NA,NA,"<= day","daily",NA,NA,NA
"2011-11-10",96.669,FALSE,NA,NA,"<= day","daily",NA,NA,NA
"2011-11-11",90.246,FALSE,NA,NA,"<= day","daily",NA,NA,NA
"2011-11-12",82.815,FALSE,NA,NA,"<= day","daily",NA,NA,NA
"2011-11-13",75.035,FALSE,NA,NA,"<= day","daily",NA,NA,NA
"2011-11-14",72.132,FALSE,NA,NA,"<= day","daily",NA,NA,NA
"2011-11-15",68.372,FALSE,NA,NA,"<= day","daily",NA,NA,NA
"2011-11-16",64.442,FALSE,NA,NA,"<= day","daily",NA,NA,NA
"2011-11-17",61.587,FALSE,NA,NA,"<= day","daily",NA,NA,NA
"2011-11-18",57.686,FALSE,NA,NA,"<= day","daily",NA,NA,NA
"2011-11-19",54.859,FALSE,NA,NA,"<= day","daily",NA,NA,NA
"2011-11-20",56.76,FALSE,NA,NA,"<= day","daily",NA,NA,NA
"2011-11-21",55.327,FALSE,NA,NA,"<= day","daily",NA,NA,NA
"2011-11-22",52.786,FALSE,NA,NA,"<= day","daily",NA,NA,NA
"2011-11-23",50.326,FALSE,NA,NA,"<= day","daily",NA,NA,NA
"2011-11-24",47.208,FALSE,NA,NA,"<= day","daily",NA,NA,NA
"2011-11-25",44.848,FALSE,NA,NA,"<= day","daily",NA,NA,NA
"2011-11-26",43.908,FALSE,NA,NA,"<= day","daily",NA,NA,NA
"2011-11-27",44.182,FALSE,NA,NA,"<= day","daily",NA,NA,NA
"2011-11-28",43.892,FALSE,NA,NA,"<= day","daily",NA,NA,NA
"2011-11-29",42.876,FALSE,NA,NA,"<= day","daily",NA,NA,NA
"2011-11-30",41.912,FALSE,NA,NA,"<= day","daily",NA,NA,NA
"2011-12-01",40.04,FALSE,NA,NA,"<= day","daily",NA,NA,NA
"2011-12-02",38.638,FALSE,NA,NA,"<= day","daily",NA,NA,NA
"2011-12-03",40.599,FALSE,NA,NA,"<= day","daily",NA,NA,NA
"2011-12-04",50.106,FALSE,NA,NA,"<= day","daily",NA,NA,NA
"2011-12-05",69.405,FALSE,NA,NA,"<= day","daily",NA,NA,NA
"2011-12-06",52.875,FALSE,NA,NA,"<= day","daily",NA,NA,NA
"2011-12-07",0,TRUE,"outlier","manual","<= day","daily",NA,NA,NA
"2011-12-08",0,TRUE,"outlier","manual","<= day","daily",NA,NA,NA
"2011-12-09",0,TRUE,"outlier","manual","<= day","daily",NA,NA,NA
"2011-12-10",0,TRUE,"outlier","manual","<= day","daily",NA,NA,NA
"2011-12-11",0,TRUE,"outlier","manual","<= day","daily",NA,NA,NA
"2011-12-12",0,TRUE,"outlier","manual","<= day","daily",NA,NA,NA
"2011-12-13",0,TRUE,"outlier","manual","<= day","daily",NA,NA,NA
"2011-12-14",0,TRUE,"outlier","manual","<= day","daily",NA,NA,NA
"2011-12-15",0,TRUE,"outlier","manual","<= day","daily",NA,NA,NA
"2011-12-16",0,TRUE,"outlier","manual","<= day","daily",NA,NA,NA
"2011-12-17",0,TRUE,"outlier","manual","<= day","daily",NA,NA,NA
"2011-12-18",0,TRUE,"outlier","manual","<= day","daily",NA,NA,NA
"2011-12-19",0,TRUE,"outlier","manual","<= day","daily",NA,NA,NA
"2011-12-20",0,TRUE,"outlier","manual","<= day","daily",NA,NA,NA
"2011-12-21",0,TRUE,"outlier","manual","<= day","daily",NA,NA,NA
"2011-12-22",0,TRUE,"outlier","manual","<= day","daily",NA,NA,NA
"2011-12-23",0,TRUE,"outlier","manual","<= day","daily",NA,NA,NA
"2011-12-24",0,TRUE,"outlier","manual","<= day","daily",NA,NA,NA
"2011-12-25",0,TRUE,"outlier","manual","<= day","daily",NA,NA,NA
"2011-12-26",0,TRUE,"outlier","manual","<= day","daily",NA,NA,NA
"2011-12-27",0,TRUE,"outlier","manual","<= day","daily",NA,NA,NA
"2011-12-28",0,TRUE,"outlier","manual","<= day","daily",NA,NA,NA
"2011-12-29",0,TRUE,"outlier","manual","<= day","daily",NA,NA,NA
"2011-12-30",0,TRUE,"outlier","manual","<= day","daily",NA,NA,NA
"2011-12-31",0,TRUE,"outlier","manual","<= day","daily",NA,NA,NA
"2012-01-01",0,TRUE,"outlier","manual","<= day","daily",NA,NA,NA
"2012-01-02",0,TRUE,"outlier","manual","<= day","daily",NA,NA,NA
"2012-01-03",0,TRUE,"outlier","manual","<= day","daily",NA,NA,NA
"2012-01-04",0,TRUE,"outlier","manual","<= day","daily",NA,NA,NA
"2012-01-05",0,TRUE,"outlier","manual","<= day","daily",NA,NA,NA
"2012-01-06",0,TRUE,"outlier","manual","<= day","daily",NA,NA,NA
"2012-01-07",0,TRUE,"outlier","manual","<= day","daily",NA,NA,NA
"2012-01-08",0,TRUE,"outlier","manual","<= day","daily",NA,NA,NA
"2012-01-09",0,TRUE,"outlier","manual","<= day","daily",NA,NA,NA
"2012-01-10",0,TRUE,"outlier","manual","<= day","daily",NA,NA,NA
"2012-01-11",0,TRUE,"outlier","manual","<= day","daily",NA,NA,NA
"2012-01-12",0,TRUE,"outlier","manual","<= day","daily",NA,NA,NA
"2012-01-13",0,TRUE,"outlier","manual","<= day","daily",NA,NA,NA
"2012-01-14",0,TRUE,"outlier","manual","<= day","daily",NA,NA,NA
"2012-01-15",0,TRUE,"outlier","manual","<= day","daily",NA,NA,NA
"2012-01-16",0,TRUE,"outlier","manual","<= day","daily",NA,NA,NA
"2012-01-17",0,TRUE,"outlier","manual","<= day","daily",NA,NA,NA
"2012-01-18",0,TRUE,"outlier","manual","<= day","daily",NA,NA,NA
"2012-01-19",0,TRUE,"outlier","manual","<= day","daily",NA,NA,NA
"2012-01-20",0,TRUE,"outlier","manual","<= day","daily",NA,NA,NA
"2012-01-21",0,TRUE,"outlier","manual","<= day","daily",NA,NA,NA
"2012-01-22",0,TRUE,"outlier","manual","<= day","daily",NA,NA,NA
"2012-01-23",0,TRUE,"outlier","manual","<= day","daily",NA,NA,NA
"2012-01-24",0,TRUE,"outlier","manual","<= day","daily",NA,NA,NA
"2012-01-25",0,TRUE,"outlier","manual","<= day","daily",NA,NA,NA
"2012-01-26",0,TRUE,"outlier","manual","<= day","daily",NA,NA,NA
"2012-01-27",0,TRUE,"outlier","manual","<= day","daily",NA,NA,NA
"2012-01-28",0,TRUE,"outlier","manual","<= day","daily",NA,NA,NA
"2012-01-29",0,TRUE,"outlier","manual","<= day","daily",NA,NA,NA
"2012-01-30",0,TRUE,"outlier","manual","<= day","daily",NA,NA,NA
"2012-01-31",0,TRUE,"outlier","manual","<= day","daily",NA,NA,NA
"2012-02-01",0,TRUE,"outlier","manual","<= day","daily",NA,NA,NA
"2012-02-02",0,TRUE,"outlier","manual","<= day","daily",NA,NA,NA
"2012-02-03",0,TRUE,"outlier","manual","<= day","daily",NA,NA,NA
"2012-02-04",0,TRUE,"outlier","manual","<= day","daily",NA,NA,NA
"2012-02-05",0,TRUE,"outlier","manual","<= day","daily",NA,NA,NA
"2012-02-06",0,TRUE,"outlier","manual","<= day","daily",NA,NA,NA
"2012-02-07",0,TRUE,"outlier","manual","<= day","daily",NA,NA,NA
"2012-02-08",0,TRUE,"outlier","manual","<= day","daily",NA,NA,NA
"2012-02-09",0,TRUE,"outlier","manual","<= day","daily",NA,NA,NA
"2012-02-10",0,TRUE,"outlier","manual","<= day","daily",NA,NA,NA
"2012-02-11",0,TRUE,"outlier","manual","<= day","daily",NA,NA,NA
"2012-02-12",0,TRUE,"outlier","manual","<= day","daily",NA,NA,NA
"2012-02-13",44.976,FALSE,NA,NA,"<= day","daily",NA,NA,NA
"2012-02-14",44.925,FALSE,NA,NA,"<= day","daily",NA,NA,NA
"2012-02-15",44.725,FALSE,NA,NA,"<= day","daily",NA,NA,NA
"2012-02-16",44.265,FALSE,NA,NA,"<= day","daily",NA,NA,NA
"2012-02-17",44.138,FALSE,NA,NA,"<= day","daily",NA,NA,NA
"2012-02-18",46.849,FALSE,NA,NA,"<= day","daily",NA,NA,NA
"2012-02-19",49.431,FALSE,NA,NA,"<= day","daily",NA,NA,NA
"2012-02-20",44.909,FALSE,NA,NA,"<= day","daily",NA,NA,NA
"2012-02-21",45.12,FALSE,NA,NA,"<= day","daily",NA,NA,NA
"2012-02-22",50.395,FALSE,NA,NA,"<= day","daily",NA,NA,NA
"2012-02-23",54.461,FALSE,NA,NA,"<= day","daily",NA,NA,NA
"2012-02-24",57.055,FALSE,NA,NA,"<= day","daily",NA,NA,NA
"2012-02-25",85.966,FALSE,NA,NA,"<= day","daily",NA,NA,NA
"2012-02-26",91.215,FALSE,NA,NA,"<= day","daily",NA,NA,NA
"2012-02-27",81.383,FALSE,NA,NA,"<= day","daily",NA,NA,NA
"2012-02-28",80.184,FALSE,NA,NA,"<= day","daily",NA,NA,NA
"2012-02-29",93.892,FALSE,NA,NA,"<= day","daily",NA,NA,NA
"2012-03-01",114.236,FALSE,NA,NA,"<= day","daily",NA,NA,NA
"2012-03-02",125.004,FALSE,NA,NA,"<= day","daily",NA,NA,NA
"2012-03-03",125.932,FALSE,NA,NA,"<= day","daily",NA,NA,NA
"2012-03-04",125.443,FALSE,NA,NA,"<= day","daily",NA,NA,NA
"2012-03-05",117.385,FALSE,NA,NA,"<= day","daily",NA,NA,NA
"2012-03-06",92.135,FALSE,NA,NA,"<= day","daily",NA,NA,NA
"2012-03-07",85.257,FALSE,NA,NA,"<= day","daily",NA,NA,NA
"2012-03-08",82.448,FALSE,NA,NA,"<= day","daily",NA,NA,NA
"2012-03-09",74.149,FALSE,NA,NA,"<= day","daily",NA,NA,NA
"2012-03-10",75.993,FALSE,NA,NA,"<= day","daily",NA,NA,NA
"2012-03-11",87.491,FALSE,NA,NA,"<= day","daily",NA,NA,NA
"2012-03-12",90.96,FALSE,NA,NA,"<= day","daily",NA,NA,NA
"2012-03-13",102.453,FALSE,NA,NA,"<= day","daily",NA,NA,NA
"2012-03-14",122.775,FALSE,NA,NA,"<= day","daily",NA,NA,NA
"2012-03-15",126.512,FALSE,NA,NA,"<= day","daily",NA,NA,NA
"2012-03-16",127.821,FALSE,NA,NA,"<= day","daily",NA,NA,NA
"2012-03-17",126.999,FALSE,NA,NA,"<= day","daily",NA,NA,NA
"2012-03-18",123.029,FALSE,NA,NA,"<= day","daily",NA,NA,NA
"2012-03-19",105.574,FALSE,NA,NA,"<= day","daily",NA,NA,NA
"2012-03-20",90.327,FALSE,NA,NA,"<= day","daily",NA,NA,NA
"2012-03-21",101.496,FALSE,NA,NA,"<= day","daily",NA,NA,NA
"2012-03-22",123.746,FALSE,NA,NA,"<= day","daily",NA,NA,NA
"2012-03-23",127.434,FALSE,NA,NA,"<= day","daily",NA,NA,NA
"2012-03-24",129.649,FALSE,NA,NA,"<= day","daily",NA,NA,NA
"2012-03-25",130.551,FALSE,NA,NA,"<= day","daily",NA,NA,NA
"2012-03-26",131.266,FALSE,NA,NA,"<= day","daily",NA,NA,NA
"2012-03-27",134.152,FALSE,NA,NA,"<= day","daily",NA,NA,NA
"2012-03-28",137.172,FALSE,NA,NA,"<= day","daily",NA,NA,NA
"2012-03-29",140.665,FALSE,NA,NA,"<= day","daily",NA,NA,NA
"2012-03-30",142.043,FALSE,NA,NA,"<= day","daily",NA,NA,NA
"2012-03-31",142.13,FALSE,NA,NA,"<= day","daily",NA,NA,NA
"2012-04-01",140.409,FALSE,NA,NA,"<= day","daily",NA,NA,NA
"2012-04-02",140.784,FALSE,NA,NA,"<= day","daily",NA,NA,NA
"2012-04-03",140.703,FALSE,NA,NA,"<= day","daily",NA,NA,NA
"2012-04-04",137.16,FALSE,NA,NA,"<= day","daily",NA,NA,NA
"2012-04-05",137.506,FALSE,NA,NA,"<= day","daily",NA,NA,NA
"2012-04-06",139.548,FALSE,NA,NA,"<= day","daily",NA,NA,NA
"2012-04-07",140.155,FALSE,NA,NA,"<= day","daily",NA,NA,NA
"2012-04-08",131.648,FALSE,NA,NA,"<= day","daily",NA,NA,NA
"2012-04-09",127.338,FALSE,NA,NA,"<= day","daily",NA,NA,NA
"2012-04-10",128.035,FALSE,NA,NA,"<= day","daily",NA,NA,NA
"2012-04-11",128.353,FALSE,NA,NA,"<= day","daily",NA,NA,NA
"2012-04-12",125.741,FALSE,NA,NA,"<= day","daily",NA,NA,NA
"2012-04-13",124.604,FALSE,NA,NA,"<= day","daily",NA,NA,NA
"2012-04-14",122.681,FALSE,NA,NA,"<= day","daily",NA,NA,NA
"2012-04-15",120.216,FALSE,NA,NA,"<= day","daily",NA,NA,NA
"2012-04-16",117.473,FALSE,NA,NA,"<= day","daily",NA,NA,NA
"2012-04-17",117.165,FALSE,NA,NA,"<= day","daily",NA,NA,NA
"2012-04-18",114.131,FALSE,NA,NA,"<= day","daily",NA,NA,NA
"2012-04-19",106.733,FALSE,NA,NA,"<= day","daily",NA,NA,NA
"2012-04-20",99.047,FALSE,NA,NA,"<= day","daily",NA,NA,NA
"2012-04-21",94.346,FALSE,NA,NA,"<= day","daily",NA,NA,NA
"2012-04-22",95.122,FALSE,NA,NA,"<= day","daily",NA,NA,NA
"2012-04-23",91.563,FALSE,NA,NA,"<= day","daily",NA,NA,NA
"2012-04-24",91.762,FALSE,NA,NA,"<= day","daily",NA,NA,NA
"2012-04-25",88.907,FALSE,NA,NA,"<= day","daily",NA,NA,NA
"2012-04-26",105.041,FALSE,NA,NA,"<= day","daily",NA,NA,NA
"2012-04-27",134.641,FALSE,NA,NA,"<= day","daily",NA,NA,NA
"2012-04-28",167.335,FALSE,NA,NA,"<= day","daily",NA,NA,NA
"2012-04-29",199.962,FALSE,NA,NA,"<= day","daily",NA,NA,NA
"2012-04-30",185.041,FALSE,NA,NA,"<= day","daily",NA,NA,NA
"2012-05-01",178.281,FALSE,NA,NA,"<= day","daily",NA,NA,NA
"2012-05-02",173.527,FALSE,NA,NA,"<= day","daily",NA,NA,NA
"2012-05-03",162.511,FALSE,NA,NA,"<= day","daily",NA,NA,NA
"2012-05-04",167.91,FALSE,NA,NA,"<= day","daily",NA,NA,NA
"2012-05-05",181.167,FALSE,NA,NA,"<= day","daily",NA,NA,NA
"2012-05-06",158.734,FALSE,NA,NA,"<= day","daily",NA,NA,NA
"2012-05-07",156.598,FALSE,NA,NA,"<= day","daily",NA,NA,NA
"2012-05-08",168.182,FALSE,NA,NA,"<= day","daily",NA,NA,NA
"2012-05-09",183.863,FALSE,NA,NA,"<= day","daily",NA,NA,NA
"2012-05-10",192.369,FALSE,NA,NA,"<= day","daily",NA,NA,NA
"2012-05-11",195.84,FALSE,NA,NA,"<= day","daily",NA,NA,NA
"2012-05-12",199.65,FALSE,NA,NA,"<= day","daily",NA,NA,NA
"2012-05-13",199.367,FALSE,NA,NA,"<= day","daily",NA,NA,NA
"2012-05-14",193.173,FALSE,NA,NA,"<= day","daily",NA,NA,NA
"2012-05-15",183.423,FALSE,NA,NA,"<= day","daily",NA,NA,NA
"2012-05-16",168.664,FALSE,NA,NA,"<= day","daily",NA,NA,NA
"2012-05-17",148.484,FALSE,NA,NA,"<= day","daily",NA,NA,NA
"2012-05-18",140.494,FALSE,NA,NA,"<= day","daily",NA,NA,NA
"2012-05-19",160.274,FALSE,NA,NA,"<= day","daily",NA,NA,NA
"2012-05-20",184.107,FALSE,NA,NA,"<= day","daily",NA,NA,NA
"2012-05-21",184.147,FALSE,NA,NA,"<= day","daily",NA,NA,NA
"2012-05-22",182.839,FALSE,NA,NA,"<= day","daily",NA,NA,NA
"2012-05-23",183.944,FALSE,NA,NA,"<= day","daily",NA,NA,NA
"2012-05-24",195.544,FALSE,NA,NA,"<= day","daily",NA,NA,NA
"2012-05-25",197.427,FALSE,NA,NA,"<= day","daily",NA,NA,NA
"2012-05-26",197.902,FALSE,NA,NA,"<= day","daily",NA,NA,NA
"2012-05-27",196.72,FALSE,NA,NA,"<= day","daily",NA,NA,NA
"2012-05-28",192.469,FALSE,NA,NA,"<= day","daily",NA,NA,NA
"2012-05-29",191.862,FALSE,NA,NA,"<= day","daily",NA,NA,NA
"2012-05-30",191.947,FALSE,NA,NA,"<= day","daily",NA,NA,NA
"2012-05-31",190.162,FALSE,NA,NA,"<= day","daily",NA,NA,NA
"2012-06-01",191.546,FALSE,NA,NA,"<= day","daily",NA,NA,NA
"2012-06-02",191.144,FALSE,NA,NA,"<= day","daily",NA,NA,NA
"2012-06-03",193.294,FALSE,NA,NA,"<= day","daily",NA,NA,NA
"2012-06-04",191.447,FALSE,NA,NA,"<= day","daily",NA,NA,NA
"2012-06-05",186.689,FALSE,NA,NA,"<= day","daily",NA,NA,NA
"2012-06-06",186.431,FALSE,NA,NA,"<= day","daily",NA,NA,NA
"2012-06-07",186.864,FALSE,NA,NA,"<= day","daily",NA,NA,NA
"2012-06-08",189.414,FALSE,NA,NA,"<= day","daily",NA,NA,NA
"2012-06-09",188.338,FALSE,NA,NA,"<= day","daily",NA,NA,NA
"2012-06-10",187.403,FALSE,NA,NA,"<= day","daily",NA,NA,NA
"2012-06-11",188.29,FALSE,NA,NA,"<= day","daily",NA,NA,NA
"2012-06-12",183.265,FALSE,NA,NA,"<= day","daily",NA,NA,NA
"2012-06-13",165.697,FALSE,NA,NA,"<= day","daily",NA,NA,NA
"2012-06-14",154.089,FALSE,NA,NA,"<= day","daily",NA,NA,NA
"2012-06-15",169.161,FALSE,NA,NA,"<= day","daily",NA,NA,NA
"2012-06-16",185.769,FALSE,NA,NA,"<= day","daily",NA,NA,NA
"2012-06-17",188.85,FALSE,NA,NA,"<= day","daily",NA,NA,NA
"2012-06-18",188.707,FALSE,NA,NA,"<= day","daily",NA,NA,NA
"2012-06-19",187.235,FALSE,NA,NA,"<= day","daily",NA,NA,NA
"2012-06-20",188.051,FALSE,NA,NA,"<= day","daily",NA,NA,NA
"2012-06-21",187.391,FALSE,NA,NA,"<= day","daily",NA,NA,NA
"2012-06-22",192.191,FALSE,NA,NA,"<= day","daily",NA,NA,NA
"2012-06-23",185.303,FALSE,NA,NA,"<= day","daily",NA,NA,NA
"2012-06-24",184.023,FALSE,NA,NA,"<= day","daily",NA,NA,NA
"2012-06-25",195.126,FALSE,NA,NA,"<= day","daily",NA,NA,NA
"2012-06-26",190.286,FALSE,NA,NA,"<= day","daily",NA,NA,NA
"2012-06-27",188.38,FALSE,NA,NA,"<= day","daily",NA,NA,NA
"2012-06-28",181.827,FALSE,NA,NA,"<= day","daily",NA,NA,NA
"2012-06-29",183.298,FALSE,NA,NA,"<= day","daily",NA,NA,NA
"2012-06-30",183.962,FALSE,NA,NA,"<= day","daily",NA,NA,NA
"2012-07-01",182.426,FALSE,NA,NA,"<= day","daily",NA,NA,NA
"2012-07-02",188.716,FALSE,NA,NA,"<= day","daily",NA,NA,NA
"2012-07-03",180.184,FALSE,NA,NA,"<= day","daily",NA,NA,NA
"2012-07-04",176.88,FALSE,NA,NA,"<= day","daily",NA,NA,NA
"2012-07-05",181.177,FALSE,NA,NA,"<= day","daily",NA,NA,NA
"2012-07-06",180.641,FALSE,NA,NA,"<= day","daily",NA,NA,NA
"2012-07-07",178.733,FALSE,NA,NA,"<= day","daily",NA,NA,NA
"2012-07-08",176.606,FALSE,NA,NA,"<= day","daily",NA,NA,NA
"2012-07-09",175.912,FALSE,NA,NA,"<= day","daily",NA,NA,NA
"2012-07-10",176.129,FALSE,NA,NA,"<= day","daily",NA,NA,NA
"2012-07-11",174.366,FALSE,NA,NA,"<= day","daily",NA,NA,NA
"2012-07-12",166.684,FALSE,NA,NA,"<= day","daily",NA,NA,NA
"2012-07-13",156.734,FALSE,NA,NA,"<= day","daily",NA,NA,NA
"2012-07-14",188.058,FALSE,NA,NA,"<= day","daily",NA,NA,NA
"2012-07-15",169.157,FALSE,NA,NA,"<= day","daily",NA,NA,NA
"2012-07-16",158.882,FALSE,NA,NA,"<= day","daily",NA,NA,NA
"2012-07-17",142.608,FALSE,NA,NA,"<= day","daily",NA,NA,NA
"2012-07-18",143.929,FALSE,NA,NA,"<= day","daily",NA,NA,NA
"2012-07-19",155.329,FALSE,NA,NA,"<= day","daily",NA,NA,NA
"2012-07-20",164.125,FALSE,NA,NA,"<= day","daily",NA,NA,NA
"2012-07-21",163.615,FALSE,NA,NA,"<= day","daily",NA,NA,NA
"2012-07-22",137.567,FALSE,NA,NA,"<= day","daily",NA,NA,NA
"2012-07-23",127.739,FALSE,NA,NA,"<= day","daily",NA,NA,NA
"2012-07-24",131.274,FALSE,NA,NA,"<= day","daily",NA,NA,NA
"2012-07-25",141.634,FALSE,NA,NA,"<= day","daily",NA,NA,NA
"2012-07-26",137.013,FALSE,NA,NA,"<= day","daily",NA,NA,NA
"2012-07-27",136.9,FALSE,NA,NA,"<= day","daily",NA,NA,NA
"2012-07-28",141.541,FALSE,NA,NA,"<= day","daily",NA,NA,NA
"2012-07-29",162.077,FALSE,NA,NA,"<= day","daily",NA,NA,NA
"2012-07-30",129.408,FALSE,NA,NA,"<= day","daily",NA,NA,NA
"2012-07-31",124.164,FALSE,NA,NA,"<= day","daily",NA,NA,NA
"2012-08-01",123.369,FALSE,NA,NA,"<= day","daily",NA,NA,NA
"2012-08-02",144.018,FALSE,NA,NA,"<= day","daily",NA,NA,NA
"2012-08-03",132.742,FALSE,NA,NA,"<= day","daily",NA,NA,NA
"2012-08-04",122.906,FALSE,NA,NA,"<= day","daily",NA,NA,NA
"2012-08-05",155.604,FALSE,NA,NA,"<= day","daily",NA,NA,NA
"2012-08-06",154.447,FALSE,NA,NA,"<= day","daily",NA,NA,NA
"2012-08-07",146.615,FALSE,NA,NA,"<= day","daily",NA,NA,NA
"2012-08-08",122.523,FALSE,NA,NA,"<= day","daily",NA,NA,NA
"2012-08-09",119.813,FALSE,NA,NA,"<= day","daily",NA,NA,NA
"2012-08-10",118.345,FALSE,NA,NA,"<= day","daily",NA,NA,NA
"2012-08-11",120.945,FALSE,NA,NA,"<= day","daily",NA,NA,NA
"2012-08-12",0,TRUE,"outlier","manual","<= day","daily",NA,NA,NA
"2012-08-13",112.613,FALSE,NA,NA,"<= day","daily",NA,NA,NA
"2012-08-14",115.688,FALSE,NA,NA,"<= day","daily",NA,NA,NA
"2012-08-15",114.369,FALSE,NA,NA,"<= day","daily",NA,NA,NA
"2012-08-16",115.803,FALSE,NA,NA,"<= day","daily",NA,NA,NA
"2012-08-17",111.704,FALSE,NA,NA,"<= day","daily",NA,NA,NA
"2012-08-18",112.98,FALSE,NA,NA,"<= day","daily",NA,NA,NA
"2012-08-19",113.131,FALSE,NA,NA,"<= day","daily",NA,NA,NA
"2012-08-20",114.28,FALSE,NA,NA,"<= day","daily",NA,NA,NA
"2012-08-21",114.102,FALSE,NA,NA,"<= day","daily",NA,NA,NA
"2012-08-22",119.53,FALSE,NA,NA,"<= day","daily",NA,NA,NA
"2012-08-23",116.079,FALSE,NA,NA,"<= day","daily",NA,NA,NA
"2012-08-24",115.777,FALSE,NA,NA,"<= day","daily",NA,NA,NA
"2012-08-25",117.44,FALSE,NA,NA,"<= day","daily",NA,NA,NA
"2012-08-26",128.677,FALSE,NA,NA,"<= day","daily",NA,NA,NA
"2012-08-27",107.764,FALSE,NA,NA,"<= day","daily",NA,NA,NA
"2012-08-28",105.902,FALSE,NA,NA,"<= day","daily",NA,NA,NA
"2012-08-29",105.866,FALSE,NA,NA,"<= day","daily",NA,NA,NA
"2012-08-30",144.782,FALSE,NA,NA,"<= day","daily",NA,NA,NA
"2012-08-31",161.774,FALSE,NA,NA,"<= day","daily",NA,NA,NA
"2012-09-01",160.399,FALSE,NA,NA,"<= day","daily",NA,NA,NA
"2012-09-02",152.86,FALSE,NA,NA,"<= day","daily",NA,NA,NA
"2012-09-03",150.91,FALSE,NA,NA,"<= day","daily",NA,NA,NA
"2012-09-04",129.433,FALSE,NA,NA,"<= day","daily",NA,NA,NA
"2012-09-05",123.192,FALSE,NA,NA,"<= day","daily",NA,NA,NA
"2012-09-06",125.222,FALSE,NA,NA,"<= day","daily",NA,NA,NA
"2012-09-07",116.228,FALSE,NA,NA,"<= day","daily",NA,NA,NA
"2012-09-08",113.661,FALSE,NA,NA,"<= day","daily",NA,NA,NA
"2012-09-09",113.966,FALSE,NA,NA,"<= day","daily",NA,NA,NA
"2012-09-10",114.397,FALSE,NA,NA,"<= day","daily",NA,NA,NA
"2012-09-11",113.241,FALSE,NA,NA,"<= day","daily",NA,NA,NA
"2012-09-12",163.826,FALSE,NA,NA,"<= day","daily",NA,NA,NA
"2012-09-13",151.542,FALSE,NA,NA,"<= day","daily",NA,NA,NA
"2012-09-14",123.258,FALSE,NA,NA,"<= day","daily",NA,NA,NA
"2012-09-15",120.394,FALSE,NA,NA,"<= day","daily",NA,NA,NA
"2012-09-16",116.565,FALSE,NA,NA,"<= day","daily",NA,NA,NA
"2012-09-17",113.088,FALSE,NA,NA,"<= day","daily",NA,NA,NA
"2012-09-18",111.006,FALSE,NA,NA,"<= day","daily",NA,NA,NA
"2012-09-19",149.088,FALSE,NA,NA,"<= day","daily",NA,NA,NA
"2012-09-20",122.931,FALSE,NA,NA,"<= day","daily",NA,NA,NA
"2012-09-21",116.912,FALSE,NA,NA,"<= day","daily",NA,NA,NA
"2012-09-22",176.655,FALSE,NA,NA,"<= day","daily",NA,NA,NA
"2012-09-23",131.548,FALSE,NA,NA,"<= day","daily",NA,NA,NA
"2012-09-24",161.758,FALSE,NA,NA,"<= day","daily",NA,NA,NA
"2012-09-25",151.049,FALSE,NA,NA,"<= day","daily",NA,NA,NA
"2012-09-26",126.09,FALSE,NA,NA,"<= day","daily",NA,NA,NA
"2012-09-27",132.861,FALSE,NA,NA,"<= day","daily",NA,NA,NA
"2012-09-28",126.876,FALSE,NA,NA,"<= day","daily",NA,NA,NA
"2012-09-29",145.29,FALSE,NA,NA,"<= day","daily",NA,NA,NA
"2012-09-30",129.228,FALSE,NA,NA,"<= day","daily",NA,NA,NA
"2012-10-01",126.01,FALSE,NA,NA,"<= day","daily",NA,NA,NA
"2012-10-02",121.406,FALSE,NA,NA,"<= day","daily",NA,NA,NA
"2012-10-03",117.363,FALSE,NA,NA,"<= day","daily",NA,NA,NA
"2012-10-04",115.457,FALSE,NA,NA,"<= day","daily",NA,NA,NA
"2012-10-05",117.177,FALSE,NA,NA,"<= day","daily",NA,NA,NA
"2012-10-06",115.189,FALSE,NA,NA,"<= day","daily",NA,NA,NA
"2012-10-07",165.909,FALSE,NA,NA,"<= day","daily",NA,NA,NA
"2012-10-08",159.549,FALSE,NA,NA,"<= day","daily",NA,NA,NA
"2012-10-09",195.339,FALSE,NA,NA,"<= day","daily",NA,NA,NA
"2012-10-10",190.453,FALSE,NA,NA,"<= day","daily",NA,NA,NA
"2012-10-11",160.076,FALSE,NA,NA,"<= day","daily",NA,NA,NA
"2012-10-12",155.319,FALSE,NA,NA,"<= day","daily",NA,NA,NA
"2012-10-13",137.653,FALSE,NA,NA,"<= day","daily",NA,NA,NA
"2012-10-14",129.618,FALSE,NA,NA,"<= day","daily",NA,NA,NA
"2012-10-15",129.173,FALSE,NA,NA,"<= day","daily",NA,NA,NA
"2012-10-16",127.747,FALSE,NA,NA,"<= day","daily",NA,NA,NA
"2012-10-17",128.081,FALSE,NA,NA,"<= day","daily",NA,NA,NA
"2012-10-18",129.446,FALSE,NA,NA,"<= day","daily",NA,NA,NA
"2012-10-19",127.516,FALSE,NA,NA,"<= day","daily",NA,NA,NA
"2012-10-20",122.896,FALSE,NA,NA,"<= day","daily",NA,NA,NA
"2012-10-21",120.335,FALSE,NA,NA,"<= day","daily",NA,NA,NA
"2012-10-22",119.346,FALSE,NA,NA,"<= day","daily",NA,NA,NA
"2012-10-23",118.49,FALSE,NA,NA,"<= day","daily",NA,NA,NA
"2012-10-24",117.159,FALSE,NA,NA,"<= day","daily",NA,NA,NA
"2012-10-25",115.824,FALSE,NA,NA,"<= day","daily",NA,NA,NA
"2012-10-26",114.652,FALSE,NA,NA,"<= day","daily",NA,NA,NA
"2012-10-27",116.259,FALSE,NA,NA,"<= day","daily",NA,NA,NA
"2012-10-28",118.378,FALSE,NA,NA,"<= day","daily",NA,NA,NA
"2012-10-29",118.18,FALSE,NA,NA,"<= day","daily",NA,NA,NA
"2012-10-30",117.959,FALSE,NA,NA,"<= day","daily",NA,NA,NA
"2012-10-31",117.178,FALSE,NA,NA,"<= day","daily",NA,NA,NA
"2012-11-01",117.97,FALSE,NA,NA,"<= day","daily",NA,NA,NA
"2012-11-02",120.017,FALSE,NA,NA,"<= day","daily",NA,NA,NA
"2012-11-03",121.698,FALSE,NA,NA,"<= day","daily",NA,NA,NA
"2012-11-04",124.296,FALSE,NA,NA,"<= day","daily",NA,NA,NA
"2012-11-05",130.57,FALSE,NA,NA,"<= day","daily",NA,NA,NA
"2012-11-06",123.372,FALSE,NA,NA,"<= day","daily",NA,NA,NA
"2012-11-07",121.689,FALSE,NA,NA,"<= day","daily",NA,NA,NA
"2012-11-08",121.233,FALSE,NA,NA,"<= day","daily",NA,NA,NA
"2012-11-09",124.551,FALSE,NA,NA,"<= day","daily",NA,NA,NA
"2012-11-10",133.884,FALSE,NA,NA,"<= day","daily",NA,NA,NA
"2012-11-11",130.711,FALSE,NA,NA,"<= day","daily",NA,NA,NA
"2012-11-12",126.524,FALSE,NA,NA,"<= day","daily",NA,NA,NA
"2012-11-13",116.329,FALSE,NA,NA,"<= day","daily",NA,NA,NA
"2012-11-14",123.97,FALSE,NA,NA,"<= day","daily",NA,NA,NA
"2012-11-15",123.221,FALSE,NA,NA,"<= day","daily",NA,NA,NA
"2012-11-16",122.034,FALSE,NA,NA,"<= day","daily",NA,NA,NA
"2012-11-17",121.244,FALSE,NA,NA,"<= day","daily",NA,NA,NA
"2012-11-18",120.807,FALSE,NA,NA,"<= day","daily",NA,NA,NA
"2012-11-19",119.855,FALSE,NA,NA,"<= day","daily",NA,NA,NA
"2012-11-20",117.308,FALSE,NA,NA,"<= day","daily",NA,NA,NA
"2012-11-21",117.007,FALSE,NA,NA,"<= day","daily",NA,NA,NA
"2012-11-22",113.638,FALSE,NA,NA,"<= day","daily",NA,NA,NA
"2012-11-23",105.132,FALSE,NA,NA,"<= day","daily",NA,NA,NA
"2012-11-24",99.088,FALSE,NA,NA,"<= day","daily",NA,NA,NA
"2012-11-25",96.79,FALSE,NA,NA,"<= day","daily",NA,NA,NA
"2012-11-26",100.737,FALSE,NA,NA,"<= day","daily",NA,NA,NA
"2012-11-27",99.816,FALSE,NA,NA,"<= day","daily",NA,NA,NA
"2012-11-28",97.824,FALSE,NA,NA,"<= day","daily",NA,NA,NA
"2012-11-29",89.243,FALSE,NA,NA,"<= day","daily",NA,NA,NA
"2012-11-30",90.241,FALSE,NA,NA,"<= day","daily",NA,NA,NA
"2012-12-01",87.853,FALSE,NA,NA,"<= day","daily",NA,NA,NA
"2012-12-02",81.61,FALSE,NA,NA,"<= day","daily",NA,NA,NA
"2012-12-03",79.186,FALSE,NA,NA,"<= day","daily",NA,NA,NA
"2012-12-04",78.435,FALSE,NA,NA,"<= day","daily",NA,NA,NA
"2012-12-05",55.452,TRUE,"outlier","manual","<= day","daily",NA,NA,NA
"2012-12-06",75.514,FALSE,NA,NA,"<= day","daily",NA,NA,NA
"2012-12-07",75.12,FALSE,NA,NA,"<= day","daily",NA,NA,NA
"2012-12-08",75.289,FALSE,NA,NA,"<= day","daily",NA,NA,NA
"2012-12-09",73.269,FALSE,NA,NA,"<= day","daily",NA,NA,NA
"2012-12-10",73.295,FALSE,NA,NA,"<= day","daily",NA,NA,NA
"2012-12-11",73.438,FALSE,NA,NA,"<= day","daily",NA,NA,NA
"2012-12-12",72.519,FALSE,NA,NA,"<= day","daily",NA,NA,NA
"2012-12-13",72.123,FALSE,NA,NA,"<= day","daily",NA,NA,NA
"2012-12-14",71.874,FALSE,NA,NA,"<= day","daily",NA,NA,NA
"2012-12-15",71.285,FALSE,NA,NA,"<= day","daily",NA,NA,NA
"2012-12-16",70.328,FALSE,NA,NA,"<= day","daily",NA,NA,NA
"2012-12-17",70.418,FALSE,NA,NA,"<= day","daily",NA,NA,NA
"2012-12-18",70.113,FALSE,NA,NA,"<= day","daily",NA,NA,NA
"2012-12-19",69.367,FALSE,NA,NA,"<= day","daily",NA,NA,NA
"2012-12-20",64.237,FALSE,NA,NA,"<= day","daily",NA,NA,NA
"2012-12-21",69.25,FALSE,NA,NA,"<= day","daily",NA,NA,NA
"2012-12-22",68.27,FALSE,NA,NA,"<= day","daily",NA,NA,NA
"2012-12-23",97.812,FALSE,NA,NA,"<= day","daily",NA,NA,NA
"2012-12-24",99.943,FALSE,NA,NA,"<= day","daily",NA,NA,NA
"2012-12-25",92.848,FALSE,NA,NA,"<= day","daily",NA,NA,NA
"2012-12-26",83.697,FALSE,NA,NA,"<= day","daily",NA,NA,NA
"2012-12-27",75.672,FALSE,NA,NA,"<= day","daily",NA,NA,NA
"2012-12-28",72.197,FALSE,NA,NA,"<= day","daily",NA,NA,NA
"2012-12-29",72.154,FALSE,NA,NA,"<= day","daily",NA,NA,NA
"2012-12-30",71.338,FALSE,NA,NA,"<= day","daily",NA,NA,NA
"2012-12-31",70.187,FALSE,NA,NA,"<= day","daily",NA,NA,NA
"2013-01-01",70.284,FALSE,NA,NA,"<= day","daily",NA,NA,NA
"2013-01-02",69.038,FALSE,NA,NA,"<= day","daily",NA,NA,NA
"2013-01-03",67.384,FALSE,NA,NA,"<= day","daily",NA,NA,NA
"2013-01-04",70.824,FALSE,NA,NA,"<= day","daily",NA,NA,NA
"2013-01-05",73.369,FALSE,NA,NA,"<= day","daily",NA,NA,NA
"2013-01-06",75.585,FALSE,NA,NA,"<= day","daily",NA,NA,NA
"2013-01-07",77.466,FALSE,NA,NA,"<= day","daily",NA,NA,NA
"2013-01-08",78.999,FALSE,NA,NA,"<= day","daily",NA,NA,NA
"2013-01-09",76.401,FALSE,NA,NA,"<= day","daily",NA,NA,NA
"2013-01-10",70.971,FALSE,NA,NA,"<= day","daily",NA,NA,NA
"2013-01-11",68.495,FALSE,NA,NA,"<= day","daily",NA,NA,NA
"2013-01-12",66.735,FALSE,NA,NA,"<= day","daily",NA,NA,NA
"2013-01-13",66.203,FALSE,NA,NA,"<= day","daily",NA,NA,NA
"2013-01-14",65.217,FALSE,NA,NA,"<= day","daily",NA,NA,NA
"2013-01-15",64.353,FALSE,NA,NA,"<= day","daily",NA,NA,NA
"2013-01-16",63.867,FALSE,NA,NA,"<= day","daily",NA,NA,NA
"2013-01-17",63.03,FALSE,NA,NA,"<= day","daily",NA,NA,NA
"2013-01-18",62.119,FALSE,NA,NA,"<= day","daily",NA,NA,NA
"2013-01-19",62.463,FALSE,NA,NA,"<= day","daily",NA,NA,NA
"2013-01-20",62.122,FALSE,NA,NA,"<= day","daily",NA,NA,NA
"2013-01-21",61.208,FALSE,NA,NA,"<= day","daily",NA,NA,NA
"2013-01-22",59.899,FALSE,NA,NA,"<= day","daily",NA,NA,NA
"2013-01-23",59.169,FALSE,NA,NA,"<= day","daily",NA,NA,NA
"2013-01-24",58.63,FALSE,NA,NA,"<= day","daily",NA,NA,NA
"2013-01-25",57.704,FALSE,NA,NA,"<= day","daily",NA,NA,NA
"2013-01-26",56.667,FALSE,NA,NA,"<= day","daily",NA,NA,NA
"2013-01-27",55.995,FALSE,NA,NA,"<= day","daily",NA,NA,NA
"2013-01-28",56.299,FALSE,NA,NA,"<= day","daily",NA,NA,NA
"2013-01-29",54.734,FALSE,NA,NA,"<= day","daily",NA,NA,NA
"2013-01-30",92.028,FALSE,NA,NA,"<= day","daily",NA,NA,NA
"2013-01-31",111.464,FALSE,NA,NA,"<= day","daily",NA,NA,NA
"2013-02-01",82.512,FALSE,NA,NA,"<= day","daily",NA,NA,NA
"2013-02-02",87.95,FALSE,NA,NA,"<= day","daily",NA,NA,NA
"2013-02-03",69.025,FALSE,NA,NA,"<= day","daily",NA,NA,NA
"2013-02-04",64.061,FALSE,NA,NA,"<= day","daily",NA,NA,NA
"2013-02-05",61.588,FALSE,NA,NA,"<= day","daily",NA,NA,NA
"2013-02-06",60.102,FALSE,NA,NA,"<= day","daily",NA,NA,NA
"2013-02-07",58.679,FALSE,NA,NA,"<= day","daily",NA,NA,NA
"2013-02-08",57.148,FALSE,NA,NA,"<= day","daily",NA,NA,NA
"2013-02-09",56.076,FALSE,NA,NA,"<= day","daily",NA,NA,NA
"2013-02-10",55.717,FALSE,NA,NA,"<= day","daily",NA,NA,NA
"2013-02-11",55.752,FALSE,NA,NA,"<= day","daily",NA,NA,NA
"2013-02-12",54.705,FALSE,NA,NA,"<= day","daily",NA,NA,NA
"2013-02-13",53.23,FALSE,NA,NA,"<= day","daily",NA,NA,NA
"2013-02-14",52.396,FALSE,NA,NA,"<= day","daily",NA,NA,NA
"2013-02-15",52.133,FALSE,NA,NA,"<= day","daily",NA,NA,NA
"2013-02-16",51.39,FALSE,NA,NA,"<= day","daily",NA,NA,NA
"2013-02-17",51.225,FALSE,NA,NA,"<= day","daily",NA,NA,NA
"2013-02-18",51.169,FALSE,NA,NA,"<= day","daily",NA,NA,NA
"2013-02-19",50.869,FALSE,NA,NA,"<= day","daily",NA,NA,NA
"2013-02-20",51.519,FALSE,NA,NA,"<= day","daily",NA,NA,NA
"2013-02-21",52.204,FALSE,NA,NA,"<= day","daily",NA,NA,NA
"2013-02-22",50.914,FALSE,NA,NA,"<= day","daily",NA,NA,NA
"2013-02-23",49.941,FALSE,NA,NA,"<= day","daily",NA,NA,NA
"2013-02-24",48.755,FALSE,NA,NA,"<= day","daily",NA,NA,NA
"2013-02-25",47.961,FALSE,NA,NA,"<= day","daily",NA,NA,NA
"2013-02-26",47.93,FALSE,NA,NA,"<= day","daily",NA,NA,NA
"2013-02-27",48.632,FALSE,NA,NA,"<= day","daily",NA,NA,NA
"2013-02-28",50.357,FALSE,NA,NA,"<= day","daily",NA,NA,NA
"2013-03-01",53.591,FALSE,NA,NA,"<= day","daily",NA,NA,NA
"2013-03-02",59.762,FALSE,NA,NA,"<= day","daily",NA,NA,NA
"2013-03-03",73.449,FALSE,NA,NA,"<= day","daily",NA,NA,NA
"2013-03-04",83.614,FALSE,NA,NA,"<= day","daily",NA,NA,NA
"2013-03-05",74.553,FALSE,NA,NA,"<= day","daily",NA,NA,NA
"2013-03-06",62.286,FALSE,NA,NA,"<= day","daily",NA,NA,NA
"2013-03-07",57.306,FALSE,NA,NA,"<= day","daily",NA,NA,NA
"2013-03-08",55.444,FALSE,NA,NA,"<= day","daily",NA,NA,NA
"2013-03-09",56.434,FALSE,NA,NA,"<= day","daily",NA,NA,NA
"2013-03-10",56.787,FALSE,NA,NA,"<= day","daily",NA,NA,NA
"2013-03-11",63.445,FALSE,NA,NA,"<= day","daily",NA,NA,NA
"2013-03-12",62.768,FALSE,NA,NA,"<= day","daily",NA,NA,NA
"2013-03-13",57.811,FALSE,NA,NA,"<= day","daily",NA,NA,NA
"2013-03-14",52.89,FALSE,NA,NA,"<= day","daily",NA,NA,NA
"2013-03-15",50.33,FALSE,NA,NA,"<= day","daily",NA,NA,NA
"2013-03-16",48.843,FALSE,NA,NA,"<= day","daily",NA,NA,NA
"2013-03-17",48.581,FALSE,NA,NA,"<= day","daily",NA,NA,NA
"2013-03-18",47.692,FALSE,NA,NA,"<= day","daily",NA,NA,NA
"2013-03-19",46.82,FALSE,NA,NA,"<= day","daily",NA,NA,NA
"2013-03-20",46.288,FALSE,NA,NA,"<= day","daily",NA,NA,NA
"2013-03-21",45.65,FALSE,NA,NA,"<= day","daily",NA,NA,NA
"2013-03-22",55.886,FALSE,NA,NA,"<= day","daily",NA,NA,NA
"2013-03-23",68.692,FALSE,NA,NA,"<= day","daily",NA,NA,NA
"2013-03-24",56.323,FALSE,NA,NA,"<= day","daily",NA,NA,NA
"2013-03-25",51.366,FALSE,NA,NA,"<= day","daily",NA,NA,NA
"2013-03-26",48.583,FALSE,NA,NA,"<= day","daily",NA,NA,NA
"2013-03-27",49.088,FALSE,NA,NA,"<= day","daily",NA,NA,NA
"2013-03-28",58.094,FALSE,NA,NA,"<= day","daily",NA,NA,NA
"2013-03-29",50.441,FALSE,NA,NA,"<= day","daily",NA,NA,NA
"2013-03-30",48.593,FALSE,NA,NA,"<= day","daily",NA,NA,NA
"2013-03-31",111.589,FALSE,NA,NA,"<= day","daily",NA,NA,NA
"2013-04-01",0,TRUE,"outlier","manual","<= day","daily",NA,NA,NA
"2013-04-02",0,TRUE,"outlier","manual","<= day","daily",NA,NA,NA
"2013-04-03",51.366,FALSE,NA,NA,"<= day","daily",NA,NA,NA
"2013-04-04",52.97,FALSE,NA,NA,"<= day","daily",NA,NA,NA
"2013-04-05",52.339,FALSE,NA,NA,"<= day","daily",NA,NA,NA
"2013-04-06",53.333,FALSE,NA,NA,"<= day","daily",NA,NA,NA
"2013-04-07",64.98,FALSE,NA,NA,"<= day","daily",NA,NA,NA
"2013-04-08",78.332,FALSE,NA,NA,"<= day","daily",NA,NA,NA
"2013-04-09",62.529,FALSE,NA,NA,"<= day","daily",NA,NA,NA
"2013-04-10",57.477,FALSE,NA,NA,"<= day","daily",NA,NA,NA
"2013-04-11",98.581,FALSE,NA,NA,"<= day","daily",NA,NA,NA
"2013-04-12",131.365,FALSE,NA,NA,"<= day","daily",NA,NA,NA
"2013-04-13",128.078,FALSE,NA,NA,"<= day","daily",NA,NA,NA
"2013-04-14",129.879,FALSE,NA,NA,"<= day","daily",NA,NA,NA
"2013-04-15",142.408,FALSE,NA,NA,"<= day","daily",NA,NA,NA
"2013-04-16",151.968,FALSE,NA,NA,"<= day","daily",NA,NA,NA
"2013-04-17",159.274,FALSE,NA,NA,"<= day","daily",NA,NA,NA
"2013-04-18",167.694,FALSE,NA,NA,"<= day","daily",NA,NA,NA
"2013-04-19",177.916,FALSE,NA,NA,"<= day","daily",NA,NA,NA
"2013-04-20",144.592,FALSE,NA,NA,"<= day","daily",NA,NA,NA
"2013-04-21",140.896,FALSE,NA,NA,"<= day","daily",NA,NA,NA
"2013-04-22",140.516,FALSE,NA,NA,"<= day","daily",NA,NA,NA
"2013-04-23",140.488,FALSE,NA,NA,"<= day","daily",NA,NA,NA
"2013-04-24",145.793,FALSE,NA,NA,"<= day","daily",NA,NA,NA
"2013-04-25",152.452,FALSE,NA,NA,"<= day","daily",NA,NA,NA
"2013-04-26",166.143,FALSE,NA,NA,"<= day","daily",NA,NA,NA
"2013-04-27",178.078,FALSE,NA,NA,"<= day","daily",NA,NA,NA
"2013-04-28",166.948,FALSE,NA,NA,"<= day","daily",NA,NA,NA
"2013-04-29",162.687,FALSE,NA,NA,"<= day","daily",NA,NA,NA
"2013-04-30",180.272,FALSE,NA,NA,"<= day","daily",NA,NA,NA
"2013-05-01",195.638,FALSE,NA,NA,"<= day","daily",NA,NA,NA
"2013-05-02",196.65,FALSE,NA,NA,"<= day","daily",NA,NA,NA
"2013-05-03",191.763,FALSE,NA,NA,"<= day","daily",NA,NA,NA
"2013-05-04",172.574,FALSE,NA,NA,"<= day","daily",NA,NA,NA
"2013-05-05",168.298,FALSE,NA,NA,"<= day","daily",NA,NA,NA
"2013-05-06",189.344,FALSE,NA,NA,"<= day","daily",NA,NA,NA
"2013-05-07",191.241,FALSE,NA,NA,"<= day","daily",NA,NA,NA
"2013-05-08",192.571,FALSE,NA,NA,"<= day","daily",NA,NA,NA
"2013-05-09",197.938,FALSE,NA,NA,"<= day","daily",NA,NA,NA
"2013-05-10",200,TRUE,"artefact","manual","<= day","daily",NA,NA,NA
"2013-05-11",199.633,FALSE,NA,NA,"<= day","daily",NA,NA,NA
"2013-05-12",189.219,FALSE,NA,NA,"<= day","daily",NA,NA,NA
"2013-05-13",172.964,FALSE,NA,NA,"<= day","daily",NA,NA,NA
"2013-05-14",177.444,FALSE,NA,NA,"<= day","daily",NA,NA,NA
"2013-05-15",188.948,FALSE,NA,NA,"<= day","daily",NA,NA,NA
"2013-05-16",178.596,FALSE,NA,NA,"<= day","daily",NA,NA,NA
"2013-05-17",171.785,FALSE,NA,NA,"<= day","daily",NA,NA,NA
"2013-05-18",153.58,FALSE,NA,NA,"<= day","daily",NA,NA,NA
"2013-05-19",143.333,FALSE,NA,NA,"<= day","daily",NA,NA,NA
"2013-05-20",138.427,FALSE,NA,NA,"<= day","daily",NA,NA,NA
"2013-05-21",136.13,FALSE,NA,NA,"<= day","daily",NA,NA,NA
"2013-05-22",134.965,FALSE,NA,NA,"<= day","daily",NA,NA,NA
"2013-05-23",134.136,FALSE,NA,NA,"<= day","daily",NA,NA,NA
"2013-05-24",132.15,FALSE,NA,NA,"<= day","daily",NA,NA,NA
"2013-05-25",130.473,FALSE,NA,NA,"<= day","daily",NA,NA,NA
"2013-05-26",127.455,FALSE,NA,NA,"<= day","daily",NA,NA,NA
"2013-05-27",129.153,FALSE,NA,NA,"<= day","daily",NA,NA,NA
"2013-05-28",134.589,FALSE,NA,NA,"<= day","daily",NA,NA,NA
"2013-05-29",136.808,FALSE,NA,NA,"<= day","daily",NA,NA,NA
"2013-05-30",134.281,FALSE,NA,NA,"<= day","daily",NA,NA,NA
"2013-05-31",130.858,FALSE,NA,NA,"<= day","daily",NA,NA,NA
"2013-06-01",148.641,FALSE,NA,NA,"<= day","daily",NA,NA,NA
"2013-06-02",170.955,FALSE,NA,NA,"<= day","daily",NA,NA,NA
"2013-06-03",159.844,FALSE,NA,NA,"<= day","daily",NA,NA,NA
"2013-06-04",166.582,FALSE,NA,NA,"<= day","daily",NA,NA,NA
"2013-06-05",182.832,FALSE,NA,NA,"<= day","daily",NA,NA,NA
"2013-06-06",190.632,FALSE,NA,NA,"<= day","daily",NA,NA,NA
"2013-06-07",193.33,FALSE,NA,NA,"<= day","daily",NA,NA,NA
"2013-06-08",192.328,FALSE,NA,NA,"<= day","daily",NA,NA,NA
"2013-06-09",192.264,FALSE,NA,NA,"<= day","daily",NA,NA,NA
"2013-06-10",190.931,FALSE,NA,NA,"<= day","daily",NA,NA,NA
"2013-06-11",190.702,FALSE,NA,NA,"<= day","daily",NA,NA,NA
"2013-06-12",191.588,FALSE,NA,NA,"<= day","daily",NA,NA,NA
"2013-06-13",192.661,FALSE,NA,NA,"<= day","daily",NA,NA,NA
"2013-06-14",199.295,FALSE,NA,NA,"<= day","daily",NA,NA,NA
"2013-06-15",197.58,FALSE,NA,NA,"<= day","daily",NA,NA,NA
"2013-06-16",166.738,FALSE,NA,NA,"<= day","daily",NA,NA,NA
"2013-06-17",195.945,FALSE,NA,NA,"<= day","daily",NA,NA,NA
"2013-06-18",196.406,FALSE,NA,NA,"<= day","daily",NA,NA,NA
"2013-06-19",195.961,FALSE,NA,NA,"<= day","daily",NA,NA,NA
"2013-06-20",195.571,FALSE,NA,NA,"<= day","daily",NA,NA,NA
"2013-06-21",190.74,FALSE,NA,NA,"<= day","daily",NA,NA,NA
"2013-06-22",187.328,FALSE,NA,NA,"<= day","daily",NA,NA,NA
"2013-06-23",185.588,FALSE,NA,NA,"<= day","daily",NA,NA,NA
"2013-06-24",182.357,FALSE,NA,NA,"<= day","daily",NA,NA,NA
"2013-06-25",168.18,FALSE,NA,NA,"<= day","daily",NA,NA,NA
"2013-06-26",161.691,FALSE,NA,NA,"<= day","daily",NA,NA,NA
"2013-06-27",157.55,FALSE,NA,NA,"<= day","daily",NA,NA,NA
"2013-06-28",139.363,FALSE,NA,NA,"<= day","daily",NA,NA,NA
"2013-06-29",158.921,FALSE,NA,NA,"<= day","daily",NA,NA,NA
"2013-06-30",184.517,FALSE,NA,NA,"<= day","daily",NA,NA,NA
"2013-07-01",184.024,FALSE,NA,NA,"<= day","daily",NA,NA,NA
"2013-07-02",184.572,FALSE,NA,NA,"<= day","daily",NA,NA,NA
"2013-07-03",188.639,FALSE,NA,NA,"<= day","daily",NA,NA,NA
"2013-07-04",192.918,FALSE,NA,NA,"<= day","daily",NA,NA,NA
"2013-07-05",187.369,FALSE,NA,NA,"<= day","daily",NA,NA,NA
"2013-07-06",186.818,FALSE,NA,NA,"<= day","daily",NA,NA,NA
"2013-07-07",188.083,FALSE,NA,NA,"<= day","daily",NA,NA,NA
"2013-07-08",167.872,FALSE,NA,NA,"<= day","daily",NA,NA,NA
"2013-07-09",178.943,FALSE,NA,NA,"<= day","daily",NA,NA,NA
"2013-07-10",184.68,FALSE,NA,NA,"<= day","daily",NA,NA,NA
"2013-07-11",182.92,FALSE,NA,NA,"<= day","daily",NA,NA,NA
"2013-07-12",182.109,FALSE,NA,NA,"<= day","daily",NA,NA,NA
"2013-07-13",181.062,FALSE,NA,NA,"<= day","daily",NA,NA,NA
"2013-07-14",180.814,FALSE,NA,NA,"<= day","daily",NA,NA,NA
"2013-07-15",179.853,FALSE,NA,NA,"<= day","daily",NA,NA,NA
"2013-07-16",178.903,FALSE,NA,NA,"<= day","daily",NA,NA,NA
"2013-07-17",181.354,FALSE,NA,NA,"<= day","daily",NA,NA,NA
"2013-07-18",178.322,FALSE,NA,NA,"<= day","daily",NA,NA,NA
"2013-07-19",173.859,FALSE,NA,NA,"<= day","daily",NA,NA,NA
"2013-07-20",176.012,FALSE,NA,NA,"<= day","daily",NA,NA,NA
"2013-07-21",175.521,FALSE,NA,NA,"<= day","daily",NA,NA,NA
"2013-07-22",175.335,FALSE,NA,NA,"<= day","daily",NA,NA,NA
"2013-07-23",174.557,FALSE,NA,NA,"<= day","daily",NA,NA,NA
"2013-07-24",175.429,FALSE,NA,NA,"<= day","daily",NA,NA,NA
"2013-07-25",172.611,FALSE,NA,NA,"<= day","daily",NA,NA,NA
"2013-07-26",172.295,FALSE,NA,NA,"<= day","daily",NA,NA,NA
"2013-07-27",172.878,FALSE,NA,NA,"<= day","daily",NA,NA,NA
"2013-07-28",173.573,FALSE,NA,NA,"<= day","daily",NA,NA,NA
"2013-07-29",185.324,FALSE,NA,NA,"<= day","daily",NA,NA,NA
"2013-07-30",174.303,FALSE,NA,NA,"<= day","daily",NA,NA,NA
"2013-07-31",160.835,FALSE,NA,NA,"<= day","daily",NA,NA,NA
"2013-08-01",156.679,FALSE,NA,NA,"<= day","daily",NA,NA,NA
"2013-08-02",157.133,FALSE,NA,NA,"<= day","daily",NA,NA,NA
"2013-08-03",160.124,FALSE,NA,NA,"<= day","daily",NA,NA,NA
"2013-08-04",163,FALSE,NA,NA,"<= day","daily",NA,NA,NA
"2013-08-05",157.742,FALSE,NA,NA,"<= day","daily",NA,NA,NA
"2013-08-06",160.677,FALSE,NA,NA,"<= day","daily",NA,NA,NA
"2013-08-07",167.244,FALSE,NA,NA,"<= day","daily",NA,NA,NA
"2013-08-08",175.232,FALSE,NA,NA,"<= day","daily",NA,NA,NA
"2013-08-09",168.005,FALSE,NA,NA,"<= day","daily",NA,NA,NA
"2013-08-10",140.324,FALSE,NA,NA,"<= day","daily",NA,NA,NA
"2013-08-11",127.875,FALSE,NA,NA,"<= day","daily",NA,NA,NA
"2013-08-12",127.498,FALSE,NA,NA,"<= day","daily",NA,NA,NA
"2013-08-13",135.831,FALSE,NA,NA,"<= day","daily",NA,NA,NA
"2013-08-14",121.923,FALSE,NA,NA,"<= day","daily",NA,NA,NA
"2013-08-15",118.968,FALSE,NA,NA,"<= day","daily",NA,NA,NA
"2013-08-16",119.378,FALSE,NA,NA,"<= day","daily",NA,NA,NA
"2013-08-17",121.204,FALSE,NA,NA,"<= day","daily",NA,NA,NA
"2013-08-18",121.134,FALSE,NA,NA,"<= day","daily",NA,NA,NA
"2013-08-19",125.191,FALSE,NA,NA,"<= day","daily",NA,NA,NA
"2013-08-20",118.336,FALSE,NA,NA,"<= day","daily",NA,NA,NA
"2013-08-21",115.86,FALSE,NA,NA,"<= day","daily",NA,NA,NA
"2013-08-22",114.441,FALSE,NA,NA,"<= day","daily",NA,NA,NA
"2013-08-23",116.325,FALSE,NA,NA,"<= day","daily",NA,NA,NA
"2013-08-24",130.887,FALSE,NA,NA,"<= day","daily",NA,NA,NA
"2013-08-25",132.321,FALSE,NA,NA,"<= day","daily",NA,NA,NA
"2013-08-26",115.669,FALSE,NA,NA,"<= day","daily",NA,NA,NA
"2013-08-27",112.591,FALSE,NA,NA,"<= day","daily",NA,NA,NA
"2013-08-28",111.179,FALSE,NA,NA,"<= day","daily",NA,NA,NA
"2013-08-29",110.515,FALSE,NA,NA,"<= day","daily",NA,NA,NA
"2013-08-30",111.066,FALSE,NA,NA,"<= day","daily",NA,NA,NA
"2013-08-31",113.086,FALSE,NA,NA,"<= day","daily",NA,NA,NA
"2013-09-01",112.865,FALSE,NA,NA,"<= day","daily",NA,NA,NA
"2013-09-02",111.675,FALSE,NA,NA,"<= day","daily",NA,NA,NA
"2013-09-03",111.267,FALSE,NA,NA,"<= day","daily",NA,NA,NA
"2013-09-04",113.549,FALSE,NA,NA,"<= day","daily",NA,NA,NA
"2013-09-05",113.343,FALSE,NA,NA,"<= day","daily",NA,NA,NA
"2013-09-06",114.845,FALSE,NA,NA,"<= day","daily",NA,NA,NA
"2013-09-07",116.331,FALSE,NA,NA,"<= day","daily",NA,NA,NA
"2013-09-08",129.378,FALSE,NA,NA,"<= day","daily",NA,NA,NA
"2013-09-09",152.052,FALSE,NA,NA,"<= day","daily",NA,NA,NA
"2013-09-10",117.958,FALSE,NA,NA,"<= day","daily",NA,NA,NA
"2013-09-11",120.8,FALSE,NA,NA,"<= day","daily",NA,NA,NA
"2013-09-12",118.107,FALSE,NA,NA,"<= day","daily",NA,NA,NA
"2013-09-13",115.977,FALSE,NA,NA,"<= day","daily",NA,NA,NA
"2013-09-14",109.224,FALSE,NA,NA,"<= day","daily",NA,NA,NA
"2013-09-15",129.684,FALSE,NA,NA,"<= day","daily",NA,NA,NA
"2013-09-16",150.978,FALSE,NA,NA,"<= day","daily",NA,NA,NA
"2013-09-17",173.402,FALSE,NA,NA,"<= day","daily",NA,NA,NA
"2013-09-18",194.91,FALSE,NA,NA,"<= day","daily",NA,NA,NA
"2013-09-19",186.515,FALSE,NA,NA,"<= day","daily",NA,NA,NA
"2013-09-20",152.048,FALSE,NA,NA,"<= day","daily",NA,NA,NA
"2013-09-21",131.475,FALSE,NA,NA,"<= day","daily",NA,NA,NA
"2013-09-22",127.048,FALSE,NA,NA,"<= day","daily",NA,NA,NA
"2013-09-23",124.525,FALSE,NA,NA,"<= day","daily",NA,NA,NA
"2013-09-24",121.74,FALSE,NA,NA,"<= day","daily",NA,NA,NA
"2013-09-25",119.604,FALSE,NA,NA,"<= day","daily",NA,NA,NA
"2013-09-26",117.849,FALSE,NA,NA,"<= day","daily",NA,NA,NA
"2013-09-27",118.743,FALSE,NA,NA,"<= day","daily",NA,NA,NA
"2013-09-28",117.545,FALSE,NA,NA,"<= day","daily",NA,NA,NA
"2013-09-29",117.104,FALSE,NA,NA,"<= day","daily",NA,NA,NA
"2013-09-30",120.602,FALSE,NA,NA,"<= day","daily",NA,NA,NA
"2013-10-01",116.713,FALSE,NA,NA,"<= day","daily",NA,NA,NA
"2013-10-02",114.459,FALSE,NA,NA,"<= day","daily",NA,NA,NA
"2013-10-03",112.397,FALSE,NA,NA,"<= day","daily",NA,NA,NA
"2013-10-04",114.597,FALSE,NA,NA,"<= day","daily",NA,NA,NA
"2013-10-05",174.492,FALSE,NA,NA,"<= day","daily",NA,NA,NA
"2013-10-06",137.619,FALSE,NA,NA,"<= day","daily",NA,NA,NA
"2013-10-07",123.829,FALSE,NA,NA,"<= day","daily",NA,NA,NA
"2013-10-08",118.552,FALSE,NA,NA,"<= day","daily",NA,NA,NA
"2013-10-09",115.915,FALSE,NA,NA,"<= day","daily",NA,NA,NA
"2013-10-10",117.09,FALSE,NA,NA,"<= day","daily",NA,NA,NA
"2013-10-11",122.548,FALSE,NA,NA,"<= day","daily",NA,NA,NA
"2013-10-12",125.125,FALSE,NA,NA,"<= day","daily",NA,NA,NA
"2013-10-13",127.646,FALSE,NA,NA,"<= day","daily",NA,NA,NA
"2013-10-14",128.602,FALSE,NA,NA,"<= day","daily",NA,NA,NA
"2013-10-15",131.748,FALSE,NA,NA,"<= day","daily",NA,NA,NA
"2013-10-16",185.079,FALSE,NA,NA,"<= day","daily",NA,NA,NA
"2013-10-17",188.399,FALSE,NA,NA,"<= day","daily",NA,NA,NA
"2013-10-18",152.646,FALSE,NA,NA,"<= day","daily",NA,NA,NA
"2013-10-19",136.646,FALSE,NA,NA,"<= day","daily",NA,NA,NA
"2013-10-20",146.846,FALSE,NA,NA,"<= day","daily",NA,NA,NA
"2013-10-21",144.484,FALSE,NA,NA,"<= day","daily",NA,NA,NA
"2013-10-22",135.5,FALSE,NA,NA,"<= day","daily",NA,NA,NA
"2013-10-23",169.819,FALSE,NA,NA,"<= day","daily",NA,NA,NA
"2013-10-24",170.847,FALSE,NA,NA,"<= day","daily",NA,NA,NA
"2013-10-25",125.009,FALSE,NA,NA,"<= day","daily",NA,NA,NA
"2013-10-26",117.706,FALSE,NA,NA,"<= day","daily",NA,NA,NA
"2013-10-27",127.446,FALSE,NA,NA,"<= day","daily",NA,NA,NA
"2013-10-28",116.078,FALSE,NA,NA,"<= day","daily",NA,NA,NA
"2013-10-29",118.935,FALSE,NA,NA,"<= day","daily",NA,NA,NA
"2013-10-30",111.704,FALSE,NA,NA,"<= day","daily",NA,NA,NA
"2013-10-31",91.26,FALSE,NA,NA,"<= day","daily",NA,NA,NA
"2013-11-01",77.303,FALSE,NA,NA,"<= day","daily",NA,NA,NA
"2013-11-02",99.193,FALSE,NA,NA,"<= day","daily",NA,NA,NA
"2013-11-03",141.327,FALSE,NA,NA,"<= day","daily",NA,NA,NA
"2013-11-04",117.986,FALSE,NA,NA,"<= day","daily",NA,NA,NA
"2013-11-05",111.718,FALSE,NA,NA,"<= day","daily",NA,NA,NA
"2013-11-06",135.024,FALSE,NA,NA,"<= day","daily",NA,NA,NA
"2013-11-07",126.638,FALSE,NA,NA,"<= day","daily",NA,NA,NA
"2013-11-08",119.314,FALSE,NA,NA,"<= day","daily",NA,NA,NA
"2013-11-09",126.888,FALSE,NA,NA,"<= day","daily",NA,NA,NA
"2013-11-10",112.093,FALSE,NA,NA,"<= day","daily",NA,NA,NA
"2013-11-11",101.394,FALSE,NA,NA,"<= day","daily",NA,NA,NA
"2013-11-12",94.112,FALSE,NA,NA,"<= day","daily",NA,NA,NA
"2013-11-13",86.678,FALSE,NA,NA,"<= day","daily",NA,NA,NA
"2013-11-14",81.136,FALSE,NA,NA,"<= day","daily",NA,NA,NA
"2013-11-15",78.015,FALSE,NA,NA,"<= day","daily",NA,NA,NA
"2013-11-16",77.786,FALSE,NA,NA,"<= day","daily",NA,NA,NA
"2013-11-17",79.007,FALSE,NA,NA,"<= day","daily",NA,NA,NA
"2013-11-18",76.674,FALSE,NA,NA,"<= day","daily",NA,NA,NA
"2013-11-19",75.663,FALSE,NA,NA,"<= day","daily",NA,NA,NA
"2013-11-20",72.569,FALSE,NA,NA,"<= day","daily",NA,NA,NA
"2013-11-21",69.579,FALSE,NA,NA,"<= day","daily",NA,NA,NA
"2013-11-22",68.189,FALSE,NA,NA,"<= day","daily",NA,NA,NA
"2013-11-23",66.921,FALSE,NA,NA,"<= day","daily",NA,NA,NA
"2013-11-24",66.221,FALSE,NA,NA,"<= day","daily",NA,NA,NA
"2013-11-25",65.732,FALSE,NA,NA,"<= day","daily",NA,NA,NA
"2013-11-26",66.265,FALSE,NA,NA,"<= day","daily",NA,NA,NA
"2013-11-27",66.291,FALSE,NA,NA,"<= day","daily",NA,NA,NA
"2013-11-28",66.014,FALSE,NA,NA,"<= day","daily",NA,NA,NA
"2013-11-29",65.758,FALSE,NA,NA,"<= day","daily",NA,NA,NA
"2013-11-30",65.261,FALSE,NA,NA,"<= day","daily",NA,NA,NA
"2013-12-01",64.942,FALSE,NA,NA,"<= day","daily",NA,NA,NA
"2013-12-02",64.82,FALSE,NA,NA,"<= day","daily",NA,NA,NA
"2013-12-03",64.652,FALSE,NA,NA,"<= day","daily",NA,NA,NA
"2013-12-04",64.348,FALSE,NA,NA,"<= day","daily",NA,NA,NA
"2013-12-05",64.746,FALSE,NA,NA,"<= day","daily",NA,NA,NA
"2013-12-06",64.812,FALSE,NA,NA,"<= day","daily",NA,NA,NA
"2013-12-07",64.797,FALSE,NA,NA,"<= day","daily",NA,NA,NA
"2013-12-08",64.545,FALSE,NA,NA,"<= day","daily",NA,NA,NA
"2013-12-09",63.933,FALSE,NA,NA,"<= day","daily",NA,NA,NA
"2013-12-10",63.663,FALSE,NA,NA,"<= day","daily",NA,NA,NA
"2013-12-11",63.384,FALSE,NA,NA,"<= day","daily",NA,NA,NA
"2013-12-12",63.331,FALSE,NA,NA,"<= day","daily",NA,NA,NA
"2013-12-13",63.506,FALSE,NA,NA,"<= day","daily",NA,NA,NA
"2013-12-14",63.148,FALSE,NA,NA,"<= day","daily",NA,NA,NA
"2013-12-15",62.107,FALSE,NA,NA,"<= day","daily",NA,NA,NA
"2013-12-16",62.397,FALSE,NA,NA,"<= day","daily",NA,NA,NA
"2013-12-17",62.945,FALSE,NA,NA,"<= day","daily",NA,NA,NA
"2013-12-18",63.064,FALSE,NA,NA,"<= day","daily",NA,NA,NA
"2013-12-19",61.808,FALSE,NA,NA,"<= day","daily",NA,NA,NA
"2013-12-20",60.723,FALSE,NA,NA,"<= day","daily",NA,NA,NA
"2013-12-21",59.524,FALSE,NA,NA,"<= day","daily",NA,NA,NA
"2013-12-22",58.91,FALSE,NA,NA,"<= day","daily",NA,NA,NA
"2013-12-23",59.259,FALSE,NA,NA,"<= day","daily",NA,NA,NA
"2013-12-24",58.3,FALSE,NA,NA,"<= day","daily",NA,NA,NA
"2013-12-25",57.161,FALSE,NA,NA,"<= day","daily",NA,NA,NA
"2013-12-26",56.499,FALSE,NA,NA,"<= day","daily",NA,NA,NA
"2013-12-27",55.129,FALSE,NA,NA,"<= day","daily",NA,NA,NA
"2013-12-28",54.553,FALSE,NA,NA,"<= day","daily",NA,NA,NA
"2013-12-29",53.724,FALSE,NA,NA,"<= day","daily",NA,NA,NA
"2013-12-30",51.359,FALSE,NA,NA,"<= day","daily",NA,NA,NA
"2013-12-31",51.298,FALSE,NA,NA,"<= day","daily",NA,NA,NA
"2014-01-01",52.22,FALSE,NA,NA,"<= day","daily",NA,NA,NA
"2014-01-02",51.044,FALSE,NA,NA,"<= day","daily",NA,NA,NA
"2014-01-03",49.893,FALSE,NA,NA,"<= day","daily",NA,NA,NA
"2014-01-04",50.421,FALSE,NA,NA,"<= day","daily",NA,NA,NA
"2014-01-05",50.44,FALSE,NA,NA,"<= day","daily",NA,NA,NA
"2014-01-06",49.685,FALSE,NA,NA,"<= day","daily",NA,NA,NA
"2014-01-07",54.871,FALSE,NA,NA,"<= day","daily",NA,NA,NA
"2014-01-08",63.014,FALSE,NA,NA,"<= day","daily",NA,NA,NA
"2014-01-09",64.549,FALSE,NA,NA,"<= day","daily",NA,NA,NA
"2014-01-10",66.37,FALSE,NA,NA,"<= day","daily",NA,NA,NA
"2014-01-11",65.082,FALSE,NA,NA,"<= day","daily",NA,NA,NA
"2014-01-12",64.689,FALSE,NA,NA,"<= day","daily",NA,NA,NA
"2014-01-13",63.782,FALSE,NA,NA,"<= day","daily",NA,NA,NA
"2014-01-14",62.058,FALSE,NA,NA,"<= day","daily",NA,NA,NA
"2014-01-15",58.802,FALSE,NA,NA,"<= day","daily",NA,NA,NA
"2014-01-16",57.572,FALSE,NA,NA,"<= day","daily",NA,NA,NA
"2014-01-17",55.386,FALSE,NA,NA,"<= day","daily",NA,NA,NA
"2014-01-18",53.088,FALSE,NA,NA,"<= day","daily",NA,NA,NA
"2014-01-19",56.219,FALSE,NA,NA,"<= day","daily",NA,NA,NA
"2014-01-20",57.415,FALSE,NA,NA,"<= day","daily",NA,NA,NA
"2014-01-21",52.996,FALSE,NA,NA,"<= day","daily",NA,NA,NA
"2014-01-22",51.925,FALSE,NA,NA,"<= day","daily",NA,NA,NA
"2014-01-23",51.451,FALSE,NA,NA,"<= day","daily",NA,NA,NA
"2014-01-24",48.783,FALSE,NA,NA,"<= day","daily",NA,NA,NA
"2014-01-25",47.526,FALSE,NA,NA,"<= day","daily",NA,NA,NA
"2014-01-26",46.89,FALSE,NA,NA,"<= day","daily",NA,NA,NA
"2014-01-27",46.597,FALSE,NA,NA,"<= day","daily",NA,NA,NA
"2014-01-28",44.174,FALSE,NA,NA,"<= day","daily",NA,NA,NA
"2014-01-29",45.459,FALSE,NA,NA,"<= day","daily",NA,NA,NA
"2014-01-30",44.598,FALSE,NA,NA,"<= day","daily",NA,NA,NA
"2014-01-31",44.167,FALSE,NA,NA,"<= day","daily",NA,NA,NA
"2014-02-01",44.647,FALSE,NA,NA,"<= day","daily",NA,NA,NA
"2014-02-02",45.492,FALSE,NA,NA,"<= day","daily",NA,NA,NA
"2014-02-03",46.209,FALSE,NA,NA,"<= day","daily",NA,NA,NA
"2014-02-04",47.529,FALSE,NA,NA,"<= day","daily",NA,NA,NA
"2014-02-05",44.569,FALSE,NA,NA,"<= day","daily",NA,NA,NA
"2014-02-06",44.289,FALSE,NA,NA,"<= day","daily",NA,NA,NA
"2014-02-07",44.24,FALSE,NA,NA,"<= day","daily",NA,NA,NA
"2014-02-08",42.925,FALSE,NA,NA,"<= day","daily",NA,NA,NA
"2014-02-09",42.445,FALSE,NA,NA,"<= day","daily",NA,NA,NA
"2014-02-10",41.907,FALSE,NA,NA,"<= day","daily",NA,NA,NA
"2014-02-11",42.528,FALSE,NA,NA,"<= day","daily",NA,NA,NA
"2014-02-12",43.766,FALSE,NA,NA,"<= day","daily",NA,NA,NA
"2014-02-13",43.733,FALSE,NA,NA,"<= day","daily",NA,NA,NA
"2014-02-14",42.624,FALSE,NA,NA,"<= day","daily",NA,NA,NA
"2014-02-15",42.743,FALSE,NA,NA,"<= day","daily",NA,NA,NA
"2014-02-16",42.515,FALSE,NA,NA,"<= day","daily",NA,NA,NA
"2014-02-17",42.202,FALSE,NA,NA,"<= day","daily",NA,NA,NA
"2014-02-18",42.951,FALSE,NA,NA,"<= day","daily",NA,NA,NA
"2014-02-19",43.842,FALSE,NA,NA,"<= day","daily",NA,NA,NA
"2014-02-20",46.996,FALSE,NA,NA,"<= day","daily",NA,NA,NA
"2014-02-21",56.509,FALSE,NA,NA,"<= day","daily",NA,NA,NA
"2014-02-22",48.891,FALSE,NA,NA,"<= day","daily",NA,NA,NA
"2014-02-23",51.481,FALSE,NA,NA,"<= day","daily",NA,NA,NA
"2014-02-24",55.867,FALSE,NA,NA,"<= day","daily",NA,NA,NA
"2014-02-25",60.315,FALSE,NA,NA,"<= day","daily",NA,NA,NA
"2014-02-26",59.462,FALSE,NA,NA,"<= day","daily",NA,NA,NA
"2014-02-27",57.106,FALSE,NA,NA,"<= day","daily",NA,NA,NA
"2014-02-28",53.142,FALSE,NA,NA,"<= day","daily",NA,NA,NA
"2014-03-01",50.751,FALSE,NA,NA,"<= day","daily",NA,NA,NA
"2014-03-02",48.197,FALSE,NA,NA,"<= day","daily",NA,NA,NA
"2014-03-03",46.596,FALSE,NA,NA,"<= day","daily",NA,NA,NA
"2014-03-04",45.457,FALSE,NA,NA,"<= day","daily",NA,NA,NA
"2014-03-05",44.931,FALSE,NA,NA,"<= day","daily",NA,NA,NA
"2014-03-06",48.579,FALSE,NA,NA,"<= day","daily",NA,NA,NA
"2014-03-07",58.187,FALSE,NA,NA,"<= day","daily",NA,NA,NA
"2014-03-08",65.056,FALSE,NA,NA,"<= day","daily",NA,NA,NA
"2014-03-09",68.953,FALSE,NA,NA,"<= day","daily",NA,NA,NA
"2014-03-10",72.26,FALSE,NA,NA,"<= day","daily",NA,NA,NA
"2014-03-11",72.723,FALSE,NA,NA,"<= day","daily",NA,NA,NA
"2014-03-12",77.682,FALSE,NA,NA,"<= day","daily",NA,NA,NA
"2014-03-13",81.813,FALSE,NA,NA,"<= day","daily",NA,NA,NA
"2014-03-14",87.687,FALSE,NA,NA,"<= day","daily",NA,NA,NA
"2014-03-15",83.336,FALSE,NA,NA,"<= day","daily",NA,NA,NA
"2014-03-16",87.328,FALSE,NA,NA,"<= day","daily",NA,NA,NA
"2014-03-17",98.324,FALSE,NA,NA,"<= day","daily",NA,NA,NA
"2014-03-18",103.79,FALSE,NA,NA,"<= day","daily",NA,NA,NA
"2014-03-19",107.124,FALSE,NA,NA,"<= day","daily",NA,NA,NA
"2014-03-20",111.385,FALSE,NA,NA,"<= day","daily",NA,NA,NA
"2014-03-21",115.536,FALSE,NA,NA,"<= day","daily",NA,NA,NA
"2014-03-22",105.926,FALSE,NA,NA,"<= day","daily",NA,NA,NA
"2014-03-23",85.049,FALSE,NA,NA,"<= day","daily",NA,NA,NA
"2014-03-24",74.663,FALSE,NA,NA,"<= day","daily",NA,NA,NA
"2014-03-25",70.307,FALSE,NA,NA,"<= day","daily",NA,NA,NA
"2014-03-26",68.656,FALSE,NA,NA,"<= day","daily",NA,NA,NA
"2014-03-27",67.96,FALSE,NA,NA,"<= day","daily",NA,NA,NA
"2014-03-28",69.626,FALSE,NA,NA,"<= day","daily",NA,NA,NA
"2014-03-29",73.69,FALSE,NA,NA,"<= day","daily",NA,NA,NA
"2014-03-30",78.585,FALSE,NA,NA,"<= day","daily",NA,NA,NA
"2014-03-31",86.355,FALSE,NA,NA,"<= day","daily",NA,NA,NA
"2014-04-01",95.869,FALSE,NA,NA,"<= day","daily",NA,NA,NA
"2014-04-02",104.359,FALSE,NA,NA,"<= day","daily",NA,NA,NA
"2014-04-03",101.109,FALSE,NA,NA,"<= day","daily",NA,NA,NA
"2014-04-04",101.295,FALSE,NA,NA,"<= day","daily",NA,NA,NA
"2014-04-05",128.211,FALSE,NA,NA,"<= day","daily",NA,NA,NA
"2014-04-06",136.851,FALSE,NA,NA,"<= day","daily",NA,NA,NA
"2014-04-07",137.847,FALSE,NA,NA,"<= day","daily",NA,NA,NA
"2014-04-08",139.603,FALSE,NA,NA,"<= day","daily",NA,NA,NA
"2014-04-09",130.798,FALSE,NA,NA,"<= day","daily",NA,NA,NA
"2014-04-10",126.807,FALSE,NA,NA,"<= day","daily",NA,NA,NA
"2014-04-11",130.845,FALSE,NA,NA,"<= day","daily",NA,NA,NA
"2014-04-12",133.4,FALSE,NA,NA,"<= day","daily",NA,NA,NA
"2014-04-13",137.146,FALSE,NA,NA,"<= day","daily",NA,NA,NA
"2014-04-14",141.891,FALSE,NA,NA,"<= day","daily",NA,NA,NA
"2014-04-15",134.245,FALSE,NA,NA,"<= day","daily",NA,NA,NA
"2014-04-16",126.609,FALSE,NA,NA,"<= day","daily",NA,NA,NA
"2014-04-17",126.224,FALSE,NA,NA,"<= day","daily",NA,NA,NA
"2014-04-18",124.698,FALSE,NA,NA,"<= day","daily",NA,NA,NA
"2014-04-19",117.937,FALSE,NA,NA,"<= day","daily",NA,NA,NA
"2014-04-20",113.427,FALSE,NA,NA,"<= day","daily",NA,NA,NA
"2014-04-21",119.09,FALSE,NA,NA,"<= day","daily",NA,NA,NA
"2014-04-22",120.64,FALSE,NA,NA,"<= day","daily",NA,NA,NA
"2014-04-23",123.398,FALSE,NA,NA,"<= day","daily",NA,NA,NA
"2014-04-24",138.713,FALSE,NA,NA,"<= day","daily",NA,NA,NA
"2014-04-25",157.646,FALSE,NA,NA,"<= day","daily",NA,NA,NA
"2014-04-26",171.686,FALSE,NA,NA,"<= day","daily",NA,NA,NA
"2014-04-27",171.671,FALSE,NA,NA,"<= day","daily",NA,NA,NA
"2014-04-28",128.353,FALSE,NA,NA,"<= day","daily",NA,NA,NA
"2014-04-29",120.838,FALSE,NA,NA,"<= day","daily",NA,NA,NA
"2014-04-30",118.155,FALSE,NA,NA,"<= day","daily",NA,NA,NA
"2014-05-01",115.456,FALSE,NA,NA,"<= day","daily",NA,NA,NA
"2014-05-02",118.503,FALSE,NA,NA,"<= day","daily",NA,NA,NA
"2014-05-03",119.435,FALSE,NA,NA,"<= day","daily",NA,NA,NA
"2014-05-04",117.65,FALSE,NA,NA,"<= day","daily",NA,NA,NA
"2014-05-05",117.186,FALSE,NA,NA,"<= day","daily",NA,NA,NA
"2014-05-06",124.674,FALSE,NA,NA,"<= day","daily",NA,NA,NA
"2014-05-07",141.686,FALSE,NA,NA,"<= day","daily",NA,NA,NA
"2014-05-08",133.241,FALSE,NA,NA,"<= day","daily",NA,NA,NA
"2014-05-09",154.042,FALSE,NA,NA,"<= day","daily",NA,NA,NA
"2014-05-10",179.188,FALSE,NA,NA,"<= day","daily",NA,NA,NA
"2014-05-11",185.535,FALSE,NA,NA,"<= day","daily",NA,NA,NA
"2014-05-12",157.169,FALSE,NA,NA,"<= day","daily",NA,NA,NA
"2014-05-13",127.929,FALSE,NA,NA,"<= day","daily",NA,NA,NA
"2014-05-14",121.622,FALSE,NA,NA,"<= day","daily",NA,NA,NA
"2014-05-15",116.814,FALSE,NA,NA,"<= day","daily",NA,NA,NA
"2014-05-16",112.948,FALSE,NA,NA,"<= day","daily",NA,NA,NA
"2014-05-17",112.926,FALSE,NA,NA,"<= day","daily",NA,NA,NA
"2014-05-18",121.616,FALSE,NA,NA,"<= day","daily",NA,NA,NA
"2014-05-19",139.534,FALSE,NA,NA,"<= day","daily",NA,NA,NA
"2014-05-20",166.341,FALSE,NA,NA,"<= day","daily",NA,NA,NA
"2014-05-21",177.079,FALSE,NA,NA,"<= day","daily",NA,NA,NA
"2014-05-22",191.771,FALSE,NA,NA,"<= day","daily",NA,NA,NA
"2014-05-23",191.644,FALSE,NA,NA,"<= day","daily",NA,NA,NA
"2014-05-24",186.38,FALSE,NA,NA,"<= day","daily",NA,NA,NA
"2014-05-25",184.593,FALSE,NA,NA,"<= day","daily",NA,NA,NA
"2014-05-26",175.945,FALSE,NA,NA,"<= day","daily",NA,NA,NA
"2014-05-27",175.274,FALSE,NA,NA,"<= day","daily",NA,NA,NA
"2014-05-28",163.557,FALSE,NA,NA,"<= day","daily",NA,NA,NA
"2014-05-29",170.4,FALSE,NA,NA,"<= day","daily",NA,NA,NA
"2014-05-30",179.628,FALSE,NA,NA,"<= day","daily",NA,NA,NA
"2014-05-31",178.173,FALSE,NA,NA,"<= day","daily",NA,NA,NA
"2014-06-01",181.965,FALSE,NA,NA,"<= day","daily",NA,NA,NA
"2014-06-02",176.977,FALSE,NA,NA,"<= day","daily",NA,NA,NA
"2014-06-03",174.877,FALSE,NA,NA,"<= day","daily",NA,NA,NA
"2014-06-04",174.233,FALSE,NA,NA,"<= day","daily",NA,NA,NA
"2014-06-05",176.958,FALSE,NA,NA,"<= day","daily",NA,NA,NA
"2014-06-06",179.926,FALSE,NA,NA,"<= day","daily",NA,NA,NA
"2014-06-07",184.178,FALSE,NA,NA,"<= day","daily",NA,NA,NA
"2014-06-08",186.908,FALSE,NA,NA,"<= day","daily",NA,NA,NA
"2014-06-09",186.435,FALSE,NA,NA,"<= day","daily",NA,NA,NA
"2014-06-10",184.678,FALSE,NA,NA,"<= day","daily",NA,NA,NA
"2014-06-11",186.373,FALSE,NA,NA,"<= day","daily",NA,NA,NA
"2014-06-12",184.882,FALSE,NA,NA,"<= day","daily",NA,NA,NA
"2014-06-13",183.336,FALSE,NA,NA,"<= day","daily",NA,NA,NA
"2014-06-14",183.365,FALSE,NA,NA,"<= day","daily",NA,NA,NA
"2014-06-15",178.411,FALSE,NA,NA,"<= day","daily",NA,NA,NA
"2014-06-16",173.739,FALSE,NA,NA,"<= day","daily",NA,NA,NA
"2014-06-17",173.59,FALSE,NA,NA,"<= day","daily",NA,NA,NA
"2014-06-18",158.204,FALSE,NA,NA,"<= day","daily",NA,NA,NA
"2014-06-19",161.672,FALSE,NA,NA,"<= day","daily",NA,NA,NA
"2014-06-20",177.147,FALSE,NA,NA,"<= day","daily",NA,NA,NA
"2014-06-21",171.924,FALSE,NA,NA,"<= day","daily",NA,NA,NA
"2014-06-22",177.313,FALSE,NA,NA,"<= day","daily",NA,NA,NA
"2014-06-23",180.743,FALSE,NA,NA,"<= day","daily",NA,NA,NA
"2014-06-24",184.502,FALSE,NA,NA,"<= day","daily",NA,NA,NA
"2014-06-25",176.185,FALSE,NA,NA,"<= day","daily",NA,NA,NA
"2014-06-26",164.649,FALSE,NA,NA,"<= day","daily",NA,NA,NA
"2014-06-27",163.894,FALSE,NA,NA,"<= day","daily",NA,NA,NA
"2014-06-28",159.455,FALSE,NA,NA,"<= day","daily",NA,NA,NA
"2014-06-29",176.509,FALSE,NA,NA,"<= day","daily",NA,NA,NA
"2014-06-30",166.749,FALSE,NA,NA,"<= day","daily",NA,NA,NA
"2014-07-01",133.631,FALSE,NA,NA,"<= day","daily",NA,NA,NA
"2014-07-02",165.821,FALSE,NA,NA,"<= day","daily",NA,NA,NA
"2014-07-03",160.026,FALSE,NA,NA,"<= day","daily",NA,NA,NA
"2014-07-04",163.028,FALSE,NA,NA,"<= day","daily",NA,NA,NA
"2014-07-05",173.812,FALSE,NA,NA,"<= day","daily",NA,NA,NA
"2014-07-06",163.765,FALSE,NA,NA,"<= day","daily",NA,NA,NA
"2014-07-07",184.062,FALSE,NA,NA,"<= day","daily",NA,NA,NA
"2014-07-08",182.154,FALSE,NA,NA,"<= day","daily",NA,NA,NA
"2014-07-09",163.416,FALSE,NA,NA,"<= day","daily",NA,NA,NA
"2014-07-10",173.111,FALSE,NA,NA,"<= day","daily",NA,NA,NA
"2014-07-11",183.651,FALSE,NA,NA,"<= day","daily",NA,NA,NA
"2014-07-12",174.205,FALSE,NA,NA,"<= day","daily",NA,NA,NA
"2014-07-13",166.946,FALSE,NA,NA,"<= day","daily",NA,NA,NA
"2014-07-14",157.8,FALSE,NA,NA,"<= day","daily",NA,NA,NA
"2014-07-15",146.828,FALSE,NA,NA,"<= day","daily",NA,NA,NA
"2014-07-16",145.208,FALSE,NA,NA,"<= day","daily",NA,NA,NA
"2014-07-17",152.131,FALSE,NA,NA,"<= day","daily",NA,NA,NA
"2014-07-18",145.003,FALSE,NA,NA,"<= day","daily",NA,NA,NA
"2014-07-19",138.148,FALSE,NA,NA,"<= day","daily",NA,NA,NA
"2014-07-20",161.011,FALSE,NA,NA,"<= day","daily",NA,NA,NA
"2014-07-21",174.563,FALSE,NA,NA,"<= day","daily",NA,NA,NA
"2014-07-22",192.674,FALSE,NA,NA,"<= day","daily",NA,NA,NA
"2014-07-23",172.197,FALSE,NA,NA,"<= day","daily",NA,NA,NA
"2014-07-24",178.39,FALSE,NA,NA,"<= day","daily",NA,NA,NA
"2014-07-25",167.968,FALSE,NA,NA,"<= day","daily",NA,NA,NA
"2014-07-26",168.769,FALSE,NA,NA,"<= day","daily",NA,NA,NA
"2014-07-27",148.361,FALSE,NA,NA,"<= day","daily",NA,NA,NA
"2014-07-28",141.625,FALSE,NA,NA,"<= day","daily",NA,NA,NA
"2014-07-29",187.663,FALSE,NA,NA,"<= day","daily",NA,NA,NA
"2014-07-30",162.252,FALSE,NA,NA,"<= day","daily",NA,NA,NA
"2014-07-31",179.164,FALSE,NA,NA,"<= day","daily",NA,NA,NA
"2014-08-01",145.301,FALSE,NA,NA,"<= day","daily",NA,NA,NA
"2014-08-02",146.316,FALSE,NA,NA,"<= day","daily",NA,NA,NA
"2014-08-03",176.369,FALSE,NA,NA,"<= day","daily",NA,NA,NA
"2014-08-04",147.123,FALSE,NA,NA,"<= day","daily",NA,NA,NA
"2014-08-05",136.954,FALSE,NA,NA,"<= day","daily",NA,NA,NA
"2014-08-06",127.855,FALSE,NA,NA,"<= day","daily",NA,NA,NA
"2014-08-07",126.117,FALSE,NA,NA,"<= day","daily",NA,NA,NA
"2014-08-08",131.133,FALSE,NA,NA,"<= day","daily",NA,NA,NA
"2014-08-09",173.951,FALSE,NA,NA,"<= day","daily",NA,NA,NA
"2014-08-10",135.553,FALSE,NA,NA,"<= day","daily",NA,NA,NA
"2014-08-11",182.869,FALSE,NA,NA,"<= day","daily",NA,NA,NA
"2014-08-12",165.025,FALSE,NA,NA,"<= day","daily",NA,NA,NA
"2014-08-13",170.098,FALSE,NA,NA,"<= day","daily",NA,NA,NA
"2014-08-14",146.517,FALSE,NA,NA,"<= day","daily",NA,NA,NA
"2014-08-15",134.37,FALSE,NA,NA,"<= day","daily",NA,NA,NA
"2014-08-16",140.319,FALSE,NA,NA,"<= day","daily",NA,NA,NA
"2014-08-17",126.027,FALSE,NA,NA,"<= day","daily",NA,NA,NA
"2014-08-18",123.582,FALSE,NA,NA,"<= day","daily",NA,NA,NA
"2014-08-19",152.476,FALSE,NA,NA,"<= day","daily",NA,NA,NA
"2014-08-20",127.019,FALSE,NA,NA,"<= day","daily",NA,NA,NA
"2014-08-21",124.627,FALSE,NA,NA,"<= day","daily",NA,NA,NA
"2014-08-22",122.556,FALSE,NA,NA,"<= day","daily",NA,NA,NA
"2014-08-23",120.418,FALSE,NA,NA,"<= day","daily",NA,NA,NA
"2014-08-24",119.778,FALSE,NA,NA,"<= day","daily",NA,NA,NA
"2014-08-25",116.382,FALSE,NA,NA,"<= day","daily",NA,NA,NA
"2014-08-26",173.161,FALSE,NA,NA,"<= day","daily",NA,NA,NA
"2014-08-27",166.026,FALSE,NA,NA,"<= day","daily",NA,NA,NA
"2014-08-28",133.418,FALSE,NA,NA,"<= day","daily",NA,NA,NA
"2014-08-29",128.449,FALSE,NA,NA,"<= day","daily",NA,NA,NA
"2014-08-30",138.066,FALSE,NA,NA,"<= day","daily",NA,NA,NA
"2014-08-31",130.211,FALSE,NA,NA,"<= day","daily",NA,NA,NA
"2014-09-01",184.994,FALSE,NA,NA,"<= day","daily",NA,NA,NA
"2014-09-02",131.097,FALSE,NA,NA,"<= day","daily",NA,NA,NA
"2014-09-03",118.675,FALSE,NA,NA,"<= day","daily",NA,NA,NA
"2014-09-04",118.684,FALSE,NA,NA,"<= day","daily",NA,NA,NA
"2014-09-05",118.275,FALSE,NA,NA,"<= day","daily",NA,NA,NA
"2014-09-06",116.168,FALSE,NA,NA,"<= day","daily",NA,NA,NA
"2014-09-07",112.358,FALSE,NA,NA,"<= day","daily",NA,NA,NA
"2014-09-08",115.184,FALSE,NA,NA,"<= day","daily",NA,NA,NA
"2014-09-09",138.132,FALSE,NA,NA,"<= day","daily",NA,NA,NA
"2014-09-10",136.696,FALSE,NA,NA,"<= day","daily",NA,NA,NA
"2014-09-11",120.045,FALSE,NA,NA,"<= day","daily",NA,NA,NA
"2014-09-12",113.691,FALSE,NA,NA,"<= day","daily",NA,NA,NA
"2014-09-13",115.775,FALSE,NA,NA,"<= day","daily",NA,NA,NA
"2014-09-14",112.524,FALSE,NA,NA,"<= day","daily",NA,NA,NA
"2014-09-15",106.954,FALSE,NA,NA,"<= day","daily",NA,NA,NA
"2014-09-16",107.322,FALSE,NA,NA,"<= day","daily",NA,NA,NA
"2014-09-17",101.106,FALSE,NA,NA,"<= day","daily",NA,NA,NA
"2014-09-18",101.519,FALSE,NA,NA,"<= day","daily",NA,NA,NA
"2014-09-19",90.364,FALSE,NA,NA,"<= day","daily",NA,NA,NA
"2014-09-20",95.77,FALSE,NA,NA,"<= day","daily",NA,NA,NA
"2014-09-21",136.846,FALSE,NA,NA,"<= day","daily",NA,NA,NA
"2014-09-22",161.137,FALSE,NA,NA,"<= day","daily",NA,NA,NA
"2014-09-23",120.797,FALSE,NA,NA,"<= day","daily",NA,NA,NA
"2014-09-24",109.402,FALSE,NA,NA,"<= day","daily",NA,NA,NA
"2014-09-25",118.046,FALSE,NA,NA,"<= day","daily",NA,NA,NA
"2014-09-26",106.818,FALSE,NA,NA,"<= day","daily",NA,NA,NA
"2014-09-27",94.28,FALSE,NA,NA,"<= day","daily",NA,NA,NA
"2014-09-28",92.649,FALSE,NA,NA,"<= day","daily",NA,NA,NA
"2014-09-29",83.069,FALSE,NA,NA,"<= day","daily",NA,NA,NA
"2014-09-30",95.098,FALSE,NA,NA,"<= day","daily",NA,NA,NA
"2014-10-01",98.579,FALSE,NA,NA,"<= day","daily",NA,NA,NA
"2014-10-02",94.76,FALSE,NA,NA,"<= day","daily",NA,NA,NA
"2014-10-03",85.149,FALSE,NA,NA,"<= day","daily",NA,NA,NA
"2014-10-04",80.409,FALSE,NA,NA,"<= day","daily",NA,NA,NA
"2014-10-05",85.091,FALSE,NA,NA,"<= day","daily",NA,NA,NA
"2014-10-06",136.859,FALSE,NA,NA,"<= day","daily",NA,NA,NA
"2014-10-07",121.022,FALSE,NA,NA,"<= day","daily",NA,NA,NA
"2014-10-08",129.093,FALSE,NA,NA,"<= day","daily",NA,NA,NA
"2014-10-09",115.325,FALSE,NA,NA,"<= day","daily",NA,NA,NA
"2014-10-10",103.736,FALSE,NA,NA,"<= day","daily",NA,NA,NA
"2014-10-11",107.473,FALSE,NA,NA,"<= day","daily",NA,NA,NA
"2014-10-12",99.665,FALSE,NA,NA,"<= day","daily",NA,NA,NA
"2014-10-13",118.023,FALSE,NA,NA,"<= day","daily",NA,NA,NA
"2014-10-14",142.157,FALSE,NA,NA,"<= day","daily",NA,NA,NA
"2014-10-15",125.635,FALSE,NA,NA,"<= day","daily",NA,NA,NA
"2014-10-16",132.42,FALSE,NA,NA,"<= day","daily",NA,NA,NA
"2014-10-17",170.483,FALSE,NA,NA,"<= day","daily",NA,NA,NA
"2014-10-18",134.157,FALSE,NA,NA,"<= day","daily",NA,NA,NA
"2014-10-19",124.654,FALSE,NA,NA,"<= day","daily",NA,NA,NA
"2014-10-20",118.176,FALSE,NA,NA,"<= day","daily",NA,NA,NA
"2014-10-21",166.791,FALSE,NA,NA,"<= day","daily",NA,NA,NA
"2014-10-22",159.53,FALSE,NA,NA,"<= day","daily",NA,NA,NA
"2014-10-23",131.983,FALSE,NA,NA,"<= day","daily",NA,NA,NA
"2014-10-24",130.609,FALSE,NA,NA,"<= day","daily",NA,NA,NA
"2014-10-25",145.384,FALSE,NA,NA,"<= day","daily",NA,NA,NA
"2014-10-26",171.272,FALSE,NA,NA,"<= day","daily",NA,NA,NA
"2014-10-27",136.226,FALSE,NA,NA,"<= day","daily",NA,NA,NA
"2014-10-28",130.455,FALSE,NA,NA,"<= day","daily",NA,NA,NA
"2014-10-29",127.192,FALSE,NA,NA,"<= day","daily",NA,NA,NA
"2014-10-30",122.243,FALSE,NA,NA,"<= day","daily",NA,NA,NA
"2014-10-31",123.454,FALSE,NA,NA,"<= day","daily",NA,NA,NA
"2014-11-01",120.7,FALSE,NA,NA,"<= day","daily",NA,NA,NA
"2014-11-02",114.417,FALSE,NA,NA,"<= day","daily",NA,NA,NA
"2014-11-03",105.712,FALSE,NA,NA,"<= day","daily",NA,NA,NA
"2014-11-04",105.111,FALSE,NA,NA,"<= day","daily",NA,NA,NA
"2014-11-05",117.763,FALSE,NA,NA,"<= day","daily",NA,NA,NA
"2014-11-06",119.769,FALSE,NA,NA,"<= day","daily",NA,NA,NA
"2014-11-07",120.343,FALSE,NA,NA,"<= day","daily",NA,NA,NA
"2014-11-08",120.087,FALSE,NA,NA,"<= day","daily",NA,NA,NA
"2014-11-09",116.321,FALSE,NA,NA,"<= day","daily",NA,NA,NA
"2014-11-10",113.508,FALSE,NA,NA,"<= day","daily",NA,NA,NA
"2014-11-11",116.317,FALSE,NA,NA,"<= day","daily",NA,NA,NA
"2014-11-12",119.273,FALSE,NA,NA,"<= day","daily",NA,NA,NA
"2014-11-13",122.333,FALSE,NA,NA,"<= day","daily",NA,NA,NA
"2014-11-14",118.95,FALSE,NA,NA,"<= day","daily",NA,NA,NA
"2014-11-15",115.779,FALSE,NA,NA,"<= day","daily",NA,NA,NA
"2014-11-16",119.85,FALSE,NA,NA,"<= day","daily",NA,NA,NA
"2014-11-17",118.238,FALSE,NA,NA,"<= day","daily",NA,NA,NA
"2014-11-18",117.021,FALSE,NA,NA,"<= day","daily",NA,NA,NA
"2014-11-19",115.104,FALSE,NA,NA,"<= day","daily",NA,NA,NA
"2014-11-20",113.436,FALSE,NA,NA,"<= day","daily",NA,NA,NA
"2014-11-21",115.109,FALSE,NA,NA,"<= day","daily",NA,NA,NA
"2014-11-22",119.252,FALSE,NA,NA,"<= day","daily",NA,NA,NA
"2014-11-23",119.114,FALSE,NA,NA,"<= day","daily",NA,NA,NA
"2014-11-24",126.786,FALSE,NA,NA,"<= day","daily",NA,NA,NA
"2014-11-25",126.223,FALSE,NA,NA,"<= day","daily",NA,NA,NA
"2014-11-26",124.358,FALSE,NA,NA,"<= day","daily",NA,NA,NA
"2014-11-27",122.07,FALSE,NA,NA,"<= day","daily",NA,NA,NA
"2014-11-28",117.402,FALSE,NA,NA,"<= day","daily",NA,NA,NA
"2014-11-29",110.568,FALSE,NA,NA,"<= day","daily",NA,NA,NA
"2014-11-30",104.394,FALSE,NA,NA,"<= day","daily",NA,NA,NA
"2014-12-01",106.376,FALSE,NA,NA,"<= day","daily",NA,NA,NA
"2014-12-02",105.146,FALSE,NA,NA,"<= day","daily",NA,NA,NA
"2014-12-03",96.241,FALSE,NA,NA,"<= day","daily",NA,NA,NA
"2014-12-04",89.836,FALSE,NA,NA,"<= day","daily",NA,NA,NA
"2014-12-05",84.442,FALSE,NA,NA,"<= day","daily",NA,NA,NA
"2014-12-06",82.009,FALSE,NA,NA,"<= day","daily",NA,NA,NA
"2014-12-07",76.899,FALSE,NA,NA,"<= day","daily",NA,NA,NA
"2014-12-08",75.747,FALSE,NA,NA,"<= day","daily",NA,NA,NA
"2014-12-09",72.946,FALSE,NA,NA,"<= day","daily",NA,NA,NA
"2014-12-10",71.101,FALSE,NA,NA,"<= day","daily",NA,NA,NA
"2014-12-11",72.663,FALSE,NA,NA,"<= day","daily",NA,NA,NA
"2014-12-12",70.386,FALSE,NA,NA,"<= day","daily",NA,NA,NA
"2014-12-13",68.675,FALSE,NA,NA,"<= day","daily",NA,NA,NA
"2014-12-14",66.735,FALSE,NA,NA,"<= day","daily",NA,NA,NA
"2014-12-15",66.392,FALSE,NA,NA,"<= day","daily",NA,NA,NA
"2014-12-16",60.959,FALSE,NA,NA,"<= day","daily",NA,NA,NA
"2014-12-17",62.398,FALSE,NA,NA,"<= day","daily",NA,NA,NA
"2014-12-18",92.532,FALSE,NA,NA,"<= day","daily",NA,NA,NA
"2014-12-19",128.114,FALSE,NA,NA,"<= day","daily",NA,NA,NA
"2014-12-20",110.762,FALSE,NA,NA,"<= day","daily",NA,NA,NA
"2014-12-21",91.199,FALSE,NA,NA,"<= day","daily",NA,NA,NA
"2014-12-22",87.098,FALSE,NA,NA,"<= day","daily",NA,NA,NA
"2014-12-23",85.747,FALSE,NA,NA,"<= day","daily",NA,NA,NA
"2014-12-24",80.234,FALSE,NA,NA,"<= day","daily",NA,NA,NA
"2014-12-25",74.896,FALSE,NA,NA,"<= day","daily",NA,NA,NA
"2014-12-26",68.503,FALSE,NA,NA,"<= day","daily",NA,NA,NA
"2014-12-27",66.792,FALSE,NA,NA,"<= day","daily",NA,NA,NA
"2014-12-28",69.773,FALSE,NA,NA,"<= day","daily",NA,NA,NA
"2014-12-29",65.187,FALSE,NA,NA,"<= day","daily",NA,NA,NA
"2014-12-30",63.196,FALSE,NA,NA,"<= day","daily",NA,NA,NA
"2014-12-31",62.136,FALSE,NA,NA,"<= day","daily",NA,NA,NA
"2015-01-01",63.26,FALSE,NA,NA,"<= day","daily",NA,NA,NA
"2015-01-02",68.817,FALSE,NA,NA,"<= day","daily",NA,NA,NA
"2015-01-03",93.641,FALSE,NA,NA,"<= day","daily",NA,NA,NA
"2015-01-04",119.575,FALSE,NA,NA,"<= day","daily",NA,NA,NA
"2015-01-05",88.505,FALSE,NA,NA,"<= day","daily",NA,NA,NA
"2015-01-06",79.47,FALSE,NA,NA,"<= day","daily",NA,NA,NA
"2015-01-07",75.224,FALSE,NA,NA,"<= day","daily",NA,NA,NA
"2015-01-08",73.746,FALSE,NA,NA,"<= day","daily",NA,NA,NA
"2015-01-09",74.746,FALSE,NA,NA,"<= day","daily",NA,NA,NA
"2015-01-10",132.195,FALSE,NA,NA,"<= day","daily",NA,NA,NA
"2015-01-11",130.861,FALSE,NA,NA,"<= day","daily",NA,NA,NA
"2015-01-12",111.679,FALSE,NA,NA,"<= day","daily",NA,NA,NA
"2015-01-13",99.667,FALSE,NA,NA,"<= day","daily",NA,NA,NA
"2015-01-14",92.022,FALSE,NA,NA,"<= day","daily",NA,NA,NA
"2015-01-15",86.087,FALSE,NA,NA,"<= day","daily",NA,NA,NA
"2015-01-16",81.932,FALSE,NA,NA,"<= day","daily",NA,NA,NA
"2015-01-17",76.335,FALSE,NA,NA,"<= day","daily",NA,NA,NA
"2015-01-18",75.229,FALSE,NA,NA,"<= day","daily",NA,NA,NA
"2015-01-19",74.606,FALSE,NA,NA,"<= day","daily",NA,NA,NA
"2015-01-20",72.59,FALSE,NA,NA,"<= day","daily",NA,NA,NA
"2015-01-21",69.694,FALSE,NA,NA,"<= day","daily",NA,NA,NA
"2015-01-22",68.858,FALSE,NA,NA,"<= day","daily",NA,NA,NA
"2015-01-23",67.276,FALSE,NA,NA,"<= day","daily",NA,NA,NA
"2015-01-24",65.255,FALSE,NA,NA,"<= day","daily",NA,NA,NA
"2015-01-25",63.325,FALSE,NA,NA,"<= day","daily",NA,NA,NA
"2015-01-26",61.402,FALSE,NA,NA,"<= day","daily",NA,NA,NA
"2015-01-27",61.307,FALSE,NA,NA,"<= day","daily",NA,NA,NA
"2015-01-28",60.101,FALSE,NA,NA,"<= day","daily",NA,NA,NA
"2015-01-29",60.706,FALSE,NA,NA,"<= day","daily",NA,NA,NA
"2015-01-30",62.252,FALSE,NA,NA,"<= day","daily",NA,NA,NA
"2015-01-31",60.764,FALSE,NA,NA,"<= day","daily",NA,NA,NA
"2015-02-01",58.874,FALSE,NA,NA,"<= day","daily",NA,NA,NA
"2015-02-02",55.683,FALSE,NA,NA,"<= day","daily",NA,NA,NA
"2015-02-03",56.521,FALSE,NA,NA,"<= day","daily",NA,NA,NA
"2015-02-04",55.144,FALSE,NA,NA,"<= day","daily",NA,NA,NA
"2015-02-05",53.923,FALSE,NA,NA,"<= day","daily",NA,NA,NA
"2015-02-06",53.189,FALSE,NA,NA,"<= day","daily",NA,NA,NA
"2015-02-07",53.642,FALSE,NA,NA,"<= day","daily",NA,NA,NA
"2015-02-08",54.776,FALSE,NA,NA,"<= day","daily",NA,NA,NA
"2015-02-09",54.851,FALSE,NA,NA,"<= day","daily",NA,NA,NA
"2015-02-10",69.667,FALSE,NA,NA,"<= day","daily",NA,NA,NA
"2015-02-11",84.184,FALSE,NA,NA,"<= day","daily",NA,NA,NA
"2015-02-12",88.112,FALSE,NA,NA,"<= day","daily",NA,NA,NA
"2015-02-13",83.856,FALSE,NA,NA,"<= day","daily",NA,NA,NA
"2015-02-14",74.543,FALSE,NA,NA,"<= day","daily",NA,NA,NA
"2015-02-15",66.796,FALSE,NA,NA,"<= day","daily",NA,NA,NA
"2015-02-16",64.552,FALSE,NA,NA,"<= day","daily",NA,NA,NA
"2015-02-17",72.058,FALSE,NA,NA,"<= day","daily",NA,NA,NA
"2015-02-18",79.848,FALSE,NA,NA,"<= day","daily",NA,NA,NA
"2015-02-19",84.07,FALSE,NA,NA,"<= day","daily",NA,NA,NA
"2015-02-20",85.025,FALSE,NA,NA,"<= day","daily",NA,NA,NA
"2015-02-21",77.98,FALSE,NA,NA,"<= day","daily",NA,NA,NA
"2015-02-22",70.022,FALSE,NA,NA,"<= day","daily",NA,NA,NA
"2015-02-23",65.306,FALSE,NA,NA,"<= day","daily",NA,NA,NA
"2015-02-24",61.962,FALSE,NA,NA,"<= day","daily",NA,NA,NA
"2015-02-25",59.433,FALSE,NA,NA,"<= day","daily",NA,NA,NA
"2015-02-26",59.135,FALSE,NA,NA,"<= day","daily",NA,NA,NA
"2015-02-27",60.388,FALSE,NA,NA,"<= day","daily",NA,NA,NA
"2015-02-28",55.503,FALSE,NA,NA,"<= day","daily",NA,NA,NA
"2015-03-01",62.99,FALSE,NA,NA,"<= day","daily",NA,NA,NA
"2015-03-02",95.087,FALSE,NA,NA,"<= day","daily",NA,NA,NA
"2015-03-03",73.656,FALSE,NA,NA,"<= day","daily",NA,NA,NA
"2015-03-04",67.272,FALSE,NA,NA,"<= day","daily",NA,NA,NA
"2015-03-05",61.807,FALSE,NA,NA,"<= day","daily",NA,NA,NA
"2015-03-06",63.684,FALSE,NA,NA,"<= day","daily",NA,NA,NA
"2015-03-07",75.911,FALSE,NA,NA,"<= day","daily",NA,NA,NA
"2015-03-08",86.998,FALSE,NA,NA,"<= day","daily",NA,NA,NA
"2015-03-09",98.947,FALSE,NA,NA,"<= day","daily",NA,NA,NA
"2015-03-10",102.366,FALSE,NA,NA,"<= day","daily",NA,NA,NA
"2015-03-11",105.404,FALSE,NA,NA,"<= day","daily",NA,NA,NA
"2015-03-12",107.69,FALSE,NA,NA,"<= day","daily",NA,NA,NA
"2015-03-13",99.036,FALSE,NA,NA,"<= day","daily",NA,NA,NA
"2015-03-14",90.812,FALSE,NA,NA,"<= day","daily",NA,NA,NA
"2015-03-15",81.1,FALSE,NA,NA,"<= day","daily",NA,NA,NA
"2015-03-16",75.026,FALSE,NA,NA,"<= day","daily",NA,NA,NA
"2015-03-17",86.319,FALSE,NA,NA,"<= day","daily",NA,NA,NA
"2015-03-18",102.705,FALSE,NA,NA,"<= day","daily",NA,NA,NA
"2015-03-19",114.934,FALSE,NA,NA,"<= day","daily",NA,NA,NA
"2015-03-20",119.421,FALSE,NA,NA,"<= day","daily",NA,NA,NA
"2015-03-21",118.314,FALSE,NA,NA,"<= day","daily",NA,NA,NA
"2015-03-22",104.277,FALSE,NA,NA,"<= day","daily",NA,NA,NA
"2015-03-23",102.848,FALSE,NA,NA,"<= day","daily",NA,NA,NA
"2015-03-24",115.486,FALSE,NA,NA,"<= day","daily",NA,NA,NA
"2015-03-25",110.561,FALSE,NA,NA,"<= day","daily",NA,NA,NA
"2015-03-26",96.239,FALSE,NA,NA,"<= day","daily",NA,NA,NA
"2015-03-27",86.415,FALSE,NA,NA,"<= day","daily",NA,NA,NA
"2015-03-28",88.715,FALSE,NA,NA,"<= day","daily",NA,NA,NA
"2015-03-29",100.59,FALSE,NA,NA,"<= day","daily",NA,NA,NA
"2015-03-30",117.206,FALSE,NA,NA,"<= day","daily",NA,NA,NA
"2015-03-31",136.23,FALSE,NA,NA,"<= day","daily",NA,NA,NA
"2015-04-01",111.737,FALSE,NA,NA,"<= day","daily",NA,NA,NA
"2015-04-02",91.108,FALSE,NA,NA,"<= day","daily",NA,NA,NA
"2015-04-03",91.352,FALSE,NA,NA,"<= day","daily",NA,NA,NA
"2015-04-04",92.179,FALSE,NA,NA,"<= day","daily",NA,NA,NA
"2015-04-05",84.733,FALSE,NA,NA,"<= day","daily",NA,NA,NA
"2015-04-06",82.088,FALSE,NA,NA,"<= day","daily",NA,NA,NA
"2015-04-07",84.986,FALSE,NA,NA,"<= day","daily",NA,NA,NA
"2015-04-08",97.031,FALSE,NA,NA,"<= day","daily",NA,NA,NA
"2015-04-09",113.192,FALSE,NA,NA,"<= day","daily",NA,NA,NA
"2015-04-10",128.436,FALSE,NA,NA,"<= day","daily",NA,NA,NA
"2015-04-11",131.376,FALSE,NA,NA,"<= day","daily",NA,NA,NA
"2015-04-12",131.795,FALSE,NA,NA,"<= day","daily",NA,NA,NA
"2015-04-13",136.255,FALSE,NA,NA,"<= day","daily",NA,NA,NA
"2015-04-14",136.542,FALSE,NA,NA,"<= day","daily",NA,NA,NA
"2015-04-15",134.508,FALSE,NA,NA,"<= day","daily",NA,NA,NA
"2015-04-16",136.775,FALSE,NA,NA,"<= day","daily",NA,NA,NA
"2015-04-17",136.992,FALSE,NA,NA,"<= day","daily",NA,NA,NA
"2015-04-18",147.202,FALSE,NA,NA,"<= day","daily",NA,NA,NA
"2015-04-19",144.749,FALSE,NA,NA,"<= day","daily",NA,NA,NA
"2015-04-20",146.207,FALSE,NA,NA,"<= day","daily",NA,NA,NA
"2015-04-21",150.924,FALSE,NA,NA,"<= day","daily",NA,NA,NA
"2015-04-22",161.531,FALSE,NA,NA,"<= day","daily",NA,NA,NA
"2015-04-23",171.298,FALSE,NA,NA,"<= day","daily",NA,NA,NA
"2015-04-24",173.742,FALSE,NA,NA,"<= day","daily",NA,NA,NA
"2015-04-25",170.719,FALSE,NA,NA,"<= day","daily",NA,NA,NA
"2015-04-26",170.933,FALSE,NA,NA,"<= day","daily",NA,NA,NA
"2015-04-27",166.478,FALSE,NA,NA,"<= day","daily",NA,NA,NA
"2015-04-28",161.863,FALSE,NA,NA,"<= day","daily",NA,NA,NA
"2015-04-29",137.015,FALSE,NA,NA,"<= day","daily",NA,NA,NA
"2015-04-30",135.792,FALSE,NA,NA,"<= day","daily",NA,NA,NA
"2015-05-01",154.209,FALSE,NA,NA,"<= day","daily",NA,NA,NA
"2015-05-02",196.708,FALSE,NA,NA,"<= day","daily",NA,NA,NA
"2015-05-03",200,TRUE,"artefact","manual","<= day","daily",NA,NA,NA
"2015-05-04",200,TRUE,"artefact","manual","<= day","daily",NA,NA,NA
"2015-05-05",198.338,FALSE,NA,NA,"<= day","daily",NA,NA,NA
"2015-05-06",197.87,FALSE,NA,NA,"<= day","daily",NA,NA,NA
"2015-05-07",193.001,FALSE,NA,NA,"<= day","daily",NA,NA,NA
"2015-05-08",188.107,FALSE,NA,NA,"<= day","daily",NA,NA,NA
"2015-05-09",190.159,FALSE,NA,NA,"<= day","daily",NA,NA,NA
"2015-05-10",191.255,FALSE,NA,NA,"<= day","daily",NA,NA,NA
"2015-05-11",189.397,FALSE,NA,NA,"<= day","daily",NA,NA,NA
"2015-05-12",190.208,FALSE,NA,NA,"<= day","daily",NA,NA,NA
"2015-05-13",193.33,FALSE,NA,NA,"<= day","daily",NA,NA,NA
"2015-05-14",196.633,FALSE,NA,NA,"<= day","daily",NA,NA,NA
"2015-05-15",193.03,FALSE,NA,NA,"<= day","daily",NA,NA,NA
"2015-05-16",181.935,FALSE,NA,NA,"<= day","daily",NA,NA,NA
"2015-05-17",181.911,FALSE,NA,NA,"<= day","daily",NA,NA,NA
"2015-05-18",187.433,FALSE,NA,NA,"<= day","daily",NA,NA,NA
"2015-05-19",189.066,FALSE,NA,NA,"<= day","daily",NA,NA,NA
"2015-05-20",182.556,FALSE,NA,NA,"<= day","daily",NA,NA,NA
"2015-05-21",158.48,FALSE,NA,NA,"<= day","daily",NA,NA,NA
"2015-05-22",139.491,FALSE,NA,NA,"<= day","daily",NA,NA,NA
"2015-05-23",140.894,FALSE,NA,NA,"<= day","daily",NA,NA,NA
"2015-05-24",157.569,FALSE,NA,NA,"<= day","daily",NA,NA,NA
"2015-05-25",173.438,FALSE,NA,NA,"<= day","daily",NA,NA,NA
"2015-05-26",175.527,FALSE,NA,NA,"<= day","daily",NA,NA,NA
"2015-05-27",168.9,FALSE,NA,NA,"<= day","daily",NA,NA,NA
"2015-05-28",167.495,FALSE,NA,NA,"<= day","daily",NA,NA,NA
"2015-05-29",176.964,FALSE,NA,NA,"<= day","daily",NA,NA,NA
"2015-05-30",187.483,FALSE,NA,NA,"<= day","daily",NA,NA,NA
"2015-05-31",187.419,FALSE,NA,NA,"<= day","daily",NA,NA,NA
"2015-06-01",187.566,FALSE,NA,NA,"<= day","daily",NA,NA,NA
"2015-06-02",190.049,FALSE,NA,NA,"<= day","daily",NA,NA,NA
"2015-06-03",189.068,FALSE,NA,NA,"<= day","daily",NA,NA,NA
"2015-06-04",190.794,FALSE,NA,NA,"<= day","daily",NA,NA,NA
"2015-06-05",190.798,FALSE,NA,NA,"<= day","daily",NA,NA,NA
"2015-06-06",190.187,FALSE,NA,NA,"<= day","daily",NA,NA,NA
"2015-06-07",189.733,FALSE,NA,NA,"<= day","daily",NA,NA,NA
"2015-06-08",187.634,FALSE,NA,NA,"<= day","daily",NA,NA,NA
"2015-06-09",186.203,FALSE,NA,NA,"<= day","daily",NA,NA,NA
"2015-06-10",186.361,FALSE,NA,NA,"<= day","daily",NA,NA,NA
"2015-06-11",186.868,FALSE,NA,NA,"<= day","daily",NA,NA,NA
"2015-06-12",185.172,FALSE,NA,NA,"<= day","daily",NA,NA,NA
"2015-06-13",184.401,FALSE,NA,NA,"<= day","daily",NA,NA,NA
"2015-06-14",185.135,FALSE,NA,NA,"<= day","daily",NA,NA,NA
"2015-06-15",185.648,FALSE,NA,NA,"<= day","daily",NA,NA,NA
"2015-06-16",183.907,FALSE,NA,NA,"<= day","daily",NA,NA,NA
"2015-06-17",184.447,FALSE,NA,NA,"<= day","daily",NA,NA,NA
"2015-06-18",181.148,FALSE,NA,NA,"<= day","daily",NA,NA,NA
"2015-06-19",190.571,FALSE,NA,NA,"<= day","daily",NA,NA,NA
"2015-06-20",177.351,FALSE,NA,NA,"<= day","daily",NA,NA,NA
"2015-06-21",151.317,FALSE,NA,NA,"<= day","daily",NA,NA,NA
"2015-06-22",161.775,FALSE,NA,NA,"<= day","daily",NA,NA,NA
"2015-06-23",189.993,FALSE,NA,NA,"<= day","daily",NA,NA,NA
"2015-06-24",174.964,FALSE,NA,NA,"<= day","daily",NA,NA,NA
"2015-06-25",167.829,FALSE,NA,NA,"<= day","daily",NA,NA,NA
"2015-06-26",168.004,FALSE,NA,NA,"<= day","daily",NA,NA,NA
"2015-06-27",170.61,FALSE,NA,NA,"<= day","daily",NA,NA,NA
"2015-06-28",166.392,FALSE,NA,NA,"<= day","daily",NA,NA,NA
"2015-06-29",173.309,FALSE,NA,NA,"<= day","daily",NA,NA,NA
"2015-06-30",172.458,FALSE,NA,NA,"<= day","daily",NA,NA,NA
"2015-07-01",177.338,FALSE,NA,NA,"<= day","daily",NA,NA,NA
"2015-07-02",176.36,FALSE,NA,NA,"<= day","daily",NA,NA,NA
"2015-07-03",175.637,FALSE,NA,NA,"<= day","daily",NA,NA,NA
"2015-07-04",173.356,FALSE,NA,NA,"<= day","daily",NA,NA,NA
"2015-07-05",171.77,FALSE,NA,NA,"<= day","daily",NA,NA,NA
"2015-07-06",172.627,FALSE,NA,NA,"<= day","daily",NA,NA,NA
"2015-07-07",166.905,FALSE,NA,NA,"<= day","daily",NA,NA,NA
"2015-07-08",173.293,FALSE,NA,NA,"<= day","daily",NA,NA,NA
"2015-07-09",142.502,FALSE,NA,NA,"<= day","daily",NA,NA,NA
"2015-07-10",126.953,FALSE,NA,NA,"<= day","daily",NA,NA,NA
"2015-07-11",132.792,FALSE,NA,NA,"<= day","daily",NA,NA,NA
"2015-07-12",134.097,FALSE,NA,NA,"<= day","daily",NA,NA,NA
"2015-07-13",131.374,FALSE,NA,NA,"<= day","daily",NA,NA,NA
"2015-07-14",128.268,FALSE,NA,NA,"<= day","daily",NA,NA,NA
"2015-07-15",127.178,FALSE,NA,NA,"<= day","daily",NA,NA,NA
"2015-07-16",130.882,FALSE,NA,NA,"<= day","daily",NA,NA,NA
"2015-07-17",129.273,FALSE,NA,NA,"<= day","daily",NA,NA,NA
"2015-07-18",123.717,FALSE,NA,NA,"<= day","daily",NA,NA,NA
"2015-07-19",144.115,FALSE,NA,NA,"<= day","daily",NA,NA,NA
"2015-07-20",146.784,FALSE,NA,NA,"<= day","daily",NA,NA,NA
"2015-07-21",130.637,FALSE,NA,NA,"<= day","daily",NA,NA,NA
"2015-07-22",128.863,FALSE,NA,NA,"<= day","daily",NA,NA,NA
"2015-07-23",139.191,FALSE,NA,NA,"<= day","daily",NA,NA,NA
"2015-07-24",128.049,FALSE,NA,NA,"<= day","daily",NA,NA,NA
"2015-07-25",171.272,FALSE,NA,NA,"<= day","daily",NA,NA,NA
"2015-07-26",121.432,FALSE,NA,NA,"<= day","daily",NA,NA,NA
"2015-07-27",165.578,FALSE,NA,NA,"<= day","daily",NA,NA,NA
"2015-07-28",123.265,FALSE,NA,NA,"<= day","daily",NA,NA,NA
"2015-07-29",132.87,FALSE,NA,NA,"<= day","daily",NA,NA,NA
"2015-07-30",136.874,FALSE,NA,NA,"<= day","daily",NA,NA,NA
"2015-07-31",121.703,FALSE,NA,NA,"<= day","daily",NA,NA,NA
"2015-08-01",156.347,FALSE,NA,NA,"<= day","daily",NA,NA,NA
"2015-08-02",151.966,FALSE,NA,NA,"<= day","daily",NA,NA,NA
"2015-08-03",128.581,FALSE,NA,NA,"<= day","daily",NA,NA,NA
"2015-08-04",123.152,FALSE,NA,NA,"<= day","daily",NA,NA,NA
"2015-08-05",123.037,FALSE,NA,NA,"<= day","daily",NA,NA,NA
"2015-08-06",121.056,FALSE,NA,NA,"<= day","daily",NA,NA,NA
"2015-08-07",121.814,FALSE,NA,NA,"<= day","daily",NA,NA,NA
"2015-08-08",121.187,FALSE,NA,NA,"<= day","daily",NA,NA,NA
"2015-08-09",139.863,FALSE,NA,NA,"<= day","daily",NA,NA,NA
"2015-08-10",157.633,FALSE,NA,NA,"<= day","daily",NA,NA,NA
"2015-08-11",123.094,FALSE,NA,NA,"<= day","daily",NA,NA,NA
"2015-08-12",121.066,FALSE,NA,NA,"<= day","daily",NA,NA,NA
"2015-08-13",120.429,FALSE,NA,NA,"<= day","daily",NA,NA,NA
"2015-08-14",136.653,FALSE,NA,NA,"<= day","daily",NA,NA,NA
"2015-08-15",145.971,FALSE,NA,NA,"<= day","daily",NA,NA,NA
"2015-08-16",158.036,FALSE,NA,NA,"<= day","daily",NA,NA,NA
"2015-08-17",127.379,FALSE,NA,NA,"<= day","daily",NA,NA,NA
"2015-08-18",122.251,FALSE,NA,NA,"<= day","daily",NA,NA,NA
"2015-08-19",121.153,FALSE,NA,NA,"<= day","daily",NA,NA,NA
"2015-08-20",120.716,FALSE,NA,NA,"<= day","daily",NA,NA,NA
"2015-08-21",119.279,FALSE,NA,NA,"<= day","daily",NA,NA,NA
"2015-08-22",119.519,FALSE,NA,NA,"<= day","daily",NA,NA,NA
"2015-08-23",119.792,FALSE,NA,NA,"<= day","daily",NA,NA,NA
"2015-08-24",138.724,FALSE,NA,NA,"<= day","daily",NA,NA,NA
"2015-08-25",144.21,FALSE,NA,NA,"<= day","daily",NA,NA,NA
"2015-08-26",124.798,FALSE,NA,NA,"<= day","daily",NA,NA,NA
"2015-08-27",123.292,FALSE,NA,NA,"<= day","daily",NA,NA,NA
"2015-08-28",122.641,FALSE,NA,NA,"<= day","daily",NA,NA,NA
"2015-08-29",121.901,FALSE,NA,NA,"<= day","daily",NA,NA,NA
"2015-08-30",120.908,FALSE,NA,NA,"<= day","daily",NA,NA,NA
"2015-08-31",118.386,FALSE,NA,NA,"<= day","daily",NA,NA,NA
"2016-05-01",132.918,FALSE,NA,NA,"<= day","daily",NA,NA,NA
"2016-05-02",133.65,FALSE,NA,NA,"<= day","daily",NA,NA,NA
"2016-05-03",135.653,FALSE,NA,NA,"<= day","daily",NA,NA,NA
"2016-05-04",135.887,FALSE,NA,NA,"<= day","daily",NA,NA,NA
"2016-05-05",140.11,FALSE,NA,NA,"<= day","daily",NA,NA,NA
"2016-05-06",146.468,FALSE,NA,NA,"<= day","daily",NA,NA,NA
"2016-05-07",150.161,FALSE,NA,NA,"<= day","daily",NA,NA,NA
"2016-05-08",162.461,FALSE,NA,NA,"<= day","daily",NA,NA,NA
"2016-05-09",168.443,FALSE,NA,NA,"<= day","daily",NA,NA,NA
"2016-05-10",184.849,FALSE,NA,NA,"<= day","daily",NA,NA,NA
"2016-05-11",191.575,FALSE,NA,NA,"<= day","daily",NA,NA,NA
"2016-05-12",188.526,FALSE,NA,NA,"<= day","daily",NA,NA,NA
"2016-05-13",168.069,FALSE,NA,NA,"<= day","daily",NA,NA,NA
"2016-05-14",171.229,FALSE,NA,NA,"<= day","daily",NA,NA,NA
"2016-05-15",155.712,FALSE,NA,NA,"<= day","daily",NA,NA,NA
"2016-05-16",142.699,FALSE,NA,NA,"<= day","daily",NA,NA,NA
"2016-05-17",140.286,FALSE,NA,NA,"<= day","daily",NA,NA,NA
"2016-05-18",144.606,FALSE,NA,NA,"<= day","daily",NA,NA,NA
"2016-05-19",152.24,FALSE,NA,NA,"<= day","daily",NA,NA,NA
"2016-05-20",142.813,FALSE,NA,NA,"<= day","daily",NA,NA,NA
"2016-05-21",156.781,FALSE,NA,NA,"<= day","daily",NA,NA,NA
"2016-05-22",185.459,FALSE,NA,NA,"<= day","daily",NA,NA,NA
"2016-05-23",189.697,FALSE,NA,NA,"<= day","daily",NA,NA,NA
"2016-05-24",164.868,FALSE,NA,NA,"<= day","daily",NA,NA,NA
"2016-05-25",149.938,FALSE,NA,NA,"<= day","daily",NA,NA,NA
"2016-05-26",171.469,FALSE,NA,NA,"<= day","daily",NA,NA,NA
"2016-05-27",185.614,FALSE,NA,NA,"<= day","daily",NA,NA,NA
"2016-05-28",193.24,FALSE,NA,NA,"<= day","daily",NA,NA,NA
"2016-05-29",198.366,FALSE,NA,NA,"<= day","daily",NA,NA,NA
"2016-05-30",195.691,FALSE,NA,NA,"<= day","daily",NA,NA,NA
"2016-05-31",191.447,FALSE,NA,NA,"<= day","daily",NA,NA,NA
"2016-06-01",190.909,FALSE,NA,NA,"<= day","daily",NA,NA,NA
"2016-06-02",191.908,FALSE,NA,NA,"<= day","daily",NA,NA,NA
"2016-06-03",189.284,FALSE,NA,NA,"<= day","daily",NA,NA,NA
"2016-06-04",192.284,FALSE,NA,NA,"<= day","daily",NA,NA,NA
"2016-06-05",192.309,FALSE,NA,NA,"<= day","daily",NA,NA,NA
"2016-06-06",192.801,FALSE,NA,NA,"<= day","daily",NA,NA,NA
"2016-06-07",196.85,FALSE,NA,NA,"<= day","daily",NA,NA,NA
"2016-06-08",194.478,FALSE,NA,NA,"<= day","daily",NA,NA,NA
"2016-06-09",194.649,FALSE,NA,NA,"<= day","daily",NA,NA,NA
"2016-06-10",190.493,FALSE,NA,NA,"<= day","daily",NA,NA,NA
"2016-06-11",196.799,FALSE,NA,NA,"<= day","daily",NA,NA,NA
"2016-06-12",190.091,FALSE,NA,NA,"<= day","daily",NA,NA,NA
"2016-06-13",190.059,FALSE,NA,NA,"<= day","daily",NA,NA,NA
"2016-06-14",192.144,FALSE,NA,NA,"<= day","daily",NA,NA,NA
"2016-06-15",187.732,FALSE,NA,NA,"<= day","daily",NA,NA,NA
"2016-06-16",189.463,FALSE,NA,NA,"<= day","daily",NA,NA,NA
"2016-06-17",189.61,FALSE,NA,NA,"<= day","daily",NA,NA,NA
"2016-06-18",184.308,FALSE,NA,NA,"<= day","daily",NA,NA,NA
"2016-06-19",187.49,FALSE,NA,NA,"<= day","daily",NA,NA,NA
"2016-06-20",183.95,FALSE,NA,NA,"<= day","daily",NA,NA,NA
"2016-06-21",192.257,FALSE,NA,NA,"<= day","daily",NA,NA,NA
"2016-06-22",193.869,FALSE,NA,NA,"<= day","daily",NA,NA,NA
"2016-06-23",194.294,FALSE,NA,NA,"<= day","daily",NA,NA,NA
"2016-06-24",194.516,FALSE,NA,NA,"<= day","daily",NA,NA,NA
"2016-06-25",194.265,FALSE,NA,NA,"<= day","daily",NA,NA,NA
"2016-06-26",189.859,FALSE,NA,NA,"<= day","daily",NA,NA,NA
"2016-06-27",186.695,FALSE,NA,NA,"<= day","daily",NA,NA,NA
"2016-06-28",186.031,FALSE,NA,NA,"<= day","daily",NA,NA,NA
"2016-06-29",187.145,FALSE,NA,NA,"<= day","daily",NA,NA,NA
"2016-06-30",192.687,FALSE,NA,NA,"<= day","daily",NA,NA,NA
"2016-07-01",187.062,FALSE,NA,NA,"<= day","daily",NA,NA,NA
"2016-07-02",189.723,FALSE,NA,NA,"<= day","daily",NA,NA,NA
"2016-07-03",185.53,FALSE,NA,NA,"<= day","daily",NA,NA,NA
"2016-07-04",183.761,FALSE,NA,NA,"<= day","daily",NA,NA,NA
"2016-07-05",182.461,FALSE,NA,NA,"<= day","daily",NA,NA,NA
"2016-07-06",182.285,FALSE,NA,NA,"<= day","daily",NA,NA,NA
"2016-07-07",180.667,FALSE,NA,NA,"<= day","daily",NA,NA,NA
"2016-07-08",180.848,FALSE,NA,NA,"<= day","daily",NA,NA,NA
"2016-07-09",183.168,FALSE,NA,NA,"<= day","daily",NA,NA,NA
"2016-07-10",183.143,FALSE,NA,NA,"<= day","daily",NA,NA,NA
"2016-07-11",181.686,FALSE,NA,NA,"<= day","daily",NA,NA,NA
"2016-07-12",188.845,FALSE,NA,NA,"<= day","daily",NA,NA,NA
"2016-07-13",181.2,FALSE,NA,NA,"<= day","daily",NA,NA,NA
"2016-07-14",177.823,FALSE,NA,NA,"<= day","daily",NA,NA,NA
"2016-07-15",157.18,FALSE,NA,NA,"<= day","daily",NA,NA,NA
"2016-07-16",139.285,FALSE,NA,NA,"<= day","daily",NA,NA,NA
"2016-07-17",154.904,FALSE,NA,NA,"<= day","daily",NA,NA,NA
"2016-07-18",173.539,FALSE,NA,NA,"<= day","daily",NA,NA,NA
"2016-07-19",175.3,FALSE,NA,NA,"<= day","daily",NA,NA,NA
"2016-07-20",176.469,FALSE,NA,NA,"<= day","daily",NA,NA,NA
"2016-07-21",167.225,FALSE,NA,NA,"<= day","daily",NA,NA,NA
"2016-07-22",176.722,FALSE,NA,NA,"<= day","daily",NA,NA,NA
"2016-07-23",180.029,FALSE,NA,NA,"<= day","daily",NA,NA,NA
"2016-07-24",175.747,FALSE,NA,NA,"<= day","daily",NA,NA,NA
"2016-07-25",174.054,FALSE,NA,NA,"<= day","daily",NA,NA,NA
"2016-07-26",173.61,FALSE,NA,NA,"<= day","daily",NA,NA,NA
"2016-07-27",171.975,FALSE,NA,NA,"<= day","daily",NA,NA,NA
"2016-07-28",169.981,FALSE,NA,NA,"<= day","daily",NA,NA,NA
"2016-07-29",163.749,FALSE,NA,NA,"<= day","daily",NA,NA,NA
"2016-07-30",166.638,FALSE,NA,NA,"<= day","daily",NA,NA,NA
"2016-07-31",180.43,FALSE,NA,NA,"<= day","daily",NA,NA,NA
"2016-08-01",177.243,FALSE,NA,NA,"<= day","daily",NA,NA,NA
"2016-08-02",154.087,FALSE,NA,NA,"<= day","daily",NA,NA,NA
"2016-08-03",153.456,FALSE,NA,NA,"<= day","daily",NA,NA,NA
"2016-08-04",151.386,FALSE,NA,NA,"<= day","daily",NA,NA,NA
"2016-08-05",182.65,FALSE,NA,NA,"<= day","daily",NA,NA,NA
"2016-08-06",163.84,FALSE,NA,NA,"<= day","daily",NA,NA,NA
"2016-08-07",142.084,FALSE,NA,NA,"<= day","daily",NA,NA,NA
"2016-08-08",140.353,FALSE,NA,NA,"<= day","daily",NA,NA,NA
"2016-08-09",148.322,FALSE,NA,NA,"<= day","daily",NA,NA,NA
"2016-08-10",160.609,FALSE,NA,NA,"<= day","daily",NA,NA,NA
"2016-08-11",127.134,FALSE,NA,NA,"<= day","daily",NA,NA,NA
"2016-08-12",127.591,FALSE,NA,NA,"<= day","daily",NA,NA,NA
"2016-08-13",133.28,FALSE,NA,NA,"<= day","daily",NA,NA,NA
"2016-08-14",136.235,FALSE,NA,NA,"<= day","daily",NA,NA,NA
"2016-08-15",134.731,FALSE,NA,NA,"<= day","daily",NA,NA,NA
"2016-08-16",128.441,FALSE,NA,NA,"<= day","daily",NA,NA,NA
"2016-08-17",135.375,FALSE,NA,NA,"<= day","daily",NA,NA,NA
"2016-08-18",152.008,FALSE,NA,NA,"<= day","daily",NA,NA,NA
"2016-08-19",150.198,FALSE,NA,NA,"<= day","daily",NA,NA,NA
"2016-08-20",127.193,FALSE,NA,NA,"<= day","daily",NA,NA,NA
"2016-08-21",132.9,FALSE,NA,NA,"<= day","daily",NA,NA,NA
"2016-08-22",125.227,FALSE,NA,NA,"<= day","daily",NA,NA,NA
"2016-08-23",128.091,FALSE,NA,NA,"<= day","daily",NA,NA,NA
"2016-08-24",126.942,FALSE,NA,NA,"<= day","daily",NA,NA,NA
"2016-08-25",127.762,FALSE,NA,NA,"<= day","daily",NA,NA,NA
"2016-08-26",126.199,FALSE,NA,NA,"<= day","daily",NA,NA,NA
"2016-08-27",125.747,FALSE,NA,NA,"<= day","daily",NA,NA,NA
"2016-08-28",126.852,FALSE,NA,NA,"<= day","daily",NA,NA,NA
"2016-08-29",124.486,FALSE,NA,NA,"<= day","daily",NA,NA,NA
"2016-08-30",122.234,FALSE,NA,NA,"<= day","daily",NA,NA,NA
"2016-08-31",120.66,FALSE,NA,NA,"<= day","daily",NA,NA,NA
"2016-09-01",123.111,FALSE,NA,NA,"<= day","daily",NA,NA,NA
"2016-09-02",119.863,FALSE,NA,NA,"<= day","daily",NA,NA,NA
"2016-09-03",116.992,FALSE,NA,NA,"<= day","daily",NA,NA,NA
"2016-09-04",117.655,FALSE,NA,NA,"<= day","daily",NA,NA,NA
"2016-09-05",189.697,FALSE,NA,NA,"<= day","daily",NA,NA,NA
"2016-09-06",163.286,FALSE,NA,NA,"<= day","daily",NA,NA,NA
"2016-09-07",127.573,FALSE,NA,NA,"<= day","daily",NA,NA,NA
"2016-09-08",125.155,FALSE,NA,NA,"<= day","daily",NA,NA,NA
"2016-09-09",124.431,FALSE,NA,NA,"<= day","daily",NA,NA,NA
"2016-09-10",122.867,FALSE,NA,NA,"<= day","daily",NA,NA,NA
"2016-09-11",122.302,FALSE,NA,NA,"<= day","daily",NA,NA,NA
"2016-09-12",120.515,FALSE,NA,NA,"<= day","daily",NA,NA,NA
"2016-09-13",120.377,FALSE,NA,NA,"<= day","daily",NA,NA,NA
"2016-09-14",120.39,FALSE,NA,NA,"<= day","daily",NA,NA,NA
"2016-09-15",120.802,FALSE,NA,NA,"<= day","daily",NA,NA,NA
"2016-09-16",119.508,FALSE,NA,NA,"<= day","daily",NA,NA,NA
"2016-09-17",124.664,FALSE,NA,NA,"<= day","daily",NA,NA,NA
"2016-09-18",124.475,FALSE,NA,NA,"<= day","daily",NA,NA,NA
"2016-09-19",156.545,FALSE,NA,NA,"<= day","daily",NA,NA,NA
"2016-09-20",126.307,FALSE,NA,NA,"<= day","daily",NA,NA,NA
"2016-09-21",118.139,FALSE,NA,NA,"<= day","daily",NA,NA,NA
"2016-09-22",114.167,FALSE,NA,NA,"<= day","daily",NA,NA,NA
"2016-09-23",112.529,FALSE,NA,NA,"<= day","daily",NA,NA,NA
"2016-09-24",110.935,FALSE,NA,NA,"<= day","daily",NA,NA,NA
"2016-09-25",110.609,FALSE,NA,NA,"<= day","daily",NA,NA,NA
"2016-09-26",110.617,FALSE,NA,NA,"<= day","daily",NA,NA,NA
"2016-09-27",110.323,FALSE,NA,NA,"<= day","daily",NA,NA,NA
"2016-09-28",103.624,FALSE,NA,NA,"<= day","daily",NA,NA,NA
"2016-09-29",106.139,FALSE,NA,NA,"<= day","daily",NA,NA,NA
"2016-09-30",104.519,FALSE,NA,NA,"<= day","daily",NA,NA,NA
"2016-10-01",100.061,FALSE,NA,NA,"<= day","daily",NA,NA,NA
"2016-10-02",101.039,FALSE,NA,NA,"<= day","daily",NA,NA,NA
"2016-10-03",119.86,FALSE,NA,NA,"<= day","daily",NA,NA,NA
"2016-10-04",104.021,FALSE,NA,NA,"<= day","daily",NA,NA,NA
"2016-10-05",85.381,FALSE,NA,NA,"<= day","daily",NA,NA,NA
"2016-10-06",78.281,FALSE,NA,NA,"<= day","daily",NA,NA,NA
"2016-10-07",72.937,FALSE,NA,NA,"<= day","daily",NA,NA,NA
"2016-10-08",68.418,FALSE,NA,NA,"<= day","daily",NA,NA,NA
"2016-10-09",66.426,FALSE,NA,NA,"<= day","daily",NA,NA,NA
"2016-10-10",63.359,FALSE,NA,NA,"<= day","daily",NA,NA,NA
"2016-10-11",61.98,FALSE,NA,NA,"<= day","daily",NA,NA,NA
"2016-10-12",58.424,FALSE,NA,NA,"<= day","daily",NA,NA,NA
"2016-10-13",58.033,FALSE,NA,NA,"<= day","daily",NA,NA,NA
"2016-10-14",80.428,FALSE,NA,NA,"<= day","daily",NA,NA,NA
"2016-10-15",113.501,FALSE,NA,NA,"<= day","daily",NA,NA,NA
"2016-10-16",113.516,FALSE,NA,NA,"<= day","daily",NA,NA,NA
"2016-10-17",100.17,FALSE,NA,NA,"<= day","daily",NA,NA,NA
"2016-10-18",129.584,FALSE,NA,NA,"<= day","daily",NA,NA,NA
"2016-10-19",123.091,FALSE,NA,NA,"<= day","daily",NA,NA,NA
"2016-10-20",104.955,FALSE,NA,NA,"<= day","daily",NA,NA,NA
"2016-10-21",90.427,FALSE,NA,NA,"<= day","daily",NA,NA,NA
"2016-10-22",82.102,FALSE,NA,NA,"<= day","daily",NA,NA,NA
"2016-10-23",77.761,FALSE,NA,NA,"<= day","daily",NA,NA,NA
"2016-10-24",77.143,FALSE,NA,NA,"<= day","daily",NA,NA,NA
"2016-10-25",137.879,FALSE,NA,NA,"<= day","daily",NA,NA,NA
"2016-10-26",193.439,FALSE,NA,NA,"<= day","daily",NA,NA,NA
"2016-10-27",160.442,FALSE,NA,NA,"<= day","daily",NA,NA,NA
"2016-10-28",138.576,FALSE,NA,NA,"<= day","daily",NA,NA,NA
"2016-10-29",131.784,FALSE,NA,NA,"<= day","daily",NA,NA,NA
"2016-10-30",127.547,FALSE,NA,NA,"<= day","daily",NA,NA,NA
"2016-10-31",122.91,FALSE,NA,NA,"<= day","daily",NA,NA,NA
"2016-11-01",116.844,FALSE,NA,NA,"<= day","daily",NA,NA,NA
"2016-11-02",110.485,FALSE,NA,NA,"<= day","daily",NA,NA,NA
"2016-11-03",104.382,FALSE,NA,NA,"<= day","daily",NA,NA,NA
"2016-11-04",97.784,FALSE,NA,NA,"<= day","daily",NA,NA,NA
"2016-11-05",110.078,FALSE,NA,NA,"<= day","daily",NA,NA,NA
"2016-11-06",115.647,FALSE,NA,NA,"<= day","daily",NA,NA,NA
"2016-11-07",107.445,FALSE,NA,NA,"<= day","daily",NA,NA,NA
"2016-11-08",104.352,FALSE,NA,NA,"<= day","daily",NA,NA,NA
"2016-11-09",100.603,FALSE,NA,NA,"<= day","daily",NA,NA,NA
"2016-11-10",104.677,FALSE,NA,NA,"<= day","daily",NA,NA,NA
"2016-11-11",100.468,FALSE,NA,NA,"<= day","daily",NA,NA,NA
"2016-11-12",109.225,FALSE,NA,NA,"<= day","daily",NA,NA,NA
"2016-11-13",104.738,FALSE,NA,NA,"<= day","daily",NA,NA,NA
"2016-11-14",102.585,FALSE,NA,NA,"<= day","daily",NA,NA,NA
"2016-11-15",103.06,FALSE,NA,NA,"<= day","daily",NA,NA,NA
"2016-11-16",108.018,FALSE,NA,NA,"<= day","daily",NA,NA,NA
"2016-11-17",128.535,FALSE,NA,NA,"<= day","daily",NA,NA,NA
"2016-11-18",125.093,FALSE,NA,NA,"<= day","daily",NA,NA,NA
"2016-11-19",121.346,FALSE,NA,NA,"<= day","daily",NA,NA,NA
"2016-11-20",114.407,FALSE,NA,NA,"<= day","daily",NA,NA,NA
"2016-11-21",114.281,FALSE,NA,NA,"<= day","daily",NA,NA,NA
"2016-11-22",121.7,FALSE,NA,NA,"<= day","daily",NA,NA,NA
"2016-11-23",131.776,FALSE,NA,NA,"<= day","daily",NA,NA,NA
"2016-11-24",136.469,FALSE,NA,NA,"<= day","daily",NA,NA,NA
"2016-11-25",136.847,FALSE,NA,NA,"<= day","daily",NA,NA,NA
"2016-11-26",130.83,FALSE,NA,NA,"<= day","daily",NA,NA,NA
"2016-11-27",120.255,FALSE,NA,NA,"<= day","daily",NA,NA,NA
"2016-11-28",115.81,FALSE,NA,NA,"<= day","daily",NA,NA,NA
"2016-11-29",108.162,FALSE,NA,NA,"<= day","daily",NA,NA,NA
"2016-11-30",101.834,FALSE,NA,NA,"<= day","daily",NA,NA,NA
"2016-12-01",100.75,FALSE,NA,NA,"<= day","daily",NA,NA,NA
"2016-12-02",97.932,FALSE,NA,NA,"<= day","daily",NA,NA,NA
"2016-12-03",93.627,FALSE,NA,NA,"<= day","daily",NA,NA,NA
"2016-12-04",89.328,FALSE,NA,NA,"<= day","daily",NA,NA,NA
"2016-12-05",88.316,FALSE,NA,NA,"<= day","daily",NA,NA,NA
"2016-12-06",83.726,FALSE,NA,NA,"<= day","daily",NA,NA,NA
"2016-12-07",81.477,FALSE,NA,NA,"<= day","daily",NA,NA,NA
"2016-12-08",80.004,FALSE,NA,NA,"<= day","daily",NA,NA,NA
"2016-12-09",76.786,FALSE,NA,NA,"<= day","daily",NA,NA,NA
"2016-12-10",81.484,FALSE,NA,NA,"<= day","daily",NA,NA,NA
"2016-12-11",77.656,FALSE,NA,NA,"<= day","daily",NA,NA,NA
"2016-12-12",71.993,FALSE,NA,NA,"<= day","daily",NA,NA,NA
"2016-12-13",69.313,FALSE,NA,NA,"<= day","daily",NA,NA,NA
"2016-12-14",67.78,FALSE,NA,NA,"<= day","daily",NA,NA,NA
"2016-12-15",66.063,FALSE,NA,NA,"<= day","daily",NA,NA,NA
"2016-12-16",64.26,FALSE,NA,NA,"<= day","daily",NA,NA,NA
"2016-12-17",60.551,FALSE,NA,NA,"<= day","daily",NA,NA,NA
"2016-12-18",59.509,FALSE,NA,NA,"<= day","daily",NA,NA,NA
"2016-12-19",58.483,FALSE,NA,NA,"<= day","daily",NA,NA,NA
"2016-12-20",55.337,FALSE,NA,NA,"<= day","daily",NA,NA,NA
"2016-12-21",59.692,FALSE,NA,NA,"<= day","daily",NA,NA,NA
"2016-12-22",60.61,FALSE,NA,NA,"<= day","daily",NA,NA,NA
"2016-12-23",62.299,FALSE,NA,NA,"<= day","daily",NA,NA,NA
"2016-12-24",60.811,FALSE,NA,NA,"<= day","daily",NA,NA,NA
"2016-12-25",60.336,FALSE,NA,NA,"<= day","daily",NA,NA,NA
"2016-12-26",70.518,FALSE,NA,NA,"<= day","daily",NA,NA,NA
"2016-12-27",65.931,FALSE,NA,NA,"<= day","daily",NA,NA,NA
"2016-12-28",60.83,FALSE,NA,NA,"<= day","daily",NA,NA,NA
"2016-12-29",59.208,FALSE,NA,NA,"<= day","daily",NA,NA,NA
"2016-12-30",57.489,FALSE,NA,NA,"<= day","daily",NA,NA,NA
"2016-12-31",54.072,FALSE,NA,NA,"<= day","daily",NA,NA,NA
"2017-01-01",52.917,FALSE,NA,NA,"<= day","daily",NA,NA,NA
"2017-01-02",50.013,FALSE,NA,NA,"<= day","daily",NA,NA,NA
"2017-01-03",47.01,FALSE,NA,NA,"<= day","daily",NA,NA,NA
"2017-01-04",43.39,FALSE,NA,NA,"<= day","daily",NA,NA,NA
"2017-01-05",41.79,FALSE,NA,NA,"<= day","daily",NA,NA,NA
"2017-01-06",41.417,FALSE,NA,NA,"<= day","daily",NA,NA,NA
"2017-01-07",40.523,FALSE,NA,NA,"<= day","daily",NA,NA,NA
"2017-01-08",41.646,FALSE,NA,NA,"<= day","daily",NA,NA,NA
"2017-01-09",41.614,FALSE,NA,NA,"<= day","daily",NA,NA,NA
"2017-01-10",41.034,FALSE,NA,NA,"<= day","daily",NA,NA,NA
"2017-01-11",39.788,FALSE,NA,NA,"<= day","daily",NA,NA,NA
"2017-01-12",39.558,FALSE,NA,NA,"<= day","daily",NA,NA,NA
"2017-01-13",39.475,FALSE,NA,NA,"<= day","daily",NA,NA,NA
"2017-01-14",38.777,FALSE,NA,NA,"<= day","daily",NA,NA,NA
"2017-01-15",38.115,FALSE,NA,NA,"<= day","daily",NA,NA,NA
"2017-01-16",37.509,FALSE,NA,NA,"<= day","daily",NA,NA,NA
"2017-01-17",36.79,FALSE,NA,NA,"<= day","daily",NA,NA,NA
"2017-01-18",36.404,FALSE,NA,NA,"<= day","daily",NA,NA,NA
"2017-01-19",36.16,FALSE,NA,NA,"<= day","daily",NA,NA,NA
"2017-01-20",35.974,FALSE,NA,NA,"<= day","daily",NA,NA,NA
"2017-01-21",36.725,FALSE,NA,NA,"<= day","daily",NA,NA,NA
"2017-01-22",36.266,FALSE,NA,NA,"<= day","daily",NA,NA,NA
"2017-01-23",35.687,FALSE,NA,NA,"<= day","daily",NA,NA,NA
"2017-01-24",36.674,FALSE,NA,NA,"<= day","daily",NA,NA,NA
"2017-01-25",37.111,FALSE,NA,NA,"<= day","daily",NA,NA,NA
"2017-01-26",37.886,FALSE,NA,NA,"<= day","daily",NA,NA,NA
"2017-01-27",37.149,FALSE,NA,NA,"<= day","daily",NA,NA,NA
"2017-01-28",35.584,FALSE,NA,NA,"<= day","daily",NA,NA,NA
"2017-01-29",39.159,FALSE,NA,NA,"<= day","daily",NA,NA,NA
"2017-01-30",40.071,FALSE,NA,NA,"<= day","daily",NA,NA,NA
"2017-01-31",41.503,FALSE,NA,NA,"<= day","daily",NA,NA,NA
"2017-02-01",82.667,FALSE,NA,NA,"<= day","daily",NA,NA,NA
"2017-02-02",67.696,FALSE,NA,NA,"<= day","daily",NA,NA,NA
"2017-02-03",56.32,FALSE,NA,NA,"<= day","daily",NA,NA,NA
"2017-02-04",47.607,FALSE,NA,NA,"<= day","daily",NA,NA,NA
"2017-02-05",42.618,FALSE,NA,NA,"<= day","daily",NA,NA,NA
"2017-02-06",40.118,FALSE,NA,NA,"<= day","daily",NA,NA,NA
"2017-02-07",38.111,FALSE,NA,NA,"<= day","daily",NA,NA,NA
"2017-02-08",37.542,FALSE,NA,NA,"<= day","daily",NA,NA,NA
"2017-02-09",38.136,FALSE,NA,NA,"<= day","daily",NA,NA,NA
"2017-02-10",38.599,FALSE,NA,NA,"<= day","daily",NA,NA,NA
"2017-02-11",36.779,FALSE,NA,NA,"<= day","daily",NA,NA,NA
"2017-02-12",37.696,FALSE,NA,NA,"<= day","daily",NA,NA,NA
"2017-02-13",41.052,FALSE,NA,NA,"<= day","daily",NA,NA,NA
"2017-02-14",50.135,FALSE,NA,NA,"<= day","daily",NA,NA,NA
"2017-02-15",55.975,FALSE,NA,NA,"<= day","daily",NA,NA,NA
"2017-02-16",59.621,FALSE,NA,NA,"<= day","daily",NA,NA,NA
"2017-02-17",56.405,FALSE,NA,NA,"<= day","daily",NA,NA,NA
"2017-02-18",48.131,FALSE,NA,NA,"<= day","daily",NA,NA,NA
"2017-02-19",48.185,FALSE,NA,NA,"<= day","daily",NA,NA,NA
"2017-02-20",49.42,FALSE,NA,NA,"<= day","daily",NA,NA,NA
"2017-02-21",51.592,FALSE,NA,NA,"<= day","daily",NA,NA,NA
"2017-02-22",64.886,FALSE,NA,NA,"<= day","daily",NA,NA,NA
"2017-02-23",71.456,FALSE,NA,NA,"<= day","daily",NA,NA,NA
"2017-02-24",66.273,FALSE,NA,NA,"<= day","daily",NA,NA,NA
"2017-02-25",54.327,FALSE,NA,NA,"<= day","daily",NA,NA,NA
"2017-02-26",55.261,FALSE,NA,NA,"<= day","daily",NA,NA,NA
"2017-02-27",68.635,FALSE,NA,NA,"<= day","daily",NA,NA,NA
"2017-02-28",64.613,FALSE,NA,NA,"<= day","daily",NA,NA,NA
"2017-03-01",55.687,FALSE,NA,NA,"<= day","daily",NA,NA,NA
"2017-03-02",47.933,FALSE,NA,NA,"<= day","daily",NA,NA,NA
"2017-03-03",45.556,FALSE,NA,NA,"<= day","daily",NA,NA,NA
"2017-03-04",44.459,FALSE,NA,NA,"<= day","daily",NA,NA,NA
"2017-03-05",42.194,FALSE,NA,NA,"<= day","daily",NA,NA,NA
"2017-03-06",43.425,FALSE,NA,NA,"<= day","daily",NA,NA,NA
"2017-03-07",42.609,FALSE,NA,NA,"<= day","daily",NA,NA,NA
"2017-03-08",39.992,FALSE,NA,NA,"<= day","daily",NA,NA,NA
"2017-03-09",93.41,FALSE,NA,NA,"<= day","daily",NA,NA,NA
"2017-03-10",134.079,FALSE,NA,NA,"<= day","daily",NA,NA,NA
"2017-03-11",105.345,FALSE,NA,NA,"<= day","daily",NA,NA,NA
"2017-03-12",105.603,FALSE,NA,NA,"<= day","daily",NA,NA,NA
"2017-03-13",107.836,FALSE,NA,NA,"<= day","daily",NA,NA,NA
"2017-03-14",106.355,FALSE,NA,NA,"<= day","daily",NA,NA,NA
"2017-03-15",101.568,FALSE,NA,NA,"<= day","daily",NA,NA,NA
"2017-03-16",111.831,FALSE,NA,NA,"<= day","daily",NA,NA,NA
"2017-03-17",131.921,FALSE,NA,NA,"<= day","daily",NA,NA,NA
"2017-03-18",137.296,FALSE,NA,NA,"<= day","daily",NA,NA,NA
"2017-03-19",143.611,FALSE,NA,NA,"<= day","daily",NA,NA,NA
"2017-03-20",143.879,FALSE,NA,NA,"<= day","daily",NA,NA,NA
"2017-03-21",139.773,FALSE,NA,NA,"<= day","daily",NA,NA,NA
"2017-03-22",134.945,FALSE,NA,NA,"<= day","daily",NA,NA,NA
"2017-03-23",132.14,FALSE,NA,NA,"<= day","daily",NA,NA,NA
"2017-03-24",128.076,FALSE,NA,NA,"<= day","daily",NA,NA,NA
"2017-03-25",130.589,FALSE,NA,NA,"<= day","daily",NA,NA,NA
"2017-03-26",134.005,FALSE,NA,NA,"<= day","daily",NA,NA,NA
"2017-03-27",131.541,FALSE,NA,NA,"<= day","daily",NA,NA,NA
"2017-03-28",138.325,FALSE,NA,NA,"<= day","daily",NA,NA,NA
"2017-03-29",141.157,FALSE,NA,NA,"<= day","daily",NA,NA,NA
"2017-03-30",143.219,FALSE,NA,NA,"<= day","daily",NA,NA,NA
"2017-03-31",144.131,FALSE,NA,NA,"<= day","daily",NA,NA,NA
"2017-04-01",144.478,FALSE,NA,NA,"<= day","daily",NA,NA,NA
"2017-04-02",139.715,FALSE,NA,NA,"<= day","daily",NA,NA,NA
"2017-04-03",139.239,FALSE,NA,NA,"<= day","daily",NA,NA,NA
"2017-04-04",143.968,FALSE,NA,NA,"<= day","daily",NA,NA,NA
"2017-04-05",137.788,FALSE,NA,NA,"<= day","daily",NA,NA,NA
"2017-04-06",133.144,FALSE,NA,NA,"<= day","daily",NA,NA,NA
"2017-04-07",136.314,FALSE,NA,NA,"<= day","daily",NA,NA,NA
"2017-04-08",143.12,FALSE,NA,NA,"<= day","daily",NA,NA,NA
"2017-04-09",148.707,FALSE,NA,NA,"<= day","daily",NA,NA,NA
"2017-04-10",148.713,FALSE,NA,NA,"<= day","daily",NA,NA,NA
"2017-04-11",147.821,FALSE,NA,NA,"<= day","daily",NA,NA,NA
"2017-04-12",151.389,FALSE,NA,NA,"<= day","daily",NA,NA,NA
"2017-04-13",153.419,FALSE,NA,NA,"<= day","daily",NA,NA,NA
"2017-04-14",153.8,FALSE,NA,NA,"<= day","daily",NA,NA,NA
"2017-04-15",148.575,FALSE,NA,NA,"<= day","daily",NA,NA,NA
"2017-04-16",142.259,FALSE,NA,NA,"<= day","daily",NA,NA,NA
"2017-04-17",139.091,FALSE,NA,NA,"<= day","daily",NA,NA,NA
"2017-04-18",134.402,FALSE,NA,NA,"<= day","daily",NA,NA,NA
"2017-04-19",130.484,FALSE,NA,NA,"<= day","daily",NA,NA,NA
"2017-04-20",127.309,FALSE,NA,NA,"<= day","daily",NA,NA,NA
"2017-04-21",125.363,FALSE,NA,NA,"<= day","daily",NA,NA,NA
"2017-04-22",126.973,FALSE,NA,NA,"<= day","daily",NA,NA,NA
"2017-04-23",132.276,FALSE,NA,NA,"<= day","daily",NA,NA,NA
"2017-04-24",137.768,FALSE,NA,NA,"<= day","daily",NA,NA,NA
"2017-04-25",138.666,FALSE,NA,NA,"<= day","daily",NA,NA,NA
"2017-04-26",139.34,FALSE,NA,NA,"<= day","daily",NA,NA,NA
"2017-04-27",132.724,FALSE,NA,NA,"<= day","daily",NA,NA,NA
"2017-04-28",127.735,FALSE,NA,NA,"<= day","daily",NA,NA,NA
"2017-04-29",126.556,FALSE,NA,NA,"<= day","daily",NA,NA,NA
"2017-04-30",128.26,FALSE,NA,NA,"<= day","daily",NA,NA,NA
"2017-05-01",127.53,FALSE,NA,NA,"<= day","daily",NA,NA,NA
"2017-05-02",124.569,FALSE,NA,NA,"<= day","daily",NA,NA,NA
"2017-05-03",122.948,FALSE,NA,NA,"<= day","daily",NA,NA,NA
"2017-05-04",122.248,FALSE,NA,NA,"<= day","daily",NA,NA,NA
"2017-05-05",123.123,FALSE,NA,NA,"<= day","daily",NA,NA,NA
"2017-05-06",129.728,FALSE,NA,NA,"<= day","daily",NA,NA,NA
"2017-05-07",133.219,FALSE,NA,NA,"<= day","daily",NA,NA,NA
"2017-05-08",130.471,FALSE,NA,NA,"<= day","daily",NA,NA,NA
"2017-05-09",130.832,FALSE,NA,NA,"<= day","daily",NA,NA,NA
"2017-05-10",136.099,FALSE,NA,NA,"<= day","daily",NA,NA,NA
"2017-05-11",137.929,FALSE,NA,NA,"<= day","daily",NA,NA,NA
"2017-05-12",138.841,FALSE,NA,NA,"<= day","daily",NA,NA,NA
"2017-05-13",162.854,FALSE,NA,NA,"<= day","daily",NA,NA,NA
"2017-05-14",183.102,FALSE,NA,NA,"<= day","daily",NA,NA,NA
"2017-05-15",185.545,FALSE,NA,NA,"<= day","daily",NA,NA,NA
"2017-05-16",185.037,FALSE,NA,NA,"<= day","daily",NA,NA,NA
"2017-05-17",188.381,FALSE,NA,NA,"<= day","daily",NA,NA,NA
"2017-05-18",190.265,FALSE,NA,NA,"<= day","daily",NA,NA,NA
"2017-05-19",189.252,FALSE,NA,NA,"<= day","daily",NA,NA,NA
"2017-05-20",171.862,FALSE,NA,NA,"<= day","daily",NA,NA,NA
"2017-05-21",159.004,FALSE,NA,NA,"<= day","daily",NA,NA,NA
"2017-05-22",176.955,FALSE,NA,NA,"<= day","daily",NA,NA,NA
"2017-05-23",185.416,FALSE,NA,NA,"<= day","daily",NA,NA,NA
"2017-05-24",189.498,FALSE,NA,NA,"<= day","daily",NA,NA,NA
"2017-05-25",191.22,FALSE,NA,NA,"<= day","daily",NA,NA,NA
"2017-05-26",191.238,FALSE,NA,NA,"<= day","daily",NA,NA,NA
"2017-05-27",191.826,FALSE,NA,NA,"<= day","daily",NA,NA,NA
"2017-05-28",191.472,FALSE,NA,NA,"<= day","daily",NA,NA,NA
"2017-05-29",189.966,FALSE,NA,NA,"<= day","daily",NA,NA,NA
"2017-05-30",189.809,FALSE,NA,NA,"<= day","daily",NA,NA,NA
"2017-05-31",189.483,FALSE,NA,NA,"<= day","daily",NA,NA,NA
"2017-06-01",192.303,FALSE,NA,NA,"<= day","daily",NA,NA,NA
"2017-06-02",185.782,FALSE,NA,NA,"<= day","daily",NA,NA,NA
"2017-06-03",185.817,FALSE,NA,NA,"<= day","daily",NA,NA,NA
"2017-06-04",195.239,FALSE,NA,NA,"<= day","daily",NA,NA,NA
"2017-06-05",184.018,FALSE,NA,NA,"<= day","daily",NA,NA,NA
"2017-06-06",181.725,FALSE,NA,NA,"<= day","daily",NA,NA,NA
"2017-06-07",167.017,FALSE,NA,NA,"<= day","daily",NA,NA,NA
"2017-06-08",161.172,FALSE,NA,NA,"<= day","daily",NA,NA,NA
"2017-06-09",176.13,FALSE,NA,NA,"<= day","daily",NA,NA,NA
"2017-06-10",181.514,FALSE,NA,NA,"<= day","daily",NA,NA,NA
"2017-06-11",184.426,FALSE,NA,NA,"<= day","daily",NA,NA,NA
"2017-06-12",185.182,FALSE,NA,NA,"<= day","daily",NA,NA,NA
"2017-06-13",183.509,FALSE,NA,NA,"<= day","daily",NA,NA,NA
"2017-06-14",183.572,FALSE,NA,NA,"<= day","daily",NA,NA,NA
"2017-06-15",183.068,FALSE,NA,NA,"<= day","daily",NA,NA,NA
"2017-06-16",181.298,FALSE,NA,NA,"<= day","daily",NA,NA,NA
"2017-06-17",177.625,FALSE,NA,NA,"<= day","daily",NA,NA,NA
"2017-06-18",176.098,FALSE,NA,NA,"<= day","daily",NA,NA,NA
"2017-06-19",177.413,FALSE,NA,NA,"<= day","daily",NA,NA,NA
"2017-06-20",177.394,FALSE,NA,NA,"<= day","daily",NA,NA,NA
"2017-06-21",174.948,FALSE,NA,NA,"<= day","daily",NA,NA,NA
"2017-06-22",173.143,FALSE,NA,NA,"<= day","daily",NA,NA,NA
"2017-06-23",173.875,FALSE,NA,NA,"<= day","daily",NA,NA,NA
"2017-06-24",172.931,FALSE,NA,NA,"<= day","daily",NA,NA,NA
"2017-06-25",175.809,FALSE,NA,NA,"<= day","daily",NA,NA,NA
"2017-06-26",153.163,FALSE,NA,NA,"<= day","daily",NA,NA,NA
"2017-06-27",171.216,FALSE,NA,NA,"<= day","daily",NA,NA,NA
"2017-06-28",174.819,FALSE,NA,NA,"<= day","daily",NA,NA,NA
"2017-06-29",156.49,FALSE,NA,NA,"<= day","daily",NA,NA,NA
"2017-06-30",137.007,FALSE,NA,NA,"<= day","daily",NA,NA,NA
"2017-07-01",125.873,FALSE,NA,NA,"<= day","daily",NA,NA,NA
"2017-07-02",138.841,FALSE,NA,NA,"<= day","daily",NA,NA,NA
"2017-07-03",135.431,FALSE,NA,NA,"<= day","daily",NA,NA,NA
"2017-07-04",134.091,FALSE,NA,NA,"<= day","daily",NA,NA,NA
"2017-07-05",133.732,FALSE,NA,NA,"<= day","daily",NA,NA,NA
"2017-07-06",134.356,FALSE,NA,NA,"<= day","daily",NA,NA,NA
"2017-07-07",134.281,FALSE,NA,NA,"<= day","daily",NA,NA,NA
"2017-07-08",132.499,FALSE,NA,NA,"<= day","daily",NA,NA,NA
"2017-07-09",135.082,FALSE,NA,NA,"<= day","daily",NA,NA,NA
"2017-07-10",154.171,FALSE,NA,NA,"<= day","daily",NA,NA,NA
"2017-07-11",163.589,FALSE,NA,NA,"<= day","daily",NA,NA,NA
"2017-07-12",131.518,FALSE,NA,NA,"<= day","daily",NA,NA,NA
"2017-07-13",128.445,FALSE,NA,NA,"<= day","daily",NA,NA,NA
"2017-07-14",124.421,FALSE,NA,NA,"<= day","daily",NA,NA,NA
"2017-07-15",122.327,FALSE,NA,NA,"<= day","daily",NA,NA,NA
"2017-07-16",122.129,FALSE,NA,NA,"<= day","daily",NA,NA,NA
"2017-07-17",123.756,FALSE,NA,NA,"<= day","daily",NA,NA,NA
"2017-07-18",123.502,FALSE,NA,NA,"<= day","daily",NA,NA,NA
"2017-07-19",123.498,FALSE,NA,NA,"<= day","daily",NA,NA,NA
"2017-07-20",124.081,FALSE,NA,NA,"<= day","daily",NA,NA,NA
"2017-07-21",130.34,FALSE,NA,NA,"<= day","daily",NA,NA,NA
"2017-07-22",154.965,FALSE,NA,NA,"<= day","daily",NA,NA,NA
"2017-07-23",154.595,FALSE,NA,NA,"<= day","daily",NA,NA,NA
"2017-07-24",164.814,FALSE,NA,NA,"<= day","daily",NA,NA,NA
"2017-07-25",188.218,FALSE,NA,NA,"<= day","daily",NA,NA,NA
"2017-07-26",183.576,FALSE,NA,NA,"<= day","daily",NA,NA,NA
"2017-07-27",167.148,FALSE,NA,NA,"<= day","daily",NA,NA,NA
"2017-07-28",155.177,FALSE,NA,NA,"<= day","daily",NA,NA,NA
"2017-07-29",128.328,FALSE,NA,NA,"<= day","daily",NA,NA,NA
"2017-07-30",127.89,FALSE,NA,NA,"<= day","daily",NA,NA,NA
"2017-07-31",168.898,FALSE,NA,NA,"<= day","daily",NA,NA,NA
"2017-08-01",142.735,FALSE,NA,NA,"<= day","daily",NA,NA,NA
"2017-08-02",138.513,FALSE,NA,NA,"<= day","daily",NA,NA,NA
"2017-08-03",128.761,FALSE,NA,NA,"<= day","daily",NA,NA,NA
"2017-08-04",126.675,FALSE,NA,NA,"<= day","daily",NA,NA,NA
"2017-08-05",127.021,FALSE,NA,NA,"<= day","daily",NA,NA,NA
"2017-08-06",126.114,FALSE,NA,NA,"<= day","daily",NA,NA,NA
"2017-08-07",120.832,FALSE,NA,NA,"<= day","daily",NA,NA,NA
"2017-08-08",157.011,FALSE,NA,NA,"<= day","daily",NA,NA,NA
"2017-08-09",150.034,FALSE,NA,NA,"<= day","daily",NA,NA,NA
"2017-08-10",147.856,FALSE,NA,NA,"<= day","daily",NA,NA,NA
"2017-08-11",145.682,FALSE,NA,NA,"<= day","daily",NA,NA,NA
"2017-08-12",147.899,FALSE,NA,NA,"<= day","daily",NA,NA,NA
"2017-08-13",127.78,FALSE,NA,NA,"<= day","daily",NA,NA,NA
"2017-08-14",126.769,FALSE,NA,NA,"<= day","daily",NA,NA,NA
"2017-08-15",126.059,FALSE,NA,NA,"<= day","daily",NA,NA,NA
"2017-08-16",126.688,FALSE,NA,NA,"<= day","daily",NA,NA,NA
"2017-08-17",124.753,FALSE,NA,NA,"<= day","daily",NA,NA,NA
"2017-08-18",123.736,FALSE,NA,NA,"<= day","daily",NA,NA,NA
"2017-08-19",158.064,FALSE,NA,NA,"<= day","daily",NA,NA,NA
"2017-08-20",128.442,FALSE,NA,NA,"<= day","daily",NA,NA,NA
"2017-08-21",125.007,FALSE,NA,NA,"<= day","daily",NA,NA,NA
"2017-08-22",123.127,FALSE,NA,NA,"<= day","daily",NA,NA,NA
"2017-08-23",121.767,FALSE,NA,NA,"<= day","daily",NA,NA,NA
"2017-08-24",122.497,FALSE,NA,NA,"<= day","daily",NA,NA,NA
"2017-08-25",120.918,FALSE,NA,NA,"<= day","daily",NA,NA,NA
"2017-08-26",123.242,FALSE,NA,NA,"<= day","daily",NA,NA,NA
"2017-08-27",119.455,FALSE,NA,NA,"<= day","daily",NA,NA,NA
"2017-08-28",117.54,FALSE,NA,NA,"<= day","daily",NA,NA,NA
"2017-08-29",116.323,FALSE,NA,NA,"<= day","daily",NA,NA,NA
"2017-08-30",117.069,FALSE,NA,NA,"<= day","daily",NA,NA,NA
"2017-08-31",129.802,FALSE,NA,NA,"<= day","daily",NA,NA,NA
"2017-09-01",124.442,FALSE,NA,NA,"<= day","daily",NA,NA,NA
"2017-09-02",126.483,FALSE,NA,NA,"<= day","daily",NA,NA,NA
"2017-09-03",129.637,FALSE,NA,NA,"<= day","daily",NA,NA,NA
"2017-09-04",123.718,FALSE,NA,NA,"<= day","daily",NA,NA,NA
"2017-09-05",117.145,FALSE,NA,NA,"<= day","daily",NA,NA,NA
"2017-09-06",119.687,FALSE,NA,NA,"<= day","daily",NA,NA,NA
"2017-09-07",116.776,FALSE,NA,NA,"<= day","daily",NA,NA,NA
"2017-09-08",113.815,FALSE,NA,NA,"<= day","daily",NA,NA,NA
"2017-09-09",116.703,FALSE,NA,NA,"<= day","daily",NA,NA,NA
"2017-09-10",121.218,FALSE,NA,NA,"<= day","daily",NA,NA,NA
"2017-09-11",111.813,FALSE,NA,NA,"<= day","daily",NA,NA,NA
"2017-09-12",122.961,FALSE,NA,NA,"<= day","daily",NA,NA,NA
"2017-09-13",147.161,FALSE,NA,NA,"<= day","daily",NA,NA,NA
"2017-09-14",153.893,FALSE,NA,NA,"<= day","daily",NA,NA,NA
"2017-09-15",134.013,FALSE,NA,NA,"<= day","daily",NA,NA,NA
"2017-09-16",128.904,FALSE,NA,NA,"<= day","daily",NA,NA,NA
"2017-09-17",122.408,FALSE,NA,NA,"<= day","daily",NA,NA,NA
"2017-09-18",136.451,FALSE,NA,NA,"<= day","daily",NA,NA,NA
"2017-09-19",133.146,FALSE,NA,NA,"<= day","daily",NA,NA,NA
"2017-09-20",132.912,FALSE,NA,NA,"<= day","daily",NA,NA,NA
"2017-09-21",132.877,FALSE,NA,NA,"<= day","daily",NA,NA,NA
"2017-09-22",132.786,FALSE,NA,NA,"<= day","daily",NA,NA,NA
"2017-09-23",129.479,FALSE,NA,NA,"<= day","daily",NA,NA,NA
"2017-09-24",125.159,FALSE,NA,NA,"<= day","daily",NA,NA,NA
"2017-09-25",122.451,FALSE,NA,NA,"<= day","daily",NA,NA,NA
"2017-09-26",118.537,FALSE,NA,NA,"<= day","daily",NA,NA,NA
"2017-09-27",115.801,FALSE,NA,NA,"<= day","daily",NA,NA,NA
"2017-09-28",112.116,FALSE,NA,NA,"<= day","daily",NA,NA,NA
"2017-09-29",106.189,FALSE,NA,NA,"<= day","daily",NA,NA,NA
"2017-09-30",109.176,FALSE,NA,NA,"<= day","daily",NA,NA,NA
"2017-10-01",127.02,FALSE,NA,NA,"<= day","daily",NA,NA,NA
"2017-10-02",120.591,FALSE,NA,NA,"<= day","daily",NA,NA,NA
"2017-10-03",184.034,FALSE,NA,NA,"<= day","daily",NA,NA,NA
"2017-10-04",148.04,FALSE,NA,NA,"<= day","daily",NA,NA,NA
"2017-10-05",132.551,FALSE,NA,NA,"<= day","daily",NA,NA,NA
"2017-10-06",147.423,FALSE,NA,NA,"<= day","daily",NA,NA,NA
"2017-10-07",133.477,FALSE,NA,NA,"<= day","daily",NA,NA,NA
"2017-10-08",130.63,FALSE,NA,NA,"<= day","daily",NA,NA,NA
"2017-10-09",131.24,FALSE,NA,NA,"<= day","daily",NA,NA,NA
"2017-10-10",124.901,FALSE,NA,NA,"<= day","daily",NA,NA,NA
"2017-10-11",121.282,FALSE,NA,NA,"<= day","daily",NA,NA,NA
"2017-10-12",118.607,FALSE,NA,NA,"<= day","daily",NA,NA,NA
"2017-10-13",115.899,FALSE,NA,NA,"<= day","daily",NA,NA,NA
"2017-10-14",111.091,FALSE,NA,NA,"<= day","daily",NA,NA,NA
"2017-10-15",105.181,FALSE,NA,NA,"<= day","daily",NA,NA,NA
"2017-10-16",100.962,FALSE,NA,NA,"<= day","daily",NA,NA,NA
"2017-10-17",96.458,FALSE,NA,NA,"<= day","daily",NA,NA,NA
"2017-10-18",93.084,FALSE,NA,NA,"<= day","daily",NA,NA,NA
"2017-10-19",90.58,FALSE,NA,NA,"<= day","daily",NA,NA,NA
"2017-10-20",87.922,FALSE,NA,NA,"<= day","daily",NA,NA,NA
"2017-10-21",85.817,FALSE,NA,NA,"<= day","daily",NA,NA,NA
"2017-10-22",96.011,FALSE,NA,NA,"<= day","daily",NA,NA,NA
"2017-10-23",115.501,FALSE,NA,NA,"<= day","daily",NA,NA,NA
"2017-10-24",126.475,FALSE,NA,NA,"<= day","daily",NA,NA,NA
"2017-10-25",132.928,FALSE,NA,NA,"<= day","daily",NA,NA,NA
"2017-10-26",135.077,FALSE,NA,NA,"<= day","daily",NA,NA,NA
"2017-10-27",135.929,FALSE,NA,NA,"<= day","daily",NA,NA,NA
"2017-10-28",134.354,FALSE,NA,NA,"<= day","daily",NA,NA,NA
"2017-10-29",147.833,FALSE,NA,NA,"<= day","daily",NA,NA,NA
"2017-10-30",140.821,FALSE,NA,NA,"<= day","daily",NA,NA,NA
"2017-10-31",134.259,FALSE,NA,NA,"<= day","daily",NA,NA,NA
"2017-11-01",128.063,FALSE,NA,NA,"<= day","daily",NA,NA,NA
"2017-11-02",122.889,FALSE,NA,NA,"<= day","daily",NA,NA,NA
"2017-11-03",116.46,FALSE,NA,NA,"<= day","daily",NA,NA,NA
"2017-11-04",113.289,FALSE,NA,NA,"<= day","daily",NA,NA,NA
"2017-11-05",111.769,FALSE,NA,NA,"<= day","daily",NA,NA,NA
"2017-11-06",111.732,FALSE,NA,NA,"<= day","daily",NA,NA,NA
"2017-11-07",113.44,FALSE,NA,NA,"<= day","daily",NA,NA,NA
"2017-11-08",111.641,FALSE,NA,NA,"<= day","daily",NA,NA,NA
"2017-11-09",105.68,FALSE,NA,NA,"<= day","daily",NA,NA,NA
"2017-11-10",100.069,FALSE,NA,NA,"<= day","daily",NA,NA,NA
"2017-11-11",100.608,FALSE,NA,NA,"<= day","daily",NA,NA,NA
"2017-11-12",127.506,FALSE,NA,NA,"<= day","daily",NA,NA,NA
"2017-11-13",121.105,FALSE,NA,NA,"<= day","daily",NA,NA,NA
"2017-11-14",113.655,FALSE,NA,NA,"<= day","daily",NA,NA,NA
"2017-11-15",111.446,FALSE,NA,NA,"<= day","daily",NA,NA,NA
"2017-11-16",112.074,FALSE,NA,NA,"<= day","daily",NA,NA,NA
"2017-11-17",110.675,FALSE,NA,NA,"<= day","daily",NA,NA,NA
"2017-11-18",107.157,FALSE,NA,NA,"<= day","daily",NA,NA,NA
"2017-11-19",98.766,FALSE,NA,NA,"<= day","daily",NA,NA,NA
"2017-11-20",95.002,FALSE,NA,NA,"<= day","daily",NA,NA,NA
"2017-11-21",94.977,FALSE,NA,NA,"<= day","daily",NA,NA,NA
"2017-11-22",100.196,FALSE,NA,NA,"<= day","daily",NA,NA,NA
"2017-11-23",96.996,FALSE,NA,NA,"<= day","daily",NA,NA,NA
"2017-11-24",95.754,FALSE,NA,NA,"<= day","daily",NA,NA,NA
"2017-11-25",100.302,FALSE,NA,NA,"<= day","daily",NA,NA,NA
"2017-11-26",92.63,FALSE,NA,NA,"<= day","daily",NA,NA,NA
"2017-11-27",90.396,FALSE,NA,NA,"<= day","daily",NA,NA,NA
"2017-11-28",89.536,FALSE,NA,NA,"<= day","daily",NA,NA,NA
"2017-11-29",87.838,FALSE,NA,NA,"<= day","daily",NA,NA,NA
"2017-11-30",85.342,FALSE,NA,NA,"<= day","daily",NA,NA,NA
"2017-12-01",83.597,FALSE,NA,NA,"<= day","daily",NA,NA,NA
"2017-12-02",81.511,FALSE,NA,NA,"<= day","daily",NA,NA,NA
"2017-12-03",80.823,FALSE,NA,NA,"<= day","daily",NA,NA,NA
"2017-12-04",79.977,FALSE,NA,NA,"<= day","daily",NA,NA,NA
"2017-12-05",79.65,FALSE,NA,NA,"<= day","daily",NA,NA,NA
"2017-12-06",80.077,FALSE,NA,NA,"<= day","daily",NA,NA,NA
"2017-12-07",80.029,FALSE,NA,NA,"<= day","daily",NA,NA,NA
"2017-12-08",79.171,FALSE,NA,NA,"<= day","daily",NA,NA,NA
"2017-12-09",78.692,FALSE,NA,NA,"<= day","daily",NA,NA,NA
"2017-12-10",78.414,FALSE,NA,NA,"<= day","daily",NA,NA,NA
"2017-12-11",78.611,FALSE,NA,NA,"<= day","daily",NA,NA,NA
"2017-12-12",77.345,FALSE,NA,NA,"<= day","daily",NA,NA,NA
"2017-12-13",75.425,FALSE,NA,NA,"<= day","daily",NA,NA,NA
"2017-12-14",76.029,FALSE,NA,NA,"<= day","daily",NA,NA,NA
"2017-12-15",72.76,FALSE,NA,NA,"<= day","daily",NA,NA,NA
"2017-12-16",77.998,FALSE,NA,NA,"<= day","daily",NA,NA,NA
"2017-12-17",75.026,FALSE,NA,NA,"<= day","daily",NA,NA,NA
"2017-12-18",74.206,FALSE,NA,NA,"<= day","daily",NA,NA,NA
"2017-12-19",73.105,FALSE,NA,NA,"<= day","daily",NA,NA,NA
"2017-12-20",73.152,FALSE,NA,NA,"<= day","daily",NA,NA,NA
"2017-12-21",74.179,FALSE,NA,NA,"<= day","daily",NA,NA,NA
"2017-12-22",76.907,FALSE,NA,NA,"<= day","daily",NA,NA,NA
"2017-12-23",74.794,FALSE,NA,NA,"<= day","daily",NA,NA,NA
"2017-12-24",76.816,FALSE,NA,NA,"<= day","daily",NA,NA,NA
"2017-12-25",79.311,FALSE,NA,NA,"<= day","daily",NA,NA,NA
"2017-12-26",77.537,FALSE,NA,NA,"<= day","daily",NA,NA,NA
"2017-12-27",76.252,FALSE,NA,NA,"<= day","daily",NA,NA,NA
"2017-12-28",74.151,FALSE,NA,NA,"<= day","daily",NA,NA,NA
"2017-12-29",71.7,FALSE,NA,NA,"<= day","daily",NA,NA,NA
"2017-12-30",94.961,FALSE,NA,NA,"<= day","daily",NA,NA,NA
"2017-12-31",126.095,FALSE,NA,NA,"<= day","daily",NA,NA,NA
"2018-01-01",92.504,FALSE,NA,NA,"<= day","daily",NA,NA,NA
"2018-01-02",82.573,FALSE,NA,NA,"<= day","daily",NA,NA,NA
"2018-01-03",111.695,FALSE,NA,NA,"<= day","daily",NA,NA,NA
"2018-01-04",142.344,FALSE,NA,NA,"<= day","daily",NA,NA,NA
"2018-01-05",149.682,FALSE,NA,NA,"<= day","daily",NA,NA,NA
"2018-01-06",128.923,FALSE,NA,NA,"<= day","daily",NA,NA,NA
"2018-01-07",113.393,FALSE,NA,NA,"<= day","daily",NA,NA,NA
"2018-01-08",101.206,FALSE,NA,NA,"<= day","daily",NA,NA,NA
"2018-01-09",103.995,FALSE,NA,NA,"<= day","daily",NA,NA,NA
"2018-01-10",91.88,FALSE,NA,NA,"<= day","daily",NA,NA,NA
"2018-01-11",86.51,FALSE,NA,NA,"<= day","daily",NA,NA,NA
"2018-01-12",83.314,FALSE,NA,NA,"<= day","daily",NA,NA,NA
"2018-01-13",81.533,FALSE,NA,NA,"<= day","daily",NA,NA,NA
"2018-01-14",80.692,FALSE,NA,NA,"<= day","daily",NA,NA,NA
"2018-01-15",79.579,FALSE,NA,NA,"<= day","daily",NA,NA,NA
"2018-01-16",79.284,FALSE,NA,NA,"<= day","daily",NA,NA,NA
"2018-01-17",79.672,FALSE,NA,NA,"<= day","daily",NA,NA,NA
"2018-01-18",79.053,FALSE,NA,NA,"<= day","daily",NA,NA,NA
"2018-01-19",77.169,FALSE,NA,NA,"<= day","daily",NA,NA,NA
"2018-01-20",75.902,FALSE,NA,NA,"<= day","daily",NA,NA,NA
"2018-01-21",77.698,FALSE,NA,NA,"<= day","daily",NA,NA,NA
"2018-01-22",90.72,FALSE,NA,NA,"<= day","daily",NA,NA,NA
"2018-01-23",95.841,FALSE,NA,NA,"<= day","daily",NA,NA,NA
"2018-01-24",85.01,FALSE,NA,NA,"<= day","daily",NA,NA,NA
"2018-01-25",81.774,FALSE,NA,NA,"<= day","daily",NA,NA,NA
"2018-01-26",79.351,FALSE,NA,NA,"<= day","daily",NA,NA,NA
"2018-01-27",77.95,FALSE,NA,NA,"<= day","daily",NA,NA,NA
"2018-01-28",77.71,FALSE,NA,NA,"<= day","daily",NA,NA,NA
"2018-01-29",78.991,FALSE,NA,NA,"<= day","daily",NA,NA,NA
"2018-01-30",79.59,FALSE,NA,NA,"<= day","daily",NA,NA,NA
"2018-01-31",78.521,FALSE,NA,NA,"<= day","daily",NA,NA,NA
"2018-02-01",77.503,FALSE,NA,NA,"<= day","daily",NA,NA,NA
"2018-02-02",73.687,FALSE,NA,NA,"<= day","daily",NA,NA,NA
"2018-02-03",71.321,FALSE,NA,NA,"<= day","daily",NA,NA,NA
"2018-02-04",69.544,FALSE,NA,NA,"<= day","daily",NA,NA,NA
"2018-02-05",68.271,FALSE,NA,NA,"<= day","daily",NA,NA,NA
"2018-02-06",68.048,FALSE,NA,NA,"<= day","daily",NA,NA,NA
"2018-02-07",67.732,FALSE,NA,NA,"<= day","daily",NA,NA,NA
"2018-02-08",66.334,FALSE,NA,NA,"<= day","daily",NA,NA,NA
"2018-02-09",65.348,FALSE,NA,NA,"<= day","daily",NA,NA,NA
"2018-02-10",64.703,FALSE,NA,NA,"<= day","daily",NA,NA,NA
"2018-02-11",64.044,FALSE,NA,NA,"<= day","daily",NA,NA,NA
"2018-02-12",63.396,FALSE,NA,NA,"<= day","daily",NA,NA,NA
"2018-02-13",62.381,FALSE,NA,NA,"<= day","daily",NA,NA,NA
"2018-02-14",62.075,FALSE,NA,NA,"<= day","daily",NA,NA,NA
"2018-02-15",65.262,FALSE,NA,NA,"<= day","daily",NA,NA,NA
"2018-02-16",120.029,FALSE,NA,NA,"<= day","daily",NA,NA,NA
"2018-02-17",103.045,FALSE,NA,NA,"<= day","daily",NA,NA,NA
"2018-02-18",88.42,FALSE,NA,NA,"<= day","daily",NA,NA,NA
"2018-02-19",79.906,FALSE,NA,NA,"<= day","daily",NA,NA,NA
"2018-02-20",76,FALSE,NA,NA,"<= day","daily",NA,NA,NA
"2018-02-21",71.33,FALSE,NA,NA,"<= day","daily",NA,NA,NA
"2018-02-22",69.655,FALSE,NA,NA,"<= day","daily",NA,NA,NA
"2018-02-23",67.622,FALSE,NA,NA,"<= day","daily",NA,NA,NA
"2018-02-24",68.917,FALSE,NA,NA,"<= day","daily",NA,NA,NA
"2018-02-25",70.499,FALSE,NA,NA,"<= day","daily",NA,NA,NA
"2018-02-26",67.029,FALSE,NA,NA,"<= day","daily",NA,NA,NA
"2018-02-27",64.069,FALSE,NA,NA,"<= day","daily",NA,NA,NA
"2018-02-28",62.288,FALSE,NA,NA,"<= day","daily",NA,NA,NA
"2018-03-01",61.727,FALSE,NA,NA,"<= day","daily",NA,NA,NA
"2018-03-02",61.125,FALSE,NA,NA,"<= day","daily",NA,NA,NA
"2018-03-03",59.686,FALSE,NA,NA,"<= day","daily",NA,NA,NA
"2018-03-04",59.189,FALSE,NA,NA,"<= day","daily",NA,NA,NA
"2018-03-05",60.102,FALSE,NA,NA,"<= day","daily",NA,NA,NA
"2018-03-06",59.328,FALSE,NA,NA,"<= day","daily",NA,NA,NA
"2018-03-07",56.98,FALSE,NA,NA,"<= day","daily",NA,NA,NA
"2018-03-08",56.883,FALSE,NA,NA,"<= day","daily",NA,NA,NA
"2018-03-09",57.146,FALSE,NA,NA,"<= day","daily",NA,NA,NA
"2018-03-10",57.605,FALSE,NA,NA,"<= day","daily",NA,NA,NA
"2018-03-11",56.944,FALSE,NA,NA,"<= day","daily",NA,NA,NA
"2018-03-12",56.294,FALSE,NA,NA,"<= day","daily",NA,NA,NA
"2018-03-13",54.926,FALSE,NA,NA,"<= day","daily",NA,NA,NA
"2018-03-14",55.927,FALSE,NA,NA,"<= day","daily",NA,NA,NA
"2018-03-15",59.71,FALSE,NA,NA,"<= day","daily",NA,NA,NA
"2018-03-16",58.408,FALSE,NA,NA,"<= day","daily",NA,NA,NA
"2018-03-17",64.055,FALSE,NA,NA,"<= day","daily",NA,NA,NA
"2018-03-18",59.695,FALSE,NA,NA,"<= day","daily",NA,NA,NA
"2018-03-19",56.648,FALSE,NA,NA,"<= day","daily",NA,NA,NA
"2018-03-20",55.157,FALSE,NA,NA,"<= day","daily",NA,NA,NA
"2018-03-21",53.573,FALSE,NA,NA,"<= day","daily",NA,NA,NA
"2018-03-22",54.106,FALSE,NA,NA,"<= day","daily",NA,NA,NA
"2018-03-23",55.228,FALSE,NA,NA,"<= day","daily",NA,NA,NA
"2018-03-24",58.874,FALSE,NA,NA,"<= day","daily",NA,NA,NA
"2018-03-25",64.71,FALSE,NA,NA,"<= day","daily",NA,NA,NA
"2018-03-26",67.375,FALSE,NA,NA,"<= day","daily",NA,NA,NA
"2018-03-27",65.887,FALSE,NA,NA,"<= day","daily",NA,NA,NA
"2018-03-28",68.141,FALSE,NA,NA,"<= day","daily",NA,NA,NA
"2018-03-29",85.025,FALSE,NA,NA,"<= day","daily",NA,NA,NA
"2018-03-30",79.636,FALSE,NA,NA,"<= day","daily",NA,NA,NA
"2018-03-31",73.649,FALSE,NA,NA,"<= day","daily",NA,NA,NA
"2018-04-01",66.411,FALSE,NA,NA,"<= day","daily",NA,NA,NA
"2018-04-02",64.098,FALSE,NA,NA,"<= day","daily",NA,NA,NA
"2018-04-03",74.987,FALSE,NA,NA,"<= day","daily",NA,NA,NA
"2018-04-04",87.936,FALSE,NA,NA,"<= day","daily",NA,NA,NA
"2018-04-05",94.834,FALSE,NA,NA,"<= day","daily",NA,NA,NA
"2018-04-06",95.636,FALSE,NA,NA,"<= day","daily",NA,NA,NA
"2018-04-07",114.793,FALSE,NA,NA,"<= day","daily",NA,NA,NA
"2018-04-08",134.63,FALSE,NA,NA,"<= day","daily",NA,NA,NA
"2018-04-09",140.968,FALSE,NA,NA,"<= day","daily",NA,NA,NA
"2018-04-10",136.615,FALSE,NA,NA,"<= day","daily",NA,NA,NA
"2018-04-11",128.788,FALSE,NA,NA,"<= day","daily",NA,NA,NA
"2018-04-12",126.237,FALSE,NA,NA,"<= day","daily",NA,NA,NA
"2018-04-13",125.167,FALSE,NA,NA,"<= day","daily",NA,NA,NA
"2018-04-14",123.194,FALSE,NA,NA,"<= day","daily",NA,NA,NA
"2018-04-15",132.941,FALSE,NA,NA,"<= day","daily",NA,NA,NA
"2018-04-16",137.843,FALSE,NA,NA,"<= day","daily",NA,NA,NA
"2018-04-17",149.696,FALSE,NA,NA,"<= day","daily",NA,NA,NA
"2018-04-18",153.257,FALSE,NA,NA,"<= day","daily",NA,NA,NA
"2018-04-19",156.657,FALSE,NA,NA,"<= day","daily",NA,NA,NA
"2018-04-20",164.637,FALSE,NA,NA,"<= day","daily",NA,NA,NA
"2018-04-21",172.983,FALSE,NA,NA,"<= day","daily",NA,NA,NA
"2018-04-22",176.513,FALSE,NA,NA,"<= day","daily",NA,NA,NA
"2018-04-23",181.567,FALSE,NA,NA,"<= day","daily",NA,NA,NA
"2018-04-24",183.534,FALSE,NA,NA,"<= day","daily",NA,NA,NA
"2018-04-25",185.447,FALSE,NA,NA,"<= day","daily",NA,NA,NA
"2018-04-26",193.549,FALSE,NA,NA,"<= day","daily",NA,NA,NA
"2018-04-27",191.928,FALSE,NA,NA,"<= day","daily",NA,NA,NA
"2018-04-28",193.473,FALSE,NA,NA,"<= day","daily",NA,NA,NA
"2018-04-29",193.848,FALSE,NA,NA,"<= day","daily",NA,NA,NA
"2018-04-30",193.483,FALSE,NA,NA,"<= day","daily",NA,NA,NA
"2018-05-01",176.002,FALSE,NA,NA,"<= day","daily",NA,NA,NA
"2018-05-02",154.099,FALSE,NA,NA,"<= day","daily",NA,NA,NA
"2018-05-03",154.676,FALSE,NA,NA,"<= day","daily",NA,NA,NA
"2018-05-04",185.774,FALSE,NA,NA,"<= day","daily",NA,NA,NA
"2018-05-05",199.006,FALSE,NA,NA,"<= day","daily",NA,NA,NA
"2018-05-06",199.779,FALSE,NA,NA,"<= day","daily",NA,NA,NA
"2018-05-07",199.8,FALSE,NA,NA,"<= day","daily",NA,NA,NA
"2018-05-08",199.787,FALSE,NA,NA,"<= day","daily",NA,NA,NA
"2018-05-09",199.8,FALSE,NA,NA,"<= day","daily",NA,NA,NA
"2018-05-10",199.64,FALSE,NA,NA,"<= day","daily",NA,NA,NA
"2018-05-11",197.248,FALSE,NA,NA,"<= day","daily",NA,NA,NA
"2018-05-12",199.775,FALSE,NA,NA,"<= day","daily",NA,NA,NA
"2018-05-13",199.754,FALSE,NA,NA,"<= day","daily",NA,NA,NA
"2018-05-14",199.8,FALSE,NA,NA,"<= day","daily",NA,NA,NA
"2018-05-15",198.487,FALSE,NA,NA,"<= day","daily",NA,NA,NA
"2018-05-16",190.576,FALSE,NA,NA,"<= day","daily",NA,NA,NA
"2018-05-17",181.987,FALSE,NA,NA,"<= day","daily",NA,NA,NA
"2018-05-18",187.126,FALSE,NA,NA,"<= day","daily",NA,NA,NA
"2018-05-19",195.498,FALSE,NA,NA,"<= day","daily",NA,NA,NA
"2018-05-20",194.466,FALSE,NA,NA,"<= day","daily",NA,NA,NA
"2018-05-21",190.696,FALSE,NA,NA,"<= day","daily",NA,NA,NA
"2018-05-22",192.632,FALSE,NA,NA,"<= day","daily",NA,NA,NA
"2018-05-23",197.033,FALSE,NA,NA,"<= day","daily",NA,NA,NA
"2018-05-24",198.216,FALSE,NA,NA,"<= day","daily",NA,NA,NA
"2018-05-25",198.85,FALSE,NA,NA,"<= day","daily",NA,NA,NA
"2018-05-26",199.179,FALSE,NA,NA,"<= day","daily",NA,NA,NA
"2018-05-27",199.779,FALSE,NA,NA,"<= day","daily",NA,NA,NA
"2018-05-28",199.637,FALSE,NA,NA,"<= day","daily",NA,NA,NA
"2018-05-29",199.729,FALSE,NA,NA,"<= day","daily",NA,NA,NA
"2018-05-30",198.275,FALSE,NA,NA,"<= day","daily",NA,NA,NA
"2018-05-31",198.113,FALSE,NA,NA,"<= day","daily",NA,NA,NA
"2018-06-01",197.175,FALSE,NA,NA,"<= day","daily",NA,NA,NA
"2018-06-02",196.075,FALSE,NA,NA,"<= day","daily",NA,NA,NA
"2018-06-03",196.354,FALSE,NA,NA,"<= day","daily",NA,NA,NA
"2018-06-04",195.205,FALSE,NA,NA,"<= day","daily",NA,NA,NA
"2018-06-05",192.88,FALSE,NA,NA,"<= day","daily",NA,NA,NA
"2018-06-06",191.322,FALSE,NA,NA,"<= day","daily",NA,NA,NA
"2018-06-07",190.258,FALSE,NA,NA,"<= day","daily",NA,NA,NA
"2018-06-08",190.268,FALSE,NA,NA,"<= day","daily",NA,NA,NA
"2018-06-09",190.436,FALSE,NA,NA,"<= day","daily",NA,NA,NA
"2018-06-10",190.53,FALSE,NA,NA,"<= day","daily",NA,NA,NA
"2018-06-11",192.309,FALSE,NA,NA,"<= day","daily",NA,NA,NA
"2018-06-12",192.2,FALSE,NA,NA,"<= day","daily",NA,NA,NA
"2018-06-13",196.998,FALSE,NA,NA,"<= day","daily",NA,NA,NA
"2018-06-14",189.674,FALSE,NA,NA,"<= day","daily",NA,NA,NA
"2018-06-15",189.046,FALSE,NA,NA,"<= day","daily",NA,NA,NA
"2018-06-16",190.27,FALSE,NA,NA,"<= day","daily",NA,NA,NA
"2018-06-17",188.955,FALSE,NA,NA,"<= day","daily",NA,NA,NA
"2018-06-18",189.883,FALSE,NA,NA,"<= day","daily",NA,NA,NA
"2018-06-19",189.329,FALSE,NA,NA,"<= day","daily",NA,NA,NA
"2018-06-20",190.139,FALSE,NA,NA,"<= day","daily",NA,NA,NA
"2018-06-21",189.483,FALSE,NA,NA,"<= day","daily",NA,NA,NA
"2018-06-22",187.507,FALSE,NA,NA,"<= day","daily",NA,NA,NA
"2018-06-23",184.643,FALSE,NA,NA,"<= day","daily",NA,NA,NA
"2018-06-24",180.154,FALSE,NA,NA,"<= day","daily",NA,NA,NA
"2018-06-25",182.399,FALSE,NA,NA,"<= day","daily",NA,NA,NA
"2018-06-26",182.736,FALSE,NA,NA,"<= day","daily",NA,NA,NA
"2018-06-27",182.865,FALSE,NA,NA,"<= day","daily",NA,NA,NA
"2018-06-28",182.673,FALSE,NA,NA,"<= day","daily",NA,NA,NA
"2018-06-29",182.047,FALSE,NA,NA,"<= day","daily",NA,NA,NA
"2018-06-30",181.181,FALSE,NA,NA,"<= day","daily",NA,NA,NA
"2018-07-01",180.748,FALSE,NA,NA,"<= day","daily",NA,NA,NA
"2018-07-02",181.264,FALSE,NA,NA,"<= day","daily",NA,NA,NA
"2018-07-03",180.956,FALSE,NA,NA,"<= day","daily",NA,NA,NA
"2018-07-04",178.964,FALSE,NA,NA,"<= day","daily",NA,NA,NA
"2018-07-05",176.709,FALSE,NA,NA,"<= day","daily",NA,NA,NA
"2018-07-06",181.892,FALSE,NA,NA,"<= day","daily",NA,NA,NA
"2018-07-07",177.618,FALSE,NA,NA,"<= day","daily",NA,NA,NA
"2018-07-08",173.98,FALSE,NA,NA,"<= day","daily",NA,NA,NA
"2018-07-09",171.717,FALSE,NA,NA,"<= day","daily",NA,NA,NA
"2018-07-10",169.63,FALSE,NA,NA,"<= day","daily",NA,NA,NA
"2018-07-11",164.152,FALSE,NA,NA,"<= day","daily",NA,NA,NA
"2018-07-12",159.539,FALSE,NA,NA,"<= day","daily",NA,NA,NA
"2018-07-13",155.063,FALSE,NA,NA,"<= day","daily",NA,NA,NA
"2018-07-14",163.915,FALSE,NA,NA,"<= day","daily",NA,NA,NA
"2018-07-15",172.105,FALSE,NA,NA,"<= day","daily",NA,NA,NA
"2018-07-16",172.969,FALSE,NA,NA,"<= day","daily",NA,NA,NA
"2018-07-17",156.409,FALSE,NA,NA,"<= day","daily",NA,NA,NA
"2018-07-18",144.955,FALSE,NA,NA,"<= day","daily",NA,NA,NA
"2018-07-19",164.426,FALSE,NA,NA,"<= day","daily",NA,NA,NA
"2018-07-20",152.367,FALSE,NA,NA,"<= day","daily",NA,NA,NA
"2018-07-21",172.407,FALSE,NA,NA,"<= day","daily",NA,NA,NA
"2018-07-22",168.494,FALSE,NA,NA,"<= day","daily",NA,NA,NA
"2018-07-23",156.998,FALSE,NA,NA,"<= day","daily",NA,NA,NA
"2018-07-24",143.062,FALSE,NA,NA,"<= day","daily",NA,NA,NA
"2018-07-25",177.818,FALSE,NA,NA,"<= day","daily",NA,NA,NA
"2018-07-26",154.18,FALSE,NA,NA,"<= day","daily",NA,NA,NA
"2018-07-27",144.409,FALSE,NA,NA,"<= day","daily",NA,NA,NA
"2018-07-28",153.382,FALSE,NA,NA,"<= day","daily",NA,NA,NA
"2018-07-29",144.167,FALSE,NA,NA,"<= day","daily",NA,NA,NA
"2018-07-30",138.428,FALSE,NA,NA,"<= day","daily",NA,NA,NA
"2018-07-31",136.068,FALSE,NA,NA,"<= day","daily",NA,NA,NA
"2018-08-01",133.628,FALSE,NA,NA,"<= day","daily",NA,NA,NA
"2018-08-02",133.615,FALSE,NA,NA,"<= day","daily",NA,NA,NA
"2018-08-03",138.768,FALSE,NA,NA,"<= day","daily",NA,NA,NA
"2018-08-04",146.34,FALSE,NA,NA,"<= day","daily",NA,NA,NA
"2018-08-05",131.927,FALSE,NA,NA,"<= day","daily",NA,NA,NA
"2018-08-06",132.154,FALSE,NA,NA,"<= day","daily",NA,NA,NA
"2018-08-07",132.869,FALSE,NA,NA,"<= day","daily",NA,NA,NA
"2018-08-08",139.249,FALSE,NA,NA,"<= day","daily",NA,NA,NA
"2018-08-09",122.403,FALSE,NA,NA,"<= day","daily",NA,NA,NA
"2018-08-10",122.154,FALSE,NA,NA,"<= day","daily",NA,NA,NA
"2018-08-11",119.546,FALSE,NA,NA,"<= day","daily",NA,NA,NA
"2018-08-12",118.539,FALSE,NA,NA,"<= day","daily",NA,NA,NA
"2018-08-13",126.229,FALSE,NA,NA,"<= day","daily",NA,NA,NA
"2018-08-14",149.27,FALSE,NA,NA,"<= day","daily",NA,NA,NA
"2018-08-15",131.348,FALSE,NA,NA,"<= day","daily",NA,NA,NA
"2018-08-16",123.705,FALSE,NA,NA,"<= day","daily",NA,NA,NA
"2018-08-17",126.864,FALSE,NA,NA,"<= day","daily",NA,NA,NA
"2018-08-18",120.633,FALSE,NA,NA,"<= day","daily",NA,NA,NA
"2018-08-19",119.346,FALSE,NA,NA,"<= day","daily",NA,NA,NA
"2018-08-20",118.95,FALSE,NA,NA,"<= day","daily",NA,NA,NA
"2018-08-21",122.621,FALSE,NA,NA,"<= day","daily",NA,NA,NA
"2018-08-22",121.689,FALSE,NA,NA,"<= day","daily",NA,NA,NA
"2018-08-23",122.521,FALSE,NA,NA,"<= day","daily",NA,NA,NA
"2018-08-24",171.08,FALSE,NA,NA,"<= day","daily",NA,NA,NA
"2018-08-25",125.908,FALSE,NA,NA,"<= day","daily",NA,NA,NA
"2018-08-26",123.78,FALSE,NA,NA,"<= day","daily",NA,NA,NA
"2018-08-27",118.225,FALSE,NA,NA,"<= day","daily",NA,NA,NA
"2018-08-28",118.754,FALSE,NA,NA,"<= day","daily",NA,NA,NA
"2018-08-29",120.489,FALSE,NA,NA,"<= day","daily",NA,NA,NA
"2018-08-30",133.608,FALSE,NA,NA,"<= day","daily",NA,NA,NA
"2018-08-31",121.657,FALSE,NA,NA,"<= day","daily",NA,NA,NA
"2018-09-01",146.014,FALSE,NA,NA,"<= day","daily",NA,NA,NA
"2018-09-02",131.599,FALSE,NA,NA,"<= day","daily",NA,NA,NA
"2018-09-03",122.679,FALSE,NA,NA,"<= day","daily",NA,NA,NA
"2018-09-04",117.791,FALSE,NA,NA,"<= day","daily",NA,NA,NA
"2018-09-05",115.341,FALSE,NA,NA,"<= day","daily",NA,NA,NA
"2018-09-06",114.955,FALSE,NA,NA,"<= day","daily",NA,NA,NA
"2018-09-07",120.535,FALSE,NA,NA,"<= day","daily",NA,NA,NA
"2018-09-08",115.527,FALSE,NA,NA,"<= day","daily",NA,NA,NA
"2018-09-09",110.158,FALSE,NA,NA,"<= day","daily",NA,NA,NA
"2018-09-10",111.565,FALSE,NA,NA,"<= day","daily",NA,NA,NA
"2018-09-11",108.088,FALSE,NA,NA,"<= day","daily",NA,NA,NA
"2018-09-12",107.64,FALSE,NA,NA,"<= day","daily",NA,NA,NA
"2018-09-13",112.95,FALSE,NA,NA,"<= day","daily",NA,NA,NA
"2018-09-14",147.459,FALSE,NA,NA,"<= day","daily",NA,NA,NA
"2018-09-15",122.399,FALSE,NA,NA,"<= day","daily",NA,NA,NA
"2018-09-16",116.208,FALSE,NA,NA,"<= day","daily",NA,NA,NA
"2018-09-17",113.302,FALSE,NA,NA,"<= day","daily",NA,NA,NA
"2018-09-18",112.973,FALSE,NA,NA,"<= day","daily",NA,NA,NA
"2018-09-19",113.017,FALSE,NA,NA,"<= day","daily",NA,NA,NA
"2018-09-20",106.758,FALSE,NA,NA,"<= day","daily",NA,NA,NA
"2018-09-21",106.053,FALSE,NA,NA,"<= day","daily",NA,NA,NA
"2018-09-22",130.944,FALSE,NA,NA,"<= day","daily",NA,NA,NA
"2018-09-23",123.805,FALSE,NA,NA,"<= day","daily",NA,NA,NA
"2018-09-24",170.115,FALSE,NA,NA,"<= day","daily",NA,NA,NA
"2018-09-25",127.414,FALSE,NA,NA,"<= day","daily",NA,NA,NA
"2018-09-26",122.9,FALSE,NA,NA,"<= day","daily",NA,NA,NA
"2018-09-27",117.501,FALSE,NA,NA,"<= day","daily",NA,NA,NA
"2018-09-28",113.431,FALSE,NA,NA,"<= day","daily",NA,NA,NA
"2018-09-29",111.617,FALSE,NA,NA,"<= day","daily",NA,NA,NA
"2018-09-30",107.614,FALSE,NA,NA,"<= day","daily",NA,NA,NA
"2018-10-01",147.951,FALSE,NA,NA,"<= day","daily",NA,NA,NA
"2018-10-02",135.507,FALSE,NA,NA,"<= day","daily",NA,NA,NA
"2018-10-03",143.204,FALSE,NA,NA,"<= day","daily",NA,NA,NA
"2018-10-04",129.993,FALSE,NA,NA,"<= day","daily",NA,NA,NA
"2018-10-05",127.121,FALSE,NA,NA,"<= day","daily",NA,NA,NA
"2018-10-06",121.214,FALSE,NA,NA,"<= day","daily",NA,NA,NA
"2018-10-07",116.161,FALSE,NA,NA,"<= day","daily",NA,NA,NA
"2018-10-08",107.82,FALSE,NA,NA,"<= day","daily",NA,NA,NA
"2018-10-09",101.665,FALSE,NA,NA,"<= day","daily",NA,NA,NA
"2018-10-10",94.035,FALSE,NA,NA,"<= day","daily",NA,NA,NA
"2018-10-11",89.852,FALSE,NA,NA,"<= day","daily",NA,NA,NA
"2018-10-12",85.924,FALSE,NA,NA,"<= day","daily",NA,NA,NA
"2018-10-13",83.241,FALSE,NA,NA,"<= day","daily",NA,NA,NA
"2018-10-14",80.818,FALSE,NA,NA,"<= day","daily",NA,NA,NA
"2018-10-15",77.786,FALSE,NA,NA,"<= day","daily",NA,NA,NA
"2018-10-16",75.665,FALSE,NA,NA,"<= day","daily",NA,NA,NA
"2018-10-17",74.138,FALSE,NA,NA,"<= day","daily",NA,NA,NA
"2018-10-18",73.175,FALSE,NA,NA,"<= day","daily",NA,NA,NA
"2018-10-19",71.44,FALSE,NA,NA,"<= day","daily",NA,NA,NA
"2018-10-20",69.338,FALSE,NA,NA,"<= day","daily",NA,NA,NA
"2018-10-21",66.534,FALSE,NA,NA,"<= day","daily",NA,NA,NA
"2018-10-22",63.757,FALSE,NA,NA,"<= day","daily",NA,NA,NA
"2018-10-23",57.521,FALSE,NA,NA,"<= day","daily",NA,NA,NA
"2018-10-24",52.509,FALSE,NA,NA,"<= day","daily",NA,NA,NA
"2018-10-25",55.635,FALSE,NA,NA,"<= day","daily",NA,NA,NA
"2018-10-26",53.495,FALSE,NA,NA,"<= day","daily",NA,NA,NA
"2018-10-27",73.993,FALSE,NA,NA,"<= day","daily",NA,NA,NA
"2018-10-28",104.2,FALSE,NA,NA,"<= day","daily",NA,NA,NA
"2018-10-29",118.116,FALSE,NA,NA,"<= day","daily",NA,NA,NA
"2018-10-30",128.274,FALSE,NA,NA,"<= day","daily",NA,NA,NA
"2018-10-31",118.648,FALSE,NA,NA,"<= day","daily",NA,NA,NA
"2018-11-01",118.273,FALSE,NA,NA,"<= day","daily",NA,NA,NA
"2018-11-02",117.856,FALSE,NA,NA,"<= day","daily",NA,NA,NA
"2018-11-03",120.649,FALSE,NA,NA,"<= day","daily",NA,NA,NA
"2018-11-04",128.976,FALSE,NA,NA,"<= day","daily",NA,NA,NA
"2018-11-05",131.216,FALSE,NA,NA,"<= day","daily",NA,NA,NA
"2018-11-06",126.671,FALSE,NA,NA,"<= day","daily",NA,NA,NA
"2018-11-07",130.9,FALSE,NA,NA,"<= day","daily",NA,NA,NA
"2018-11-08",127.531,FALSE,NA,NA,"<= day","daily",NA,NA,NA
"2018-11-09",122.471,FALSE,NA,NA,"<= day","daily",NA,NA,NA
"2018-11-10",112.093,FALSE,NA,NA,"<= day","daily",NA,NA,NA
"2018-11-11",106.107,FALSE,NA,NA,"<= day","daily",NA,NA,NA
"2018-11-12",104.204,FALSE,NA,NA,"<= day","daily",NA,NA,NA
"2018-11-13",100.29,FALSE,NA,NA,"<= day","daily",NA,NA,NA
"2018-11-14",112.644,FALSE,NA,NA,"<= day","daily",NA,NA,NA
"2018-11-15",101.094,FALSE,NA,NA,"<= day","daily",NA,NA,NA
"2018-11-16",89.341,FALSE,NA,NA,"<= day","daily",NA,NA,NA
"2018-11-17",80.978,FALSE,NA,NA,"<= day","daily",NA,NA,NA
"2018-11-18",76.734,FALSE,NA,NA,"<= day","daily",NA,NA,NA
"2018-11-19",74.52,FALSE,NA,NA,"<= day","daily",NA,NA,NA
"2018-11-20",72.126,FALSE,NA,NA,"<= day","daily",NA,NA,NA
"2018-11-21",67.367,FALSE,NA,NA,"<= day","daily",NA,NA,NA
"2018-11-22",66.562,FALSE,NA,NA,"<= day","daily",NA,NA,NA
"2018-11-23",60.545,FALSE,NA,NA,"<= day","daily",NA,NA,NA
"2018-11-24",60.686,FALSE,NA,NA,"<= day","daily",NA,NA,NA
"2018-11-25",57.825,FALSE,NA,NA,"<= day","daily",NA,NA,NA
"2018-11-26",55.149,FALSE,NA,NA,"<= day","daily",NA,NA,NA
"2018-11-27",52.48,FALSE,NA,NA,"<= day","daily",NA,NA,NA
"2018-11-28",51.299,FALSE,NA,NA,"<= day","daily",NA,NA,NA
"2018-11-29",52.327,FALSE,NA,NA,"<= day","daily",NA,NA,NA
"2018-11-30",51.394,FALSE,NA,NA,"<= day","daily",NA,NA,NA
"2018-12-01",49.37,FALSE,NA,NA,"<= day","daily",NA,NA,NA
"2018-12-02",85.409,FALSE,NA,NA,"<= day","daily",NA,NA,NA
"2018-12-03",169.541,FALSE,NA,NA,"<= day","daily",NA,NA,NA
"2018-12-04",146.67,FALSE,NA,NA,"<= day","daily",NA,NA,NA
"2018-12-05",129.314,FALSE,NA,NA,"<= day","daily",NA,NA,NA
"2018-12-06",121.191,FALSE,NA,NA,"<= day","daily",NA,NA,NA
"2018-12-07",108.398,FALSE,NA,NA,"<= day","daily",NA,NA,NA
"2018-12-08",100.822,FALSE,NA,NA,"<= day","daily",NA,NA,NA
"2018-12-09",95.529,FALSE,NA,NA,"<= day","daily",NA,NA,NA
"2018-12-10",92.904,FALSE,NA,NA,"<= day","daily",NA,NA,NA
"2018-12-11",89.231,FALSE,NA,NA,"<= day","daily",NA,NA,NA
"2018-12-12",86.042,FALSE,NA,NA,"<= day","daily",NA,NA,NA
"2018-12-13",83.851,FALSE,NA,NA,"<= day","daily",NA,NA,NA
"2018-12-14",81.526,FALSE,NA,NA,"<= day","daily",NA,NA,NA
"2018-12-15",78.084,FALSE,NA,NA,"<= day","daily",NA,NA,NA
"2018-12-16",82.405,FALSE,NA,NA,"<= day","daily",NA,NA,NA
"2018-12-17",77.376,FALSE,NA,NA,"<= day","daily",NA,NA,NA
"2018-12-18",73.071,FALSE,NA,NA,"<= day","daily",NA,NA,NA
"2018-12-19",71.934,FALSE,NA,NA,"<= day","daily",NA,NA,NA
"2018-12-20",71.057,FALSE,NA,NA,"<= day","daily",NA,NA,NA
"2018-12-21",80.848,FALSE,NA,NA,"<= day","daily",NA,NA,NA
"2018-12-22",146.801,FALSE,NA,NA,"<= day","daily",NA,NA,NA
"2018-12-23",125.907,FALSE,NA,NA,"<= day","daily",NA,NA,NA
"2018-12-24",155.389,FALSE,NA,NA,"<= day","daily",NA,NA,NA
"2018-12-25",131.328,FALSE,NA,NA,"<= day","daily",NA,NA,NA
"2018-12-26",107.696,FALSE,NA,NA,"<= day","daily",NA,NA,NA
"2018-12-27",94.882,FALSE,NA,NA,"<= day","daily",NA,NA,NA
"2018-12-28",89.07,FALSE,NA,NA,"<= day","daily",NA,NA,NA
"2018-12-29",85.065,FALSE,NA,NA,"<= day","daily",NA,NA,NA
"2018-12-30",82.828,FALSE,NA,NA,"<= day","daily",NA,NA,NA
"2018-12-31",81.103,FALSE,NA,NA,"<= day","daily",NA,NA,NA
"2019-01-01",79.471,FALSE,NA,NA,"<= day","daily",NA,NA,NA
"2019-01-02",75.649,FALSE,NA,NA,"<= day","daily",NA,NA,NA
"2019-01-03",72.242,FALSE,NA,NA,"<= day","daily",NA,NA,NA
"2019-01-04",70.217,FALSE,NA,NA,"<= day","daily",NA,NA,NA
"2019-01-05",68.015,FALSE,NA,NA,"<= day","daily",NA,NA,NA
"2019-01-06",66.809,FALSE,NA,NA,"<= day","daily",NA,NA,NA
"2019-01-07",65.454,FALSE,NA,NA,"<= day","daily",NA,NA,NA
"2019-01-08",64.934,FALSE,NA,NA,"<= day","daily",NA,NA,NA
"2019-01-09",64.111,FALSE,NA,NA,"<= day","daily",NA,NA,NA
"2019-01-10",63.142,FALSE,NA,NA,"<= day","daily",NA,NA,NA
"2019-01-11",61.228,FALSE,NA,NA,"<= day","daily",NA,NA,NA
"2019-01-12",59.713,FALSE,NA,NA,"<= day","daily",NA,NA,NA
"2019-01-13",59.233,FALSE,NA,NA,"<= day","daily",NA,NA,NA
"2019-01-14",59.194,FALSE,NA,NA,"<= day","daily",NA,NA,NA
"2019-01-15",57.809,FALSE,NA,NA,"<= day","daily",NA,NA,NA
"2019-01-16",58.303,FALSE,NA,NA,"<= day","daily",NA,NA,NA
"2019-01-17",58.122,FALSE,NA,NA,"<= day","daily",NA,NA,NA
"2019-01-18",56.602,FALSE,NA,NA,"<= day","daily",NA,NA,NA
"2019-01-19",55.821,FALSE,NA,NA,"<= day","daily",NA,NA,NA
"2019-01-20",55.065,FALSE,NA,NA,"<= day","daily",NA,NA,NA
"2019-01-21",53.915,FALSE,NA,NA,"<= day","daily",NA,NA,NA
"2019-01-22",53.264,FALSE,NA,NA,"<= day","daily",NA,NA,NA
"2019-01-23",54.104,FALSE,NA,NA,"<= day","daily",NA,NA,NA
"2019-01-24",52.299,FALSE,NA,NA,"<= day","daily",NA,NA,NA
"2019-01-25",50.332,FALSE,NA,NA,"<= day","daily",NA,NA,NA
"2019-01-26",49.964,FALSE,NA,NA,"<= day","daily",NA,NA,NA
"2019-01-27",51.048,FALSE,NA,NA,"<= day","daily",NA,NA,NA
"2019-01-28",49.971,FALSE,NA,NA,"<= day","daily",NA,NA,NA
"2019-01-29",48.7,FALSE,NA,NA,"<= day","daily",NA,NA,NA
"2019-01-30",48.667,FALSE,NA,NA,"<= day","daily",NA,NA,NA
"2019-01-31",48.779,FALSE,NA,NA,"<= day","daily",NA,NA,NA
"2019-02-01",48.41,FALSE,NA,NA,"<= day","daily",NA,NA,NA
"2019-02-02",47.809,FALSE,NA,NA,"<= day","daily",NA,NA,NA
"2019-02-03",46.742,FALSE,NA,NA,"<= day","daily",NA,NA,NA
"2019-02-04",45.75,FALSE,NA,NA,"<= day","daily",NA,NA,NA
"2019-02-05",46.26,FALSE,NA,NA,"<= day","daily",NA,NA,NA
"2019-02-06",48.353,FALSE,NA,NA,"<= day","daily",NA,NA,NA
"2019-02-07",50.091,FALSE,NA,NA,"<= day","daily",NA,NA,NA
"2019-02-08",47.813,FALSE,NA,NA,"<= day","daily",NA,NA,NA
"2019-02-09",47.381,FALSE,NA,NA,"<= day","daily",NA,NA,NA
"2019-02-10",47.002,FALSE,NA,NA,"<= day","daily",NA,NA,NA
"2019-02-11",46.473,FALSE,NA,NA,"<= day","daily",NA,NA,NA
"2019-02-12",45.765,FALSE,NA,NA,"<= day","daily",NA,NA,NA
"2019-02-13",47.677,FALSE,NA,NA,"<= day","daily",NA,NA,NA
"2019-02-14",55.341,FALSE,NA,NA,"<= day","daily",NA,NA,NA
"2019-02-15",62.61,FALSE,NA,NA,"<= day","daily",NA,NA,NA
"2019-02-16",67.749,FALSE,NA,NA,"<= day","daily",NA,NA,NA
"2019-02-17",70.843,FALSE,NA,NA,"<= day","daily",NA,NA,NA
"2019-02-18",73.769,FALSE,NA,NA,"<= day","daily",NA,NA,NA
"2019-02-19",73.182,FALSE,NA,NA,"<= day","daily",NA,NA,NA
"2019-02-20",72.394,FALSE,NA,NA,"<= day","daily",NA,NA,NA
"2019-02-21",75.234,FALSE,NA,NA,"<= day","daily",NA,NA,NA
"2019-02-22",80.644,FALSE,NA,NA,"<= day","daily",NA,NA,NA
"2019-02-23",86.1,FALSE,NA,NA,"<= day","daily",NA,NA,NA
"2019-02-24",93.992,FALSE,NA,NA,"<= day","daily",NA,NA,NA
"2019-02-25",102.119,FALSE,NA,NA,"<= day","daily",NA,NA,NA
"2019-02-26",110.317,FALSE,NA,NA,"<= day","daily",NA,NA,NA
"2019-02-27",115.456,FALSE,NA,NA,"<= day","daily",NA,NA,NA
"2019-02-28",120.515,FALSE,NA,NA,"<= day","daily",NA,NA,NA
"2019-03-01",107.825,FALSE,NA,NA,"<= day","daily",NA,NA,NA
"2019-03-02",87.891,FALSE,NA,NA,"<= day","daily",NA,NA,NA
"2019-03-03",81.621,FALSE,NA,NA,"<= day","daily",NA,NA,NA
"2019-03-04",79.828,FALSE,NA,NA,"<= day","daily",NA,NA,NA
"2019-03-05",74.639,FALSE,NA,NA,"<= day","daily",NA,NA,NA
"2019-03-06",69.533,FALSE,NA,NA,"<= day","daily",NA,NA,NA
"2019-03-07",66.293,FALSE,NA,NA,"<= day","daily",NA,NA,NA
"2019-03-08",63.071,FALSE,NA,NA,"<= day","daily",NA,NA,NA
"2019-03-09",71.286,FALSE,NA,NA,"<= day","daily",NA,NA,NA
"2019-03-10",133.508,FALSE,NA,NA,"<= day","daily",NA,NA,NA
"2019-03-11",110.743,FALSE,NA,NA,"<= day","daily",NA,NA,NA
"2019-03-12",86.994,FALSE,NA,NA,"<= day","daily",NA,NA,NA
"2019-03-13",75.7,FALSE,NA,NA,"<= day","daily",NA,NA,NA
"2019-03-14",69.322,FALSE,NA,NA,"<= day","daily",NA,NA,NA
"2019-03-15",74.165,FALSE,NA,NA,"<= day","daily",NA,NA,NA
"2019-03-16",77.734,FALSE,NA,NA,"<= day","daily",NA,NA,NA
"2019-03-17",82.763,FALSE,NA,NA,"<= day","daily",NA,NA,NA
"2019-03-18",73.181,FALSE,NA,NA,"<= day","daily",NA,NA,NA
"2019-03-19",66.16,FALSE,NA,NA,"<= day","daily",NA,NA,NA
"2019-03-20",65.796,FALSE,NA,NA,"<= day","daily",NA,NA,NA
"2019-03-21",74.901,FALSE,NA,NA,"<= day","daily",NA,NA,NA
"2019-03-22",89.27,FALSE,NA,NA,"<= day","daily",NA,NA,NA
"2019-03-23",105.559,FALSE,NA,NA,"<= day","daily",NA,NA,NA
"2019-03-24",122.288,FALSE,NA,NA,"<= day","daily",NA,NA,NA
"2019-03-25",128.482,FALSE,NA,NA,"<= day","daily",NA,NA,NA
"2019-03-26",113.356,FALSE,NA,NA,"<= day","daily",NA,NA,NA
"2019-03-27",98.763,FALSE,NA,NA,"<= day","daily",NA,NA,NA
"2019-03-28",104.973,FALSE,NA,NA,"<= day","daily",NA,NA,NA
"2019-03-29",117.747,FALSE,NA,NA,"<= day","daily",NA,NA,NA
"2019-03-30",124.898,FALSE,NA,NA,"<= day","daily",NA,NA,NA
"2019-03-31",130.111,FALSE,NA,NA,"<= day","daily",NA,NA,NA
"2019-04-01",133.377,FALSE,NA,NA,"<= day","daily",NA,NA,NA
"2019-04-02",132.545,FALSE,NA,NA,"<= day","daily",NA,NA,NA
"2019-04-03",128.879,FALSE,NA,NA,"<= day","daily",NA,NA,NA
"2019-04-04",111.396,FALSE,NA,NA,"<= day","daily",NA,NA,NA
"2019-04-05",99.038,FALSE,NA,NA,"<= day","daily",NA,NA,NA
"2019-04-06",108.085,FALSE,NA,NA,"<= day","daily",NA,NA,NA
"2019-04-07",109.515,FALSE,NA,NA,"<= day","daily",NA,NA,NA
"2019-04-08",96.71,FALSE,NA,NA,"<= day","daily",NA,NA,NA
"2019-04-09",100.723,FALSE,NA,NA,"<= day","daily",NA,NA,NA
"2019-04-10",111.674,FALSE,NA,NA,"<= day","daily",NA,NA,NA
"2019-04-11",112.986,FALSE,NA,NA,"<= day","daily",NA,NA,NA
"2019-04-12",120.054,FALSE,NA,NA,"<= day","daily",NA,NA,NA
"2019-04-13",127.459,FALSE,NA,NA,"<= day","daily",NA,NA,NA
"2019-04-14",118.779,FALSE,NA,NA,"<= day","daily",NA,NA,NA
"2019-04-15",115.842,FALSE,NA,NA,"<= day","daily",NA,NA,NA
"2019-04-16",121.662,FALSE,NA,NA,"<= day","daily",NA,NA,NA
"2019-04-17",127.551,FALSE,NA,NA,"<= day","daily",NA,NA,NA
"2019-04-18",143.979,FALSE,NA,NA,"<= day","daily",NA,NA,NA
"2019-04-19",147.411,FALSE,NA,NA,"<= day","daily",NA,NA,NA
"2019-04-20",149.411,FALSE,NA,NA,"<= day","daily",NA,NA,NA
"2019-04-21",148.783,FALSE,NA,NA,"<= day","daily",NA,NA,NA
"2019-04-22",149.837,FALSE,NA,NA,"<= day","daily",NA,NA,NA
"2019-04-23",156.037,FALSE,NA,NA,"<= day","daily",NA,NA,NA
"2019-04-24",157.713,FALSE,NA,NA,"<= day","daily",NA,NA,NA
"2019-04-25",150.962,FALSE,NA,NA,"<= day","daily",NA,NA,NA
"2019-04-26",148.242,FALSE,NA,NA,"<= day","daily",NA,NA,NA
"2019-04-27",142.979,FALSE,NA,NA,"<= day","daily",NA,NA,NA
"2019-04-28",137.452,FALSE,NA,NA,"<= day","daily",NA,NA,NA
"2019-04-29",132.571,FALSE,NA,NA,"<= day","daily",NA,NA,NA
"2019-04-30",130.746,FALSE,NA,NA,"<= day","daily",NA,NA,NA
"2019-05-01",136.905,FALSE,NA,NA,"<= day","daily",NA,NA,NA
"2019-05-02",141.723,FALSE,NA,NA,"<= day","daily",NA,NA,NA
"2019-05-03",141.208,FALSE,NA,NA,"<= day","daily",NA,NA,NA
"2019-05-04",140.858,FALSE,NA,NA,"<= day","daily",NA,NA,NA
"2019-05-05",135.197,FALSE,NA,NA,"<= day","daily",NA,NA,NA
"2019-05-06",132.547,FALSE,NA,NA,"<= day","daily",NA,NA,NA
"2019-05-07",129.784,FALSE,NA,NA,"<= day","daily",NA,NA,NA
"2019-05-08",135.563,FALSE,NA,NA,"<= day","daily",NA,NA,NA
"2019-05-09",134.776,FALSE,NA,NA,"<= day","daily",NA,NA,NA
"2019-05-10",135.421,FALSE,NA,NA,"<= day","daily",NA,NA,NA
"2019-05-11",145.379,FALSE,NA,NA,"<= day","daily",NA,NA,NA
"2019-05-12",140.047,FALSE,NA,NA,"<= day","daily",NA,NA,NA
"2019-05-13",134.806,FALSE,NA,NA,"<= day","daily",NA,NA,NA
"2019-05-14",134.771,FALSE,NA,NA,"<= day","daily",NA,NA,NA
"2019-05-15",133.837,FALSE,NA,NA,"<= day","daily",NA,NA,NA
"2019-05-16",134.477,FALSE,NA,NA,"<= day","daily",NA,NA,NA
"2019-05-17",139.002,FALSE,NA,NA,"<= day","daily",NA,NA,NA
"2019-05-18",138.627,FALSE,NA,NA,"<= day","daily",NA,NA,NA
"2019-05-19",138.864,FALSE,NA,NA,"<= day","daily",NA,NA,NA
"2019-05-20",148.089,FALSE,NA,NA,"<= day","daily",NA,NA,NA
"2019-05-21",145.605,FALSE,NA,NA,"<= day","daily",NA,NA,NA
"2019-05-22",152.661,FALSE,NA,NA,"<= day","daily",NA,NA,NA
"2019-05-23",174.479,FALSE,NA,NA,"<= day","daily",NA,NA,NA
"2019-05-24",180.84,FALSE,NA,NA,"<= day","daily",NA,NA,NA
"2019-05-25",186.986,FALSE,NA,NA,"<= day","daily",NA,NA,NA
"2019-05-26",190.162,FALSE,NA,NA,"<= day","daily",NA,NA,NA
"2019-05-27",190.027,FALSE,NA,NA,"<= day","daily",NA,NA,NA
"2019-05-28",193.998,FALSE,NA,NA,"<= day","daily",NA,NA,NA
"2019-05-29",178.832,FALSE,NA,NA,"<= day","daily",NA,NA,NA
"2019-05-30",163.18,FALSE,NA,NA,"<= day","daily",NA,NA,NA
"2019-05-31",173.233,FALSE,NA,NA,"<= day","daily",NA,NA,NA
"2019-06-01",190.15,FALSE,NA,NA,"<= day","daily",NA,NA,NA
"2019-06-02",194.947,FALSE,NA,NA,"<= day","daily",NA,NA,NA
"2019-06-03",196.3,FALSE,NA,NA,"<= day","daily",NA,NA,NA
"2019-06-04",197.829,FALSE,NA,NA,"<= day","daily",NA,NA,NA
"2019-06-05",198.367,FALSE,NA,NA,"<= day","daily",NA,NA,NA
"2019-06-06",195.5,FALSE,NA,NA,"<= day","daily",NA,NA,NA
"2019-06-07",193.165,FALSE,NA,NA,"<= day","daily",NA,NA,NA
"2019-06-08",194.054,FALSE,NA,NA,"<= day","daily",NA,NA,NA
"2019-06-09",192.056,FALSE,NA,NA,"<= day","daily",NA,NA,NA
"2019-06-10",194.579,FALSE,NA,NA,"<= day","daily",NA,NA,NA
"2019-06-11",195.638,FALSE,NA,NA,"<= day","daily",NA,NA,NA
"2019-06-12",193.128,FALSE,NA,NA,"<= day","daily",NA,NA,NA
"2019-06-13",192.917,FALSE,NA,NA,"<= day","daily",NA,NA,NA
"2019-06-14",193.511,FALSE,NA,NA,"<= day","daily",NA,NA,NA
"2019-06-15",195.856,FALSE,NA,NA,"<= day","daily",NA,NA,NA
"2019-06-16",194.685,FALSE,NA,NA,"<= day","daily",NA,NA,NA
"2019-06-17",193.188,FALSE,NA,NA,"<= day","daily",NA,NA,NA
"2019-06-18",193.162,FALSE,NA,NA,"<= day","daily",NA,NA,NA
"2019-06-19",193.121,FALSE,NA,NA,"<= day","daily",NA,NA,NA
"2019-06-20",192.534,FALSE,NA,NA,"<= day","daily",NA,NA,NA
"2019-06-21",191.865,FALSE,NA,NA,"<= day","daily",NA,NA,NA
"2019-06-22",196.663,FALSE,NA,NA,"<= day","daily",NA,NA,NA
"2019-06-23",192.184,FALSE,NA,NA,"<= day","daily",NA,NA,NA
"2019-06-24",192.956,FALSE,NA,NA,"<= day","daily",NA,NA,NA
"2019-06-25",193.65,FALSE,NA,NA,"<= day","daily",NA,NA,NA
"2019-06-26",193.937,FALSE,NA,NA,"<= day","daily",NA,NA,NA
"2019-06-27",191.92,FALSE,NA,NA,"<= day","daily",NA,NA,NA
"2019-06-28",190.627,FALSE,NA,NA,"<= day","daily",NA,NA,NA
"2019-06-29",189.533,FALSE,NA,NA,"<= day","daily",NA,NA,NA
"2019-06-30",188.576,FALSE,NA,NA,"<= day","daily",NA,NA,NA
"2019-07-01",188.923,FALSE,NA,NA,"<= day","daily",NA,NA,NA
"2019-07-02",190.293,FALSE,NA,NA,"<= day","daily",NA,NA,NA
"2019-07-03",190.584,FALSE,NA,NA,"<= day","daily",NA,NA,NA
"2019-07-04",184.12,FALSE,NA,NA,"<= day","daily",NA,NA,NA
"2019-07-05",183.219,FALSE,NA,NA,"<= day","daily",NA,NA,NA
"2019-07-06",182.381,FALSE,NA,NA,"<= day","daily",NA,NA,NA
"2019-07-07",183.958,FALSE,NA,NA,"<= day","daily",NA,NA,NA
"2019-07-08",181.709,FALSE,NA,NA,"<= day","daily",NA,NA,NA
"2019-07-09",180.802,FALSE,NA,NA,"<= day","daily",NA,NA,NA
"2019-07-10",179.267,FALSE,NA,NA,"<= day","daily",NA,NA,NA
"2019-07-11",172.751,FALSE,NA,NA,"<= day","daily",NA,NA,NA
"2019-07-12",168.004,FALSE,NA,NA,"<= day","daily",NA,NA,NA
"2019-07-13",175.344,FALSE,NA,NA,"<= day","daily",NA,NA,NA
"2019-07-14",168.045,FALSE,NA,NA,"<= day","daily",NA,NA,NA
"2019-07-15",180.409,FALSE,NA,NA,"<= day","daily",NA,NA,NA
"2019-07-16",165.361,FALSE,NA,NA,"<= day","daily",NA,NA,NA
"2019-07-17",165.537,FALSE,NA,NA,"<= day","daily",NA,NA,NA
"2019-07-18",162.763,FALSE,NA,NA,"<= day","daily",NA,NA,NA
"2019-07-19",160.485,FALSE,NA,NA,"<= day","daily",NA,NA,NA
"2019-07-20",163.599,FALSE,NA,NA,"<= day","daily",NA,NA,NA
"2019-07-21",177.977,FALSE,NA,NA,"<= day","daily",NA,NA,NA
"2019-07-22",168.026,FALSE,NA,NA,"<= day","daily",NA,NA,NA
"2019-07-23",165.04,FALSE,NA,NA,"<= day","daily",NA,NA,NA
"2019-07-24",162.88,FALSE,NA,NA,"<= day","daily",NA,NA,NA
"2019-07-25",159.953,FALSE,NA,NA,"<= day","daily",NA,NA,NA
"2019-07-26",161.769,FALSE,NA,NA,"<= day","daily",NA,NA,NA
"2019-07-27",173.934,FALSE,NA,NA,"<= day","daily",NA,NA,NA
"2019-07-28",178.961,FALSE,NA,NA,"<= day","daily",NA,NA,NA
"2019-07-29",176.441,FALSE,NA,NA,"<= day","daily",NA,NA,NA
"2019-07-30",147.842,FALSE,NA,NA,"<= day","daily",NA,NA,NA
"2019-07-31",143.755,FALSE,NA,NA,"<= day","daily",NA,NA,NA
"2019-08-01",132.861,FALSE,NA,NA,"<= day","daily",NA,NA,NA
"2019-08-02",132.72,FALSE,NA,NA,"<= day","daily",NA,NA,NA
"2019-08-03",127.337,FALSE,NA,NA,"<= day","daily",NA,NA,NA
"2019-08-04",126.159,FALSE,NA,NA,"<= day","daily",NA,NA,NA
"2019-08-05",127.871,FALSE,NA,NA,"<= day","daily",NA,NA,NA
"2019-08-06",141.613,FALSE,NA,NA,"<= day","daily",NA,NA,NA
"2019-08-07",179.734,FALSE,NA,NA,"<= day","daily",NA,NA,NA
"2019-08-08",151.562,FALSE,NA,NA,"<= day","daily",NA,NA,NA
"2019-08-09",133.484,FALSE,NA,NA,"<= day","daily",NA,NA,NA
"2019-08-10",175.769,FALSE,NA,NA,"<= day","daily",NA,NA,NA
"2019-08-11",155.59,FALSE,NA,NA,"<= day","daily",NA,NA,NA
"2019-08-12",173.051,FALSE,NA,NA,"<= day","daily",NA,NA,NA
"2019-08-13",139.636,FALSE,NA,NA,"<= day","daily",NA,NA,NA
"2019-08-14",127.928,FALSE,NA,NA,"<= day","daily",NA,NA,NA
"2019-08-15",126.469,FALSE,NA,NA,"<= day","daily",NA,NA,NA
"2019-08-16",125.237,FALSE,NA,NA,"<= day","daily",NA,NA,NA
"2019-08-17",123.983,FALSE,NA,NA,"<= day","daily",NA,NA,NA
"2019-08-18",125.726,FALSE,NA,NA,"<= day","daily",NA,NA,NA
"2019-08-19",182.025,FALSE,NA,NA,"<= day","daily",NA,NA,NA
"2019-08-20",190.665,FALSE,NA,NA,"<= day","daily",NA,NA,NA
"2019-08-21",169.286,FALSE,NA,NA,"<= day","daily",NA,NA,NA
"2019-08-22",134.911,FALSE,NA,NA,"<= day","daily",NA,NA,NA
"2019-08-23",130.032,FALSE,NA,NA,"<= day","daily",NA,NA,NA
"2019-08-24",133.11,FALSE,NA,NA,"<= day","daily",NA,NA,NA
"2019-08-25",129.516,FALSE,NA,NA,"<= day","daily",NA,NA,NA
"2019-08-26",126.907,FALSE,NA,NA,"<= day","daily",NA,NA,NA
"2019-08-27",125.171,FALSE,NA,NA,"<= day","daily",NA,NA,NA
"2019-08-28",126.519,FALSE,NA,NA,"<= day","daily",NA,NA,NA
"2019-08-29",125.619,FALSE,NA,NA,"<= day","daily",NA,NA,NA
"2019-08-30",124.027,FALSE,NA,NA,"<= day","daily",NA,NA,NA
"2019-08-31",124.684,FALSE,NA,NA,"<= day","daily",NA,NA,NA
"2019-09-01",122.716,FALSE,NA,NA,"<= day","daily",NA,NA,NA
"2019-09-02",142.445,FALSE,NA,NA,"<= day","daily",NA,NA,NA
"2019-09-03",125.766,FALSE,NA,NA,"<= day","daily",NA,NA,NA
"2019-09-04",121.515,FALSE,NA,NA,"<= day","daily",NA,NA,NA
"2019-09-05",118.707,FALSE,NA,NA,"<= day","daily",NA,NA,NA
"2019-09-06",115.943,FALSE,NA,NA,"<= day","daily",NA,NA,NA
"2019-09-07",106.665,FALSE,NA,NA,"<= day","daily",NA,NA,NA
"2019-09-08",116.889,FALSE,NA,NA,"<= day","daily",NA,NA,NA
"2019-09-09",128.478,FALSE,NA,NA,"<= day","daily",NA,NA,NA
"2019-09-10",123.995,FALSE,NA,NA,"<= day","daily",NA,NA,NA
"2019-09-11",112.246,FALSE,NA,NA,"<= day","daily",NA,NA,NA
"2019-09-12",104.55,FALSE,NA,NA,"<= day","daily",NA,NA,NA
"2019-09-13",110.061,FALSE,NA,NA,"<= day","daily",NA,NA,NA
"2019-09-14",112.17,FALSE,NA,NA,"<= day","daily",NA,NA,NA
"2019-09-15",115.625,FALSE,NA,NA,"<= day","daily",NA,NA,NA
"2019-09-16",116.689,FALSE,NA,NA,"<= day","daily",NA,NA,NA
"2019-09-17",116.823,FALSE,NA,NA,"<= day","daily",NA,NA,NA
"2019-09-18",112.962,FALSE,NA,NA,"<= day","daily",NA,NA,NA
"2019-09-19",109.342,FALSE,NA,NA,"<= day","daily",NA,NA,NA
"2019-09-20",107.388,FALSE,NA,NA,"<= day","daily",NA,NA,NA
"2019-09-21",107.328,FALSE,NA,NA,"<= day","daily",NA,NA,NA
"2019-09-22",105.704,FALSE,NA,NA,"<= day","daily",NA,NA,NA
"2019-09-23",123.136,FALSE,NA,NA,"<= day","daily",NA,NA,NA
"2019-09-24",110.065,FALSE,NA,NA,"<= day","daily",NA,NA,NA
"2019-09-25",125.553,FALSE,NA,NA,"<= day","daily",NA,NA,NA
"2019-09-26",163.759,FALSE,NA,NA,"<= day","daily",NA,NA,NA
"2019-09-27",129.876,FALSE,NA,NA,"<= day","daily",NA,NA,NA
"2019-09-28",125.053,FALSE,NA,NA,"<= day","daily",NA,NA,NA
"2019-09-29",120.719,FALSE,NA,NA,"<= day","daily",NA,NA,NA
"2019-09-30",118.245,FALSE,NA,NA,"<= day","daily",NA,NA,NA
"2019-10-01",114.68,FALSE,NA,NA,"<= day","daily",NA,NA,NA
"2019-10-02",180.813,FALSE,NA,NA,"<= day","daily",NA,NA,NA
"2019-10-03",166.41,FALSE,NA,NA,"<= day","daily",NA,NA,NA
"2019-10-04",146.5,FALSE,NA,NA,"<= day","daily",NA,NA,NA
"2019-10-05",146.814,FALSE,NA,NA,"<= day","daily",NA,NA,NA
"2019-10-06",139.236,FALSE,NA,NA,"<= day","daily",NA,NA,NA
"2019-10-07",168.256,FALSE,NA,NA,"<= day","daily",NA,NA,NA
"2019-10-08",154.15,FALSE,NA,NA,"<= day","daily",NA,NA,NA
"2019-10-09",186.24,FALSE,NA,NA,"<= day","daily",NA,NA,NA
"2019-10-10",154.18,FALSE,NA,NA,"<= day","daily",NA,NA,NA
"2019-10-11",136.503,FALSE,NA,NA,"<= day","daily",NA,NA,NA
"2019-10-12",132.67,FALSE,NA,NA,"<= day","daily",NA,NA,NA
"2019-10-13",130.21,FALSE,NA,NA,"<= day","daily",NA,NA,NA
"2019-10-14",127.789,FALSE,NA,NA,"<= day","daily",NA,NA,NA
"2019-10-15",139.889,FALSE,NA,NA,"<= day","daily",NA,NA,NA
"2019-10-16",137.975,FALSE,NA,NA,"<= day","daily",NA,NA,NA
"2019-10-17",133.528,FALSE,NA,NA,"<= day","daily",NA,NA,NA
"2019-10-18",144.03,FALSE,NA,NA,"<= day","daily",NA,NA,NA
"2019-10-19",165.14,FALSE,NA,NA,"<= day","daily",NA,NA,NA
"2019-10-20",140.166,FALSE,NA,NA,"<= day","daily",NA,NA,NA
"2019-10-21",165.829,FALSE,NA,NA,"<= day","daily",NA,NA,NA
"2019-10-22",160.517,FALSE,NA,NA,"<= day","daily",NA,NA,NA
"2019-10-23",135.501,FALSE,NA,NA,"<= day","daily",NA,NA,NA
"2019-10-24",131.512,FALSE,NA,NA,"<= day","daily",NA,NA,NA
"2019-10-25",128.149,FALSE,NA,NA,"<= day","daily",NA,NA,NA
"2019-10-26",124.616,FALSE,NA,NA,"<= day","daily",NA,NA,NA
"2019-10-27",120.169,FALSE,NA,NA,"<= day","daily",NA,NA,NA
"2019-10-28",139.009,FALSE,NA,NA,"<= day","daily",NA,NA,NA
"2019-10-29",186.664,FALSE,NA,NA,"<= day","daily",NA,NA,NA
"2019-10-30",153.424,FALSE,NA,NA,"<= day","daily",NA,NA,NA
"2019-10-31",136.07,FALSE,NA,NA,"<= day","daily",NA,NA,NA
"2019-11-01",134.78,FALSE,NA,NA,"<= day","daily",NA,NA,NA
"2019-11-02",183.825,FALSE,NA,NA,"<= day","daily",NA,NA,NA
"2019-11-03",161.376,FALSE,NA,NA,"<= day","daily",NA,NA,NA
"2019-11-04",142.773,FALSE,NA,NA,"<= day","daily",NA,NA,NA
"2019-11-05",140.309,FALSE,NA,NA,"<= day","daily",NA,NA,NA
"2019-11-06",137.028,FALSE,NA,NA,"<= day","daily",NA,NA,NA
"2019-11-07",136.156,FALSE,NA,NA,"<= day","daily",NA,NA,NA
"2019-11-08",135.73,FALSE,NA,NA,"<= day","daily",NA,NA,NA
"2019-11-09",133.641,FALSE,NA,NA,"<= day","daily",NA,NA,NA
"2019-11-10",133.867,FALSE,NA,NA,"<= day","daily",NA,NA,NA
"2019-11-11",133.027,FALSE,NA,NA,"<= day","daily",NA,NA,NA
"2019-11-12",132.592,FALSE,NA,NA,"<= day","daily",NA,NA,NA
"2019-11-13",130.792,FALSE,NA,NA,"<= day","daily",NA,NA,NA
"2019-11-14",128.974,FALSE,NA,NA,"<= day","daily",NA,NA,NA
"2019-11-15",125.792,FALSE,NA,NA,"<= day","daily",NA,NA,NA
"2019-11-16",122.716,FALSE,NA,NA,"<= day","daily",NA,NA,NA
"2019-11-17",120.446,FALSE,NA,NA,"<= day","daily",NA,NA,NA
"2019-11-18",116.689,FALSE,NA,NA,"<= day","daily",NA,NA,NA
"2019-11-19",112.222,FALSE,NA,NA,"<= day","daily",NA,NA,NA
"2019-11-20",112.546,FALSE,NA,NA,"<= day","daily",NA,NA,NA
"2019-11-21",113.782,FALSE,NA,NA,"<= day","daily",NA,NA,NA
"2019-11-22",111.334,FALSE,NA,NA,"<= day","daily",NA,NA,NA
"2019-11-23",109.61,FALSE,NA,NA,"<= day","daily",NA,NA,NA
"2019-11-24",110.72,FALSE,NA,NA,"<= day","daily",NA,NA,NA
"2019-11-25",117.906,FALSE,NA,NA,"<= day","daily",NA,NA,NA
"2019-11-26",119.927,FALSE,NA,NA,"<= day","daily",NA,NA,NA
"2019-11-27",117.712,FALSE,NA,NA,"<= day","daily",NA,NA,NA
"2019-11-28",113.036,FALSE,NA,NA,"<= day","daily",NA,NA,NA
"2019-11-29",109.428,FALSE,NA,NA,"<= day","daily",NA,NA,NA
"2019-11-30",107.603,FALSE,NA,NA,"<= day","daily",NA,NA,NA
"2019-12-01",105.157,FALSE,NA,NA,"<= day","daily",NA,NA,NA
"2019-12-02",103.349,FALSE,NA,NA,"<= day","daily",NA,NA,NA
"2019-12-03",101.778,FALSE,NA,NA,"<= day","daily",NA,NA,NA
"2019-12-04",102.114,FALSE,NA,NA,"<= day","daily",NA,NA,NA
"2019-12-05",100.539,FALSE,NA,NA,"<= day","daily",NA,NA,NA
"2019-12-06",98.798,FALSE,NA,NA,"<= day","daily",NA,NA,NA
"2019-12-07",99.694,FALSE,NA,NA,"<= day","daily",NA,NA,NA
"2019-12-08",96.994,FALSE,NA,NA,"<= day","daily",NA,NA,NA
"2019-12-09",94.485,FALSE,NA,NA,"<= day","daily",NA,NA,NA
"2020-08-01",145.923,FALSE,NA,NA,"<= day","daily",NA,NA,NA
"2020-08-02",184.747,FALSE,NA,NA,"<= day","daily",NA,NA,NA
"2020-08-03",185.883,FALSE,NA,NA,"<= day","daily",NA,NA,NA
"2020-08-04",188.85,FALSE,NA,NA,"<= day","daily",NA,NA,NA
"2020-08-05",173.431,FALSE,NA,NA,"<= day","daily",NA,NA,NA
"2020-08-06",139.267,FALSE,NA,NA,"<= day","daily",NA,NA,NA
"2020-08-07",131.821,FALSE,NA,NA,"<= day","daily",NA,NA,NA
"2020-08-08",131.692,FALSE,NA,NA,"<= day","daily",NA,NA,NA
"2020-08-09",130.833,FALSE,NA,NA,"<= day","daily",NA,NA,NA
"2020-08-10",129.996,FALSE,NA,NA,"<= day","daily",NA,NA,NA
"2020-08-11",130.646,FALSE,NA,NA,"<= day","daily",NA,NA,NA
"2020-08-12",129.874,FALSE,NA,NA,"<= day","daily",NA,NA,NA
"2020-08-13",146.921,FALSE,NA,NA,"<= day","daily",NA,NA,NA
"2020-08-14",152.117,FALSE,NA,NA,"<= day","daily",NA,NA,NA
"2020-08-15",131.105,FALSE,NA,NA,"<= day","daily",NA,NA,NA
"2020-08-16",130.138,FALSE,NA,NA,"<= day","daily",NA,NA,NA
"2020-08-17",178.672,FALSE,NA,NA,"<= day","daily",NA,NA,NA
"2020-08-18",149.337,FALSE,NA,NA,"<= day","daily",NA,NA,NA
"2020-08-19",131.506,FALSE,NA,NA,"<= day","daily",NA,NA,NA
"2020-08-20",129.014,FALSE,NA,NA,"<= day","daily",NA,NA,NA
"2020-08-21",128.371,FALSE,NA,NA,"<= day","daily",NA,NA,NA
"2020-08-22",127.864,FALSE,NA,NA,"<= day","daily",NA,NA,NA
"2020-08-23",123.67,FALSE,NA,NA,"<= day","daily",NA,NA,NA
"2020-08-24",119.739,FALSE,NA,NA,"<= day","daily",NA,NA,NA
"2020-08-25",116.643,FALSE,NA,NA,"<= day","daily",NA,NA,NA
"2020-08-26",114.784,FALSE,NA,NA,"<= day","daily",NA,NA,NA
"2020-08-27",114.464,FALSE,NA,NA,"<= day","daily",NA,NA,NA
"2020-08-28",117.59,FALSE,NA,NA,"<= day","daily",NA,NA,NA
"2020-08-29",184.869,FALSE,NA,NA,"<= day","daily",NA,NA,NA
"2020-08-30",185.481,FALSE,NA,NA,"<= day","daily",NA,NA,NA
"2020-08-31",179.629,FALSE,NA,NA,"<= day","daily",NA,NA,NA
"2020-09-01",157.534,FALSE,NA,NA,"<= day","daily",NA,NA,NA
"2020-09-02",134.18,FALSE,NA,NA,"<= day","daily",NA,NA,NA
"2020-09-03",127.948,FALSE,NA,NA,"<= day","daily",NA,NA,NA
"2020-09-04",121.539,FALSE,NA,NA,"<= day","daily",NA,NA,NA
"2020-09-05",122.063,FALSE,NA,NA,"<= day","daily",NA,NA,NA
"2020-09-06",122.55,FALSE,NA,NA,"<= day","daily",NA,NA,NA
"2020-09-07",119.198,FALSE,NA,NA,"<= day","daily",NA,NA,NA
"2020-09-08",117.927,FALSE,NA,NA,"<= day","daily",NA,NA,NA
"2020-09-09",117.706,FALSE,NA,NA,"<= day","daily",NA,NA,NA
"2020-09-10",118.062,FALSE,NA,NA,"<= day","daily",NA,NA,NA
"2020-09-11",118.143,FALSE,NA,NA,"<= day","daily",NA,NA,NA
"2020-09-12",115.099,FALSE,NA,NA,"<= day","daily",NA,NA,NA
"2020-09-13",113.855,FALSE,NA,NA,"<= day","daily",NA,NA,NA
"2020-09-14",114.822,FALSE,NA,NA,"<= day","daily",NA,NA,NA
"2020-09-15",114.223,FALSE,NA,NA,"<= day","daily",NA,NA,NA
"2020-09-16",112.163,FALSE,NA,NA,"<= day","daily",NA,NA,NA
"2020-09-17",109.208,FALSE,NA,NA,"<= day","daily",NA,NA,NA
"2020-09-18",108.752,FALSE,NA,NA,"<= day","daily",NA,NA,NA
"2020-09-19",105.528,FALSE,NA,NA,"<= day","daily",NA,NA,NA
"2020-09-20",98.865,FALSE,NA,NA,"<= day","daily",NA,NA,NA
"2020-09-21",99.859,FALSE,NA,NA,"<= day","daily",NA,NA,NA
"2020-09-22",95.141,FALSE,NA,NA,"<= day","daily",NA,NA,NA
"2020-09-23",122.924,FALSE,NA,NA,"<= day","daily",NA,NA,NA
"2020-09-24",119.475,FALSE,NA,NA,"<= day","daily",NA,NA,NA
"2020-09-25",150.149,FALSE,NA,NA,"<= day","daily",NA,NA,NA
"2020-09-26",138.659,FALSE,NA,NA,"<= day","daily",NA,NA,NA
"2020-09-27",137.477,FALSE,NA,NA,"<= day","daily",NA,NA,NA
"2020-09-28",140.052,FALSE,NA,NA,"<= day","daily",NA,NA,NA
"2020-09-29",169.3,FALSE,NA,NA,"<= day","daily",NA,NA,NA
"2020-09-30",165.294,FALSE,NA,NA,"<= day","daily",NA,NA,NA
"2020-10-01",149.348,FALSE,NA,NA,"<= day","daily",NA,NA,NA
"2020-10-02",158.706,FALSE,NA,NA,"<= day","daily",NA,NA,NA
"2020-10-03",192.241,FALSE,NA,NA,"<= day","daily",NA,NA,NA
"2020-10-04",159.924,FALSE,NA,NA,"<= day","daily",NA,NA,NA
"2020-10-05",144.338,FALSE,NA,NA,"<= day","daily",NA,NA,NA
"2020-10-06",149.285,FALSE,NA,NA,"<= day","daily",NA,NA,NA
"2020-10-07",164.809,FALSE,NA,NA,"<= day","daily",NA,NA,NA
"2020-10-08",153.338,FALSE,NA,NA,"<= day","daily",NA,NA,NA
"2020-10-09",147.036,FALSE,NA,NA,"<= day","daily",NA,NA,NA
"2020-10-10",144.178,FALSE,NA,NA,"<= day","daily",NA,NA,NA
"2020-10-11",141.738,FALSE,NA,NA,"<= day","daily",NA,NA,NA
"2020-10-12",139.718,FALSE,NA,NA,"<= day","daily",NA,NA,NA
"2020-10-13",135.608,FALSE,NA,NA,"<= day","daily",NA,NA,NA
"2020-10-14",131.859,FALSE,NA,NA,"<= day","daily",NA,NA,NA
"2020-10-15",129.816,FALSE,NA,NA,"<= day","daily",NA,NA,NA
"2020-10-16",125.156,FALSE,NA,NA,"<= day","daily",NA,NA,NA
"2020-10-17",122.169,FALSE,NA,NA,"<= day","daily",NA,NA,NA
"2020-10-18",121.105,FALSE,NA,NA,"<= day","daily",NA,NA,NA
"2020-10-19",119.545,FALSE,NA,NA,"<= day","daily",NA,NA,NA
"2020-10-20",116.853,FALSE,NA,NA,"<= day","daily",NA,NA,NA
"2020-10-21",120.16,FALSE,NA,NA,"<= day","daily",NA,NA,NA
"2020-10-22",125.902,FALSE,NA,NA,"<= day","daily",NA,NA,NA
"2020-10-23",189.972,FALSE,NA,NA,"<= day","daily",NA,NA,NA
"2020-10-24",183.273,FALSE,NA,NA,"<= day","daily",NA,NA,NA
"2020-10-25",148.448,FALSE,NA,NA,"<= day","daily",NA,NA,NA
"2020-10-26",145.599,FALSE,NA,NA,"<= day","daily",NA,NA,NA
"2020-10-27",143.406,FALSE,NA,NA,"<= day","daily",NA,NA,NA
"2020-10-28",142.401,FALSE,NA,NA,"<= day","daily",NA,NA,NA
"2020-10-29",146.91,FALSE,NA,NA,"<= day","daily",NA,NA,NA
"2020-10-30",144.563,FALSE,NA,NA,"<= day","daily",NA,NA,NA
"2020-10-31",141.961,FALSE,NA,NA,"<= day","daily",NA,NA,NA
"2020-11-01",139.651,FALSE,NA,NA,"<= day","daily",NA,NA,NA
"2020-11-02",174.118,FALSE,NA,NA,"<= day","daily",NA,NA,NA
"2020-11-03",161.543,FALSE,NA,NA,"<= day","daily",NA,NA,NA
"2020-11-04",146.166,FALSE,NA,NA,"<= day","daily",NA,NA,NA
"2020-11-05",141.339,FALSE,NA,NA,"<= day","daily",NA,NA,NA
"2020-11-06",136.452,FALSE,NA,NA,"<= day","daily",NA,NA,NA
"2020-11-07",128.595,FALSE,NA,NA,"<= day","daily",NA,NA,NA
"2020-11-08",124.677,FALSE,NA,NA,"<= day","daily",NA,NA,NA
"2020-11-09",123.921,FALSE,NA,NA,"<= day","daily",NA,NA,NA
"2020-11-10",120.53,FALSE,NA,NA,"<= day","daily",NA,NA,NA
"2020-11-11",115.366,FALSE,NA,NA,"<= day","daily",NA,NA,NA
"2020-11-12",110.612,FALSE,NA,NA,"<= day","daily",NA,NA,NA
"2020-11-13",107.147,FALSE,NA,NA,"<= day","daily",NA,NA,NA
"2020-11-14",102.876,FALSE,NA,NA,"<= day","daily",NA,NA,NA
"2020-11-15",101.614,FALSE,NA,NA,"<= day","daily",NA,NA,NA
"2020-11-16",110.316,FALSE,NA,NA,"<= day","daily",NA,NA,NA
"2020-11-17",104.657,FALSE,NA,NA,"<= day","daily",NA,NA,NA
"2020-11-18",101.916,FALSE,NA,NA,"<= day","daily",NA,NA,NA
"2020-11-19",119.823,FALSE,NA,NA,"<= day","daily",NA,NA,NA
"2020-11-20",129.852,FALSE,NA,NA,"<= day","daily",NA,NA,NA
"2020-11-21",115.352,FALSE,NA,NA,"<= day","daily",NA,NA,NA
"2020-11-22",105.756,FALSE,NA,NA,"<= day","daily",NA,NA,NA
"2020-11-23",101.568,FALSE,NA,NA,"<= day","daily",NA,NA,NA
"2020-11-24",98.533,FALSE,NA,NA,"<= day","daily",NA,NA,NA
"2020-11-25",92.281,FALSE,NA,NA,"<= day","daily",NA,NA,NA
"2020-11-26",89.214,FALSE,NA,NA,"<= day","daily",NA,NA,NA
"2020-11-27",83.057,FALSE,NA,NA,"<= day","daily",NA,NA,NA
"2020-11-28",78.459,FALSE,NA,NA,"<= day","daily",NA,NA,NA
"2020-11-29",75.666,FALSE,NA,NA,"<= day","daily",NA,NA,NA
"2020-11-30",69.302,FALSE,NA,NA,"<= day","daily",NA,NA,NA
"2020-12-01",69.407,FALSE,NA,NA,"<= day","daily",NA,NA,NA
"2020-12-02",73.574,FALSE,NA,NA,"<= day","daily",NA,NA,NA
"2020-12-03",69.45,FALSE,NA,NA,"<= day","daily",NA,NA,NA
"2020-12-04",66.192,FALSE,NA,NA,"<= day","daily",NA,NA,NA
"2020-12-05",64.197,FALSE,NA,NA,"<= day","daily",NA,NA,NA
"2020-12-06",63.192,FALSE,NA,NA,"<= day","daily",NA,NA,NA
"2020-12-07",62.203,FALSE,NA,NA,"<= day","daily",NA,NA,NA
"2020-12-08",61.652,FALSE,NA,NA,"<= day","daily",NA,NA,NA
"2020-12-09",58.959,FALSE,NA,NA,"<= day","daily",NA,NA,NA
"2020-12-10",56.549,FALSE,NA,NA,"<= day","daily",NA,NA,NA
"2020-12-11",54.884,FALSE,NA,NA,"<= day","daily",NA,NA,NA
"2020-12-12",56.576,FALSE,NA,NA,"<= day","daily",NA,NA,NA
"2020-12-13",57.264,FALSE,NA,NA,"<= day","daily",NA,NA,NA
"2020-12-14",55.758,FALSE,NA,NA,"<= day","daily",NA,NA,NA
"2020-12-15",58.816,FALSE,NA,NA,"<= day","daily",NA,NA,NA
"2020-12-16",60.879,FALSE,NA,NA,"<= day","daily",NA,NA,NA
"2020-12-17",67.539,FALSE,NA,NA,"<= day","daily",NA,NA,NA
"2020-12-18",62.163,FALSE,NA,NA,"<= day","daily",NA,NA,NA
"2020-12-19",66.247,FALSE,NA,NA,"<= day","daily",NA,NA,NA
"2020-12-20",55.59,FALSE,NA,NA,"<= day","daily",NA,NA,NA
"2020-12-21",55.594,FALSE,NA,NA,"<= day","daily",NA,NA,NA
"2020-12-22",104.61,FALSE,NA,NA,"<= day","daily",NA,NA,NA
"2020-12-23",86.11,FALSE,NA,NA,"<= day","daily",NA,NA,NA
"2020-12-24",103.311,FALSE,NA,NA,"<= day","daily",NA,NA,NA
"2020-12-25",84.138,FALSE,NA,NA,"<= day","daily",NA,NA,NA
"2020-12-26",71.218,FALSE,NA,NA,"<= day","daily",NA,NA,NA
"2020-12-27",78.038,FALSE,NA,NA,"<= day","daily",NA,NA,NA
"2020-12-28",76.67,FALSE,NA,NA,"<= day","daily",NA,NA,NA
"2020-12-29",61.674,FALSE,NA,NA,"<= day","daily",NA,NA,NA
"2020-12-30",57.295,FALSE,NA,NA,"<= day","daily",NA,NA,NA
"2020-12-31",55.45,FALSE,NA,NA,"<= day","daily",NA,NA,NA
"2021-01-01",54.604,FALSE,NA,NA,"<= day","daily",NA,NA,NA
"2021-01-02",53.758,FALSE,NA,NA,"<= day","daily",NA,NA,NA
"2021-01-03",52.855,FALSE,NA,NA,"<= day","daily",NA,NA,NA
"2021-01-04",51.664,FALSE,NA,NA,"<= day","daily",NA,NA,NA
"2021-01-05",50.592,FALSE,NA,NA,"<= day","daily",NA,NA,NA
"2021-01-06",49.462,FALSE,NA,NA,"<= day","daily",NA,NA,NA
"2021-01-07",46.332,FALSE,NA,NA,"<= day","daily",NA,NA,NA
"2021-01-08",44.812,FALSE,NA,NA,"<= day","daily",NA,NA,NA
"2021-01-09",43.807,FALSE,NA,NA,"<= day","daily",NA,NA,NA
"2021-01-10",43.779,FALSE,NA,NA,"<= day","daily",NA,NA,NA
"2021-01-11",43.779,FALSE,NA,NA,"<= day","daily",NA,NA,NA
"2021-01-12",43.199,FALSE,NA,NA,"<= day","daily",NA,NA,NA
"2021-01-13",41.436,FALSE,NA,NA,"<= day","daily",NA,NA,NA
"2021-01-14",40.699,FALSE,NA,NA,"<= day","daily",NA,NA,NA
"2021-01-15",39.962,FALSE,NA,NA,"<= day","daily",NA,NA,NA
"2021-01-16",39.481,FALSE,NA,NA,"<= day","daily",NA,NA,NA
"2021-01-17",43.516,FALSE,NA,NA,"<= day","daily",NA,NA,NA
"2021-01-18",45.13,FALSE,NA,NA,"<= day","daily",NA,NA,NA
"2021-01-19",45.13,FALSE,NA,NA,"<= day","daily",NA,NA,NA
"2021-01-20",45.13,FALSE,NA,NA,"<= day","daily",NA,NA,NA
"2021-01-21",45.13,FALSE,NA,NA,"<= day","daily",NA,NA,NA
"2021-01-22",45.13,FALSE,NA,NA,"<= day","daily",NA,NA,NA
"2021-01-23",45.13,FALSE,NA,NA,"<= day","daily",NA,NA,NA
"2021-01-24",45.13,FALSE,NA,NA,"<= day","daily",NA,NA,NA
"2021-01-25",43.215,FALSE,NA,NA,"<= day","daily",NA,NA,NA
"2021-01-26",43.614,FALSE,NA,NA,"<= day","daily",NA,NA,NA
"2021-01-27",44.545,FALSE,NA,NA,"<= day","daily",NA,NA,NA
"2021-01-28",77.508,FALSE,NA,NA,"<= day","daily",NA,NA,NA
"2021-01-29",100.948,FALSE,NA,NA,"<= day","daily",NA,NA,NA
"2021-01-30",69.135,FALSE,NA,NA,"<= day","daily",NA,NA,NA
"2021-01-31",58.819,FALSE,NA,NA,"<= day","daily",NA,NA,NA
"2021-02-01",54.443,FALSE,NA,NA,"<= day","daily",NA,NA,NA
"2021-02-02",62.215,FALSE,NA,NA,"<= day","daily",NA,NA,NA
"2021-02-03",118.236,FALSE,NA,NA,"<= day","daily",NA,NA,NA
"2021-02-04",114.653,FALSE,NA,NA,"<= day","daily",NA,NA,NA
"2021-02-05",91.629,FALSE,NA,NA,"<= day","daily",NA,NA,NA
"2021-02-06",86.18,FALSE,NA,NA,"<= day","daily",NA,NA,NA
"2021-02-07",79.238,FALSE,NA,NA,"<= day","daily",NA,NA,NA
"2021-02-08",70.125,FALSE,NA,NA,"<= day","daily",NA,NA,NA
"2021-02-09",67.268,FALSE,NA,NA,"<= day","daily",NA,NA,NA
"2021-02-10",64.272,FALSE,NA,NA,"<= day","daily",NA,NA,NA
"2021-02-11",59.273,FALSE,NA,NA,"<= day","daily",NA,NA,NA
"2021-02-12",56.476,FALSE,NA,NA,"<= day","daily",NA,NA,NA
"2021-02-13",54.086,FALSE,NA,NA,"<= day","daily",NA,NA,NA
"2021-02-14",53.396,FALSE,NA,NA,"<= day","daily",NA,NA,NA
"2021-02-15",54.64,FALSE,NA,NA,"<= day","daily",NA,NA,NA
"2021-02-16",65.803,FALSE,NA,NA,"<= day","daily",NA,NA,NA
"2021-02-17",81.599,FALSE,NA,NA,"<= day","daily",NA,NA,NA
"2021-02-18",73.757,FALSE,NA,NA,"<= day","daily",NA,NA,NA
"2021-02-19",74.457,FALSE,NA,NA,"<= day","daily",NA,NA,NA
"2021-02-20",87.157,FALSE,NA,NA,"<= day","daily",NA,NA,NA
"2021-02-21",96.858,FALSE,NA,NA,"<= day","daily",NA,NA,NA
"2021-02-22",91.458,FALSE,NA,NA,"<= day","daily",NA,NA,NA
"2021-02-23",89.432,FALSE,NA,NA,"<= day","daily",NA,NA,NA
"2021-02-24",108.527,FALSE,NA,NA,"<= day","daily",NA,NA,NA
"2021-02-25",116.076,FALSE,NA,NA,"<= day","daily",NA,NA,NA
"2021-02-26",116.739,FALSE,NA,NA,"<= day","daily",NA,NA,NA
"2021-02-27",116.838,FALSE,NA,NA,"<= day","daily",NA,NA,NA
"2021-02-28",118.353,FALSE,NA,NA,"<= day","daily",NA,NA,NA
"2021-03-01",118.233,FALSE,NA,NA,"<= day","daily",NA,NA,NA
"2021-03-02",117.279,FALSE,NA,NA,"<= day","daily",NA,NA,NA
"2021-03-03",108.84,FALSE,NA,NA,"<= day","daily",NA,NA,NA
"2021-03-04",98.624,FALSE,NA,NA,"<= day","daily",NA,NA,NA
"2021-03-05",100.262,FALSE,NA,NA,"<= day","daily",NA,NA,NA
"2021-03-06",96.285,FALSE,NA,NA,"<= day","daily",NA,NA,NA
"2021-03-07",95.832,FALSE,NA,NA,"<= day","daily",NA,NA,NA
"2021-03-08",88.446,FALSE,NA,NA,"<= day","daily",NA,NA,NA
"2021-03-09",84.879,FALSE,NA,NA,"<= day","daily",NA,NA,NA
"2021-03-10",84.248,FALSE,NA,NA,"<= day","daily",NA,NA,NA
"2021-03-11",90.58,FALSE,NA,NA,"<= day","daily",NA,NA,NA
"2021-03-12",106.183,FALSE,NA,NA,"<= day","daily",NA,NA,NA
"2021-03-13",90.784,FALSE,NA,NA,"<= day","daily",NA,NA,NA
"2021-03-14",84.569,FALSE,NA,NA,"<= day","daily",NA,NA,NA
"2021-03-15",78.602,FALSE,NA,NA,"<= day","daily",NA,NA,NA
"2021-03-16",71.578,FALSE,NA,NA,"<= day","daily",NA,NA,NA
"2021-03-17",67.596,FALSE,NA,NA,"<= day","daily",NA,NA,NA
"2021-03-18",65.105,FALSE,NA,NA,"<= day","daily",NA,NA,NA
"2021-03-19",66.547,FALSE,NA,NA,"<= day","daily",NA,NA,NA
"2021-03-20",59.07,FALSE,NA,NA,"<= day","daily",NA,NA,NA
"2021-03-21",60.832,FALSE,NA,NA,"<= day","daily",NA,NA,NA
"2021-03-22",60.479,FALSE,NA,NA,"<= day","daily",NA,NA,NA
"2021-03-23",63.383,FALSE,NA,NA,"<= day","daily",NA,NA,NA
"2021-03-24",77.012,FALSE,NA,NA,"<= day","daily",NA,NA,NA
"2021-03-25",88.525,FALSE,NA,NA,"<= day","daily",NA,NA,NA
"2021-03-26",97.697,FALSE,NA,NA,"<= day","daily",NA,NA,NA
"2021-03-27",101.96,FALSE,NA,NA,"<= day","daily",NA,NA,NA
"2021-03-28",101.112,FALSE,NA,NA,"<= day","daily",NA,NA,NA
"2021-03-29",112.527,FALSE,NA,NA,"<= day","daily",NA,NA,NA
"2021-03-30",132.003,FALSE,NA,NA,"<= day","daily",NA,NA,NA
"2021-03-31",147.117,FALSE,NA,NA,"<= day","daily",NA,NA,NA
"2021-04-01",151.231,FALSE,NA,NA,"<= day","daily",NA,NA,NA
"2021-04-02",154.035,FALSE,NA,NA,"<= day","daily",NA,NA,NA
"2021-04-03",152.26,FALSE,NA,NA,"<= day","daily",NA,NA,NA
"2021-04-04",145.67,FALSE,NA,NA,"<= day","daily",NA,NA,NA
"2021-04-05",140.536,FALSE,NA,NA,"<= day","daily",NA,NA,NA
"2021-04-06",135.069,FALSE,NA,NA,"<= day","daily",NA,NA,NA
"2021-04-07",121.774,FALSE,NA,NA,"<= day","daily",NA,NA,NA
"2021-04-08",112.144,FALSE,NA,NA,"<= day","daily",NA,NA,NA
"2021-04-09",112.895,FALSE,NA,NA,"<= day","daily",NA,NA,NA
"2021-04-10",115.702,FALSE,NA,NA,"<= day","daily",NA,NA,NA
"2021-04-11",118.425,FALSE,NA,NA,"<= day","daily",NA,NA,NA
"2021-04-12",119.392,FALSE,NA,NA,"<= day","daily",NA,NA,NA
"2021-04-13",108.734,FALSE,NA,NA,"<= day","daily",NA,NA,NA
"2021-04-14",103.485,FALSE,NA,NA,"<= day","daily",NA,NA,NA
"2021-04-15",98.502,FALSE,NA,NA,"<= day","daily",NA,NA,NA
"2021-04-16",97.752,FALSE,NA,NA,"<= day","daily",NA,NA,NA
"2021-04-17",102.836,FALSE,NA,NA,"<= day","daily",NA,NA,NA
"2021-04-18",102.925,FALSE,NA,NA,"<= day","daily",NA,NA,NA
"2021-04-19",104.305,FALSE,NA,NA,"<= day","daily",NA,NA,NA
"2021-04-20",114.78,FALSE,NA,NA,"<= day","daily",NA,NA,NA
"2021-04-21",118.495,FALSE,NA,NA,"<= day","daily",NA,NA,NA
"2021-04-22",123.83,FALSE,NA,NA,"<= day","daily",NA,NA,NA
"2021-04-23",137.625,FALSE,NA,NA,"<= day","daily",NA,NA,NA
"2021-04-24",147.726,FALSE,NA,NA,"<= day","daily",NA,NA,NA
"2021-04-25",156.35,FALSE,NA,NA,"<= day","daily",NA,NA,NA
"2021-04-26",155.128,FALSE,NA,NA,"<= day","daily",NA,NA,NA
"2021-04-27",158.625,FALSE,NA,NA,"<= day","daily",NA,NA,NA
"2021-04-28",160.322,FALSE,NA,NA,"<= day","daily",NA,NA,NA
"2021-04-29",154.607,FALSE,NA,NA,"<= day","daily",NA,NA,NA
"2021-04-30",150.499,FALSE,NA,NA,"<= day","daily",NA,NA,NA
"2021-05-01",149.506,FALSE,NA,NA,"<= day","daily",NA,NA,NA
"2021-05-02",145.812,FALSE,NA,NA,"<= day","daily",NA,NA,NA
"2021-05-03",142.134,FALSE,NA,NA,"<= day","daily",NA,NA,NA
"2021-05-04",141.329,FALSE,NA,NA,"<= day","daily",NA,NA,NA
"2021-05-05",139.604,FALSE,NA,NA,"<= day","daily",NA,NA,NA
"2021-05-06",134.899,FALSE,NA,NA,"<= day","daily",NA,NA,NA
"2021-05-07",141.607,FALSE,NA,NA,"<= day","daily",NA,NA,NA
"2021-05-08",133.833,FALSE,NA,NA,"<= day","daily",NA,NA,NA
"2021-05-09",145.298,FALSE,NA,NA,"<= day","daily",NA,NA,NA
"2021-05-10",172.484,FALSE,NA,NA,"<= day","daily",NA,NA,NA
"2021-05-11",188.724,FALSE,NA,NA,"<= day","daily",NA,NA,NA
"2021-05-12",159.426,FALSE,NA,NA,"<= day","daily",NA,NA,NA
"2021-05-13",149.176,FALSE,NA,NA,"<= day","daily",NA,NA,NA
"2021-05-14",145.073,FALSE,NA,NA,"<= day","daily",NA,NA,NA
"2021-05-15",143.432,FALSE,NA,NA,"<= day","daily",NA,NA,NA
"2021-05-16",148.864,FALSE,NA,NA,"<= day","daily",NA,NA,NA
"2021-05-17",151.28,FALSE,NA,NA,"<= day","daily",NA,NA,NA
"2021-05-18",145.106,FALSE,NA,NA,"<= day","daily",NA,NA,NA
"2021-05-19",141.032,FALSE,NA,NA,"<= day","daily",NA,NA,NA
"2021-05-20",138.985,FALSE,NA,NA,"<= day","daily",NA,NA,NA
"2021-05-21",139.618,FALSE,NA,NA,"<= day","daily",NA,NA,NA
"2021-05-22",147.992,FALSE,NA,NA,"<= day","daily",NA,NA,NA
"2021-05-23",146.439,FALSE,NA,NA,"<= day","daily",NA,NA,NA
"2021-05-24",144.028,FALSE,NA,NA,"<= day","daily",NA,NA,NA
"2021-05-25",141.902,FALSE,NA,NA,"<= day","daily",NA,NA,NA
"2021-05-26",139.939,FALSE,NA,NA,"<= day","daily",NA,NA,NA
"2021-05-27",154.76,FALSE,NA,NA,"<= day","daily",NA,NA,NA
"2021-05-28",167.498,FALSE,NA,NA,"<= day","daily",NA,NA,NA
"2021-05-29",182.946,FALSE,NA,NA,"<= day","daily",NA,NA,NA
"2021-05-30",190.016,FALSE,NA,NA,"<= day","daily",NA,NA,NA
"2021-05-31",194.028,FALSE,NA,NA,"<= day","daily",NA,NA,NA
"2021-06-01",194.606,FALSE,NA,NA,"<= day","daily",NA,NA,NA
"2021-06-02",195.566,FALSE,NA,NA,"<= day","daily",NA,NA,NA
"2021-06-03",197.017,FALSE,NA,NA,"<= day","daily",NA,NA,NA
"2021-06-04",197.657,FALSE,NA,NA,"<= day","daily",NA,NA,NA
"2021-06-05",197.685,FALSE,NA,NA,"<= day","daily",NA,NA,NA
"2021-06-06",197.171,FALSE,NA,NA,"<= day","daily",NA,NA,NA
"2021-06-07",197.534,FALSE,NA,NA,"<= day","daily",NA,NA,NA
"2021-06-08",197.444,FALSE,NA,NA,"<= day","daily",NA,NA,NA
"2021-06-09",196.7,FALSE,NA,NA,"<= day","daily",NA,NA,NA
"2021-06-10",195.799,FALSE,NA,NA,"<= day","daily",NA,NA,NA
"2021-06-11",195.754,FALSE,NA,NA,"<= day","daily",NA,NA,NA
"2021-06-12",195.705,FALSE,NA,NA,"<= day","daily",NA,NA,NA
"2021-06-13",196.382,FALSE,NA,NA,"<= day","daily",NA,NA,NA
"2021-06-14",196.778,FALSE,NA,NA,"<= day","daily",NA,NA,NA
"2021-06-15",197.161,FALSE,NA,NA,"<= day","daily",NA,NA,NA
"2021-06-16",196.896,FALSE,NA,NA,"<= day","daily",NA,NA,NA
"2021-06-17",196.524,FALSE,NA,NA,"<= day","daily",NA,NA,NA
"2021-06-18",197.036,FALSE,NA,NA,"<= day","daily",NA,NA,NA
"2021-06-19",196.203,FALSE,NA,NA,"<= day","daily",NA,NA,NA
"2021-06-20",196.776,FALSE,NA,NA,"<= day","daily",NA,NA,NA
"2021-06-21",196.132,FALSE,NA,NA,"<= day","daily",NA,NA,NA
"2021-06-22",194.34,FALSE,NA,NA,"<= day","daily",NA,NA,NA
"2021-06-23",194.126,FALSE,NA,NA,"<= day","daily",NA,NA,NA
"2021-06-24",195.46,FALSE,NA,NA,"<= day","daily",NA,NA,NA
"2021-06-25",191.997,FALSE,NA,NA,"<= day","daily",NA,NA,NA
"2021-06-26",191.234,FALSE,NA,NA,"<= day","daily",NA,NA,NA
"2021-06-27",191.563,FALSE,NA,NA,"<= day","daily",NA,NA,NA
"2021-06-28",192.954,FALSE,NA,NA,"<= day","daily",NA,NA,NA
"2021-06-29",194.077,FALSE,NA,NA,"<= day","daily",NA,NA,NA
"2021-06-30",191.936,FALSE,NA,NA,"<= day","daily",NA,NA,NA
"2021-07-01",192.163,FALSE,NA,NA,"<= day","daily",NA,NA,NA
"2021-07-02",189.412,FALSE,NA,NA,"<= day","daily",NA,NA,NA
"2021-07-03",189.01,FALSE,NA,NA,"<= day","daily",NA,NA,NA
"2021-07-04",189.969,FALSE,NA,NA,"<= day","daily",NA,NA,NA
"2021-07-05",189.769,FALSE,NA,NA,"<= day","daily",NA,NA,NA
"2021-07-06",192.182,FALSE,NA,NA,"<= day","daily",NA,NA,NA
"2021-07-07",197.565,FALSE,NA,NA,"<= day","daily",NA,NA,NA
"2021-07-08",197.086,FALSE,NA,NA,"<= day","daily",NA,NA,NA
"2021-07-09",194.819,FALSE,NA,NA,"<= day","daily",NA,NA,NA
"2021-07-10",190.361,FALSE,NA,NA,"<= day","daily",NA,NA,NA
"2021-07-11",193.849,FALSE,NA,NA,"<= day","daily",NA,NA,NA
"2021-07-12",190.491,FALSE,NA,NA,"<= day","daily",NA,NA,NA
"2021-07-13",195.858,FALSE,NA,NA,"<= day","daily",NA,NA,NA
"2021-07-14",191.181,FALSE,NA,NA,"<= day","daily",NA,NA,NA
"2021-07-15",196.198,FALSE,NA,NA,"<= day","daily",NA,NA,NA
"2021-07-16",194.761,FALSE,NA,NA,"<= day","daily",NA,NA,NA
"2021-07-17",191.363,FALSE,NA,NA,"<= day","daily",NA,NA,NA
"2021-07-18",191.081,FALSE,NA,NA,"<= day","daily",NA,NA,NA
"2021-07-19",188.34,FALSE,NA,NA,"<= day","daily",NA,NA,NA
"2021-07-20",186.307,FALSE,NA,NA,"<= day","daily",NA,NA,NA
"2021-07-21",182.242,FALSE,NA,NA,"<= day","daily",NA,NA,NA
"2021-07-22",180.991,FALSE,NA,NA,"<= day","daily",NA,NA,NA
"2021-07-23",178.891,FALSE,NA,NA,"<= day","daily",NA,NA,NA
"2021-07-24",180.906,FALSE,NA,NA,"<= day","daily",NA,NA,NA
"2021-07-25",182.2,FALSE,NA,NA,"<= day","daily",NA,NA,NA
"2021-07-26",174.65,FALSE,NA,NA,"<= day","daily",NA,NA,NA
"2021-07-27",169.083,FALSE,NA,NA,"<= day","daily",NA,NA,NA
"2021-07-28",182.398,FALSE,NA,NA,"<= day","daily",NA,NA,NA
"2021-07-29",164.255,FALSE,NA,NA,"<= day","daily",NA,NA,NA
"2021-07-30",186.08,FALSE,NA,NA,"<= day","daily",NA,NA,NA
"2021-07-31",182.185,FALSE,NA,NA,"<= day","daily",NA,NA,NA
"2021-08-01",187.447,FALSE,NA,NA,"<= day","daily",NA,NA,NA
"2021-08-02",160.763,FALSE,NA,NA,"<= day","daily",NA,NA,NA
"2021-08-03",138.732,FALSE,NA,NA,"<= day","daily",NA,NA,NA
"2021-08-04",186.117,FALSE,NA,NA,"<= day","daily",NA,NA,NA
"2021-08-05",189.574,FALSE,NA,NA,"<= day","daily",NA,NA,NA
"2021-08-06",164.274,FALSE,NA,NA,"<= day","daily",NA,NA,NA
"2021-08-07",164.348,FALSE,NA,NA,"<= day","daily",NA,NA,NA
"2021-08-08",180.554,FALSE,NA,NA,"<= day","daily",NA,NA,NA
"2021-08-09",148.434,FALSE,NA,NA,"<= day","daily",NA,NA,NA
"2021-08-10",144.567,FALSE,NA,NA,"<= day","daily",NA,NA,NA
"2021-08-11",156.716,FALSE,NA,NA,"<= day","daily",NA,NA,NA
"2021-08-12",151.378,FALSE,NA,NA,"<= day","daily",NA,NA,NA
"2021-08-13",176.083,FALSE,NA,NA,"<= day","daily",NA,NA,NA
"2021-08-14",151.577,FALSE,NA,NA,"<= day","daily",NA,NA,NA
"2021-08-15",142.508,FALSE,NA,NA,"<= day","daily",NA,NA,NA
"2021-08-16",172.959,FALSE,NA,NA,"<= day","daily",NA,NA,NA
"2021-08-17",139.279,FALSE,NA,NA,"<= day","daily",NA,NA,NA
"2021-08-18",130.902,FALSE,NA,NA,"<= day","daily",NA,NA,NA
"2021-08-19",129.605,FALSE,NA,NA,"<= day","daily",NA,NA,NA
"2021-08-20",127.586,FALSE,NA,NA,"<= day","daily",NA,NA,NA
"2021-08-21",125.975,FALSE,NA,NA,"<= day","daily",NA,NA,NA
"2021-08-22",156.291,FALSE,NA,NA,"<= day","daily",NA,NA,NA
"2021-08-23",139.897,FALSE,NA,NA,"<= day","daily",NA,NA,NA
"2021-08-24",128.945,FALSE,NA,NA,"<= day","daily",NA,NA,NA
"2021-08-25",125.159,FALSE,NA,NA,"<= day","daily",NA,NA,NA
"2021-08-26",119.814,FALSE,NA,NA,"<= day","daily",NA,NA,NA
"2021-08-27",120.981,FALSE,NA,NA,"<= day","daily",NA,NA,NA
"2021-08-28",116.999,FALSE,NA,NA,"<= day","daily",NA,NA,NA
"2021-08-29",113.01,FALSE,NA,NA,"<= day","daily",NA,NA,NA
"2021-08-30",113.271,FALSE,NA,NA,"<= day","daily",NA,NA,NA
"2021-08-31",112.665,FALSE,NA,NA,"<= day","daily",NA,NA,NA
"2021-09-01",108.438,FALSE,NA,NA,"<= day","daily",NA,NA,NA
"2021-09-02",110.298,FALSE,NA,NA,"<= day","daily",NA,NA,NA
"2021-09-03",109.548,FALSE,NA,NA,"<= day","daily",NA,NA,NA
"2021-09-04",115.849,FALSE,NA,NA,"<= day","daily",NA,NA,NA
"2021-09-05",119.703,FALSE,NA,NA,"<= day","daily",NA,NA,NA
"2021-09-06",111.305,FALSE,NA,NA,"<= day","daily",NA,NA,NA
"2021-09-07",111.632,FALSE,NA,NA,"<= day","daily",NA,NA,NA
"2021-09-08",108.337,FALSE,NA,NA,"<= day","daily",NA,NA,NA
"2021-09-09",109.443,FALSE,NA,NA,"<= day","daily",NA,NA,NA
"2021-09-10",123.63,FALSE,NA,NA,"<= day","daily",NA,NA,NA
"2021-09-11",121.918,FALSE,NA,NA,"<= day","daily",NA,NA,NA
"2021-09-12",111.489,FALSE,NA,NA,"<= day","daily",NA,NA,NA
"2021-09-13",112.841,FALSE,NA,NA,"<= day","daily",NA,NA,NA
"2021-09-14",108.119,FALSE,NA,NA,"<= day","daily",NA,NA,NA
"2021-09-15",137.007,FALSE,NA,NA,"<= day","daily",NA,NA,NA
"2021-09-16",174.934,FALSE,NA,NA,"<= day","daily",NA,NA,NA
"2021-09-17",144.348,FALSE,NA,NA,"<= day","daily",NA,NA,NA
"2021-09-18",130.401,FALSE,NA,NA,"<= day","daily",NA,NA,NA
"2021-09-19",167.836,FALSE,NA,NA,"<= day","daily",NA,NA,NA
"2021-09-20",181.028,FALSE,NA,NA,"<= day","daily",NA,NA,NA
"2021-09-21",161.568,FALSE,NA,NA,"<= day","daily",NA,NA,NA
"2021-09-22",140.172,FALSE,NA,NA,"<= day","daily",NA,NA,NA
"2021-09-23",132.692,FALSE,NA,NA,"<= day","daily",NA,NA,NA
"2021-09-24",120.628,FALSE,NA,NA,"<= day","daily",NA,NA,NA
"2021-09-25",115.179,FALSE,NA,NA,"<= day","daily",NA,NA,NA
"2021-09-26",143.131,FALSE,NA,NA,"<= day","daily",NA,NA,NA
"2021-09-27",132.35,FALSE,NA,NA,"<= day","daily",NA,NA,NA
"2021-09-28",121.456,FALSE,NA,NA,"<= day","daily",NA,NA,NA
"2021-09-29",119.31,FALSE,NA,NA,"<= day","daily",NA,NA,NA
"2021-09-30",111.556,FALSE,NA,NA,"<= day","daily",NA,NA,NA
"2021-10-01",103.749,FALSE,NA,NA,"<= day","daily",NA,NA,NA
"2021-10-02",106.057,FALSE,NA,NA,"<= day","daily",NA,NA,NA
"2021-10-03",105.598,FALSE,NA,NA,"<= day","daily",NA,NA,NA
"2021-10-04",107.135,FALSE,NA,NA,"<= day","daily",NA,NA,NA
"2021-10-05",135.212,FALSE,NA,NA,"<= day","daily",NA,NA,NA
"2021-10-06",139.656,FALSE,NA,NA,"<= day","daily",NA,NA,NA
"2021-10-07",137.218,FALSE,NA,NA,"<= day","daily",NA,NA,NA
"2021-10-08",135.332,FALSE,NA,NA,"<= day","daily",NA,NA,NA
"2021-10-09",132.185,FALSE,NA,NA,"<= day","daily",NA,NA,NA
"2021-10-10",119.524,FALSE,NA,NA,"<= day","daily",NA,NA,NA
"2021-10-11",106.941,FALSE,NA,NA,"<= day","daily",NA,NA,NA
"2021-10-12",100.019,FALSE,NA,NA,"<= day","daily",NA,NA,NA
"2021-10-13",98.863,FALSE,NA,NA,"<= day","daily",NA,NA,NA
"2021-10-14",95.703,FALSE,NA,NA,"<= day","daily",NA,NA,NA
"2021-10-15",91.182,FALSE,NA,NA,"<= day","daily",NA,NA,NA
"2021-10-16",86.213,FALSE,NA,NA,"<= day","daily",NA,NA,NA
"2021-10-17",80.325,FALSE,NA,NA,"<= day","daily",NA,NA,NA
"2021-10-18",76.865,FALSE,NA,NA,"<= day","daily",NA,NA,NA
"2021-10-19",72.064,FALSE,NA,NA,"<= day","daily",NA,NA,NA
"2021-10-20",69.988,FALSE,NA,NA,"<= day","daily",NA,NA,NA
"2021-10-21",130.278,FALSE,NA,NA,"<= day","daily",NA,NA,NA
"2021-10-22",121.804,FALSE,NA,NA,"<= day","daily",NA,NA,NA
"2021-10-23",100.446,FALSE,NA,NA,"<= day","daily",NA,NA,NA
"2021-10-24",91.789,FALSE,NA,NA,"<= day","daily",NA,NA,NA
"2021-10-25",86.259,FALSE,NA,NA,"<= day","daily",NA,NA,NA
"2021-10-26",80.08,FALSE,NA,NA,"<= day","daily",NA,NA,NA
"2021-10-27",74.301,FALSE,NA,NA,"<= day","daily",NA,NA,NA
"2021-10-28",68.997,FALSE,NA,NA,"<= day","daily",NA,NA,NA
"2021-10-29",65.773,FALSE,NA,NA,"<= day","daily",NA,NA,NA
"2021-10-30",64.146,FALSE,NA,NA,"<= day","daily",NA,NA,NA
"2021-10-31",66.98,FALSE,NA,NA,"<= day","daily",NA,NA,NA
"2021-11-01",86.151,FALSE,NA,NA,"<= day","daily",NA,NA,NA
"2021-11-02",90.697,FALSE,NA,NA,"<= day","daily",NA,NA,NA
"2021-11-03",81.647,FALSE,NA,NA,"<= day","daily",NA,NA,NA
"2021-11-04",77.141,FALSE,NA,NA,"<= day","daily",NA,NA,NA
"2021-11-05",78.671,FALSE,NA,NA,"<= day","daily",NA,NA,NA
"2021-11-06",79.193,FALSE,NA,NA,"<= day","daily",NA,NA,NA
"2021-11-07",75.881,FALSE,NA,NA,"<= day","daily",NA,NA,NA
"2021-11-08",74.456,FALSE,NA,NA,"<= day","daily",NA,NA,NA
"2021-11-09",73.132,FALSE,NA,NA,"<= day","daily",NA,NA,NA
"2021-11-10",84.02,FALSE,NA,NA,"<= day","daily",NA,NA,NA
"2021-11-11",96.972,FALSE,NA,NA,"<= day","daily",NA,NA,NA
"2021-11-12",97.79,FALSE,NA,NA,"<= day","daily",NA,NA,NA
"2021-11-13",93.465,FALSE,NA,NA,"<= day","daily",NA,NA,NA
"2021-11-14",86.515,FALSE,NA,NA,"<= day","daily",NA,NA,NA
"2021-11-15",79.699,FALSE,NA,NA,"<= day","daily",NA,NA,NA
"2021-11-16",72.738,FALSE,NA,NA,"<= day","daily",NA,NA,NA
"2021-11-17",69.925,FALSE,NA,NA,"<= day","daily",NA,NA,NA
"2021-11-18",65.12,FALSE,NA,NA,"<= day","daily",NA,NA,NA
"2021-11-19",61.78,FALSE,NA,NA,"<= day","daily",NA,NA,NA
"2021-11-20",57.355,FALSE,NA,NA,"<= day","daily",NA,NA,NA
"2021-11-21",55.864,FALSE,NA,NA,"<= day","daily",NA,NA,NA
"2021-11-22",53.891,FALSE,NA,NA,"<= day","daily",NA,NA,NA
"2021-11-23",50.56,FALSE,NA,NA,"<= day","daily",NA,NA,NA
"2021-11-24",47.624,FALSE,NA,NA,"<= day","daily",NA,NA,NA
"2021-11-25",47.257,FALSE,NA,NA,"<= day","daily",NA,NA,NA
"2021-11-26",46.646,FALSE,NA,NA,"<= day","daily",NA,NA,NA
"2021-11-27",47.442,FALSE,NA,NA,"<= day","daily",NA,NA,NA
"2021-11-28",45.731,FALSE,NA,NA,"<= day","daily",NA,NA,NA
"2021-11-29",45.716,FALSE,NA,NA,"<= day","daily",NA,NA,NA
"2021-11-30",45.716,FALSE,NA,NA,"<= day","daily",NA,NA,NA
"2021-12-01",45.716,FALSE,NA,NA,"<= day","daily",NA,NA,NA
"2021-12-02",45.716,FALSE,NA,NA,"<= day","daily",NA,NA,NA
"2021-12-03",45.716,FALSE,NA,NA,"<= day","daily",NA,NA,NA
"2021-12-04",45.716,FALSE,NA,NA,"<= day","daily",NA,NA,NA
"2021-12-05",45.716,FALSE,NA,NA,"<= day","daily",NA,NA,NA
"2021-12-06",45.716,FALSE,NA,NA,"<= day","daily",NA,NA,NA
"2021-12-07",46.2,FALSE,NA,NA,"<= day","daily",NA,NA,NA
"2021-12-08",46.745,FALSE,NA,NA,"<= day","daily",NA,NA,NA
"2021-12-09",47.223,FALSE,NA,NA,"<= day","daily",NA,NA,NA
"2021-12-10",47.702,FALSE,NA,NA,"<= day","daily",NA,NA,NA
"2021-12-11",48.18,FALSE,NA,NA,"<= day","daily",NA,NA,NA
"2021-12-12",48.658,FALSE,NA,NA,"<= day","daily",NA,NA,NA
"2021-12-13",50.956,FALSE,NA,NA,"<= day","daily",NA,NA,NA
"2021-12-14",53.898,FALSE,NA,NA,"<= day","daily",NA,NA,NA
"2021-12-15",53.354,FALSE,NA,NA,"<= day","daily",NA,NA,NA
"2021-12-16",56.554,FALSE,NA,NA,"<= day","daily",NA,NA,NA
"2021-12-17",62.524,FALSE,NA,NA,"<= day","daily",NA,NA,NA
"2021-12-18",64.367,FALSE,NA,NA,"<= day","daily",NA,NA,NA
"2021-12-19",64.11,FALSE,NA,NA,"<= day","daily",NA,NA,NA
"2021-12-20",63.23,FALSE,NA,NA,"<= day","daily",NA,NA,NA
"2021-12-21",59.903,FALSE,NA,NA,"<= day","daily",NA,NA,NA
"2021-12-22",56.918,FALSE,NA,NA,"<= day","daily",NA,NA,NA
"2021-12-23",55.818,FALSE,NA,NA,"<= day","daily",NA,NA,NA
"2021-12-24",53.162,FALSE,NA,NA,"<= day","daily",NA,NA,NA
"2021-12-25",51.402,FALSE,NA,NA,"<= day","daily",NA,NA,NA
"2021-12-26",51.402,FALSE,NA,NA,"<= day","daily",NA,NA,NA
"2021-12-27",51.021,FALSE,NA,NA,"<= day","daily",NA,NA,NA
"2021-12-28",71.547,FALSE,NA,NA,"<= day","daily",NA,NA,NA
"2021-12-29",103.847,FALSE,NA,NA,"<= day","daily",NA,NA,NA
"2021-12-30",192.299,FALSE,NA,NA,"<= day","daily",NA,NA,NA
"2021-12-31",152.773,FALSE,NA,NA,"<= day","daily",NA,NA,NA
"2022-01-01",139.513,FALSE,NA,NA,"<= day","daily",NA,NA,NA
"2022-01-02",125.702,FALSE,NA,NA,"<= day","daily",NA,NA,NA
"2022-01-03",116.54,FALSE,NA,NA,"<= day","daily",NA,NA,NA
"2022-01-04",128.883,FALSE,NA,NA,"<= day","daily",NA,NA,NA
"2022-01-05",129.782,FALSE,NA,NA,"<= day","daily",NA,NA,NA
"2022-01-06",112.931,FALSE,NA,NA,"<= day","daily",NA,NA,NA
"2022-01-07",105.729,FALSE,NA,NA,"<= day","daily",NA,NA,NA
"2022-01-08",102.132,FALSE,NA,NA,"<= day","daily",NA,NA,NA
"2022-01-09",99.64,FALSE,NA,NA,"<= day","daily",NA,NA,NA
"2022-01-10",97.654,FALSE,NA,NA,"<= day","daily",NA,NA,NA
"2022-01-11",93.547,FALSE,NA,NA,"<= day","daily",NA,NA,NA
"2022-01-12",90.398,FALSE,NA,NA,"<= day","daily",NA,NA,NA
"2022-01-13",89.626,FALSE,NA,NA,"<= day","daily",NA,NA,NA
"2022-01-14",91.573,FALSE,NA,NA,"<= day","daily",NA,NA,NA
"2022-01-15",91.929,FALSE,NA,NA,"<= day","daily",NA,NA,NA
"2022-01-16",89.367,FALSE,NA,NA,"<= day","daily",NA,NA,NA
"2022-01-17",84.968,FALSE,NA,NA,"<= day","daily",NA,NA,NA
"2022-01-18",83.98,FALSE,NA,NA,"<= day","daily",NA,NA,NA
"2022-01-19",83.635,FALSE,NA,NA,"<= day","daily",NA,NA,NA
"2022-01-20",81.601,FALSE,NA,NA,"<= day","daily",NA,NA,NA
"2022-01-21",73.132,FALSE,NA,NA,"<= day","daily",NA,NA,NA
"2022-01-22",72.241,FALSE,NA,NA,"<= day","daily",NA,NA,NA
"2022-01-23",74.072,FALSE,NA,NA,"<= day","daily",NA,NA,NA
"2022-01-24",74.872,FALSE,NA,NA,"<= day","daily",NA,NA,NA
"2022-01-25",75.9,FALSE,NA,NA,"<= day","daily",NA,NA,NA
"2022-01-26",74.714,FALSE,NA,NA,"<= day","daily",NA,NA,NA
"2022-01-27",73.173,FALSE,NA,NA,"<= day","daily",NA,NA,NA
"2022-01-28",70.196,FALSE,NA,NA,"<= day","daily",NA,NA,NA
"2022-01-29",68.21,FALSE,NA,NA,"<= day","daily",NA,NA,NA
"2022-01-30",70.382,FALSE,NA,NA,"<= day","daily",NA,NA,NA
"2022-01-31",66.65,FALSE,NA,NA,"<= day","daily",NA,NA,NA
"2022-02-01",61.402,FALSE,NA,NA,"<= day","daily",NA,NA,NA
"2022-02-02",59.894,FALSE,NA,NA,"<= day","daily",NA,NA,NA
"2022-02-03",57.332,FALSE,NA,NA,"<= day","daily",NA,NA,NA
"2022-02-04",59.557,FALSE,NA,NA,"<= day","daily",NA,NA,NA
"2022-02-05",66.665,FALSE,NA,NA,"<= day","daily",NA,NA,NA
"2022-02-06",58.809,FALSE,NA,NA,"<= day","daily",NA,NA,NA
"2022-02-07",64.661,FALSE,NA,NA,"<= day","daily",NA,NA,NA
"2022-02-08",59.663,FALSE,NA,NA,"<= day","daily",NA,NA,NA
"2022-02-09",66.234,FALSE,NA,NA,"<= day","daily",NA,NA,NA
"2022-02-10",68.842,FALSE,NA,NA,"<= day","daily",NA,NA,NA
"2022-02-11",65.42,FALSE,NA,NA,"<= day","daily",NA,NA,NA
"2022-02-12",56.583,FALSE,NA,NA,"<= day","daily",NA,NA,NA
"2022-02-13",54.029,FALSE,NA,NA,"<= day","daily",NA,NA,NA
"2022-02-14",52.235,FALSE,NA,NA,"<= day","daily",NA,NA,NA
"2022-02-15",51.782,FALSE,NA,NA,"<= day","daily",NA,NA,NA
"2022-02-16",52.929,FALSE,NA,NA,"<= day","daily",NA,NA,NA
"2022-02-17",104.087,FALSE,NA,NA,"<= day","daily",NA,NA,NA
"2022-02-18",85.867,FALSE,NA,NA,"<= day","daily",NA,NA,NA
"2022-02-19",100.422,FALSE,NA,NA,"<= day","daily",NA,NA,NA
"2022-02-20",84.042,FALSE,NA,NA,"<= day","daily",NA,NA,NA
"2022-02-21",83.685,FALSE,NA,NA,"<= day","daily",NA,NA,NA
"2022-02-22",69.62,FALSE,NA,NA,"<= day","daily",NA,NA,NA
"2022-02-23",58.915,FALSE,NA,NA,"<= day","daily",NA,NA,NA
"2022-02-24",59.623,FALSE,NA,NA,"<= day","daily",NA,NA,NA
"2022-02-25",56.045,FALSE,NA,NA,"<= day","daily",NA,NA,NA
"2022-02-26",52.439,FALSE,NA,NA,"<= day","daily",NA,NA,NA
"2022-02-27",52.439,FALSE,NA,NA,"<= day","daily",NA,NA,NA
"2022-02-28",52.439,FALSE,NA,NA,"<= day","daily",NA,NA,NA
"2022-03-01",54.816,FALSE,NA,NA,"<= day","daily",NA,NA,NA
"2022-03-02",61.566,FALSE,NA,NA,"<= day","daily",NA,NA,NA
"2022-03-03",65.616,FALSE,NA,NA,"<= day","daily",NA,NA,NA
"2022-03-04",66.886,FALSE,NA,NA,"<= day","daily",NA,NA,NA
"2022-03-05",63.856,FALSE,NA,NA,"<= day","daily",NA,NA,NA
"2022-03-06",59.915,FALSE,NA,NA,"<= day","daily",NA,NA,NA
"2022-03-07",57.964,FALSE,NA,NA,"<= day","daily",NA,NA,NA
"2022-03-08",60.837,FALSE,NA,NA,"<= day","daily",NA,NA,NA
"2022-03-09",67.711,FALSE,NA,NA,"<= day","daily",NA,NA,NA
"2022-03-10",77.259,FALSE,NA,NA,"<= day","daily",NA,NA,NA
"2022-03-11",73.993,FALSE,NA,NA,"<= day","daily",NA,NA,NA
"2022-03-12",67.134,FALSE,NA,NA,"<= day","daily",NA,NA,NA
"2022-03-13",64.759,FALSE,NA,NA,"<= day","daily",NA,NA,NA
"2022-03-14",69.034,FALSE,NA,NA,"<= day","daily",NA,NA,NA
"2022-03-15",71.236,FALSE,NA,NA,"<= day","daily",NA,NA,NA
"2022-03-16",88.143,FALSE,NA,NA,"<= day","daily",NA,NA,NA
"2022-03-17",120.817,FALSE,NA,NA,"<= day","daily",NA,NA,NA
"2022-03-18",138.254,FALSE,NA,NA,"<= day","daily",NA,NA,NA
"2022-03-19",142.448,FALSE,NA,NA,"<= day","daily",NA,NA,NA
"2022-03-20",135.418,FALSE,NA,NA,"<= day","daily",NA,NA,NA
"2022-03-21",131.286,FALSE,NA,NA,"<= day","daily",NA,NA,NA
"2022-03-22",132.975,FALSE,NA,NA,"<= day","daily",NA,NA,NA
"2022-03-23",134.89,FALSE,NA,NA,"<= day","daily",NA,NA,NA
"2022-03-24",141.878,FALSE,NA,NA,"<= day","daily",NA,NA,NA
"2022-03-25",147.68,FALSE,NA,NA,"<= day","daily",NA,NA,NA
"2022-03-26",149.837,FALSE,NA,NA,"<= day","daily",NA,NA,NA
"2022-03-27",149.149,FALSE,NA,NA,"<= day","daily",NA,NA,NA
"2022-03-28",150.793,FALSE,NA,NA,"<= day","daily",NA,NA,NA
"2022-03-29",150.667,FALSE,NA,NA,"<= day","daily",NA,NA,NA
"2022-03-30",148.039,FALSE,NA,NA,"<= day","daily",NA,NA,NA
"2022-03-31",139.419,FALSE,NA,NA,"<= day","daily",NA,NA,NA
"2022-04-01",129.207,FALSE,NA,NA,"<= day","daily",NA,NA,NA
"2022-04-02",119.512,FALSE,NA,NA,"<= day","daily",NA,NA,NA
"2022-04-03",112.663,FALSE,NA,NA,"<= day","daily",NA,NA,NA
"2022-04-04",106.572,FALSE,NA,NA,"<= day","daily",NA,NA,NA
"2022-04-05",114.062,FALSE,NA,NA,"<= day","daily",NA,NA,NA
"2022-04-06",136.317,FALSE,NA,NA,"<= day","daily",NA,NA,NA
"2022-04-07",141.367,FALSE,NA,NA,"<= day","daily",NA,NA,NA
"2022-04-08",145.188,FALSE,NA,NA,"<= day","daily",NA,NA,NA
"2022-04-09",128.669,FALSE,NA,NA,"<= day","daily",NA,NA,NA
"2022-04-10",115.61,FALSE,NA,NA,"<= day","daily",NA,NA,NA
"2022-04-11",114.884,FALSE,NA,NA,"<= day","daily",NA,NA,NA
"2022-04-12",127.435,FALSE,NA,NA,"<= day","daily",NA,NA,NA
"2022-04-13",149.334,FALSE,NA,NA,"<= day","daily",NA,NA,NA
"2022-04-14",158.568,FALSE,NA,NA,"<= day","daily",NA,NA,NA
"2022-04-15",170.933,FALSE,NA,NA,"<= day","daily",NA,NA,NA
"2022-04-16",182.926,FALSE,NA,NA,"<= day","daily",NA,NA,NA
"2022-04-17",169.795,FALSE,NA,NA,"<= day","daily",NA,NA,NA
"2022-04-18",163.767,FALSE,NA,NA,"<= day","daily",NA,NA,NA
"2022-04-19",166.682,FALSE,NA,NA,"<= day","daily",NA,NA,NA
"2022-04-20",165.019,FALSE,NA,NA,"<= day","daily",NA,NA,NA
"2022-04-21",168.309,FALSE,NA,NA,"<= day","daily",NA,NA,NA
"2022-04-22",168.955,FALSE,NA,NA,"<= day","daily",NA,NA,NA
"2022-04-23",162.159,FALSE,NA,NA,"<= day","daily",NA,NA,NA
"2022-04-24",149.915,FALSE,NA,NA,"<= day","daily",NA,NA,NA
"2022-04-25",146.295,FALSE,NA,NA,"<= day","daily",NA,NA,NA
"2022-04-26",145.233,FALSE,NA,NA,"<= day","daily",NA,NA,NA
"2022-04-27",141.292,FALSE,NA,NA,"<= day","daily",NA,NA,NA
"2022-04-28",143.325,FALSE,NA,NA,"<= day","daily",NA,NA,NA
"2022-04-29",149.957,FALSE,NA,NA,"<= day","daily",NA,NA,NA
"2022-04-30",154.552,FALSE,NA,NA,"<= day","daily",NA,NA,NA
"2022-05-01",148.652,FALSE,NA,NA,"<= day","daily",NA,NA,NA
"2022-05-02",160.33,FALSE,NA,NA,"<= day","daily",NA,NA,NA
"2022-05-03",160.894,FALSE,NA,NA,"<= day","daily",NA,NA,NA
"2022-05-04",154.359,FALSE,NA,NA,"<= day","daily",NA,NA,NA
"2022-05-05",158.123,FALSE,NA,NA,"<= day","daily",NA,NA,NA
"2022-05-06",144.092,FALSE,NA,NA,"<= day","daily",NA,NA,NA
"2022-05-07",153.842,FALSE,NA,NA,"<= day","daily",NA,NA,NA
"2022-05-08",175.231,FALSE,NA,NA,"<= day","daily",NA,NA,NA
"2022-05-09",186.798,FALSE,NA,NA,"<= day","daily",NA,NA,NA
"2022-05-10",192.299,FALSE,NA,NA,"<= day","daily",NA,NA,NA
"2022-05-11",195.491,FALSE,NA,NA,"<= day","daily",NA,NA,NA
"2022-05-12",195.972,FALSE,NA,NA,"<= day","daily",NA,NA,NA
"2022-05-13",196.898,FALSE,NA,NA,"<= day","daily",NA,NA,NA
"2022-05-14",196.159,FALSE,NA,NA,"<= day","daily",NA,NA,NA
"2022-05-15",195.984,FALSE,NA,NA,"<= day","daily",NA,NA,NA
"2022-05-16",194.701,FALSE,NA,NA,"<= day","daily",NA,NA,NA
"2022-05-17",193.341,FALSE,NA,NA,"<= day","daily",NA,NA,NA
"2022-05-18",194.496,FALSE,NA,NA,"<= day","daily",NA,NA,NA
"2022-05-19",194.584,FALSE,NA,NA,"<= day","daily",NA,NA,NA
"2022-05-20",194.241,FALSE,NA,NA,"<= day","daily",NA,NA,NA
"2022-05-21",194.415,FALSE,NA,NA,"<= day","daily",NA,NA,NA
"2022-05-22",192.841,FALSE,NA,NA,"<= day","daily",NA,NA,NA
"2022-05-23",192.718,FALSE,NA,NA,"<= day","daily",NA,NA,NA
"2022-05-24",194.6,FALSE,NA,NA,"<= day","daily",NA,NA,NA
"2022-05-25",188.224,FALSE,NA,NA,"<= day","daily",NA,NA,NA
"2022-05-26",186.154,FALSE,NA,NA,"<= day","daily",NA,NA,NA
"2022-05-27",186.74,FALSE,NA,NA,"<= day","daily",NA,NA,NA
"2022-05-28",186.362,FALSE,NA,NA,"<= day","daily",NA,NA,NA
"2022-05-29",181.704,FALSE,NA,NA,"<= day","daily",NA,NA,NA
"2022-05-30",170.574,FALSE,NA,NA,"<= day","daily",NA,NA,NA
"2022-05-31",168.29,FALSE,NA,NA,"<= day","daily",NA,NA,NA
"2022-06-01",194.4,FALSE,NA,NA,"<= day","daily",NA,NA,NA
"2022-06-02",195.278,FALSE,NA,NA,"<= day","daily",NA,NA,NA
"2022-06-03",191.267,FALSE,NA,NA,"<= day","daily",NA,NA,NA
"2022-06-04",189.467,FALSE,NA,NA,"<= day","daily",NA,NA,NA
"2022-06-05",191.958,FALSE,NA,NA,"<= day","daily",NA,NA,NA
"2022-06-06",190.285,FALSE,NA,NA,"<= day","daily",NA,NA,NA
"2022-06-07",194.301,FALSE,NA,NA,"<= day","daily",NA,NA,NA
"2022-06-08",180.777,FALSE,NA,NA,"<= day","daily",NA,NA,NA
"2022-06-09",180.346,FALSE,NA,NA,"<= day","daily",NA,NA,NA
"2022-06-10",164.834,FALSE,NA,NA,"<= day","daily",NA,NA,NA
"2022-06-11",164.957,FALSE,NA,NA,"<= day","daily",NA,NA,NA
"2022-06-12",174.98,FALSE,NA,NA,"<= day","daily",NA,NA,NA
"2022-06-13",184.172,FALSE,NA,NA,"<= day","daily",NA,NA,NA
"2022-06-14",173.213,FALSE,NA,NA,"<= day","daily",NA,NA,NA
"2022-06-15",179.264,FALSE,NA,NA,"<= day","daily",NA,NA,NA
"2022-06-16",186.435,FALSE,NA,NA,"<= day","daily",NA,NA,NA
"2022-06-17",177.286,FALSE,NA,NA,"<= day","daily",NA,NA,NA
"2022-06-18",173.152,FALSE,NA,NA,"<= day","daily",NA,NA,NA
"2022-06-19",176.018,FALSE,NA,NA,"<= day","daily",NA,NA,NA
"2022-06-20",173.052,FALSE,NA,NA,"<= day","daily",NA,NA,NA
"2022-06-21",166.492,FALSE,NA,NA,"<= day","daily",NA,NA,NA
"2022-06-22",171.881,FALSE,NA,NA,"<= day","daily",NA,NA,NA
"2022-06-23",185.48,FALSE,NA,NA,"<= day","daily",NA,NA,NA
"2022-06-24",172.884,FALSE,NA,NA,"<= day","daily",NA,NA,NA
"2022-06-25",151.315,FALSE,NA,NA,"<= day","daily",NA,NA,NA
"2022-06-26",160.538,FALSE,NA,NA,"<= day","daily",NA,NA,NA
"2022-06-27",160.789,FALSE,NA,NA,"<= day","daily",NA,NA,NA
"2022-06-28",160.708,FALSE,NA,NA,"<= day","daily",NA,NA,NA
"2022-06-29",145.219,FALSE,NA,NA,"<= day","daily",NA,NA,NA
"2022-06-30",142.866,FALSE,NA,NA,"<= day","daily",NA,NA,NA
"2022-07-01",183.931,FALSE,NA,NA,"<= day","daily",NA,NA,NA
"2022-07-02",148.456,FALSE,NA,NA,"<= day","daily",NA,NA,NA
"2022-07-03",144.63,FALSE,NA,NA,"<= day","daily",NA,NA,NA
"2022-07-04",172.951,FALSE,NA,NA,"<= day","daily",NA,NA,NA
"2022-07-05",170.454,FALSE,NA,NA,"<= day","daily",NA,NA,NA
"2022-07-06",139.166,FALSE,NA,NA,"<= day","daily",NA,NA,NA
"2022-07-07",133.172,FALSE,NA,NA,"<= day","daily",NA,NA,NA
"2022-07-08",130.234,FALSE,NA,NA,"<= day","daily",NA,NA,NA
"2022-07-09",127.066,FALSE,NA,NA,"<= day","daily",NA,NA,NA
"2022-07-10",126.008,FALSE,NA,NA,"<= day","daily",NA,NA,NA
"2022-07-11",124.502,FALSE,NA,NA,"<= day","daily",NA,NA,NA
"2022-07-12",124.868,FALSE,NA,NA,"<= day","daily",NA,NA,NA
"2022-07-13",121.247,FALSE,NA,NA,"<= day","daily",NA,NA,NA
"2022-07-14",122.928,FALSE,NA,NA,"<= day","daily",NA,NA,NA
"2022-07-15",123.283,FALSE,NA,NA,"<= day","daily",NA,NA,NA
"2022-07-16",119.679,FALSE,NA,NA,"<= day","daily",NA,NA,NA
"2022-07-17",118.01,FALSE,NA,NA,"<= day","daily",NA,NA,NA
"2022-07-18",116.73,FALSE,NA,NA,"<= day","daily",NA,NA,NA
"2022-07-19",117.175,FALSE,NA,NA,"<= day","daily",NA,NA,NA
"2022-07-20",128.975,FALSE,NA,NA,"<= day","daily",NA,NA,NA
"2022-07-21",142.462,FALSE,NA,NA,"<= day","daily",NA,NA,NA
"2022-07-22",120.074,FALSE,NA,NA,"<= day","daily",NA,NA,NA
"2022-07-23",118.75,FALSE,NA,NA,"<= day","daily",NA,NA,NA
"2022-07-24",113.811,FALSE,NA,NA,"<= day","daily",NA,NA,NA
"2022-07-25",111.879,FALSE,NA,NA,"<= day","daily",NA,NA,NA
"2022-07-26",146.475,FALSE,NA,NA,"<= day","daily",NA,NA,NA
"2022-07-27",121.088,FALSE,NA,NA,"<= day","daily",NA,NA,NA
"2022-07-28",114.566,FALSE,NA,NA,"<= day","daily",NA,NA,NA
"2022-07-29",118.411,FALSE,NA,NA,"<= day","daily",NA,NA,NA
"2022-07-30",123.279,FALSE,NA,NA,"<= day","daily",NA,NA,NA
"2022-07-31",109.88,FALSE,NA,NA,"<= day","daily",NA,NA,NA
"2022-08-01",108.636,FALSE,NA,NA,"<= day","daily",NA,NA,NA
"2022-08-02",106.767,FALSE,NA,NA,"<= day","daily",NA,NA,NA
"2022-08-03",105.786,FALSE,NA,NA,"<= day","daily",NA,NA,NA
"2022-08-04",105.104,FALSE,NA,NA,"<= day","daily",NA,NA,NA
"2022-08-05",107.768,FALSE,NA,NA,"<= day","daily",NA,NA,NA
"2022-08-06",135.95,FALSE,NA,NA,"<= day","daily",NA,NA,NA
"2022-08-07",123.729,FALSE,NA,NA,"<= day","daily",NA,NA,NA
"2022-08-08",137.563,FALSE,NA,NA,"<= day","daily",NA,NA,NA
"2022-08-09",118.523,FALSE,NA,NA,"<= day","daily",NA,NA,NA
"2022-08-10",111.597,FALSE,NA,NA,"<= day","daily",NA,NA,NA
"2022-08-11",107.738,FALSE,NA,NA,"<= day","daily",NA,NA,NA
"2022-08-12",104.343,FALSE,NA,NA,"<= day","daily",NA,NA,NA
"2022-08-13",101.223,FALSE,NA,NA,"<= day","daily",NA,NA,NA
"2022-08-14",94.782,FALSE,NA,NA,"<= day","daily",NA,NA,NA
"2022-08-15",96.247,FALSE,NA,NA,"<= day","daily",NA,NA,NA
"2022-08-16",97.799,FALSE,NA,NA,"<= day","daily",NA,NA,NA
"2022-08-17",99.621,FALSE,NA,NA,"<= day","daily",NA,NA,NA
"2022-08-18",140.812,FALSE,NA,NA,"<= day","daily",NA,NA,NA
"2022-08-19",159.62,FALSE,NA,NA,"<= day","daily",NA,NA,NA
"2022-08-20",155.447,FALSE,NA,NA,"<= day","daily",NA,NA,NA
"2022-08-21",136.62,FALSE,NA,NA,"<= day","daily",NA,NA,NA
"2022-08-22",125.817,FALSE,NA,NA,"<= day","daily",NA,NA,NA
"2022-08-23",117.966,FALSE,NA,NA,"<= day","daily",NA,NA,NA
"2022-08-24",112.695,FALSE,NA,NA,"<= day","daily",NA,NA,NA
"2022-08-25",110.14,FALSE,NA,NA,"<= day","daily",NA,NA,NA
"2022-08-26",115.664,FALSE,NA,NA,"<= day","daily",NA,NA,NA
"2022-08-27",126.285,FALSE,NA,NA,"<= day","daily",NA,NA,NA
"2022-08-28",116.942,FALSE,NA,NA,"<= day","daily",NA,NA,NA
"2022-08-29",109.551,FALSE,NA,NA,"<= day","daily",NA,NA,NA
"2022-08-30",105.162,FALSE,NA,NA,"<= day","daily",NA,NA,NA
"2022-08-31",114.982,FALSE,NA,NA,"<= day","daily",NA,NA,NA
"2022-09-01",105.967,FALSE,NA,NA,"<= day","daily",NA,NA,NA
"2022-09-02",100.209,FALSE,NA,NA,"<= day","daily",NA,NA,NA
"2022-09-03",121.954,FALSE,NA,NA,"<= day","daily",NA,NA,NA
"2022-09-04",113.878,FALSE,NA,NA,"<= day","daily",NA,NA,NA
"2022-09-05",103.72,FALSE,NA,NA,"<= day","daily",NA,NA,NA
"2022-09-06",102.232,FALSE,NA,NA,"<= day","daily",NA,NA,NA
"2022-09-07",122.192,FALSE,NA,NA,"<= day","daily",NA,NA,NA
"2022-09-08",163.796,FALSE,NA,NA,"<= day","daily",NA,NA,NA
"2022-11-02",101.539,FALSE,NA,NA,"<= day","daily",NA,NA,NA
"2022-11-03",101.165,FALSE,NA,NA,"<= day","daily",NA,NA,NA
"2022-11-04",119.81,FALSE,NA,NA,"<= day","daily",NA,NA,NA
"2022-11-05",120.505,FALSE,NA,NA,"<= day","daily",NA,NA,NA
"2022-11-06",117.709,FALSE,NA,NA,"<= day","daily",NA,NA,NA
"2022-11-07",117.727,FALSE,NA,NA,"<= day","daily",NA,NA,NA
"2022-11-08",115.203,FALSE,NA,NA,"<= day","daily",NA,NA,NA
"2022-11-09",122.717,FALSE,NA,NA,"<= day","daily",NA,NA,NA
"2022-11-10",133.328,FALSE,NA,NA,"<= day","daily",NA,NA,NA
"2022-11-11",122.91,FALSE,NA,NA,"<= day","daily",NA,NA,NA
"2022-11-12",117.331,FALSE,NA,NA,"<= day","daily",NA,NA,NA
"2022-11-13",112.098,FALSE,NA,NA,"<= day","daily",NA,NA,NA
"2022-11-14",110.098,FALSE,NA,NA,"<= day","daily",NA,NA,NA
"2022-11-15",111.503,FALSE,NA,NA,"<= day","daily",NA,NA,NA
"2022-11-16",120.252,FALSE,NA,NA,"<= day","daily",NA,NA,NA
"2022-11-17",120.654,FALSE,NA,NA,"<= day","daily",NA,NA,NA
"2022-11-18",119.942,FALSE,NA,NA,"<= day","daily",NA,NA,NA
"2022-11-19",113.868,FALSE,NA,NA,"<= day","daily",NA,NA,NA
"2022-11-20",106.274,FALSE,NA,NA,"<= day","daily",NA,NA,NA
"2022-11-21",102.15,FALSE,NA,NA,"<= day","daily",NA,NA,NA
"2022-11-22",102.038,FALSE,NA,NA,"<= day","daily",NA,NA,NA
"2022-11-23",101.194,FALSE,NA,NA,"<= day","daily",NA,NA,NA
"2022-11-24",100.351,FALSE,NA,NA,"<= day","daily",NA,NA,NA
"2022-11-25",101.005,FALSE,NA,NA,"<= day","daily",NA,NA,NA
"2022-11-26",100.646,FALSE,NA,NA,"<= day","daily",NA,NA,NA
"2022-11-27",99.011,FALSE,NA,NA,"<= day","daily",NA,NA,NA
"2022-11-28",98.077,FALSE,NA,NA,"<= day","daily",NA,NA,NA
"2022-11-29",97.144,FALSE,NA,NA,"<= day","daily",NA,NA,NA
"2022-11-30",96.677,FALSE,NA,NA,"<= day","daily",NA,NA,NA
"2022-12-01",97.74,FALSE,NA,NA,"<= day","daily",NA,NA,NA
"2022-12-02",97.43,FALSE,NA,NA,"<= day","daily",NA,NA,NA
"2022-12-03",93.433,FALSE,NA,NA,"<= day","daily",NA,NA,NA
"2022-12-04",92.083,FALSE,NA,NA,"<= day","daily",NA,NA,NA
"2022-12-05",89.933,FALSE,NA,NA,"<= day","daily",NA,NA,NA
"2022-12-06",89.709,FALSE,NA,NA,"<= day","daily",NA,NA,NA
"2022-12-07",89.521,FALSE,NA,NA,"<= day","daily",NA,NA,NA
"2022-12-08",88.384,FALSE,NA,NA,"<= day","daily",NA,NA,NA
"2022-12-09",89.059,FALSE,NA,NA,"<= day","daily",NA,NA,NA
"2022-12-10",86.006,FALSE,NA,NA,"<= day","daily",NA,NA,NA
"2022-12-11",83.515,FALSE,NA,NA,"<= day","daily",NA,NA,NA
"2022-12-12",83.269,FALSE,NA,NA,"<= day","daily",NA,NA,NA
"2022-12-13",84.685,FALSE,NA,NA,"<= day","daily",NA,NA,NA
"2022-12-14",85.173,FALSE,NA,NA,"<= day","daily",NA,NA,NA
"2022-12-15",84.419,FALSE,NA,NA,"<= day","daily",NA,NA,NA
"2022-12-16",82.931,FALSE,NA,NA,"<= day","daily",NA,NA,NA
"2022-12-17",83.976,FALSE,NA,NA,"<= day","daily",NA,NA,NA
"2022-12-18",83.73,FALSE,NA,NA,"<= day","daily",NA,NA,NA
"2022-12-19",83.396,FALSE,NA,NA,"<= day","daily",NA,NA,NA
"2022-12-20",85.081,FALSE,NA,NA,"<= day","daily",NA,NA,NA
"2022-12-21",100.883,FALSE,NA,NA,"<= day","daily",NA,NA,NA
"2022-12-22",101.468,FALSE,NA,NA,"<= day","daily",NA,NA,NA
"2022-12-23",173.756,FALSE,NA,NA,"<= day","daily",NA,NA,NA
"2022-12-24",163.414,FALSE,NA,NA,"<= day","daily",NA,NA,NA
"2022-12-25",143.259,FALSE,NA,NA,"<= day","daily",NA,NA,NA
"2022-12-26",127.178,FALSE,NA,NA,"<= day","daily",NA,NA,NA
"2022-12-27",120.467,FALSE,NA,NA,"<= day","daily",NA,NA,NA
"2022-12-28",106.461,FALSE,NA,NA,"<= day","daily",NA,NA,NA
"2022-12-29",101.987,FALSE,NA,NA,"<= day","daily",NA,NA,NA
"2022-12-30",103.455,FALSE,NA,NA,"<= day","daily",NA,NA,NA
"2022-12-31",137.175,FALSE,NA,NA,"<= day","daily",NA,NA,NA
"2023-01-01",121.942,FALSE,NA,NA,"<= day","daily",NA,NA,NA
"2023-01-02",109.783,FALSE,NA,NA,"<= day","daily",NA,NA,NA
"2023-01-03",104.658,FALSE,NA,NA,"<= day","daily",NA,NA,NA
"2023-01-04",103.091,FALSE,NA,NA,"<= day","daily",NA,NA,NA
"2023-01-05",104.18,FALSE,NA,NA,"<= day","daily",NA,NA,NA
"2023-01-06",101.893,FALSE,NA,NA,"<= day","daily",NA,NA,NA
"2023-01-07",98.892,FALSE,NA,NA,"<= day","daily",NA,NA,NA
"2023-01-08",98.659,FALSE,NA,NA,"<= day","daily",NA,NA,NA
"2023-01-09",98.659,FALSE,NA,NA,"<= day","daily",NA,NA,NA
"2023-01-10",98.157,FALSE,NA,NA,"<= day","daily",NA,NA,NA
"2023-01-11",96.774,FALSE,NA,NA,"<= day","daily",NA,NA,NA
"2023-01-12",94.744,FALSE,NA,NA,"<= day","daily",NA,NA,NA
"2023-01-13",93.098,FALSE,NA,NA,"<= day","daily",NA,NA,NA
"2023-01-14",93.926,FALSE,NA,NA,"<= day","daily",NA,NA,NA
"2023-01-15",94.398,FALSE,NA,NA,"<= day","daily",NA,NA,NA
"2023-01-16",93.619,FALSE,NA,NA,"<= day","daily",NA,NA,NA
"2023-01-17",91.03,FALSE,NA,NA,"<= day","daily",NA,NA,NA
"2023-01-18",88.123,FALSE,NA,NA,"<= day","daily",NA,NA,NA
"2023-01-19",85.241,FALSE,NA,NA,"<= day","daily",NA,NA,NA
"2023-01-20",83.263,FALSE,NA,NA,"<= day","daily",NA,NA,NA
"2023-01-21",86.597,FALSE,NA,NA,"<= day","daily",NA,NA,NA
"2023-01-22",85.846,FALSE,NA,NA,"<= day","daily",NA,NA,NA
"2023-01-23",86.606,FALSE,NA,NA,"<= day","daily",NA,NA,NA
"2023-01-24",81.257,FALSE,NA,NA,"<= day","daily",NA,NA,NA
"2023-01-25",85.977,FALSE,NA,NA,"<= day","daily",NA,NA,NA
"2023-01-26",82.911,FALSE,NA,NA,"<= day","daily",NA,NA,NA
"2023-01-27",75.728,FALSE,NA,NA,"<= day","daily",NA,NA,NA
"2023-01-28",73.214,FALSE,NA,NA,"<= day","daily",NA,NA,NA
"2023-01-29",72.375,FALSE,NA,NA,"<= day","daily",NA,NA,NA
"2023-01-30",71.206,FALSE,NA,NA,"<= day","daily",NA,NA,NA
"2023-01-31",71.18,FALSE,NA,NA,"<= day","daily",NA,NA,NA
"2023-02-01",71.18,FALSE,NA,NA,"<= day","daily",NA,NA,NA
"2023-02-02",70.297,FALSE,NA,NA,"<= day","daily",NA,NA,NA
"2023-02-03",72.439,FALSE,NA,NA,"<= day","daily",NA,NA,NA
"2023-02-04",70.628,FALSE,NA,NA,"<= day","daily",NA,NA,NA
"2023-02-05",68.134,FALSE,NA,NA,"<= day","daily",NA,NA,NA
"2023-02-06",66.606,FALSE,NA,NA,"<= day","daily",NA,NA,NA
"2023-02-07",66.277,FALSE,NA,NA,"<= day","daily",NA,NA,NA
"2023-02-08",63.798,FALSE,NA,NA,"<= day","daily",NA,NA,NA
"2023-02-09",62.536,FALSE,NA,NA,"<= day","daily",NA,NA,NA
"2023-02-10",63.613,FALSE,NA,NA,"<= day","daily",NA,NA,NA
"2023-02-11",64.74,FALSE,NA,NA,"<= day","daily",NA,NA,NA
"2023-02-12",70.463,FALSE,NA,NA,"<= day","daily",NA,NA,NA
"2023-02-13",79.732,FALSE,NA,NA,"<= day","daily",NA,NA,NA
"2023-02-14",85.208,FALSE,NA,NA,"<= day","daily",NA,NA,NA
"2023-02-15",89.442,FALSE,NA,NA,"<= day","daily",NA,NA,NA
"2023-02-16",90.932,FALSE,NA,NA,"<= day","daily",NA,NA,NA
"2023-02-17",89.025,FALSE,NA,NA,"<= day","daily",NA,NA,NA
"2023-02-18",94.558,FALSE,NA,NA,"<= day","daily",NA,NA,NA
"2023-02-19",97.785,FALSE,NA,NA,"<= day","daily",NA,NA,NA
"2023-02-20",102.284,FALSE,NA,NA,"<= day","daily",NA,NA,NA
"2023-02-21",108.206,FALSE,NA,NA,"<= day","daily",NA,NA,NA
"2023-02-22",106.855,FALSE,NA,NA,"<= day","daily",NA,NA,NA
"2023-02-23",102.078,FALSE,NA,NA,"<= day","daily",NA,NA,NA
"2023-02-24",97.662,FALSE,NA,NA,"<= day","daily",NA,NA,NA
"2023-02-25",95.406,FALSE,NA,NA,"<= day","daily",NA,NA,NA
"2023-02-26",87.342,FALSE,NA,NA,"<= day","daily",NA,NA,NA
"2023-02-27",81.545,FALSE,NA,NA,"<= day","daily",NA,NA,NA
"2023-02-28",75.683,FALSE,NA,NA,"<= day","daily",NA,NA,NA
"2023-03-01",75.174,FALSE,NA,NA,"<= day","daily",NA,NA,NA
"2023-03-02",74.649,FALSE,NA,NA,"<= day","daily",NA,NA,NA
"2023-03-03",76.365,FALSE,NA,NA,"<= day","daily",NA,NA,NA
"2023-03-04",80.392,FALSE,NA,NA,"<= day","daily",NA,NA,NA
"2023-03-05",83.659,FALSE,NA,NA,"<= day","daily",NA,NA,NA
"2023-03-06",80.491,FALSE,NA,NA,"<= day","daily",NA,NA,NA
"2023-03-07",75.274,FALSE,NA,NA,"<= day","daily",NA,NA,NA
"2023-03-08",76.681,FALSE,NA,NA,"<= day","daily",NA,NA,NA
"2023-03-09",96.744,FALSE,NA,NA,"<= day","daily",NA,NA,NA
"2023-03-10",78.514,FALSE,NA,NA,"<= day","daily",NA,NA,NA
"2023-03-11",79.774,FALSE,NA,NA,"<= day","daily",NA,NA,NA
"2023-03-12",79.658,FALSE,NA,NA,"<= day","daily",NA,NA,NA
"2023-03-13",82.639,FALSE,NA,NA,"<= day","daily",NA,NA,NA
"2023-03-14",92.683,FALSE,NA,NA,"<= day","daily",NA,NA,NA
"2023-03-15",73.327,FALSE,NA,NA,"<= day","daily",NA,NA,NA
"2023-03-16",75.097,FALSE,NA,NA,"<= day","daily",NA,NA,NA
"2023-03-17",86.011,FALSE,NA,NA,"<= day","daily",NA,NA,NA
"2023-03-18",101.232,FALSE,NA,NA,"<= day","daily",NA,NA,NA
"2023-03-19",100.811,FALSE,NA,NA,"<= day","daily",NA,NA,NA
"2023-03-20",98.613,FALSE,NA,NA,"<= day","daily",NA,NA,NA
"2023-03-21",100.09,FALSE,NA,NA,"<= day","daily",NA,NA,NA
"2023-03-22",108.293,FALSE,NA,NA,"<= day","daily",NA,NA,NA
"2023-03-23",116.244,FALSE,NA,NA,"<= day","daily",NA,NA,NA
"2023-03-24",144.616,FALSE,NA,NA,"<= day","daily",NA,NA,NA
"2023-03-25",137.673,FALSE,NA,NA,"<= day","daily",NA,NA,NA
"2023-03-26",110.603,FALSE,NA,NA,"<= day","daily",NA,NA,NA
"2023-03-27",98.967,FALSE,NA,NA,"<= day","daily",NA,NA,NA
"2023-03-28",94.128,FALSE,NA,NA,"<= day","daily",NA,NA,NA
"2023-03-29",94.617,FALSE,NA,NA,"<= day","daily",NA,NA,NA
"2023-03-30",122.028,FALSE,NA,NA,"<= day","daily",NA,NA,NA
"2023-03-31",136.258,FALSE,NA,NA,"<= day","daily",NA,NA,NA
"2023-04-01",111.278,FALSE,NA,NA,"<= day","daily",NA,NA,NA
"2023-04-02",99.933,FALSE,NA,NA,"<= day","daily",NA,NA,NA
"2023-04-03",100.118,FALSE,NA,NA,"<= day","daily",NA,NA,NA
"2023-04-04",99.911,FALSE,NA,NA,"<= day","daily",NA,NA,NA
"2023-04-05",94.116,FALSE,NA,NA,"<= day","daily",NA,NA,NA
"2023-04-06",88.97,FALSE,NA,NA,"<= day","daily",NA,NA,NA
"2023-04-07",85.69,FALSE,NA,NA,"<= day","daily",NA,NA,NA
"2023-04-08",83.34,FALSE,NA,NA,"<= day","daily",NA,NA,NA
"2023-04-09",92.546,FALSE,NA,NA,"<= day","daily",NA,NA,NA
"2023-04-10",102.883,FALSE,NA,NA,"<= day","daily",NA,NA,NA
"2023-04-11",112.443,FALSE,NA,NA,"<= day","daily",NA,NA,NA
"2023-04-12",116.052,FALSE,NA,NA,"<= day","daily",NA,NA,NA
"2023-04-13",109.512,FALSE,NA,NA,"<= day","daily",NA,NA,NA
"2023-04-14",100.034,FALSE,NA,NA,"<= day","daily",NA,NA,NA
"2023-04-15",97.97,FALSE,NA,NA,"<= day","daily",NA,NA,NA
"2023-04-16",89.327,FALSE,NA,NA,"<= day","daily",NA,NA,NA
"2023-04-17",91.97,FALSE,NA,NA,"<= day","daily",NA,NA,NA
"2023-04-18",104.656,FALSE,NA,NA,"<= day","daily",NA,NA,NA
"2023-04-19",119.449,FALSE,NA,NA,"<= day","daily",NA,NA,NA
"2023-04-20",126.904,FALSE,NA,NA,"<= day","daily",NA,NA,NA
"2023-04-21",108.73,FALSE,NA,NA,"<= day","daily",NA,NA,NA
"2023-04-22",106.28,FALSE,NA,NA,"<= day","daily",NA,NA,NA
"2023-04-23",127.81,FALSE,NA,NA,"<= day","daily",NA,NA,NA
"2023-04-24",138.046,FALSE,NA,NA,"<= day","daily",NA,NA,NA
"2023-04-25",120.064,FALSE,NA,NA,"<= day","daily",NA,NA,NA
"2023-04-26",107.625,FALSE,NA,NA,"<= day","daily",NA,NA,NA
"2023-04-27",117.287,FALSE,NA,NA,"<= day","daily",NA,NA,NA
"2023-04-28",148.339,FALSE,NA,NA,"<= day","daily",NA,NA,NA
"2023-04-29",197.648,FALSE,NA,NA,"<= day","daily",NA,NA,NA
"2023-04-30",191.783,FALSE,NA,NA,"<= day","daily",NA,NA,NA
"2023-05-01",179.754,FALSE,NA,NA,"<= day","daily",NA,NA,NA
"2023-05-02",157.401,FALSE,NA,NA,"<= day","daily",NA,NA,NA
"2023-05-03",155.878,FALSE,NA,NA,"<= day","daily",NA,NA,NA
"2023-05-04",170.923,FALSE,NA,NA,"<= day","daily",NA,NA,NA
"2023-05-05",183.321,FALSE,NA,NA,"<= day","daily",NA,NA,NA
"2023-05-06",189.551,FALSE,NA,NA,"<= day","daily",NA,NA,NA
"2023-05-07",189.701,FALSE,NA,NA,"<= day","daily",NA,NA,NA
"2023-05-08",192.379,FALSE,NA,NA,"<= day","daily",NA,NA,NA
"2023-05-09",191.271,FALSE,NA,NA,"<= day","daily",NA,NA,NA
"2023-05-10",192.425,FALSE,NA,NA,"<= day","daily",NA,NA,NA
"2023-05-11",180.444,FALSE,NA,NA,"<= day","daily",NA,NA,NA
"2023-05-12",164.236,FALSE,NA,NA,"<= day","daily",NA,NA,NA
"2023-05-13",150.62,FALSE,NA,NA,"<= day","daily",NA,NA,NA
"2023-05-14",145.33,FALSE,NA,NA,"<= day","daily",NA,NA,NA
"2023-05-15",135.457,FALSE,NA,NA,"<= day","daily",NA,NA,NA
"2023-05-16",130.718,FALSE,NA,NA,"<= day","daily",NA,NA,NA
"2023-05-17",132.562,FALSE,NA,NA,"<= day","daily",NA,NA,NA
"2023-05-18",139.464,FALSE,NA,NA,"<= day","daily",NA,NA,NA
"2023-05-19",164.84,FALSE,NA,NA,"<= day","daily",NA,NA,NA
"2023-05-20",168.585,FALSE,NA,NA,"<= day","daily",NA,NA,NA
"2023-05-21",174.586,FALSE,NA,NA,"<= day","daily",NA,NA,NA
"2023-05-22",180.019,FALSE,NA,NA,"<= day","daily",NA,NA,NA
"2023-05-23",185.657,FALSE,NA,NA,"<= day","daily",NA,NA,NA
"2023-05-24",187.779,FALSE,NA,NA,"<= day","daily",NA,NA,NA
"2023-05-25",186.329,FALSE,NA,NA,"<= day","daily",NA,NA,NA
"2023-05-26",185.85,FALSE,NA,NA,"<= day","daily",NA,NA,NA
"2023-05-27",187.749,FALSE,NA,NA,"<= day","daily",NA,NA,NA
"2023-05-28",187.488,FALSE,NA,NA,"<= day","daily",NA,NA,NA
"2023-05-29",185.677,FALSE,NA,NA,"<= day","daily",NA,NA,NA
"2023-05-30",185.949,FALSE,NA,NA,"<= day","daily",NA,NA,NA
"2023-05-31",183.493,FALSE,NA,NA,"<= day","daily",NA,NA,NA
"2023-06-01",182.987,FALSE,NA,NA,"<= day","daily",NA,NA,NA
"2023-06-02",184.565,FALSE,NA,NA,"<= day","daily",NA,NA,NA
"2023-06-03",184.786,FALSE,NA,NA,"<= day","daily",NA,NA,NA
"2023-06-04",182.482,FALSE,NA,NA,"<= day","daily",NA,NA,NA
"2023-06-05",184.686,FALSE,NA,NA,"<= day","daily",NA,NA,NA
"2023-06-06",184.178,FALSE,NA,NA,"<= day","daily",NA,NA,NA
"2023-06-07",183.331,FALSE,NA,NA,"<= day","daily",NA,NA,NA
"2023-06-08",184.887,FALSE,NA,NA,"<= day","daily",NA,NA,NA
"2023-06-09",184.082,FALSE,NA,NA,"<= day","daily",NA,NA,NA
"2023-06-10",187.696,FALSE,NA,NA,"<= day","daily",NA,NA,NA
"2023-06-11",187.555,FALSE,NA,NA,"<= day","daily",NA,NA,NA
"2023-06-12",185.206,FALSE,NA,NA,"<= day","daily",NA,NA,NA
"2023-06-13",181.64,FALSE,NA,NA,"<= day","daily",NA,NA,NA
"2023-06-14",182.619,FALSE,NA,NA,"<= day","daily",NA,NA,NA
"2023-06-15",178.621,FALSE,NA,NA,"<= day","daily",NA,NA,NA
"2023-06-16",177.416,FALSE,NA,NA,"<= day","daily",NA,NA,NA
"2023-06-17",177.266,FALSE,NA,NA,"<= day","daily",NA,NA,NA
"2023-06-18",177.453,FALSE,NA,NA,"<= day","daily",NA,NA,NA
"2023-06-19",175.889,FALSE,NA,NA,"<= day","daily",NA,NA,NA
"2023-06-20",180.588,FALSE,NA,NA,"<= day","daily",NA,NA,NA
"2023-06-21",179.115,FALSE,NA,NA,"<= day","daily",NA,NA,NA
"2023-06-22",179.46,FALSE,NA,NA,"<= day","daily",NA,NA,NA
"2023-06-23",181.846,FALSE,NA,NA,"<= day","daily",NA,NA,NA
"2023-06-24",176.528,FALSE,NA,NA,"<= day","daily",NA,NA,NA
"2023-06-25",174.931,FALSE,NA,NA,"<= day","daily",NA,NA,NA
"2023-06-26",174.907,FALSE,NA,NA,"<= day","daily",NA,NA,NA
"2023-06-27",168.567,FALSE,NA,NA,"<= day","daily",NA,NA,NA
"2023-06-28",164.292,FALSE,NA,NA,"<= day","daily",NA,NA,NA
"2023-06-29",167.809,FALSE,NA,NA,"<= day","daily",NA,NA,NA
"2023-06-30",174.448,FALSE,NA,NA,"<= day","daily",NA,NA,NA
"2023-07-01",169.551,FALSE,NA,NA,"<= day","daily",NA,NA,NA
"2023-07-02",170.458,FALSE,NA,NA,"<= day","daily",NA,NA,NA
"2023-07-03",158.432,FALSE,NA,NA,"<= day","daily",NA,NA,NA
"2023-07-04",159.74,FALSE,NA,NA,"<= day","daily",NA,NA,NA
"2023-07-05",160.311,FALSE,NA,NA,"<= day","daily",NA,NA,NA
"2023-07-06",156.181,FALSE,NA,NA,"<= day","daily",NA,NA,NA
"2023-07-07",146.631,FALSE,NA,NA,"<= day","daily",NA,NA,NA
"2023-07-08",146.097,FALSE,NA,NA,"<= day","daily",NA,NA,NA
"2023-07-09",144.899,FALSE,NA,NA,"<= day","daily",NA,NA,NA
"2023-07-10",149.662,FALSE,NA,NA,"<= day","daily",NA,NA,NA
"2023-07-11",146.745,FALSE,NA,NA,"<= day","daily",NA,NA,NA
"2023-07-12",168.569,FALSE,NA,NA,"<= day","daily",NA,NA,NA
"2023-07-13",168.547,FALSE,NA,NA,"<= day","daily",NA,NA,NA
"2023-07-14",138.526,FALSE,NA,NA,"<= day","daily",NA,NA,NA
"2023-07-15",131.713,FALSE,NA,NA,"<= day","daily",NA,NA,NA
"2023-07-16",127.844,FALSE,NA,NA,"<= day","daily",NA,NA,NA
"2023-07-17",130.956,FALSE,NA,NA,"<= day","daily",NA,NA,NA
"2023-07-18",129.454,FALSE,NA,NA,"<= day","daily",NA,NA,NA
"2023-07-19",131.753,FALSE,NA,NA,"<= day","daily",NA,NA,NA
"2023-07-20",119.105,FALSE,NA,NA,"<= day","daily",NA,NA,NA
"2023-07-21",120.207,FALSE,NA,NA,"<= day","daily",NA,NA,NA
"2023-07-22",131.134,FALSE,NA,NA,"<= day","daily",NA,NA,NA
"2023-07-23",115.19,FALSE,NA,NA,"<= day","daily",NA,NA,NA
"2023-07-24",138.742,FALSE,NA,NA,"<= day","daily",NA,NA,NA
"2023-07-25",174.194,FALSE,NA,NA,"<= day","daily",NA,NA,NA
"2023-07-26",167.988,FALSE,NA,NA,"<= day","daily",NA,NA,NA
"2023-07-27",125.206,FALSE,NA,NA,"<= day","daily",NA,NA,NA
"2023-07-28",121.444,FALSE,NA,NA,"<= day","daily",NA,NA,NA
"2023-07-29",136.563,FALSE,NA,NA,"<= day","daily",NA,NA,NA
"2023-07-30",157.815,FALSE,NA,NA,"<= day","daily",NA,NA,NA
"2023-07-31",124.242,FALSE,NA,NA,"<= day","daily",NA,NA,NA
"2023-08-01",120.822,FALSE,NA,NA,"<= day","daily",NA,NA,NA
"2023-08-02",119.22,FALSE,NA,NA,"<= day","daily",NA,NA,NA
"2023-08-03",125.74,FALSE,NA,NA,"<= day","daily",NA,NA,NA
"2023-08-04",123.898,FALSE,NA,NA,"<= day","daily",NA,NA,NA
"2023-08-05",167.586,FALSE,NA,NA,"<= day","daily",NA,NA,NA
"2023-08-06",154.362,FALSE,NA,NA,"<= day","daily",NA,NA,NA
"2023-08-07",172.865,FALSE,NA,NA,"<= day","daily",NA,NA,NA
"2023-08-08",149.627,FALSE,NA,NA,"<= day","daily",NA,NA,NA
"2023-08-09",129.584,FALSE,NA,NA,"<= day","daily",NA,NA,NA
"2023-08-10",117.893,FALSE,NA,NA,"<= day","daily",NA,NA,NA
"2023-08-11",116.666,FALSE,NA,NA,"<= day","daily",NA,NA,NA
"2023-08-12",118.62,FALSE,NA,NA,"<= day","daily",NA,NA,NA
"2023-08-13",118.106,FALSE,NA,NA,"<= day","daily",NA,NA,NA
"2023-08-14",116.427,FALSE,NA,NA,"<= day","daily",NA,NA,NA
"2023-08-15",114.835,FALSE,NA,NA,"<= day","daily",NA,NA,NA
"2023-08-16",109.813,FALSE,NA,NA,"<= day","daily",NA,NA,NA
"2023-08-17",105.656,FALSE,NA,NA,"<= day","daily",NA,NA,NA
"2023-08-18",102.021,FALSE,NA,NA,"<= day","daily",NA,NA,NA
"2023-08-19",101.101,FALSE,NA,NA,"<= day","daily",NA,NA,NA
"2023-08-20",102.229,FALSE,NA,NA,"<= day","daily",NA,NA,NA
"2023-08-21",102.468,FALSE,NA,NA,"<= day","daily",NA,NA,NA
"2023-08-22",101.997,FALSE,NA,NA,"<= day","daily",NA,NA,NA
"2023-08-23",101.011,FALSE,NA,NA,"<= day","daily",NA,NA,NA
"2023-08-24",99.263,FALSE,NA,NA,"<= day","daily",NA,NA,NA
"2023-08-25",103.76,FALSE,NA,NA,"<= day","daily",NA,NA,NA
"2023-08-26",107.077,FALSE,NA,NA,"<= day","daily",NA,NA,NA
"2023-08-27",127.884,FALSE,NA,NA,"<= day","daily",NA,NA,NA
"2023-08-28",157.729,FALSE,NA,NA,"<= day","daily",NA,NA,NA
"2023-08-29",150.55,FALSE,NA,NA,"<= day","daily",NA,NA,NA
"2023-08-30",135.129,FALSE,NA,NA,"<= day","daily",NA,NA,NA
"2023-08-31",127.238,FALSE,NA,NA,"<= day","daily",NA,NA,NA
"2023-09-01",132.291,FALSE,NA,NA,"<= day","daily",NA,NA,NA
"2023-09-02",116.445,FALSE,NA,NA,"<= day","daily",NA,NA,NA
"2023-09-03",113.689,FALSE,NA,NA,"<= day","daily",NA,NA,NA
"2023-09-04",109.301,FALSE,NA,NA,"<= day","daily",NA,NA,NA
"2023-09-05",105.467,FALSE,NA,NA,"<= day","daily",NA,NA,NA
"2023-09-06",103.851,FALSE,NA,NA,"<= day","daily",NA,NA,NA
"2023-09-07",101.534,FALSE,NA,NA,"<= day","daily",NA,NA,NA
"2023-09-08",101.898,FALSE,NA,NA,"<= day","daily",NA,NA,NA
"2023-09-09",99.345,FALSE,NA,NA,"<= day","daily",NA,NA,NA
"2023-09-10",96.86,FALSE,NA,NA,"<= day","daily",NA,NA,NA
"2023-09-11",95.971,FALSE,NA,NA,"<= day","daily",NA,NA,NA
"2023-09-12",96.319,FALSE,NA,NA,"<= day","daily",NA,NA,NA
"2023-09-13",117.739,FALSE,NA,NA,"<= day","daily",NA,NA,NA
"2023-09-14",110.878,FALSE,NA,NA,"<= day","daily",NA,NA,NA
"2023-09-15",108.823,FALSE,NA,NA,"<= day","daily",NA,NA,NA
"2023-09-16",104.594,FALSE,NA,NA,"<= day","daily",NA,NA,NA
"2023-09-17",96.562,FALSE,NA,NA,"<= day","daily",NA,NA,NA
"2023-09-18",126.702,FALSE,NA,NA,"<= day","daily",NA,NA,NA
"2023-09-19",150.869,FALSE,NA,NA,"<= day","daily",NA,NA,NA
"2023-09-20",115.555,FALSE,NA,NA,"<= day","daily",NA,NA,NA
"2023-09-21",112.172,FALSE,NA,NA,"<= day","daily",NA,NA,NA
"2023-09-22",141.289,FALSE,NA,NA,"<= day","daily",NA,NA,NA
"2023-09-23",116.391,FALSE,NA,NA,"<= day","daily",NA,NA,NA
"2023-09-24",112.59,FALSE,NA,NA,"<= day","daily",NA,NA,NA
"2023-09-25",104.742,FALSE,NA,NA,"<= day","daily",NA,NA,NA
"2023-09-26",97.552,FALSE,NA,NA,"<= day","daily",NA,NA,NA
"2023-09-27",90.606,FALSE,NA,NA,"<= day","daily",NA,NA,NA
"2023-09-28",86.425,FALSE,NA,NA,"<= day","daily",NA,NA,NA
"2023-09-29",84.92,FALSE,NA,NA,"<= day","daily",NA,NA,NA
"2023-09-30",85.494,FALSE,NA,NA,"<= day","daily",NA,NA,NA
"2023-10-01",82.929,FALSE,NA,NA,"<= day","daily",NA,NA,NA
"2023-10-02",80.012,FALSE,NA,NA,"<= day","daily",NA,NA,NA
"2023-10-03",78.979,FALSE,NA,NA,"<= day","daily",NA,NA,NA
"2023-10-04",82.845,FALSE,NA,NA,"<= day","daily",NA,NA,NA
"2023-10-05",78.038,FALSE,NA,NA,"<= day","daily",NA,NA,NA
"2023-10-06",70.4,FALSE,NA,NA,"<= day","daily",NA,NA,NA
"2023-10-07",68.733,FALSE,NA,NA,"<= day","daily",NA,NA,NA
"2023-10-08",63.921,FALSE,NA,NA,"<= day","daily",NA,NA,NA
"2023-10-09",67.288,FALSE,NA,NA,"<= day","daily",NA,NA,NA
"2023-10-10",62.332,FALSE,NA,NA,"<= day","daily",NA,NA,NA
"2023-10-11",58.38,FALSE,NA,NA,"<= day","daily",NA,NA,NA
"2023-10-12",55.751,FALSE,NA,NA,"<= day","daily",NA,NA,NA
"2023-10-13",52.591,FALSE,NA,NA,"<= day","daily",NA,NA,NA
"2023-10-14",77.799,FALSE,NA,NA,"<= day","daily",NA,NA,NA
"2023-10-15",112.449,FALSE,NA,NA,"<= day","daily",NA,NA,NA
"2023-10-16",86.939,FALSE,NA,NA,"<= day","daily",NA,NA,NA
"2023-10-17",75.541,FALSE,NA,NA,"<= day","daily",NA,NA,NA
"2023-10-18",64.4,FALSE,NA,NA,"<= day","daily",NA,NA,NA
"2023-10-19",70.704,FALSE,NA,NA,"<= day","daily",NA,NA,NA
"2023-10-20",110.254,FALSE,NA,NA,"<= day","daily",NA,NA,NA
"2023-10-21",114.856,FALSE,NA,NA,"<= day","daily",NA,NA,NA
"2023-10-22",109.075,FALSE,NA,NA,"<= day","daily",NA,NA,NA
"2023-10-23",93.375,FALSE,NA,NA,"<= day","daily",NA,NA,NA
"2023-10-24",102.836,FALSE,NA,NA,"<= day","daily",NA,NA,NA
"2023-10-25",114.099,FALSE,NA,NA,"<= day","daily",NA,NA,NA
"2023-10-26",153.383,FALSE,NA,NA,"<= day","daily",NA,NA,NA
"2023-10-27",153.536,FALSE,NA,NA,"<= day","daily",NA,NA,NA
"2023-10-28",120.671,FALSE,NA,NA,"<= day","daily",NA,NA,NA
"2023-10-29",115.989,FALSE,NA,NA,"<= day","daily",NA,NA,NA
"2023-10-30",122.583,FALSE,NA,NA,"<= day","daily",NA,NA,NA
"2023-10-31",126.849,FALSE,NA,NA,"<= day","daily",NA,NA,NA
"2023-11-01",116.631,FALSE,NA,NA,"<= day","daily",NA,NA,NA
"2023-11-02",115.871,FALSE,NA,NA,"<= day","daily",NA,NA,NA
"2023-11-03",114.18,FALSE,NA,NA,"<= day","daily",NA,NA,NA
"2023-11-04",111.167,FALSE,NA,NA,"<= day","daily",NA,NA,NA
"2023-11-05",110.496,FALSE,NA,NA,"<= day","daily",NA,NA,NA
"2023-11-06",109.61,FALSE,NA,NA,"<= day","daily",NA,NA,NA
"2023-11-07",108.678,FALSE,NA,NA,"<= day","daily",NA,NA,NA
"2023-11-08",107.905,FALSE,NA,NA,"<= day","daily",NA,NA,NA
"2023-11-09",107.14,FALSE,NA,NA,"<= day","daily",NA,NA,NA
"2023-11-10",105.884,FALSE,NA,NA,"<= day","daily",NA,NA,NA
"2023-11-11",104.903,FALSE,NA,NA,"<= day","daily",NA,NA,NA
"2023-11-12",105.66,FALSE,NA,NA,"<= day","daily",NA,NA,NA
"2023-11-13",134.916,FALSE,NA,NA,"<= day","daily",NA,NA,NA
"2023-11-14",216.747,FALSE,NA,NA,"<= day","daily",NA,NA,NA
"2023-11-15",173.684,FALSE,NA,NA,"<= day","daily",NA,NA,NA
"2023-11-16",141.718,FALSE,NA,NA,"<= day","daily",NA,NA,NA
"2023-11-17",121.923,FALSE,NA,NA,"<= day","daily",NA,NA,NA
"2023-11-18",118.956,FALSE,NA,NA,"<= day","daily",NA,NA,NA
"2023-11-19",152.01,FALSE,NA,NA,"<= day","daily",NA,NA,NA
"2023-11-20",151.913,FALSE,NA,NA,"<= day","daily",NA,NA,NA
"2023-11-21",123.609,FALSE,NA,NA,"<= day","daily",NA,NA,NA
"2023-11-22",118.121,FALSE,NA,NA,"<= day","daily",NA,NA,NA
"2023-11-23",116.501,FALSE,NA,NA,"<= day","daily",NA,NA,NA
"2023-11-24",115.572,FALSE,NA,NA,"<= day","daily",NA,NA,NA
"2023-11-25",113.886,FALSE,NA,NA,"<= day","daily",NA,NA,NA
"2023-11-26",112.287,FALSE,NA,NA,"<= day","daily",NA,NA,NA
"2023-11-27",110.79,FALSE,NA,NA,"<= day","daily",NA,NA,NA
"2023-11-28",109.618,FALSE,NA,NA,"<= day","daily",NA,NA,NA
"2023-11-29",108.11,FALSE,NA,NA,"<= day","daily",NA,NA,NA
"2023-11-30",109.016,FALSE,NA,NA,"<= day","daily",NA,NA,NA
"2023-12-01",110.277,FALSE,NA,NA,"<= day","daily",NA,NA,NA
"2023-12-02",107.461,FALSE,NA,NA,"<= day","daily",NA,NA,NA
"2023-12-03",104.266,FALSE,NA,NA,"<= day","daily",NA,NA,NA
"2023-12-04",102.96,FALSE,NA,NA,"<= day","daily",NA,NA,NA
"2023-12-05",101.421,FALSE,NA,NA,"<= day","daily",NA,NA,NA
"2023-12-06",100.908,FALSE,NA,NA,"<= day","daily",NA,NA,NA
"2023-12-07",99.701,FALSE,NA,NA,"<= day","daily",NA,NA,NA
"2023-12-08",100.043,FALSE,NA,NA,"<= day","daily",NA,NA,NA
"2023-12-09",100.111,FALSE,NA,NA,"<= day","daily",NA,NA,NA
"2023-12-10",105.533,FALSE,NA,NA,"<= day","daily",NA,NA,NA
"2023-12-11",147.676,FALSE,NA,NA,"<= day","daily",NA,NA,NA
"2023-12-12",159.606,FALSE,NA,NA,"<= day","daily",NA,NA,NA
"2023-12-13",125.964,FALSE,NA,NA,"<= day","daily",NA,NA,NA
"2023-12-14",116.485,FALSE,NA,NA,"<= day","daily",NA,NA,NA
"2023-12-15",111.712,FALSE,NA,NA,"<= day","daily",NA,NA,NA
"2023-12-16",113.868,FALSE,NA,NA,"<= day","daily",NA,NA,NA
"2023-12-17",109.714,FALSE,NA,NA,"<= day","daily",NA,NA,NA
"2023-12-18",105.835,FALSE,NA,NA,"<= day","daily",NA,NA,NA
"2023-12-19",105.047,FALSE,NA,NA,"<= day","daily",NA,NA,NA
"2023-12-20",104.722,FALSE,NA,NA,"<= day","daily",NA,NA,NA
"2023-12-21",102.796,FALSE,NA,NA,"<= day","daily",NA,NA,NA
"2023-12-22",105.332,FALSE,NA,NA,"<= day","daily",NA,NA,NA
"2023-12-23",101.499,FALSE,NA,NA,"<= day","daily",NA,NA,NA
"2023-12-24",102.45,FALSE,NA,NA,"<= day","daily",NA,NA,NA
"2023-12-25",104.525,FALSE,NA,NA,"<= day","daily",NA,NA,NA
"2023-12-26",104.166,FALSE,NA,NA,"<= day","daily",NA,NA,NA
"2023-12-27",97.938,FALSE,NA,NA,"<= day","daily",NA,NA,NA
"2023-12-28",98.498,FALSE,NA,NA,"<= day","daily",NA,NA,NA
"2023-12-29",101.792,FALSE,NA,NA,"<= day","daily",NA,NA,NA
"2023-12-30",104.423,FALSE,NA,NA,"<= day","daily",NA,NA,NA
"2023-12-31",104.423,FALSE,NA,NA,"<= day","daily",NA,NA,NA
"2024-01-01",104.423,FALSE,NA,NA,"<= day","daily",NA,NA,NA
"2024-01-02",97.344,FALSE,NA,NA,"<= day","daily",NA,NA,NA
"2024-01-03",98.524,FALSE,NA,NA,"<= day","daily",NA,NA,NA
"2024-01-04",95.755,FALSE,NA,NA,"<= day","daily",NA,NA,NA
"2024-01-05",94.475,FALSE,NA,NA,"<= day","daily",NA,NA,NA
"2024-01-06",92.541,FALSE,NA,NA,"<= day","daily",NA,NA,NA
"2024-01-07",90.645,FALSE,NA,NA,"<= day","daily",NA,NA,NA
"2024-01-08",90.634,FALSE,NA,NA,"<= day","daily",NA,NA,NA
"2024-01-09",90.704,FALSE,NA,NA,"<= day","daily",NA,NA,NA
"2024-01-10",89.127,FALSE,NA,NA,"<= day","daily",NA,NA,NA
"2024-01-11",89.231,FALSE,NA,NA,"<= day","daily",NA,NA,NA
"2024-01-12",89.513,FALSE,NA,NA,"<= day","daily",NA,NA,NA
"2024-01-13",90.193,FALSE,NA,NA,"<= day","daily",NA,NA,NA
"2024-01-14",92.418,FALSE,NA,NA,"<= day","daily",NA,NA,NA
"2024-01-15",86.864,FALSE,NA,NA,"<= day","daily",NA,NA,NA
"2024-01-16",86.421,FALSE,NA,NA,"<= day","daily",NA,NA,NA
"2024-01-17",94.141,FALSE,NA,NA,"<= day","daily",NA,NA,NA
"2024-01-18",102.152,FALSE,NA,NA,"<= day","daily",NA,NA,NA
"2024-01-19",95.389,FALSE,NA,NA,"<= day","daily",NA,NA,NA
"2024-01-20",91.238,FALSE,NA,NA,"<= day","daily",NA,NA,NA
"2024-01-21",88.105,FALSE,NA,NA,"<= day","daily",NA,NA,NA
"2024-01-22",89.704,FALSE,NA,NA,"<= day","daily",NA,NA,NA
"2024-01-23",92.403,FALSE,NA,NA,"<= day","daily",NA,NA,NA
"2024-01-24",98.157,FALSE,NA,NA,"<= day","daily",NA,NA,NA
"2024-01-25",109.714,FALSE,NA,NA,"<= day","daily",NA,NA,NA
"2024-01-26",106.41,FALSE,NA,NA,"<= day","daily",NA,NA,NA
"2024-01-27",105.788,FALSE,NA,NA,"<= day","daily",NA,NA,NA
"2024-01-28",100.966,FALSE,NA,NA,"<= day","daily",NA,NA,NA
"2024-01-29",98.53,FALSE,NA,NA,"<= day","daily",NA,NA,NA
"2024-01-30",96.797,FALSE,NA,NA,"<= day","daily",NA,NA,NA
"2024-01-31",96.412,FALSE,NA,NA,"<= day","daily",NA,NA,NA
"2024-02-01",92.937,FALSE,NA,NA,"<= day","daily",NA,NA,NA
"2024-02-02",90.459,FALSE,NA,NA,"<= day","daily",NA,NA,NA
"2024-02-03",91.691,FALSE,NA,NA,"<= day","daily",NA,NA,NA
"2024-02-04",97.108,FALSE,NA,NA,"<= day","daily",NA,NA,NA
"2024-02-05",96.827,FALSE,NA,NA,"<= day","daily",NA,NA,NA
"2024-02-06",98.184,FALSE,NA,NA,"<= day","daily",NA,NA,NA
"2024-02-07",100.362,FALSE,NA,NA,"<= day","daily",NA,NA,NA
"2024-02-08",98.845,FALSE,NA,NA,"<= day","daily",NA,NA,NA
"2024-02-09",101.221,FALSE,NA,NA,"<= day","daily",NA,NA,NA
"2024-02-10",93.856,FALSE,NA,NA,"<= day","daily",NA,NA,NA
"2024-02-11",92.333,FALSE,NA,NA,"<= day","daily",NA,NA,NA
"2024-02-12",88.178,FALSE,NA,NA,"<= day","daily",NA,NA,NA
"2024-02-13",86.704,FALSE,NA,NA,"<= day","daily",NA,NA,NA
"2024-02-14",88.776,FALSE,NA,NA,"<= day","daily",NA,NA,NA
"2024-02-15",87.607,FALSE,NA,NA,"<= day","daily",NA,NA,NA
"2024-02-16",96.124,FALSE,NA,NA,"<= day","daily",NA,NA,NA
"2024-02-17",100.911,FALSE,NA,NA,"<= day","daily",NA,NA,NA
"2024-02-18",101.27,FALSE,NA,NA,"<= day","daily",NA,NA,NA
"2024-02-19",101.043,FALSE,NA,NA,"<= day","daily",NA,NA,NA
"2024-02-20",100.311,FALSE,NA,NA,"<= day","daily",NA,NA,NA
"2024-02-21",93.762,FALSE,NA,NA,"<= day","daily",NA,NA,NA
"2024-02-22",92.95,FALSE,NA,NA,"<= day","daily",NA,NA,NA
"2024-02-23",89.488,FALSE,NA,NA,"<= day","daily",NA,NA,NA
"2024-02-24",88.135,FALSE,NA,NA,"<= day","daily",NA,NA,NA
"2024-02-25",85.585,FALSE,NA,NA,"<= day","daily",NA,NA,NA
"2024-02-26",87.334,FALSE,NA,NA,"<= day","daily",NA,NA,NA
"2024-02-27",87.334,FALSE,NA,NA,"<= day","daily",NA,NA,NA
"2024-02-28",78.926,FALSE,NA,NA,"<= day","daily",NA,NA,NA
"2024-02-29",82.196,FALSE,NA,NA,"<= day","daily",NA,NA,NA
"2024-03-01",86.238,FALSE,NA,NA,"<= day","daily",NA,NA,NA
"2024-03-02",84.093,FALSE,NA,NA,"<= day","daily",NA,NA,NA
"2024-03-03",84.615,FALSE,NA,NA,"<= day","daily",NA,NA,NA
"2024-03-04",85.216,FALSE,NA,NA,"<= day","daily",NA,NA,NA
"2024-03-05",84.842,FALSE,NA,NA,"<= day","daily",NA,NA,NA
"2024-03-06",79.343,FALSE,NA,NA,"<= day","daily",NA,NA,NA
"2024-03-07",81.653,FALSE,NA,NA,"<= day","daily",NA,NA,NA
"2024-03-08",81.529,FALSE,NA,NA,"<= day","daily",NA,NA,NA
"2024-03-09",79.805,FALSE,NA,NA,"<= day","daily",NA,NA,NA
"2024-03-10",80.13,FALSE,NA,NA,"<= day","daily",NA,NA,NA
"2024-03-11",76.074,FALSE,NA,NA,"<= day","daily",NA,NA,NA
"2024-03-12",71.015,FALSE,NA,NA,"<= day","daily",NA,NA,NA
"2024-03-13",79.098,FALSE,NA,NA,"<= day","daily",NA,NA,NA
"2024-03-14",95.066,FALSE,NA,NA,"<= day","daily",NA,NA,NA
"2024-03-15",101.73,FALSE,NA,NA,"<= day","daily",NA,NA,NA
"2024-03-16",106.47,FALSE,NA,NA,"<= day","daily",NA,NA,NA
"2024-03-17",99.691,FALSE,NA,NA,"<= day","daily",NA,NA,NA
"2024-03-18",113.606,FALSE,NA,NA,"<= day","daily",NA,NA,NA
"2024-03-19",113.825,FALSE,NA,NA,"<= day","daily",NA,NA,NA
"2024-03-20",110.941,FALSE,NA,NA,"<= day","daily",NA,NA,NA
"2024-03-21",113.447,FALSE,NA,NA,"<= day","daily",NA,NA,NA
"2024-03-22",113.768,FALSE,NA,NA,"<= day","daily",NA,NA,NA
"2024-03-23",111.025,FALSE,NA,NA,"<= day","daily",NA,NA,NA
"2024-03-24",103.938,FALSE,NA,NA,"<= day","daily",NA,NA,NA
"2024-03-25",98.396,FALSE,NA,NA,"<= day","daily",NA,NA,NA
"2024-03-26",96.275,FALSE,NA,NA,"<= day","daily",NA,NA,NA
"2024-03-27",93.974,FALSE,NA,NA,"<= day","daily",NA,NA,NA
"2024-03-28",90.548,FALSE,NA,NA,"<= day","daily",NA,NA,NA
"2024-03-29",90.062,FALSE,NA,NA,"<= day","daily",NA,NA,NA
"2024-03-30",95.38,FALSE,NA,NA,"<= day","daily",NA,NA,NA
"2024-03-31",98.997,FALSE,NA,NA,"<= day","daily",NA,NA,NA
"2024-04-01",100.7,FALSE,NA,NA,"<= day","daily",NA,NA,NA
"2024-04-02",97.691,FALSE,NA,NA,"<= day","daily",NA,NA,NA
"2024-04-03",96.397,FALSE,NA,NA,"<= day","daily",NA,NA,NA
"2024-04-04",99.316,FALSE,NA,NA,"<= day","daily",NA,NA,NA
"2024-04-05",108.242,FALSE,NA,NA,"<= day","daily",NA,NA,NA
"2024-04-06",117.935,FALSE,NA,NA,"<= day","daily",NA,NA,NA
"2024-04-07",119.05,FALSE,NA,NA,"<= day","daily",NA,NA,NA
"2024-04-08",127.305,FALSE,NA,NA,"<= day","daily",NA,NA,NA
"2024-04-09",146.413,FALSE,NA,NA,"<= day","daily",NA,NA,NA
"2024-04-10",120.75,FALSE,NA,NA,"<= day","daily",NA,NA,NA
"2024-04-11",117.632,FALSE,NA,NA,"<= day","daily",NA,NA,NA
"2024-04-12",123.184,FALSE,NA,NA,"<= day","daily",NA,NA,NA
"2024-04-13",136.758,FALSE,NA,NA,"<= day","daily",NA,NA,NA
"2024-04-14",149.727,FALSE,NA,NA,"<= day","daily",NA,NA,NA
"2024-04-15",160.713,FALSE,NA,NA,"<= day","daily",NA,NA,NA
"2024-04-16",156.152,FALSE,NA,NA,"<= day","daily",NA,NA,NA
"2024-04-17",127.546,FALSE,NA,NA,"<= day","daily",NA,NA,NA
"2024-04-18",117.051,FALSE,NA,NA,"<= day","daily",NA,NA,NA
"2024-04-19",115.777,FALSE,NA,NA,"<= day","daily",NA,NA,NA
"2024-04-20",113.362,FALSE,NA,NA,"<= day","daily",NA,NA,NA
"2024-04-21",113.329,FALSE,NA,NA,"<= day","daily",NA,NA,NA
"2024-04-22",111.69,FALSE,NA,NA,"<= day","daily",NA,NA,NA
"2024-04-23",107.736,FALSE,NA,NA,"<= day","daily",NA,NA,NA
"2024-04-24",107.734,FALSE,NA,NA,"<= day","daily",NA,NA,NA
"2024-04-25",103.381,FALSE,NA,NA,"<= day","daily",NA,NA,NA
"2024-04-26",102.064,FALSE,NA,NA,"<= day","daily",NA,NA,NA
"2024-04-27",104.821,FALSE,NA,NA,"<= day","daily",NA,NA,NA
"2024-04-28",105.693,FALSE,NA,NA,"<= day","daily",NA,NA,NA
"2024-04-29",110.918,FALSE,NA,NA,"<= day","daily",NA,NA,NA
"2024-04-30",117.75,FALSE,NA,NA,"<= day","daily",NA,NA,NA
"2024-05-01",123.464,FALSE,NA,NA,"<= day","daily",NA,NA,NA
"2024-05-02",122.096,FALSE,NA,NA,"<= day","daily",NA,NA,NA
"2024-05-03",117.612,FALSE,NA,NA,"<= day","daily",NA,NA,NA
"2024-05-04",117.371,FALSE,NA,NA,"<= day","daily",NA,NA,NA
"2024-05-05",120.908,FALSE,NA,NA,"<= day","daily",NA,NA,NA
"2024-05-06",146.337,FALSE,NA,NA,"<= day","daily",NA,NA,NA
"2024-05-07",140.854,FALSE,NA,NA,"<= day","daily",NA,NA,NA
"2024-05-08",123.826,FALSE,NA,NA,"<= day","daily",NA,NA,NA
"2024-05-09",137.852,FALSE,NA,NA,"<= day","daily",NA,NA,NA
"2024-05-10",151.687,FALSE,NA,NA,"<= day","daily",NA,NA,NA
"2024-05-11",159.279,FALSE,NA,NA,"<= day","daily",NA,NA,NA
"2024-05-12",162.067,FALSE,NA,NA,"<= day","daily",NA,NA,NA
"2024-05-13",162.755,FALSE,NA,NA,"<= day","daily",NA,NA,NA
"2024-05-14",162.761,FALSE,NA,NA,"<= day","daily",NA,NA,NA
"2024-05-15",163.031,FALSE,NA,NA,"<= day","daily",NA,NA,NA
"2024-05-16",160.144,FALSE,NA,NA,"<= day","daily",NA,NA,NA
"2024-05-17",149.712,FALSE,NA,NA,"<= day","daily",NA,NA,NA
"2024-05-18",146.497,FALSE,NA,NA,"<= day","daily",NA,NA,NA
"2024-05-19",151.758,FALSE,NA,NA,"<= day","daily",NA,NA,NA
"2024-05-20",158.639,FALSE,NA,NA,"<= day","daily",NA,NA,NA
"2024-05-21",161.191,FALSE,NA,NA,"<= day","daily",NA,NA,NA
"2024-05-22",163.638,FALSE,NA,NA,"<= day","daily",NA,NA,NA
"2024-05-23",159.673,FALSE,NA,NA,"<= day","daily",NA,NA,NA
"2024-05-24",152.289,FALSE,NA,NA,"<= day","daily",NA,NA,NA
"2024-05-25",153.791,FALSE,NA,NA,"<= day","daily",NA,NA,NA
"2024-05-26",156.087,FALSE,NA,NA,"<= day","daily",NA,NA,NA
"2024-05-27",164.397,FALSE,NA,NA,"<= day","daily",NA,NA,NA
"2024-05-28",164.607,FALSE,NA,NA,"<= day","daily",NA,NA,NA
"2024-05-29",166.453,FALSE,NA,NA,"<= day","daily",NA,NA,NA
"2024-05-30",174.537,FALSE,NA,NA,"<= day","daily",NA,NA,NA
"2024-05-31",167.748,FALSE,NA,NA,"<= day","daily",NA,NA,NA
"2024-06-01",153.907,FALSE,NA,NA,"<= day","daily",NA,NA,NA
"2024-06-02",154.418,FALSE,NA,NA,"<= day","daily",NA,NA,NA
"2024-06-03",171.333,FALSE,NA,NA,"<= day","daily",NA,NA,NA
"2024-06-04",174.434,FALSE,NA,NA,"<= day","daily",NA,NA,NA
"2024-06-05",171.126,FALSE,NA,NA,"<= day","daily",NA,NA,NA
"2024-06-06",172.658,FALSE,NA,NA,"<= day","daily",NA,NA,NA
"2024-06-07",182.463,FALSE,NA,NA,"<= day","daily",NA,NA,NA
"2024-06-08",179.435,FALSE,NA,NA,"<= day","daily",NA,NA,NA
"2024-06-09",176.569,FALSE,NA,NA,"<= day","daily",NA,NA,NA
"2024-06-10",178.45,FALSE,NA,NA,"<= day","daily",NA,NA,NA
"2024-06-11",169.569,FALSE,NA,NA,"<= day","daily",NA,NA,NA
"2024-06-12",166.933,FALSE,NA,NA,"<= day","daily",NA,NA,NA
"2024-06-13",166.816,FALSE,NA,NA,"<= day","daily",NA,NA,NA
"2024-06-14",163.282,FALSE,NA,NA,"<= day","daily",NA,NA,NA
"2024-06-15",179.275,FALSE,NA,NA,"<= day","daily",NA,NA,NA
"2024-06-16",171.318,FALSE,NA,NA,"<= day","daily",NA,NA,NA
"2024-06-17",173.757,FALSE,NA,NA,"<= day","daily",NA,NA,NA
"2024-06-18",176.124,FALSE,NA,NA,"<= day","daily",NA,NA,NA
"2024-06-19",177.049,FALSE,NA,NA,"<= day","daily",NA,NA,NA
"2024-06-20",175.299,FALSE,NA,NA,"<= day","daily",NA,NA,NA
"2024-06-21",188.502,FALSE,NA,NA,"<= day","daily",NA,NA,NA
"2024-06-22",168.416,FALSE,NA,NA,"<= day","daily",NA,NA,NA
"2024-06-23",168.53,FALSE,NA,NA,"<= day","daily",NA,NA,NA
"2024-06-24",170.609,FALSE,NA,NA,"<= day","daily",NA,NA,NA
"2024-06-25",170.815,FALSE,NA,NA,"<= day","daily",NA,NA,NA
"2024-06-26",170.507,FALSE,NA,NA,"<= day","daily",NA,NA,NA
"2024-06-27",170.504,FALSE,NA,NA,"<= day","daily",NA,NA,NA
"2024-06-28",171.347,FALSE,NA,NA,"<= day","daily",NA,NA,NA
"2024-06-29",171.787,FALSE,NA,NA,"<= day","daily",NA,NA,NA
"2024-06-30",169.767,FALSE,NA,NA,"<= day","daily",NA,NA,NA
"2024-07-01",168.019,FALSE,NA,NA,"<= day","daily",NA,NA,NA
"2024-07-02",167.466,FALSE,NA,NA,"<= day","daily",NA,NA,NA
"2024-07-03",165.786,FALSE,NA,NA,"<= day","daily",NA,NA,NA
"2024-07-04",166.057,FALSE,NA,NA,"<= day","daily",NA,NA,NA
"2024-07-05",168.13,FALSE,NA,NA,"<= day","daily",NA,NA,NA
"2024-07-06",170.388,FALSE,NA,NA,"<= day","daily",NA,NA,NA
"2024-07-07",177.559,FALSE,NA,NA,"<= day","daily",NA,NA,NA
"2024-07-08",169.337,FALSE,NA,NA,"<= day","daily",NA,NA,NA
"2024-07-09",166.311,FALSE,NA,NA,"<= day","daily",NA,NA,NA
"2024-07-10",167.751,FALSE,NA,NA,"<= day","daily",NA,NA,NA
"2024-07-11",168.081,FALSE,NA,NA,"<= day","daily",NA,NA,NA
"2024-07-12",179.687,FALSE,NA,NA,"<= day","daily",NA,NA,NA
"2024-07-13",169.483,FALSE,NA,NA,"<= day","daily",NA,NA,NA
"2024-07-14",162.054,FALSE,NA,NA,"<= day","daily",NA,NA,NA
"2024-07-15",168.082,FALSE,NA,NA,"<= day","daily",NA,NA,NA
"2024-07-16",183.327,FALSE,NA,NA,"<= day","daily",NA,NA,NA
"2024-07-17",167.715,FALSE,NA,NA,"<= day","daily",NA,NA,NA
"2024-07-18",161.981,FALSE,NA,NA,"<= day","daily",NA,NA,NA
"2024-07-19",158.855,FALSE,NA,NA,"<= day","daily",NA,NA,NA
"2024-07-20",160.362,FALSE,NA,NA,"<= day","daily",NA,NA,NA
"2024-07-21",159.895,FALSE,NA,NA,"<= day","daily",NA,NA,NA
"2024-07-22",159.62,FALSE,NA,NA,"<= day","daily",NA,NA,NA
"2024-07-23",157.142,FALSE,NA,NA,"<= day","daily",NA,NA,NA
"2024-07-24",154.733,FALSE,NA,NA,"<= day","daily",NA,NA,NA
"2024-07-25",146.968,FALSE,NA,NA,"<= day","daily",NA,NA,NA
"2024-07-26",146.559,FALSE,NA,NA,"<= day","daily",NA,NA,NA
"2024-07-27",153.288,FALSE,NA,NA,"<= day","daily",NA,NA,NA
"2024-07-28",160.821,FALSE,NA,NA,"<= day","daily",NA,NA,NA
"2024-07-29",150.594,FALSE,NA,NA,"<= day","daily",NA,NA,NA
"2024-07-30",145.787,FALSE,NA,NA,"<= day","daily",NA,NA,NA
"2024-07-31",144.956,FALSE,NA,NA,"<= day","daily",NA,NA,NA
"2024-08-01",152.323,FALSE,NA,NA,"<= day","daily",NA,NA,NA
"2024-08-02",148.014,FALSE,NA,NA,"<= day","daily",NA,NA,NA
"2024-08-03",140.371,FALSE,NA,NA,"<= day","daily",NA,NA,NA
"2024-08-04",126.821,FALSE,NA,NA,"<= day","daily",NA,NA,NA
"2024-08-05",122.637,FALSE,NA,NA,"<= day","daily",NA,NA,NA
"2024-08-06",123.137,FALSE,NA,NA,"<= day","daily",NA,NA,NA
"2024-08-07",127.506,FALSE,NA,NA,"<= day","daily",NA,NA,NA
"2024-08-08",120.898,FALSE,NA,NA,"<= day","daily",NA,NA,NA
"2024-08-09",117.406,FALSE,NA,NA,"<= day","daily",NA,NA,NA
"2024-08-10",116.373,FALSE,NA,NA,"<= day","daily",NA,NA,NA
"2024-08-11",118.384,FALSE,NA,NA,"<= day","daily",NA,NA,NA
"2024-08-12",117.32,FALSE,NA,NA,"<= day","daily",NA,NA,NA
"2024-08-13",118.771,FALSE,NA,NA,"<= day","daily",NA,NA,NA
"2024-08-14",125.024,FALSE,NA,NA,"<= day","daily",NA,NA,NA
"2024-08-15",111.519,FALSE,NA,NA,"<= day","daily",NA,NA,NA
"2024-08-16",111.899,FALSE,NA,NA,"<= day","daily",NA,NA,NA
"2024-08-17",115.851,FALSE,NA,NA,"<= day","daily",NA,NA,NA
"2024-08-18",153.502,FALSE,NA,NA,"<= day","daily",NA,NA,NA
"2024-08-19",137.898,FALSE,NA,NA,"<= day","daily",NA,NA,NA
"2024-08-20",115.396,FALSE,NA,NA,"<= day","daily",NA,NA,NA
"2024-08-21",112.643,FALSE,NA,NA,"<= day","daily",NA,NA,NA
"2024-08-22",111.203,FALSE,NA,NA,"<= day","daily",NA,NA,NA
"2024-08-23",110.754,FALSE,NA,NA,"<= day","daily",NA,NA,NA
"2024-08-24",109.698,FALSE,NA,NA,"<= day","daily",NA,NA,NA
"2024-08-25",114.143,FALSE,NA,NA,"<= day","daily",NA,NA,NA
"2024-08-26",108.17,FALSE,NA,NA,"<= day","daily",NA,NA,NA
"2024-08-27",109.927,FALSE,NA,NA,"<= day","daily",NA,NA,NA
"2024-08-28",110.595,FALSE,NA,NA,"<= day","daily",NA,NA,NA
"2024-08-29",106.179,FALSE,NA,NA,"<= day","daily",NA,NA,NA
"2024-08-30",108.185,FALSE,NA,NA,"<= day","daily",NA,NA,NA
"2024-08-31",105.39,FALSE,NA,NA,"<= day","daily",NA,NA,NA
"2024-09-01",104.431,FALSE,NA,NA,"<= day","daily",NA,NA,NA
"2024-09-02",105.22,FALSE,NA,NA,"<= day","daily",NA,NA,NA
"2024-09-03",98.847,FALSE,NA,NA,"<= day","daily",NA,NA,NA
"2024-09-04",99.601,FALSE,NA,NA,"<= day","daily",NA,NA,NA
"2024-09-05",105.528,FALSE,NA,NA,"<= day","daily",NA,NA,NA
"2024-09-06",99.577,FALSE,NA,NA,"<= day","daily",NA,NA,NA
"2024-09-07",98.089,FALSE,NA,NA,"<= day","daily",NA,NA,NA
"2024-09-08",97.279,FALSE,NA,NA,"<= day","daily",NA,NA,NA
"2024-09-09",170.972,FALSE,NA,NA,"<= day","daily",NA,NA,NA
"2024-09-10",143.896,FALSE,NA,NA,"<= day","daily",NA,NA,NA
"2024-09-11",114.036,FALSE,NA,NA,"<= day","daily",NA,NA,NA
"2024-09-12",138.671,FALSE,NA,NA,"<= day","daily",NA,NA,NA
"2024-09-13",117.715,FALSE,NA,NA,"<= day","daily",NA,NA,NA
"2024-09-14",116.335,FALSE,NA,NA,"<= day","daily",NA,NA,NA
"2024-09-15",116.539,FALSE,NA,NA,"<= day","daily",NA,NA,NA
"2024-09-16",115.65,FALSE,NA,NA,"<= day","daily",NA,NA,NA
"2024-09-17",112.626,FALSE,NA,NA,"<= day","daily",NA,NA,NA
"2024-09-18",113.423,FALSE,NA,NA,"<= day","daily",NA,NA,NA
"2024-09-19",112.507,FALSE,NA,NA,"<= day","daily",NA,NA,NA
"2024-09-20",113.087,FALSE,NA,NA,"<= day","daily",NA,NA,NA
"2024-09-21",108.835,FALSE,NA,NA,"<= day","daily",NA,NA,NA
"2024-09-22",105.674,FALSE,NA,NA,"<= day","daily",NA,NA,NA
"2024-09-23",118.812,FALSE,NA,NA,"<= day","daily",NA,NA,NA
"2024-09-24",118.777,FALSE,NA,NA,"<= day","daily",NA,NA,NA
"2024-09-25",112.106,FALSE,NA,NA,"<= day","daily",NA,NA,NA
"2024-09-26",182.579,FALSE,NA,NA,"<= day","daily",NA,NA,NA
"2024-09-27",160.888,FALSE,NA,NA,"<= day","daily",NA,NA,NA
"2024-09-28",138.484,FALSE,NA,NA,"<= day","daily",NA,NA,NA
"2024-09-29",122.695,FALSE,NA,NA,"<= day","daily",NA,NA,NA
"2024-09-30",118.397,FALSE,NA,NA,"<= day","daily",NA,NA,NA
"2024-10-01",137.899,FALSE,NA,NA,"<= day","daily",NA,NA,NA
"2024-10-02",176.696,FALSE,NA,NA,"<= day","daily",NA,NA,NA
"2024-10-03",128.308,FALSE,NA,NA,"<= day","daily",NA,NA,NA
"2024-10-04",117.571,FALSE,NA,NA,"<= day","daily",NA,NA,NA
"2024-10-05",116.794,FALSE,NA,NA,"<= day","daily",NA,NA,NA
"2024-10-06",114.822,FALSE,NA,NA,"<= day","daily",NA,NA,NA
"2024-10-07",116.755,FALSE,NA,NA,"<= day","daily",NA,NA,NA
"2024-10-08",141.97,FALSE,NA,NA,"<= day","daily",NA,NA,NA
"2024-10-09",126.847,FALSE,NA,NA,"<= day","daily",NA,NA,NA
"2024-10-10",168.686,FALSE,NA,NA,"<= day","daily",NA,NA,NA
"2024-10-11",143.588,FALSE,NA,NA,"<= day","daily",NA,NA,NA
"2024-10-12",123.027,FALSE,NA,NA,"<= day","daily",NA,NA,NA
"2024-10-13",181.858,FALSE,NA,NA,"<= day","daily",NA,NA,NA
"2024-10-14",156.328,FALSE,NA,NA,"<= day","daily",NA,NA,NA
"2024-10-15",131.355,FALSE,NA,NA,"<= day","daily",NA,NA,NA
"2024-10-16",118.709,FALSE,NA,NA,"<= day","daily",NA,NA,NA
"2024-10-17",114.863,FALSE,NA,NA,"<= day","daily",NA,NA,NA
"2024-10-18",128.145,FALSE,NA,NA,"<= day","daily",NA,NA,NA
"2024-10-19",117.319,FALSE,NA,NA,"<= day","daily",NA,NA,NA
"2024-10-20",112.841,FALSE,NA,NA,"<= day","daily",NA,NA,NA
"2024-10-21",109.086,FALSE,NA,NA,"<= day","daily",NA,NA,NA
"2024-10-22",107.338,FALSE,NA,NA,"<= day","daily",NA,NA,NA
"2024-10-23",103.563,FALSE,NA,NA,"<= day","daily",NA,NA,NA
"2024-10-24",103.671,FALSE,NA,NA,"<= day","daily",NA,NA,NA
"2024-10-25",99.655,FALSE,NA,NA,"<= day","daily",NA,NA,NA
"2024-10-26",95.182,FALSE,NA,NA,"<= day","daily",NA,NA,NA
"2024-10-27",91.531,FALSE,NA,NA,"<= day","daily",NA,NA,NA
"2024-10-28",89.616,FALSE,NA,NA,"<= day","daily",NA,NA,NA
"2024-10-29",88.723,FALSE,NA,NA,"<= day","daily",NA,NA,NA
"2024-10-30",86.004,FALSE,NA,NA,"<= day","daily",NA,NA,NA
"2024-10-31",82.142,FALSE,NA,NA,"<= day","daily",NA,NA,NA
"2024-11-01",79.902,FALSE,NA,NA,"<= day","daily",NA,NA,NA
"2024-11-02",80.018,FALSE,NA,NA,"<= day","daily",NA,NA,NA
"2024-11-03",75.266,FALSE,NA,NA,"<= day","daily",NA,NA,NA
"2024-11-04",72.543,FALSE,NA,NA,"<= day","daily",NA,NA,NA
"2024-11-05",70.342,FALSE,NA,NA,"<= day","daily",NA,NA,NA
"2024-11-06",67.802,FALSE,NA,NA,"<= day","daily",NA,NA,NA
"2024-11-07",64.492,FALSE,NA,NA,"<= day","daily",NA,NA,NA
"2024-11-08",62.084,FALSE,NA,NA,"<= day","daily",NA,NA,NA
"2024-11-09",60.341,FALSE,NA,NA,"<= day","daily",NA,NA,NA
"2024-11-10",55.752,FALSE,NA,NA,"<= day","daily",NA,NA,NA
"2024-11-11",54.39,FALSE,NA,NA,"<= day","daily",NA,NA,NA
"2024-11-12",55.723,FALSE,NA,NA,"<= day","daily",NA,NA,NA
"2024-11-13",48.25,FALSE,NA,NA,"<= day","daily",NA,NA,NA
"2024-11-14",45.296,FALSE,NA,NA,"<= day","daily",NA,NA,NA
"2024-11-15",43.246,FALSE,NA,NA,"<= day","daily",NA,NA,NA
"2024-11-16",41.753,FALSE,NA,NA,"<= day","daily",NA,NA,NA
"2024-11-17",38.846,FALSE,NA,NA,"<= day","daily",NA,NA,NA
"2024-11-18",41.52,FALSE,NA,NA,"<= day","daily",NA,NA,NA
"2024-11-19",45.421,FALSE,NA,NA,"<= day","daily",NA,NA,NA
"2024-11-20",55.799,FALSE,NA,NA,"<= day","daily",NA,NA,NA
"2024-11-21",53.812,FALSE,NA,NA,"<= day","daily",NA,NA,NA
"2024-11-22",61.177,FALSE,NA,NA,"<= day","daily",NA,NA,NA
"2024-11-23",56.106,FALSE,NA,NA,"<= day","daily",NA,NA,NA
"2024-11-24",62.011,FALSE,NA,NA,"<= day","daily",NA,NA,NA
"2024-11-25",66.394,FALSE,NA,NA,"<= day","daily",NA,NA,NA
"2024-11-26",72.963,FALSE,NA,NA,"<= day","daily",NA,NA,NA
"2024-11-27",71.473,FALSE,NA,NA,"<= day","daily",NA,NA,NA
"2024-11-28",96.843,FALSE,NA,NA,"<= day","daily",NA,NA,NA
"2024-11-29",97.69,FALSE,NA,NA,"<= day","daily",NA,NA,NA
"2024-11-30",84.903,FALSE,NA,NA,"<= day","daily",NA,NA,NA
"2024-12-01",79.966,FALSE,NA,NA,"<= day","daily",NA,NA,NA
"2024-12-02",80.05,FALSE,NA,NA,"<= day","daily",NA,NA,NA
"2024-12-03",87.363,FALSE,NA,NA,"<= day","daily",NA,NA,NA
"2024-12-04",75.254,FALSE,NA,NA,"<= day","daily",NA,NA,NA
"2024-12-05",70.941,FALSE,NA,NA,"<= day","daily",NA,NA,NA
"2024-12-06",104.485,FALSE,NA,NA,"<= day","daily",NA,NA,NA
"2024-12-07",90.03,FALSE,NA,NA,"<= day","daily",NA,NA,NA
"2024-12-08",78.572,FALSE,NA,NA,"<= day","daily",NA,NA,NA
"2024-12-09",70.803,FALSE,NA,NA,"<= day","daily",NA,NA,NA
"2024-12-10",64.289,FALSE,NA,NA,"<= day","daily",NA,NA,NA
"2024-12-11",62.796,FALSE,NA,NA,"<= day","daily",NA,NA,NA
"2024-12-12",62.117,FALSE,NA,NA,"<= day","daily",NA,NA,NA
"2024-12-13",57.035,FALSE,NA,NA,"<= day","daily",NA,NA,NA
"2024-12-14",55.429,FALSE,NA,NA,"<= day","daily",NA,NA,NA
"2024-12-15",54.843,FALSE,NA,NA,"<= day","daily",NA,NA,NA
"2024-12-16",57.603,FALSE,NA,NA,"<= day","daily",NA,NA,NA
"2024-12-17",63.43,FALSE,NA,NA,"<= day","daily",NA,NA,NA
"2024-12-18",65.583,FALSE,NA,NA,"<= day","daily",NA,NA,NA
"2024-12-19",78.75,FALSE,NA,NA,"<= day","daily",NA,NA,NA
"2024-12-20",75.26,FALSE,NA,NA,"<= day","daily",NA,NA,NA
"2024-12-21",67.343,FALSE,NA,NA,"<= day","daily",NA,NA,NA
"2024-12-22",67.113,FALSE,NA,NA,"<= day","daily",NA,NA,NA
"2024-12-23",64.529,FALSE,NA,NA,"<= day","daily",NA,NA,NA
"2024-12-24",62.522,FALSE,NA,NA,"<= day","daily",NA,NA,NA
"2024-12-25",59.736,FALSE,NA,NA,"<= day","daily",NA,NA,NA
"2024-12-26",62.94,FALSE,NA,NA,"<= day","daily",NA,NA,NA
"2024-12-27",64.397,FALSE,NA,NA,"<= day","daily",NA,NA,NA
"2024-12-28",68.443,FALSE,NA,NA,"<= day","daily",NA,NA,NA
"2024-12-29",67.701,FALSE,NA,NA,"<= day","daily",NA,NA,NA
"2024-12-30",66.161,FALSE,NA,NA,"<= day","daily",NA,NA,NA
"2024-12-31",64.836,FALSE,NA,NA,"<= day","daily",NA,NA,NA
