"date","discharge","qc_flag","qc_type","qc_detect_method","temp_res","temp_res_dom","dq_issue","cpd_segment_id","cpd_segment_main"
"2002-09-30",246.91,FALSE,NA,NA,"<= day","daily",NA,1,TRUE
"2002-10-01",246.554,FALSE,NA,NA,"<= day","daily",NA,1,TRUE
"2002-10-02",247.025,FALSE,NA,NA,"<= day","daily",NA,1,TRUE
"2002-10-03",247.683,FALSE,NA,NA,"<= day","daily",NA,1,TRUE
"2002-10-04",248.554,FALSE,NA,NA,"<= day","daily",NA,1,TRUE
"2002-10-05",248.421,FALSE,NA,NA,"<= day","daily",NA,1,TRUE
"2002-10-06",249.838,FALSE,NA,NA,"<= day","daily",NA,1,TRUE
"2002-10-07",250.658,FALSE,NA,NA,"<= day","daily",NA,1,TRUE
"2002-10-08",256.875,FALSE,NA,NA,"<= day","daily",NA,1,TRUE
"2002-10-09",259.483,FALSE,NA,NA,"<= day","daily",NA,1,TRUE
"2002-10-10",259.308,FALSE,NA,NA,"<= day","daily",NA,1,TRUE
"2002-10-11",258.9,FALSE,NA,NA,"<= day","daily",NA,1,TRUE
"2002-10-12",259.925,FALSE,NA,NA,"<= day","daily",NA,1,TRUE
"2002-10-13",261.146,FALSE,NA,NA,"<= day","daily",NA,1,TRUE
"2002-10-14",260.6,FALSE,NA,NA,"<= day","daily",NA,1,TRUE
"2002-10-15",259.812,FALSE,NA,NA,"<= day","daily",NA,1,TRUE
"2002-10-16",259.746,FALSE,NA,NA,"<= day","daily",NA,1,TRUE
"2002-10-17",261.546,FALSE,NA,NA,"<= day","daily",NA,1,TRUE
"2002-10-18",264.529,FALSE,NA,NA,"<= day","daily",NA,1,TRUE
"2002-10-19",262.121,FALSE,NA,NA,"<= day","daily",NA,1,TRUE
"2002-10-20",261.171,FALSE,NA,NA,"<= day","daily",NA,1,TRUE
"2002-10-21",260.812,FALSE,NA,NA,"<= day","daily",NA,1,TRUE
"2002-10-22",259.467,FALSE,NA,NA,"<= day","daily",NA,1,TRUE
"2002-10-23",259.654,FALSE,NA,NA,"<= day","daily",NA,1,TRUE
"2002-10-24",259.467,FALSE,NA,NA,"<= day","daily",NA,1,TRUE
"2002-10-25",259.396,FALSE,NA,NA,"<= day","daily",NA,1,TRUE
"2002-10-26",259.204,FALSE,NA,NA,"<= day","daily",NA,1,TRUE
"2002-10-27",258.579,FALSE,NA,NA,"<= day","daily",NA,1,TRUE
"2002-10-28",259.021,FALSE,NA,NA,"<= day","daily",NA,1,TRUE
"2002-10-29",258.383,FALSE,NA,NA,"<= day","daily",NA,1,TRUE
"2002-10-30",260.604,FALSE,NA,NA,"<= day","daily",NA,1,TRUE
"2002-10-31",261.163,FALSE,NA,NA,"<= day","daily",NA,1,TRUE
"2002-11-01",260.046,FALSE,NA,NA,"<= day","daily",NA,1,TRUE
"2002-11-02",261.15,FALSE,NA,NA,"<= day","daily",NA,1,TRUE
"2002-11-03",263.142,FALSE,NA,NA,"<= day","daily",NA,1,TRUE
"2002-11-04",268.129,FALSE,NA,NA,"<= day","daily",NA,1,TRUE
"2002-11-05",268.562,FALSE,NA,NA,"<= day","daily",NA,1,TRUE
"2002-11-06",263.879,FALSE,NA,NA,"<= day","daily",NA,1,TRUE
"2002-11-07",261.721,FALSE,NA,NA,"<= day","daily",NA,1,TRUE
"2002-11-08",262.425,FALSE,NA,NA,"<= day","daily",NA,1,TRUE
"2002-11-09",262.692,FALSE,NA,NA,"<= day","daily",NA,1,TRUE
"2002-11-10",263.504,FALSE,NA,NA,"<= day","daily",NA,1,TRUE
"2002-11-11",263.271,FALSE,NA,NA,"<= day","daily",NA,1,TRUE
"2002-11-12",263.167,FALSE,NA,NA,"<= day","daily",NA,1,TRUE
"2002-11-13",262.479,FALSE,NA,NA,"<= day","daily",NA,1,TRUE
"2002-11-14",261.571,FALSE,NA,NA,"<= day","daily",NA,1,TRUE
"2002-11-15",261.962,FALSE,NA,NA,"<= day","daily",NA,1,TRUE
"2002-11-16",263.488,FALSE,NA,NA,"<= day","daily",NA,1,TRUE
"2002-11-17",263.558,FALSE,NA,NA,"<= day","daily",NA,1,TRUE
"2002-11-18",264.242,FALSE,NA,NA,"<= day","daily",NA,1,TRUE
"2002-11-19",266.325,FALSE,NA,NA,"<= day","daily",NA,1,TRUE
"2002-11-20",263.533,FALSE,NA,NA,"<= day","daily",NA,1,TRUE
"2002-11-21",263.312,FALSE,NA,NA,"<= day","daily",NA,1,TRUE
"2002-11-22",264.462,FALSE,NA,NA,"<= day","daily",NA,1,TRUE
"2002-11-23",264.554,FALSE,NA,NA,"<= day","daily",NA,1,TRUE
"2002-11-24",264.2,FALSE,NA,NA,"<= day","daily",NA,1,TRUE
"2002-11-25",262.587,FALSE,NA,NA,"<= day","daily",NA,1,TRUE
"2002-11-26",260.354,FALSE,NA,NA,"<= day","daily",NA,1,TRUE
"2002-11-27",260.408,FALSE,NA,NA,"<= day","daily",NA,1,TRUE
"2002-11-28",261.017,FALSE,NA,NA,"<= day","daily",NA,1,TRUE
"2002-11-29",261.042,FALSE,NA,NA,"<= day","daily",NA,1,TRUE
"2002-11-30",261.071,FALSE,NA,NA,"<= day","daily",NA,1,TRUE
"2002-12-01",261.071,FALSE,NA,NA,"<= day","daily",NA,1,TRUE
"2002-12-02",261.154,FALSE,NA,NA,"<= day","daily",NA,1,TRUE
"2002-12-03",261,FALSE,NA,NA,"<= day","daily",NA,1,TRUE
"2002-12-04",260.467,FALSE,NA,NA,"<= day","daily",NA,1,TRUE
"2002-12-05",259.35,FALSE,NA,NA,"<= day","daily",NA,1,TRUE
"2002-12-06",259.45,FALSE,NA,NA,"<= day","daily",NA,1,TRUE
"2002-12-07",258.025,FALSE,NA,NA,"<= day","daily",NA,1,TRUE
"2002-12-08",257,FALSE,NA,NA,"<= day","daily",NA,1,TRUE
"2002-12-09",257,FALSE,NA,NA,"<= day","daily",NA,1,TRUE
"2002-12-10",256.538,FALSE,NA,NA,"<= day","daily",NA,1,TRUE
"2002-12-11",256.317,FALSE,NA,NA,"<= day","daily",NA,1,TRUE
"2002-12-12",255.496,FALSE,NA,NA,"<= day","daily",NA,1,TRUE
"2002-12-13",254.387,FALSE,NA,NA,"<= day","daily",NA,1,TRUE
"2002-12-14",253.529,FALSE,NA,NA,"<= day","daily",NA,1,TRUE
"2002-12-15",253.012,FALSE,NA,NA,"<= day","daily",NA,1,TRUE
"2002-12-16",253.025,FALSE,NA,NA,"<= day","daily",NA,1,TRUE
"2002-12-17",252.95,FALSE,NA,NA,"<= day","daily",NA,1,TRUE
"2002-12-18",252.2,FALSE,NA,NA,"<= day","daily",NA,1,TRUE
"2002-12-19",250.983,FALSE,NA,NA,"<= day","daily",NA,1,TRUE
"2002-12-20",249.963,FALSE,NA,NA,"<= day","daily",NA,1,TRUE
"2002-12-21",252.537,FALSE,NA,NA,"<= day","daily",NA,1,TRUE
"2002-12-22",254.254,FALSE,NA,NA,"<= day","daily",NA,1,TRUE
"2002-12-23",257.704,FALSE,NA,NA,"<= day","daily",NA,1,TRUE
"2002-12-24",253.917,FALSE,NA,NA,"<= day","daily",NA,1,TRUE
"2002-12-25",252.458,FALSE,NA,NA,"<= day","daily",NA,1,TRUE
"2002-12-26",251.338,FALSE,NA,NA,"<= day","daily",NA,1,TRUE
"2002-12-27",251.192,FALSE,NA,NA,"<= day","daily",NA,1,TRUE
"2002-12-28",251.196,FALSE,NA,NA,"<= day","daily",NA,1,TRUE
"2002-12-29",252.442,FALSE,NA,NA,"<= day","daily",NA,1,TRUE
"2002-12-30",251.988,FALSE,NA,NA,"<= day","daily",NA,1,TRUE
"2002-12-31",253.704,FALSE,NA,NA,"<= day","daily",NA,1,TRUE
"2003-01-01",254.196,FALSE,NA,NA,"<= day","daily",NA,1,TRUE
"2003-01-02",253.012,FALSE,NA,NA,"<= day","daily",NA,1,TRUE
"2003-01-03",251.654,FALSE,NA,NA,"<= day","daily",NA,1,TRUE
"2003-01-04",251.029,FALSE,NA,NA,"<= day","daily",NA,1,TRUE
"2003-01-05",251.508,FALSE,NA,NA,"<= day","daily",NA,1,TRUE
"2003-01-06",250.608,FALSE,NA,NA,"<= day","daily",NA,1,TRUE
"2003-01-07",251.354,FALSE,NA,NA,"<= day","daily",NA,1,TRUE
"2003-01-08",248.467,FALSE,NA,NA,"<= day","daily",NA,1,TRUE
"2003-01-09",248.025,FALSE,NA,NA,"<= day","daily",NA,1,TRUE
"2003-01-10",248.075,FALSE,NA,NA,"<= day","daily",NA,1,TRUE
"2003-01-11",246.762,FALSE,NA,NA,"<= day","daily",NA,1,TRUE
"2003-01-12",245.621,FALSE,NA,NA,"<= day","daily",NA,1,TRUE
"2003-01-13",245.117,FALSE,NA,NA,"<= day","daily",NA,1,TRUE
"2003-01-14",245.267,FALSE,NA,NA,"<= day","daily",NA,1,TRUE
"2003-01-15",244.896,FALSE,NA,NA,"<= day","daily",NA,1,TRUE
"2003-01-16",245.35,FALSE,NA,NA,"<= day","daily",NA,1,TRUE
"2003-01-17",244.954,FALSE,NA,NA,"<= day","daily",NA,1,TRUE
"2003-01-18",245.133,FALSE,NA,NA,"<= day","daily",NA,1,TRUE
"2003-01-19",245.188,FALSE,NA,NA,"<= day","daily",NA,1,TRUE
"2003-01-20",243.529,FALSE,NA,NA,"<= day","daily",NA,1,TRUE
"2003-01-21",243.613,FALSE,NA,NA,"<= day","daily",NA,1,TRUE
"2003-01-22",243.613,FALSE,NA,NA,"<= day","daily",NA,1,TRUE
"2003-01-23",243.529,FALSE,NA,NA,"<= day","daily",NA,1,TRUE
"2003-01-24",243.533,FALSE,NA,NA,"<= day","daily",NA,1,TRUE
"2003-01-25",242.542,FALSE,NA,NA,"<= day","daily",NA,1,TRUE
"2003-01-26",242.167,FALSE,NA,NA,"<= day","daily",NA,1,TRUE
"2003-01-27",241.533,FALSE,NA,NA,"<= day","daily",NA,1,TRUE
"2003-01-28",241.238,FALSE,NA,NA,"<= day","daily",NA,1,TRUE
"2003-01-29",242.183,FALSE,NA,NA,"<= day","daily",NA,1,TRUE
"2003-01-30",241.8,FALSE,NA,NA,"<= day","daily",NA,1,TRUE
"2003-01-31",241.925,FALSE,NA,NA,"<= day","daily",NA,1,TRUE
"2003-02-01",241.15,FALSE,NA,NA,"<= day","daily",NA,1,TRUE
"2003-02-02",240.679,FALSE,NA,NA,"<= day","daily",NA,1,TRUE
"2003-02-03",239.725,FALSE,NA,NA,"<= day","daily",NA,1,TRUE
"2003-02-04",240.304,FALSE,NA,NA,"<= day","daily",NA,1,TRUE
"2003-02-05",240.104,FALSE,NA,NA,"<= day","daily",NA,1,TRUE
"2003-02-06",238.858,FALSE,NA,NA,"<= day","daily",NA,1,TRUE
"2003-02-07",238.787,FALSE,NA,NA,"<= day","daily",NA,1,TRUE
"2003-02-08",238.492,FALSE,NA,NA,"<= day","daily",NA,1,TRUE
"2003-02-09",237.208,FALSE,NA,NA,"<= day","daily",NA,1,TRUE
"2003-02-10",237.229,FALSE,NA,NA,"<= day","daily",NA,1,TRUE
"2003-02-11",237.329,FALSE,NA,NA,"<= day","daily",NA,1,TRUE
"2003-02-12",235.825,FALSE,NA,NA,"<= day","daily",NA,1,TRUE
"2003-02-13",235.533,FALSE,NA,NA,"<= day","daily",NA,1,TRUE
"2003-02-14",235.85,FALSE,NA,NA,"<= day","daily",NA,1,TRUE
"2003-02-15",235.704,FALSE,NA,NA,"<= day","daily",NA,1,TRUE
"2003-02-16",235.896,FALSE,NA,NA,"<= day","daily",NA,1,TRUE
"2003-02-17",234.008,FALSE,NA,NA,"<= day","daily",NA,1,TRUE
"2003-02-18",233.4,FALSE,NA,NA,"<= day","daily",NA,1,TRUE
"2003-02-19",233.4,FALSE,NA,NA,"<= day","daily",NA,1,TRUE
"2003-02-20",232.842,FALSE,NA,NA,"<= day","daily",NA,1,TRUE
"2003-02-21",232.846,FALSE,NA,NA,"<= day","daily",NA,1,TRUE
"2003-02-22",232.533,FALSE,NA,NA,"<= day","daily",NA,1,TRUE
"2003-02-23",232.567,FALSE,NA,NA,"<= day","daily",NA,1,TRUE
"2003-02-24",232.258,FALSE,NA,NA,"<= day","daily",NA,1,TRUE
"2003-02-25",232.579,FALSE,NA,NA,"<= day","daily",NA,1,TRUE
"2003-02-26",232.633,FALSE,NA,NA,"<= day","daily",NA,1,TRUE
"2003-02-27",232.608,FALSE,NA,NA,"<= day","daily",NA,1,TRUE
"2003-02-28",233.433,FALSE,NA,NA,"<= day","daily",NA,1,TRUE
"2003-03-01",233.433,FALSE,NA,NA,"<= day","daily",NA,1,TRUE
"2003-03-02",233.829,FALSE,NA,NA,"<= day","daily",NA,1,TRUE
"2003-03-03",235.717,FALSE,NA,NA,"<= day","daily",NA,1,TRUE
"2003-03-04",237.262,FALSE,NA,NA,"<= day","daily",NA,1,TRUE
"2003-03-05",238.546,FALSE,NA,NA,"<= day","daily",NA,1,TRUE
"2003-03-06",239.125,FALSE,NA,NA,"<= day","daily",NA,1,TRUE
"2003-03-07",241.308,FALSE,NA,NA,"<= day","daily",NA,1,TRUE
"2003-03-08",241.596,FALSE,NA,NA,"<= day","daily",NA,1,TRUE
"2003-03-09",241.871,FALSE,NA,NA,"<= day","daily",NA,1,TRUE
"2003-03-10",242.15,FALSE,NA,NA,"<= day","daily",NA,1,TRUE
"2003-03-11",242.429,FALSE,NA,NA,"<= day","daily",NA,1,TRUE
"2003-03-12",243.725,FALSE,NA,NA,"<= day","daily",NA,1,TRUE
"2003-03-13",244.929,FALSE,NA,NA,"<= day","daily",NA,1,TRUE
"2003-03-14",244.779,FALSE,NA,NA,"<= day","daily",NA,1,TRUE
"2003-03-15",243.204,FALSE,NA,NA,"<= day","daily",NA,1,TRUE
"2003-03-16",244.113,FALSE,NA,NA,"<= day","daily",NA,1,TRUE
"2003-03-17",243.821,FALSE,NA,NA,"<= day","daily",NA,1,TRUE
"2003-03-18",243.379,FALSE,NA,NA,"<= day","daily",NA,1,TRUE
"2003-03-19",243.058,FALSE,NA,NA,"<= day","daily",NA,1,TRUE
"2003-03-20",243.504,FALSE,NA,NA,"<= day","daily",NA,1,TRUE
"2003-03-21",243.608,FALSE,NA,NA,"<= day","daily",NA,1,TRUE
"2003-03-22",243.279,FALSE,NA,NA,"<= day","daily",NA,1,TRUE
"2003-03-23",243.779,FALSE,NA,NA,"<= day","daily",NA,1,TRUE
"2003-03-24",243.25,FALSE,NA,NA,"<= day","daily",NA,1,TRUE
"2003-03-25",244.162,FALSE,NA,NA,"<= day","daily",NA,1,TRUE
"2003-03-26",245.154,FALSE,NA,NA,"<= day","daily",NA,1,TRUE
"2003-03-27",245.017,FALSE,NA,NA,"<= day","daily",NA,1,TRUE
"2003-03-28",245.175,FALSE,NA,NA,"<= day","daily",NA,1,TRUE
"2003-03-29",245.054,FALSE,NA,NA,"<= day","daily",NA,1,TRUE
"2003-03-30",245.096,FALSE,NA,NA,"<= day","daily",NA,1,TRUE
"2003-03-31",245.1,FALSE,NA,NA,"<= day","daily",NA,1,TRUE
"2003-04-01",246.2,FALSE,NA,NA,"<= day","daily",NA,1,TRUE
"2003-04-02",247.392,FALSE,NA,NA,"<= day","daily",NA,1,TRUE
"2003-04-03",246.746,FALSE,NA,NA,"<= day","daily",NA,1,TRUE
"2003-04-04",245.167,FALSE,NA,NA,"<= day","daily",NA,1,TRUE
"2003-04-05",245.525,FALSE,NA,NA,"<= day","daily",NA,1,TRUE
"2003-04-06",245.383,FALSE,NA,NA,"<= day","daily",NA,1,TRUE
"2003-04-07",245.246,FALSE,NA,NA,"<= day","daily",NA,1,TRUE
"2003-04-08",245.021,FALSE,NA,NA,"<= day","daily",NA,1,TRUE
"2003-04-09",243.512,FALSE,NA,NA,"<= day","daily",NA,1,TRUE
"2003-04-10",243.871,FALSE,NA,NA,"<= day","daily",NA,1,TRUE
"2003-04-11",243.571,FALSE,NA,NA,"<= day","daily",NA,1,TRUE
"2003-04-12",243.471,FALSE,NA,NA,"<= day","daily",NA,1,TRUE
"2003-04-13",243.508,FALSE,NA,NA,"<= day","daily",NA,1,TRUE
"2003-04-14",243.321,FALSE,NA,NA,"<= day","daily",NA,1,TRUE
"2003-04-15",243.379,FALSE,NA,NA,"<= day","daily",NA,1,TRUE
"2003-04-16",244.592,FALSE,NA,NA,"<= day","daily",NA,1,TRUE
"2003-04-17",246.496,FALSE,NA,NA,"<= day","daily",NA,1,TRUE
"2003-04-18",246.567,FALSE,NA,NA,"<= day","daily",NA,1,TRUE
"2003-04-19",247.004,FALSE,NA,NA,"<= day","daily",NA,1,TRUE
"2003-04-20",246.508,FALSE,NA,NA,"<= day","daily",NA,1,TRUE
"2003-04-21",246.779,FALSE,NA,NA,"<= day","daily",NA,1,TRUE
"2003-04-22",246.738,FALSE,NA,NA,"<= day","daily",NA,1,TRUE
"2003-04-23",246.854,FALSE,NA,NA,"<= day","daily",NA,1,TRUE
"2003-04-24",246.517,FALSE,NA,NA,"<= day","daily",NA,1,TRUE
"2003-04-25",246.65,FALSE,NA,NA,"<= day","daily",NA,1,TRUE
"2003-04-26",247.096,FALSE,NA,NA,"<= day","daily",NA,1,TRUE
"2003-04-27",247.037,FALSE,NA,NA,"<= day","daily",NA,1,TRUE
"2003-04-28",246.75,FALSE,NA,NA,"<= day","daily",NA,1,TRUE
"2003-04-29",246.554,FALSE,NA,NA,"<= day","daily",NA,1,TRUE
"2003-04-30",247.4,FALSE,NA,NA,"<= day","daily",NA,1,TRUE
"2003-05-01",248.258,FALSE,NA,NA,"<= day","daily",NA,1,TRUE
"2003-05-02",248.287,FALSE,NA,NA,"<= day","daily",NA,1,TRUE
"2003-05-03",248.933,FALSE,NA,NA,"<= day","daily",NA,1,TRUE
"2003-05-04",248.183,FALSE,NA,NA,"<= day","daily",NA,1,TRUE
"2003-05-05",249.588,FALSE,NA,NA,"<= day","daily",NA,1,TRUE
"2003-05-06",250.6,FALSE,NA,NA,"<= day","daily",NA,1,TRUE
"2003-05-07",250.746,FALSE,NA,NA,"<= day","daily",NA,1,TRUE
"2003-05-08",251.225,FALSE,NA,NA,"<= day","daily",NA,1,TRUE
"2003-05-09",251.796,FALSE,NA,NA,"<= day","daily",NA,1,TRUE
"2003-05-10",253.229,FALSE,NA,NA,"<= day","daily",NA,1,TRUE
"2003-05-11",254.633,FALSE,NA,NA,"<= day","daily",NA,1,TRUE
"2003-05-12",254.679,FALSE,NA,NA,"<= day","daily",NA,1,TRUE
"2003-05-13",255.317,FALSE,NA,NA,"<= day","daily",NA,1,TRUE
"2003-05-14",256.383,FALSE,NA,NA,"<= day","daily",NA,1,TRUE
"2003-05-15",256.208,FALSE,NA,NA,"<= day","daily",NA,1,TRUE
"2003-05-16",256.092,FALSE,NA,NA,"<= day","daily",NA,1,TRUE
"2003-05-17",256.85,FALSE,NA,NA,"<= day","daily",NA,1,TRUE
"2003-05-18",256.596,FALSE,NA,NA,"<= day","daily",NA,1,TRUE
"2003-05-19",256.275,FALSE,NA,NA,"<= day","daily",NA,1,TRUE
"2003-05-20",258.188,FALSE,NA,NA,"<= day","daily",NA,1,TRUE
"2003-05-21",258.892,FALSE,NA,NA,"<= day","daily",NA,1,TRUE
"2003-05-22",259.496,FALSE,NA,NA,"<= day","daily",NA,1,TRUE
"2003-05-23",260.087,FALSE,NA,NA,"<= day","daily",NA,1,TRUE
"2003-05-24",260.283,FALSE,NA,NA,"<= day","daily",NA,1,TRUE
"2003-05-25",261.242,FALSE,NA,NA,"<= day","daily",NA,1,TRUE
"2003-05-26",261.317,FALSE,NA,NA,"<= day","daily",NA,1,TRUE
"2003-05-27",260.692,FALSE,NA,NA,"<= day","daily",NA,1,TRUE
"2003-05-28",260.696,FALSE,NA,NA,"<= day","daily",NA,1,TRUE
"2003-05-29",261.154,FALSE,NA,NA,"<= day","daily",NA,1,TRUE
"2003-05-30",261.087,FALSE,NA,NA,"<= day","daily",NA,1,TRUE
"2003-05-31",261.087,FALSE,NA,NA,"<= day","daily",NA,1,TRUE
"2003-06-01",261.083,FALSE,NA,NA,"<= day","daily",NA,1,TRUE
"2003-06-02",261.025,FALSE,NA,NA,"<= day","daily",NA,1,TRUE
"2003-06-03",261.054,FALSE,NA,NA,"<= day","daily",NA,1,TRUE
"2003-06-04",261.2,FALSE,NA,NA,"<= day","daily",NA,1,TRUE
"2003-06-05",261.75,FALSE,NA,NA,"<= day","daily",NA,1,TRUE
"2003-06-06",260.571,FALSE,NA,NA,"<= day","daily",NA,1,TRUE
"2003-06-07",261.133,FALSE,NA,NA,"<= day","daily",NA,1,TRUE
"2003-06-08",260.533,FALSE,NA,NA,"<= day","daily",NA,1,TRUE
"2003-06-09",261.121,FALSE,NA,NA,"<= day","daily",NA,1,TRUE
"2003-06-10",261.092,FALSE,NA,NA,"<= day","daily",NA,1,TRUE
"2003-06-11",260.533,FALSE,NA,NA,"<= day","daily",NA,1,TRUE
"2003-06-12",260.342,FALSE,NA,NA,"<= day","daily",NA,1,TRUE
"2003-06-13",260.183,FALSE,NA,NA,"<= day","daily",NA,1,TRUE
"2003-06-14",260.458,FALSE,NA,NA,"<= day","daily",NA,1,TRUE
"2003-06-15",259.858,FALSE,NA,NA,"<= day","daily",NA,1,TRUE
"2003-06-16",259.546,FALSE,NA,NA,"<= day","daily",NA,1,TRUE
"2003-06-17",259.446,FALSE,NA,NA,"<= day","daily",NA,1,TRUE
"2003-06-18",261.112,FALSE,NA,NA,"<= day","daily",NA,1,TRUE
"2003-06-19",260.125,FALSE,NA,NA,"<= day","daily",NA,1,TRUE
"2003-06-20",259.021,FALSE,NA,NA,"<= day","daily",NA,1,TRUE
"2003-06-21",257.433,FALSE,NA,NA,"<= day","daily",NA,1,TRUE
"2003-06-22",258.367,FALSE,NA,NA,"<= day","daily",NA,1,TRUE
"2003-06-23",258.837,FALSE,NA,NA,"<= day","daily",NA,1,TRUE
"2003-06-24",258.496,FALSE,NA,NA,"<= day","daily",NA,1,TRUE
"2003-06-25",258.571,FALSE,NA,NA,"<= day","daily",NA,1,TRUE
"2003-06-26",258.075,FALSE,NA,NA,"<= day","daily",NA,1,TRUE
"2003-06-27",258.183,FALSE,NA,NA,"<= day","daily",NA,1,TRUE
"2003-06-28",257.242,FALSE,NA,NA,"<= day","daily",NA,1,TRUE
"2003-06-29",257.112,FALSE,NA,NA,"<= day","daily",NA,1,TRUE
"2003-06-30",257.413,FALSE,NA,NA,"<= day","daily",NA,1,TRUE
"2003-07-01",256.775,FALSE,NA,NA,"<= day","daily",NA,1,TRUE
"2003-07-02",256.829,FALSE,NA,NA,"<= day","daily",NA,1,TRUE
"2003-07-03",256.142,FALSE,NA,NA,"<= day","daily",NA,1,TRUE
"2003-07-04",256.333,FALSE,NA,NA,"<= day","daily",NA,1,TRUE
"2003-07-05",256.196,FALSE,NA,NA,"<= day","daily",NA,1,TRUE
"2003-07-06",256.25,FALSE,NA,NA,"<= day","daily",NA,1,TRUE
"2003-07-07",256.225,FALSE,NA,NA,"<= day","daily",NA,1,TRUE
"2003-07-08",256.221,FALSE,NA,NA,"<= day","daily",NA,1,TRUE
"2003-07-09",256.504,FALSE,NA,NA,"<= day","daily",NA,1,TRUE
"2003-07-10",256.25,FALSE,NA,NA,"<= day","daily",NA,1,TRUE
"2003-07-11",256.221,FALSE,NA,NA,"<= day","daily",NA,1,TRUE
"2003-07-12",256.254,FALSE,NA,NA,"<= day","daily",NA,1,TRUE
"2003-07-13",254.558,FALSE,NA,NA,"<= day","daily",NA,1,TRUE
"2003-07-14",254.642,FALSE,NA,NA,"<= day","daily",NA,1,TRUE
"2003-07-15",254.604,FALSE,NA,NA,"<= day","daily",NA,1,TRUE
"2003-07-16",254.817,FALSE,NA,NA,"<= day","daily",NA,1,TRUE
"2003-07-17",254.708,FALSE,NA,NA,"<= day","daily",NA,1,TRUE
"2003-07-18",254.879,FALSE,NA,NA,"<= day","daily",NA,1,TRUE
"2003-07-19",254.238,FALSE,NA,NA,"<= day","daily",NA,1,TRUE
"2003-07-20",254.896,FALSE,NA,NA,"<= day","daily",NA,1,TRUE
"2003-07-21",254.633,FALSE,NA,NA,"<= day","daily",NA,1,TRUE
"2003-07-22",254.925,FALSE,NA,NA,"<= day","daily",NA,1,TRUE
"2003-07-23",254.387,FALSE,NA,NA,"<= day","daily",NA,1,TRUE
"2003-07-24",254.367,FALSE,NA,NA,"<= day","daily",NA,1,TRUE
"2003-07-25",251.492,FALSE,NA,NA,"<= day","daily",NA,1,TRUE
"2003-07-26",251.438,FALSE,NA,NA,"<= day","daily",NA,1,TRUE
"2003-07-27",252.012,FALSE,NA,NA,"<= day","daily",NA,1,TRUE
"2003-07-28",253.142,FALSE,NA,NA,"<= day","daily",NA,1,TRUE
"2003-07-29",252.662,FALSE,NA,NA,"<= day","daily",NA,1,TRUE
"2003-07-30",251.25,FALSE,NA,NA,"<= day","daily",NA,1,TRUE
"2003-07-31",251.471,FALSE,NA,NA,"<= day","daily",NA,1,TRUE
"2003-08-01",251.717,FALSE,NA,NA,"<= day","daily",NA,1,TRUE
"2003-08-02",251.221,FALSE,NA,NA,"<= day","daily",NA,1,TRUE
"2003-08-03",250.629,FALSE,NA,NA,"<= day","daily",NA,1,TRUE
"2003-08-04",251.429,FALSE,NA,NA,"<= day","daily",NA,1,TRUE
"2003-08-05",250.95,FALSE,NA,NA,"<= day","daily",NA,1,TRUE
"2003-08-06",249.717,FALSE,NA,NA,"<= day","daily",NA,1,TRUE
"2003-08-07",251.408,FALSE,NA,NA,"<= day","daily",NA,1,TRUE
"2003-08-08",252.075,FALSE,NA,NA,"<= day","daily",NA,1,TRUE
"2003-08-09",251.904,FALSE,NA,NA,"<= day","daily",NA,1,TRUE
"2003-08-10",251.688,FALSE,NA,NA,"<= day","daily",NA,1,TRUE
"2003-08-11",251.463,FALSE,NA,NA,"<= day","daily",NA,1,TRUE
"2003-08-12",251.229,FALSE,NA,NA,"<= day","daily",NA,1,TRUE
"2003-08-13",251.012,FALSE,NA,NA,"<= day","daily",NA,1,TRUE
"2003-08-14",250.787,FALSE,NA,NA,"<= day","daily",NA,1,TRUE
"2003-08-15",251.292,FALSE,NA,NA,"<= day","daily",NA,1,TRUE
"2003-08-16",249.387,FALSE,NA,NA,"<= day","daily",NA,1,TRUE
"2003-08-17",249.446,FALSE,NA,NA,"<= day","daily",NA,1,TRUE
"2003-08-18",249.8,FALSE,NA,NA,"<= day","daily",NA,1,TRUE
"2003-08-19",250.158,FALSE,NA,NA,"<= day","daily",NA,1,TRUE
"2003-08-20",250.425,FALSE,NA,NA,"<= day","daily",NA,1,TRUE
"2003-08-21",248.446,FALSE,NA,NA,"<= day","daily",NA,1,TRUE
"2003-08-22",248.071,FALSE,NA,NA,"<= day","daily",NA,1,TRUE
"2003-08-23",248.317,FALSE,NA,NA,"<= day","daily",NA,1,TRUE
"2003-08-24",248.217,FALSE,NA,NA,"<= day","daily",NA,1,TRUE
"2003-08-25",248.167,FALSE,NA,NA,"<= day","daily",NA,1,TRUE
"2003-08-26",248.675,FALSE,NA,NA,"<= day","daily",NA,1,TRUE
"2003-08-27",248.067,FALSE,NA,NA,"<= day","daily",NA,1,TRUE
"2003-08-28",248.142,FALSE,NA,NA,"<= day","daily",NA,1,TRUE
"2003-08-29",248.746,FALSE,NA,NA,"<= day","daily",NA,1,TRUE
"2003-08-30",248.242,FALSE,NA,NA,"<= day","daily",NA,1,TRUE
"2003-08-31",249.3,FALSE,NA,NA,"<= day","daily",NA,1,TRUE
"2003-09-01",247.625,FALSE,NA,NA,"<= day","daily",NA,1,TRUE
"2003-09-02",246.583,FALSE,NA,NA,"<= day","daily",NA,1,TRUE
"2003-09-03",246.696,FALSE,NA,NA,"<= day","daily",NA,1,TRUE
"2003-09-04",246.725,FALSE,NA,NA,"<= day","daily",NA,1,TRUE
"2003-09-05",245.171,FALSE,NA,NA,"<= day","daily",NA,1,TRUE
"2003-09-06",245.154,FALSE,NA,NA,"<= day","daily",NA,1,TRUE
"2003-09-07",245.317,FALSE,NA,NA,"<= day","daily",NA,1,TRUE
"2003-09-08",245.3,FALSE,NA,NA,"<= day","daily",NA,1,TRUE
"2003-09-09",244.671,FALSE,NA,NA,"<= day","daily",NA,1,TRUE
"2003-09-10",245.3,FALSE,NA,NA,"<= day","daily",NA,1,TRUE
"2003-09-11",244.996,FALSE,NA,NA,"<= day","daily",NA,1,TRUE
"2003-09-12",250.396,FALSE,NA,NA,"<= day","daily",NA,1,TRUE
"2003-09-13",251.283,FALSE,NA,NA,"<= day","daily",NA,1,TRUE
"2003-09-14",251.468,FALSE,NA,NA,"<= day","daily",NA,1,TRUE
"2003-10-07",255.55,FALSE,NA,NA,"<= day","daily",NA,1,TRUE
"2003-10-08",256.454,FALSE,NA,NA,"<= day","daily",NA,1,TRUE
"2003-10-09",271.479,FALSE,NA,NA,"<= day","daily",NA,1,TRUE
"2003-10-10",264.796,FALSE,NA,NA,"<= day","daily",NA,1,TRUE
"2003-10-11",259.721,FALSE,NA,NA,"<= day","daily",NA,1,TRUE
"2003-10-12",259.554,FALSE,NA,NA,"<= day","daily",NA,1,TRUE
"2003-10-13",259.346,FALSE,NA,NA,"<= day","daily",NA,1,TRUE
"2003-10-14",259.521,FALSE,NA,NA,"<= day","daily",NA,1,TRUE
"2003-10-15",259.483,FALSE,NA,NA,"<= day","daily",NA,1,TRUE
"2003-10-16",259.354,FALSE,NA,NA,"<= day","daily",NA,1,TRUE
"2003-10-17",259.45,FALSE,NA,NA,"<= day","daily",NA,1,TRUE
"2003-10-18",259.475,FALSE,NA,NA,"<= day","daily",NA,1,TRUE
"2003-10-19",259.496,FALSE,NA,NA,"<= day","daily",NA,1,TRUE
"2003-10-20",259.571,FALSE,NA,NA,"<= day","daily",NA,1,TRUE
"2003-10-21",259.488,FALSE,NA,NA,"<= day","daily",NA,1,TRUE
"2003-10-22",259.612,FALSE,NA,NA,"<= day","daily",NA,1,TRUE
"2003-10-23",258.221,FALSE,NA,NA,"<= day","daily",NA,1,TRUE
"2003-10-24",256.433,FALSE,NA,NA,"<= day","daily",NA,1,TRUE
"2003-10-25",256.296,FALSE,NA,NA,"<= day","daily",NA,1,TRUE
"2003-10-26",256.571,FALSE,NA,NA,"<= day","daily",NA,1,TRUE
"2003-10-27",256.15,FALSE,NA,NA,"<= day","daily",NA,1,TRUE
"2003-10-28",255.35,FALSE,NA,NA,"<= day","daily",NA,1,TRUE
"2003-10-29",254.55,FALSE,NA,NA,"<= day","daily",NA,1,TRUE
"2003-10-30",253.933,FALSE,NA,NA,"<= day","daily",NA,1,TRUE
"2003-10-31",254.204,FALSE,NA,NA,"<= day","daily",NA,1,TRUE
"2003-11-01",254.579,FALSE,NA,NA,"<= day","daily",NA,1,TRUE
"2003-11-02",254.958,FALSE,NA,NA,"<= day","daily",NA,1,TRUE
"2003-11-03",254.967,FALSE,NA,NA,"<= day","daily",NA,1,TRUE
"2003-11-04",254.642,FALSE,NA,NA,"<= day","daily",NA,1,TRUE
"2003-11-05",254.967,FALSE,NA,NA,"<= day","daily",NA,1,TRUE
"2003-11-06",255.183,FALSE,NA,NA,"<= day","daily",NA,1,TRUE
"2003-11-07",254.271,FALSE,NA,NA,"<= day","daily",NA,1,TRUE
"2003-11-08",254.35,FALSE,NA,NA,"<= day","daily",NA,1,TRUE
"2003-11-09",254.904,FALSE,NA,NA,"<= day","daily",NA,1,TRUE
"2003-11-10",254.883,FALSE,NA,NA,"<= day","daily",NA,1,TRUE
"2003-11-11",254.471,FALSE,NA,NA,"<= day","daily",NA,1,TRUE
"2003-11-12",254.287,FALSE,NA,NA,"<= day","daily",NA,1,TRUE
"2003-11-13",253.017,FALSE,NA,NA,"<= day","daily",NA,1,TRUE
"2003-11-14",253.471,FALSE,NA,NA,"<= day","daily",NA,1,TRUE
"2003-11-15",253.125,FALSE,NA,NA,"<= day","daily",NA,1,TRUE
"2003-11-16",252.596,FALSE,NA,NA,"<= day","daily",NA,1,TRUE
"2003-11-17",253.071,FALSE,NA,NA,"<= day","daily",NA,1,TRUE
"2003-11-18",252.029,FALSE,NA,NA,"<= day","daily",NA,1,TRUE
"2003-11-19",251.196,FALSE,NA,NA,"<= day","daily",NA,1,TRUE
"2003-11-20",251.238,FALSE,NA,NA,"<= day","daily",NA,1,TRUE
"2003-11-21",250.963,FALSE,NA,NA,"<= day","daily",NA,1,TRUE
"2003-11-22",251.35,FALSE,NA,NA,"<= day","daily",NA,1,TRUE
"2003-11-23",251.742,FALSE,NA,NA,"<= day","daily",NA,1,TRUE
"2003-11-24",252.104,FALSE,NA,NA,"<= day","daily",NA,1,TRUE
"2003-11-25",251.875,FALSE,NA,NA,"<= day","daily",NA,1,TRUE
"2003-11-26",251.408,FALSE,NA,NA,"<= day","daily",NA,1,TRUE
"2003-11-27",250.95,FALSE,NA,NA,"<= day","daily",NA,1,TRUE
"2003-11-28",250.488,FALSE,NA,NA,"<= day","daily",NA,1,TRUE
"2003-11-29",250.021,FALSE,NA,NA,"<= day","daily",NA,1,TRUE
"2003-11-30",249.562,FALSE,NA,NA,"<= day","daily",NA,1,TRUE
"2003-12-01",248.75,FALSE,NA,NA,"<= day","daily",NA,1,TRUE
"2003-12-02",248.758,FALSE,NA,NA,"<= day","daily",NA,1,TRUE
"2003-12-03",248.229,FALSE,NA,NA,"<= day","daily",NA,1,TRUE
"2003-12-04",247.879,FALSE,NA,NA,"<= day","daily",NA,1,TRUE
"2003-12-05",248.225,FALSE,NA,NA,"<= day","daily",NA,1,TRUE
"2003-12-06",246.062,FALSE,NA,NA,"<= day","daily",NA,1,TRUE
"2003-12-07",245.542,FALSE,NA,NA,"<= day","daily",NA,1,TRUE
"2003-12-08",245.233,FALSE,NA,NA,"<= day","daily",NA,1,TRUE
"2003-12-09",244.925,FALSE,NA,NA,"<= day","daily",NA,1,TRUE
"2003-12-10",244.613,FALSE,NA,NA,"<= day","daily",NA,1,TRUE
"2003-12-11",245.1,FALSE,NA,NA,"<= day","daily",NA,1,TRUE
"2003-12-12",245.05,FALSE,NA,NA,"<= day","daily",NA,1,TRUE
"2003-12-13",244.25,FALSE,NA,NA,"<= day","daily",NA,1,TRUE
"2003-12-14",243.45,FALSE,NA,NA,"<= day","daily",NA,1,TRUE
"2003-12-15",245.312,FALSE,NA,NA,"<= day","daily",NA,1,TRUE
"2003-12-16",242.129,FALSE,NA,NA,"<= day","daily",NA,1,TRUE
"2003-12-17",239.895,FALSE,NA,NA,"<= day","daily",NA,1,TRUE
"2004-04-13",244.2,FALSE,NA,NA,"<= day","daily",NA,1,TRUE
"2004-04-14",243.554,FALSE,NA,NA,"<= day","daily",NA,1,TRUE
"2004-04-15",243.292,FALSE,NA,NA,"<= day","daily",NA,1,TRUE
"2004-04-16",244.567,FALSE,NA,NA,"<= day","daily",NA,1,TRUE
"2004-04-17",245.933,FALSE,NA,NA,"<= day","daily",NA,1,TRUE
"2004-04-18",245.821,FALSE,NA,NA,"<= day","daily",NA,1,TRUE
"2004-04-19",246.696,FALSE,NA,NA,"<= day","daily",NA,1,TRUE
"2004-04-20",246.704,FALSE,NA,NA,"<= day","daily",NA,1,TRUE
"2004-04-21",247.033,FALSE,NA,NA,"<= day","daily",NA,1,TRUE
"2004-04-22",247.575,FALSE,NA,NA,"<= day","daily",NA,1,TRUE
"2004-04-23",249.262,FALSE,NA,NA,"<= day","daily",NA,1,TRUE
"2004-04-24",250.088,FALSE,NA,NA,"<= day","daily",NA,1,TRUE
"2004-04-25",251.771,FALSE,NA,NA,"<= day","daily",NA,1,TRUE
"2004-04-26",250.475,FALSE,NA,NA,"<= day","daily",NA,1,TRUE
"2004-04-27",250.754,FALSE,NA,NA,"<= day","daily",NA,1,TRUE
"2004-04-28",253.096,FALSE,NA,NA,"<= day","daily",NA,1,TRUE
"2004-04-29",254.2,FALSE,NA,NA,"<= day","daily",NA,1,TRUE
"2004-04-30",254.387,FALSE,NA,NA,"<= day","daily",NA,1,TRUE
"2004-05-01",255.433,FALSE,NA,NA,"<= day","daily",NA,1,TRUE
"2004-05-02",257.471,FALSE,NA,NA,"<= day","daily",NA,1,TRUE
"2004-05-03",257.6,FALSE,NA,NA,"<= day","daily",NA,1,TRUE
"2004-05-04",258.925,FALSE,NA,NA,"<= day","daily",NA,1,TRUE
"2004-05-05",259.875,FALSE,NA,NA,"<= day","daily",NA,1,TRUE
"2004-05-06",259.579,FALSE,NA,NA,"<= day","daily",NA,1,TRUE
"2004-05-07",259.867,FALSE,NA,NA,"<= day","daily",NA,1,TRUE
"2004-05-08",260.154,FALSE,NA,NA,"<= day","daily",NA,1,TRUE
"2004-05-09",260.442,FALSE,NA,NA,"<= day","daily",NA,1,TRUE
"2004-05-10",260.725,FALSE,NA,NA,"<= day","daily",NA,1,TRUE
"2004-05-11",260.329,FALSE,NA,NA,"<= day","daily",NA,1,TRUE
"2004-05-12",260.233,FALSE,NA,NA,"<= day","daily",NA,1,TRUE
"2004-05-13",260.312,FALSE,NA,NA,"<= day","daily",NA,1,TRUE
"2004-05-14",262.692,FALSE,NA,NA,"<= day","daily",NA,1,TRUE
"2004-05-15",262.7,FALSE,NA,NA,"<= day","daily",NA,1,TRUE
"2004-05-16",262.913,FALSE,NA,NA,"<= day","daily",NA,1,TRUE
"2004-05-17",263.596,FALSE,NA,NA,"<= day","daily",NA,1,TRUE
"2004-05-18",264.296,FALSE,NA,NA,"<= day","daily",NA,1,TRUE
"2004-05-19",264.996,FALSE,NA,NA,"<= day","daily",NA,1,TRUE
"2004-05-20",265.696,FALSE,NA,NA,"<= day","daily",NA,1,TRUE
"2004-05-21",265.596,FALSE,NA,NA,"<= day","daily",NA,1,TRUE
"2004-05-22",266.504,FALSE,NA,NA,"<= day","daily",NA,1,TRUE
"2004-05-23",265.621,FALSE,NA,NA,"<= day","daily",NA,1,TRUE
"2004-05-24",266.179,FALSE,NA,NA,"<= day","daily",NA,1,TRUE
"2004-05-25",267.933,FALSE,NA,NA,"<= day","daily",NA,1,TRUE
"2004-05-26",268.646,FALSE,NA,NA,"<= day","daily",NA,1,TRUE
"2004-05-27",268.65,FALSE,NA,NA,"<= day","daily",NA,1,TRUE
"2004-05-28",268.217,FALSE,NA,NA,"<= day","daily",NA,1,TRUE
"2004-05-29",268.083,FALSE,NA,NA,"<= day","daily",NA,1,TRUE
"2004-05-30",268.746,FALSE,NA,NA,"<= day","daily",NA,1,TRUE
"2004-05-31",268.512,FALSE,NA,NA,"<= day","daily",NA,1,TRUE
"2004-06-01",268.658,FALSE,NA,NA,"<= day","daily",NA,1,TRUE
"2004-06-02",268.683,FALSE,NA,NA,"<= day","daily",NA,1,TRUE
"2004-06-03",273.175,FALSE,NA,NA,"<= day","daily",NA,1,TRUE
"2004-06-04",280.446,FALSE,NA,NA,"<= day","daily",NA,1,TRUE
"2004-06-05",280.675,FALSE,NA,NA,"<= day","daily",NA,1,TRUE
"2004-06-06",280.721,FALSE,NA,NA,"<= day","daily",NA,1,TRUE
"2004-06-07",277.238,FALSE,NA,NA,"<= day","daily",NA,1,TRUE
"2004-06-08",277.454,FALSE,NA,NA,"<= day","daily",NA,1,TRUE
"2004-06-09",276.842,FALSE,NA,NA,"<= day","daily",NA,1,TRUE
"2004-06-10",277.362,FALSE,NA,NA,"<= day","daily",NA,1,TRUE
"2004-06-11",277.288,FALSE,NA,NA,"<= day","daily",NA,1,TRUE
"2004-06-12",277.671,FALSE,NA,NA,"<= day","daily",NA,1,TRUE
"2004-06-13",278.212,FALSE,NA,NA,"<= day","daily",NA,1,TRUE
"2004-06-14",277.413,FALSE,NA,NA,"<= day","daily",NA,1,TRUE
"2004-06-15",277.496,FALSE,NA,NA,"<= day","daily",NA,1,TRUE
"2004-06-16",278.8,FALSE,NA,NA,"<= day","daily",NA,1,TRUE
"2004-06-17",278.8,FALSE,NA,NA,"<= day","daily",NA,1,TRUE
"2004-06-18",279.325,FALSE,NA,NA,"<= day","daily",NA,1,TRUE
"2004-06-19",280.142,FALSE,NA,NA,"<= day","daily",NA,1,TRUE
"2004-06-20",282.142,FALSE,NA,NA,"<= day","daily",NA,1,TRUE
"2004-06-21",282.275,FALSE,NA,NA,"<= day","daily",NA,1,TRUE
"2004-06-22",280.962,FALSE,NA,NA,"<= day","daily",NA,1,TRUE
"2004-06-23",282.154,FALSE,NA,NA,"<= day","daily",NA,1,TRUE
"2004-06-24",282.842,FALSE,NA,NA,"<= day","daily",NA,1,TRUE
"2004-06-25",282.608,FALSE,NA,NA,"<= day","daily",NA,1,TRUE
"2004-06-26",281.704,FALSE,NA,NA,"<= day","daily",NA,1,TRUE
"2004-06-27",282.817,FALSE,NA,NA,"<= day","daily",NA,1,TRUE
"2004-06-28",295.071,FALSE,NA,NA,"<= day","daily",NA,1,TRUE
"2004-06-29",290.788,FALSE,NA,NA,"<= day","daily",NA,1,TRUE
"2004-06-30",288.438,FALSE,NA,NA,"<= day","daily",NA,1,TRUE
"2004-07-01",289.762,FALSE,NA,NA,"<= day","daily",NA,1,TRUE
"2004-07-02",287.833,FALSE,NA,NA,"<= day","daily",NA,1,TRUE
"2004-07-03",287,FALSE,NA,NA,"<= day","daily",NA,1,TRUE
"2004-07-04",286.2,FALSE,NA,NA,"<= day","daily",NA,1,TRUE
"2004-07-05",286.667,FALSE,NA,NA,"<= day","daily",NA,1,TRUE
"2004-07-06",287.421,FALSE,NA,NA,"<= day","daily",NA,1,TRUE
"2004-07-07",285.958,FALSE,NA,NA,"<= day","daily",NA,1,TRUE
"2004-07-08",286.317,FALSE,NA,NA,"<= day","daily",NA,1,TRUE
"2004-07-09",289.7,FALSE,NA,NA,"<= day","daily",NA,1,TRUE
"2004-07-10",289.446,FALSE,NA,NA,"<= day","daily",NA,1,TRUE
"2004-07-11",287.825,FALSE,NA,NA,"<= day","daily",NA,1,TRUE
"2004-07-12",287.475,FALSE,NA,NA,"<= day","daily",NA,1,TRUE
"2004-07-13",288.075,FALSE,NA,NA,"<= day","daily",NA,1,TRUE
"2004-07-14",288.667,FALSE,NA,NA,"<= day","daily",NA,1,TRUE
"2004-07-15",289.25,FALSE,NA,NA,"<= day","daily",NA,1,TRUE
"2004-07-16",289.85,FALSE,NA,NA,"<= day","daily",NA,1,TRUE
"2004-07-17",290.246,FALSE,NA,NA,"<= day","daily",NA,1,TRUE
"2004-07-18",288.925,FALSE,NA,NA,"<= day","daily",NA,1,TRUE
"2004-07-19",288.471,FALSE,NA,NA,"<= day","daily",NA,1,TRUE
"2004-07-20",290.396,FALSE,NA,NA,"<= day","daily",NA,1,TRUE
"2004-07-21",288.342,FALSE,NA,NA,"<= day","daily",NA,1,TRUE
"2004-07-22",287.858,FALSE,NA,NA,"<= day","daily",NA,1,TRUE
"2004-07-23",288.171,FALSE,NA,NA,"<= day","daily",NA,1,TRUE
"2004-07-24",287.283,FALSE,NA,NA,"<= day","daily",NA,1,TRUE
"2004-07-25",287.55,FALSE,NA,NA,"<= day","daily",NA,1,TRUE
"2004-07-26",288.862,FALSE,NA,NA,"<= day","daily",NA,1,TRUE
"2004-07-27",287.717,FALSE,NA,NA,"<= day","daily",NA,1,TRUE
"2004-07-28",287,FALSE,NA,NA,"<= day","daily",NA,1,TRUE
"2004-07-29",286.308,FALSE,NA,NA,"<= day","daily",NA,1,TRUE
"2004-07-30",286.271,FALSE,NA,NA,"<= day","daily",NA,1,TRUE
"2004-07-31",286.142,FALSE,NA,NA,"<= day","daily",NA,1,TRUE
"2004-08-01",286.142,FALSE,NA,NA,"<= day","daily",NA,1,TRUE
"2004-08-02",286.225,FALSE,NA,NA,"<= day","daily",NA,1,TRUE
"2004-08-03",285.833,FALSE,NA,NA,"<= day","daily",NA,1,TRUE
"2004-08-04",284.067,FALSE,NA,NA,"<= day","daily",NA,1,TRUE
"2004-08-05",284.354,FALSE,NA,NA,"<= day","daily",NA,1,TRUE
"2004-08-06",284.521,FALSE,NA,NA,"<= day","daily",NA,1,TRUE
"2004-08-07",282.658,FALSE,NA,NA,"<= day","daily",NA,1,TRUE
"2004-08-08",282.558,FALSE,NA,NA,"<= day","daily",NA,1,TRUE
"2004-08-09",282.621,FALSE,NA,NA,"<= day","daily",NA,1,TRUE
"2004-08-10",278.908,FALSE,NA,NA,"<= day","daily",NA,1,TRUE
"2004-08-11",277.404,FALSE,NA,NA,"<= day","daily",NA,1,TRUE
"2004-08-12",277.633,FALSE,NA,NA,"<= day","daily",NA,1,TRUE
"2004-08-13",276.179,FALSE,NA,NA,"<= day","daily",NA,1,TRUE
"2004-08-14",277.629,FALSE,NA,NA,"<= day","daily",NA,1,TRUE
"2004-08-15",285.642,FALSE,NA,NA,"<= day","daily",NA,1,TRUE
"2004-08-16",281.004,FALSE,NA,NA,"<= day","daily",NA,1,TRUE
"2004-08-17",278.688,FALSE,NA,NA,"<= day","daily",NA,1,TRUE
"2004-08-18",277.483,FALSE,NA,NA,"<= day","daily",NA,1,TRUE
"2004-08-19",277.438,FALSE,NA,NA,"<= day","daily",NA,1,TRUE
"2004-08-20",277.375,FALSE,NA,NA,"<= day","daily",NA,1,TRUE
"2004-08-21",277.429,FALSE,NA,NA,"<= day","daily",NA,1,TRUE
"2004-08-22",277.554,FALSE,NA,NA,"<= day","daily",NA,1,TRUE
"2004-08-23",277.371,FALSE,NA,NA,"<= day","daily",NA,1,TRUE
"2004-08-24",277.129,FALSE,NA,NA,"<= day","daily",NA,1,TRUE
"2004-08-25",277.625,FALSE,NA,NA,"<= day","daily",NA,1,TRUE
"2004-08-26",287.417,FALSE,NA,NA,"<= day","daily",NA,1,TRUE
"2004-08-27",290.404,FALSE,NA,NA,"<= day","daily",NA,1,TRUE
"2004-08-28",286.425,FALSE,NA,NA,"<= day","daily",NA,1,TRUE
"2004-08-29",286.908,FALSE,NA,NA,"<= day","daily",NA,1,TRUE
"2004-08-30",287.133,FALSE,NA,NA,"<= day","daily",NA,1,TRUE
"2004-08-31",289.075,FALSE,NA,NA,"<= day","daily",NA,1,TRUE
"2004-09-01",286.492,FALSE,NA,NA,"<= day","daily",NA,1,TRUE
"2004-09-02",285.575,FALSE,NA,NA,"<= day","daily",NA,1,TRUE
"2004-09-03",284.488,FALSE,NA,NA,"<= day","daily",NA,1,TRUE
"2004-09-04",284.717,FALSE,NA,NA,"<= day","daily",NA,1,TRUE
"2004-09-05",284.346,FALSE,NA,NA,"<= day","daily",NA,1,TRUE
"2004-09-06",283.758,FALSE,NA,NA,"<= day","daily",NA,1,TRUE
"2004-09-07",282.654,FALSE,NA,NA,"<= day","daily",NA,1,TRUE
"2004-09-08",282.4,FALSE,NA,NA,"<= day","daily",NA,1,TRUE
"2004-09-09",282.596,FALSE,NA,NA,"<= day","daily",NA,1,TRUE
"2004-09-10",282.154,FALSE,NA,NA,"<= day","daily",NA,1,TRUE
"2004-09-11",280.808,FALSE,NA,NA,"<= day","daily",NA,1,TRUE
"2004-09-12",280.621,FALSE,NA,NA,"<= day","daily",NA,1,TRUE
"2004-09-13",278.667,FALSE,NA,NA,"<= day","daily",NA,1,TRUE
"2004-09-14",279.612,FALSE,NA,NA,"<= day","daily",NA,1,TRUE
"2004-09-15",279.375,FALSE,NA,NA,"<= day","daily",NA,1,TRUE
"2004-09-16",278.208,FALSE,NA,NA,"<= day","daily",NA,1,TRUE
"2004-09-17",276.283,FALSE,NA,NA,"<= day","daily",NA,1,TRUE
"2004-09-18",274.604,FALSE,NA,NA,"<= day","daily",NA,1,TRUE
"2004-09-19",272.717,FALSE,NA,NA,"<= day","daily",NA,1,TRUE
"2004-09-20",270.354,FALSE,NA,NA,"<= day","daily",NA,1,TRUE
"2004-09-21",268.792,FALSE,NA,NA,"<= day","daily",NA,1,TRUE
"2004-09-22",266.879,FALSE,NA,NA,"<= day","daily",NA,1,TRUE
"2004-09-23",271.538,FALSE,NA,NA,"<= day","daily",NA,1,TRUE
"2004-09-24",273.971,FALSE,NA,NA,"<= day","daily",NA,1,TRUE
"2004-09-25",272.112,FALSE,NA,NA,"<= day","daily",NA,1,TRUE
"2004-09-26",270.325,FALSE,NA,NA,"<= day","daily",NA,1,TRUE
"2004-09-27",266.95,FALSE,NA,NA,"<= day","daily",NA,1,TRUE
"2004-09-28",264.683,FALSE,NA,NA,"<= day","daily",NA,1,TRUE
"2004-09-29",263.842,FALSE,NA,NA,"<= day","daily",NA,1,TRUE
"2004-09-30",263.55,FALSE,NA,NA,"<= day","daily",NA,1,TRUE
"2004-10-01",264.75,FALSE,NA,NA,"<= day","daily",NA,1,TRUE
"2004-10-02",265.221,FALSE,NA,NA,"<= day","daily",NA,1,TRUE
"2004-10-03",263.558,FALSE,NA,NA,"<= day","daily",NA,1,TRUE
"2004-10-04",263.504,FALSE,NA,NA,"<= day","daily",NA,1,TRUE
"2004-10-05",263.042,FALSE,NA,NA,"<= day","daily",NA,1,TRUE
"2004-10-06",261.258,FALSE,NA,NA,"<= day","daily",NA,1,TRUE
"2004-10-07",261.812,FALSE,NA,NA,"<= day","daily",NA,1,TRUE
"2004-10-08",262.354,FALSE,NA,NA,"<= day","daily",NA,1,TRUE
"2004-10-09",262.05,FALSE,NA,NA,"<= day","daily",NA,1,TRUE
"2004-10-10",261.612,FALSE,NA,NA,"<= day","daily",NA,1,TRUE
"2004-10-11",260.696,FALSE,NA,NA,"<= day","daily",NA,1,TRUE
"2004-10-12",260.179,FALSE,NA,NA,"<= day","daily",NA,1,TRUE
"2004-10-13",259.754,FALSE,NA,NA,"<= day","daily",NA,1,TRUE
"2004-10-14",258.492,FALSE,NA,NA,"<= day","daily",NA,1,TRUE
"2004-10-15",258.438,FALSE,NA,NA,"<= day","daily",NA,1,TRUE
"2004-10-16",258.871,FALSE,NA,NA,"<= day","daily",NA,1,TRUE
"2004-10-17",258.433,FALSE,NA,NA,"<= day","daily",NA,1,TRUE
"2004-10-18",257.262,FALSE,NA,NA,"<= day","daily",NA,1,TRUE
"2004-10-19",257.117,FALSE,NA,NA,"<= day","daily",NA,1,TRUE
"2004-10-20",256.871,FALSE,NA,NA,"<= day","daily",NA,1,TRUE
"2004-10-21",256.817,FALSE,NA,NA,"<= day","daily",NA,1,TRUE
"2004-10-22",256.767,FALSE,NA,NA,"<= day","daily",NA,1,TRUE
"2004-10-23",256.837,FALSE,NA,NA,"<= day","daily",NA,1,TRUE
"2004-10-24",256.733,FALSE,NA,NA,"<= day","daily",NA,1,TRUE
"2004-10-25",257.225,FALSE,NA,NA,"<= day","daily",NA,1,TRUE
"2004-10-26",257.279,FALSE,NA,NA,"<= day","daily",NA,1,TRUE
"2004-10-27",257.212,FALSE,NA,NA,"<= day","daily",NA,1,TRUE
"2004-10-28",257.492,FALSE,NA,NA,"<= day","daily",NA,1,TRUE
"2004-10-29",257.246,FALSE,NA,NA,"<= day","daily",NA,1,TRUE
"2004-10-30",258.258,FALSE,NA,NA,"<= day","daily",NA,1,TRUE
"2004-10-31",257.933,FALSE,NA,NA,"<= day","daily",NA,1,TRUE
"2004-11-01",257.238,FALSE,NA,NA,"<= day","daily",NA,1,TRUE
"2004-11-02",257.025,FALSE,NA,NA,"<= day","daily",NA,1,TRUE
"2004-11-03",256.942,FALSE,NA,NA,"<= day","daily",NA,1,TRUE
"2004-11-04",255.942,FALSE,NA,NA,"<= day","daily",NA,1,TRUE
"2004-11-05",256.946,FALSE,NA,NA,"<= day","daily",NA,1,TRUE
"2004-11-06",255.892,FALSE,NA,NA,"<= day","daily",NA,1,TRUE
"2004-11-07",256.183,FALSE,NA,NA,"<= day","daily",NA,1,TRUE
"2004-11-08",254.762,FALSE,NA,NA,"<= day","daily",NA,1,TRUE
"2004-11-09",255.287,FALSE,NA,NA,"<= day","daily",NA,1,TRUE
"2004-11-10",255.067,FALSE,NA,NA,"<= day","daily",NA,1,TRUE
"2004-11-11",253.971,FALSE,NA,NA,"<= day","daily",NA,1,TRUE
"2004-11-12",252.996,FALSE,NA,NA,"<= day","daily",NA,1,TRUE
"2004-11-13",253,FALSE,NA,NA,"<= day","daily",NA,1,TRUE
"2004-11-14",252.5,FALSE,NA,NA,"<= day","daily",NA,1,TRUE
"2004-11-15",252.5,FALSE,NA,NA,"<= day","daily",NA,1,TRUE
"2004-11-16",252.137,FALSE,NA,NA,"<= day","daily",NA,1,TRUE
"2004-11-17",251.667,FALSE,NA,NA,"<= day","daily",NA,1,TRUE
"2004-11-18",251.688,FALSE,NA,NA,"<= day","daily",NA,1,TRUE
"2004-11-19",250.375,FALSE,NA,NA,"<= day","daily",NA,1,TRUE
"2004-11-20",249.725,FALSE,NA,NA,"<= day","daily",NA,1,TRUE
"2004-11-21",250.008,FALSE,NA,NA,"<= day","daily",NA,1,TRUE
"2004-11-22",249.896,FALSE,NA,NA,"<= day","daily",NA,1,TRUE
"2004-11-23",250.633,FALSE,NA,NA,"<= day","daily",NA,1,TRUE
"2004-11-24",250.946,FALSE,NA,NA,"<= day","daily",NA,1,TRUE
"2004-11-25",249.912,FALSE,NA,NA,"<= day","daily",NA,1,TRUE
"2004-11-26",250.1,FALSE,NA,NA,"<= day","daily",NA,1,TRUE
"2004-11-27",249.996,FALSE,NA,NA,"<= day","daily",NA,1,TRUE
"2004-11-28",249.162,FALSE,NA,NA,"<= day","daily",NA,1,TRUE
"2004-11-29",248.688,FALSE,NA,NA,"<= day","daily",NA,1,TRUE
"2004-11-30",248.338,FALSE,NA,NA,"<= day","daily",NA,1,TRUE
"2004-12-01",247.521,FALSE,NA,NA,"<= day","daily",NA,1,TRUE
"2004-12-02",246.479,FALSE,NA,NA,"<= day","daily",NA,1,TRUE
"2004-12-03",244.654,FALSE,NA,NA,"<= day","daily",NA,1,TRUE
"2004-12-04",244.2,FALSE,NA,NA,"<= day","daily",NA,1,TRUE
"2004-12-05",244.2,FALSE,NA,NA,"<= day","daily",NA,1,TRUE
"2004-12-06",244.2,FALSE,NA,NA,"<= day","daily",NA,1,TRUE
"2004-12-07",244.2,FALSE,NA,NA,"<= day","daily",NA,1,TRUE
"2004-12-08",244.2,FALSE,NA,NA,"<= day","daily",NA,1,TRUE
"2004-12-09",244.2,FALSE,NA,NA,"<= day","daily",NA,1,TRUE
"2004-12-10",244.2,FALSE,NA,NA,"<= day","daily",NA,1,TRUE
"2004-12-11",244.2,FALSE,NA,NA,"<= day","daily",NA,1,TRUE
"2004-12-12",244.2,FALSE,NA,NA,"<= day","daily",NA,1,TRUE
"2004-12-13",244.2,FALSE,NA,NA,"<= day","daily",NA,1,TRUE
"2004-12-14",244.2,FALSE,NA,NA,"<= day","daily",NA,1,TRUE
"2004-12-15",243.642,FALSE,NA,NA,"<= day","daily",NA,1,TRUE
"2004-12-16",243.463,FALSE,NA,NA,"<= day","daily",NA,1,TRUE
"2004-12-17",243.567,FALSE,NA,NA,"<= day","daily",NA,1,TRUE
"2004-12-18",243.529,FALSE,NA,NA,"<= day","daily",NA,1,TRUE
"2004-12-19",243.204,FALSE,NA,NA,"<= day","daily",NA,1,TRUE
"2004-12-20",241.787,FALSE,NA,NA,"<= day","daily",NA,1,TRUE
"2004-12-21",241.779,FALSE,NA,NA,"<= day","daily",NA,1,TRUE
"2004-12-22",242.104,FALSE,NA,NA,"<= day","daily",NA,1,TRUE
"2004-12-23",241.65,FALSE,NA,NA,"<= day","daily",NA,1,TRUE
"2004-12-24",241.958,FALSE,NA,NA,"<= day","daily",NA,1,TRUE
"2004-12-25",241.146,FALSE,NA,NA,"<= day","daily",NA,1,TRUE
"2004-12-26",239.95,FALSE,NA,NA,"<= day","daily",NA,1,TRUE
"2004-12-27",240.154,FALSE,NA,NA,"<= day","daily",NA,1,TRUE
"2004-12-28",240.208,FALSE,NA,NA,"<= day","daily",NA,1,TRUE
"2004-12-29",240.246,FALSE,NA,NA,"<= day","daily",NA,1,TRUE
"2004-12-30",239.179,FALSE,NA,NA,"<= day","daily",NA,1,TRUE
"2004-12-31",238.292,FALSE,NA,NA,"<= day","daily",NA,1,TRUE
"2005-01-01",238.583,FALSE,NA,NA,"<= day","daily",NA,1,TRUE
"2005-01-02",238.379,FALSE,NA,NA,"<= day","daily",NA,1,TRUE
"2005-01-03",238.267,FALSE,NA,NA,"<= day","daily",NA,1,TRUE
"2005-01-04",236.363,FALSE,NA,NA,"<= day","daily",NA,1,TRUE
"2005-01-05",237.062,FALSE,NA,NA,"<= day","daily",NA,1,TRUE
"2005-01-06",239.371,FALSE,NA,NA,"<= day","daily",NA,1,TRUE
"2005-01-07",239.008,FALSE,NA,NA,"<= day","daily",NA,1,TRUE
"2005-01-08",236.45,FALSE,NA,NA,"<= day","daily",NA,1,TRUE
"2005-01-09",234.958,FALSE,NA,NA,"<= day","daily",NA,1,TRUE
"2005-01-10",235.108,FALSE,NA,NA,"<= day","daily",NA,1,TRUE
"2005-01-11",235.508,FALSE,NA,NA,"<= day","daily",NA,1,TRUE
"2005-01-12",234.996,FALSE,NA,NA,"<= day","daily",NA,1,TRUE
"2005-01-13",235.325,FALSE,NA,NA,"<= day","daily",NA,1,TRUE
"2005-01-14",235.546,FALSE,NA,NA,"<= day","daily",NA,1,TRUE
"2005-01-15",234.825,FALSE,NA,NA,"<= day","daily",NA,1,TRUE
"2005-01-16",233.817,FALSE,NA,NA,"<= day","daily",NA,1,TRUE
"2005-01-17",233.075,FALSE,NA,NA,"<= day","daily",NA,1,TRUE
"2005-01-18",233.988,FALSE,NA,NA,"<= day","daily",NA,1,TRUE
"2005-01-19",233.596,FALSE,NA,NA,"<= day","daily",NA,1,TRUE
"2005-01-20",233.708,FALSE,NA,NA,"<= day","daily",NA,1,TRUE
"2005-01-21",237.2,FALSE,NA,NA,"<= day","daily",NA,1,TRUE
"2005-01-22",235.213,FALSE,NA,NA,"<= day","daily",NA,1,TRUE
"2005-01-23",233.617,FALSE,NA,NA,"<= day","daily",NA,1,TRUE
"2005-01-24",231.896,FALSE,NA,NA,"<= day","daily",NA,1,TRUE
"2005-01-25",232.246,FALSE,NA,NA,"<= day","daily",NA,1,TRUE
"2005-01-26",232.104,FALSE,NA,NA,"<= day","daily",NA,1,TRUE
"2005-01-27",230.908,FALSE,NA,NA,"<= day","daily",NA,1,TRUE
"2005-01-28",230.55,FALSE,NA,NA,"<= day","daily",NA,1,TRUE
"2005-01-29",230.738,FALSE,NA,NA,"<= day","daily",NA,1,TRUE
"2005-01-30",231.738,FALSE,NA,NA,"<= day","daily",NA,1,TRUE
"2005-01-31",232.367,FALSE,NA,NA,"<= day","daily",NA,1,TRUE
"2005-02-01",231.954,FALSE,NA,NA,"<= day","daily",NA,1,TRUE
"2005-02-02",231.317,FALSE,NA,NA,"<= day","daily",NA,1,TRUE
"2005-02-03",227.037,FALSE,NA,NA,"<= day","daily",NA,1,TRUE
"2005-02-04",225.621,FALSE,NA,NA,"<= day","daily",NA,1,TRUE
"2005-02-05",225.279,FALSE,NA,NA,"<= day","daily",NA,1,TRUE
"2005-02-06",223.2,FALSE,NA,NA,"<= day","daily",NA,1,TRUE
"2005-02-07",223.2,FALSE,NA,NA,"<= day","daily",NA,1,TRUE
"2005-02-08",222.733,FALSE,NA,NA,"<= day","daily",NA,1,TRUE
"2005-02-09",222.433,FALSE,NA,NA,"<= day","daily",NA,1,TRUE
"2005-02-10",222.454,FALSE,NA,NA,"<= day","daily",NA,1,TRUE
"2005-02-11",223.4,FALSE,NA,NA,"<= day","daily",NA,1,TRUE
"2005-02-12",225.267,FALSE,NA,NA,"<= day","daily",NA,1,TRUE
"2005-02-13",232.329,FALSE,NA,NA,"<= day","daily",NA,1,TRUE
"2005-02-14",227.321,FALSE,NA,NA,"<= day","daily",NA,1,TRUE
"2005-02-15",226.133,FALSE,NA,NA,"<= day","daily",NA,1,TRUE
"2005-02-16",224.046,FALSE,NA,NA,"<= day","daily",NA,1,TRUE
"2005-02-17",223.2,FALSE,NA,NA,"<= day","daily",NA,1,TRUE
"2005-02-18",223.2,FALSE,NA,NA,"<= day","daily",NA,1,TRUE
"2005-02-19",223.2,FALSE,NA,NA,"<= day","daily",NA,1,TRUE
"2005-02-20",223.2,FALSE,NA,NA,"<= day","daily",NA,1,TRUE
"2005-02-21",222.65,FALSE,NA,NA,"<= day","daily",NA,1,TRUE
"2005-02-22",222.438,FALSE,NA,NA,"<= day","daily",NA,1,TRUE
"2005-02-23",222.429,FALSE,NA,NA,"<= day","daily",NA,1,TRUE
"2005-02-24",222.408,FALSE,NA,NA,"<= day","daily",NA,1,TRUE
"2005-02-25",222.425,FALSE,NA,NA,"<= day","daily",NA,1,TRUE
"2005-02-26",222.429,FALSE,NA,NA,"<= day","daily",NA,1,TRUE
"2005-02-27",222.512,FALSE,NA,NA,"<= day","daily",NA,1,TRUE
"2005-02-28",220.971,FALSE,NA,NA,"<= day","daily",NA,1,TRUE
"2005-03-01",220.725,FALSE,NA,NA,"<= day","daily",NA,1,TRUE
"2005-03-02",221.183,FALSE,NA,NA,"<= day","daily",NA,1,TRUE
"2005-03-03",221.037,FALSE,NA,NA,"<= day","daily",NA,1,TRUE
"2005-03-04",221.571,FALSE,NA,NA,"<= day","daily",NA,1,TRUE
"2005-03-05",221.679,FALSE,NA,NA,"<= day","daily",NA,1,TRUE
"2005-03-06",220.779,FALSE,NA,NA,"<= day","daily",NA,1,TRUE
"2005-03-07",222.062,FALSE,NA,NA,"<= day","daily",NA,1,TRUE
"2005-03-08",220.767,FALSE,NA,NA,"<= day","daily",NA,1,TRUE
"2005-03-09",220.787,FALSE,NA,NA,"<= day","daily",NA,1,TRUE
"2005-03-10",221.029,FALSE,NA,NA,"<= day","daily",NA,1,TRUE
"2005-03-11",219.717,FALSE,NA,NA,"<= day","daily",NA,1,TRUE
"2005-03-12",219.458,FALSE,NA,NA,"<= day","daily",NA,1,TRUE
"2005-03-13",219.275,FALSE,NA,NA,"<= day","daily",NA,1,TRUE
"2005-03-14",219.292,FALSE,NA,NA,"<= day","daily",NA,1,TRUE
"2005-03-15",219.121,FALSE,NA,NA,"<= day","daily",NA,1,TRUE
"2005-03-16",219.208,FALSE,NA,NA,"<= day","daily",NA,1,TRUE
"2005-03-17",220.637,FALSE,NA,NA,"<= day","daily",NA,1,TRUE
"2005-03-18",225.067,FALSE,NA,NA,"<= day","daily",NA,1,TRUE
"2005-03-19",238.683,FALSE,NA,NA,"<= day","daily",NA,1,TRUE
"2005-03-20",244.05,FALSE,NA,NA,"<= day","daily",NA,1,TRUE
"2005-03-21",241.05,FALSE,NA,NA,"<= day","daily",NA,1,TRUE
"2005-03-22",240.304,FALSE,NA,NA,"<= day","daily",NA,1,TRUE
"2005-03-23",241.613,FALSE,NA,NA,"<= day","daily",NA,1,TRUE
"2005-03-24",242.65,FALSE,NA,NA,"<= day","daily",NA,1,TRUE
"2005-03-25",247.058,FALSE,NA,NA,"<= day","daily",NA,1,TRUE
"2005-03-26",247.367,FALSE,NA,NA,"<= day","daily",NA,1,TRUE
"2005-03-27",246.696,FALSE,NA,NA,"<= day","daily",NA,1,TRUE
"2005-03-28",246.65,FALSE,NA,NA,"<= day","daily",NA,1,TRUE
"2005-03-29",246.692,FALSE,NA,NA,"<= day","daily",NA,1,TRUE
"2005-03-30",247.188,FALSE,NA,NA,"<= day","daily",NA,1,TRUE
"2005-03-31",249.2,FALSE,NA,NA,"<= day","daily",NA,1,TRUE
"2005-04-01",249.2,FALSE,NA,NA,"<= day","daily",NA,1,TRUE
"2005-04-02",249.2,FALSE,NA,NA,"<= day","daily",NA,1,TRUE
"2005-04-03",249.2,FALSE,NA,NA,"<= day","daily",NA,1,TRUE
"2005-04-04",249.2,FALSE,NA,NA,"<= day","daily",NA,1,TRUE
"2005-04-05",249.2,FALSE,NA,NA,"<= day","daily",NA,1,TRUE
"2005-04-06",249.2,FALSE,NA,NA,"<= day","daily",NA,1,TRUE
"2005-04-07",249.5,FALSE,NA,NA,"<= day","daily",NA,1,TRUE
"2005-04-08",249.775,FALSE,NA,NA,"<= day","daily",NA,1,TRUE
"2005-04-09",249.637,FALSE,NA,NA,"<= day","daily",NA,1,TRUE
"2005-04-10",247.954,FALSE,NA,NA,"<= day","daily",NA,1,TRUE
"2005-04-11",247.5,FALSE,NA,NA,"<= day","daily",NA,1,TRUE
"2005-04-12",247.5,FALSE,NA,NA,"<= day","daily",NA,1,TRUE
"2005-04-13",247.5,FALSE,NA,NA,"<= day","daily",NA,1,TRUE
"2005-04-14",247.5,FALSE,NA,NA,"<= day","daily",NA,1,TRUE
"2005-04-15",248.521,FALSE,NA,NA,"<= day","daily",NA,1,TRUE
"2005-04-16",249.704,FALSE,NA,NA,"<= day","daily",NA,1,TRUE
"2005-04-17",250.421,FALSE,NA,NA,"<= day","daily",NA,1,TRUE
"2005-04-18",250.017,FALSE,NA,NA,"<= day","daily",NA,1,TRUE
"2005-04-19",249.946,FALSE,NA,NA,"<= day","daily",NA,1,TRUE
"2005-04-20",249.954,FALSE,NA,NA,"<= day","daily",NA,1,TRUE
"2005-04-21",250.704,FALSE,NA,NA,"<= day","daily",NA,1,TRUE
"2005-04-22",250.654,FALSE,NA,NA,"<= day","daily",NA,1,TRUE
"2005-04-23",251.183,FALSE,NA,NA,"<= day","daily",NA,1,TRUE
"2005-04-24",250.738,FALSE,NA,NA,"<= day","daily",NA,1,TRUE
"2005-04-25",251.121,FALSE,NA,NA,"<= day","daily",NA,1,TRUE
"2005-04-26",258.771,FALSE,NA,NA,"<= day","daily",NA,1,TRUE
"2005-04-27",252.45,FALSE,NA,NA,"<= day","daily",NA,1,TRUE
"2005-04-28",250.829,FALSE,NA,NA,"<= day","daily",NA,1,TRUE
"2005-04-29",250.062,FALSE,NA,NA,"<= day","daily",NA,1,TRUE
"2005-04-30",250.021,FALSE,NA,NA,"<= day","daily",NA,1,TRUE
"2005-05-01",251.708,FALSE,NA,NA,"<= day","daily",NA,1,TRUE
"2005-05-02",252.704,FALSE,NA,NA,"<= day","daily",NA,1,TRUE
"2005-05-03",254.279,FALSE,NA,NA,"<= day","daily",NA,1,TRUE
"2005-05-04",256.346,FALSE,NA,NA,"<= day","daily",NA,1,TRUE
"2005-05-05",257.954,FALSE,NA,NA,"<= day","daily",NA,1,TRUE
"2005-05-06",259.433,FALSE,NA,NA,"<= day","daily",NA,1,TRUE
"2005-05-07",263.913,FALSE,NA,NA,"<= day","daily",NA,1,TRUE
"2005-05-08",265.388,FALSE,NA,NA,"<= day","daily",NA,1,TRUE
"2005-05-09",263.867,FALSE,NA,NA,"<= day","daily",NA,1,TRUE
"2005-05-10",262.779,FALSE,NA,NA,"<= day","daily",NA,1,TRUE
"2005-05-11",261.904,FALSE,NA,NA,"<= day","daily",NA,1,TRUE
"2005-05-12",260.504,FALSE,NA,NA,"<= day","daily",NA,1,TRUE
"2005-05-13",260.929,FALSE,NA,NA,"<= day","daily",NA,1,TRUE
"2005-05-14",261.096,FALSE,NA,NA,"<= day","daily",NA,1,TRUE
"2005-05-15",261.833,FALSE,NA,NA,"<= day","daily",NA,1,TRUE
"2005-05-16",261.804,FALSE,NA,NA,"<= day","daily",NA,1,TRUE
"2005-05-17",261.812,FALSE,NA,NA,"<= day","daily",NA,1,TRUE
"2005-05-18",268.571,FALSE,NA,NA,"<= day","daily",NA,1,TRUE
"2005-05-19",270.421,FALSE,NA,NA,"<= day","daily",NA,1,TRUE
"2005-05-20",268.625,FALSE,NA,NA,"<= day","daily",NA,1,TRUE
"2005-05-21",268.288,FALSE,NA,NA,"<= day","daily",NA,1,TRUE
"2005-05-22",268.575,FALSE,NA,NA,"<= day","daily",NA,1,TRUE
"2005-05-23",269.562,FALSE,NA,NA,"<= day","daily",NA,1,TRUE
"2005-05-24",270.417,FALSE,NA,NA,"<= day","daily",NA,1,TRUE
"2005-05-25",270.375,FALSE,NA,NA,"<= day","daily",NA,1,TRUE
"2005-05-26",270.85,FALSE,NA,NA,"<= day","daily",NA,1,TRUE
"2005-05-27",271.413,FALSE,NA,NA,"<= day","daily",NA,1,TRUE
"2005-05-28",271.992,FALSE,NA,NA,"<= day","daily",NA,1,TRUE
"2005-05-29",273.692,FALSE,NA,NA,"<= day","daily",NA,1,TRUE
"2005-05-30",274.758,FALSE,NA,NA,"<= day","daily",NA,1,TRUE
"2005-05-31",275.604,FALSE,NA,NA,"<= day","daily",NA,1,TRUE
"2005-06-01",274.042,FALSE,NA,NA,"<= day","daily",NA,1,TRUE
"2005-06-02",273.596,FALSE,NA,NA,"<= day","daily",NA,1,TRUE
"2005-06-03",274.175,FALSE,NA,NA,"<= day","daily",NA,1,TRUE
"2005-06-04",274.358,FALSE,NA,NA,"<= day","daily",NA,1,TRUE
"2005-06-05",273.95,FALSE,NA,NA,"<= day","daily",NA,1,TRUE
"2005-06-06",273.962,FALSE,NA,NA,"<= day","daily",NA,1,TRUE
"2005-06-07",275.517,FALSE,NA,NA,"<= day","daily",NA,1,TRUE
"2005-06-08",274.163,FALSE,NA,NA,"<= day","daily",NA,1,TRUE
"2005-06-09",274.208,FALSE,NA,NA,"<= day","daily",NA,1,TRUE
"2005-06-10",273.754,FALSE,NA,NA,"<= day","daily",NA,1,TRUE
"2005-06-11",273.475,FALSE,NA,NA,"<= day","daily",NA,1,TRUE
"2005-06-12",273.212,FALSE,NA,NA,"<= day","daily",NA,1,TRUE
"2005-06-13",273.337,FALSE,NA,NA,"<= day","daily",NA,1,TRUE
"2005-06-14",273.775,FALSE,NA,NA,"<= day","daily",NA,1,TRUE
"2005-06-15",273.825,FALSE,NA,NA,"<= day","daily",NA,1,TRUE
"2005-06-16",274.542,FALSE,NA,NA,"<= day","daily",NA,1,TRUE
"2005-06-17",275.846,FALSE,NA,NA,"<= day","daily",NA,1,TRUE
"2005-06-18",277.033,FALSE,NA,NA,"<= day","daily",NA,1,TRUE
"2005-06-19",278.433,FALSE,NA,NA,"<= day","daily",NA,1,TRUE
"2005-06-20",279.833,FALSE,NA,NA,"<= day","daily",NA,1,TRUE
"2005-06-21",281.35,FALSE,NA,NA,"<= day","daily",NA,1,TRUE
"2005-06-22",283.208,FALSE,NA,NA,"<= day","daily",NA,1,TRUE
"2005-06-23",283.846,FALSE,NA,NA,"<= day","daily",NA,1,TRUE
"2005-06-24",283.646,FALSE,NA,NA,"<= day","daily",NA,1,TRUE
"2005-06-25",284.333,FALSE,NA,NA,"<= day","daily",NA,1,TRUE
"2005-06-26",284.833,FALSE,NA,NA,"<= day","daily",NA,1,TRUE
"2005-06-27",284.9,FALSE,NA,NA,"<= day","daily",NA,1,TRUE
"2005-06-28",284.942,FALSE,NA,NA,"<= day","daily",NA,1,TRUE
"2005-06-29",285.346,FALSE,NA,NA,"<= day","daily",NA,1,TRUE
"2005-06-30",285.042,FALSE,NA,NA,"<= day","daily",NA,1,TRUE
"2005-07-01",286.367,FALSE,NA,NA,"<= day","daily",NA,1,TRUE
"2005-07-02",288.133,FALSE,NA,NA,"<= day","daily",NA,1,TRUE
"2005-07-03",288.388,FALSE,NA,NA,"<= day","daily",NA,1,TRUE
"2005-07-04",289.188,FALSE,NA,NA,"<= day","daily",NA,1,TRUE
"2005-07-05",291.025,FALSE,NA,NA,"<= day","daily",NA,1,TRUE
"2005-07-06",290.696,FALSE,NA,NA,"<= day","daily",NA,1,TRUE
"2005-07-07",291.292,FALSE,NA,NA,"<= day","daily",NA,1,TRUE
"2005-07-08",293.196,FALSE,NA,NA,"<= day","daily",NA,1,TRUE
"2005-07-09",292.279,FALSE,NA,NA,"<= day","daily",NA,1,TRUE
"2005-07-10",292.508,FALSE,NA,NA,"<= day","daily",NA,1,TRUE
"2005-07-11",314.862,FALSE,NA,NA,"<= day","daily",NA,1,TRUE
"2005-07-12",303.721,FALSE,NA,NA,"<= day","daily",NA,1,TRUE
"2005-07-13",296.488,FALSE,NA,NA,"<= day","daily",NA,1,TRUE
"2005-07-14",297.6,FALSE,NA,NA,"<= day","daily",NA,1,TRUE
"2005-07-15",297.996,FALSE,NA,NA,"<= day","daily",NA,1,TRUE
"2005-07-16",298,FALSE,NA,NA,"<= day","daily",NA,1,TRUE
"2005-07-17",298.017,FALSE,NA,NA,"<= day","daily",NA,1,TRUE
"2005-07-18",297.875,FALSE,NA,NA,"<= day","daily",NA,1,TRUE
"2005-07-19",297.333,FALSE,NA,NA,"<= day","daily",NA,1,TRUE
"2005-07-20",296.921,FALSE,NA,NA,"<= day","daily",NA,1,TRUE
"2005-07-21",296.846,FALSE,NA,NA,"<= day","daily",NA,1,TRUE
"2005-07-22",296.825,FALSE,NA,NA,"<= day","daily",NA,1,TRUE
"2005-07-23",296.092,FALSE,NA,NA,"<= day","daily",NA,1,TRUE
"2005-07-24",295.975,FALSE,NA,NA,"<= day","daily",NA,1,TRUE
"2005-07-25",295.712,FALSE,NA,NA,"<= day","daily",NA,1,TRUE
"2005-07-26",294.146,FALSE,NA,NA,"<= day","daily",NA,1,TRUE
"2005-07-27",292.925,FALSE,NA,NA,"<= day","daily",NA,1,TRUE
"2005-07-28",292.558,FALSE,NA,NA,"<= day","daily",NA,1,TRUE
"2005-07-29",291.438,FALSE,NA,NA,"<= day","daily",NA,1,TRUE
"2005-07-30",290.562,FALSE,NA,NA,"<= day","daily",NA,1,TRUE
"2005-07-31",288.9,FALSE,NA,NA,"<= day","daily",NA,1,TRUE
"2005-08-01",288.471,FALSE,NA,NA,"<= day","daily",NA,1,TRUE
"2005-08-02",289.138,FALSE,NA,NA,"<= day","daily",NA,1,TRUE
"2005-08-03",287.592,FALSE,NA,NA,"<= day","daily",NA,1,TRUE
"2005-08-04",287.229,FALSE,NA,NA,"<= day","daily",NA,1,TRUE
"2005-08-05",286.962,FALSE,NA,NA,"<= day","daily",NA,1,TRUE
"2005-08-06",288.279,FALSE,NA,NA,"<= day","daily",NA,1,TRUE
"2005-08-07",288.129,FALSE,NA,NA,"<= day","daily",NA,1,TRUE
"2005-08-08",288.867,FALSE,NA,NA,"<= day","daily",NA,1,TRUE
"2005-08-09",288.087,FALSE,NA,NA,"<= day","daily",NA,1,TRUE
"2005-08-10",287.317,FALSE,NA,NA,"<= day","daily",NA,1,TRUE
"2005-08-11",286.967,FALSE,NA,NA,"<= day","daily",NA,1,TRUE
"2005-08-12",286.417,FALSE,NA,NA,"<= day","daily",NA,1,TRUE
"2005-08-13",285.325,FALSE,NA,NA,"<= day","daily",NA,1,TRUE
"2005-08-14",284.983,FALSE,NA,NA,"<= day","daily",NA,1,TRUE
"2005-08-15",284.742,FALSE,NA,NA,"<= day","daily",NA,1,TRUE
"2005-08-16",291.9,FALSE,NA,NA,"<= day","daily",NA,1,TRUE
"2005-08-17",291.983,FALSE,NA,NA,"<= day","daily",NA,1,TRUE
"2005-08-18",290.938,FALSE,NA,NA,"<= day","daily",NA,1,TRUE
"2005-08-19",290.35,FALSE,NA,NA,"<= day","daily",NA,1,TRUE
"2005-08-20",291.342,FALSE,NA,NA,"<= day","daily",NA,1,TRUE
"2005-08-21",289.533,FALSE,NA,NA,"<= day","daily",NA,1,TRUE
"2005-08-22",287.171,FALSE,NA,NA,"<= day","daily",NA,1,TRUE
"2005-08-23",290.85,FALSE,NA,NA,"<= day","daily",NA,1,TRUE
"2005-08-24",287.192,FALSE,NA,NA,"<= day","daily",NA,1,TRUE
"2005-08-25",288.483,FALSE,NA,NA,"<= day","daily",NA,1,TRUE
"2005-08-26",288.971,FALSE,NA,NA,"<= day","daily",NA,1,TRUE
"2005-08-27",288.75,FALSE,NA,NA,"<= day","daily",NA,1,TRUE
"2005-08-28",288.717,FALSE,NA,NA,"<= day","daily",NA,1,TRUE
"2005-08-29",288.638,FALSE,NA,NA,"<= day","daily",NA,1,TRUE
"2005-08-30",288.833,FALSE,NA,NA,"<= day","daily",NA,1,TRUE
"2005-08-31",288.454,FALSE,NA,NA,"<= day","daily",NA,1,TRUE
"2005-09-01",287.342,FALSE,NA,NA,"<= day","daily",NA,1,TRUE
"2005-09-02",286.775,FALSE,NA,NA,"<= day","daily",NA,1,TRUE
"2005-09-03",285.925,FALSE,NA,NA,"<= day","daily",NA,1,TRUE
"2005-09-04",285.488,FALSE,NA,NA,"<= day","daily",NA,1,TRUE
"2005-09-05",285.317,FALSE,NA,NA,"<= day","daily",NA,1,TRUE
"2005-09-06",284.462,FALSE,NA,NA,"<= day","daily",NA,1,TRUE
"2005-09-07",283.5,FALSE,NA,NA,"<= day","daily",NA,1,TRUE
"2005-09-08",283.258,FALSE,NA,NA,"<= day","daily",NA,1,TRUE
"2005-09-09",282.621,FALSE,NA,NA,"<= day","daily",NA,1,TRUE
"2005-09-10",281.6,FALSE,NA,NA,"<= day","daily",NA,1,TRUE
"2005-09-11",279.908,FALSE,NA,NA,"<= day","daily",NA,1,TRUE
"2005-09-12",278.388,FALSE,NA,NA,"<= day","daily",NA,1,TRUE
"2005-09-13",277.138,FALSE,NA,NA,"<= day","daily",NA,1,TRUE
"2005-09-14",276.421,FALSE,NA,NA,"<= day","daily",NA,1,TRUE
"2005-09-15",276.012,FALSE,NA,NA,"<= day","daily",NA,1,TRUE
"2005-09-16",275.471,FALSE,NA,NA,"<= day","daily",NA,1,TRUE
"2005-09-17",275.017,FALSE,NA,NA,"<= day","daily",NA,1,TRUE
"2005-09-18",273.317,FALSE,NA,NA,"<= day","daily",NA,1,TRUE
"2005-09-19",272.321,FALSE,NA,NA,"<= day","daily",NA,1,TRUE
"2005-09-20",271.379,FALSE,NA,NA,"<= day","daily",NA,1,TRUE
"2005-09-21",271.108,FALSE,NA,NA,"<= day","daily",NA,1,TRUE
"2005-09-22",270.45,FALSE,NA,NA,"<= day","daily",NA,1,TRUE
"2005-09-23",269.754,FALSE,NA,NA,"<= day","daily",NA,1,TRUE
"2005-09-24",269.521,FALSE,NA,NA,"<= day","daily",NA,1,TRUE
"2005-09-25",269.433,FALSE,NA,NA,"<= day","daily",NA,1,TRUE
"2005-09-26",268.629,FALSE,NA,NA,"<= day","daily",NA,1,TRUE
"2005-09-27",268.642,FALSE,NA,NA,"<= day","daily",NA,1,TRUE
"2005-09-28",266.871,FALSE,NA,NA,"<= day","daily",NA,1,TRUE
"2005-09-29",267.15,FALSE,NA,NA,"<= day","daily",NA,1,TRUE
"2005-09-30",267.362,FALSE,NA,NA,"<= day","daily",NA,1,TRUE
"2005-10-01",266.679,FALSE,NA,NA,"<= day","daily",NA,1,TRUE
"2005-10-02",268.146,FALSE,NA,NA,"<= day","daily",NA,1,TRUE
"2005-10-03",268.029,FALSE,NA,NA,"<= day","daily",NA,1,TRUE
"2005-10-04",267.825,FALSE,NA,NA,"<= day","daily",NA,1,TRUE
"2005-10-05",267.742,FALSE,NA,NA,"<= day","daily",NA,1,TRUE
"2005-10-06",267.05,FALSE,NA,NA,"<= day","daily",NA,1,TRUE
"2005-10-07",266.312,FALSE,NA,NA,"<= day","daily",NA,1,TRUE
"2005-10-08",266.562,FALSE,NA,NA,"<= day","daily",NA,1,TRUE
"2005-10-09",266.246,FALSE,NA,NA,"<= day","daily",NA,1,TRUE
"2005-10-10",266.346,FALSE,NA,NA,"<= day","daily",NA,1,TRUE
"2005-10-11",266.383,FALSE,NA,NA,"<= day","daily",NA,1,TRUE
"2005-10-12",266.192,FALSE,NA,NA,"<= day","daily",NA,1,TRUE
"2005-10-13",266.208,FALSE,NA,NA,"<= day","daily",NA,1,TRUE
"2005-10-14",266.175,FALSE,NA,NA,"<= day","daily",NA,1,TRUE
"2005-10-15",265.988,FALSE,NA,NA,"<= day","daily",NA,1,TRUE
"2005-10-16",266.225,FALSE,NA,NA,"<= day","daily",NA,1,TRUE
"2005-10-17",266.242,FALSE,NA,NA,"<= day","daily",NA,1,TRUE
"2005-10-18",266.533,FALSE,NA,NA,"<= day","daily",NA,1,TRUE
"2005-10-19",266.554,FALSE,NA,NA,"<= day","daily",NA,1,TRUE
"2005-10-20",266.575,FALSE,NA,NA,"<= day","daily",NA,1,TRUE
"2005-10-21",266.7,FALSE,NA,NA,"<= day","daily",NA,1,TRUE
"2005-10-22",265.833,FALSE,NA,NA,"<= day","daily",NA,1,TRUE
"2005-10-23",266.429,FALSE,NA,NA,"<= day","daily",NA,1,TRUE
"2005-10-24",266.017,FALSE,NA,NA,"<= day","daily",NA,1,TRUE
"2005-10-25",266.317,FALSE,NA,NA,"<= day","daily",NA,1,TRUE
"2005-10-26",266.3,FALSE,NA,NA,"<= day","daily",NA,1,TRUE
"2005-10-27",266.342,FALSE,NA,NA,"<= day","daily",NA,1,TRUE
"2005-10-28",266.492,FALSE,NA,NA,"<= day","daily",NA,1,TRUE
"2005-10-29",266.508,FALSE,NA,NA,"<= day","daily",NA,1,TRUE
"2005-10-30",266.633,FALSE,NA,NA,"<= day","daily",NA,1,TRUE
"2005-10-31",267.071,FALSE,NA,NA,"<= day","daily",NA,1,TRUE
"2005-11-01",266.442,FALSE,NA,NA,"<= day","daily",NA,1,TRUE
"2005-11-02",265.954,FALSE,NA,NA,"<= day","daily",NA,1,TRUE
"2005-11-03",265.917,FALSE,NA,NA,"<= day","daily",NA,1,TRUE
"2005-11-04",265.85,FALSE,NA,NA,"<= day","daily",NA,1,TRUE
"2005-11-05",265.358,FALSE,NA,NA,"<= day","daily",NA,1,TRUE
"2005-11-06",264.4,FALSE,NA,NA,"<= day","daily",NA,1,TRUE
"2005-11-07",264.379,FALSE,NA,NA,"<= day","daily",NA,1,TRUE
"2005-11-08",264.321,FALSE,NA,NA,"<= day","daily",NA,1,TRUE
"2005-11-09",264.4,FALSE,NA,NA,"<= day","daily",NA,1,TRUE
"2005-11-10",264.283,FALSE,NA,NA,"<= day","daily",NA,1,TRUE
"2005-11-11",263.929,FALSE,NA,NA,"<= day","daily",NA,1,TRUE
"2005-11-12",262.646,FALSE,NA,NA,"<= day","daily",NA,1,TRUE
"2005-11-13",261.883,FALSE,NA,NA,"<= day","daily",NA,1,TRUE
"2005-11-14",261.1,FALSE,NA,NA,"<= day","daily",NA,1,TRUE
"2005-11-15",260.929,FALSE,NA,NA,"<= day","daily",NA,1,TRUE
"2005-11-16",260.817,FALSE,NA,NA,"<= day","daily",NA,1,TRUE
"2005-11-17",260.171,FALSE,NA,NA,"<= day","daily",NA,1,TRUE
"2005-11-18",259.5,FALSE,NA,NA,"<= day","daily",NA,1,TRUE
"2005-11-19",259.267,FALSE,NA,NA,"<= day","daily",NA,1,TRUE
"2005-11-20",259.3,FALSE,NA,NA,"<= day","daily",NA,1,TRUE
"2005-11-21",258.671,FALSE,NA,NA,"<= day","daily",NA,1,TRUE
"2005-11-22",257.617,FALSE,NA,NA,"<= day","daily",NA,1,TRUE
"2005-11-23",257.6,FALSE,NA,NA,"<= day","daily",NA,1,TRUE
"2005-11-24",257.583,FALSE,NA,NA,"<= day","daily",NA,1,TRUE
"2005-11-25",257.55,FALSE,NA,NA,"<= day","daily",NA,1,TRUE
"2005-11-26",257.479,FALSE,NA,NA,"<= day","daily",NA,1,TRUE
"2005-11-27",256.9,FALSE,NA,NA,"<= day","daily",NA,1,TRUE
"2005-11-28",256.092,FALSE,NA,NA,"<= day","daily",NA,1,TRUE
"2005-11-29",256.129,FALSE,NA,NA,"<= day","daily",NA,1,TRUE
"2005-11-30",255.917,FALSE,NA,NA,"<= day","daily",NA,1,TRUE
"2005-12-01",255.9,FALSE,NA,NA,"<= day","daily",NA,1,TRUE
"2005-12-02",255.883,FALSE,NA,NA,"<= day","daily",NA,1,TRUE
"2005-12-03",256.262,FALSE,NA,NA,"<= day","daily",NA,1,TRUE
"2005-12-04",255.867,FALSE,NA,NA,"<= day","daily",NA,1,TRUE
"2005-12-05",256.221,FALSE,NA,NA,"<= day","daily",NA,1,TRUE
"2005-12-06",255.9,FALSE,NA,NA,"<= day","daily",NA,1,TRUE
"2005-12-07",255.683,FALSE,NA,NA,"<= day","daily",NA,1,TRUE
"2005-12-08",254.963,FALSE,NA,NA,"<= day","daily",NA,1,TRUE
"2005-12-09",254.379,FALSE,NA,NA,"<= day","daily",NA,1,TRUE
"2005-12-10",254.208,FALSE,NA,NA,"<= day","daily",NA,1,TRUE
"2005-12-11",254.2,FALSE,NA,NA,"<= day","daily",NA,1,TRUE
"2005-12-12",254.2,FALSE,NA,NA,"<= day","daily",NA,1,TRUE
"2005-12-13",254.167,FALSE,NA,NA,"<= day","daily",NA,1,TRUE
"2005-12-14",253.583,FALSE,NA,NA,"<= day","daily",NA,1,TRUE
"2005-12-15",253.333,FALSE,NA,NA,"<= day","daily",NA,1,TRUE
"2005-12-16",254.383,FALSE,NA,NA,"<= day","daily",NA,1,TRUE
"2005-12-17",253.067,FALSE,NA,NA,"<= day","daily",NA,1,TRUE
"2005-12-18",250.017,FALSE,NA,NA,"<= day","daily",NA,1,TRUE
"2005-12-19",249.2,FALSE,NA,NA,"<= day","daily",NA,1,TRUE
"2005-12-20",248.762,FALSE,NA,NA,"<= day","daily",NA,1,TRUE
"2005-12-21",247.442,FALSE,NA,NA,"<= day","daily",NA,1,TRUE
"2005-12-22",246.5,FALSE,NA,NA,"<= day","daily",NA,1,TRUE
"2005-12-23",246.275,FALSE,NA,NA,"<= day","daily",NA,1,TRUE
"2005-12-24",245.767,FALSE,NA,NA,"<= day","daily",NA,1,TRUE
"2005-12-25",245.467,FALSE,NA,NA,"<= day","daily",NA,1,TRUE
"2005-12-26",244.758,FALSE,NA,NA,"<= day","daily",NA,1,TRUE
"2005-12-27",244.271,FALSE,NA,NA,"<= day","daily",NA,1,TRUE
"2005-12-28",243.483,FALSE,NA,NA,"<= day","daily",NA,1,TRUE
"2005-12-29",243.742,FALSE,NA,NA,"<= day","daily",NA,1,TRUE
"2005-12-30",243.492,FALSE,NA,NA,"<= day","daily",NA,1,TRUE
"2005-12-31",242.633,FALSE,NA,NA,"<= day","daily",NA,1,TRUE
"2006-01-01",242.5,FALSE,NA,NA,"<= day","daily",NA,1,TRUE
"2006-01-02",241.633,FALSE,NA,NA,"<= day","daily",NA,1,TRUE
"2006-01-03",240.254,FALSE,NA,NA,"<= day","daily",NA,1,TRUE
"2006-01-04",239.954,FALSE,NA,NA,"<= day","daily",NA,1,TRUE
"2006-01-05",239.479,FALSE,NA,NA,"<= day","daily",NA,1,TRUE
"2006-01-06",239.3,FALSE,NA,NA,"<= day","daily",NA,1,TRUE
"2006-01-07",239.3,FALSE,NA,NA,"<= day","daily",NA,1,TRUE
"2006-01-08",239.283,FALSE,NA,NA,"<= day","daily",NA,1,TRUE
"2006-01-09",239.3,FALSE,NA,NA,"<= day","daily",NA,1,TRUE
"2006-01-10",238.225,FALSE,NA,NA,"<= day","daily",NA,1,TRUE
"2006-01-11",237.7,FALSE,NA,NA,"<= day","daily",NA,1,TRUE
"2006-01-12",237.7,FALSE,NA,NA,"<= day","daily",NA,1,TRUE
"2006-01-13",237.7,FALSE,NA,NA,"<= day","daily",NA,1,TRUE
"2006-01-14",237.7,FALSE,NA,NA,"<= day","daily",NA,1,TRUE
"2006-01-15",237.65,FALSE,NA,NA,"<= day","daily",NA,1,TRUE
"2006-01-16",236.95,FALSE,NA,NA,"<= day","daily",NA,1,TRUE
"2006-01-17",236,FALSE,NA,NA,"<= day","daily",NA,1,TRUE
"2006-01-18",235.088,FALSE,NA,NA,"<= day","daily",NA,1,TRUE
"2006-01-19",234.5,FALSE,NA,NA,"<= day","daily",NA,1,TRUE
"2006-01-20",234.383,FALSE,NA,NA,"<= day","daily",NA,1,TRUE
"2006-01-21",233.767,FALSE,NA,NA,"<= day","daily",NA,1,TRUE
"2006-01-22",233.075,FALSE,NA,NA,"<= day","daily",NA,1,TRUE
"2006-01-23",232.817,FALSE,NA,NA,"<= day","daily",NA,1,TRUE
"2006-01-24",232.8,FALSE,NA,NA,"<= day","daily",NA,1,TRUE
"2006-01-25",232.8,FALSE,NA,NA,"<= day","daily",NA,1,TRUE
"2006-01-26",232.8,FALSE,NA,NA,"<= day","daily",NA,1,TRUE
"2006-01-27",232.742,FALSE,NA,NA,"<= day","daily",NA,1,TRUE
"2006-01-28",232.05,FALSE,NA,NA,"<= day","daily",NA,1,TRUE
"2006-01-29",231.233,FALSE,NA,NA,"<= day","daily",NA,1,TRUE
"2006-01-30",231.267,FALSE,NA,NA,"<= day","daily",NA,1,TRUE
"2006-01-31",231.2,FALSE,NA,NA,"<= day","daily",NA,1,TRUE
"2006-02-01",231.192,FALSE,NA,NA,"<= day","daily",NA,1,TRUE
"2006-02-02",230.667,FALSE,NA,NA,"<= day","daily",NA,1,TRUE
"2006-02-03",230.117,FALSE,NA,NA,"<= day","daily",NA,1,TRUE
"2006-02-04",230.142,FALSE,NA,NA,"<= day","daily",NA,1,TRUE
"2006-02-05",229.233,FALSE,NA,NA,"<= day","daily",NA,1,TRUE
"2006-02-06",229.25,FALSE,NA,NA,"<= day","daily",NA,1,TRUE
"2006-02-07",228.692,FALSE,NA,NA,"<= day","daily",NA,1,TRUE
"2006-02-08",228.017,FALSE,NA,NA,"<= day","daily",NA,1,TRUE
"2006-02-09",227.95,FALSE,NA,NA,"<= day","daily",NA,1,TRUE
"2006-02-10",227.858,FALSE,NA,NA,"<= day","daily",NA,1,TRUE
"2006-02-11",228.1,FALSE,NA,NA,"<= day","daily",NA,1,TRUE
"2006-02-12",227.867,FALSE,NA,NA,"<= day","daily",NA,1,TRUE
"2006-02-13",227.792,FALSE,NA,NA,"<= day","daily",NA,1,TRUE
"2006-02-14",227.333,FALSE,NA,NA,"<= day","daily",NA,1,TRUE
"2006-02-15",227.492,FALSE,NA,NA,"<= day","daily",NA,1,TRUE
"2006-02-16",228.067,FALSE,NA,NA,"<= day","daily",NA,1,TRUE
"2006-02-17",227.983,FALSE,NA,NA,"<= day","daily",NA,1,TRUE
"2006-02-18",227.867,FALSE,NA,NA,"<= day","daily",NA,1,TRUE
"2006-02-19",227.867,FALSE,NA,NA,"<= day","daily",NA,1,TRUE
"2006-02-20",227.525,FALSE,NA,NA,"<= day","daily",NA,1,TRUE
"2006-02-21",226.833,FALSE,NA,NA,"<= day","daily",NA,1,TRUE
"2006-02-22",227.717,FALSE,NA,NA,"<= day","daily",NA,1,TRUE
"2006-02-23",227.583,FALSE,NA,NA,"<= day","daily",NA,1,TRUE
"2006-02-24",226.4,FALSE,NA,NA,"<= day","daily",NA,1,TRUE
"2006-02-25",226.417,FALSE,NA,NA,"<= day","daily",NA,1,TRUE
"2006-02-26",226.783,FALSE,NA,NA,"<= day","daily",NA,1,TRUE
"2006-02-27",226.433,FALSE,NA,NA,"<= day","daily",NA,1,TRUE
"2006-02-28",226.35,FALSE,NA,NA,"<= day","daily",NA,1,TRUE
"2006-03-01",226.117,FALSE,NA,NA,"<= day","daily",NA,1,TRUE
"2006-03-02",225.85,FALSE,NA,NA,"<= day","daily",NA,1,TRUE
"2006-03-03",226.233,FALSE,NA,NA,"<= day","daily",NA,1,TRUE
"2006-03-04",226.075,FALSE,NA,NA,"<= day","daily",NA,1,TRUE
"2006-03-05",226.542,FALSE,NA,NA,"<= day","daily",NA,1,TRUE
"2006-03-06",226.533,FALSE,NA,NA,"<= day","daily",NA,1,TRUE
"2006-03-07",226.242,FALSE,NA,NA,"<= day","daily",NA,1,TRUE
"2006-03-08",226.342,FALSE,NA,NA,"<= day","daily",NA,1,TRUE
"2006-03-09",226.567,FALSE,NA,NA,"<= day","daily",NA,1,TRUE
"2006-03-10",226.675,FALSE,NA,NA,"<= day","daily",NA,1,TRUE
"2006-03-11",226.675,FALSE,NA,NA,"<= day","daily",NA,1,TRUE
"2006-03-12",227.342,FALSE,NA,NA,"<= day","daily",NA,1,TRUE
"2006-03-13",228.067,FALSE,NA,NA,"<= day","daily",NA,1,TRUE
"2006-03-14",228.208,FALSE,NA,NA,"<= day","daily",NA,1,TRUE
"2006-03-15",228.025,FALSE,NA,NA,"<= day","daily",NA,1,TRUE
"2006-03-16",228.25,FALSE,NA,NA,"<= day","daily",NA,1,TRUE
"2006-03-17",229.525,FALSE,NA,NA,"<= day","daily",NA,1,TRUE
"2006-03-18",230.292,FALSE,NA,NA,"<= day","daily",NA,1,TRUE
"2006-03-19",231.425,FALSE,NA,NA,"<= day","daily",NA,1,TRUE
"2006-03-20",235.921,FALSE,NA,NA,"<= day","daily",NA,1,TRUE
"2006-03-21",241.7,FALSE,NA,NA,"<= day","daily",NA,1,TRUE
"2006-03-22",247.829,FALSE,NA,NA,"<= day","daily",NA,1,TRUE
"2006-03-23",254.683,FALSE,NA,NA,"<= day","daily",NA,1,TRUE
"2006-03-24",250.658,FALSE,NA,NA,"<= day","daily",NA,1,TRUE
"2006-03-25",247.079,FALSE,NA,NA,"<= day","daily",NA,1,TRUE
"2006-03-26",251.329,FALSE,NA,NA,"<= day","daily",NA,1,TRUE
"2006-03-27",253.463,FALSE,NA,NA,"<= day","daily",NA,1,TRUE
"2006-03-28",255.488,FALSE,NA,NA,"<= day","daily",NA,1,TRUE
"2006-03-29",254.2,FALSE,NA,NA,"<= day","daily",NA,1,TRUE
"2006-04-03",253.76,FALSE,NA,NA,"<= day","daily",NA,1,TRUE
"2006-04-04",254.4,FALSE,NA,NA,"<= day","daily",NA,1,TRUE
"2006-04-05",252.617,FALSE,NA,NA,"<= day","daily",NA,1,TRUE
"2006-04-06",250.258,FALSE,NA,NA,"<= day","daily",NA,1,TRUE
"2006-04-07",249.142,FALSE,NA,NA,"<= day","daily",NA,1,TRUE
"2006-04-08",249.2,FALSE,NA,NA,"<= day","daily",NA,1,TRUE
"2006-04-09",249.775,FALSE,NA,NA,"<= day","daily",NA,1,TRUE
"2006-04-10",251.329,FALSE,NA,NA,"<= day","daily",NA,1,TRUE
"2006-04-11",253.783,FALSE,NA,NA,"<= day","daily",NA,1,TRUE
"2006-04-12",252.5,FALSE,NA,NA,"<= day","daily",NA,1,TRUE
"2006-04-13",252.25,FALSE,NA,NA,"<= day","daily",NA,1,TRUE
"2006-04-14",252.5,FALSE,NA,NA,"<= day","daily",NA,1,TRUE
"2006-04-15",252.483,FALSE,NA,NA,"<= day","daily",NA,1,TRUE
"2006-04-16",253.546,FALSE,NA,NA,"<= day","daily",NA,1,TRUE
"2006-04-17",254.2,FALSE,NA,NA,"<= day","daily",NA,1,TRUE
"2006-04-18",254.2,FALSE,NA,NA,"<= day","daily",NA,1,TRUE
"2006-04-19",254.2,FALSE,NA,NA,"<= day","daily",NA,1,TRUE
"2006-04-20",254.2,FALSE,NA,NA,"<= day","daily",NA,1,TRUE
"2006-04-21",254.2,FALSE,NA,NA,"<= day","daily",NA,1,TRUE
"2006-04-22",254.2,FALSE,NA,NA,"<= day","daily",NA,1,TRUE
"2006-04-23",254.2,FALSE,NA,NA,"<= day","daily",NA,1,TRUE
"2006-04-24",254.233,FALSE,NA,NA,"<= day","daily",NA,1,TRUE
"2006-04-25",254.754,FALSE,NA,NA,"<= day","daily",NA,1,TRUE
"2006-04-26",258.896,FALSE,NA,NA,"<= day","daily",NA,1,TRUE
"2006-04-27",258.625,FALSE,NA,NA,"<= day","daily",NA,1,TRUE
"2006-04-28",258.204,FALSE,NA,NA,"<= day","daily",NA,1,TRUE
"2006-04-29",258.858,FALSE,NA,NA,"<= day","daily",NA,1,TRUE
"2006-04-30",259.512,FALSE,NA,NA,"<= day","daily",NA,1,TRUE
"2006-05-01",260.171,FALSE,NA,NA,"<= day","daily",NA,1,TRUE
"2006-05-02",260.812,FALSE,NA,NA,"<= day","daily",NA,1,TRUE
"2006-05-03",261.471,FALSE,NA,NA,"<= day","daily",NA,1,TRUE
"2006-05-04",262.121,FALSE,NA,NA,"<= day","daily",NA,1,TRUE
"2006-05-05",263.754,FALSE,NA,NA,"<= day","daily",NA,1,TRUE
"2006-05-06",264.5,FALSE,NA,NA,"<= day","daily",NA,1,TRUE
"2006-05-07",265.625,FALSE,NA,NA,"<= day","daily",NA,1,TRUE
"2006-05-08",266.367,FALSE,NA,NA,"<= day","daily",NA,1,TRUE
"2006-05-09",266.025,FALSE,NA,NA,"<= day","daily",NA,1,TRUE
"2006-05-10",266.846,FALSE,NA,NA,"<= day","daily",NA,1,TRUE
"2006-05-11",267.792,FALSE,NA,NA,"<= day","daily",NA,1,TRUE
"2006-05-12",268.233,FALSE,NA,NA,"<= day","daily",NA,1,TRUE
"2006-05-13",269.5,FALSE,NA,NA,"<= day","daily",NA,1,TRUE
"2006-05-14",269.542,FALSE,NA,NA,"<= day","daily",NA,1,TRUE
"2006-05-15",269.583,FALSE,NA,NA,"<= day","daily",NA,1,TRUE
"2006-05-16",269.538,FALSE,NA,NA,"<= day","daily",NA,1,TRUE
"2006-05-17",271.212,FALSE,NA,NA,"<= day","daily",NA,1,TRUE
"2006-05-18",271.825,FALSE,NA,NA,"<= day","daily",NA,1,TRUE
"2006-05-19",273.696,FALSE,NA,NA,"<= day","daily",NA,1,TRUE
"2006-05-20",274.754,FALSE,NA,NA,"<= day","daily",NA,1,TRUE
"2006-05-21",274.2,FALSE,NA,NA,"<= day","daily",NA,1,TRUE
"2006-05-22",274.721,FALSE,NA,NA,"<= day","daily",NA,1,TRUE
"2006-05-23",275.258,FALSE,NA,NA,"<= day","daily",NA,1,TRUE
"2006-05-24",274.629,FALSE,NA,NA,"<= day","daily",NA,1,TRUE
"2006-05-25",274.446,FALSE,NA,NA,"<= day","daily",NA,1,TRUE
"2006-05-26",273.925,FALSE,NA,NA,"<= day","daily",NA,1,TRUE
"2006-05-27",276.054,FALSE,NA,NA,"<= day","daily",NA,1,TRUE
"2006-05-28",278.812,FALSE,NA,NA,"<= day","daily",NA,1,TRUE
"2006-05-29",281.192,FALSE,NA,NA,"<= day","daily",NA,1,TRUE
"2006-05-30",281.587,FALSE,NA,NA,"<= day","daily",NA,1,TRUE
"2006-05-31",280.883,FALSE,NA,NA,"<= day","daily",NA,1,TRUE
"2006-06-01",280.442,FALSE,NA,NA,"<= day","daily",NA,1,TRUE
"2006-06-02",279.562,FALSE,NA,NA,"<= day","daily",NA,1,TRUE
"2006-06-03",279.75,FALSE,NA,NA,"<= day","daily",NA,1,TRUE
"2006-06-04",278.833,FALSE,NA,NA,"<= day","daily",NA,1,TRUE
"2006-06-05",279.788,FALSE,NA,NA,"<= day","daily",NA,1,TRUE
"2006-06-06",279.333,FALSE,NA,NA,"<= day","daily",NA,1,TRUE
"2006-06-07",279.346,FALSE,NA,NA,"<= day","daily",NA,1,TRUE
"2006-06-08",279.121,FALSE,NA,NA,"<= day","daily",NA,1,TRUE
"2006-06-09",278.617,FALSE,NA,NA,"<= day","daily",NA,1,TRUE
"2006-06-10",278.3,FALSE,NA,NA,"<= day","daily",NA,1,TRUE
"2006-06-11",278.221,FALSE,NA,NA,"<= day","daily",NA,1,TRUE
"2006-06-12",277.85,FALSE,NA,NA,"<= day","daily",NA,1,TRUE
"2006-06-13",277.896,FALSE,NA,NA,"<= day","daily",NA,1,TRUE
"2006-06-14",278.262,FALSE,NA,NA,"<= day","daily",NA,1,TRUE
"2006-06-15",278.517,FALSE,NA,NA,"<= day","daily",NA,1,TRUE
"2006-06-16",278.929,FALSE,NA,NA,"<= day","daily",NA,1,TRUE
"2006-06-17",279.038,FALSE,NA,NA,"<= day","daily",NA,1,TRUE
"2006-06-18",278.288,FALSE,NA,NA,"<= day","daily",NA,1,TRUE
"2006-06-19",278.708,FALSE,NA,NA,"<= day","daily",NA,1,TRUE
"2006-06-20",278.358,FALSE,NA,NA,"<= day","daily",NA,1,TRUE
"2006-06-21",279.038,FALSE,NA,NA,"<= day","daily",NA,1,TRUE
"2006-06-22",280.6,FALSE,NA,NA,"<= day","daily",NA,1,TRUE
"2006-06-23",281.067,FALSE,NA,NA,"<= day","daily",NA,1,TRUE
"2006-06-24",280.692,FALSE,NA,NA,"<= day","daily",NA,1,TRUE
"2006-06-25",281.492,FALSE,NA,NA,"<= day","daily",NA,1,TRUE
"2006-06-26",281.862,FALSE,NA,NA,"<= day","daily",NA,1,TRUE
"2006-06-27",282.083,FALSE,NA,NA,"<= day","daily",NA,1,TRUE
"2006-06-28",281.667,FALSE,NA,NA,"<= day","daily",NA,1,TRUE
"2006-06-29",279.779,FALSE,NA,NA,"<= day","daily",NA,1,TRUE
"2006-06-30",278.4,FALSE,NA,NA,"<= day","daily",NA,1,TRUE
"2006-07-01",278.992,FALSE,NA,NA,"<= day","daily",NA,1,TRUE
"2006-07-02",279.425,FALSE,NA,NA,"<= day","daily",NA,1,TRUE
"2006-07-03",279.8,FALSE,NA,NA,"<= day","daily",NA,1,TRUE
"2006-07-04",279.946,FALSE,NA,NA,"<= day","daily",NA,1,TRUE
"2006-07-05",279.942,FALSE,NA,NA,"<= day","daily",NA,1,TRUE
"2006-07-06",279.617,FALSE,NA,NA,"<= day","daily",NA,1,TRUE
"2006-07-07",278.842,FALSE,NA,NA,"<= day","daily",NA,1,TRUE
"2006-07-08",278.508,FALSE,NA,NA,"<= day","daily",NA,1,TRUE
"2006-07-09",278.508,FALSE,NA,NA,"<= day","daily",NA,1,TRUE
"2006-07-10",278.587,FALSE,NA,NA,"<= day","daily",NA,1,TRUE
"2006-07-11",279.163,FALSE,NA,NA,"<= day","daily",NA,1,TRUE
"2006-07-12",278.758,FALSE,NA,NA,"<= day","daily",NA,1,TRUE
"2006-07-13",278.158,FALSE,NA,NA,"<= day","daily",NA,1,TRUE
"2006-07-14",278.075,FALSE,NA,NA,"<= day","daily",NA,1,TRUE
"2006-07-15",277.425,FALSE,NA,NA,"<= day","daily",NA,1,TRUE
"2006-07-16",277.388,FALSE,NA,NA,"<= day","daily",NA,1,TRUE
"2006-07-17",277.058,FALSE,NA,NA,"<= day","daily",NA,1,TRUE
"2006-07-18",276.871,FALSE,NA,NA,"<= day","daily",NA,1,TRUE
"2006-07-19",276.658,FALSE,NA,NA,"<= day","daily",NA,1,TRUE
"2006-07-20",276.288,FALSE,NA,NA,"<= day","daily",NA,1,TRUE
"2006-07-21",275.942,FALSE,NA,NA,"<= day","daily",NA,1,TRUE
"2006-07-22",275.038,FALSE,NA,NA,"<= day","daily",NA,1,TRUE
"2006-07-23",274.587,FALSE,NA,NA,"<= day","daily",NA,1,TRUE
"2006-07-24",273.425,FALSE,NA,NA,"<= day","daily",NA,1,TRUE
"2006-07-25",273.204,FALSE,NA,NA,"<= day","daily",NA,1,TRUE
"2006-07-26",272.958,FALSE,NA,NA,"<= day","daily",NA,1,TRUE
"2006-07-27",272.738,FALSE,NA,NA,"<= day","daily",NA,1,TRUE
"2006-07-28",272.496,FALSE,NA,NA,"<= day","daily",NA,1,TRUE
"2006-07-29",271.529,FALSE,NA,NA,"<= day","daily",NA,1,TRUE
"2006-07-30",270.85,FALSE,NA,NA,"<= day","daily",NA,1,TRUE
"2006-07-31",270.633,FALSE,NA,NA,"<= day","daily",NA,1,TRUE
"2006-08-01",269.846,FALSE,NA,NA,"<= day","daily",NA,1,TRUE
"2006-08-02",268.738,FALSE,NA,NA,"<= day","daily",NA,1,TRUE
"2006-08-03",268.521,FALSE,NA,NA,"<= day","daily",NA,1,TRUE
"2006-08-04",268.45,FALSE,NA,NA,"<= day","daily",NA,1,TRUE
"2006-08-05",268.608,FALSE,NA,NA,"<= day","daily",NA,1,TRUE
"2006-08-06",274.138,FALSE,NA,NA,"<= day","daily",NA,1,TRUE
"2006-08-07",279.633,FALSE,NA,NA,"<= day","daily",NA,1,TRUE
"2006-08-08",280.988,FALSE,NA,NA,"<= day","daily",NA,1,TRUE
"2006-08-09",279.208,FALSE,NA,NA,"<= day","daily",NA,1,TRUE
"2006-08-10",278,FALSE,NA,NA,"<= day","daily",NA,1,TRUE
"2006-08-11",278.262,FALSE,NA,NA,"<= day","daily",NA,1,TRUE
"2006-08-12",278.075,FALSE,NA,NA,"<= day","daily",NA,1,TRUE
"2006-08-13",278.229,FALSE,NA,NA,"<= day","daily",NA,1,TRUE
"2006-08-14",278.104,FALSE,NA,NA,"<= day","daily",NA,1,TRUE
"2006-08-15",277.9,FALSE,NA,NA,"<= day","daily",NA,1,TRUE
"2006-08-16",277.562,FALSE,NA,NA,"<= day","daily",NA,1,TRUE
"2006-08-17",277.312,FALSE,NA,NA,"<= day","daily",NA,1,TRUE
"2006-08-18",276.888,FALSE,NA,NA,"<= day","daily",NA,1,TRUE
"2006-08-19",276.517,FALSE,NA,NA,"<= day","daily",NA,1,TRUE
"2006-08-20",276.038,FALSE,NA,NA,"<= day","daily",NA,1,TRUE
"2006-08-21",274.992,FALSE,NA,NA,"<= day","daily",NA,1,TRUE
"2006-08-22",275.35,FALSE,NA,NA,"<= day","daily",NA,1,TRUE
"2006-08-23",275.183,FALSE,NA,NA,"<= day","daily",NA,1,TRUE
"2006-08-24",275.392,FALSE,NA,NA,"<= day","daily",NA,1,TRUE
"2006-08-25",274.925,FALSE,NA,NA,"<= day","daily",NA,1,TRUE
"2006-08-26",274.154,FALSE,NA,NA,"<= day","daily",NA,1,TRUE
"2006-08-27",273.483,FALSE,NA,NA,"<= day","daily",NA,1,TRUE
"2006-08-28",273.529,FALSE,NA,NA,"<= day","daily",NA,1,TRUE
"2006-08-29",274.908,FALSE,NA,NA,"<= day","daily",NA,1,TRUE
"2006-08-30",277.167,FALSE,NA,NA,"<= day","daily",NA,1,TRUE
"2006-08-31",281.508,FALSE,NA,NA,"<= day","daily",NA,1,TRUE
"2006-09-01",278.596,FALSE,NA,NA,"<= day","daily",NA,1,TRUE
"2006-09-02",276.792,FALSE,NA,NA,"<= day","daily",NA,1,TRUE
"2006-09-03",276.367,FALSE,NA,NA,"<= day","daily",NA,1,TRUE
"2006-09-04",275.708,FALSE,NA,NA,"<= day","daily",NA,1,TRUE
"2006-09-05",275.692,FALSE,NA,NA,"<= day","daily",NA,1,TRUE
"2006-09-06",275.642,FALSE,NA,NA,"<= day","daily",NA,1,TRUE
"2006-09-07",275.038,FALSE,NA,NA,"<= day","daily",NA,1,TRUE
"2006-09-08",274.975,FALSE,NA,NA,"<= day","daily",NA,1,TRUE
"2006-09-09",273.571,FALSE,NA,NA,"<= day","daily",NA,1,TRUE
"2006-09-10",273.179,FALSE,NA,NA,"<= day","daily",NA,1,TRUE
"2006-09-11",272.758,FALSE,NA,NA,"<= day","daily",NA,1,TRUE
"2006-09-12",272.133,FALSE,NA,NA,"<= day","daily",NA,1,TRUE
"2006-09-13",271.821,FALSE,NA,NA,"<= day","daily",NA,1,TRUE
"2006-09-14",271.321,FALSE,NA,NA,"<= day","daily",NA,1,TRUE
"2006-09-15",271.233,FALSE,NA,NA,"<= day","daily",NA,1,TRUE
"2006-09-16",270.342,FALSE,NA,NA,"<= day","daily",NA,1,TRUE
"2006-09-17",269.775,FALSE,NA,NA,"<= day","daily",NA,1,TRUE
"2006-09-18",270.442,FALSE,NA,NA,"<= day","daily",NA,1,TRUE
"2006-09-19",270.579,FALSE,NA,NA,"<= day","daily",NA,1,TRUE
"2006-09-20",270.467,FALSE,NA,NA,"<= day","daily",NA,1,TRUE
"2006-09-21",269.667,FALSE,NA,NA,"<= day","daily",NA,1,TRUE
"2006-09-22",269.483,FALSE,NA,NA,"<= day","daily",NA,1,TRUE
"2006-09-23",269.229,FALSE,NA,NA,"<= day","daily",NA,1,TRUE
"2006-09-24",268.933,FALSE,NA,NA,"<= day","daily",NA,1,TRUE
"2006-09-25",268.333,FALSE,NA,NA,"<= day","daily",NA,1,TRUE
"2006-09-26",267.554,FALSE,NA,NA,"<= day","daily",NA,1,TRUE
"2006-09-27",266.275,FALSE,NA,NA,"<= day","daily",NA,1,TRUE
"2006-09-28",265.933,FALSE,NA,NA,"<= day","daily",NA,1,TRUE
"2006-09-29",265.692,FALSE,NA,NA,"<= day","daily",NA,1,TRUE
"2006-09-30",265.292,FALSE,NA,NA,"<= day","daily",NA,1,TRUE
"2006-10-01",264.825,FALSE,NA,NA,"<= day","daily",NA,1,TRUE
"2006-10-02",263.633,FALSE,NA,NA,"<= day","daily",NA,1,TRUE
"2006-10-03",262.583,FALSE,NA,NA,"<= day","daily",NA,1,TRUE
"2006-10-04",260.962,FALSE,NA,NA,"<= day","daily",NA,1,TRUE
"2006-10-05",257.792,FALSE,NA,NA,"<= day","daily",NA,1,TRUE
"2006-10-06",256.862,FALSE,NA,NA,"<= day","daily",NA,1,TRUE
"2006-10-07",256.779,FALSE,NA,NA,"<= day","daily",NA,1,TRUE
"2006-10-08",256.208,FALSE,NA,NA,"<= day","daily",NA,1,TRUE
"2006-10-09",255.713,FALSE,NA,NA,"<= day","daily",NA,1,TRUE
"2006-10-10",255.675,FALSE,NA,NA,"<= day","daily",NA,1,TRUE
"2006-10-11",255.183,FALSE,NA,NA,"<= day","daily",NA,1,TRUE
"2006-10-12",255.075,FALSE,NA,NA,"<= day","daily",NA,1,TRUE
"2006-10-13",254.267,FALSE,NA,NA,"<= day","daily",NA,1,TRUE
"2006-10-14",253.408,FALSE,NA,NA,"<= day","daily",NA,1,TRUE
"2006-10-15",252.662,FALSE,NA,NA,"<= day","daily",NA,1,TRUE
"2006-10-16",253.196,FALSE,NA,NA,"<= day","daily",NA,1,TRUE
"2006-10-17",252.588,FALSE,NA,NA,"<= day","daily",NA,1,TRUE
"2006-10-18",252.662,FALSE,NA,NA,"<= day","daily",NA,1,TRUE
"2006-10-19",252.375,FALSE,NA,NA,"<= day","daily",NA,1,TRUE
"2006-10-20",251.775,FALSE,NA,NA,"<= day","daily",NA,1,TRUE
"2006-10-21",251.142,FALSE,NA,NA,"<= day","daily",NA,1,TRUE
"2006-10-22",250.975,FALSE,NA,NA,"<= day","daily",NA,1,TRUE
"2006-10-23",251.292,FALSE,NA,NA,"<= day","daily",NA,1,TRUE
"2006-10-24",251.183,FALSE,NA,NA,"<= day","daily",NA,1,TRUE
"2006-10-25",249.667,FALSE,NA,NA,"<= day","daily",NA,1,TRUE
"2006-10-26",249.517,FALSE,NA,NA,"<= day","daily",NA,1,TRUE
"2006-10-27",248.783,FALSE,NA,NA,"<= day","daily",NA,1,TRUE
"2006-10-28",248.921,FALSE,NA,NA,"<= day","daily",NA,1,TRUE
"2006-10-29",250.667,FALSE,NA,NA,"<= day","daily",NA,1,TRUE
"2006-10-30",250.629,FALSE,NA,NA,"<= day","daily",NA,1,TRUE
"2006-10-31",249.892,FALSE,NA,NA,"<= day","daily",NA,1,TRUE
"2006-11-01",250,FALSE,NA,NA,"<= day","daily",NA,1,TRUE
"2006-11-02",249.575,FALSE,NA,NA,"<= day","daily",NA,1,TRUE
"2006-11-03",248.225,FALSE,NA,NA,"<= day","daily",NA,1,TRUE
"2006-11-04",246.933,FALSE,NA,NA,"<= day","daily",NA,1,TRUE
"2006-11-05",246.867,FALSE,NA,NA,"<= day","daily",NA,1,TRUE
"2006-11-06",246.7,FALSE,NA,NA,"<= day","daily",NA,1,TRUE
"2006-11-07",246.904,FALSE,NA,NA,"<= day","daily",NA,1,TRUE
"2006-11-08",247.067,FALSE,NA,NA,"<= day","daily",NA,1,TRUE
"2006-11-09",249.404,FALSE,NA,NA,"<= day","daily",NA,1,TRUE
"2006-11-10",251.529,FALSE,NA,NA,"<= day","daily",NA,1,TRUE
"2006-11-11",250.517,FALSE,NA,NA,"<= day","daily",NA,1,TRUE
"2006-11-12",264.042,FALSE,NA,NA,"<= day","daily",NA,1,TRUE
"2006-11-13",258.238,FALSE,NA,NA,"<= day","daily",NA,1,TRUE
"2006-11-14",258.546,FALSE,NA,NA,"<= day","daily",NA,1,TRUE
"2006-11-15",260.054,FALSE,NA,NA,"<= day","daily",NA,1,TRUE
"2006-11-16",258.6,FALSE,NA,NA,"<= day","daily",NA,1,TRUE
"2006-11-17",257.596,FALSE,NA,NA,"<= day","daily",NA,1,TRUE
"2006-11-18",257.25,FALSE,NA,NA,"<= day","daily",NA,1,TRUE
"2006-11-19",256.663,FALSE,NA,NA,"<= day","daily",NA,1,TRUE
"2006-11-20",256.375,FALSE,NA,NA,"<= day","daily",NA,1,TRUE
"2006-11-21",256.067,FALSE,NA,NA,"<= day","daily",NA,1,TRUE
"2006-11-22",256.071,FALSE,NA,NA,"<= day","daily",NA,1,TRUE
"2006-11-23",255.008,FALSE,NA,NA,"<= day","daily",NA,1,TRUE
"2006-11-24",253.704,FALSE,NA,NA,"<= day","daily",NA,1,TRUE
"2006-11-25",253.629,FALSE,NA,NA,"<= day","daily",NA,1,TRUE
"2006-11-26",253.2,FALSE,NA,NA,"<= day","daily",NA,1,TRUE
"2006-11-27",252.842,FALSE,NA,NA,"<= day","daily",NA,1,TRUE
"2006-11-28",252.208,FALSE,NA,NA,"<= day","daily",NA,1,TRUE
"2006-11-29",251,FALSE,NA,NA,"<= day","daily",NA,1,TRUE
"2006-11-30",250.658,FALSE,NA,NA,"<= day","daily",NA,1,TRUE
"2006-12-01",248.65,FALSE,NA,NA,"<= day","daily",NA,1,TRUE
"2006-12-02",247.979,FALSE,NA,NA,"<= day","daily",NA,1,TRUE
"2006-12-03",247.7,FALSE,NA,NA,"<= day","daily",NA,1,TRUE
"2006-12-04",246.8,FALSE,NA,NA,"<= day","daily",NA,1,TRUE
"2006-12-05",245.721,FALSE,NA,NA,"<= day","daily",NA,1,TRUE
"2006-12-06",245.342,FALSE,NA,NA,"<= day","daily",NA,1,TRUE
"2006-12-07",244.396,FALSE,NA,NA,"<= day","daily",NA,1,TRUE
"2006-12-08",245.012,FALSE,NA,NA,"<= day","daily",NA,1,TRUE
"2006-12-09",244.854,FALSE,NA,NA,"<= day","daily",NA,1,TRUE
"2006-12-10",243.188,FALSE,NA,NA,"<= day","daily",NA,1,TRUE
"2006-12-11",242.096,FALSE,NA,NA,"<= day","daily",NA,1,TRUE
"2006-12-12",244.75,FALSE,NA,NA,"<= day","daily",NA,1,TRUE
"2006-12-13",246.867,FALSE,NA,NA,"<= day","daily",NA,1,TRUE
"2006-12-14",246.433,FALSE,NA,NA,"<= day","daily",NA,1,TRUE
"2006-12-15",245.929,FALSE,NA,NA,"<= day","daily",NA,1,TRUE
"2006-12-16",245.104,FALSE,NA,NA,"<= day","daily",NA,1,TRUE
"2006-12-17",245.133,FALSE,NA,NA,"<= day","daily",NA,1,TRUE
"2006-12-18",245.425,FALSE,NA,NA,"<= day","daily",NA,1,TRUE
"2006-12-19",244.796,FALSE,NA,NA,"<= day","daily",NA,1,TRUE
"2006-12-20",244.475,FALSE,NA,NA,"<= day","daily",NA,1,TRUE
"2006-12-21",243.887,FALSE,NA,NA,"<= day","daily",NA,1,TRUE
"2006-12-22",244.129,FALSE,NA,NA,"<= day","daily",NA,1,TRUE
"2006-12-23",243.25,FALSE,NA,NA,"<= day","daily",NA,1,TRUE
"2006-12-24",244.204,FALSE,NA,NA,"<= day","daily",NA,1,TRUE
"2006-12-25",244.517,FALSE,NA,NA,"<= day","daily",NA,1,TRUE
"2006-12-26",245.404,FALSE,NA,NA,"<= day","daily",NA,1,TRUE
"2006-12-27",246.021,FALSE,NA,NA,"<= day","daily",NA,1,TRUE
"2006-12-28",246.129,FALSE,NA,NA,"<= day","daily",NA,1,TRUE
"2006-12-29",246.387,FALSE,NA,NA,"<= day","daily",NA,1,TRUE
"2006-12-30",246.533,FALSE,NA,NA,"<= day","daily",NA,1,TRUE
"2006-12-31",246.529,FALSE,NA,NA,"<= day","daily",NA,1,TRUE
"2007-01-01",245.137,FALSE,NA,NA,"<= day","daily",NA,1,TRUE
"2007-01-02",245.621,FALSE,NA,NA,"<= day","daily",NA,1,TRUE
"2007-01-03",245.454,FALSE,NA,NA,"<= day","daily",NA,1,TRUE
"2007-01-04",245.383,FALSE,NA,NA,"<= day","daily",NA,1,TRUE
"2007-01-05",245,FALSE,NA,NA,"<= day","daily",NA,1,TRUE
"2007-01-06",244.192,FALSE,NA,NA,"<= day","daily",NA,1,TRUE
"2007-01-07",243.767,FALSE,NA,NA,"<= day","daily",NA,1,TRUE
"2007-01-08",244.008,FALSE,NA,NA,"<= day","daily",NA,1,TRUE
"2007-01-09",243.725,FALSE,NA,NA,"<= day","daily",NA,1,TRUE
"2007-01-10",243.988,FALSE,NA,NA,"<= day","daily",NA,1,TRUE
"2007-01-11",244,FALSE,NA,NA,"<= day","daily",NA,1,TRUE
"2007-01-12",244.796,FALSE,NA,NA,"<= day","daily",NA,1,TRUE
"2007-01-13",245.104,FALSE,NA,NA,"<= day","daily",NA,1,TRUE
"2007-01-14",244.896,FALSE,NA,NA,"<= day","daily",NA,1,TRUE
"2007-01-15",244.646,FALSE,NA,NA,"<= day","daily",NA,1,TRUE
"2007-01-16",244.258,FALSE,NA,NA,"<= day","daily",NA,1,TRUE
"2007-01-17",245.383,FALSE,NA,NA,"<= day","daily",NA,1,TRUE
"2007-01-18",244.321,FALSE,NA,NA,"<= day","daily",NA,1,TRUE
"2007-01-19",245.429,FALSE,NA,NA,"<= day","daily",NA,1,TRUE
"2007-01-20",246.796,FALSE,NA,NA,"<= day","daily",NA,1,TRUE
"2007-01-21",244.925,FALSE,NA,NA,"<= day","daily",NA,1,TRUE
"2007-01-22",244.092,FALSE,NA,NA,"<= day","daily",NA,1,TRUE
"2007-01-23",247.342,FALSE,NA,NA,"<= day","daily",NA,1,TRUE
"2007-01-24",247.008,FALSE,NA,NA,"<= day","daily",NA,1,TRUE
"2007-01-25",246.967,FALSE,NA,NA,"<= day","daily",NA,1,TRUE
"2007-01-26",247.062,FALSE,NA,NA,"<= day","daily",NA,1,TRUE
"2007-01-27",246.325,FALSE,NA,NA,"<= day","daily",NA,1,TRUE
"2007-01-28",246.067,FALSE,NA,NA,"<= day","daily",NA,1,TRUE
"2007-01-29",246.3,FALSE,NA,NA,"<= day","daily",NA,1,TRUE
"2007-01-30",246.567,FALSE,NA,NA,"<= day","daily",NA,1,TRUE
"2007-01-31",245.754,FALSE,NA,NA,"<= day","daily",NA,1,TRUE
"2007-02-01",245.558,FALSE,NA,NA,"<= day","daily",NA,1,TRUE
"2007-02-02",245.525,FALSE,NA,NA,"<= day","daily",NA,1,TRUE
"2007-02-03",245.658,FALSE,NA,NA,"<= day","daily",NA,1,TRUE
"2007-02-04",245.479,FALSE,NA,NA,"<= day","daily",NA,1,TRUE
"2007-02-05",245.488,FALSE,NA,NA,"<= day","daily",NA,1,TRUE
"2007-02-06",245.7,FALSE,NA,NA,"<= day","daily",NA,1,TRUE
"2007-02-07",245.246,FALSE,NA,NA,"<= day","daily",NA,1,TRUE
"2007-02-08",245.096,FALSE,NA,NA,"<= day","daily",NA,1,TRUE
"2007-02-09",244.963,FALSE,NA,NA,"<= day","daily",NA,1,TRUE
"2007-02-10",244.258,FALSE,NA,NA,"<= day","daily",NA,1,TRUE
"2007-02-11",244.079,FALSE,NA,NA,"<= day","daily",NA,1,TRUE
"2007-02-12",244.504,FALSE,NA,NA,"<= day","daily",NA,1,TRUE
"2007-02-13",244.342,FALSE,NA,NA,"<= day","daily",NA,1,TRUE
"2007-02-14",244.338,FALSE,NA,NA,"<= day","daily",NA,1,TRUE
"2007-02-15",244.858,FALSE,NA,NA,"<= day","daily",NA,1,TRUE
"2007-02-16",244.471,FALSE,NA,NA,"<= day","daily",NA,1,TRUE
"2007-02-17",244.196,FALSE,NA,NA,"<= day","daily",NA,1,TRUE
"2007-02-18",243.467,FALSE,NA,NA,"<= day","daily",NA,1,TRUE
"2007-02-19",242.667,FALSE,NA,NA,"<= day","daily",NA,1,TRUE
"2007-02-20",242.533,FALSE,NA,NA,"<= day","daily",NA,1,TRUE
"2007-02-21",242.3,FALSE,NA,NA,"<= day","daily",NA,1,TRUE
"2007-02-22",241.592,FALSE,NA,NA,"<= day","daily",NA,1,TRUE
"2007-02-23",241.662,FALSE,NA,NA,"<= day","daily",NA,1,TRUE
"2007-02-24",241.567,FALSE,NA,NA,"<= day","daily",NA,1,TRUE
"2007-02-25",241.867,FALSE,NA,NA,"<= day","daily",NA,1,TRUE
"2007-02-26",241.537,FALSE,NA,NA,"<= day","daily",NA,1,TRUE
"2007-02-27",243.488,FALSE,NA,NA,"<= day","daily",NA,1,TRUE
"2007-02-28",245.375,FALSE,NA,NA,"<= day","daily",NA,1,TRUE
"2007-03-01",245.408,FALSE,NA,NA,"<= day","daily",NA,1,TRUE
"2007-03-02",247.621,FALSE,NA,NA,"<= day","daily",NA,1,TRUE
"2007-03-03",246.558,FALSE,NA,NA,"<= day","daily",NA,1,TRUE
"2007-03-04",245.492,FALSE,NA,NA,"<= day","daily",NA,1,TRUE
"2007-03-05",244.133,FALSE,NA,NA,"<= day","daily",NA,1,TRUE
"2007-03-06",243.333,FALSE,NA,NA,"<= day","daily",NA,1,TRUE
"2007-03-07",243.708,FALSE,NA,NA,"<= day","daily",NA,1,TRUE
"2007-03-08",244.508,FALSE,NA,NA,"<= day","daily",NA,1,TRUE
"2007-03-09",242.7,FALSE,NA,NA,"<= day","daily",NA,1,TRUE
"2007-03-10",242.1,FALSE,NA,NA,"<= day","daily",NA,1,TRUE
"2007-03-11",241.367,FALSE,NA,NA,"<= day","daily",NA,1,TRUE
"2007-03-12",241.233,FALSE,NA,NA,"<= day","daily",NA,1,TRUE
"2007-03-13",241.458,FALSE,NA,NA,"<= day","daily",NA,1,TRUE
"2007-03-14",241.458,FALSE,NA,NA,"<= day","daily",NA,1,TRUE
"2007-03-15",241.642,FALSE,NA,NA,"<= day","daily",NA,1,TRUE
"2007-03-16",241.679,FALSE,NA,NA,"<= day","daily",NA,1,TRUE
"2007-03-17",242.238,FALSE,NA,NA,"<= day","daily",NA,1,TRUE
"2007-03-18",242.867,FALSE,NA,NA,"<= day","daily",NA,1,TRUE
"2007-03-19",244.867,FALSE,NA,NA,"<= day","daily",NA,1,TRUE
"2007-03-20",243.229,FALSE,NA,NA,"<= day","daily",NA,1,TRUE
"2007-03-21",242.883,FALSE,NA,NA,"<= day","daily",NA,1,TRUE
"2007-03-22",242.433,FALSE,NA,NA,"<= day","daily",NA,1,TRUE
"2007-03-23",243.029,FALSE,NA,NA,"<= day","daily",NA,1,TRUE
"2007-03-24",241.742,FALSE,NA,NA,"<= day","daily",NA,1,TRUE
"2007-03-25",242.754,FALSE,NA,NA,"<= day","daily",NA,1,TRUE
"2007-03-26",243.642,FALSE,NA,NA,"<= day","daily",NA,1,TRUE
"2007-03-27",244.242,FALSE,NA,NA,"<= day","daily",NA,1,TRUE
"2007-03-28",244.042,FALSE,NA,NA,"<= day","daily",NA,1,TRUE
"2007-03-29",243.417,FALSE,NA,NA,"<= day","daily",NA,1,TRUE
"2007-03-30",242.537,FALSE,NA,NA,"<= day","daily",NA,1,TRUE
"2007-03-31",242.404,FALSE,NA,NA,"<= day","daily",NA,1,TRUE
"2007-04-01",242.45,FALSE,NA,NA,"<= day","daily",NA,1,TRUE
"2007-04-02",242.05,FALSE,NA,NA,"<= day","daily",NA,1,TRUE
"2007-04-03",243.183,FALSE,NA,NA,"<= day","daily",NA,1,TRUE
"2007-04-04",243.058,FALSE,NA,NA,"<= day","daily",NA,1,TRUE
"2007-04-05",242.463,FALSE,NA,NA,"<= day","daily",NA,1,TRUE
"2007-04-06",242.137,FALSE,NA,NA,"<= day","daily",NA,1,TRUE
"2007-04-07",243.162,FALSE,NA,NA,"<= day","daily",NA,1,TRUE
"2007-04-08",243.454,FALSE,NA,NA,"<= day","daily",NA,1,TRUE
"2007-04-09",244.008,FALSE,NA,NA,"<= day","daily",NA,1,TRUE
"2007-04-10",244.054,FALSE,NA,NA,"<= day","daily",NA,1,TRUE
"2007-04-11",245.742,FALSE,NA,NA,"<= day","daily",NA,1,TRUE
"2007-04-12",245.938,FALSE,NA,NA,"<= day","daily",NA,1,TRUE
"2007-04-13",247.562,FALSE,NA,NA,"<= day","daily",NA,1,TRUE
"2007-04-14",248.783,FALSE,NA,NA,"<= day","daily",NA,1,TRUE
"2007-04-15",249.867,FALSE,NA,NA,"<= day","daily",NA,1,TRUE
"2007-04-16",250.588,FALSE,NA,NA,"<= day","daily",NA,1,TRUE
"2007-04-17",252.675,FALSE,NA,NA,"<= day","daily",NA,1,TRUE
"2007-04-18",252.383,FALSE,NA,NA,"<= day","daily",NA,1,TRUE
"2007-04-19",251.708,FALSE,NA,NA,"<= day","daily",NA,1,TRUE
"2007-04-20",252.475,FALSE,NA,NA,"<= day","daily",NA,1,TRUE
"2007-04-21",253.45,FALSE,NA,NA,"<= day","daily",NA,1,TRUE
"2007-04-22",253.733,FALSE,NA,NA,"<= day","daily",NA,1,TRUE
"2007-04-23",253.521,FALSE,NA,NA,"<= day","daily",NA,1,TRUE
"2007-04-24",252.988,FALSE,NA,NA,"<= day","daily",NA,1,TRUE
"2007-04-25",253.104,FALSE,NA,NA,"<= day","daily",NA,1,TRUE
"2007-04-26",254.258,FALSE,NA,NA,"<= day","daily",NA,1,TRUE
"2007-04-27",254.963,FALSE,NA,NA,"<= day","daily",NA,1,TRUE
"2007-04-28",255.85,FALSE,NA,NA,"<= day","daily",NA,1,TRUE
"2007-04-29",255.708,FALSE,NA,NA,"<= day","daily",NA,1,TRUE
"2007-04-30",256.304,FALSE,NA,NA,"<= day","daily",NA,1,TRUE
"2007-05-01",256.25,FALSE,NA,NA,"<= day","daily",NA,1,TRUE
"2007-05-02",256.45,FALSE,NA,NA,"<= day","daily",NA,1,TRUE
"2007-05-03",255.954,FALSE,NA,NA,"<= day","daily",NA,1,TRUE
"2007-05-04",256.417,FALSE,NA,NA,"<= day","daily",NA,1,TRUE
"2007-05-05",256.596,FALSE,NA,NA,"<= day","daily",NA,1,TRUE
"2007-05-06",256.658,FALSE,NA,NA,"<= day","daily",NA,1,TRUE
"2007-05-07",256.804,FALSE,NA,NA,"<= day","daily",NA,1,TRUE
"2007-05-08",257.25,FALSE,NA,NA,"<= day","daily",NA,1,TRUE
"2007-05-09",266.95,FALSE,NA,NA,"<= day","daily",NA,1,TRUE
"2007-05-10",258.663,FALSE,NA,NA,"<= day","daily",NA,1,TRUE
"2007-05-11",256.9,FALSE,NA,NA,"<= day","daily",NA,1,TRUE
"2007-05-12",255.75,FALSE,NA,NA,"<= day","daily",NA,1,TRUE
"2007-05-13",256.167,FALSE,NA,NA,"<= day","daily",NA,1,TRUE
"2007-05-14",257.046,FALSE,NA,NA,"<= day","daily",NA,1,TRUE
"2007-05-15",257.621,FALSE,NA,NA,"<= day","daily",NA,1,TRUE
"2007-05-16",256.983,FALSE,NA,NA,"<= day","daily",NA,1,TRUE
"2007-05-17",258.729,FALSE,NA,NA,"<= day","daily",NA,1,TRUE
"2007-05-18",261.087,FALSE,NA,NA,"<= day","daily",NA,1,TRUE
"2007-05-19",261.292,FALSE,NA,NA,"<= day","daily",NA,1,TRUE
"2007-05-20",260.504,FALSE,NA,NA,"<= day","daily",NA,1,TRUE
"2007-05-21",260.512,FALSE,NA,NA,"<= day","daily",NA,1,TRUE
"2007-05-22",260.163,FALSE,NA,NA,"<= day","daily",NA,1,TRUE
"2007-05-23",260.062,FALSE,NA,NA,"<= day","daily",NA,1,TRUE
"2007-05-24",260.3,FALSE,NA,NA,"<= day","daily",NA,1,TRUE
"2007-05-25",260.904,FALSE,NA,NA,"<= day","daily",NA,1,TRUE
"2007-05-26",261.012,FALSE,NA,NA,"<= day","daily",NA,1,TRUE
"2007-05-27",261.854,FALSE,NA,NA,"<= day","daily",NA,1,TRUE
"2007-05-28",261.788,FALSE,NA,NA,"<= day","daily",NA,1,TRUE
"2007-05-29",268.65,FALSE,NA,NA,"<= day","daily",NA,1,TRUE
"2007-05-30",271.925,FALSE,NA,NA,"<= day","daily",NA,1,TRUE
"2007-05-31",265.512,FALSE,NA,NA,"<= day","daily",NA,1,TRUE
"2007-06-01",265.167,FALSE,NA,NA,"<= day","daily",NA,1,TRUE
"2007-06-02",265.4,FALSE,NA,NA,"<= day","daily",NA,1,TRUE
"2007-06-03",265.742,FALSE,NA,NA,"<= day","daily",NA,1,TRUE
"2007-06-04",266.004,FALSE,NA,NA,"<= day","daily",NA,1,TRUE
"2007-06-05",266.204,FALSE,NA,NA,"<= day","daily",NA,1,TRUE
"2007-06-06",265.7,FALSE,NA,NA,"<= day","daily",NA,1,TRUE
"2007-06-07",266.846,FALSE,NA,NA,"<= day","daily",NA,1,TRUE
"2007-06-08",266.567,FALSE,NA,NA,"<= day","daily",NA,1,TRUE
"2007-06-09",266.192,FALSE,NA,NA,"<= day","daily",NA,1,TRUE
"2007-06-10",266.021,FALSE,NA,NA,"<= day","daily",NA,1,TRUE
"2007-06-11",266.512,FALSE,NA,NA,"<= day","daily",NA,1,TRUE
"2007-06-12",266.729,FALSE,NA,NA,"<= day","daily",NA,1,TRUE
"2007-06-13",267.35,FALSE,NA,NA,"<= day","daily",NA,1,TRUE
"2007-06-14",267.833,FALSE,NA,NA,"<= day","daily",NA,1,TRUE
"2007-06-15",267.933,FALSE,NA,NA,"<= day","daily",NA,1,TRUE
"2007-06-16",267.388,FALSE,NA,NA,"<= day","daily",NA,1,TRUE
"2007-06-17",266.692,FALSE,NA,NA,"<= day","daily",NA,1,TRUE
"2007-06-18",267.396,FALSE,NA,NA,"<= day","daily",NA,1,TRUE
"2007-06-19",267.383,FALSE,NA,NA,"<= day","daily",NA,1,TRUE
"2007-06-20",267.867,FALSE,NA,NA,"<= day","daily",NA,1,TRUE
"2007-06-21",267.096,FALSE,NA,NA,"<= day","daily",NA,1,TRUE
"2007-06-22",266.783,FALSE,NA,NA,"<= day","daily",NA,1,TRUE
"2007-06-23",266.508,FALSE,NA,NA,"<= day","daily",NA,1,TRUE
"2007-06-24",267.279,FALSE,NA,NA,"<= day","daily",NA,1,TRUE
"2007-06-25",267.571,FALSE,NA,NA,"<= day","daily",NA,1,TRUE
"2007-06-26",272.429,FALSE,NA,NA,"<= day","daily",NA,1,TRUE
"2007-06-27",270.433,FALSE,NA,NA,"<= day","daily",NA,1,TRUE
"2007-06-28",268.608,FALSE,NA,NA,"<= day","daily",NA,1,TRUE
"2007-06-29",268.046,FALSE,NA,NA,"<= day","daily",NA,1,TRUE
"2007-06-30",268.337,FALSE,NA,NA,"<= day","daily",NA,1,TRUE
"2007-07-01",268.617,FALSE,NA,NA,"<= day","daily",NA,1,TRUE
"2007-07-02",268.271,FALSE,NA,NA,"<= day","daily",NA,1,TRUE
"2007-07-03",267.771,FALSE,NA,NA,"<= day","daily",NA,1,TRUE
"2007-07-04",270.079,FALSE,NA,NA,"<= day","daily",NA,1,TRUE
"2007-07-05",269.854,FALSE,NA,NA,"<= day","daily",NA,1,TRUE
"2007-07-06",270.946,FALSE,NA,NA,"<= day","daily",NA,1,TRUE
"2007-07-07",270.075,FALSE,NA,NA,"<= day","daily",NA,1,TRUE
"2007-07-08",269.65,FALSE,NA,NA,"<= day","daily",NA,1,TRUE
"2007-07-09",273.379,FALSE,NA,NA,"<= day","daily",NA,1,TRUE
"2007-07-10",280.658,FALSE,NA,NA,"<= day","daily",NA,1,TRUE
"2007-07-11",278.229,FALSE,NA,NA,"<= day","daily",NA,1,TRUE
"2007-07-12",275.354,FALSE,NA,NA,"<= day","daily",NA,1,TRUE
"2007-07-13",274.958,FALSE,NA,NA,"<= day","daily",NA,1,TRUE
"2007-07-14",274.675,FALSE,NA,NA,"<= day","daily",NA,1,TRUE
"2007-07-15",274.296,FALSE,NA,NA,"<= day","daily",NA,1,TRUE
"2007-07-16",273.921,FALSE,NA,NA,"<= day","daily",NA,1,TRUE
"2007-07-17",273.8,FALSE,NA,NA,"<= day","daily",NA,1,TRUE
"2007-07-18",273.083,FALSE,NA,NA,"<= day","daily",NA,1,TRUE
"2007-07-19",272.383,FALSE,NA,NA,"<= day","daily",NA,1,TRUE
"2007-07-20",271.879,FALSE,NA,NA,"<= day","daily",NA,1,TRUE
"2007-07-21",271.567,FALSE,NA,NA,"<= day","daily",NA,1,TRUE
"2007-07-22",270.975,FALSE,NA,NA,"<= day","daily",NA,1,TRUE
"2007-07-23",270.542,FALSE,NA,NA,"<= day","daily",NA,1,TRUE
"2007-07-24",269.388,FALSE,NA,NA,"<= day","daily",NA,1,TRUE
"2007-07-25",268.308,FALSE,NA,NA,"<= day","daily",NA,1,TRUE
"2007-07-26",267.238,FALSE,NA,NA,"<= day","daily",NA,1,TRUE
"2007-07-27",266.142,FALSE,NA,NA,"<= day","daily",NA,1,TRUE
"2007-07-28",266.442,FALSE,NA,NA,"<= day","daily",NA,1,TRUE
"2007-07-29",266.692,FALSE,NA,NA,"<= day","daily",NA,1,TRUE
"2007-07-30",266.008,FALSE,NA,NA,"<= day","daily",NA,1,TRUE
"2007-07-31",265.196,FALSE,NA,NA,"<= day","daily",NA,1,TRUE
"2007-08-01",265.438,FALSE,NA,NA,"<= day","daily",NA,1,TRUE
"2007-08-02",265.304,FALSE,NA,NA,"<= day","daily",NA,1,TRUE
"2007-08-03",264.546,FALSE,NA,NA,"<= day","daily",NA,1,TRUE
"2007-08-04",263.558,FALSE,NA,NA,"<= day","daily",NA,1,TRUE
"2007-08-05",263.629,FALSE,NA,NA,"<= day","daily",NA,1,TRUE
"2007-08-06",263.704,FALSE,NA,NA,"<= day","daily",NA,1,TRUE
"2007-08-07",263.879,FALSE,NA,NA,"<= day","daily",NA,1,TRUE
"2007-08-08",262.467,FALSE,NA,NA,"<= day","daily",NA,1,TRUE
"2007-08-09",263.033,FALSE,NA,NA,"<= day","daily",NA,1,TRUE
"2007-08-10",262.179,FALSE,NA,NA,"<= day","daily",NA,1,TRUE
"2007-08-11",261.408,FALSE,NA,NA,"<= day","daily",NA,1,TRUE
"2007-08-12",262.029,FALSE,NA,NA,"<= day","daily",NA,1,TRUE
"2007-08-13",263.033,FALSE,NA,NA,"<= day","daily",NA,1,TRUE
"2007-08-14",262.562,FALSE,NA,NA,"<= day","daily",NA,1,TRUE
"2007-08-15",264.262,FALSE,NA,NA,"<= day","daily",NA,1,TRUE
"2007-08-16",265.35,FALSE,NA,NA,"<= day","daily",NA,1,TRUE
"2007-08-17",264.163,FALSE,NA,NA,"<= day","daily",NA,1,TRUE
"2007-08-18",264.296,FALSE,NA,NA,"<= day","daily",NA,1,TRUE
"2007-08-19",264.362,FALSE,NA,NA,"<= day","daily",NA,1,TRUE
"2007-08-20",264.438,FALSE,NA,NA,"<= day","daily",NA,1,TRUE
"2007-08-21",264.329,FALSE,NA,NA,"<= day","daily",NA,1,TRUE
"2007-08-22",263.738,FALSE,NA,NA,"<= day","daily",NA,1,TRUE
"2007-08-23",264.121,FALSE,NA,NA,"<= day","daily",NA,1,TRUE
"2007-08-24",263.917,FALSE,NA,NA,"<= day","daily",NA,1,TRUE
"2007-08-25",262.733,FALSE,NA,NA,"<= day","daily",NA,1,TRUE
"2007-08-26",263.117,FALSE,NA,NA,"<= day","daily",NA,1,TRUE
"2007-08-27",263.696,FALSE,NA,NA,"<= day","daily",NA,1,TRUE
"2007-08-28",263.854,FALSE,NA,NA,"<= day","daily",NA,1,TRUE
"2007-08-29",262.633,FALSE,NA,NA,"<= day","daily",NA,1,TRUE
"2007-08-30",263.733,FALSE,NA,NA,"<= day","daily",NA,1,TRUE
"2007-08-31",262.812,FALSE,NA,NA,"<= day","daily",NA,1,TRUE
"2007-09-01",262.217,FALSE,NA,NA,"<= day","daily",NA,1,TRUE
"2007-09-02",262.538,FALSE,NA,NA,"<= day","daily",NA,1,TRUE
"2007-09-03",263.596,FALSE,NA,NA,"<= day","daily",NA,1,TRUE
"2007-09-04",267.654,FALSE,NA,NA,"<= day","daily",NA,1,TRUE
"2007-09-05",278.696,FALSE,NA,NA,"<= day","daily",NA,1,TRUE
"2007-09-06",296.121,FALSE,NA,NA,"<= day","daily",NA,1,TRUE
"2007-09-07",285.438,FALSE,NA,NA,"<= day","daily",NA,1,TRUE
"2007-09-08",276.188,FALSE,NA,NA,"<= day","daily",NA,1,TRUE
"2007-09-09",275.046,FALSE,NA,NA,"<= day","daily",NA,1,TRUE
"2007-09-10",276.521,FALSE,NA,NA,"<= day","daily",NA,1,TRUE
"2007-09-11",287.488,FALSE,NA,NA,"<= day","daily",NA,1,TRUE
"2007-09-12",285.671,FALSE,NA,NA,"<= day","daily",NA,1,TRUE
"2007-09-13",283.512,FALSE,NA,NA,"<= day","daily",NA,1,TRUE
"2007-09-14",283.042,FALSE,NA,NA,"<= day","daily",NA,1,TRUE
"2007-09-15",280.762,FALSE,NA,NA,"<= day","daily",NA,1,TRUE
"2007-09-16",279.746,FALSE,NA,NA,"<= day","daily",NA,1,TRUE
"2007-09-17",280.008,FALSE,NA,NA,"<= day","daily",NA,1,TRUE
"2007-09-18",281.75,FALSE,NA,NA,"<= day","daily",NA,1,TRUE
"2007-09-19",281.775,FALSE,NA,NA,"<= day","daily",NA,1,TRUE
"2007-09-20",281.587,FALSE,NA,NA,"<= day","daily",NA,1,TRUE
"2007-09-21",280.95,FALSE,NA,NA,"<= day","daily",NA,1,TRUE
"2007-09-22",280.504,FALSE,NA,NA,"<= day","daily",NA,1,TRUE
"2007-09-23",279.708,FALSE,NA,NA,"<= day","daily",NA,1,TRUE
"2007-09-24",279.1,FALSE,NA,NA,"<= day","daily",NA,1,TRUE
"2007-09-25",279.175,FALSE,NA,NA,"<= day","daily",NA,1,TRUE
"2007-09-26",277.475,FALSE,NA,NA,"<= day","daily",NA,1,TRUE
"2007-09-27",277.375,FALSE,NA,NA,"<= day","daily",NA,1,TRUE
"2007-09-28",277.008,FALSE,NA,NA,"<= day","daily",NA,1,TRUE
"2007-09-29",276.35,FALSE,NA,NA,"<= day","daily",NA,1,TRUE
"2007-09-30",275.975,FALSE,NA,NA,"<= day","daily",NA,1,TRUE
"2007-10-01",275.458,FALSE,NA,NA,"<= day","daily",NA,1,TRUE
"2007-10-02",274.846,FALSE,NA,NA,"<= day","daily",NA,1,TRUE
"2007-10-03",274.337,FALSE,NA,NA,"<= day","daily",NA,1,TRUE
"2007-10-04",273.296,FALSE,NA,NA,"<= day","daily",NA,1,TRUE
"2007-10-05",272.879,FALSE,NA,NA,"<= day","daily",NA,1,TRUE
"2007-10-06",271.771,FALSE,NA,NA,"<= day","daily",NA,1,TRUE
"2007-10-07",271.413,FALSE,NA,NA,"<= day","daily",NA,1,TRUE
"2007-10-08",270.875,FALSE,NA,NA,"<= day","daily",NA,1,TRUE
"2007-10-09",269.958,FALSE,NA,NA,"<= day","daily",NA,1,TRUE
"2007-10-10",268.958,FALSE,NA,NA,"<= day","daily",NA,1,TRUE
"2007-10-11",268.121,FALSE,NA,NA,"<= day","daily",NA,1,TRUE
"2007-10-12",267.9,FALSE,NA,NA,"<= day","daily",NA,1,TRUE
"2007-10-13",267.05,FALSE,NA,NA,"<= day","daily",NA,1,TRUE
"2007-10-14",266.183,FALSE,NA,NA,"<= day","daily",NA,1,TRUE
"2007-10-15",265.225,FALSE,NA,NA,"<= day","daily",NA,1,TRUE
"2007-10-16",264.796,FALSE,NA,NA,"<= day","daily",NA,1,TRUE
"2007-10-17",264.654,FALSE,NA,NA,"<= day","daily",NA,1,TRUE
"2007-10-18",263.904,FALSE,NA,NA,"<= day","daily",NA,1,TRUE
"2007-10-19",263.842,FALSE,NA,NA,"<= day","daily",NA,1,TRUE
"2007-10-20",263.042,FALSE,NA,NA,"<= day","daily",NA,1,TRUE
"2007-10-21",261.892,FALSE,NA,NA,"<= day","daily",NA,1,TRUE
"2007-10-22",261.108,FALSE,NA,NA,"<= day","daily",NA,1,TRUE
"2007-10-23",260.158,FALSE,NA,NA,"<= day","daily",NA,1,TRUE
"2007-10-24",259.771,FALSE,NA,NA,"<= day","daily",NA,1,TRUE
"2007-10-25",260.054,FALSE,NA,NA,"<= day","daily",NA,1,TRUE
"2007-10-26",259.675,FALSE,NA,NA,"<= day","daily",NA,1,TRUE
"2007-10-27",259.321,FALSE,NA,NA,"<= day","daily",NA,1,TRUE
"2007-10-28",258.95,FALSE,NA,NA,"<= day","daily",NA,1,TRUE
"2007-10-29",259.454,FALSE,NA,NA,"<= day","daily",NA,1,TRUE
"2007-10-30",259.1,FALSE,NA,NA,"<= day","daily",NA,1,TRUE
"2007-10-31",258.425,FALSE,NA,NA,"<= day","daily",NA,1,TRUE
"2007-11-01",257.738,FALSE,NA,NA,"<= day","daily",NA,1,TRUE
"2007-11-02",257.775,FALSE,NA,NA,"<= day","daily",NA,1,TRUE
"2007-11-03",258.25,FALSE,NA,NA,"<= day","daily",NA,1,TRUE
"2007-11-04",258.575,FALSE,NA,NA,"<= day","daily",NA,1,TRUE
"2007-11-05",258.046,FALSE,NA,NA,"<= day","daily",NA,1,TRUE
"2007-11-06",258.688,FALSE,NA,NA,"<= day","daily",NA,1,TRUE
"2007-11-07",260.271,FALSE,NA,NA,"<= day","daily",NA,1,TRUE
"2007-11-08",271.6,FALSE,NA,NA,"<= day","daily",NA,1,TRUE
"2007-11-09",264.567,FALSE,NA,NA,"<= day","daily",NA,1,TRUE
"2007-11-10",262.046,FALSE,NA,NA,"<= day","daily",NA,1,TRUE
"2007-11-11",271.562,FALSE,NA,NA,"<= day","daily",NA,1,TRUE
"2007-11-12",271.538,FALSE,NA,NA,"<= day","daily",NA,1,TRUE
"2007-11-13",261.729,FALSE,NA,NA,"<= day","daily",NA,1,TRUE
"2007-11-14",259.883,FALSE,NA,NA,"<= day","daily",NA,1,TRUE
"2007-11-15",258.254,FALSE,NA,NA,"<= day","daily",NA,1,TRUE
"2007-11-16",256.875,FALSE,NA,NA,"<= day","daily",NA,1,TRUE
"2007-11-17",256.554,FALSE,NA,NA,"<= day","daily",NA,1,TRUE
"2007-11-18",256.421,FALSE,NA,NA,"<= day","daily",NA,1,TRUE
"2007-11-19",255.713,FALSE,NA,NA,"<= day","daily",NA,1,TRUE
"2007-11-20",255.575,FALSE,NA,NA,"<= day","daily",NA,1,TRUE
"2007-12-25",257.891,FALSE,NA,NA,"<= day","daily",NA,1,TRUE
"2007-12-26",256.946,FALSE,NA,NA,"<= day","daily",NA,1,TRUE
"2007-12-27",255.85,FALSE,NA,NA,"<= day","daily",NA,1,TRUE
"2007-12-28",255.254,FALSE,NA,NA,"<= day","daily",NA,1,TRUE
"2007-12-29",254.967,FALSE,NA,NA,"<= day","daily",NA,1,TRUE
"2007-12-30",254.642,FALSE,NA,NA,"<= day","daily",NA,1,TRUE
"2007-12-31",254.383,FALSE,NA,NA,"<= day","daily",NA,1,TRUE
"2008-01-01",254.146,FALSE,NA,NA,"<= day","daily",NA,1,TRUE
"2008-01-02",253.942,FALSE,NA,NA,"<= day","daily",NA,1,TRUE
"2008-01-03",254.108,FALSE,NA,NA,"<= day","daily",NA,1,TRUE
"2008-01-04",254.463,FALSE,NA,NA,"<= day","daily",NA,1,TRUE
"2008-01-05",253.488,FALSE,NA,NA,"<= day","daily",NA,1,TRUE
"2008-01-06",253.758,FALSE,NA,NA,"<= day","daily",NA,1,TRUE
"2008-01-07",255.242,FALSE,NA,NA,"<= day","daily",NA,1,TRUE
"2008-01-08",251.992,FALSE,NA,NA,"<= day","daily",NA,1,TRUE
"2008-01-09",251.113,FALSE,NA,NA,"<= day","daily",NA,1,TRUE
"2008-01-10",250.958,FALSE,NA,NA,"<= day","daily",NA,1,TRUE
"2008-01-11",250.787,FALSE,NA,NA,"<= day","daily",NA,1,TRUE
"2008-01-12",251.429,FALSE,NA,NA,"<= day","daily",NA,1,TRUE
"2008-01-13",250.233,FALSE,NA,NA,"<= day","daily",NA,1,TRUE
"2008-01-14",250,FALSE,NA,NA,"<= day","daily",NA,1,TRUE
"2008-01-15",250.029,FALSE,NA,NA,"<= day","daily",NA,1,TRUE
"2008-01-16",250.3,FALSE,NA,NA,"<= day","daily",NA,1,TRUE
"2008-01-17",251.192,FALSE,NA,NA,"<= day","daily",NA,1,TRUE
"2008-01-18",250.65,FALSE,NA,NA,"<= day","daily",NA,1,TRUE
"2008-01-19",250.867,FALSE,NA,NA,"<= day","daily",NA,1,TRUE
"2008-01-20",249.55,FALSE,NA,NA,"<= day","daily",NA,1,TRUE
"2008-01-21",250.371,FALSE,NA,NA,"<= day","daily",NA,1,TRUE
"2008-01-22",251.358,FALSE,NA,NA,"<= day","daily",NA,1,TRUE
"2008-01-23",250.171,FALSE,NA,NA,"<= day","daily",NA,1,TRUE
"2008-01-24",250.583,FALSE,NA,NA,"<= day","daily",NA,1,TRUE
"2008-01-25",250.3,FALSE,NA,NA,"<= day","daily",NA,1,TRUE
"2008-01-26",250.008,FALSE,NA,NA,"<= day","daily",NA,1,TRUE
"2008-01-27",250.275,FALSE,NA,NA,"<= day","daily",NA,1,TRUE
"2008-01-28",250.146,FALSE,NA,NA,"<= day","daily",NA,1,TRUE
"2008-01-29",250.7,FALSE,NA,NA,"<= day","daily",NA,1,TRUE
"2008-01-30",251.208,FALSE,NA,NA,"<= day","daily",NA,1,TRUE
"2008-01-31",250.896,FALSE,NA,NA,"<= day","daily",NA,1,TRUE
"2008-02-01",250.404,FALSE,NA,NA,"<= day","daily",NA,1,TRUE
"2008-02-02",250.521,FALSE,NA,NA,"<= day","daily",NA,1,TRUE
"2008-02-03",250.208,FALSE,NA,NA,"<= day","daily",NA,1,TRUE
"2008-02-04",251.062,FALSE,NA,NA,"<= day","daily",NA,1,TRUE
"2008-02-05",251.075,FALSE,NA,NA,"<= day","daily",NA,1,TRUE
"2008-02-06",250.517,FALSE,NA,NA,"<= day","daily",NA,1,TRUE
"2008-02-07",250.562,FALSE,NA,NA,"<= day","daily",NA,1,TRUE
"2008-02-08",249.383,FALSE,NA,NA,"<= day","daily",NA,1,TRUE
"2008-02-09",248.262,FALSE,NA,NA,"<= day","daily",NA,1,TRUE
"2008-02-10",247.333,FALSE,NA,NA,"<= day","daily",NA,1,TRUE
"2008-02-11",246.333,FALSE,NA,NA,"<= day","daily",NA,1,TRUE
"2008-02-12",246.233,FALSE,NA,NA,"<= day","daily",NA,1,TRUE
"2008-02-13",245.762,FALSE,NA,NA,"<= day","daily",NA,1,TRUE
"2008-02-14",245.396,FALSE,NA,NA,"<= day","daily",NA,1,TRUE
"2008-02-15",244.55,FALSE,NA,NA,"<= day","daily",NA,1,TRUE
"2008-02-16",242.867,FALSE,NA,NA,"<= day","daily",NA,1,TRUE
"2008-02-17",242.7,FALSE,NA,NA,"<= day","daily",NA,1,TRUE
"2008-02-18",242.833,FALSE,NA,NA,"<= day","daily",NA,1,TRUE
"2008-02-19",242.133,FALSE,NA,NA,"<= day","daily",NA,1,TRUE
"2008-02-20",242.333,FALSE,NA,NA,"<= day","daily",NA,1,TRUE
"2008-02-21",242.267,FALSE,NA,NA,"<= day","daily",NA,1,TRUE
"2008-02-22",241.592,FALSE,NA,NA,"<= day","daily",NA,1,TRUE
"2008-02-23",241.287,FALSE,NA,NA,"<= day","daily",NA,1,TRUE
"2008-02-24",241.758,FALSE,NA,NA,"<= day","daily",NA,1,TRUE
"2008-02-25",242.8,FALSE,NA,NA,"<= day","daily",NA,1,TRUE
"2008-02-26",243.621,FALSE,NA,NA,"<= day","daily",NA,1,TRUE
"2008-02-27",245.167,FALSE,NA,NA,"<= day","daily",NA,1,TRUE
"2008-02-28",244.008,FALSE,NA,NA,"<= day","daily",NA,1,TRUE
"2008-02-29",244.158,FALSE,NA,NA,"<= day","daily",NA,1,TRUE
"2008-03-01",246.562,FALSE,NA,NA,"<= day","daily",NA,1,TRUE
"2008-03-02",245.792,FALSE,NA,NA,"<= day","daily",NA,1,TRUE
"2008-03-03",246.129,FALSE,NA,NA,"<= day","daily",NA,1,TRUE
"2008-03-04",245.008,FALSE,NA,NA,"<= day","daily",NA,1,TRUE
"2008-03-05",244.238,FALSE,NA,NA,"<= day","daily",NA,1,TRUE
"2008-03-06",243.3,FALSE,NA,NA,"<= day","daily",NA,1,TRUE
"2008-03-07",243.333,FALSE,NA,NA,"<= day","daily",NA,1,TRUE
"2008-03-08",243.304,FALSE,NA,NA,"<= day","daily",NA,1,TRUE
"2008-03-09",243.042,FALSE,NA,NA,"<= day","daily",NA,1,TRUE
"2008-03-10",243.971,FALSE,NA,NA,"<= day","daily",NA,1,TRUE
"2008-03-11",241.771,FALSE,NA,NA,"<= day","daily",NA,1,TRUE
"2008-03-12",239.254,FALSE,NA,NA,"<= day","daily",NA,1,TRUE
"2008-03-13",240.762,FALSE,NA,NA,"<= day","daily",NA,1,TRUE
"2008-03-14",242.321,FALSE,NA,NA,"<= day","daily",NA,1,TRUE
"2008-03-15",246.933,FALSE,NA,NA,"<= day","daily",NA,1,TRUE
"2008-03-16",244.971,FALSE,NA,NA,"<= day","daily",NA,1,TRUE
"2008-03-17",244.062,FALSE,NA,NA,"<= day","daily",NA,1,TRUE
"2008-03-18",244.029,FALSE,NA,NA,"<= day","daily",NA,1,TRUE
"2008-03-19",244.133,FALSE,NA,NA,"<= day","daily",NA,1,TRUE
"2008-03-20",243.679,FALSE,NA,NA,"<= day","daily",NA,1,TRUE
"2008-03-21",243.104,FALSE,NA,NA,"<= day","daily",NA,1,TRUE
"2008-03-22",242.7,FALSE,NA,NA,"<= day","daily",NA,1,TRUE
"2008-03-23",242.396,FALSE,NA,NA,"<= day","daily",NA,1,TRUE
"2008-03-24",242.371,FALSE,NA,NA,"<= day","daily",NA,1,TRUE
"2008-03-25",241.929,FALSE,NA,NA,"<= day","daily",NA,1,TRUE
"2008-03-26",241.137,FALSE,NA,NA,"<= day","daily",NA,1,TRUE
"2008-03-27",240.592,FALSE,NA,NA,"<= day","daily",NA,1,TRUE
"2008-03-28",241.438,FALSE,NA,NA,"<= day","daily",NA,1,TRUE
"2008-03-29",241.625,FALSE,NA,NA,"<= day","daily",NA,1,TRUE
"2008-03-30",242.033,FALSE,NA,NA,"<= day","daily",NA,1,TRUE
"2008-03-31",241.958,FALSE,NA,NA,"<= day","daily",NA,1,TRUE
"2008-04-01",242.433,FALSE,NA,NA,"<= day","daily",NA,1,TRUE
"2008-04-02",245.375,FALSE,NA,NA,"<= day","daily",NA,1,TRUE
"2008-04-03",246.529,FALSE,NA,NA,"<= day","daily",NA,1,TRUE
"2008-04-04",244.571,FALSE,NA,NA,"<= day","daily",NA,1,TRUE
"2008-04-05",243.783,FALSE,NA,NA,"<= day","daily",NA,1,TRUE
"2008-04-06",243.746,FALSE,NA,NA,"<= day","daily",NA,1,TRUE
"2008-04-07",243.208,FALSE,NA,NA,"<= day","daily",NA,1,TRUE
"2008-04-08",242.2,FALSE,NA,NA,"<= day","daily",NA,1,TRUE
"2008-04-09",242.667,FALSE,NA,NA,"<= day","daily",NA,1,TRUE
"2008-04-10",242.8,FALSE,NA,NA,"<= day","daily",NA,1,TRUE
"2008-04-11",244.546,FALSE,NA,NA,"<= day","daily",NA,1,TRUE
"2008-04-12",245.483,FALSE,NA,NA,"<= day","daily",NA,1,TRUE
"2008-04-13",244.608,FALSE,NA,NA,"<= day","daily",NA,1,TRUE
"2008-04-14",244.613,FALSE,NA,NA,"<= day","daily",NA,1,TRUE
"2008-04-15",245.283,FALSE,NA,NA,"<= day","daily",NA,1,TRUE
"2008-04-16",245.346,FALSE,NA,NA,"<= day","daily",NA,1,TRUE
"2008-04-17",245.617,FALSE,NA,NA,"<= day","daily",NA,1,TRUE
"2008-04-18",246.2,FALSE,NA,NA,"<= day","daily",NA,1,TRUE
"2008-04-19",247.375,FALSE,NA,NA,"<= day","daily",NA,1,TRUE
"2008-04-20",247.85,FALSE,NA,NA,"<= day","daily",NA,1,TRUE
"2008-04-21",248.125,FALSE,NA,NA,"<= day","daily",NA,1,TRUE
"2008-04-22",253.167,FALSE,NA,NA,"<= day","daily",NA,1,TRUE
"2008-04-23",254.746,FALSE,NA,NA,"<= day","daily",NA,1,TRUE
"2008-04-24",252.746,FALSE,NA,NA,"<= day","daily",NA,1,TRUE
"2008-04-25",253.267,FALSE,NA,NA,"<= day","daily",NA,1,TRUE
"2008-04-26",254.079,FALSE,NA,NA,"<= day","daily",NA,1,TRUE
"2008-04-27",253.692,FALSE,NA,NA,"<= day","daily",NA,1,TRUE
"2008-04-28",254.542,FALSE,NA,NA,"<= day","daily",NA,1,TRUE
"2008-04-29",254.575,FALSE,NA,NA,"<= day","daily",NA,1,TRUE
"2008-04-30",255.046,FALSE,NA,NA,"<= day","daily",NA,1,TRUE
"2008-05-01",254.971,FALSE,NA,NA,"<= day","daily",NA,1,TRUE
"2008-05-02",254.942,FALSE,NA,NA,"<= day","daily",NA,1,TRUE
"2008-05-03",255.821,FALSE,NA,NA,"<= day","daily",NA,1,TRUE
"2008-05-04",256.275,FALSE,NA,NA,"<= day","daily",NA,1,TRUE
"2008-05-05",259.212,FALSE,NA,NA,"<= day","daily",NA,1,TRUE
"2008-05-06",259.454,FALSE,NA,NA,"<= day","daily",NA,1,TRUE
"2008-05-07",260.612,FALSE,NA,NA,"<= day","daily",NA,1,TRUE
"2008-05-08",261.579,FALSE,NA,NA,"<= day","daily",NA,1,TRUE
"2008-05-09",263.042,FALSE,NA,NA,"<= day","daily",NA,1,TRUE
"2008-05-10",264.125,FALSE,NA,NA,"<= day","daily",NA,1,TRUE
"2008-05-11",265.204,FALSE,NA,NA,"<= day","daily",NA,1,TRUE
"2008-05-12",266.075,FALSE,NA,NA,"<= day","daily",NA,1,TRUE
"2008-05-13",266.454,FALSE,NA,NA,"<= day","daily",NA,1,TRUE
"2008-05-14",267.404,FALSE,NA,NA,"<= day","daily",NA,1,TRUE
"2008-05-15",268.129,FALSE,NA,NA,"<= day","daily",NA,1,TRUE
"2008-05-16",269.288,FALSE,NA,NA,"<= day","daily",NA,1,TRUE
"2008-05-17",269.921,FALSE,NA,NA,"<= day","daily",NA,1,TRUE
"2008-05-18",271.521,FALSE,NA,NA,"<= day","daily",NA,1,TRUE
"2008-05-19",272.792,FALSE,NA,NA,"<= day","daily",NA,1,TRUE
"2008-05-20",272.888,FALSE,NA,NA,"<= day","daily",NA,1,TRUE
"2008-05-21",272.817,FALSE,NA,NA,"<= day","daily",NA,1,TRUE
"2008-05-22",272.962,FALSE,NA,NA,"<= day","daily",NA,1,TRUE
"2008-05-23",273.071,FALSE,NA,NA,"<= day","daily",NA,1,TRUE
"2008-05-24",274.054,FALSE,NA,NA,"<= day","daily",NA,1,TRUE
"2008-05-25",274.517,FALSE,NA,NA,"<= day","daily",NA,1,TRUE
"2008-05-26",274.846,FALSE,NA,NA,"<= day","daily",NA,1,TRUE
"2008-05-27",274.871,FALSE,NA,NA,"<= day","daily",NA,1,TRUE
"2008-05-28",276.354,FALSE,NA,NA,"<= day","daily",NA,1,TRUE
"2008-05-29",277.146,FALSE,NA,NA,"<= day","daily",NA,1,TRUE
"2008-05-30",278.962,FALSE,NA,NA,"<= day","daily",NA,1,TRUE
"2008-05-31",279.858,FALSE,NA,NA,"<= day","daily",NA,1,TRUE
"2008-06-01",281.746,FALSE,NA,NA,"<= day","daily",NA,1,TRUE
"2008-06-02",281.812,FALSE,NA,NA,"<= day","daily",NA,1,TRUE
"2008-06-03",282.283,FALSE,NA,NA,"<= day","daily",NA,1,TRUE
"2008-06-04",282.179,FALSE,NA,NA,"<= day","daily",NA,1,TRUE
"2008-06-05",281.087,FALSE,NA,NA,"<= day","daily",NA,1,TRUE
"2008-06-06",280.608,FALSE,NA,NA,"<= day","daily",NA,1,TRUE
"2008-06-07",280.396,FALSE,NA,NA,"<= day","daily",NA,1,TRUE
"2008-06-08",280.05,FALSE,NA,NA,"<= day","daily",NA,1,TRUE
"2008-06-09",280.4,FALSE,NA,NA,"<= day","daily",NA,1,TRUE
"2008-06-10",279.796,FALSE,NA,NA,"<= day","daily",NA,1,TRUE
"2008-06-11",279.792,FALSE,NA,NA,"<= day","daily",NA,1,TRUE
"2008-06-12",279.983,FALSE,NA,NA,"<= day","daily",NA,1,TRUE
"2008-06-13",280.3,FALSE,NA,NA,"<= day","daily",NA,1,TRUE
"2008-06-14",279.854,FALSE,NA,NA,"<= day","daily",NA,1,TRUE
"2008-06-15",281.442,FALSE,NA,NA,"<= day","daily",NA,1,TRUE
"2008-06-16",281.558,FALSE,NA,NA,"<= day","daily",NA,1,TRUE
"2008-06-17",280.362,FALSE,NA,NA,"<= day","daily",NA,1,TRUE
"2008-06-18",279.354,FALSE,NA,NA,"<= day","daily",NA,1,TRUE
"2008-06-19",279.429,FALSE,NA,NA,"<= day","daily",NA,1,TRUE
"2008-06-20",279.204,FALSE,NA,NA,"<= day","daily",NA,1,TRUE
"2008-06-21",278.846,FALSE,NA,NA,"<= day","daily",NA,1,TRUE
"2008-06-22",278.612,FALSE,NA,NA,"<= day","daily",NA,1,TRUE
"2008-06-23",278.496,FALSE,NA,NA,"<= day","daily",NA,1,TRUE
"2008-06-24",277.175,FALSE,NA,NA,"<= day","daily",NA,1,TRUE
"2008-06-25",273.754,FALSE,NA,NA,"<= day","daily",NA,1,TRUE
"2008-06-26",271.663,FALSE,NA,NA,"<= day","daily",NA,1,TRUE
"2008-06-27",271.808,FALSE,NA,NA,"<= day","daily",NA,1,TRUE
"2008-06-28",272.533,FALSE,NA,NA,"<= day","daily",NA,1,TRUE
"2008-06-29",273.117,FALSE,NA,NA,"<= day","daily",NA,1,TRUE
"2008-06-30",272.846,FALSE,NA,NA,"<= day","daily",NA,1,TRUE
"2008-07-01",272.675,FALSE,NA,NA,"<= day","daily",NA,1,TRUE
"2008-07-02",272.604,FALSE,NA,NA,"<= day","daily",NA,1,TRUE
"2008-07-03",272.562,FALSE,NA,NA,"<= day","daily",NA,1,TRUE
"2008-07-04",271.192,FALSE,NA,NA,"<= day","daily",NA,1,TRUE
"2008-07-05",271.121,FALSE,NA,NA,"<= day","daily",NA,1,TRUE
"2008-07-06",271.558,FALSE,NA,NA,"<= day","daily",NA,1,TRUE
"2008-07-07",270.95,FALSE,NA,NA,"<= day","daily",NA,1,TRUE
"2008-07-08",270.692,FALSE,NA,NA,"<= day","daily",NA,1,TRUE
"2008-07-09",270.046,FALSE,NA,NA,"<= day","daily",NA,1,TRUE
"2008-07-10",270.592,FALSE,NA,NA,"<= day","daily",NA,1,TRUE
"2008-07-11",270.612,FALSE,NA,NA,"<= day","daily",NA,1,TRUE
"2008-07-12",271.442,FALSE,NA,NA,"<= day","daily",NA,1,TRUE
"2008-07-13",270.775,FALSE,NA,NA,"<= day","daily",NA,1,TRUE
"2008-07-14",271.417,FALSE,NA,NA,"<= day","daily",NA,1,TRUE
"2008-07-15",271.604,FALSE,NA,NA,"<= day","daily",NA,1,TRUE
"2008-07-16",271.842,FALSE,NA,NA,"<= day","daily",NA,1,TRUE
"2008-07-17",271.779,FALSE,NA,NA,"<= day","daily",NA,1,TRUE
"2008-07-18",271.238,FALSE,NA,NA,"<= day","daily",NA,1,TRUE
"2008-07-19",271.854,FALSE,NA,NA,"<= day","daily",NA,1,TRUE
"2008-07-20",271.642,FALSE,NA,NA,"<= day","daily",NA,1,TRUE
"2008-07-21",272.308,FALSE,NA,NA,"<= day","daily",NA,1,TRUE
"2008-07-22",273.396,FALSE,NA,NA,"<= day","daily",NA,1,TRUE
"2008-07-23",277.112,FALSE,NA,NA,"<= day","daily",NA,1,TRUE
"2008-07-24",275.504,FALSE,NA,NA,"<= day","daily",NA,1,TRUE
"2008-07-25",275.862,FALSE,NA,NA,"<= day","daily",NA,1,TRUE
"2008-07-26",276.604,FALSE,NA,NA,"<= day","daily",NA,1,TRUE
"2008-07-27",276.096,FALSE,NA,NA,"<= day","daily",NA,1,TRUE
"2008-07-28",276.012,FALSE,NA,NA,"<= day","daily",NA,1,TRUE
"2008-07-29",275.862,FALSE,NA,NA,"<= day","daily",NA,1,TRUE
"2008-07-30",274.892,FALSE,NA,NA,"<= day","daily",NA,1,TRUE
"2008-07-31",274.7,FALSE,NA,NA,"<= day","daily",NA,1,TRUE
"2008-09-02",273.486,FALSE,NA,NA,"<= day","daily",NA,1,TRUE
"2008-09-03",273.579,FALSE,NA,NA,"<= day","daily",NA,1,TRUE
"2008-09-04",273.288,FALSE,NA,NA,"<= day","daily",NA,1,TRUE
"2008-09-05",272.454,FALSE,NA,NA,"<= day","daily",NA,1,TRUE
"2008-09-06",272.742,FALSE,NA,NA,"<= day","daily",NA,1,TRUE
"2008-09-07",271.812,FALSE,NA,NA,"<= day","daily",NA,1,TRUE
"2008-09-08",270.808,FALSE,NA,NA,"<= day","daily",NA,1,TRUE
"2008-09-09",270.367,FALSE,NA,NA,"<= day","daily",NA,1,TRUE
"2008-09-10",270.062,FALSE,NA,NA,"<= day","daily",NA,1,TRUE
"2008-09-11",270.225,FALSE,NA,NA,"<= day","daily",NA,1,TRUE
"2008-09-12",269.558,FALSE,NA,NA,"<= day","daily",NA,1,TRUE
"2008-09-13",268.604,FALSE,NA,NA,"<= day","daily",NA,1,TRUE
"2008-09-14",268.808,FALSE,NA,NA,"<= day","daily",NA,1,TRUE
"2008-09-15",267.546,FALSE,NA,NA,"<= day","daily",NA,1,TRUE
"2008-09-16",266.5,FALSE,NA,NA,"<= day","daily",NA,1,TRUE
"2008-09-17",266.229,FALSE,NA,NA,"<= day","daily",NA,1,TRUE
"2008-09-18",266.108,FALSE,NA,NA,"<= day","daily",NA,1,TRUE
"2008-09-19",265.975,FALSE,NA,NA,"<= day","daily",NA,1,TRUE
"2008-09-20",265.096,FALSE,NA,NA,"<= day","daily",NA,1,TRUE
"2008-09-21",264.242,FALSE,NA,NA,"<= day","daily",NA,1,TRUE
"2008-09-22",263.529,FALSE,NA,NA,"<= day","daily",NA,1,TRUE
"2008-09-23",263.492,FALSE,NA,NA,"<= day","daily",NA,1,TRUE
"2008-09-24",262.967,FALSE,NA,NA,"<= day","daily",NA,1,TRUE
"2008-09-25",262.783,FALSE,NA,NA,"<= day","daily",NA,1,TRUE
"2008-09-26",262.504,FALSE,NA,NA,"<= day","daily",NA,1,TRUE
"2008-09-27",262.562,FALSE,NA,NA,"<= day","daily",NA,1,TRUE
"2008-09-28",262.708,FALSE,NA,NA,"<= day","daily",NA,1,TRUE
"2008-09-29",262.279,FALSE,NA,NA,"<= day","daily",NA,1,TRUE
"2008-09-30",262.075,FALSE,NA,NA,"<= day","daily",NA,1,TRUE
"2008-10-01",260.696,FALSE,NA,NA,"<= day","daily",NA,1,TRUE
"2008-10-02",259.562,FALSE,NA,NA,"<= day","daily",NA,1,TRUE
"2008-10-03",259.629,FALSE,NA,NA,"<= day","daily",NA,1,TRUE
"2008-10-04",258.962,FALSE,NA,NA,"<= day","daily",NA,1,TRUE
"2008-10-05",258.433,FALSE,NA,NA,"<= day","daily",NA,1,TRUE
"2008-10-06",258.562,FALSE,NA,NA,"<= day","daily",NA,1,TRUE
"2008-10-07",259.837,FALSE,NA,NA,"<= day","daily",NA,1,TRUE
"2008-10-08",260.717,FALSE,NA,NA,"<= day","daily",NA,1,TRUE
"2008-10-09",260.125,FALSE,NA,NA,"<= day","daily",NA,1,TRUE
"2008-10-10",259.779,FALSE,NA,NA,"<= day","daily",NA,1,TRUE
"2008-10-11",259.421,FALSE,NA,NA,"<= day","daily",NA,1,TRUE
"2008-10-12",259.267,FALSE,NA,NA,"<= day","daily",NA,1,TRUE
"2008-10-13",259.317,FALSE,NA,NA,"<= day","daily",NA,1,TRUE
"2008-10-14",259.25,FALSE,NA,NA,"<= day","daily",NA,1,TRUE
"2008-10-15",259.417,FALSE,NA,NA,"<= day","daily",NA,1,TRUE
"2008-10-16",259.267,FALSE,NA,NA,"<= day","daily",NA,1,TRUE
"2008-10-17",258.046,FALSE,NA,NA,"<= day","daily",NA,1,TRUE
"2008-10-18",258.967,FALSE,NA,NA,"<= day","daily",NA,1,TRUE
"2008-10-19",259.163,FALSE,NA,NA,"<= day","daily",NA,1,TRUE
"2008-10-20",258.888,FALSE,NA,NA,"<= day","daily",NA,1,TRUE
"2008-10-21",258.642,FALSE,NA,NA,"<= day","daily",NA,1,TRUE
"2008-10-22",258.6,FALSE,NA,NA,"<= day","daily",NA,1,TRUE
"2008-10-23",257.946,FALSE,NA,NA,"<= day","daily",NA,1,TRUE
"2008-10-24",257.696,FALSE,NA,NA,"<= day","daily",NA,1,TRUE
"2008-10-25",257.296,FALSE,NA,NA,"<= day","daily",NA,1,TRUE
"2008-10-26",257.988,FALSE,NA,NA,"<= day","daily",NA,1,TRUE
"2008-10-27",257.579,FALSE,NA,NA,"<= day","daily",NA,1,TRUE
"2008-10-28",257.738,FALSE,NA,NA,"<= day","daily",NA,1,TRUE
"2008-10-29",258.217,FALSE,NA,NA,"<= day","daily",NA,1,TRUE
"2008-10-30",258.538,FALSE,NA,NA,"<= day","daily",NA,1,TRUE
"2008-10-31",257.5,FALSE,NA,NA,"<= day","daily",NA,1,TRUE
"2008-11-01",257.05,FALSE,NA,NA,"<= day","daily",NA,1,TRUE
"2008-11-02",256.767,FALSE,NA,NA,"<= day","daily",NA,1,TRUE
"2008-11-03",256.204,FALSE,NA,NA,"<= day","daily",NA,1,TRUE
"2008-11-04",256.142,FALSE,NA,NA,"<= day","daily",NA,1,TRUE
"2008-11-05",255.708,FALSE,NA,NA,"<= day","daily",NA,1,TRUE
"2008-11-06",255.675,FALSE,NA,NA,"<= day","daily",NA,1,TRUE
"2008-11-07",256.767,FALSE,NA,NA,"<= day","daily",NA,1,TRUE
"2008-11-08",255.992,FALSE,NA,NA,"<= day","daily",NA,1,TRUE
"2008-11-09",255.213,FALSE,NA,NA,"<= day","daily",NA,1,TRUE
"2008-11-10",255.296,FALSE,NA,NA,"<= day","daily",NA,1,TRUE
"2008-11-11",255.579,FALSE,NA,NA,"<= day","daily",NA,1,TRUE
"2008-11-12",255.358,FALSE,NA,NA,"<= day","daily",NA,1,TRUE
"2008-11-13",254.65,FALSE,NA,NA,"<= day","daily",NA,1,TRUE
"2008-11-14",254.054,FALSE,NA,NA,"<= day","daily",NA,1,TRUE
"2008-11-15",253.55,FALSE,NA,NA,"<= day","daily",NA,1,TRUE
"2008-11-16",253.517,FALSE,NA,NA,"<= day","daily",NA,1,TRUE
"2008-11-17",254.683,FALSE,NA,NA,"<= day","daily",NA,1,TRUE
"2008-11-18",254.042,FALSE,NA,NA,"<= day","daily",NA,1,TRUE
"2008-11-19",253.312,FALSE,NA,NA,"<= day","daily",NA,1,TRUE
"2008-11-20",253.45,FALSE,NA,NA,"<= day","daily",NA,1,TRUE
"2008-11-21",256.462,FALSE,NA,NA,"<= day","daily",NA,1,TRUE
"2008-11-22",254.825,FALSE,NA,NA,"<= day","daily",NA,1,TRUE
"2008-11-23",252.979,FALSE,NA,NA,"<= day","daily",NA,1,TRUE
"2008-11-24",252.175,FALSE,NA,NA,"<= day","daily",NA,1,TRUE
"2008-11-25",250.592,FALSE,NA,NA,"<= day","daily",NA,1,TRUE
"2008-11-26",251.142,FALSE,NA,NA,"<= day","daily",NA,1,TRUE
"2008-11-27",250.7,FALSE,NA,NA,"<= day","daily",NA,1,TRUE
"2008-11-28",251.079,FALSE,NA,NA,"<= day","daily",NA,1,TRUE
"2008-11-29",251.029,FALSE,NA,NA,"<= day","daily",NA,1,TRUE
"2008-11-30",251.5,FALSE,NA,NA,"<= day","daily",NA,1,TRUE
"2008-12-01",251.858,FALSE,NA,NA,"<= day","daily",NA,1,TRUE
"2008-12-02",250.35,FALSE,NA,NA,"<= day","daily",NA,1,TRUE
"2008-12-03",250.3,FALSE,NA,NA,"<= day","daily",NA,1,TRUE
"2008-12-04",249.733,FALSE,NA,NA,"<= day","daily",NA,1,TRUE
"2008-12-05",250.025,FALSE,NA,NA,"<= day","daily",NA,1,TRUE
"2008-12-06",249.725,FALSE,NA,NA,"<= day","daily",NA,1,TRUE
"2008-12-07",249.246,FALSE,NA,NA,"<= day","daily",NA,1,TRUE
"2008-12-08",248.954,FALSE,NA,NA,"<= day","daily",NA,1,TRUE
"2008-12-09",249.175,FALSE,NA,NA,"<= day","daily",NA,1,TRUE
"2008-12-10",249.179,FALSE,NA,NA,"<= day","daily",NA,1,TRUE
"2008-12-11",248.792,FALSE,NA,NA,"<= day","daily",NA,1,TRUE
"2008-12-12",248.471,FALSE,NA,NA,"<= day","daily",NA,1,TRUE
"2008-12-13",247.838,FALSE,NA,NA,"<= day","daily",NA,1,TRUE
"2008-12-14",247.642,FALSE,NA,NA,"<= day","daily",NA,1,TRUE
"2008-12-15",247.963,FALSE,NA,NA,"<= day","daily",NA,1,TRUE
"2008-12-16",249.146,FALSE,NA,NA,"<= day","daily",NA,1,TRUE
"2008-12-17",249.029,FALSE,NA,NA,"<= day","daily",NA,1,TRUE
"2008-12-18",248.296,FALSE,NA,NA,"<= day","daily",NA,1,TRUE
"2008-12-19",248.154,FALSE,NA,NA,"<= day","daily",NA,1,TRUE
"2008-12-20",250.504,FALSE,NA,NA,"<= day","daily",NA,1,TRUE
"2008-12-21",276.925,FALSE,NA,NA,"<= day","daily",NA,1,TRUE
"2008-12-22",268.762,FALSE,NA,NA,"<= day","daily",NA,1,TRUE
"2008-12-23",260.312,FALSE,NA,NA,"<= day","daily",NA,1,TRUE
"2008-12-24",255.008,FALSE,NA,NA,"<= day","daily",NA,1,TRUE
"2008-12-25",252.838,FALSE,NA,NA,"<= day","daily",NA,1,TRUE
"2008-12-26",251.6,FALSE,NA,NA,"<= day","daily",NA,1,TRUE
"2008-12-27",250.725,FALSE,NA,NA,"<= day","daily",NA,1,TRUE
"2008-12-28",250.542,FALSE,NA,NA,"<= day","daily",NA,1,TRUE
"2008-12-29",250.037,FALSE,NA,NA,"<= day","daily",NA,1,TRUE
"2008-12-30",249.55,FALSE,NA,NA,"<= day","daily",NA,1,TRUE
"2008-12-31",249.412,FALSE,NA,NA,"<= day","daily",NA,1,TRUE
"2009-01-01",248.746,FALSE,NA,NA,"<= day","daily",NA,1,TRUE
"2009-01-02",248.117,FALSE,NA,NA,"<= day","daily",NA,1,TRUE
"2009-01-03",248.4,FALSE,NA,NA,"<= day","daily",NA,1,TRUE
"2009-01-04",249.658,FALSE,NA,NA,"<= day","daily",NA,1,TRUE
"2009-01-05",249.354,FALSE,NA,NA,"<= day","daily",NA,1,TRUE
"2009-01-06",248.713,FALSE,NA,NA,"<= day","daily",NA,1,TRUE
"2009-01-07",248.754,FALSE,NA,NA,"<= day","daily",NA,1,TRUE
"2009-01-08",248.925,FALSE,NA,NA,"<= day","daily",NA,1,TRUE
"2009-01-09",248.225,FALSE,NA,NA,"<= day","daily",NA,1,TRUE
"2009-01-10",247.746,FALSE,NA,NA,"<= day","daily",NA,1,TRUE
"2009-01-11",247.033,FALSE,NA,NA,"<= day","daily",NA,1,TRUE
"2009-01-12",246.7,FALSE,NA,NA,"<= day","daily",NA,1,TRUE
"2009-01-13",246.567,FALSE,NA,NA,"<= day","daily",NA,1,TRUE
"2009-01-14",247,FALSE,NA,NA,"<= day","daily",NA,1,TRUE
"2009-01-15",246.7,FALSE,NA,NA,"<= day","daily",NA,1,TRUE
"2009-01-16",246.633,FALSE,NA,NA,"<= day","daily",NA,1,TRUE
"2009-01-17",246.133,FALSE,NA,NA,"<= day","daily",NA,1,TRUE
"2009-01-18",246.333,FALSE,NA,NA,"<= day","daily",NA,1,TRUE
"2009-01-19",246.967,FALSE,NA,NA,"<= day","daily",NA,1,TRUE
"2009-01-20",247.171,FALSE,NA,NA,"<= day","daily",NA,1,TRUE
"2009-01-21",246.367,FALSE,NA,NA,"<= day","daily",NA,1,TRUE
"2009-01-22",246.367,FALSE,NA,NA,"<= day","daily",NA,1,TRUE
"2009-01-23",247.746,FALSE,NA,NA,"<= day","daily",NA,1,TRUE
"2009-01-24",247.633,FALSE,NA,NA,"<= day","daily",NA,1,TRUE
"2009-01-25",247.675,FALSE,NA,NA,"<= day","daily",NA,1,TRUE
"2009-01-26",247.067,FALSE,NA,NA,"<= day","daily",NA,1,TRUE
"2009-01-27",245.117,FALSE,NA,NA,"<= day","daily",NA,1,TRUE
"2009-01-28",245.275,FALSE,NA,NA,"<= day","daily",NA,1,TRUE
"2009-01-29",245.008,FALSE,NA,NA,"<= day","daily",NA,1,TRUE
"2009-01-30",245.175,FALSE,NA,NA,"<= day","daily",NA,1,TRUE
"2009-01-31",245.512,FALSE,NA,NA,"<= day","daily",NA,1,TRUE
"2009-02-01",245.521,FALSE,NA,NA,"<= day","daily",NA,1,TRUE
"2009-02-02",245.762,FALSE,NA,NA,"<= day","daily",NA,1,TRUE
"2009-02-03",246.367,FALSE,NA,NA,"<= day","daily",NA,1,TRUE
"2009-02-04",246.667,FALSE,NA,NA,"<= day","daily",NA,1,TRUE
"2009-02-05",246.025,FALSE,NA,NA,"<= day","daily",NA,1,TRUE
"2009-02-06",247.133,FALSE,NA,NA,"<= day","daily",NA,1,TRUE
"2009-02-07",246.433,FALSE,NA,NA,"<= day","daily",NA,1,TRUE
"2009-02-08",246.333,FALSE,NA,NA,"<= day","daily",NA,1,TRUE
"2009-02-09",246.096,FALSE,NA,NA,"<= day","daily",NA,1,TRUE
"2009-02-10",246.7,FALSE,NA,NA,"<= day","daily",NA,1,TRUE
"2009-02-11",244.821,FALSE,NA,NA,"<= day","daily",NA,1,TRUE
"2009-02-12",244.062,FALSE,NA,NA,"<= day","daily",NA,1,TRUE
"2009-02-13",243.688,FALSE,NA,NA,"<= day","daily",NA,1,TRUE
"2009-02-14",243.275,FALSE,NA,NA,"<= day","daily",NA,1,TRUE
"2009-02-15",243.033,FALSE,NA,NA,"<= day","daily",NA,1,TRUE
"2009-02-16",242.533,FALSE,NA,NA,"<= day","daily",NA,1,TRUE
"2009-02-17",241.963,FALSE,NA,NA,"<= day","daily",NA,1,TRUE
"2009-02-18",241.287,FALSE,NA,NA,"<= day","daily",NA,1,TRUE
"2009-02-19",240.067,FALSE,NA,NA,"<= day","daily",NA,1,TRUE
"2009-02-20",239.812,FALSE,NA,NA,"<= day","daily",NA,1,TRUE
"2009-02-21",239.108,FALSE,NA,NA,"<= day","daily",NA,1,TRUE
"2009-02-22",239.983,FALSE,NA,NA,"<= day","daily",NA,1,TRUE
"2009-02-23",239.446,FALSE,NA,NA,"<= day","daily",NA,1,TRUE
"2009-02-24",239.137,FALSE,NA,NA,"<= day","daily",NA,1,TRUE
"2009-02-25",239.812,FALSE,NA,NA,"<= day","daily",NA,1,TRUE
"2009-02-26",240.213,FALSE,NA,NA,"<= day","daily",NA,1,TRUE
"2009-02-27",241.571,FALSE,NA,NA,"<= day","daily",NA,1,TRUE
"2009-02-28",242.296,FALSE,NA,NA,"<= day","daily",NA,1,TRUE
"2009-03-01",242.842,FALSE,NA,NA,"<= day","daily",NA,1,TRUE
"2009-03-02",241.508,FALSE,NA,NA,"<= day","daily",NA,1,TRUE
"2009-03-03",241.887,FALSE,NA,NA,"<= day","daily",NA,1,TRUE
"2009-03-04",242.296,FALSE,NA,NA,"<= day","daily",NA,1,TRUE
"2009-03-05",242.642,FALSE,NA,NA,"<= day","daily",NA,1,TRUE
"2009-03-06",243.554,FALSE,NA,NA,"<= day","daily",NA,1,TRUE
"2009-03-07",242.529,FALSE,NA,NA,"<= day","daily",NA,1,TRUE
"2009-03-08",243.004,FALSE,NA,NA,"<= day","daily",NA,1,TRUE
"2009-03-09",243.033,FALSE,NA,NA,"<= day","daily",NA,1,TRUE
"2009-03-10",243.338,FALSE,NA,NA,"<= day","daily",NA,1,TRUE
"2009-03-11",243.371,FALSE,NA,NA,"<= day","daily",NA,1,TRUE
"2009-03-12",243.142,FALSE,NA,NA,"<= day","daily",NA,1,TRUE
"2009-03-13",249.404,FALSE,NA,NA,"<= day","daily",NA,1,TRUE
"2009-03-14",244.879,FALSE,NA,NA,"<= day","daily",NA,1,TRUE
"2009-03-15",248.617,FALSE,NA,NA,"<= day","daily",NA,1,TRUE
"2009-03-16",246.729,FALSE,NA,NA,"<= day","daily",NA,1,TRUE
"2009-03-17",245.312,FALSE,NA,NA,"<= day","daily",NA,1,TRUE
"2009-03-18",245.054,FALSE,NA,NA,"<= day","daily",NA,1,TRUE
"2009-03-19",243.075,FALSE,NA,NA,"<= day","daily",NA,1,TRUE
"2009-03-20",243.042,FALSE,NA,NA,"<= day","daily",NA,1,TRUE
"2009-03-21",243.071,FALSE,NA,NA,"<= day","daily",NA,1,TRUE
"2009-03-22",242.875,FALSE,NA,NA,"<= day","daily",NA,1,TRUE
"2009-03-23",242.808,FALSE,NA,NA,"<= day","daily",NA,1,TRUE
"2009-03-24",243.321,FALSE,NA,NA,"<= day","daily",NA,1,TRUE
"2009-03-25",241.867,FALSE,NA,NA,"<= day","daily",NA,1,TRUE
"2009-03-26",240.275,FALSE,NA,NA,"<= day","daily",NA,1,TRUE
"2009-03-27",242.167,FALSE,NA,NA,"<= day","daily",NA,1,TRUE
"2009-03-28",242.808,FALSE,NA,NA,"<= day","daily",NA,1,TRUE
"2009-03-29",243.508,FALSE,NA,NA,"<= day","daily",NA,1,TRUE
"2009-03-30",244.025,FALSE,NA,NA,"<= day","daily",NA,1,TRUE
"2009-03-31",243.137,FALSE,NA,NA,"<= day","daily",NA,1,TRUE
"2009-04-01",244.504,FALSE,NA,NA,"<= day","daily",NA,1,TRUE
"2009-04-02",246.217,FALSE,NA,NA,"<= day","daily",NA,1,TRUE
"2009-04-03",248.317,FALSE,NA,NA,"<= day","daily",NA,1,TRUE
"2009-04-04",248.425,FALSE,NA,NA,"<= day","daily",NA,1,TRUE
"2009-04-05",249.804,FALSE,NA,NA,"<= day","daily",NA,1,TRUE
"2009-04-06",251.458,FALSE,NA,NA,"<= day","daily",NA,1,TRUE
"2009-04-07",252.667,FALSE,NA,NA,"<= day","daily",NA,1,TRUE
"2009-04-08",253.662,FALSE,NA,NA,"<= day","daily",NA,1,TRUE
"2009-04-09",254.613,FALSE,NA,NA,"<= day","daily",NA,1,TRUE
"2009-04-10",255.954,FALSE,NA,NA,"<= day","daily",NA,1,TRUE
"2009-04-11",256.512,FALSE,NA,NA,"<= day","daily",NA,1,TRUE
"2009-04-12",257.075,FALSE,NA,NA,"<= day","daily",NA,1,TRUE
"2009-04-13",257.421,FALSE,NA,NA,"<= day","daily",NA,1,TRUE
"2009-04-14",258.679,FALSE,NA,NA,"<= day","daily",NA,1,TRUE
"2009-04-15",259.342,FALSE,NA,NA,"<= day","daily",NA,1,TRUE
"2009-04-16",260.383,FALSE,NA,NA,"<= day","daily",NA,1,TRUE
"2009-04-17",260.587,FALSE,NA,NA,"<= day","daily",NA,1,TRUE
"2009-04-18",260.262,FALSE,NA,NA,"<= day","daily",NA,1,TRUE
"2009-04-19",260.3,FALSE,NA,NA,"<= day","daily",NA,1,TRUE
"2009-04-20",262.042,FALSE,NA,NA,"<= day","daily",NA,1,TRUE
"2009-04-21",264.458,FALSE,NA,NA,"<= day","daily",NA,1,TRUE
"2009-04-22",264.229,FALSE,NA,NA,"<= day","daily",NA,1,TRUE
"2009-04-23",264.196,FALSE,NA,NA,"<= day","daily",NA,1,TRUE
"2009-04-24",263.283,FALSE,NA,NA,"<= day","daily",NA,1,TRUE
"2009-04-25",263.667,FALSE,NA,NA,"<= day","daily",NA,1,TRUE
"2009-04-26",264.433,FALSE,NA,NA,"<= day","daily",NA,1,TRUE
"2009-04-27",265.617,FALSE,NA,NA,"<= day","daily",NA,1,TRUE
"2009-04-28",267.608,FALSE,NA,NA,"<= day","daily",NA,1,TRUE
"2009-04-29",267.433,FALSE,NA,NA,"<= day","daily",NA,1,TRUE
"2009-04-30",267.967,FALSE,NA,NA,"<= day","daily",NA,1,TRUE
"2009-05-01",266.992,FALSE,NA,NA,"<= day","daily",NA,1,TRUE
"2009-05-02",267.163,FALSE,NA,NA,"<= day","daily",NA,1,TRUE
"2009-05-03",267.8,FALSE,NA,NA,"<= day","daily",NA,1,TRUE
"2009-05-04",268.492,FALSE,NA,NA,"<= day","daily",NA,1,TRUE
"2009-05-05",268.317,FALSE,NA,NA,"<= day","daily",NA,1,TRUE
"2009-05-06",270.438,FALSE,NA,NA,"<= day","daily",NA,1,TRUE
"2009-05-07",270.979,FALSE,NA,NA,"<= day","daily",NA,1,TRUE
"2009-05-08",271.879,FALSE,NA,NA,"<= day","daily",NA,1,TRUE
"2009-05-09",273.288,FALSE,NA,NA,"<= day","daily",NA,1,TRUE
"2009-05-10",274.079,FALSE,NA,NA,"<= day","daily",NA,1,TRUE
"2009-05-11",275.496,FALSE,NA,NA,"<= day","daily",NA,1,TRUE
"2009-05-12",276.521,FALSE,NA,NA,"<= day","daily",NA,1,TRUE
"2009-05-13",277.621,FALSE,NA,NA,"<= day","daily",NA,1,TRUE
"2009-05-14",279.508,FALSE,NA,NA,"<= day","daily",NA,1,TRUE
"2009-05-15",282.288,FALSE,NA,NA,"<= day","daily",NA,1,TRUE
"2009-05-16",283.508,FALSE,NA,NA,"<= day","daily",NA,1,TRUE
"2009-05-17",283.712,FALSE,NA,NA,"<= day","daily",NA,1,TRUE
"2009-05-18",283.825,FALSE,NA,NA,"<= day","daily",NA,1,TRUE
"2009-05-19",282.913,FALSE,NA,NA,"<= day","daily",NA,1,TRUE
"2009-05-20",283.233,FALSE,NA,NA,"<= day","daily",NA,1,TRUE
"2009-05-21",282.292,FALSE,NA,NA,"<= day","daily",NA,1,TRUE
"2009-05-22",283.125,FALSE,NA,NA,"<= day","daily",NA,1,TRUE
"2009-05-23",282.675,FALSE,NA,NA,"<= day","daily",NA,1,TRUE
"2009-05-24",283.275,FALSE,NA,NA,"<= day","daily",NA,1,TRUE
"2009-05-25",284.417,FALSE,NA,NA,"<= day","daily",NA,1,TRUE
"2009-05-26",284.983,FALSE,NA,NA,"<= day","daily",NA,1,TRUE
"2009-05-27",285.762,FALSE,NA,NA,"<= day","daily",NA,1,TRUE
"2009-05-28",286.962,FALSE,NA,NA,"<= day","daily",NA,1,TRUE
"2009-05-29",287.525,FALSE,NA,NA,"<= day","daily",NA,1,TRUE
"2009-05-30",286.738,FALSE,NA,NA,"<= day","daily",NA,1,TRUE
"2009-05-31",286.812,FALSE,NA,NA,"<= day","daily",NA,1,TRUE
"2009-06-01",286.738,FALSE,NA,NA,"<= day","daily",NA,1,TRUE
"2009-06-02",283.913,FALSE,NA,NA,"<= day","daily",NA,1,TRUE
"2009-06-03",283.229,FALSE,NA,NA,"<= day","daily",NA,1,TRUE
"2009-06-04",284.217,FALSE,NA,NA,"<= day","daily",NA,1,TRUE
"2009-06-05",283.612,FALSE,NA,NA,"<= day","daily",NA,1,TRUE
"2009-06-06",283.658,FALSE,NA,NA,"<= day","daily",NA,1,TRUE
"2009-06-07",283,FALSE,NA,NA,"<= day","daily",NA,1,TRUE
"2009-06-08",282.325,FALSE,NA,NA,"<= day","daily",NA,1,TRUE
"2009-06-09",282.646,FALSE,NA,NA,"<= day","daily",NA,1,TRUE
"2009-06-10",282.583,FALSE,NA,NA,"<= day","daily",NA,1,TRUE
"2009-06-11",282.542,FALSE,NA,NA,"<= day","daily",NA,1,TRUE
"2009-06-12",282.025,FALSE,NA,NA,"<= day","daily",NA,1,TRUE
"2009-06-13",282.175,FALSE,NA,NA,"<= day","daily",NA,1,TRUE
"2009-06-14",282.579,FALSE,NA,NA,"<= day","daily",NA,1,TRUE
"2009-06-15",282.967,FALSE,NA,NA,"<= day","daily",NA,1,TRUE
"2009-06-16",282.837,FALSE,NA,NA,"<= day","daily",NA,1,TRUE
"2009-06-17",283.025,FALSE,NA,NA,"<= day","daily",NA,1,TRUE
"2009-06-18",282.458,FALSE,NA,NA,"<= day","daily",NA,1,TRUE
"2009-06-19",283.388,FALSE,NA,NA,"<= day","daily",NA,1,TRUE
"2009-06-20",284.117,FALSE,NA,NA,"<= day","daily",NA,1,TRUE
"2009-06-21",280.867,FALSE,NA,NA,"<= day","daily",NA,1,TRUE
"2009-06-22",281.175,FALSE,NA,NA,"<= day","daily",NA,1,TRUE
"2009-06-23",294.575,FALSE,NA,NA,"<= day","daily",NA,1,TRUE
"2009-06-24",302.246,FALSE,NA,NA,"<= day","daily",NA,1,TRUE
"2009-06-25",289.925,FALSE,NA,NA,"<= day","daily",NA,1,TRUE
"2009-06-26",288.612,FALSE,NA,NA,"<= day","daily",NA,1,TRUE
"2009-06-27",287.638,FALSE,NA,NA,"<= day","daily",NA,1,TRUE
"2009-06-28",286.55,FALSE,NA,NA,"<= day","daily",NA,1,TRUE
"2009-06-29",285.462,FALSE,NA,NA,"<= day","daily",NA,1,TRUE
"2009-06-30",285.283,FALSE,NA,NA,"<= day","daily",NA,1,TRUE
"2009-07-01",284.646,FALSE,NA,NA,"<= day","daily",NA,1,TRUE
"2009-07-02",284.354,FALSE,NA,NA,"<= day","daily",NA,1,TRUE
"2009-07-03",284.079,FALSE,NA,NA,"<= day","daily",NA,1,TRUE
"2009-07-04",285.688,FALSE,NA,NA,"<= day","daily",NA,1,TRUE
"2009-07-05",284.738,FALSE,NA,NA,"<= day","daily",NA,1,TRUE
"2009-07-06",285.729,FALSE,NA,NA,"<= day","daily",NA,1,TRUE
"2009-07-07",288.246,FALSE,NA,NA,"<= day","daily",NA,1,TRUE
"2009-07-08",291.238,FALSE,NA,NA,"<= day","daily",NA,1,TRUE
"2009-07-09",288.312,FALSE,NA,NA,"<= day","daily",NA,1,TRUE
"2009-07-10",286.325,FALSE,NA,NA,"<= day","daily",NA,1,TRUE
"2009-07-11",285.425,FALSE,NA,NA,"<= day","daily",NA,1,TRUE
"2009-07-12",284.079,FALSE,NA,NA,"<= day","daily",NA,1,TRUE
"2009-07-13",281.825,FALSE,NA,NA,"<= day","daily",NA,1,TRUE
"2009-07-14",280.154,FALSE,NA,NA,"<= day","daily",NA,1,TRUE
"2009-07-15",280.142,FALSE,NA,NA,"<= day","daily",NA,1,TRUE
"2009-07-16",280.438,FALSE,NA,NA,"<= day","daily",NA,1,TRUE
"2009-07-17",280.183,FALSE,NA,NA,"<= day","daily",NA,1,TRUE
"2009-07-18",289.421,FALSE,NA,NA,"<= day","daily",NA,1,TRUE
"2009-07-19",291.538,FALSE,NA,NA,"<= day","daily",NA,1,TRUE
"2009-07-20",285.692,FALSE,NA,NA,"<= day","daily",NA,1,TRUE
"2009-07-21",284.954,FALSE,NA,NA,"<= day","daily",NA,1,TRUE
"2009-07-22",285.021,FALSE,NA,NA,"<= day","daily",NA,1,TRUE
"2009-07-23",283.121,FALSE,NA,NA,"<= day","daily",NA,1,TRUE
"2009-07-24",281.85,FALSE,NA,NA,"<= day","daily",NA,1,TRUE
"2009-07-25",280.508,FALSE,NA,NA,"<= day","daily",NA,1,TRUE
"2009-07-26",279.421,FALSE,NA,NA,"<= day","daily",NA,1,TRUE
"2009-07-27",277.829,FALSE,NA,NA,"<= day","daily",NA,1,TRUE
"2009-07-28",277.75,FALSE,NA,NA,"<= day","daily",NA,1,TRUE
"2009-07-29",276.817,FALSE,NA,NA,"<= day","daily",NA,1,TRUE
"2009-07-30",276.958,FALSE,NA,NA,"<= day","daily",NA,1,TRUE
"2009-07-31",275.283,FALSE,NA,NA,"<= day","daily",NA,1,TRUE
"2009-08-01",274.413,FALSE,NA,NA,"<= day","daily",NA,1,TRUE
"2009-08-02",274.046,FALSE,NA,NA,"<= day","daily",NA,1,TRUE
"2009-08-03",274.087,FALSE,NA,NA,"<= day","daily",NA,1,TRUE
"2009-08-04",277.371,FALSE,NA,NA,"<= day","daily",NA,1,TRUE
"2009-08-05",276.046,FALSE,NA,NA,"<= day","daily",NA,1,TRUE
"2009-08-06",275.204,FALSE,NA,NA,"<= day","daily",NA,1,TRUE
"2009-08-07",274.992,FALSE,NA,NA,"<= day","daily",NA,1,TRUE
"2009-08-08",274.95,FALSE,NA,NA,"<= day","daily",NA,1,TRUE
"2009-08-09",274.938,FALSE,NA,NA,"<= day","daily",NA,1,TRUE
"2009-08-10",274.054,FALSE,NA,NA,"<= day","daily",NA,1,TRUE
"2009-08-11",274.3,FALSE,NA,NA,"<= day","daily",NA,1,TRUE
"2009-08-12",273.333,FALSE,NA,NA,"<= day","daily",NA,1,TRUE
"2009-08-13",273.896,FALSE,NA,NA,"<= day","daily",NA,1,TRUE
"2009-08-14",273.329,FALSE,NA,NA,"<= day","daily",NA,1,TRUE
"2009-08-15",274.15,FALSE,NA,NA,"<= day","daily",NA,1,TRUE
"2009-08-16",275.362,FALSE,NA,NA,"<= day","daily",NA,1,TRUE
"2009-08-17",274.667,FALSE,NA,NA,"<= day","daily",NA,1,TRUE
"2009-08-18",275.837,FALSE,NA,NA,"<= day","daily",NA,1,TRUE
"2009-08-19",276.521,FALSE,NA,NA,"<= day","daily",NA,1,TRUE
"2009-08-20",277.358,FALSE,NA,NA,"<= day","daily",NA,1,TRUE
"2009-08-21",277.758,FALSE,NA,NA,"<= day","daily",NA,1,TRUE
"2009-08-22",277.225,FALSE,NA,NA,"<= day","daily",NA,1,TRUE
"2009-08-23",276.675,FALSE,NA,NA,"<= day","daily",NA,1,TRUE
"2009-08-24",277.983,FALSE,NA,NA,"<= day","daily",NA,1,TRUE
"2009-08-25",279.175,FALSE,NA,NA,"<= day","daily",NA,1,TRUE
"2009-08-26",278.475,FALSE,NA,NA,"<= day","daily",NA,1,TRUE
"2009-08-27",277.612,FALSE,NA,NA,"<= day","daily",NA,1,TRUE
"2009-08-28",277.004,FALSE,NA,NA,"<= day","daily",NA,1,TRUE
"2009-08-29",276.375,FALSE,NA,NA,"<= day","daily",NA,1,TRUE
"2009-08-30",276.921,FALSE,NA,NA,"<= day","daily",NA,1,TRUE
"2009-08-31",277.504,FALSE,NA,NA,"<= day","daily",NA,1,TRUE
"2009-09-01",278.633,FALSE,NA,NA,"<= day","daily",NA,1,TRUE
"2009-09-02",277.317,FALSE,NA,NA,"<= day","daily",NA,1,TRUE
"2009-09-03",278.629,FALSE,NA,NA,"<= day","daily",NA,1,TRUE
"2009-09-04",277.842,FALSE,NA,NA,"<= day","daily",NA,1,TRUE
"2009-09-05",276.196,FALSE,NA,NA,"<= day","daily",NA,1,TRUE
"2009-09-06",277.438,FALSE,NA,NA,"<= day","daily",NA,1,TRUE
"2009-09-07",277.871,FALSE,NA,NA,"<= day","daily",NA,1,TRUE
"2009-09-08",278.196,FALSE,NA,NA,"<= day","daily",NA,1,TRUE
"2009-09-09",277.825,FALSE,NA,NA,"<= day","daily",NA,1,TRUE
"2009-09-10",276.229,FALSE,NA,NA,"<= day","daily",NA,1,TRUE
"2009-09-11",276.404,FALSE,NA,NA,"<= day","daily",NA,1,TRUE
"2009-09-12",274.962,FALSE,NA,NA,"<= day","daily",NA,1,TRUE
"2009-09-13",275.758,FALSE,NA,NA,"<= day","daily",NA,1,TRUE
"2009-09-14",274.962,FALSE,NA,NA,"<= day","daily",NA,1,TRUE
"2009-09-15",275.433,FALSE,NA,NA,"<= day","daily",NA,1,TRUE
"2009-09-16",275.429,FALSE,NA,NA,"<= day","daily",NA,1,TRUE
"2009-09-17",277.212,FALSE,NA,NA,"<= day","daily",NA,1,TRUE
"2009-09-18",276.996,FALSE,NA,NA,"<= day","daily",NA,1,TRUE
"2009-09-19",277.692,FALSE,NA,NA,"<= day","daily",NA,1,TRUE
"2009-09-20",278.196,FALSE,NA,NA,"<= day","daily",NA,1,TRUE
"2009-09-21",277.913,FALSE,NA,NA,"<= day","daily",NA,1,TRUE
"2009-09-22",277.179,FALSE,NA,NA,"<= day","daily",NA,1,TRUE
"2009-09-23",276.375,FALSE,NA,NA,"<= day","daily",NA,1,TRUE
"2009-09-24",275.717,FALSE,NA,NA,"<= day","daily",NA,1,TRUE
"2009-09-25",274.913,FALSE,NA,NA,"<= day","daily",NA,1,TRUE
"2009-09-26",274.229,FALSE,NA,NA,"<= day","daily",NA,1,TRUE
"2009-09-27",273.508,FALSE,NA,NA,"<= day","daily",NA,1,TRUE
"2009-09-28",273.1,FALSE,NA,NA,"<= day","daily",NA,1,TRUE
"2009-09-29",273.033,FALSE,NA,NA,"<= day","daily",NA,1,TRUE
"2009-09-30",273.067,FALSE,NA,NA,"<= day","daily",NA,1,TRUE
"2009-10-01",272.054,FALSE,NA,NA,"<= day","daily",NA,1,TRUE
"2009-10-02",271.842,FALSE,NA,NA,"<= day","daily",NA,1,TRUE
"2009-10-03",271.467,FALSE,NA,NA,"<= day","daily",NA,1,TRUE
"2009-10-04",268.571,FALSE,NA,NA,"<= day","daily",NA,1,TRUE
"2009-10-05",269.596,FALSE,NA,NA,"<= day","daily",NA,1,TRUE
"2009-10-06",269.133,FALSE,NA,NA,"<= day","daily",NA,1,TRUE
"2009-10-07",270.188,FALSE,NA,NA,"<= day","daily",NA,1,TRUE
"2009-10-08",270.65,FALSE,NA,NA,"<= day","daily",NA,1,TRUE
"2009-10-09",270.875,FALSE,NA,NA,"<= day","daily",NA,1,TRUE
"2009-10-10",270.108,FALSE,NA,NA,"<= day","daily",NA,1,TRUE
"2009-10-11",270.146,FALSE,NA,NA,"<= day","daily",NA,1,TRUE
"2009-10-12",275.621,FALSE,NA,NA,"<= day","daily",NA,1,TRUE
"2009-10-13",277.504,FALSE,NA,NA,"<= day","daily",NA,1,TRUE
"2009-10-14",276.308,FALSE,NA,NA,"<= day","daily",NA,1,TRUE
"2009-10-15",274.621,FALSE,NA,NA,"<= day","daily",NA,1,TRUE
"2009-10-16",273.833,FALSE,NA,NA,"<= day","daily",NA,1,TRUE
"2009-10-17",277.388,FALSE,NA,NA,"<= day","daily",NA,1,TRUE
"2009-10-18",276.525,FALSE,NA,NA,"<= day","daily",NA,1,TRUE
"2009-10-19",274.988,FALSE,NA,NA,"<= day","daily",NA,1,TRUE
"2009-10-20",273.979,FALSE,NA,NA,"<= day","daily",NA,1,TRUE
"2009-10-21",272.267,FALSE,NA,NA,"<= day","daily",NA,1,TRUE
"2009-10-22",272.204,FALSE,NA,NA,"<= day","daily",NA,1,TRUE
"2009-10-23",272.738,FALSE,NA,NA,"<= day","daily",NA,1,TRUE
"2009-10-24",271.846,FALSE,NA,NA,"<= day","daily",NA,1,TRUE
"2009-10-25",272.317,FALSE,NA,NA,"<= day","daily",NA,1,TRUE
"2009-10-26",272.421,FALSE,NA,NA,"<= day","daily",NA,1,TRUE
"2009-10-27",273.262,FALSE,NA,NA,"<= day","daily",NA,1,TRUE
"2009-10-28",273.325,FALSE,NA,NA,"<= day","daily",NA,1,TRUE
"2009-10-29",273.617,FALSE,NA,NA,"<= day","daily",NA,1,TRUE
"2009-10-30",275.388,FALSE,NA,NA,"<= day","daily",NA,1,TRUE
"2009-10-31",275.567,FALSE,NA,NA,"<= day","daily",NA,1,TRUE
"2009-11-01",275.312,FALSE,NA,NA,"<= day","daily",NA,1,TRUE
"2009-11-02",277.033,FALSE,NA,NA,"<= day","daily",NA,1,TRUE
"2009-11-03",277.413,FALSE,NA,NA,"<= day","daily",NA,1,TRUE
"2009-11-04",277.8,FALSE,NA,NA,"<= day","daily",NA,1,TRUE
"2009-11-05",277.383,FALSE,NA,NA,"<= day","daily",NA,1,TRUE
"2009-11-06",276.125,FALSE,NA,NA,"<= day","daily",NA,1,TRUE
"2009-11-07",276.271,FALSE,NA,NA,"<= day","daily",NA,1,TRUE
"2009-11-08",276.125,FALSE,NA,NA,"<= day","daily",NA,1,TRUE
"2009-11-09",275.092,FALSE,NA,NA,"<= day","daily",NA,1,TRUE
"2009-11-10",275.083,FALSE,NA,NA,"<= day","daily",NA,1,TRUE
"2009-11-11",273.975,FALSE,NA,NA,"<= day","daily",NA,1,TRUE
"2009-11-12",273.325,FALSE,NA,NA,"<= day","daily",NA,1,TRUE
"2009-11-13",272.967,FALSE,NA,NA,"<= day","daily",NA,1,TRUE
"2009-11-14",272.417,FALSE,NA,NA,"<= day","daily",NA,1,TRUE
"2009-11-15",272.071,FALSE,NA,NA,"<= day","daily",NA,1,TRUE
"2009-11-16",271.95,FALSE,NA,NA,"<= day","daily",NA,1,TRUE
"2009-11-17",271.317,FALSE,NA,NA,"<= day","daily",NA,1,TRUE
"2009-11-18",271.996,FALSE,NA,NA,"<= day","daily",NA,1,TRUE
"2009-11-19",271.738,FALSE,NA,NA,"<= day","daily",NA,1,TRUE
"2009-11-20",271.379,FALSE,NA,NA,"<= day","daily",NA,1,TRUE
"2009-11-21",270.762,FALSE,NA,NA,"<= day","daily",NA,1,TRUE
"2009-11-22",270.8,FALSE,NA,NA,"<= day","daily",NA,1,TRUE
"2009-11-23",270.758,FALSE,NA,NA,"<= day","daily",NA,1,TRUE
"2009-11-24",270.65,FALSE,NA,NA,"<= day","daily",NA,1,TRUE
"2009-11-25",269.95,FALSE,NA,NA,"<= day","daily",NA,1,TRUE
"2009-11-26",269.917,FALSE,NA,NA,"<= day","daily",NA,1,TRUE
"2009-11-27",269.283,FALSE,NA,NA,"<= day","daily",NA,1,TRUE
"2009-11-28",269.167,FALSE,NA,NA,"<= day","daily",NA,1,TRUE
"2009-11-29",269.029,FALSE,NA,NA,"<= day","daily",NA,1,TRUE
"2009-11-30",268.671,FALSE,NA,NA,"<= day","daily",NA,1,TRUE
"2009-12-01",267.8,FALSE,NA,NA,"<= day","daily",NA,1,TRUE
"2009-12-02",266.846,FALSE,NA,NA,"<= day","daily",NA,1,TRUE
"2009-12-03",266.179,FALSE,NA,NA,"<= day","daily",NA,1,TRUE
"2009-12-04",265.392,FALSE,NA,NA,"<= day","daily",NA,1,TRUE
"2009-12-05",263.992,FALSE,NA,NA,"<= day","daily",NA,1,TRUE
"2009-12-06",263.025,FALSE,NA,NA,"<= day","daily",NA,1,TRUE
"2009-12-07",263.554,FALSE,NA,NA,"<= day","daily",NA,1,TRUE
"2009-12-08",264.471,FALSE,NA,NA,"<= day","daily",NA,1,TRUE
"2009-12-09",263.6,FALSE,NA,NA,"<= day","daily",NA,1,TRUE
"2009-12-10",263.133,FALSE,NA,NA,"<= day","daily",NA,1,TRUE
"2009-12-11",263.675,FALSE,NA,NA,"<= day","daily",NA,1,TRUE
"2009-12-12",263.604,FALSE,NA,NA,"<= day","daily",NA,1,TRUE
"2009-12-13",262.112,FALSE,NA,NA,"<= day","daily",NA,1,TRUE
"2009-12-14",261.017,FALSE,NA,NA,"<= day","daily",NA,1,TRUE
"2009-12-15",260.337,FALSE,NA,NA,"<= day","daily",NA,1,TRUE
"2009-12-16",260.45,FALSE,NA,NA,"<= day","daily",NA,1,TRUE
"2009-12-17",259.837,FALSE,NA,NA,"<= day","daily",NA,1,TRUE
"2009-12-18",259.521,FALSE,NA,NA,"<= day","daily",NA,1,TRUE
"2009-12-19",259.067,FALSE,NA,NA,"<= day","daily",NA,1,TRUE
"2009-12-20",258.504,FALSE,NA,NA,"<= day","daily",NA,1,TRUE
"2009-12-21",258.092,FALSE,NA,NA,"<= day","daily",NA,1,TRUE
"2009-12-22",257.771,FALSE,NA,NA,"<= day","daily",NA,1,TRUE
"2009-12-23",257.638,FALSE,NA,NA,"<= day","daily",NA,1,TRUE
"2009-12-24",257.262,FALSE,NA,NA,"<= day","daily",NA,1,TRUE
"2009-12-25",260.25,FALSE,NA,NA,"<= day","daily",NA,1,TRUE
"2009-12-26",260.663,FALSE,NA,NA,"<= day","daily",NA,1,TRUE
"2009-12-27",258.425,FALSE,NA,NA,"<= day","daily",NA,1,TRUE
"2009-12-28",257.183,FALSE,NA,NA,"<= day","daily",NA,1,TRUE
"2009-12-29",256.875,FALSE,NA,NA,"<= day","daily",NA,1,TRUE
"2009-12-30",256.429,FALSE,NA,NA,"<= day","daily",NA,1,TRUE
"2009-12-31",255.892,FALSE,NA,NA,"<= day","daily",NA,1,TRUE
"2010-01-01",257.154,FALSE,NA,NA,"<= day","daily",NA,1,TRUE
"2010-01-02",256.754,FALSE,NA,NA,"<= day","daily",NA,1,TRUE
"2010-01-03",255.333,FALSE,NA,NA,"<= day","daily",NA,1,TRUE
"2010-01-04",255.075,FALSE,NA,NA,"<= day","daily",NA,1,TRUE
"2010-01-05",254.213,FALSE,NA,NA,"<= day","daily",NA,1,TRUE
"2010-01-06",254.217,FALSE,NA,NA,"<= day","daily",NA,1,TRUE
"2010-01-07",253.692,FALSE,NA,NA,"<= day","daily",NA,1,TRUE
"2010-01-08",253.267,FALSE,NA,NA,"<= day","daily",NA,1,TRUE
"2010-01-09",252.738,FALSE,NA,NA,"<= day","daily",NA,1,TRUE
"2010-01-10",252.658,FALSE,NA,NA,"<= day","daily",NA,1,TRUE
"2010-01-11",251.787,FALSE,NA,NA,"<= day","daily",NA,1,TRUE
"2010-01-12",251.287,FALSE,NA,NA,"<= day","daily",NA,1,TRUE
"2010-01-13",251.071,FALSE,NA,NA,"<= day","daily",NA,1,TRUE
"2010-01-14",250.683,FALSE,NA,NA,"<= day","daily",NA,1,TRUE
"2010-01-15",249.758,FALSE,NA,NA,"<= day","daily",NA,1,TRUE
"2010-01-16",249.483,FALSE,NA,NA,"<= day","daily",NA,1,TRUE
"2010-01-17",249.246,FALSE,NA,NA,"<= day","daily",NA,1,TRUE
"2010-01-18",248.375,FALSE,NA,NA,"<= day","daily",NA,1,TRUE
"2010-01-19",248.283,FALSE,NA,NA,"<= day","daily",NA,1,TRUE
"2010-01-20",248.3,FALSE,NA,NA,"<= day","daily",NA,1,TRUE
"2010-01-21",247.167,FALSE,NA,NA,"<= day","daily",NA,1,TRUE
"2010-01-22",246.9,FALSE,NA,NA,"<= day","daily",NA,1,TRUE
"2010-01-23",246.296,FALSE,NA,NA,"<= day","daily",NA,1,TRUE
"2010-01-24",245.933,FALSE,NA,NA,"<= day","daily",NA,1,TRUE
"2010-01-25",245.967,FALSE,NA,NA,"<= day","daily",NA,1,TRUE
"2010-01-26",246.133,FALSE,NA,NA,"<= day","daily",NA,1,TRUE
"2010-01-27",245.308,FALSE,NA,NA,"<= day","daily",NA,1,TRUE
"2010-01-28",245.042,FALSE,NA,NA,"<= day","daily",NA,1,TRUE
"2010-01-29",245,FALSE,NA,NA,"<= day","daily",NA,1,TRUE
"2010-01-30",244.688,FALSE,NA,NA,"<= day","daily",NA,1,TRUE
"2010-01-31",244.254,FALSE,NA,NA,"<= day","daily",NA,1,TRUE
"2010-02-01",244.096,FALSE,NA,NA,"<= day","daily",NA,1,TRUE
"2010-02-02",244.271,FALSE,NA,NA,"<= day","daily",NA,1,TRUE
"2010-02-03",243.846,FALSE,NA,NA,"<= day","daily",NA,1,TRUE
"2010-02-04",243.333,FALSE,NA,NA,"<= day","daily",NA,1,TRUE
"2010-02-05",243.383,FALSE,NA,NA,"<= day","daily",NA,1,TRUE
"2010-02-06",243.133,FALSE,NA,NA,"<= day","daily",NA,1,TRUE
"2010-02-07",242.667,FALSE,NA,NA,"<= day","daily",NA,1,TRUE
"2010-02-08",242.662,FALSE,NA,NA,"<= day","daily",NA,1,TRUE
"2010-02-09",242.667,FALSE,NA,NA,"<= day","daily",NA,1,TRUE
"2010-02-10",241.967,FALSE,NA,NA,"<= day","daily",NA,1,TRUE
"2010-02-11",242,FALSE,NA,NA,"<= day","daily",NA,1,TRUE
"2010-02-12",241.554,FALSE,NA,NA,"<= day","daily",NA,1,TRUE
"2010-02-13",241.071,FALSE,NA,NA,"<= day","daily",NA,1,TRUE
"2010-02-14",241.358,FALSE,NA,NA,"<= day","daily",NA,1,TRUE
"2010-02-15",241.008,FALSE,NA,NA,"<= day","daily",NA,1,TRUE
"2010-02-16",241.108,FALSE,NA,NA,"<= day","daily",NA,1,TRUE
"2010-02-17",241.958,FALSE,NA,NA,"<= day","daily",NA,1,TRUE
"2010-02-18",241.008,FALSE,NA,NA,"<= day","daily",NA,1,TRUE
"2010-02-19",240.758,FALSE,NA,NA,"<= day","daily",NA,1,TRUE
"2010-02-20",240.796,FALSE,NA,NA,"<= day","daily",NA,1,TRUE
"2010-02-21",241.142,FALSE,NA,NA,"<= day","daily",NA,1,TRUE
"2010-02-22",241.221,FALSE,NA,NA,"<= day","daily",NA,1,TRUE
"2010-02-23",241.546,FALSE,NA,NA,"<= day","daily",NA,1,TRUE
"2010-02-24",241.542,FALSE,NA,NA,"<= day","daily",NA,1,TRUE
"2010-02-25",242.088,FALSE,NA,NA,"<= day","daily",NA,1,TRUE
"2010-02-26",244.683,FALSE,NA,NA,"<= day","daily",NA,1,TRUE
"2010-02-27",243.713,FALSE,NA,NA,"<= day","daily",NA,1,TRUE
"2010-02-28",246.938,FALSE,NA,NA,"<= day","daily",NA,1,TRUE
"2010-03-01",248.579,FALSE,NA,NA,"<= day","daily",NA,1,TRUE
"2010-03-02",247.608,FALSE,NA,NA,"<= day","daily",NA,1,TRUE
"2010-03-03",247.517,FALSE,NA,NA,"<= day","daily",NA,1,TRUE
"2010-03-04",246.667,FALSE,NA,NA,"<= day","daily",NA,1,TRUE
"2010-03-05",246.433,FALSE,NA,NA,"<= day","daily",NA,1,TRUE
"2010-03-06",246.1,FALSE,NA,NA,"<= day","daily",NA,1,TRUE
"2010-03-07",246.867,FALSE,NA,NA,"<= day","daily",NA,1,TRUE
"2010-03-08",247.062,FALSE,NA,NA,"<= day","daily",NA,1,TRUE
"2010-03-09",246.262,FALSE,NA,NA,"<= day","daily",NA,1,TRUE
"2010-03-10",247.217,FALSE,NA,NA,"<= day","daily",NA,1,TRUE
"2010-03-11",246.217,FALSE,NA,NA,"<= day","daily",NA,1,TRUE
"2010-03-12",246.45,FALSE,NA,NA,"<= day","daily",NA,1,TRUE
"2010-03-13",247.613,FALSE,NA,NA,"<= day","daily",NA,1,TRUE
"2010-03-14",248.312,FALSE,NA,NA,"<= day","daily",NA,1,TRUE
"2010-03-15",247.525,FALSE,NA,NA,"<= day","daily",NA,1,TRUE
"2010-03-16",246.912,FALSE,NA,NA,"<= day","daily",NA,1,TRUE
"2010-03-17",247.812,FALSE,NA,NA,"<= day","daily",NA,1,TRUE
"2010-03-18",248.058,FALSE,NA,NA,"<= day","daily",NA,1,TRUE
"2010-03-19",248.379,FALSE,NA,NA,"<= day","daily",NA,1,TRUE
"2010-03-20",250.271,FALSE,NA,NA,"<= day","daily",NA,1,TRUE
"2010-03-21",249.963,FALSE,NA,NA,"<= day","daily",NA,1,TRUE
"2010-03-22",251.488,FALSE,NA,NA,"<= day","daily",NA,1,TRUE
"2010-03-23",252.383,FALSE,NA,NA,"<= day","daily",NA,1,TRUE
"2010-03-24",253.621,FALSE,NA,NA,"<= day","daily",NA,1,TRUE
"2010-03-25",253.629,FALSE,NA,NA,"<= day","daily",NA,1,TRUE
"2010-03-26",254.296,FALSE,NA,NA,"<= day","daily",NA,1,TRUE
"2010-03-27",254.329,FALSE,NA,NA,"<= day","daily",NA,1,TRUE
"2010-03-28",254.296,FALSE,NA,NA,"<= day","daily",NA,1,TRUE
"2010-03-29",254.654,FALSE,NA,NA,"<= day","daily",NA,1,TRUE
"2010-03-30",255.708,FALSE,NA,NA,"<= day","daily",NA,1,TRUE
"2010-03-31",255.392,FALSE,NA,NA,"<= day","daily",NA,1,TRUE
"2010-04-01",255.217,FALSE,NA,NA,"<= day","daily",NA,1,TRUE
"2010-04-02",255.7,FALSE,NA,NA,"<= day","daily",NA,1,TRUE
"2010-04-03",257.846,FALSE,NA,NA,"<= day","daily",NA,1,TRUE
"2010-04-04",257.733,FALSE,NA,NA,"<= day","daily",NA,1,TRUE
"2010-04-05",256.971,FALSE,NA,NA,"<= day","daily",NA,1,TRUE
"2010-04-06",257.908,FALSE,NA,NA,"<= day","daily",NA,1,TRUE
"2010-04-07",257.913,FALSE,NA,NA,"<= day","daily",NA,1,TRUE
"2010-04-08",257.883,FALSE,NA,NA,"<= day","daily",NA,1,TRUE
"2010-04-09",258.062,FALSE,NA,NA,"<= day","daily",NA,1,TRUE
"2010-04-10",257.671,FALSE,NA,NA,"<= day","daily",NA,1,TRUE
"2010-04-11",258.717,FALSE,NA,NA,"<= day","daily",NA,1,TRUE
"2010-04-12",258.583,FALSE,NA,NA,"<= day","daily",NA,1,TRUE
"2010-04-13",260.733,FALSE,NA,NA,"<= day","daily",NA,1,TRUE
"2010-04-14",258.204,FALSE,NA,NA,"<= day","daily",NA,1,TRUE
"2010-04-15",260.371,FALSE,NA,NA,"<= day","daily",NA,1,TRUE
"2010-04-16",261.404,FALSE,NA,NA,"<= day","daily",NA,1,TRUE
"2010-04-17",263.304,FALSE,NA,NA,"<= day","daily",NA,1,TRUE
"2010-04-18",263.1,FALSE,NA,NA,"<= day","daily",NA,1,TRUE
"2010-05-10",271.676,FALSE,NA,NA,"<= day","daily",NA,1,TRUE
"2010-05-11",271.3,FALSE,NA,NA,"<= day","daily",NA,1,TRUE
"2010-05-12",271.3,FALSE,NA,NA,"<= day","daily",NA,1,TRUE
"2010-05-13",271.692,FALSE,NA,NA,"<= day","daily",NA,1,TRUE
"2010-05-14",272.279,FALSE,NA,NA,"<= day","daily",NA,1,TRUE
"2010-05-15",271.767,FALSE,NA,NA,"<= day","daily",NA,1,TRUE
"2010-05-16",271.846,FALSE,NA,NA,"<= day","daily",NA,1,TRUE
"2010-05-17",271.204,FALSE,NA,NA,"<= day","daily",NA,1,TRUE
"2010-05-18",271.596,FALSE,NA,NA,"<= day","daily",NA,1,TRUE
"2010-05-19",272.104,FALSE,NA,NA,"<= day","daily",NA,1,TRUE
"2010-05-20",272.996,FALSE,NA,NA,"<= day","daily",NA,1,TRUE
"2010-05-21",272.625,FALSE,NA,NA,"<= day","daily",NA,1,TRUE
"2010-05-22",275.354,FALSE,NA,NA,"<= day","daily",NA,1,TRUE
"2010-05-23",275.608,FALSE,NA,NA,"<= day","daily",NA,1,TRUE
"2010-05-24",276.046,FALSE,NA,NA,"<= day","daily",NA,1,TRUE
"2010-05-25",276.892,FALSE,NA,NA,"<= day","daily",NA,1,TRUE
"2010-05-26",276.983,FALSE,NA,NA,"<= day","daily",NA,1,TRUE
"2010-05-27",277.404,FALSE,NA,NA,"<= day","daily",NA,1,TRUE
"2010-05-28",277.333,FALSE,NA,NA,"<= day","daily",NA,1,TRUE
"2010-05-29",278.158,FALSE,NA,NA,"<= day","daily",NA,1,TRUE
"2010-05-30",279.354,FALSE,NA,NA,"<= day","daily",NA,1,TRUE
"2010-05-31",288.746,FALSE,NA,NA,"<= day","daily",NA,1,TRUE
"2010-06-01",296.862,FALSE,NA,NA,"<= day","daily",NA,1,TRUE
"2010-06-02",296.408,FALSE,NA,NA,"<= day","daily",NA,1,TRUE
"2010-06-03",306.725,FALSE,NA,NA,"<= day","daily",NA,1,TRUE
"2010-06-04",293.862,FALSE,NA,NA,"<= day","daily",NA,1,TRUE
"2010-06-05",296.842,FALSE,NA,NA,"<= day","daily",NA,1,TRUE
"2010-06-06",296.45,FALSE,NA,NA,"<= day","daily",NA,1,TRUE
"2010-06-07",297.129,FALSE,NA,NA,"<= day","daily",NA,1,TRUE
"2010-06-08",297.7,FALSE,NA,NA,"<= day","daily",NA,1,TRUE
"2010-06-09",296.971,FALSE,NA,NA,"<= day","daily",NA,1,TRUE
"2010-06-10",296.183,FALSE,NA,NA,"<= day","daily",NA,1,TRUE
"2010-06-11",296.212,FALSE,NA,NA,"<= day","daily",NA,1,TRUE
"2010-06-12",295.625,FALSE,NA,NA,"<= day","daily",NA,1,TRUE
"2010-06-13",293.858,FALSE,NA,NA,"<= day","daily",NA,1,TRUE
"2010-06-14",293.375,FALSE,NA,NA,"<= day","daily",NA,1,TRUE
"2010-06-15",293.404,FALSE,NA,NA,"<= day","daily",NA,1,TRUE
"2010-06-16",291.275,FALSE,NA,NA,"<= day","daily",NA,1,TRUE
"2010-06-17",291.875,FALSE,NA,NA,"<= day","daily",NA,1,TRUE
"2010-06-18",292.175,FALSE,NA,NA,"<= day","daily",NA,1,TRUE
"2010-06-19",293.638,FALSE,NA,NA,"<= day","daily",NA,1,TRUE
"2010-06-20",291.721,FALSE,NA,NA,"<= day","daily",NA,1,TRUE
"2010-06-21",290.413,FALSE,NA,NA,"<= day","daily",NA,1,TRUE
"2010-06-22",290.225,FALSE,NA,NA,"<= day","daily",NA,1,TRUE
"2010-06-23",291.612,FALSE,NA,NA,"<= day","daily",NA,1,TRUE
"2010-06-24",292.996,FALSE,NA,NA,"<= day","daily",NA,1,TRUE
"2010-06-25",295.904,FALSE,NA,NA,"<= day","daily",NA,1,TRUE
"2010-06-26",295.567,FALSE,NA,NA,"<= day","daily",NA,1,TRUE
"2010-06-27",296.938,FALSE,NA,NA,"<= day","daily",NA,1,TRUE
"2010-06-28",296.6,FALSE,NA,NA,"<= day","daily",NA,1,TRUE
"2010-06-29",297.233,FALSE,NA,NA,"<= day","daily",NA,1,TRUE
"2010-06-30",297.312,FALSE,NA,NA,"<= day","daily",NA,1,TRUE
"2010-07-01",297.762,FALSE,NA,NA,"<= day","daily",NA,1,TRUE
"2010-07-02",297.612,FALSE,NA,NA,"<= day","daily",NA,1,TRUE
"2010-07-03",297.388,FALSE,NA,NA,"<= day","daily",NA,1,TRUE
"2010-07-04",296.262,FALSE,NA,NA,"<= day","daily",NA,1,TRUE
"2010-07-05",295.775,FALSE,NA,NA,"<= day","daily",NA,1,TRUE
"2010-07-06",294.646,FALSE,NA,NA,"<= day","daily",NA,1,TRUE
"2010-07-07",295.433,FALSE,NA,NA,"<= day","daily",NA,1,TRUE
"2010-07-08",296.375,FALSE,NA,NA,"<= day","daily",NA,1,TRUE
"2010-07-09",296.825,FALSE,NA,NA,"<= day","daily",NA,1,TRUE
"2010-07-10",297.425,FALSE,NA,NA,"<= day","daily",NA,1,TRUE
"2010-07-11",298.054,FALSE,NA,NA,"<= day","daily",NA,1,TRUE
"2010-07-12",297.762,FALSE,NA,NA,"<= day","daily",NA,1,TRUE
"2010-07-13",297.946,FALSE,NA,NA,"<= day","daily",NA,1,TRUE
"2010-07-14",298.392,FALSE,NA,NA,"<= day","daily",NA,1,TRUE
"2010-07-15",298.212,FALSE,NA,NA,"<= day","daily",NA,1,TRUE
"2010-07-16",297.238,FALSE,NA,NA,"<= day","daily",NA,1,TRUE
"2010-07-17",296.75,FALSE,NA,NA,"<= day","daily",NA,1,TRUE
"2010-07-18",296.862,FALSE,NA,NA,"<= day","daily",NA,1,TRUE
"2010-07-19",296.767,FALSE,NA,NA,"<= day","daily",NA,1,TRUE
"2010-07-20",296.804,FALSE,NA,NA,"<= day","daily",NA,1,TRUE
"2010-07-21",296.413,FALSE,NA,NA,"<= day","daily",NA,1,TRUE
"2010-07-22",296.488,FALSE,NA,NA,"<= day","daily",NA,1,TRUE
"2010-07-23",295.954,FALSE,NA,NA,"<= day","daily",NA,1,TRUE
"2010-07-24",296.221,FALSE,NA,NA,"<= day","daily",NA,1,TRUE
"2010-07-25",297.875,FALSE,NA,NA,"<= day","daily",NA,1,TRUE
"2010-07-26",299.212,FALSE,NA,NA,"<= day","daily",NA,1,TRUE
"2010-07-27",298.325,FALSE,NA,NA,"<= day","daily",NA,1,TRUE
"2010-07-28",297.754,FALSE,NA,NA,"<= day","daily",NA,1,TRUE
"2010-07-29",297.575,FALSE,NA,NA,"<= day","daily",NA,1,TRUE
"2010-07-30",297.163,FALSE,NA,NA,"<= day","daily",NA,1,TRUE
"2010-07-31",297.012,FALSE,NA,NA,"<= day","daily",NA,1,TRUE
"2010-08-01",297.379,FALSE,NA,NA,"<= day","daily",NA,1,TRUE
"2010-08-02",297.425,FALSE,NA,NA,"<= day","daily",NA,1,TRUE
"2010-08-03",296.862,FALSE,NA,NA,"<= day","daily",NA,1,TRUE
"2010-08-04",296.633,FALSE,NA,NA,"<= day","daily",NA,1,TRUE
"2010-08-05",296.712,FALSE,NA,NA,"<= day","daily",NA,1,TRUE
"2010-08-06",295.321,FALSE,NA,NA,"<= day","daily",NA,1,TRUE
"2010-08-07",295.579,FALSE,NA,NA,"<= day","daily",NA,1,TRUE
"2010-08-08",296.038,FALSE,NA,NA,"<= day","daily",NA,1,TRUE
"2010-08-09",296.075,FALSE,NA,NA,"<= day","daily",NA,1,TRUE
"2010-08-10",296.188,FALSE,NA,NA,"<= day","daily",NA,1,TRUE
"2010-08-11",296.038,FALSE,NA,NA,"<= day","daily",NA,1,TRUE
"2010-08-12",297.125,FALSE,NA,NA,"<= day","daily",NA,1,TRUE
"2010-08-13",296.15,FALSE,NA,NA,"<= day","daily",NA,1,TRUE
"2010-08-14",296.638,FALSE,NA,NA,"<= day","daily",NA,1,TRUE
"2010-08-15",296.975,FALSE,NA,NA,"<= day","daily",NA,1,TRUE
"2010-08-16",297.012,FALSE,NA,NA,"<= day","daily",NA,1,TRUE
"2010-08-17",297.308,FALSE,NA,NA,"<= day","daily",NA,1,TRUE
"2010-08-18",296.262,FALSE,NA,NA,"<= day","daily",NA,1,TRUE
"2010-08-19",296.15,FALSE,NA,NA,"<= day","daily",NA,1,TRUE
"2010-08-20",295.888,FALSE,NA,NA,"<= day","daily",NA,1,TRUE
"2010-08-21",296.262,FALSE,NA,NA,"<= day","daily",NA,1,TRUE
"2010-08-22",296.188,FALSE,NA,NA,"<= day","daily",NA,1,TRUE
"2010-08-23",295.812,FALSE,NA,NA,"<= day","daily",NA,1,TRUE
"2010-08-24",296.708,FALSE,NA,NA,"<= day","daily",NA,1,TRUE
"2010-08-25",296.225,FALSE,NA,NA,"<= day","daily",NA,1,TRUE
"2010-08-26",294.538,FALSE,NA,NA,"<= day","daily",NA,1,TRUE
"2010-08-27",294.163,FALSE,NA,NA,"<= day","daily",NA,1,TRUE
"2010-08-28",294.988,FALSE,NA,NA,"<= day","daily",NA,1,TRUE
"2010-08-29",295.738,FALSE,NA,NA,"<= day","daily",NA,1,TRUE
"2010-08-30",296.404,FALSE,NA,NA,"<= day","daily",NA,1,TRUE
"2010-08-31",303.25,FALSE,NA,NA,"<= day","daily",NA,1,TRUE
"2010-09-01",295.808,FALSE,NA,NA,"<= day","daily",NA,1,TRUE
"2010-09-02",296.525,FALSE,NA,NA,"<= day","daily",NA,1,TRUE
"2010-09-03",296.337,FALSE,NA,NA,"<= day","daily",NA,1,TRUE
"2010-09-04",296.038,FALSE,NA,NA,"<= day","daily",NA,1,TRUE
"2010-09-05",296.712,FALSE,NA,NA,"<= day","daily",NA,1,TRUE
"2010-09-06",296.525,FALSE,NA,NA,"<= day","daily",NA,1,TRUE
"2010-09-07",296.179,FALSE,NA,NA,"<= day","daily",NA,1,TRUE
"2010-09-08",297.308,FALSE,NA,NA,"<= day","daily",NA,1,TRUE
"2010-09-09",296.375,FALSE,NA,NA,"<= day","daily",NA,1,TRUE
"2010-09-10",296.788,FALSE,NA,NA,"<= day","daily",NA,1,TRUE
"2010-09-11",298.242,FALSE,NA,NA,"<= day","daily",NA,1,TRUE
"2010-09-12",297.979,FALSE,NA,NA,"<= day","daily",NA,1,TRUE
"2010-09-13",297.725,FALSE,NA,NA,"<= day","daily",NA,1,TRUE
"2010-09-14",297.425,FALSE,NA,NA,"<= day","daily",NA,1,TRUE
"2010-09-15",297.575,FALSE,NA,NA,"<= day","daily",NA,1,TRUE
"2010-09-16",297.163,FALSE,NA,NA,"<= day","daily",NA,1,TRUE
"2010-09-17",297.087,FALSE,NA,NA,"<= day","daily",NA,1,TRUE
"2010-09-18",296.6,FALSE,NA,NA,"<= day","daily",NA,1,TRUE
"2010-09-19",297.238,FALSE,NA,NA,"<= day","daily",NA,1,TRUE
"2010-09-20",297.312,FALSE,NA,NA,"<= day","daily",NA,1,TRUE
"2010-09-21",296.337,FALSE,NA,NA,"<= day","daily",NA,1,TRUE
"2010-09-22",295.4,FALSE,NA,NA,"<= day","daily",NA,1,TRUE
"2010-09-23",295.775,FALSE,NA,NA,"<= day","daily",NA,1,TRUE
"2010-09-24",295.775,FALSE,NA,NA,"<= day","daily",NA,1,TRUE
"2010-09-25",295.438,FALSE,NA,NA,"<= day","daily",NA,1,TRUE
"2010-09-26",294.95,FALSE,NA,NA,"<= day","daily",NA,1,TRUE
"2010-09-27",295.062,FALSE,NA,NA,"<= day","daily",NA,1,TRUE
"2010-09-28",295.475,FALSE,NA,NA,"<= day","daily",NA,1,TRUE
"2010-09-29",293.413,FALSE,NA,NA,"<= day","daily",NA,1,TRUE
"2010-09-30",293.075,FALSE,NA,NA,"<= day","daily",NA,1,TRUE
"2010-10-01",293.15,FALSE,NA,NA,"<= day","daily",NA,1,TRUE
"2010-10-02",292.512,FALSE,NA,NA,"<= day","daily",NA,1,TRUE
"2010-10-03",292.812,FALSE,NA,NA,"<= day","daily",NA,1,TRUE
"2010-10-04",293.788,FALSE,NA,NA,"<= day","daily",NA,1,TRUE
"2010-10-05",292.663,FALSE,NA,NA,"<= day","daily",NA,1,TRUE
"2010-10-06",292.288,FALSE,NA,NA,"<= day","daily",NA,1,TRUE
"2010-10-07",291.875,FALSE,NA,NA,"<= day","daily",NA,1,TRUE
"2010-10-08",291.988,FALSE,NA,NA,"<= day","daily",NA,1,TRUE
"2010-10-09",291.612,FALSE,NA,NA,"<= day","daily",NA,1,TRUE
"2010-10-10",291.087,FALSE,NA,NA,"<= day","daily",NA,1,TRUE
"2010-10-11",291.238,FALSE,NA,NA,"<= day","daily",NA,1,TRUE
"2010-10-12",291.05,FALSE,NA,NA,"<= day","daily",NA,1,TRUE
"2010-10-13",290.45,FALSE,NA,NA,"<= day","daily",NA,1,TRUE
"2010-10-14",290.075,FALSE,NA,NA,"<= day","daily",NA,1,TRUE
"2010-10-15",289.55,FALSE,NA,NA,"<= day","daily",NA,1,TRUE
"2010-10-16",289.587,FALSE,NA,NA,"<= day","daily",NA,1,TRUE
"2010-10-17",288.725,FALSE,NA,NA,"<= day","daily",NA,1,TRUE
"2010-10-18",288.163,FALSE,NA,NA,"<= day","daily",NA,1,TRUE
"2010-10-19",287.75,FALSE,NA,NA,"<= day","daily",NA,1,TRUE
"2010-10-20",288.087,FALSE,NA,NA,"<= day","daily",NA,1,TRUE
"2010-10-21",286.625,FALSE,NA,NA,"<= day","daily",NA,1,TRUE
"2010-10-22",286.625,FALSE,NA,NA,"<= day","daily",NA,1,TRUE
"2010-10-23",286.288,FALSE,NA,NA,"<= day","daily",NA,1,TRUE
"2010-10-24",286.325,FALSE,NA,NA,"<= day","daily",NA,1,TRUE
"2010-10-25",286.138,FALSE,NA,NA,"<= day","daily",NA,1,TRUE
"2010-10-26",285.087,FALSE,NA,NA,"<= day","daily",NA,1,TRUE
"2010-10-27",284.008,FALSE,NA,NA,"<= day","daily",NA,1,TRUE
"2010-10-28",284.317,FALSE,NA,NA,"<= day","daily",NA,1,TRUE
"2010-10-29",284.675,FALSE,NA,NA,"<= day","daily",NA,1,TRUE
"2010-10-30",284.908,FALSE,NA,NA,"<= day","daily",NA,1,TRUE
"2010-10-31",285.163,FALSE,NA,NA,"<= day","daily",NA,1,TRUE
"2010-11-01",285.725,FALSE,NA,NA,"<= day","daily",NA,1,TRUE
"2010-11-02",284.975,FALSE,NA,NA,"<= day","daily",NA,1,TRUE
"2010-11-03",285.163,FALSE,NA,NA,"<= day","daily",NA,1,TRUE
"2010-11-04",284.938,FALSE,NA,NA,"<= day","daily",NA,1,TRUE
"2010-11-05",284.683,FALSE,NA,NA,"<= day","daily",NA,1,TRUE
"2010-11-06",284.562,FALSE,NA,NA,"<= day","daily",NA,1,TRUE
"2010-11-07",285.312,FALSE,NA,NA,"<= day","daily",NA,1,TRUE
"2010-11-08",286.067,FALSE,NA,NA,"<= day","daily",NA,1,TRUE
"2010-11-09",285.312,FALSE,NA,NA,"<= day","daily",NA,1,TRUE
"2010-11-10",284.454,FALSE,NA,NA,"<= day","daily",NA,1,TRUE
"2010-11-11",283.712,FALSE,NA,NA,"<= day","daily",NA,1,TRUE
"2010-11-12",284.312,FALSE,NA,NA,"<= day","daily",NA,1,TRUE
"2010-11-13",283.642,FALSE,NA,NA,"<= day","daily",NA,1,TRUE
"2010-11-14",283.546,FALSE,NA,NA,"<= day","daily",NA,1,TRUE
"2010-11-15",283.133,FALSE,NA,NA,"<= day","daily",NA,1,TRUE
"2010-11-16",282.871,FALSE,NA,NA,"<= day","daily",NA,1,TRUE
"2010-11-17",282.075,FALSE,NA,NA,"<= day","daily",NA,1,TRUE
"2010-11-18",282.421,FALSE,NA,NA,"<= day","daily",NA,1,TRUE
"2010-11-19",281.788,FALSE,NA,NA,"<= day","daily",NA,1,TRUE
"2010-11-20",280.942,FALSE,NA,NA,"<= day","daily",NA,1,TRUE
"2010-11-21",281.658,FALSE,NA,NA,"<= day","daily",NA,1,TRUE
"2010-11-22",281.775,FALSE,NA,NA,"<= day","daily",NA,1,TRUE
"2010-11-23",281.771,FALSE,NA,NA,"<= day","daily",NA,1,TRUE
"2010-11-24",281.192,FALSE,NA,NA,"<= day","daily",NA,1,TRUE
"2010-11-25",280.583,FALSE,NA,NA,"<= day","daily",NA,1,TRUE
"2010-11-26",280.258,FALSE,NA,NA,"<= day","daily",NA,1,TRUE
"2010-11-27",279.354,FALSE,NA,NA,"<= day","daily",NA,1,TRUE
"2010-11-28",279.204,FALSE,NA,NA,"<= day","daily",NA,1,TRUE
"2010-11-29",279.317,FALSE,NA,NA,"<= day","daily",NA,1,TRUE
"2010-11-30",278.546,FALSE,NA,NA,"<= day","daily",NA,1,TRUE
"2010-12-01",278.729,FALSE,NA,NA,"<= day","daily",NA,1,TRUE
"2010-12-02",278.221,FALSE,NA,NA,"<= day","daily",NA,1,TRUE
"2010-12-03",277.579,FALSE,NA,NA,"<= day","daily",NA,1,TRUE
"2010-12-04",276.867,FALSE,NA,NA,"<= day","daily",NA,1,TRUE
"2010-12-05",275.675,FALSE,NA,NA,"<= day","daily",NA,1,TRUE
"2010-12-06",276.388,FALSE,NA,NA,"<= day","daily",NA,1,TRUE
"2010-12-07",275.417,FALSE,NA,NA,"<= day","daily",NA,1,TRUE
"2010-12-08",275.796,FALSE,NA,NA,"<= day","daily",NA,1,TRUE
"2010-12-09",276.712,FALSE,NA,NA,"<= day","daily",NA,1,TRUE
"2010-12-10",275.175,FALSE,NA,NA,"<= day","daily",NA,1,TRUE
"2010-12-11",274.196,FALSE,NA,NA,"<= day","daily",NA,1,TRUE
"2010-12-12",274.233,FALSE,NA,NA,"<= day","daily",NA,1,TRUE
"2010-12-13",272.317,FALSE,NA,NA,"<= day","daily",NA,1,TRUE
"2010-12-14",270.808,FALSE,NA,NA,"<= day","daily",NA,1,TRUE
"2010-12-15",270.733,FALSE,NA,NA,"<= day","daily",NA,1,TRUE
"2010-12-16",269.717,FALSE,NA,NA,"<= day","daily",NA,1,TRUE
"2010-12-17",269.075,FALSE,NA,NA,"<= day","daily",NA,1,TRUE
"2010-12-18",267.933,FALSE,NA,NA,"<= day","daily",NA,1,TRUE
"2010-12-19",267.425,FALSE,NA,NA,"<= day","daily",NA,1,TRUE
"2010-12-20",267.021,FALSE,NA,NA,"<= day","daily",NA,1,TRUE
"2010-12-21",266.504,FALSE,NA,NA,"<= day","daily",NA,1,TRUE
"2010-12-22",266.404,FALSE,NA,NA,"<= day","daily",NA,1,TRUE
"2010-12-23",266.904,FALSE,NA,NA,"<= day","daily",NA,1,TRUE
"2010-12-24",267.829,FALSE,NA,NA,"<= day","daily",NA,1,TRUE
"2010-12-25",267.904,FALSE,NA,NA,"<= day","daily",NA,1,TRUE
"2010-12-26",267.092,FALSE,NA,NA,"<= day","daily",NA,1,TRUE
"2010-12-27",265.825,FALSE,NA,NA,"<= day","daily",NA,1,TRUE
"2010-12-28",265.033,FALSE,NA,NA,"<= day","daily",NA,1,TRUE
"2010-12-29",264.612,FALSE,NA,NA,"<= day","daily",NA,1,TRUE
"2010-12-30",264.562,FALSE,NA,NA,"<= day","daily",NA,1,TRUE
"2010-12-31",264.158,FALSE,NA,NA,"<= day","daily",NA,1,TRUE
"2011-01-01",263.812,FALSE,NA,NA,"<= day","daily",NA,1,TRUE
"2011-01-02",264.238,FALSE,NA,NA,"<= day","daily",NA,1,TRUE
"2011-01-03",263.421,FALSE,NA,NA,"<= day","daily",NA,1,TRUE
"2011-01-04",263.65,FALSE,NA,NA,"<= day","daily",NA,1,TRUE
"2011-01-05",263.262,FALSE,NA,NA,"<= day","daily",NA,1,TRUE
"2011-01-06",263.325,FALSE,NA,NA,"<= day","daily",NA,1,TRUE
"2011-01-07",263.312,FALSE,NA,NA,"<= day","daily",NA,1,TRUE
"2011-01-08",261.888,FALSE,NA,NA,"<= day","daily",NA,1,TRUE
"2011-01-09",261.15,FALSE,NA,NA,"<= day","daily",NA,1,TRUE
"2011-01-10",261.333,FALSE,NA,NA,"<= day","daily",NA,1,TRUE
"2011-01-11",261.742,FALSE,NA,NA,"<= day","daily",NA,1,TRUE
"2011-01-12",260.667,FALSE,NA,NA,"<= day","daily",NA,1,TRUE
"2011-01-13",301.171,FALSE,NA,NA,"<= day","daily",NA,1,TRUE
"2011-01-14",298.742,FALSE,NA,NA,"<= day","daily",NA,1,TRUE
"2011-01-15",285.658,FALSE,NA,NA,"<= day","daily",NA,1,TRUE
"2011-01-16",280.729,FALSE,NA,NA,"<= day","daily",NA,1,TRUE
"2011-01-17",278.117,FALSE,NA,NA,"<= day","daily",NA,1,TRUE
"2011-01-18",273.888,FALSE,NA,NA,"<= day","daily",NA,1,TRUE
"2011-01-19",270.725,FALSE,NA,NA,"<= day","daily",NA,1,TRUE
"2011-01-20",270.275,FALSE,NA,NA,"<= day","daily",NA,1,TRUE
"2011-01-21",270.079,FALSE,NA,NA,"<= day","daily",NA,1,TRUE
"2011-01-22",268.825,FALSE,NA,NA,"<= day","daily",NA,1,TRUE
"2011-01-23",268.188,FALSE,NA,NA,"<= day","daily",NA,1,TRUE
"2011-01-24",267.837,FALSE,NA,NA,"<= day","daily",NA,1,TRUE
"2011-01-25",267.6,FALSE,NA,NA,"<= day","daily",NA,1,TRUE
"2011-01-26",267.425,FALSE,NA,NA,"<= day","daily",NA,1,TRUE
"2011-01-27",266.913,FALSE,NA,NA,"<= day","daily",NA,1,TRUE
"2011-01-28",265.933,FALSE,NA,NA,"<= day","daily",NA,1,TRUE
"2011-01-29",266.092,FALSE,NA,NA,"<= day","daily",NA,1,TRUE
"2011-01-30",265.417,FALSE,NA,NA,"<= day","daily",NA,1,TRUE
"2011-01-31",265.104,FALSE,NA,NA,"<= day","daily",NA,1,TRUE
"2011-02-01",264.462,FALSE,NA,NA,"<= day","daily",NA,1,TRUE
"2011-02-02",263.992,FALSE,NA,NA,"<= day","daily",NA,1,TRUE
"2011-02-03",263.504,FALSE,NA,NA,"<= day","daily",NA,1,TRUE
"2011-02-04",263.375,FALSE,NA,NA,"<= day","daily",NA,1,TRUE
"2011-02-05",262.792,FALSE,NA,NA,"<= day","daily",NA,1,TRUE
"2011-02-06",262.242,FALSE,NA,NA,"<= day","daily",NA,1,TRUE
"2011-02-07",262.079,FALSE,NA,NA,"<= day","daily",NA,1,TRUE
"2011-02-08",261.925,FALSE,NA,NA,"<= day","daily",NA,1,TRUE
"2011-02-09",261.433,FALSE,NA,NA,"<= day","daily",NA,1,TRUE
"2011-02-10",261.562,FALSE,NA,NA,"<= day","daily",NA,1,TRUE
"2011-02-11",261.104,FALSE,NA,NA,"<= day","daily",NA,1,TRUE
"2011-02-12",262.671,FALSE,NA,NA,"<= day","daily",NA,1,TRUE
"2011-02-13",263.279,FALSE,NA,NA,"<= day","daily",NA,1,TRUE
"2011-02-14",262.054,FALSE,NA,NA,"<= day","daily",NA,1,TRUE
"2011-02-15",262.154,FALSE,NA,NA,"<= day","daily",NA,1,TRUE
"2011-02-16",261.575,FALSE,NA,NA,"<= day","daily",NA,1,TRUE
"2011-02-17",261.117,FALSE,NA,NA,"<= day","daily",NA,1,TRUE
"2011-02-18",260.896,FALSE,NA,NA,"<= day","daily",NA,1,TRUE
"2011-02-19",260.896,FALSE,NA,NA,"<= day","daily",NA,1,TRUE
"2011-02-20",261.012,FALSE,NA,NA,"<= day","daily",NA,1,TRUE
"2011-02-21",261.3,FALSE,NA,NA,"<= day","daily",NA,1,TRUE
"2011-02-22",260.663,FALSE,NA,NA,"<= day","daily",NA,1,TRUE
"2011-02-23",259.587,FALSE,NA,NA,"<= day","daily",NA,1,TRUE
"2011-02-24",259.304,FALSE,NA,NA,"<= day","daily",NA,1,TRUE
"2011-02-25",259.275,FALSE,NA,NA,"<= day","daily",NA,1,TRUE
"2011-02-26",258.579,FALSE,NA,NA,"<= day","daily",NA,1,TRUE
"2011-02-27",258.104,FALSE,NA,NA,"<= day","daily",NA,1,TRUE
"2011-02-28",257.446,FALSE,NA,NA,"<= day","daily",NA,1,TRUE
"2011-03-01",257.529,FALSE,NA,NA,"<= day","daily",NA,1,TRUE
"2011-03-02",257.95,FALSE,NA,NA,"<= day","daily",NA,1,TRUE
"2011-03-03",257.625,FALSE,NA,NA,"<= day","daily",NA,1,TRUE
"2011-03-04",257.612,FALSE,NA,NA,"<= day","daily",NA,1,TRUE
"2011-03-05",257.717,FALSE,NA,NA,"<= day","daily",NA,1,TRUE
"2011-03-06",258.267,FALSE,NA,NA,"<= day","daily",NA,1,TRUE
"2011-03-07",257.142,FALSE,NA,NA,"<= day","daily",NA,1,TRUE
"2011-03-08",257.217,FALSE,NA,NA,"<= day","daily",NA,1,TRUE
"2011-03-09",256.621,FALSE,NA,NA,"<= day","daily",NA,1,TRUE
"2011-03-10",257.792,FALSE,NA,NA,"<= day","daily",NA,1,TRUE
"2011-03-11",257.679,FALSE,NA,NA,"<= day","daily",NA,1,TRUE
"2011-03-12",258.804,FALSE,NA,NA,"<= day","daily",NA,1,TRUE
"2011-03-13",257.917,FALSE,NA,NA,"<= day","daily",NA,1,TRUE
"2011-03-14",260.038,FALSE,NA,NA,"<= day","daily",NA,1,TRUE
"2011-03-15",259.342,FALSE,NA,NA,"<= day","daily",NA,1,TRUE
"2011-03-16",259.492,FALSE,NA,NA,"<= day","daily",NA,1,TRUE
"2011-03-17",259.383,FALSE,NA,NA,"<= day","daily",NA,1,TRUE
"2011-03-18",268.596,FALSE,NA,NA,"<= day","daily",NA,1,TRUE
"2011-03-19",262.383,FALSE,NA,NA,"<= day","daily",NA,1,TRUE
"2011-03-20",259.054,FALSE,NA,NA,"<= day","daily",NA,1,TRUE
"2011-03-21",258.383,FALSE,NA,NA,"<= day","daily",NA,1,TRUE
"2011-03-22",257.742,FALSE,NA,NA,"<= day","daily",NA,1,TRUE
"2011-03-23",257.488,FALSE,NA,NA,"<= day","daily",NA,1,TRUE
"2011-03-24",257.942,FALSE,NA,NA,"<= day","daily",NA,1,TRUE
"2011-03-25",257.362,FALSE,NA,NA,"<= day","daily",NA,1,TRUE
"2011-03-26",256.996,FALSE,NA,NA,"<= day","daily",NA,1,TRUE
"2011-03-27",257.167,FALSE,NA,NA,"<= day","daily",NA,1,TRUE
"2011-03-28",257.317,FALSE,NA,NA,"<= day","daily",NA,1,TRUE
"2011-03-29",256.675,FALSE,NA,NA,"<= day","daily",NA,1,TRUE
"2011-03-30",256.95,FALSE,NA,NA,"<= day","daily",NA,1,TRUE
"2011-03-31",257.642,FALSE,NA,NA,"<= day","daily",NA,1,TRUE
"2011-04-01",256.454,FALSE,NA,NA,"<= day","daily",NA,1,TRUE
"2011-04-02",257.95,FALSE,NA,NA,"<= day","daily",NA,1,TRUE
"2011-04-03",258.362,FALSE,NA,NA,"<= day","daily",NA,1,TRUE
"2011-04-04",259.638,FALSE,NA,NA,"<= day","daily",NA,1,TRUE
"2011-04-05",259.646,FALSE,NA,NA,"<= day","daily",NA,1,TRUE
"2011-04-06",260.296,FALSE,NA,NA,"<= day","daily",NA,1,TRUE
"2011-04-07",261.325,FALSE,NA,NA,"<= day","daily",NA,1,TRUE
"2011-04-08",263.438,FALSE,NA,NA,"<= day","daily",NA,1,TRUE
"2011-04-09",263.362,FALSE,NA,NA,"<= day","daily",NA,1,TRUE
"2011-04-10",264.233,FALSE,NA,NA,"<= day","daily",NA,1,TRUE
"2011-04-11",264.362,FALSE,NA,NA,"<= day","daily",NA,1,TRUE
"2011-04-12",264.479,FALSE,NA,NA,"<= day","daily",NA,1,TRUE
"2011-04-13",263.696,FALSE,NA,NA,"<= day","daily",NA,1,TRUE
"2011-04-14",262.904,FALSE,NA,NA,"<= day","daily",NA,1,TRUE
"2011-04-15",262.45,FALSE,NA,NA,"<= day","daily",NA,1,TRUE
"2011-04-16",263.438,FALSE,NA,NA,"<= day","daily",NA,1,TRUE
"2011-04-17",263.133,FALSE,NA,NA,"<= day","daily",NA,1,TRUE
"2011-04-18",263.871,FALSE,NA,NA,"<= day","daily",NA,1,TRUE
"2011-04-19",265.108,FALSE,NA,NA,"<= day","daily",NA,1,TRUE
"2011-04-20",264.996,FALSE,NA,NA,"<= day","daily",NA,1,TRUE
"2011-04-21",265.675,FALSE,NA,NA,"<= day","daily",NA,1,TRUE
"2011-04-22",266.471,FALSE,NA,NA,"<= day","daily",NA,1,TRUE
"2011-04-23",267.283,FALSE,NA,NA,"<= day","daily",NA,1,TRUE
"2011-04-24",266.658,FALSE,NA,NA,"<= day","daily",NA,1,TRUE
"2011-04-25",267.012,FALSE,NA,NA,"<= day","daily",NA,1,TRUE
"2011-04-26",268.342,FALSE,NA,NA,"<= day","daily",NA,1,TRUE
"2011-04-27",271.262,FALSE,NA,NA,"<= day","daily",NA,1,TRUE
"2011-04-28",270.754,FALSE,NA,NA,"<= day","daily",NA,1,TRUE
"2011-04-29",271.692,FALSE,NA,NA,"<= day","daily",NA,1,TRUE
"2011-04-30",273.742,FALSE,NA,NA,"<= day","daily",NA,1,TRUE
"2011-05-01",272.767,FALSE,NA,NA,"<= day","daily",NA,1,TRUE
"2011-05-02",273.575,FALSE,NA,NA,"<= day","daily",NA,1,TRUE
"2011-05-03",273.012,FALSE,NA,NA,"<= day","daily",NA,1,TRUE
"2011-05-04",272.396,FALSE,NA,NA,"<= day","daily",NA,1,TRUE
"2011-05-05",272.471,FALSE,NA,NA,"<= day","daily",NA,1,TRUE
"2011-05-06",273.454,FALSE,NA,NA,"<= day","daily",NA,1,TRUE
"2011-05-07",273.579,FALSE,NA,NA,"<= day","daily",NA,1,TRUE
"2011-05-08",274.558,FALSE,NA,NA,"<= day","daily",NA,1,TRUE
"2011-05-09",275.471,FALSE,NA,NA,"<= day","daily",NA,1,TRUE
"2011-05-10",275.917,FALSE,NA,NA,"<= day","daily",NA,1,TRUE
"2011-05-11",276.112,FALSE,NA,NA,"<= day","daily",NA,1,TRUE
"2011-05-12",276.204,FALSE,NA,NA,"<= day","daily",NA,1,TRUE
"2011-05-13",276.454,FALSE,NA,NA,"<= day","daily",NA,1,TRUE
"2011-05-14",276.525,FALSE,NA,NA,"<= day","daily",NA,1,TRUE
"2011-05-15",279.792,FALSE,NA,NA,"<= day","daily",NA,1,TRUE
"2011-05-16",279.413,FALSE,NA,NA,"<= day","daily",NA,1,TRUE
"2011-05-17",279.279,FALSE,NA,NA,"<= day","daily",NA,1,TRUE
"2011-05-18",279.629,FALSE,NA,NA,"<= day","daily",NA,1,TRUE
"2011-05-19",280.292,FALSE,NA,NA,"<= day","daily",NA,1,TRUE
"2011-05-20",281.792,FALSE,NA,NA,"<= day","daily",NA,1,TRUE
"2011-05-21",281.654,FALSE,NA,NA,"<= day","daily",NA,1,TRUE
"2011-05-22",282.417,FALSE,NA,NA,"<= day","daily",NA,1,TRUE
"2011-05-23",283.133,FALSE,NA,NA,"<= day","daily",NA,1,TRUE
"2011-05-24",283.425,FALSE,NA,NA,"<= day","daily",NA,1,TRUE
"2011-05-25",283.275,FALSE,NA,NA,"<= day","daily",NA,1,TRUE
"2011-05-26",284.325,FALSE,NA,NA,"<= day","daily",NA,1,TRUE
"2011-05-27",284.954,FALSE,NA,NA,"<= day","daily",NA,1,TRUE
"2011-05-28",286.142,FALSE,NA,NA,"<= day","daily",NA,1,TRUE
"2011-05-29",283.962,FALSE,NA,NA,"<= day","daily",NA,1,TRUE
"2011-05-30",282.679,FALSE,NA,NA,"<= day","daily",NA,1,TRUE
"2011-05-31",282.042,FALSE,NA,NA,"<= day","daily",NA,1,TRUE
"2011-06-01",282.262,FALSE,NA,NA,"<= day","daily",NA,1,TRUE
"2011-06-02",282.092,FALSE,NA,NA,"<= day","daily",NA,1,TRUE
"2011-06-03",282.025,FALSE,NA,NA,"<= day","daily",NA,1,TRUE
"2011-06-04",282.446,FALSE,NA,NA,"<= day","daily",NA,1,TRUE
"2011-06-05",282.292,FALSE,NA,NA,"<= day","daily",NA,1,TRUE
"2011-06-06",283.246,FALSE,NA,NA,"<= day","daily",NA,1,TRUE
"2011-06-07",284.575,FALSE,NA,NA,"<= day","daily",NA,1,TRUE
"2011-06-08",284.508,FALSE,NA,NA,"<= day","daily",NA,1,TRUE
"2011-06-09",284.038,FALSE,NA,NA,"<= day","daily",NA,1,TRUE
"2011-06-10",285.421,FALSE,NA,NA,"<= day","daily",NA,1,TRUE
"2011-06-11",285.358,FALSE,NA,NA,"<= day","daily",NA,1,TRUE
"2011-06-12",285.375,FALSE,NA,NA,"<= day","daily",NA,1,TRUE
"2011-06-13",285.967,FALSE,NA,NA,"<= day","daily",NA,1,TRUE
"2011-06-14",284.929,FALSE,NA,NA,"<= day","daily",NA,1,TRUE
"2011-06-15",285.6,FALSE,NA,NA,"<= day","daily",NA,1,TRUE
"2011-06-16",284.846,FALSE,NA,NA,"<= day","daily",NA,1,TRUE
"2011-06-17",285.179,FALSE,NA,NA,"<= day","daily",NA,1,TRUE
"2011-06-18",286.467,FALSE,NA,NA,"<= day","daily",NA,1,TRUE
"2011-06-19",286.604,FALSE,NA,NA,"<= day","daily",NA,1,TRUE
"2011-06-20",286.983,FALSE,NA,NA,"<= day","daily",NA,1,TRUE
"2011-06-21",287.067,FALSE,NA,NA,"<= day","daily",NA,1,TRUE
"2011-06-22",286.679,FALSE,NA,NA,"<= day","daily",NA,1,TRUE
"2011-06-23",287.604,FALSE,NA,NA,"<= day","daily",NA,1,TRUE
"2011-06-24",287.846,FALSE,NA,NA,"<= day","daily",NA,1,TRUE
"2011-06-25",286.825,FALSE,NA,NA,"<= day","daily",NA,1,TRUE
"2011-06-26",286.929,FALSE,NA,NA,"<= day","daily",NA,1,TRUE
"2011-06-27",287.579,FALSE,NA,NA,"<= day","daily",NA,1,TRUE
"2011-06-28",286.554,FALSE,NA,NA,"<= day","daily",NA,1,TRUE
"2011-06-29",286.579,FALSE,NA,NA,"<= day","daily",NA,1,TRUE
"2011-06-30",288.238,FALSE,NA,NA,"<= day","daily",NA,1,TRUE
"2011-07-01",287.288,FALSE,NA,NA,"<= day","daily",NA,1,TRUE
"2011-07-02",287.45,FALSE,NA,NA,"<= day","daily",NA,1,TRUE
"2011-07-03",287.567,FALSE,NA,NA,"<= day","daily",NA,1,TRUE
"2011-07-04",288.129,FALSE,NA,NA,"<= day","daily",NA,1,TRUE
"2011-07-05",289.321,FALSE,NA,NA,"<= day","daily",NA,1,TRUE
"2011-07-06",290.879,FALSE,NA,NA,"<= day","daily",NA,1,TRUE
"2011-07-07",290.829,FALSE,NA,NA,"<= day","daily",NA,1,TRUE
"2011-07-08",290.975,FALSE,NA,NA,"<= day","daily",NA,1,TRUE
"2011-07-09",291.688,FALSE,NA,NA,"<= day","daily",NA,1,TRUE
"2011-07-10",291.138,FALSE,NA,NA,"<= day","daily",NA,1,TRUE
"2011-07-11",290.558,FALSE,NA,NA,"<= day","daily",NA,1,TRUE
"2011-07-12",290.104,FALSE,NA,NA,"<= day","daily",NA,1,TRUE
"2011-07-13",290.788,FALSE,NA,NA,"<= day","daily",NA,1,TRUE
"2011-07-14",290.621,FALSE,NA,NA,"<= day","daily",NA,1,TRUE
"2011-07-15",289.9,FALSE,NA,NA,"<= day","daily",NA,1,TRUE
"2011-07-16",290.262,FALSE,NA,NA,"<= day","daily",NA,1,TRUE
"2011-07-17",290.938,FALSE,NA,NA,"<= day","daily",NA,1,TRUE
"2011-07-18",289.658,FALSE,NA,NA,"<= day","daily",NA,1,TRUE
"2011-07-19",290.087,FALSE,NA,NA,"<= day","daily",NA,1,TRUE
"2011-07-20",291.275,FALSE,NA,NA,"<= day","daily",NA,1,TRUE
"2011-07-21",292.075,FALSE,NA,NA,"<= day","daily",NA,1,TRUE
"2011-07-22",293.392,FALSE,NA,NA,"<= day","daily",NA,1,TRUE
"2011-07-23",292.021,FALSE,NA,NA,"<= day","daily",NA,1,TRUE
"2011-07-24",292.183,FALSE,NA,NA,"<= day","daily",NA,1,TRUE
"2011-07-25",292.913,FALSE,NA,NA,"<= day","daily",NA,1,TRUE
"2011-07-26",292.729,FALSE,NA,NA,"<= day","daily",NA,1,TRUE
"2011-07-27",292.579,FALSE,NA,NA,"<= day","daily",NA,1,TRUE
"2011-07-28",294.371,FALSE,NA,NA,"<= day","daily",NA,1,TRUE
"2011-07-29",295.888,FALSE,NA,NA,"<= day","daily",NA,1,TRUE
"2011-07-30",296.7,FALSE,NA,NA,"<= day","daily",NA,1,TRUE
"2011-07-31",296.104,FALSE,NA,NA,"<= day","daily",NA,1,TRUE
"2011-08-01",294.012,FALSE,NA,NA,"<= day","daily",NA,1,TRUE
"2011-08-02",293.975,FALSE,NA,NA,"<= day","daily",NA,1,TRUE
"2011-08-03",294.308,FALSE,NA,NA,"<= day","daily",NA,1,TRUE
"2011-08-04",296.658,FALSE,NA,NA,"<= day","daily",NA,1,TRUE
"2011-08-05",295.067,FALSE,NA,NA,"<= day","daily",NA,1,TRUE
"2011-08-06",299.025,FALSE,NA,NA,"<= day","daily",NA,1,TRUE
"2011-08-07",295.646,FALSE,NA,NA,"<= day","daily",NA,1,TRUE
"2011-08-08",296.712,FALSE,NA,NA,"<= day","daily",NA,1,TRUE
"2011-08-09",297.917,FALSE,NA,NA,"<= day","daily",NA,1,TRUE
"2011-08-10",294.804,FALSE,NA,NA,"<= day","daily",NA,1,TRUE
"2011-08-11",293.908,FALSE,NA,NA,"<= day","daily",NA,1,TRUE
"2011-08-12",293.454,FALSE,NA,NA,"<= day","daily",NA,1,TRUE
"2011-08-13",291.554,FALSE,NA,NA,"<= day","daily",NA,1,TRUE
"2011-08-14",291.888,FALSE,NA,NA,"<= day","daily",NA,1,TRUE
"2011-08-15",291.854,FALSE,NA,NA,"<= day","daily",NA,1,TRUE
"2011-08-16",290.796,FALSE,NA,NA,"<= day","daily",NA,1,TRUE
"2011-08-17",290.654,FALSE,NA,NA,"<= day","daily",NA,1,TRUE
"2011-08-18",289.85,FALSE,NA,NA,"<= day","daily",NA,1,TRUE
"2011-08-19",287.904,FALSE,NA,NA,"<= day","daily",NA,1,TRUE
"2011-08-20",288.325,FALSE,NA,NA,"<= day","daily",NA,1,TRUE
"2011-08-21",286.454,FALSE,NA,NA,"<= day","daily",NA,1,TRUE
"2011-08-22",287.671,FALSE,NA,NA,"<= day","daily",NA,1,TRUE
"2011-08-23",286.562,FALSE,NA,NA,"<= day","daily",NA,1,TRUE
"2011-08-24",285.9,FALSE,NA,NA,"<= day","daily",NA,1,TRUE
"2011-08-25",284.092,FALSE,NA,NA,"<= day","daily",NA,1,TRUE
"2011-08-26",284.304,FALSE,NA,NA,"<= day","daily",NA,1,TRUE
"2011-08-27",283.8,FALSE,NA,NA,"<= day","daily",NA,1,TRUE
"2011-08-28",283.017,FALSE,NA,NA,"<= day","daily",NA,1,TRUE
"2011-08-29",282.438,FALSE,NA,NA,"<= day","daily",NA,1,TRUE
"2011-08-30",282.529,FALSE,NA,NA,"<= day","daily",NA,1,TRUE
"2011-08-31",281.542,FALSE,NA,NA,"<= day","daily",NA,1,TRUE
"2011-09-01",281.413,FALSE,NA,NA,"<= day","daily",NA,1,TRUE
"2011-09-02",281.783,FALSE,NA,NA,"<= day","daily",NA,1,TRUE
"2011-09-03",283.138,FALSE,NA,NA,"<= day","daily",NA,1,TRUE
"2011-09-04",283.208,FALSE,NA,NA,"<= day","daily",NA,1,TRUE
"2011-09-05",281.804,FALSE,NA,NA,"<= day","daily",NA,1,TRUE
"2011-09-06",281.5,FALSE,NA,NA,"<= day","daily",NA,1,TRUE
"2011-09-07",282.5,FALSE,NA,NA,"<= day","daily",NA,1,TRUE
"2011-09-08",281.883,FALSE,NA,NA,"<= day","daily",NA,1,TRUE
"2011-09-09",282.092,FALSE,NA,NA,"<= day","daily",NA,1,TRUE
"2011-09-10",282.754,FALSE,NA,NA,"<= day","daily",NA,1,TRUE
"2011-09-11",282.454,FALSE,NA,NA,"<= day","daily",NA,1,TRUE
"2011-09-12",283.671,FALSE,NA,NA,"<= day","daily",NA,1,TRUE
"2011-09-13",282.988,FALSE,NA,NA,"<= day","daily",NA,1,TRUE
"2011-09-14",281.725,FALSE,NA,NA,"<= day","daily",NA,1,TRUE
"2011-09-15",280.821,FALSE,NA,NA,"<= day","daily",NA,1,TRUE
"2011-09-16",279.788,FALSE,NA,NA,"<= day","daily",NA,1,TRUE
"2011-09-17",279.825,FALSE,NA,NA,"<= day","daily",NA,1,TRUE
"2011-09-18",280.921,FALSE,NA,NA,"<= day","daily",NA,1,TRUE
"2011-09-19",282.133,FALSE,NA,NA,"<= day","daily",NA,1,TRUE
"2011-09-20",281.538,FALSE,NA,NA,"<= day","daily",NA,1,TRUE
"2011-09-21",282.521,FALSE,NA,NA,"<= day","daily",NA,1,TRUE
"2011-09-22",283.096,FALSE,NA,NA,"<= day","daily",NA,1,TRUE
"2011-09-23",283.142,FALSE,NA,NA,"<= day","daily",NA,1,TRUE
"2011-09-24",282.008,FALSE,NA,NA,"<= day","daily",NA,1,TRUE
"2011-09-25",281.158,FALSE,NA,NA,"<= day","daily",NA,1,TRUE
"2011-09-26",281.871,FALSE,NA,NA,"<= day","daily",NA,1,TRUE
"2011-09-27",280.483,FALSE,NA,NA,"<= day","daily",NA,1,TRUE
"2011-09-28",280.85,FALSE,NA,NA,"<= day","daily",NA,1,TRUE
"2011-09-29",280.783,FALSE,NA,NA,"<= day","daily",NA,1,TRUE
"2011-09-30",280.888,FALSE,NA,NA,"<= day","daily",NA,1,TRUE
"2011-10-01",280.642,FALSE,NA,NA,"<= day","daily",NA,1,TRUE
"2011-10-02",280.367,FALSE,NA,NA,"<= day","daily",NA,1,TRUE
"2011-10-03",280.258,FALSE,NA,NA,"<= day","daily",NA,1,TRUE
"2011-10-04",279.233,FALSE,NA,NA,"<= day","daily",NA,1,TRUE
"2011-10-05",278.971,FALSE,NA,NA,"<= day","daily",NA,1,TRUE
"2011-10-06",279.717,FALSE,NA,NA,"<= day","daily",NA,1,TRUE
"2011-10-07",282.179,FALSE,NA,NA,"<= day","daily",NA,1,TRUE
"2011-10-08",283.538,FALSE,NA,NA,"<= day","daily",NA,1,TRUE
"2011-10-09",282.558,FALSE,NA,NA,"<= day","daily",NA,1,TRUE
"2011-10-10",284.538,FALSE,NA,NA,"<= day","daily",NA,1,TRUE
"2011-10-11",282.267,FALSE,NA,NA,"<= day","daily",NA,1,TRUE
"2011-10-12",285.083,FALSE,NA,NA,"<= day","daily",NA,1,TRUE
"2011-10-13",285.004,FALSE,NA,NA,"<= day","daily",NA,1,TRUE
"2011-10-14",286.025,FALSE,NA,NA,"<= day","daily",NA,1,TRUE
"2011-10-15",285.696,FALSE,NA,NA,"<= day","daily",NA,1,TRUE
"2011-10-16",287.321,FALSE,NA,NA,"<= day","daily",NA,1,TRUE
"2011-10-17",287.663,FALSE,NA,NA,"<= day","daily",NA,1,TRUE
"2011-10-18",288.608,FALSE,NA,NA,"<= day","daily",NA,1,TRUE
"2011-10-19",288.587,FALSE,NA,NA,"<= day","daily",NA,1,TRUE
"2011-10-20",288.4,FALSE,NA,NA,"<= day","daily",NA,1,TRUE
"2011-10-21",289.421,FALSE,NA,NA,"<= day","daily",NA,1,TRUE
"2011-10-22",289.129,FALSE,NA,NA,"<= day","daily",NA,1,TRUE
"2011-10-23",289.325,FALSE,NA,NA,"<= day","daily",NA,1,TRUE
"2011-10-24",289.95,FALSE,NA,NA,"<= day","daily",NA,1,TRUE
"2011-10-25",291.629,FALSE,NA,NA,"<= day","daily",NA,1,TRUE
"2011-10-26",290.95,FALSE,NA,NA,"<= day","daily",NA,1,TRUE
"2011-10-27",289.958,FALSE,NA,NA,"<= day","daily",NA,1,TRUE
"2011-10-28",289.354,FALSE,NA,NA,"<= day","daily",NA,1,TRUE
"2011-10-29",288.954,FALSE,NA,NA,"<= day","daily",NA,1,TRUE
"2011-10-30",288.079,FALSE,NA,NA,"<= day","daily",NA,1,TRUE
"2011-10-31",288.108,FALSE,NA,NA,"<= day","daily",NA,1,TRUE
"2011-11-01",287.7,FALSE,NA,NA,"<= day","daily",NA,1,TRUE
"2011-11-02",287.596,FALSE,NA,NA,"<= day","daily",NA,1,TRUE
"2011-11-03",286.742,FALSE,NA,NA,"<= day","daily",NA,1,TRUE
"2011-11-04",287.167,FALSE,NA,NA,"<= day","daily",NA,1,TRUE
"2011-11-05",286.938,FALSE,NA,NA,"<= day","daily",NA,1,TRUE
"2011-11-06",286.542,FALSE,NA,NA,"<= day","daily",NA,1,TRUE
"2011-11-07",285.371,FALSE,NA,NA,"<= day","daily",NA,1,TRUE
"2011-11-08",285.271,FALSE,NA,NA,"<= day","daily",NA,1,TRUE
"2011-11-09",284.246,FALSE,NA,NA,"<= day","daily",NA,1,TRUE
"2011-11-10",284.071,FALSE,NA,NA,"<= day","daily",NA,1,TRUE
"2011-11-11",283.146,FALSE,NA,NA,"<= day","daily",NA,1,TRUE
"2011-11-12",282.45,FALSE,NA,NA,"<= day","daily",NA,1,TRUE
"2011-11-13",282.079,FALSE,NA,NA,"<= day","daily",NA,1,TRUE
"2011-11-14",281.171,FALSE,NA,NA,"<= day","daily",NA,1,TRUE
"2011-11-15",280.988,FALSE,NA,NA,"<= day","daily",NA,1,TRUE
"2011-11-16",280.671,FALSE,NA,NA,"<= day","daily",NA,1,TRUE
"2011-11-17",279.879,FALSE,NA,NA,"<= day","daily",NA,1,TRUE
"2011-11-18",279.462,FALSE,NA,NA,"<= day","daily",NA,1,TRUE
"2011-11-19",279.517,FALSE,NA,NA,"<= day","daily",NA,1,TRUE
"2011-11-20",278.833,FALSE,NA,NA,"<= day","daily",NA,1,TRUE
"2011-11-21",278.267,FALSE,NA,NA,"<= day","daily",NA,1,TRUE
"2011-11-22",278.004,FALSE,NA,NA,"<= day","daily",NA,1,TRUE
"2011-11-23",277.529,FALSE,NA,NA,"<= day","daily",NA,1,TRUE
"2011-11-24",276.521,FALSE,NA,NA,"<= day","daily",NA,1,TRUE
"2011-11-25",277.304,FALSE,NA,NA,"<= day","daily",NA,1,TRUE
"2011-11-26",276.038,FALSE,NA,NA,"<= day","daily",NA,1,TRUE
"2011-11-27",275.3,FALSE,NA,NA,"<= day","daily",NA,1,TRUE
"2011-11-28",275.208,FALSE,NA,NA,"<= day","daily",NA,1,TRUE
"2011-11-29",275.279,FALSE,NA,NA,"<= day","daily",NA,1,TRUE
"2011-11-30",274.392,FALSE,NA,NA,"<= day","daily",NA,1,TRUE
"2011-12-01",273.758,FALSE,NA,NA,"<= day","daily",NA,1,TRUE
"2011-12-02",273.483,FALSE,NA,NA,"<= day","daily",NA,1,TRUE
"2011-12-03",272.446,FALSE,NA,NA,"<= day","daily",NA,1,TRUE
"2011-12-04",270.625,FALSE,NA,NA,"<= day","daily",NA,1,TRUE
"2011-12-05",270.779,FALSE,NA,NA,"<= day","daily",NA,1,TRUE
"2011-12-06",269.538,FALSE,NA,NA,"<= day","daily",NA,1,TRUE
"2011-12-07",269.046,FALSE,NA,NA,"<= day","daily",NA,1,TRUE
"2011-12-08",267.817,FALSE,NA,NA,"<= day","daily",NA,1,TRUE
"2011-12-09",266.954,FALSE,NA,NA,"<= day","daily",NA,1,TRUE
"2011-12-10",266.171,FALSE,NA,NA,"<= day","daily",NA,1,TRUE
"2011-12-11",264.917,FALSE,NA,NA,"<= day","daily",NA,1,TRUE
"2011-12-12",265.354,FALSE,NA,NA,"<= day","daily",NA,1,TRUE
"2011-12-13",265.442,FALSE,NA,NA,"<= day","daily",NA,1,TRUE
"2011-12-14",264.663,FALSE,NA,NA,"<= day","daily",NA,1,TRUE
"2011-12-15",264.342,FALSE,NA,NA,"<= day","daily",NA,1,TRUE
"2011-12-16",264.858,FALSE,NA,NA,"<= day","daily",NA,1,TRUE
"2011-12-17",264.367,FALSE,NA,NA,"<= day","daily",NA,1,TRUE
"2011-12-18",262.429,FALSE,NA,NA,"<= day","daily",NA,1,TRUE
"2011-12-19",261.621,FALSE,NA,NA,"<= day","daily",NA,1,TRUE
"2011-12-20",261.417,FALSE,NA,NA,"<= day","daily",NA,1,TRUE
"2011-12-21",260.45,FALSE,NA,NA,"<= day","daily",NA,1,TRUE
"2011-12-22",260.279,FALSE,NA,NA,"<= day","daily",NA,1,TRUE
"2011-12-23",261.858,FALSE,NA,NA,"<= day","daily",NA,1,TRUE
"2011-12-24",261.471,FALSE,NA,NA,"<= day","daily",NA,1,TRUE
"2011-12-25",261.017,FALSE,NA,NA,"<= day","daily",NA,1,TRUE
"2011-12-26",260.204,FALSE,NA,NA,"<= day","daily",NA,1,TRUE
"2011-12-27",259.146,FALSE,NA,NA,"<= day","daily",NA,1,TRUE
"2011-12-28",259.15,FALSE,NA,NA,"<= day","daily",NA,1,TRUE
"2011-12-29",259.667,FALSE,NA,NA,"<= day","daily",NA,1,TRUE
"2011-12-30",260.067,FALSE,NA,NA,"<= day","daily",NA,1,TRUE
"2011-12-31",259.375,FALSE,NA,NA,"<= day","daily",NA,1,TRUE
"2012-01-01",266.117,FALSE,NA,NA,"<= day","daily",NA,1,TRUE
"2012-01-02",264.467,FALSE,NA,NA,"<= day","daily",NA,1,TRUE
"2012-01-03",263.038,FALSE,NA,NA,"<= day","daily",NA,1,TRUE
"2012-01-04",261.396,FALSE,NA,NA,"<= day","daily",NA,1,TRUE
"2012-01-05",262.108,FALSE,NA,NA,"<= day","daily",NA,1,TRUE
"2012-01-06",262.638,FALSE,NA,NA,"<= day","daily",NA,1,TRUE
"2012-01-07",258.621,FALSE,NA,NA,"<= day","daily",NA,1,TRUE
"2012-01-08",260.212,FALSE,NA,NA,"<= day","daily",NA,1,TRUE
"2012-01-09",259.233,FALSE,NA,NA,"<= day","daily",NA,1,TRUE
"2012-01-10",259.704,FALSE,NA,NA,"<= day","daily",NA,1,TRUE
"2012-01-11",258.438,FALSE,NA,NA,"<= day","daily",NA,1,TRUE
"2012-01-12",256.837,FALSE,NA,NA,"<= day","daily",NA,1,TRUE
"2012-01-13",257.988,FALSE,NA,NA,"<= day","daily",NA,1,TRUE
"2012-01-14",256.496,FALSE,NA,NA,"<= day","daily",NA,1,TRUE
"2012-01-15",254.404,FALSE,NA,NA,"<= day","daily",NA,1,TRUE
"2012-01-16",253.2,FALSE,NA,NA,"<= day","daily",NA,1,TRUE
"2012-01-17",253.754,FALSE,NA,NA,"<= day","daily",NA,1,TRUE
"2012-01-18",252.5,FALSE,NA,NA,"<= day","daily",NA,1,TRUE
"2012-01-19",253.829,FALSE,NA,NA,"<= day","daily",NA,1,TRUE
"2012-01-20",262.217,FALSE,NA,NA,"<= day","daily",NA,1,TRUE
"2012-01-21",258.796,FALSE,NA,NA,"<= day","daily",NA,1,TRUE
"2012-01-22",264.308,FALSE,NA,NA,"<= day","daily",NA,1,TRUE
"2012-01-23",265.337,FALSE,NA,NA,"<= day","daily",NA,1,TRUE
"2012-01-24",262.492,FALSE,NA,NA,"<= day","daily",NA,1,TRUE
"2012-01-25",257.7,FALSE,NA,NA,"<= day","daily",NA,1,TRUE
"2012-01-26",255.821,FALSE,NA,NA,"<= day","daily",NA,1,TRUE
"2012-01-27",253.787,FALSE,NA,NA,"<= day","daily",NA,1,TRUE
"2012-01-28",254.412,FALSE,NA,NA,"<= day","daily",NA,1,TRUE
"2012-01-29",253.075,FALSE,NA,NA,"<= day","daily",NA,1,TRUE
"2012-01-30",252.95,FALSE,NA,NA,"<= day","daily",NA,1,TRUE
"2012-01-31",252.842,FALSE,NA,NA,"<= day","daily",NA,1,TRUE
"2012-02-01",252.3,FALSE,NA,NA,"<= day","daily",NA,1,TRUE
"2012-02-02",251.804,FALSE,NA,NA,"<= day","daily",NA,1,TRUE
"2012-02-03",251.762,FALSE,NA,NA,"<= day","daily",NA,1,TRUE
"2012-02-04",252.55,FALSE,NA,NA,"<= day","daily",NA,1,TRUE
"2012-02-05",251.613,FALSE,NA,NA,"<= day","daily",NA,1,TRUE
"2012-02-06",251.821,FALSE,NA,NA,"<= day","daily",NA,1,TRUE
"2012-02-07",251.383,FALSE,NA,NA,"<= day","daily",NA,1,TRUE
"2012-02-08",251.425,FALSE,NA,NA,"<= day","daily",NA,1,TRUE
"2012-02-09",251.338,FALSE,NA,NA,"<= day","daily",NA,1,TRUE
"2012-02-10",250.529,FALSE,NA,NA,"<= day","daily",NA,1,TRUE
"2012-02-11",250.479,FALSE,NA,NA,"<= day","daily",NA,1,TRUE
"2012-02-12",250.1,FALSE,NA,NA,"<= day","daily",NA,1,TRUE
"2012-02-13",249.9,FALSE,NA,NA,"<= day","daily",NA,1,TRUE
"2012-02-14",249.421,FALSE,NA,NA,"<= day","daily",NA,1,TRUE
"2012-02-15",250.104,FALSE,NA,NA,"<= day","daily",NA,1,TRUE
"2012-02-16",249,FALSE,NA,NA,"<= day","daily",NA,1,TRUE
"2012-02-17",248.746,FALSE,NA,NA,"<= day","daily",NA,1,TRUE
"2012-02-18",247.979,FALSE,NA,NA,"<= day","daily",NA,1,TRUE
"2012-02-19",247.567,FALSE,NA,NA,"<= day","daily",NA,1,TRUE
"2012-02-20",246.833,FALSE,NA,NA,"<= day","daily",NA,1,TRUE
"2012-02-21",246,FALSE,NA,NA,"<= day","daily",NA,1,TRUE
"2012-02-22",246.367,FALSE,NA,NA,"<= day","daily",NA,1,TRUE
"2012-02-23",246.567,FALSE,NA,NA,"<= day","daily",NA,1,TRUE
"2012-02-24",246.533,FALSE,NA,NA,"<= day","daily",NA,1,TRUE
"2012-02-25",247.479,FALSE,NA,NA,"<= day","daily",NA,1,TRUE
"2012-02-26",250.838,FALSE,NA,NA,"<= day","daily",NA,1,TRUE
"2012-02-27",249.546,FALSE,NA,NA,"<= day","daily",NA,1,TRUE
"2012-02-28",248.796,FALSE,NA,NA,"<= day","daily",NA,1,TRUE
"2012-02-29",248.892,FALSE,NA,NA,"<= day","daily",NA,1,TRUE
"2012-03-01",250.396,FALSE,NA,NA,"<= day","daily",NA,1,TRUE
"2012-03-02",252.558,FALSE,NA,NA,"<= day","daily",NA,1,TRUE
"2012-03-03",254.387,FALSE,NA,NA,"<= day","daily",NA,1,TRUE
"2012-03-04",255.458,FALSE,NA,NA,"<= day","daily",NA,1,TRUE
"2012-03-05",257.596,FALSE,NA,NA,"<= day","daily",NA,1,TRUE
"2012-03-06",256.642,FALSE,NA,NA,"<= day","daily",NA,1,TRUE
"2012-03-07",255.283,FALSE,NA,NA,"<= day","daily",NA,1,TRUE
"2012-03-08",254.575,FALSE,NA,NA,"<= day","daily",NA,1,TRUE
"2012-03-09",254.079,FALSE,NA,NA,"<= day","daily",NA,1,TRUE
"2012-03-10",253.346,FALSE,NA,NA,"<= day","daily",NA,1,TRUE
"2012-03-11",253.863,FALSE,NA,NA,"<= day","daily",NA,1,TRUE
"2012-03-12",254.012,FALSE,NA,NA,"<= day","daily",NA,1,TRUE
"2012-03-13",254.933,FALSE,NA,NA,"<= day","daily",NA,1,TRUE
"2012-03-14",256.371,FALSE,NA,NA,"<= day","daily",NA,1,TRUE
"2012-03-15",257.021,FALSE,NA,NA,"<= day","daily",NA,1,TRUE
"2012-03-16",257.817,FALSE,NA,NA,"<= day","daily",NA,1,TRUE
"2012-03-17",259.112,FALSE,NA,NA,"<= day","daily",NA,1,TRUE
"2012-03-18",259.6,FALSE,NA,NA,"<= day","daily",NA,1,TRUE
"2012-03-19",260.663,FALSE,NA,NA,"<= day","daily",NA,1,TRUE
"2012-03-20",259.842,FALSE,NA,NA,"<= day","daily",NA,1,TRUE
"2012-03-21",259.704,FALSE,NA,NA,"<= day","daily",NA,1,TRUE
"2012-03-22",260.375,FALSE,NA,NA,"<= day","daily",NA,1,TRUE
"2012-03-23",261.229,FALSE,NA,NA,"<= day","daily",NA,1,TRUE
"2012-03-24",262.604,FALSE,NA,NA,"<= day","daily",NA,1,TRUE
"2012-03-25",263.312,FALSE,NA,NA,"<= day","daily",NA,1,TRUE
"2012-03-26",263.846,FALSE,NA,NA,"<= day","daily",NA,1,TRUE
"2012-03-27",264.196,FALSE,NA,NA,"<= day","daily",NA,1,TRUE
"2012-03-28",264.796,FALSE,NA,NA,"<= day","daily",NA,1,TRUE
"2012-03-29",266.304,FALSE,NA,NA,"<= day","daily",NA,1,TRUE
"2012-03-30",270.388,FALSE,NA,NA,"<= day","daily",NA,1,TRUE
"2012-03-31",270.112,FALSE,NA,NA,"<= day","daily",NA,1,TRUE
"2012-04-01",269.567,FALSE,NA,NA,"<= day","daily",NA,1,TRUE
"2012-04-02",269.458,FALSE,NA,NA,"<= day","daily",NA,1,TRUE
"2012-04-03",269.458,FALSE,NA,NA,"<= day","daily",NA,1,TRUE
"2012-04-04",270.617,FALSE,NA,NA,"<= day","daily",NA,1,TRUE
"2012-04-05",271.492,FALSE,NA,NA,"<= day","daily",NA,1,TRUE
"2012-04-06",273,FALSE,NA,NA,"<= day","daily",NA,1,TRUE
"2012-04-07",273.221,FALSE,NA,NA,"<= day","daily",NA,1,TRUE
"2012-04-08",273.008,FALSE,NA,NA,"<= day","daily",NA,1,TRUE
"2012-04-09",273.142,FALSE,NA,NA,"<= day","daily",NA,1,TRUE
"2012-04-10",272.892,FALSE,NA,NA,"<= day","daily",NA,1,TRUE
"2012-04-11",273.55,FALSE,NA,NA,"<= day","daily",NA,1,TRUE
"2012-04-12",273.404,FALSE,NA,NA,"<= day","daily",NA,1,TRUE
"2012-04-13",273.258,FALSE,NA,NA,"<= day","daily",NA,1,TRUE
"2012-04-14",273.112,FALSE,NA,NA,"<= day","daily",NA,1,TRUE
"2012-04-15",272.667,FALSE,NA,NA,"<= day","daily",NA,1,TRUE
"2012-04-16",272.817,FALSE,NA,NA,"<= day","daily",NA,1,TRUE
"2012-04-17",272.596,FALSE,NA,NA,"<= day","daily",NA,1,TRUE
"2012-04-18",273,FALSE,NA,NA,"<= day","daily",NA,1,TRUE
"2012-04-19",273.392,FALSE,NA,NA,"<= day","daily",NA,1,TRUE
"2012-04-20",273.642,FALSE,NA,NA,"<= day","daily",NA,1,TRUE
"2012-04-21",273.296,FALSE,NA,NA,"<= day","daily",NA,1,TRUE
"2012-04-22",272.958,FALSE,NA,NA,"<= day","daily",NA,1,TRUE
"2012-04-23",273.329,FALSE,NA,NA,"<= day","daily",NA,1,TRUE
"2012-04-24",273.942,FALSE,NA,NA,"<= day","daily",NA,1,TRUE
"2012-04-25",273.288,FALSE,NA,NA,"<= day","daily",NA,1,TRUE
"2012-04-26",274.079,FALSE,NA,NA,"<= day","daily",NA,1,TRUE
"2012-04-27",277.062,FALSE,NA,NA,"<= day","daily",NA,1,TRUE
"2012-04-28",279.454,FALSE,NA,NA,"<= day","daily",NA,1,TRUE
"2012-04-29",282.454,FALSE,NA,NA,"<= day","daily",NA,1,TRUE
"2012-04-30",284.837,FALSE,NA,NA,"<= day","daily",NA,1,TRUE
"2012-05-01",286.925,FALSE,NA,NA,"<= day","daily",NA,1,TRUE
"2012-05-02",288.95,FALSE,NA,NA,"<= day","daily",NA,1,TRUE
"2012-05-03",291.275,FALSE,NA,NA,"<= day","daily",NA,1,TRUE
"2012-05-04",291.275,FALSE,NA,NA,"<= day","daily",NA,1,TRUE
"2012-05-05",291.125,FALSE,NA,NA,"<= day","daily",NA,1,TRUE
"2012-05-06",291.65,FALSE,NA,NA,"<= day","daily",NA,1,TRUE
"2012-05-07",291.125,FALSE,NA,NA,"<= day","daily",NA,1,TRUE
"2012-05-08",291.65,FALSE,NA,NA,"<= day","daily",NA,1,TRUE
"2012-05-09",292.362,FALSE,NA,NA,"<= day","daily",NA,1,TRUE
"2012-05-10",292.663,FALSE,NA,NA,"<= day","daily",NA,1,TRUE
"2012-05-11",292.55,FALSE,NA,NA,"<= day","daily",NA,1,TRUE
"2012-05-12",292.85,FALSE,NA,NA,"<= day","daily",NA,1,TRUE
"2012-05-13",292.625,FALSE,NA,NA,"<= day","daily",NA,1,TRUE
"2012-05-14",293.375,FALSE,NA,NA,"<= day","daily",NA,1,TRUE
"2012-05-15",294.462,FALSE,NA,NA,"<= day","daily",NA,1,TRUE
"2012-05-16",292.925,FALSE,NA,NA,"<= day","daily",NA,1,TRUE
"2012-05-17",292.138,FALSE,NA,NA,"<= day","daily",NA,1,TRUE
"2012-05-18",292.062,FALSE,NA,NA,"<= day","daily",NA,1,TRUE
"2012-05-19",292.212,FALSE,NA,NA,"<= day","daily",NA,1,TRUE
"2012-05-20",293.3,FALSE,NA,NA,"<= day","daily",NA,1,TRUE
"2012-05-21",293.788,FALSE,NA,NA,"<= day","daily",NA,1,TRUE
"2012-05-22",294.238,FALSE,NA,NA,"<= day","daily",NA,1,TRUE
"2012-05-23",292.962,FALSE,NA,NA,"<= day","daily",NA,1,TRUE
"2012-05-24",292.663,FALSE,NA,NA,"<= day","daily",NA,1,TRUE
"2012-05-25",293.225,FALSE,NA,NA,"<= day","daily",NA,1,TRUE
"2012-05-26",294.983,FALSE,NA,NA,"<= day","daily",NA,1,TRUE
"2012-05-27",295.55,FALSE,NA,NA,"<= day","daily",NA,1,TRUE
"2012-05-28",296.075,FALSE,NA,NA,"<= day","daily",NA,1,TRUE
"2012-05-29",295.85,FALSE,NA,NA,"<= day","daily",NA,1,TRUE
"2012-05-30",295.587,FALSE,NA,NA,"<= day","daily",NA,1,TRUE
"2012-05-31",296,FALSE,NA,NA,"<= day","daily",NA,1,TRUE
"2012-06-01",303.892,FALSE,NA,NA,"<= day","daily",NA,1,TRUE
"2012-06-02",301.542,FALSE,NA,NA,"<= day","daily",NA,1,TRUE
"2012-06-03",300.45,FALSE,NA,NA,"<= day","daily",NA,1,TRUE
"2012-06-04",307.025,FALSE,NA,NA,"<= day","daily",NA,1,TRUE
"2012-06-05",306.638,FALSE,NA,NA,"<= day","daily",NA,1,TRUE
"2012-06-06",306.087,FALSE,NA,NA,"<= day","daily",NA,1,TRUE
"2012-06-07",305.812,FALSE,NA,NA,"<= day","daily",NA,1,TRUE
"2012-06-08",304.738,FALSE,NA,NA,"<= day","daily",NA,1,TRUE
"2012-06-09",304.704,FALSE,NA,NA,"<= day","daily",NA,1,TRUE
"2012-06-10",305.583,FALSE,NA,NA,"<= day","daily",NA,1,TRUE
"2012-06-11",306.083,FALSE,NA,NA,"<= day","daily",NA,1,TRUE
"2012-06-12",306.938,FALSE,NA,NA,"<= day","daily",NA,1,TRUE
"2012-06-13",310.996,FALSE,NA,NA,"<= day","daily",NA,1,TRUE
"2012-06-14",310.567,FALSE,NA,NA,"<= day","daily",NA,1,TRUE
"2012-06-15",309.913,FALSE,NA,NA,"<= day","daily",NA,1,TRUE
"2012-06-16",309.992,FALSE,NA,NA,"<= day","daily",NA,1,TRUE
"2012-06-17",310.071,FALSE,NA,NA,"<= day","daily",NA,1,TRUE
"2012-06-18",310.692,FALSE,NA,NA,"<= day","daily",NA,1,TRUE
"2012-06-19",310.954,FALSE,NA,NA,"<= day","daily",NA,1,TRUE
"2012-06-20",313.467,FALSE,NA,NA,"<= day","daily",NA,1,TRUE
"2012-06-21",315.521,FALSE,NA,NA,"<= day","daily",NA,1,TRUE
"2012-06-22",314.862,FALSE,NA,NA,"<= day","daily",NA,1,TRUE
"2012-06-23",314.129,FALSE,NA,NA,"<= day","daily",NA,1,TRUE
"2012-06-24",314.279,FALSE,NA,NA,"<= day","daily",NA,1,TRUE
"2012-06-25",313.221,FALSE,NA,NA,"<= day","daily",NA,1,TRUE
"2012-06-26",312.233,FALSE,NA,NA,"<= day","daily",NA,1,TRUE
"2012-06-27",312.008,FALSE,NA,NA,"<= day","daily",NA,1,TRUE
"2012-06-28",311.733,FALSE,NA,NA,"<= day","daily",NA,1,TRUE
"2012-06-29",311.5,FALSE,NA,NA,"<= day","daily",NA,1,TRUE
"2012-06-30",311.154,FALSE,NA,NA,"<= day","daily",NA,1,TRUE
"2012-07-01",309.9,FALSE,NA,NA,"<= day","daily",NA,1,TRUE
"2012-10-16",282.991,FALSE,NA,NA,"<= day","daily",NA,1,TRUE
"2012-10-17",282.233,FALSE,NA,NA,"<= day","daily",NA,1,TRUE
"2012-10-18",281.429,FALSE,NA,NA,"<= day","daily",NA,1,TRUE
"2012-10-19",280.271,FALSE,NA,NA,"<= day","daily",NA,1,TRUE
"2012-10-20",278.812,FALSE,NA,NA,"<= day","daily",NA,1,TRUE
"2012-10-21",278.65,FALSE,NA,NA,"<= day","daily",NA,1,TRUE
"2012-10-22",277.85,FALSE,NA,NA,"<= day","daily",NA,1,TRUE
"2012-10-23",276.667,FALSE,NA,NA,"<= day","daily",NA,1,TRUE
"2012-10-24",275.654,FALSE,NA,NA,"<= day","daily",NA,1,TRUE
"2012-10-25",275.042,FALSE,NA,NA,"<= day","daily",NA,1,TRUE
"2012-10-26",273.796,FALSE,NA,NA,"<= day","daily",NA,1,TRUE
"2012-10-27",273.692,FALSE,NA,NA,"<= day","daily",NA,1,TRUE
"2012-10-28",272.817,FALSE,NA,NA,"<= day","daily",NA,1,TRUE
"2012-10-29",273.167,FALSE,NA,NA,"<= day","daily",NA,1,TRUE
"2012-10-30",274.4,FALSE,NA,NA,"<= day","daily",NA,1,TRUE
"2012-10-31",274.163,FALSE,NA,NA,"<= day","daily",NA,1,TRUE
"2012-11-01",274.875,FALSE,NA,NA,"<= day","daily",NA,1,TRUE
"2012-11-02",275.167,FALSE,NA,NA,"<= day","daily",NA,1,TRUE
"2012-11-03",274.154,FALSE,NA,NA,"<= day","daily",NA,1,TRUE
"2012-11-04",274.192,FALSE,NA,NA,"<= day","daily",NA,1,TRUE
"2012-11-05",279.492,FALSE,NA,NA,"<= day","daily",NA,1,TRUE
"2012-11-06",276.633,FALSE,NA,NA,"<= day","daily",NA,1,TRUE
"2012-11-07",271.238,FALSE,NA,NA,"<= day","daily",NA,1,TRUE
"2012-11-08",270.404,FALSE,NA,NA,"<= day","daily",NA,1,TRUE
"2012-11-09",270.862,FALSE,NA,NA,"<= day","daily",NA,1,TRUE
"2012-11-10",270.408,FALSE,NA,NA,"<= day","daily",NA,1,TRUE
"2012-11-11",269.288,FALSE,NA,NA,"<= day","daily",NA,1,TRUE
"2012-11-12",268.925,FALSE,NA,NA,"<= day","daily",NA,1,TRUE
"2012-11-13",266.954,FALSE,NA,NA,"<= day","daily",NA,1,TRUE
"2012-11-14",267.633,FALSE,NA,NA,"<= day","daily",NA,1,TRUE
"2012-11-15",267.612,FALSE,NA,NA,"<= day","daily",NA,1,TRUE
"2012-11-16",267.933,FALSE,NA,NA,"<= day","daily",NA,1,TRUE
"2012-11-17",269.383,FALSE,NA,NA,"<= day","daily",NA,1,TRUE
"2012-11-18",268.675,FALSE,NA,NA,"<= day","daily",NA,1,TRUE
"2012-11-19",267.271,FALSE,NA,NA,"<= day","daily",NA,1,TRUE
"2012-11-20",269.608,FALSE,NA,NA,"<= day","daily",NA,1,TRUE
"2012-11-21",269.583,FALSE,NA,NA,"<= day","daily",NA,1,TRUE
"2012-11-22",268.083,FALSE,NA,NA,"<= day","daily",NA,1,TRUE
"2012-11-23",265.762,FALSE,NA,NA,"<= day","daily",NA,1,TRUE
"2012-11-24",267.15,FALSE,NA,NA,"<= day","daily",NA,1,TRUE
"2012-11-25",266.133,FALSE,NA,NA,"<= day","daily",NA,1,TRUE
"2012-11-26",264.721,FALSE,NA,NA,"<= day","daily",NA,1,TRUE
"2012-11-27",267.579,FALSE,NA,NA,"<= day","daily",NA,1,TRUE
"2012-11-28",268.05,FALSE,NA,NA,"<= day","daily",NA,1,TRUE
"2012-11-29",268.054,FALSE,NA,NA,"<= day","daily",NA,1,TRUE
"2012-11-30",263.938,FALSE,NA,NA,"<= day","daily",NA,1,TRUE
"2012-12-01",262.979,FALSE,NA,NA,"<= day","daily",NA,1,TRUE
"2012-12-02",263.054,FALSE,NA,NA,"<= day","daily",NA,1,TRUE
"2012-12-03",261.421,FALSE,NA,NA,"<= day","daily",NA,1,TRUE
"2012-12-04",263.617,FALSE,NA,NA,"<= day","daily",NA,1,TRUE
"2012-12-05",263.592,FALSE,NA,NA,"<= day","daily",NA,1,TRUE
"2012-12-06",261.692,FALSE,NA,NA,"<= day","daily",NA,1,TRUE
"2012-12-07",261.892,FALSE,NA,NA,"<= day","daily",NA,1,TRUE
"2012-12-08",260.35,FALSE,NA,NA,"<= day","daily",NA,1,TRUE
"2012-12-09",259.783,FALSE,NA,NA,"<= day","daily",NA,1,TRUE
"2012-12-10",259.183,FALSE,NA,NA,"<= day","daily",NA,1,TRUE
"2012-12-11",259.225,FALSE,NA,NA,"<= day","daily",NA,1,TRUE
"2012-12-12",259.192,FALSE,NA,NA,"<= day","daily",NA,1,TRUE
"2012-12-13",258.704,FALSE,NA,NA,"<= day","daily",NA,1,TRUE
"2012-12-14",257.762,FALSE,NA,NA,"<= day","daily",NA,1,TRUE
"2012-12-15",257.679,FALSE,NA,NA,"<= day","daily",NA,1,TRUE
"2012-12-16",259.883,FALSE,NA,NA,"<= day","daily",NA,1,TRUE
"2012-12-17",259.112,FALSE,NA,NA,"<= day","daily",NA,1,TRUE
"2012-12-18",257.708,FALSE,NA,NA,"<= day","daily",NA,1,TRUE
"2012-12-19",259.954,FALSE,NA,NA,"<= day","daily",NA,1,TRUE
"2012-12-20",260.133,FALSE,NA,NA,"<= day","daily",NA,1,TRUE
"2012-12-21",261.438,FALSE,NA,NA,"<= day","daily",NA,1,TRUE
"2012-12-22",262.442,FALSE,NA,NA,"<= day","daily",NA,1,TRUE
"2012-12-23",270.6,FALSE,NA,NA,"<= day","daily",NA,1,TRUE
"2012-12-24",264.208,FALSE,NA,NA,"<= day","daily",NA,1,TRUE
"2012-12-25",265.967,FALSE,NA,NA,"<= day","daily",NA,1,TRUE
"2012-12-26",265.45,FALSE,NA,NA,"<= day","daily",NA,1,TRUE
"2012-12-27",265.921,FALSE,NA,NA,"<= day","daily",NA,1,TRUE
"2012-12-28",271.204,FALSE,NA,NA,"<= day","daily",NA,1,TRUE
"2012-12-29",267.092,FALSE,NA,NA,"<= day","daily",NA,1,TRUE
"2012-12-30",264.842,FALSE,NA,NA,"<= day","daily",NA,1,TRUE
"2012-12-31",263.075,FALSE,NA,NA,"<= day","daily",NA,1,TRUE
"2013-01-01",264.775,FALSE,NA,NA,"<= day","daily",NA,1,TRUE
"2013-01-02",263.008,FALSE,NA,NA,"<= day","daily",NA,1,TRUE
"2013-01-03",259.817,FALSE,NA,NA,"<= day","daily",NA,1,TRUE
"2013-01-04",271.233,FALSE,NA,NA,"<= day","daily",NA,1,TRUE
"2013-01-05",315.942,FALSE,NA,NA,"<= day","daily",NA,1,TRUE
"2013-01-06",279.638,FALSE,NA,NA,"<= day","daily",NA,1,TRUE
"2013-01-07",278.7,FALSE,NA,NA,"<= day","daily",NA,1,TRUE
"2013-01-08",274.671,FALSE,NA,NA,"<= day","daily",NA,1,TRUE
"2013-01-09",271.633,FALSE,NA,NA,"<= day","daily",NA,1,TRUE
"2013-01-10",271.038,FALSE,NA,NA,"<= day","daily",NA,1,TRUE
"2013-01-11",269.75,FALSE,NA,NA,"<= day","daily",NA,1,TRUE
"2013-01-12",267.871,FALSE,NA,NA,"<= day","daily",NA,1,TRUE
"2013-01-13",267.012,FALSE,NA,NA,"<= day","daily",NA,1,TRUE
"2013-01-14",266.225,FALSE,NA,NA,"<= day","daily",NA,1,TRUE
"2013-01-15",266.383,FALSE,NA,NA,"<= day","daily",NA,1,TRUE
"2013-01-16",265.367,FALSE,NA,NA,"<= day","daily",NA,1,TRUE
"2013-01-17",264.467,FALSE,NA,NA,"<= day","daily",NA,1,TRUE
"2013-01-18",264.45,FALSE,NA,NA,"<= day","daily",NA,1,TRUE
"2013-01-19",265.267,FALSE,NA,NA,"<= day","daily",NA,1,TRUE
"2013-01-20",265.567,FALSE,NA,NA,"<= day","daily",NA,1,TRUE
"2013-01-21",264.229,FALSE,NA,NA,"<= day","daily",NA,1,TRUE
"2013-01-22",263.458,FALSE,NA,NA,"<= day","daily",NA,1,TRUE
"2013-01-23",263.325,FALSE,NA,NA,"<= day","daily",NA,1,TRUE
"2013-01-24",262.579,FALSE,NA,NA,"<= day","daily",NA,1,TRUE
"2013-01-25",262.175,FALSE,NA,NA,"<= day","daily",NA,1,TRUE
"2013-01-26",261.612,FALSE,NA,NA,"<= day","daily",NA,1,TRUE
"2013-01-27",261.788,FALSE,NA,NA,"<= day","daily",NA,1,TRUE
"2013-01-28",260.325,FALSE,NA,NA,"<= day","daily",NA,1,TRUE
"2013-01-29",260.975,FALSE,NA,NA,"<= day","daily",NA,1,TRUE
"2013-01-30",263.425,FALSE,NA,NA,"<= day","daily",NA,1,TRUE
"2013-01-31",271.7,FALSE,NA,NA,"<= day","daily",NA,1,TRUE
"2013-02-01",274.125,FALSE,NA,NA,"<= day","daily",NA,1,TRUE
"2013-02-02",276.904,FALSE,NA,NA,"<= day","daily",NA,1,TRUE
"2013-02-03",269.862,FALSE,NA,NA,"<= day","daily",NA,1,TRUE
"2013-02-04",266.938,FALSE,NA,NA,"<= day","daily",NA,1,TRUE
"2013-02-05",267.896,FALSE,NA,NA,"<= day","daily",NA,1,TRUE
"2013-02-06",267.388,FALSE,NA,NA,"<= day","daily",NA,1,TRUE
"2013-02-07",264.538,FALSE,NA,NA,"<= day","daily",NA,1,TRUE
"2013-02-08",262.971,FALSE,NA,NA,"<= day","daily",NA,1,TRUE
"2013-02-09",262.188,FALSE,NA,NA,"<= day","daily",NA,1,TRUE
"2013-02-10",261.792,FALSE,NA,NA,"<= day","daily",NA,1,TRUE
"2013-02-11",262.746,FALSE,NA,NA,"<= day","daily",NA,1,TRUE
"2013-02-12",261.612,FALSE,NA,NA,"<= day","daily",NA,1,TRUE
"2013-02-13",259.354,FALSE,NA,NA,"<= day","daily",NA,1,TRUE
"2013-02-14",259.479,FALSE,NA,NA,"<= day","daily",NA,1,TRUE
"2013-02-15",259.567,FALSE,NA,NA,"<= day","daily",NA,1,TRUE
"2013-02-16",258.608,FALSE,NA,NA,"<= day","daily",NA,1,TRUE
"2013-02-17",257.938,FALSE,NA,NA,"<= day","daily",NA,1,TRUE
"2013-02-18",257.633,FALSE,NA,NA,"<= day","daily",NA,1,TRUE
"2013-02-19",257.558,FALSE,NA,NA,"<= day","daily",NA,1,TRUE
"2013-02-20",257.146,FALSE,NA,NA,"<= day","daily",NA,1,TRUE
"2013-02-21",257.242,FALSE,NA,NA,"<= day","daily",NA,1,TRUE
"2013-02-22",259.346,FALSE,NA,NA,"<= day","daily",NA,1,TRUE
"2013-02-23",258.929,FALSE,NA,NA,"<= day","daily",NA,1,TRUE
"2013-02-24",258.525,FALSE,NA,NA,"<= day","daily",NA,1,TRUE
"2013-02-25",257.346,FALSE,NA,NA,"<= day","daily",NA,1,TRUE
"2013-02-26",255.879,FALSE,NA,NA,"<= day","daily",NA,1,TRUE
"2013-02-27",255.938,FALSE,NA,NA,"<= day","daily",NA,1,TRUE
"2013-02-28",256.108,FALSE,NA,NA,"<= day","daily",NA,1,TRUE
"2013-03-01",256.246,FALSE,NA,NA,"<= day","daily",NA,1,TRUE
"2013-03-02",256.1,FALSE,NA,NA,"<= day","daily",NA,1,TRUE
"2013-03-03",255.571,FALSE,NA,NA,"<= day","daily",NA,1,TRUE
"2013-03-04",255.433,FALSE,NA,NA,"<= day","daily",NA,1,TRUE
"2013-03-05",256.192,FALSE,NA,NA,"<= day","daily",NA,1,TRUE
"2013-03-06",258.371,FALSE,NA,NA,"<= day","daily",NA,1,TRUE
"2013-03-07",262.396,FALSE,NA,NA,"<= day","daily",NA,1,TRUE
"2013-03-08",266.358,FALSE,NA,NA,"<= day","daily",NA,1,TRUE
"2013-03-09",266.292,FALSE,NA,NA,"<= day","daily",NA,1,TRUE
"2013-03-10",268.125,FALSE,NA,NA,"<= day","daily",NA,1,TRUE
"2013-03-11",266.913,FALSE,NA,NA,"<= day","daily",NA,1,TRUE
"2013-03-12",267.558,FALSE,NA,NA,"<= day","daily",NA,1,TRUE
"2013-03-13",268.667,FALSE,NA,NA,"<= day","daily",NA,1,TRUE
"2013-03-14",264.625,FALSE,NA,NA,"<= day","daily",NA,1,TRUE
"2013-03-15",261.967,FALSE,NA,NA,"<= day","daily",NA,1,TRUE
"2013-03-16",259.917,FALSE,NA,NA,"<= day","daily",NA,1,TRUE
"2013-03-17",261.717,FALSE,NA,NA,"<= day","daily",NA,1,TRUE
"2013-03-18",263.983,FALSE,NA,NA,"<= day","daily",NA,1,TRUE
"2013-03-19",262.892,FALSE,NA,NA,"<= day","daily",NA,1,TRUE
"2013-03-20",260.842,FALSE,NA,NA,"<= day","daily",NA,1,TRUE
"2013-03-21",257.875,FALSE,NA,NA,"<= day","daily",NA,1,TRUE
"2013-03-22",257.821,FALSE,NA,NA,"<= day","daily",NA,1,TRUE
"2013-03-23",257.388,FALSE,NA,NA,"<= day","daily",NA,1,TRUE
"2013-03-24",257.146,FALSE,NA,NA,"<= day","daily",NA,1,TRUE
"2013-03-25",256.954,FALSE,NA,NA,"<= day","daily",NA,1,TRUE
"2013-03-26",256.208,FALSE,NA,NA,"<= day","daily",NA,1,TRUE
"2013-03-27",255.217,FALSE,NA,NA,"<= day","daily",NA,1,TRUE
"2013-03-28",255.325,FALSE,NA,NA,"<= day","daily",NA,1,TRUE
"2013-03-29",255,FALSE,NA,NA,"<= day","daily",NA,1,TRUE
"2013-03-30",255.633,FALSE,NA,NA,"<= day","daily",NA,1,TRUE
"2013-03-31",255.925,FALSE,NA,NA,"<= day","daily",NA,1,TRUE
"2013-04-01",254.929,FALSE,NA,NA,"<= day","daily",NA,1,TRUE
"2013-04-02",254.571,FALSE,NA,NA,"<= day","daily",NA,1,TRUE
"2013-04-03",254.15,FALSE,NA,NA,"<= day","daily",NA,1,TRUE
"2013-04-04",254.579,FALSE,NA,NA,"<= day","daily",NA,1,TRUE
"2013-04-05",254.154,FALSE,NA,NA,"<= day","daily",NA,1,TRUE
"2013-04-06",253.796,FALSE,NA,NA,"<= day","daily",NA,1,TRUE
"2013-04-07",254.408,FALSE,NA,NA,"<= day","daily",NA,1,TRUE
"2013-04-08",255.917,FALSE,NA,NA,"<= day","daily",NA,1,TRUE
"2013-04-09",255.042,FALSE,NA,NA,"<= day","daily",NA,1,TRUE
"2013-04-10",253.975,FALSE,NA,NA,"<= day","daily",NA,1,TRUE
"2013-04-11",253.863,FALSE,NA,NA,"<= day","daily",NA,1,TRUE
"2013-04-12",255.642,FALSE,NA,NA,"<= day","daily",NA,1,TRUE
"2013-04-13",253.946,FALSE,NA,NA,"<= day","daily",NA,1,TRUE
"2013-04-14",254.296,FALSE,NA,NA,"<= day","daily",NA,1,TRUE
"2013-04-15",257.663,FALSE,NA,NA,"<= day","daily",NA,1,TRUE
"2013-04-16",259.629,FALSE,NA,NA,"<= day","daily",NA,1,TRUE
"2013-04-17",261.012,FALSE,NA,NA,"<= day","daily",NA,1,TRUE
"2013-04-18",265.05,FALSE,NA,NA,"<= day","daily",NA,1,TRUE
"2013-04-19",270.938,FALSE,NA,NA,"<= day","daily",NA,1,TRUE
"2013-04-20",272.054,FALSE,NA,NA,"<= day","daily",NA,1,TRUE
"2013-04-21",272.854,FALSE,NA,NA,"<= day","daily",NA,1,TRUE
"2013-04-22",274.433,FALSE,NA,NA,"<= day","daily",NA,1,TRUE
"2013-04-23",273.979,FALSE,NA,NA,"<= day","daily",NA,1,TRUE
"2013-04-24",273.475,FALSE,NA,NA,"<= day","daily",NA,1,TRUE
"2013-04-25",275.971,FALSE,NA,NA,"<= day","daily",NA,1,TRUE
"2013-04-26",279.279,FALSE,NA,NA,"<= day","daily",NA,1,TRUE
"2013-04-27",282.7,FALSE,NA,NA,"<= day","daily",NA,1,TRUE
"2013-04-28",283.358,FALSE,NA,NA,"<= day","daily",NA,1,TRUE
"2013-04-29",284.225,FALSE,NA,NA,"<= day","daily",NA,1,TRUE
"2013-04-30",285.275,FALSE,NA,NA,"<= day","daily",NA,1,TRUE
"2013-05-01",288.95,FALSE,NA,NA,"<= day","daily",NA,1,TRUE
"2013-05-02",290.638,FALSE,NA,NA,"<= day","daily",NA,1,TRUE
"2013-05-03",294.196,FALSE,NA,NA,"<= day","daily",NA,1,TRUE
"2013-05-04",297.462,FALSE,NA,NA,"<= day","daily",NA,1,TRUE
"2013-05-05",296.413,FALSE,NA,NA,"<= day","daily",NA,1,TRUE
"2013-05-06",296.15,FALSE,NA,NA,"<= day","daily",NA,1,TRUE
"2013-05-07",293.638,FALSE,NA,NA,"<= day","daily",NA,1,TRUE
"2013-05-08",293.638,FALSE,NA,NA,"<= day","daily",NA,1,TRUE
"2013-05-09",295.4,FALSE,NA,NA,"<= day","daily",NA,1,TRUE
"2013-05-10",297.046,FALSE,NA,NA,"<= day","daily",NA,1,TRUE
"2013-05-11",297.496,FALSE,NA,NA,"<= day","daily",NA,1,TRUE
"2013-05-12",296.112,FALSE,NA,NA,"<= day","daily",NA,1,TRUE
"2013-05-13",295.962,FALSE,NA,NA,"<= day","daily",NA,1,TRUE
"2013-05-14",297.346,FALSE,NA,NA,"<= day","daily",NA,1,TRUE
"2013-05-15",299.171,FALSE,NA,NA,"<= day","daily",NA,1,TRUE
"2013-05-16",299.479,FALSE,NA,NA,"<= day","daily",NA,1,TRUE
"2013-05-17",299.529,FALSE,NA,NA,"<= day","daily",NA,1,TRUE
"2013-05-18",299.271,FALSE,NA,NA,"<= day","daily",NA,1,TRUE
"2013-05-19",298.612,FALSE,NA,NA,"<= day","daily",NA,1,TRUE
"2013-05-20",297.858,FALSE,NA,NA,"<= day","daily",NA,1,TRUE
"2013-05-21",296.862,FALSE,NA,NA,"<= day","daily",NA,1,TRUE
"2013-05-22",296.525,FALSE,NA,NA,"<= day","daily",NA,1,TRUE
"2013-05-23",297.8,FALSE,NA,NA,"<= day","daily",NA,1,TRUE
"2013-05-24",298.1,FALSE,NA,NA,"<= day","daily",NA,1,TRUE
"2013-05-25",297.538,FALSE,NA,NA,"<= day","daily",NA,1,TRUE
"2013-05-26",297.233,FALSE,NA,NA,"<= day","daily",NA,1,TRUE
"2013-05-27",297.233,FALSE,NA,NA,"<= day","daily",NA,1,TRUE
"2013-05-28",297.35,FALSE,NA,NA,"<= day","daily",NA,1,TRUE
"2013-05-29",297.5,FALSE,NA,NA,"<= day","daily",NA,1,TRUE
"2013-05-30",296.862,FALSE,NA,NA,"<= day","daily",NA,1,TRUE
"2013-05-31",303.496,FALSE,NA,NA,"<= day","daily",NA,1,TRUE
"2013-06-01",312.979,FALSE,NA,NA,"<= day","daily",NA,1,TRUE
"2013-06-02",360.079,FALSE,NA,NA,"<= day","daily",NA,1,TRUE
"2013-06-03",323.317,FALSE,NA,NA,"<= day","daily",NA,1,TRUE
"2013-06-04",308.375,FALSE,NA,NA,"<= day","daily",NA,1,TRUE
"2013-06-05",305.558,FALSE,NA,NA,"<= day","daily",NA,1,TRUE
"2013-06-06",304.45,FALSE,NA,NA,"<= day","daily",NA,1,TRUE
"2013-06-07",304.388,FALSE,NA,NA,"<= day","daily",NA,1,TRUE
"2013-06-08",304.092,FALSE,NA,NA,"<= day","daily",NA,1,TRUE
"2013-06-09",304.067,FALSE,NA,NA,"<= day","daily",NA,1,TRUE
"2013-06-10",302.879,FALSE,NA,NA,"<= day","daily",NA,1,TRUE
"2013-06-11",302.746,FALSE,NA,NA,"<= day","daily",NA,1,TRUE
"2013-06-12",302.6,FALSE,NA,NA,"<= day","daily",NA,1,TRUE
"2013-06-13",302.538,FALSE,NA,NA,"<= day","daily",NA,1,TRUE
"2013-06-14",301.779,FALSE,NA,NA,"<= day","daily",NA,1,TRUE
"2013-06-15",303.571,FALSE,NA,NA,"<= day","daily",NA,1,TRUE
"2013-06-16",302.592,FALSE,NA,NA,"<= day","daily",NA,1,TRUE
"2013-06-17",304.283,FALSE,NA,NA,"<= day","daily",NA,1,TRUE
"2013-06-18",305.262,FALSE,NA,NA,"<= day","daily",NA,1,TRUE
"2013-06-19",305.096,FALSE,NA,NA,"<= day","daily",NA,1,TRUE
"2013-06-20",304.358,FALSE,NA,NA,"<= day","daily",NA,1,TRUE
"2013-06-21",303.821,FALSE,NA,NA,"<= day","daily",NA,1,TRUE
"2013-06-22",302.908,FALSE,NA,NA,"<= day","daily",NA,1,TRUE
"2013-06-23",302.329,FALSE,NA,NA,"<= day","daily",NA,1,TRUE
"2013-06-24",303.954,FALSE,NA,NA,"<= day","daily",NA,1,TRUE
"2013-06-25",304.729,FALSE,NA,NA,"<= day","daily",NA,1,TRUE
"2013-06-26",305.396,FALSE,NA,NA,"<= day","daily",NA,1,TRUE
"2013-06-27",303.942,FALSE,NA,NA,"<= day","daily",NA,1,TRUE
"2013-06-28",302.617,FALSE,NA,NA,"<= day","daily",NA,1,TRUE
"2013-06-29",302.008,FALSE,NA,NA,"<= day","daily",NA,1,TRUE
"2013-06-30",301.704,FALSE,NA,NA,"<= day","daily",NA,1,TRUE
"2013-07-01",304.967,FALSE,NA,NA,"<= day","daily",NA,1,TRUE
"2013-07-02",302.404,FALSE,NA,NA,"<= day","daily",NA,1,TRUE
"2013-07-03",301.583,FALSE,NA,NA,"<= day","daily",NA,1,TRUE
"2013-07-04",300.229,FALSE,NA,NA,"<= day","daily",NA,1,TRUE
"2013-07-05",299.642,FALSE,NA,NA,"<= day","daily",NA,1,TRUE
"2013-07-06",298.192,FALSE,NA,NA,"<= day","daily",NA,1,TRUE
"2013-07-07",297.117,FALSE,NA,NA,"<= day","daily",NA,1,TRUE
"2013-07-08",296.079,FALSE,NA,NA,"<= day","daily",NA,1,TRUE
"2013-07-09",295.858,FALSE,NA,NA,"<= day","daily",NA,1,TRUE
"2013-07-10",294.646,FALSE,NA,NA,"<= day","daily",NA,1,TRUE
"2013-07-11",293.492,FALSE,NA,NA,"<= day","daily",NA,1,TRUE
"2013-07-12",292.046,FALSE,NA,NA,"<= day","daily",NA,1,TRUE
"2013-07-13",291.458,FALSE,NA,NA,"<= day","daily",NA,1,TRUE
"2013-07-14",290.904,FALSE,NA,NA,"<= day","daily",NA,1,TRUE
"2013-07-15",290.275,FALSE,NA,NA,"<= day","daily",NA,1,TRUE
"2013-07-16",289.25,FALSE,NA,NA,"<= day","daily",NA,1,TRUE
"2013-07-17",288.575,FALSE,NA,NA,"<= day","daily",NA,1,TRUE
"2013-07-18",288.612,FALSE,NA,NA,"<= day","daily",NA,1,TRUE
"2013-07-19",288.425,FALSE,NA,NA,"<= day","daily",NA,1,TRUE
"2013-07-20",287.938,FALSE,NA,NA,"<= day","daily",NA,1,TRUE
"2013-07-21",289.775,FALSE,NA,NA,"<= day","daily",NA,1,TRUE
"2013-07-22",293.188,FALSE,NA,NA,"<= day","daily",NA,1,TRUE
"2013-07-23",294.238,FALSE,NA,NA,"<= day","daily",NA,1,TRUE
"2013-07-24",292.925,FALSE,NA,NA,"<= day","daily",NA,1,TRUE
"2013-07-25",290.15,FALSE,NA,NA,"<= day","daily",NA,1,TRUE
"2013-07-26",291.2,FALSE,NA,NA,"<= day","daily",NA,1,TRUE
"2013-07-27",291.8,FALSE,NA,NA,"<= day","daily",NA,1,TRUE
"2013-07-28",290.862,FALSE,NA,NA,"<= day","daily",NA,1,TRUE
"2013-07-29",292.175,FALSE,NA,NA,"<= day","daily",NA,1,TRUE
"2013-07-30",290.938,FALSE,NA,NA,"<= day","daily",NA,1,TRUE
"2013-07-31",289.288,FALSE,NA,NA,"<= day","daily",NA,1,TRUE
"2013-08-01",289.512,FALSE,NA,NA,"<= day","daily",NA,1,TRUE
"2013-08-02",290.15,FALSE,NA,NA,"<= day","daily",NA,1,TRUE
"2013-08-03",290.413,FALSE,NA,NA,"<= day","daily",NA,1,TRUE
"2013-08-04",288.612,FALSE,NA,NA,"<= day","daily",NA,1,TRUE
"2013-08-05",288.538,FALSE,NA,NA,"<= day","daily",NA,1,TRUE
"2013-08-06",290.337,FALSE,NA,NA,"<= day","daily",NA,1,TRUE
"2013-08-07",288.462,FALSE,NA,NA,"<= day","daily",NA,1,TRUE
"2013-08-08",287.9,FALSE,NA,NA,"<= day","daily",NA,1,TRUE
"2013-08-09",288.087,FALSE,NA,NA,"<= day","daily",NA,1,TRUE
"2013-08-10",289.325,FALSE,NA,NA,"<= day","daily",NA,1,TRUE
"2013-08-11",288.988,FALSE,NA,NA,"<= day","daily",NA,1,TRUE
"2013-08-12",287.975,FALSE,NA,NA,"<= day","daily",NA,1,TRUE
"2013-08-13",287,FALSE,NA,NA,"<= day","daily",NA,1,TRUE
"2013-08-14",286.175,FALSE,NA,NA,"<= day","daily",NA,1,TRUE
"2013-08-15",286.212,FALSE,NA,NA,"<= day","daily",NA,1,TRUE
"2013-08-16",284.542,FALSE,NA,NA,"<= day","daily",NA,1,TRUE
"2013-08-17",285.05,FALSE,NA,NA,"<= day","daily",NA,1,TRUE
"2013-08-18",285.163,FALSE,NA,NA,"<= day","daily",NA,1,TRUE
"2013-08-19",284.354,FALSE,NA,NA,"<= day","daily",NA,1,TRUE
"2013-08-20",284.875,FALSE,NA,NA,"<= day","daily",NA,1,TRUE
"2013-08-21",285.688,FALSE,NA,NA,"<= day","daily",NA,1,TRUE
"2013-08-22",284.767,FALSE,NA,NA,"<= day","daily",NA,1,TRUE
"2013-08-23",284.908,FALSE,NA,NA,"<= day","daily",NA,1,TRUE
"2013-08-24",286.288,FALSE,NA,NA,"<= day","daily",NA,1,TRUE
"2013-08-25",286.075,FALSE,NA,NA,"<= day","daily",NA,1,TRUE
"2013-08-26",286.7,FALSE,NA,NA,"<= day","daily",NA,1,TRUE
"2013-08-27",287.908,FALSE,NA,NA,"<= day","daily",NA,1,TRUE
"2013-08-28",287.362,FALSE,NA,NA,"<= day","daily",NA,1,TRUE
"2013-08-29",287.9,FALSE,NA,NA,"<= day","daily",NA,1,TRUE
"2013-08-30",288.125,FALSE,NA,NA,"<= day","daily",NA,1,TRUE
"2013-08-31",288.2,FALSE,NA,NA,"<= day","daily",NA,1,TRUE
"2013-09-01",288.425,FALSE,NA,NA,"<= day","daily",NA,1,TRUE
"2013-09-02",288.95,FALSE,NA,NA,"<= day","daily",NA,1,TRUE
"2013-09-03",290.15,FALSE,NA,NA,"<= day","daily",NA,1,TRUE
"2013-09-04",289.663,FALSE,NA,NA,"<= day","daily",NA,1,TRUE
"2013-09-05",289.738,FALSE,NA,NA,"<= day","daily",NA,1,TRUE
"2013-09-06",289.775,FALSE,NA,NA,"<= day","daily",NA,1,TRUE
"2013-09-07",289.85,FALSE,NA,NA,"<= day","daily",NA,1,TRUE
"2013-09-08",289.138,FALSE,NA,NA,"<= day","daily",NA,1,TRUE
"2013-09-09",289.1,FALSE,NA,NA,"<= day","daily",NA,1,TRUE
"2013-09-10",289.1,FALSE,NA,NA,"<= day","daily",NA,1,TRUE
"2013-09-11",288.988,FALSE,NA,NA,"<= day","daily",NA,1,TRUE
"2013-09-12",290.075,FALSE,NA,NA,"<= day","daily",NA,1,TRUE
"2013-09-13",292.325,FALSE,NA,NA,"<= day","daily",NA,1,TRUE
"2013-09-14",293.112,FALSE,NA,NA,"<= day","daily",NA,1,TRUE
"2013-09-15",292.925,FALSE,NA,NA,"<= day","daily",NA,1,TRUE
"2013-09-16",293.638,FALSE,NA,NA,"<= day","daily",NA,1,TRUE
"2013-09-17",292.812,FALSE,NA,NA,"<= day","daily",NA,1,TRUE
"2013-09-18",293.854,FALSE,NA,NA,"<= day","daily",NA,1,TRUE
"2013-09-19",305.142,FALSE,NA,NA,"<= day","daily",NA,1,TRUE
"2013-09-20",290.938,FALSE,NA,NA,"<= day","daily",NA,1,TRUE
"2013-09-21",287.15,FALSE,NA,NA,"<= day","daily",NA,1,TRUE
"2013-09-22",286.438,FALSE,NA,NA,"<= day","daily",NA,1,TRUE
"2013-09-23",286.1,FALSE,NA,NA,"<= day","daily",NA,1,TRUE
"2013-09-24",285.95,FALSE,NA,NA,"<= day","daily",NA,1,TRUE
"2013-09-25",286.288,FALSE,NA,NA,"<= day","daily",NA,1,TRUE
"2013-09-26",286.438,FALSE,NA,NA,"<= day","daily",NA,1,TRUE
"2013-09-27",292.246,FALSE,NA,NA,"<= day","daily",NA,1,TRUE
"2013-09-28",291.65,FALSE,NA,NA,"<= day","daily",NA,1,TRUE
"2013-09-29",288.988,FALSE,NA,NA,"<= day","daily",NA,1,TRUE
"2013-09-30",286.925,FALSE,NA,NA,"<= day","daily",NA,1,TRUE
"2013-10-01",286.1,FALSE,NA,NA,"<= day","daily",NA,1,TRUE
"2013-10-02",284.833,FALSE,NA,NA,"<= day","daily",NA,1,TRUE
"2013-10-03",284.762,FALSE,NA,NA,"<= day","daily",NA,1,TRUE
"2013-10-04",283.733,FALSE,NA,NA,"<= day","daily",NA,1,TRUE
"2013-10-05",283.554,FALSE,NA,NA,"<= day","daily",NA,1,TRUE
"2013-10-06",283.029,FALSE,NA,NA,"<= day","daily",NA,1,TRUE
"2013-10-07",282.571,FALSE,NA,NA,"<= day","daily",NA,1,TRUE
"2013-10-08",283.958,FALSE,NA,NA,"<= day","daily",NA,1,TRUE
"2013-10-09",286.479,FALSE,NA,NA,"<= day","daily",NA,1,TRUE
"2013-10-10",285.296,FALSE,NA,NA,"<= day","daily",NA,1,TRUE
"2013-10-11",284.221,FALSE,NA,NA,"<= day","daily",NA,1,TRUE
"2013-10-12",286.6,FALSE,NA,NA,"<= day","daily",NA,1,TRUE
"2013-10-13",287.975,FALSE,NA,NA,"<= day","daily",NA,1,TRUE
"2013-10-14",288.538,FALSE,NA,NA,"<= day","daily",NA,1,TRUE
"2013-10-15",288.688,FALSE,NA,NA,"<= day","daily",NA,1,TRUE
"2013-10-16",287.454,FALSE,NA,NA,"<= day","daily",NA,1,TRUE
"2013-10-17",287,FALSE,NA,NA,"<= day","daily",NA,1,TRUE
"2013-10-18",287.45,FALSE,NA,NA,"<= day","daily",NA,1,TRUE
"2013-10-19",287.112,FALSE,NA,NA,"<= day","daily",NA,1,TRUE
"2013-10-20",287.525,FALSE,NA,NA,"<= day","daily",NA,1,TRUE
"2013-10-21",287.525,FALSE,NA,NA,"<= day","daily",NA,1,TRUE
"2013-10-22",287.112,FALSE,NA,NA,"<= day","daily",NA,1,TRUE
"2013-10-23",286.138,FALSE,NA,NA,"<= day","daily",NA,1,TRUE
"2013-10-24",285.725,FALSE,NA,NA,"<= day","daily",NA,1,TRUE
"2013-10-25",285.5,FALSE,NA,NA,"<= day","daily",NA,1,TRUE
"2013-10-26",285.65,FALSE,NA,NA,"<= day","daily",NA,1,TRUE
"2013-10-27",285.612,FALSE,NA,NA,"<= day","daily",NA,1,TRUE
"2013-10-28",285.312,FALSE,NA,NA,"<= day","daily",NA,1,TRUE
"2013-10-29",284.488,FALSE,NA,NA,"<= day","daily",NA,1,TRUE
"2013-10-30",284.675,FALSE,NA,NA,"<= day","daily",NA,1,TRUE
"2013-10-31",284.008,FALSE,NA,NA,"<= day","daily",NA,1,TRUE
"2013-11-01",283.204,FALSE,NA,NA,"<= day","daily",NA,1,TRUE
"2013-11-02",283.429,FALSE,NA,NA,"<= day","daily",NA,1,TRUE
"2013-11-03",285.617,FALSE,NA,NA,"<= day","daily",NA,1,TRUE
"2013-11-04",286.4,FALSE,NA,NA,"<= day","daily",NA,1,TRUE
"2013-11-05",285.725,FALSE,NA,NA,"<= day","daily",NA,1,TRUE
"2013-11-06",285.988,FALSE,NA,NA,"<= day","daily",NA,1,TRUE
"2013-11-07",287.638,FALSE,NA,NA,"<= day","daily",NA,1,TRUE
"2013-11-08",289.25,FALSE,NA,NA,"<= day","daily",NA,1,TRUE
"2013-11-09",288.875,FALSE,NA,NA,"<= day","daily",NA,1,TRUE
"2013-11-10",289.962,FALSE,NA,NA,"<= day","daily",NA,1,TRUE
"2013-11-11",290.375,FALSE,NA,NA,"<= day","daily",NA,1,TRUE
"2013-11-12",289.496,FALSE,NA,NA,"<= day","daily",NA,1,TRUE
"2013-11-13",288.658,FALSE,NA,NA,"<= day","daily",NA,1,TRUE
"2013-11-14",288.413,FALSE,NA,NA,"<= day","daily",NA,1,TRUE
"2013-11-15",287.546,FALSE,NA,NA,"<= day","daily",NA,1,TRUE
"2013-11-16",287.15,FALSE,NA,NA,"<= day","daily",NA,1,TRUE
"2013-11-17",286.679,FALSE,NA,NA,"<= day","daily",NA,1,TRUE
"2013-11-18",287.296,FALSE,NA,NA,"<= day","daily",NA,1,TRUE
"2013-11-19",287.35,FALSE,NA,NA,"<= day","daily",NA,1,TRUE
"2013-11-20",288.312,FALSE,NA,NA,"<= day","daily",NA,1,TRUE
"2013-11-21",288.292,FALSE,NA,NA,"<= day","daily",NA,1,TRUE
"2013-11-22",288.354,FALSE,NA,NA,"<= day","daily",NA,1,TRUE
"2013-11-23",288.188,FALSE,NA,NA,"<= day","daily",NA,1,TRUE
"2013-11-24",286.267,FALSE,NA,NA,"<= day","daily",NA,1,TRUE
"2013-11-25",286.279,FALSE,NA,NA,"<= day","daily",NA,1,TRUE
"2013-11-26",287.108,FALSE,NA,NA,"<= day","daily",NA,1,TRUE
"2013-11-27",287.692,FALSE,NA,NA,"<= day","daily",NA,1,TRUE
"2013-11-28",287.45,FALSE,NA,NA,"<= day","daily",NA,1,TRUE
"2013-11-29",286.683,FALSE,NA,NA,"<= day","daily",NA,1,TRUE
"2013-11-30",285.7,FALSE,NA,NA,"<= day","daily",NA,1,TRUE
"2013-12-01",284.762,FALSE,NA,NA,"<= day","daily",NA,1,TRUE
"2013-12-02",284,FALSE,NA,NA,"<= day","daily",NA,1,TRUE
"2013-12-03",283.504,FALSE,NA,NA,"<= day","daily",NA,1,TRUE
"2013-12-04",282.717,FALSE,NA,NA,"<= day","daily",NA,1,TRUE
"2013-12-05",282.975,FALSE,NA,NA,"<= day","daily",NA,1,TRUE
"2013-12-06",285.538,FALSE,NA,NA,"<= day","daily",NA,1,TRUE
"2013-12-07",285.296,FALSE,NA,NA,"<= day","daily",NA,1,TRUE
"2013-12-08",286.021,FALSE,NA,NA,"<= day","daily",NA,1,TRUE
"2013-12-09",286.221,FALSE,NA,NA,"<= day","daily",NA,1,TRUE
"2013-12-10",285.163,FALSE,NA,NA,"<= day","daily",NA,1,TRUE
"2013-12-11",285.071,FALSE,NA,NA,"<= day","daily",NA,1,TRUE
"2013-12-12",284.875,FALSE,NA,NA,"<= day","daily",NA,1,TRUE
"2013-12-13",284.446,FALSE,NA,NA,"<= day","daily",NA,1,TRUE
"2013-12-14",283.479,FALSE,NA,NA,"<= day","daily",NA,1,TRUE
"2013-12-15",283.021,FALSE,NA,NA,"<= day","daily",NA,1,TRUE
"2013-12-16",282.321,FALSE,NA,NA,"<= day","daily",NA,1,TRUE
"2013-12-17",281.671,FALSE,NA,NA,"<= day","daily",NA,1,TRUE
"2013-12-18",280.429,FALSE,NA,NA,"<= day","daily",NA,1,TRUE
"2013-12-19",280.621,FALSE,NA,NA,"<= day","daily",NA,1,TRUE
"2013-12-20",279.533,FALSE,NA,NA,"<= day","daily",NA,1,TRUE
"2013-12-21",278.417,FALSE,NA,NA,"<= day","daily",NA,1,TRUE
"2013-12-22",277.421,FALSE,NA,NA,"<= day","daily",NA,1,TRUE
"2013-12-23",277.163,FALSE,NA,NA,"<= day","daily",NA,1,TRUE
"2013-12-24",276.996,FALSE,NA,NA,"<= day","daily",NA,1,TRUE
"2013-12-25",278.171,FALSE,NA,NA,"<= day","daily",NA,1,TRUE
"2013-12-26",277.042,FALSE,NA,NA,"<= day","daily",NA,1,TRUE
"2013-12-27",275.133,FALSE,NA,NA,"<= day","daily",NA,1,TRUE
"2013-12-28",273.846,FALSE,NA,NA,"<= day","daily",NA,1,TRUE
"2013-12-29",272.712,FALSE,NA,NA,"<= day","daily",NA,1,TRUE
"2013-12-30",271.6,FALSE,NA,NA,"<= day","daily",NA,1,TRUE
"2013-12-31",270.862,FALSE,NA,NA,"<= day","daily",NA,1,TRUE
"2014-01-01",269.904,FALSE,NA,NA,"<= day","daily",NA,1,TRUE
"2014-01-02",269.325,FALSE,NA,NA,"<= day","daily",NA,1,TRUE
"2014-01-03",268.104,FALSE,NA,NA,"<= day","daily",NA,1,TRUE
"2014-01-04",267.829,FALSE,NA,NA,"<= day","daily",NA,1,TRUE
"2014-01-05",267.821,FALSE,NA,NA,"<= day","daily",NA,1,TRUE
"2014-01-06",266.383,FALSE,NA,NA,"<= day","daily",NA,1,TRUE
"2014-01-07",265.246,FALSE,NA,NA,"<= day","daily",NA,1,TRUE
"2014-01-08",264.558,FALSE,NA,NA,"<= day","daily",NA,1,TRUE
"2014-01-09",263.583,FALSE,NA,NA,"<= day","daily",NA,1,TRUE
"2014-01-10",264.204,FALSE,NA,NA,"<= day","daily",NA,1,TRUE
"2014-01-11",262.846,FALSE,NA,NA,"<= day","daily",NA,1,TRUE
"2014-01-12",262.308,FALSE,NA,NA,"<= day","daily",NA,1,TRUE
"2014-01-13",261.225,FALSE,NA,NA,"<= day","daily",NA,1,TRUE
"2014-01-14",261.825,FALSE,NA,NA,"<= day","daily",NA,1,TRUE
"2014-01-15",260.617,FALSE,NA,NA,"<= day","daily",NA,1,TRUE
"2014-01-16",259.071,FALSE,NA,NA,"<= day","daily",NA,1,TRUE
"2014-01-17",258.742,FALSE,NA,NA,"<= day","daily",NA,1,TRUE
"2014-01-18",257.708,FALSE,NA,NA,"<= day","daily",NA,1,TRUE
"2014-01-19",257.837,FALSE,NA,NA,"<= day","daily",NA,1,TRUE
"2014-01-20",257.021,FALSE,NA,NA,"<= day","daily",NA,1,TRUE
"2014-01-21",256.4,FALSE,NA,NA,"<= day","daily",NA,1,TRUE
"2014-01-22",255.221,FALSE,NA,NA,"<= day","daily",NA,1,TRUE
"2014-01-23",254.646,FALSE,NA,NA,"<= day","daily",NA,1,TRUE
"2014-01-24",254.917,FALSE,NA,NA,"<= day","daily",NA,1,TRUE
"2014-01-25",253.454,FALSE,NA,NA,"<= day","daily",NA,1,TRUE
"2014-01-26",253.142,FALSE,NA,NA,"<= day","daily",NA,1,TRUE
"2014-01-27",252.392,FALSE,NA,NA,"<= day","daily",NA,1,TRUE
"2014-01-28",251.604,FALSE,NA,NA,"<= day","daily",NA,1,TRUE
"2014-01-29",250.667,FALSE,NA,NA,"<= day","daily",NA,1,TRUE
"2014-01-30",249.817,FALSE,NA,NA,"<= day","daily",NA,1,TRUE
"2014-01-31",249.871,FALSE,NA,NA,"<= day","daily",NA,1,TRUE
"2014-02-01",249.908,FALSE,NA,NA,"<= day","daily",NA,1,TRUE
"2014-02-02",249.7,FALSE,NA,NA,"<= day","daily",NA,1,TRUE
"2014-02-03",249.133,FALSE,NA,NA,"<= day","daily",NA,1,TRUE
"2014-02-04",248.887,FALSE,NA,NA,"<= day","daily",NA,1,TRUE
"2014-02-05",248.654,FALSE,NA,NA,"<= day","daily",NA,1,TRUE
"2014-02-06",248.904,FALSE,NA,NA,"<= day","daily",NA,1,TRUE
"2014-02-07",251.321,FALSE,NA,NA,"<= day","daily",NA,1,TRUE
"2014-02-08",252.154,FALSE,NA,NA,"<= day","daily",NA,1,TRUE
"2014-02-09",252.208,FALSE,NA,NA,"<= day","daily",NA,1,TRUE
"2014-02-10",251.521,FALSE,NA,NA,"<= day","daily",NA,1,TRUE
"2014-02-11",249.729,FALSE,NA,NA,"<= day","daily",NA,1,TRUE
"2014-02-12",248.346,FALSE,NA,NA,"<= day","daily",NA,1,TRUE
"2014-02-13",247.912,FALSE,NA,NA,"<= day","daily",NA,1,TRUE
"2014-02-14",247.537,FALSE,NA,NA,"<= day","daily",NA,1,TRUE
"2014-02-15",246.463,FALSE,NA,NA,"<= day","daily",NA,1,TRUE
"2014-02-16",246.279,FALSE,NA,NA,"<= day","daily",NA,1,TRUE
"2014-02-17",245.283,FALSE,NA,NA,"<= day","daily",NA,1,TRUE
"2014-02-18",244.946,FALSE,NA,NA,"<= day","daily",NA,1,TRUE
"2014-02-19",244.3,FALSE,NA,NA,"<= day","daily",NA,1,TRUE
"2014-02-20",244.704,FALSE,NA,NA,"<= day","daily",NA,1,TRUE
"2014-02-21",243.933,FALSE,NA,NA,"<= day","daily",NA,1,TRUE
"2014-02-22",244.033,FALSE,NA,NA,"<= day","daily",NA,1,TRUE
"2014-02-23",243.125,FALSE,NA,NA,"<= day","daily",NA,1,TRUE
"2014-02-24",243.117,FALSE,NA,NA,"<= day","daily",NA,1,TRUE
"2014-02-25",242.533,FALSE,NA,NA,"<= day","daily",NA,1,TRUE
"2014-02-26",242.233,FALSE,NA,NA,"<= day","daily",NA,1,TRUE
"2014-02-27",241.967,FALSE,NA,NA,"<= day","daily",NA,1,TRUE
"2014-02-28",242.133,FALSE,NA,NA,"<= day","daily",NA,1,TRUE
"2014-03-01",242.467,FALSE,NA,NA,"<= day","daily",NA,1,TRUE
"2014-03-02",242.333,FALSE,NA,NA,"<= day","daily",NA,1,TRUE
"2014-03-03",242.1,FALSE,NA,NA,"<= day","daily",NA,1,TRUE
"2014-03-04",241.633,FALSE,NA,NA,"<= day","daily",NA,1,TRUE
"2014-03-05",241.567,FALSE,NA,NA,"<= day","daily",NA,1,TRUE
"2014-03-06",240.925,FALSE,NA,NA,"<= day","daily",NA,1,TRUE
"2014-03-07",240.762,FALSE,NA,NA,"<= day","daily",NA,1,TRUE
"2014-03-08",240.833,FALSE,NA,NA,"<= day","daily",NA,1,TRUE
"2014-03-09",241.325,FALSE,NA,NA,"<= day","daily",NA,1,TRUE
"2014-03-10",242.2,FALSE,NA,NA,"<= day","daily",NA,1,TRUE
"2014-03-11",242.233,FALSE,NA,NA,"<= day","daily",NA,1,TRUE
"2014-03-12",242.2,FALSE,NA,NA,"<= day","daily",NA,1,TRUE
"2014-03-13",242.8,FALSE,NA,NA,"<= day","daily",NA,1,TRUE
"2014-03-14",242.933,FALSE,NA,NA,"<= day","daily",NA,1,TRUE
"2014-03-15",243.375,FALSE,NA,NA,"<= day","daily",NA,1,TRUE
"2014-03-16",243.933,FALSE,NA,NA,"<= day","daily",NA,1,TRUE
"2014-03-17",244.254,FALSE,NA,NA,"<= day","daily",NA,1,TRUE
"2014-03-18",244.821,FALSE,NA,NA,"<= day","daily",NA,1,TRUE
"2014-03-19",244.863,FALSE,NA,NA,"<= day","daily",NA,1,TRUE
"2014-03-20",244.721,FALSE,NA,NA,"<= day","daily",NA,1,TRUE
"2014-03-21",245.1,FALSE,NA,NA,"<= day","daily",NA,1,TRUE
"2014-03-22",245.421,FALSE,NA,NA,"<= day","daily",NA,1,TRUE
"2014-03-23",246.3,FALSE,NA,NA,"<= day","daily",NA,1,TRUE
"2014-03-24",245.863,FALSE,NA,NA,"<= day","daily",NA,1,TRUE
"2014-03-25",245.417,FALSE,NA,NA,"<= day","daily",NA,1,TRUE
"2014-03-26",245.254,FALSE,NA,NA,"<= day","daily",NA,1,TRUE
"2014-03-27",244.892,FALSE,NA,NA,"<= day","daily",NA,1,TRUE
"2014-03-28",244.083,FALSE,NA,NA,"<= day","daily",NA,1,TRUE
"2014-03-29",244.646,FALSE,NA,NA,"<= day","daily",NA,1,TRUE
"2014-03-30",245.379,FALSE,NA,NA,"<= day","daily",NA,1,TRUE
"2014-03-31",245.529,FALSE,NA,NA,"<= day","daily",NA,1,TRUE
"2014-04-01",245.654,FALSE,NA,NA,"<= day","daily",NA,1,TRUE
"2014-04-02",246.267,FALSE,NA,NA,"<= day","daily",NA,1,TRUE
"2014-04-03",246.233,FALSE,NA,NA,"<= day","daily",NA,1,TRUE
"2014-04-04",246.767,FALSE,NA,NA,"<= day","daily",NA,1,TRUE
"2014-04-05",246.667,FALSE,NA,NA,"<= day","daily",NA,1,TRUE
"2014-04-06",247.404,FALSE,NA,NA,"<= day","daily",NA,1,TRUE
"2014-04-07",247.3,FALSE,NA,NA,"<= day","daily",NA,1,TRUE
"2014-04-08",247.808,FALSE,NA,NA,"<= day","daily",NA,1,TRUE
"2014-04-09",247.975,FALSE,NA,NA,"<= day","daily",NA,1,TRUE
"2014-04-10",248.479,FALSE,NA,NA,"<= day","daily",NA,1,TRUE
"2014-04-11",249.325,FALSE,NA,NA,"<= day","daily",NA,1,TRUE
"2014-04-12",249.375,FALSE,NA,NA,"<= day","daily",NA,1,TRUE
"2014-04-13",250.167,FALSE,NA,NA,"<= day","daily",NA,1,TRUE
"2014-04-14",251.183,FALSE,NA,NA,"<= day","daily",NA,1,TRUE
"2014-04-15",253.754,FALSE,NA,NA,"<= day","daily",NA,1,TRUE
"2014-04-16",252.162,FALSE,NA,NA,"<= day","daily",NA,1,TRUE
"2014-04-17",252.5,FALSE,NA,NA,"<= day","daily",NA,1,TRUE
"2014-04-18",252.5,FALSE,NA,NA,"<= day","daily",NA,1,TRUE
"2014-04-19",252.5,FALSE,NA,NA,"<= day","daily",NA,1,TRUE
"2014-04-20",252.5,FALSE,NA,NA,"<= day","daily",NA,1,TRUE
"2014-04-21",252.688,FALSE,NA,NA,"<= day","daily",NA,1,TRUE
"2014-04-22",252.3,FALSE,NA,NA,"<= day","daily",NA,1,TRUE
"2014-04-23",252.562,FALSE,NA,NA,"<= day","daily",NA,1,TRUE
"2014-04-24",252.558,FALSE,NA,NA,"<= day","daily",NA,1,TRUE
"2014-04-25",253.696,FALSE,NA,NA,"<= day","daily",NA,1,TRUE
"2014-04-26",253.912,FALSE,NA,NA,"<= day","daily",NA,1,TRUE
"2014-04-27",254.042,FALSE,NA,NA,"<= day","daily",NA,1,TRUE
"2014-04-28",253.738,FALSE,NA,NA,"<= day","daily",NA,1,TRUE
"2014-04-29",254.325,FALSE,NA,NA,"<= day","daily",NA,1,TRUE
"2014-04-30",254.683,FALSE,NA,NA,"<= day","daily",NA,1,TRUE
"2014-05-01",255.292,FALSE,NA,NA,"<= day","daily",NA,1,TRUE
"2014-05-02",257.192,FALSE,NA,NA,"<= day","daily",NA,1,TRUE
"2014-05-03",262.533,FALSE,NA,NA,"<= day","daily",NA,1,TRUE
"2014-05-04",260.304,FALSE,NA,NA,"<= day","daily",NA,1,TRUE
"2014-05-05",259.217,FALSE,NA,NA,"<= day","daily",NA,1,TRUE
"2014-05-06",259,FALSE,NA,NA,"<= day","daily",NA,1,TRUE
"2014-05-07",259.038,FALSE,NA,NA,"<= day","daily",NA,1,TRUE
"2014-05-08",260.371,FALSE,NA,NA,"<= day","daily",NA,1,TRUE
"2014-05-09",261.154,FALSE,NA,NA,"<= day","daily",NA,1,TRUE
"2014-05-10",261.608,FALSE,NA,NA,"<= day","daily",NA,1,TRUE
"2014-05-11",262.821,FALSE,NA,NA,"<= day","daily",NA,1,TRUE
"2014-05-12",263.888,FALSE,NA,NA,"<= day","daily",NA,1,TRUE
"2014-05-13",263.454,FALSE,NA,NA,"<= day","daily",NA,1,TRUE
"2014-05-14",264.308,FALSE,NA,NA,"<= day","daily",NA,1,TRUE
"2014-05-15",264.621,FALSE,NA,NA,"<= day","daily",NA,1,TRUE
"2014-05-16",265.067,FALSE,NA,NA,"<= day","daily",NA,1,TRUE
"2014-05-17",265.308,FALSE,NA,NA,"<= day","daily",NA,1,TRUE
"2014-05-18",266.958,FALSE,NA,NA,"<= day","daily",NA,1,TRUE
"2014-05-19",267.967,FALSE,NA,NA,"<= day","daily",NA,1,TRUE
"2014-05-20",267.908,FALSE,NA,NA,"<= day","daily",NA,1,TRUE
"2014-05-21",268.738,FALSE,NA,NA,"<= day","daily",NA,1,TRUE
"2014-05-22",269.233,FALSE,NA,NA,"<= day","daily",NA,1,TRUE
"2014-05-23",269.9,FALSE,NA,NA,"<= day","daily",NA,1,TRUE
"2014-05-24",269.492,FALSE,NA,NA,"<= day","daily",NA,1,TRUE
"2014-05-25",269.025,FALSE,NA,NA,"<= day","daily",NA,1,TRUE
"2014-05-26",268.842,FALSE,NA,NA,"<= day","daily",NA,1,TRUE
"2014-05-27",269.4,FALSE,NA,NA,"<= day","daily",NA,1,TRUE
"2014-05-28",270.392,FALSE,NA,NA,"<= day","daily",NA,1,TRUE
"2014-05-29",270.138,FALSE,NA,NA,"<= day","daily",NA,1,TRUE
"2014-05-30",269.604,FALSE,NA,NA,"<= day","daily",NA,1,TRUE
"2014-05-31",270.146,FALSE,NA,NA,"<= day","daily",NA,1,TRUE
"2014-06-01",270.479,FALSE,NA,NA,"<= day","daily",NA,1,TRUE
"2014-06-02",270.325,FALSE,NA,NA,"<= day","daily",NA,1,TRUE
"2014-06-03",270.108,FALSE,NA,NA,"<= day","daily",NA,1,TRUE
"2014-06-04",270.333,FALSE,NA,NA,"<= day","daily",NA,1,TRUE
"2014-06-05",271.2,FALSE,NA,NA,"<= day","daily",NA,1,TRUE
"2014-06-06",270.725,FALSE,NA,NA,"<= day","daily",NA,1,TRUE
"2014-06-07",270.575,FALSE,NA,NA,"<= day","daily",NA,1,TRUE
"2014-06-08",270.875,FALSE,NA,NA,"<= day","daily",NA,1,TRUE
"2014-06-09",270.075,FALSE,NA,NA,"<= day","daily",NA,1,TRUE
"2014-06-10",269.529,FALSE,NA,NA,"<= day","daily",NA,1,TRUE
"2014-06-11",269.754,FALSE,NA,NA,"<= day","daily",NA,1,TRUE
"2014-06-12",269.5,FALSE,NA,NA,"<= day","daily",NA,1,TRUE
"2014-06-13",270.3,FALSE,NA,NA,"<= day","daily",NA,1,TRUE
"2014-06-14",270.146,FALSE,NA,NA,"<= day","daily",NA,1,TRUE
"2014-06-15",270.15,FALSE,NA,NA,"<= day","daily",NA,1,TRUE
"2014-06-16",267.383,FALSE,NA,NA,"<= day","daily",NA,1,TRUE
"2014-06-17",266.346,FALSE,NA,NA,"<= day","daily",NA,1,TRUE
"2014-06-18",266.746,FALSE,NA,NA,"<= day","daily",NA,1,TRUE
"2014-06-19",267.029,FALSE,NA,NA,"<= day","daily",NA,1,TRUE
"2014-06-20",266.587,FALSE,NA,NA,"<= day","daily",NA,1,TRUE
"2014-06-21",266.058,FALSE,NA,NA,"<= day","daily",NA,1,TRUE
"2014-06-22",267.467,FALSE,NA,NA,"<= day","daily",NA,1,TRUE
"2014-06-23",266.825,FALSE,NA,NA,"<= day","daily",NA,1,TRUE
"2014-06-24",265.408,FALSE,NA,NA,"<= day","daily",NA,1,TRUE
"2014-06-25",264.858,FALSE,NA,NA,"<= day","daily",NA,1,TRUE
"2014-06-26",267.388,FALSE,NA,NA,"<= day","daily",NA,1,TRUE
"2014-06-27",264.5,FALSE,NA,NA,"<= day","daily",NA,1,TRUE
"2014-06-28",264.112,FALSE,NA,NA,"<= day","daily",NA,1,TRUE
"2014-06-29",263.521,FALSE,NA,NA,"<= day","daily",NA,1,TRUE
"2014-06-30",263.521,FALSE,NA,NA,"<= day","daily",NA,1,TRUE
"2014-07-01",262.988,FALSE,NA,NA,"<= day","daily",NA,1,TRUE
"2014-07-02",262.996,FALSE,NA,NA,"<= day","daily",NA,1,TRUE
"2014-07-03",263.688,FALSE,NA,NA,"<= day","daily",NA,1,TRUE
"2014-07-04",265.496,FALSE,NA,NA,"<= day","daily",NA,1,TRUE
"2014-07-05",264.975,FALSE,NA,NA,"<= day","daily",NA,1,TRUE
"2014-07-06",264.938,FALSE,NA,NA,"<= day","daily",NA,1,TRUE
"2014-07-07",263.663,FALSE,NA,NA,"<= day","daily",NA,1,TRUE
"2014-07-08",261.858,FALSE,NA,NA,"<= day","daily",NA,1,TRUE
"2014-07-09",267.583,FALSE,NA,NA,"<= day","daily",NA,1,TRUE
"2014-07-10",266.608,FALSE,NA,NA,"<= day","daily",NA,1,TRUE
"2014-07-11",267.238,FALSE,NA,NA,"<= day","daily",NA,1,TRUE
"2014-07-12",267.946,FALSE,NA,NA,"<= day","daily",NA,1,TRUE
"2014-07-13",267.571,FALSE,NA,NA,"<= day","daily",NA,1,TRUE
"2014-07-14",266.421,FALSE,NA,NA,"<= day","daily",NA,1,TRUE
"2014-07-15",266.175,FALSE,NA,NA,"<= day","daily",NA,1,TRUE
"2014-07-16",266.383,FALSE,NA,NA,"<= day","daily",NA,1,TRUE
"2014-07-17",265.371,FALSE,NA,NA,"<= day","daily",NA,1,TRUE
"2014-07-18",265.325,FALSE,NA,NA,"<= day","daily",NA,1,TRUE
"2014-07-19",265.3,FALSE,NA,NA,"<= day","daily",NA,1,TRUE
"2014-07-20",265.167,FALSE,NA,NA,"<= day","daily",NA,1,TRUE
"2014-07-21",265.283,FALSE,NA,NA,"<= day","daily",NA,1,TRUE
"2014-07-22",264.942,FALSE,NA,NA,"<= day","daily",NA,1,TRUE
"2014-07-23",264.888,FALSE,NA,NA,"<= day","daily",NA,1,TRUE
"2014-07-24",264.337,FALSE,NA,NA,"<= day","daily",NA,1,TRUE
"2014-07-25",263.562,FALSE,NA,NA,"<= day","daily",NA,1,TRUE
"2014-07-26",263.888,FALSE,NA,NA,"<= day","daily",NA,1,TRUE
"2014-07-27",263.317,FALSE,NA,NA,"<= day","daily",NA,1,TRUE
"2014-07-28",263.175,FALSE,NA,NA,"<= day","daily",NA,1,TRUE
"2014-07-29",263.275,FALSE,NA,NA,"<= day","daily",NA,1,TRUE
"2014-07-30",267.788,FALSE,NA,NA,"<= day","daily",NA,1,TRUE
"2014-07-31",281.738,FALSE,NA,NA,"<= day","daily",NA,1,TRUE
"2014-08-01",280.688,FALSE,NA,NA,"<= day","daily",NA,1,TRUE
"2014-08-02",280.696,FALSE,NA,NA,"<= day","daily",NA,1,TRUE
"2014-08-03",282.029,FALSE,NA,NA,"<= day","daily",NA,1,TRUE
"2014-08-04",280.862,FALSE,NA,NA,"<= day","daily",NA,1,TRUE
"2014-08-05",281.85,FALSE,NA,NA,"<= day","daily",NA,1,TRUE
"2014-08-06",281.221,FALSE,NA,NA,"<= day","daily",NA,1,TRUE
"2014-08-07",280.208,FALSE,NA,NA,"<= day","daily",NA,1,TRUE
"2014-08-08",279.842,FALSE,NA,NA,"<= day","daily",NA,1,TRUE
"2014-08-09",278.779,FALSE,NA,NA,"<= day","daily",NA,1,TRUE
"2014-08-10",278.417,FALSE,NA,NA,"<= day","daily",NA,1,TRUE
"2014-08-11",281.1,FALSE,NA,NA,"<= day","daily",NA,1,TRUE
"2014-08-12",282.683,FALSE,NA,NA,"<= day","daily",NA,1,TRUE
"2014-08-13",285.667,FALSE,NA,NA,"<= day","daily",NA,1,TRUE
"2014-08-14",285.762,FALSE,NA,NA,"<= day","daily",NA,1,TRUE
"2014-08-15",284.346,FALSE,NA,NA,"<= day","daily",NA,1,TRUE
"2014-08-16",283.462,FALSE,NA,NA,"<= day","daily",NA,1,TRUE
"2014-08-17",283.146,FALSE,NA,NA,"<= day","daily",NA,1,TRUE
"2014-08-18",282.762,FALSE,NA,NA,"<= day","daily",NA,1,TRUE
"2014-08-19",281.808,FALSE,NA,NA,"<= day","daily",NA,1,TRUE
"2014-08-20",280.829,FALSE,NA,NA,"<= day","daily",NA,1,TRUE
"2014-08-21",280.967,FALSE,NA,NA,"<= day","daily",NA,1,TRUE
"2014-08-22",280.233,FALSE,NA,NA,"<= day","daily",NA,1,TRUE
"2014-08-23",279.396,FALSE,NA,NA,"<= day","daily",NA,1,TRUE
"2014-08-24",278.958,FALSE,NA,NA,"<= day","daily",NA,1,TRUE
"2014-08-25",278.425,FALSE,NA,NA,"<= day","daily",NA,1,TRUE
"2014-08-26",278.229,FALSE,NA,NA,"<= day","daily",NA,1,TRUE
"2014-08-27",278.017,FALSE,NA,NA,"<= day","daily",NA,1,TRUE
"2014-08-28",277.012,FALSE,NA,NA,"<= day","daily",NA,1,TRUE
"2014-08-29",276.883,FALSE,NA,NA,"<= day","daily",NA,1,TRUE
"2014-08-30",277.729,FALSE,NA,NA,"<= day","daily",NA,1,TRUE
"2014-08-31",279.575,FALSE,NA,NA,"<= day","daily",NA,1,TRUE
"2014-09-01",285.058,FALSE,NA,NA,"<= day","daily",NA,1,TRUE
"2014-09-02",287.225,FALSE,NA,NA,"<= day","daily",NA,1,TRUE
"2014-09-03",285.913,FALSE,NA,NA,"<= day","daily",NA,1,TRUE
"2014-09-04",284.529,FALSE,NA,NA,"<= day","daily",NA,1,TRUE
"2014-09-05",285.208,FALSE,NA,NA,"<= day","daily",NA,1,TRUE
"2014-09-06",285.875,FALSE,NA,NA,"<= day","daily",NA,1,TRUE
"2014-09-07",283.925,FALSE,NA,NA,"<= day","daily",NA,1,TRUE
"2014-09-08",282.858,FALSE,NA,NA,"<= day","daily",NA,1,TRUE
"2014-09-09",282.7,FALSE,NA,NA,"<= day","daily",NA,1,TRUE
"2014-09-10",283.675,FALSE,NA,NA,"<= day","daily",NA,1,TRUE
"2014-09-11",282.858,FALSE,NA,NA,"<= day","daily",NA,1,TRUE
"2014-09-12",283.075,FALSE,NA,NA,"<= day","daily",NA,1,TRUE
"2014-09-13",284.017,FALSE,NA,NA,"<= day","daily",NA,1,TRUE
"2014-09-14",285.829,FALSE,NA,NA,"<= day","daily",NA,1,TRUE
"2014-09-15",284.304,FALSE,NA,NA,"<= day","daily",NA,1,TRUE
"2014-09-16",282.521,FALSE,NA,NA,"<= day","daily",NA,1,TRUE
"2014-09-17",280.704,FALSE,NA,NA,"<= day","daily",NA,1,TRUE
"2014-09-18",280.158,FALSE,NA,NA,"<= day","daily",NA,1,TRUE
"2014-09-19",278.675,FALSE,NA,NA,"<= day","daily",NA,1,TRUE
"2014-09-20",278.646,FALSE,NA,NA,"<= day","daily",NA,1,TRUE
"2014-09-21",278.371,FALSE,NA,NA,"<= day","daily",NA,1,TRUE
"2014-09-22",278.371,FALSE,NA,NA,"<= day","daily",NA,1,TRUE
"2014-09-23",277,FALSE,NA,NA,"<= day","daily",NA,1,TRUE
"2014-09-24",275.988,FALSE,NA,NA,"<= day","daily",NA,1,TRUE
"2014-09-25",276.396,FALSE,NA,NA,"<= day","daily",NA,1,TRUE
"2014-09-26",275.271,FALSE,NA,NA,"<= day","daily",NA,1,TRUE
"2014-09-27",273.858,FALSE,NA,NA,"<= day","daily",NA,1,TRUE
"2014-09-28",272.7,FALSE,NA,NA,"<= day","daily",NA,1,TRUE
"2014-09-29",272.517,FALSE,NA,NA,"<= day","daily",NA,1,TRUE
"2014-09-30",271.554,FALSE,NA,NA,"<= day","daily",NA,1,TRUE
"2014-10-01",271.704,FALSE,NA,NA,"<= day","daily",NA,1,TRUE
"2014-10-02",272.946,FALSE,NA,NA,"<= day","daily",NA,1,TRUE
"2014-10-03",271.562,FALSE,NA,NA,"<= day","daily",NA,1,TRUE
"2014-10-04",270.783,FALSE,NA,NA,"<= day","daily",NA,1,TRUE
"2014-10-05",270.062,FALSE,NA,NA,"<= day","daily",NA,1,TRUE
"2014-10-06",269.988,FALSE,NA,NA,"<= day","daily",NA,1,TRUE
"2014-10-07",269.488,FALSE,NA,NA,"<= day","daily",NA,1,TRUE
"2014-10-08",268.25,FALSE,NA,NA,"<= day","daily",NA,1,TRUE
"2014-10-09",267.996,FALSE,NA,NA,"<= day","daily",NA,1,TRUE
"2014-10-10",268.05,FALSE,NA,NA,"<= day","daily",NA,1,TRUE
"2014-10-11",267.3,FALSE,NA,NA,"<= day","daily",NA,1,TRUE
"2014-10-12",266.904,FALSE,NA,NA,"<= day","daily",NA,1,TRUE
"2014-10-13",266.079,FALSE,NA,NA,"<= day","daily",NA,1,TRUE
"2014-10-14",265.375,FALSE,NA,NA,"<= day","daily",NA,1,TRUE
"2014-10-15",265.479,FALSE,NA,NA,"<= day","daily",NA,1,TRUE
"2014-10-16",265.462,FALSE,NA,NA,"<= day","daily",NA,1,TRUE
"2014-10-17",264.679,FALSE,NA,NA,"<= day","daily",NA,1,TRUE
"2014-10-18",264.017,FALSE,NA,NA,"<= day","daily",NA,1,TRUE
"2014-10-19",263.917,FALSE,NA,NA,"<= day","daily",NA,1,TRUE
"2014-10-20",263.879,FALSE,NA,NA,"<= day","daily",NA,1,TRUE
"2014-10-21",264.092,FALSE,NA,NA,"<= day","daily",NA,1,TRUE
"2014-10-22",272.625,FALSE,NA,NA,"<= day","daily",NA,1,TRUE
"2014-10-23",310.675,FALSE,NA,NA,"<= day","daily",NA,1,TRUE
"2014-10-24",277.179,FALSE,NA,NA,"<= day","daily",NA,1,TRUE
"2014-10-25",269.142,FALSE,NA,NA,"<= day","daily",NA,1,TRUE
"2014-10-26",267.733,FALSE,NA,NA,"<= day","daily",NA,1,TRUE
"2014-10-27",267.221,FALSE,NA,NA,"<= day","daily",NA,1,TRUE
"2014-10-28",266.933,FALSE,NA,NA,"<= day","daily",NA,1,TRUE
"2014-10-29",266.596,FALSE,NA,NA,"<= day","daily",NA,1,TRUE
"2014-10-30",266.413,FALSE,NA,NA,"<= day","daily",NA,1,TRUE
"2014-10-31",266.1,FALSE,NA,NA,"<= day","daily",NA,1,TRUE
"2014-11-01",266.742,FALSE,NA,NA,"<= day","daily",NA,1,TRUE
"2014-11-02",266.358,FALSE,NA,NA,"<= day","daily",NA,1,TRUE
"2014-11-03",266.671,FALSE,NA,NA,"<= day","daily",NA,1,TRUE
"2014-11-04",266.983,FALSE,NA,NA,"<= day","daily",NA,1,TRUE
"2014-11-05",266.629,FALSE,NA,NA,"<= day","daily",NA,1,TRUE
"2014-11-06",265.933,FALSE,NA,NA,"<= day","daily",NA,1,TRUE
"2014-11-07",265.638,FALSE,NA,NA,"<= day","daily",NA,1,TRUE
"2014-11-08",265.454,FALSE,NA,NA,"<= day","daily",NA,1,TRUE
"2014-11-09",265.104,FALSE,NA,NA,"<= day","daily",NA,1,TRUE
"2014-11-10",264.55,FALSE,NA,NA,"<= day","daily",NA,1,TRUE
"2014-11-11",263.871,FALSE,NA,NA,"<= day","daily",NA,1,TRUE
"2014-11-12",264.142,FALSE,NA,NA,"<= day","daily",NA,1,TRUE
"2014-11-13",263.821,FALSE,NA,NA,"<= day","daily",NA,1,TRUE
"2014-11-14",263.154,FALSE,NA,NA,"<= day","daily",NA,1,TRUE
"2014-11-15",262.742,FALSE,NA,NA,"<= day","daily",NA,1,TRUE
"2014-11-16",262.992,FALSE,NA,NA,"<= day","daily",NA,1,TRUE
"2014-11-17",262.723,FALSE,NA,NA,"<= day","daily",NA,1,TRUE
"2015-01-02",266.043,FALSE,NA,NA,"<= day","daily",NA,1,TRUE
"2015-01-03",269.062,FALSE,NA,NA,"<= day","daily",NA,1,TRUE
"2015-01-04",272.829,FALSE,NA,NA,"<= day","daily",NA,1,TRUE
"2015-01-05",268.421,FALSE,NA,NA,"<= day","daily",NA,1,TRUE
"2015-01-06",266.933,FALSE,NA,NA,"<= day","daily",NA,1,TRUE
"2015-01-07",266.492,FALSE,NA,NA,"<= day","daily",NA,1,TRUE
"2015-01-08",265.529,FALSE,NA,NA,"<= day","daily",NA,1,TRUE
"2015-01-09",265.15,FALSE,NA,NA,"<= day","daily",NA,1,TRUE
"2015-01-10",270.775,FALSE,NA,NA,"<= day","daily",NA,1,TRUE
"2015-01-11",271.288,FALSE,NA,NA,"<= day","daily",NA,1,TRUE
"2015-01-12",269.875,FALSE,NA,NA,"<= day","daily",NA,1,TRUE
"2015-01-13",268.933,FALSE,NA,NA,"<= day","daily",NA,1,TRUE
"2015-01-14",268.788,FALSE,NA,NA,"<= day","daily",NA,1,TRUE
"2015-01-15",268.492,FALSE,NA,NA,"<= day","daily",NA,1,TRUE
"2015-01-16",268.133,FALSE,NA,NA,"<= day","daily",NA,1,TRUE
"2015-01-17",268.546,FALSE,NA,NA,"<= day","daily",NA,1,TRUE
"2015-01-18",268.546,FALSE,NA,NA,"<= day","daily",NA,1,TRUE
"2015-01-19",266.292,FALSE,NA,NA,"<= day","daily",NA,1,TRUE
"2015-01-20",265.604,FALSE,NA,NA,"<= day","daily",NA,1,TRUE
"2015-01-21",265.033,FALSE,NA,NA,"<= day","daily",NA,1,TRUE
"2015-01-22",264.738,FALSE,NA,NA,"<= day","daily",NA,1,TRUE
"2015-01-23",264.596,FALSE,NA,NA,"<= day","daily",NA,1,TRUE
"2015-01-24",264.367,FALSE,NA,NA,"<= day","daily",NA,1,TRUE
"2015-01-25",262.312,FALSE,NA,NA,"<= day","daily",NA,1,TRUE
"2015-01-26",260.817,FALSE,NA,NA,"<= day","daily",NA,1,TRUE
"2015-01-27",261.058,FALSE,NA,NA,"<= day","daily",NA,1,TRUE
"2015-01-28",260.5,FALSE,NA,NA,"<= day","daily",NA,1,TRUE
"2015-01-29",260.462,FALSE,NA,NA,"<= day","daily",NA,1,TRUE
"2015-01-30",260.75,FALSE,NA,NA,"<= day","daily",NA,1,TRUE
"2015-01-31",260.008,FALSE,NA,NA,"<= day","daily",NA,1,TRUE
"2015-02-01",259.475,FALSE,NA,NA,"<= day","daily",NA,1,TRUE
"2015-02-02",258.733,FALSE,NA,NA,"<= day","daily",NA,1,TRUE
"2015-02-03",259.279,FALSE,NA,NA,"<= day","daily",NA,1,TRUE
"2015-02-04",259.788,FALSE,NA,NA,"<= day","daily",NA,1,TRUE
"2015-02-05",259.067,FALSE,NA,NA,"<= day","daily",NA,1,TRUE
"2015-02-06",258.167,FALSE,NA,NA,"<= day","daily",NA,1,TRUE
"2015-02-07",257.758,FALSE,NA,NA,"<= day","daily",NA,1,TRUE
"2015-02-08",257.712,FALSE,NA,NA,"<= day","daily",NA,1,TRUE
"2015-02-09",256.629,FALSE,NA,NA,"<= day","daily",NA,1,TRUE
"2015-02-10",256.171,FALSE,NA,NA,"<= day","daily",NA,1,TRUE
"2015-02-11",255.938,FALSE,NA,NA,"<= day","daily",NA,1,TRUE
"2015-02-12",257.658,FALSE,NA,NA,"<= day","daily",NA,1,TRUE
"2015-02-13",255.942,FALSE,NA,NA,"<= day","daily",NA,1,TRUE
"2015-02-14",255.833,FALSE,NA,NA,"<= day","daily",NA,1,TRUE
"2015-02-15",255.071,FALSE,NA,NA,"<= day","daily",NA,1,TRUE
"2015-02-16",255.167,FALSE,NA,NA,"<= day","daily",NA,1,TRUE
"2015-02-17",255.1,FALSE,NA,NA,"<= day","daily",NA,1,TRUE
"2015-02-18",254.933,FALSE,NA,NA,"<= day","daily",NA,1,TRUE
"2015-02-19",255.267,FALSE,NA,NA,"<= day","daily",NA,1,TRUE
"2015-02-20",255.633,FALSE,NA,NA,"<= day","daily",NA,1,TRUE
"2015-02-21",256.183,FALSE,NA,NA,"<= day","daily",NA,1,TRUE
"2015-02-22",256.458,FALSE,NA,NA,"<= day","daily",NA,1,TRUE
"2015-02-23",256.033,FALSE,NA,NA,"<= day","daily",NA,1,TRUE
"2015-02-24",255.833,FALSE,NA,NA,"<= day","daily",NA,1,TRUE
"2015-02-25",255.467,FALSE,NA,NA,"<= day","daily",NA,1,TRUE
"2015-02-26",255.933,FALSE,NA,NA,"<= day","daily",NA,1,TRUE
"2015-02-27",255.642,FALSE,NA,NA,"<= day","daily",NA,1,TRUE
"2015-02-28",254.8,FALSE,NA,NA,"<= day","daily",NA,1,TRUE
"2015-03-01",254.267,FALSE,NA,NA,"<= day","daily",NA,1,TRUE
"2015-03-02",258.229,FALSE,NA,NA,"<= day","daily",NA,1,TRUE
"2015-03-03",257.854,FALSE,NA,NA,"<= day","daily",NA,1,TRUE
"2015-03-04",256.558,FALSE,NA,NA,"<= day","daily",NA,1,TRUE
"2015-03-05",255.633,FALSE,NA,NA,"<= day","daily",NA,1,TRUE
"2015-03-06",253.967,FALSE,NA,NA,"<= day","daily",NA,1,TRUE
"2015-03-07",253.9,FALSE,NA,NA,"<= day","daily",NA,1,TRUE
"2015-03-08",254.1,FALSE,NA,NA,"<= day","daily",NA,1,TRUE
"2015-03-09",254.033,FALSE,NA,NA,"<= day","daily",NA,1,TRUE
"2015-03-10",254.6,FALSE,NA,NA,"<= day","daily",NA,1,TRUE
"2015-03-11",257.021,FALSE,NA,NA,"<= day","daily",NA,1,TRUE
"2015-03-12",256.425,FALSE,NA,NA,"<= day","daily",NA,1,TRUE
"2015-03-13",256.012,FALSE,NA,NA,"<= day","daily",NA,1,TRUE
"2015-03-14",255.567,FALSE,NA,NA,"<= day","daily",NA,1,TRUE
"2015-03-15",254.633,FALSE,NA,NA,"<= day","daily",NA,1,TRUE
"2015-03-16",255.267,FALSE,NA,NA,"<= day","daily",NA,1,TRUE
"2015-03-17",255.367,FALSE,NA,NA,"<= day","daily",NA,1,TRUE
"2015-03-18",255.5,FALSE,NA,NA,"<= day","daily",NA,1,TRUE
"2015-03-19",255.433,FALSE,NA,NA,"<= day","daily",NA,1,TRUE
"2015-03-20",256.008,FALSE,NA,NA,"<= day","daily",NA,1,TRUE
"2015-03-21",255.908,FALSE,NA,NA,"<= day","daily",NA,1,TRUE
"2015-03-22",256.142,FALSE,NA,NA,"<= day","daily",NA,1,TRUE
"2015-03-23",256.362,FALSE,NA,NA,"<= day","daily",NA,1,TRUE
"2015-03-24",257.2,FALSE,NA,NA,"<= day","daily",NA,1,TRUE
"2015-03-25",257.717,FALSE,NA,NA,"<= day","daily",NA,1,TRUE
"2015-03-26",257.729,FALSE,NA,NA,"<= day","daily",NA,1,TRUE
"2015-03-27",257.983,FALSE,NA,NA,"<= day","daily",NA,1,TRUE
"2015-03-28",257.663,FALSE,NA,NA,"<= day","daily",NA,1,TRUE
"2015-03-29",258.333,FALSE,NA,NA,"<= day","daily",NA,1,TRUE
"2015-03-30",267.529,FALSE,NA,NA,"<= day","daily",NA,1,TRUE
"2015-03-31",268.908,FALSE,NA,NA,"<= day","daily",NA,1,TRUE
"2015-04-01",270.471,FALSE,NA,NA,"<= day","daily",NA,1,TRUE
"2015-04-02",266.633,FALSE,NA,NA,"<= day","daily",NA,1,TRUE
"2015-04-03",266.062,FALSE,NA,NA,"<= day","daily",NA,1,TRUE
"2015-04-04",265.042,FALSE,NA,NA,"<= day","daily",NA,1,TRUE
"2015-04-05",264.467,FALSE,NA,NA,"<= day","daily",NA,1,TRUE
"2015-04-06",264.3,FALSE,NA,NA,"<= day","daily",NA,1,TRUE
"2015-04-07",263.904,FALSE,NA,NA,"<= day","daily",NA,1,TRUE
"2015-04-08",263.304,FALSE,NA,NA,"<= day","daily",NA,1,TRUE
"2015-04-09",263.837,FALSE,NA,NA,"<= day","daily",NA,1,TRUE
"2015-04-10",263.625,FALSE,NA,NA,"<= day","daily",NA,1,TRUE
"2015-04-11",264.767,FALSE,NA,NA,"<= day","daily",NA,1,TRUE
"2015-04-12",265.346,FALSE,NA,NA,"<= day","daily",NA,1,TRUE
"2015-04-13",266.304,FALSE,NA,NA,"<= day","daily",NA,1,TRUE
"2015-04-14",267.5,FALSE,NA,NA,"<= day","daily",NA,1,TRUE
"2015-04-15",269.225,FALSE,NA,NA,"<= day","daily",NA,1,TRUE
"2015-04-16",270.383,FALSE,NA,NA,"<= day","daily",NA,1,TRUE
"2015-04-17",272.346,FALSE,NA,NA,"<= day","daily",NA,1,TRUE
"2015-04-18",274.425,FALSE,NA,NA,"<= day","daily",NA,1,TRUE
"2015-04-19",275.663,FALSE,NA,NA,"<= day","daily",NA,1,TRUE
"2015-04-20",275.558,FALSE,NA,NA,"<= day","daily",NA,1,TRUE
"2015-04-21",275.6,FALSE,NA,NA,"<= day","daily",NA,1,TRUE
"2015-04-22",276.979,FALSE,NA,NA,"<= day","daily",NA,1,TRUE
"2015-04-23",277.508,FALSE,NA,NA,"<= day","daily",NA,1,TRUE
"2015-04-24",276.583,FALSE,NA,NA,"<= day","daily",NA,1,TRUE
"2015-04-25",276.483,FALSE,NA,NA,"<= day","daily",NA,1,TRUE
"2015-04-26",277.05,FALSE,NA,NA,"<= day","daily",NA,1,TRUE
"2015-04-27",278.621,FALSE,NA,NA,"<= day","daily",NA,1,TRUE
"2015-04-28",279.442,FALSE,NA,NA,"<= day","daily",NA,1,TRUE
"2015-04-29",279.033,FALSE,NA,NA,"<= day","daily",NA,1,TRUE
"2015-04-30",280.133,FALSE,NA,NA,"<= day","daily",NA,1,TRUE
"2015-05-01",280.554,FALSE,NA,NA,"<= day","daily",NA,1,TRUE
"2015-05-02",281.704,FALSE,NA,NA,"<= day","daily",NA,1,TRUE
"2015-05-03",282.692,FALSE,NA,NA,"<= day","daily",NA,1,TRUE
"2015-05-04",282.921,FALSE,NA,NA,"<= day","daily",NA,1,TRUE
"2015-05-05",283.525,FALSE,NA,NA,"<= day","daily",NA,1,TRUE
"2015-05-06",284.367,FALSE,NA,NA,"<= day","daily",NA,1,TRUE
"2015-05-07",284.917,FALSE,NA,NA,"<= day","daily",NA,1,TRUE
"2015-05-08",285.462,FALSE,NA,NA,"<= day","daily",NA,1,TRUE
"2015-05-09",285.6,FALSE,NA,NA,"<= day","daily",NA,1,TRUE
"2015-05-10",287.837,FALSE,NA,NA,"<= day","daily",NA,1,TRUE
"2015-05-11",287.583,FALSE,NA,NA,"<= day","daily",NA,1,TRUE
"2015-05-12",287.512,FALSE,NA,NA,"<= day","daily",NA,1,TRUE
"2015-05-13",288.075,FALSE,NA,NA,"<= day","daily",NA,1,TRUE
"2015-05-14",290,FALSE,NA,NA,"<= day","daily",NA,1,TRUE
"2015-05-15",291.996,FALSE,NA,NA,"<= day","daily",NA,1,TRUE
"2015-05-16",292.638,FALSE,NA,NA,"<= day","daily",NA,1,TRUE
"2015-05-17",292.271,FALSE,NA,NA,"<= day","daily",NA,1,TRUE
"2015-05-18",292.567,FALSE,NA,NA,"<= day","daily",NA,1,TRUE
"2015-05-19",293.208,FALSE,NA,NA,"<= day","daily",NA,1,TRUE
"2015-05-20",298.562,FALSE,NA,NA,"<= day","daily",NA,1,TRUE
"2015-05-21",301.362,FALSE,NA,NA,"<= day","daily",NA,1,TRUE
"2015-05-22",301.6,FALSE,NA,NA,"<= day","daily",NA,1,TRUE
"2015-05-23",306.133,FALSE,NA,NA,"<= day","daily",NA,1,TRUE
"2015-05-24",309.837,FALSE,NA,NA,"<= day","daily",NA,1,TRUE
"2015-05-25",303.229,FALSE,NA,NA,"<= day","daily",NA,1,TRUE
"2015-05-26",301.308,FALSE,NA,NA,"<= day","daily",NA,1,TRUE
"2015-05-27",300.5,FALSE,NA,NA,"<= day","daily",NA,1,TRUE
"2015-05-28",300.5,FALSE,NA,NA,"<= day","daily",NA,1,TRUE
"2015-05-29",300.5,FALSE,NA,NA,"<= day","daily",NA,1,TRUE
"2015-05-30",300.5,FALSE,NA,NA,"<= day","daily",NA,1,TRUE
"2015-05-31",300.5,FALSE,NA,NA,"<= day","daily",NA,1,TRUE
"2015-06-01",300.242,FALSE,NA,NA,"<= day","daily",NA,1,TRUE
"2015-06-02",300.05,FALSE,NA,NA,"<= day","daily",NA,1,TRUE
"2015-06-03",300.254,FALSE,NA,NA,"<= day","daily",NA,1,TRUE
"2015-06-04",300.483,FALSE,NA,NA,"<= day","daily",NA,1,TRUE
"2015-06-05",299.996,FALSE,NA,NA,"<= day","daily",NA,1,TRUE
"2015-06-06",300.042,FALSE,NA,NA,"<= day","daily",NA,1,TRUE
"2015-06-07",299.021,FALSE,NA,NA,"<= day","daily",NA,1,TRUE
"2015-06-08",298.804,FALSE,NA,NA,"<= day","daily",NA,1,TRUE
"2015-06-09",297.692,FALSE,NA,NA,"<= day","daily",NA,1,TRUE
"2015-06-10",296.038,FALSE,NA,NA,"<= day","daily",NA,1,TRUE
"2015-06-11",292.175,FALSE,NA,NA,"<= day","daily",NA,1,TRUE
"2015-06-12",291.738,FALSE,NA,NA,"<= day","daily",NA,1,TRUE
"2015-06-13",293.067,FALSE,NA,NA,"<= day","daily",NA,1,TRUE
"2015-06-14",293.117,FALSE,NA,NA,"<= day","daily",NA,1,TRUE
"2015-06-15",292.663,FALSE,NA,NA,"<= day","daily",NA,1,TRUE
"2015-06-16",292.021,FALSE,NA,NA,"<= day","daily",NA,1,TRUE
"2015-06-17",292.779,FALSE,NA,NA,"<= day","daily",NA,1,TRUE
"2015-06-18",292.871,FALSE,NA,NA,"<= day","daily",NA,1,TRUE
"2015-06-19",292.958,FALSE,NA,NA,"<= day","daily",NA,1,TRUE
"2015-06-20",296.629,FALSE,NA,NA,"<= day","daily",NA,1,TRUE
"2015-06-21",295.688,FALSE,NA,NA,"<= day","daily",NA,1,TRUE
"2015-06-22",297.392,FALSE,NA,NA,"<= day","daily",NA,1,TRUE
"2015-06-23",301.183,FALSE,NA,NA,"<= day","daily",NA,1,TRUE
"2015-06-24",300.104,FALSE,NA,NA,"<= day","daily",NA,1,TRUE
"2015-06-25",298.483,FALSE,NA,NA,"<= day","daily",NA,1,TRUE
"2015-06-26",298.067,FALSE,NA,NA,"<= day","daily",NA,1,TRUE
"2015-06-27",298.879,FALSE,NA,NA,"<= day","daily",NA,1,TRUE
"2015-06-28",299.458,FALSE,NA,NA,"<= day","daily",NA,1,TRUE
"2015-06-29",298.717,FALSE,NA,NA,"<= day","daily",NA,1,TRUE
"2015-06-30",297.846,FALSE,NA,NA,"<= day","daily",NA,1,TRUE
"2015-07-01",296.921,FALSE,NA,NA,"<= day","daily",NA,1,TRUE
"2015-07-02",295.908,FALSE,NA,NA,"<= day","daily",NA,1,TRUE
"2015-07-03",295.354,FALSE,NA,NA,"<= day","daily",NA,1,TRUE
"2015-07-04",293.842,FALSE,NA,NA,"<= day","daily",NA,1,TRUE
"2015-07-05",293.783,FALSE,NA,NA,"<= day","daily",NA,1,TRUE
"2015-07-06",292.883,FALSE,NA,NA,"<= day","daily",NA,1,TRUE
"2015-07-07",291.083,FALSE,NA,NA,"<= day","daily",NA,1,TRUE
"2015-07-08",290.05,FALSE,NA,NA,"<= day","daily",NA,1,TRUE
"2015-07-09",287.888,FALSE,NA,NA,"<= day","daily",NA,1,TRUE
"2015-07-10",287.129,FALSE,NA,NA,"<= day","daily",NA,1,TRUE
"2015-07-11",285.938,FALSE,NA,NA,"<= day","daily",NA,1,TRUE
"2015-07-12",285.675,FALSE,NA,NA,"<= day","daily",NA,1,TRUE
"2015-07-13",284.95,FALSE,NA,NA,"<= day","daily",NA,1,TRUE
"2015-07-14",284.867,FALSE,NA,NA,"<= day","daily",NA,1,TRUE
"2015-07-15",284.567,FALSE,NA,NA,"<= day","daily",NA,1,TRUE
"2015-07-16",283.933,FALSE,NA,NA,"<= day","daily",NA,1,TRUE
"2015-07-17",283.25,FALSE,NA,NA,"<= day","daily",NA,1,TRUE
"2015-07-18",282.917,FALSE,NA,NA,"<= day","daily",NA,1,TRUE
"2015-07-19",283.292,FALSE,NA,NA,"<= day","daily",NA,1,TRUE
"2015-07-20",283.196,FALSE,NA,NA,"<= day","daily",NA,1,TRUE
"2015-07-21",282.796,FALSE,NA,NA,"<= day","daily",NA,1,TRUE
"2015-07-22",282.033,FALSE,NA,NA,"<= day","daily",NA,1,TRUE
"2015-07-23",280.271,FALSE,NA,NA,"<= day","daily",NA,1,TRUE
"2015-07-24",279.442,FALSE,NA,NA,"<= day","daily",NA,1,TRUE
"2015-07-25",279.142,FALSE,NA,NA,"<= day","daily",NA,1,TRUE
"2015-07-26",277.733,FALSE,NA,NA,"<= day","daily",NA,1,TRUE
"2015-07-27",277.792,FALSE,NA,NA,"<= day","daily",NA,1,TRUE
"2015-07-28",277.271,FALSE,NA,NA,"<= day","daily",NA,1,TRUE
"2015-07-29",276.762,FALSE,NA,NA,"<= day","daily",NA,1,TRUE
"2015-07-30",274.617,FALSE,NA,NA,"<= day","daily",NA,1,TRUE
"2015-07-31",275.242,FALSE,NA,NA,"<= day","daily",NA,1,TRUE
"2015-08-01",277.142,FALSE,NA,NA,"<= day","daily",NA,1,TRUE
"2015-08-02",276.454,FALSE,NA,NA,"<= day","daily",NA,1,TRUE
"2015-08-03",277.142,FALSE,NA,NA,"<= day","daily",NA,1,TRUE
"2015-08-04",277.658,FALSE,NA,NA,"<= day","daily",NA,1,TRUE
"2015-08-05",274.867,FALSE,NA,NA,"<= day","daily",NA,1,TRUE
"2015-08-06",274.679,FALSE,NA,NA,"<= day","daily",NA,1,TRUE
"2015-08-07",273.925,FALSE,NA,NA,"<= day","daily",NA,1,TRUE
"2015-08-08",273.383,FALSE,NA,NA,"<= day","daily",NA,1,TRUE
"2015-08-09",273.758,FALSE,NA,NA,"<= day","daily",NA,1,TRUE
"2015-08-10",274.392,FALSE,NA,NA,"<= day","daily",NA,1,TRUE
"2015-08-11",274.283,FALSE,NA,NA,"<= day","daily",NA,1,TRUE
"2015-08-12",273.804,FALSE,NA,NA,"<= day","daily",NA,1,TRUE
"2015-08-13",273.925,FALSE,NA,NA,"<= day","daily",NA,1,TRUE
"2015-08-14",274.483,FALSE,NA,NA,"<= day","daily",NA,1,TRUE
"2015-08-15",276.238,FALSE,NA,NA,"<= day","daily",NA,1,TRUE
"2015-08-16",276.392,FALSE,NA,NA,"<= day","daily",NA,1,TRUE
"2015-08-17",276.267,FALSE,NA,NA,"<= day","daily",NA,1,TRUE
"2015-08-18",275.575,FALSE,NA,NA,"<= day","daily",NA,1,TRUE
"2015-08-19",275.133,FALSE,NA,NA,"<= day","daily",NA,1,TRUE
"2015-08-20",274.729,FALSE,NA,NA,"<= day","daily",NA,1,TRUE
"2015-08-21",274.6,FALSE,NA,NA,"<= day","daily",NA,1,TRUE
"2015-08-22",274.021,FALSE,NA,NA,"<= day","daily",NA,1,TRUE
"2015-08-23",273.608,FALSE,NA,NA,"<= day","daily",NA,1,TRUE
"2015-08-24",273.592,FALSE,NA,NA,"<= day","daily",NA,1,TRUE
"2015-08-25",272.646,FALSE,NA,NA,"<= day","daily",NA,1,TRUE
"2015-08-26",270.825,FALSE,NA,NA,"<= day","daily",NA,1,TRUE
"2015-08-27",270.296,FALSE,NA,NA,"<= day","daily",NA,1,TRUE
"2015-08-28",269.196,FALSE,NA,NA,"<= day","daily",NA,1,TRUE
"2015-08-29",268.738,FALSE,NA,NA,"<= day","daily",NA,1,TRUE
"2015-08-30",268.062,FALSE,NA,NA,"<= day","daily",NA,1,TRUE
"2015-08-31",268.05,FALSE,NA,NA,"<= day","daily",NA,1,TRUE
"2015-09-01",267.171,FALSE,NA,NA,"<= day","daily",NA,1,TRUE
"2015-09-02",267.167,FALSE,NA,NA,"<= day","daily",NA,1,TRUE
"2015-09-03",266.913,FALSE,NA,NA,"<= day","daily",NA,1,TRUE
"2015-09-04",266.858,FALSE,NA,NA,"<= day","daily",NA,1,TRUE
"2015-09-05",265.958,FALSE,NA,NA,"<= day","daily",NA,1,TRUE
"2015-09-06",265.854,FALSE,NA,NA,"<= day","daily",NA,1,TRUE
"2015-09-07",265.862,FALSE,NA,NA,"<= day","daily",NA,1,TRUE
"2015-09-08",265.754,FALSE,NA,NA,"<= day","daily",NA,1,TRUE
"2015-09-09",266.004,FALSE,NA,NA,"<= day","daily",NA,1,TRUE
"2015-09-10",265.471,FALSE,NA,NA,"<= day","daily",NA,1,TRUE
"2015-09-11",264.671,FALSE,NA,NA,"<= day","daily",NA,1,TRUE
"2015-09-12",264.579,FALSE,NA,NA,"<= day","daily",NA,1,TRUE
"2015-09-13",264.796,FALSE,NA,NA,"<= day","daily",NA,1,TRUE
"2015-09-14",264.958,FALSE,NA,NA,"<= day","daily",NA,1,TRUE
"2015-09-15",265.163,FALSE,NA,NA,"<= day","daily",NA,1,TRUE
"2015-09-16",264.658,FALSE,NA,NA,"<= day","daily",NA,1,TRUE
"2015-09-17",264.4,FALSE,NA,NA,"<= day","daily",NA,1,TRUE
"2015-09-18",263.233,FALSE,NA,NA,"<= day","daily",NA,1,TRUE
"2015-09-19",262.954,FALSE,NA,NA,"<= day","daily",NA,1,TRUE
"2015-09-20",262.625,FALSE,NA,NA,"<= day","daily",NA,1,TRUE
"2015-09-21",262.608,FALSE,NA,NA,"<= day","daily",NA,1,TRUE
"2015-09-22",263.904,FALSE,NA,NA,"<= day","daily",NA,1,TRUE
"2015-09-23",264.717,FALSE,NA,NA,"<= day","daily",NA,1,TRUE
"2015-09-24",264.417,FALSE,NA,NA,"<= day","daily",NA,1,TRUE
"2015-09-25",264.396,FALSE,NA,NA,"<= day","daily",NA,1,TRUE
"2015-09-26",263.871,FALSE,NA,NA,"<= day","daily",NA,1,TRUE
"2015-09-27",263.504,FALSE,NA,NA,"<= day","daily",NA,1,TRUE
"2015-09-28",262.417,FALSE,NA,NA,"<= day","daily",NA,1,TRUE
"2015-09-29",262.571,FALSE,NA,NA,"<= day","daily",NA,1,TRUE
"2015-09-30",262.075,FALSE,NA,NA,"<= day","daily",NA,1,TRUE
"2015-10-01",260.925,FALSE,NA,NA,"<= day","daily",NA,1,TRUE
"2015-10-02",261.729,FALSE,NA,NA,"<= day","daily",NA,1,TRUE
"2015-10-03",261.454,FALSE,NA,NA,"<= day","daily",NA,1,TRUE
"2015-10-04",261.554,FALSE,NA,NA,"<= day","daily",NA,1,TRUE
"2015-10-05",261.258,FALSE,NA,NA,"<= day","daily",NA,1,TRUE
"2015-10-06",261.396,FALSE,NA,NA,"<= day","daily",NA,1,TRUE
"2015-10-07",264.204,FALSE,NA,NA,"<= day","daily",NA,1,TRUE
"2015-10-08",265.079,FALSE,NA,NA,"<= day","daily",NA,1,TRUE
"2015-10-09",264.721,FALSE,NA,NA,"<= day","daily",NA,1,TRUE
"2015-10-10",264.775,FALSE,NA,NA,"<= day","daily",NA,1,TRUE
"2015-10-11",264.492,FALSE,NA,NA,"<= day","daily",NA,1,TRUE
"2015-10-12",264.983,FALSE,NA,NA,"<= day","daily",NA,1,TRUE
"2015-10-13",264.7,FALSE,NA,NA,"<= day","daily",NA,1,TRUE
"2015-10-14",265.546,FALSE,NA,NA,"<= day","daily",NA,1,TRUE
"2015-10-15",265.5,FALSE,NA,NA,"<= day","daily",NA,1,TRUE
"2015-10-16",265.404,FALSE,NA,NA,"<= day","daily",NA,1,TRUE
"2015-10-17",264.979,FALSE,NA,NA,"<= day","daily",NA,1,TRUE
"2015-10-18",264.854,FALSE,NA,NA,"<= day","daily",NA,1,TRUE
"2015-10-19",264.837,FALSE,NA,NA,"<= day","daily",NA,1,TRUE
"2015-10-20",263.1,FALSE,NA,NA,"<= day","daily",NA,1,TRUE
"2015-10-21",263.042,FALSE,NA,NA,"<= day","daily",NA,1,TRUE
"2015-10-22",262.996,FALSE,NA,NA,"<= day","daily",NA,1,TRUE
"2015-10-23",262.837,FALSE,NA,NA,"<= day","daily",NA,1,TRUE
"2015-10-24",262.629,FALSE,NA,NA,"<= day","daily",NA,1,TRUE
"2015-10-25",262.246,FALSE,NA,NA,"<= day","daily",NA,1,TRUE
"2015-10-26",262.6,FALSE,NA,NA,"<= day","daily",NA,1,TRUE
"2015-10-27",261.6,FALSE,NA,NA,"<= day","daily",NA,1,TRUE
"2015-10-28",262.283,FALSE,NA,NA,"<= day","daily",NA,1,TRUE
"2015-10-29",262.329,FALSE,NA,NA,"<= day","daily",NA,1,TRUE
"2015-10-30",262.217,FALSE,NA,NA,"<= day","daily",NA,1,TRUE
"2015-10-31",261.746,FALSE,NA,NA,"<= day","daily",NA,1,TRUE
"2015-11-01",261.654,FALSE,NA,NA,"<= day","daily",NA,1,TRUE
"2015-11-02",261.442,FALSE,NA,NA,"<= day","daily",NA,1,TRUE
"2015-11-03",261.15,FALSE,NA,NA,"<= day","daily",NA,1,TRUE
"2015-11-04",260.521,FALSE,NA,NA,"<= day","daily",NA,1,TRUE
"2015-11-05",260.075,FALSE,NA,NA,"<= day","daily",NA,1,TRUE
"2015-11-06",259.525,FALSE,NA,NA,"<= day","daily",NA,1,TRUE
"2015-11-07",258.921,FALSE,NA,NA,"<= day","daily",NA,1,TRUE
"2015-11-08",258.442,FALSE,NA,NA,"<= day","daily",NA,1,TRUE
"2015-11-09",258.5,FALSE,NA,NA,"<= day","daily",NA,1,TRUE
"2015-11-10",258.462,FALSE,NA,NA,"<= day","daily",NA,1,TRUE
"2015-11-11",257.988,FALSE,NA,NA,"<= day","daily",NA,1,TRUE
"2015-11-12",257.767,FALSE,NA,NA,"<= day","daily",NA,1,TRUE
"2015-11-13",257.679,FALSE,NA,NA,"<= day","daily",NA,1,TRUE
"2015-11-14",257.729,FALSE,NA,NA,"<= day","daily",NA,1,TRUE
"2015-11-15",257.425,FALSE,NA,NA,"<= day","daily",NA,1,TRUE
"2015-11-16",257.288,FALSE,NA,NA,"<= day","daily",NA,1,TRUE
"2015-11-17",256.979,FALSE,NA,NA,"<= day","daily",NA,1,TRUE
"2015-11-18",256.575,FALSE,NA,NA,"<= day","daily",NA,1,TRUE
"2015-11-19",256.408,FALSE,NA,NA,"<= day","daily",NA,1,TRUE
"2015-11-20",257.429,FALSE,NA,NA,"<= day","daily",NA,1,TRUE
"2015-11-21",257.279,FALSE,NA,NA,"<= day","daily",NA,1,TRUE
"2015-11-22",255.596,FALSE,NA,NA,"<= day","daily",NA,1,TRUE
"2015-11-23",253.963,FALSE,NA,NA,"<= day","daily",NA,1,TRUE
"2015-11-24",253.588,FALSE,NA,NA,"<= day","daily",NA,1,TRUE
"2015-11-25",253.729,FALSE,NA,NA,"<= day","daily",NA,1,TRUE
"2015-11-26",252.787,FALSE,NA,NA,"<= day","daily",NA,1,TRUE
"2015-11-27",252.125,FALSE,NA,NA,"<= day","daily",NA,1,TRUE
"2015-11-28",251.346,FALSE,NA,NA,"<= day","daily",NA,1,TRUE
"2015-11-29",250.354,FALSE,NA,NA,"<= day","daily",NA,1,TRUE
"2015-11-30",249.883,FALSE,NA,NA,"<= day","daily",NA,1,TRUE
"2015-12-01",260.212,FALSE,NA,NA,"<= day","daily",NA,1,TRUE
"2015-12-02",261.321,FALSE,NA,NA,"<= day","daily",NA,1,TRUE
"2015-12-03",257.438,FALSE,NA,NA,"<= day","daily",NA,1,TRUE
"2015-12-04",255.933,FALSE,NA,NA,"<= day","daily",NA,1,TRUE
"2015-12-05",254.5,FALSE,NA,NA,"<= day","daily",NA,1,TRUE
"2015-12-06",254.033,FALSE,NA,NA,"<= day","daily",NA,1,TRUE
"2015-12-07",253.833,FALSE,NA,NA,"<= day","daily",NA,1,TRUE
"2015-12-08",252.9,FALSE,NA,NA,"<= day","daily",NA,1,TRUE
"2015-12-09",252.9,FALSE,NA,NA,"<= day","daily",NA,1,TRUE
"2015-12-10",251.9,FALSE,NA,NA,"<= day","daily",NA,1,TRUE
"2015-12-11",251.5,FALSE,NA,NA,"<= day","daily",NA,1,TRUE
"2015-12-12",251.467,FALSE,NA,NA,"<= day","daily",NA,1,TRUE
"2015-12-13",250.4,FALSE,NA,NA,"<= day","daily",NA,1,TRUE
"2015-12-14",250.433,FALSE,NA,NA,"<= day","daily",NA,1,TRUE
"2015-12-15",249.967,FALSE,NA,NA,"<= day","daily",NA,1,TRUE
"2015-12-16",250.433,FALSE,NA,NA,"<= day","daily",NA,1,TRUE
"2015-12-17",251.167,FALSE,NA,NA,"<= day","daily",NA,1,TRUE
"2015-12-18",251.167,FALSE,NA,NA,"<= day","daily",NA,1,TRUE
"2015-12-19",250.867,FALSE,NA,NA,"<= day","daily",NA,1,TRUE
"2015-12-20",249.567,FALSE,NA,NA,"<= day","daily",NA,1,TRUE
"2015-12-21",249.567,FALSE,NA,NA,"<= day","daily",NA,1,TRUE
"2015-12-22",249.9,FALSE,NA,NA,"<= day","daily",NA,1,TRUE
"2015-12-23",250.367,FALSE,NA,NA,"<= day","daily",NA,1,TRUE
"2015-12-24",249.567,FALSE,NA,NA,"<= day","daily",NA,1,TRUE
"2015-12-25",250.167,FALSE,NA,NA,"<= day","daily",NA,1,TRUE
"2015-12-26",249.6,FALSE,NA,NA,"<= day","daily",NA,1,TRUE
"2015-12-27",248.9,FALSE,NA,NA,"<= day","daily",NA,1,TRUE
"2015-12-28",248.867,FALSE,NA,NA,"<= day","daily",NA,1,TRUE
"2015-12-29",248.533,FALSE,NA,NA,"<= day","daily",NA,1,TRUE
"2015-12-30",248.2,FALSE,NA,NA,"<= day","daily",NA,1,TRUE
"2015-12-31",247.733,FALSE,NA,NA,"<= day","daily",NA,1,TRUE
"2016-01-01",248.267,FALSE,NA,NA,"<= day","daily",NA,1,TRUE
"2016-01-02",247.733,FALSE,NA,NA,"<= day","daily",NA,1,TRUE
"2016-01-03",247.567,FALSE,NA,NA,"<= day","daily",NA,1,TRUE
"2016-01-04",247.667,FALSE,NA,NA,"<= day","daily",NA,1,TRUE
"2016-01-05",246.8,FALSE,NA,NA,"<= day","daily",NA,1,TRUE
"2016-01-06",248.133,FALSE,NA,NA,"<= day","daily",NA,1,TRUE
"2016-01-07",248.267,FALSE,NA,NA,"<= day","daily",NA,1,TRUE
"2016-01-08",247.867,FALSE,NA,NA,"<= day","daily",NA,1,TRUE
"2016-01-09",248.467,FALSE,NA,NA,"<= day","daily",NA,1,TRUE
"2016-01-10",248.567,FALSE,NA,NA,"<= day","daily",NA,1,TRUE
"2016-01-11",250.167,FALSE,NA,NA,"<= day","daily",NA,1,TRUE
"2016-01-12",249.433,FALSE,NA,NA,"<= day","daily",NA,1,TRUE
"2016-01-13",248.4,FALSE,NA,NA,"<= day","daily",NA,1,TRUE
"2016-01-14",247.167,FALSE,NA,NA,"<= day","daily",NA,1,TRUE
"2016-01-15",246.033,FALSE,NA,NA,"<= day","daily",NA,1,TRUE
"2016-01-16",245.5,FALSE,NA,NA,"<= day","daily",NA,1,TRUE
"2016-01-17",244.7,FALSE,NA,NA,"<= day","daily",NA,1,TRUE
"2016-01-18",244.2,FALSE,NA,NA,"<= day","daily",NA,1,TRUE
"2016-01-19",244.167,FALSE,NA,NA,"<= day","daily",NA,1,TRUE
"2016-01-20",244.267,FALSE,NA,NA,"<= day","daily",NA,1,TRUE
"2016-01-21",243.5,FALSE,NA,NA,"<= day","daily",NA,1,TRUE
"2016-01-22",243.7,FALSE,NA,NA,"<= day","daily",NA,1,TRUE
"2016-01-23",243.333,FALSE,NA,NA,"<= day","daily",NA,1,TRUE
"2016-01-24",243.067,FALSE,NA,NA,"<= day","daily",NA,1,TRUE
"2016-01-25",243.533,FALSE,NA,NA,"<= day","daily",NA,1,TRUE
"2016-01-26",243.667,FALSE,NA,NA,"<= day","daily",NA,1,TRUE
"2016-01-27",243.8,FALSE,NA,NA,"<= day","daily",NA,1,TRUE
"2016-01-28",244.133,FALSE,NA,NA,"<= day","daily",NA,1,TRUE
"2016-01-29",245.367,FALSE,NA,NA,"<= day","daily",NA,1,TRUE
"2016-01-30",246.167,FALSE,NA,NA,"<= day","daily",NA,1,TRUE
"2016-01-31",256.275,FALSE,NA,NA,"<= day","daily",NA,1,TRUE
"2016-02-01",270.779,FALSE,NA,NA,"<= day","daily",NA,1,TRUE
"2016-02-02",261.767,FALSE,NA,NA,"<= day","daily",NA,1,TRUE
"2016-02-03",258.3,FALSE,NA,NA,"<= day","daily",NA,1,TRUE
"2016-02-04",256.675,FALSE,NA,NA,"<= day","daily",NA,1,TRUE
"2016-02-05",260.121,FALSE,NA,NA,"<= day","daily",NA,1,TRUE
"2016-02-06",257.65,FALSE,NA,NA,"<= day","daily",NA,1,TRUE
"2016-02-07",256.783,FALSE,NA,NA,"<= day","daily",NA,1,TRUE
"2016-02-08",256.85,FALSE,NA,NA,"<= day","daily",NA,1,TRUE
"2016-02-09",256.575,FALSE,NA,NA,"<= day","daily",NA,1,TRUE
"2016-02-10",255.45,FALSE,NA,NA,"<= day","daily",NA,1,TRUE
"2016-02-11",254.233,FALSE,NA,NA,"<= day","daily",NA,1,TRUE
"2016-02-12",254.2,FALSE,NA,NA,"<= day","daily",NA,1,TRUE
"2016-02-13",254.267,FALSE,NA,NA,"<= day","daily",NA,1,TRUE
"2016-02-14",253.9,FALSE,NA,NA,"<= day","daily",NA,1,TRUE
"2016-02-15",253.367,FALSE,NA,NA,"<= day","daily",NA,1,TRUE
"2016-02-16",253.067,FALSE,NA,NA,"<= day","daily",NA,1,TRUE
"2016-02-17",252.833,FALSE,NA,NA,"<= day","daily",NA,1,TRUE
"2016-02-18",251.933,FALSE,NA,NA,"<= day","daily",NA,1,TRUE
"2016-02-19",251.5,FALSE,NA,NA,"<= day","daily",NA,1,TRUE
"2016-02-20",250.933,FALSE,NA,NA,"<= day","daily",NA,1,TRUE
"2016-02-21",261.458,FALSE,NA,NA,"<= day","daily",NA,1,TRUE
"2016-02-22",261.392,FALSE,NA,NA,"<= day","daily",NA,1,TRUE
"2016-02-23",259.925,FALSE,NA,NA,"<= day","daily",NA,1,TRUE
"2016-02-24",258.696,FALSE,NA,NA,"<= day","daily",NA,1,TRUE
"2016-02-25",257.658,FALSE,NA,NA,"<= day","daily",NA,1,TRUE
"2016-02-26",256.467,FALSE,NA,NA,"<= day","daily",NA,1,TRUE
"2016-02-27",255.575,FALSE,NA,NA,"<= day","daily",NA,1,TRUE
"2016-02-28",254.833,FALSE,NA,NA,"<= day","daily",NA,1,TRUE
"2016-02-29",254.9,FALSE,NA,NA,"<= day","daily",NA,1,TRUE
"2016-03-01",254.5,FALSE,NA,NA,"<= day","daily",NA,1,TRUE
"2016-03-02",254.912,FALSE,NA,NA,"<= day","daily",NA,1,TRUE
"2016-03-03",254.467,FALSE,NA,NA,"<= day","daily",NA,1,TRUE
"2016-03-04",253.967,FALSE,NA,NA,"<= day","daily",NA,1,TRUE
"2016-03-05",254.333,FALSE,NA,NA,"<= day","daily",NA,1,TRUE
"2016-03-06",253.767,FALSE,NA,NA,"<= day","daily",NA,1,TRUE
"2016-03-07",253.233,FALSE,NA,NA,"<= day","daily",NA,1,TRUE
"2016-03-08",252.6,FALSE,NA,NA,"<= day","daily",NA,1,TRUE
"2016-03-09",252.033,FALSE,NA,NA,"<= day","daily",NA,1,TRUE
"2016-03-10",251.2,FALSE,NA,NA,"<= day","daily",NA,1,TRUE
"2016-03-11",250.933,FALSE,NA,NA,"<= day","daily",NA,1,TRUE
"2016-03-12",250.367,FALSE,NA,NA,"<= day","daily",NA,1,TRUE
"2016-03-13",250.533,FALSE,NA,NA,"<= day","daily",NA,1,TRUE
"2016-03-14",250.267,FALSE,NA,NA,"<= day","daily",NA,1,TRUE
"2016-03-15",249.367,FALSE,NA,NA,"<= day","daily",NA,1,TRUE
"2016-03-16",248.9,FALSE,NA,NA,"<= day","daily",NA,1,TRUE
"2016-03-17",248.8,FALSE,NA,NA,"<= day","daily",NA,1,TRUE
"2016-03-18",248.333,FALSE,NA,NA,"<= day","daily",NA,1,TRUE
"2016-03-19",248.333,FALSE,NA,NA,"<= day","daily",NA,1,TRUE
"2016-03-20",248.833,FALSE,NA,NA,"<= day","daily",NA,1,TRUE
"2016-03-21",248.867,FALSE,NA,NA,"<= day","daily",NA,1,TRUE
"2016-03-22",248.9,FALSE,NA,NA,"<= day","daily",NA,1,TRUE
"2016-03-23",248.733,FALSE,NA,NA,"<= day","daily",NA,1,TRUE
"2016-03-24",248.333,FALSE,NA,NA,"<= day","daily",NA,1,TRUE
"2016-03-25",247.867,FALSE,NA,NA,"<= day","daily",NA,1,TRUE
"2016-03-26",249.7,FALSE,NA,NA,"<= day","daily",NA,1,TRUE
"2016-03-27",249.367,FALSE,NA,NA,"<= day","daily",NA,1,TRUE
"2016-03-28",248.7,FALSE,NA,NA,"<= day","daily",NA,1,TRUE
"2016-03-29",249.433,FALSE,NA,NA,"<= day","daily",NA,1,TRUE
"2016-03-30",249.4,FALSE,NA,NA,"<= day","daily",NA,1,TRUE
"2016-03-31",251.367,FALSE,NA,NA,"<= day","daily",NA,1,TRUE
"2016-04-01",253.033,FALSE,NA,NA,"<= day","daily",NA,1,TRUE
"2016-04-02",254.8,FALSE,NA,NA,"<= day","daily",NA,1,TRUE
"2016-04-03",256.392,FALSE,NA,NA,"<= day","daily",NA,1,TRUE
"2016-04-04",258.433,FALSE,NA,NA,"<= day","daily",NA,1,TRUE
"2016-04-05",260.458,FALSE,NA,NA,"<= day","daily",NA,1,TRUE
"2016-04-06",261.429,FALSE,NA,NA,"<= day","daily",NA,1,TRUE
"2016-04-07",261.696,FALSE,NA,NA,"<= day","daily",NA,1,TRUE
"2016-04-08",262.175,FALSE,NA,NA,"<= day","daily",NA,1,TRUE
"2016-04-09",261.733,FALSE,NA,NA,"<= day","daily",NA,1,TRUE
"2016-04-10",261.9,FALSE,NA,NA,"<= day","daily",NA,1,TRUE
"2016-04-11",261.762,FALSE,NA,NA,"<= day","daily",NA,1,TRUE
"2016-04-12",262.233,FALSE,NA,NA,"<= day","daily",NA,1,TRUE
"2016-04-13",262.883,FALSE,NA,NA,"<= day","daily",NA,1,TRUE
"2016-04-14",263.379,FALSE,NA,NA,"<= day","daily",NA,1,TRUE
"2016-04-15",263.096,FALSE,NA,NA,"<= day","daily",NA,1,TRUE
"2016-04-16",263.667,FALSE,NA,NA,"<= day","daily",NA,1,TRUE
"2016-04-17",265.117,FALSE,NA,NA,"<= day","daily",NA,1,TRUE
"2016-04-18",268.975,FALSE,NA,NA,"<= day","daily",NA,1,TRUE
"2016-04-19",268.583,FALSE,NA,NA,"<= day","daily",NA,1,TRUE
"2016-04-20",268.413,FALSE,NA,NA,"<= day","daily",NA,1,TRUE
"2016-04-21",268.413,FALSE,NA,NA,"<= day","daily",NA,1,TRUE
"2016-04-22",268.688,FALSE,NA,NA,"<= day","daily",NA,1,TRUE
"2016-04-23",269.421,FALSE,NA,NA,"<= day","daily",NA,1,TRUE
"2016-04-24",269.988,FALSE,NA,NA,"<= day","daily",NA,1,TRUE
"2016-04-25",269.388,FALSE,NA,NA,"<= day","daily",NA,1,TRUE
"2016-04-26",269.7,FALSE,NA,NA,"<= day","daily",NA,1,TRUE
"2016-04-27",269.071,FALSE,NA,NA,"<= day","daily",NA,1,TRUE
"2016-04-28",268.342,FALSE,NA,NA,"<= day","daily",NA,1,TRUE
"2016-04-29",268.142,FALSE,NA,NA,"<= day","daily",NA,1,TRUE
"2016-04-30",268.362,FALSE,NA,NA,"<= day","daily",NA,1,TRUE
"2016-05-01",269.138,FALSE,NA,NA,"<= day","daily",NA,1,TRUE
"2016-05-02",270.163,FALSE,NA,NA,"<= day","daily",NA,1,TRUE
"2016-05-03",271.396,FALSE,NA,NA,"<= day","daily",NA,1,TRUE
"2016-05-04",271.812,FALSE,NA,NA,"<= day","daily",NA,1,TRUE
"2016-05-05",271.292,FALSE,NA,NA,"<= day","daily",NA,1,TRUE
"2016-05-06",270.604,FALSE,NA,NA,"<= day","daily",NA,1,TRUE
"2016-05-07",271.158,FALSE,NA,NA,"<= day","daily",NA,1,TRUE
"2016-05-08",271.325,FALSE,NA,NA,"<= day","daily",NA,1,TRUE
"2016-05-09",271.758,FALSE,NA,NA,"<= day","daily",NA,1,TRUE
"2016-05-10",272.479,FALSE,NA,NA,"<= day","daily",NA,1,TRUE
"2016-05-11",272.479,FALSE,NA,NA,"<= day","daily",NA,1,TRUE
"2016-05-12",273.308,FALSE,NA,NA,"<= day","daily",NA,1,TRUE
"2016-05-13",274.621,FALSE,NA,NA,"<= day","daily",NA,1,TRUE
"2016-05-14",277.867,FALSE,NA,NA,"<= day","daily",NA,1,TRUE
"2016-05-15",278.675,FALSE,NA,NA,"<= day","daily",NA,1,TRUE
"2016-05-16",277.546,FALSE,NA,NA,"<= day","daily",NA,1,TRUE
"2016-05-17",277.608,FALSE,NA,NA,"<= day","daily",NA,1,TRUE
"2016-05-18",278.512,FALSE,NA,NA,"<= day","daily",NA,1,TRUE
"2016-05-19",279.012,FALSE,NA,NA,"<= day","daily",NA,1,TRUE
"2016-05-20",280.804,FALSE,NA,NA,"<= day","daily",NA,1,TRUE
"2016-05-21",282.125,FALSE,NA,NA,"<= day","daily",NA,1,TRUE
"2016-05-22",281.738,FALSE,NA,NA,"<= day","daily",NA,1,TRUE
"2016-05-23",282.95,FALSE,NA,NA,"<= day","daily",NA,1,TRUE
"2016-05-24",284.388,FALSE,NA,NA,"<= day","daily",NA,1,TRUE
"2016-05-25",285.633,FALSE,NA,NA,"<= day","daily",NA,1,TRUE
"2016-05-26",284.421,FALSE,NA,NA,"<= day","daily",NA,1,TRUE
"2016-05-27",283.538,FALSE,NA,NA,"<= day","daily",NA,1,TRUE
"2016-05-28",285.642,FALSE,NA,NA,"<= day","daily",NA,1,TRUE
"2016-05-29",286.879,FALSE,NA,NA,"<= day","daily",NA,1,TRUE
"2016-05-30",283.154,FALSE,NA,NA,"<= day","daily",NA,1,TRUE
"2016-05-31",282.096,FALSE,NA,NA,"<= day","daily",NA,1,TRUE
"2016-06-01",281.558,FALSE,NA,NA,"<= day","daily",NA,1,TRUE
"2016-06-02",281.771,FALSE,NA,NA,"<= day","daily",NA,1,TRUE
"2016-06-03",282.196,FALSE,NA,NA,"<= day","daily",NA,1,TRUE
"2016-06-04",282.379,FALSE,NA,NA,"<= day","daily",NA,1,TRUE
"2016-06-05",282.804,FALSE,NA,NA,"<= day","daily",NA,1,TRUE
"2016-06-06",283.971,FALSE,NA,NA,"<= day","daily",NA,1,TRUE
"2016-06-07",284.183,FALSE,NA,NA,"<= day","daily",NA,1,TRUE
"2016-06-08",284.25,FALSE,NA,NA,"<= day","daily",NA,1,TRUE
"2016-06-09",284.188,FALSE,NA,NA,"<= day","daily",NA,1,TRUE
"2016-06-10",284.854,FALSE,NA,NA,"<= day","daily",NA,1,TRUE
"2016-06-11",285.021,FALSE,NA,NA,"<= day","daily",NA,1,TRUE
"2016-06-12",285.638,FALSE,NA,NA,"<= day","daily",NA,1,TRUE
"2016-06-13",284.967,FALSE,NA,NA,"<= day","daily",NA,1,TRUE
"2016-06-14",285.771,FALSE,NA,NA,"<= day","daily",NA,1,TRUE
"2016-06-15",288.604,FALSE,NA,NA,"<= day","daily",NA,1,TRUE
"2016-06-16",289.525,FALSE,NA,NA,"<= day","daily",NA,1,TRUE
"2016-06-17",289.629,FALSE,NA,NA,"<= day","daily",NA,1,TRUE
"2016-06-18",289.6,FALSE,NA,NA,"<= day","daily",NA,1,TRUE
"2016-06-19",292.346,FALSE,NA,NA,"<= day","daily",NA,1,TRUE
"2016-06-20",293.204,FALSE,NA,NA,"<= day","daily",NA,1,TRUE
"2016-06-21",291.096,FALSE,NA,NA,"<= day","daily",NA,1,TRUE
"2016-06-22",290.546,FALSE,NA,NA,"<= day","daily",NA,1,TRUE
"2016-06-23",290.092,FALSE,NA,NA,"<= day","daily",NA,1,TRUE
"2016-06-24",289.075,FALSE,NA,NA,"<= day","daily",NA,1,TRUE
"2016-06-25",289.671,FALSE,NA,NA,"<= day","daily",NA,1,TRUE
"2016-06-26",288.542,FALSE,NA,NA,"<= day","daily",NA,1,TRUE
"2016-06-27",289.433,FALSE,NA,NA,"<= day","daily",NA,1,TRUE
"2016-06-28",289.321,FALSE,NA,NA,"<= day","daily",NA,1,TRUE
"2016-06-29",289.254,FALSE,NA,NA,"<= day","daily",NA,1,TRUE
"2016-06-30",288.754,FALSE,NA,NA,"<= day","daily",NA,1,TRUE
"2016-07-01",289.85,FALSE,NA,NA,"<= day","daily",NA,1,TRUE
"2016-07-02",290.175,FALSE,NA,NA,"<= day","daily",NA,1,TRUE
"2016-07-03",289.638,FALSE,NA,NA,"<= day","daily",NA,1,TRUE
"2016-07-04",289.183,FALSE,NA,NA,"<= day","daily",NA,1,TRUE
"2016-07-05",288.854,FALSE,NA,NA,"<= day","daily",NA,1,TRUE
"2016-07-06",287.504,FALSE,NA,NA,"<= day","daily",NA,1,TRUE
"2016-07-07",287.4,FALSE,NA,NA,"<= day","daily",NA,1,TRUE
"2016-07-08",286.842,FALSE,NA,NA,"<= day","daily",NA,1,TRUE
"2016-07-09",286.771,FALSE,NA,NA,"<= day","daily",NA,1,TRUE
"2016-07-10",286.558,FALSE,NA,NA,"<= day","daily",NA,1,TRUE
"2016-07-11",286.442,FALSE,NA,NA,"<= day","daily",NA,1,TRUE
"2016-07-12",291.354,FALSE,NA,NA,"<= day","daily",NA,1,TRUE
"2016-07-13",289.179,FALSE,NA,NA,"<= day","daily",NA,1,TRUE
"2016-07-14",296.408,FALSE,NA,NA,"<= day","daily",NA,1,TRUE
"2016-07-15",293.583,FALSE,NA,NA,"<= day","daily",NA,1,TRUE
"2016-07-16",291.233,FALSE,NA,NA,"<= day","daily",NA,1,TRUE
"2016-07-17",290.279,FALSE,NA,NA,"<= day","daily",NA,1,TRUE
"2016-07-18",289.742,FALSE,NA,NA,"<= day","daily",NA,1,TRUE
"2016-07-19",289.567,FALSE,NA,NA,"<= day","daily",NA,1,TRUE
"2016-07-20",289.275,FALSE,NA,NA,"<= day","daily",NA,1,TRUE
"2016-07-21",288.362,FALSE,NA,NA,"<= day","daily",NA,1,TRUE
"2016-07-22",290.692,FALSE,NA,NA,"<= day","daily",NA,1,TRUE
"2016-07-23",288.929,FALSE,NA,NA,"<= day","daily",NA,1,TRUE
"2016-07-24",288.704,FALSE,NA,NA,"<= day","daily",NA,1,TRUE
"2016-07-25",290.875,FALSE,NA,NA,"<= day","daily",NA,1,TRUE
"2016-07-26",289.138,FALSE,NA,NA,"<= day","daily",NA,1,TRUE
"2016-07-27",288.15,FALSE,NA,NA,"<= day","daily",NA,1,TRUE
"2016-07-28",288.967,FALSE,NA,NA,"<= day","daily",NA,1,TRUE
"2016-07-29",287.371,FALSE,NA,NA,"<= day","daily",NA,1,TRUE
"2016-07-30",286.871,FALSE,NA,NA,"<= day","daily",NA,1,TRUE
"2016-07-31",285.638,FALSE,NA,NA,"<= day","daily",NA,1,TRUE
"2016-08-01",284.529,FALSE,NA,NA,"<= day","daily",NA,1,TRUE
"2016-08-02",284.642,FALSE,NA,NA,"<= day","daily",NA,1,TRUE
"2016-08-03",284.279,FALSE,NA,NA,"<= day","daily",NA,1,TRUE
"2016-08-04",283.871,FALSE,NA,NA,"<= day","daily",NA,1,TRUE
"2016-08-05",288.042,FALSE,NA,NA,"<= day","daily",NA,1,TRUE
"2016-08-06",287.654,FALSE,NA,NA,"<= day","daily",NA,1,TRUE
"2016-08-07",287.15,FALSE,NA,NA,"<= day","daily",NA,1,TRUE
"2016-08-08",286.696,FALSE,NA,NA,"<= day","daily",NA,1,TRUE
"2016-08-09",288.596,FALSE,NA,NA,"<= day","daily",NA,1,TRUE
"2016-08-10",289.929,FALSE,NA,NA,"<= day","daily",NA,1,TRUE
"2016-08-11",288.942,FALSE,NA,NA,"<= day","daily",NA,1,TRUE
"2016-08-12",287.879,FALSE,NA,NA,"<= day","daily",NA,1,TRUE
"2016-08-13",288.217,FALSE,NA,NA,"<= day","daily",NA,1,TRUE
"2016-08-14",288.812,FALSE,NA,NA,"<= day","daily",NA,1,TRUE
"2016-08-15",288.817,FALSE,NA,NA,"<= day","daily",NA,1,TRUE
"2016-08-16",287.462,FALSE,NA,NA,"<= day","daily",NA,1,TRUE
"2016-08-17",286.742,FALSE,NA,NA,"<= day","daily",NA,1,TRUE
"2016-08-18",286.221,FALSE,NA,NA,"<= day","daily",NA,1,TRUE
"2016-08-19",285.975,FALSE,NA,NA,"<= day","daily",NA,1,TRUE
"2016-08-20",284.783,FALSE,NA,NA,"<= day","daily",NA,1,TRUE
"2016-08-21",285.508,FALSE,NA,NA,"<= day","daily",NA,1,TRUE
"2016-08-22",285.421,FALSE,NA,NA,"<= day","daily",NA,1,TRUE
"2016-08-23",284.871,FALSE,NA,NA,"<= day","daily",NA,1,TRUE
"2016-08-24",285.192,FALSE,NA,NA,"<= day","daily",NA,1,TRUE
"2016-08-25",285.521,FALSE,NA,NA,"<= day","daily",NA,1,TRUE
"2016-08-26",285.617,FALSE,NA,NA,"<= day","daily",NA,1,TRUE
"2016-08-27",285.104,FALSE,NA,NA,"<= day","daily",NA,1,TRUE
"2016-08-28",285.383,FALSE,NA,NA,"<= day","daily",NA,1,TRUE
"2016-08-29",284.529,FALSE,NA,NA,"<= day","daily",NA,1,TRUE
"2016-08-30",283.75,FALSE,NA,NA,"<= day","daily",NA,1,TRUE
"2016-08-31",284.071,FALSE,NA,NA,"<= day","daily",NA,1,TRUE
"2016-09-01",283.975,FALSE,NA,NA,"<= day","daily",NA,1,TRUE
"2016-09-02",283.433,FALSE,NA,NA,"<= day","daily",NA,1,TRUE
"2016-09-03",283.7,FALSE,NA,NA,"<= day","daily",NA,1,TRUE
"2016-09-04",283.579,FALSE,NA,NA,"<= day","daily",NA,1,TRUE
"2016-09-05",283.246,FALSE,NA,NA,"<= day","daily",NA,1,TRUE
"2016-09-06",283.483,FALSE,NA,NA,"<= day","daily",NA,1,TRUE
"2016-09-07",282.783,FALSE,NA,NA,"<= day","daily",NA,1,TRUE
"2016-09-08",283.633,FALSE,NA,NA,"<= day","daily",NA,1,TRUE
"2016-09-09",282.862,FALSE,NA,NA,"<= day","daily",NA,1,TRUE
"2016-09-10",283.646,FALSE,NA,NA,"<= day","daily",NA,1,TRUE
"2016-09-11",283.233,FALSE,NA,NA,"<= day","daily",NA,1,TRUE
"2016-09-12",283.721,FALSE,NA,NA,"<= day","daily",NA,1,TRUE
"2016-09-13",284.371,FALSE,NA,NA,"<= day","daily",NA,1,TRUE
"2016-09-14",284.725,FALSE,NA,NA,"<= day","daily",NA,1,TRUE
"2016-09-15",284.179,FALSE,NA,NA,"<= day","daily",NA,1,TRUE
"2016-09-16",284.654,FALSE,NA,NA,"<= day","daily",NA,1,TRUE
"2016-09-17",283.183,FALSE,NA,NA,"<= day","daily",NA,1,TRUE
"2016-09-18",283.971,FALSE,NA,NA,"<= day","daily",NA,1,TRUE
"2016-09-19",283.975,FALSE,NA,NA,"<= day","daily",NA,1,TRUE
"2016-09-20",283.854,FALSE,NA,NA,"<= day","daily",NA,1,TRUE
"2016-09-21",286.875,FALSE,NA,NA,"<= day","daily",NA,1,TRUE
"2016-09-22",286.058,FALSE,NA,NA,"<= day","daily",NA,1,TRUE
"2016-09-23",285.992,FALSE,NA,NA,"<= day","daily",NA,1,TRUE
"2016-09-24",285.988,FALSE,NA,NA,"<= day","daily",NA,1,TRUE
"2016-09-25",285.638,FALSE,NA,NA,"<= day","daily",NA,1,TRUE
"2016-09-26",286.904,FALSE,NA,NA,"<= day","daily",NA,1,TRUE
"2016-09-27",286.875,FALSE,NA,NA,"<= day","daily",NA,1,TRUE
"2016-09-28",286.271,FALSE,NA,NA,"<= day","daily",NA,1,TRUE
"2016-09-29",285.7,FALSE,NA,NA,"<= day","daily",NA,1,TRUE
"2016-09-30",285.913,FALSE,NA,NA,"<= day","daily",NA,1,TRUE
"2016-10-01",286.271,FALSE,NA,NA,"<= day","daily",NA,1,TRUE
"2016-10-02",286.129,FALSE,NA,NA,"<= day","daily",NA,1,TRUE
"2016-10-03",285.704,FALSE,NA,NA,"<= day","daily",NA,1,TRUE
"2016-10-04",285.246,FALSE,NA,NA,"<= day","daily",NA,1,TRUE
"2016-10-05",284.604,FALSE,NA,NA,"<= day","daily",NA,1,TRUE
"2016-10-06",284.354,FALSE,NA,NA,"<= day","daily",NA,1,TRUE
"2016-10-07",283.329,FALSE,NA,NA,"<= day","daily",NA,1,TRUE
"2016-10-08",283.438,FALSE,NA,NA,"<= day","daily",NA,1,TRUE
"2016-10-09",283.367,FALSE,NA,NA,"<= day","daily",NA,1,TRUE
"2016-10-10",283.087,FALSE,NA,NA,"<= day","daily",NA,1,TRUE
"2016-10-11",282.979,FALSE,NA,NA,"<= day","daily",NA,1,TRUE
"2016-10-12",282.021,FALSE,NA,NA,"<= day","daily",NA,1,TRUE
"2016-10-13",281.996,FALSE,NA,NA,"<= day","daily",NA,1,TRUE
"2016-10-14",281.454,FALSE,NA,NA,"<= day","daily",NA,1,TRUE
"2016-10-15",281.629,FALSE,NA,NA,"<= day","daily",NA,1,TRUE
"2016-10-16",281.096,FALSE,NA,NA,"<= day","daily",NA,1,TRUE
"2016-10-17",280.242,FALSE,NA,NA,"<= day","daily",NA,1,TRUE
"2016-10-18",280.133,FALSE,NA,NA,"<= day","daily",NA,1,TRUE
"2016-10-19",280.196,FALSE,NA,NA,"<= day","daily",NA,1,TRUE
"2016-10-20",280.133,FALSE,NA,NA,"<= day","daily",NA,1,TRUE
"2016-10-21",280.087,FALSE,NA,NA,"<= day","daily",NA,1,TRUE
"2016-10-22",279.954,FALSE,NA,NA,"<= day","daily",NA,1,TRUE
"2016-10-23",278.258,FALSE,NA,NA,"<= day","daily",NA,1,TRUE
"2016-10-24",276.021,FALSE,NA,NA,"<= day","daily",NA,1,TRUE
"2016-10-25",275.525,FALSE,NA,NA,"<= day","daily",NA,1,TRUE
"2016-10-26",275.779,FALSE,NA,NA,"<= day","daily",NA,1,TRUE
"2016-10-27",278.008,FALSE,NA,NA,"<= day","daily",NA,1,TRUE
"2016-10-28",277.592,FALSE,NA,NA,"<= day","daily",NA,1,TRUE
"2016-10-29",277.471,FALSE,NA,NA,"<= day","daily",NA,1,TRUE
"2016-10-30",278.15,FALSE,NA,NA,"<= day","daily",NA,1,TRUE
"2016-10-31",277.288,FALSE,NA,NA,"<= day","daily",NA,1,TRUE
"2016-11-01",277.125,FALSE,NA,NA,"<= day","daily",NA,1,TRUE
"2016-11-02",277.271,FALSE,NA,NA,"<= day","daily",NA,1,TRUE
"2016-11-03",277.117,FALSE,NA,NA,"<= day","daily",NA,1,TRUE
"2016-11-04",276.767,FALSE,NA,NA,"<= day","daily",NA,1,TRUE
"2016-11-05",276.654,FALSE,NA,NA,"<= day","daily",NA,1,TRUE
"2016-11-06",278.292,FALSE,NA,NA,"<= day","daily",NA,1,TRUE
"2016-11-07",277.471,FALSE,NA,NA,"<= day","daily",NA,1,TRUE
"2016-11-08",276.558,FALSE,NA,NA,"<= day","daily",NA,1,TRUE
"2016-11-09",276.517,FALSE,NA,NA,"<= day","daily",NA,1,TRUE
"2016-11-10",276.333,FALSE,NA,NA,"<= day","daily",NA,1,TRUE
"2016-11-11",276.442,FALSE,NA,NA,"<= day","daily",NA,1,TRUE
"2016-11-12",276.054,FALSE,NA,NA,"<= day","daily",NA,1,TRUE
"2016-11-13",275.246,FALSE,NA,NA,"<= day","daily",NA,1,TRUE
"2016-11-14",275.312,FALSE,NA,NA,"<= day","daily",NA,1,TRUE
"2016-11-15",275.233,FALSE,NA,NA,"<= day","daily",NA,1,TRUE
"2016-11-16",276.342,FALSE,NA,NA,"<= day","daily",NA,1,TRUE
"2016-11-17",277.9,FALSE,NA,NA,"<= day","daily",NA,1,TRUE
"2016-11-18",279.017,FALSE,NA,NA,"<= day","daily",NA,1,TRUE
"2016-11-19",278.783,FALSE,NA,NA,"<= day","daily",NA,1,TRUE
"2016-11-20",278.721,FALSE,NA,NA,"<= day","daily",NA,1,TRUE
"2016-11-21",279.254,FALSE,NA,NA,"<= day","daily",NA,1,TRUE
"2016-11-22",279.392,FALSE,NA,NA,"<= day","daily",NA,1,TRUE
"2016-11-23",278.825,FALSE,NA,NA,"<= day","daily",NA,1,TRUE
"2016-11-24",278.458,FALSE,NA,NA,"<= day","daily",NA,1,TRUE
"2016-11-25",278.783,FALSE,NA,NA,"<= day","daily",NA,1,TRUE
"2016-11-26",277.871,FALSE,NA,NA,"<= day","daily",NA,1,TRUE
"2016-11-27",277.908,FALSE,NA,NA,"<= day","daily",NA,1,TRUE
"2016-11-28",277.446,FALSE,NA,NA,"<= day","daily",NA,1,TRUE
"2016-11-29",276.279,FALSE,NA,NA,"<= day","daily",NA,1,TRUE
"2016-11-30",275.917,FALSE,NA,NA,"<= day","daily",NA,1,TRUE
"2016-12-01",276.304,FALSE,NA,NA,"<= day","daily",NA,1,TRUE
"2016-12-02",275.95,FALSE,NA,NA,"<= day","daily",NA,1,TRUE
"2016-12-03",275.7,FALSE,NA,NA,"<= day","daily",NA,1,TRUE
"2016-12-04",274.854,FALSE,NA,NA,"<= day","daily",NA,1,TRUE
"2016-12-05",274.292,FALSE,NA,NA,"<= day","daily",NA,1,TRUE
"2016-12-06",273.925,FALSE,NA,NA,"<= day","daily",NA,1,TRUE
"2016-12-07",274.108,FALSE,NA,NA,"<= day","daily",NA,1,TRUE
"2016-12-08",272.929,FALSE,NA,NA,"<= day","daily",NA,1,TRUE
"2016-12-09",273.042,FALSE,NA,NA,"<= day","daily",NA,1,TRUE
"2016-12-10",272.833,FALSE,NA,NA,"<= day","daily",NA,1,TRUE
"2016-12-11",272.962,FALSE,NA,NA,"<= day","daily",NA,1,TRUE
"2016-12-12",273.983,FALSE,NA,NA,"<= day","daily",NA,1,TRUE
"2016-12-13",270.917,FALSE,NA,NA,"<= day","daily",NA,1,TRUE
"2016-12-14",270.633,FALSE,NA,NA,"<= day","daily",NA,1,TRUE
"2016-12-15",269.896,FALSE,NA,NA,"<= day","daily",NA,1,TRUE
"2016-12-16",269.142,FALSE,NA,NA,"<= day","daily",NA,1,TRUE
"2016-12-17",267.7,FALSE,NA,NA,"<= day","daily",NA,1,TRUE
"2016-12-18",267.5,FALSE,NA,NA,"<= day","daily",NA,1,TRUE
"2016-12-19",267.233,FALSE,NA,NA,"<= day","daily",NA,1,TRUE
"2016-12-20",267.233,FALSE,NA,NA,"<= day","daily",NA,1,TRUE
"2016-12-21",266.196,FALSE,NA,NA,"<= day","daily",NA,1,TRUE
"2016-12-22",265.979,FALSE,NA,NA,"<= day","daily",NA,1,TRUE
"2016-12-23",265.108,FALSE,NA,NA,"<= day","daily",NA,1,TRUE
"2016-12-24",264.012,FALSE,NA,NA,"<= day","daily",NA,1,TRUE
"2016-12-25",266.542,FALSE,NA,NA,"<= day","daily",NA,1,TRUE
"2016-12-26",265.567,FALSE,NA,NA,"<= day","daily",NA,1,TRUE
"2016-12-27",265.125,FALSE,NA,NA,"<= day","daily",NA,1,TRUE
"2016-12-28",264.058,FALSE,NA,NA,"<= day","daily",NA,1,TRUE
"2016-12-29",262.683,FALSE,NA,NA,"<= day","daily",NA,1,TRUE
"2016-12-30",262.058,FALSE,NA,NA,"<= day","daily",NA,1,TRUE
"2016-12-31",262.138,FALSE,NA,NA,"<= day","daily",NA,1,TRUE
"2017-01-01",257.708,FALSE,NA,NA,"<= day","daily",NA,1,TRUE
"2017-01-02",257.308,FALSE,NA,NA,"<= day","daily",NA,1,TRUE
"2017-01-03",257.171,FALSE,NA,NA,"<= day","daily",NA,1,TRUE
"2017-01-04",257.296,FALSE,NA,NA,"<= day","daily",NA,1,TRUE
"2017-01-05",257.1,FALSE,NA,NA,"<= day","daily",NA,1,TRUE
"2017-01-06",255.167,FALSE,NA,NA,"<= day","daily",NA,1,TRUE
"2017-01-07",254.363,FALSE,NA,NA,"<= day","daily",NA,1,TRUE
"2017-01-08",255,FALSE,NA,NA,"<= day","daily",NA,1,TRUE
"2017-01-09",254.171,FALSE,NA,NA,"<= day","daily",NA,1,TRUE
"2017-01-10",254.342,FALSE,NA,NA,"<= day","daily",NA,1,TRUE
"2017-01-11",254.067,FALSE,NA,NA,"<= day","daily",NA,1,TRUE
"2017-01-12",250.625,FALSE,NA,NA,"<= day","daily",NA,1,TRUE
"2017-01-13",249.417,FALSE,NA,NA,"<= day","daily",NA,1,TRUE
"2017-01-14",254.467,FALSE,NA,NA,"<= day","daily",NA,1,TRUE
"2017-01-15",253.25,FALSE,NA,NA,"<= day","daily",NA,1,TRUE
"2017-01-16",252.733,FALSE,NA,NA,"<= day","daily",NA,1,TRUE
"2017-01-17",251.854,FALSE,NA,NA,"<= day","daily",NA,1,TRUE
"2017-01-18",251.067,FALSE,NA,NA,"<= day","daily",NA,1,TRUE
"2017-01-19",250.783,FALSE,NA,NA,"<= day","daily",NA,1,TRUE
"2017-01-20",251.296,FALSE,NA,NA,"<= day","daily",NA,1,TRUE
"2017-01-21",250.767,FALSE,NA,NA,"<= day","daily",NA,1,TRUE
"2017-01-22",250.692,FALSE,NA,NA,"<= day","daily",NA,1,TRUE
"2017-01-23",250.767,FALSE,NA,NA,"<= day","daily",NA,1,TRUE
"2017-01-24",249.958,FALSE,NA,NA,"<= day","daily",NA,1,TRUE
"2017-01-25",249.529,FALSE,NA,NA,"<= day","daily",NA,1,TRUE
"2017-01-26",249.1,FALSE,NA,NA,"<= day","daily",NA,1,TRUE
"2017-01-27",249.233,FALSE,NA,NA,"<= day","daily",NA,1,TRUE
"2017-01-28",248.767,FALSE,NA,NA,"<= day","daily",NA,1,TRUE
"2017-01-29",248.292,FALSE,NA,NA,"<= day","daily",NA,1,TRUE
"2017-01-30",248.088,FALSE,NA,NA,"<= day","daily",NA,1,TRUE
"2017-01-31",249.567,FALSE,NA,NA,"<= day","daily",NA,1,TRUE
"2017-02-01",249.208,FALSE,NA,NA,"<= day","daily",NA,1,TRUE
"2017-02-02",249.5,FALSE,NA,NA,"<= day","daily",NA,1,TRUE
"2017-02-03",250.096,FALSE,NA,NA,"<= day","daily",NA,1,TRUE
"2017-02-04",250.433,FALSE,NA,NA,"<= day","daily",NA,1,TRUE
"2017-02-05",250.929,FALSE,NA,NA,"<= day","daily",NA,1,TRUE
"2017-02-06",250.392,FALSE,NA,NA,"<= day","daily",NA,1,TRUE
"2017-02-07",249.338,FALSE,NA,NA,"<= day","daily",NA,1,TRUE
"2017-02-08",248.454,FALSE,NA,NA,"<= day","daily",NA,1,TRUE
"2017-02-09",247.667,FALSE,NA,NA,"<= day","daily",NA,1,TRUE
"2017-02-10",248.262,FALSE,NA,NA,"<= day","daily",NA,1,TRUE
"2017-02-11",247.863,FALSE,NA,NA,"<= day","daily",NA,1,TRUE
"2017-02-12",247.567,FALSE,NA,NA,"<= day","daily",NA,1,TRUE
"2017-02-13",246.396,FALSE,NA,NA,"<= day","daily",NA,1,TRUE
"2017-02-14",245.9,FALSE,NA,NA,"<= day","daily",NA,1,TRUE
"2017-02-15",245.658,FALSE,NA,NA,"<= day","daily",NA,1,TRUE
"2017-02-16",245.496,FALSE,NA,NA,"<= day","daily",NA,1,TRUE
"2017-02-17",246.3,FALSE,NA,NA,"<= day","daily",NA,1,TRUE
"2017-02-18",246.175,FALSE,NA,NA,"<= day","daily",NA,1,TRUE
"2017-02-19",245.9,FALSE,NA,NA,"<= day","daily",NA,1,TRUE
"2017-02-20",245.7,FALSE,NA,NA,"<= day","daily",NA,1,TRUE
"2017-02-21",255.037,FALSE,NA,NA,"<= day","daily",NA,1,TRUE
"2017-02-22",266.133,FALSE,NA,NA,"<= day","daily",NA,1,TRUE
"2017-02-23",258.171,FALSE,NA,NA,"<= day","daily",NA,1,TRUE
"2017-02-24",259.467,FALSE,NA,NA,"<= day","daily",NA,1,TRUE
"2017-02-25",255.412,FALSE,NA,NA,"<= day","daily",NA,1,TRUE
"2017-02-26",252.571,FALSE,NA,NA,"<= day","daily",NA,1,TRUE
"2017-02-27",251.408,FALSE,NA,NA,"<= day","daily",NA,1,TRUE
"2017-02-28",251.633,FALSE,NA,NA,"<= day","daily",NA,1,TRUE
"2017-03-01",250.908,FALSE,NA,NA,"<= day","daily",NA,1,TRUE
"2017-03-02",250.7,FALSE,NA,NA,"<= day","daily",NA,1,TRUE
"2017-03-03",249.908,FALSE,NA,NA,"<= day","daily",NA,1,TRUE
"2017-03-04",251.262,FALSE,NA,NA,"<= day","daily",NA,1,TRUE
"2017-03-05",250.033,FALSE,NA,NA,"<= day","daily",NA,1,TRUE
"2017-03-06",248.463,FALSE,NA,NA,"<= day","daily",NA,1,TRUE
"2017-03-07",248.267,FALSE,NA,NA,"<= day","daily",NA,1,TRUE
"2017-03-08",246.367,FALSE,NA,NA,"<= day","daily",NA,1,TRUE
"2017-03-09",259.983,FALSE,NA,NA,"<= day","daily",NA,1,TRUE
"2017-03-10",262.458,FALSE,NA,NA,"<= day","daily",NA,1,TRUE
"2017-03-11",254.183,FALSE,NA,NA,"<= day","daily",NA,1,TRUE
"2017-03-12",252.533,FALSE,NA,NA,"<= day","daily",NA,1,TRUE
"2017-03-13",250.533,FALSE,NA,NA,"<= day","daily",NA,1,TRUE
"2017-03-14",249.933,FALSE,NA,NA,"<= day","daily",NA,1,TRUE
"2017-03-15",248.133,FALSE,NA,NA,"<= day","daily",NA,1,TRUE
"2017-03-16",246.867,FALSE,NA,NA,"<= day","daily",NA,1,TRUE
"2017-03-17",247.767,FALSE,NA,NA,"<= day","daily",NA,1,TRUE
"2017-03-18",249.433,FALSE,NA,NA,"<= day","daily",NA,1,TRUE
"2017-03-19",265.021,FALSE,NA,NA,"<= day","daily",NA,1,TRUE
"2017-03-20",260.35,FALSE,NA,NA,"<= day","daily",NA,1,TRUE
"2017-03-21",257.988,FALSE,NA,NA,"<= day","daily",NA,1,TRUE
"2017-03-22",257.721,FALSE,NA,NA,"<= day","daily",NA,1,TRUE
"2017-03-23",256.142,FALSE,NA,NA,"<= day","daily",NA,1,TRUE
"2017-03-24",256.112,FALSE,NA,NA,"<= day","daily",NA,1,TRUE
"2017-03-25",256.775,FALSE,NA,NA,"<= day","daily",NA,1,TRUE
"2017-03-26",256.817,FALSE,NA,NA,"<= day","daily",NA,1,TRUE
"2017-03-27",256.012,FALSE,NA,NA,"<= day","daily",NA,1,TRUE
"2017-03-28",256.188,FALSE,NA,NA,"<= day","daily",NA,1,TRUE
"2017-03-29",256.7,FALSE,NA,NA,"<= day","daily",NA,1,TRUE
"2017-03-30",256.883,FALSE,NA,NA,"<= day","daily",NA,1,TRUE
"2017-03-31",257.271,FALSE,NA,NA,"<= day","daily",NA,1,TRUE
"2017-04-01",257.888,FALSE,NA,NA,"<= day","daily",NA,1,TRUE
"2017-04-02",258.475,FALSE,NA,NA,"<= day","daily",NA,1,TRUE
"2017-04-03",258.708,FALSE,NA,NA,"<= day","daily",NA,1,TRUE
"2017-04-04",258.871,FALSE,NA,NA,"<= day","daily",NA,1,TRUE
"2017-04-05",258.367,FALSE,NA,NA,"<= day","daily",NA,1,TRUE
"2017-04-06",258.5,FALSE,NA,NA,"<= day","daily",NA,1,TRUE
"2017-04-07",257.767,FALSE,NA,NA,"<= day","daily",NA,1,TRUE
"2017-04-08",257.621,FALSE,NA,NA,"<= day","daily",NA,1,TRUE
"2017-04-09",257.383,FALSE,NA,NA,"<= day","daily",NA,1,TRUE
"2017-04-10",257.575,FALSE,NA,NA,"<= day","daily",NA,1,TRUE
"2017-04-11",257.233,FALSE,NA,NA,"<= day","daily",NA,1,TRUE
"2017-04-12",257.158,FALSE,NA,NA,"<= day","daily",NA,1,TRUE
"2017-04-13",256.917,FALSE,NA,NA,"<= day","daily",NA,1,TRUE
"2017-04-14",257.225,FALSE,NA,NA,"<= day","daily",NA,1,TRUE
"2017-04-15",257.154,FALSE,NA,NA,"<= day","daily",NA,1,TRUE
"2017-04-16",258.942,FALSE,NA,NA,"<= day","daily",NA,1,TRUE
"2017-04-17",259.462,FALSE,NA,NA,"<= day","daily",NA,1,TRUE
"2017-04-18",260.117,FALSE,NA,NA,"<= day","daily",NA,1,TRUE
"2017-04-19",258.667,FALSE,NA,NA,"<= day","daily",NA,1,TRUE
"2017-04-20",257.413,FALSE,NA,NA,"<= day","daily",NA,1,TRUE
"2017-04-21",257.262,FALSE,NA,NA,"<= day","daily",NA,1,TRUE
"2017-04-22",258.346,FALSE,NA,NA,"<= day","daily",NA,1,TRUE
"2017-04-23",260.233,FALSE,NA,NA,"<= day","daily",NA,1,TRUE
"2017-04-24",258.967,FALSE,NA,NA,"<= day","daily",NA,1,TRUE
"2017-04-25",259.146,FALSE,NA,NA,"<= day","daily",NA,1,TRUE
"2017-04-26",259.904,FALSE,NA,NA,"<= day","daily",NA,1,TRUE
"2017-04-27",260.538,FALSE,NA,NA,"<= day","daily",NA,1,TRUE
"2017-04-28",261.158,FALSE,NA,NA,"<= day","daily",NA,1,TRUE
"2017-04-29",261.033,FALSE,NA,NA,"<= day","daily",NA,1,TRUE
"2017-04-30",260.896,FALSE,NA,NA,"<= day","daily",NA,1,TRUE
"2017-05-01",261.008,FALSE,NA,NA,"<= day","daily",NA,1,TRUE
"2017-05-02",261.917,FALSE,NA,NA,"<= day","daily",NA,1,TRUE
"2017-05-03",262.721,FALSE,NA,NA,"<= day","daily",NA,1,TRUE
"2017-05-04",263.442,FALSE,NA,NA,"<= day","daily",NA,1,TRUE
"2017-05-05",264.083,FALSE,NA,NA,"<= day","daily",NA,1,TRUE
"2017-05-06",264.325,FALSE,NA,NA,"<= day","daily",NA,1,TRUE
"2017-05-07",264.242,FALSE,NA,NA,"<= day","daily",NA,1,TRUE
"2017-05-08",267.254,FALSE,NA,NA,"<= day","daily",NA,1,TRUE
"2017-05-09",267.975,FALSE,NA,NA,"<= day","daily",NA,1,TRUE
"2017-05-10",268.154,FALSE,NA,NA,"<= day","daily",NA,1,TRUE
"2017-05-11",267.971,FALSE,NA,NA,"<= day","daily",NA,1,TRUE
"2017-05-12",269.325,FALSE,NA,NA,"<= day","daily",NA,1,TRUE
"2017-05-13",268.254,FALSE,NA,NA,"<= day","daily",NA,1,TRUE
"2017-05-14",268.958,FALSE,NA,NA,"<= day","daily",NA,1,TRUE
"2017-05-15",269.075,FALSE,NA,NA,"<= day","daily",NA,1,TRUE
"2017-05-16",269.642,FALSE,NA,NA,"<= day","daily",NA,1,TRUE
"2017-05-17",269.975,FALSE,NA,NA,"<= day","daily",NA,1,TRUE
"2017-05-18",270.121,FALSE,NA,NA,"<= day","daily",NA,1,TRUE
"2017-05-19",270.496,FALSE,NA,NA,"<= day","daily",NA,1,TRUE
"2017-05-20",270.204,FALSE,NA,NA,"<= day","daily",NA,1,TRUE
"2017-05-21",270.5,FALSE,NA,NA,"<= day","daily",NA,1,TRUE
"2017-05-22",270.471,FALSE,NA,NA,"<= day","daily",NA,1,TRUE
"2017-05-23",271.262,FALSE,NA,NA,"<= day","daily",NA,1,TRUE
"2017-05-24",270.883,FALSE,NA,NA,"<= day","daily",NA,1,TRUE
"2017-05-25",269.979,FALSE,NA,NA,"<= day","daily",NA,1,TRUE
"2017-05-26",270.888,FALSE,NA,NA,"<= day","daily",NA,1,TRUE
"2017-05-27",272.292,FALSE,NA,NA,"<= day","daily",NA,1,TRUE
"2017-05-28",272.567,FALSE,NA,NA,"<= day","daily",NA,1,TRUE
"2017-05-29",271.108,FALSE,NA,NA,"<= day","daily",NA,1,TRUE
"2017-05-30",269.788,FALSE,NA,NA,"<= day","daily",NA,1,TRUE
"2017-05-31",269.775,FALSE,NA,NA,"<= day","daily",NA,1,TRUE
"2017-06-01",269.442,FALSE,NA,NA,"<= day","daily",NA,1,TRUE
"2017-06-02",270.054,FALSE,NA,NA,"<= day","daily",NA,1,TRUE
"2017-06-03",270.025,FALSE,NA,NA,"<= day","daily",NA,1,TRUE
"2017-06-04",270.492,FALSE,NA,NA,"<= day","daily",NA,1,TRUE
"2017-06-05",270.621,FALSE,NA,NA,"<= day","daily",NA,1,TRUE
"2017-06-06",270.733,FALSE,NA,NA,"<= day","daily",NA,1,TRUE
"2017-06-07",270.312,FALSE,NA,NA,"<= day","daily",NA,1,TRUE
"2017-06-08",271.183,FALSE,NA,NA,"<= day","daily",NA,1,TRUE
"2017-06-09",270.554,FALSE,NA,NA,"<= day","daily",NA,1,TRUE
"2017-06-10",271.254,FALSE,NA,NA,"<= day","daily",NA,1,TRUE
"2017-06-11",271.521,FALSE,NA,NA,"<= day","daily",NA,1,TRUE
"2017-06-12",271.75,FALSE,NA,NA,"<= day","daily",NA,1,TRUE
"2017-06-13",272.95,FALSE,NA,NA,"<= day","daily",NA,1,TRUE
"2017-06-14",272.337,FALSE,NA,NA,"<= day","daily",NA,1,TRUE
"2017-06-15",272.283,FALSE,NA,NA,"<= day","daily",NA,1,TRUE
"2017-06-16",271.679,FALSE,NA,NA,"<= day","daily",NA,1,TRUE
"2017-06-17",271.421,FALSE,NA,NA,"<= day","daily",NA,1,TRUE
"2017-06-18",272.862,FALSE,NA,NA,"<= day","daily",NA,1,TRUE
"2017-06-19",273.267,FALSE,NA,NA,"<= day","daily",NA,1,TRUE
"2017-06-20",273.837,FALSE,NA,NA,"<= day","daily",NA,1,TRUE
"2017-06-21",275.775,FALSE,NA,NA,"<= day","daily",NA,1,TRUE
"2017-06-22",275.475,FALSE,NA,NA,"<= day","daily",NA,1,TRUE
"2017-06-23",276.096,FALSE,NA,NA,"<= day","daily",NA,1,TRUE
"2017-06-24",276.292,FALSE,NA,NA,"<= day","daily",NA,1,TRUE
"2017-06-25",276.375,FALSE,NA,NA,"<= day","daily",NA,1,TRUE
"2017-06-26",276.917,FALSE,NA,NA,"<= day","daily",NA,1,TRUE
"2017-06-27",277.512,FALSE,NA,NA,"<= day","daily",NA,1,TRUE
"2017-06-28",277.533,FALSE,NA,NA,"<= day","daily",NA,1,TRUE
"2017-06-29",275.104,FALSE,NA,NA,"<= day","daily",NA,1,TRUE
"2017-06-30",276.85,FALSE,NA,NA,"<= day","daily",NA,1,TRUE
"2017-07-01",276.908,FALSE,NA,NA,"<= day","daily",NA,1,TRUE
"2017-07-02",277.604,FALSE,NA,NA,"<= day","daily",NA,1,TRUE
"2017-07-03",279.396,FALSE,NA,NA,"<= day","daily",NA,1,TRUE
"2017-07-04",279.067,FALSE,NA,NA,"<= day","daily",NA,1,TRUE
"2017-07-05",279.783,FALSE,NA,NA,"<= day","daily",NA,1,TRUE
"2017-07-06",279.275,FALSE,NA,NA,"<= day","daily",NA,1,TRUE
"2017-07-07",278.938,FALSE,NA,NA,"<= day","daily",NA,1,TRUE
"2017-07-08",279.913,FALSE,NA,NA,"<= day","daily",NA,1,TRUE
"2017-07-09",279.746,FALSE,NA,NA,"<= day","daily",NA,1,TRUE
"2017-07-10",279.629,FALSE,NA,NA,"<= day","daily",NA,1,TRUE
"2017-07-11",280.433,FALSE,NA,NA,"<= day","daily",NA,1,TRUE
"2017-07-12",280.204,FALSE,NA,NA,"<= day","daily",NA,1,TRUE
"2017-07-13",279.442,FALSE,NA,NA,"<= day","daily",NA,1,TRUE
"2017-07-14",279.2,FALSE,NA,NA,"<= day","daily",NA,1,TRUE
"2017-07-15",279.583,FALSE,NA,NA,"<= day","daily",NA,1,TRUE
"2017-07-16",279.212,FALSE,NA,NA,"<= day","daily",NA,1,TRUE
"2017-07-17",278.629,FALSE,NA,NA,"<= day","daily",NA,1,TRUE
"2017-07-18",278.283,FALSE,NA,NA,"<= day","daily",NA,1,TRUE
"2017-07-19",278.121,FALSE,NA,NA,"<= day","daily",NA,1,TRUE
"2017-07-20",279.675,FALSE,NA,NA,"<= day","daily",NA,1,TRUE
"2017-07-21",280.467,FALSE,NA,NA,"<= day","daily",NA,1,TRUE
"2017-07-22",281.379,FALSE,NA,NA,"<= day","daily",NA,1,TRUE
"2017-07-23",280.342,FALSE,NA,NA,"<= day","daily",NA,1,TRUE
"2017-07-24",284.708,FALSE,NA,NA,"<= day","daily",NA,1,TRUE
"2017-07-25",285.646,FALSE,NA,NA,"<= day","daily",NA,1,TRUE
"2017-07-26",298.558,FALSE,NA,NA,"<= day","daily",NA,1,TRUE
"2017-07-27",301.571,FALSE,NA,NA,"<= day","daily",NA,1,TRUE
"2017-07-28",294.425,FALSE,NA,NA,"<= day","daily",NA,1,TRUE
"2017-07-29",292.142,FALSE,NA,NA,"<= day","daily",NA,1,TRUE
"2017-07-30",291,FALSE,NA,NA,"<= day","daily",NA,1,TRUE
"2017-07-31",290.8,FALSE,NA,NA,"<= day","daily",NA,1,TRUE
"2017-08-01",290.413,FALSE,NA,NA,"<= day","daily",NA,1,TRUE
"2017-08-02",289.738,FALSE,NA,NA,"<= day","daily",NA,1,TRUE
"2017-08-03",289.488,FALSE,NA,NA,"<= day","daily",NA,1,TRUE
"2017-08-04",288.467,FALSE,NA,NA,"<= day","daily",NA,1,TRUE
"2017-08-05",287.962,FALSE,NA,NA,"<= day","daily",NA,1,TRUE
"2017-08-06",291.408,FALSE,NA,NA,"<= day","daily",NA,1,TRUE
"2017-08-07",287.408,FALSE,NA,NA,"<= day","daily",NA,1,TRUE
"2017-08-08",285.738,FALSE,NA,NA,"<= day","daily",NA,1,TRUE
"2017-08-09",284.646,FALSE,NA,NA,"<= day","daily",NA,1,TRUE
"2017-08-10",282.758,FALSE,NA,NA,"<= day","daily",NA,1,TRUE
"2017-08-11",283.371,FALSE,NA,NA,"<= day","daily",NA,1,TRUE
"2017-08-12",284.042,FALSE,NA,NA,"<= day","daily",NA,1,TRUE
"2017-08-13",282.758,FALSE,NA,NA,"<= day","daily",NA,1,TRUE
"2017-08-14",283.017,FALSE,NA,NA,"<= day","daily",NA,1,TRUE
"2017-08-15",282.3,FALSE,NA,NA,"<= day","daily",NA,1,TRUE
"2017-08-16",281.704,FALSE,NA,NA,"<= day","daily",NA,1,TRUE
"2017-08-17",280.65,FALSE,NA,NA,"<= day","daily",NA,1,TRUE
"2017-08-18",281.062,FALSE,NA,NA,"<= day","daily",NA,1,TRUE
"2017-08-19",283.004,FALSE,NA,NA,"<= day","daily",NA,1,TRUE
"2017-08-20",283.621,FALSE,NA,NA,"<= day","daily",NA,1,TRUE
"2017-08-21",283.267,FALSE,NA,NA,"<= day","daily",NA,1,TRUE
"2017-08-22",282.792,FALSE,NA,NA,"<= day","daily",NA,1,TRUE
"2017-08-23",282.908,FALSE,NA,NA,"<= day","daily",NA,1,TRUE
"2017-08-24",282.804,FALSE,NA,NA,"<= day","daily",NA,1,TRUE
"2017-08-25",281.346,FALSE,NA,NA,"<= day","daily",NA,1,TRUE
"2017-08-26",281.204,FALSE,NA,NA,"<= day","daily",NA,1,TRUE
"2017-08-27",280.017,FALSE,NA,NA,"<= day","daily",NA,1,TRUE
"2017-08-28",281.663,FALSE,NA,NA,"<= day","daily",NA,1,TRUE
"2017-08-29",281.238,FALSE,NA,NA,"<= day","daily",NA,1,TRUE
"2017-08-30",281.138,FALSE,NA,NA,"<= day","daily",NA,1,TRUE
"2017-08-31",279.329,FALSE,NA,NA,"<= day","daily",NA,1,TRUE
"2017-09-01",280.05,FALSE,NA,NA,"<= day","daily",NA,1,TRUE
"2017-09-02",284.942,FALSE,NA,NA,"<= day","daily",NA,1,TRUE
"2017-09-03",293.717,FALSE,NA,NA,"<= day","daily",NA,1,TRUE
"2017-09-04",284.712,FALSE,NA,NA,"<= day","daily",NA,1,TRUE
"2017-09-05",282.008,FALSE,NA,NA,"<= day","daily",NA,1,TRUE
"2017-09-06",281.833,FALSE,NA,NA,"<= day","daily",NA,1,TRUE
"2017-09-07",280.163,FALSE,NA,NA,"<= day","daily",NA,1,TRUE
"2017-09-08",280.45,FALSE,NA,NA,"<= day","daily",NA,1,TRUE
"2017-09-09",280.488,FALSE,NA,NA,"<= day","daily",NA,1,TRUE
"2017-09-10",280.388,FALSE,NA,NA,"<= day","daily",NA,1,TRUE
"2017-09-11",280.45,FALSE,NA,NA,"<= day","daily",NA,1,TRUE
"2017-09-12",281.625,FALSE,NA,NA,"<= day","daily",NA,1,TRUE
"2017-09-13",281.95,FALSE,NA,NA,"<= day","daily",NA,1,TRUE
"2017-09-14",283.15,FALSE,NA,NA,"<= day","daily",NA,1,TRUE
"2017-09-15",282.554,FALSE,NA,NA,"<= day","daily",NA,1,TRUE
"2017-09-16",283.892,FALSE,NA,NA,"<= day","daily",NA,1,TRUE
"2017-09-17",284.254,FALSE,NA,NA,"<= day","daily",NA,1,TRUE
"2017-09-18",283.358,FALSE,NA,NA,"<= day","daily",NA,1,TRUE
"2017-09-19",286.837,FALSE,NA,NA,"<= day","daily",NA,1,TRUE
"2017-09-20",289.679,FALSE,NA,NA,"<= day","daily",NA,1,TRUE
"2017-09-21",289.938,FALSE,NA,NA,"<= day","daily",NA,1,TRUE
"2017-09-22",288.529,FALSE,NA,NA,"<= day","daily",NA,1,TRUE
"2017-09-23",286.596,FALSE,NA,NA,"<= day","daily",NA,1,TRUE
"2017-09-24",286.167,FALSE,NA,NA,"<= day","daily",NA,1,TRUE
"2017-09-25",285.208,FALSE,NA,NA,"<= day","daily",NA,1,TRUE
"2017-09-26",284.675,FALSE,NA,NA,"<= day","daily",NA,1,TRUE
"2017-09-27",284.75,FALSE,NA,NA,"<= day","daily",NA,1,TRUE
"2017-09-28",284.479,FALSE,NA,NA,"<= day","daily",NA,1,TRUE
"2017-09-29",282.8,FALSE,NA,NA,"<= day","daily",NA,1,TRUE
"2017-09-30",281.975,FALSE,NA,NA,"<= day","daily",NA,1,TRUE
"2017-10-01",281.888,FALSE,NA,NA,"<= day","daily",NA,1,TRUE
"2017-10-02",281.55,FALSE,NA,NA,"<= day","daily",NA,1,TRUE
"2017-10-03",282,FALSE,NA,NA,"<= day","daily",NA,1,TRUE
"2017-10-04",281.529,FALSE,NA,NA,"<= day","daily",NA,1,TRUE
"2017-10-05",282.3,FALSE,NA,NA,"<= day","daily",NA,1,TRUE
"2017-10-06",282.913,FALSE,NA,NA,"<= day","daily",NA,1,TRUE
"2017-10-07",284.679,FALSE,NA,NA,"<= day","daily",NA,1,TRUE
"2017-10-08",284.871,FALSE,NA,NA,"<= day","daily",NA,1,TRUE
"2017-10-09",287.454,FALSE,NA,NA,"<= day","daily",NA,1,TRUE
"2017-10-10",286.896,FALSE,NA,NA,"<= day","daily",NA,1,TRUE
"2017-10-11",286.6,FALSE,NA,NA,"<= day","daily",NA,1,TRUE
"2017-10-12",286.158,FALSE,NA,NA,"<= day","daily",NA,1,TRUE
"2017-10-13",285.663,FALSE,NA,NA,"<= day","daily",NA,1,TRUE
"2017-10-14",284.692,FALSE,NA,NA,"<= day","daily",NA,1,TRUE
"2017-10-15",285.204,FALSE,NA,NA,"<= day","daily",NA,1,TRUE
"2017-10-16",284.617,FALSE,NA,NA,"<= day","daily",NA,1,TRUE
"2017-10-17",283.475,FALSE,NA,NA,"<= day","daily",NA,1,TRUE
"2017-10-18",283.529,FALSE,NA,NA,"<= day","daily",NA,1,TRUE
"2017-10-19",283.112,FALSE,NA,NA,"<= day","daily",NA,1,TRUE
"2017-10-20",283.017,FALSE,NA,NA,"<= day","daily",NA,1,TRUE
"2017-10-21",282.554,FALSE,NA,NA,"<= day","daily",NA,1,TRUE
"2017-10-22",282.65,FALSE,NA,NA,"<= day","daily",NA,1,TRUE
"2017-10-23",283.658,FALSE,NA,NA,"<= day","daily",NA,1,TRUE
"2017-10-24",283.479,FALSE,NA,NA,"<= day","daily",NA,1,TRUE
"2017-10-25",282.988,FALSE,NA,NA,"<= day","daily",NA,1,TRUE
"2017-10-26",284.258,FALSE,NA,NA,"<= day","daily",NA,1,TRUE
"2017-10-27",292.867,FALSE,NA,NA,"<= day","daily",NA,1,TRUE
"2017-10-28",291.792,FALSE,NA,NA,"<= day","daily",NA,1,TRUE
"2017-10-29",292.767,FALSE,NA,NA,"<= day","daily",NA,1,TRUE
"2017-10-30",288.396,FALSE,NA,NA,"<= day","daily",NA,1,TRUE
"2017-10-31",286.308,FALSE,NA,NA,"<= day","daily",NA,1,TRUE
"2017-11-01",285.075,FALSE,NA,NA,"<= day","daily",NA,1,TRUE
"2017-11-02",284.221,FALSE,NA,NA,"<= day","daily",NA,1,TRUE
"2017-11-03",284.712,FALSE,NA,NA,"<= day","daily",NA,1,TRUE
"2017-11-04",284.079,FALSE,NA,NA,"<= day","daily",NA,1,TRUE
"2017-11-05",285.571,FALSE,NA,NA,"<= day","daily",NA,1,TRUE
"2017-11-06",288.325,FALSE,NA,NA,"<= day","daily",NA,1,TRUE
"2017-11-07",287.837,FALSE,NA,NA,"<= day","daily",NA,1,TRUE
"2017-11-08",285.954,FALSE,NA,NA,"<= day","daily",NA,1,TRUE
"2017-11-09",284.538,FALSE,NA,NA,"<= day","daily",NA,1,TRUE
"2017-11-10",284.183,FALSE,NA,NA,"<= day","daily",NA,1,TRUE
"2017-11-11",284.496,FALSE,NA,NA,"<= day","daily",NA,1,TRUE
"2017-11-12",289.208,FALSE,NA,NA,"<= day","daily",NA,1,TRUE
"2017-11-13",290.596,FALSE,NA,NA,"<= day","daily",NA,1,TRUE
"2017-11-14",288.012,FALSE,NA,NA,"<= day","daily",NA,1,TRUE
"2017-11-15",285.633,FALSE,NA,NA,"<= day","daily",NA,1,TRUE
"2017-11-16",284.496,FALSE,NA,NA,"<= day","daily",NA,1,TRUE
"2017-11-17",283.862,FALSE,NA,NA,"<= day","daily",NA,1,TRUE
"2017-11-18",282.971,FALSE,NA,NA,"<= day","daily",NA,1,TRUE
"2017-11-19",282.388,FALSE,NA,NA,"<= day","daily",NA,1,TRUE
"2017-11-20",280.708,FALSE,NA,NA,"<= day","daily",NA,1,TRUE
"2017-11-21",281.025,FALSE,NA,NA,"<= day","daily",NA,1,TRUE
"2017-11-22",281.096,FALSE,NA,NA,"<= day","daily",NA,1,TRUE
"2017-11-23",279.95,FALSE,NA,NA,"<= day","daily",NA,1,TRUE
"2017-11-24",279.188,FALSE,NA,NA,"<= day","daily",NA,1,TRUE
"2017-11-25",279.183,FALSE,NA,NA,"<= day","daily",NA,1,TRUE
"2017-11-26",277.508,FALSE,NA,NA,"<= day","daily",NA,1,TRUE
"2017-11-27",276.492,FALSE,NA,NA,"<= day","daily",NA,1,TRUE
"2017-11-28",276.492,FALSE,NA,NA,"<= day","daily",NA,1,TRUE
"2017-11-29",275.042,FALSE,NA,NA,"<= day","daily",NA,1,TRUE
"2017-11-30",274.212,FALSE,NA,NA,"<= day","daily",NA,1,TRUE
"2017-12-01",274,FALSE,NA,NA,"<= day","daily",NA,1,TRUE
"2017-12-02",273.208,FALSE,NA,NA,"<= day","daily",NA,1,TRUE
"2017-12-03",272.208,FALSE,NA,NA,"<= day","daily",NA,1,TRUE
"2017-12-04",272.596,FALSE,NA,NA,"<= day","daily",NA,1,TRUE
"2017-12-05",273.775,FALSE,NA,NA,"<= day","daily",NA,1,TRUE
"2017-12-06",271.675,FALSE,NA,NA,"<= day","daily",NA,1,TRUE
"2017-12-07",271.042,FALSE,NA,NA,"<= day","daily",NA,1,TRUE
"2017-12-08",270.842,FALSE,NA,NA,"<= day","daily",NA,1,TRUE
"2017-12-09",269.883,FALSE,NA,NA,"<= day","daily",NA,1,TRUE
"2017-12-10",269.925,FALSE,NA,NA,"<= day","daily",NA,1,TRUE
"2017-12-11",267.938,FALSE,NA,NA,"<= day","daily",NA,1,TRUE
"2017-12-12",268.554,FALSE,NA,NA,"<= day","daily",NA,1,TRUE
"2017-12-13",266.454,FALSE,NA,NA,"<= day","daily",NA,1,TRUE
"2017-12-14",265.946,FALSE,NA,NA,"<= day","daily",NA,1,TRUE
"2017-12-15",265.642,FALSE,NA,NA,"<= day","daily",NA,1,TRUE
"2017-12-16",264.733,FALSE,NA,NA,"<= day","daily",NA,1,TRUE
"2017-12-17",263.283,FALSE,NA,NA,"<= day","daily",NA,1,TRUE
"2017-12-18",262.646,FALSE,NA,NA,"<= day","daily",NA,1,TRUE
"2017-12-19",261.967,FALSE,NA,NA,"<= day","daily",NA,1,TRUE
"2017-12-20",261.967,FALSE,NA,NA,"<= day","daily",NA,1,TRUE
"2017-12-21",261.358,FALSE,NA,NA,"<= day","daily",NA,1,TRUE
"2017-12-22",260.846,FALSE,NA,NA,"<= day","daily",NA,1,TRUE
"2017-12-23",261.6,FALSE,NA,NA,"<= day","daily",NA,1,TRUE
"2017-12-24",261.867,FALSE,NA,NA,"<= day","daily",NA,1,TRUE
"2017-12-25",260.471,FALSE,NA,NA,"<= day","daily",NA,1,TRUE
"2017-12-26",260.212,FALSE,NA,NA,"<= day","daily",NA,1,TRUE
"2017-12-27",260.3,FALSE,NA,NA,"<= day","daily",NA,1,TRUE
"2017-12-28",260.054,FALSE,NA,NA,"<= day","daily",NA,1,TRUE
"2017-12-29",259.071,FALSE,NA,NA,"<= day","daily",NA,1,TRUE
"2017-12-30",259.108,FALSE,NA,NA,"<= day","daily",NA,1,TRUE
"2017-12-31",259.871,FALSE,NA,NA,"<= day","daily",NA,1,TRUE
"2018-01-01",260.396,FALSE,NA,NA,"<= day","daily",NA,1,TRUE
"2018-01-02",260.283,FALSE,NA,NA,"<= day","daily",NA,1,TRUE
"2018-01-03",263.808,FALSE,NA,NA,"<= day","daily",NA,1,TRUE
"2018-01-04",266.292,FALSE,NA,NA,"<= day","daily",NA,1,TRUE
"2018-01-05",272.604,FALSE,NA,NA,"<= day","daily",NA,1,TRUE
"2018-01-06",265.296,FALSE,NA,NA,"<= day","daily",NA,1,TRUE
"2018-01-07",262.708,FALSE,NA,NA,"<= day","daily",NA,1,TRUE
"2018-01-08",260.95,FALSE,NA,NA,"<= day","daily",NA,1,TRUE
"2018-01-09",261.146,FALSE,NA,NA,"<= day","daily",NA,1,TRUE
"2018-01-10",262.333,FALSE,NA,NA,"<= day","daily",NA,1,TRUE
"2018-01-11",261.288,FALSE,NA,NA,"<= day","daily",NA,1,TRUE
"2018-01-12",260.292,FALSE,NA,NA,"<= day","daily",NA,1,TRUE
"2018-01-13",259.663,FALSE,NA,NA,"<= day","daily",NA,1,TRUE
"2018-01-14",259.621,FALSE,NA,NA,"<= day","daily",NA,1,TRUE
"2018-01-15",259.242,FALSE,NA,NA,"<= day","daily",NA,1,TRUE
"2018-01-16",259.733,FALSE,NA,NA,"<= day","daily",NA,1,TRUE
"2018-01-17",260.846,FALSE,NA,NA,"<= day","daily",NA,1,TRUE
"2018-01-18",259.183,FALSE,NA,NA,"<= day","daily",NA,1,TRUE
"2018-01-19",264.762,FALSE,NA,NA,"<= day","daily",NA,1,TRUE
"2018-01-20",260.671,FALSE,NA,NA,"<= day","daily",NA,1,TRUE
"2018-01-21",258.438,FALSE,NA,NA,"<= day","daily",NA,1,TRUE
"2018-01-22",258.154,FALSE,NA,NA,"<= day","daily",NA,1,TRUE
"2018-01-23",259.554,FALSE,NA,NA,"<= day","daily",NA,1,TRUE
"2018-01-24",257.65,FALSE,NA,NA,"<= day","daily",NA,1,TRUE
"2018-01-25",256.683,FALSE,NA,NA,"<= day","daily",NA,1,TRUE
"2018-01-26",255.775,FALSE,NA,NA,"<= day","daily",NA,1,TRUE
"2018-01-27",255.379,FALSE,NA,NA,"<= day","daily",NA,1,TRUE
"2018-01-28",254.733,FALSE,NA,NA,"<= day","daily",NA,1,TRUE
"2018-01-29",254.6,FALSE,NA,NA,"<= day","daily",NA,1,TRUE
"2018-01-30",254.6,FALSE,NA,NA,"<= day","daily",NA,1,TRUE
"2018-01-31",255.2,FALSE,NA,NA,"<= day","daily",NA,1,TRUE
"2018-02-01",255.033,FALSE,NA,NA,"<= day","daily",NA,1,TRUE
"2018-02-02",255.367,FALSE,NA,NA,"<= day","daily",NA,1,TRUE
"2018-02-03",254.933,FALSE,NA,NA,"<= day","daily",NA,1,TRUE
"2018-02-04",254.467,FALSE,NA,NA,"<= day","daily",NA,1,TRUE
"2018-02-05",253.933,FALSE,NA,NA,"<= day","daily",NA,1,TRUE
"2018-02-06",253.5,FALSE,NA,NA,"<= day","daily",NA,1,TRUE
"2018-02-07",253.767,FALSE,NA,NA,"<= day","daily",NA,1,TRUE
"2018-02-08",253.367,FALSE,NA,NA,"<= day","daily",NA,1,TRUE
"2018-02-09",252.933,FALSE,NA,NA,"<= day","daily",NA,1,TRUE
"2018-02-10",252.467,FALSE,NA,NA,"<= day","daily",NA,1,TRUE
"2018-02-11",252.567,FALSE,NA,NA,"<= day","daily",NA,1,TRUE
"2018-02-12",251.967,FALSE,NA,NA,"<= day","daily",NA,1,TRUE
"2018-02-13",251.7,FALSE,NA,NA,"<= day","daily",NA,1,TRUE
"2018-02-14",251.467,FALSE,NA,NA,"<= day","daily",NA,1,TRUE
"2018-02-15",250.833,FALSE,NA,NA,"<= day","daily",NA,1,TRUE
"2018-02-16",251.267,FALSE,NA,NA,"<= day","daily",NA,1,TRUE
"2018-02-17",251.367,FALSE,NA,NA,"<= day","daily",NA,1,TRUE
"2018-02-18",251.333,FALSE,NA,NA,"<= day","daily",NA,1,TRUE
"2018-02-19",250.967,FALSE,NA,NA,"<= day","daily",NA,1,TRUE
"2018-02-20",250.667,FALSE,NA,NA,"<= day","daily",NA,1,TRUE
"2018-02-21",250.567,FALSE,NA,NA,"<= day","daily",NA,1,TRUE
"2018-02-22",249.767,FALSE,NA,NA,"<= day","daily",NA,1,TRUE
"2018-02-23",249.267,FALSE,NA,NA,"<= day","daily",NA,1,TRUE
"2018-02-24",249.333,FALSE,NA,NA,"<= day","daily",NA,1,TRUE
"2018-02-25",249.033,FALSE,NA,NA,"<= day","daily",NA,1,TRUE
"2018-02-26",249,FALSE,NA,NA,"<= day","daily",NA,1,TRUE
"2018-02-27",248.333,FALSE,NA,NA,"<= day","daily",NA,1,TRUE
"2018-02-28",248.4,FALSE,NA,NA,"<= day","daily",NA,1,TRUE
"2018-03-01",248.633,FALSE,NA,NA,"<= day","daily",NA,1,TRUE
"2018-03-02",249.433,FALSE,NA,NA,"<= day","daily",NA,1,TRUE
"2018-03-03",249.667,FALSE,NA,NA,"<= day","daily",NA,1,TRUE
"2018-03-04",249.7,FALSE,NA,NA,"<= day","daily",NA,1,TRUE
"2018-03-05",249.5,FALSE,NA,NA,"<= day","daily",NA,1,TRUE
"2018-03-06",249.5,FALSE,NA,NA,"<= day","daily",NA,1,TRUE
"2018-03-07",249.567,FALSE,NA,NA,"<= day","daily",NA,1,TRUE
"2018-03-08",250.062,FALSE,NA,NA,"<= day","daily",NA,1,TRUE
"2018-03-09",250.562,FALSE,NA,NA,"<= day","daily",NA,1,TRUE
"2018-03-10",251.333,FALSE,NA,NA,"<= day","daily",NA,1,TRUE
"2018-03-11",251.767,FALSE,NA,NA,"<= day","daily",NA,1,TRUE
"2018-03-12",253.067,FALSE,NA,NA,"<= day","daily",NA,1,TRUE
"2018-03-13",253.7,FALSE,NA,NA,"<= day","daily",NA,1,TRUE
"2018-03-14",255.133,FALSE,NA,NA,"<= day","daily",NA,1,TRUE
"2018-03-15",254.767,FALSE,NA,NA,"<= day","daily",NA,1,TRUE
"2018-03-16",255.267,FALSE,NA,NA,"<= day","daily",NA,1,TRUE
"2018-03-17",254.8,FALSE,NA,NA,"<= day","daily",NA,1,TRUE
"2018-03-18",253.933,FALSE,NA,NA,"<= day","daily",NA,1,TRUE
"2018-03-19",253.3,FALSE,NA,NA,"<= day","daily",NA,1,TRUE
"2018-03-20",252.6,FALSE,NA,NA,"<= day","daily",NA,1,TRUE
"2018-03-21",252,FALSE,NA,NA,"<= day","daily",NA,1,TRUE
"2018-03-22",252.262,FALSE,NA,NA,"<= day","daily",NA,1,TRUE
"2018-03-23",252.333,FALSE,NA,NA,"<= day","daily",NA,1,TRUE
"2018-03-24",252.133,FALSE,NA,NA,"<= day","daily",NA,1,TRUE
"2018-03-25",252.2,FALSE,NA,NA,"<= day","daily",NA,1,TRUE
"2018-03-26",252.3,FALSE,NA,NA,"<= day","daily",NA,1,TRUE
"2018-03-27",252.933,FALSE,NA,NA,"<= day","daily",NA,1,TRUE
"2018-03-28",253.767,FALSE,NA,NA,"<= day","daily",NA,1,TRUE
"2018-03-29",254.1,FALSE,NA,NA,"<= day","daily",NA,1,TRUE
"2018-03-30",254.067,FALSE,NA,NA,"<= day","daily",NA,1,TRUE
"2018-03-31",254.567,FALSE,NA,NA,"<= day","daily",NA,1,TRUE
"2018-04-01",255.267,FALSE,NA,NA,"<= day","daily",NA,1,TRUE
"2018-04-02",254.733,FALSE,NA,NA,"<= day","daily",NA,1,TRUE
"2018-04-03",255.279,FALSE,NA,NA,"<= day","daily",NA,1,TRUE
"2018-04-04",257.571,FALSE,NA,NA,"<= day","daily",NA,1,TRUE
"2018-04-05",259.596,FALSE,NA,NA,"<= day","daily",NA,1,TRUE
"2018-04-06",259.721,FALSE,NA,NA,"<= day","daily",NA,1,TRUE
"2018-04-07",259.546,FALSE,NA,NA,"<= day","daily",NA,1,TRUE
"2018-04-08",260.421,FALSE,NA,NA,"<= day","daily",NA,1,TRUE
"2018-04-09",263.225,FALSE,NA,NA,"<= day","daily",NA,1,TRUE
"2018-04-10",264.579,FALSE,NA,NA,"<= day","daily",NA,1,TRUE
"2018-04-11",265.775,FALSE,NA,NA,"<= day","daily",NA,1,TRUE
"2018-04-12",267.696,FALSE,NA,NA,"<= day","daily",NA,1,TRUE
"2018-04-13",268.754,FALSE,NA,NA,"<= day","daily",NA,1,TRUE
"2018-04-14",269.008,FALSE,NA,NA,"<= day","daily",NA,1,TRUE
"2018-04-15",269.408,FALSE,NA,NA,"<= day","daily",NA,1,TRUE
"2018-04-16",270.754,FALSE,NA,NA,"<= day","daily",NA,1,TRUE
"2018-04-17",271.142,FALSE,NA,NA,"<= day","daily",NA,1,TRUE
"2018-04-18",272.592,FALSE,NA,NA,"<= day","daily",NA,1,TRUE
"2018-04-19",274.321,FALSE,NA,NA,"<= day","daily",NA,1,TRUE
"2018-04-20",276.4,FALSE,NA,NA,"<= day","daily",NA,1,TRUE
"2018-04-21",278.579,FALSE,NA,NA,"<= day","daily",NA,1,TRUE
"2018-04-22",280.492,FALSE,NA,NA,"<= day","daily",NA,1,TRUE
"2018-04-23",281.325,FALSE,NA,NA,"<= day","daily",NA,1,TRUE
"2018-04-24",282.867,FALSE,NA,NA,"<= day","daily",NA,1,TRUE
"2018-04-25",284.012,FALSE,NA,NA,"<= day","daily",NA,1,TRUE
"2018-04-26",284.508,FALSE,NA,NA,"<= day","daily",NA,1,TRUE
"2018-04-27",287.025,FALSE,NA,NA,"<= day","daily",NA,1,TRUE
"2018-04-28",288.438,FALSE,NA,NA,"<= day","daily",NA,1,TRUE
"2018-04-29",292.529,FALSE,NA,NA,"<= day","daily",NA,1,TRUE
"2018-04-30",292.1,FALSE,NA,NA,"<= day","daily",NA,1,TRUE
"2018-05-01",292.921,FALSE,NA,NA,"<= day","daily",NA,1,TRUE
"2018-05-02",292.488,FALSE,NA,NA,"<= day","daily",NA,1,TRUE
"2018-05-03",293.408,FALSE,NA,NA,"<= day","daily",NA,1,TRUE
"2018-05-04",293.133,FALSE,NA,NA,"<= day","daily",NA,1,TRUE
"2018-05-05",292.783,FALSE,NA,NA,"<= day","daily",NA,1,TRUE
"2018-05-06",296.033,FALSE,NA,NA,"<= day","daily",NA,1,TRUE
"2018-05-07",295.521,FALSE,NA,NA,"<= day","daily",NA,1,TRUE
"2018-05-08",296.275,FALSE,NA,NA,"<= day","daily",NA,1,TRUE
"2018-05-09",296.354,FALSE,NA,NA,"<= day","daily",NA,1,TRUE
"2018-05-10",296.471,FALSE,NA,NA,"<= day","daily",NA,1,TRUE
"2018-05-11",294.921,FALSE,NA,NA,"<= day","daily",NA,1,TRUE
"2018-05-12",295.413,FALSE,NA,NA,"<= day","daily",NA,1,TRUE
"2018-05-13",293.629,FALSE,NA,NA,"<= day","daily",NA,1,TRUE
"2018-05-14",291.15,FALSE,NA,NA,"<= day","daily",NA,1,TRUE
"2018-05-15",293.538,FALSE,NA,NA,"<= day","daily",NA,1,TRUE
"2018-05-16",292.638,FALSE,NA,NA,"<= day","daily",NA,1,TRUE
"2018-05-17",292.788,FALSE,NA,NA,"<= day","daily",NA,1,TRUE
"2018-05-18",292.879,FALSE,NA,NA,"<= day","daily",NA,1,TRUE
"2018-05-19",294.779,FALSE,NA,NA,"<= day","daily",NA,1,TRUE
"2018-05-20",291.188,FALSE,NA,NA,"<= day","daily",NA,1,TRUE
"2018-05-21",291.087,FALSE,NA,NA,"<= day","daily",NA,1,TRUE
"2018-05-22",292.138,FALSE,NA,NA,"<= day","daily",NA,1,TRUE
"2018-05-23",293.038,FALSE,NA,NA,"<= day","daily",NA,1,TRUE
"2018-05-24",292.154,FALSE,NA,NA,"<= day","daily",NA,1,TRUE
"2018-05-25",292.058,FALSE,NA,NA,"<= day","daily",NA,1,TRUE
"2018-05-26",292.692,FALSE,NA,NA,"<= day","daily",NA,1,TRUE
"2018-05-27",292.379,FALSE,NA,NA,"<= day","daily",NA,1,TRUE
"2018-05-28",292.496,FALSE,NA,NA,"<= day","daily",NA,1,TRUE
"2018-05-29",292.946,FALSE,NA,NA,"<= day","daily",NA,1,TRUE
"2018-05-30",294.163,FALSE,NA,NA,"<= day","daily",NA,1,TRUE
"2018-05-31",294.671,FALSE,NA,NA,"<= day","daily",NA,1,TRUE
"2018-06-01",294.304,FALSE,NA,NA,"<= day","daily",NA,1,TRUE
"2018-06-02",294.921,FALSE,NA,NA,"<= day","daily",NA,1,TRUE
"2018-06-03",294.246,FALSE,NA,NA,"<= day","daily",NA,1,TRUE
"2018-06-04",294.429,FALSE,NA,NA,"<= day","daily",NA,1,TRUE
"2018-06-05",294.05,FALSE,NA,NA,"<= day","daily",NA,1,TRUE
"2018-06-06",294.108,FALSE,NA,NA,"<= day","daily",NA,1,TRUE
"2018-06-07",292.929,FALSE,NA,NA,"<= day","daily",NA,1,TRUE
"2018-06-08",292.9,FALSE,NA,NA,"<= day","daily",NA,1,TRUE
"2018-06-09",292.142,FALSE,NA,NA,"<= day","daily",NA,1,TRUE
"2018-06-10",291.4,FALSE,NA,NA,"<= day","daily",NA,1,TRUE
"2018-06-11",292.604,FALSE,NA,NA,"<= day","daily",NA,1,TRUE
"2018-06-12",292.504,FALSE,NA,NA,"<= day","daily",NA,1,TRUE
"2018-06-13",294.625,FALSE,NA,NA,"<= day","daily",NA,1,TRUE
"2018-06-14",293.029,FALSE,NA,NA,"<= day","daily",NA,1,TRUE
"2018-06-15",293.417,FALSE,NA,NA,"<= day","daily",NA,1,TRUE
"2018-06-16",292.758,FALSE,NA,NA,"<= day","daily",NA,1,TRUE
"2018-06-17",292.275,FALSE,NA,NA,"<= day","daily",NA,1,TRUE
"2018-06-18",292.233,FALSE,NA,NA,"<= day","daily",NA,1,TRUE
"2018-06-19",291.446,FALSE,NA,NA,"<= day","daily",NA,1,TRUE
"2018-06-20",292.983,FALSE,NA,NA,"<= day","daily",NA,1,TRUE
"2018-06-21",293.092,FALSE,NA,NA,"<= day","daily",NA,1,TRUE
"2018-06-22",292.679,FALSE,NA,NA,"<= day","daily",NA,1,TRUE
"2018-06-23",292.288,FALSE,NA,NA,"<= day","daily",NA,1,TRUE
"2018-06-24",292.112,FALSE,NA,NA,"<= day","daily",NA,1,TRUE
"2018-06-25",291.767,FALSE,NA,NA,"<= day","daily",NA,1,TRUE
"2018-06-26",291.296,FALSE,NA,NA,"<= day","daily",NA,1,TRUE
"2018-06-27",291.429,FALSE,NA,NA,"<= day","daily",NA,1,TRUE
"2018-06-28",292.346,FALSE,NA,NA,"<= day","daily",NA,1,TRUE
"2018-06-29",293,FALSE,NA,NA,"<= day","daily",NA,1,TRUE
"2018-06-30",292.142,FALSE,NA,NA,"<= day","daily",NA,1,TRUE
"2018-07-01",290.796,FALSE,NA,NA,"<= day","daily",NA,1,TRUE
"2018-07-02",290.804,FALSE,NA,NA,"<= day","daily",NA,1,TRUE
"2018-07-03",291.333,FALSE,NA,NA,"<= day","daily",NA,1,TRUE
"2018-07-04",292.496,FALSE,NA,NA,"<= day","daily",NA,1,TRUE
"2018-07-05",292.154,FALSE,NA,NA,"<= day","daily",NA,1,TRUE
"2018-07-06",298.304,FALSE,NA,NA,"<= day","daily",NA,1,TRUE
"2018-07-07",301.746,FALSE,NA,NA,"<= day","daily",NA,1,TRUE
"2018-07-08",297.596,FALSE,NA,NA,"<= day","daily",NA,1,TRUE
"2018-07-09",296.258,FALSE,NA,NA,"<= day","daily",NA,1,TRUE
"2018-07-10",295.938,FALSE,NA,NA,"<= day","daily",NA,1,TRUE
"2018-07-11",295.721,FALSE,NA,NA,"<= day","daily",NA,1,TRUE
"2018-07-12",297.083,FALSE,NA,NA,"<= day","daily",NA,1,TRUE
"2018-07-13",295.154,FALSE,NA,NA,"<= day","daily",NA,1,TRUE
"2018-07-14",295.163,FALSE,NA,NA,"<= day","daily",NA,1,TRUE
"2018-07-15",294.521,FALSE,NA,NA,"<= day","daily",NA,1,TRUE
"2018-07-16",294.525,FALSE,NA,NA,"<= day","daily",NA,1,TRUE
"2018-07-17",294.029,FALSE,NA,NA,"<= day","daily",NA,1,TRUE
"2018-07-18",293.962,FALSE,NA,NA,"<= day","daily",NA,1,TRUE
"2018-07-19",295,FALSE,NA,NA,"<= day","daily",NA,1,TRUE
"2018-07-20",298.008,FALSE,NA,NA,"<= day","daily",NA,1,TRUE
"2018-07-21",298.883,FALSE,NA,NA,"<= day","daily",NA,1,TRUE
"2018-07-22",296.683,FALSE,NA,NA,"<= day","daily",NA,1,TRUE
"2018-07-23",297.962,FALSE,NA,NA,"<= day","daily",NA,1,TRUE
"2018-07-24",297.825,FALSE,NA,NA,"<= day","daily",NA,1,TRUE
"2018-07-25",297.358,FALSE,NA,NA,"<= day","daily",NA,1,TRUE
"2018-07-26",296.308,FALSE,NA,NA,"<= day","daily",NA,1,TRUE
"2018-07-27",297.558,FALSE,NA,NA,"<= day","daily",NA,1,TRUE
"2018-07-28",297.858,FALSE,NA,NA,"<= day","daily",NA,1,TRUE
"2018-07-29",297.467,FALSE,NA,NA,"<= day","daily",NA,1,TRUE
"2018-07-30",296.679,FALSE,NA,NA,"<= day","daily",NA,1,TRUE
"2018-07-31",295.888,FALSE,NA,NA,"<= day","daily",NA,1,TRUE
"2018-08-01",296.658,FALSE,NA,NA,"<= day","daily",NA,1,TRUE
"2018-08-02",296.733,FALSE,NA,NA,"<= day","daily",NA,1,TRUE
"2018-08-03",295.946,FALSE,NA,NA,"<= day","daily",NA,1,TRUE
"2018-08-04",295.996,FALSE,NA,NA,"<= day","daily",NA,1,TRUE
"2018-08-05",297.175,FALSE,NA,NA,"<= day","daily",NA,1,TRUE
"2018-08-06",296.454,FALSE,NA,NA,"<= day","daily",NA,1,TRUE
"2018-08-07",296.246,FALSE,NA,NA,"<= day","daily",NA,1,TRUE
"2018-08-08",297.571,FALSE,NA,NA,"<= day","daily",NA,1,TRUE
"2018-08-09",297.188,FALSE,NA,NA,"<= day","daily",NA,1,TRUE
"2018-08-10",296.392,FALSE,NA,NA,"<= day","daily",NA,1,TRUE
"2018-08-11",296.688,FALSE,NA,NA,"<= day","daily",NA,1,TRUE
"2018-08-12",296.142,FALSE,NA,NA,"<= day","daily",NA,1,TRUE
"2018-08-13",296.45,FALSE,NA,NA,"<= day","daily",NA,1,TRUE
"2018-08-14",296.433,FALSE,NA,NA,"<= day","daily",NA,1,TRUE
"2018-08-15",297.171,FALSE,NA,NA,"<= day","daily",NA,1,TRUE
"2018-08-16",296.625,FALSE,NA,NA,"<= day","daily",NA,1,TRUE
"2018-08-17",296.538,FALSE,NA,NA,"<= day","daily",NA,1,TRUE
"2018-08-18",296.354,FALSE,NA,NA,"<= day","daily",NA,1,TRUE
"2018-08-19",296.075,FALSE,NA,NA,"<= day","daily",NA,1,TRUE
"2018-08-20",296.267,FALSE,NA,NA,"<= day","daily",NA,1,TRUE
"2018-08-21",296.438,FALSE,NA,NA,"<= day","daily",NA,1,TRUE
"2018-08-22",296.042,FALSE,NA,NA,"<= day","daily",NA,1,TRUE
"2018-08-23",297.296,FALSE,NA,NA,"<= day","daily",NA,1,TRUE
"2018-08-24",297.067,FALSE,NA,NA,"<= day","daily",NA,1,TRUE
"2018-08-25",293.85,FALSE,NA,NA,"<= day","daily",NA,1,TRUE
"2018-08-26",296.917,FALSE,NA,NA,"<= day","daily",NA,1,TRUE
"2018-08-27",296.104,FALSE,NA,NA,"<= day","daily",NA,1,TRUE
"2018-08-28",295.517,FALSE,NA,NA,"<= day","daily",NA,1,TRUE
"2018-08-29",295.483,FALSE,NA,NA,"<= day","daily",NA,1,TRUE
"2018-08-30",295.4,FALSE,NA,NA,"<= day","daily",NA,1,TRUE
"2018-08-31",295.7,FALSE,NA,NA,"<= day","daily",NA,1,TRUE
"2018-09-01",298.45,FALSE,NA,NA,"<= day","daily",NA,1,TRUE
"2018-09-02",298.742,FALSE,NA,NA,"<= day","daily",NA,1,TRUE
"2018-09-03",298.971,FALSE,NA,NA,"<= day","daily",NA,1,TRUE
"2018-09-04",298.238,FALSE,NA,NA,"<= day","daily",NA,1,TRUE
"2018-09-05",298.362,FALSE,NA,NA,"<= day","daily",NA,1,TRUE
"2018-09-06",298.346,FALSE,NA,NA,"<= day","daily",NA,1,TRUE
"2018-09-07",296.413,FALSE,NA,NA,"<= day","daily",NA,1,TRUE
"2018-09-08",296,FALSE,NA,NA,"<= day","daily",NA,1,TRUE
"2018-09-09",296.025,FALSE,NA,NA,"<= day","daily",NA,1,TRUE
"2018-09-10",295.612,FALSE,NA,NA,"<= day","daily",NA,1,TRUE
"2018-09-11",295.475,FALSE,NA,NA,"<= day","daily",NA,1,TRUE
"2018-09-12",295.233,FALSE,NA,NA,"<= day","daily",NA,1,TRUE
"2018-09-13",293.917,FALSE,NA,NA,"<= day","daily",NA,1,TRUE
"2018-09-14",292.183,FALSE,NA,NA,"<= day","daily",NA,1,TRUE
"2018-09-15",293.875,FALSE,NA,NA,"<= day","daily",NA,1,TRUE
"2018-09-16",295.129,FALSE,NA,NA,"<= day","daily",NA,1,TRUE
"2018-09-17",295.117,FALSE,NA,NA,"<= day","daily",NA,1,TRUE
"2018-09-18",296.112,FALSE,NA,NA,"<= day","daily",NA,1,TRUE
"2018-09-19",296.517,FALSE,NA,NA,"<= day","daily",NA,1,TRUE
"2018-09-20",296.458,FALSE,NA,NA,"<= day","daily",NA,1,TRUE
"2018-09-21",295.646,FALSE,NA,NA,"<= day","daily",NA,1,TRUE
"2018-09-22",294.312,FALSE,NA,NA,"<= day","daily",NA,1,TRUE
"2018-09-23",295.508,FALSE,NA,NA,"<= day","daily",NA,1,TRUE
"2018-09-24",297.392,FALSE,NA,NA,"<= day","daily",NA,1,TRUE
"2018-09-25",297.329,FALSE,NA,NA,"<= day","daily",NA,1,TRUE
"2018-09-26",297.087,FALSE,NA,NA,"<= day","daily",NA,1,TRUE
"2018-09-27",297.096,FALSE,NA,NA,"<= day","daily",NA,1,TRUE
"2018-09-28",297.075,FALSE,NA,NA,"<= day","daily",NA,1,TRUE
"2018-09-29",295.842,FALSE,NA,NA,"<= day","daily",NA,1,TRUE
"2018-09-30",294.837,FALSE,NA,NA,"<= day","daily",NA,1,TRUE
"2018-10-01",295.708,FALSE,NA,NA,"<= day","daily",NA,1,TRUE
"2018-10-02",294.204,FALSE,NA,NA,"<= day","daily",NA,1,TRUE
"2018-10-03",293.833,FALSE,NA,NA,"<= day","daily",NA,1,TRUE
"2018-10-04",293.6,FALSE,NA,NA,"<= day","daily",NA,1,TRUE
"2018-10-05",292.971,FALSE,NA,NA,"<= day","daily",NA,1,TRUE
"2018-10-06",292.704,FALSE,NA,NA,"<= day","daily",NA,1,TRUE
"2018-10-07",291.842,FALSE,NA,NA,"<= day","daily",NA,1,TRUE
"2018-10-08",291.771,FALSE,NA,NA,"<= day","daily",NA,1,TRUE
"2018-10-09",291.312,FALSE,NA,NA,"<= day","daily",NA,1,TRUE
"2018-10-10",291.3,FALSE,NA,NA,"<= day","daily",NA,1,TRUE
"2018-10-11",291.154,FALSE,NA,NA,"<= day","daily",NA,1,TRUE
"2018-10-12",290.533,FALSE,NA,NA,"<= day","daily",NA,1,TRUE
"2018-10-13",289.854,FALSE,NA,NA,"<= day","daily",NA,1,TRUE
"2018-10-14",289.046,FALSE,NA,NA,"<= day","daily",NA,1,TRUE
"2018-10-15",289.167,FALSE,NA,NA,"<= day","daily",NA,1,TRUE
"2018-10-16",288.892,FALSE,NA,NA,"<= day","daily",NA,1,TRUE
"2018-10-17",288.333,FALSE,NA,NA,"<= day","daily",NA,1,TRUE
"2018-10-18",288.233,FALSE,NA,NA,"<= day","daily",NA,1,TRUE
"2018-10-19",287.492,FALSE,NA,NA,"<= day","daily",NA,1,TRUE
"2018-10-20",287.229,FALSE,NA,NA,"<= day","daily",NA,1,TRUE
"2018-10-21",286.767,FALSE,NA,NA,"<= day","daily",NA,1,TRUE
"2018-10-22",286.738,FALSE,NA,NA,"<= day","daily",NA,1,TRUE
"2018-10-23",286.379,FALSE,NA,NA,"<= day","daily",NA,1,TRUE
"2018-10-24",287.221,FALSE,NA,NA,"<= day","daily",NA,1,TRUE
"2018-10-25",289.196,FALSE,NA,NA,"<= day","daily",NA,1,TRUE
"2018-10-26",289.892,FALSE,NA,NA,"<= day","daily",NA,1,TRUE
"2018-10-27",288.754,FALSE,NA,NA,"<= day","daily",NA,1,TRUE
"2018-10-28",288.283,FALSE,NA,NA,"<= day","daily",NA,1,TRUE
"2018-10-29",287.962,FALSE,NA,NA,"<= day","daily",NA,1,TRUE
"2018-10-30",289.529,FALSE,NA,NA,"<= day","daily",NA,1,TRUE
"2018-10-31",289.421,FALSE,NA,NA,"<= day","daily",NA,1,TRUE
"2018-11-01",289.6,FALSE,NA,NA,"<= day","daily",NA,1,TRUE
"2018-11-02",288.858,FALSE,NA,NA,"<= day","daily",NA,1,TRUE
"2018-11-03",287.729,FALSE,NA,NA,"<= day","daily",NA,1,TRUE
"2018-11-04",288.438,FALSE,NA,NA,"<= day","daily",NA,1,TRUE
"2018-11-05",288.758,FALSE,NA,NA,"<= day","daily",NA,1,TRUE
"2018-11-06",288.996,FALSE,NA,NA,"<= day","daily",NA,1,TRUE
"2018-11-07",288.279,FALSE,NA,NA,"<= day","daily",NA,1,TRUE
"2018-11-08",288.212,FALSE,NA,NA,"<= day","daily",NA,1,TRUE
"2018-11-09",288.079,FALSE,NA,NA,"<= day","daily",NA,1,TRUE
"2018-11-10",287.804,FALSE,NA,NA,"<= day","daily",NA,1,TRUE
"2018-11-11",287.829,FALSE,NA,NA,"<= day","daily",NA,1,TRUE
"2018-11-12",287.325,FALSE,NA,NA,"<= day","daily",NA,1,TRUE
"2018-11-13",286.979,FALSE,NA,NA,"<= day","daily",NA,1,TRUE
"2018-11-14",286.55,FALSE,NA,NA,"<= day","daily",NA,1,TRUE
"2018-11-15",286.696,FALSE,NA,NA,"<= day","daily",NA,1,TRUE
"2018-11-16",286.087,FALSE,NA,NA,"<= day","daily",NA,1,TRUE
"2018-11-17",285.425,FALSE,NA,NA,"<= day","daily",NA,1,TRUE
"2018-11-18",285.212,FALSE,NA,NA,"<= day","daily",NA,1,TRUE
"2018-11-19",284.85,FALSE,NA,NA,"<= day","daily",NA,1,TRUE
"2018-11-20",283.938,FALSE,NA,NA,"<= day","daily",NA,1,TRUE
"2018-11-21",283.608,FALSE,NA,NA,"<= day","daily",NA,1,TRUE
"2018-11-22",282.021,FALSE,NA,NA,"<= day","daily",NA,1,TRUE
"2018-11-23",281.067,FALSE,NA,NA,"<= day","daily",NA,1,TRUE
"2018-11-24",280.779,FALSE,NA,NA,"<= day","daily",NA,1,TRUE
"2018-11-25",280.062,FALSE,NA,NA,"<= day","daily",NA,1,TRUE
"2018-11-26",280.346,FALSE,NA,NA,"<= day","daily",NA,1,TRUE
"2018-11-27",280.321,FALSE,NA,NA,"<= day","daily",NA,1,TRUE
"2018-11-28",279.142,FALSE,NA,NA,"<= day","daily",NA,1,TRUE
"2018-11-29",278.471,FALSE,NA,NA,"<= day","daily",NA,1,TRUE
"2018-11-30",278.283,FALSE,NA,NA,"<= day","daily",NA,1,TRUE
"2018-12-01",277.046,FALSE,NA,NA,"<= day","daily",NA,1,TRUE
"2018-12-02",275.779,FALSE,NA,NA,"<= day","daily",NA,1,TRUE
"2018-12-03",276.483,FALSE,NA,NA,"<= day","daily",NA,1,TRUE
"2018-12-04",277.017,FALSE,NA,NA,"<= day","daily",NA,1,TRUE
"2018-12-05",275.842,FALSE,NA,NA,"<= day","daily",NA,1,TRUE
"2018-12-06",276.196,FALSE,NA,NA,"<= day","daily",NA,1,TRUE
"2018-12-07",275.742,FALSE,NA,NA,"<= day","daily",NA,1,TRUE
"2018-12-08",276.271,FALSE,NA,NA,"<= day","daily",NA,1,TRUE
"2018-12-09",276.913,FALSE,NA,NA,"<= day","daily",NA,1,TRUE
"2018-12-10",282.717,FALSE,NA,NA,"<= day","daily",NA,1,TRUE
"2018-12-11",277.829,FALSE,NA,NA,"<= day","daily",NA,1,TRUE
"2018-12-12",274.788,FALSE,NA,NA,"<= day","daily",NA,1,TRUE
"2018-12-13",274.15,FALSE,NA,NA,"<= day","daily",NA,1,TRUE
"2018-12-14",273.104,FALSE,NA,NA,"<= day","daily",NA,1,TRUE
"2018-12-15",272.417,FALSE,NA,NA,"<= day","daily",NA,1,TRUE
"2018-12-16",271.254,FALSE,NA,NA,"<= day","daily",NA,1,TRUE
"2018-12-17",270.333,FALSE,NA,NA,"<= day","daily",NA,1,TRUE
"2018-12-18",269.642,FALSE,NA,NA,"<= day","daily",NA,1,TRUE
"2018-12-19",269.504,FALSE,NA,NA,"<= day","daily",NA,1,TRUE
"2018-12-20",268.404,FALSE,NA,NA,"<= day","daily",NA,1,TRUE
"2018-12-21",268.108,FALSE,NA,NA,"<= day","daily",NA,1,TRUE
"2018-12-22",268.612,FALSE,NA,NA,"<= day","daily",NA,1,TRUE
"2018-12-23",274.017,FALSE,NA,NA,"<= day","daily",NA,1,TRUE
"2018-12-24",290.7,FALSE,NA,NA,"<= day","daily",NA,1,TRUE
"2018-12-25",278.362,FALSE,NA,NA,"<= day","daily",NA,1,TRUE
"2018-12-26",274.988,FALSE,NA,NA,"<= day","daily",NA,1,TRUE
"2018-12-27",273.479,FALSE,NA,NA,"<= day","daily",NA,1,TRUE
"2018-12-28",272.746,FALSE,NA,NA,"<= day","daily",NA,1,TRUE
"2018-12-29",271.908,FALSE,NA,NA,"<= day","daily",NA,1,TRUE
"2018-12-30",274.275,FALSE,NA,NA,"<= day","daily",NA,1,TRUE
"2018-12-31",274.146,FALSE,NA,NA,"<= day","daily",NA,1,TRUE
"2019-01-01",273.696,FALSE,NA,NA,"<= day","daily",NA,1,TRUE
"2019-01-02",274.071,FALSE,NA,NA,"<= day","daily",NA,1,TRUE
"2019-01-03",271.717,FALSE,NA,NA,"<= day","daily",NA,1,TRUE
"2019-01-04",270.575,FALSE,NA,NA,"<= day","daily",NA,1,TRUE
"2019-01-05",268.933,FALSE,NA,NA,"<= day","daily",NA,1,TRUE
"2019-01-06",271.121,FALSE,NA,NA,"<= day","daily",NA,1,TRUE
"2019-01-07",271.146,FALSE,NA,NA,"<= day","daily",NA,1,TRUE
"2019-01-08",269.112,FALSE,NA,NA,"<= day","daily",NA,1,TRUE
"2019-01-09",269.221,FALSE,NA,NA,"<= day","daily",NA,1,TRUE
"2019-01-10",268.408,FALSE,NA,NA,"<= day","daily",NA,1,TRUE
"2019-01-11",267.767,FALSE,NA,NA,"<= day","daily",NA,1,TRUE
"2019-01-12",266.692,FALSE,NA,NA,"<= day","daily",NA,1,TRUE
"2019-01-13",268.638,FALSE,NA,NA,"<= day","daily",NA,1,TRUE
"2019-01-14",280.121,FALSE,NA,NA,"<= day","daily",NA,1,TRUE
"2019-01-15",272.517,FALSE,NA,NA,"<= day","daily",NA,1,TRUE
"2019-01-16",269.15,FALSE,NA,NA,"<= day","daily",NA,1,TRUE
"2019-01-17",267.5,FALSE,NA,NA,"<= day","daily",NA,1,TRUE
"2019-01-18",265.429,FALSE,NA,NA,"<= day","daily",NA,1,TRUE
"2019-01-19",264.425,FALSE,NA,NA,"<= day","daily",NA,1,TRUE
"2019-01-20",262.992,FALSE,NA,NA,"<= day","daily",NA,1,TRUE
"2019-01-21",262.1,FALSE,NA,NA,"<= day","daily",NA,1,TRUE
"2019-01-22",261.933,FALSE,NA,NA,"<= day","daily",NA,1,TRUE
"2019-01-23",261.467,FALSE,NA,NA,"<= day","daily",NA,1,TRUE
"2019-01-24",260.538,FALSE,NA,NA,"<= day","daily",NA,1,TRUE
"2019-01-25",259.967,FALSE,NA,NA,"<= day","daily",NA,1,TRUE
"2019-01-26",259.413,FALSE,NA,NA,"<= day","daily",NA,1,TRUE
"2019-01-27",259.267,FALSE,NA,NA,"<= day","daily",NA,1,TRUE
"2019-01-28",259.075,FALSE,NA,NA,"<= day","daily",NA,1,TRUE
"2019-01-29",257.829,FALSE,NA,NA,"<= day","daily",NA,1,TRUE
"2019-01-30",257.583,FALSE,NA,NA,"<= day","daily",NA,1,TRUE
"2019-01-31",256.525,FALSE,NA,NA,"<= day","daily",NA,1,TRUE
"2019-02-01",256.492,FALSE,NA,NA,"<= day","daily",NA,1,TRUE
"2019-02-02",256.446,FALSE,NA,NA,"<= day","daily",NA,1,TRUE
"2019-02-03",257.125,FALSE,NA,NA,"<= day","daily",NA,1,TRUE
"2019-02-04",256.112,FALSE,NA,NA,"<= day","daily",NA,1,TRUE
"2019-02-05",255.633,FALSE,NA,NA,"<= day","daily",NA,1,TRUE
"2019-02-06",255.067,FALSE,NA,NA,"<= day","daily",NA,1,TRUE
"2019-02-07",255,FALSE,NA,NA,"<= day","daily",NA,1,TRUE
"2019-02-08",255.2,FALSE,NA,NA,"<= day","daily",NA,1,TRUE
"2019-02-09",255.267,FALSE,NA,NA,"<= day","daily",NA,1,TRUE
"2019-02-10",255.275,FALSE,NA,NA,"<= day","daily",NA,1,TRUE
"2019-02-11",254.767,FALSE,NA,NA,"<= day","daily",NA,1,TRUE
"2019-02-12",254.067,FALSE,NA,NA,"<= day","daily",NA,1,TRUE
"2019-02-13",253.233,FALSE,NA,NA,"<= day","daily",NA,1,TRUE
"2019-02-14",252.7,FALSE,NA,NA,"<= day","daily",NA,1,TRUE
"2019-02-15",252.467,FALSE,NA,NA,"<= day","daily",NA,1,TRUE
"2019-02-16",252,FALSE,NA,NA,"<= day","daily",NA,1,TRUE
"2019-02-17",251.033,FALSE,NA,NA,"<= day","daily",NA,1,TRUE
"2019-02-18",250.7,FALSE,NA,NA,"<= day","daily",NA,1,TRUE
"2019-02-19",250.567,FALSE,NA,NA,"<= day","daily",NA,1,TRUE
"2019-02-20",250.1,FALSE,NA,NA,"<= day","daily",NA,1,TRUE
"2019-02-21",250.433,FALSE,NA,NA,"<= day","daily",NA,1,TRUE
"2019-02-22",260.413,FALSE,NA,NA,"<= day","daily",NA,1,TRUE
"2019-02-23",258.837,FALSE,NA,NA,"<= day","daily",NA,1,TRUE
"2019-02-24",254.567,FALSE,NA,NA,"<= day","daily",NA,1,TRUE
"2019-02-25",253.367,FALSE,NA,NA,"<= day","daily",NA,1,TRUE
"2019-02-26",252.9,FALSE,NA,NA,"<= day","daily",NA,1,TRUE
"2019-02-27",253.867,FALSE,NA,NA,"<= day","daily",NA,1,TRUE
"2019-02-28",255.683,FALSE,NA,NA,"<= day","daily",NA,1,TRUE
"2019-03-01",260.179,FALSE,NA,NA,"<= day","daily",NA,1,TRUE
"2019-03-02",261.667,FALSE,NA,NA,"<= day","daily",NA,1,TRUE
"2019-03-03",259.3,FALSE,NA,NA,"<= day","daily",NA,1,TRUE
"2019-03-04",258.971,FALSE,NA,NA,"<= day","daily",NA,1,TRUE
"2019-03-05",258.733,FALSE,NA,NA,"<= day","daily",NA,1,TRUE
"2019-03-06",257.933,FALSE,NA,NA,"<= day","daily",NA,1,TRUE
"2019-03-07",258.608,FALSE,NA,NA,"<= day","daily",NA,1,TRUE
"2019-03-08",259.508,FALSE,NA,NA,"<= day","daily",NA,1,TRUE
"2019-03-09",258.633,FALSE,NA,NA,"<= day","daily",NA,1,TRUE
"2019-03-10",259.117,FALSE,NA,NA,"<= day","daily",NA,1,TRUE
"2019-03-11",259.729,FALSE,NA,NA,"<= day","daily",NA,1,TRUE
"2019-03-12",258.367,FALSE,NA,NA,"<= day","daily",NA,1,TRUE
"2019-03-13",257.204,FALSE,NA,NA,"<= day","daily",NA,1,TRUE
"2019-03-14",256.746,FALSE,NA,NA,"<= day","daily",NA,1,TRUE
"2019-03-15",260.012,FALSE,NA,NA,"<= day","daily",NA,1,TRUE
"2019-03-16",262.921,FALSE,NA,NA,"<= day","daily",NA,1,TRUE
"2019-03-17",261.558,FALSE,NA,NA,"<= day","daily",NA,1,TRUE
"2019-03-18",261.075,FALSE,NA,NA,"<= day","daily",NA,1,TRUE
"2019-03-19",259.308,FALSE,NA,NA,"<= day","daily",NA,1,TRUE
"2019-03-20",258.029,FALSE,NA,NA,"<= day","daily",NA,1,TRUE
"2019-03-21",256.738,FALSE,NA,NA,"<= day","daily",NA,1,TRUE
"2019-03-22",256.292,FALSE,NA,NA,"<= day","daily",NA,1,TRUE
"2019-03-23",256.425,FALSE,NA,NA,"<= day","daily",NA,1,TRUE
"2019-03-24",257.354,FALSE,NA,NA,"<= day","daily",NA,1,TRUE
"2019-03-25",258.638,FALSE,NA,NA,"<= day","daily",NA,1,TRUE
"2019-03-26",258.633,FALSE,NA,NA,"<= day","daily",NA,1,TRUE
"2019-03-27",257.767,FALSE,NA,NA,"<= day","daily",NA,1,TRUE
"2019-03-28",257.888,FALSE,NA,NA,"<= day","daily",NA,1,TRUE
"2019-03-29",257.996,FALSE,NA,NA,"<= day","daily",NA,1,TRUE
"2019-03-30",257.688,FALSE,NA,NA,"<= day","daily",NA,1,TRUE
"2019-03-31",258,FALSE,NA,NA,"<= day","daily",NA,1,TRUE
"2019-04-01",258.508,FALSE,NA,NA,"<= day","daily",NA,1,TRUE
"2019-04-02",259.417,FALSE,NA,NA,"<= day","daily",NA,1,TRUE
"2019-04-03",262.087,FALSE,NA,NA,"<= day","daily",NA,1,TRUE
"2019-04-04",264.533,FALSE,NA,NA,"<= day","daily",NA,1,TRUE
"2019-04-05",265.521,FALSE,NA,NA,"<= day","daily",NA,1,TRUE
"2019-04-06",265.921,FALSE,NA,NA,"<= day","daily",NA,1,TRUE
"2019-04-07",266.396,FALSE,NA,NA,"<= day","daily",NA,1,TRUE
"2019-04-08",266.821,FALSE,NA,NA,"<= day","daily",NA,1,TRUE
"2019-04-09",267.467,FALSE,NA,NA,"<= day","daily",NA,1,TRUE
"2019-04-10",267.567,FALSE,NA,NA,"<= day","daily",NA,1,TRUE
"2019-04-11",267.808,FALSE,NA,NA,"<= day","daily",NA,1,TRUE
"2019-04-12",268.25,FALSE,NA,NA,"<= day","daily",NA,1,TRUE
"2019-04-13",267.938,FALSE,NA,NA,"<= day","daily",NA,1,TRUE
"2019-04-14",267.867,FALSE,NA,NA,"<= day","daily",NA,1,TRUE
"2019-04-15",266.788,FALSE,NA,NA,"<= day","daily",NA,1,TRUE
"2019-04-16",266.625,FALSE,NA,NA,"<= day","daily",NA,1,TRUE
"2019-04-17",266.688,FALSE,NA,NA,"<= day","daily",NA,1,TRUE
"2019-04-18",267.167,FALSE,NA,NA,"<= day","daily",NA,1,TRUE
"2019-04-19",268.283,FALSE,NA,NA,"<= day","daily",NA,1,TRUE
"2019-04-20",269.121,FALSE,NA,NA,"<= day","daily",NA,1,TRUE
"2019-04-21",269.988,FALSE,NA,NA,"<= day","daily",NA,1,TRUE
"2019-04-22",271.296,FALSE,NA,NA,"<= day","daily",NA,1,TRUE
"2019-04-23",272.033,FALSE,NA,NA,"<= day","daily",NA,1,TRUE
"2019-04-24",273.033,FALSE,NA,NA,"<= day","daily",NA,1,TRUE
"2019-04-25",273.971,FALSE,NA,NA,"<= day","daily",NA,1,TRUE
"2019-04-26",275.317,FALSE,NA,NA,"<= day","daily",NA,1,TRUE
"2019-04-27",276.158,FALSE,NA,NA,"<= day","daily",NA,1,TRUE
"2019-04-28",276.158,FALSE,NA,NA,"<= day","daily",NA,1,TRUE
"2019-04-29",275.746,FALSE,NA,NA,"<= day","daily",NA,1,TRUE
"2019-04-30",276.483,FALSE,NA,NA,"<= day","daily",NA,1,TRUE
"2019-05-01",276.375,FALSE,NA,NA,"<= day","daily",NA,1,TRUE
"2019-05-02",277.05,FALSE,NA,NA,"<= day","daily",NA,1,TRUE
"2019-05-03",276.663,FALSE,NA,NA,"<= day","daily",NA,1,TRUE
"2019-05-04",277.333,FALSE,NA,NA,"<= day","daily",NA,1,TRUE
"2019-05-05",277.65,FALSE,NA,NA,"<= day","daily",NA,1,TRUE
"2019-05-06",277.292,FALSE,NA,NA,"<= day","daily",NA,1,TRUE
"2019-05-07",278.146,FALSE,NA,NA,"<= day","daily",NA,1,TRUE
"2019-05-08",278.504,FALSE,NA,NA,"<= day","daily",NA,1,TRUE
"2019-05-09",279.142,FALSE,NA,NA,"<= day","daily",NA,1,TRUE
"2019-05-10",279.104,FALSE,NA,NA,"<= day","daily",NA,1,TRUE
"2019-05-11",279.112,FALSE,NA,NA,"<= day","daily",NA,1,TRUE
"2019-05-12",280.95,FALSE,NA,NA,"<= day","daily",NA,1,TRUE
"2019-05-13",279.057,FALSE,NA,NA,"<= day","daily",NA,1,TRUE
"2019-05-21",290.8,FALSE,NA,NA,"<= day","daily",NA,1,TRUE
"2019-05-22",289.279,FALSE,NA,NA,"<= day","daily",NA,1,TRUE
"2019-05-23",283.362,FALSE,NA,NA,"<= day","daily",NA,1,TRUE
"2019-05-24",278.896,FALSE,NA,NA,"<= day","daily",NA,1,TRUE
"2019-05-25",279.629,FALSE,NA,NA,"<= day","daily",NA,1,TRUE
"2019-05-26",281.642,FALSE,NA,NA,"<= day","daily",NA,1,TRUE
"2019-05-27",283.925,FALSE,NA,NA,"<= day","daily",NA,1,TRUE
"2019-05-28",286.758,FALSE,NA,NA,"<= day","daily",NA,1,TRUE
"2019-05-29",293.892,FALSE,NA,NA,"<= day","daily",NA,1,TRUE
"2019-05-30",295.842,FALSE,NA,NA,"<= day","daily",NA,1,TRUE
"2019-05-31",294.546,FALSE,NA,NA,"<= day","daily",NA,1,TRUE
"2019-06-01",295.6,FALSE,NA,NA,"<= day","daily",NA,1,TRUE
"2019-06-02",299.462,FALSE,NA,NA,"<= day","daily",NA,1,TRUE
"2019-06-03",302.021,FALSE,NA,NA,"<= day","daily",NA,1,TRUE
"2019-06-04",304.2,FALSE,NA,NA,"<= day","daily",NA,1,TRUE
"2019-06-05",304.246,FALSE,NA,NA,"<= day","daily",NA,1,TRUE
"2019-06-06",305.154,FALSE,NA,NA,"<= day","daily",NA,1,TRUE
"2019-06-07",306.663,FALSE,NA,NA,"<= day","daily",NA,1,TRUE
"2019-06-08",305.621,FALSE,NA,NA,"<= day","daily",NA,1,TRUE
"2019-06-09",298.142,FALSE,NA,NA,"<= day","daily",NA,1,TRUE
"2019-06-10",295.504,FALSE,NA,NA,"<= day","daily",NA,1,TRUE
"2019-06-11",294.071,FALSE,NA,NA,"<= day","daily",NA,1,TRUE
"2019-06-12",294.083,FALSE,NA,NA,"<= day","daily",NA,1,TRUE
"2019-06-13",295.225,FALSE,NA,NA,"<= day","daily",NA,1,TRUE
"2019-06-14",295.262,FALSE,NA,NA,"<= day","daily",NA,1,TRUE
"2019-06-15",297.371,FALSE,NA,NA,"<= day","daily",NA,1,TRUE
"2019-06-16",294.275,FALSE,NA,NA,"<= day","daily",NA,1,TRUE
"2019-06-17",293.879,FALSE,NA,NA,"<= day","daily",NA,1,TRUE
"2019-06-18",297.754,FALSE,NA,NA,"<= day","daily",NA,1,TRUE
"2019-06-19",299.554,FALSE,NA,NA,"<= day","daily",NA,1,TRUE
"2019-06-20",299.458,FALSE,NA,NA,"<= day","daily",NA,1,TRUE
"2019-06-21",300.367,FALSE,NA,NA,"<= day","daily",NA,1,TRUE
"2019-06-22",302.554,FALSE,NA,NA,"<= day","daily",NA,1,TRUE
"2019-06-23",304.712,FALSE,NA,NA,"<= day","daily",NA,1,TRUE
"2019-06-24",303.279,FALSE,NA,NA,"<= day","daily",NA,1,TRUE
"2019-06-25",302.975,FALSE,NA,NA,"<= day","daily",NA,1,TRUE
"2019-06-26",301.367,FALSE,NA,NA,"<= day","daily",NA,1,TRUE
"2019-06-27",302.504,FALSE,NA,NA,"<= day","daily",NA,1,TRUE
"2019-06-28",299.404,FALSE,NA,NA,"<= day","daily",NA,1,TRUE
"2019-06-29",300.175,FALSE,NA,NA,"<= day","daily",NA,1,TRUE
"2019-06-30",299.708,FALSE,NA,NA,"<= day","daily",NA,1,TRUE
"2019-07-01",298.996,FALSE,NA,NA,"<= day","daily",NA,1,TRUE
"2019-07-02",298.321,FALSE,NA,NA,"<= day","daily",NA,1,TRUE
"2019-07-03",297.8,FALSE,NA,NA,"<= day","daily",NA,1,TRUE
"2019-07-04",296.462,FALSE,NA,NA,"<= day","daily",NA,1,TRUE
"2019-07-05",293.362,FALSE,NA,NA,"<= day","daily",NA,1,TRUE
"2019-07-06",293.688,FALSE,NA,NA,"<= day","daily",NA,1,TRUE
"2019-07-07",294.129,FALSE,NA,NA,"<= day","daily",NA,1,TRUE
"2019-07-08",292.087,FALSE,NA,NA,"<= day","daily",NA,1,TRUE
"2019-07-09",289.942,FALSE,NA,NA,"<= day","daily",NA,1,TRUE
"2019-07-10",289.238,FALSE,NA,NA,"<= day","daily",NA,1,TRUE
"2019-07-11",286.35,FALSE,NA,NA,"<= day","daily",NA,1,TRUE
"2019-07-12",285.629,FALSE,NA,NA,"<= day","daily",NA,1,TRUE
"2019-07-13",285.883,FALSE,NA,NA,"<= day","daily",NA,1,TRUE
"2019-07-14",286.762,FALSE,NA,NA,"<= day","daily",NA,1,TRUE
"2019-07-15",284.754,FALSE,NA,NA,"<= day","daily",NA,1,TRUE
"2019-07-16",282.762,FALSE,NA,NA,"<= day","daily",NA,1,TRUE
"2019-07-17",281.608,FALSE,NA,NA,"<= day","daily",NA,1,TRUE
"2019-07-18",279.733,FALSE,NA,NA,"<= day","daily",NA,1,TRUE
"2019-07-19",279.204,FALSE,NA,NA,"<= day","daily",NA,1,TRUE
"2019-07-20",277.85,FALSE,NA,NA,"<= day","daily",NA,1,TRUE
"2019-07-21",277.138,FALSE,NA,NA,"<= day","daily",NA,1,TRUE
"2019-07-22",277.133,FALSE,NA,NA,"<= day","daily",NA,1,TRUE
"2019-07-23",278,FALSE,NA,NA,"<= day","daily",NA,1,TRUE
"2019-07-24",278.242,FALSE,NA,NA,"<= day","daily",NA,1,TRUE
"2019-07-25",277.021,FALSE,NA,NA,"<= day","daily",NA,1,TRUE
"2019-07-26",276.529,FALSE,NA,NA,"<= day","daily",NA,1,TRUE
"2019-07-27",276.504,FALSE,NA,NA,"<= day","daily",NA,1,TRUE
"2019-07-28",276.275,FALSE,NA,NA,"<= day","daily",NA,1,TRUE
"2019-07-29",301.871,FALSE,NA,NA,"<= day","daily",NA,1,TRUE
"2019-07-30",278.779,FALSE,NA,NA,"<= day","daily",NA,1,TRUE
"2019-07-31",275.679,FALSE,NA,NA,"<= day","daily",NA,1,TRUE
"2019-08-01",274.408,FALSE,NA,NA,"<= day","daily",NA,1,TRUE
"2019-08-02",274.413,FALSE,NA,NA,"<= day","daily",NA,1,TRUE
"2019-08-03",277.062,FALSE,NA,NA,"<= day","daily",NA,1,TRUE
"2019-08-04",277.729,FALSE,NA,NA,"<= day","daily",NA,1,TRUE
"2019-08-05",276.146,FALSE,NA,NA,"<= day","daily",NA,1,TRUE
"2019-08-06",275.242,FALSE,NA,NA,"<= day","daily",NA,1,TRUE
"2019-08-07",275.15,FALSE,NA,NA,"<= day","daily",NA,1,TRUE
"2019-08-08",274.775,FALSE,NA,NA,"<= day","daily",NA,1,TRUE
"2019-08-09",274.325,FALSE,NA,NA,"<= day","daily",NA,1,TRUE
"2019-08-10",273.633,FALSE,NA,NA,"<= day","daily",NA,1,TRUE
"2019-08-11",272.479,FALSE,NA,NA,"<= day","daily",NA,1,TRUE
"2019-08-12",271.796,FALSE,NA,NA,"<= day","daily",NA,1,TRUE
"2019-08-13",271.296,FALSE,NA,NA,"<= day","daily",NA,1,TRUE
"2019-08-14",271.208,FALSE,NA,NA,"<= day","daily",NA,1,TRUE
"2019-08-15",271.046,FALSE,NA,NA,"<= day","daily",NA,1,TRUE
"2019-08-16",270.075,FALSE,NA,NA,"<= day","daily",NA,1,TRUE
"2019-08-17",270.104,FALSE,NA,NA,"<= day","daily",NA,1,TRUE
"2019-08-18",268.408,FALSE,NA,NA,"<= day","daily",NA,1,TRUE
"2019-08-19",265.025,FALSE,NA,NA,"<= day","daily",NA,1,TRUE
"2019-08-20",263.592,FALSE,NA,NA,"<= day","daily",NA,1,TRUE
"2019-08-21",263.546,FALSE,NA,NA,"<= day","daily",NA,1,TRUE
"2019-08-22",264.042,FALSE,NA,NA,"<= day","daily",NA,1,TRUE
"2019-08-23",263.65,FALSE,NA,NA,"<= day","daily",NA,1,TRUE
"2019-08-24",264.021,FALSE,NA,NA,"<= day","daily",NA,1,TRUE
"2019-08-25",264.367,FALSE,NA,NA,"<= day","daily",NA,1,TRUE
"2019-08-26",264.054,FALSE,NA,NA,"<= day","daily",NA,1,TRUE
"2019-08-27",263.758,FALSE,NA,NA,"<= day","daily",NA,1,TRUE
"2019-08-28",263.271,FALSE,NA,NA,"<= day","daily",NA,1,TRUE
"2019-08-29",262.217,FALSE,NA,NA,"<= day","daily",NA,1,TRUE
"2019-08-30",261.667,FALSE,NA,NA,"<= day","daily",NA,1,TRUE
"2019-08-31",261.5,FALSE,NA,NA,"<= day","daily",NA,1,TRUE
"2019-09-01",261.712,FALSE,NA,NA,"<= day","daily",NA,1,TRUE
"2019-09-02",262.479,FALSE,NA,NA,"<= day","daily",NA,1,TRUE
"2019-09-03",262.971,FALSE,NA,NA,"<= day","daily",NA,1,TRUE
"2019-09-04",264.567,FALSE,NA,NA,"<= day","daily",NA,1,TRUE
"2019-09-05",262.817,FALSE,NA,NA,"<= day","daily",NA,1,TRUE
"2019-09-06",261.517,FALSE,NA,NA,"<= day","daily",NA,1,TRUE
"2019-09-07",261.717,FALSE,NA,NA,"<= day","daily",NA,1,TRUE
"2019-09-08",261.529,FALSE,NA,NA,"<= day","daily",NA,1,TRUE
"2019-09-09",262.658,FALSE,NA,NA,"<= day","daily",NA,1,TRUE
"2019-09-10",261.988,FALSE,NA,NA,"<= day","daily",NA,1,TRUE
"2019-09-11",261.183,FALSE,NA,NA,"<= day","daily",NA,1,TRUE
"2019-09-12",259.954,FALSE,NA,NA,"<= day","daily",NA,1,TRUE
"2019-09-13",259.592,FALSE,NA,NA,"<= day","daily",NA,1,TRUE
"2019-09-14",258.933,FALSE,NA,NA,"<= day","daily",NA,1,TRUE
"2019-09-15",256.646,FALSE,NA,NA,"<= day","daily",NA,1,TRUE
"2019-09-16",256.188,FALSE,NA,NA,"<= day","daily",NA,1,TRUE
"2019-09-17",255.958,FALSE,NA,NA,"<= day","daily",NA,1,TRUE
"2019-09-18",255.158,FALSE,NA,NA,"<= day","daily",NA,1,TRUE
"2019-09-19",254.438,FALSE,NA,NA,"<= day","daily",NA,1,TRUE
"2019-09-20",253.9,FALSE,NA,NA,"<= day","daily",NA,1,TRUE
"2019-09-21",253.996,FALSE,NA,NA,"<= day","daily",NA,1,TRUE
"2019-09-22",253.625,FALSE,NA,NA,"<= day","daily",NA,1,TRUE
"2019-09-23",253.179,FALSE,NA,NA,"<= day","daily",NA,1,TRUE
"2019-09-24",252.488,FALSE,NA,NA,"<= day","daily",NA,1,TRUE
"2019-09-25",252.492,FALSE,NA,NA,"<= day","daily",NA,1,TRUE
"2019-09-26",252.742,FALSE,NA,NA,"<= day","daily",NA,1,TRUE
"2019-09-27",252.804,FALSE,NA,NA,"<= day","daily",NA,1,TRUE
"2019-09-28",253.096,FALSE,NA,NA,"<= day","daily",NA,1,TRUE
"2019-09-29",253.083,FALSE,NA,NA,"<= day","daily",NA,1,TRUE
"2019-09-30",252.812,FALSE,NA,NA,"<= day","daily",NA,1,TRUE
"2019-10-01",252.65,FALSE,NA,NA,"<= day","daily",NA,1,TRUE
"2019-10-02",254.054,FALSE,NA,NA,"<= day","daily",NA,1,TRUE
"2019-10-03",253.346,FALSE,NA,NA,"<= day","daily",NA,1,TRUE
"2019-10-04",253.15,FALSE,NA,NA,"<= day","daily",NA,1,TRUE
"2019-10-05",257.288,FALSE,NA,NA,"<= day","daily",NA,1,TRUE
"2019-10-06",256.562,FALSE,NA,NA,"<= day","daily",NA,1,TRUE
"2019-10-07",258.092,FALSE,NA,NA,"<= day","daily",NA,1,TRUE
"2019-10-08",257.608,FALSE,NA,NA,"<= day","daily",NA,1,TRUE
"2019-10-09",257.104,FALSE,NA,NA,"<= day","daily",NA,1,TRUE
"2019-10-10",255.371,FALSE,NA,NA,"<= day","daily",NA,1,TRUE
"2019-10-11",254.304,FALSE,NA,NA,"<= day","daily",NA,1,TRUE
"2019-10-12",254.442,FALSE,NA,NA,"<= day","daily",NA,1,TRUE
"2019-10-13",253.746,FALSE,NA,NA,"<= day","daily",NA,1,TRUE
"2019-10-14",253.033,FALSE,NA,NA,"<= day","daily",NA,1,TRUE
"2019-10-15",253.096,FALSE,NA,NA,"<= day","daily",NA,1,TRUE
"2019-10-16",252.496,FALSE,NA,NA,"<= day","daily",NA,1,TRUE
"2019-10-17",251.633,FALSE,NA,NA,"<= day","daily",NA,1,TRUE
"2019-10-18",251.396,FALSE,NA,NA,"<= day","daily",NA,1,TRUE
"2019-10-19",250.904,FALSE,NA,NA,"<= day","daily",NA,2,FALSE
"2019-10-20",249.887,FALSE,NA,NA,"<= day","daily",NA,2,FALSE
"2019-10-21",249.137,FALSE,NA,NA,"<= day","daily",NA,2,FALSE
"2019-10-22",248.562,FALSE,NA,NA,"<= day","daily",NA,2,FALSE
"2019-10-23",248.571,FALSE,NA,NA,"<= day","daily",NA,2,FALSE
"2019-10-24",247.333,FALSE,NA,NA,"<= day","daily",NA,2,FALSE
"2019-10-25",246.688,FALSE,NA,NA,"<= day","daily",NA,2,FALSE
"2019-10-26",246.433,FALSE,NA,NA,"<= day","daily",NA,2,FALSE
"2019-10-27",246.029,FALSE,NA,NA,"<= day","daily",NA,2,FALSE
"2019-10-28",246.083,FALSE,NA,NA,"<= day","daily",NA,2,FALSE
"2019-10-29",245.058,FALSE,NA,NA,"<= day","daily",NA,2,FALSE
"2019-10-30",243.971,FALSE,NA,NA,"<= day","daily",NA,2,FALSE
"2019-10-31",244.129,FALSE,NA,NA,"<= day","daily",NA,2,FALSE
"2019-11-01",243.292,FALSE,NA,NA,"<= day","daily",NA,2,FALSE
"2019-11-02",243.617,FALSE,NA,NA,"<= day","daily",NA,2,FALSE
"2019-11-03",244.017,FALSE,NA,NA,"<= day","daily",NA,2,FALSE
"2019-11-04",243.642,FALSE,NA,NA,"<= day","daily",NA,2,FALSE
"2019-11-05",249.7,FALSE,NA,NA,"<= day","daily",NA,2,FALSE
"2019-11-06",247.383,FALSE,NA,NA,"<= day","daily",NA,2,FALSE
"2019-11-07",244.571,FALSE,NA,NA,"<= day","daily",NA,2,FALSE
"2019-11-08",243.271,FALSE,NA,NA,"<= day","daily",NA,2,FALSE
"2019-11-09",242.45,FALSE,NA,NA,"<= day","daily",NA,2,FALSE
"2019-11-10",241.262,FALSE,NA,NA,"<= day","daily",NA,2,FALSE
"2019-11-11",240.521,FALSE,NA,NA,"<= day","daily",NA,2,FALSE
"2019-11-12",240,FALSE,NA,NA,"<= day","daily",NA,2,FALSE
"2019-11-13",241.275,FALSE,NA,NA,"<= day","daily",NA,2,FALSE
"2019-11-14",252.029,FALSE,NA,NA,"<= day","daily",NA,2,FALSE
"2019-11-15",257.012,FALSE,NA,NA,"<= day","daily",NA,2,FALSE
"2019-11-16",259.792,FALSE,NA,NA,"<= day","daily",NA,2,FALSE
"2019-11-17",265.392,FALSE,NA,NA,"<= day","daily",NA,2,FALSE
"2019-11-18",265.183,FALSE,NA,NA,"<= day","daily",NA,2,FALSE
"2019-11-19",261.075,FALSE,NA,NA,"<= day","daily",NA,2,FALSE
"2019-11-20",259.133,FALSE,NA,NA,"<= day","daily",NA,2,FALSE
"2019-11-21",257.967,FALSE,NA,NA,"<= day","daily",NA,2,FALSE
"2019-11-22",257.433,FALSE,NA,NA,"<= day","daily",NA,2,FALSE
"2019-11-23",256.167,FALSE,NA,NA,"<= day","daily",NA,2,FALSE
"2019-11-24",254.104,FALSE,NA,NA,"<= day","daily",NA,2,FALSE
"2019-11-25",253.338,FALSE,NA,NA,"<= day","daily",NA,2,FALSE
"2019-11-26",252.708,FALSE,NA,NA,"<= day","daily",NA,2,FALSE
"2019-11-27",252.025,FALSE,NA,NA,"<= day","daily",NA,2,FALSE
"2019-11-28",253.012,FALSE,NA,NA,"<= day","daily",NA,2,FALSE
"2019-11-29",252.471,FALSE,NA,NA,"<= day","daily",NA,2,FALSE
"2019-11-30",251.533,FALSE,NA,NA,"<= day","daily",NA,2,FALSE
"2019-12-01",249.904,FALSE,NA,NA,"<= day","daily",NA,2,FALSE
"2019-12-02",249.058,FALSE,NA,NA,"<= day","daily",NA,2,FALSE
"2019-12-03",248.229,FALSE,NA,NA,"<= day","daily",NA,2,FALSE
"2019-12-04",246.058,FALSE,NA,NA,"<= day","daily",NA,2,FALSE
"2019-12-05",246.217,FALSE,NA,NA,"<= day","daily",NA,2,FALSE
"2019-12-06",245.213,FALSE,NA,NA,"<= day","daily",NA,2,FALSE
"2019-12-07",244.771,FALSE,NA,NA,"<= day","daily",NA,2,FALSE
"2019-12-08",244.204,FALSE,NA,NA,"<= day","daily",NA,2,FALSE
"2019-12-09",242.754,FALSE,NA,NA,"<= day","daily",NA,2,FALSE
"2019-12-10",243.446,FALSE,NA,NA,"<= day","daily",NA,2,FALSE
"2019-12-11",240.596,FALSE,NA,NA,"<= day","daily",NA,2,FALSE
"2019-12-12",239.858,FALSE,NA,NA,"<= day","daily",NA,2,FALSE
"2019-12-13",239.646,FALSE,NA,NA,"<= day","daily",NA,2,FALSE
"2019-12-14",237.512,FALSE,NA,NA,"<= day","daily",NA,2,FALSE
"2019-12-15",236.846,FALSE,NA,NA,"<= day","daily",NA,2,FALSE
"2019-12-16",235.55,FALSE,NA,NA,"<= day","daily",NA,2,FALSE
"2019-12-17",234.875,FALSE,NA,NA,"<= day","daily",NA,2,FALSE
"2019-12-18",234.4,FALSE,NA,NA,"<= day","daily",NA,2,FALSE
"2019-12-19",233.833,FALSE,NA,NA,"<= day","daily",NA,2,FALSE
"2019-12-20",234.058,FALSE,NA,NA,"<= day","daily",NA,2,FALSE
"2019-12-21",236.708,FALSE,NA,NA,"<= day","daily",NA,2,FALSE
"2019-12-22",235.658,FALSE,NA,NA,"<= day","daily",NA,2,FALSE
"2019-12-23",236.575,FALSE,NA,NA,"<= day","daily",NA,2,FALSE
"2019-12-24",237.292,FALSE,NA,NA,"<= day","daily",NA,2,FALSE
"2019-12-25",239.696,FALSE,NA,NA,"<= day","daily",NA,2,FALSE
"2019-12-26",241.912,FALSE,NA,NA,"<= day","daily",NA,2,FALSE
"2019-12-27",238.321,FALSE,NA,NA,"<= day","daily",NA,2,FALSE
"2019-12-28",236.208,FALSE,NA,NA,"<= day","daily",NA,2,FALSE
"2019-12-29",234.825,FALSE,NA,NA,"<= day","daily",NA,2,FALSE
"2019-12-30",234.171,FALSE,NA,NA,"<= day","daily",NA,2,FALSE
"2019-12-31",235.021,FALSE,NA,NA,"<= day","daily",NA,2,FALSE
"2020-01-01",234.046,FALSE,NA,NA,"<= day","daily",NA,2,FALSE
"2020-01-02",233.396,FALSE,NA,NA,"<= day","daily",NA,2,FALSE
"2020-01-03",232.567,FALSE,NA,NA,"<= day","daily",NA,2,FALSE
"2020-01-04",232.983,FALSE,NA,NA,"<= day","daily",NA,2,FALSE
"2020-01-05",233.504,FALSE,NA,NA,"<= day","daily",NA,2,FALSE
"2020-01-06",232.196,FALSE,NA,NA,"<= day","daily",NA,2,FALSE
"2020-01-07",230.9,FALSE,NA,NA,"<= day","daily",NA,2,FALSE
"2020-01-08",229.521,FALSE,NA,NA,"<= day","daily",NA,2,FALSE
"2020-01-09",229.213,FALSE,NA,NA,"<= day","daily",NA,2,FALSE
"2020-01-10",229.467,FALSE,NA,NA,"<= day","daily",NA,2,FALSE
"2020-01-11",228.729,FALSE,NA,NA,"<= day","daily",NA,2,FALSE
"2020-01-12",227.754,FALSE,NA,NA,"<= day","daily",NA,2,FALSE
"2020-01-13",227.117,FALSE,NA,NA,"<= day","daily",NA,2,FALSE
"2020-01-14",227.662,FALSE,NA,NA,"<= day","daily",NA,2,FALSE
"2020-01-15",228.267,FALSE,NA,NA,"<= day","daily",NA,2,FALSE
"2020-01-16",227.446,FALSE,NA,NA,"<= day","daily",NA,2,FALSE
"2020-01-17",226.988,FALSE,NA,NA,"<= day","daily",NA,2,FALSE
"2020-01-18",227.175,FALSE,NA,NA,"<= day","daily",NA,2,FALSE
"2020-01-19",227.229,FALSE,NA,NA,"<= day","daily",NA,2,FALSE
"2020-01-20",227.746,FALSE,NA,NA,"<= day","daily",NA,2,FALSE
"2020-01-21",227.113,FALSE,NA,NA,"<= day","daily",NA,2,FALSE
"2020-01-22",227.642,FALSE,NA,NA,"<= day","daily",NA,2,FALSE
"2020-01-23",228.692,FALSE,NA,NA,"<= day","daily",NA,2,FALSE
"2020-01-24",228.571,FALSE,NA,NA,"<= day","daily",NA,2,FALSE
"2020-01-25",228.367,FALSE,NA,NA,"<= day","daily",NA,2,FALSE
"2020-01-26",227.767,FALSE,NA,NA,"<= day","daily",NA,2,FALSE
"2020-01-27",227.067,FALSE,NA,NA,"<= day","daily",NA,2,FALSE
"2020-01-28",227.262,FALSE,NA,NA,"<= day","daily",NA,2,FALSE
"2020-01-29",226.171,FALSE,NA,NA,"<= day","daily",NA,2,FALSE
"2020-01-30",225.113,FALSE,NA,NA,"<= day","daily",NA,2,FALSE
"2020-01-31",225.392,FALSE,NA,NA,"<= day","daily",NA,2,FALSE
"2020-02-01",225.3,FALSE,NA,NA,"<= day","daily",NA,2,FALSE
"2020-02-02",227.296,FALSE,NA,NA,"<= day","daily",NA,2,FALSE
"2020-02-03",252.783,FALSE,NA,NA,"<= day","daily",NA,2,FALSE
"2020-02-04",247.346,FALSE,NA,NA,"<= day","daily",NA,2,FALSE
"2020-02-05",237.438,FALSE,NA,NA,"<= day","daily",NA,2,FALSE
"2020-02-06",233.804,FALSE,NA,NA,"<= day","daily",NA,2,FALSE
"2020-02-07",233.204,FALSE,NA,NA,"<= day","daily",NA,2,FALSE
"2020-02-08",232.463,FALSE,NA,NA,"<= day","daily",NA,2,FALSE
"2020-02-09",231.9,FALSE,NA,NA,"<= day","daily",NA,2,FALSE
"2020-02-10",235.938,FALSE,NA,NA,"<= day","daily",NA,2,FALSE
"2020-02-11",239.658,FALSE,NA,NA,"<= day","daily",NA,2,FALSE
"2020-02-12",235.654,FALSE,NA,NA,"<= day","daily",NA,2,FALSE
"2020-02-13",234.471,FALSE,NA,NA,"<= day","daily",NA,2,FALSE
"2020-02-14",234.637,FALSE,NA,NA,"<= day","daily",NA,2,FALSE
"2020-02-15",234.312,FALSE,NA,NA,"<= day","daily",NA,2,FALSE
"2020-02-16",233.933,FALSE,NA,NA,"<= day","daily",NA,2,FALSE
"2020-02-17",234.004,FALSE,NA,NA,"<= day","daily",NA,2,FALSE
"2020-02-18",234.221,FALSE,NA,NA,"<= day","daily",NA,2,FALSE
"2020-02-19",233.971,FALSE,NA,NA,"<= day","daily",NA,2,FALSE
"2020-02-20",233.233,FALSE,NA,NA,"<= day","daily",NA,2,FALSE
"2020-02-21",233.125,FALSE,NA,NA,"<= day","daily",NA,2,FALSE
"2020-02-22",232.417,FALSE,NA,NA,"<= day","daily",NA,2,FALSE
"2020-02-23",232.267,FALSE,NA,NA,"<= day","daily",NA,2,FALSE
"2020-02-24",232.7,FALSE,NA,NA,"<= day","daily",NA,2,FALSE
"2020-02-25",232.671,FALSE,NA,NA,"<= day","daily",NA,2,FALSE
"2020-02-26",234.104,FALSE,NA,NA,"<= day","daily",NA,2,FALSE
"2020-02-27",231.692,FALSE,NA,NA,"<= day","daily",NA,2,FALSE
"2020-02-28",231.771,FALSE,NA,NA,"<= day","daily",NA,2,FALSE
"2020-02-29",230.121,FALSE,NA,NA,"<= day","daily",NA,2,FALSE
"2020-03-01",230.4,FALSE,NA,NA,"<= day","daily",NA,2,FALSE
"2020-03-02",231.617,FALSE,NA,NA,"<= day","daily",NA,2,FALSE
"2020-03-03",233.225,FALSE,NA,NA,"<= day","daily",NA,2,FALSE
"2020-03-04",232.917,FALSE,NA,NA,"<= day","daily",NA,2,FALSE
"2020-03-05",233.15,FALSE,NA,NA,"<= day","daily",NA,2,FALSE
"2020-03-06",233.675,FALSE,NA,NA,"<= day","daily",NA,2,FALSE
"2020-03-07",232.767,FALSE,NA,NA,"<= day","daily",NA,2,FALSE
"2020-03-08",232.933,FALSE,NA,NA,"<= day","daily",NA,2,FALSE
"2020-03-09",233.787,FALSE,NA,NA,"<= day","daily",NA,2,FALSE
"2020-03-10",233.787,FALSE,NA,NA,"<= day","daily",NA,2,FALSE
"2020-03-11",234.642,FALSE,NA,NA,"<= day","daily",NA,2,FALSE
"2020-03-12",234.883,FALSE,NA,NA,"<= day","daily",NA,2,FALSE
"2020-03-13",234.658,FALSE,NA,NA,"<= day","daily",NA,2,FALSE
"2020-03-14",233.767,FALSE,NA,NA,"<= day","daily",NA,2,FALSE
"2020-03-15",233.863,FALSE,NA,NA,"<= day","daily",NA,2,FALSE
"2020-03-16",233.829,FALSE,NA,NA,"<= day","daily",NA,2,FALSE
"2020-03-17",233.192,FALSE,NA,NA,"<= day","daily",NA,2,FALSE
"2020-03-18",233.671,FALSE,NA,NA,"<= day","daily",NA,2,FALSE
"2020-03-19",234.588,FALSE,NA,NA,"<= day","daily",NA,2,FALSE
"2020-03-20",235.367,FALSE,NA,NA,"<= day","daily",NA,2,FALSE
"2020-03-21",236.604,FALSE,NA,NA,"<= day","daily",NA,2,FALSE
"2020-03-22",237.779,FALSE,NA,NA,"<= day","daily",NA,2,FALSE
"2020-03-23",237.021,FALSE,NA,NA,"<= day","daily",NA,2,FALSE
"2020-03-24",236.429,FALSE,NA,NA,"<= day","daily",NA,2,FALSE
"2020-03-25",236.15,FALSE,NA,NA,"<= day","daily",NA,2,FALSE
"2020-03-26",235.879,FALSE,NA,NA,"<= day","daily",NA,2,FALSE
"2020-03-27",235.258,FALSE,NA,NA,"<= day","daily",NA,2,FALSE
"2020-03-28",235.458,FALSE,NA,NA,"<= day","daily",NA,2,FALSE
"2020-03-29",235.346,FALSE,NA,NA,"<= day","daily",NA,2,FALSE
"2020-03-30",234.817,FALSE,NA,NA,"<= day","daily",NA,2,FALSE
"2020-03-31",234.537,FALSE,NA,NA,"<= day","daily",NA,2,FALSE
"2020-04-01",234.613,FALSE,NA,NA,"<= day","daily",NA,2,FALSE
"2020-04-02",234.458,FALSE,NA,NA,"<= day","daily",NA,2,FALSE
"2020-04-03",234.262,FALSE,NA,NA,"<= day","daily",NA,2,FALSE
"2020-04-04",232.879,FALSE,NA,NA,"<= day","daily",NA,2,FALSE
"2020-04-05",232,FALSE,NA,NA,"<= day","daily",NA,2,FALSE
"2020-04-06",232.117,FALSE,NA,NA,"<= day","daily",NA,2,FALSE
"2020-04-07",232.129,FALSE,NA,NA,"<= day","daily",NA,2,FALSE
"2020-04-08",233.296,FALSE,NA,NA,"<= day","daily",NA,2,FALSE
"2020-04-09",233.804,FALSE,NA,NA,"<= day","daily",NA,2,FALSE
"2020-04-10",234.092,FALSE,NA,NA,"<= day","daily",NA,2,FALSE
"2020-04-11",235.267,FALSE,NA,NA,"<= day","daily",NA,2,FALSE
"2020-04-12",236.167,FALSE,NA,NA,"<= day","daily",NA,2,FALSE
"2020-04-13",237.238,FALSE,NA,NA,"<= day","daily",NA,2,FALSE
"2020-04-14",238.137,FALSE,NA,NA,"<= day","daily",NA,2,FALSE
"2020-04-15",238.179,FALSE,NA,NA,"<= day","daily",NA,2,FALSE
"2020-04-16",238.65,FALSE,NA,NA,"<= day","daily",NA,2,FALSE
"2020-04-17",239.992,FALSE,NA,NA,"<= day","daily",NA,2,FALSE
"2020-04-18",240.9,FALSE,NA,NA,"<= day","daily",NA,2,FALSE
"2020-04-19",242.008,FALSE,NA,NA,"<= day","daily",NA,2,FALSE
"2020-04-20",242.617,FALSE,NA,NA,"<= day","daily",NA,2,FALSE
"2020-04-21",242.842,FALSE,NA,NA,"<= day","daily",NA,2,FALSE
"2020-04-22",243.542,FALSE,NA,NA,"<= day","daily",NA,2,FALSE
"2020-04-23",243.779,FALSE,NA,NA,"<= day","daily",NA,2,FALSE
"2020-04-24",244.371,FALSE,NA,NA,"<= day","daily",NA,2,FALSE
"2020-04-25",244.808,FALSE,NA,NA,"<= day","daily",NA,2,FALSE
"2020-04-26",244.642,FALSE,NA,NA,"<= day","daily",NA,2,FALSE
"2020-04-27",244.083,FALSE,NA,NA,"<= day","daily",NA,2,FALSE
"2020-04-28",243.821,FALSE,NA,NA,"<= day","daily",NA,2,FALSE
"2020-04-29",243.35,FALSE,NA,NA,"<= day","daily",NA,2,FALSE
"2020-04-30",245.3,FALSE,NA,NA,"<= day","daily",NA,2,FALSE
"2020-05-01",245.279,FALSE,NA,NA,"<= day","daily",NA,2,FALSE
"2020-05-02",245.879,FALSE,NA,NA,"<= day","daily",NA,2,FALSE
"2020-05-03",244.637,FALSE,NA,NA,"<= day","daily",NA,2,FALSE
"2020-05-04",244.796,FALSE,NA,NA,"<= day","daily",NA,2,FALSE
"2020-05-05",245.567,FALSE,NA,NA,"<= day","daily",NA,2,FALSE
"2020-05-06",245.992,FALSE,NA,NA,"<= day","daily",NA,2,FALSE
"2020-05-07",245.629,FALSE,NA,NA,"<= day","daily",NA,2,FALSE
"2020-05-08",245.738,FALSE,NA,NA,"<= day","daily",NA,2,FALSE
"2020-05-09",246.188,FALSE,NA,NA,"<= day","daily",NA,2,FALSE
"2020-05-10",245.5,FALSE,NA,NA,"<= day","daily",NA,2,FALSE
"2020-05-11",246.104,FALSE,NA,NA,"<= day","daily",NA,2,FALSE
"2020-05-12",245.183,FALSE,NA,NA,"<= day","daily",NA,2,FALSE
"2020-05-13",244.637,FALSE,NA,NA,"<= day","daily",NA,2,FALSE
"2020-05-14",243.746,FALSE,NA,NA,"<= day","daily",NA,2,FALSE
"2020-05-15",244.133,FALSE,NA,NA,"<= day","daily",NA,2,FALSE
"2020-05-16",243.342,FALSE,NA,NA,"<= day","daily",NA,2,FALSE
"2020-05-17",243.179,FALSE,NA,NA,"<= day","daily",NA,2,FALSE
"2020-05-18",243.292,FALSE,NA,NA,"<= day","daily",NA,2,FALSE
"2020-05-19",243.392,FALSE,NA,NA,"<= day","daily",NA,2,FALSE
"2020-05-20",243.471,FALSE,NA,NA,"<= day","daily",NA,2,FALSE
"2020-05-21",243.242,FALSE,NA,NA,"<= day","daily",NA,2,FALSE
"2020-05-22",243.158,FALSE,NA,NA,"<= day","daily",NA,2,FALSE
"2020-05-23",244.213,FALSE,NA,NA,"<= day","daily",NA,2,FALSE
"2020-05-24",243.179,FALSE,NA,NA,"<= day","daily",NA,2,FALSE
"2020-05-25",244.267,FALSE,NA,NA,"<= day","daily",NA,2,FALSE
"2020-05-26",244.908,FALSE,NA,NA,"<= day","daily",NA,2,FALSE
"2020-05-27",244.408,FALSE,NA,NA,"<= day","daily",NA,2,FALSE
"2020-05-28",244.442,FALSE,NA,NA,"<= day","daily",NA,2,FALSE
"2020-05-29",244.821,FALSE,NA,NA,"<= day","daily",NA,2,FALSE
"2020-05-30",244.808,FALSE,NA,NA,"<= day","daily",NA,2,FALSE
"2020-05-31",244.125,FALSE,NA,NA,"<= day","daily",NA,2,FALSE
"2020-06-01",244.225,FALSE,NA,NA,"<= day","daily",NA,2,FALSE
"2020-06-02",244.075,FALSE,NA,NA,"<= day","daily",NA,2,FALSE
"2020-06-03",244.608,FALSE,NA,NA,"<= day","daily",NA,2,FALSE
"2020-06-04",245.363,FALSE,NA,NA,"<= day","daily",NA,2,FALSE
"2020-06-05",245.438,FALSE,NA,NA,"<= day","daily",NA,2,FALSE
"2020-06-06",245.525,FALSE,NA,NA,"<= day","daily",NA,2,FALSE
"2020-06-07",245.258,FALSE,NA,NA,"<= day","daily",NA,2,FALSE
"2020-06-08",245.696,FALSE,NA,NA,"<= day","daily",NA,2,FALSE
"2020-06-09",247.421,FALSE,NA,NA,"<= day","daily",NA,2,FALSE
"2020-06-10",247.037,FALSE,NA,NA,"<= day","daily",NA,2,FALSE
"2020-06-11",247.429,FALSE,NA,NA,"<= day","daily",NA,2,FALSE
"2020-06-12",247.012,FALSE,NA,NA,"<= day","daily",NA,2,FALSE
"2020-06-13",246.75,FALSE,NA,NA,"<= day","daily",NA,2,FALSE
"2020-06-14",246.429,FALSE,NA,NA,"<= day","daily",NA,2,FALSE
"2020-06-15",249.012,FALSE,NA,NA,"<= day","daily",NA,2,FALSE
"2020-06-16",252.583,FALSE,NA,NA,"<= day","daily",NA,2,FALSE
"2020-06-17",253.283,FALSE,NA,NA,"<= day","daily",NA,2,FALSE
"2020-06-18",253.646,FALSE,NA,NA,"<= day","daily",NA,2,FALSE
"2020-06-19",254.512,FALSE,NA,NA,"<= day","daily",NA,2,FALSE
"2020-06-20",253.929,FALSE,NA,NA,"<= day","daily",NA,2,FALSE
"2020-06-21",254.608,FALSE,NA,NA,"<= day","daily",NA,2,FALSE
"2020-06-22",254.517,FALSE,NA,NA,"<= day","daily",NA,2,FALSE
"2020-06-23",254.517,FALSE,NA,NA,"<= day","daily",NA,2,FALSE
"2020-06-24",254.308,FALSE,NA,NA,"<= day","daily",NA,2,FALSE
"2020-06-25",253.717,FALSE,NA,NA,"<= day","daily",NA,2,FALSE
"2020-06-26",253.604,FALSE,NA,NA,"<= day","daily",NA,2,FALSE
"2020-06-27",253.738,FALSE,NA,NA,"<= day","daily",NA,2,FALSE
"2020-06-28",253.721,FALSE,NA,NA,"<= day","daily",NA,2,FALSE
"2020-06-29",257.621,FALSE,NA,NA,"<= day","daily",NA,2,FALSE
"2020-06-30",258.229,FALSE,NA,NA,"<= day","daily",NA,2,FALSE
"2020-07-01",262.262,FALSE,NA,NA,"<= day","daily",NA,2,FALSE
"2020-07-02",266.225,FALSE,NA,NA,"<= day","daily",NA,2,FALSE
"2020-07-03",268.408,FALSE,NA,NA,"<= day","daily",NA,2,FALSE
"2020-07-04",264.604,FALSE,NA,NA,"<= day","daily",NA,2,FALSE
"2020-07-05",262.379,FALSE,NA,NA,"<= day","daily",NA,2,FALSE
"2020-07-06",260.971,FALSE,NA,NA,"<= day","daily",NA,2,FALSE
"2020-07-07",260.304,FALSE,NA,NA,"<= day","daily",NA,2,FALSE
"2020-07-08",259.558,FALSE,NA,NA,"<= day","daily",NA,2,FALSE
"2020-07-09",258.938,FALSE,NA,NA,"<= day","daily",NA,2,FALSE
"2020-07-10",258.604,FALSE,NA,NA,"<= day","daily",NA,2,FALSE
"2020-07-11",258.829,FALSE,NA,NA,"<= day","daily",NA,2,FALSE
"2020-07-12",257.758,FALSE,NA,NA,"<= day","daily",NA,2,FALSE
"2020-07-13",257.171,FALSE,NA,NA,"<= day","daily",NA,2,FALSE
"2020-07-14",256.158,FALSE,NA,NA,"<= day","daily",NA,2,FALSE
"2020-07-15",254.6,FALSE,NA,NA,"<= day","daily",NA,2,FALSE
"2020-07-16",254.8,FALSE,NA,NA,"<= day","daily",NA,2,FALSE
"2020-07-17",258.642,FALSE,NA,NA,"<= day","daily",NA,2,FALSE
"2020-07-18",259.921,FALSE,NA,NA,"<= day","daily",NA,2,FALSE
"2020-07-19",260.117,FALSE,NA,NA,"<= day","daily",NA,2,FALSE
"2020-07-20",259.104,FALSE,NA,NA,"<= day","daily",NA,2,FALSE
"2020-07-21",258.712,FALSE,NA,NA,"<= day","daily",NA,2,FALSE
"2020-07-22",257.871,FALSE,NA,NA,"<= day","daily",NA,2,FALSE
"2020-07-23",257.525,FALSE,NA,NA,"<= day","daily",NA,2,FALSE
"2020-07-24",257.888,FALSE,NA,NA,"<= day","daily",NA,2,FALSE
"2020-07-25",257.096,FALSE,NA,NA,"<= day","daily",NA,2,FALSE
"2020-07-26",255.379,FALSE,NA,NA,"<= day","daily",NA,2,FALSE
"2020-07-27",254.067,FALSE,NA,NA,"<= day","daily",NA,2,FALSE
"2020-07-28",252.412,FALSE,NA,NA,"<= day","daily",NA,2,FALSE
"2020-07-29",251.296,FALSE,NA,NA,"<= day","daily",NA,2,FALSE
"2020-07-30",250.654,FALSE,NA,NA,"<= day","daily",NA,2,FALSE
"2020-07-31",249.975,FALSE,NA,NA,"<= day","daily",NA,2,FALSE
"2020-08-01",249.554,FALSE,NA,NA,"<= day","daily",NA,2,FALSE
"2020-08-02",248.829,FALSE,NA,NA,"<= day","daily",NA,2,FALSE
"2020-08-03",255.983,FALSE,NA,NA,"<= day","daily",NA,2,FALSE
"2020-08-04",276.621,FALSE,NA,NA,"<= day","daily",NA,2,FALSE
"2020-08-05",258.708,FALSE,NA,NA,"<= day","daily",NA,2,FALSE
"2020-08-06",258.017,FALSE,NA,NA,"<= day","daily",NA,2,FALSE
"2020-08-07",257.625,FALSE,NA,NA,"<= day","daily",NA,2,FALSE
"2020-08-08",257.546,FALSE,NA,NA,"<= day","daily",NA,2,FALSE
"2020-08-09",257.45,FALSE,NA,NA,"<= day","daily",NA,2,FALSE
"2020-08-10",257.1,FALSE,NA,NA,"<= day","daily",NA,2,FALSE
"2020-08-11",257.012,FALSE,NA,NA,"<= day","daily",NA,2,FALSE
"2020-08-12",256.625,FALSE,NA,NA,"<= day","daily",NA,2,FALSE
"2020-08-13",255.775,FALSE,NA,NA,"<= day","daily",NA,2,FALSE
"2020-08-14",255.275,FALSE,NA,NA,"<= day","daily",NA,2,FALSE
"2020-08-15",255.4,FALSE,NA,NA,"<= day","daily",NA,2,FALSE
"2020-08-16",254.938,FALSE,NA,NA,"<= day","daily",NA,2,FALSE
"2020-08-17",254.471,FALSE,NA,NA,"<= day","daily",NA,2,FALSE
"2020-08-18",254.354,FALSE,NA,NA,"<= day","daily",NA,2,FALSE
"2020-08-19",253.733,FALSE,NA,NA,"<= day","daily",NA,2,FALSE
"2020-08-20",253.512,FALSE,NA,NA,"<= day","daily",NA,2,FALSE
"2020-08-21",253.162,FALSE,NA,NA,"<= day","daily",NA,2,FALSE
"2020-08-22",252.225,FALSE,NA,NA,"<= day","daily",NA,2,FALSE
"2020-08-23",251.588,FALSE,NA,NA,"<= day","daily",NA,2,FALSE
"2020-08-24",250.079,FALSE,NA,NA,"<= day","daily",NA,2,FALSE
"2020-08-25",250.758,FALSE,NA,NA,"<= day","daily",NA,2,FALSE
"2020-08-26",251.275,FALSE,NA,NA,"<= day","daily",NA,2,FALSE
"2020-08-27",250.713,FALSE,NA,NA,"<= day","daily",NA,2,FALSE
"2020-08-28",250.7,FALSE,NA,NA,"<= day","daily",NA,2,FALSE
"2020-08-29",251.571,FALSE,NA,NA,"<= day","daily",NA,2,FALSE
"2020-08-30",250.883,FALSE,NA,NA,"<= day","daily",NA,2,FALSE
"2020-08-31",249.704,FALSE,NA,NA,"<= day","daily",NA,2,FALSE
"2020-09-01",251.596,FALSE,NA,NA,"<= day","daily",NA,2,FALSE
"2020-09-02",251.321,FALSE,NA,NA,"<= day","daily",NA,2,FALSE
"2020-09-03",250.996,FALSE,NA,NA,"<= day","daily",NA,2,FALSE
"2020-09-04",250.879,FALSE,NA,NA,"<= day","daily",NA,2,FALSE
"2020-09-05",250.679,FALSE,NA,NA,"<= day","daily",NA,2,FALSE
"2020-09-06",251.133,FALSE,NA,NA,"<= day","daily",NA,2,FALSE
"2020-09-07",254.592,FALSE,NA,NA,"<= day","daily",NA,2,FALSE
"2020-09-08",253.258,FALSE,NA,NA,"<= day","daily",NA,2,FALSE
"2020-09-09",252.287,FALSE,NA,NA,"<= day","daily",NA,2,FALSE
"2020-09-10",251.967,FALSE,NA,NA,"<= day","daily",NA,2,FALSE
"2020-09-11",251.608,FALSE,NA,NA,"<= day","daily",NA,2,FALSE
"2020-09-12",250.458,FALSE,NA,NA,"<= day","daily",NA,2,FALSE
"2020-09-13",249.521,FALSE,NA,NA,"<= day","daily",NA,2,FALSE
"2020-09-14",248.942,FALSE,NA,NA,"<= day","daily",NA,2,FALSE
"2020-09-15",248.596,FALSE,NA,NA,"<= day","daily",NA,2,FALSE
"2020-09-16",247.533,FALSE,NA,NA,"<= day","daily",NA,2,FALSE
"2020-09-17",247.754,FALSE,NA,NA,"<= day","daily",NA,2,FALSE
"2020-09-18",247.971,FALSE,NA,NA,"<= day","daily",NA,2,FALSE
"2020-09-19",247.225,FALSE,NA,NA,"<= day","daily",NA,2,FALSE
"2020-09-20",245.762,FALSE,NA,NA,"<= day","daily",NA,2,FALSE
"2020-09-21",245.575,FALSE,NA,NA,"<= day","daily",NA,2,FALSE
"2020-09-22",245.012,FALSE,NA,NA,"<= day","daily",NA,2,FALSE
"2020-09-23",244.787,FALSE,NA,NA,"<= day","daily",NA,2,FALSE
"2020-09-24",244.404,FALSE,NA,NA,"<= day","daily",NA,2,FALSE
"2020-09-25",248.842,FALSE,NA,NA,"<= day","daily",NA,2,FALSE
"2020-09-26",255.613,FALSE,NA,NA,"<= day","daily",NA,2,FALSE
"2020-09-27",251.688,FALSE,NA,NA,"<= day","daily",NA,2,FALSE
"2020-09-28",249.558,FALSE,NA,NA,"<= day","daily",NA,2,FALSE
"2020-09-29",249.725,FALSE,NA,NA,"<= day","daily",NA,2,FALSE
"2020-09-30",249.062,FALSE,NA,NA,"<= day","daily",NA,2,FALSE
"2020-10-01",251.229,FALSE,NA,NA,"<= day","daily",NA,2,FALSE
"2020-10-02",251.633,FALSE,NA,NA,"<= day","daily",NA,2,FALSE
"2020-10-03",251.246,FALSE,NA,NA,"<= day","daily",NA,2,FALSE
"2020-10-04",250.892,FALSE,NA,NA,"<= day","daily",NA,2,FALSE
"2020-10-05",251.567,FALSE,NA,NA,"<= day","daily",NA,2,FALSE
"2020-10-06",252.479,FALSE,NA,NA,"<= day","daily",NA,2,FALSE
"2020-10-07",252.842,FALSE,NA,NA,"<= day","daily",NA,2,FALSE
"2020-10-08",253.754,FALSE,NA,NA,"<= day","daily",NA,2,FALSE
"2020-10-09",253.142,FALSE,NA,NA,"<= day","daily",NA,2,FALSE
"2020-10-10",252.571,FALSE,NA,NA,"<= day","daily",NA,2,FALSE
"2020-10-11",252.725,FALSE,NA,NA,"<= day","daily",NA,2,FALSE
"2020-10-12",253.004,FALSE,NA,NA,"<= day","daily",NA,2,FALSE
"2020-10-13",253.108,FALSE,NA,NA,"<= day","daily",NA,2,FALSE
"2020-10-14",252.537,FALSE,NA,NA,"<= day","daily",NA,2,FALSE
"2020-10-15",252.217,FALSE,NA,NA,"<= day","daily",NA,2,FALSE
"2020-10-16",252.579,FALSE,NA,NA,"<= day","daily",NA,2,FALSE
"2020-10-17",253.767,FALSE,NA,NA,"<= day","daily",NA,2,FALSE
"2020-10-18",252.713,FALSE,NA,NA,"<= day","daily",NA,2,FALSE
"2020-10-19",251.967,FALSE,NA,NA,"<= day","daily",NA,2,FALSE
"2020-10-20",251.092,FALSE,NA,NA,"<= day","daily",NA,2,FALSE
"2020-10-21",250.562,FALSE,NA,NA,"<= day","daily",NA,2,FALSE
"2020-10-22",250.458,FALSE,NA,NA,"<= day","daily",NA,2,FALSE
"2020-10-23",250.517,FALSE,NA,NA,"<= day","daily",NA,2,FALSE
"2020-10-24",251.142,FALSE,NA,NA,"<= day","daily",NA,2,FALSE
"2020-10-25",251.1,FALSE,NA,NA,"<= day","daily",NA,2,FALSE
"2020-10-26",250.975,FALSE,NA,NA,"<= day","daily",NA,2,FALSE
"2020-10-27",252.508,FALSE,NA,NA,"<= day","daily",NA,2,FALSE
"2020-10-28",250.646,FALSE,NA,NA,"<= day","daily",NA,2,FALSE
"2020-10-29",252.988,FALSE,NA,NA,"<= day","daily",NA,2,FALSE
"2020-10-30",259.562,FALSE,NA,NA,"<= day","daily",NA,2,FALSE
"2020-10-31",257.221,FALSE,NA,NA,"<= day","daily",NA,2,FALSE
"2020-11-01",254.812,FALSE,NA,NA,"<= day","daily",NA,2,FALSE
"2020-11-02",254.225,FALSE,NA,NA,"<= day","daily",NA,2,FALSE
"2020-11-03",252.879,FALSE,NA,NA,"<= day","daily",NA,2,FALSE
"2020-11-04",251.546,FALSE,NA,NA,"<= day","daily",NA,2,FALSE
"2020-11-05",250.613,FALSE,NA,NA,"<= day","daily",NA,2,FALSE
"2020-11-06",250.679,FALSE,NA,NA,"<= day","daily",NA,2,FALSE
"2020-11-07",250.113,FALSE,NA,NA,"<= day","daily",NA,2,FALSE
"2020-11-08",250.475,FALSE,NA,NA,"<= day","daily",NA,2,FALSE
"2020-11-09",248.567,FALSE,NA,NA,"<= day","daily",NA,2,FALSE
"2020-11-10",249.738,FALSE,NA,NA,"<= day","daily",NA,2,FALSE
"2020-11-11",250.688,FALSE,NA,NA,"<= day","daily",NA,2,FALSE
"2020-11-12",249.342,FALSE,NA,NA,"<= day","daily",NA,2,FALSE
"2020-11-13",248.7,FALSE,NA,NA,"<= day","daily",NA,2,FALSE
"2020-11-14",247.783,FALSE,NA,NA,"<= day","daily",NA,2,FALSE
"2020-11-15",246.983,FALSE,NA,NA,"<= day","daily",NA,2,FALSE
"2020-11-16",247.008,FALSE,NA,NA,"<= day","daily",NA,2,FALSE
"2020-11-17",245.546,FALSE,NA,NA,"<= day","daily",NA,2,FALSE
"2020-11-18",245.325,FALSE,NA,NA,"<= day","daily",NA,2,FALSE
"2020-11-19",245.713,FALSE,NA,NA,"<= day","daily",NA,2,FALSE
"2020-11-20",245.108,FALSE,NA,NA,"<= day","daily",NA,2,FALSE
"2020-11-21",243.529,FALSE,NA,NA,"<= day","daily",NA,2,FALSE
"2020-11-22",242.596,FALSE,NA,NA,"<= day","daily",NA,2,FALSE
"2020-11-23",241.375,FALSE,NA,NA,"<= day","daily",NA,2,FALSE
"2020-11-24",241.421,FALSE,NA,NA,"<= day","daily",NA,2,FALSE
"2020-11-25",239.625,FALSE,NA,NA,"<= day","daily",NA,2,FALSE
"2020-11-26",239.133,FALSE,NA,NA,"<= day","daily",NA,2,FALSE
"2020-11-27",238.162,FALSE,NA,NA,"<= day","daily",NA,2,FALSE
"2020-11-28",237.633,FALSE,NA,NA,"<= day","daily",NA,2,FALSE
"2020-11-29",237.642,FALSE,NA,NA,"<= day","daily",NA,2,FALSE
"2020-11-30",236.171,FALSE,NA,NA,"<= day","daily",NA,2,FALSE
"2020-12-01",235.646,FALSE,NA,NA,"<= day","daily",NA,2,FALSE
"2020-12-02",235.971,FALSE,NA,NA,"<= day","daily",NA,2,FALSE
"2020-12-03",236.175,FALSE,NA,NA,"<= day","daily",NA,2,FALSE
"2020-12-04",236.021,FALSE,NA,NA,"<= day","daily",NA,2,FALSE
"2020-12-05",234.312,FALSE,NA,NA,"<= day","daily",NA,2,FALSE
"2020-12-06",234.883,FALSE,NA,NA,"<= day","daily",NA,2,FALSE
"2020-12-07",232.8,FALSE,NA,NA,"<= day","daily",NA,2,FALSE
"2020-12-08",232.029,FALSE,NA,NA,"<= day","daily",NA,2,FALSE
"2020-12-09",231.7,FALSE,NA,NA,"<= day","daily",NA,2,FALSE
"2020-12-10",232.075,FALSE,NA,NA,"<= day","daily",NA,2,FALSE
"2020-12-11",230.571,FALSE,NA,NA,"<= day","daily",NA,2,FALSE
"2020-12-12",230.204,FALSE,NA,NA,"<= day","daily",NA,2,FALSE
"2020-12-13",228.979,FALSE,NA,NA,"<= day","daily",NA,2,FALSE
"2020-12-14",227.467,FALSE,NA,NA,"<= day","daily",NA,2,FALSE
"2020-12-15",226.496,FALSE,NA,NA,"<= day","daily",NA,2,FALSE
"2020-12-16",227.15,FALSE,NA,NA,"<= day","daily",NA,2,FALSE
"2020-12-17",227.371,FALSE,NA,NA,"<= day","daily",NA,2,FALSE
"2020-12-18",225.688,FALSE,NA,NA,"<= day","daily",NA,2,FALSE
"2020-12-19",225.442,FALSE,NA,NA,"<= day","daily",NA,2,FALSE
"2020-12-20",223.725,FALSE,NA,NA,"<= day","daily",NA,2,FALSE
"2020-12-21",223.825,FALSE,NA,NA,"<= day","daily",NA,2,FALSE
"2020-12-22",223.321,FALSE,NA,NA,"<= day","daily",NA,2,FALSE
"2020-12-23",223.783,FALSE,NA,NA,"<= day","daily",NA,2,FALSE
"2020-12-24",223.908,FALSE,NA,NA,"<= day","daily",NA,2,FALSE
"2020-12-25",224.125,FALSE,NA,NA,"<= day","daily",NA,2,FALSE
"2020-12-26",222.896,FALSE,NA,NA,"<= day","daily",NA,2,FALSE
"2020-12-27",222.696,FALSE,NA,NA,"<= day","daily",NA,2,FALSE
"2020-12-28",222.546,FALSE,NA,NA,"<= day","daily",NA,2,FALSE
"2020-12-29",222.004,FALSE,NA,NA,"<= day","daily",NA,2,FALSE
"2020-12-30",220.567,FALSE,NA,NA,"<= day","daily",NA,2,FALSE
"2020-12-31",221.192,FALSE,NA,NA,"<= day","daily",NA,2,FALSE
"2021-01-01",221.658,FALSE,NA,NA,"<= day","daily",NA,2,FALSE
"2021-01-02",220.887,FALSE,NA,NA,"<= day","daily",NA,2,FALSE
"2021-01-03",221.012,FALSE,NA,NA,"<= day","daily",NA,2,FALSE
"2021-01-04",220.704,FALSE,NA,NA,"<= day","daily",NA,2,FALSE
"2021-01-05",220.004,FALSE,NA,NA,"<= day","daily",NA,2,FALSE
"2021-01-06",220.079,FALSE,NA,NA,"<= day","daily",NA,2,FALSE
"2021-01-07",219.3,FALSE,NA,NA,"<= day","daily",NA,2,FALSE
"2021-01-08",219.625,FALSE,NA,NA,"<= day","daily",NA,2,FALSE
"2021-01-09",219.475,FALSE,NA,NA,"<= day","daily",NA,2,FALSE
"2021-01-10",219.233,FALSE,NA,NA,"<= day","daily",NA,2,FALSE
"2021-01-11",218.15,FALSE,NA,NA,"<= day","daily",NA,2,FALSE
"2021-01-12",218.754,FALSE,NA,NA,"<= day","daily",NA,2,FALSE
"2021-01-13",218.471,FALSE,NA,NA,"<= day","daily",NA,2,FALSE
"2021-01-14",218.079,FALSE,NA,NA,"<= day","daily",NA,2,FALSE
"2021-01-15",218.2,FALSE,NA,NA,"<= day","daily",NA,2,FALSE
"2021-01-16",218.367,FALSE,NA,NA,"<= day","daily",NA,2,FALSE
"2021-01-17",218.95,FALSE,NA,NA,"<= day","daily",NA,2,FALSE
"2021-01-18",218.088,FALSE,NA,NA,"<= day","daily",NA,2,FALSE
"2021-01-19",217.246,FALSE,NA,NA,"<= day","daily",NA,2,FALSE
"2021-01-20",217.721,FALSE,NA,NA,"<= day","daily",NA,2,FALSE
"2021-01-21",218.504,FALSE,NA,NA,"<= day","daily",NA,2,FALSE
"2021-01-22",219.4,FALSE,NA,NA,"<= day","daily",NA,2,FALSE
"2021-01-23",219.808,FALSE,NA,NA,"<= day","daily",NA,2,FALSE
"2021-01-24",220.875,FALSE,NA,NA,"<= day","daily",NA,2,FALSE
"2021-01-25",222.213,FALSE,NA,NA,"<= day","daily",NA,2,FALSE
"2021-01-26",222.308,FALSE,NA,NA,"<= day","daily",NA,2,FALSE
"2021-01-27",222.429,FALSE,NA,NA,"<= day","daily",NA,2,FALSE
"2021-01-28",222.458,FALSE,NA,NA,"<= day","daily",NA,2,FALSE
"2021-01-29",222.683,FALSE,NA,NA,"<= day","daily",NA,2,FALSE
"2021-01-30",222.354,FALSE,NA,NA,"<= day","daily",NA,2,FALSE
"2021-01-31",222.713,FALSE,NA,NA,"<= day","daily",NA,2,FALSE
"2021-02-01",221.613,FALSE,NA,NA,"<= day","daily",NA,2,FALSE
"2021-02-02",220.317,FALSE,NA,NA,"<= day","daily",NA,2,FALSE
"2021-02-03",220.688,FALSE,NA,NA,"<= day","daily",NA,2,FALSE
"2021-02-04",221.321,FALSE,NA,NA,"<= day","daily",NA,2,FALSE
"2021-02-05",220.387,FALSE,NA,NA,"<= day","daily",NA,2,FALSE
"2021-02-06",220.825,FALSE,NA,NA,"<= day","daily",NA,2,FALSE
"2021-02-07",223.787,FALSE,NA,NA,"<= day","daily",NA,2,FALSE
"2021-02-08",223.662,FALSE,NA,NA,"<= day","daily",NA,2,FALSE
"2021-02-09",223.792,FALSE,NA,NA,"<= day","daily",NA,2,FALSE
"2021-02-10",223.583,FALSE,NA,NA,"<= day","daily",NA,2,FALSE
"2021-02-11",223.171,FALSE,NA,NA,"<= day","daily",NA,2,FALSE
"2021-02-12",222.804,FALSE,NA,NA,"<= day","daily",NA,2,FALSE
"2021-02-13",222.938,FALSE,NA,NA,"<= day","daily",NA,2,FALSE
"2021-02-14",222.358,FALSE,NA,NA,"<= day","daily",NA,2,FALSE
"2021-02-15",221.904,FALSE,NA,NA,"<= day","daily",NA,2,FALSE
"2021-02-16",221.529,FALSE,NA,NA,"<= day","daily",NA,2,FALSE
"2021-02-17",222.154,FALSE,NA,NA,"<= day","daily",NA,2,FALSE
"2021-02-18",221.346,FALSE,NA,NA,"<= day","daily",NA,2,FALSE
"2021-02-19",220.312,FALSE,NA,NA,"<= day","daily",NA,2,FALSE
"2021-02-20",219.775,FALSE,NA,NA,"<= day","daily",NA,2,FALSE
"2021-02-21",219.688,FALSE,NA,NA,"<= day","daily",NA,2,FALSE
"2021-02-22",219.471,FALSE,NA,NA,"<= day","daily",NA,2,FALSE
"2021-02-23",218.758,FALSE,NA,NA,"<= day","daily",NA,2,FALSE
"2021-02-24",219.229,FALSE,NA,NA,"<= day","daily",NA,2,FALSE
"2021-02-25",219.287,FALSE,NA,NA,"<= day","daily",NA,2,FALSE
"2021-02-26",219.396,FALSE,NA,NA,"<= day","daily",NA,2,FALSE
"2021-02-27",219.621,FALSE,NA,NA,"<= day","daily",NA,2,FALSE
"2021-02-28",218.908,FALSE,NA,NA,"<= day","daily",NA,2,FALSE
"2021-03-01",218.967,FALSE,NA,NA,"<= day","daily",NA,2,FALSE
"2021-03-02",219.204,FALSE,NA,NA,"<= day","daily",NA,2,FALSE
"2021-03-03",218.604,FALSE,NA,NA,"<= day","daily",NA,2,FALSE
"2021-03-04",218.392,FALSE,NA,NA,"<= day","daily",NA,2,FALSE
"2021-03-05",219.333,FALSE,NA,NA,"<= day","daily",NA,2,FALSE
"2021-03-06",216.588,FALSE,NA,NA,"<= day","daily",NA,2,FALSE
"2021-03-07",216.808,FALSE,NA,NA,"<= day","daily",NA,2,FALSE
"2021-03-08",217.6,FALSE,NA,NA,"<= day","daily",NA,2,FALSE
"2021-03-09",217.171,FALSE,NA,NA,"<= day","daily",NA,2,FALSE
"2021-03-10",216.738,FALSE,NA,NA,"<= day","daily",NA,2,FALSE
"2021-03-11",216.45,FALSE,NA,NA,"<= day","daily",NA,2,FALSE
"2021-03-12",217.258,FALSE,NA,NA,"<= day","daily",NA,2,FALSE
"2021-03-13",216.875,FALSE,NA,NA,"<= day","daily",NA,2,FALSE
"2021-03-14",216.579,FALSE,NA,NA,"<= day","daily",NA,2,FALSE
"2021-03-15",216.054,FALSE,NA,NA,"<= day","daily",NA,2,FALSE
"2021-03-16",216.283,FALSE,NA,NA,"<= day","daily",NA,2,FALSE
"2021-03-17",215.779,FALSE,NA,NA,"<= day","daily",NA,2,FALSE
"2021-03-18",215.842,FALSE,NA,NA,"<= day","daily",NA,2,FALSE
"2021-03-19",215.796,FALSE,NA,NA,"<= day","daily",NA,2,FALSE
"2021-03-20",215.546,FALSE,NA,NA,"<= day","daily",NA,2,FALSE
"2021-03-21",214.8,FALSE,NA,NA,"<= day","daily",NA,2,FALSE
"2021-03-22",214.896,FALSE,NA,NA,"<= day","daily",NA,2,FALSE
"2021-03-23",214.3,FALSE,NA,NA,"<= day","daily",NA,2,FALSE
"2021-03-24",213.721,FALSE,NA,NA,"<= day","daily",NA,2,FALSE
"2021-03-25",215.408,FALSE,NA,NA,"<= day","daily",NA,2,FALSE
"2021-03-26",216.196,FALSE,NA,NA,"<= day","daily",NA,2,FALSE
"2021-03-27",217.787,FALSE,NA,NA,"<= day","daily",NA,2,FALSE
"2021-03-28",218.579,FALSE,NA,NA,"<= day","daily",NA,2,FALSE
"2021-03-29",218.733,FALSE,NA,NA,"<= day","daily",NA,2,FALSE
"2021-03-30",218.8,FALSE,NA,NA,"<= day","daily",NA,2,FALSE
"2021-03-31",219.658,FALSE,NA,NA,"<= day","daily",NA,2,FALSE
"2021-04-01",220.488,FALSE,NA,NA,"<= day","daily",NA,2,FALSE
"2021-04-02",220.85,FALSE,NA,NA,"<= day","daily",NA,2,FALSE
"2021-04-03",219.975,FALSE,NA,NA,"<= day","daily",NA,2,FALSE
"2021-04-04",219.729,FALSE,NA,NA,"<= day","daily",NA,2,FALSE
"2021-04-05",219.667,FALSE,NA,NA,"<= day","daily",NA,2,FALSE
"2021-04-06",218.6,FALSE,NA,NA,"<= day","daily",NA,2,FALSE
"2021-04-07",217.975,FALSE,NA,NA,"<= day","daily",NA,2,FALSE
"2021-04-08",217.387,FALSE,NA,NA,"<= day","daily",NA,2,FALSE
"2021-04-09",215.475,FALSE,NA,NA,"<= day","daily",NA,2,FALSE
"2021-04-10",215.692,FALSE,NA,NA,"<= day","daily",NA,2,FALSE
"2021-04-11",215.392,FALSE,NA,NA,"<= day","daily",NA,2,FALSE
"2021-04-12",215.037,FALSE,NA,NA,"<= day","daily",NA,2,FALSE
"2021-04-13",214.846,FALSE,NA,NA,"<= day","daily",NA,2,FALSE
"2021-04-14",215.15,FALSE,NA,NA,"<= day","daily",NA,2,FALSE
"2021-04-15",214.963,FALSE,NA,NA,"<= day","daily",NA,2,FALSE
"2021-04-16",214.838,FALSE,NA,NA,"<= day","daily",NA,2,FALSE
"2021-04-17",214.846,FALSE,NA,NA,"<= day","daily",NA,2,FALSE
"2021-04-18",214.292,FALSE,NA,NA,"<= day","daily",NA,2,FALSE
"2021-04-19",214.012,FALSE,NA,NA,"<= day","daily",NA,2,FALSE
"2021-04-20",213.692,FALSE,NA,NA,"<= day","daily",NA,2,FALSE
"2021-04-21",214.204,FALSE,NA,NA,"<= day","daily",NA,2,FALSE
"2021-04-22",213.742,FALSE,NA,NA,"<= day","daily",NA,2,FALSE
"2021-04-23",215.058,FALSE,NA,NA,"<= day","daily",NA,2,FALSE
"2021-04-24",216.117,FALSE,NA,NA,"<= day","daily",NA,2,FALSE
"2021-04-25",216.396,FALSE,NA,NA,"<= day","daily",NA,2,FALSE
"2021-04-26",217.079,FALSE,NA,NA,"<= day","daily",NA,2,FALSE
"2021-04-27",218.188,FALSE,NA,NA,"<= day","daily",NA,2,FALSE
"2021-04-28",218.533,FALSE,NA,NA,"<= day","daily",NA,2,FALSE
"2021-04-29",217.483,FALSE,NA,NA,"<= day","daily",NA,2,FALSE
"2021-04-30",218.383,FALSE,NA,NA,"<= day","daily",NA,2,FALSE
"2021-05-01",219.583,FALSE,NA,NA,"<= day","daily",NA,2,FALSE
"2021-05-02",219.592,FALSE,NA,NA,"<= day","daily",NA,2,FALSE
"2021-05-03",219.071,FALSE,NA,NA,"<= day","daily",NA,2,FALSE
"2021-05-04",219,FALSE,NA,NA,"<= day","daily",NA,2,FALSE
"2021-05-05",219.588,FALSE,NA,NA,"<= day","daily",NA,2,FALSE
"2021-05-06",219.296,FALSE,NA,NA,"<= day","daily",NA,2,FALSE
"2021-05-07",219.271,FALSE,NA,NA,"<= day","daily",NA,2,FALSE
"2021-05-08",219.021,FALSE,NA,NA,"<= day","daily",NA,2,FALSE
"2021-05-09",218.387,FALSE,NA,NA,"<= day","daily",NA,2,FALSE
"2021-05-10",220.6,FALSE,NA,NA,"<= day","daily",NA,2,FALSE
"2021-05-11",222.629,FALSE,NA,NA,"<= day","daily",NA,2,FALSE
"2021-05-12",225.121,FALSE,NA,NA,"<= day","daily",NA,2,FALSE
"2021-05-13",225.7,FALSE,NA,NA,"<= day","daily",NA,2,FALSE
"2021-05-14",225.071,FALSE,NA,NA,"<= day","daily",NA,2,FALSE
"2021-05-15",226.254,FALSE,NA,NA,"<= day","daily",NA,2,FALSE
"2021-05-16",228.887,FALSE,NA,NA,"<= day","daily",NA,2,FALSE
"2021-05-17",232.863,FALSE,NA,NA,"<= day","daily",NA,2,FALSE
"2021-05-18",235.521,FALSE,NA,NA,"<= day","daily",NA,2,FALSE
"2021-05-19",240.146,FALSE,NA,NA,"<= day","daily",NA,2,FALSE
"2021-05-20",246.775,FALSE,NA,NA,"<= day","daily",NA,2,FALSE
"2021-05-21",245.617,FALSE,NA,NA,"<= day","daily",NA,2,FALSE
"2021-05-22",245.062,FALSE,NA,NA,"<= day","daily",NA,2,FALSE
"2021-05-23",245.225,FALSE,NA,NA,"<= day","daily",NA,2,FALSE
"2021-05-24",243.892,FALSE,NA,NA,"<= day","daily",NA,2,FALSE
"2021-05-25",244.7,FALSE,NA,NA,"<= day","daily",NA,2,FALSE
"2021-05-26",245.183,FALSE,NA,NA,"<= day","daily",NA,2,FALSE
"2021-05-27",245.438,FALSE,NA,NA,"<= day","daily",NA,2,FALSE
"2021-05-28",246.988,FALSE,NA,NA,"<= day","daily",NA,2,FALSE
"2021-05-29",246.079,FALSE,NA,NA,"<= day","daily",NA,2,FALSE
"2021-05-30",245.988,FALSE,NA,NA,"<= day","daily",NA,2,FALSE
"2021-05-31",246.408,FALSE,NA,NA,"<= day","daily",NA,2,FALSE
"2021-06-01",245.475,FALSE,NA,NA,"<= day","daily",NA,2,FALSE
"2021-06-02",247.608,FALSE,NA,NA,"<= day","daily",NA,2,FALSE
"2021-06-03",247.742,FALSE,NA,NA,"<= day","daily",NA,2,FALSE
"2021-06-04",248.642,FALSE,NA,NA,"<= day","daily",NA,2,FALSE
"2021-06-05",252.075,FALSE,NA,NA,"<= day","daily",NA,2,FALSE
"2021-06-06",250.438,FALSE,NA,NA,"<= day","daily",NA,2,FALSE
"2021-06-07",249.421,FALSE,NA,NA,"<= day","daily",NA,2,FALSE
"2021-06-08",252.162,FALSE,NA,NA,"<= day","daily",NA,2,FALSE
"2021-06-09",253.758,FALSE,NA,NA,"<= day","daily",NA,2,FALSE
"2021-06-10",253.321,FALSE,NA,NA,"<= day","daily",NA,2,FALSE
"2021-06-11",251.283,FALSE,NA,NA,"<= day","daily",NA,2,FALSE
"2021-06-12",252.875,FALSE,NA,NA,"<= day","daily",NA,2,FALSE
"2021-06-13",252.792,FALSE,NA,NA,"<= day","daily",NA,2,FALSE
"2021-06-14",249.625,FALSE,NA,NA,"<= day","daily",NA,2,FALSE
"2021-06-15",248.45,FALSE,NA,NA,"<= day","daily",NA,2,FALSE
"2021-06-16",248.242,FALSE,NA,NA,"<= day","daily",NA,2,FALSE
"2021-06-17",246.012,FALSE,NA,NA,"<= day","daily",NA,2,FALSE
"2021-06-18",240.254,FALSE,NA,NA,"<= day","daily",NA,2,FALSE
"2021-06-19",240.383,FALSE,NA,NA,"<= day","daily",NA,2,FALSE
"2021-06-20",239.833,FALSE,NA,NA,"<= day","daily",NA,2,FALSE
"2021-06-21",239.5,FALSE,NA,NA,"<= day","daily",NA,2,FALSE
"2021-06-22",239.575,FALSE,NA,NA,"<= day","daily",NA,2,FALSE
"2021-06-23",241.188,FALSE,NA,NA,"<= day","daily",NA,2,FALSE
"2021-06-24",240.708,FALSE,NA,NA,"<= day","daily",NA,2,FALSE
"2021-06-25",238.192,FALSE,NA,NA,"<= day","daily",NA,2,FALSE
"2021-06-26",241.217,FALSE,NA,NA,"<= day","daily",NA,2,FALSE
"2021-06-27",247.329,FALSE,NA,NA,"<= day","daily",NA,2,FALSE
"2021-06-28",243.267,FALSE,NA,NA,"<= day","daily",NA,2,FALSE
"2021-06-29",242.129,FALSE,NA,NA,"<= day","daily",NA,2,FALSE
"2021-06-30",242.608,FALSE,NA,NA,"<= day","daily",NA,2,FALSE
"2021-07-01",243.033,FALSE,NA,NA,"<= day","daily",NA,2,FALSE
"2021-07-02",244.692,FALSE,NA,NA,"<= day","daily",NA,2,FALSE
"2021-07-03",248.854,FALSE,NA,NA,"<= day","daily",NA,2,FALSE
"2021-07-04",248.9,FALSE,NA,NA,"<= day","daily",NA,2,FALSE
"2021-07-05",250.067,FALSE,NA,NA,"<= day","daily",NA,2,FALSE
"2021-07-06",250.479,FALSE,NA,NA,"<= day","daily",NA,2,FALSE
"2021-07-07",249.408,FALSE,NA,NA,"<= day","daily",NA,2,FALSE
"2021-07-08",247.779,FALSE,NA,NA,"<= day","daily",NA,2,FALSE
"2021-07-09",245.971,FALSE,NA,NA,"<= day","daily",NA,2,FALSE
"2021-07-10",247.725,FALSE,NA,NA,"<= day","daily",NA,2,FALSE
"2021-07-11",247.054,FALSE,NA,NA,"<= day","daily",NA,2,FALSE
"2021-07-12",247.946,FALSE,NA,NA,"<= day","daily",NA,2,FALSE
"2021-07-13",248.938,FALSE,NA,NA,"<= day","daily",NA,2,FALSE
"2021-07-14",249.358,FALSE,NA,NA,"<= day","daily",NA,2,FALSE
"2021-07-15",248.592,FALSE,NA,NA,"<= day","daily",NA,2,FALSE
"2021-07-16",246.917,FALSE,NA,NA,"<= day","daily",NA,2,FALSE
"2021-07-17",247.217,FALSE,NA,NA,"<= day","daily",NA,2,FALSE
"2021-07-18",263.642,FALSE,NA,NA,"<= day","daily",NA,2,FALSE
"2021-07-19",259.725,FALSE,NA,NA,"<= day","daily",NA,2,FALSE
"2021-07-20",250.296,FALSE,NA,NA,"<= day","daily",NA,2,FALSE
"2021-07-21",249.562,FALSE,NA,NA,"<= day","daily",NA,2,FALSE
"2021-07-22",248.971,FALSE,NA,NA,"<= day","daily",NA,2,FALSE
"2021-07-23",249.654,FALSE,NA,NA,"<= day","daily",NA,2,FALSE
"2021-07-24",248.658,FALSE,NA,NA,"<= day","daily",NA,2,FALSE
"2021-07-25",247.375,FALSE,NA,NA,"<= day","daily",NA,2,FALSE
"2021-07-26",245.233,FALSE,NA,NA,"<= day","daily",NA,2,FALSE
"2021-07-27",242.779,FALSE,NA,NA,"<= day","daily",NA,2,FALSE
"2021-07-28",241.117,FALSE,NA,NA,"<= day","daily",NA,2,FALSE
"2021-07-29",240.604,FALSE,NA,NA,"<= day","daily",NA,2,FALSE
"2021-07-30",239.863,FALSE,NA,NA,"<= day","daily",NA,2,FALSE
"2021-07-31",238.779,FALSE,NA,NA,"<= day","daily",NA,2,FALSE
"2021-08-01",239.783,FALSE,NA,NA,"<= day","daily",NA,2,FALSE
"2021-08-02",238.908,FALSE,NA,NA,"<= day","daily",NA,2,FALSE
"2021-08-03",239.025,FALSE,NA,NA,"<= day","daily",NA,2,FALSE
"2021-08-04",240.842,FALSE,NA,NA,"<= day","daily",NA,2,FALSE
"2021-08-05",248.454,FALSE,NA,NA,"<= day","daily",NA,2,FALSE
"2021-08-06",245.863,FALSE,NA,NA,"<= day","daily",NA,2,FALSE
"2021-08-07",245.517,FALSE,NA,NA,"<= day","daily",NA,2,FALSE
"2021-08-08",248.088,FALSE,NA,NA,"<= day","daily",NA,2,FALSE
"2021-08-09",248.029,FALSE,NA,NA,"<= day","daily",NA,2,FALSE
"2021-08-10",247.054,FALSE,NA,NA,"<= day","daily",NA,2,FALSE
"2021-08-11",248.3,FALSE,NA,NA,"<= day","daily",NA,2,FALSE
"2021-08-12",245.858,FALSE,NA,NA,"<= day","daily",NA,2,FALSE
"2021-08-13",243.321,FALSE,NA,NA,"<= day","daily",NA,2,FALSE
"2021-08-14",243.104,FALSE,NA,NA,"<= day","daily",NA,2,FALSE
"2021-08-15",242.108,FALSE,NA,NA,"<= day","daily",NA,2,FALSE
"2021-08-16",242.646,FALSE,NA,NA,"<= day","daily",NA,2,FALSE
"2021-08-17",246.012,FALSE,NA,NA,"<= day","daily",NA,2,FALSE
"2021-08-18",245.458,FALSE,NA,NA,"<= day","daily",NA,2,FALSE
"2021-08-19",244.525,FALSE,NA,NA,"<= day","daily",NA,2,FALSE
"2021-08-20",246.113,FALSE,NA,NA,"<= day","daily",NA,2,FALSE
"2021-08-21",247.058,FALSE,NA,NA,"<= day","daily",NA,2,FALSE
"2021-08-22",247.088,FALSE,NA,NA,"<= day","daily",NA,2,FALSE
"2021-08-23",246.196,FALSE,NA,NA,"<= day","daily",NA,2,FALSE
"2021-08-24",246.629,FALSE,NA,NA,"<= day","daily",NA,2,FALSE
"2021-08-25",246.1,FALSE,NA,NA,"<= day","daily",NA,2,FALSE
"2021-08-26",246.333,FALSE,NA,NA,"<= day","daily",NA,2,FALSE
"2021-08-27",247.108,FALSE,NA,NA,"<= day","daily",NA,2,FALSE
"2021-08-28",247.312,FALSE,NA,NA,"<= day","daily",NA,2,FALSE
"2021-08-29",252.787,FALSE,NA,NA,"<= day","daily",NA,2,FALSE
"2021-08-30",273.317,FALSE,NA,NA,"<= day","daily",NA,2,FALSE
"2021-08-31",262.833,FALSE,NA,NA,"<= day","daily",NA,2,FALSE
"2021-09-01",257.288,FALSE,NA,NA,"<= day","daily",NA,2,FALSE
"2021-09-02",251.721,FALSE,NA,NA,"<= day","daily",NA,2,FALSE
"2021-09-03",250.338,FALSE,NA,NA,"<= day","daily",NA,2,FALSE
"2021-09-04",249.438,FALSE,NA,NA,"<= day","daily",NA,2,FALSE
"2021-09-05",248.504,FALSE,NA,NA,"<= day","daily",NA,2,FALSE
"2021-09-06",247.942,FALSE,NA,NA,"<= day","daily",NA,2,FALSE
"2021-09-07",248.8,FALSE,NA,NA,"<= day","daily",NA,2,FALSE
"2021-09-08",248.329,FALSE,NA,NA,"<= day","daily",NA,2,FALSE
"2021-09-09",247.396,FALSE,NA,NA,"<= day","daily",NA,2,FALSE
"2021-09-10",247.183,FALSE,NA,NA,"<= day","daily",NA,2,FALSE
"2021-09-11",247.15,FALSE,NA,NA,"<= day","daily",NA,2,FALSE
"2021-09-12",245.596,FALSE,NA,NA,"<= day","daily",NA,2,FALSE
"2021-09-13",247.904,FALSE,NA,NA,"<= day","daily",NA,2,FALSE
"2021-09-14",247.363,FALSE,NA,NA,"<= day","daily",NA,2,FALSE
"2021-09-15",246.537,FALSE,NA,NA,"<= day","daily",NA,2,FALSE
"2021-09-16",247.529,FALSE,NA,NA,"<= day","daily",NA,2,FALSE
"2021-09-17",245.454,FALSE,NA,NA,"<= day","daily",NA,2,FALSE
"2021-09-18",244.429,FALSE,NA,NA,"<= day","daily",NA,2,FALSE
"2021-09-19",244.679,FALSE,NA,NA,"<= day","daily",NA,2,FALSE
"2021-09-20",247.092,FALSE,NA,NA,"<= day","daily",NA,2,FALSE
"2021-09-21",244.012,FALSE,NA,NA,"<= day","daily",NA,2,FALSE
"2021-09-22",242.05,FALSE,NA,NA,"<= day","daily",NA,2,FALSE
"2021-09-23",241.083,FALSE,NA,NA,"<= day","daily",NA,2,FALSE
"2021-09-24",240.875,FALSE,NA,NA,"<= day","daily",NA,2,FALSE
"2021-09-25",240.3,FALSE,NA,NA,"<= day","daily",NA,2,FALSE
"2021-09-26",240.217,FALSE,NA,NA,"<= day","daily",NA,2,FALSE
"2021-09-27",242.375,FALSE,NA,NA,"<= day","daily",NA,2,FALSE
"2021-09-28",240.083,FALSE,NA,NA,"<= day","daily",NA,2,FALSE
"2021-09-29",244.046,FALSE,NA,NA,"<= day","daily",NA,2,FALSE
"2021-09-30",243.396,FALSE,NA,NA,"<= day","daily",NA,2,FALSE
"2021-10-01",242.271,FALSE,NA,NA,"<= day","daily",NA,2,FALSE
"2021-10-02",244.679,FALSE,NA,NA,"<= day","daily",NA,2,FALSE
"2021-10-03",244.642,FALSE,NA,NA,"<= day","daily",NA,2,FALSE
"2021-10-04",244.475,FALSE,NA,NA,"<= day","daily",NA,2,FALSE
"2021-10-05",245.292,FALSE,NA,NA,"<= day","daily",NA,2,FALSE
"2021-10-06",242.121,FALSE,NA,NA,"<= day","daily",NA,2,FALSE
"2021-10-07",241.675,FALSE,NA,NA,"<= day","daily",NA,2,FALSE
"2021-10-08",241.821,FALSE,NA,NA,"<= day","daily",NA,2,FALSE
"2021-10-09",241.396,FALSE,NA,NA,"<= day","daily",NA,2,FALSE
"2021-10-10",243.7,FALSE,NA,NA,"<= day","daily",NA,2,FALSE
"2021-10-11",244.346,FALSE,NA,NA,"<= day","daily",NA,2,FALSE
"2021-10-12",244.258,FALSE,NA,NA,"<= day","daily",NA,2,FALSE
"2021-10-13",242.325,FALSE,NA,NA,"<= day","daily",NA,2,FALSE
"2021-10-14",242.45,FALSE,NA,NA,"<= day","daily",NA,2,FALSE
"2021-10-15",244.037,FALSE,NA,NA,"<= day","daily",NA,2,FALSE
"2021-10-16",247.096,FALSE,NA,NA,"<= day","daily",NA,2,FALSE
"2021-10-17",246.925,FALSE,NA,NA,"<= day","daily",NA,2,FALSE
"2021-10-18",246.146,FALSE,NA,NA,"<= day","daily",NA,2,FALSE
"2021-10-19",245.721,FALSE,NA,NA,"<= day","daily",NA,2,FALSE
"2021-10-20",247.242,FALSE,NA,NA,"<= day","daily",NA,2,FALSE
"2021-10-21",247.146,FALSE,NA,NA,"<= day","daily",NA,2,FALSE
"2021-10-22",246.946,FALSE,NA,NA,"<= day","daily",NA,2,FALSE
"2021-10-23",245.504,FALSE,NA,NA,"<= day","daily",NA,2,FALSE
"2021-10-24",244.858,FALSE,NA,NA,"<= day","daily",NA,2,FALSE
"2021-10-25",244.858,FALSE,NA,NA,"<= day","daily",NA,2,FALSE
"2021-10-26",243.783,FALSE,NA,NA,"<= day","daily",NA,2,FALSE
"2021-10-27",242.696,FALSE,NA,NA,"<= day","daily",NA,2,FALSE
"2021-10-28",242.133,FALSE,NA,NA,"<= day","daily",NA,2,FALSE
"2021-10-29",241.5,FALSE,NA,NA,"<= day","daily",NA,2,FALSE
"2021-10-30",240.25,FALSE,NA,NA,"<= day","daily",NA,2,FALSE
"2021-10-31",240.042,FALSE,NA,NA,"<= day","daily",NA,2,FALSE
"2021-11-01",240.083,FALSE,NA,NA,"<= day","daily",NA,2,FALSE
"2021-11-02",241.4,FALSE,NA,NA,"<= day","daily",NA,2,FALSE
"2021-11-03",239.125,FALSE,NA,NA,"<= day","daily",NA,2,FALSE
"2021-11-04",241.175,FALSE,NA,NA,"<= day","daily",NA,2,FALSE
"2021-11-05",239.792,FALSE,NA,NA,"<= day","daily",NA,2,FALSE
"2021-11-06",239.208,FALSE,NA,NA,"<= day","daily",NA,2,FALSE
"2021-11-07",239.083,FALSE,NA,NA,"<= day","daily",NA,2,FALSE
"2021-11-08",238.262,FALSE,NA,NA,"<= day","daily",NA,2,FALSE
"2021-11-09",236.483,FALSE,NA,NA,"<= day","daily",NA,2,FALSE
"2021-11-10",234.642,FALSE,NA,NA,"<= day","daily",NA,2,FALSE
"2021-11-11",232.938,FALSE,NA,NA,"<= day","daily",NA,2,FALSE
"2021-11-12",232.646,FALSE,NA,NA,"<= day","daily",NA,2,FALSE
"2021-11-13",232.938,FALSE,NA,NA,"<= day","daily",NA,2,FALSE
"2021-11-14",232.688,FALSE,NA,NA,"<= day","daily",NA,2,FALSE
"2021-11-15",231.675,FALSE,NA,NA,"<= day","daily",NA,2,FALSE
"2021-11-16",230.275,FALSE,NA,NA,"<= day","daily",NA,2,FALSE
"2021-11-17",229.238,FALSE,NA,NA,"<= day","daily",NA,2,FALSE
"2021-11-18",229.033,FALSE,NA,NA,"<= day","daily",NA,2,FALSE
"2021-11-19",230.029,FALSE,NA,NA,"<= day","daily",NA,2,FALSE
"2021-11-20",229.45,FALSE,NA,NA,"<= day","daily",NA,2,FALSE
"2021-11-21",229.45,FALSE,NA,NA,"<= day","daily",NA,2,FALSE
"2021-11-22",229.117,FALSE,NA,NA,"<= day","daily",NA,2,FALSE
"2021-11-23",227.783,FALSE,NA,NA,"<= day","daily",NA,2,FALSE
"2021-11-24",227.742,FALSE,NA,NA,"<= day","daily",NA,2,FALSE
"2021-11-25",226.742,FALSE,NA,NA,"<= day","daily",NA,2,FALSE
"2021-11-26",226.454,FALSE,NA,NA,"<= day","daily",NA,2,FALSE
"2021-11-27",225.808,FALSE,NA,NA,"<= day","daily",NA,2,FALSE
"2021-11-28",225.562,FALSE,NA,NA,"<= day","daily",NA,2,FALSE
"2021-11-29",224.65,FALSE,NA,NA,"<= day","daily",NA,2,FALSE
"2021-11-30",224.004,FALSE,NA,NA,"<= day","daily",NA,2,FALSE
"2021-12-01",226.329,FALSE,NA,NA,"<= day","daily",NA,2,FALSE
"2021-12-02",225.692,FALSE,NA,NA,"<= day","daily",NA,2,FALSE
"2021-12-03",223.917,FALSE,NA,NA,"<= day","daily",NA,2,FALSE
"2021-12-04",222.133,FALSE,NA,NA,"<= day","daily",NA,2,FALSE
"2021-12-05",221.925,FALSE,NA,NA,"<= day","daily",NA,2,FALSE
"2021-12-06",221.113,FALSE,NA,NA,"<= day","daily",NA,2,FALSE
"2021-12-07",219.675,FALSE,NA,NA,"<= day","daily",NA,2,FALSE
"2021-12-08",219.6,FALSE,NA,NA,"<= day","daily",NA,2,FALSE
"2021-12-09",219.129,FALSE,NA,NA,"<= day","daily",NA,2,FALSE
"2021-12-10",217.979,FALSE,NA,NA,"<= day","daily",NA,2,FALSE
"2021-12-11",216.887,FALSE,NA,NA,"<= day","daily",NA,2,FALSE
"2021-12-12",214.775,FALSE,NA,NA,"<= day","daily",NA,2,FALSE
"2021-12-13",214.15,FALSE,NA,NA,"<= day","daily",NA,2,FALSE
"2021-12-14",213.904,FALSE,NA,NA,"<= day","daily",NA,2,FALSE
"2021-12-15",213.792,FALSE,NA,NA,"<= day","daily",NA,2,FALSE
"2021-12-16",213.129,FALSE,NA,NA,"<= day","daily",NA,2,FALSE
"2021-12-17",212.821,FALSE,NA,NA,"<= day","daily",NA,2,FALSE
"2021-12-18",211.6,FALSE,NA,NA,"<= day","daily",NA,2,FALSE
"2021-12-19",212.596,FALSE,NA,NA,"<= day","daily",NA,2,FALSE
"2021-12-20",212.2,FALSE,NA,NA,"<= day","daily",NA,2,FALSE
"2021-12-21",211.629,FALSE,NA,NA,"<= day","daily",NA,2,FALSE
"2021-12-22",210.954,FALSE,NA,NA,"<= day","daily",NA,2,FALSE
"2021-12-23",210.562,FALSE,NA,NA,"<= day","daily",NA,2,FALSE
"2021-12-24",210.408,FALSE,NA,NA,"<= day","daily",NA,2,FALSE
"2021-12-25",210.167,FALSE,NA,NA,"<= day","daily",NA,2,FALSE
"2021-12-26",209.696,FALSE,NA,NA,"<= day","daily",NA,2,FALSE
"2021-12-27",209.975,FALSE,NA,NA,"<= day","daily",NA,2,FALSE
"2021-12-28",209.85,FALSE,NA,NA,"<= day","daily",NA,2,FALSE
"2021-12-29",213.492,FALSE,NA,NA,"<= day","daily",NA,2,FALSE
"2021-12-30",228.683,FALSE,NA,NA,"<= day","daily",NA,2,FALSE
"2021-12-31",227.988,FALSE,NA,NA,"<= day","daily",NA,2,FALSE
"2022-01-01",223.092,FALSE,NA,NA,"<= day","daily",NA,2,FALSE
"2022-01-02",221.521,FALSE,NA,NA,"<= day","daily",NA,2,FALSE
"2022-01-03",220.363,FALSE,NA,NA,"<= day","daily",NA,2,FALSE
"2022-01-04",220.558,FALSE,NA,NA,"<= day","daily",NA,2,FALSE
"2022-01-05",222.671,FALSE,NA,NA,"<= day","daily",NA,2,FALSE
"2022-01-06",220.171,FALSE,NA,NA,"<= day","daily",NA,2,FALSE
"2022-01-07",219.387,FALSE,NA,NA,"<= day","daily",NA,2,FALSE
"2022-01-08",218.496,FALSE,NA,NA,"<= day","daily",NA,2,FALSE
"2022-01-09",217.825,FALSE,NA,NA,"<= day","daily",NA,2,FALSE
"2022-01-10",216.213,FALSE,NA,NA,"<= day","daily",NA,2,FALSE
"2022-01-11",215.504,FALSE,NA,NA,"<= day","daily",NA,2,FALSE
"2022-01-12",215.229,FALSE,NA,NA,"<= day","daily",NA,2,FALSE
"2022-01-13",214.225,FALSE,NA,NA,"<= day","daily",NA,2,FALSE
"2022-01-14",212.246,FALSE,NA,NA,"<= day","daily",NA,2,FALSE
"2022-01-15",211.55,FALSE,NA,NA,"<= day","daily",NA,2,FALSE
"2022-01-16",211.079,FALSE,NA,NA,"<= day","daily",NA,2,FALSE
"2022-01-17",210.492,FALSE,NA,NA,"<= day","daily",NA,2,FALSE
"2022-01-18",209.887,FALSE,NA,NA,"<= day","daily",NA,2,FALSE
"2022-01-19",209.412,FALSE,NA,NA,"<= day","daily",NA,2,FALSE
"2022-01-20",209.5,FALSE,NA,NA,"<= day","daily",NA,2,FALSE
"2022-01-21",208.746,FALSE,NA,NA,"<= day","daily",NA,2,FALSE
"2022-01-22",207.817,FALSE,NA,NA,"<= day","daily",NA,2,FALSE
"2022-01-23",206.646,FALSE,NA,NA,"<= day","daily",NA,2,FALSE
"2022-01-24",205.283,FALSE,NA,NA,"<= day","daily",NA,2,FALSE
"2022-01-25",203.733,FALSE,NA,NA,"<= day","daily",NA,2,FALSE
"2022-01-26",204.975,FALSE,NA,NA,"<= day","daily",NA,2,FALSE
"2022-01-27",204.783,FALSE,NA,NA,"<= day","daily",NA,2,FALSE
"2022-01-28",205.204,FALSE,NA,NA,"<= day","daily",NA,2,FALSE
"2022-01-29",203.463,FALSE,NA,NA,"<= day","daily",NA,2,FALSE
"2022-01-30",205.867,FALSE,NA,NA,"<= day","daily",NA,2,FALSE
"2022-01-31",205.517,FALSE,NA,NA,"<= day","daily",NA,2,FALSE
"2022-02-01",203.854,FALSE,NA,NA,"<= day","daily",NA,2,FALSE
"2022-02-02",207.075,FALSE,NA,NA,"<= day","daily",NA,2,FALSE
"2022-02-03",204.471,FALSE,NA,NA,"<= day","daily",NA,2,FALSE
"2022-02-04",202.617,FALSE,NA,NA,"<= day","daily",NA,2,FALSE
"2022-02-05",207.6,FALSE,NA,NA,"<= day","daily",NA,2,FALSE
"2022-02-06",213.196,FALSE,NA,NA,"<= day","daily",NA,2,FALSE
"2022-02-07",217.079,FALSE,NA,NA,"<= day","daily",NA,2,FALSE
"2022-02-08",212.779,FALSE,NA,NA,"<= day","daily",NA,2,FALSE
"2022-02-09",212.604,FALSE,NA,NA,"<= day","daily",NA,2,FALSE
"2022-02-10",213.596,FALSE,NA,NA,"<= day","daily",NA,2,FALSE
"2022-02-11",213.637,FALSE,NA,NA,"<= day","daily",NA,2,FALSE
"2022-02-12",212.821,FALSE,NA,NA,"<= day","daily",NA,2,FALSE
"2022-02-13",212.512,FALSE,NA,NA,"<= day","daily",NA,2,FALSE
"2022-02-14",212.25,FALSE,NA,NA,"<= day","daily",NA,2,FALSE
"2022-02-15",211.717,FALSE,NA,NA,"<= day","daily",NA,2,FALSE
"2022-02-16",211.408,FALSE,NA,NA,"<= day","daily",NA,2,FALSE
"2022-02-17",215.692,FALSE,NA,NA,"<= day","daily",NA,2,FALSE
"2022-02-18",217.637,FALSE,NA,NA,"<= day","daily",NA,2,FALSE
"2022-02-19",216.054,FALSE,NA,NA,"<= day","daily",NA,2,FALSE
"2022-02-20",214.967,FALSE,NA,NA,"<= day","daily",NA,2,FALSE
"2022-02-21",214.025,FALSE,NA,NA,"<= day","daily",NA,2,FALSE
"2022-02-22",212.562,FALSE,NA,NA,"<= day","daily",NA,2,FALSE
"2022-02-23",212.175,FALSE,NA,NA,"<= day","daily",NA,2,FALSE
"2022-02-24",211.254,FALSE,NA,NA,"<= day","daily",NA,2,FALSE
"2022-02-25",209.662,FALSE,NA,NA,"<= day","daily",NA,2,FALSE
"2022-02-26",209.033,FALSE,NA,NA,"<= day","daily",NA,2,FALSE
"2022-02-27",208.242,FALSE,NA,NA,"<= day","daily",NA,2,FALSE
"2022-02-28",207.858,FALSE,NA,NA,"<= day","daily",NA,2,FALSE
"2022-03-01",207.471,FALSE,NA,NA,"<= day","daily",NA,2,FALSE
"2022-03-02",207.012,FALSE,NA,NA,"<= day","daily",NA,2,FALSE
"2022-03-03",206.575,FALSE,NA,NA,"<= day","daily",NA,2,FALSE
"2022-03-04",206.446,FALSE,NA,NA,"<= day","daily",NA,2,FALSE
"2022-03-05",205.975,FALSE,NA,NA,"<= day","daily",NA,2,FALSE
"2022-03-06",205.971,FALSE,NA,NA,"<= day","daily",NA,2,FALSE
"2022-03-07",205.908,FALSE,NA,NA,"<= day","daily",NA,2,FALSE
"2022-03-08",206.296,FALSE,NA,NA,"<= day","daily",NA,2,FALSE
"2022-03-09",205.796,FALSE,NA,NA,"<= day","daily",NA,2,FALSE
"2022-03-10",205.596,FALSE,NA,NA,"<= day","daily",NA,2,FALSE
"2022-03-11",205.479,FALSE,NA,NA,"<= day","daily",NA,2,FALSE
"2022-03-12",205.546,FALSE,NA,NA,"<= day","daily",NA,2,FALSE
"2022-03-13",205.725,FALSE,NA,NA,"<= day","daily",NA,2,FALSE
"2022-03-14",206.137,FALSE,NA,NA,"<= day","daily",NA,2,FALSE
"2022-03-15",205.746,FALSE,NA,NA,"<= day","daily",NA,2,FALSE
"2022-03-16",205.521,FALSE,NA,NA,"<= day","daily",NA,2,FALSE
"2022-03-17",206.692,FALSE,NA,NA,"<= day","daily",NA,2,FALSE
"2022-03-18",205.971,FALSE,NA,NA,"<= day","daily",NA,2,FALSE
"2022-03-19",206.45,FALSE,NA,NA,"<= day","daily",NA,2,FALSE
"2022-03-20",206.533,FALSE,NA,NA,"<= day","daily",NA,2,FALSE
"2022-03-21",207.162,FALSE,NA,NA,"<= day","daily",NA,2,FALSE
"2022-03-22",207.592,FALSE,NA,NA,"<= day","daily",NA,2,FALSE
"2022-03-23",207.7,FALSE,NA,NA,"<= day","daily",NA,2,FALSE
"2022-03-24",210.854,FALSE,NA,NA,"<= day","daily",NA,2,FALSE
"2022-03-25",211.867,FALSE,NA,NA,"<= day","daily",NA,2,FALSE
"2022-03-26",212.512,FALSE,NA,NA,"<= day","daily",NA,2,FALSE
"2022-03-27",213.45,FALSE,NA,NA,"<= day","daily",NA,2,FALSE
"2022-03-28",214.117,FALSE,NA,NA,"<= day","daily",NA,2,FALSE
"2022-03-29",215.512,FALSE,NA,NA,"<= day","daily",NA,2,FALSE
"2022-03-30",216.371,FALSE,NA,NA,"<= day","daily",NA,2,FALSE
"2022-03-31",216.004,FALSE,NA,NA,"<= day","daily",NA,2,FALSE
"2022-04-01",216.721,FALSE,NA,NA,"<= day","daily",NA,2,FALSE
"2022-04-02",215.5,FALSE,NA,NA,"<= day","daily",NA,2,FALSE
"2022-04-03",214.808,FALSE,NA,NA,"<= day","daily",NA,2,FALSE
"2022-04-04",214.379,FALSE,NA,NA,"<= day","daily",NA,2,FALSE
"2022-04-05",214.688,FALSE,NA,NA,"<= day","daily",NA,2,FALSE
"2022-04-06",215.358,FALSE,NA,NA,"<= day","daily",NA,2,FALSE
"2022-04-07",217.787,FALSE,NA,NA,"<= day","daily",NA,2,FALSE
"2022-04-08",221.846,FALSE,NA,NA,"<= day","daily",NA,2,FALSE
"2022-04-09",224.688,FALSE,NA,NA,"<= day","daily",NA,2,FALSE
"2022-04-10",222.8,FALSE,NA,NA,"<= day","daily",NA,2,FALSE
"2022-04-11",222.133,FALSE,NA,NA,"<= day","daily",NA,2,FALSE
"2022-04-12",221.679,FALSE,NA,NA,"<= day","daily",NA,2,FALSE
"2022-04-13",222.8,FALSE,NA,NA,"<= day","daily",NA,2,FALSE
"2022-04-14",224.037,FALSE,NA,NA,"<= day","daily",NA,2,FALSE
"2022-04-15",226.471,FALSE,NA,NA,"<= day","daily",NA,2,FALSE
"2022-04-16",226.95,FALSE,NA,NA,"<= day","daily",NA,2,FALSE
"2022-04-17",227.121,FALSE,NA,NA,"<= day","daily",NA,2,FALSE
"2022-04-18",227.117,FALSE,NA,NA,"<= day","daily",NA,2,FALSE
"2022-04-19",227.992,FALSE,NA,NA,"<= day","daily",NA,2,FALSE
"2022-04-20",228.458,FALSE,NA,NA,"<= day","daily",NA,2,FALSE
"2022-04-21",228.742,FALSE,NA,NA,"<= day","daily",NA,2,FALSE
"2022-04-22",229.467,FALSE,NA,NA,"<= day","daily",NA,2,FALSE
"2022-04-23",229.7,FALSE,NA,NA,"<= day","daily",NA,2,FALSE
"2022-04-24",230.817,FALSE,NA,NA,"<= day","daily",NA,2,FALSE
"2022-04-25",231.588,FALSE,NA,NA,"<= day","daily",NA,2,FALSE
"2022-04-26",232.196,FALSE,NA,NA,"<= day","daily",NA,2,FALSE
"2022-04-27",231.829,FALSE,NA,NA,"<= day","daily",NA,2,FALSE
"2022-04-28",231.142,FALSE,NA,NA,"<= day","daily",NA,2,FALSE
"2022-04-29",231.246,FALSE,NA,NA,"<= day","daily",NA,2,FALSE
"2022-04-30",232.158,FALSE,NA,NA,"<= day","daily",NA,2,FALSE
"2022-05-01",234,FALSE,NA,NA,"<= day","daily",NA,2,FALSE
"2022-05-02",233.754,FALSE,NA,NA,"<= day","daily",NA,2,FALSE
"2022-05-03",233.446,FALSE,NA,NA,"<= day","daily",NA,2,FALSE
"2022-05-04",235.067,FALSE,NA,NA,"<= day","daily",NA,2,FALSE
"2022-05-05",235.154,FALSE,NA,NA,"<= day","daily",NA,2,FALSE
"2022-05-06",233.896,FALSE,NA,NA,"<= day","daily",NA,2,FALSE
"2022-05-07",233.221,FALSE,NA,NA,"<= day","daily",NA,2,FALSE
"2022-05-08",233.85,FALSE,NA,NA,"<= day","daily",NA,2,FALSE
"2022-05-09",233.558,FALSE,NA,NA,"<= day","daily",NA,2,FALSE
"2022-05-10",234.408,FALSE,NA,NA,"<= day","daily",NA,2,FALSE
"2022-05-11",234.975,FALSE,NA,NA,"<= day","daily",NA,2,FALSE
"2022-05-12",235.008,FALSE,NA,NA,"<= day","daily",NA,2,FALSE
"2022-05-13",232.892,FALSE,NA,NA,"<= day","daily",NA,2,FALSE
"2022-05-14",233.817,FALSE,NA,NA,"<= day","daily",NA,2,FALSE
"2022-05-15",234.213,FALSE,NA,NA,"<= day","daily",NA,2,FALSE
"2022-05-16",235.042,FALSE,NA,NA,"<= day","daily",NA,2,FALSE
"2022-05-17",235.646,FALSE,NA,NA,"<= day","daily",NA,2,FALSE
"2022-05-18",236.679,FALSE,NA,NA,"<= day","daily",NA,2,FALSE
"2022-05-19",237.533,FALSE,NA,NA,"<= day","daily",NA,2,FALSE
"2022-05-20",237.688,FALSE,NA,NA,"<= day","daily",NA,2,FALSE
"2022-05-21",239.2,FALSE,NA,NA,"<= day","daily",NA,2,FALSE
"2022-05-22",239.529,FALSE,NA,NA,"<= day","daily",NA,2,FALSE
"2022-05-23",239.938,FALSE,NA,NA,"<= day","daily",NA,2,FALSE
"2022-05-24",241.096,FALSE,NA,NA,"<= day","daily",NA,2,FALSE
"2022-05-25",241.833,FALSE,NA,NA,"<= day","daily",NA,2,FALSE
"2022-05-26",239.054,FALSE,NA,NA,"<= day","daily",NA,2,FALSE
"2022-05-27",239.917,FALSE,NA,NA,"<= day","daily",NA,2,FALSE
"2022-05-28",239.175,FALSE,NA,NA,"<= day","daily",NA,2,FALSE
"2022-05-29",238.404,FALSE,NA,NA,"<= day","daily",NA,2,FALSE
"2022-05-30",238.6,FALSE,NA,NA,"<= day","daily",NA,2,FALSE
"2022-05-31",239.925,FALSE,NA,NA,"<= day","daily",NA,2,FALSE
"2022-06-01",239.004,FALSE,NA,NA,"<= day","daily",NA,2,FALSE
"2022-06-02",237.783,FALSE,NA,NA,"<= day","daily",NA,2,FALSE
"2022-06-03",238.317,FALSE,NA,NA,"<= day","daily",NA,2,FALSE
"2022-06-04",237.488,FALSE,NA,NA,"<= day","daily",NA,2,FALSE
"2022-06-05",237.088,FALSE,NA,NA,"<= day","daily",NA,2,FALSE
"2022-06-06",237.017,FALSE,NA,NA,"<= day","daily",NA,2,FALSE
"2022-06-07",236.758,FALSE,NA,NA,"<= day","daily",NA,2,FALSE
"2022-06-08",238.033,FALSE,NA,NA,"<= day","daily",NA,2,FALSE
"2022-06-09",246.262,FALSE,NA,NA,"<= day","daily",NA,2,FALSE
"2022-06-10",244.162,FALSE,NA,NA,"<= day","daily",NA,2,FALSE
"2022-06-11",243.546,FALSE,NA,NA,"<= day","daily",NA,2,FALSE
"2022-06-12",242.004,FALSE,NA,NA,"<= day","daily",NA,2,FALSE
"2022-06-13",242.192,FALSE,NA,NA,"<= day","daily",NA,2,FALSE
"2022-06-14",241.575,FALSE,NA,NA,"<= day","daily",NA,2,FALSE
"2022-06-15",241.404,FALSE,NA,NA,"<= day","daily",NA,2,FALSE
"2022-06-16",240.717,FALSE,NA,NA,"<= day","daily",NA,2,FALSE
"2022-06-17",240.233,FALSE,NA,NA,"<= day","daily",NA,2,FALSE
"2022-06-18",240.533,FALSE,NA,NA,"<= day","daily",NA,2,FALSE
"2022-06-19",240.954,FALSE,NA,NA,"<= day","daily",NA,2,FALSE
"2022-06-20",240.217,FALSE,NA,NA,"<= day","daily",NA,2,FALSE
"2022-06-21",239.325,FALSE,NA,NA,"<= day","daily",NA,2,FALSE
"2022-06-22",239.817,FALSE,NA,NA,"<= day","daily",NA,2,FALSE
"2022-06-23",239.721,FALSE,NA,NA,"<= day","daily",NA,2,FALSE
"2022-06-24",239.75,FALSE,NA,NA,"<= day","daily",NA,2,FALSE
"2022-06-25",238.467,FALSE,NA,NA,"<= day","daily",NA,2,FALSE
"2022-06-26",238.896,FALSE,NA,NA,"<= day","daily",NA,2,FALSE
"2022-06-27",238.521,FALSE,NA,NA,"<= day","daily",NA,2,FALSE
"2022-06-28",238.633,FALSE,NA,NA,"<= day","daily",NA,2,FALSE
"2022-06-29",238.5,FALSE,NA,NA,"<= day","daily",NA,2,FALSE
"2022-06-30",240.867,FALSE,NA,NA,"<= day","daily",NA,2,FALSE
"2022-07-01",240.721,FALSE,NA,NA,"<= day","daily",NA,2,FALSE
"2022-07-02",241.567,FALSE,NA,NA,"<= day","daily",NA,2,FALSE
"2022-07-03",242.442,FALSE,NA,NA,"<= day","daily",NA,2,FALSE
"2022-07-04",238.842,FALSE,NA,NA,"<= day","daily",NA,2,FALSE
"2022-07-05",237.562,FALSE,NA,NA,"<= day","daily",NA,2,FALSE
"2022-07-06",237.642,FALSE,NA,NA,"<= day","daily",NA,2,FALSE
"2022-07-07",237.633,FALSE,NA,NA,"<= day","daily",NA,2,FALSE
"2022-07-08",238.033,FALSE,NA,NA,"<= day","daily",NA,2,FALSE
"2022-07-09",238.637,FALSE,NA,NA,"<= day","daily",NA,2,FALSE
"2022-07-10",237.096,FALSE,NA,NA,"<= day","daily",NA,2,FALSE
"2022-07-11",236.746,FALSE,NA,NA,"<= day","daily",NA,2,FALSE
"2022-07-12",236.379,FALSE,NA,NA,"<= day","daily",NA,2,FALSE
"2022-07-13",236.412,FALSE,NA,NA,"<= day","daily",NA,2,FALSE
"2022-07-14",237.392,FALSE,NA,NA,"<= day","daily",NA,2,FALSE
"2022-07-15",236.671,FALSE,NA,NA,"<= day","daily",NA,2,FALSE
"2022-07-16",236.796,FALSE,NA,NA,"<= day","daily",NA,2,FALSE
"2022-07-17",237.308,FALSE,NA,NA,"<= day","daily",NA,2,FALSE
"2022-07-18",237.887,FALSE,NA,NA,"<= day","daily",NA,2,FALSE
"2022-07-19",237.938,FALSE,NA,NA,"<= day","daily",NA,2,FALSE
"2022-07-20",238.067,FALSE,NA,NA,"<= day","daily",NA,2,FALSE
"2022-07-21",237.7,FALSE,NA,NA,"<= day","daily",NA,2,FALSE
"2022-07-22",236.992,FALSE,NA,NA,"<= day","daily",NA,2,FALSE
"2022-07-23",236.267,FALSE,NA,NA,"<= day","daily",NA,2,FALSE
"2022-07-24",235.746,FALSE,NA,NA,"<= day","daily",NA,2,FALSE
"2022-07-25",235.412,FALSE,NA,NA,"<= day","daily",NA,2,FALSE
"2022-07-26",235.45,FALSE,NA,NA,"<= day","daily",NA,2,FALSE
"2022-07-27",234.829,FALSE,NA,NA,"<= day","daily",NA,2,FALSE
"2022-07-28",233.9,FALSE,NA,NA,"<= day","daily",NA,2,FALSE
"2022-07-29",233.738,FALSE,NA,NA,"<= day","daily",NA,2,FALSE
"2022-07-30",234.254,FALSE,NA,NA,"<= day","daily",NA,2,FALSE
"2022-07-31",233.879,FALSE,NA,NA,"<= day","daily",NA,2,FALSE
"2022-08-01",233.171,FALSE,NA,NA,"<= day","daily",NA,2,FALSE
"2022-08-02",232.363,FALSE,NA,NA,"<= day","daily",NA,2,FALSE
"2022-08-03",231.567,FALSE,NA,NA,"<= day","daily",NA,2,FALSE
"2022-08-04",231.154,FALSE,NA,NA,"<= day","daily",NA,2,FALSE
"2022-08-05",230.567,FALSE,NA,NA,"<= day","daily",NA,2,FALSE
"2022-08-06",229.379,FALSE,NA,NA,"<= day","daily",NA,2,FALSE
"2022-08-07",229.183,FALSE,NA,NA,"<= day","daily",NA,2,FALSE
"2022-08-08",228.504,FALSE,NA,NA,"<= day","daily",NA,2,FALSE
"2022-08-09",229.483,FALSE,NA,NA,"<= day","daily",NA,2,FALSE
"2022-08-10",230.512,FALSE,NA,NA,"<= day","daily",NA,2,FALSE
"2022-08-11",232.05,FALSE,NA,NA,"<= day","daily",NA,2,FALSE
"2022-08-12",231.338,FALSE,NA,NA,"<= day","daily",NA,2,FALSE
"2022-08-13",230.729,FALSE,NA,NA,"<= day","daily",NA,2,FALSE
"2022-08-14",230.575,FALSE,NA,NA,"<= day","daily",NA,2,FALSE
"2022-08-15",230.096,FALSE,NA,NA,"<= day","daily",NA,2,FALSE
"2022-08-16",230.15,FALSE,NA,NA,"<= day","daily",NA,2,FALSE
"2022-08-17",230.7,FALSE,NA,NA,"<= day","daily",NA,2,FALSE
"2022-08-18",230.629,FALSE,NA,NA,"<= day","daily",NA,2,FALSE
"2022-08-19",231.088,FALSE,NA,NA,"<= day","daily",NA,2,FALSE
"2022-08-20",233.2,FALSE,NA,NA,"<= day","daily",NA,2,FALSE
"2022-08-21",233.754,FALSE,NA,NA,"<= day","daily",NA,2,FALSE
"2022-08-22",232.946,FALSE,NA,NA,"<= day","daily",NA,2,FALSE
"2022-08-23",232.333,FALSE,NA,NA,"<= day","daily",NA,2,FALSE
"2022-08-24",231.771,FALSE,NA,NA,"<= day","daily",NA,2,FALSE
"2022-08-25",231.625,FALSE,NA,NA,"<= day","daily",NA,2,FALSE
"2022-08-26",231.604,FALSE,NA,NA,"<= day","daily",NA,2,FALSE
"2022-08-27",231.488,FALSE,NA,NA,"<= day","daily",NA,2,FALSE
"2022-08-28",231.742,FALSE,NA,NA,"<= day","daily",NA,2,FALSE
"2022-08-29",230.079,FALSE,NA,NA,"<= day","daily",NA,2,FALSE
"2022-08-30",229.196,FALSE,NA,NA,"<= day","daily",NA,2,FALSE
"2022-08-31",228.883,FALSE,NA,NA,"<= day","daily",NA,2,FALSE
"2022-09-01",228.654,FALSE,NA,NA,"<= day","daily",NA,2,FALSE
"2022-09-02",228.704,FALSE,NA,NA,"<= day","daily",NA,2,FALSE
"2022-09-03",228.721,FALSE,NA,NA,"<= day","daily",NA,2,FALSE
"2022-09-04",229.921,FALSE,NA,NA,"<= day","daily",NA,2,FALSE
"2022-09-05",230.008,FALSE,NA,NA,"<= day","daily",NA,2,FALSE
"2022-09-06",231.321,FALSE,NA,NA,"<= day","daily",NA,2,FALSE
"2022-09-07",229.958,FALSE,NA,NA,"<= day","daily",NA,2,FALSE
"2022-09-08",228.887,FALSE,NA,NA,"<= day","daily",NA,2,FALSE
"2022-09-09",228.037,FALSE,NA,NA,"<= day","daily",NA,2,FALSE
"2022-09-10",228.604,FALSE,NA,NA,"<= day","daily",NA,2,FALSE
"2022-09-11",228.975,FALSE,NA,NA,"<= day","daily",NA,2,FALSE
"2022-09-12",229.125,FALSE,NA,NA,"<= day","daily",NA,2,FALSE
"2022-09-13",227.775,FALSE,NA,NA,"<= day","daily",NA,2,FALSE
"2022-09-14",226.671,FALSE,NA,NA,"<= day","daily",NA,2,FALSE
"2022-09-15",227.046,FALSE,NA,NA,"<= day","daily",NA,2,FALSE
"2022-09-16",226.183,FALSE,NA,NA,"<= day","daily",NA,2,FALSE
"2022-09-17",229.733,FALSE,NA,NA,"<= day","daily",NA,2,FALSE
"2022-09-18",232.375,FALSE,NA,NA,"<= day","daily",NA,2,FALSE
"2022-09-19",234.225,FALSE,NA,NA,"<= day","daily",NA,2,FALSE
"2022-09-20",232.346,FALSE,NA,NA,"<= day","daily",NA,2,FALSE
"2022-09-21",232.304,FALSE,NA,NA,"<= day","daily",NA,2,FALSE
"2022-09-22",231.242,FALSE,NA,NA,"<= day","daily",NA,2,FALSE
"2022-09-23",230.304,FALSE,NA,NA,"<= day","daily",NA,2,FALSE
"2022-09-24",230.75,FALSE,NA,NA,"<= day","daily",NA,2,FALSE
"2022-09-25",232.25,FALSE,NA,NA,"<= day","daily",NA,2,FALSE
"2022-09-26",232.754,FALSE,NA,NA,"<= day","daily",NA,2,FALSE
"2022-09-27",232.796,FALSE,NA,NA,"<= day","daily",NA,2,FALSE
"2022-09-28",233.267,FALSE,NA,NA,"<= day","daily",NA,2,FALSE
"2022-09-29",233.608,FALSE,NA,NA,"<= day","daily",NA,2,FALSE
"2022-09-30",234.025,FALSE,NA,NA,"<= day","daily",NA,2,FALSE
"2022-10-01",234.117,FALSE,NA,NA,"<= day","daily",NA,2,FALSE
"2022-10-02",240.708,FALSE,NA,NA,"<= day","daily",NA,2,FALSE
"2022-10-03",246.417,FALSE,NA,NA,"<= day","daily",NA,2,FALSE
"2022-10-04",240.921,FALSE,NA,NA,"<= day","daily",NA,2,FALSE
"2022-10-05",239.871,FALSE,NA,NA,"<= day","daily",NA,2,FALSE
"2022-10-06",239.804,FALSE,NA,NA,"<= day","daily",NA,2,FALSE
"2022-10-07",239.429,FALSE,NA,NA,"<= day","daily",NA,2,FALSE
"2022-10-08",239.012,FALSE,NA,NA,"<= day","daily",NA,2,FALSE
"2022-10-09",238.912,FALSE,NA,NA,"<= day","daily",NA,2,FALSE
"2022-10-10",238.8,FALSE,NA,NA,"<= day","daily",NA,2,FALSE
"2022-10-11",238.175,FALSE,NA,NA,"<= day","daily",NA,2,FALSE
"2022-10-12",238.142,FALSE,NA,NA,"<= day","daily",NA,2,FALSE
"2022-10-13",236.554,FALSE,NA,NA,"<= day","daily",NA,2,FALSE
"2022-10-14",236.483,FALSE,NA,NA,"<= day","daily",NA,2,FALSE
"2022-10-15",236.225,FALSE,NA,NA,"<= day","daily",NA,2,FALSE
"2022-10-16",235.338,FALSE,NA,NA,"<= day","daily",NA,2,FALSE
"2022-10-17",233.921,FALSE,NA,NA,"<= day","daily",NA,2,FALSE
"2022-10-18",233.179,FALSE,NA,NA,"<= day","daily",NA,2,FALSE
"2022-10-19",235.333,FALSE,NA,NA,"<= day","daily",NA,2,FALSE
"2022-10-20",234.133,FALSE,NA,NA,"<= day","daily",NA,2,FALSE
"2022-10-21",233.625,FALSE,NA,NA,"<= day","daily",NA,2,FALSE
"2022-10-22",233.221,FALSE,NA,NA,"<= day","daily",NA,2,FALSE
"2022-10-23",232.208,FALSE,NA,NA,"<= day","daily",NA,2,FALSE
"2022-10-24",233.729,FALSE,NA,NA,"<= day","daily",NA,2,FALSE
"2022-10-25",233.092,FALSE,NA,NA,"<= day","daily",NA,2,FALSE
"2022-10-26",229.725,FALSE,NA,NA,"<= day","daily",NA,2,FALSE
"2022-10-27",229.854,FALSE,NA,NA,"<= day","daily",NA,2,FALSE
"2022-10-28",229.325,FALSE,NA,NA,"<= day","daily",NA,2,FALSE
"2022-10-29",229.483,FALSE,NA,NA,"<= day","daily",NA,2,FALSE
"2022-10-30",229.675,FALSE,NA,NA,"<= day","daily",NA,2,FALSE
"2022-10-31",228.554,FALSE,NA,NA,"<= day","daily",NA,2,FALSE
"2022-11-01",227.463,FALSE,NA,NA,"<= day","daily",NA,2,FALSE
"2022-11-02",226.975,FALSE,NA,NA,"<= day","daily",NA,2,FALSE
"2022-11-03",227.642,FALSE,NA,NA,"<= day","daily",NA,2,FALSE
"2022-11-04",229.6,FALSE,NA,NA,"<= day","daily",NA,2,FALSE
"2022-11-05",231.192,FALSE,NA,NA,"<= day","daily",NA,2,FALSE
"2022-11-06",231.7,FALSE,NA,NA,"<= day","daily",NA,2,FALSE
"2022-11-07",231.183,FALSE,NA,NA,"<= day","daily",NA,2,FALSE
"2022-11-08",229.008,FALSE,NA,NA,"<= day","daily",NA,2,FALSE
"2022-11-09",229.517,FALSE,NA,NA,"<= day","daily",NA,2,FALSE
"2022-11-10",229.258,FALSE,NA,NA,"<= day","daily",NA,2,FALSE
"2022-11-11",226.571,FALSE,NA,NA,"<= day","daily",NA,2,FALSE
"2022-11-12",226.317,FALSE,NA,NA,"<= day","daily",NA,2,FALSE
"2022-11-13",227.775,FALSE,NA,NA,"<= day","daily",NA,2,FALSE
"2022-11-14",226.696,FALSE,NA,NA,"<= day","daily",NA,2,FALSE
"2022-11-15",226.971,FALSE,NA,NA,"<= day","daily",NA,2,FALSE
"2022-11-16",226.838,FALSE,NA,NA,"<= day","daily",NA,2,FALSE
"2022-11-17",226.604,FALSE,NA,NA,"<= day","daily",NA,2,FALSE
"2022-11-18",228.312,FALSE,NA,NA,"<= day","daily",NA,2,FALSE
"2022-11-19",227.871,FALSE,NA,NA,"<= day","daily",NA,2,FALSE
"2022-11-20",226.608,FALSE,NA,NA,"<= day","daily",NA,2,FALSE
"2022-11-21",226.083,FALSE,NA,NA,"<= day","daily",NA,2,FALSE
"2022-11-22",227.208,FALSE,NA,NA,"<= day","daily",NA,2,FALSE
"2022-11-23",228.05,FALSE,NA,NA,"<= day","daily",NA,2,FALSE
"2022-11-24",228.8,FALSE,NA,NA,"<= day","daily",NA,2,FALSE
"2022-11-25",227.904,FALSE,NA,NA,"<= day","daily",NA,2,FALSE
"2022-11-26",227.454,FALSE,NA,NA,"<= day","daily",NA,2,FALSE
"2022-11-27",226.713,FALSE,NA,NA,"<= day","daily",NA,2,FALSE
"2022-11-28",226.321,FALSE,NA,NA,"<= day","daily",NA,2,FALSE
"2022-11-29",226.608,FALSE,NA,NA,"<= day","daily",NA,2,FALSE
"2022-11-30",228.137,FALSE,NA,NA,"<= day","daily",NA,2,FALSE
"2022-12-01",227.325,FALSE,NA,NA,"<= day","daily",NA,2,FALSE
"2022-12-02",226.992,FALSE,NA,NA,"<= day","daily",NA,2,FALSE
"2022-12-03",226.679,FALSE,NA,NA,"<= day","daily",NA,2,FALSE
"2022-12-04",227.042,FALSE,NA,NA,"<= day","daily",NA,2,FALSE
"2022-12-05",226.887,FALSE,NA,NA,"<= day","daily",NA,2,FALSE
"2022-12-06",227.325,FALSE,NA,NA,"<= day","daily",NA,2,FALSE
"2022-12-07",229.512,FALSE,NA,NA,"<= day","daily",NA,2,FALSE
"2022-12-08",229.121,FALSE,NA,NA,"<= day","daily",NA,2,FALSE
"2022-12-09",231.408,FALSE,NA,NA,"<= day","daily",NA,2,FALSE
"2022-12-10",230.383,FALSE,NA,NA,"<= day","daily",NA,2,FALSE
"2022-12-11",229.833,FALSE,NA,NA,"<= day","daily",NA,2,FALSE
"2022-12-12",229.054,FALSE,NA,NA,"<= day","daily",NA,2,FALSE
"2022-12-13",227.921,FALSE,NA,NA,"<= day","daily",NA,2,FALSE
"2022-12-14",227.842,FALSE,NA,NA,"<= day","daily",NA,2,FALSE
"2022-12-15",227.692,FALSE,NA,NA,"<= day","daily",NA,2,FALSE
"2022-12-16",225.896,FALSE,NA,NA,"<= day","daily",NA,2,FALSE
"2022-12-17",224.146,FALSE,NA,NA,"<= day","daily",NA,2,FALSE
"2022-12-18",223.246,FALSE,NA,NA,"<= day","daily",NA,2,FALSE
"2022-12-19",223.55,FALSE,NA,NA,"<= day","daily",NA,2,FALSE
"2022-12-20",222.658,FALSE,NA,NA,"<= day","daily",NA,2,FALSE
"2022-12-21",222.946,FALSE,NA,NA,"<= day","daily",NA,2,FALSE
"2022-12-22",223.133,FALSE,NA,NA,"<= day","daily",NA,2,FALSE
"2022-12-28",224.28,FALSE,NA,NA,"<= day","daily",NA,2,FALSE
"2022-12-29",223.383,FALSE,NA,NA,"<= day","daily",NA,2,FALSE
"2022-12-30",222.8,FALSE,NA,NA,"<= day","daily",NA,2,FALSE
"2022-12-31",222.217,FALSE,NA,NA,"<= day","daily",NA,2,FALSE
"2023-01-01",222.092,FALSE,NA,NA,"<= day","daily",NA,2,FALSE
"2023-01-02",221.925,FALSE,NA,NA,"<= day","daily",NA,2,FALSE
"2023-01-03",222.05,FALSE,NA,NA,"<= day","daily",NA,2,FALSE
"2023-01-04",221.304,FALSE,NA,NA,"<= day","daily",NA,2,FALSE
"2023-01-05",221.196,FALSE,NA,NA,"<= day","daily",NA,2,FALSE
"2023-01-06",220.946,FALSE,NA,NA,"<= day","daily",NA,2,FALSE
"2023-01-07",220.129,FALSE,NA,NA,"<= day","daily",NA,2,FALSE
"2023-01-08",220.75,FALSE,NA,NA,"<= day","daily",NA,2,FALSE
"2023-01-09",222.425,FALSE,NA,NA,"<= day","daily",NA,2,FALSE
"2023-01-10",222.842,FALSE,NA,NA,"<= day","daily",NA,2,FALSE
"2023-01-11",222.717,FALSE,NA,NA,"<= day","daily",NA,2,FALSE
"2023-01-12",222.258,FALSE,NA,NA,"<= day","daily",NA,2,FALSE
"2023-01-13",221.508,FALSE,NA,NA,"<= day","daily",NA,2,FALSE
"2023-01-14",220.363,FALSE,NA,NA,"<= day","daily",NA,2,FALSE
"2023-01-15",220.471,FALSE,NA,NA,"<= day","daily",NA,2,FALSE
"2023-01-16",220.238,FALSE,NA,NA,"<= day","daily",NA,2,FALSE
"2023-01-17",219.592,FALSE,NA,NA,"<= day","daily",NA,2,FALSE
"2023-01-18",219.975,FALSE,NA,NA,"<= day","daily",NA,2,FALSE
"2023-01-19",219.704,FALSE,NA,NA,"<= day","daily",NA,2,FALSE
"2023-01-20",221.342,FALSE,NA,NA,"<= day","daily",NA,2,FALSE
"2023-01-21",221.971,FALSE,NA,NA,"<= day","daily",NA,2,FALSE
"2023-01-22",222.217,FALSE,NA,NA,"<= day","daily",NA,2,FALSE
"2023-01-23",221.758,FALSE,NA,NA,"<= day","daily",NA,2,FALSE
"2023-01-24",221.183,FALSE,NA,NA,"<= day","daily",NA,2,FALSE
"2023-01-25",221.058,FALSE,NA,NA,"<= day","daily",NA,2,FALSE
"2023-01-26",219.325,FALSE,NA,NA,"<= day","daily",NA,2,FALSE
"2023-01-27",218.588,FALSE,NA,NA,"<= day","daily",NA,2,FALSE
"2023-01-28",218.454,FALSE,NA,NA,"<= day","daily",NA,2,FALSE
"2023-01-29",218.458,FALSE,NA,NA,"<= day","daily",NA,2,FALSE
"2023-01-30",219.217,FALSE,NA,NA,"<= day","daily",NA,2,FALSE
"2023-01-31",218.983,FALSE,NA,NA,"<= day","daily",NA,2,FALSE
"2023-02-01",218.662,FALSE,NA,NA,"<= day","daily",NA,2,FALSE
"2023-02-02",220.683,FALSE,NA,NA,"<= day","daily",NA,2,FALSE
"2023-02-03",222.213,FALSE,NA,NA,"<= day","daily",NA,2,FALSE
"2023-02-04",220.721,FALSE,NA,NA,"<= day","daily",NA,2,FALSE
"2023-02-05",218.512,FALSE,NA,NA,"<= day","daily",NA,2,FALSE
"2023-02-06",218.067,FALSE,NA,NA,"<= day","daily",NA,2,FALSE
"2023-02-07",217.246,FALSE,NA,NA,"<= day","daily",NA,2,FALSE
"2023-02-08",216.287,FALSE,NA,NA,"<= day","daily",NA,2,FALSE
"2023-02-09",216.875,FALSE,NA,NA,"<= day","daily",NA,2,FALSE
"2023-02-10",215.988,FALSE,NA,NA,"<= day","daily",NA,2,FALSE
"2023-02-11",215.654,FALSE,NA,NA,"<= day","daily",NA,2,FALSE
"2023-02-12",215.729,FALSE,NA,NA,"<= day","daily",NA,2,FALSE
"2023-02-13",215.508,FALSE,NA,NA,"<= day","daily",NA,2,FALSE
"2023-02-14",215.733,FALSE,NA,NA,"<= day","daily",NA,2,FALSE
"2023-02-15",216.171,FALSE,NA,NA,"<= day","daily",NA,2,FALSE
"2023-02-16",216.633,FALSE,NA,NA,"<= day","daily",NA,2,FALSE
"2023-02-17",216.483,FALSE,NA,NA,"<= day","daily",NA,2,FALSE
"2023-02-18",217.317,FALSE,NA,NA,"<= day","daily",NA,2,FALSE
"2023-02-19",217.904,FALSE,NA,NA,"<= day","daily",NA,2,FALSE
"2023-02-20",217.992,FALSE,NA,NA,"<= day","daily",NA,2,FALSE
"2023-02-21",218.342,FALSE,NA,NA,"<= day","daily",NA,2,FALSE
"2023-02-22",219.175,FALSE,NA,NA,"<= day","daily",NA,2,FALSE
"2023-02-23",218.975,FALSE,NA,NA,"<= day","daily",NA,2,FALSE
"2023-02-24",219.304,FALSE,NA,NA,"<= day","daily",NA,2,FALSE
"2023-02-25",222.012,FALSE,NA,NA,"<= day","daily",NA,2,FALSE
"2023-02-26",221.054,FALSE,NA,NA,"<= day","daily",NA,2,FALSE
"2023-02-27",220.592,FALSE,NA,NA,"<= day","daily",NA,2,FALSE
"2023-02-28",220.162,FALSE,NA,NA,"<= day","daily",NA,2,FALSE
"2023-03-01",219.825,FALSE,NA,NA,"<= day","daily",NA,2,FALSE
"2023-03-02",219.787,FALSE,NA,NA,"<= day","daily",NA,2,FALSE
"2023-03-03",219.863,FALSE,NA,NA,"<= day","daily",NA,2,FALSE
"2023-03-04",219.562,FALSE,NA,NA,"<= day","daily",NA,2,FALSE
"2023-03-05",219.9,FALSE,NA,NA,"<= day","daily",NA,2,FALSE
"2023-03-06",219.637,FALSE,NA,NA,"<= day","daily",NA,2,FALSE
"2023-03-07",219.45,FALSE,NA,NA,"<= day","daily",NA,2,FALSE
"2023-03-08",219.175,FALSE,NA,NA,"<= day","daily",NA,2,FALSE
"2023-03-09",218.154,FALSE,NA,NA,"<= day","daily",NA,2,FALSE
"2023-03-10",218.496,FALSE,NA,NA,"<= day","daily",NA,2,FALSE
"2023-03-11",218.375,FALSE,NA,NA,"<= day","daily",NA,2,FALSE
"2023-03-12",217.4,FALSE,NA,NA,"<= day","daily",NA,2,FALSE
"2023-03-13",217.246,FALSE,NA,NA,"<= day","daily",NA,2,FALSE
"2023-03-14",220.917,FALSE,NA,NA,"<= day","daily",NA,2,FALSE
"2023-03-15",221.529,FALSE,NA,NA,"<= day","daily",NA,2,FALSE
"2023-03-16",218.979,FALSE,NA,NA,"<= day","daily",NA,2,FALSE
"2023-03-17",218.583,FALSE,NA,NA,"<= day","daily",NA,2,FALSE
"2023-03-18",218.583,FALSE,NA,NA,"<= day","daily",NA,2,FALSE
"2023-03-19",216.25,FALSE,NA,NA,"<= day","daily",NA,2,FALSE
"2023-03-20",216.204,FALSE,NA,NA,"<= day","daily",NA,2,FALSE
"2023-03-21",216.446,FALSE,NA,NA,"<= day","daily",NA,2,FALSE
"2023-03-22",216.442,FALSE,NA,NA,"<= day","daily",NA,2,FALSE
"2023-03-23",216.254,FALSE,NA,NA,"<= day","daily",NA,2,FALSE
"2023-03-24",219.204,FALSE,NA,NA,"<= day","daily",NA,2,FALSE
"2023-03-25",219.558,FALSE,NA,NA,"<= day","daily",NA,2,FALSE
"2023-03-26",218.775,FALSE,NA,NA,"<= day","daily",NA,2,FALSE
"2023-03-27",219.754,FALSE,NA,NA,"<= day","daily",NA,2,FALSE
"2023-03-28",219.367,FALSE,NA,NA,"<= day","daily",NA,2,FALSE
"2023-03-29",219.221,FALSE,NA,NA,"<= day","daily",NA,2,FALSE
"2023-03-30",221.025,FALSE,NA,NA,"<= day","daily",NA,2,FALSE
"2023-03-31",223.008,FALSE,NA,NA,"<= day","daily",NA,2,FALSE
"2023-04-01",224.175,FALSE,NA,NA,"<= day","daily",NA,2,FALSE
"2023-04-02",224.542,FALSE,NA,NA,"<= day","daily",NA,2,FALSE
"2023-04-03",223.675,FALSE,NA,NA,"<= day","daily",NA,2,FALSE
"2023-04-04",222.55,FALSE,NA,NA,"<= day","daily",NA,2,FALSE
"2023-04-05",222.921,FALSE,NA,NA,"<= day","daily",NA,2,FALSE
"2023-04-06",222.967,FALSE,NA,NA,"<= day","daily",NA,2,FALSE
"2023-04-07",223.175,FALSE,NA,NA,"<= day","daily",NA,2,FALSE
"2023-04-08",222.633,FALSE,NA,NA,"<= day","daily",NA,2,FALSE
"2023-04-09",222.508,FALSE,NA,NA,"<= day","daily",NA,2,FALSE
"2023-04-10",222.175,FALSE,NA,NA,"<= day","daily",NA,2,FALSE
"2023-04-11",222.637,FALSE,NA,NA,"<= day","daily",NA,2,FALSE
"2023-04-12",222.217,FALSE,NA,NA,"<= day","daily",NA,2,FALSE
"2023-04-13",224.283,FALSE,NA,NA,"<= day","daily",NA,2,FALSE
"2023-04-14",225.042,FALSE,NA,NA,"<= day","daily",NA,2,FALSE
"2023-04-15",226.533,FALSE,NA,NA,"<= day","daily",NA,2,FALSE
"2023-04-16",225.333,FALSE,NA,NA,"<= day","daily",NA,2,FALSE
"2023-04-17",224.679,FALSE,NA,NA,"<= day","daily",NA,2,FALSE
"2023-04-18",223.383,FALSE,NA,NA,"<= day","daily",NA,2,FALSE
"2023-04-19",223.958,FALSE,NA,NA,"<= day","daily",NA,2,FALSE
"2023-04-20",224.667,FALSE,NA,NA,"<= day","daily",NA,2,FALSE
"2023-04-21",223.592,FALSE,NA,NA,"<= day","daily",NA,2,FALSE
"2023-04-22",224.258,FALSE,NA,NA,"<= day","daily",NA,2,FALSE
"2023-04-23",224.217,FALSE,NA,NA,"<= day","daily",NA,2,FALSE
"2023-04-24",225.4,FALSE,NA,NA,"<= day","daily",NA,2,FALSE
"2023-04-25",226.421,FALSE,NA,NA,"<= day","daily",NA,2,FALSE
"2023-04-26",226.537,FALSE,NA,NA,"<= day","daily",NA,2,FALSE
"2023-04-27",226.012,FALSE,NA,NA,"<= day","daily",NA,2,FALSE
"2023-04-28",229.046,FALSE,NA,NA,"<= day","daily",NA,2,FALSE
"2023-04-29",238.604,FALSE,NA,NA,"<= day","daily",NA,2,FALSE
"2023-04-30",239.833,FALSE,NA,NA,"<= day","daily",NA,2,FALSE
"2023-05-01",237.654,FALSE,NA,NA,"<= day","daily",NA,2,FALSE
"2023-05-02",238.213,FALSE,NA,NA,"<= day","daily",NA,2,FALSE
"2023-05-03",238.1,FALSE,NA,NA,"<= day","daily",NA,2,FALSE
"2023-05-04",238.504,FALSE,NA,NA,"<= day","daily",NA,2,FALSE
"2023-05-05",239.067,FALSE,NA,NA,"<= day","daily",NA,2,FALSE
"2023-05-06",240.667,FALSE,NA,NA,"<= day","daily",NA,2,FALSE
"2023-05-07",241.083,FALSE,NA,NA,"<= day","daily",NA,2,FALSE
"2023-05-08",242.054,FALSE,NA,NA,"<= day","daily",NA,2,FALSE
"2023-05-09",243.275,FALSE,NA,NA,"<= day","daily",NA,2,FALSE
"2023-05-10",244.383,FALSE,NA,NA,"<= day","daily",NA,2,FALSE
"2023-05-11",245.287,FALSE,NA,NA,"<= day","daily",NA,2,FALSE
"2023-05-12",246.804,FALSE,NA,NA,"<= day","daily",NA,2,FALSE
"2023-05-13",246.358,FALSE,NA,NA,"<= day","daily",NA,2,FALSE
"2023-05-14",245.467,FALSE,NA,NA,"<= day","daily",NA,2,FALSE
"2023-05-15",249.879,FALSE,NA,NA,"<= day","daily",NA,2,FALSE
"2023-05-16",251.592,FALSE,NA,NA,"<= day","daily",NA,2,FALSE
"2023-05-17",264.525,FALSE,NA,NA,"<= day","daily",NA,2,FALSE
"2023-05-18",254.379,FALSE,NA,NA,"<= day","daily",NA,2,FALSE
"2023-05-19",250.854,FALSE,NA,NA,"<= day","daily",NA,2,FALSE
"2023-05-20",249.95,FALSE,NA,NA,"<= day","daily",NA,2,FALSE
"2023-05-21",249.438,FALSE,NA,NA,"<= day","daily",NA,2,FALSE
"2023-05-22",250.942,FALSE,NA,NA,"<= day","daily",NA,2,FALSE
"2023-05-23",250.979,FALSE,NA,NA,"<= day","daily",NA,2,FALSE
"2023-05-24",252.475,FALSE,NA,NA,"<= day","daily",NA,2,FALSE
"2023-05-25",252.058,FALSE,NA,NA,"<= day","daily",NA,2,FALSE
"2023-05-26",252.492,FALSE,NA,NA,"<= day","daily",NA,2,FALSE
"2023-05-27",255.767,FALSE,NA,NA,"<= day","daily",NA,2,FALSE
"2023-05-28",254.204,FALSE,NA,NA,"<= day","daily",NA,2,FALSE
"2023-05-29",256.679,FALSE,NA,NA,"<= day","daily",NA,2,FALSE
"2023-05-30",255.733,FALSE,NA,NA,"<= day","daily",NA,2,FALSE
"2023-05-31",254.438,FALSE,NA,NA,"<= day","daily",NA,2,FALSE
"2023-06-01",254.296,FALSE,NA,NA,"<= day","daily",NA,2,FALSE
"2023-06-02",252.992,FALSE,NA,NA,"<= day","daily",NA,2,FALSE
"2023-06-03",253.296,FALSE,NA,NA,"<= day","daily",NA,2,FALSE
"2023-06-04",254.679,FALSE,NA,NA,"<= day","daily",NA,2,FALSE
"2023-06-05",253.7,FALSE,NA,NA,"<= day","daily",NA,2,FALSE
"2023-06-06",252.796,FALSE,NA,NA,"<= day","daily",NA,2,FALSE
"2023-06-07",249.221,FALSE,NA,NA,"<= day","daily",NA,2,FALSE
"2023-06-08",242.871,FALSE,NA,NA,"<= day","daily",NA,2,FALSE
"2023-06-09",244.054,FALSE,NA,NA,"<= day","daily",NA,2,FALSE
"2023-06-10",242.708,FALSE,NA,NA,"<= day","daily",NA,2,FALSE
"2023-06-11",243.25,FALSE,NA,NA,"<= day","daily",NA,2,FALSE
"2023-06-12",242.654,FALSE,NA,NA,"<= day","daily",NA,2,FALSE
"2023-06-13",243.008,FALSE,NA,NA,"<= day","daily",NA,2,FALSE
"2023-06-14",243.396,FALSE,NA,NA,"<= day","daily",NA,2,FALSE
"2023-06-15",244.6,FALSE,NA,NA,"<= day","daily",NA,2,FALSE
"2023-06-16",242.267,FALSE,NA,NA,"<= day","daily",NA,2,FALSE
"2023-06-17",240.463,FALSE,NA,NA,"<= day","daily",NA,2,FALSE
"2023-06-18",239.292,FALSE,NA,NA,"<= day","daily",NA,2,FALSE
"2023-06-19",238.717,FALSE,NA,NA,"<= day","daily",NA,2,FALSE
"2023-06-20",238.3,FALSE,NA,NA,"<= day","daily",NA,2,FALSE
"2023-06-21",238.421,FALSE,NA,NA,"<= day","daily",NA,2,FALSE
"2023-06-22",238.254,FALSE,NA,NA,"<= day","daily",NA,2,FALSE
"2023-06-23",238.667,FALSE,NA,NA,"<= day","daily",NA,2,FALSE
"2023-06-24",234.55,FALSE,NA,NA,"<= day","daily",NA,2,FALSE
"2023-06-25",232.95,FALSE,NA,NA,"<= day","daily",NA,2,FALSE
"2023-06-26",231.312,FALSE,NA,NA,"<= day","daily",NA,2,FALSE
"2023-06-27",231.125,FALSE,NA,NA,"<= day","daily",NA,2,FALSE
"2023-06-28",231.558,FALSE,NA,NA,"<= day","daily",NA,2,FALSE
"2023-06-29",231.108,FALSE,NA,NA,"<= day","daily",NA,2,FALSE
"2023-06-30",229.688,FALSE,NA,NA,"<= day","daily",NA,2,FALSE
"2023-07-01",230.963,FALSE,NA,NA,"<= day","daily",NA,2,FALSE
"2023-07-02",234.917,FALSE,NA,NA,"<= day","daily",NA,2,FALSE
"2023-07-03",235.412,FALSE,NA,NA,"<= day","daily",NA,2,FALSE
"2023-07-04",232.267,FALSE,NA,NA,"<= day","daily",NA,2,FALSE
"2023-07-05",230.867,FALSE,NA,NA,"<= day","daily",NA,2,FALSE
"2023-07-06",231.867,FALSE,NA,NA,"<= day","daily",NA,2,FALSE
"2023-07-07",231.15,FALSE,NA,NA,"<= day","daily",NA,2,FALSE
"2023-07-08",232.854,FALSE,NA,NA,"<= day","daily",NA,2,FALSE
"2023-07-09",238.887,FALSE,NA,NA,"<= day","daily",NA,2,FALSE
"2023-07-10",236.333,FALSE,NA,NA,"<= day","daily",NA,2,FALSE
"2023-07-11",236.304,FALSE,NA,NA,"<= day","daily",NA,2,FALSE
"2023-07-12",234.183,FALSE,NA,NA,"<= day","daily",NA,2,FALSE
"2023-07-13",234.267,FALSE,NA,NA,"<= day","daily",NA,2,FALSE
"2023-07-14",232.979,FALSE,NA,NA,"<= day","daily",NA,2,FALSE
"2023-07-15",237.233,FALSE,NA,NA,"<= day","daily",NA,2,FALSE
"2023-07-16",237.246,FALSE,NA,NA,"<= day","daily",NA,2,FALSE
"2023-07-17",232.383,FALSE,NA,NA,"<= day","daily",NA,2,FALSE
"2023-07-18",232.738,FALSE,NA,NA,"<= day","daily",NA,2,FALSE
"2023-07-19",235.05,FALSE,NA,NA,"<= day","daily",NA,2,FALSE
"2023-07-20",231.787,FALSE,NA,NA,"<= day","daily",NA,2,FALSE
"2023-07-21",231.671,FALSE,NA,NA,"<= day","daily",NA,2,FALSE
"2023-07-22",232.642,FALSE,NA,NA,"<= day","daily",NA,2,FALSE
"2023-07-23",234.067,FALSE,NA,NA,"<= day","daily",NA,2,FALSE
"2023-07-24",234.6,FALSE,NA,NA,"<= day","daily",NA,2,FALSE
"2023-07-25",234.392,FALSE,NA,NA,"<= day","daily",NA,2,FALSE
"2023-07-26",234.85,FALSE,NA,NA,"<= day","daily",NA,2,FALSE
"2023-07-27",231.833,FALSE,NA,NA,"<= day","daily",NA,2,FALSE
"2023-07-28",232.4,FALSE,NA,NA,"<= day","daily",NA,2,FALSE
"2023-07-29",232.642,FALSE,NA,NA,"<= day","daily",NA,2,FALSE
"2023-07-30",232.475,FALSE,NA,NA,"<= day","daily",NA,2,FALSE
"2023-07-31",232.242,FALSE,NA,NA,"<= day","daily",NA,2,FALSE
"2023-08-01",233.021,FALSE,NA,NA,"<= day","daily",NA,2,FALSE
"2023-08-02",233.142,FALSE,NA,NA,"<= day","daily",NA,2,FALSE
"2023-08-03",237.412,FALSE,NA,NA,"<= day","daily",NA,2,FALSE
"2023-08-04",236.771,FALSE,NA,NA,"<= day","daily",NA,2,FALSE
"2023-08-05",239.292,FALSE,NA,NA,"<= day","daily",NA,2,FALSE
"2023-08-06",240.708,FALSE,NA,NA,"<= day","daily",NA,2,FALSE
"2023-08-07",240.458,FALSE,NA,NA,"<= day","daily",NA,2,FALSE
"2023-08-08",240.792,FALSE,NA,NA,"<= day","daily",NA,2,FALSE
"2023-08-09",239.792,FALSE,NA,NA,"<= day","daily",NA,2,FALSE
"2023-08-10",242.279,FALSE,NA,NA,"<= day","daily",NA,2,FALSE
"2023-08-11",246.329,FALSE,NA,NA,"<= day","daily",NA,2,FALSE
"2023-08-12",247.492,FALSE,NA,NA,"<= day","daily",NA,2,FALSE
"2023-08-13",247.025,FALSE,NA,NA,"<= day","daily",NA,2,FALSE
"2023-08-14",246.467,FALSE,NA,NA,"<= day","daily",NA,2,FALSE
"2023-08-15",246.792,FALSE,NA,NA,"<= day","daily",NA,2,FALSE
"2023-08-16",247.1,FALSE,NA,NA,"<= day","daily",NA,2,FALSE
"2023-08-17",247.554,FALSE,NA,NA,"<= day","daily",NA,2,FALSE
"2023-08-18",249.858,FALSE,NA,NA,"<= day","daily",NA,2,FALSE
"2023-08-19",247.95,FALSE,NA,NA,"<= day","daily",NA,2,FALSE
"2023-08-20",247.95,FALSE,NA,NA,"<= day","daily",NA,2,FALSE
"2023-08-21",245.846,FALSE,NA,NA,"<= day","daily",NA,2,FALSE
"2023-08-22",245.721,FALSE,NA,NA,"<= day","daily",NA,2,FALSE
"2023-08-23",245.108,FALSE,NA,NA,"<= day","daily",NA,2,FALSE
"2023-08-24",245.15,FALSE,NA,NA,"<= day","daily",NA,2,FALSE
"2023-08-25",244.688,FALSE,NA,NA,"<= day","daily",NA,2,FALSE
"2023-08-26",244.258,FALSE,NA,NA,"<= day","daily",NA,2,FALSE
"2023-08-27",244.304,FALSE,NA,NA,"<= day","daily",NA,2,FALSE
"2023-08-28",249.692,FALSE,NA,NA,"<= day","daily",NA,2,FALSE
"2023-08-29",250.296,FALSE,NA,NA,"<= day","daily",NA,2,FALSE
"2023-08-30",257.3,FALSE,NA,NA,"<= day","daily",NA,2,FALSE
"2023-08-31",259.696,FALSE,NA,NA,"<= day","daily",NA,2,FALSE
"2023-09-01",259.554,FALSE,NA,NA,"<= day","daily",NA,2,FALSE
"2023-09-02",259.696,FALSE,NA,NA,"<= day","daily",NA,2,FALSE
"2023-09-03",259.254,FALSE,NA,NA,"<= day","daily",NA,2,FALSE
"2023-09-04",258.608,FALSE,NA,NA,"<= day","daily",NA,2,FALSE
"2023-09-05",257.883,FALSE,NA,NA,"<= day","daily",NA,2,FALSE
"2023-09-06",256.458,FALSE,NA,NA,"<= day","daily",NA,2,FALSE
"2023-09-07",256.337,FALSE,NA,NA,"<= day","daily",NA,2,FALSE
"2023-09-08",255.738,FALSE,NA,NA,"<= day","daily",NA,2,FALSE
"2023-09-09",255.65,FALSE,NA,NA,"<= day","daily",NA,2,FALSE
"2023-09-10",255.025,FALSE,NA,NA,"<= day","daily",NA,2,FALSE
"2023-09-11",255.229,FALSE,NA,NA,"<= day","daily",NA,2,FALSE
"2023-09-12",255.483,FALSE,NA,NA,"<= day","daily",NA,2,FALSE
"2023-09-13",256.5,FALSE,NA,NA,"<= day","daily",NA,2,FALSE
"2023-09-14",256.117,FALSE,NA,NA,"<= day","daily",NA,2,FALSE
"2023-09-15",254.85,FALSE,NA,NA,"<= day","daily",NA,2,FALSE
"2023-09-16",251.842,FALSE,NA,NA,"<= day","daily",NA,2,FALSE
"2023-09-17",251.2,FALSE,NA,NA,"<= day","daily",NA,2,FALSE
"2023-09-18",250.117,FALSE,NA,NA,"<= day","daily",NA,2,FALSE
"2023-09-19",248.583,FALSE,NA,NA,"<= day","daily",NA,2,FALSE
"2023-09-20",247.867,FALSE,NA,NA,"<= day","daily",NA,2,FALSE
"2023-09-21",247.229,FALSE,NA,NA,"<= day","daily",NA,2,FALSE
"2023-09-22",246.808,FALSE,NA,NA,"<= day","daily",NA,2,FALSE
"2023-09-23",246.021,FALSE,NA,NA,"<= day","daily",NA,2,FALSE
"2023-09-24",245.546,FALSE,NA,NA,"<= day","daily",NA,2,FALSE
"2023-09-25",245.542,FALSE,NA,NA,"<= day","daily",NA,2,FALSE
"2023-09-26",244.979,FALSE,NA,NA,"<= day","daily",NA,2,FALSE
"2023-09-27",244.267,FALSE,NA,NA,"<= day","daily",NA,2,FALSE
"2023-09-28",243.608,FALSE,NA,NA,"<= day","daily",NA,2,FALSE
"2023-09-29",243.488,FALSE,NA,NA,"<= day","daily",NA,2,FALSE
"2023-09-30",242.996,FALSE,NA,NA,"<= day","daily",NA,2,FALSE
"2023-10-01",242.142,FALSE,NA,NA,"<= day","daily",NA,2,FALSE
"2023-10-02",240.917,FALSE,NA,NA,"<= day","daily",NA,2,FALSE
"2023-10-03",241.125,FALSE,NA,NA,"<= day","daily",NA,2,FALSE
"2023-10-04",239.583,FALSE,NA,NA,"<= day","daily",NA,2,FALSE
"2023-10-05",239.792,FALSE,NA,NA,"<= day","daily",NA,2,FALSE
"2023-10-06",239.458,FALSE,NA,NA,"<= day","daily",NA,2,FALSE
"2023-10-07",239.083,FALSE,NA,NA,"<= day","daily",NA,2,FALSE
"2023-10-08",238.333,FALSE,NA,NA,"<= day","daily",NA,2,FALSE
"2023-10-09",237.721,FALSE,NA,NA,"<= day","daily",NA,2,FALSE
"2023-10-10",237.296,FALSE,NA,NA,"<= day","daily",NA,2,FALSE
"2023-10-11",237.012,FALSE,NA,NA,"<= day","daily",NA,2,FALSE
"2023-10-12",236.458,FALSE,NA,NA,"<= day","daily",NA,2,FALSE
"2023-10-13",235.85,FALSE,NA,NA,"<= day","daily",NA,2,FALSE
"2023-10-14",236.046,FALSE,NA,NA,"<= day","daily",NA,2,FALSE
"2023-10-15",235.225,FALSE,NA,NA,"<= day","daily",NA,2,FALSE
"2023-10-16",234.887,FALSE,NA,NA,"<= day","daily",NA,2,FALSE
"2023-10-17",232.975,FALSE,NA,NA,"<= day","daily",NA,2,FALSE
"2023-10-18",232.438,FALSE,NA,NA,"<= day","daily",NA,2,FALSE
"2023-10-19",232.371,FALSE,NA,NA,"<= day","daily",NA,2,FALSE
"2023-10-20",232.146,FALSE,NA,NA,"<= day","daily",NA,2,FALSE
"2023-10-21",230.833,FALSE,NA,NA,"<= day","daily",NA,2,FALSE
"2023-10-22",229.242,FALSE,NA,NA,"<= day","daily",NA,2,FALSE
"2023-10-23",228.742,FALSE,NA,NA,"<= day","daily",NA,2,FALSE
"2023-10-24",228.325,FALSE,NA,NA,"<= day","daily",NA,2,FALSE
"2023-10-25",228.283,FALSE,NA,NA,"<= day","daily",NA,2,FALSE
"2023-10-26",228.242,FALSE,NA,NA,"<= day","daily",NA,2,FALSE
"2023-10-27",228.692,FALSE,NA,NA,"<= day","daily",NA,2,FALSE
"2023-10-28",227.492,FALSE,NA,NA,"<= day","daily",NA,2,FALSE
"2023-10-29",227.079,FALSE,NA,NA,"<= day","daily",NA,2,FALSE
"2023-10-30",225.925,FALSE,NA,NA,"<= day","daily",NA,2,FALSE
"2023-10-31",227.367,FALSE,NA,NA,"<= day","daily",NA,2,FALSE
"2023-11-01",226.338,FALSE,NA,NA,"<= day","daily",NA,2,FALSE
"2023-11-02",228.271,FALSE,NA,NA,"<= day","daily",NA,2,FALSE
"2023-11-03",230.938,FALSE,NA,NA,"<= day","daily",NA,2,FALSE
"2023-11-04",228.575,FALSE,NA,NA,"<= day","daily",NA,2,FALSE
"2023-11-05",228.367,FALSE,NA,NA,"<= day","daily",NA,2,FALSE
"2023-11-06",227.575,FALSE,NA,NA,"<= day","daily",NA,2,FALSE
"2023-11-07",228.075,FALSE,NA,NA,"<= day","daily",NA,2,FALSE
"2023-11-08",227.992,FALSE,NA,NA,"<= day","daily",NA,2,FALSE
"2023-11-09",227.783,FALSE,NA,NA,"<= day","daily",NA,2,FALSE
"2023-11-10",228.742,FALSE,NA,NA,"<= day","daily",NA,2,FALSE
"2023-11-11",227.825,FALSE,NA,NA,"<= day","daily",NA,2,FALSE
"2023-11-12",228.367,FALSE,NA,NA,"<= day","daily",NA,2,FALSE
"2023-11-13",230.367,FALSE,NA,NA,"<= day","daily",NA,2,FALSE
"2023-11-14",233.404,FALSE,NA,NA,"<= day","daily",NA,2,FALSE
"2023-11-15",235.137,FALSE,NA,NA,"<= day","daily",NA,2,FALSE
"2023-11-16",233.975,FALSE,NA,NA,"<= day","daily",NA,2,FALSE
"2023-11-17",237.892,FALSE,NA,NA,"<= day","daily",NA,2,FALSE
"2023-11-18",235.629,FALSE,NA,NA,"<= day","daily",NA,2,FALSE
"2023-11-19",245.783,FALSE,NA,NA,"<= day","daily",NA,2,FALSE
"2023-11-20",246.154,FALSE,NA,NA,"<= day","daily",NA,2,FALSE
"2023-11-21",244.938,FALSE,NA,NA,"<= day","daily",NA,2,FALSE
"2023-11-22",243.967,FALSE,NA,NA,"<= day","daily",NA,2,FALSE
"2023-11-23",243.088,FALSE,NA,NA,"<= day","daily",NA,2,FALSE
"2023-11-24",248.417,FALSE,NA,NA,"<= day","daily",NA,2,FALSE
"2023-11-25",248.708,FALSE,NA,NA,"<= day","daily",NA,2,FALSE
"2023-11-26",246.496,FALSE,NA,NA,"<= day","daily",NA,2,FALSE
"2023-11-27",245.246,FALSE,NA,NA,"<= day","daily",NA,2,FALSE
"2023-11-28",245.758,FALSE,NA,NA,"<= day","daily",NA,2,FALSE
"2023-11-29",244.338,FALSE,NA,NA,"<= day","daily",NA,2,FALSE
"2023-11-30",243.133,FALSE,NA,NA,"<= day","daily",NA,2,FALSE
"2023-12-01",243.996,FALSE,NA,NA,"<= day","daily",NA,2,FALSE
"2023-12-02",244.379,FALSE,NA,NA,"<= day","daily",NA,2,FALSE
"2023-12-03",242.358,FALSE,NA,NA,"<= day","daily",NA,2,FALSE
"2023-12-04",240.875,FALSE,NA,NA,"<= day","daily",NA,2,FALSE
"2023-12-05",240.375,FALSE,NA,NA,"<= day","daily",NA,2,FALSE
"2023-12-06",240.417,FALSE,NA,NA,"<= day","daily",NA,2,FALSE
"2023-12-07",238.625,FALSE,NA,NA,"<= day","daily",NA,2,FALSE
"2023-12-08",238.125,FALSE,NA,NA,"<= day","daily",NA,2,FALSE
"2023-12-09",238.171,FALSE,NA,NA,"<= day","daily",NA,2,FALSE
"2023-12-10",239.208,FALSE,NA,NA,"<= day","daily",NA,2,FALSE
"2023-12-11",245.208,FALSE,NA,NA,"<= day","daily",NA,2,FALSE
"2023-12-12",246.542,FALSE,NA,NA,"<= day","daily",NA,2,FALSE
"2023-12-13",247.658,FALSE,NA,NA,"<= day","daily",NA,2,FALSE
"2023-12-14",248.2,FALSE,NA,NA,"<= day","daily",NA,2,FALSE
"2023-12-15",247.817,FALSE,NA,NA,"<= day","daily",NA,2,FALSE
"2023-12-16",245.637,FALSE,NA,NA,"<= day","daily",NA,2,FALSE
"2023-12-17",244,FALSE,NA,NA,"<= day","daily",NA,2,FALSE
"2023-12-18",241.333,FALSE,NA,NA,"<= day","daily",NA,2,FALSE
"2023-12-19",240.5,FALSE,NA,NA,"<= day","daily",NA,2,FALSE
"2023-12-20",239.583,FALSE,NA,NA,"<= day","daily",NA,2,FALSE
"2023-12-21",240.217,FALSE,NA,NA,"<= day","daily",NA,2,FALSE
"2023-12-22",246.496,FALSE,NA,NA,"<= day","daily",NA,2,FALSE
"2023-12-23",240.104,FALSE,NA,NA,"<= day","daily",NA,2,FALSE
"2023-12-24",237.7,FALSE,NA,NA,"<= day","daily",NA,2,FALSE
"2023-12-25",237.058,FALSE,NA,NA,"<= day","daily",NA,2,FALSE
"2023-12-26",236.65,FALSE,NA,NA,"<= day","daily",NA,2,FALSE
"2023-12-27",236.225,FALSE,NA,NA,"<= day","daily",NA,2,FALSE
"2023-12-28",235.058,FALSE,NA,NA,"<= day","daily",NA,2,FALSE
"2023-12-29",234.35,FALSE,NA,NA,"<= day","daily",NA,2,FALSE
"2023-12-30",233.1,FALSE,NA,NA,"<= day","daily",NA,2,FALSE
"2023-12-31",234.392,FALSE,NA,NA,"<= day","daily",NA,2,FALSE
