"date","discharge","qc_flag","qc_type","qc_detect_method","temp_res","temp_res_dom","dq_issue","cpd_segment_id","cpd_segment_main"
"1984-08-01",607.292,FALSE,NA,NA,"<= day","daily",NA,NA,NA
"1984-08-02",549.094,FALSE,NA,NA,"<= day","daily",NA,NA,NA
"1984-08-03",513.969,FALSE,NA,NA,"<= day","daily",NA,NA,NA
"1984-08-04",524.312,FALSE,NA,NA,"<= day","daily",NA,NA,NA
"1984-08-05",620.333,FALSE,NA,NA,"<= day","daily",NA,NA,NA
"1984-08-06",575.417,FALSE,NA,NA,"<= day","daily",NA,NA,NA
"1984-08-07",518.177,FALSE,NA,NA,"<= day","daily",NA,NA,NA
"1984-08-08",497.76,FALSE,NA,NA,"<= day","daily",NA,NA,NA
"1984-08-09",498,FALSE,NA,NA,"<= day","daily",NA,NA,NA
"1984-08-10",499.323,FALSE,NA,NA,"<= day","daily",NA,NA,NA
"1984-08-11",520.094,FALSE,NA,NA,"<= day","daily",NA,NA,NA
"1984-08-12",499.656,FALSE,NA,NA,"<= day","daily",NA,NA,NA
"1984-08-13",479.844,FALSE,NA,NA,"<= day","daily",NA,NA,NA
"1984-08-14",477,FALSE,NA,NA,"<= day","daily",NA,NA,NA
"1984-08-15",477.115,FALSE,NA,NA,"<= day","daily",NA,NA,NA
"1984-08-16",475.802,FALSE,NA,NA,"<= day","daily",NA,NA,NA
"1984-08-17",462.323,FALSE,NA,NA,"<= day","daily",NA,NA,NA
"1984-08-18",457.302,FALSE,NA,NA,"<= day","daily",NA,NA,NA
"1984-08-19",445.167,FALSE,NA,NA,"<= day","daily",NA,NA,NA
"1984-08-20",443,FALSE,NA,NA,"<= day","daily",NA,NA,NA
"1984-08-21",442.885,FALSE,NA,NA,"<= day","daily",NA,NA,NA
"1984-08-22",441.792,FALSE,NA,NA,"<= day","daily",NA,NA,NA
"1984-08-23",438.375,FALSE,NA,NA,"<= day","daily",NA,NA,NA
"1984-08-24",430.76,FALSE,NA,NA,"<= day","daily",NA,NA,NA
"1984-08-25",426.542,FALSE,NA,NA,"<= day","daily",NA,NA,NA
"1984-08-26",426,FALSE,NA,NA,"<= day","daily",NA,NA,NA
"1984-08-27",424.281,FALSE,NA,NA,"<= day","daily",NA,NA,NA
"1984-08-28",412.917,FALSE,NA,NA,"<= day","daily",NA,NA,NA
"1984-08-29",410.135,FALSE,NA,NA,"<= day","daily",NA,NA,NA
"1984-08-30",410,FALSE,NA,NA,"<= day","daily",NA,NA,NA
"1984-08-31",408.969,FALSE,NA,NA,"<= day","daily",NA,NA,NA
"1984-09-01",401.417,FALSE,NA,NA,"<= day","daily",NA,NA,NA
"1984-09-02",395.865,FALSE,NA,NA,"<= day","daily",NA,NA,NA
"1984-09-03",400,FALSE,NA,NA,"<= day","daily",NA,NA,NA
"1984-09-04",397.146,FALSE,NA,NA,"<= day","daily",NA,NA,NA
"1984-09-05",407.958,FALSE,NA,NA,"<= day","daily",NA,NA,NA
"1984-09-06",400.469,FALSE,NA,NA,"<= day","daily",NA,NA,NA
"1984-09-07",400.146,FALSE,NA,NA,"<= day","daily",NA,NA,NA
"1984-09-08",386.458,FALSE,NA,NA,"<= day","daily",NA,NA,NA
"1984-09-09",392.073,FALSE,NA,NA,"<= day","daily",NA,NA,NA
"1984-09-10",445.167,FALSE,NA,NA,"<= day","daily",NA,NA,NA
"1984-09-11",418.021,FALSE,NA,NA,"<= day","daily",NA,NA,NA
"1984-09-12",389.875,FALSE,NA,NA,"<= day","daily",NA,NA,NA
"1984-09-13",380.083,FALSE,NA,NA,"<= day","daily",NA,NA,NA
"1984-09-14",380.031,FALSE,NA,NA,"<= day","daily",NA,NA,NA
"1984-09-15",388.156,FALSE,NA,NA,"<= day","daily",NA,NA,NA
"1984-09-16",397,FALSE,NA,NA,"<= day","daily",NA,NA,NA
"1984-09-17",388.594,FALSE,NA,NA,"<= day","daily",NA,NA,NA
"1984-09-18",379.646,FALSE,NA,NA,"<= day","daily",NA,NA,NA
"1984-09-19",374.219,FALSE,NA,NA,"<= day","daily",NA,NA,NA
"1984-09-20",369.74,FALSE,NA,NA,"<= day","daily",NA,NA,NA
"1984-09-21",363.948,FALSE,NA,NA,"<= day","daily",NA,NA,NA
"1984-09-22",366.323,FALSE,NA,NA,"<= day","daily",NA,NA,NA
"1984-09-23",390.823,FALSE,NA,NA,"<= day","daily",NA,NA,NA
"1984-09-24",416.188,FALSE,NA,NA,"<= day","daily",NA,NA,NA
"1984-09-25",435.406,FALSE,NA,NA,"<= day","daily",NA,NA,NA
"1984-09-26",395.115,FALSE,NA,NA,"<= day","daily",NA,NA,NA
"1984-09-27",375.521,FALSE,NA,NA,"<= day","daily",NA,NA,NA
"1984-09-28",364.625,FALSE,NA,NA,"<= day","daily",NA,NA,NA
"1984-09-29",363,FALSE,NA,NA,"<= day","daily",NA,NA,NA
"1984-09-30",361.625,FALSE,NA,NA,"<= day","daily",NA,NA,NA
"1984-10-01",360.302,FALSE,NA,NA,"<= day","daily",NA,NA,NA
"1984-10-02",404.917,FALSE,NA,NA,"<= day","daily",NA,NA,NA
"1984-10-03",387.281,FALSE,NA,NA,"<= day","daily",NA,NA,NA
"1984-10-04",379.656,FALSE,NA,NA,"<= day","daily",NA,NA,NA
"1984-10-05",379.177,FALSE,NA,NA,"<= day","daily",NA,NA,NA
"1984-10-06",373.552,FALSE,NA,NA,"<= day","daily",NA,NA,NA
"1984-10-07",363.573,FALSE,NA,NA,"<= day","daily",NA,NA,NA
"1984-10-08",355.396,FALSE,NA,NA,"<= day","daily",NA,NA,NA
"1984-10-09",349.812,FALSE,NA,NA,"<= day","daily",NA,NA,NA
"1984-10-10",349,FALSE,NA,NA,"<= day","daily",NA,NA,NA
"1984-10-11",349,FALSE,NA,NA,"<= day","daily",NA,NA,NA
"1984-10-12",349,FALSE,NA,NA,"<= day","daily",NA,NA,NA
"1984-10-13",349,FALSE,NA,NA,"<= day","daily",NA,NA,NA
"1984-10-14",348.427,FALSE,NA,NA,"<= day","daily",NA,NA,NA
"1984-10-15",343.531,FALSE,NA,NA,"<= day","daily",NA,NA,NA
"1984-10-16",335.812,FALSE,NA,NA,"<= day","daily",NA,NA,NA
"1984-10-17",337,FALSE,NA,NA,"<= day","daily",NA,NA,NA
"1984-10-18",334.542,FALSE,NA,NA,"<= day","daily",NA,NA,NA
"1984-10-19",334,FALSE,NA,NA,"<= day","daily",NA,NA,NA
"1984-10-20",334,FALSE,NA,NA,"<= day","daily",NA,NA,NA
"1984-10-21",334,FALSE,NA,NA,"<= day","daily",NA,NA,NA
"1984-10-22",334,FALSE,NA,NA,"<= day","daily",NA,NA,NA
"1984-10-23",334,FALSE,NA,NA,"<= day","daily",NA,NA,NA
"1984-10-24",333.427,FALSE,NA,NA,"<= day","daily",NA,NA,NA
"1984-10-25",328.646,FALSE,NA,NA,"<= day","daily",NA,NA,NA
"1984-10-26",321.219,FALSE,NA,NA,"<= day","daily",NA,NA,NA
"1984-10-27",319.885,FALSE,NA,NA,"<= day","daily",NA,NA,NA
"1984-10-28",318.562,FALSE,NA,NA,"<= day","daily",NA,NA,NA
"1984-10-29",313.646,FALSE,NA,NA,"<= day","daily",NA,NA,NA
"1984-10-30",306.333,FALSE,NA,NA,"<= day","daily",NA,NA,NA
"1984-10-31",304.948,FALSE,NA,NA,"<= day","daily",NA,NA,NA
"1984-11-01",299.198,FALSE,NA,NA,"<= day","daily",NA,NA,NA
"1984-11-02",299.552,FALSE,NA,NA,"<= day","daily",NA,NA,NA
"1984-11-03",303.615,FALSE,NA,NA,"<= day","daily",NA,NA,NA
"1984-11-04",299.99,FALSE,NA,NA,"<= day","daily",NA,NA,NA
"1984-11-05",294.698,FALSE,NA,NA,"<= day","daily",NA,NA,NA
"1984-11-06",293.021,FALSE,NA,NA,"<= day","daily",NA,NA,NA
"1984-11-07",292.135,FALSE,NA,NA,"<= day","daily",NA,NA,NA
"1984-11-08",292,FALSE,NA,NA,"<= day","daily",NA,NA,NA
"1984-11-09",292,FALSE,NA,NA,"<= day","daily",NA,NA,NA
"1984-11-10",292,FALSE,NA,NA,"<= day","daily",NA,NA,NA
"1984-11-11",292,FALSE,NA,NA,"<= day","daily",NA,NA,NA
"1984-11-12",292,FALSE,NA,NA,"<= day","daily",NA,NA,NA
"1984-11-13",292,FALSE,NA,NA,"<= day","daily",NA,NA,NA
"1984-11-14",292,FALSE,NA,NA,"<= day","daily",NA,NA,NA
"1984-11-15",292,FALSE,NA,NA,"<= day","daily",NA,NA,NA
"1984-11-16",291.885,FALSE,NA,NA,"<= day","daily",NA,NA,NA
"1984-11-17",289.646,FALSE,NA,NA,"<= day","daily",NA,NA,NA
"1984-11-18",279.76,FALSE,NA,NA,"<= day","daily",NA,NA,NA
"1984-11-19",278,FALSE,NA,NA,"<= day","daily",NA,NA,NA
"1984-11-20",278.344,FALSE,NA,NA,"<= day","daily",NA,NA,NA
"1984-11-21",282.198,FALSE,NA,NA,"<= day","daily",NA,NA,NA
"1984-11-22",298.031,FALSE,NA,NA,"<= day","daily",NA,NA,NA
"1984-11-23",342.49,FALSE,NA,NA,"<= day","daily",NA,NA,NA
"1984-11-24",414.896,FALSE,NA,NA,"<= day","daily",NA,NA,NA
"1984-11-25",412.26,FALSE,NA,NA,"<= day","daily",NA,NA,NA
"1984-11-26",358.812,FALSE,NA,NA,"<= day","daily",NA,NA,NA
"1984-11-27",379.51,FALSE,NA,NA,"<= day","daily",NA,NA,NA
"1984-11-28",357.042,FALSE,NA,NA,"<= day","daily",NA,NA,NA
"1984-11-29",339.708,FALSE,NA,NA,"<= day","daily",NA,NA,NA
"1984-11-30",334.542,FALSE,NA,NA,"<= day","daily",NA,NA,NA
"1984-12-01",334,FALSE,NA,NA,"<= day","daily",NA,NA,NA
"1984-12-02",332.281,FALSE,NA,NA,"<= day","daily",NA,NA,NA
"1984-12-03",319.427,FALSE,NA,NA,"<= day","daily",NA,NA,NA
"1984-12-04",306.896,FALSE,NA,NA,"<= day","daily",NA,NA,NA
"1984-12-05",305,FALSE,NA,NA,"<= day","daily",NA,NA,NA
"1984-12-06",305,FALSE,NA,NA,"<= day","daily",NA,NA,NA
"1984-12-07",303.625,FALSE,NA,NA,"<= day","daily",NA,NA,NA
"1984-12-08",294.74,FALSE,NA,NA,"<= day","daily",NA,NA,NA
"1984-12-09",294.208,FALSE,NA,NA,"<= day","daily",NA,NA,NA
"1984-12-10",296.021,FALSE,NA,NA,"<= day","daily",NA,NA,NA
"1984-12-11",292.677,FALSE,NA,NA,"<= day","daily",NA,NA,NA
"1984-12-12",292.573,FALSE,NA,NA,"<= day","daily",NA,NA,NA
"1984-12-13",297.01,FALSE,NA,NA,"<= day","daily",NA,NA,NA
"1984-12-14",301.615,FALSE,NA,NA,"<= day","daily",NA,NA,NA
"1984-12-15",298.448,FALSE,NA,NA,"<= day","daily",NA,NA,NA
"1984-12-16",298.333,FALSE,NA,NA,"<= day","daily",NA,NA,NA
"1984-12-17",310.531,FALSE,NA,NA,"<= day","daily",NA,NA,NA
"1984-12-18",307.021,FALSE,NA,NA,"<= day","daily",NA,NA,NA
"1984-12-19",309.792,FALSE,NA,NA,"<= day","daily",NA,NA,NA
"1984-12-20",302.948,FALSE,NA,NA,"<= day","daily",NA,NA,NA
"1984-12-21",304.229,FALSE,NA,NA,"<= day","daily",NA,NA,NA
"1984-12-22",302.583,FALSE,NA,NA,"<= day","daily",NA,NA,NA
"1984-12-23",298.615,FALSE,NA,NA,"<= day","daily",NA,NA,NA
"1984-12-24",303.167,FALSE,NA,NA,"<= day","daily",NA,NA,NA
"1984-12-25",303.833,FALSE,NA,NA,"<= day","daily",NA,NA,NA
"1984-12-26",297.219,FALSE,NA,NA,"<= day","daily",NA,NA,NA
"1984-12-27",295.542,FALSE,NA,NA,"<= day","daily",NA,NA,NA
"1984-12-28",292.542,FALSE,NA,NA,"<= day","daily",NA,NA,NA
"1984-12-29",292,FALSE,NA,NA,"<= day","daily",NA,NA,NA
"1984-12-30",292,FALSE,NA,NA,"<= day","daily",NA,NA,NA
"1984-12-31",292,FALSE,NA,NA,"<= day","daily",NA,NA,NA
"1985-01-01",292,FALSE,NA,NA,"<= day","daily",NA,NA,NA
"1985-01-02",292,FALSE,NA,NA,"<= day","daily",NA,NA,NA
"1985-01-03",292,FALSE,NA,NA,"<= day","daily",NA,NA,NA
"1985-01-04",292,FALSE,NA,NA,"<= day","daily",NA,NA,NA
"1985-01-05",291.656,FALSE,NA,NA,"<= day","daily",NA,NA,NA
"1985-01-06",288.833,FALSE,NA,NA,"<= day","daily",NA,NA,NA
"1985-01-07",285.021,FALSE,NA,NA,"<= day","daily",NA,NA,NA
"1985-01-08",285.562,FALSE,NA,NA,"<= day","daily",NA,NA,NA
"1985-01-09",279.219,FALSE,NA,NA,"<= day","daily",NA,NA,NA
"1985-01-10",278,FALSE,NA,NA,"<= day","daily",NA,NA,NA
"1985-01-11",278,FALSE,NA,NA,"<= day","daily",NA,NA,NA
"1985-01-12",278,FALSE,NA,NA,"<= day","daily",NA,NA,NA
"1985-01-13",278,FALSE,NA,NA,"<= day","daily",NA,NA,NA
"1985-01-14",278,FALSE,NA,NA,"<= day","daily",NA,NA,NA
"1985-01-15",278,FALSE,NA,NA,"<= day","daily",NA,NA,NA
"1985-01-16",276.51,FALSE,NA,NA,"<= day","daily",NA,NA,NA
"1985-01-17",266.646,FALSE,NA,NA,"<= day","daily",NA,NA,NA
"1985-01-18",264.135,FALSE,NA,NA,"<= day","daily",NA,NA,NA
"1985-01-19",264,FALSE,NA,NA,"<= day","daily",NA,NA,NA
"1985-01-20",264.115,FALSE,NA,NA,"<= day","daily",NA,NA,NA
"1985-01-21",267.729,FALSE,NA,NA,"<= day","daily",NA,NA,NA
"1985-01-22",308.271,FALSE,NA,NA,"<= day","daily",NA,NA,NA
"1985-01-23",454.438,FALSE,NA,NA,"<= day","daily",NA,NA,NA
"1985-01-24",473.833,FALSE,NA,NA,"<= day","daily",NA,NA,NA
"1985-01-25",391.562,FALSE,NA,NA,"<= day","daily",NA,NA,NA
"1985-01-26",396.542,FALSE,NA,NA,"<= day","daily",NA,NA,NA
"1985-01-27",468.875,FALSE,NA,NA,"<= day","daily",NA,NA,NA
"1985-01-28",429.167,FALSE,NA,NA,"<= day","daily",NA,NA,NA
"1985-01-29",404.542,FALSE,NA,NA,"<= day","daily",NA,NA,NA
"1985-01-30",395.219,FALSE,NA,NA,"<= day","daily",NA,NA,NA
"1985-01-31",409.698,FALSE,NA,NA,"<= day","daily",NA,NA,NA
"1985-02-01",519.896,FALSE,NA,NA,"<= day","daily",NA,NA,NA
"1985-02-02",581.812,FALSE,NA,NA,"<= day","daily",NA,NA,NA
"1985-02-03",550.896,FALSE,NA,NA,"<= day","daily",NA,NA,NA
"1985-02-04",513.792,FALSE,NA,NA,"<= day","daily",NA,NA,NA
"1985-02-05",498.531,FALSE,NA,NA,"<= day","daily",NA,NA,NA
"1985-02-06",495.271,FALSE,NA,NA,"<= day","daily",NA,NA,NA
"1985-02-07",495.458,FALSE,NA,NA,"<= day","daily",NA,NA,NA
"1985-02-08",504.76,FALSE,NA,NA,"<= day","daily",NA,NA,NA
"1985-02-09",557.781,FALSE,NA,NA,"<= day","daily",NA,NA,NA
"1985-02-10",634.604,FALSE,NA,NA,"<= day","daily",NA,NA,NA
"1985-02-11",615.49,FALSE,NA,NA,"<= day","daily",NA,NA,NA
"1985-02-12",574.448,FALSE,NA,NA,"<= day","daily",NA,NA,NA
"1985-02-13",560.594,FALSE,NA,NA,"<= day","daily",NA,NA,NA
"1985-02-14",548.615,FALSE,NA,NA,"<= day","daily",NA,NA,NA
"1985-02-15",537.062,FALSE,NA,NA,"<= day","daily",NA,NA,NA
"1985-02-16",520.021,FALSE,NA,NA,"<= day","daily",NA,NA,NA
"1985-02-17",512.24,FALSE,NA,NA,"<= day","daily",NA,NA,NA
"1985-02-18",506.302,FALSE,NA,NA,"<= day","daily",NA,NA,NA
"1985-02-19",496.625,FALSE,NA,NA,"<= day","daily",NA,NA,NA
"1985-02-20",495,FALSE,NA,NA,"<= day","daily",NA,NA,NA
"1985-02-21",495,FALSE,NA,NA,"<= day","daily",NA,NA,NA
"1985-02-22",493.167,FALSE,NA,NA,"<= day","daily",NA,NA,NA
"1985-02-23",480.938,FALSE,NA,NA,"<= day","daily",NA,NA,NA
"1985-02-24",477.271,FALSE,NA,NA,"<= day","daily",NA,NA,NA
"1985-02-25",477,FALSE,NA,NA,"<= day","daily",NA,NA,NA
"1985-02-26",477,FALSE,NA,NA,"<= day","daily",NA,NA,NA
"1985-02-27",477,FALSE,NA,NA,"<= day","daily",NA,NA,NA
"1985-02-28",476.885,FALSE,NA,NA,"<= day","daily",NA,NA,NA
"1985-03-01",475.906,FALSE,NA,NA,"<= day","daily",NA,NA,NA
"1985-03-02",474.729,FALSE,NA,NA,"<= day","daily",NA,NA,NA
"1985-03-03",477.344,FALSE,NA,NA,"<= day","daily",NA,NA,NA
"1985-03-04",475.875,FALSE,NA,NA,"<= day","daily",NA,NA,NA
"1985-03-05",466.344,FALSE,NA,NA,"<= day","daily",NA,NA,NA
"1985-03-06",457.01,FALSE,NA,NA,"<= day","daily",NA,NA,NA
"1985-03-07",453.75,FALSE,NA,NA,"<= day","daily",NA,NA,NA
"1985-03-08",454.104,FALSE,NA,NA,"<= day","daily",NA,NA,NA
"1985-03-09",444.76,FALSE,NA,NA,"<= day","daily",NA,NA,NA
"1985-03-10",443,FALSE,NA,NA,"<= day","daily",NA,NA,NA
"1985-03-11",443,FALSE,NA,NA,"<= day","daily",NA,NA,NA
"1985-03-12",442.885,FALSE,NA,NA,"<= day","daily",NA,NA,NA
"1985-03-13",442.021,FALSE,NA,NA,"<= day","daily",NA,NA,NA
"1985-03-14",441.365,FALSE,NA,NA,"<= day","daily",NA,NA,NA
"1985-03-15",442.729,FALSE,NA,NA,"<= day","daily",NA,NA,NA
"1985-03-16",443,FALSE,NA,NA,"<= day","daily",NA,NA,NA
"1985-03-17",441.281,FALSE,NA,NA,"<= day","daily",NA,NA,NA
"1985-03-18",429.802,FALSE,NA,NA,"<= day","daily",NA,NA,NA
"1985-03-19",426.271,FALSE,NA,NA,"<= day","daily",NA,NA,NA
"1985-03-20",426,FALSE,NA,NA,"<= day","daily",NA,NA,NA
"1985-03-21",426.115,FALSE,NA,NA,"<= day","daily",NA,NA,NA
"1985-03-22",429.729,FALSE,NA,NA,"<= day","daily",NA,NA,NA
"1985-03-23",449.875,FALSE,NA,NA,"<= day","daily",NA,NA,NA
"1985-03-24",459.906,FALSE,NA,NA,"<= day","daily",NA,NA,NA
"1985-03-25",450.208,FALSE,NA,NA,"<= day","daily",NA,NA,NA
"1985-03-26",444.5,FALSE,NA,NA,"<= day","daily",NA,NA,NA
"1985-03-27",447.958,FALSE,NA,NA,"<= day","daily",NA,NA,NA
"1985-03-28",446.125,FALSE,NA,NA,"<= day","daily",NA,NA,NA
"1985-03-29",438.354,FALSE,NA,NA,"<= day","daily",NA,NA,NA
"1985-03-30",435.74,FALSE,NA,NA,"<= day","daily",NA,NA,NA
"1985-03-31",427.49,FALSE,NA,NA,"<= day","daily",NA,NA,NA
"1985-04-01",424.625,FALSE,NA,NA,"<= day","daily",NA,NA,NA
"1985-04-02",415.167,FALSE,NA,NA,"<= day","daily",NA,NA,NA
"1985-04-03",410.542,FALSE,NA,NA,"<= day","daily",NA,NA,NA
"1985-04-04",410,FALSE,NA,NA,"<= day","daily",NA,NA,NA
"1985-04-05",410,FALSE,NA,NA,"<= day","daily",NA,NA,NA
"1985-04-06",410,FALSE,NA,NA,"<= day","daily",NA,NA,NA
"1985-04-07",410.344,FALSE,NA,NA,"<= day","daily",NA,NA,NA
"1985-04-08",414.542,FALSE,NA,NA,"<= day","daily",NA,NA,NA
"1985-04-09",427.01,FALSE,NA,NA,"<= day","daily",NA,NA,NA
"1985-04-10",425.042,FALSE,NA,NA,"<= day","daily",NA,NA,NA
"1985-04-11",427.677,FALSE,NA,NA,"<= day","daily",NA,NA,NA
"1985-04-12",440.698,FALSE,NA,NA,"<= day","daily",NA,NA,NA
"1985-04-13",446.896,FALSE,NA,NA,"<= day","daily",NA,NA,NA
"1985-04-14",483.396,FALSE,NA,NA,"<= day","daily",NA,NA,NA
"1985-04-15",566.302,FALSE,NA,NA,"<= day","daily",NA,NA,NA
"1985-04-16",615.052,FALSE,NA,NA,"<= day","daily",NA,NA,NA
"1985-04-17",583.292,FALSE,NA,NA,"<= day","daily",NA,NA,NA
"1985-04-18",555.219,FALSE,NA,NA,"<= day","daily",NA,NA,NA
"1985-04-19",547.792,FALSE,NA,NA,"<= day","daily",NA,NA,NA
"1985-04-20",547.865,FALSE,NA,NA,"<= day","daily",NA,NA,NA
"1985-04-21",546.74,FALSE,NA,NA,"<= day","daily",NA,NA,NA
"1985-04-22",537.688,FALSE,NA,NA,"<= day","daily",NA,NA,NA
"1985-04-23",530.948,FALSE,NA,NA,"<= day","daily",NA,NA,NA
"1985-04-24",528.167,FALSE,NA,NA,"<= day","daily",NA,NA,NA
"1985-04-25",515.938,FALSE,NA,NA,"<= day","daily",NA,NA,NA
"1985-04-26",512.271,FALSE,NA,NA,"<= day","daily",NA,NA,NA
"1985-04-27",514.177,FALSE,NA,NA,"<= day","daily",NA,NA,NA
"1985-04-28",526.25,FALSE,NA,NA,"<= day","daily",NA,NA,NA
"1985-04-29",513.312,FALSE,NA,NA,"<= day","daily",NA,NA,NA
"1985-04-30",505.125,FALSE,NA,NA,"<= day","daily",NA,NA,NA
"1985-05-01",520.542,FALSE,NA,NA,"<= day","daily",NA,NA,NA
"1985-05-02",524.156,FALSE,NA,NA,"<= day","daily",NA,NA,NA
"1985-05-03",540.031,FALSE,NA,NA,"<= day","daily",NA,NA,NA
"1985-05-04",530.427,FALSE,NA,NA,"<= day","daily",NA,NA,NA
"1985-05-05",517.438,FALSE,NA,NA,"<= day","daily",NA,NA,NA
"1985-05-06",513.229,FALSE,NA,NA,"<= day","daily",NA,NA,NA
"1985-05-07",526.812,FALSE,NA,NA,"<= day","daily",NA,NA,NA
"1985-05-08",583.865,FALSE,NA,NA,"<= day","daily",NA,NA,NA
"1985-05-09",547.781,FALSE,NA,NA,"<= day","daily",NA,NA,NA
"1985-05-10",518.792,FALSE,NA,NA,"<= day","daily",NA,NA,NA
"1985-05-11",515.573,FALSE,NA,NA,"<= day","daily",NA,NA,NA
"1985-05-12",516.917,FALSE,NA,NA,"<= day","daily",NA,NA,NA
"1985-05-13",501.385,FALSE,NA,NA,"<= day","daily",NA,NA,NA
"1985-05-14",496,FALSE,NA,NA,"<= day","daily",NA,NA,NA
"1985-05-15",498,FALSE,NA,NA,"<= day","daily",NA,NA,NA
"1985-05-16",493.594,FALSE,NA,NA,"<= day","daily",NA,NA,NA
"1985-05-17",483.052,FALSE,NA,NA,"<= day","daily",NA,NA,NA
"1985-05-18",505.167,FALSE,NA,NA,"<= day","daily",NA,NA,NA
"1985-05-19",544.344,FALSE,NA,NA,"<= day","daily",NA,NA,NA
"1985-05-20",516.646,FALSE,NA,NA,"<= day","daily",NA,NA,NA
"1985-05-21",539.177,FALSE,NA,NA,"<= day","daily",NA,NA,NA
"1985-05-22",548.49,FALSE,NA,NA,"<= day","daily",NA,NA,NA
"1985-05-23",552.917,FALSE,NA,NA,"<= day","daily",NA,NA,NA
"1985-05-24",534.01,FALSE,NA,NA,"<= day","daily",NA,NA,NA
"1985-05-25",522.771,FALSE,NA,NA,"<= day","daily",NA,NA,NA
"1985-05-26",531.167,FALSE,NA,NA,"<= day","daily",NA,NA,NA
"1985-05-27",555.552,FALSE,NA,NA,"<= day","daily",NA,NA,NA
"1985-05-28",601.281,FALSE,NA,NA,"<= day","daily",NA,NA,NA
"1985-05-29",612.094,FALSE,NA,NA,"<= day","daily",NA,NA,NA
"1985-05-30",629.25,FALSE,NA,NA,"<= day","daily",NA,NA,NA
"1985-05-31",610.365,FALSE,NA,NA,"<= day","daily",NA,NA,NA
"1985-06-01",591.25,FALSE,NA,NA,"<= day","daily",NA,NA,NA
"1985-06-02",585.083,FALSE,NA,NA,"<= day","daily",NA,NA,NA
"1985-06-03",580.167,FALSE,NA,NA,"<= day","daily",NA,NA,NA
"1985-06-04",571.312,FALSE,NA,NA,"<= day","daily",NA,NA,NA
"1985-06-05",573.271,FALSE,NA,NA,"<= day","daily",NA,NA,NA
"1985-06-06",569.344,FALSE,NA,NA,"<= day","daily",NA,NA,NA
"1985-06-07",577.542,FALSE,NA,NA,"<= day","daily",NA,NA,NA
"1985-06-08",583.375,FALSE,NA,NA,"<= day","daily",NA,NA,NA
"1985-06-09",568.5,FALSE,NA,NA,"<= day","daily",NA,NA,NA
"1985-06-10",568.448,FALSE,NA,NA,"<= day","daily",NA,NA,NA
"1985-06-11",596.458,FALSE,NA,NA,"<= day","daily",NA,NA,NA
"1985-06-12",572.417,FALSE,NA,NA,"<= day","daily",NA,NA,NA
"1985-06-13",565.167,FALSE,NA,NA,"<= day","daily",NA,NA,NA
"1985-06-14",558.438,FALSE,NA,NA,"<= day","daily",NA,NA,NA
"1985-06-15",590.427,FALSE,NA,NA,"<= day","daily",NA,NA,NA
"1985-06-16",589.938,FALSE,NA,NA,"<= day","daily",NA,NA,NA
"1985-06-17",559.479,FALSE,NA,NA,"<= day","daily",NA,NA,NA
"1985-06-18",547.344,FALSE,NA,NA,"<= day","daily",NA,NA,NA
"1985-06-19",537.156,FALSE,NA,NA,"<= day","daily",NA,NA,NA
"1985-06-20",541.792,FALSE,NA,NA,"<= day","daily",NA,NA,NA
"1985-06-21",531.573,FALSE,NA,NA,"<= day","daily",NA,NA,NA
"1985-06-22",526.885,FALSE,NA,NA,"<= day","daily",NA,NA,NA
"1985-06-23",526.646,FALSE,NA,NA,"<= day","daily",NA,NA,NA
"1985-06-24",514.302,FALSE,NA,NA,"<= day","daily",NA,NA,NA
"1985-06-25",512,FALSE,NA,NA,"<= day","daily",NA,NA,NA
"1985-06-26",511.885,FALSE,NA,NA,"<= day","daily",NA,NA,NA
"1985-06-27",509.302,FALSE,NA,NA,"<= day","daily",NA,NA,NA
"1985-06-28",497.167,FALSE,NA,NA,"<= day","daily",NA,NA,NA
"1985-06-29",495,FALSE,NA,NA,"<= day","daily",NA,NA,NA
"1985-06-30",497.292,FALSE,NA,NA,"<= day","daily",NA,NA,NA
"1985-07-01",510.917,FALSE,NA,NA,"<= day","daily",NA,NA,NA
"1985-07-02",502.792,FALSE,NA,NA,"<= day","daily",NA,NA,NA
"1985-07-03",488.021,FALSE,NA,NA,"<= day","daily",NA,NA,NA
"1985-07-04",478.354,FALSE,NA,NA,"<= day","daily",NA,NA,NA
"1985-07-05",480.781,FALSE,NA,NA,"<= day","daily",NA,NA,NA
"1985-07-06",538.188,FALSE,NA,NA,"<= day","daily",NA,NA,NA
"1985-07-07",740.938,FALSE,NA,NA,"<= day","daily",NA,NA,NA
"1985-07-08",665.792,FALSE,NA,NA,"<= day","daily",NA,NA,NA
"1985-07-09",562.552,FALSE,NA,NA,"<= day","daily",NA,NA,NA
"1985-07-10",525.531,FALSE,NA,NA,"<= day","daily",NA,NA,NA
"1985-07-11",512.458,FALSE,NA,NA,"<= day","daily",NA,NA,NA
"1985-07-12",503.302,FALSE,NA,NA,"<= day","daily",NA,NA,NA
"1985-07-13",496.083,FALSE,NA,NA,"<= day","daily",NA,NA,NA
"1985-07-14",495,FALSE,NA,NA,"<= day","daily",NA,NA,NA
"1985-07-15",493.396,FALSE,NA,NA,"<= day","daily",NA,NA,NA
"1985-07-16",482.438,FALSE,NA,NA,"<= day","daily",NA,NA,NA
"1985-07-17",477.542,FALSE,NA,NA,"<= day","daily",NA,NA,NA
"1985-07-18",477,FALSE,NA,NA,"<= day","daily",NA,NA,NA
"1985-07-19",476.656,FALSE,NA,NA,"<= day","daily",NA,NA,NA
"1985-07-20",472.802,FALSE,NA,NA,"<= day","daily",NA,NA,NA
"1985-07-21",461.896,FALSE,NA,NA,"<= day","daily",NA,NA,NA
"1985-07-22",458.052,FALSE,NA,NA,"<= day","daily",NA,NA,NA
"1985-07-23",445.302,FALSE,NA,NA,"<= day","daily",NA,NA,NA
"1985-07-24",443,FALSE,NA,NA,"<= day","daily",NA,NA,NA
"1985-07-25",443,FALSE,NA,NA,"<= day","daily",NA,NA,NA
"1985-07-26",445.406,FALSE,NA,NA,"<= day","daily",NA,NA,NA
"1985-07-27",458.865,FALSE,NA,NA,"<= day","daily",NA,NA,NA
"1985-07-28",446.594,FALSE,NA,NA,"<= day","daily",NA,NA,NA
"1985-07-29",442.333,FALSE,NA,NA,"<= day","daily",NA,NA,NA
"1985-07-30",435.802,FALSE,NA,NA,"<= day","daily",NA,NA,NA
"1985-07-31",426.667,FALSE,NA,NA,"<= day","daily",NA,NA,NA
"1985-08-01",419.667,FALSE,NA,NA,"<= day","daily",NA,NA,NA
"1985-08-02",411.354,FALSE,NA,NA,"<= day","daily",NA,NA,NA
"1985-08-03",410,FALSE,NA,NA,"<= day","daily",NA,NA,NA
"1985-08-04",410,FALSE,NA,NA,"<= day","daily",NA,NA,NA
"1985-08-05",410.688,FALSE,NA,NA,"<= day","daily",NA,NA,NA
"1985-08-06",414.5,FALSE,NA,NA,"<= day","daily",NA,NA,NA
"1985-08-07",410.583,FALSE,NA,NA,"<= day","daily",NA,NA,NA
"1985-08-08",406.667,FALSE,NA,NA,"<= day","daily",NA,NA,NA
"1985-08-09",395.896,FALSE,NA,NA,"<= day","daily",NA,NA,NA
"1985-08-10",393.542,FALSE,NA,NA,"<= day","daily",NA,NA,NA
"1985-08-11",389.74,FALSE,NA,NA,"<= day","daily",NA,NA,NA
"1985-08-12",384.177,FALSE,NA,NA,"<= day","daily",NA,NA,NA
"1985-08-13",384.042,FALSE,NA,NA,"<= day","daily",NA,NA,NA
"1985-08-14",380.5,FALSE,NA,NA,"<= day","daily",NA,NA,NA
"1985-08-15",385.333,FALSE,NA,NA,"<= day","daily",NA,NA,NA
"1985-08-16",391.812,FALSE,NA,NA,"<= day","daily",NA,NA,NA
"1985-08-17",381.167,FALSE,NA,NA,"<= day","daily",NA,NA,NA
"1985-08-18",379,FALSE,NA,NA,"<= day","daily",NA,NA,NA
"1985-08-19",379.802,FALSE,NA,NA,"<= day","daily",NA,NA,NA
"1985-08-20",382.99,FALSE,NA,NA,"<= day","daily",NA,NA,NA
"1985-08-21",369.865,FALSE,NA,NA,"<= day","daily",NA,NA,NA
"1985-08-22",363.677,FALSE,NA,NA,"<= day","daily",NA,NA,NA
"1985-08-23",362.312,FALSE,NA,NA,"<= day","daily",NA,NA,NA
"1985-08-24",362.052,FALSE,NA,NA,"<= day","daily",NA,NA,NA
"1985-08-25",385.896,FALSE,NA,NA,"<= day","daily",NA,NA,NA
"1985-08-26",369.74,FALSE,NA,NA,"<= day","daily",NA,NA,NA
"1985-08-27",358.938,FALSE,NA,NA,"<= day","daily",NA,NA,NA
"1985-08-28",350.354,FALSE,NA,NA,"<= day","daily",NA,NA,NA
"1985-08-29",348.198,FALSE,NA,NA,"<= day","daily",NA,NA,NA
"1985-08-30",342.031,FALSE,NA,NA,"<= day","daily",NA,NA,NA
"1985-08-31",336.802,FALSE,NA,NA,"<= day","daily",NA,NA,NA
"1985-09-01",345.365,FALSE,NA,NA,"<= day","daily",NA,NA,NA
"1985-09-02",339.188,FALSE,NA,NA,"<= day","daily",NA,NA,NA
"1985-09-03",355.615,FALSE,NA,NA,"<= day","daily",NA,NA,NA
"1985-09-04",375.49,FALSE,NA,NA,"<= day","daily",NA,NA,NA
"1985-09-05",353.656,FALSE,NA,NA,"<= day","daily",NA,NA,NA
"1985-09-06",372.896,FALSE,NA,NA,"<= day","daily",NA,NA,NA
"1985-09-07",357.083,FALSE,NA,NA,"<= day","daily",NA,NA,NA
"1985-09-08",349.677,FALSE,NA,NA,"<= day","daily",NA,NA,NA
"1985-09-09",347.51,FALSE,NA,NA,"<= day","daily",NA,NA,NA
"1985-09-10",337.531,FALSE,NA,NA,"<= day","daily",NA,NA,NA
"1985-09-11",334.156,FALSE,NA,NA,"<= day","daily",NA,NA,NA
"1985-09-12",332.104,FALSE,NA,NA,"<= day","daily",NA,NA,NA
"1985-09-13",334.385,FALSE,NA,NA,"<= day","daily",NA,NA,NA
"1985-09-14",388.01,FALSE,NA,NA,"<= day","daily",NA,NA,NA
"1985-09-15",362.573,FALSE,NA,NA,"<= day","daily",NA,NA,NA
"1985-09-16",339.635,FALSE,NA,NA,"<= day","daily",NA,NA,NA
"1985-09-17",334.292,FALSE,NA,NA,"<= day","daily",NA,NA,NA
"1985-09-18",332.219,FALSE,NA,NA,"<= day","daily",NA,NA,NA
"1985-09-19",325.51,FALSE,NA,NA,"<= day","daily",NA,NA,NA
"1985-09-20",320.333,FALSE,NA,NA,"<= day","daily",NA,NA,NA
"1985-09-21",316.719,FALSE,NA,NA,"<= day","daily",NA,NA,NA
"1985-09-22",312.042,FALSE,NA,NA,"<= day","daily",NA,NA,NA
"1985-09-23",311.812,FALSE,NA,NA,"<= day","daily",NA,NA,NA
"1985-09-24",306.083,FALSE,NA,NA,"<= day","daily",NA,NA,NA
"1985-09-25",305,FALSE,NA,NA,"<= day","daily",NA,NA,NA
"1985-09-26",305,FALSE,NA,NA,"<= day","daily",NA,NA,NA
"1985-09-27",304.656,FALSE,NA,NA,"<= day","daily",NA,NA,NA
"1985-09-28",301.26,FALSE,NA,NA,"<= day","daily",NA,NA,NA
"1985-09-29",293.354,FALSE,NA,NA,"<= day","daily",NA,NA,NA
"1985-09-30",292,FALSE,NA,NA,"<= day","daily",NA,NA,NA
"1985-10-01",291.542,FALSE,NA,NA,"<= day","daily",NA,NA,NA
"1985-10-02",287.625,FALSE,NA,NA,"<= day","daily",NA,NA,NA
"1985-10-03",282,FALSE,NA,NA,"<= day","daily",NA,NA,NA
"1985-10-04",286.802,FALSE,NA,NA,"<= day","daily",NA,NA,NA
"1985-10-05",288.74,FALSE,NA,NA,"<= day","daily",NA,NA,NA
"1985-10-06",297.729,FALSE,NA,NA,"<= day","daily",NA,NA,NA
"1985-10-07",289.365,FALSE,NA,NA,"<= day","daily",NA,NA,NA
"1985-10-08",279.49,FALSE,NA,NA,"<= day","daily",NA,NA,NA
"1985-10-09",278,FALSE,NA,NA,"<= day","daily",NA,NA,NA
"1985-10-10",277.083,FALSE,NA,NA,"<= day","daily",NA,NA,NA
"1985-10-11",270.625,FALSE,NA,NA,"<= day","daily",NA,NA,NA
"1985-10-12",266.656,FALSE,NA,NA,"<= day","daily",NA,NA,NA
"1985-10-13",266.521,FALSE,NA,NA,"<= day","daily",NA,NA,NA
"1985-10-14",264.406,FALSE,NA,NA,"<= day","daily",NA,NA,NA
"1985-10-15",264,FALSE,NA,NA,"<= day","daily",NA,NA,NA
"1985-10-16",264,FALSE,NA,NA,"<= day","daily",NA,NA,NA
"1985-10-17",264,FALSE,NA,NA,"<= day","daily",NA,NA,NA
"1985-10-18",264,FALSE,NA,NA,"<= day","daily",NA,NA,NA
"1985-10-19",264,FALSE,NA,NA,"<= day","daily",NA,NA,NA
"1985-10-20",264,FALSE,NA,NA,"<= day","daily",NA,NA,NA
"1985-10-21",264,FALSE,NA,NA,"<= day","daily",NA,NA,NA
"1985-10-22",262.625,FALSE,NA,NA,"<= day","daily",NA,NA,NA
"1985-10-23",253.396,FALSE,NA,NA,"<= day","daily",NA,NA,NA
"1985-10-24",250.271,FALSE,NA,NA,"<= day","daily",NA,NA,NA
"1985-10-25",250,FALSE,NA,NA,"<= day","daily",NA,NA,NA
"1985-10-26",250,FALSE,NA,NA,"<= day","daily",NA,NA,NA
"1985-10-27",250,FALSE,NA,NA,"<= day","daily",NA,NA,NA
"1985-10-28",250,FALSE,NA,NA,"<= day","daily",NA,NA,NA
"1985-10-29",250,FALSE,NA,NA,"<= day","daily",NA,NA,NA
"1985-10-30",250,FALSE,NA,NA,"<= day","daily",NA,NA,NA
"1985-10-31",250,FALSE,NA,NA,"<= day","daily",NA,NA,NA
"1985-11-01",250,FALSE,NA,NA,"<= day","daily",NA,NA,NA
"1985-11-02",251.719,FALSE,NA,NA,"<= day","daily",NA,NA,NA
"1985-11-03",261.25,FALSE,NA,NA,"<= day","daily",NA,NA,NA
"1985-11-04",251.917,FALSE,NA,NA,"<= day","daily",NA,NA,NA
"1985-11-05",256.354,FALSE,NA,NA,"<= day","daily",NA,NA,NA
"1985-11-06",297.281,FALSE,NA,NA,"<= day","daily",NA,NA,NA
"1985-11-07",265.771,FALSE,NA,NA,"<= day","daily",NA,NA,NA
"1985-11-08",262.948,FALSE,NA,NA,"<= day","daily",NA,NA,NA
"1985-11-09",275.302,FALSE,NA,NA,"<= day","daily",NA,NA,NA
"1985-11-10",290.219,FALSE,NA,NA,"<= day","daily",NA,NA,NA
"1985-11-11",287.656,FALSE,NA,NA,"<= day","daily",NA,NA,NA
"1985-11-12",268.104,FALSE,NA,NA,"<= day","daily",NA,NA,NA
"1985-11-13",256.667,FALSE,NA,NA,"<= day","daily",NA,NA,NA
"1985-11-14",250.812,FALSE,NA,NA,"<= day","daily",NA,NA,NA
"1985-11-15",250,FALSE,NA,NA,"<= day","daily",NA,NA,NA
"1985-11-16",249.427,FALSE,NA,NA,"<= day","daily",NA,NA,NA
"1985-11-17",244.76,FALSE,NA,NA,"<= day","daily",NA,NA,NA
"1985-11-18",238.083,FALSE,NA,NA,"<= day","daily",NA,NA,NA
"1985-11-19",237,FALSE,NA,NA,"<= day","daily",NA,NA,NA
"1985-11-20",237,FALSE,NA,NA,"<= day","daily",NA,NA,NA
"1985-11-21",237,FALSE,NA,NA,"<= day","daily",NA,NA,NA
"1985-11-22",237,FALSE,NA,NA,"<= day","daily",NA,NA,NA
"1985-11-23",237,FALSE,NA,NA,"<= day","daily",NA,NA,NA
"1985-11-24",237,FALSE,NA,NA,"<= day","daily",NA,NA,NA
"1985-11-25",236.083,FALSE,NA,NA,"<= day","daily",NA,NA,NA
"1985-11-26",229.396,FALSE,NA,NA,"<= day","daily",NA,NA,NA
"1985-11-27",224.271,FALSE,NA,NA,"<= day","daily",NA,NA,NA
"1985-11-28",226.458,FALSE,NA,NA,"<= day","daily",NA,NA,NA
"1985-11-29",226.656,FALSE,NA,NA,"<= day","daily",NA,NA,NA
"1985-11-30",227.042,FALSE,NA,NA,"<= day","daily",NA,NA,NA
"1985-12-01",244.115,FALSE,NA,NA,"<= day","daily",NA,NA,NA
"1985-12-02",248.844,FALSE,NA,NA,"<= day","daily",NA,NA,NA
"1985-12-03",249.865,FALSE,NA,NA,"<= day","daily",NA,NA,NA
"1985-12-04",249.198,FALSE,NA,NA,"<= day","daily",NA,NA,NA
"1985-12-05",243.26,FALSE,NA,NA,"<= day","daily",NA,NA,NA
"1985-12-06",237.812,FALSE,NA,NA,"<= day","daily",NA,NA,NA
"1985-12-07",237,FALSE,NA,NA,"<= day","daily",NA,NA,NA
"1985-12-08",236.656,FALSE,NA,NA,"<= day","daily",NA,NA,NA
"1985-12-09",233.833,FALSE,NA,NA,"<= day","daily",NA,NA,NA
"1985-12-10",228.99,FALSE,NA,NA,"<= day","daily",NA,NA,NA
"1985-12-11",223.812,FALSE,NA,NA,"<= day","daily",NA,NA,NA
"1985-12-12",222.885,FALSE,NA,NA,"<= day","daily",NA,NA,NA
"1985-12-13",221.448,FALSE,NA,NA,"<= day","daily",NA,NA,NA
"1985-12-14",216.812,FALSE,NA,NA,"<= day","daily",NA,NA,NA
"1985-12-15",215.656,FALSE,NA,NA,"<= day","daily",NA,NA,NA
"1985-12-16",213.521,FALSE,NA,NA,"<= day","daily",NA,NA,NA
"1985-12-17",214.667,FALSE,NA,NA,"<= day","daily",NA,NA,NA
"1985-12-18",219.25,FALSE,NA,NA,"<= day","daily",NA,NA,NA
"1985-12-19",214.719,FALSE,NA,NA,"<= day","daily",NA,NA,NA
"1985-12-20",212.042,FALSE,NA,NA,"<= day","daily",NA,NA,NA
"1985-12-21",210.271,FALSE,NA,NA,"<= day","daily",NA,NA,NA
"1985-12-22",210,FALSE,NA,NA,"<= day","daily",NA,NA,NA
"1985-12-23",210,FALSE,NA,NA,"<= day","daily",NA,NA,NA
"1985-12-24",210.573,FALSE,NA,NA,"<= day","daily",NA,NA,NA
"1985-12-25",213.865,FALSE,NA,NA,"<= day","daily",NA,NA,NA
"1985-12-26",211.427,FALSE,NA,NA,"<= day","daily",NA,NA,NA
"1985-12-27",213.229,FALSE,NA,NA,"<= day","daily",NA,NA,NA
"1985-12-28",246.865,FALSE,NA,NA,"<= day","daily",NA,NA,NA
"1985-12-29",330.312,FALSE,NA,NA,"<= day","daily",NA,NA,NA
"1985-12-30",286.312,FALSE,NA,NA,"<= day","daily",NA,NA,NA
"1985-12-31",255.375,FALSE,NA,NA,"<= day","daily",NA,NA,NA
"1986-01-01",243.667,FALSE,NA,NA,"<= day","daily",NA,NA,NA
"1986-01-02",237.812,FALSE,NA,NA,"<= day","daily",NA,NA,NA
"1986-01-03",237,FALSE,NA,NA,"<= day","daily",NA,NA,NA
"1986-01-04",236.656,FALSE,NA,NA,"<= day","daily",NA,NA,NA
"1986-01-05",233.146,FALSE,NA,NA,"<= day","daily",NA,NA,NA
"1986-01-06",225.292,FALSE,NA,NA,"<= day","daily",NA,NA,NA
"1986-01-07",228.25,FALSE,NA,NA,"<= day","daily",NA,NA,NA
"1986-01-08",223.948,FALSE,NA,NA,"<= day","daily",NA,NA,NA
"1986-01-09",223,FALSE,NA,NA,"<= day","daily",NA,NA,NA
"1986-01-10",226.208,FALSE,NA,NA,"<= day","daily",NA,NA,NA
"1986-01-11",253.167,FALSE,NA,NA,"<= day","daily",NA,NA,NA
"1986-01-12",295.729,FALSE,NA,NA,"<= day","daily",NA,NA,NA
"1986-01-13",326.938,FALSE,NA,NA,"<= day","daily",NA,NA,NA
"1986-01-14",528.927,FALSE,NA,NA,"<= day","daily",NA,NA,NA
"1986-01-15",791.302,FALSE,NA,NA,"<= day","daily",NA,NA,NA
"1986-01-16",872.021,FALSE,NA,NA,"<= day","daily",NA,NA,NA
"1986-01-17",791.938,FALSE,NA,NA,"<= day","daily",NA,NA,NA
"1986-01-18",655.979,FALSE,NA,NA,"<= day","daily",NA,NA,NA
"1986-01-19",643.385,FALSE,NA,NA,"<= day","daily",NA,NA,NA
"1986-01-20",716.094,FALSE,NA,NA,"<= day","daily",NA,NA,NA
"1986-01-21",723.969,FALSE,NA,NA,"<= day","daily",NA,NA,NA
"1986-01-22",678.729,FALSE,NA,NA,"<= day","daily",NA,NA,NA
"1986-01-23",682.885,FALSE,NA,NA,"<= day","daily",NA,NA,NA
"1986-01-24",829.448,FALSE,NA,NA,"<= day","daily",NA,NA,NA
"1986-01-25",946.854,FALSE,NA,NA,"<= day","daily",NA,NA,NA
"1986-01-26",944.885,FALSE,NA,NA,"<= day","daily",NA,NA,NA
"1986-01-27",894.854,FALSE,NA,NA,"<= day","daily",NA,NA,NA
"1986-01-28",844.958,FALSE,NA,NA,"<= day","daily",NA,NA,NA
"1986-01-29",802.333,FALSE,NA,NA,"<= day","daily",NA,NA,NA
"1986-01-30",765.396,FALSE,NA,NA,"<= day","daily",NA,NA,NA
"1986-01-31",740.188,FALSE,NA,NA,"<= day","daily",NA,NA,NA
"1986-02-01",719.656,FALSE,NA,NA,"<= day","daily",NA,NA,NA
"1986-02-02",688.917,FALSE,NA,NA,"<= day","daily",NA,NA,NA
"1986-02-03",658.906,FALSE,NA,NA,"<= day","daily",NA,NA,NA
"1986-02-04",637.99,FALSE,NA,NA,"<= day","daily",NA,NA,NA
"1986-02-05",622.885,FALSE,NA,NA,"<= day","daily",NA,NA,NA
"1986-02-06",612.323,FALSE,NA,NA,"<= day","daily",NA,NA,NA
"1986-02-07",603.417,FALSE,NA,NA,"<= day","daily",NA,NA,NA
"1986-02-08",595.688,FALSE,NA,NA,"<= day","daily",NA,NA,NA
"1986-02-09",584.885,FALSE,NA,NA,"<= day","daily",NA,NA,NA
"1986-02-10",570.948,FALSE,NA,NA,"<= day","daily",NA,NA,NA
"1986-02-11",555.615,FALSE,NA,NA,"<= day","daily",NA,NA,NA
"1986-02-12",548.812,FALSE,NA,NA,"<= day","daily",NA,NA,NA
"1986-02-13",546.51,FALSE,NA,NA,"<= day","daily",NA,NA,NA
"1986-02-14",537.333,FALSE,NA,NA,"<= day","daily",NA,NA,NA
"1986-02-15",538.177,FALSE,NA,NA,"<= day","daily",NA,NA,NA
"1986-02-16",531.354,FALSE,NA,NA,"<= day","daily",NA,NA,NA
"1986-02-17",530,FALSE,NA,NA,"<= day","daily",NA,NA,NA
"1986-02-18",528.396,FALSE,NA,NA,"<= day","daily",NA,NA,NA
"1986-02-19",516.521,FALSE,NA,NA,"<= day","daily",NA,NA,NA
"1986-02-20",504.594,FALSE,NA,NA,"<= day","daily",NA,NA,NA
"1986-02-21",496.219,FALSE,NA,NA,"<= day","daily",NA,NA,NA
"1986-02-22",494.198,FALSE,NA,NA,"<= day","daily",NA,NA,NA
"1986-02-23",487.688,FALSE,NA,NA,"<= day","daily",NA,NA,NA
"1986-02-24",478.49,FALSE,NA,NA,"<= day","daily",NA,NA,NA
"1986-02-25",475.74,FALSE,NA,NA,"<= day","daily",NA,NA,NA
"1986-02-26",466.802,FALSE,NA,NA,"<= day","daily",NA,NA,NA
"1986-02-27",459.781,FALSE,NA,NA,"<= day","daily",NA,NA,NA
"1986-02-28",453.25,FALSE,NA,NA,"<= day","daily",NA,NA,NA
"1986-03-01",458.781,FALSE,NA,NA,"<= day","daily",NA,NA,NA
"1986-03-02",459.427,FALSE,NA,NA,"<= day","daily",NA,NA,NA
"1986-03-03",454.302,FALSE,NA,NA,"<= day","daily",NA,NA,NA
"1986-03-04",445.083,FALSE,NA,NA,"<= day","daily",NA,NA,NA
"1986-03-05",452.646,FALSE,NA,NA,"<= day","daily",NA,NA,NA
"1986-03-06",517.177,FALSE,NA,NA,"<= day","daily",NA,NA,NA
"1986-03-07",685.115,FALSE,NA,NA,"<= day","daily",NA,NA,NA
"1986-03-08",752.031,FALSE,NA,NA,"<= day","daily",NA,NA,NA
"1986-03-09",721.677,FALSE,NA,NA,"<= day","daily",NA,NA,NA
"1986-03-10",711.552,FALSE,NA,NA,"<= day","daily",NA,NA,NA
"1986-03-11",703.927,FALSE,NA,NA,"<= day","daily",NA,NA,NA
"1986-03-12",729.802,FALSE,NA,NA,"<= day","daily",NA,NA,NA
"1986-03-13",747.865,FALSE,NA,NA,"<= day","daily",NA,NA,NA
"1986-03-14",734.792,FALSE,NA,NA,"<= day","daily",NA,NA,NA
"1986-03-15",727.458,FALSE,NA,NA,"<= day","daily",NA,NA,NA
"1986-03-16",735.031,FALSE,NA,NA,"<= day","daily",NA,NA,NA
"1986-03-17",733.604,FALSE,NA,NA,"<= day","daily",NA,NA,NA
"1986-03-18",726.573,FALSE,NA,NA,"<= day","daily",NA,NA,NA
"1986-03-19",716.281,FALSE,NA,NA,"<= day","daily",NA,NA,NA
"1986-03-20",710.573,FALSE,NA,NA,"<= day","daily",NA,NA,NA
"1986-03-21",697.594,FALSE,NA,NA,"<= day","daily",NA,NA,NA
"1986-03-22",692.25,FALSE,NA,NA,"<= day","daily",NA,NA,NA
"1986-03-23",695.667,FALSE,NA,NA,"<= day","daily",NA,NA,NA
"1986-03-24",707.646,FALSE,NA,NA,"<= day","daily",NA,NA,NA
"1986-03-25",774.062,FALSE,NA,NA,"<= day","daily",NA,NA,NA
"1986-03-26",825.688,FALSE,NA,NA,"<= day","daily",NA,NA,NA
"1986-03-27",807.115,FALSE,NA,NA,"<= day","daily",NA,NA,NA
"1986-03-28",768.479,FALSE,NA,NA,"<= day","daily",NA,NA,NA
"1986-03-29",741.333,FALSE,NA,NA,"<= day","daily",NA,NA,NA
"1986-03-30",736.26,FALSE,NA,NA,"<= day","daily",NA,NA,NA
"1986-03-31",754.531,FALSE,NA,NA,"<= day","daily",NA,NA,NA
"1986-04-01",807.552,FALSE,NA,NA,"<= day","daily",NA,NA,NA
"1986-04-02",829.333,FALSE,NA,NA,"<= day","daily",NA,NA,NA
"1986-04-03",871.281,FALSE,NA,NA,"<= day","daily",NA,NA,NA
"1986-04-04",1009.104,FALSE,NA,NA,"<= day","daily",NA,NA,NA
"1986-04-05",1054.833,FALSE,NA,NA,"<= day","daily",NA,NA,NA
"1986-04-06",1047.167,FALSE,NA,NA,"<= day","daily",NA,NA,NA
"1986-04-07",1042.938,FALSE,NA,NA,"<= day","daily",NA,NA,NA
"1986-04-08",1028.406,FALSE,NA,NA,"<= day","daily",NA,NA,NA
"1986-04-09",1018.531,FALSE,NA,NA,"<= day","daily",NA,NA,NA
"1986-04-10",1017.167,FALSE,NA,NA,"<= day","daily",NA,NA,NA
"1986-04-11",1046.573,FALSE,NA,NA,"<= day","daily",NA,NA,NA
"1986-04-12",1064.458,FALSE,NA,NA,"<= day","daily",NA,NA,NA
"1986-04-13",1077.042,FALSE,NA,NA,"<= day","daily",NA,NA,NA
"1986-04-14",1084.969,FALSE,NA,NA,"<= day","daily",NA,NA,NA
"1986-04-15",1092.948,FALSE,NA,NA,"<= day","daily",NA,NA,NA
"1986-04-16",1099.062,FALSE,NA,NA,"<= day","daily",NA,NA,NA
"1986-04-17",1088.802,FALSE,NA,NA,"<= day","daily",NA,NA,NA
"1986-04-18",1084.125,FALSE,NA,NA,"<= day","daily",NA,NA,NA
"1986-04-19",1075.208,FALSE,NA,NA,"<= day","daily",NA,NA,NA
"1986-04-20",1066.125,FALSE,NA,NA,"<= day","daily",NA,NA,NA
"1986-04-21",1062.469,FALSE,NA,NA,"<= day","daily",NA,NA,NA
"1986-04-22",1063.365,FALSE,NA,NA,"<= day","daily",NA,NA,NA
"1986-04-23",1107.51,FALSE,NA,NA,"<= day","daily",NA,NA,NA
"1986-04-24",1138.094,FALSE,NA,NA,"<= day","daily",NA,NA,NA
"1986-04-25",1162.271,FALSE,NA,NA,"<= day","daily",NA,NA,NA
"1986-04-26",1184.083,FALSE,NA,NA,"<= day","daily",NA,NA,NA
"1986-04-27",1200.792,FALSE,NA,NA,"<= day","daily",NA,NA,NA
"1986-04-28",1205.417,FALSE,NA,NA,"<= day","daily",NA,NA,NA
"1986-04-29",1217.635,FALSE,NA,NA,"<= day","daily",NA,NA,NA
"1986-04-30",1268.802,FALSE,NA,NA,"<= day","daily",NA,NA,NA
"1986-05-01",1288.104,FALSE,NA,NA,"<= day","daily",NA,NA,NA
"1986-05-02",1290,FALSE,NA,NA,"<= day","daily",NA,NA,NA
"1986-05-03",1290,FALSE,NA,NA,"<= day","daily",NA,NA,NA
"1986-05-04",1290,FALSE,NA,NA,"<= day","daily",NA,NA,NA
"1986-05-05",1290,FALSE,NA,NA,"<= day","daily",NA,NA,NA
"1986-05-06",1290,FALSE,NA,NA,"<= day","daily",NA,NA,NA
"1986-05-07",1290,FALSE,NA,NA,"<= day","daily",NA,NA,NA
"1986-05-08",1288.74,FALSE,NA,NA,"<= day","daily",NA,NA,NA
"1986-05-09",1276.594,FALSE,NA,NA,"<= day","daily",NA,NA,NA
"1986-05-10",1249.604,FALSE,NA,NA,"<= day","daily",NA,NA,NA
"1986-05-11",1245,FALSE,NA,NA,"<= day","daily",NA,NA,NA
"1986-05-12",1242.823,FALSE,NA,NA,"<= day","daily",NA,NA,NA
"1986-05-13",1228.458,FALSE,NA,NA,"<= day","daily",NA,NA,NA
"1986-05-14",1223.99,FALSE,NA,NA,"<= day","daily",NA,NA,NA
"1986-05-15",1213.833,FALSE,NA,NA,"<= day","daily",NA,NA,NA
"1986-05-16",1194.719,FALSE,NA,NA,"<= day","daily",NA,NA,NA
"1986-05-17",1181.542,FALSE,NA,NA,"<= day","daily",NA,NA,NA
"1986-05-18",1165.01,FALSE,NA,NA,"<= day","daily",NA,NA,NA
"1986-05-19",1147.021,FALSE,NA,NA,"<= day","daily",NA,NA,NA
"1986-05-20",1137.75,FALSE,NA,NA,"<= day","daily",NA,NA,NA
"1986-05-21",1121.375,FALSE,NA,NA,"<= day","daily",NA,NA,NA
"1986-05-22",1103.146,FALSE,NA,NA,"<= day","daily",NA,NA,NA
"1986-05-23",1083.417,FALSE,NA,NA,"<= day","daily",NA,NA,NA
"1986-05-24",1063.646,FALSE,NA,NA,"<= day","daily",NA,NA,NA
"1986-05-25",1046.292,FALSE,NA,NA,"<= day","daily",NA,NA,NA
"1986-05-26",1034.521,FALSE,NA,NA,"<= day","daily",NA,NA,NA
"1986-05-27",1018.188,FALSE,NA,NA,"<= day","daily",NA,NA,NA
"1986-05-28",995.375,FALSE,NA,NA,"<= day","daily",NA,NA,NA
"1986-05-29",982.292,FALSE,NA,NA,"<= day","daily",NA,NA,NA
"1986-05-30",964.917,FALSE,NA,NA,"<= day","daily",NA,NA,NA
"1986-05-31",944.031,FALSE,NA,NA,"<= day","daily",NA,NA,NA
"1986-06-01",926.24,FALSE,NA,NA,"<= day","daily",NA,NA,NA
"1986-06-02",910.094,FALSE,NA,NA,"<= day","daily",NA,NA,NA
"1986-06-03",905.979,FALSE,NA,NA,"<= day","daily",NA,NA,NA
"1986-06-04",915.396,FALSE,NA,NA,"<= day","daily",NA,NA,NA
"1986-06-05",952.844,FALSE,NA,NA,"<= day","daily",NA,NA,NA
"1986-06-06",937.312,FALSE,NA,NA,"<= day","daily",NA,NA,NA
"1986-06-07",909.354,FALSE,NA,NA,"<= day","daily",NA,NA,NA
"1986-06-08",880.771,FALSE,NA,NA,"<= day","daily",NA,NA,NA
"1986-06-09",859.76,FALSE,NA,NA,"<= day","daily",NA,NA,NA
"1986-06-10",842.812,FALSE,NA,NA,"<= day","daily",NA,NA,NA
"1986-06-11",830.302,FALSE,NA,NA,"<= day","daily",NA,NA,NA
"1986-06-12",823.594,FALSE,NA,NA,"<= day","daily",NA,NA,NA
"1986-06-13",808.354,FALSE,NA,NA,"<= day","daily",NA,NA,NA
"1986-06-14",793.302,FALSE,NA,NA,"<= day","daily",NA,NA,NA
"1986-06-15",788.938,FALSE,NA,NA,"<= day","daily",NA,NA,NA
"1986-06-16",775.323,FALSE,NA,NA,"<= day","daily",NA,NA,NA
"1986-06-17",772.135,FALSE,NA,NA,"<= day","daily",NA,NA,NA
"1986-06-18",771.427,FALSE,NA,NA,"<= day","daily",NA,NA,NA
"1986-06-19",766.073,FALSE,NA,NA,"<= day","daily",NA,NA,NA
"1986-06-20",753.406,FALSE,NA,NA,"<= day","daily",NA,NA,NA
"1986-06-21",741.073,FALSE,NA,NA,"<= day","daily",NA,NA,NA
"1986-06-22",734.812,FALSE,NA,NA,"<= day","daily",NA,NA,NA
"1986-06-23",737.094,FALSE,NA,NA,"<= day","daily",NA,NA,NA
"1986-06-24",752.875,FALSE,NA,NA,"<= day","daily",NA,NA,NA
"1986-06-25",724.875,FALSE,NA,NA,"<= day","daily",NA,NA,NA
"1986-06-26",703.271,FALSE,NA,NA,"<= day","daily",NA,NA,NA
"1986-06-27",695.99,FALSE,NA,NA,"<= day","daily",NA,NA,NA
"1986-06-28",689.438,FALSE,NA,NA,"<= day","daily",NA,NA,NA
"1986-06-29",678.938,FALSE,NA,NA,"<= day","daily",NA,NA,NA
"1986-06-30",671.323,FALSE,NA,NA,"<= day","daily",NA,NA,NA
"1986-07-01",660.302,FALSE,NA,NA,"<= day","daily",NA,NA,NA
"1986-07-02",653.823,FALSE,NA,NA,"<= day","daily",NA,NA,NA
"1986-07-03",642.031,FALSE,NA,NA,"<= day","daily",NA,NA,NA
"1986-07-04",637.938,FALSE,NA,NA,"<= day","daily",NA,NA,NA
"1986-07-05",635.781,FALSE,NA,NA,"<= day","daily",NA,NA,NA
"1986-07-06",726.156,FALSE,NA,NA,"<= day","daily",NA,NA,NA
"1986-07-07",852.354,FALSE,NA,NA,"<= day","daily",NA,NA,NA
"1986-07-08",806.635,FALSE,NA,NA,"<= day","daily",NA,NA,NA
"1986-07-09",723.729,FALSE,NA,NA,"<= day","daily",NA,NA,NA
"1986-07-10",689.292,FALSE,NA,NA,"<= day","daily",NA,NA,NA
"1986-07-11",664.854,FALSE,NA,NA,"<= day","daily",NA,NA,NA
"1986-07-12",654.229,FALSE,NA,NA,"<= day","daily",NA,NA,NA
"1986-07-13",641.115,FALSE,NA,NA,"<= day","daily",NA,NA,NA
"1986-07-14",631.938,FALSE,NA,NA,"<= day","daily",NA,NA,NA
"1986-07-15",623.01,FALSE,NA,NA,"<= day","daily",NA,NA,NA
"1986-07-16",617.573,FALSE,NA,NA,"<= day","daily",NA,NA,NA
"1986-07-17",605.167,FALSE,NA,NA,"<= day","daily",NA,NA,NA
"1986-07-18",603,FALSE,NA,NA,"<= day","daily",NA,NA,NA
"1986-07-19",603,FALSE,NA,NA,"<= day","daily",NA,NA,NA
"1986-07-20",601.167,FALSE,NA,NA,"<= day","daily",NA,NA,NA
"1986-07-21",588.938,FALSE,NA,NA,"<= day","daily",NA,NA,NA
"1986-07-22",585.385,FALSE,NA,NA,"<= day","daily",NA,NA,NA
"1986-07-23",589.646,FALSE,NA,NA,"<= day","daily",NA,NA,NA
"1986-07-24",610.062,FALSE,NA,NA,"<= day","daily",NA,NA,NA
"1986-07-25",585.052,FALSE,NA,NA,"<= day","daily",NA,NA,NA
"1986-07-26",577.01,FALSE,NA,NA,"<= day","daily",NA,NA,NA
"1986-07-27",567.802,FALSE,NA,NA,"<= day","daily",NA,NA,NA
"1986-07-28",560.323,FALSE,NA,NA,"<= day","daily",NA,NA,NA
"1986-07-29",549.76,FALSE,NA,NA,"<= day","daily",NA,NA,NA
"1986-07-30",548,FALSE,NA,NA,"<= day","daily",NA,NA,NA
"1986-07-31",549.833,FALSE,NA,NA,"<= day","daily",NA,NA,NA
"1986-08-01",558.625,FALSE,NA,NA,"<= day","daily",NA,NA,NA
"1986-08-02",538.99,FALSE,NA,NA,"<= day","daily",NA,NA,NA
"1986-08-03",528,FALSE,NA,NA,"<= day","daily",NA,NA,NA
"1986-08-04",517.281,FALSE,NA,NA,"<= day","daily",NA,NA,NA
"1986-08-05",531.5,FALSE,NA,NA,"<= day","daily",NA,NA,NA
"1986-08-06",515.521,FALSE,NA,NA,"<= day","daily",NA,NA,NA
"1986-08-07",511.656,FALSE,NA,NA,"<= day","daily",NA,NA,NA
"1986-08-08",508.948,FALSE,NA,NA,"<= day","daily",NA,NA,NA
"1986-08-09",503.25,FALSE,NA,NA,"<= day","daily",NA,NA,NA
"1986-08-10",487.479,FALSE,NA,NA,"<= day","daily",NA,NA,NA
"1986-08-11",493.354,FALSE,NA,NA,"<= day","daily",NA,NA,NA
"1986-08-12",566.76,FALSE,NA,NA,"<= day","daily",NA,NA,NA
"1986-08-13",619.531,FALSE,NA,NA,"<= day","daily",NA,NA,NA
"1986-08-14",562.635,FALSE,NA,NA,"<= day","daily",NA,NA,NA
"1986-08-15",521.25,FALSE,NA,NA,"<= day","daily",NA,NA,NA
"1986-08-16",509.219,FALSE,NA,NA,"<= day","daily",NA,NA,NA
"1986-08-17",509.031,FALSE,NA,NA,"<= day","daily",NA,NA,NA
"1986-08-18",519.677,FALSE,NA,NA,"<= day","daily",NA,NA,NA
"1986-08-19",542.5,FALSE,NA,NA,"<= day","daily",NA,NA,NA
"1986-08-20",519.771,FALSE,NA,NA,"<= day","daily",NA,NA,NA
"1986-08-21",502.479,FALSE,NA,NA,"<= day","daily",NA,NA,NA
"1986-08-22",500.854,FALSE,NA,NA,"<= day","daily",NA,NA,NA
"1986-08-23",531.208,FALSE,NA,NA,"<= day","daily",NA,NA,NA
"1986-08-24",525.281,FALSE,NA,NA,"<= day","daily",NA,NA,NA
"1986-08-25",522.375,FALSE,NA,NA,"<= day","daily",NA,NA,NA
"1986-08-26",512.417,FALSE,NA,NA,"<= day","daily",NA,NA,NA
"1986-08-27",506.917,FALSE,NA,NA,"<= day","daily",NA,NA,NA
"1986-08-28",496.76,FALSE,NA,NA,"<= day","daily",NA,NA,NA
"1986-08-29",493.969,FALSE,NA,NA,"<= day","daily",NA,NA,NA
"1986-08-30",486.188,FALSE,NA,NA,"<= day","daily",NA,NA,NA
"1986-08-31",478.219,FALSE,NA,NA,"<= day","daily",NA,NA,NA
"1986-09-01",477,FALSE,NA,NA,"<= day","daily",NA,NA,NA
"1986-09-02",476.198,FALSE,NA,NA,"<= day","daily",NA,NA,NA
"1986-09-03",471.521,FALSE,NA,NA,"<= day","daily",NA,NA,NA
"1986-09-04",472.604,FALSE,NA,NA,"<= day","daily",NA,NA,NA
"1986-09-05",462.031,FALSE,NA,NA,"<= day","daily",NA,NA,NA
"1986-09-06",460,FALSE,NA,NA,"<= day","daily",NA,NA,NA
"1986-09-07",458.396,FALSE,NA,NA,"<= day","daily",NA,NA,NA
"1986-09-08",447.552,FALSE,NA,NA,"<= day","daily",NA,NA,NA
"1986-09-09",443.406,FALSE,NA,NA,"<= day","daily",NA,NA,NA
"1986-09-10",442.885,FALSE,NA,NA,"<= day","daily",NA,NA,NA
"1986-09-11",440.302,FALSE,NA,NA,"<= day","daily",NA,NA,NA
"1986-09-12",430.115,FALSE,NA,NA,"<= day","daily",NA,NA,NA
"1986-09-13",451.927,FALSE,NA,NA,"<= day","daily",NA,NA,NA
"1986-09-14",547.552,FALSE,NA,NA,"<= day","daily",NA,NA,NA
"1986-09-15",674.99,FALSE,NA,NA,"<= day","daily",NA,NA,NA
"1986-09-16",604.208,FALSE,NA,NA,"<= day","daily",NA,NA,NA
"1986-09-17",640.458,FALSE,NA,NA,"<= day","daily",NA,NA,NA
"1986-09-18",665.073,FALSE,NA,NA,"<= day","daily",NA,NA,NA
"1986-09-19",609.833,FALSE,NA,NA,"<= day","daily",NA,NA,NA
"1986-09-20",575.406,FALSE,NA,NA,"<= day","daily",NA,NA,NA
"1986-09-21",554.521,FALSE,NA,NA,"<= day","daily",NA,NA,NA
"1986-09-22",548.542,FALSE,NA,NA,"<= day","daily",NA,NA,NA
"1986-09-23",546.625,FALSE,NA,NA,"<= day","daily",NA,NA,NA
"1986-09-24",536.938,FALSE,NA,NA,"<= day","daily",NA,NA,NA
"1986-09-25",530.812,FALSE,NA,NA,"<= day","daily",NA,NA,NA
"1986-09-26",530,FALSE,NA,NA,"<= day","daily",NA,NA,NA
"1986-09-27",528.51,FALSE,NA,NA,"<= day","daily",NA,NA,NA
"1986-09-28",518.188,FALSE,NA,NA,"<= day","daily",NA,NA,NA
"1986-09-29",512.448,FALSE,NA,NA,"<= day","daily",NA,NA,NA
"1986-09-30",510.042,FALSE,NA,NA,"<= day","daily",NA,NA,NA
"1986-10-01",506.781,FALSE,NA,NA,"<= day","daily",NA,NA,NA
"1986-10-02",496.76,FALSE,NA,NA,"<= day","daily",NA,NA,NA
"1986-10-03",492.938,FALSE,NA,NA,"<= day","daily",NA,NA,NA
"1986-10-04",479.438,FALSE,NA,NA,"<= day","daily",NA,NA,NA
"1986-10-05",477,FALSE,NA,NA,"<= day","daily",NA,NA,NA
"1986-10-06",477,FALSE,NA,NA,"<= day","daily",NA,NA,NA
"1986-10-07",476.427,FALSE,NA,NA,"<= day","daily",NA,NA,NA
"1986-10-08",471.302,FALSE,NA,NA,"<= day","daily",NA,NA,NA
"1986-10-09",460.594,FALSE,NA,NA,"<= day","daily",NA,NA,NA
"1986-10-10",451.302,FALSE,NA,NA,"<= day","daily",NA,NA,NA
"1986-10-11",444.771,FALSE,NA,NA,"<= day","daily",NA,NA,NA
"1986-10-12",447.5,FALSE,NA,NA,"<= day","daily",NA,NA,NA
"1986-10-13",443.812,FALSE,NA,NA,"<= day","daily",NA,NA,NA
"1986-10-14",443,FALSE,NA,NA,"<= day","daily",NA,NA,NA
"1986-10-15",443,FALSE,NA,NA,"<= day","daily",NA,NA,NA
"1986-10-16",441.281,FALSE,NA,NA,"<= day","daily",NA,NA,NA
"1986-10-17",429.802,FALSE,NA,NA,"<= day","daily",NA,NA,NA
"1986-10-18",427.188,FALSE,NA,NA,"<= day","daily",NA,NA,NA
"1986-10-19",434.406,FALSE,NA,NA,"<= day","daily",NA,NA,NA
"1986-10-20",460.365,FALSE,NA,NA,"<= day","daily",NA,NA,NA
"1986-10-21",550.125,FALSE,NA,NA,"<= day","daily",NA,NA,NA
"1986-10-22",529,FALSE,NA,NA,"<= day","daily",NA,NA,NA
"1986-10-23",749.531,FALSE,NA,NA,"<= day","daily",NA,NA,NA
"1986-10-24",891.938,FALSE,NA,NA,"<= day","daily",NA,NA,NA
"1986-10-25",828.208,FALSE,NA,NA,"<= day","daily",NA,NA,NA
"1986-10-26",744.271,FALSE,NA,NA,"<= day","daily",NA,NA,NA
"1986-10-27",703.115,FALSE,NA,NA,"<= day","daily",NA,NA,NA
"1986-10-28",671.177,FALSE,NA,NA,"<= day","daily",NA,NA,NA
"1986-10-29",675.875,FALSE,NA,NA,"<= day","daily",NA,NA,NA
"1986-10-30",695.969,FALSE,NA,NA,"<= day","daily",NA,NA,NA
"1986-10-31",689.479,FALSE,NA,NA,"<= day","daily",NA,NA,NA
"1986-11-01",684.938,FALSE,NA,NA,"<= day","daily",NA,NA,NA
"1986-11-02",723.438,FALSE,NA,NA,"<= day","daily",NA,NA,NA
"1986-11-03",789.573,FALSE,NA,NA,"<= day","daily",NA,NA,NA
"1986-11-04",773.604,FALSE,NA,NA,"<= day","daily",NA,NA,NA
"1986-11-05",748.896,FALSE,NA,NA,"<= day","daily",NA,NA,NA
"1986-11-06",733.812,FALSE,NA,NA,"<= day","daily",NA,NA,NA
"1986-11-07",719.073,FALSE,NA,NA,"<= day","daily",NA,NA,NA
"1986-11-08",714.354,FALSE,NA,NA,"<= day","daily",NA,NA,NA
"1986-11-09",706.823,FALSE,NA,NA,"<= day","daily",NA,NA,NA
"1986-11-10",696.688,FALSE,NA,NA,"<= day","daily",NA,NA,NA
"1986-11-11",688.688,FALSE,NA,NA,"<= day","daily",NA,NA,NA
"1986-11-12",679.49,FALSE,NA,NA,"<= day","daily",NA,NA,NA
"1986-11-13",676.854,FALSE,NA,NA,"<= day","daily",NA,NA,NA
"1986-11-14",666.948,FALSE,NA,NA,"<= day","daily",NA,NA,NA
"1986-11-15",647.552,FALSE,NA,NA,"<= day","daily",NA,NA,NA
"1986-11-16",629.594,FALSE,NA,NA,"<= day","daily",NA,NA,NA
"1986-11-17",626.479,FALSE,NA,NA,"<= day","daily",NA,NA,NA
"1986-11-18",627.792,FALSE,NA,NA,"<= day","daily",NA,NA,NA
"1986-11-19",622.948,FALSE,NA,NA,"<= day","daily",NA,NA,NA
"1986-11-20",622,FALSE,NA,NA,"<= day","daily",NA,NA,NA
"1986-11-21",621.312,FALSE,NA,NA,"<= day","daily",NA,NA,NA
"1986-11-22",617.156,FALSE,NA,NA,"<= day","daily",NA,NA,NA
"1986-11-23",617.792,FALSE,NA,NA,"<= day","daily",NA,NA,NA
"1986-11-24",610.312,FALSE,NA,NA,"<= day","daily",NA,NA,NA
"1986-11-25",591.656,FALSE,NA,NA,"<= day","daily",NA,NA,NA
"1986-11-26",583.708,FALSE,NA,NA,"<= day","daily",NA,NA,NA
"1986-11-27",569.677,FALSE,NA,NA,"<= day","daily",NA,NA,NA
"1986-11-28",556.844,FALSE,NA,NA,"<= day","daily",NA,NA,NA
"1986-11-29",549.083,FALSE,NA,NA,"<= day","daily",NA,NA,NA
"1986-11-30",547.542,FALSE,NA,NA,"<= day","daily",NA,NA,NA
"1986-12-01",542.938,FALSE,NA,NA,"<= day","daily",NA,NA,NA
"1986-12-02",531.896,FALSE,NA,NA,"<= day","daily",NA,NA,NA
"1986-12-03",528.167,FALSE,NA,NA,"<= day","daily",NA,NA,NA
"1986-12-04",515.938,FALSE,NA,NA,"<= day","daily",NA,NA,NA
"1986-12-05",512.271,FALSE,NA,NA,"<= day","daily",NA,NA,NA
"1986-12-06",512,FALSE,NA,NA,"<= day","daily",NA,NA,NA
"1986-12-07",512,FALSE,NA,NA,"<= day","daily",NA,NA,NA
"1986-12-08",511.885,FALSE,NA,NA,"<= day","daily",NA,NA,NA
"1986-12-09",509.76,FALSE,NA,NA,"<= day","daily",NA,NA,NA
"1986-12-10",499.708,FALSE,NA,NA,"<= day","daily",NA,NA,NA
"1986-12-11",490.479,FALSE,NA,NA,"<= day","daily",NA,NA,NA
"1986-12-12",478.896,FALSE,NA,NA,"<= day","daily",NA,NA,NA
"1986-12-13",477,FALSE,NA,NA,"<= day","daily",NA,NA,NA
"1986-12-14",477,FALSE,NA,NA,"<= day","daily",NA,NA,NA
"1986-12-15",477.229,FALSE,NA,NA,"<= day","daily",NA,NA,NA
"1986-12-16",478.615,FALSE,NA,NA,"<= day","daily",NA,NA,NA
"1986-12-17",479.167,FALSE,NA,NA,"<= day","daily",NA,NA,NA
"1986-12-18",521.76,FALSE,NA,NA,"<= day","daily",NA,NA,NA
"1986-12-19",782.656,FALSE,NA,NA,"<= day","daily",NA,NA,NA
"1986-12-20",972.771,FALSE,NA,NA,"<= day","daily",NA,NA,NA
"1986-12-21",918.875,FALSE,NA,NA,"<= day","daily",NA,NA,NA
"1986-12-22",814.438,FALSE,NA,NA,"<= day","daily",NA,NA,NA
"1986-12-23",738.573,FALSE,NA,NA,"<= day","daily",NA,NA,NA
"1986-12-24",695.781,FALSE,NA,NA,"<= day","daily",NA,NA,NA
"1986-12-25",673.344,FALSE,NA,NA,"<= day","daily",NA,NA,NA
"1986-12-26",671.615,FALSE,NA,NA,"<= day","daily",NA,NA,NA
"1986-12-27",669.76,FALSE,NA,NA,"<= day","daily",NA,NA,NA
"1986-12-28",667.385,FALSE,NA,NA,"<= day","daily",NA,NA,NA
"1986-12-29",740.49,FALSE,NA,NA,"<= day","daily",NA,NA,NA
"1986-12-30",958.75,FALSE,NA,NA,"<= day","daily",NA,NA,NA
"1986-12-31",1065.729,FALSE,NA,NA,"<= day","daily",NA,NA,NA
"1987-01-01",1085.469,FALSE,NA,NA,"<= day","daily",NA,NA,NA
"1987-01-02",1117.302,FALSE,NA,NA,"<= day","daily",NA,NA,NA
"1987-01-03",1155.5,FALSE,NA,NA,"<= day","daily",NA,NA,NA
"1987-01-04",1164.458,FALSE,NA,NA,"<= day","daily",NA,NA,NA
"1987-01-05",1165,FALSE,NA,NA,"<= day","daily",NA,NA,NA
"1987-01-06",1165,FALSE,NA,NA,"<= day","daily",NA,NA,NA
"1987-01-07",1163.625,FALSE,NA,NA,"<= day","daily",NA,NA,NA
"1987-01-08",1153.708,FALSE,NA,NA,"<= day","daily",NA,NA,NA
"1987-01-09",1145.74,FALSE,NA,NA,"<= day","daily",NA,NA,NA
"1987-01-10",1140.458,FALSE,NA,NA,"<= day","daily",NA,NA,NA
"1987-01-11",1125.583,FALSE,NA,NA,"<= day","daily",NA,NA,NA
"1987-01-12",1110.542,FALSE,NA,NA,"<= day","daily",NA,NA,NA
"1987-01-13",1097.385,FALSE,NA,NA,"<= day","daily",NA,NA,NA
"1987-01-14",1084.333,FALSE,NA,NA,"<= day","daily",NA,NA,NA
"1987-01-15",1064.5,FALSE,NA,NA,"<= day","daily",NA,NA,NA
"1987-01-16",1036.323,FALSE,NA,NA,"<= day","daily",NA,NA,NA
"1987-01-17",999.729,FALSE,NA,NA,"<= day","daily",NA,NA,NA
"1987-01-18",968.677,FALSE,NA,NA,"<= day","daily",NA,NA,NA
"1987-01-19",946.719,FALSE,NA,NA,"<= day","daily",NA,NA,NA
"1987-01-20",933.542,FALSE,NA,NA,"<= day","daily",NA,NA,NA
"1987-01-21",916.781,FALSE,NA,NA,"<= day","daily",NA,NA,NA
"1987-01-22",896.031,FALSE,NA,NA,"<= day","daily",NA,NA,NA
"1987-01-23",878.469,FALSE,NA,NA,"<= day","daily",NA,NA,NA
"1987-01-24",862.333,FALSE,NA,NA,"<= day","daily",NA,NA,NA
"1987-01-25",848.396,FALSE,NA,NA,"<= day","daily",NA,NA,NA
"1987-01-26",847.042,FALSE,NA,NA,"<= day","daily",NA,NA,NA
"1987-01-27",841.323,FALSE,NA,NA,"<= day","daily",NA,NA,NA
"1987-01-28",829.271,FALSE,NA,NA,"<= day","daily",NA,NA,NA
"1987-01-29",814.552,FALSE,NA,NA,"<= day","daily",NA,NA,NA
"1987-01-30",788.927,FALSE,NA,NA,"<= day","daily",NA,NA,NA
"1987-01-31",767.417,FALSE,NA,NA,"<= day","daily",NA,NA,NA
"1987-02-01",768.719,FALSE,NA,NA,"<= day","daily",NA,NA,NA
"1987-02-02",756.208,FALSE,NA,NA,"<= day","daily",NA,NA,NA
"1987-02-03",750.208,FALSE,NA,NA,"<= day","daily",NA,NA,NA
"1987-02-04",736.208,FALSE,NA,NA,"<= day","daily",NA,NA,NA
"1987-02-05",730.323,FALSE,NA,NA,"<= day","daily",NA,NA,NA
"1987-02-06",719.135,FALSE,NA,NA,"<= day","daily",NA,NA,NA
"1987-02-07",732.5,FALSE,NA,NA,"<= day","daily",NA,NA,NA
"1987-02-08",756.031,FALSE,NA,NA,"<= day","daily",NA,NA,NA
"1987-02-09",744.604,FALSE,NA,NA,"<= day","daily",NA,NA,NA
"1987-02-10",752.042,FALSE,NA,NA,"<= day","daily",NA,NA,NA
"1987-02-11",756.188,FALSE,NA,NA,"<= day","daily",NA,NA,NA
"1987-02-12",738.042,FALSE,NA,NA,"<= day","daily",NA,NA,NA
"1987-02-13",730.688,FALSE,NA,NA,"<= day","daily",NA,NA,NA
"1987-02-14",718.802,FALSE,NA,NA,"<= day","daily",NA,NA,NA
"1987-02-15",714.812,FALSE,NA,NA,"<= day","daily",NA,NA,NA
"1987-02-16",709.823,FALSE,NA,NA,"<= day","daily",NA,NA,NA
"1987-02-17",696.656,FALSE,NA,NA,"<= day","daily",NA,NA,NA
"1987-02-18",684.938,FALSE,NA,NA,"<= day","daily",NA,NA,NA
"1987-02-19",678.812,FALSE,NA,NA,"<= day","daily",NA,NA,NA
"1987-02-20",678,FALSE,NA,NA,"<= day","daily",NA,NA,NA
"1987-02-21",678,FALSE,NA,NA,"<= day","daily",NA,NA,NA
"1987-02-22",675.938,FALSE,NA,NA,"<= day","daily",NA,NA,NA
"1987-02-23",662.323,FALSE,NA,NA,"<= day","daily",NA,NA,NA
"1987-02-24",659.135,FALSE,NA,NA,"<= day","daily",NA,NA,NA
"1987-02-25",659,FALSE,NA,NA,"<= day","daily",NA,NA,NA
"1987-02-26",663.354,FALSE,NA,NA,"<= day","daily",NA,NA,NA
"1987-02-27",726.573,FALSE,NA,NA,"<= day","daily",NA,NA,NA
"1987-02-28",973.292,FALSE,NA,NA,"<= day","daily",NA,NA,NA
"1987-03-01",1111.51,FALSE,NA,NA,"<= day","daily",NA,NA,NA
"1987-03-02",1156.208,FALSE,NA,NA,"<= day","daily",NA,NA,NA
"1987-03-03",1197.521,FALSE,NA,NA,"<= day","daily",NA,NA,NA
"1987-03-04",1221.75,FALSE,NA,NA,"<= day","daily",NA,NA,NA
"1987-03-05",1223.74,FALSE,NA,NA,"<= day","daily",NA,NA,NA
"1987-03-06",1214.458,FALSE,NA,NA,"<= day","daily",NA,NA,NA
"1987-03-07",1204.385,FALSE,NA,NA,"<= day","daily",NA,NA,NA
"1987-03-08",1188.073,FALSE,NA,NA,"<= day","daily",NA,NA,NA
"1987-03-09",1161.875,FALSE,NA,NA,"<= day","daily",NA,NA,NA
"1987-03-10",1130.375,FALSE,NA,NA,"<= day","daily",NA,NA,NA
"1987-03-11",1103.708,FALSE,NA,NA,"<= day","daily",NA,NA,NA
"1987-03-12",1086.156,FALSE,NA,NA,"<= day","daily",NA,NA,NA
"1987-03-13",1074.635,FALSE,NA,NA,"<= day","daily",NA,NA,NA
"1987-03-14",1059.74,FALSE,NA,NA,"<= day","daily",NA,NA,NA
"1987-03-15",1040.531,FALSE,NA,NA,"<= day","daily",NA,NA,NA
"1987-03-16",1021.74,FALSE,NA,NA,"<= day","daily",NA,NA,NA
"1987-03-17",1005.333,FALSE,NA,NA,"<= day","daily",NA,NA,NA
"1987-03-18",990.938,FALSE,NA,NA,"<= day","daily",NA,NA,NA
"1987-03-19",988.76,FALSE,NA,NA,"<= day","daily",NA,NA,NA
"1987-03-20",995.146,FALSE,NA,NA,"<= day","daily",NA,NA,NA
"1987-03-21",975.51,FALSE,NA,NA,"<= day","daily",NA,NA,NA
"1987-03-22",963.438,FALSE,NA,NA,"<= day","daily",NA,NA,NA
"1987-03-23",958.719,FALSE,NA,NA,"<= day","daily",NA,NA,NA
"1987-03-24",977.635,FALSE,NA,NA,"<= day","daily",NA,NA,NA
"1987-03-25",998.635,FALSE,NA,NA,"<= day","daily",NA,NA,NA
"1987-03-26",998.615,FALSE,NA,NA,"<= day","daily",NA,NA,NA
"1987-03-27",981.979,FALSE,NA,NA,"<= day","daily",NA,NA,NA
"1987-03-28",979.458,FALSE,NA,NA,"<= day","daily",NA,NA,NA
"1987-03-29",979.708,FALSE,NA,NA,"<= day","daily",NA,NA,NA
"1987-03-30",959.5,FALSE,NA,NA,"<= day","daily",NA,NA,NA
"1987-03-31",936.188,FALSE,NA,NA,"<= day","daily",NA,NA,NA
"1987-04-01",918.177,FALSE,NA,NA,"<= day","daily",NA,NA,NA
"1987-04-02",907.49,FALSE,NA,NA,"<= day","daily",NA,NA,NA
"1987-04-03",904.396,FALSE,NA,NA,"<= day","daily",NA,NA,NA
"1987-04-04",893.094,FALSE,NA,NA,"<= day","daily",NA,NA,NA
"1987-04-05",883.427,FALSE,NA,NA,"<= day","daily",NA,NA,NA
"1987-04-06",864.031,FALSE,NA,NA,"<= day","daily",NA,NA,NA
"1987-04-07",846.354,FALSE,NA,NA,"<= day","daily",NA,NA,NA
"1987-04-08",831.875,FALSE,NA,NA,"<= day","daily",NA,NA,NA
"1987-04-09",836.99,FALSE,NA,NA,"<= day","daily",NA,NA,NA
"1987-04-10",858.115,FALSE,NA,NA,"<= day","daily",NA,NA,NA
"1987-04-11",837.25,FALSE,NA,NA,"<= day","daily",NA,NA,NA
"1987-04-12",819.385,FALSE,NA,NA,"<= day","daily",NA,NA,NA
"1987-04-13",809.021,FALSE,NA,NA,"<= day","daily",NA,NA,NA
"1987-04-14",794.323,FALSE,NA,NA,"<= day","daily",NA,NA,NA
"1987-04-15",789.073,FALSE,NA,NA,"<= day","daily",NA,NA,NA
"1987-04-16",775.323,FALSE,NA,NA,"<= day","daily",NA,NA,NA
"1987-04-17",772.135,FALSE,NA,NA,"<= day","daily",NA,NA,NA
"1987-04-18",771.771,FALSE,NA,NA,"<= day","daily",NA,NA,NA
"1987-04-19",770.271,FALSE,NA,NA,"<= day","daily",NA,NA,NA
"1987-04-20",768.052,FALSE,NA,NA,"<= day","daily",NA,NA,NA
"1987-04-21",755.073,FALSE,NA,NA,"<= day","daily",NA,NA,NA
"1987-04-22",749.323,FALSE,NA,NA,"<= day","daily",NA,NA,NA
"1987-04-23",736.302,FALSE,NA,NA,"<= day","daily",NA,NA,NA
"1987-04-24",734,FALSE,NA,NA,"<= day","daily",NA,NA,NA
"1987-04-25",732.396,FALSE,NA,NA,"<= day","daily",NA,NA,NA
"1987-04-26",721.323,FALSE,NA,NA,"<= day","daily",NA,NA,NA
"1987-04-27",714.188,FALSE,NA,NA,"<= day","daily",NA,NA,NA
"1987-04-28",703.073,FALSE,NA,NA,"<= day","daily",NA,NA,NA
"1987-04-29",696.812,FALSE,NA,NA,"<= day","daily",NA,NA,NA
"1987-04-30",696,FALSE,NA,NA,"<= day","daily",NA,NA,NA
"1987-05-01",695.542,FALSE,NA,NA,"<= day","daily",NA,NA,NA
"1987-05-02",692.885,FALSE,NA,NA,"<= day","daily",NA,NA,NA
"1987-05-03",694.708,FALSE,NA,NA,"<= day","daily",NA,NA,NA
"1987-05-04",698.271,FALSE,NA,NA,"<= day","daily",NA,NA,NA
"1987-05-05",723.896,FALSE,NA,NA,"<= day","daily",NA,NA,NA
"1987-05-06",785.906,FALSE,NA,NA,"<= day","daily",NA,NA,NA
"1987-05-07",762.031,FALSE,NA,NA,"<= day","daily",NA,NA,NA
"1987-05-08",720.677,FALSE,NA,NA,"<= day","daily",NA,NA,NA
"1987-05-09",708.323,FALSE,NA,NA,"<= day","daily",NA,NA,NA
"1987-05-10",697.76,FALSE,NA,NA,"<= day","daily",NA,NA,NA
"1987-05-11",696,FALSE,NA,NA,"<= day","daily",NA,NA,NA
"1987-05-12",696,FALSE,NA,NA,"<= day","daily",NA,NA,NA
"1987-05-13",695.083,FALSE,NA,NA,"<= day","daily",NA,NA,NA
"1987-05-14",687.938,FALSE,NA,NA,"<= day","daily",NA,NA,NA
"1987-05-15",679.354,FALSE,NA,NA,"<= day","daily",NA,NA,NA
"1987-05-16",676.969,FALSE,NA,NA,"<= day","daily",NA,NA,NA
"1987-05-17",671.021,FALSE,NA,NA,"<= day","daily",NA,NA,NA
"1987-05-18",675.969,FALSE,NA,NA,"<= day","daily",NA,NA,NA
"1987-05-19",683.719,FALSE,NA,NA,"<= day","daily",NA,NA,NA
"1987-05-20",687.646,FALSE,NA,NA,"<= day","daily",NA,NA,NA
"1987-05-21",671.812,FALSE,NA,NA,"<= day","daily",NA,NA,NA
"1987-05-22",661.99,FALSE,NA,NA,"<= day","daily",NA,NA,NA
"1987-05-23",659.271,FALSE,NA,NA,"<= day","daily",NA,NA,NA
"1987-05-24",659,FALSE,NA,NA,"<= day","daily",NA,NA,NA
"1987-05-25",657.052,FALSE,NA,NA,"<= day","daily",NA,NA,NA
"1987-05-26",644.073,FALSE,NA,NA,"<= day","daily",NA,NA,NA
"1987-05-27",640.156,FALSE,NA,NA,"<= day","daily",NA,NA,NA
"1987-05-28",637.531,FALSE,NA,NA,"<= day","daily",NA,NA,NA
"1987-05-29",626.552,FALSE,NA,NA,"<= day","daily",NA,NA,NA
"1987-05-30",622.521,FALSE,NA,NA,"<= day","daily",NA,NA,NA
"1987-05-31",622.75,FALSE,NA,NA,"<= day","daily",NA,NA,NA
"1987-06-01",620.302,FALSE,NA,NA,"<= day","daily",NA,NA,NA
"1987-06-02",607.823,FALSE,NA,NA,"<= day","daily",NA,NA,NA
"1987-06-03",604.896,FALSE,NA,NA,"<= day","daily",NA,NA,NA
"1987-06-04",614.927,FALSE,NA,NA,"<= day","daily",NA,NA,NA
"1987-06-05",619.927,FALSE,NA,NA,"<= day","daily",NA,NA,NA
"1987-06-06",611.573,FALSE,NA,NA,"<= day","daily",NA,NA,NA
"1987-06-07",604.083,FALSE,NA,NA,"<= day","daily",NA,NA,NA
"1987-06-08",601.51,FALSE,NA,NA,"<= day","daily",NA,NA,NA
"1987-06-09",591.188,FALSE,NA,NA,"<= day","daily",NA,NA,NA
"1987-06-10",585.677,FALSE,NA,NA,"<= day","daily",NA,NA,NA
"1987-06-11",584.885,FALSE,NA,NA,"<= day","daily",NA,NA,NA
"1987-06-12",583.448,FALSE,NA,NA,"<= day","daily",NA,NA,NA
"1987-06-13",579.615,FALSE,NA,NA,"<= day","daily",NA,NA,NA
"1987-06-14",602.156,FALSE,NA,NA,"<= day","daily",NA,NA,NA
"1987-06-15",740.167,FALSE,NA,NA,"<= day","daily",NA,NA,NA
"1987-06-16",885.01,FALSE,NA,NA,"<= day","daily",NA,NA,NA
"1987-06-17",914.312,FALSE,NA,NA,"<= day","daily",NA,NA,NA
"1987-06-18",876.781,FALSE,NA,NA,"<= day","daily",NA,NA,NA
"1987-06-19",839.729,FALSE,NA,NA,"<= day","daily",NA,NA,NA
"1987-06-20",828.896,FALSE,NA,NA,"<= day","daily",NA,NA,NA
"1987-06-21",818.875,FALSE,NA,NA,"<= day","daily",NA,NA,NA
"1987-06-22",794.615,FALSE,NA,NA,"<= day","daily",NA,NA,NA
"1987-06-23",776.344,FALSE,NA,NA,"<= day","daily",NA,NA,NA
"1987-06-24",771.583,FALSE,NA,NA,"<= day","daily",NA,NA,NA
"1987-06-25",765.323,FALSE,NA,NA,"<= day","daily",NA,NA,NA
"1987-06-26",754.531,FALSE,NA,NA,"<= day","daily",NA,NA,NA
"1987-06-27",749.323,FALSE,NA,NA,"<= day","daily",NA,NA,NA
"1987-06-28",736.302,FALSE,NA,NA,"<= day","daily",NA,NA,NA
"1987-06-29",732.396,FALSE,NA,NA,"<= day","daily",NA,NA,NA
"1987-06-30",721.896,FALSE,NA,NA,"<= day","daily",NA,NA,NA
"1987-07-01",755.406,FALSE,NA,NA,"<= day","daily",NA,NA,NA
"1987-07-02",999.646,FALSE,NA,NA,"<= day","daily",NA,NA,NA
"1987-07-03",1133.896,FALSE,NA,NA,"<= day","daily",NA,NA,NA
"1987-07-04",1222.302,FALSE,NA,NA,"<= day","daily",NA,NA,NA
"1987-07-05",1251.458,FALSE,NA,NA,"<= day","daily",NA,NA,NA
"1987-07-06",1187.823,FALSE,NA,NA,"<= day","daily",NA,NA,NA
"1987-07-07",1117.75,FALSE,NA,NA,"<= day","daily",NA,NA,NA
"1987-07-08",1140.292,FALSE,NA,NA,"<= day","daily",NA,NA,NA
"1987-07-09",1184.948,FALSE,NA,NA,"<= day","daily",NA,NA,NA
"1987-07-10",1177.656,FALSE,NA,NA,"<= day","daily",NA,NA,NA
"1987-07-11",1144.917,FALSE,NA,NA,"<= day","daily",NA,NA,NA
"1987-07-12",1116.219,FALSE,NA,NA,"<= day","daily",NA,NA,NA
"1987-07-13",1086.396,FALSE,NA,NA,"<= day","daily",NA,NA,NA
"1987-07-14",1055.812,FALSE,NA,NA,"<= day","daily",NA,NA,NA
"1987-07-15",1032.688,FALSE,NA,NA,"<= day","daily",NA,NA,NA
"1987-07-16",1013.906,FALSE,NA,NA,"<= day","daily",NA,NA,NA
"1987-07-17",1005.948,FALSE,NA,NA,"<= day","daily",NA,NA,NA
"1987-07-18",1002.708,FALSE,NA,NA,"<= day","daily",NA,NA,NA
"1987-07-19",985.76,FALSE,NA,NA,"<= day","daily",NA,NA,NA
"1987-07-20",968.125,FALSE,NA,NA,"<= day","daily",NA,NA,NA
"1987-07-21",949.396,FALSE,NA,NA,"<= day","daily",NA,NA,NA
"1987-07-22",929.823,FALSE,NA,NA,"<= day","daily",NA,NA,NA
"1987-07-23",907.073,FALSE,NA,NA,"<= day","daily",NA,NA,NA
"1987-07-24",888.083,FALSE,NA,NA,"<= day","daily",NA,NA,NA
"1987-07-25",874.615,FALSE,NA,NA,"<= day","daily",NA,NA,NA
"1987-07-26",863.521,FALSE,NA,NA,"<= day","daily",NA,NA,NA
"1987-07-27",850.167,FALSE,NA,NA,"<= day","daily",NA,NA,NA
"1987-07-28",846.167,FALSE,NA,NA,"<= day","daily",NA,NA,NA
"1987-07-29",833.365,FALSE,NA,NA,"<= day","daily",NA,NA,NA
"1987-07-30",824.229,FALSE,NA,NA,"<= day","daily",NA,NA,NA
"1987-07-31",810.427,FALSE,NA,NA,"<= day","daily",NA,NA,NA
"1987-08-01",797.323,FALSE,NA,NA,"<= day","daily",NA,NA,NA
"1987-08-02",791.104,FALSE,NA,NA,"<= day","daily",NA,NA,NA
"1987-08-03",786.219,FALSE,NA,NA,"<= day","daily",NA,NA,NA
"1987-08-04",785.292,FALSE,NA,NA,"<= day","daily",NA,NA,NA
"1987-08-05",798.969,FALSE,NA,NA,"<= day","daily",NA,NA,NA
"1987-08-06",775.292,FALSE,NA,NA,"<= day","daily",NA,NA,NA
"1987-08-07",754.74,FALSE,NA,NA,"<= day","daily",NA,NA,NA
"1987-08-08",739.708,FALSE,NA,NA,"<= day","daily",NA,NA,NA
"1987-08-09",734.542,FALSE,NA,NA,"<= day","daily",NA,NA,NA
"1987-08-10",732.969,FALSE,NA,NA,"<= day","daily",NA,NA,NA
"1987-08-11",723.125,FALSE,NA,NA,"<= day","daily",NA,NA,NA
"1987-08-12",701.427,FALSE,NA,NA,"<= day","daily",NA,NA,NA
"1987-08-13",694.438,FALSE,NA,NA,"<= day","daily",NA,NA,NA
"1987-08-14",681.938,FALSE,NA,NA,"<= day","daily",NA,NA,NA
"1987-08-15",677.469,FALSE,NA,NA,"<= day","daily",NA,NA,NA
"1987-08-16",670.573,FALSE,NA,NA,"<= day","daily",NA,NA,NA
"1987-08-17",663.604,FALSE,NA,NA,"<= day","daily",NA,NA,NA
"1987-08-18",680.219,FALSE,NA,NA,"<= day","daily",NA,NA,NA
"1987-08-19",673.542,FALSE,NA,NA,"<= day","daily",NA,NA,NA
"1987-08-20",657.354,FALSE,NA,NA,"<= day","daily",NA,NA,NA
"1987-08-21",642.302,FALSE,NA,NA,"<= day","daily",NA,NA,NA
"1987-08-22",646.531,FALSE,NA,NA,"<= day","daily",NA,NA,NA
"1987-08-23",713.688,FALSE,NA,NA,"<= day","daily",NA,NA,NA
"1987-08-24",874.625,FALSE,NA,NA,"<= day","daily",NA,NA,NA
"1987-08-25",852.469,FALSE,NA,NA,"<= day","daily",NA,NA,NA
"1987-08-26",784.333,FALSE,NA,NA,"<= day","daily",NA,NA,NA
"1987-08-27",730.406,FALSE,NA,NA,"<= day","daily",NA,NA,NA
"1987-08-28",707.427,FALSE,NA,NA,"<= day","daily",NA,NA,NA
"1987-08-29",697.24,FALSE,NA,NA,"<= day","daily",NA,NA,NA
"1987-08-30",693.188,FALSE,NA,NA,"<= day","daily",NA,NA,NA
"1987-08-31",679.844,FALSE,NA,NA,"<= day","daily",NA,NA,NA
"1987-09-01",672.823,FALSE,NA,NA,"<= day","daily",NA,NA,NA
"1987-09-02",661.031,FALSE,NA,NA,"<= day","daily",NA,NA,NA
"1987-09-03",656.823,FALSE,NA,NA,"<= day","daily",NA,NA,NA
"1987-09-04",642.573,FALSE,NA,NA,"<= day","daily",NA,NA,NA
"1987-09-05",639.656,FALSE,NA,NA,"<= day","daily",NA,NA,NA
"1987-09-06",635.573,FALSE,NA,NA,"<= day","daily",NA,NA,NA
"1987-09-07",623.052,FALSE,NA,NA,"<= day","daily",NA,NA,NA
"1987-09-08",620.365,FALSE,NA,NA,"<= day","daily",NA,NA,NA
"1987-09-09",620.812,FALSE,NA,NA,"<= day","daily",NA,NA,NA
"1987-09-10",613.823,FALSE,NA,NA,"<= day","daily",NA,NA,NA
"1987-09-11",604.49,FALSE,NA,NA,"<= day","daily",NA,NA,NA
"1987-09-12",603,FALSE,NA,NA,"<= day","daily",NA,NA,NA
"1987-09-13",602.771,FALSE,NA,NA,"<= day","daily",NA,NA,NA
"1987-09-14",599.438,FALSE,NA,NA,"<= day","daily",NA,NA,NA
"1987-09-15",586.021,FALSE,NA,NA,"<= day","daily",NA,NA,NA
"1987-09-16",575.438,FALSE,NA,NA,"<= day","daily",NA,NA,NA
"1987-09-17",568.083,FALSE,NA,NA,"<= day","daily",NA,NA,NA
"1987-09-18",567,FALSE,NA,NA,"<= day","daily",NA,NA,NA
"1987-09-19",567,FALSE,NA,NA,"<= day","daily",NA,NA,NA
"1987-09-20",566.312,FALSE,NA,NA,"<= day","daily",NA,NA,NA
"1987-09-21",560.323,FALSE,NA,NA,"<= day","daily",NA,NA,NA
"1987-09-22",549.76,FALSE,NA,NA,"<= day","daily",NA,NA,NA
"1987-09-23",548.688,FALSE,NA,NA,"<= day","daily",NA,NA,NA
"1987-09-24",552.5,FALSE,NA,NA,"<= day","daily",NA,NA,NA
"1987-09-25",553.854,FALSE,NA,NA,"<= day","daily",NA,NA,NA
"1987-09-26",595.896,FALSE,NA,NA,"<= day","daily",NA,NA,NA
"1987-09-27",656.385,FALSE,NA,NA,"<= day","daily",NA,NA,NA
"1987-09-28",598.198,FALSE,NA,NA,"<= day","daily",NA,NA,NA
"1987-09-29",556.073,FALSE,NA,NA,"<= day","daily",NA,NA,NA
"1987-09-30",548.062,FALSE,NA,NA,"<= day","daily",NA,NA,NA
"1987-10-01",543.688,FALSE,NA,NA,"<= day","daily",NA,NA,NA
"1987-10-02",532.031,FALSE,NA,NA,"<= day","daily",NA,NA,NA
"1987-10-03",530,FALSE,NA,NA,"<= day","daily",NA,NA,NA
"1987-10-04",530,FALSE,NA,NA,"<= day","daily",NA,NA,NA
"1987-10-05",530,FALSE,NA,NA,"<= day","daily",NA,NA,NA
"1987-10-06",530,FALSE,NA,NA,"<= day","daily",NA,NA,NA
"1987-10-07",528.167,FALSE,NA,NA,"<= day","daily",NA,NA,NA
"1987-10-08",515.938,FALSE,NA,NA,"<= day","daily",NA,NA,NA
"1987-10-09",511.812,FALSE,NA,NA,"<= day","daily",NA,NA,NA
"1987-10-10",507.74,FALSE,NA,NA,"<= day","daily",NA,NA,NA
"1987-10-11",502.635,FALSE,NA,NA,"<= day","daily",NA,NA,NA
"1987-10-12",505.156,FALSE,NA,NA,"<= day","daily",NA,NA,NA
"1987-10-13",498.875,FALSE,NA,NA,"<= day","daily",NA,NA,NA
"1987-10-14",498.271,FALSE,NA,NA,"<= day","daily",NA,NA,NA
"1987-10-15",514.094,FALSE,NA,NA,"<= day","daily",NA,NA,NA
"1987-10-16",499.26,FALSE,NA,NA,"<= day","daily",NA,NA,NA
"1987-10-17",484.344,FALSE,NA,NA,"<= day","daily",NA,NA,NA
"1987-10-18",477.812,FALSE,NA,NA,"<= day","daily",NA,NA,NA
"1987-10-19",477,FALSE,NA,NA,"<= day","daily",NA,NA,NA
"1987-10-20",477,FALSE,NA,NA,"<= day","daily",NA,NA,NA
"1987-10-21",488.802,FALSE,NA,NA,"<= day","daily",NA,NA,NA
"1987-10-22",563.531,FALSE,NA,NA,"<= day","daily",NA,NA,NA
"1987-10-23",555.479,FALSE,NA,NA,"<= day","daily",NA,NA,NA
"1987-10-24",515.583,FALSE,NA,NA,"<= day","daily",NA,NA,NA
"1987-10-25",509.271,FALSE,NA,NA,"<= day","daily",NA,NA,NA
"1987-10-26",552.01,FALSE,NA,NA,"<= day","daily",NA,NA,NA
"1987-10-27",576.833,FALSE,NA,NA,"<= day","daily",NA,NA,NA
"1987-10-28",552.896,FALSE,NA,NA,"<= day","daily",NA,NA,NA
"1987-10-29",545.76,FALSE,NA,NA,"<= day","daily",NA,NA,NA
"1987-10-30",536.052,FALSE,NA,NA,"<= day","daily",NA,NA,NA
"1987-10-31",531.938,FALSE,NA,NA,"<= day","daily",NA,NA,NA
"1987-11-01",540.542,FALSE,NA,NA,"<= day","daily",NA,NA,NA
"1987-11-02",546.833,FALSE,NA,NA,"<= day","daily",NA,NA,NA
"1987-11-03",534.5,FALSE,NA,NA,"<= day","daily",NA,NA,NA
"1987-11-04",525.344,FALSE,NA,NA,"<= day","daily",NA,NA,NA
"1987-11-05",513.896,FALSE,NA,NA,"<= day","daily",NA,NA,NA
"1987-11-06",512,FALSE,NA,NA,"<= day","daily",NA,NA,NA
"1987-11-07",512,FALSE,NA,NA,"<= day","daily",NA,NA,NA
"1987-11-08",512.458,FALSE,NA,NA,"<= day","daily",NA,NA,NA
"1987-11-09",515.688,FALSE,NA,NA,"<= day","daily",NA,NA,NA
"1987-11-10",517.615,FALSE,NA,NA,"<= day","daily",NA,NA,NA
"1987-11-11",517.135,FALSE,NA,NA,"<= day","daily",NA,NA,NA
"1987-11-12",530.75,FALSE,NA,NA,"<= day","daily",NA,NA,NA
"1987-11-13",631.177,FALSE,NA,NA,"<= day","daily",NA,NA,NA
"1987-11-14",705.938,FALSE,NA,NA,"<= day","daily",NA,NA,NA
"1987-11-15",650.615,FALSE,NA,NA,"<= day","daily",NA,NA,NA
"1987-11-16",612.917,FALSE,NA,NA,"<= day","daily",NA,NA,NA
"1987-11-17",603.812,FALSE,NA,NA,"<= day","daily",NA,NA,NA
"1987-11-18",603,FALSE,NA,NA,"<= day","daily",NA,NA,NA
"1987-11-19",607.24,FALSE,NA,NA,"<= day","daily",NA,NA,NA
"1987-11-20",641.406,FALSE,NA,NA,"<= day","daily",NA,NA,NA
"1987-11-21",695.865,FALSE,NA,NA,"<= day","daily",NA,NA,NA
"1987-11-22",751.281,FALSE,NA,NA,"<= day","daily",NA,NA,NA
"1987-11-23",752.479,FALSE,NA,NA,"<= day","daily",NA,NA,NA
"1987-11-24",739.635,FALSE,NA,NA,"<= day","daily",NA,NA,NA
"1987-11-25",727.885,FALSE,NA,NA,"<= day","daily",NA,NA,NA
"1987-11-26",713.833,FALSE,NA,NA,"<= day","daily",NA,NA,NA
"1987-11-27",696.833,FALSE,NA,NA,"<= day","daily",NA,NA,NA
"1987-11-28",683.438,FALSE,NA,NA,"<= day","daily",NA,NA,NA
"1987-11-29",677.74,FALSE,NA,NA,"<= day","daily",NA,NA,NA
"1987-11-30",670.573,FALSE,NA,NA,"<= day","daily",NA,NA,NA
"1987-12-01",660.625,FALSE,NA,NA,"<= day","daily",NA,NA,NA
"1987-12-02",659,FALSE,NA,NA,"<= day","daily",NA,NA,NA
"1987-12-03",659,FALSE,NA,NA,"<= day","daily",NA,NA,NA
"1987-12-04",658.198,FALSE,NA,NA,"<= day","daily",NA,NA,NA
"1987-12-05",654.323,FALSE,NA,NA,"<= day","daily",NA,NA,NA
"1987-12-06",666.729,FALSE,NA,NA,"<= day","daily",NA,NA,NA
"1987-12-07",694.792,FALSE,NA,NA,"<= day","daily",NA,NA,NA
"1987-12-08",683.573,FALSE,NA,NA,"<= day","daily",NA,NA,NA
"1987-12-09",662.385,FALSE,NA,NA,"<= day","daily",NA,NA,NA
"1987-12-10",659,FALSE,NA,NA,"<= day","daily",NA,NA,NA
"1987-12-11",657.625,FALSE,NA,NA,"<= day","daily",NA,NA,NA
"1987-12-12",648.052,FALSE,NA,NA,"<= day","daily",NA,NA,NA
"1987-12-13",642.448,FALSE,NA,NA,"<= day","daily",NA,NA,NA
"1987-12-14",641.073,FALSE,NA,NA,"<= day","daily",NA,NA,NA
"1987-12-15",645.25,FALSE,NA,NA,"<= day","daily",NA,NA,NA
"1987-12-16",640.948,FALSE,NA,NA,"<= day","daily",NA,NA,NA
"1987-12-17",640.688,FALSE,NA,NA,"<= day","daily",NA,NA,NA
"1987-12-18",670.281,FALSE,NA,NA,"<= day","daily",NA,NA,NA
"1987-12-19",844.969,FALSE,NA,NA,"<= day","daily",NA,NA,NA
"1987-12-20",930.865,FALSE,NA,NA,"<= day","daily",NA,NA,NA
"1987-12-21",891.802,FALSE,NA,NA,"<= day","daily",NA,NA,NA
"1987-12-22",840.333,FALSE,NA,NA,"<= day","daily",NA,NA,NA
"1987-12-23",812.375,FALSE,NA,NA,"<= day","daily",NA,NA,NA
"1987-12-24",800.323,FALSE,NA,NA,"<= day","daily",NA,NA,NA
"1987-12-25",792.219,FALSE,NA,NA,"<= day","daily",NA,NA,NA
"1987-12-26",789.969,FALSE,NA,NA,"<= day","daily",NA,NA,NA
"1987-12-27",782.073,FALSE,NA,NA,"<= day","daily",NA,NA,NA
"1987-12-28",773.01,FALSE,NA,NA,"<= day","daily",NA,NA,NA
"1987-12-29",767.573,FALSE,NA,NA,"<= day","daily",NA,NA,NA
"1987-12-30",755.167,FALSE,NA,NA,"<= day","daily",NA,NA,NA
"1987-12-31",753,FALSE,NA,NA,"<= day","daily",NA,NA,NA
"1988-01-01",751.052,FALSE,NA,NA,"<= day","daily",NA,NA,NA
"1988-01-02",740.021,FALSE,NA,NA,"<= day","daily",NA,NA,NA
"1988-01-03",747.135,FALSE,NA,NA,"<= day","daily",NA,NA,NA
"1988-01-04",740.948,FALSE,NA,NA,"<= day","daily",NA,NA,NA
"1988-01-05",765.479,FALSE,NA,NA,"<= day","daily",NA,NA,NA
"1988-01-06",780.406,FALSE,NA,NA,"<= day","daily",NA,NA,NA
"1988-01-07",765.073,FALSE,NA,NA,"<= day","daily",NA,NA,NA
"1988-01-08",742.365,FALSE,NA,NA,"<= day","daily",NA,NA,NA
"1988-01-09",720.906,FALSE,NA,NA,"<= day","daily",NA,NA,NA
"1988-01-10",715.406,FALSE,NA,NA,"<= day","daily",NA,NA,NA
"1988-01-11",715,FALSE,NA,NA,"<= day","daily",NA,NA,NA
"1988-01-12",715,FALSE,NA,NA,"<= day","daily",NA,NA,NA
"1988-01-13",715,FALSE,NA,NA,"<= day","daily",NA,NA,NA
"1988-01-14",713.167,FALSE,NA,NA,"<= day","daily",NA,NA,NA
"1988-01-15",700.823,FALSE,NA,NA,"<= day","daily",NA,NA,NA
"1988-01-16",694.917,FALSE,NA,NA,"<= day","daily",NA,NA,NA
"1988-01-17",684.188,FALSE,NA,NA,"<= day","daily",NA,NA,NA
"1988-01-18",678.677,FALSE,NA,NA,"<= day","daily",NA,NA,NA
"1988-01-19",678,FALSE,NA,NA,"<= day","daily",NA,NA,NA
"1988-01-20",676.969,FALSE,NA,NA,"<= day","daily",NA,NA,NA
"1988-01-21",669.073,FALSE,NA,NA,"<= day","daily",NA,NA,NA
"1988-01-22",660.354,FALSE,NA,NA,"<= day","daily",NA,NA,NA
"1988-01-23",659.229,FALSE,NA,NA,"<= day","daily",NA,NA,NA
"1988-01-24",673.104,FALSE,NA,NA,"<= day","daily",NA,NA,NA
"1988-01-25",767.667,FALSE,NA,NA,"<= day","daily",NA,NA,NA
"1988-01-26",871.01,FALSE,NA,NA,"<= day","daily",NA,NA,NA
"1988-01-27",897.167,FALSE,NA,NA,"<= day","daily",NA,NA,NA
"1988-01-28",894.406,FALSE,NA,NA,"<= day","daily",NA,NA,NA
"1988-01-29",898.75,FALSE,NA,NA,"<= day","daily",NA,NA,NA
"1988-01-30",915.323,FALSE,NA,NA,"<= day","daily",NA,NA,NA
"1988-01-31",924.781,FALSE,NA,NA,"<= day","daily",NA,NA,NA
"1988-02-01",928.635,FALSE,NA,NA,"<= day","daily",NA,NA,NA
"1988-02-02",950.583,FALSE,NA,NA,"<= day","daily",NA,NA,NA
"1988-02-03",992.24,FALSE,NA,NA,"<= day","daily",NA,NA,NA
"1988-02-04",1049.708,FALSE,NA,NA,"<= day","daily",NA,NA,NA
"1988-02-05",1065.604,FALSE,NA,NA,"<= day","daily",NA,NA,NA
"1988-02-06",1074.854,FALSE,NA,NA,"<= day","daily",NA,NA,NA
"1988-02-07",1102.417,FALSE,NA,NA,"<= day","daily",NA,NA,NA
"1988-02-08",1128.302,FALSE,NA,NA,"<= day","daily",NA,NA,NA
"1988-02-09",1158.01,FALSE,NA,NA,"<= day","daily",NA,NA,NA
"1988-02-10",1186.302,FALSE,NA,NA,"<= day","daily",NA,NA,NA
"1988-02-11",1214.812,FALSE,NA,NA,"<= day","daily",NA,NA,NA
"1988-02-12",1251.385,FALSE,NA,NA,"<= day","daily",NA,NA,NA
"1988-02-13",1281.24,FALSE,NA,NA,"<= day","daily",NA,NA,NA
"1988-02-14",1289.323,FALSE,NA,NA,"<= day","daily",NA,NA,NA
"1988-02-15",1289.771,FALSE,NA,NA,"<= day","daily",NA,NA,NA
"1988-02-16",1287.812,FALSE,NA,NA,"<= day","daily",NA,NA,NA
"1988-02-17",1283.51,FALSE,NA,NA,"<= day","daily",NA,NA,NA
"1988-02-18",1275.646,FALSE,NA,NA,"<= day","daily",NA,NA,NA
"1988-02-19",1269.417,FALSE,NA,NA,"<= day","daily",NA,NA,NA
"1988-02-20",1258.885,FALSE,NA,NA,"<= day","daily",NA,NA,NA
"1988-02-21",1245.75,FALSE,NA,NA,"<= day","daily",NA,NA,NA
"1988-02-22",1235.208,FALSE,NA,NA,"<= day","daily",NA,NA,NA
"1988-02-23",1224.292,FALSE,NA,NA,"<= day","daily",NA,NA,NA
"1988-02-24",1208.865,FALSE,NA,NA,"<= day","daily",NA,NA,NA
"1988-02-25",1200.729,FALSE,NA,NA,"<= day","daily",NA,NA,NA
"1988-02-26",1185.812,FALSE,NA,NA,"<= day","daily",NA,NA,NA
"1988-02-27",1172.156,FALSE,NA,NA,"<= day","daily",NA,NA,NA
"1988-02-28",1158.062,FALSE,NA,NA,"<= day","daily",NA,NA,NA
"1988-02-29",1141.302,FALSE,NA,NA,"<= day","daily",NA,NA,NA
"1988-03-01",1117.521,FALSE,NA,NA,"<= day","daily",NA,NA,NA
"1988-03-02",1093.094,FALSE,NA,NA,"<= day","daily",NA,NA,NA
"1988-03-03",1072.646,FALSE,NA,NA,"<= day","daily",NA,NA,NA
"1988-03-04",1055.177,FALSE,NA,NA,"<= day","daily",NA,NA,NA
"1988-03-05",1042.198,FALSE,NA,NA,"<= day","daily",NA,NA,NA
"1988-03-06",1023.646,FALSE,NA,NA,"<= day","daily",NA,NA,NA
"1988-03-07",1007.438,FALSE,NA,NA,"<= day","daily",NA,NA,NA
"1988-03-08",1004.198,FALSE,NA,NA,"<= day","daily",NA,NA,NA
"1988-03-09",997.458,FALSE,NA,NA,"<= day","daily",NA,NA,NA
"1988-03-10",986.76,FALSE,NA,NA,"<= day","daily",NA,NA,NA
"1988-03-11",986.948,FALSE,NA,NA,"<= day","daily",NA,NA,NA
"1988-03-12",1019.865,FALSE,NA,NA,"<= day","daily",NA,NA,NA
"1988-03-13",1167.802,FALSE,NA,NA,"<= day","daily",NA,NA,NA
"1988-03-14",1288.104,FALSE,NA,NA,"<= day","daily",NA,NA,NA
"1988-03-15",1355.135,FALSE,NA,NA,"<= day","daily",NA,NA,NA
"1988-03-16",1394.656,FALSE,NA,NA,"<= day","daily",NA,NA,NA
"1988-03-17",1447.26,FALSE,NA,NA,"<= day","daily",NA,NA,NA
"1988-03-18",1472.021,FALSE,NA,NA,"<= day","daily",NA,NA,NA
"1988-03-19",1476.26,FALSE,NA,NA,"<= day","daily",NA,NA,NA
"1988-03-20",1485.771,FALSE,NA,NA,"<= day","daily",NA,NA,NA
"1988-03-21",1495.854,FALSE,NA,NA,"<= day","daily",NA,NA,NA
"1988-03-22",1499.594,FALSE,NA,NA,"<= day","daily",NA,NA,NA
"1988-03-23",1500,FALSE,NA,NA,"<= day","daily",NA,NA,NA
"1988-03-24",1501.49,FALSE,NA,NA,"<= day","daily",NA,NA,NA
"1988-03-25",1514.333,FALSE,NA,NA,"<= day","daily",NA,NA,NA
"1988-03-26",1536.344,FALSE,NA,NA,"<= day","daily",NA,NA,NA
"1988-03-27",1541.719,FALSE,NA,NA,"<= day","daily",NA,NA,NA
"1988-03-28",1553.542,FALSE,NA,NA,"<= day","daily",NA,NA,NA
"1988-03-29",1559.438,FALSE,NA,NA,"<= day","daily",NA,NA,NA
"1988-03-30",1561.323,FALSE,NA,NA,"<= day","daily",NA,NA,NA
"1988-03-31",1566.75,FALSE,NA,NA,"<= day","daily",NA,NA,NA
"1988-04-01",1582.292,FALSE,NA,NA,"<= day","daily",NA,NA,NA
"1988-04-02",1585,FALSE,NA,NA,"<= day","daily",NA,NA,NA
"1988-04-03",1585,FALSE,NA,NA,"<= day","daily",NA,NA,NA
"1988-04-04",1585,FALSE,NA,NA,"<= day","daily",NA,NA,NA
"1988-04-05",1585,FALSE,NA,NA,"<= day","daily",NA,NA,NA
"1988-04-06",1585,FALSE,NA,NA,"<= day","daily",NA,NA,NA
"1988-04-07",1585,FALSE,NA,NA,"<= day","daily",NA,NA,NA
"1988-04-08",1584.542,FALSE,NA,NA,"<= day","daily",NA,NA,NA
"1988-04-09",1579.365,FALSE,NA,NA,"<= day","daily",NA,NA,NA
"1988-04-10",1564.344,FALSE,NA,NA,"<= day","daily",NA,NA,NA
"1988-04-11",1560.271,FALSE,NA,NA,"<= day","daily",NA,NA,NA
"1988-04-12",1560,FALSE,NA,NA,"<= day","daily",NA,NA,NA
"1988-04-13",1560,FALSE,NA,NA,"<= day","daily",NA,NA,NA
"1988-04-14",1559.542,FALSE,NA,NA,"<= day","daily",NA,NA,NA
"1988-04-15",1554.708,FALSE,NA,NA,"<= day","daily",NA,NA,NA
"1988-04-16",1542.167,FALSE,NA,NA,"<= day","daily",NA,NA,NA
"1988-04-17",1539.083,FALSE,NA,NA,"<= day","daily",NA,NA,NA
"1988-04-18",1531.708,FALSE,NA,NA,"<= day","daily",NA,NA,NA
"1988-04-19",1521.052,FALSE,NA,NA,"<= day","daily",NA,NA,NA
"1988-04-20",1513.958,FALSE,NA,NA,"<= day","daily",NA,NA,NA
"1988-04-21",1501.802,FALSE,NA,NA,"<= day","daily",NA,NA,NA
"1988-04-22",1498.5,FALSE,NA,NA,"<= day","daily",NA,NA,NA
"1988-04-23",1498.469,FALSE,NA,NA,"<= day","daily",NA,NA,NA
"1988-04-24",1489.573,FALSE,NA,NA,"<= day","daily",NA,NA,NA
"1988-04-25",1480.708,FALSE,NA,NA,"<= day","daily",NA,NA,NA
"1988-04-26",1469.021,FALSE,NA,NA,"<= day","daily",NA,NA,NA
"1988-04-27",1456.896,FALSE,NA,NA,"<= day","daily",NA,NA,NA
"1988-04-28",1455,FALSE,NA,NA,"<= day","daily",NA,NA,NA
"1988-04-29",1454.312,FALSE,NA,NA,"<= day","daily",NA,NA,NA
"1988-04-30",1448.208,FALSE,NA,NA,"<= day","daily",NA,NA,NA
"1988-05-01",1435.521,FALSE,NA,NA,"<= day","daily",NA,NA,NA
"1988-05-02",1423.25,FALSE,NA,NA,"<= day","daily",NA,NA,NA
"1988-05-03",1410.792,FALSE,NA,NA,"<= day","daily",NA,NA,NA
"1988-05-04",1394.531,FALSE,NA,NA,"<= day","daily",NA,NA,NA
"1988-05-05",1374.885,FALSE,NA,NA,"<= day","daily",NA,NA,NA
"1988-05-06",1369.354,FALSE,NA,NA,"<= day","daily",NA,NA,NA
"1988-05-07",1360.677,FALSE,NA,NA,"<= day","daily",NA,NA,NA
"1988-05-08",1343.042,FALSE,NA,NA,"<= day","daily",NA,NA,NA
"1988-05-09",1332.198,FALSE,NA,NA,"<= day","daily",NA,NA,NA
"1988-05-10",1312.792,FALSE,NA,NA,"<= day","daily",NA,NA,NA
"1988-05-11",1304.479,FALSE,NA,NA,"<= day","daily",NA,NA,NA
"1988-05-12",1286.312,FALSE,NA,NA,"<= day","daily",NA,NA,NA
"1988-05-13",1256.073,FALSE,NA,NA,"<= day","daily",NA,NA,NA
"1988-05-14",1244.573,FALSE,NA,NA,"<= day","daily",NA,NA,NA
"1988-05-15",1232.448,FALSE,NA,NA,"<= day","daily",NA,NA,NA
"1988-05-16",1214.854,FALSE,NA,NA,"<= day","daily",NA,NA,NA
"1988-05-17",1201.719,FALSE,NA,NA,"<= day","daily",NA,NA,NA
"1988-05-18",1202.469,FALSE,NA,NA,"<= day","daily",NA,NA,NA
"1988-05-19",1188.938,FALSE,NA,NA,"<= day","daily",NA,NA,NA
"1988-05-20",1163.906,FALSE,NA,NA,"<= day","daily",NA,NA,NA
"1988-05-21",1139.156,FALSE,NA,NA,"<= day","daily",NA,NA,NA
"1988-05-22",1112.448,FALSE,NA,NA,"<= day","daily",NA,NA,NA
"1988-05-23",1087.219,FALSE,NA,NA,"<= day","daily",NA,NA,NA
"1988-05-24",1083.458,FALSE,NA,NA,"<= day","daily",NA,NA,NA
"1988-05-25",1105.24,FALSE,NA,NA,"<= day","daily",NA,NA,NA
"1988-05-26",1093.906,FALSE,NA,NA,"<= day","daily",NA,NA,NA
"1988-05-27",1085.948,FALSE,NA,NA,"<= day","daily",NA,NA,NA
"1988-05-28",1083.167,FALSE,NA,NA,"<= day","daily",NA,NA,NA
"1988-05-29",1068.417,FALSE,NA,NA,"<= day","daily",NA,NA,NA
"1988-05-30",1048.25,FALSE,NA,NA,"<= day","daily",NA,NA,NA
"1988-05-31",1045,FALSE,NA,NA,"<= day","daily",NA,NA,NA
"1988-06-01",1042.938,FALSE,NA,NA,"<= day","daily",NA,NA,NA
"1988-06-02",1027.031,FALSE,NA,NA,"<= day","daily",NA,NA,NA
"1988-06-03",1009.531,FALSE,NA,NA,"<= day","daily",NA,NA,NA
"1988-06-04",1012.677,FALSE,NA,NA,"<= day","daily",NA,NA,NA
"1988-06-05",1022.094,FALSE,NA,NA,"<= day","daily",NA,NA,NA
"1988-06-06",1018.073,FALSE,NA,NA,"<= day","daily",NA,NA,NA
"1988-06-07",1025.792,FALSE,NA,NA,"<= day","daily",NA,NA,NA
"1988-06-08",1010.594,FALSE,NA,NA,"<= day","daily",NA,NA,NA
"1988-06-09",986.458,FALSE,NA,NA,"<= day","daily",NA,NA,NA
"1988-06-10",969.208,FALSE,NA,NA,"<= day","daily",NA,NA,NA
"1988-06-11",968.708,FALSE,NA,NA,"<= day","daily",NA,NA,NA
"1988-06-12",989.333,FALSE,NA,NA,"<= day","daily",NA,NA,NA
"1988-06-13",978.771,FALSE,NA,NA,"<= day","daily",NA,NA,NA
"1988-06-14",949.188,FALSE,NA,NA,"<= day","daily",NA,NA,NA
"1988-06-15",937.75,FALSE,NA,NA,"<= day","daily",NA,NA,NA
"1988-06-16",921.719,FALSE,NA,NA,"<= day","daily",NA,NA,NA
"1988-06-17",907.458,FALSE,NA,NA,"<= day","daily",NA,NA,NA
"1988-06-18",900.76,FALSE,NA,NA,"<= day","daily",NA,NA,NA
"1988-06-19",897.635,FALSE,NA,NA,"<= day","daily",NA,NA,NA
"1988-06-20",915.906,FALSE,NA,NA,"<= day","daily",NA,NA,NA
"1988-06-21",892.083,FALSE,NA,NA,"<= day","daily",NA,NA,NA
"1988-06-22",870.979,FALSE,NA,NA,"<= day","daily",NA,NA,NA
"1988-06-23",865.823,FALSE,NA,NA,"<= day","daily",NA,NA,NA
"1988-06-24",851.458,FALSE,NA,NA,"<= day","daily",NA,NA,NA
"1988-06-25",848.135,FALSE,NA,NA,"<= day","daily",NA,NA,NA
"1988-06-26",848,FALSE,NA,NA,"<= day","daily",NA,NA,NA
"1988-06-27",848,FALSE,NA,NA,"<= day","daily",NA,NA,NA
"1988-06-28",846.969,FALSE,NA,NA,"<= day","daily",NA,NA,NA
"1988-06-29",838.729,FALSE,NA,NA,"<= day","daily",NA,NA,NA
"1988-06-30",826.615,FALSE,NA,NA,"<= day","daily",NA,NA,NA
"1988-07-01",818.271,FALSE,NA,NA,"<= day","daily",NA,NA,NA
"1988-07-02",821.312,FALSE,NA,NA,"<= day","daily",NA,NA,NA
"1988-07-03",810.406,FALSE,NA,NA,"<= day","daily",NA,NA,NA
"1988-07-04",798.073,FALSE,NA,NA,"<= day","daily",NA,NA,NA
"1988-07-05",789.865,FALSE,NA,NA,"<= day","daily",NA,NA,NA
"1988-07-06",778.938,FALSE,NA,NA,"<= day","daily",NA,NA,NA
"1988-07-07",792.167,FALSE,NA,NA,"<= day","daily",NA,NA,NA
"1988-07-08",786.552,FALSE,NA,NA,"<= day","daily",NA,NA,NA
"1988-07-09",797.698,FALSE,NA,NA,"<= day","daily",NA,NA,NA
"1988-07-10",776.406,FALSE,NA,NA,"<= day","daily",NA,NA,NA
"1988-07-11",757.469,FALSE,NA,NA,"<= day","daily",NA,NA,NA
"1988-07-12",763.438,FALSE,NA,NA,"<= day","daily",NA,NA,NA
"1988-07-13",758.229,FALSE,NA,NA,"<= day","daily",NA,NA,NA
"1988-07-14",744.885,FALSE,NA,NA,"<= day","daily",NA,NA,NA
"1988-07-15",733.75,FALSE,NA,NA,"<= day","daily",NA,NA,NA
"1988-07-16",721.781,FALSE,NA,NA,"<= day","daily",NA,NA,NA
"1988-07-17",718.677,FALSE,NA,NA,"<= day","daily",NA,NA,NA
"1988-07-18",713.938,FALSE,NA,NA,"<= day","daily",NA,NA,NA
"1988-07-19",702.323,FALSE,NA,NA,"<= day","daily",NA,NA,NA
"1988-07-20",696.677,FALSE,NA,NA,"<= day","daily",NA,NA,NA
"1988-07-21",696,FALSE,NA,NA,"<= day","daily",NA,NA,NA
"1988-07-22",696,FALSE,NA,NA,"<= day","daily",NA,NA,NA
"1988-07-23",696.688,FALSE,NA,NA,"<= day","daily",NA,NA,NA
"1988-07-24",701.99,FALSE,NA,NA,"<= day","daily",NA,NA,NA
"1988-07-25",704.844,FALSE,NA,NA,"<= day","daily",NA,NA,NA
"1988-07-26",690.635,FALSE,NA,NA,"<= day","daily",NA,NA,NA
"1988-07-27",734.031,FALSE,NA,NA,"<= day","daily",NA,NA,NA
"1988-07-28",789.812,FALSE,NA,NA,"<= day","daily",NA,NA,NA
"1988-07-29",735.885,FALSE,NA,NA,"<= day","daily",NA,NA,NA
"1988-07-30",712.812,FALSE,NA,NA,"<= day","daily",NA,NA,NA
"1988-07-31",698.302,FALSE,NA,NA,"<= day","daily",NA,NA,NA
"1988-08-01",697.49,FALSE,NA,NA,"<= day","daily",NA,NA,NA
"1988-08-02",712.51,FALSE,NA,NA,"<= day","daily",NA,NA,NA
"1988-08-03",753.01,FALSE,NA,NA,"<= day","daily",NA,NA,NA
"1988-08-04",778.625,FALSE,NA,NA,"<= day","daily",NA,NA,NA
"1988-08-05",726.25,FALSE,NA,NA,"<= day","daily",NA,NA,NA
"1988-08-06",699.115,FALSE,NA,NA,"<= day","daily",NA,NA,NA
"1988-08-07",694.51,FALSE,NA,NA,"<= day","daily",NA,NA,NA
"1988-08-08",683.844,FALSE,NA,NA,"<= day","daily",NA,NA,NA
"1988-08-09",674.25,FALSE,NA,NA,"<= day","daily",NA,NA,NA
"1988-08-10",661.167,FALSE,NA,NA,"<= day","daily",NA,NA,NA
"1988-08-11",661.979,FALSE,NA,NA,"<= day","daily",NA,NA,NA
"1988-08-12",679.302,FALSE,NA,NA,"<= day","daily",NA,NA,NA
"1988-08-13",665.823,FALSE,NA,NA,"<= day","daily",NA,NA,NA
"1988-08-14",645.021,FALSE,NA,NA,"<= day","daily",NA,NA,NA
"1988-08-15",640.271,FALSE,NA,NA,"<= day","daily",NA,NA,NA
"1988-08-16",639.885,FALSE,NA,NA,"<= day","daily",NA,NA,NA
"1988-08-17",639.021,FALSE,NA,NA,"<= day","daily",NA,NA,NA
"1988-08-18",637.906,FALSE,NA,NA,"<= day","daily",NA,NA,NA
"1988-08-19",635.698,FALSE,NA,NA,"<= day","daily",NA,NA,NA
"1988-08-20",630.646,FALSE,NA,NA,"<= day","daily",NA,NA,NA
"1988-08-21",623.219,FALSE,NA,NA,"<= day","daily",NA,NA,NA
"1988-08-22",622,FALSE,NA,NA,"<= day","daily",NA,NA,NA
"1988-08-23",619.938,FALSE,NA,NA,"<= day","daily",NA,NA,NA
"1988-08-24",613.885,FALSE,NA,NA,"<= day","daily",NA,NA,NA
"1988-08-25",656.531,FALSE,NA,NA,"<= day","daily",NA,NA,NA
"1988-08-26",638.354,FALSE,NA,NA,"<= day","daily",NA,NA,NA
"1988-08-27",613.604,FALSE,NA,NA,"<= day","daily",NA,NA,NA
"1988-08-28",604.083,FALSE,NA,NA,"<= day","daily",NA,NA,NA
"1988-08-29",603,FALSE,NA,NA,"<= day","daily",NA,NA,NA
"1988-08-30",601.74,FALSE,NA,NA,"<= day","daily",NA,NA,NA
"1988-08-31",592.688,FALSE,NA,NA,"<= day","daily",NA,NA,NA
"1988-09-01",587.323,FALSE,NA,NA,"<= day","daily",NA,NA,NA
"1988-09-02",594,FALSE,NA,NA,"<= day","daily",NA,NA,NA
"1988-09-03",588.573,FALSE,NA,NA,"<= day","daily",NA,NA,NA
"1988-09-04",599.812,FALSE,NA,NA,"<= day","daily",NA,NA,NA
"1988-09-05",601.375,FALSE,NA,NA,"<= day","daily",NA,NA,NA
"1988-09-06",589.125,FALSE,NA,NA,"<= day","daily",NA,NA,NA
"1988-09-07",570.115,FALSE,NA,NA,"<= day","daily",NA,NA,NA
"1988-09-08",567,FALSE,NA,NA,"<= day","daily",NA,NA,NA
"1988-09-09",566.656,FALSE,NA,NA,"<= day","daily",NA,NA,NA
"1988-09-10",562.573,FALSE,NA,NA,"<= day","daily",NA,NA,NA
"1988-09-11",550.167,FALSE,NA,NA,"<= day","daily",NA,NA,NA
"1988-09-12",548,FALSE,NA,NA,"<= day","daily",NA,NA,NA
"1988-09-13",548,FALSE,NA,NA,"<= day","daily",NA,NA,NA
"1988-09-14",548,FALSE,NA,NA,"<= day","daily",NA,NA,NA
"1988-09-15",548,FALSE,NA,NA,"<= day","daily",NA,NA,NA
"1988-09-16",548.917,FALSE,NA,NA,"<= day","daily",NA,NA,NA
"1988-09-17",552.969,FALSE,NA,NA,"<= day","daily",NA,NA,NA
"1988-09-18",540.271,FALSE,NA,NA,"<= day","daily",NA,NA,NA
"1988-09-19",531.104,FALSE,NA,NA,"<= day","daily",NA,NA,NA
"1988-09-20",527.417,FALSE,NA,NA,"<= day","daily",NA,NA,NA
"1988-09-21",515.802,FALSE,NA,NA,"<= day","daily",NA,NA,NA
"1988-09-22",512.271,FALSE,NA,NA,"<= day","daily",NA,NA,NA
"1988-09-23",512,FALSE,NA,NA,"<= day","daily",NA,NA,NA
"1988-09-24",512,FALSE,NA,NA,"<= day","daily",NA,NA,NA
"1988-09-25",512,FALSE,NA,NA,"<= day","daily",NA,NA,NA
"1988-09-26",512,FALSE,NA,NA,"<= day","daily",NA,NA,NA
"1988-09-27",512,FALSE,NA,NA,"<= day","daily",NA,NA,NA
"1988-09-28",512.458,FALSE,NA,NA,"<= day","daily",NA,NA,NA
"1988-09-29",517.062,FALSE,NA,NA,"<= day","daily",NA,NA,NA
"1988-09-30",529.594,FALSE,NA,NA,"<= day","daily",NA,NA,NA
"1988-10-01",538.948,FALSE,NA,NA,"<= day","daily",NA,NA,NA
"1988-10-02",524.104,FALSE,NA,NA,"<= day","daily",NA,NA,NA
"1988-10-03",509.406,FALSE,NA,NA,"<= day","daily",NA,NA,NA
"1988-10-04",497.417,FALSE,NA,NA,"<= day","daily",NA,NA,NA
"1988-10-05",493.75,FALSE,NA,NA,"<= day","daily",NA,NA,NA
"1988-10-06",500.865,FALSE,NA,NA,"<= day","daily",NA,NA,NA
"1988-10-07",538.635,FALSE,NA,NA,"<= day","daily",NA,NA,NA
"1988-10-08",561.094,FALSE,NA,NA,"<= day","daily",NA,NA,NA
"1988-10-09",548.438,FALSE,NA,NA,"<= day","daily",NA,NA,NA
"1988-10-10",547.885,FALSE,NA,NA,"<= day","daily",NA,NA,NA
"1988-10-11",545.135,FALSE,NA,NA,"<= day","daily",NA,NA,NA
"1988-10-12",547.458,FALSE,NA,NA,"<= day","daily",NA,NA,NA
"1988-10-13",546.281,FALSE,NA,NA,"<= day","daily",NA,NA,NA
"1988-10-14",534.688,FALSE,NA,NA,"<= day","daily",NA,NA,NA
"1988-10-15",530.406,FALSE,NA,NA,"<= day","daily",NA,NA,NA
"1988-10-16",529.083,FALSE,NA,NA,"<= day","daily",NA,NA,NA
"1988-10-17",521.938,FALSE,NA,NA,"<= day","daily",NA,NA,NA
"1988-10-18",513.354,FALSE,NA,NA,"<= day","daily",NA,NA,NA
"1988-10-19",513.146,FALSE,NA,NA,"<= day","daily",NA,NA,NA
"1988-10-20",519.729,FALSE,NA,NA,"<= day","daily",NA,NA,NA
"1988-10-21",514.854,FALSE,NA,NA,"<= day","daily",NA,NA,NA
"1988-10-22",511.01,FALSE,NA,NA,"<= day","daily",NA,NA,NA
"1988-10-23",501.917,FALSE,NA,NA,"<= day","daily",NA,NA,NA
"1988-10-24",496.906,FALSE,NA,NA,"<= day","daily",NA,NA,NA
"1988-10-25",497.385,FALSE,NA,NA,"<= day","daily",NA,NA,NA
"1988-10-26",495.406,FALSE,NA,NA,"<= day","daily",NA,NA,NA
"1988-10-27",495,FALSE,NA,NA,"<= day","daily",NA,NA,NA
"1988-10-28",504.281,FALSE,NA,NA,"<= day","daily",NA,NA,NA
"1988-10-29",565.26,FALSE,NA,NA,"<= day","daily",NA,NA,NA
"1988-10-30",572.344,FALSE,NA,NA,"<= day","daily",NA,NA,NA
"1988-10-31",535.76,FALSE,NA,NA,"<= day","daily",NA,NA,NA
"1988-11-01",518.323,FALSE,NA,NA,"<= day","daily",NA,NA,NA
"1988-11-02",512.677,FALSE,NA,NA,"<= day","daily",NA,NA,NA
"1988-11-03",512,FALSE,NA,NA,"<= day","daily",NA,NA,NA
"1988-11-04",512,FALSE,NA,NA,"<= day","daily",NA,NA,NA
"1988-11-05",512,FALSE,NA,NA,"<= day","daily",NA,NA,NA
"1988-11-06",511.427,FALSE,NA,NA,"<= day","daily",NA,NA,NA
"1988-11-07",507.219,FALSE,NA,NA,"<= day","daily",NA,NA,NA
"1988-11-08",502.625,FALSE,NA,NA,"<= day","daily",NA,NA,NA
"1988-11-09",496.312,FALSE,NA,NA,"<= day","daily",NA,NA,NA
"1988-11-10",496.5,FALSE,NA,NA,"<= day","daily",NA,NA,NA
"1988-11-11",494.24,FALSE,NA,NA,"<= day","daily",NA,NA,NA
"1988-11-12",487.104,FALSE,NA,NA,"<= day","daily",NA,NA,NA
"1988-11-13",484.219,FALSE,NA,NA,"<= day","daily",NA,NA,NA
"1988-11-14",478.083,FALSE,NA,NA,"<= day","daily",NA,NA,NA
"1988-11-15",476.312,FALSE,NA,NA,"<= day","daily",NA,NA,NA
"1988-11-16",472.5,FALSE,NA,NA,"<= day","daily",NA,NA,NA
"1988-11-17",476.188,FALSE,NA,NA,"<= day","daily",NA,NA,NA
"1988-11-18",477,FALSE,NA,NA,"<= day","daily",NA,NA,NA
"1988-11-19",477,FALSE,NA,NA,"<= day","daily",NA,NA,NA
"1988-11-20",477,FALSE,NA,NA,"<= day","daily",NA,NA,NA
"1988-11-21",476.083,FALSE,NA,NA,"<= day","daily",NA,NA,NA
"1988-11-22",469.052,FALSE,NA,NA,"<= day","daily",NA,NA,NA
"1988-11-23",461.219,FALSE,NA,NA,"<= day","daily",NA,NA,NA
"1988-11-24",461.031,FALSE,NA,NA,"<= day","daily",NA,NA,NA
"1988-11-25",468.698,FALSE,NA,NA,"<= day","daily",NA,NA,NA
"1988-11-26",477.062,FALSE,NA,NA,"<= day","daily",NA,NA,NA
"1988-11-27",485.875,FALSE,NA,NA,"<= day","daily",NA,NA,NA
"1988-11-28",488.958,FALSE,NA,NA,"<= day","daily",NA,NA,NA
"1988-11-29",493.823,FALSE,NA,NA,"<= day","daily",NA,NA,NA
"1988-11-30",515.604,FALSE,NA,NA,"<= day","daily",NA,NA,NA
"1988-12-01",525.562,FALSE,NA,NA,"<= day","daily",NA,NA,NA
"1988-12-02",514.302,FALSE,NA,NA,"<= day","daily",NA,NA,NA
"1988-12-03",514.979,FALSE,NA,NA,"<= day","daily",NA,NA,NA
"1988-12-04",586.271,FALSE,NA,NA,"<= day","daily",NA,NA,NA
"1988-12-05",950.219,FALSE,NA,NA,"<= day","daily",NA,NA,NA
"1988-12-06",1154.885,FALSE,NA,NA,"<= day","daily",NA,NA,NA
"1988-12-07",1196.969,FALSE,NA,NA,"<= day","daily",NA,NA,NA
"1988-12-08",1168.427,FALSE,NA,NA,"<= day","daily",NA,NA,NA
"1988-12-09",1135.708,FALSE,NA,NA,"<= day","daily",NA,NA,NA
"1988-12-10",1156.521,FALSE,NA,NA,"<= day","daily",NA,NA,NA
"1988-12-11",1237.771,FALSE,NA,NA,"<= day","daily",NA,NA,NA
"1988-12-12",1283.698,FALSE,NA,NA,"<= day","daily",NA,NA,NA
"1988-12-13",1285.229,FALSE,NA,NA,"<= day","daily",NA,NA,NA
"1988-12-14",1267.708,FALSE,NA,NA,"<= day","daily",NA,NA,NA
"1988-12-15",1244.094,FALSE,NA,NA,"<= day","daily",NA,NA,NA
"1988-12-16",1223.646,FALSE,NA,NA,"<= day","daily",NA,NA,NA
"1988-12-17",1203.427,FALSE,NA,NA,"<= day","daily",NA,NA,NA
"1988-12-18",1170.271,FALSE,NA,NA,"<= day","daily",NA,NA,NA
"1988-12-19",1141.781,FALSE,NA,NA,"<= day","daily",NA,NA,NA
"1988-12-20",1176.396,FALSE,NA,NA,"<= day","daily",NA,NA,NA
"1988-12-21",1205.875,FALSE,NA,NA,"<= day","daily",NA,NA,NA
"1988-12-22",1193.292,FALSE,NA,NA,"<= day","daily",NA,NA,NA
"1988-12-23",1185.469,FALSE,NA,NA,"<= day","daily",NA,NA,NA
"1988-12-24",1180.458,FALSE,NA,NA,"<= day","daily",NA,NA,NA
"1988-12-25",1165.927,FALSE,NA,NA,"<= day","daily",NA,NA,NA
"1988-12-26",1153.135,FALSE,NA,NA,"<= day","daily",NA,NA,NA
"1988-12-27",1138.323,FALSE,NA,NA,"<= day","daily",NA,NA,NA
"1988-12-28",1112,FALSE,NA,NA,"<= day","daily",NA,NA,NA
"1988-12-29",1092.26,FALSE,NA,NA,"<= day","daily",NA,NA,NA
"1988-12-30",1071.104,FALSE,NA,NA,"<= day","daily",NA,NA,NA
"1988-12-31",1038.25,FALSE,NA,NA,"<= day","daily",NA,NA,NA
"1989-01-01",1024.156,FALSE,NA,NA,"<= day","daily",NA,NA,NA
"1989-01-02",1008.635,FALSE,NA,NA,"<= day","daily",NA,NA,NA
"1989-01-03",999.229,FALSE,NA,NA,"<= day","daily",NA,NA,NA
"1989-01-04",985.542,FALSE,NA,NA,"<= day","daily",NA,NA,NA
"1989-01-05",972.958,FALSE,NA,NA,"<= day","daily",NA,NA,NA
"1989-01-06",965.719,FALSE,NA,NA,"<= day","daily",NA,NA,NA
"1989-01-07",961.208,FALSE,NA,NA,"<= day","daily",NA,NA,NA
"1989-01-08",945.26,FALSE,NA,NA,"<= day","daily",NA,NA,NA
"1989-01-09",928.458,FALSE,NA,NA,"<= day","daily",NA,NA,NA
"1989-01-10",922.958,FALSE,NA,NA,"<= day","daily",NA,NA,NA
"1989-01-11",907.083,FALSE,NA,NA,"<= day","daily",NA,NA,NA
"1989-01-12",893.615,FALSE,NA,NA,"<= day","daily",NA,NA,NA
"1989-01-13",881.833,FALSE,NA,NA,"<= day","daily",NA,NA,NA
"1989-01-14",862.49,FALSE,NA,NA,"<= day","daily",NA,NA,NA
"1989-01-15",847.698,FALSE,NA,NA,"<= day","daily",NA,NA,NA
"1989-01-16",832.896,FALSE,NA,NA,"<= day","daily",NA,NA,NA
"1989-01-17",832.885,FALSE,NA,NA,"<= day","daily",NA,NA,NA
"1989-01-18",828.875,FALSE,NA,NA,"<= day","daily",NA,NA,NA
"1989-01-19",821.573,FALSE,NA,NA,"<= day","daily",NA,NA,NA
"1989-01-20",811.625,FALSE,NA,NA,"<= day","daily",NA,NA,NA
"1989-01-21",810,FALSE,NA,NA,"<= day","daily",NA,NA,NA
"1989-01-22",807.823,FALSE,NA,NA,"<= day","daily",NA,NA,NA
"1989-01-23",793.344,FALSE,NA,NA,"<= day","daily",NA,NA,NA
"1989-01-24",787.438,FALSE,NA,NA,"<= day","daily",NA,NA,NA
"1989-01-25",775.052,FALSE,NA,NA,"<= day","daily",NA,NA,NA
"1989-01-26",772.135,FALSE,NA,NA,"<= day","daily",NA,NA,NA
"1989-01-27",770.052,FALSE,NA,NA,"<= day","daily",NA,NA,NA
"1989-01-28",757.073,FALSE,NA,NA,"<= day","daily",NA,NA,NA
"1989-01-29",752.125,FALSE,NA,NA,"<= day","daily",NA,NA,NA
"1989-01-30",743.323,FALSE,NA,NA,"<= day","daily",NA,NA,NA
"1989-01-31",733.271,FALSE,NA,NA,"<= day","daily",NA,NA,NA
"1989-02-01",719.073,FALSE,NA,NA,"<= day","daily",NA,NA,NA
"1989-02-02",715.271,FALSE,NA,NA,"<= day","daily",NA,NA,NA
"1989-02-03",712.823,FALSE,NA,NA,"<= day","daily",NA,NA,NA
"1989-02-04",698.573,FALSE,NA,NA,"<= day","daily",NA,NA,NA
"1989-02-05",694.396,FALSE,NA,NA,"<= day","daily",NA,NA,NA
"1989-02-06",683.438,FALSE,NA,NA,"<= day","daily",NA,NA,NA
"1989-02-07",677.51,FALSE,NA,NA,"<= day","daily",NA,NA,NA
"1989-02-08",670.792,FALSE,NA,NA,"<= day","daily",NA,NA,NA
"1989-02-09",673.094,FALSE,NA,NA,"<= day","daily",NA,NA,NA
"1989-02-10",670.781,FALSE,NA,NA,"<= day","daily",NA,NA,NA
"1989-02-11",660.417,FALSE,NA,NA,"<= day","daily",NA,NA,NA
"1989-02-12",654.573,FALSE,NA,NA,"<= day","daily",NA,NA,NA
"1989-02-13",643.312,FALSE,NA,NA,"<= day","daily",NA,NA,NA
"1989-02-14",649.104,FALSE,NA,NA,"<= day","daily",NA,NA,NA
"1989-02-15",651.854,FALSE,NA,NA,"<= day","daily",NA,NA,NA
"1989-02-16",641.896,FALSE,NA,NA,"<= day","daily",NA,NA,NA
"1989-02-17",638.052,FALSE,NA,NA,"<= day","daily",NA,NA,NA
"1989-02-18",625.188,FALSE,NA,NA,"<= day","daily",NA,NA,NA
"1989-02-19",622.135,FALSE,NA,NA,"<= day","daily",NA,NA,NA
"1989-02-20",625.323,FALSE,NA,NA,"<= day","daily",NA,NA,NA
"1989-02-21",655.552,FALSE,NA,NA,"<= day","daily",NA,NA,NA
"1989-02-22",711.198,FALSE,NA,NA,"<= day","daily",NA,NA,NA
"1989-02-23",693.031,FALSE,NA,NA,"<= day","daily",NA,NA,NA
"1989-02-24",665.833,FALSE,NA,NA,"<= day","daily",NA,NA,NA
"1989-02-25",661.646,FALSE,NA,NA,"<= day","daily",NA,NA,NA
"1989-02-26",671.062,FALSE,NA,NA,"<= day","daily",NA,NA,NA
"1989-02-27",678.792,FALSE,NA,NA,"<= day","daily",NA,NA,NA
"1989-02-28",693.427,FALSE,NA,NA,"<= day","daily",NA,NA,NA
"1989-03-01",714.208,FALSE,NA,NA,"<= day","daily",NA,NA,NA
"1989-03-02",700.646,FALSE,NA,NA,"<= day","daily",NA,NA,NA
"1989-03-03",705.969,FALSE,NA,NA,"<= day","daily",NA,NA,NA
"1989-03-04",708.74,FALSE,NA,NA,"<= day","daily",NA,NA,NA
"1989-03-05",696.542,FALSE,NA,NA,"<= day","daily",NA,NA,NA
"1989-03-06",684.188,FALSE,NA,NA,"<= day","daily",NA,NA,NA
"1989-03-07",678.677,FALSE,NA,NA,"<= day","daily",NA,NA,NA
"1989-03-08",676.052,FALSE,NA,NA,"<= day","daily",NA,NA,NA
"1989-03-09",663.073,FALSE,NA,NA,"<= day","daily",NA,NA,NA
"1989-03-10",659.271,FALSE,NA,NA,"<= day","daily",NA,NA,NA
"1989-03-11",659,FALSE,NA,NA,"<= day","daily",NA,NA,NA
"1989-03-12",659,FALSE,NA,NA,"<= day","daily",NA,NA,NA
"1989-03-13",657.167,FALSE,NA,NA,"<= day","daily",NA,NA,NA
"1989-03-14",646.198,FALSE,NA,NA,"<= day","daily",NA,NA,NA
"1989-03-15",651.583,FALSE,NA,NA,"<= day","daily",NA,NA,NA
"1989-03-16",658.052,FALSE,NA,NA,"<= day","daily",NA,NA,NA
"1989-03-17",657.854,FALSE,NA,NA,"<= day","daily",NA,NA,NA
"1989-03-18",647.375,FALSE,NA,NA,"<= day","daily",NA,NA,NA
"1989-03-19",626.406,FALSE,NA,NA,"<= day","daily",NA,NA,NA
"1989-03-20",622.135,FALSE,NA,NA,"<= day","daily",NA,NA,NA
"1989-03-21",621.885,FALSE,NA,NA,"<= day","daily",NA,NA,NA
"1989-03-22",620.448,FALSE,NA,NA,"<= day","daily",NA,NA,NA
"1989-03-23",614.438,FALSE,NA,NA,"<= day","daily",NA,NA,NA
"1989-03-24",605.656,FALSE,NA,NA,"<= day","daily",NA,NA,NA
"1989-03-25",611.927,FALSE,NA,NA,"<= day","daily",NA,NA,NA
"1989-03-26",620.646,FALSE,NA,NA,"<= day","daily",NA,NA,NA
"1989-03-27",621.198,FALSE,NA,NA,"<= day","daily",NA,NA,NA
"1989-03-28",614.573,FALSE,NA,NA,"<= day","daily",NA,NA,NA
"1989-03-29",604.51,FALSE,NA,NA,"<= day","daily",NA,NA,NA
"1989-03-30",600.188,FALSE,NA,NA,"<= day","daily",NA,NA,NA
"1989-03-31",589.365,FALSE,NA,NA,"<= day","daily",NA,NA,NA
"1989-04-01",615.115,FALSE,NA,NA,"<= day","daily",NA,NA,NA
"1989-04-02",742.479,FALSE,NA,NA,"<= day","daily",NA,NA,NA
"1989-04-03",953.469,FALSE,NA,NA,"<= day","daily",NA,NA,NA
"1989-04-04",976.833,FALSE,NA,NA,"<= day","daily",NA,NA,NA
"1989-04-05",912.073,FALSE,NA,NA,"<= day","daily",NA,NA,NA
"1989-04-06",848.344,FALSE,NA,NA,"<= day","daily",NA,NA,NA
"1989-04-07",797.25,FALSE,NA,NA,"<= day","daily",NA,NA,NA
"1989-04-08",779.875,FALSE,NA,NA,"<= day","daily",NA,NA,NA
"1989-04-09",800.625,FALSE,NA,NA,"<= day","daily",NA,NA,NA
"1989-04-10",807.01,FALSE,NA,NA,"<= day","daily",NA,NA,NA
"1989-04-11",791.625,FALSE,NA,NA,"<= day","daily",NA,NA,NA
"1989-04-12",778.823,FALSE,NA,NA,"<= day","daily",NA,NA,NA
"1989-04-13",798.521,FALSE,NA,NA,"<= day","daily",NA,NA,NA
"1989-04-14",840.25,FALSE,NA,NA,"<= day","daily",NA,NA,NA
"1989-04-15",864.75,FALSE,NA,NA,"<= day","daily",NA,NA,NA
"1989-04-16",871.667,FALSE,NA,NA,"<= day","daily",NA,NA,NA
"1989-04-17",916.062,FALSE,NA,NA,"<= day","daily",NA,NA,NA
"1989-04-18",1059.281,FALSE,NA,NA,"<= day","daily",NA,NA,NA
"1989-04-19",1117.719,FALSE,NA,NA,"<= day","daily",NA,NA,NA
"1989-04-20",1115.219,FALSE,NA,NA,"<= day","daily",NA,NA,NA
"1989-04-21",1092.979,FALSE,NA,NA,"<= day","daily",NA,NA,NA
"1989-04-22",1073.156,FALSE,NA,NA,"<= day","daily",NA,NA,NA
"1989-04-23",1064.438,FALSE,NA,NA,"<= day","daily",NA,NA,NA
"1989-04-24",1053.708,FALSE,NA,NA,"<= day","daily",NA,NA,NA
"1989-04-25",1044.25,FALSE,NA,NA,"<= day","daily",NA,NA,NA
"1989-04-26",1030.25,FALSE,NA,NA,"<= day","daily",NA,NA,NA
"1989-04-27",1020.25,FALSE,NA,NA,"<= day","daily",NA,NA,NA
"1989-04-28",1006.365,FALSE,NA,NA,"<= day","daily",NA,NA,NA
"1989-04-29",997.229,FALSE,NA,NA,"<= day","daily",NA,NA,NA
"1989-04-30",982.969,FALSE,NA,NA,"<= day","daily",NA,NA,NA
"1989-05-01",966.406,FALSE,NA,NA,"<= day","daily",NA,NA,NA
"1989-05-02",955.729,FALSE,NA,NA,"<= day","daily",NA,NA,NA
"1989-05-03",942.698,FALSE,NA,NA,"<= day","daily",NA,NA,NA
"1989-05-04",925.26,FALSE,NA,NA,"<= day","daily",NA,NA,NA
"1989-05-05",907.771,FALSE,NA,NA,"<= day","daily",NA,NA,NA
"1989-05-06",898.573,FALSE,NA,NA,"<= day","daily",NA,NA,NA
"1989-05-07",886.677,FALSE,NA,NA,"<= day","daily",NA,NA,NA
"1989-05-08",871.844,FALSE,NA,NA,"<= day","daily",NA,NA,NA
"1989-05-09",866.083,FALSE,NA,NA,"<= day","daily",NA,NA,NA
"1989-05-10",860.938,FALSE,NA,NA,"<= day","daily",NA,NA,NA
"1989-05-11",849.896,FALSE,NA,NA,"<= day","daily",NA,NA,NA
"1989-05-12",845.938,FALSE,NA,NA,"<= day","daily",NA,NA,NA
"1989-05-13",832.094,FALSE,NA,NA,"<= day","daily",NA,NA,NA
"1989-05-14",824.885,FALSE,NA,NA,"<= day","daily",NA,NA,NA
"1989-05-15",805.802,FALSE,NA,NA,"<= day","daily",NA,NA,NA
"1989-05-16",786.969,FALSE,NA,NA,"<= day","daily",NA,NA,NA
"1989-05-17",773.896,FALSE,NA,NA,"<= day","daily",NA,NA,NA
"1989-05-18",770.969,FALSE,NA,NA,"<= day","daily",NA,NA,NA
"1989-05-19",763.073,FALSE,NA,NA,"<= day","daily",NA,NA,NA
"1989-05-20",753.781,FALSE,NA,NA,"<= day","daily",NA,NA,NA
"1989-05-21",747.073,FALSE,NA,NA,"<= day","daily",NA,NA,NA
"1989-05-22",735.896,FALSE,NA,NA,"<= day","daily",NA,NA,NA
"1989-05-23",732.052,FALSE,NA,NA,"<= day","daily",NA,NA,NA
"1989-05-24",719.073,FALSE,NA,NA,"<= day","daily",NA,NA,NA
"1989-05-25",715.271,FALSE,NA,NA,"<= day","daily",NA,NA,NA
"1989-05-26",713.969,FALSE,NA,NA,"<= day","daily",NA,NA,NA
"1989-05-27",706.073,FALSE,NA,NA,"<= day","daily",NA,NA,NA
"1989-05-28",697.24,FALSE,NA,NA,"<= day","daily",NA,NA,NA
"1989-05-29",695.479,FALSE,NA,NA,"<= day","daily",NA,NA,NA
"1989-05-30",698.969,FALSE,NA,NA,"<= day","daily",NA,NA,NA
"1989-05-31",706.312,FALSE,NA,NA,"<= day","daily",NA,NA,NA
"1989-06-01",692.833,FALSE,NA,NA,"<= day","daily",NA,NA,NA
"1989-06-02",679.667,FALSE,NA,NA,"<= day","daily",NA,NA,NA
"1989-06-03",674.323,FALSE,NA,NA,"<= day","daily",NA,NA,NA
"1989-06-04",661.073,FALSE,NA,NA,"<= day","daily",NA,NA,NA
"1989-06-05",655.323,FALSE,NA,NA,"<= day","daily",NA,NA,NA
"1989-06-06",642.302,FALSE,NA,NA,"<= day","daily",NA,NA,NA
"1989-06-07",639.542,FALSE,NA,NA,"<= day","daily",NA,NA,NA
"1989-06-08",634.938,FALSE,NA,NA,"<= day","daily",NA,NA,NA
"1989-06-09",624.24,FALSE,NA,NA,"<= day","daily",NA,NA,NA
"1989-06-10",624.25,FALSE,NA,NA,"<= day","daily",NA,NA,NA
"1989-06-11",622.292,FALSE,NA,NA,"<= day","daily",NA,NA,NA
"1989-06-12",619.302,FALSE,NA,NA,"<= day","daily",NA,NA,NA
"1989-06-13",606.938,FALSE,NA,NA,"<= day","daily",NA,NA,NA
"1989-06-14",602.469,FALSE,NA,NA,"<= day","daily",NA,NA,NA
"1989-06-15",595.688,FALSE,NA,NA,"<= day","daily",NA,NA,NA
"1989-06-16",586.49,FALSE,NA,NA,"<= day","daily",NA,NA,NA
"1989-06-17",585,FALSE,NA,NA,"<= day","daily",NA,NA,NA
"1989-06-18",583.625,FALSE,NA,NA,"<= day","daily",NA,NA,NA
"1989-06-19",573.938,FALSE,NA,NA,"<= day","daily",NA,NA,NA
"1989-06-20",567.469,FALSE,NA,NA,"<= day","daily",NA,NA,NA
"1989-06-21",567.5,FALSE,NA,NA,"<= day","daily",NA,NA,NA
"1989-06-22",586.198,FALSE,NA,NA,"<= day","daily",NA,NA,NA
"1989-06-23",583.385,FALSE,NA,NA,"<= day","daily",NA,NA,NA
"1989-06-24",584.542,FALSE,NA,NA,"<= day","daily",NA,NA,NA
"1989-06-25",558.125,FALSE,NA,NA,"<= day","daily",NA,NA,NA
"1989-06-26",559.135,FALSE,NA,NA,"<= day","daily",NA,NA,NA
"1989-06-27",590.104,FALSE,NA,NA,"<= day","daily",NA,NA,NA
"1989-06-28",570.042,FALSE,NA,NA,"<= day","daily",NA,NA,NA
"1989-06-29",550.708,FALSE,NA,NA,"<= day","daily",NA,NA,NA
"1989-06-30",546.854,FALSE,NA,NA,"<= day","daily",NA,NA,NA
"1989-07-01",539.698,FALSE,NA,NA,"<= day","daily",NA,NA,NA
"1989-07-02",539.333,FALSE,NA,NA,"<= day","daily",NA,NA,NA
"1989-07-03",531.375,FALSE,NA,NA,"<= day","daily",NA,NA,NA
"1989-07-04",528.562,FALSE,NA,NA,"<= day","daily",NA,NA,NA
"1989-07-05",523.302,FALSE,NA,NA,"<= day","daily",NA,NA,NA
"1989-07-06",513.625,FALSE,NA,NA,"<= day","daily",NA,NA,NA
"1989-07-07",519.448,FALSE,NA,NA,"<= day","daily",NA,NA,NA
"1989-07-08",568.885,FALSE,NA,NA,"<= day","daily",NA,NA,NA
"1989-07-09",576.115,FALSE,NA,NA,"<= day","daily",NA,NA,NA
"1989-07-10",547.604,FALSE,NA,NA,"<= day","daily",NA,NA,NA
"1989-07-11",609.021,FALSE,NA,NA,"<= day","daily",NA,NA,NA
"1989-07-12",615,FALSE,NA,NA,"<= day","daily",NA,NA,NA
"1989-07-13",556.865,FALSE,NA,NA,"<= day","daily",NA,NA,NA
"1989-07-14",529.76,FALSE,NA,NA,"<= day","daily",NA,NA,NA
"1989-07-15",514.302,FALSE,NA,NA,"<= day","daily",NA,NA,NA
"1989-07-16",510.51,FALSE,NA,NA,"<= day","daily",NA,NA,NA
"1989-07-17",500.302,FALSE,NA,NA,"<= day","daily",NA,NA,NA
"1989-07-18",495.542,FALSE,NA,NA,"<= day","daily",NA,NA,NA
"1989-07-19",494.771,FALSE,NA,NA,"<= day","daily",NA,NA,NA
"1989-07-20",492.354,FALSE,NA,NA,"<= day","daily",NA,NA,NA
"1989-07-21",486.083,FALSE,NA,NA,"<= day","daily",NA,NA,NA
"1989-07-22",485.344,FALSE,NA,NA,"<= day","daily",NA,NA,NA
"1989-07-23",494.125,FALSE,NA,NA,"<= day","daily",NA,NA,NA
"1989-07-24",541.521,FALSE,NA,NA,"<= day","daily",NA,NA,NA
"1989-07-25",572.292,FALSE,NA,NA,"<= day","daily",NA,NA,NA
"1989-07-26",546.781,FALSE,NA,NA,"<= day","daily",NA,NA,NA
"1989-07-27",544.562,FALSE,NA,NA,"<= day","daily",NA,NA,NA
"1989-07-28",551.104,FALSE,NA,NA,"<= day","daily",NA,NA,NA
"1989-07-29",514.167,FALSE,NA,NA,"<= day","daily",NA,NA,NA
"1989-07-30",498.615,FALSE,NA,NA,"<= day","daily",NA,NA,NA
"1989-07-31",505.333,FALSE,NA,NA,"<= day","daily",NA,NA,NA
"1989-08-01",488.969,FALSE,NA,NA,"<= day","daily",NA,NA,NA
"1989-08-02",477.667,FALSE,NA,NA,"<= day","daily",NA,NA,NA
"1989-08-03",470.552,FALSE,NA,NA,"<= day","daily",NA,NA,NA
"1989-08-04",461.49,FALSE,NA,NA,"<= day","daily",NA,NA,NA
"1989-08-05",460,FALSE,NA,NA,"<= day","daily",NA,NA,NA
"1989-08-06",461.49,FALSE,NA,NA,"<= day","daily",NA,NA,NA
"1989-08-07",470.438,FALSE,NA,NA,"<= day","daily",NA,NA,NA
"1989-08-08",466.031,FALSE,NA,NA,"<= day","daily",NA,NA,NA
"1989-08-09",457.479,FALSE,NA,NA,"<= day","daily",NA,NA,NA
"1989-08-10",445.781,FALSE,NA,NA,"<= day","daily",NA,NA,NA
"1989-08-11",443.135,FALSE,NA,NA,"<= day","daily",NA,NA,NA
"1989-08-12",441.396,FALSE,NA,NA,"<= day","daily",NA,NA,NA
"1989-08-13",430.552,FALSE,NA,NA,"<= day","daily",NA,NA,NA
"1989-08-14",426.406,FALSE,NA,NA,"<= day","daily",NA,NA,NA
"1989-08-15",424.625,FALSE,NA,NA,"<= day","daily",NA,NA,NA
"1989-08-16",418.031,FALSE,NA,NA,"<= day","daily",NA,NA,NA
"1989-08-17",430.896,FALSE,NA,NA,"<= day","daily",NA,NA,NA
"1989-08-18",423.885,FALSE,NA,NA,"<= day","daily",NA,NA,NA
"1989-08-19",411.896,FALSE,NA,NA,"<= day","daily",NA,NA,NA
"1989-08-20",410,FALSE,NA,NA,"<= day","daily",NA,NA,NA
"1989-08-21",410,FALSE,NA,NA,"<= day","daily",NA,NA,NA
"1989-08-22",410,FALSE,NA,NA,"<= day","daily",NA,NA,NA
"1989-08-23",410,FALSE,NA,NA,"<= day","daily",NA,NA,NA
"1989-08-24",410,FALSE,NA,NA,"<= day","daily",NA,NA,NA
"1989-08-25",410,FALSE,NA,NA,"<= day","daily",NA,NA,NA
"1989-08-26",411.375,FALSE,NA,NA,"<= day","daily",NA,NA,NA
"1989-08-27",419,FALSE,NA,NA,"<= day","daily",NA,NA,NA
"1989-08-28",410.823,FALSE,NA,NA,"<= day","daily",NA,NA,NA
"1989-08-29",402.917,FALSE,NA,NA,"<= day","daily",NA,NA,NA
"1989-08-30",395.219,FALSE,NA,NA,"<= day","daily",NA,NA,NA
"1989-08-31",392.74,FALSE,NA,NA,"<= day","daily",NA,NA,NA
"1989-09-01",386.552,FALSE,NA,NA,"<= day","daily",NA,NA,NA
"1989-09-02",396.385,FALSE,NA,NA,"<= day","daily",NA,NA,NA
"1989-09-03",384.229,FALSE,NA,NA,"<= day","daily",NA,NA,NA
"1989-09-04",378.49,FALSE,NA,NA,"<= day","daily",NA,NA,NA
"1989-09-05",371.167,FALSE,NA,NA,"<= day","daily",NA,NA,NA
"1989-09-06",364.083,FALSE,NA,NA,"<= day","daily",NA,NA,NA
"1989-09-07",363,FALSE,NA,NA,"<= day","daily",NA,NA,NA
"1989-09-08",363,FALSE,NA,NA,"<= day","daily",NA,NA,NA
"1989-09-09",363,FALSE,NA,NA,"<= day","daily",NA,NA,NA
"1989-09-10",362.542,FALSE,NA,NA,"<= day","daily",NA,NA,NA
"1989-09-11",358.396,FALSE,NA,NA,"<= day","daily",NA,NA,NA
"1989-09-12",350.469,FALSE,NA,NA,"<= day","daily",NA,NA,NA
"1989-09-13",351.01,FALSE,NA,NA,"<= day","daily",NA,NA,NA
"1989-09-14",357.385,FALSE,NA,NA,"<= day","daily",NA,NA,NA
"1989-09-15",350.49,FALSE,NA,NA,"<= day","daily",NA,NA,NA
"1989-09-16",349,FALSE,NA,NA,"<= day","daily",NA,NA,NA
"1989-09-17",349,FALSE,NA,NA,"<= day","daily",NA,NA,NA
"1989-09-18",348.427,FALSE,NA,NA,"<= day","daily",NA,NA,NA
"1989-09-19",345.25,FALSE,NA,NA,"<= day","daily",NA,NA,NA
"1989-09-20",348.323,FALSE,NA,NA,"<= day","daily",NA,NA,NA
"1989-09-21",349,FALSE,NA,NA,"<= day","daily",NA,NA,NA
"1989-09-22",348.542,FALSE,NA,NA,"<= day","daily",NA,NA,NA
"1989-09-23",344.51,FALSE,NA,NA,"<= day","daily",NA,NA,NA
"1989-09-24",337.906,FALSE,NA,NA,"<= day","daily",NA,NA,NA
"1989-09-25",340.271,FALSE,NA,NA,"<= day","daily",NA,NA,NA
"1989-09-26",335.083,FALSE,NA,NA,"<= day","daily",NA,NA,NA
"1989-09-27",334,FALSE,NA,NA,"<= day","daily",NA,NA,NA
"1989-09-28",334,FALSE,NA,NA,"<= day","daily",NA,NA,NA
"1989-09-29",332.51,FALSE,NA,NA,"<= day","daily",NA,NA,NA
"1989-09-30",323.104,FALSE,NA,NA,"<= day","daily",NA,NA,NA
"1989-10-01",323.021,FALSE,NA,NA,"<= day","daily",NA,NA,NA
"1989-10-02",319.448,FALSE,NA,NA,"<= day","daily",NA,NA,NA
"1989-10-03",317.615,FALSE,NA,NA,"<= day","daily",NA,NA,NA
"1989-10-04",319.594,FALSE,NA,NA,"<= day","daily",NA,NA,NA
"1989-10-05",320,FALSE,NA,NA,"<= day","daily",NA,NA,NA
"1989-10-06",320,FALSE,NA,NA,"<= day","daily",NA,NA,NA
"1989-10-07",320,FALSE,NA,NA,"<= day","daily",NA,NA,NA
"1989-10-08",319.885,FALSE,NA,NA,"<= day","daily",NA,NA,NA
"1989-10-09",319.135,FALSE,NA,NA,"<= day","daily",NA,NA,NA
"1989-10-10",317.51,FALSE,NA,NA,"<= day","daily",NA,NA,NA
"1989-10-11",307.646,FALSE,NA,NA,"<= day","daily",NA,NA,NA
"1989-10-12",305.021,FALSE,NA,NA,"<= day","daily",NA,NA,NA
"1989-10-13",304.135,FALSE,NA,NA,"<= day","daily",NA,NA,NA
"1989-10-14",304,FALSE,NA,NA,"<= day","daily",NA,NA,NA
"1989-10-15",302.74,FALSE,NA,NA,"<= day","daily",NA,NA,NA
"1989-10-16",295.062,FALSE,NA,NA,"<= day","daily",NA,NA,NA
"1989-10-17",296.635,FALSE,NA,NA,"<= day","daily",NA,NA,NA
"1989-10-18",292.812,FALSE,NA,NA,"<= day","daily",NA,NA,NA
"1989-10-19",292,FALSE,NA,NA,"<= day","daily",NA,NA,NA
"1989-10-20",292,FALSE,NA,NA,"<= day","daily",NA,NA,NA
"1989-10-21",292,FALSE,NA,NA,"<= day","daily",NA,NA,NA
"1989-10-22",291.542,FALSE,NA,NA,"<= day","daily",NA,NA,NA
"1989-10-23",289,FALSE,NA,NA,"<= day","daily",NA,NA,NA
"1989-10-24",291.458,FALSE,NA,NA,"<= day","daily",NA,NA,NA
"1989-10-25",292,FALSE,NA,NA,"<= day","daily",NA,NA,NA
"1989-10-26",292,FALSE,NA,NA,"<= day","daily",NA,NA,NA
"1989-10-27",292,FALSE,NA,NA,"<= day","daily",NA,NA,NA
"1989-10-28",294.635,FALSE,NA,NA,"<= day","daily",NA,NA,NA
"1989-10-29",309.479,FALSE,NA,NA,"<= day","daily",NA,NA,NA
"1989-10-30",296.615,FALSE,NA,NA,"<= day","daily",NA,NA,NA
"1989-10-31",291.24,FALSE,NA,NA,"<= day","daily",NA,NA,NA
"1989-11-01",283.646,FALSE,NA,NA,"<= day","daily",NA,NA,NA
"1989-11-02",279.708,FALSE,NA,NA,"<= day","daily",NA,NA,NA
"1989-11-03",288.646,FALSE,NA,NA,"<= day","daily",NA,NA,NA
"1989-11-04",305.635,FALSE,NA,NA,"<= day","daily",NA,NA,NA
"1989-11-05",289.177,FALSE,NA,NA,"<= day","daily",NA,NA,NA
"1989-11-06",282.833,FALSE,NA,NA,"<= day","daily",NA,NA,NA
"1989-11-07",278.677,FALSE,NA,NA,"<= day","daily",NA,NA,NA
"1989-11-08",276.74,FALSE,NA,NA,"<= day","daily",NA,NA,NA
"1989-11-09",268.146,FALSE,NA,NA,"<= day","daily",NA,NA,NA
"1989-11-10",264.406,FALSE,NA,NA,"<= day","daily",NA,NA,NA
"1989-11-11",264,FALSE,NA,NA,"<= day","daily",NA,NA,NA
"1989-11-12",264,FALSE,NA,NA,"<= day","daily",NA,NA,NA
"1989-11-13",262.74,FALSE,NA,NA,"<= day","daily",NA,NA,NA
"1989-11-14",255.75,FALSE,NA,NA,"<= day","daily",NA,NA,NA
"1989-11-15",262.51,FALSE,NA,NA,"<= day","daily",NA,NA,NA
"1989-11-16",264,FALSE,NA,NA,"<= day","daily",NA,NA,NA
"1989-11-17",264,FALSE,NA,NA,"<= day","daily",NA,NA,NA
"1989-11-18",262.396,FALSE,NA,NA,"<= day","daily",NA,NA,NA
"1989-11-19",252.354,FALSE,NA,NA,"<= day","daily",NA,NA,NA
"1989-11-20",253.688,FALSE,NA,NA,"<= day","daily",NA,NA,NA
"1989-11-21",255.042,FALSE,NA,NA,"<= day","daily",NA,NA,NA
"1989-11-22",250.812,FALSE,NA,NA,"<= day","daily",NA,NA,NA
"1989-11-23",250,FALSE,NA,NA,"<= day","daily",NA,NA,NA
"1989-11-24",250.115,FALSE,NA,NA,"<= day","daily",NA,NA,NA
"1989-11-25",250.75,FALSE,NA,NA,"<= day","daily",NA,NA,NA
"1989-11-26",250.135,FALSE,NA,NA,"<= day","daily",NA,NA,NA
"1989-11-27",250,FALSE,NA,NA,"<= day","daily",NA,NA,NA
"1989-11-28",248.625,FALSE,NA,NA,"<= day","daily",NA,NA,NA
"1989-11-29",239.625,FALSE,NA,NA,"<= day","daily",NA,NA,NA
"1989-11-30",238,FALSE,NA,NA,"<= day","daily",NA,NA,NA
"1989-12-01",237.885,FALSE,NA,NA,"<= day","daily",NA,NA,NA
"1989-12-02",237.135,FALSE,NA,NA,"<= day","daily",NA,NA,NA
"1989-12-03",236.427,FALSE,NA,NA,"<= day","daily",NA,NA,NA
"1989-12-04",231.646,FALSE,NA,NA,"<= day","daily",NA,NA,NA
"1989-12-05",224.219,FALSE,NA,NA,"<= day","daily",NA,NA,NA
"1989-12-06",223,FALSE,NA,NA,"<= day","daily",NA,NA,NA
"1989-12-07",223,FALSE,NA,NA,"<= day","daily",NA,NA,NA
"1989-12-08",221.74,FALSE,NA,NA,"<= day","daily",NA,NA,NA
"1989-12-09",213.49,FALSE,NA,NA,"<= day","daily",NA,NA,NA
"1989-12-10",213.26,FALSE,NA,NA,"<= day","daily",NA,NA,NA
"1989-12-11",221.51,FALSE,NA,NA,"<= day","daily",NA,NA,NA
"1989-12-12",223.573,FALSE,NA,NA,"<= day","daily",NA,NA,NA
"1989-12-13",227.667,FALSE,NA,NA,"<= day","daily",NA,NA,NA
"1989-12-14",235.062,FALSE,NA,NA,"<= day","daily",NA,NA,NA
"1989-12-15",272.167,FALSE,NA,NA,"<= day","daily",NA,NA,NA
"1989-12-16",329.979,FALSE,NA,NA,"<= day","daily",NA,NA,NA
"1989-12-17",365.938,FALSE,NA,NA,"<= day","daily",NA,NA,NA
"1989-12-18",382.49,FALSE,NA,NA,"<= day","daily",NA,NA,NA
"1989-12-19",357.094,FALSE,NA,NA,"<= day","daily",NA,NA,NA
"1989-12-20",320.885,FALSE,NA,NA,"<= day","daily",NA,NA,NA
"1989-12-21",289.448,FALSE,NA,NA,"<= day","daily",NA,NA,NA
"1989-12-22",288.552,FALSE,NA,NA,"<= day","daily",NA,NA,NA
"1989-12-23",292.104,FALSE,NA,NA,"<= day","daily",NA,NA,NA
"1989-12-24",302.177,FALSE,NA,NA,"<= day","daily",NA,NA,NA
"1989-12-25",307.333,FALSE,NA,NA,"<= day","daily",NA,NA,NA
"1989-12-26",295.771,FALSE,NA,NA,"<= day","daily",NA,NA,NA
"1989-12-27",284.802,FALSE,NA,NA,"<= day","daily",NA,NA,NA
"1989-12-28",278.24,FALSE,NA,NA,"<= day","daily",NA,NA,NA
"1989-12-29",272.646,FALSE,NA,NA,"<= day","daily",NA,NA,NA
"1989-12-30",265.219,FALSE,NA,NA,"<= day","daily",NA,NA,NA
"1989-12-31",263.083,FALSE,NA,NA,"<= day","daily",NA,NA,NA
"1990-01-01",256.396,FALSE,NA,NA,"<= day","daily",NA,NA,NA
"1990-01-02",250.812,FALSE,NA,NA,"<= day","daily",NA,NA,NA
"1990-01-03",248.51,FALSE,NA,NA,"<= day","daily",NA,NA,NA
"1990-01-04",238.76,FALSE,NA,NA,"<= day","daily",NA,NA,NA
"1990-01-05",237,FALSE,NA,NA,"<= day","daily",NA,NA,NA
"1990-01-06",237,FALSE,NA,NA,"<= day","daily",NA,NA,NA
"1990-01-07",237,FALSE,NA,NA,"<= day","daily",NA,NA,NA
"1990-01-08",237,FALSE,NA,NA,"<= day","daily",NA,NA,NA
"1990-01-09",237,FALSE,NA,NA,"<= day","daily",NA,NA,NA
"1990-01-10",237,FALSE,NA,NA,"<= day","daily",NA,NA,NA
"1990-01-11",237,FALSE,NA,NA,"<= day","daily",NA,NA,NA
"1990-01-12",237,FALSE,NA,NA,"<= day","daily",NA,NA,NA
"1990-01-13",237,FALSE,NA,NA,"<= day","daily",NA,NA,NA
"1990-01-14",237,FALSE,NA,NA,"<= day","daily",NA,NA,NA
"1990-01-15",237,FALSE,NA,NA,"<= day","daily",NA,NA,NA
"1990-01-16",236.885,FALSE,NA,NA,"<= day","daily",NA,NA,NA
"1990-01-17",236.25,FALSE,NA,NA,"<= day","daily",NA,NA,NA
"1990-01-18",235.49,FALSE,NA,NA,"<= day","daily",NA,NA,NA
"1990-01-19",226.396,FALSE,NA,NA,"<= day","daily",NA,NA,NA
"1990-01-20",223.271,FALSE,NA,NA,"<= day","daily",NA,NA,NA
"1990-01-21",223,FALSE,NA,NA,"<= day","daily",NA,NA,NA
"1990-01-22",223,FALSE,NA,NA,"<= day","daily",NA,NA,NA
"1990-01-23",225.635,FALSE,NA,NA,"<= day","daily",NA,NA,NA
"1990-01-24",247.354,FALSE,NA,NA,"<= day","daily",NA,NA,NA
"1990-01-25",290.146,FALSE,NA,NA,"<= day","daily",NA,NA,NA
"1990-01-26",358.865,FALSE,NA,NA,"<= day","daily",NA,NA,NA
"1990-01-27",335.104,FALSE,NA,NA,"<= day","daily",NA,NA,NA
"1990-01-28",297.927,FALSE,NA,NA,"<= day","daily",NA,NA,NA
"1990-01-29",282.302,FALSE,NA,NA,"<= day","daily",NA,NA,NA
"1990-01-30",276.74,FALSE,NA,NA,"<= day","daily",NA,NA,NA
"1990-01-31",270.375,FALSE,NA,NA,"<= day","daily",NA,NA,NA
"1990-02-01",265.792,FALSE,NA,NA,"<= day","daily",NA,NA,NA
"1990-02-02",265.865,FALSE,NA,NA,"<= day","daily",NA,NA,NA
"1990-02-03",265.771,FALSE,NA,NA,"<= day","daily",NA,NA,NA
"1990-02-04",264.271,FALSE,NA,NA,"<= day","daily",NA,NA,NA
"1990-02-05",264,FALSE,NA,NA,"<= day","daily",NA,NA,NA
"1990-02-06",264,FALSE,NA,NA,"<= day","daily",NA,NA,NA
"1990-02-07",264,FALSE,NA,NA,"<= day","daily",NA,NA,NA
"1990-02-08",263.885,FALSE,NA,NA,"<= day","daily",NA,NA,NA
"1990-02-09",261.646,FALSE,NA,NA,"<= day","daily",NA,NA,NA
"1990-02-10",253.594,FALSE,NA,NA,"<= day","daily",NA,NA,NA
"1990-02-11",264.177,FALSE,NA,NA,"<= day","daily",NA,NA,NA
"1990-02-12",271.115,FALSE,NA,NA,"<= day","daily",NA,NA,NA
"1990-02-13",321.938,FALSE,NA,NA,"<= day","daily",NA,NA,NA
"1990-02-14",607.302,FALSE,NA,NA,"<= day","daily",NA,NA,NA
"1990-02-15",1057.76,FALSE,NA,NA,"<= day","daily",NA,NA,NA
"1990-02-16",1230.417,FALSE,NA,NA,"<= day","daily",NA,NA,NA
"1990-02-17",1262.031,FALSE,NA,NA,"<= day","daily",NA,NA,NA
"1990-02-18",1250.99,FALSE,NA,NA,"<= day","daily",NA,NA,NA
"1990-02-19",1206.396,FALSE,NA,NA,"<= day","daily",NA,NA,NA
"1990-02-20",1144.458,FALSE,NA,NA,"<= day","daily",NA,NA,NA
"1990-02-21",1067.938,FALSE,NA,NA,"<= day","daily",NA,NA,NA
"1990-02-22",986.583,FALSE,NA,NA,"<= day","daily",NA,NA,NA
"1990-02-23",917.448,FALSE,NA,NA,"<= day","daily",NA,NA,NA
"1990-02-24",858.26,FALSE,NA,NA,"<= day","daily",NA,NA,NA
"1990-02-25",811.052,FALSE,NA,NA,"<= day","daily",NA,NA,NA
"1990-02-26",801.51,FALSE,NA,NA,"<= day","daily",NA,NA,NA
"1990-02-27",878.469,FALSE,NA,NA,"<= day","daily",NA,NA,NA
"1990-02-28",1054.042,FALSE,NA,NA,"<= day","daily",NA,NA,NA
"1990-03-01",1165.01,FALSE,NA,NA,"<= day","daily",NA,NA,NA
"1990-03-02",1217.958,FALSE,NA,NA,"<= day","daily",NA,NA,NA
"1990-03-03",1225,FALSE,NA,NA,"<= day","daily",NA,NA,NA
"1990-03-04",1224.771,FALSE,NA,NA,"<= day","daily",NA,NA,NA
"1990-03-05",1220.865,FALSE,NA,NA,"<= day","daily",NA,NA,NA
"1990-03-06",1201.865,FALSE,NA,NA,"<= day","daily",NA,NA,NA
"1990-03-07",1176.885,FALSE,NA,NA,"<= day","daily",NA,NA,NA
"1990-03-08",1152.906,FALSE,NA,NA,"<= day","daily",NA,NA,NA
"1990-03-09",1123.979,FALSE,NA,NA,"<= day","daily",NA,NA,NA
"1990-03-10",1085.25,FALSE,NA,NA,"<= day","daily",NA,NA,NA
"1990-03-11",1053.854,FALSE,NA,NA,"<= day","daily",NA,NA,NA
"1990-03-12",1026.271,FALSE,NA,NA,"<= day","daily",NA,NA,NA
"1990-03-13",1003.688,FALSE,NA,NA,"<= day","daily",NA,NA,NA
"1990-03-14",982.729,FALSE,NA,NA,"<= day","daily",NA,NA,NA
"1990-03-15",957.656,FALSE,NA,NA,"<= day","daily",NA,NA,NA
"1990-03-16",933.323,FALSE,NA,NA,"<= day","daily",NA,NA,NA
"1990-03-17",913.802,FALSE,NA,NA,"<= day","daily",NA,NA,NA
"1990-03-18",891.021,FALSE,NA,NA,"<= day","daily",NA,NA,NA
"1990-03-19",865.823,FALSE,NA,NA,"<= day","daily",NA,NA,NA
"1990-03-20",849.938,FALSE,NA,NA,"<= day","daily",NA,NA,NA
"1990-03-21",844.323,FALSE,NA,NA,"<= day","daily",NA,NA,NA
"1990-03-22",829.125,FALSE,NA,NA,"<= day","daily",NA,NA,NA
"1990-03-23",811.198,FALSE,NA,NA,"<= day","daily",NA,NA,NA
"1990-03-24",798.594,FALSE,NA,NA,"<= day","daily",NA,NA,NA
"1990-03-25",788.042,FALSE,NA,NA,"<= day","daily",NA,NA,NA
"1990-03-26",770.625,FALSE,NA,NA,"<= day","daily",NA,NA,NA
"1990-03-27",755.302,FALSE,NA,NA,"<= day","daily",NA,NA,NA
"1990-03-28",753.917,FALSE,NA,NA,"<= day","daily",NA,NA,NA
"1990-03-29",756.823,FALSE,NA,NA,"<= day","daily",NA,NA,NA
"1990-03-30",735.823,FALSE,NA,NA,"<= day","daily",NA,NA,NA
"1990-03-31",719.823,FALSE,NA,NA,"<= day","daily",NA,NA,NA
"1990-04-01",715.406,FALSE,NA,NA,"<= day","daily",NA,NA,NA
"1990-04-02",715,FALSE,NA,NA,"<= day","daily",NA,NA,NA
"1990-04-03",713.167,FALSE,NA,NA,"<= day","daily",NA,NA,NA
"1990-04-04",699.677,FALSE,NA,NA,"<= day","daily",NA,NA,NA
"1990-04-05",686.5,FALSE,NA,NA,"<= day","daily",NA,NA,NA
"1990-04-06",674.656,FALSE,NA,NA,"<= day","daily",NA,NA,NA
"1990-04-07",661.167,FALSE,NA,NA,"<= day","daily",NA,NA,NA
"1990-04-08",658.312,FALSE,NA,NA,"<= day","daily",NA,NA,NA
"1990-04-09",652.781,FALSE,NA,NA,"<= day","daily",NA,NA,NA
"1990-04-10",644.76,FALSE,NA,NA,"<= day","daily",NA,NA,NA
"1990-04-11",638.594,FALSE,NA,NA,"<= day","daily",NA,NA,NA
"1990-04-12",625.073,FALSE,NA,NA,"<= day","daily",NA,NA,NA
"1990-04-13",619.208,FALSE,NA,NA,"<= day","daily",NA,NA,NA
"1990-04-14",605.438,FALSE,NA,NA,"<= day","daily",NA,NA,NA
"1990-04-15",603,FALSE,NA,NA,"<= day","daily",NA,NA,NA
"1990-04-16",600.938,FALSE,NA,NA,"<= day","daily",NA,NA,NA
"1990-04-17",590.646,FALSE,NA,NA,"<= day","daily",NA,NA,NA
"1990-04-18",608.292,FALSE,NA,NA,"<= day","daily",NA,NA,NA
"1990-04-19",603.792,FALSE,NA,NA,"<= day","daily",NA,NA,NA
"1990-04-20",587.594,FALSE,NA,NA,"<= day","daily",NA,NA,NA
"1990-04-21",584.25,FALSE,NA,NA,"<= day","daily",NA,NA,NA
"1990-04-22",589.219,FALSE,NA,NA,"<= day","daily",NA,NA,NA
"1990-04-23",633.552,FALSE,NA,NA,"<= day","daily",NA,NA,NA
"1990-04-24",734.917,FALSE,NA,NA,"<= day","daily",NA,NA,NA
"1990-04-25",705.677,FALSE,NA,NA,"<= day","daily",NA,NA,NA
"1990-04-26",662.781,FALSE,NA,NA,"<= day","daily",NA,NA,NA
"1990-04-27",640.969,FALSE,NA,NA,"<= day","daily",NA,NA,NA
"1990-04-28",627.438,FALSE,NA,NA,"<= day","daily",NA,NA,NA
"1990-04-29",622.427,FALSE,NA,NA,"<= day","daily",NA,NA,NA
"1990-04-30",619.417,FALSE,NA,NA,"<= day","daily",NA,NA,NA
"1990-05-01",607.688,FALSE,NA,NA,"<= day","daily",NA,NA,NA
"1990-05-02",601.917,FALSE,NA,NA,"<= day","daily",NA,NA,NA
"1990-05-03",591.188,FALSE,NA,NA,"<= day","daily",NA,NA,NA
"1990-05-04",585.677,FALSE,NA,NA,"<= day","daily",NA,NA,NA
"1990-05-05",584.656,FALSE,NA,NA,"<= day","daily",NA,NA,NA
"1990-05-06",581.948,FALSE,NA,NA,"<= day","daily",NA,NA,NA
"1990-05-07",577.281,FALSE,NA,NA,"<= day","daily",NA,NA,NA
"1990-05-08",568.49,FALSE,NA,NA,"<= day","daily",NA,NA,NA
"1990-05-09",567,FALSE,NA,NA,"<= day","daily",NA,NA,NA
"1990-05-10",567,FALSE,NA,NA,"<= day","daily",NA,NA,NA
"1990-05-11",567,FALSE,NA,NA,"<= day","daily",NA,NA,NA
"1990-05-12",567,FALSE,NA,NA,"<= day","daily",NA,NA,NA
"1990-05-13",565.052,FALSE,NA,NA,"<= day","daily",NA,NA,NA
"1990-05-14",550.469,FALSE,NA,NA,"<= day","daily",NA,NA,NA
"1990-05-15",535.708,FALSE,NA,NA,"<= day","daily",NA,NA,NA
"1990-05-16",530.083,FALSE,NA,NA,"<= day","daily",NA,NA,NA
"1990-05-17",526.542,FALSE,NA,NA,"<= day","daily",NA,NA,NA
"1990-05-18",524.396,FALSE,NA,NA,"<= day","daily",NA,NA,NA
"1990-05-19",513.896,FALSE,NA,NA,"<= day","daily",NA,NA,NA
"1990-05-20",512,FALSE,NA,NA,"<= day","daily",NA,NA,NA
"1990-05-21",512.115,FALSE,NA,NA,"<= day","daily",NA,NA,NA
"1990-05-22",512.75,FALSE,NA,NA,"<= day","daily",NA,NA,NA
"1990-05-23",513.74,FALSE,NA,NA,"<= day","daily",NA,NA,NA
"1990-05-24",538.771,FALSE,NA,NA,"<= day","daily",NA,NA,NA
"1990-05-25",626.01,FALSE,NA,NA,"<= day","daily",NA,NA,NA
"1990-05-26",570.5,FALSE,NA,NA,"<= day","daily",NA,NA,NA
"1990-05-27",537.083,FALSE,NA,NA,"<= day","daily",NA,NA,NA
"1990-05-28",527.729,FALSE,NA,NA,"<= day","daily",NA,NA,NA
"1990-05-29",514.302,FALSE,NA,NA,"<= day","daily",NA,NA,NA
"1990-05-30",510.167,FALSE,NA,NA,"<= day","daily",NA,NA,NA
"1990-05-31",498.51,FALSE,NA,NA,"<= day","daily",NA,NA,NA
"1990-06-01",500.427,FALSE,NA,NA,"<= day","daily",NA,NA,NA
"1990-06-02",511.917,FALSE,NA,NA,"<= day","daily",NA,NA,NA
"1990-06-03",506.708,FALSE,NA,NA,"<= day","daily",NA,NA,NA
"1990-06-04",495.25,FALSE,NA,NA,"<= day","daily",NA,NA,NA
"1990-06-05",483.938,FALSE,NA,NA,"<= day","daily",NA,NA,NA
"1990-06-06",477.812,FALSE,NA,NA,"<= day","daily",NA,NA,NA
"1990-06-07",479.406,FALSE,NA,NA,"<= day","daily",NA,NA,NA
"1990-06-08",492.865,FALSE,NA,NA,"<= day","daily",NA,NA,NA
"1990-06-09",478.646,FALSE,NA,NA,"<= day","daily",NA,NA,NA
"1990-06-10",462.438,FALSE,NA,NA,"<= day","daily",NA,NA,NA
"1990-06-11",459.885,FALSE,NA,NA,"<= day","daily",NA,NA,NA
"1990-06-12",459.25,FALSE,NA,NA,"<= day","daily",NA,NA,NA
"1990-06-13",459.406,FALSE,NA,NA,"<= day","daily",NA,NA,NA
"1990-06-14",455.052,FALSE,NA,NA,"<= day","daily",NA,NA,NA
"1990-06-15",444.76,FALSE,NA,NA,"<= day","daily",NA,NA,NA
"1990-06-16",443,FALSE,NA,NA,"<= day","daily",NA,NA,NA
"1990-06-17",443,FALSE,NA,NA,"<= day","daily",NA,NA,NA
"1990-06-18",443,FALSE,NA,NA,"<= day","daily",NA,NA,NA
"1990-06-19",443,FALSE,NA,NA,"<= day","daily",NA,NA,NA
"1990-06-20",443,FALSE,NA,NA,"<= day","daily",NA,NA,NA
"1990-06-21",443.115,FALSE,NA,NA,"<= day","daily",NA,NA,NA
"1990-06-22",443.75,FALSE,NA,NA,"<= day","daily",NA,NA,NA
"1990-06-23",442.219,FALSE,NA,NA,"<= day","daily",NA,NA,NA
"1990-06-24",435.167,FALSE,NA,NA,"<= day","daily",NA,NA,NA
"1990-06-25",427.854,FALSE,NA,NA,"<= day","daily",NA,NA,NA
"1990-06-26",423.552,FALSE,NA,NA,"<= day","daily",NA,NA,NA
"1990-06-27",414.438,FALSE,NA,NA,"<= day","daily",NA,NA,NA
"1990-06-28",429.188,FALSE,NA,NA,"<= day","daily",NA,NA,NA
"1990-06-29",437.177,FALSE,NA,NA,"<= day","daily",NA,NA,NA
"1990-06-30",427.781,FALSE,NA,NA,"<= day","daily",NA,NA,NA
"1990-07-01",423.417,FALSE,NA,NA,"<= day","daily",NA,NA,NA
"1990-07-02",411.688,FALSE,NA,NA,"<= day","daily",NA,NA,NA
"1990-07-03",407.521,FALSE,NA,NA,"<= day","daily",NA,NA,NA
"1990-07-04",407.062,FALSE,NA,NA,"<= day","daily",NA,NA,NA
"1990-07-05",404.125,FALSE,NA,NA,"<= day","daily",NA,NA,NA
"1990-07-06",416.74,FALSE,NA,NA,"<= day","daily",NA,NA,NA
"1990-07-07",415.271,FALSE,NA,NA,"<= day","daily",NA,NA,NA
"1990-07-08",416.771,FALSE,NA,NA,"<= day","daily",NA,NA,NA
"1990-07-09",411.552,FALSE,NA,NA,"<= day","daily",NA,NA,NA
"1990-07-10",401.688,FALSE,NA,NA,"<= day","daily",NA,NA,NA
"1990-07-11",394.49,FALSE,NA,NA,"<= day","daily",NA,NA,NA
"1990-07-12",389.281,FALSE,NA,NA,"<= day","daily",NA,NA,NA
"1990-07-13",380.49,FALSE,NA,NA,"<= day","daily",NA,NA,NA
"1990-07-14",379,FALSE,NA,NA,"<= day","daily",NA,NA,NA
"1990-07-15",377.74,FALSE,NA,NA,"<= day","daily",NA,NA,NA
"1990-07-16",369.146,FALSE,NA,NA,"<= day","daily",NA,NA,NA
"1990-07-17",365.177,FALSE,NA,NA,"<= day","daily",NA,NA,NA
"1990-07-18",363.271,FALSE,NA,NA,"<= day","daily",NA,NA,NA
"1990-07-19",363,FALSE,NA,NA,"<= day","daily",NA,NA,NA
"1990-07-20",362.771,FALSE,NA,NA,"<= day","daily",NA,NA,NA
"1990-07-21",360.24,FALSE,NA,NA,"<= day","daily",NA,NA,NA
"1990-07-22",352.875,FALSE,NA,NA,"<= day","daily",NA,NA,NA
"1990-07-23",349.406,FALSE,NA,NA,"<= day","daily",NA,NA,NA
"1990-07-24",349,FALSE,NA,NA,"<= day","daily",NA,NA,NA
"1990-07-25",349,FALSE,NA,NA,"<= day","daily",NA,NA,NA
"1990-07-26",348.427,FALSE,NA,NA,"<= day","daily",NA,NA,NA
"1990-07-27",343.531,FALSE,NA,NA,"<= day","daily",NA,NA,NA
"1990-07-28",335.354,FALSE,NA,NA,"<= day","daily",NA,NA,NA
"1990-07-29",333.885,FALSE,NA,NA,"<= day","daily",NA,NA,NA
"1990-07-30",333.135,FALSE,NA,NA,"<= day","daily",NA,NA,NA
"1990-07-31",333.115,FALSE,NA,NA,"<= day","daily",NA,NA,NA
"1990-08-01",333.062,FALSE,NA,NA,"<= day","daily",NA,NA,NA
"1990-08-02",327.26,FALSE,NA,NA,"<= day","daily",NA,NA,NA
"1990-08-03",321.698,FALSE,NA,NA,"<= day","daily",NA,NA,NA
"1990-08-04",320.135,FALSE,NA,NA,"<= day","daily",NA,NA,NA
"1990-08-05",322.292,FALSE,NA,NA,"<= day","daily",NA,NA,NA
"1990-08-06",336.604,FALSE,NA,NA,"<= day","daily",NA,NA,NA
"1990-08-07",333.323,FALSE,NA,NA,"<= day","daily",NA,NA,NA
"1990-08-08",322.646,FALSE,NA,NA,"<= day","daily",NA,NA,NA
"1990-08-09",318.646,FALSE,NA,NA,"<= day","daily",NA,NA,NA
"1990-08-10",308.531,FALSE,NA,NA,"<= day","daily",NA,NA,NA
"1990-08-11",305.271,FALSE,NA,NA,"<= day","daily",NA,NA,NA
"1990-08-12",306.604,FALSE,NA,NA,"<= day","daily",NA,NA,NA
"1990-08-13",327.531,FALSE,NA,NA,"<= day","daily",NA,NA,NA
"1990-08-14",393.552,FALSE,NA,NA,"<= day","daily",NA,NA,NA
"1990-08-15",374.406,FALSE,NA,NA,"<= day","daily",NA,NA,NA
"1990-08-16",340.167,FALSE,NA,NA,"<= day","daily",NA,NA,NA
"1990-08-17",332.417,FALSE,NA,NA,"<= day","daily",NA,NA,NA
"1990-08-18",319.427,FALSE,NA,NA,"<= day","daily",NA,NA,NA
"1990-08-19",306.896,FALSE,NA,NA,"<= day","daily",NA,NA,NA
"1990-08-20",305,FALSE,NA,NA,"<= day","daily",NA,NA,NA
"1990-08-21",304.198,FALSE,NA,NA,"<= day","daily",NA,NA,NA
"1990-08-22",298.146,FALSE,NA,NA,"<= day","daily",NA,NA,NA
"1990-08-23",291.719,FALSE,NA,NA,"<= day","daily",NA,NA,NA
"1990-08-24",289.615,FALSE,NA,NA,"<= day","daily",NA,NA,NA
"1990-08-25",291.594,FALSE,NA,NA,"<= day","daily",NA,NA,NA
"1990-08-26",292,FALSE,NA,NA,"<= day","daily",NA,NA,NA
"1990-08-27",292,FALSE,NA,NA,"<= day","daily",NA,NA,NA
"1990-08-28",292,FALSE,NA,NA,"<= day","daily",NA,NA,NA
"1990-08-29",292,FALSE,NA,NA,"<= day","daily",NA,NA,NA
"1990-08-30",292.573,FALSE,NA,NA,"<= day","daily",NA,NA,NA
"1990-08-31",295.521,FALSE,NA,NA,"<= day","daily",NA,NA,NA
"1990-09-01",289.573,FALSE,NA,NA,"<= day","daily",NA,NA,NA
"1990-09-02",280.198,FALSE,NA,NA,"<= day","daily",NA,NA,NA
"1990-09-03",282.896,FALSE,NA,NA,"<= day","daily",NA,NA,NA
"1990-09-04",288.01,FALSE,NA,NA,"<= day","daily",NA,NA,NA
"1990-09-05",291.24,FALSE,NA,NA,"<= day","daily",NA,NA,NA
"1990-09-06",279.417,FALSE,NA,NA,"<= day","daily",NA,NA,NA
"1990-09-07",279.125,FALSE,NA,NA,"<= day","daily",NA,NA,NA
"1990-09-08",286.135,FALSE,NA,NA,"<= day","daily",NA,NA,NA
"1990-09-09",277.25,FALSE,NA,NA,"<= day","daily",NA,NA,NA
"1990-09-10",266.51,FALSE,NA,NA,"<= day","daily",NA,NA,NA
"1990-09-11",264.135,FALSE,NA,NA,"<= day","daily",NA,NA,NA
"1990-09-12",264,FALSE,NA,NA,"<= day","daily",NA,NA,NA
"1990-09-13",264,FALSE,NA,NA,"<= day","daily",NA,NA,NA
"1990-09-14",264,FALSE,NA,NA,"<= day","daily",NA,NA,NA
"1990-09-15",263.312,FALSE,NA,NA,"<= day","daily",NA,NA,NA
"1990-09-16",259.271,FALSE,NA,NA,"<= day","daily",NA,NA,NA
"1990-09-17",260.083,FALSE,NA,NA,"<= day","daily",NA,NA,NA
"1990-09-18",251.625,FALSE,NA,NA,"<= day","daily",NA,NA,NA
"1990-09-19",250,FALSE,NA,NA,"<= day","daily",NA,NA,NA
"1990-09-20",250.229,FALSE,NA,NA,"<= day","daily",NA,NA,NA
"1990-09-21",253.448,FALSE,NA,NA,"<= day","daily",NA,NA,NA
"1990-09-22",271.385,FALSE,NA,NA,"<= day","daily",NA,NA,NA
"1990-09-23",311.521,FALSE,NA,NA,"<= day","daily",NA,NA,NA
"1990-09-24",290.854,FALSE,NA,NA,"<= day","daily",NA,NA,NA
"1990-09-25",267.562,FALSE,NA,NA,"<= day","daily",NA,NA,NA
"1990-09-26",258.781,FALSE,NA,NA,"<= day","daily",NA,NA,NA
"1990-09-27",249.844,FALSE,NA,NA,"<= day","daily",NA,NA,NA
"1990-09-28",240.771,FALSE,NA,NA,"<= day","daily",NA,NA,NA
"1990-09-29",246.531,FALSE,NA,NA,"<= day","daily",NA,NA,NA
"1990-09-30",256.76,FALSE,NA,NA,"<= day","daily",NA,NA,NA
"1990-10-01",325.583,FALSE,NA,NA,"<= day","daily",NA,NA,NA
"1990-10-02",363.812,FALSE,NA,NA,"<= day","daily",NA,NA,NA
"1990-10-03",293.875,FALSE,NA,NA,"<= day","daily",NA,NA,NA
"1990-10-04",295.219,FALSE,NA,NA,"<= day","daily",NA,NA,NA
"1990-10-05",289.854,FALSE,NA,NA,"<= day","daily",NA,NA,NA
"1990-10-06",268.542,FALSE,NA,NA,"<= day","daily",NA,NA,NA
"1990-10-07",265.052,FALSE,NA,NA,"<= day","daily",NA,NA,NA
"1990-10-08",269.427,FALSE,NA,NA,"<= day","daily",NA,NA,NA
"1990-10-09",259.729,FALSE,NA,NA,"<= day","daily",NA,NA,NA
"1990-10-10",250.417,FALSE,NA,NA,"<= day","daily",NA,NA,NA
"1990-10-11",244.75,FALSE,NA,NA,"<= day","daily",NA,NA,NA
"1990-10-12",249.052,FALSE,NA,NA,"<= day","daily",NA,NA,NA
"1990-10-13",249.885,FALSE,NA,NA,"<= day","daily",NA,NA,NA
"1990-10-14",247.76,FALSE,NA,NA,"<= day","daily",NA,NA,NA
"1990-10-15",238.625,FALSE,NA,NA,"<= day","daily",NA,NA,NA
"1990-10-16",238.948,FALSE,NA,NA,"<= day","daily",NA,NA,NA
"1990-10-17",252.844,FALSE,NA,NA,"<= day","daily",NA,NA,NA
"1990-10-18",262.646,FALSE,NA,NA,"<= day","daily",NA,NA,NA
"1990-10-19",264,FALSE,NA,NA,"<= day","daily",NA,NA,NA
"1990-10-20",264,FALSE,NA,NA,"<= day","daily",NA,NA,NA
"1990-10-21",264,FALSE,NA,NA,"<= day","daily",NA,NA,NA
"1990-10-22",264,FALSE,NA,NA,"<= day","daily",NA,NA,NA
"1990-10-23",264,FALSE,NA,NA,"<= day","daily",NA,NA,NA
"1990-10-24",264,FALSE,NA,NA,"<= day","daily",NA,NA,NA
"1990-10-25",264,FALSE,NA,NA,"<= day","daily",NA,NA,NA
"1990-10-26",264,FALSE,NA,NA,"<= day","daily",NA,NA,NA
"1990-10-27",264,FALSE,NA,NA,"<= day","daily",NA,NA,NA
"1990-10-28",269.844,FALSE,NA,NA,"<= day","daily",NA,NA,NA
"1990-10-29",313.938,FALSE,NA,NA,"<= day","daily",NA,NA,NA
"1990-10-30",353.021,FALSE,NA,NA,"<= day","daily",NA,NA,NA
"1990-10-31",317.771,FALSE,NA,NA,"<= day","daily",NA,NA,NA
"1990-11-01",294.844,FALSE,NA,NA,"<= day","daily",NA,NA,NA
"1990-11-02",292,FALSE,NA,NA,"<= day","daily",NA,NA,NA
"1990-11-03",292,FALSE,NA,NA,"<= day","daily",NA,NA,NA
"1990-11-04",291.885,FALSE,NA,NA,"<= day","daily",NA,NA,NA
"1990-11-05",289.76,FALSE,NA,NA,"<= day","daily",NA,NA,NA
"1990-11-06",280.51,FALSE,NA,NA,"<= day","daily",NA,NA,NA
"1990-11-07",278.135,FALSE,NA,NA,"<= day","daily",NA,NA,NA
"1990-11-08",277.885,FALSE,NA,NA,"<= day","daily",NA,NA,NA
"1990-11-09",277.25,FALSE,NA,NA,"<= day","daily",NA,NA,NA
"1990-11-10",277.75,FALSE,NA,NA,"<= day","daily",NA,NA,NA
"1990-11-11",277.25,FALSE,NA,NA,"<= day","daily",NA,NA,NA
"1990-11-12",277.865,FALSE,NA,NA,"<= day","daily",NA,NA,NA
"1990-11-13",278,FALSE,NA,NA,"<= day","daily",NA,NA,NA
"1990-11-14",280.292,FALSE,NA,NA,"<= day","daily",NA,NA,NA
"1990-11-15",296.438,FALSE,NA,NA,"<= day","daily",NA,NA,NA
"1990-11-16",304.812,FALSE,NA,NA,"<= day","daily",NA,NA,NA
"1990-11-17",294.167,FALSE,NA,NA,"<= day","daily",NA,NA,NA
"1990-11-18",294.979,FALSE,NA,NA,"<= day","daily",NA,NA,NA
"1990-11-19",320.896,FALSE,NA,NA,"<= day","daily",NA,NA,NA
"1990-11-20",371.229,FALSE,NA,NA,"<= day","daily",NA,NA,NA
"1990-11-21",411.688,FALSE,NA,NA,"<= day","daily",NA,NA,NA
"1990-11-22",449.75,FALSE,NA,NA,"<= day","daily",NA,NA,NA
"1990-11-23",611.365,FALSE,NA,NA,"<= day","daily",NA,NA,NA
"1990-11-24",669.615,FALSE,NA,NA,"<= day","daily",NA,NA,NA
"1990-11-25",573.031,FALSE,NA,NA,"<= day","daily",NA,NA,NA
"1990-11-26",513.354,FALSE,NA,NA,"<= day","daily",NA,NA,NA
"1990-11-27",481.135,FALSE,NA,NA,"<= day","daily",NA,NA,NA
"1990-11-28",461.49,FALSE,NA,NA,"<= day","daily",NA,NA,NA
"1990-11-29",446.188,FALSE,NA,NA,"<= day","daily",NA,NA,NA
"1990-11-30",443.021,FALSE,NA,NA,"<= day","daily",NA,NA,NA
"1990-12-01",440.302,FALSE,NA,NA,"<= day","daily",NA,NA,NA
"1990-12-02",428.167,FALSE,NA,NA,"<= day","daily",NA,NA,NA
"1990-12-03",426.344,FALSE,NA,NA,"<= day","daily",NA,NA,NA
"1990-12-04",430.083,FALSE,NA,NA,"<= day","daily",NA,NA,NA
"1990-12-05",438.635,FALSE,NA,NA,"<= day","daily",NA,NA,NA
"1990-12-06",429.667,FALSE,NA,NA,"<= day","daily",NA,NA,NA
"1990-12-07",427.073,FALSE,NA,NA,"<= day","daily",NA,NA,NA
"1990-12-08",433.198,FALSE,NA,NA,"<= day","daily",NA,NA,NA
"1990-12-09",441.646,FALSE,NA,NA,"<= day","daily",NA,NA,NA
"1990-12-10",441.969,FALSE,NA,NA,"<= day","daily",NA,NA,NA
"1990-12-11",433.271,FALSE,NA,NA,"<= day","daily",NA,NA,NA
"1990-12-12",418.615,FALSE,NA,NA,"<= day","daily",NA,NA,NA
"1990-12-13",411.812,FALSE,NA,NA,"<= day","daily",NA,NA,NA
"1990-12-14",410.885,FALSE,NA,NA,"<= day","daily",NA,NA,NA
"1990-12-15",410.135,FALSE,NA,NA,"<= day","daily",NA,NA,NA
"1990-12-16",408.396,FALSE,NA,NA,"<= day","daily",NA,NA,NA
"1990-12-17",397.667,FALSE,NA,NA,"<= day","daily",NA,NA,NA
"1990-12-18",395.073,FALSE,NA,NA,"<= day","daily",NA,NA,NA
"1990-12-19",399.25,FALSE,NA,NA,"<= day","daily",NA,NA,NA
"1990-12-20",394.948,FALSE,NA,NA,"<= day","daily",NA,NA,NA
"1990-12-21",394,FALSE,NA,NA,"<= day","daily",NA,NA,NA
"1990-12-22",394.917,FALSE,NA,NA,"<= day","daily",NA,NA,NA
"1990-12-23",403.323,FALSE,NA,NA,"<= day","daily",NA,NA,NA
"1990-12-24",420.844,FALSE,NA,NA,"<= day","daily",NA,NA,NA
"1990-12-25",427.844,FALSE,NA,NA,"<= day","daily",NA,NA,NA
"1990-12-26",432.823,FALSE,NA,NA,"<= day","daily",NA,NA,NA
"1990-12-27",492.521,FALSE,NA,NA,"<= day","daily",NA,NA,NA
"1990-12-28",609.552,FALSE,NA,NA,"<= day","daily",NA,NA,NA
"1990-12-29",574.906,FALSE,NA,NA,"<= day","daily",NA,NA,NA
"1990-12-30",607.094,FALSE,NA,NA,"<= day","daily",NA,NA,NA
"1990-12-31",765.365,FALSE,NA,NA,"<= day","daily",NA,NA,NA
"1991-01-01",861.865,FALSE,NA,NA,"<= day","daily",NA,NA,NA
"1991-01-02",853.635,FALSE,NA,NA,"<= day","daily",NA,NA,NA
"1991-01-03",829.844,FALSE,NA,NA,"<= day","daily",NA,NA,NA
"1991-01-04",806.948,FALSE,NA,NA,"<= day","daily",NA,NA,NA
"1991-01-05",776.771,FALSE,NA,NA,"<= day","daily",NA,NA,NA
"1991-01-06",763.146,FALSE,NA,NA,"<= day","daily",NA,NA,NA
"1991-01-07",795.833,FALSE,NA,NA,"<= day","daily",NA,NA,NA
"1991-01-08",901.458,FALSE,NA,NA,"<= day","daily",NA,NA,NA
"1991-01-09",926.438,FALSE,NA,NA,"<= day","daily",NA,NA,NA
"1991-01-10",901.698,FALSE,NA,NA,"<= day","daily",NA,NA,NA
"1991-01-11",876.792,FALSE,NA,NA,"<= day","daily",NA,NA,NA
"1991-01-12",851.927,FALSE,NA,NA,"<= day","daily",NA,NA,NA
"1991-01-13",846.281,FALSE,NA,NA,"<= day","daily",NA,NA,NA
"1991-01-14",832.396,FALSE,NA,NA,"<= day","daily",NA,NA,NA
"1991-01-15",811.396,FALSE,NA,NA,"<= day","daily",NA,NA,NA
"1991-01-16",795.198,FALSE,NA,NA,"<= day","daily",NA,NA,NA
"1991-01-17",780.365,FALSE,NA,NA,"<= day","daily",NA,NA,NA
"1991-01-18",770.771,FALSE,NA,NA,"<= day","daily",NA,NA,NA
"1991-01-19",754.885,FALSE,NA,NA,"<= day","daily",NA,NA,NA
"1991-01-20",746.323,FALSE,NA,NA,"<= day","daily",NA,NA,NA
"1991-01-21",735.76,FALSE,NA,NA,"<= day","daily",NA,NA,NA
"1991-01-22",732.281,FALSE,NA,NA,"<= day","daily",NA,NA,NA
"1991-01-23",720.458,FALSE,NA,NA,"<= day","daily",NA,NA,NA
"1991-01-24",712.729,FALSE,NA,NA,"<= day","daily",NA,NA,NA
"1991-01-25",699.188,FALSE,NA,NA,"<= day","daily",NA,NA,NA
"1991-01-26",694.188,FALSE,NA,NA,"<= day","daily",NA,NA,NA
"1991-01-27",679.469,FALSE,NA,NA,"<= day","daily",NA,NA,NA
"1991-01-28",664.708,FALSE,NA,NA,"<= day","daily",NA,NA,NA
"1991-01-29",659.542,FALSE,NA,NA,"<= day","daily",NA,NA,NA
"1991-01-30",657.396,FALSE,NA,NA,"<= day","daily",NA,NA,NA
"1991-01-31",646.323,FALSE,NA,NA,"<= day","daily",NA,NA,NA
"1991-02-01",638.615,FALSE,NA,NA,"<= day","daily",NA,NA,NA
"1991-02-02",623.521,FALSE,NA,NA,"<= day","daily",NA,NA,NA
"1991-02-03",613.938,FALSE,NA,NA,"<= day","daily",NA,NA,NA
"1991-02-04",604.208,FALSE,NA,NA,"<= day","daily",NA,NA,NA
"1991-02-05",595.698,FALSE,NA,NA,"<= day","daily",NA,NA,NA
"1991-02-06",595.219,FALSE,NA,NA,"<= day","daily",NA,NA,NA
"1991-02-07",586.625,FALSE,NA,NA,"<= day","daily",NA,NA,NA
"1991-02-08",585,FALSE,NA,NA,"<= day","daily",NA,NA,NA
"1991-02-09",585,FALSE,NA,NA,"<= day","daily",NA,NA,NA
"1991-02-10",583.167,FALSE,NA,NA,"<= day","daily",NA,NA,NA
"1991-02-11",570.708,FALSE,NA,NA,"<= day","daily",NA,NA,NA
"1991-02-12",563.594,FALSE,NA,NA,"<= day","daily",NA,NA,NA
"1991-02-13",550.302,FALSE,NA,NA,"<= day","daily",NA,NA,NA
"1991-02-14",547.885,FALSE,NA,NA,"<= day","daily",NA,NA,NA
"1991-02-15",546.333,FALSE,NA,NA,"<= day","daily",NA,NA,NA
"1991-02-16",541.406,FALSE,NA,NA,"<= day","daily",NA,NA,NA
"1991-02-17",541.854,FALSE,NA,NA,"<= day","daily",NA,NA,NA
"1991-02-18",531.323,FALSE,NA,NA,"<= day","daily",NA,NA,NA
"1991-02-19",524.76,FALSE,NA,NA,"<= day","daily",NA,NA,NA
"1991-02-20",518.885,FALSE,NA,NA,"<= day","daily",NA,NA,NA
"1991-02-21",523.74,FALSE,NA,NA,"<= day","daily",NA,NA,NA
"1991-02-22",529.188,FALSE,NA,NA,"<= day","daily",NA,NA,NA
"1991-02-23",530.458,FALSE,NA,NA,"<= day","daily",NA,NA,NA
"1991-02-24",533.802,FALSE,NA,NA,"<= day","daily",NA,NA,NA
"1991-02-25",536.594,FALSE,NA,NA,"<= day","daily",NA,NA,NA
"1991-02-26",536.198,FALSE,NA,NA,"<= day","daily",NA,NA,NA
"1991-02-27",531.75,FALSE,NA,NA,"<= day","daily",NA,NA,NA
"1991-02-28",538.802,FALSE,NA,NA,"<= day","daily",NA,NA,NA
"1991-03-01",554.542,FALSE,NA,NA,"<= day","daily",NA,NA,NA
"1991-03-02",536.448,FALSE,NA,NA,"<= day","daily",NA,NA,NA
"1991-03-03",530.406,FALSE,NA,NA,"<= day","daily",NA,NA,NA
"1991-03-04",530,FALSE,NA,NA,"<= day","daily",NA,NA,NA
"1991-03-05",530,FALSE,NA,NA,"<= day","daily",NA,NA,NA
"1991-03-06",531.375,FALSE,NA,NA,"<= day","daily",NA,NA,NA
"1991-03-07",539.115,FALSE,NA,NA,"<= day","daily",NA,NA,NA
"1991-03-08",532.375,FALSE,NA,NA,"<= day","daily",NA,NA,NA
"1991-03-09",530.135,FALSE,NA,NA,"<= day","daily",NA,NA,NA
"1991-03-10",529.198,FALSE,NA,NA,"<= day","daily",NA,NA,NA
"1991-03-11",522.688,FALSE,NA,NA,"<= day","daily",NA,NA,NA
"1991-03-12",513.49,FALSE,NA,NA,"<= day","daily",NA,NA,NA
"1991-03-13",512,FALSE,NA,NA,"<= day","daily",NA,NA,NA
"1991-03-14",512,FALSE,NA,NA,"<= day","daily",NA,NA,NA
"1991-03-15",512,FALSE,NA,NA,"<= day","daily",NA,NA,NA
"1991-03-16",512,FALSE,NA,NA,"<= day","daily",NA,NA,NA
"1991-03-17",511.771,FALSE,NA,NA,"<= day","daily",NA,NA,NA
"1991-03-18",508.667,FALSE,NA,NA,"<= day","daily",NA,NA,NA
"1991-03-19",497.781,FALSE,NA,NA,"<= day","daily",NA,NA,NA
"1991-03-20",495.135,FALSE,NA,NA,"<= day","daily",NA,NA,NA
"1991-03-21",499.24,FALSE,NA,NA,"<= day","daily",NA,NA,NA
"1991-03-22",532.375,FALSE,NA,NA,"<= day","daily",NA,NA,NA
"1991-03-23",569.083,FALSE,NA,NA,"<= day","daily",NA,NA,NA
"1991-03-24",550.594,FALSE,NA,NA,"<= day","daily",NA,NA,NA
"1991-03-25",535.438,FALSE,NA,NA,"<= day","daily",NA,NA,NA
"1991-03-26",528.479,FALSE,NA,NA,"<= day","daily",NA,NA,NA
"1991-03-27",514.438,FALSE,NA,NA,"<= day","daily",NA,NA,NA
"1991-03-28",511.542,FALSE,NA,NA,"<= day","daily",NA,NA,NA
"1991-03-29",507.052,FALSE,NA,NA,"<= day","daily",NA,NA,NA
"1991-03-30",496.76,FALSE,NA,NA,"<= day","daily",NA,NA,NA
"1991-03-31",495.115,FALSE,NA,NA,"<= day","daily",NA,NA,NA
"1991-04-01",495.75,FALSE,NA,NA,"<= day","daily",NA,NA,NA
"1991-04-02",495.135,FALSE,NA,NA,"<= day","daily",NA,NA,NA
"1991-04-03",495,FALSE,NA,NA,"<= day","daily",NA,NA,NA
"1991-04-04",495,FALSE,NA,NA,"<= day","daily",NA,NA,NA
"1991-04-05",494.427,FALSE,NA,NA,"<= day","daily",NA,NA,NA
"1991-04-06",489.188,FALSE,NA,NA,"<= day","daily",NA,NA,NA
"1991-04-07",478.76,FALSE,NA,NA,"<= day","daily",NA,NA,NA
"1991-04-08",476.885,FALSE,NA,NA,"<= day","daily",NA,NA,NA
"1991-04-09",476.25,FALSE,NA,NA,"<= day","daily",NA,NA,NA
"1991-04-10",476.635,FALSE,NA,NA,"<= day","daily",NA,NA,NA
"1991-04-11",475.5,FALSE,NA,NA,"<= day","daily",NA,NA,NA
"1991-04-12",476.729,FALSE,NA,NA,"<= day","daily",NA,NA,NA
"1991-04-13",477,FALSE,NA,NA,"<= day","daily",NA,NA,NA
"1991-04-14",475.281,FALSE,NA,NA,"<= day","daily",NA,NA,NA
"1991-04-15",463.802,FALSE,NA,NA,"<= day","daily",NA,NA,NA
"1991-04-16",460.271,FALSE,NA,NA,"<= day","daily",NA,NA,NA
"1991-04-17",460,FALSE,NA,NA,"<= day","daily",NA,NA,NA
"1991-04-18",460,FALSE,NA,NA,"<= day","daily",NA,NA,NA
"1991-04-19",460,FALSE,NA,NA,"<= day","daily",NA,NA,NA
"1991-04-20",460,FALSE,NA,NA,"<= day","daily",NA,NA,NA
"1991-04-21",458.052,FALSE,NA,NA,"<= day","daily",NA,NA,NA
"1991-04-22",445.302,FALSE,NA,NA,"<= day","daily",NA,NA,NA
"1991-04-23",443.458,FALSE,NA,NA,"<= day","daily",NA,NA,NA
"1991-04-24",448.406,FALSE,NA,NA,"<= day","daily",NA,NA,NA
"1991-04-25",459.406,FALSE,NA,NA,"<= day","daily",NA,NA,NA
"1991-04-26",446.594,FALSE,NA,NA,"<= day","daily",NA,NA,NA
"1991-04-27",443.135,FALSE,NA,NA,"<= day","daily",NA,NA,NA
"1991-04-28",443,FALSE,NA,NA,"<= day","daily",NA,NA,NA
"1991-04-29",442.427,FALSE,NA,NA,"<= day","daily",NA,NA,NA
"1991-04-30",442.917,FALSE,NA,NA,"<= day","daily",NA,NA,NA
"1991-05-01",469.188,FALSE,NA,NA,"<= day","daily",NA,NA,NA
"1991-05-02",466.083,FALSE,NA,NA,"<= day","daily",NA,NA,NA
"1991-05-03",445.469,FALSE,NA,NA,"<= day","daily",NA,NA,NA
"1991-05-04",435.854,FALSE,NA,NA,"<= day","daily",NA,NA,NA
"1991-05-05",432.583,FALSE,NA,NA,"<= day","daily",NA,NA,NA
"1991-05-06",427.698,FALSE,NA,NA,"<= day","daily",NA,NA,NA
"1991-05-07",425.448,FALSE,NA,NA,"<= day","daily",NA,NA,NA
"1991-05-08",420.698,FALSE,NA,NA,"<= day","daily",NA,NA,NA
"1991-05-09",418.448,FALSE,NA,NA,"<= day","daily",NA,NA,NA
"1991-05-10",419.885,FALSE,NA,NA,"<= day","daily",NA,NA,NA
"1991-05-11",458.25,FALSE,NA,NA,"<= day","daily",NA,NA,NA
"1991-05-12",459.615,FALSE,NA,NA,"<= day","daily",NA,NA,NA
"1991-05-13",443.604,FALSE,NA,NA,"<= day","daily",NA,NA,NA
"1991-05-14",429.74,FALSE,NA,NA,"<= day","daily",NA,NA,NA
"1991-05-15",432.812,FALSE,NA,NA,"<= day","daily",NA,NA,NA
"1991-05-16",443.125,FALSE,NA,NA,"<= day","daily",NA,NA,NA
"1991-05-17",443.906,FALSE,NA,NA,"<= day","daily",NA,NA,NA
"1991-05-18",440.438,FALSE,NA,NA,"<= day","daily",NA,NA,NA
"1991-05-19",428.167,FALSE,NA,NA,"<= day","daily",NA,NA,NA
"1991-05-20",426,FALSE,NA,NA,"<= day","daily",NA,NA,NA
"1991-05-21",426,FALSE,NA,NA,"<= day","daily",NA,NA,NA
"1991-05-22",426,FALSE,NA,NA,"<= day","daily",NA,NA,NA
"1991-05-23",424.625,FALSE,NA,NA,"<= day","daily",NA,NA,NA
"1991-05-24",416.198,FALSE,NA,NA,"<= day","daily",NA,NA,NA
"1991-05-25",419.125,FALSE,NA,NA,"<= day","daily",NA,NA,NA
"1991-05-26",424.594,FALSE,NA,NA,"<= day","daily",NA,NA,NA
"1991-05-27",421.167,FALSE,NA,NA,"<= day","daily",NA,NA,NA
"1991-05-28",411.625,FALSE,NA,NA,"<= day","daily",NA,NA,NA
"1991-05-29",410,FALSE,NA,NA,"<= day","daily",NA,NA,NA
"1991-05-30",410,FALSE,NA,NA,"<= day","daily",NA,NA,NA
"1991-05-31",409.198,FALSE,NA,NA,"<= day","daily",NA,NA,NA
"1991-06-01",402.917,FALSE,NA,NA,"<= day","daily",NA,NA,NA
"1991-06-02",395.219,FALSE,NA,NA,"<= day","daily",NA,NA,NA
"1991-06-03",394,FALSE,NA,NA,"<= day","daily",NA,NA,NA
"1991-06-04",394,FALSE,NA,NA,"<= day","daily",NA,NA,NA
"1991-06-05",394,FALSE,NA,NA,"<= day","daily",NA,NA,NA
"1991-06-06",394,FALSE,NA,NA,"<= day","daily",NA,NA,NA
"1991-06-07",394,FALSE,NA,NA,"<= day","daily",NA,NA,NA
"1991-06-08",393.542,FALSE,NA,NA,"<= day","daily",NA,NA,NA
"1991-06-09",391,FALSE,NA,NA,"<= day","daily",NA,NA,NA
"1991-06-10",392.198,FALSE,NA,NA,"<= day","daily",NA,NA,NA
"1991-06-11",384.031,FALSE,NA,NA,"<= day","daily",NA,NA,NA
"1991-06-12",379.542,FALSE,NA,NA,"<= day","daily",NA,NA,NA
"1991-06-13",379,FALSE,NA,NA,"<= day","daily",NA,NA,NA
"1991-06-14",378.198,FALSE,NA,NA,"<= day","daily",NA,NA,NA
"1991-06-15",373.75,FALSE,NA,NA,"<= day","daily",NA,NA,NA
"1991-06-16",379.771,FALSE,NA,NA,"<= day","daily",NA,NA,NA
"1991-06-17",391.854,FALSE,NA,NA,"<= day","daily",NA,NA,NA
"1991-06-18",390.156,FALSE,NA,NA,"<= day","daily",NA,NA,NA
"1991-06-19",370.635,FALSE,NA,NA,"<= day","daily",NA,NA,NA
"1991-06-20",371.073,FALSE,NA,NA,"<= day","daily",NA,NA,NA
"1991-06-21",390.604,FALSE,NA,NA,"<= day","daily",NA,NA,NA
"1991-06-22",388.594,FALSE,NA,NA,"<= day","daily",NA,NA,NA
"1991-06-23",410.688,FALSE,NA,NA,"<= day","daily",NA,NA,NA
"1991-06-24",371.875,FALSE,NA,NA,"<= day","daily",NA,NA,NA
"1991-06-25",362.677,FALSE,NA,NA,"<= day","daily",NA,NA,NA
"1991-06-26",359.198,FALSE,NA,NA,"<= day","daily",NA,NA,NA
"1991-06-27",359.5,FALSE,NA,NA,"<= day","daily",NA,NA,NA
"1991-06-28",378.312,FALSE,NA,NA,"<= day","daily",NA,NA,NA
"1991-06-29",372.583,FALSE,NA,NA,"<= day","daily",NA,NA,NA
"1991-06-30",354.802,FALSE,NA,NA,"<= day","daily",NA,NA,NA
"1991-07-01",355.271,FALSE,NA,NA,"<= day","daily",NA,NA,NA
"1991-07-02",349.854,FALSE,NA,NA,"<= day","daily",NA,NA,NA
"1991-07-03",347.271,FALSE,NA,NA,"<= day","daily",NA,NA,NA
"1991-07-04",345.51,FALSE,NA,NA,"<= day","daily",NA,NA,NA
"1991-07-05",335.76,FALSE,NA,NA,"<= day","daily",NA,NA,NA
"1991-07-06",334,FALSE,NA,NA,"<= day","daily",NA,NA,NA
"1991-07-07",334,FALSE,NA,NA,"<= day","daily",NA,NA,NA
"1991-07-08",334,FALSE,NA,NA,"<= day","daily",NA,NA,NA
"1991-07-09",334,FALSE,NA,NA,"<= day","daily",NA,NA,NA
"1991-07-10",334,FALSE,NA,NA,"<= day","daily",NA,NA,NA
"1991-07-11",334,FALSE,NA,NA,"<= day","daily",NA,NA,NA
"1991-07-12",336.521,FALSE,NA,NA,"<= day","daily",NA,NA,NA
"1991-07-13",352.906,FALSE,NA,NA,"<= day","daily",NA,NA,NA
"1991-07-14",354.104,FALSE,NA,NA,"<= day","daily",NA,NA,NA
"1991-07-15",346.073,FALSE,NA,NA,"<= day","daily",NA,NA,NA
"1991-07-16",337.125,FALSE,NA,NA,"<= day","daily",NA,NA,NA
"1991-07-17",334.271,FALSE,NA,NA,"<= day","daily",NA,NA,NA
"1991-07-18",333.885,FALSE,NA,NA,"<= day","daily",NA,NA,NA
"1991-07-19",331.99,FALSE,NA,NA,"<= day","daily",NA,NA,NA
"1991-07-20",324.698,FALSE,NA,NA,"<= day","daily",NA,NA,NA
"1991-07-21",325.365,FALSE,NA,NA,"<= day","daily",NA,NA,NA
"1991-07-22",323.812,FALSE,NA,NA,"<= day","daily",NA,NA,NA
"1991-07-23",321.115,FALSE,NA,NA,"<= day","daily",NA,NA,NA
"1991-07-24",324.552,FALSE,NA,NA,"<= day","daily",NA,NA,NA
"1991-07-25",326.042,FALSE,NA,NA,"<= day","daily",NA,NA,NA
"1991-07-26",320.781,FALSE,NA,NA,"<= day","daily",NA,NA,NA
"1991-07-27",312.417,FALSE,NA,NA,"<= day","daily",NA,NA,NA
"1991-07-28",305.948,FALSE,NA,NA,"<= day","daily",NA,NA,NA
"1991-07-29",305,FALSE,NA,NA,"<= day","daily",NA,NA,NA
"1991-07-30",306.833,FALSE,NA,NA,"<= day","daily",NA,NA,NA
"1991-07-31",318.146,FALSE,NA,NA,"<= day","daily",NA,NA,NA
"1991-08-01",314.667,FALSE,NA,NA,"<= day","daily",NA,NA,NA
"1991-08-02",306.01,FALSE,NA,NA,"<= day","daily",NA,NA,NA
"1991-08-03",302.635,FALSE,NA,NA,"<= day","daily",NA,NA,NA
"1991-08-04",302.927,FALSE,NA,NA,"<= day","daily",NA,NA,NA
"1991-08-05",297.375,FALSE,NA,NA,"<= day","daily",NA,NA,NA
"1991-08-06",292.677,FALSE,NA,NA,"<= day","daily",NA,NA,NA
"1991-08-07",292,FALSE,NA,NA,"<= day","daily",NA,NA,NA
"1991-08-08",292,FALSE,NA,NA,"<= day","daily",NA,NA,NA
"1991-08-09",292,FALSE,NA,NA,"<= day","daily",NA,NA,NA
"1991-08-10",291.542,FALSE,NA,NA,"<= day","daily",NA,NA,NA
"1991-08-11",287.74,FALSE,NA,NA,"<= day","daily",NA,NA,NA
"1991-08-12",282.292,FALSE,NA,NA,"<= day","daily",NA,NA,NA
"1991-08-13",282.906,FALSE,NA,NA,"<= day","daily",NA,NA,NA
"1991-08-14",278.812,FALSE,NA,NA,"<= day","daily",NA,NA,NA
"1991-08-15",278,FALSE,NA,NA,"<= day","daily",NA,NA,NA
"1991-08-16",278,FALSE,NA,NA,"<= day","daily",NA,NA,NA
"1991-08-17",278,FALSE,NA,NA,"<= day","daily",NA,NA,NA
"1991-08-18",278,FALSE,NA,NA,"<= day","daily",NA,NA,NA
"1991-08-19",276.51,FALSE,NA,NA,"<= day","daily",NA,NA,NA
"1991-08-20",266.646,FALSE,NA,NA,"<= day","daily",NA,NA,NA
"1991-08-21",264.135,FALSE,NA,NA,"<= day","daily",NA,NA,NA
"1991-08-22",265.604,FALSE,NA,NA,"<= day","daily",NA,NA,NA
"1991-08-23",276.906,FALSE,NA,NA,"<= day","daily",NA,NA,NA
"1991-08-24",282.562,FALSE,NA,NA,"<= day","daily",NA,NA,NA
"1991-08-25",274.219,FALSE,NA,NA,"<= day","daily",NA,NA,NA
"1991-08-26",274.083,FALSE,NA,NA,"<= day","daily",NA,NA,NA
"1991-08-27",265.625,FALSE,NA,NA,"<= day","daily",NA,NA,NA
"1991-08-28",264,FALSE,NA,NA,"<= day","daily",NA,NA,NA
"1991-08-29",264,FALSE,NA,NA,"<= day","daily",NA,NA,NA
"1991-08-30",264,FALSE,NA,NA,"<= day","daily",NA,NA,NA
"1991-08-31",263.656,FALSE,NA,NA,"<= day","daily",NA,NA,NA
"1991-09-01",261.292,FALSE,NA,NA,"<= day","daily",NA,NA,NA
"1991-09-02",258.99,FALSE,NA,NA,"<= day","daily",NA,NA,NA
"1991-09-03",251.354,FALSE,NA,NA,"<= day","daily",NA,NA,NA
"1991-09-04",250,FALSE,NA,NA,"<= day","daily",NA,NA,NA
"1991-09-05",250.573,FALSE,NA,NA,"<= day","daily",NA,NA,NA
"1991-09-06",253.75,FALSE,NA,NA,"<= day","daily",NA,NA,NA
"1991-09-07",250.677,FALSE,NA,NA,"<= day","daily",NA,NA,NA
"1991-09-08",250,FALSE,NA,NA,"<= day","daily",NA,NA,NA
"1991-09-09",250,FALSE,NA,NA,"<= day","daily",NA,NA,NA
"1991-09-10",251.948,FALSE,NA,NA,"<= day","daily",NA,NA,NA
"1991-09-11",271,FALSE,NA,NA,"<= day","daily",NA,NA,NA
"1991-09-12",308.479,FALSE,NA,NA,"<= day","daily",NA,NA,NA
"1991-09-13",274.688,FALSE,NA,NA,"<= day","daily",NA,NA,NA
"1991-09-14",257.073,FALSE,NA,NA,"<= day","daily",NA,NA,NA
"1991-09-15",250.812,FALSE,NA,NA,"<= day","daily",NA,NA,NA
"1991-09-16",250,FALSE,NA,NA,"<= day","daily",NA,NA,NA
"1991-09-17",249.771,FALSE,NA,NA,"<= day","daily",NA,NA,NA
"1991-09-18",247.01,FALSE,NA,NA,"<= day","daily",NA,NA,NA
"1991-09-19",238.49,FALSE,NA,NA,"<= day","daily",NA,NA,NA
"1991-09-20",237,FALSE,NA,NA,"<= day","daily",NA,NA,NA
"1991-09-21",237.458,FALSE,NA,NA,"<= day","daily",NA,NA,NA
"1991-09-22",245.271,FALSE,NA,NA,"<= day","daily",NA,NA,NA
"1991-09-23",273.531,FALSE,NA,NA,"<= day","daily",NA,NA,NA
"1991-09-24",253.094,FALSE,NA,NA,"<= day","daily",NA,NA,NA
"1991-09-25",240.198,FALSE,NA,NA,"<= day","daily",NA,NA,NA
"1991-09-26",247.135,FALSE,NA,NA,"<= day","daily",NA,NA,NA
"1991-09-27",277.021,FALSE,NA,NA,"<= day","daily",NA,NA,NA
"1991-09-28",266.104,FALSE,NA,NA,"<= day","daily",NA,NA,NA
"1991-09-29",251.406,FALSE,NA,NA,"<= day","daily",NA,NA,NA
"1991-09-30",241.021,FALSE,NA,NA,"<= day","daily",NA,NA,NA
"1991-10-01",246.135,FALSE,NA,NA,"<= day","daily",NA,NA,NA
"1991-10-02",238.625,FALSE,NA,NA,"<= day","daily",NA,NA,NA
"1991-10-03",237,FALSE,NA,NA,"<= day","daily",NA,NA,NA
"1991-10-04",237,FALSE,NA,NA,"<= day","daily",NA,NA,NA
"1991-10-05",240.208,FALSE,NA,NA,"<= day","daily",NA,NA,NA
"1991-10-06",259.604,FALSE,NA,NA,"<= day","daily",NA,NA,NA
"1991-10-07",251.292,FALSE,NA,NA,"<= day","daily",NA,NA,NA
"1991-10-08",238.896,FALSE,NA,NA,"<= day","daily",NA,NA,NA
"1991-10-09",236.542,FALSE,NA,NA,"<= day","daily",NA,NA,NA
"1991-10-10",232.396,FALSE,NA,NA,"<= day","daily",NA,NA,NA
"1991-10-11",224.354,FALSE,NA,NA,"<= day","daily",NA,NA,NA
"1991-10-12",224.375,FALSE,NA,NA,"<= day","daily",NA,NA,NA
"1991-10-13",232.573,FALSE,NA,NA,"<= day","daily",NA,NA,NA
"1991-10-14",228.375,FALSE,NA,NA,"<= day","daily",NA,NA,NA
"1991-10-15",223.677,FALSE,NA,NA,"<= day","daily",NA,NA,NA
"1991-10-16",223,FALSE,NA,NA,"<= day","daily",NA,NA,NA
"1991-10-17",223,FALSE,NA,NA,"<= day","daily",NA,NA,NA
"1991-10-18",222.542,FALSE,NA,NA,"<= day","daily",NA,NA,NA
"1991-10-19",218.74,FALSE,NA,NA,"<= day","daily",NA,NA,NA
"1991-10-20",213.062,FALSE,NA,NA,"<= day","daily",NA,NA,NA
"1991-10-21",213.781,FALSE,NA,NA,"<= day","daily",NA,NA,NA
"1991-10-22",218.656,FALSE,NA,NA,"<= day","daily",NA,NA,NA
"1991-10-23",211.49,FALSE,NA,NA,"<= day","daily",NA,NA,NA
"1991-10-24",210,FALSE,NA,NA,"<= day","daily",NA,NA,NA
"1991-10-25",210,FALSE,NA,NA,"<= day","daily",NA,NA,NA
"1991-10-26",210,FALSE,NA,NA,"<= day","daily",NA,NA,NA
"1991-10-27",210,FALSE,NA,NA,"<= day","daily",NA,NA,NA
"1991-10-28",210,FALSE,NA,NA,"<= day","daily",NA,NA,NA
"1991-10-29",210,FALSE,NA,NA,"<= day","daily",NA,NA,NA
"1991-10-30",210,FALSE,NA,NA,"<= day","daily",NA,NA,NA
"1991-10-31",207.823,FALSE,NA,NA,"<= day","daily",NA,NA,NA
"1991-11-01",193.573,FALSE,NA,NA,"<= day","daily",NA,NA,NA
"1991-11-02",191,FALSE,NA,NA,"<= day","daily",NA,NA,NA
"1991-11-03",194.323,FALSE,NA,NA,"<= day","daily",NA,NA,NA
"1991-11-04",212.75,FALSE,NA,NA,"<= day","daily",NA,NA,NA
"1991-11-05",194.927,FALSE,NA,NA,"<= day","daily",NA,NA,NA
"1991-11-06",191,FALSE,NA,NA,"<= day","daily",NA,NA,NA
"1991-11-07",191,FALSE,NA,NA,"<= day","daily",NA,NA,NA
"1991-11-08",191,FALSE,NA,NA,"<= day","daily",NA,NA,NA
"1991-11-09",191,FALSE,NA,NA,"<= day","daily",NA,NA,NA
"1991-11-10",191,FALSE,NA,NA,"<= day","daily",NA,NA,NA
"1991-11-11",191,FALSE,NA,NA,"<= day","daily",NA,NA,NA
"1991-11-12",192.719,FALSE,NA,NA,"<= day","daily",NA,NA,NA
"1991-11-13",210.042,FALSE,NA,NA,"<= day","daily",NA,NA,NA
"1991-11-14",247.24,FALSE,NA,NA,"<= day","daily",NA,NA,NA
"1991-11-15",224.417,FALSE,NA,NA,"<= day","daily",NA,NA,NA
"1991-11-16",218.885,FALSE,NA,NA,"<= day","daily",NA,NA,NA
"1991-11-17",215.271,FALSE,NA,NA,"<= day","daily",NA,NA,NA
"1991-11-18",198.562,FALSE,NA,NA,"<= day","daily",NA,NA,NA
"1991-11-19",210.229,FALSE,NA,NA,"<= day","daily",NA,NA,NA
"1991-11-20",218.052,FALSE,NA,NA,"<= day","daily",NA,NA,NA
"1991-11-21",216.823,FALSE,NA,NA,"<= day","daily",NA,NA,NA
"1991-11-22",201.656,FALSE,NA,NA,"<= day","daily",NA,NA,NA
"1991-11-23",192.969,FALSE,NA,NA,"<= day","daily",NA,NA,NA
"1991-11-24",191.135,FALSE,NA,NA,"<= day","daily",NA,NA,NA
"1991-11-25",191,FALSE,NA,NA,"<= day","daily",NA,NA,NA
"1991-11-26",191,FALSE,NA,NA,"<= day","daily",NA,NA,NA
"1991-11-27",191,FALSE,NA,NA,"<= day","daily",NA,NA,NA
"1991-11-28",191,FALSE,NA,NA,"<= day","daily",NA,NA,NA
"1991-11-29",191,FALSE,NA,NA,"<= day","daily",NA,NA,NA
"1991-11-30",191,FALSE,NA,NA,"<= day","daily",NA,NA,NA
"1991-12-01",191,FALSE,NA,NA,"<= day","daily",NA,NA,NA
"1991-12-02",191,FALSE,NA,NA,"<= day","daily",NA,NA,NA
"1991-12-03",191,FALSE,NA,NA,"<= day","daily",NA,NA,NA
"1991-12-04",191,FALSE,NA,NA,"<= day","daily",NA,NA,NA
"1991-12-05",191,FALSE,NA,NA,"<= day","daily",NA,NA,NA
"1991-12-06",191,FALSE,NA,NA,"<= day","daily",NA,NA,NA
"1991-12-07",191,FALSE,NA,NA,"<= day","daily",NA,NA,NA
"1991-12-08",191,FALSE,NA,NA,"<= day","daily",NA,NA,NA
"1991-12-09",189.167,FALSE,NA,NA,"<= day","daily",NA,NA,NA
"1991-12-10",177.281,FALSE,NA,NA,"<= day","daily",NA,NA,NA
"1991-12-11",174.604,FALSE,NA,NA,"<= day","daily",NA,NA,NA
"1991-12-12",166.49,FALSE,NA,NA,"<= day","daily",NA,NA,NA
"1991-12-13",165,FALSE,NA,NA,"<= day","daily",NA,NA,NA
"1991-12-14",165,FALSE,NA,NA,"<= day","daily",NA,NA,NA
"1991-12-15",165,FALSE,NA,NA,"<= day","daily",NA,NA,NA
"1991-12-16",166.49,FALSE,NA,NA,"<= day","daily",NA,NA,NA
"1991-12-17",177.958,FALSE,NA,NA,"<= day","daily",NA,NA,NA
"1991-12-18",190.969,FALSE,NA,NA,"<= day","daily",NA,NA,NA
"1991-12-19",195.062,FALSE,NA,NA,"<= day","daily",NA,NA,NA
"1991-12-20",207.99,FALSE,NA,NA,"<= day","daily",NA,NA,NA
"1991-12-21",217.677,FALSE,NA,NA,"<= day","daily",NA,NA,NA
"1991-12-22",286.479,FALSE,NA,NA,"<= day","daily",NA,NA,NA
"1991-12-23",279.427,FALSE,NA,NA,"<= day","daily",NA,NA,NA
"1991-12-24",250.792,FALSE,NA,NA,"<= day","daily",NA,NA,NA
"1991-12-25",229.812,FALSE,NA,NA,"<= day","daily",NA,NA,NA
"1991-12-26",220.219,FALSE,NA,NA,"<= day","daily",NA,NA,NA
"1991-12-27",219,FALSE,NA,NA,"<= day","daily",NA,NA,NA
"1991-12-28",219,FALSE,NA,NA,"<= day","daily",NA,NA,NA
"1991-12-29",219,FALSE,NA,NA,"<= day","daily",NA,NA,NA
"1991-12-30",219,FALSE,NA,NA,"<= day","daily",NA,NA,NA
"1991-12-31",218.427,FALSE,NA,NA,"<= day","daily",NA,NA,NA
"1992-01-01",212.271,FALSE,NA,NA,"<= day","daily",NA,NA,NA
"1992-01-02",197.333,FALSE,NA,NA,"<= day","daily",NA,NA,NA
"1992-01-03",205.615,FALSE,NA,NA,"<= day","daily",NA,NA,NA
"1992-01-04",213.281,FALSE,NA,NA,"<= day","daily",NA,NA,NA
"1992-01-05",194.656,FALSE,NA,NA,"<= day","daily",NA,NA,NA
"1992-01-06",191,FALSE,NA,NA,"<= day","daily",NA,NA,NA
"1992-01-07",191.344,FALSE,NA,NA,"<= day","daily",NA,NA,NA
"1992-01-08",196.458,FALSE,NA,NA,"<= day","daily",NA,NA,NA
"1992-01-09",216.646,FALSE,NA,NA,"<= day","daily",NA,NA,NA
"1992-01-10",232.396,FALSE,NA,NA,"<= day","daily",NA,NA,NA
"1992-01-11",267.729,FALSE,NA,NA,"<= day","daily",NA,NA,NA
"1992-01-12",257.688,FALSE,NA,NA,"<= day","daily",NA,NA,NA
"1992-01-13",262.104,FALSE,NA,NA,"<= day","daily",NA,NA,NA
"1992-01-14",285.125,FALSE,NA,NA,"<= day","daily",NA,NA,NA
"1992-01-15",273.385,FALSE,NA,NA,"<= day","daily",NA,NA,NA
"1992-01-16",267.542,FALSE,NA,NA,"<= day","daily",NA,NA,NA
"1992-01-17",267,FALSE,NA,NA,"<= day","daily",NA,NA,NA
"1992-01-18",267,FALSE,NA,NA,"<= day","daily",NA,NA,NA
"1992-01-19",267,FALSE,NA,NA,"<= day","daily",NA,NA,NA
"1992-01-20",267,FALSE,NA,NA,"<= day","daily",NA,NA,NA
"1992-01-21",267,FALSE,NA,NA,"<= day","daily",NA,NA,NA
"1992-01-22",267,FALSE,NA,NA,"<= day","daily",NA,NA,NA
"1992-01-23",267,FALSE,NA,NA,"<= day","daily",NA,NA,NA
"1992-01-24",267,FALSE,NA,NA,"<= day","daily",NA,NA,NA
"1992-01-25",267,FALSE,NA,NA,"<= day","daily",NA,NA,NA
"1992-01-26",267,FALSE,NA,NA,"<= day","daily",NA,NA,NA
"1992-01-27",267,FALSE,NA,NA,"<= day","daily",NA,NA,NA
"1992-01-28",268.146,FALSE,NA,NA,"<= day","daily",NA,NA,NA
"1992-01-29",275.76,FALSE,NA,NA,"<= day","daily",NA,NA,NA
"1992-01-30",276.604,FALSE,NA,NA,"<= day","daily",NA,NA,NA
"1992-01-31",268.49,FALSE,NA,NA,"<= day","daily",NA,NA,NA
"1992-02-01",267,FALSE,NA,NA,"<= day","daily",NA,NA,NA
"1992-02-02",267.917,FALSE,NA,NA,"<= day","daily",NA,NA,NA
"1992-02-03",274.26,FALSE,NA,NA,"<= day","daily",NA,NA,NA
"1992-02-04",282.292,FALSE,NA,NA,"<= day","daily",NA,NA,NA
"1992-02-05",310.583,FALSE,NA,NA,"<= day","daily",NA,NA,NA
"1992-02-06",297.156,FALSE,NA,NA,"<= day","daily",NA,NA,NA
"1992-02-07",292.271,FALSE,NA,NA,"<= day","daily",NA,NA,NA
"1992-02-08",292,FALSE,NA,NA,"<= day","daily",NA,NA,NA
"1992-02-09",292,FALSE,NA,NA,"<= day","daily",NA,NA,NA
"1992-02-10",292,FALSE,NA,NA,"<= day","daily",NA,NA,NA
"1992-02-11",292,FALSE,NA,NA,"<= day","daily",NA,NA,NA
"1992-02-12",292,FALSE,NA,NA,"<= day","daily",NA,NA,NA
"1992-02-13",292,FALSE,NA,NA,"<= day","daily",NA,NA,NA
"1992-02-14",292,FALSE,NA,NA,"<= day","daily",NA,NA,NA
"1992-02-15",292,FALSE,NA,NA,"<= day","daily",NA,NA,NA
"1992-02-16",292,FALSE,NA,NA,"<= day","daily",NA,NA,NA
"1992-02-17",292,FALSE,NA,NA,"<= day","daily",NA,NA,NA
"1992-02-18",292,FALSE,NA,NA,"<= day","daily",NA,NA,NA
"1992-02-19",292,FALSE,NA,NA,"<= day","daily",NA,NA,NA
"1992-02-20",292,FALSE,NA,NA,"<= day","daily",NA,NA,NA
"1992-02-21",292,FALSE,NA,NA,"<= day","daily",NA,NA,NA
"1992-02-22",292,FALSE,NA,NA,"<= day","daily",NA,NA,NA
"1992-02-23",294.062,FALSE,NA,NA,"<= day","daily",NA,NA,NA
"1992-02-24",308.594,FALSE,NA,NA,"<= day","daily",NA,NA,NA
"1992-02-25",317.781,FALSE,NA,NA,"<= day","daily",NA,NA,NA
"1992-02-26",319,FALSE,NA,NA,"<= day","daily",NA,NA,NA
"1992-02-27",319,FALSE,NA,NA,"<= day","daily",NA,NA,NA
"1992-02-28",319,FALSE,NA,NA,"<= day","daily",NA,NA,NA
"1992-02-29",319,FALSE,NA,NA,"<= day","daily",NA,NA,NA
"1992-03-01",319,FALSE,NA,NA,"<= day","daily",NA,NA,NA
"1992-03-02",319,FALSE,NA,NA,"<= day","daily",NA,NA,NA
"1992-03-03",317.625,FALSE,NA,NA,"<= day","daily",NA,NA,NA
"1992-03-04",308.167,FALSE,NA,NA,"<= day","daily",NA,NA,NA
"1992-03-05",305.146,FALSE,NA,NA,"<= day","daily",NA,NA,NA
"1992-03-06",313.958,FALSE,NA,NA,"<= day","daily",NA,NA,NA
"1992-03-07",306.635,FALSE,NA,NA,"<= day","daily",NA,NA,NA
"1992-03-08",294.833,FALSE,NA,NA,"<= day","daily",NA,NA,NA
"1992-03-09",298.854,FALSE,NA,NA,"<= day","daily",NA,NA,NA
"1992-03-10",305.396,FALSE,NA,NA,"<= day","daily",NA,NA,NA
"1992-03-11",307.906,FALSE,NA,NA,"<= day","daily",NA,NA,NA
"1992-03-12",305.646,FALSE,NA,NA,"<= day","daily",NA,NA,NA
"1992-03-13",321.76,FALSE,NA,NA,"<= day","daily",NA,NA,NA
"1992-03-14",358.927,FALSE,NA,NA,"<= day","daily",NA,NA,NA
"1992-03-15",388.365,FALSE,NA,NA,"<= day","daily",NA,NA,NA
"1992-03-16",423.094,FALSE,NA,NA,"<= day","daily",NA,NA,NA
"1992-03-17",394.771,FALSE,NA,NA,"<= day","daily",NA,NA,NA
"1992-03-18",385.542,FALSE,NA,NA,"<= day","daily",NA,NA,NA
"1992-03-19",382.135,FALSE,NA,NA,"<= day","daily",NA,NA,NA
"1992-03-20",362.583,FALSE,NA,NA,"<= day","daily",NA,NA,NA
"1992-03-21",354.75,FALSE,NA,NA,"<= day","daily",NA,NA,NA
"1992-03-22",372.458,FALSE,NA,NA,"<= day","daily",NA,NA,NA
"1992-03-23",465.51,FALSE,NA,NA,"<= day","daily",NA,NA,NA
"1992-03-24",510.427,FALSE,NA,NA,"<= day","daily",NA,NA,NA
"1992-03-25",531.01,FALSE,NA,NA,"<= day","daily",NA,NA,NA
"1992-03-26",608.875,FALSE,NA,NA,"<= day","daily",NA,NA,NA
"1992-03-27",621,FALSE,NA,NA,"<= day","daily",NA,NA,NA
"1992-03-28",581.312,FALSE,NA,NA,"<= day","daily",NA,NA,NA
"1992-03-29",574,FALSE,NA,NA,"<= day","daily",NA,NA,NA
"1992-03-30",574,FALSE,NA,NA,"<= day","daily",NA,NA,NA
"1992-03-31",568.042,FALSE,NA,NA,"<= day","daily",NA,NA,NA
"1992-04-01",528.24,FALSE,NA,NA,"<= day","daily",NA,NA,NA
"1992-04-02",515.948,FALSE,NA,NA,"<= day","daily",NA,NA,NA
"1992-04-03",513.625,FALSE,NA,NA,"<= day","daily",NA,NA,NA
"1992-04-04",506,FALSE,NA,NA,"<= day","daily",NA,NA,NA
"1992-04-05",513.375,FALSE,NA,NA,"<= day","daily",NA,NA,NA
"1992-04-06",515,FALSE,NA,NA,"<= day","daily",NA,NA,NA
"1992-04-07",515,FALSE,NA,NA,"<= day","daily",NA,NA,NA
"1992-04-08",511.677,FALSE,NA,NA,"<= day","daily",NA,NA,NA
"1992-04-09",487.521,FALSE,NA,NA,"<= day","daily",NA,NA,NA
"1992-04-10",467.844,FALSE,NA,NA,"<= day","daily",NA,NA,NA
"1992-04-11",465,FALSE,NA,NA,"<= day","daily",NA,NA,NA
"1992-04-12",465,FALSE,NA,NA,"<= day","daily",NA,NA,NA
"1992-04-13",465,FALSE,NA,NA,"<= day","daily",NA,NA,NA
"1992-04-14",465,FALSE,NA,NA,"<= day","daily",NA,NA,NA
"1992-04-15",465,FALSE,NA,NA,"<= day","daily",NA,NA,NA
"1992-04-16",465,FALSE,NA,NA,"<= day","daily",NA,NA,NA
"1992-04-17",465,FALSE,NA,NA,"<= day","daily",NA,NA,NA
"1992-04-18",463.396,FALSE,NA,NA,"<= day","daily",NA,NA,NA
"1992-04-19",450.948,FALSE,NA,NA,"<= day","daily",NA,NA,NA
"1992-04-20",439.51,FALSE,NA,NA,"<= day","daily",NA,NA,NA
"1992-04-21",458.552,FALSE,NA,NA,"<= day","daily",NA,NA,NA
"1992-04-22",463.562,FALSE,NA,NA,"<= day","daily",NA,NA,NA
"1992-04-23",453.438,FALSE,NA,NA,"<= day","daily",NA,NA,NA
"1992-04-24",429.875,FALSE,NA,NA,"<= day","daily",NA,NA,NA
"1992-04-25",440.01,FALSE,NA,NA,"<= day","daily",NA,NA,NA
"1992-04-26",434.094,FALSE,NA,NA,"<= day","daily",NA,NA,NA
"1992-04-27",424.49,FALSE,NA,NA,"<= day","daily",NA,NA,NA
"1992-04-28",423,FALSE,NA,NA,"<= day","daily",NA,NA,NA
"1992-04-29",423,FALSE,NA,NA,"<= day","daily",NA,NA,NA
"1992-04-30",423,FALSE,NA,NA,"<= day","daily",NA,NA,NA
"1992-05-01",423,FALSE,NA,NA,"<= day","daily",NA,NA,NA
"1992-05-02",423,FALSE,NA,NA,"<= day","daily",NA,NA,NA
"1992-05-03",423,FALSE,NA,NA,"<= day","daily",NA,NA,NA
"1992-05-04",423,FALSE,NA,NA,"<= day","daily",NA,NA,NA
"1992-05-05",423,FALSE,NA,NA,"<= day","daily",NA,NA,NA
"1992-05-06",421.51,FALSE,NA,NA,"<= day","daily",NA,NA,NA
"1992-05-07",412.562,FALSE,NA,NA,"<= day","daily",NA,NA,NA
"1992-05-08",416.167,FALSE,NA,NA,"<= day","daily",NA,NA,NA
"1992-05-09",417.521,FALSE,NA,NA,"<= day","daily",NA,NA,NA
"1992-05-10",412.656,FALSE,NA,NA,"<= day","daily",NA,NA,NA
"1992-05-11",393.562,FALSE,NA,NA,"<= day","daily",NA,NA,NA
"1992-05-12",385.812,FALSE,NA,NA,"<= day","daily",NA,NA,NA
"1992-05-13",385,FALSE,NA,NA,"<= day","daily",NA,NA,NA
"1992-05-14",385,FALSE,NA,NA,"<= day","daily",NA,NA,NA
"1992-05-15",385,FALSE,NA,NA,"<= day","daily",NA,NA,NA
"1992-05-16",385,FALSE,NA,NA,"<= day","daily",NA,NA,NA
"1992-05-17",385,FALSE,NA,NA,"<= day","daily",NA,NA,NA
"1992-05-18",385,FALSE,NA,NA,"<= day","daily",NA,NA,NA
"1992-05-19",382.25,FALSE,NA,NA,"<= day","daily",NA,NA,NA
"1992-05-20",363.677,FALSE,NA,NA,"<= day","daily",NA,NA,NA
"1992-05-21",355.99,FALSE,NA,NA,"<= day","daily",NA,NA,NA
"1992-05-22",351.615,FALSE,NA,NA,"<= day","daily",NA,NA,NA
"1992-05-23",355.594,FALSE,NA,NA,"<= day","daily",NA,NA,NA
"1992-05-24",353.198,FALSE,NA,NA,"<= day","daily",NA,NA,NA
"1992-05-25",350.406,FALSE,NA,NA,"<= day","daily",NA,NA,NA
"1992-05-26",351.031,FALSE,NA,NA,"<= day","daily",NA,NA,NA
"1992-05-27",356.75,FALSE,NA,NA,"<= day","daily",NA,NA,NA
"1992-05-28",351.219,FALSE,NA,NA,"<= day","daily",NA,NA,NA
"1992-05-29",350,FALSE,NA,NA,"<= day","daily",NA,NA,NA
"1992-05-30",350,FALSE,NA,NA,"<= day","daily",NA,NA,NA
"1992-05-31",349.427,FALSE,NA,NA,"<= day","daily",NA,NA,NA
"1992-06-01",346.25,FALSE,NA,NA,"<= day","daily",NA,NA,NA
"1992-06-02",349.323,FALSE,NA,NA,"<= day","daily",NA,NA,NA
"1992-06-03",362.49,FALSE,NA,NA,"<= day","daily",NA,NA,NA
"1992-06-04",438.625,FALSE,NA,NA,"<= day","daily",NA,NA,NA
"1992-06-05",438.521,FALSE,NA,NA,"<= day","daily",NA,NA,NA
"1992-06-06",556.344,FALSE,NA,NA,"<= day","daily",NA,NA,NA
"1992-06-07",457.604,FALSE,NA,NA,"<= day","daily",NA,NA,NA
"1992-06-08",424.896,FALSE,NA,NA,"<= day","daily",NA,NA,NA
"1992-06-09",418.99,FALSE,NA,NA,"<= day","daily",NA,NA,NA
"1992-06-10",392.74,FALSE,NA,NA,"<= day","daily",NA,NA,NA
"1992-06-11",387.656,FALSE,NA,NA,"<= day","daily",NA,NA,NA
"1992-06-12",385.406,FALSE,NA,NA,"<= day","daily",NA,NA,NA
"1992-06-13",385,FALSE,NA,NA,"<= day","daily",NA,NA,NA
"1992-06-14",385,FALSE,NA,NA,"<= day","daily",NA,NA,NA
"1992-06-15",385,FALSE,NA,NA,"<= day","daily",NA,NA,NA
"1992-06-16",385,FALSE,NA,NA,"<= day","daily",NA,NA,NA
"1992-06-17",385,FALSE,NA,NA,"<= day","daily",NA,NA,NA
"1992-06-18",385,FALSE,NA,NA,"<= day","daily",NA,NA,NA
"1992-06-19",385,FALSE,NA,NA,"<= day","daily",NA,NA,NA
"1992-06-20",385,FALSE,NA,NA,"<= day","daily",NA,NA,NA
"1992-06-21",385,FALSE,NA,NA,"<= day","daily",NA,NA,NA
"1992-06-22",385,FALSE,NA,NA,"<= day","daily",NA,NA,NA
"1992-06-23",385,FALSE,NA,NA,"<= day","daily",NA,NA,NA
"1992-06-24",397.375,FALSE,NA,NA,"<= day","daily",NA,NA,NA
"1992-06-25",474.365,FALSE,NA,NA,"<= day","daily",NA,NA,NA
"1992-06-26",457.24,FALSE,NA,NA,"<= day","daily",NA,NA,NA
"1992-06-27",413.635,FALSE,NA,NA,"<= day","daily",NA,NA,NA
"1992-06-28",388.385,FALSE,NA,NA,"<= day","daily",NA,NA,NA
"1992-06-29",385,FALSE,NA,NA,"<= day","daily",NA,NA,NA
"1992-06-30",383.969,FALSE,NA,NA,"<= day","daily",NA,NA,NA
"1992-07-01",378.25,FALSE,NA,NA,"<= day","daily",NA,NA,NA
"1992-07-02",383.781,FALSE,NA,NA,"<= day","daily",NA,NA,NA
"1992-07-03",385,FALSE,NA,NA,"<= day","daily",NA,NA,NA
"1992-07-04",385,FALSE,NA,NA,"<= day","daily",NA,NA,NA
"1992-07-05",385,FALSE,NA,NA,"<= day","daily",NA,NA,NA
"1992-07-06",382.135,FALSE,NA,NA,"<= day","daily",NA,NA,NA
"1992-07-07",362.24,FALSE,NA,NA,"<= day","daily",NA,NA,NA
"1992-07-08",351.354,FALSE,NA,NA,"<= day","daily",NA,NA,NA
"1992-07-09",350,FALSE,NA,NA,"<= day","daily",NA,NA,NA
"1992-07-10",350.802,FALSE,NA,NA,"<= day","daily",NA,NA,NA
"1992-07-11",355.25,FALSE,NA,NA,"<= day","daily",NA,NA,NA
"1992-07-12",350.948,FALSE,NA,NA,"<= day","daily",NA,NA,NA
"1992-07-13",350,FALSE,NA,NA,"<= day","daily",NA,NA,NA
"1992-07-14",350.344,FALSE,NA,NA,"<= day","daily",NA,NA,NA
"1992-07-15",352.25,FALSE,NA,NA,"<= day","daily",NA,NA,NA
"1992-07-16",350.406,FALSE,NA,NA,"<= day","daily",NA,NA,NA
"1992-07-17",350,FALSE,NA,NA,"<= day","daily",NA,NA,NA
"1992-07-18",350,FALSE,NA,NA,"<= day","daily",NA,NA,NA
"1992-07-19",350,FALSE,NA,NA,"<= day","daily",NA,NA,NA
"1992-07-20",349.312,FALSE,NA,NA,"<= day","daily",NA,NA,NA
"1992-07-21",346.76,FALSE,NA,NA,"<= day","daily",NA,NA,NA
"1992-07-22",357.438,FALSE,NA,NA,"<= day","daily",NA,NA,NA
"1992-07-23",351.49,FALSE,NA,NA,"<= day","daily",NA,NA,NA
"1992-07-24",350,FALSE,NA,NA,"<= day","daily",NA,NA,NA
"1992-07-25",350,FALSE,NA,NA,"<= day","daily",NA,NA,NA
"1992-07-26",349.083,FALSE,NA,NA,"<= day","daily",NA,NA,NA
"1992-07-27",341.25,FALSE,NA,NA,"<= day","daily",NA,NA,NA
"1992-07-28",327.823,FALSE,NA,NA,"<= day","daily",NA,NA,NA
"1992-07-29",323.635,FALSE,NA,NA,"<= day","daily",NA,NA,NA
"1992-07-30",324.042,FALSE,NA,NA,"<= day","daily",NA,NA,NA
"1992-07-31",319.812,FALSE,NA,NA,"<= day","daily",NA,NA,NA
"1992-08-01",319,FALSE,NA,NA,"<= day","daily",NA,NA,NA
"1992-08-02",319,FALSE,NA,NA,"<= day","daily",NA,NA,NA
"1992-08-03",319,FALSE,NA,NA,"<= day","daily",NA,NA,NA
"1992-08-04",319,FALSE,NA,NA,"<= day","daily",NA,NA,NA
"1992-08-05",319,FALSE,NA,NA,"<= day","daily",NA,NA,NA
"1992-08-06",319,FALSE,NA,NA,"<= day","daily",NA,NA,NA
"1992-08-07",319,FALSE,NA,NA,"<= day","daily",NA,NA,NA
"1992-08-08",315.906,FALSE,NA,NA,"<= day","daily",NA,NA,NA
"1992-08-09",296.802,FALSE,NA,NA,"<= day","daily",NA,NA,NA
"1992-08-10",301.333,FALSE,NA,NA,"<= day","daily",NA,NA,NA
"1992-08-11",307.531,FALSE,NA,NA,"<= day","daily",NA,NA,NA
"1992-08-12",308.417,FALSE,NA,NA,"<= day","daily",NA,NA,NA
"1992-08-13",294.573,FALSE,NA,NA,"<= day","daily",NA,NA,NA
"1992-08-14",291.771,FALSE,NA,NA,"<= day","daily",NA,NA,NA
"1992-08-15",290.5,FALSE,NA,NA,"<= day","daily",NA,NA,NA
"1992-08-16",291.729,FALSE,NA,NA,"<= day","daily",NA,NA,NA
"1992-08-17",292,FALSE,NA,NA,"<= day","daily",NA,NA,NA
"1992-08-18",292,FALSE,NA,NA,"<= day","daily",NA,NA,NA
"1992-08-19",292,FALSE,NA,NA,"<= day","daily",NA,NA,NA
"1992-08-20",291.885,FALSE,NA,NA,"<= day","daily",NA,NA,NA
"1992-08-21",295.375,FALSE,NA,NA,"<= day","daily",NA,NA,NA
"1992-08-22",319.781,FALSE,NA,NA,"<= day","daily",NA,NA,NA
"1992-08-23",302.99,FALSE,NA,NA,"<= day","daily",NA,NA,NA
"1992-08-24",293.146,FALSE,NA,NA,"<= day","daily",NA,NA,NA
"1992-08-25",287.292,FALSE,NA,NA,"<= day","daily",NA,NA,NA
"1992-08-26",291.458,FALSE,NA,NA,"<= day","daily",NA,NA,NA
"1992-08-27",308.094,FALSE,NA,NA,"<= day","daily",NA,NA,NA
"1992-08-28",294.979,FALSE,NA,NA,"<= day","daily",NA,NA,NA
"1992-08-29",292,FALSE,NA,NA,"<= day","daily",NA,NA,NA
"1992-08-30",292.573,FALSE,NA,NA,"<= day","daily",NA,NA,NA
"1992-08-31",303.542,FALSE,NA,NA,"<= day","daily",NA,NA,NA
"1992-09-01",345.51,FALSE,NA,NA,"<= day","daily",NA,NA,NA
"1992-09-02",313.094,FALSE,NA,NA,"<= day","daily",NA,NA,NA
"1992-09-03",296.167,FALSE,NA,NA,"<= day","daily",NA,NA,NA
"1992-09-04",310.552,FALSE,NA,NA,"<= day","daily",NA,NA,NA
"1992-09-05",299.406,FALSE,NA,NA,"<= day","daily",NA,NA,NA
"1992-09-06",290.562,FALSE,NA,NA,"<= day","daily",NA,NA,NA
"1992-09-07",291.594,FALSE,NA,NA,"<= day","daily",NA,NA,NA
"1992-09-08",291.427,FALSE,NA,NA,"<= day","daily",NA,NA,NA
"1992-09-09",288.25,FALSE,NA,NA,"<= day","daily",NA,NA,NA
"1992-09-10",290.865,FALSE,NA,NA,"<= day","daily",NA,NA,NA
"1992-09-11",288.312,FALSE,NA,NA,"<= day","daily",NA,NA,NA
"1992-09-12",285.354,FALSE,NA,NA,"<= day","daily",NA,NA,NA
"1992-09-13",280.229,FALSE,NA,NA,"<= day","daily",NA,NA,NA
"1992-09-14",286.76,FALSE,NA,NA,"<= day","daily",NA,NA,NA
"1992-09-15",287.719,FALSE,NA,NA,"<= day","daily",NA,NA,NA
"1992-09-16",278.979,FALSE,NA,NA,"<= day","daily",NA,NA,NA
"1992-09-17",268.625,FALSE,NA,NA,"<= day","daily",NA,NA,NA
"1992-09-18",269.521,FALSE,NA,NA,"<= day","daily",NA,NA,NA
"1992-09-19",284.646,FALSE,NA,NA,"<= day","daily",NA,NA,NA
"1992-09-20",277.479,FALSE,NA,NA,"<= day","daily",NA,NA,NA
"1992-09-21",268.354,FALSE,NA,NA,"<= day","daily",NA,NA,NA
"1992-09-22",266.656,FALSE,NA,NA,"<= day","daily",NA,NA,NA
"1992-09-23",264.75,FALSE,NA,NA,"<= day","daily",NA,NA,NA
"1992-09-24",266.594,FALSE,NA,NA,"<= day","daily",NA,NA,NA
"1992-09-25",267,FALSE,NA,NA,"<= day","daily",NA,NA,NA
"1992-09-26",267,FALSE,NA,NA,"<= day","daily",NA,NA,NA
"1992-09-27",266.312,FALSE,NA,NA,"<= day","daily",NA,NA,NA
"1992-09-28",263.531,FALSE,NA,NA,"<= day","daily",NA,NA,NA
"1992-09-29",273.625,FALSE,NA,NA,"<= day","daily",NA,NA,NA
"1992-09-30",273.292,FALSE,NA,NA,"<= day","daily",NA,NA,NA
"1992-10-01",271.562,FALSE,NA,NA,"<= day","daily",NA,NA,NA
"1992-10-02",267.677,FALSE,NA,NA,"<= day","daily",NA,NA,NA
"1992-10-03",267,FALSE,NA,NA,"<= day","daily",NA,NA,NA
"1992-10-04",267,FALSE,NA,NA,"<= day","daily",NA,NA,NA
"1992-10-05",267,FALSE,NA,NA,"<= day","daily",NA,NA,NA
"1992-10-06",267,FALSE,NA,NA,"<= day","daily",NA,NA,NA
"1992-10-07",267,FALSE,NA,NA,"<= day","daily",NA,NA,NA
"1992-10-08",267,FALSE,NA,NA,"<= day","daily",NA,NA,NA
"1992-10-09",267,FALSE,NA,NA,"<= day","daily",NA,NA,NA
"1992-10-10",267,FALSE,NA,NA,"<= day","daily",NA,NA,NA
"1992-10-11",266.542,FALSE,NA,NA,"<= day","daily",NA,NA,NA
"1992-10-12",264,FALSE,NA,NA,"<= day","daily",NA,NA,NA
"1992-10-13",266.458,FALSE,NA,NA,"<= day","daily",NA,NA,NA
"1992-10-14",267,FALSE,NA,NA,"<= day","daily",NA,NA,NA
"1992-10-15",267,FALSE,NA,NA,"<= day","daily",NA,NA,NA
"1992-10-16",267.344,FALSE,NA,NA,"<= day","daily",NA,NA,NA
"1992-10-17",269.938,FALSE,NA,NA,"<= day","daily",NA,NA,NA
"1992-10-18",271.906,FALSE,NA,NA,"<= day","daily",NA,NA,NA
"1992-10-19",267.583,FALSE,NA,NA,"<= day","daily",NA,NA,NA
"1992-10-20",265.5,FALSE,NA,NA,"<= day","daily",NA,NA,NA
"1992-10-21",265.812,FALSE,NA,NA,"<= day","daily",NA,NA,NA
"1992-10-22",260.083,FALSE,NA,NA,"<= day","daily",NA,NA,NA
"1992-10-23",259.917,FALSE,NA,NA,"<= day","daily",NA,NA,NA
"1992-10-24",270.844,FALSE,NA,NA,"<= day","daily",NA,NA,NA
"1992-10-25",316.781,FALSE,NA,NA,"<= day","daily",NA,NA,NA
"1992-10-26",397.771,FALSE,NA,NA,"<= day","daily",NA,NA,NA
"1992-10-27",362.833,FALSE,NA,NA,"<= day","daily",NA,NA,NA
"1992-10-28",350.417,FALSE,NA,NA,"<= day","daily",NA,NA,NA
"1992-10-29",395.948,FALSE,NA,NA,"<= day","daily",NA,NA,NA
"1992-10-30",361.01,FALSE,NA,NA,"<= day","daily",NA,NA,NA
"1992-10-31",330.146,FALSE,NA,NA,"<= day","daily",NA,NA,NA
"1992-11-01",320.083,FALSE,NA,NA,"<= day","daily",NA,NA,NA
"1992-11-02",319,FALSE,NA,NA,"<= day","daily",NA,NA,NA
"1992-11-03",318.656,FALSE,NA,NA,"<= day","daily",NA,NA,NA
"1992-11-04",313.656,FALSE,NA,NA,"<= day","daily",NA,NA,NA
"1992-11-05",295.25,FALSE,NA,NA,"<= day","daily",NA,NA,NA
"1992-11-06",292.688,FALSE,NA,NA,"<= day","daily",NA,NA,NA
"1992-11-07",297.417,FALSE,NA,NA,"<= day","daily",NA,NA,NA
"1992-11-08",300.99,FALSE,NA,NA,"<= day","daily",NA,NA,NA
"1992-11-09",310.427,FALSE,NA,NA,"<= day","daily",NA,NA,NA
"1992-11-10",321.01,FALSE,NA,NA,"<= day","daily",NA,NA,NA
"1992-11-11",351.167,FALSE,NA,NA,"<= day","daily",NA,NA,NA
"1992-11-12",408.219,FALSE,NA,NA,"<= day","daily",NA,NA,NA
"1992-11-13",388.427,FALSE,NA,NA,"<= day","daily",NA,NA,NA
"1992-11-14",373.865,FALSE,NA,NA,"<= day","daily",NA,NA,NA
"1992-11-15",388.073,FALSE,NA,NA,"<= day","daily",NA,NA,NA
"1992-11-16",417.99,FALSE,NA,NA,"<= day","daily",NA,NA,NA
"1992-11-17",419.562,FALSE,NA,NA,"<= day","daily",NA,NA,NA
"1992-11-18",396.146,FALSE,NA,NA,"<= day","daily",NA,NA,NA
"1992-11-19",386.083,FALSE,NA,NA,"<= day","daily",NA,NA,NA
"1992-11-20",385,FALSE,NA,NA,"<= day","daily",NA,NA,NA
"1992-11-21",388.208,FALSE,NA,NA,"<= day","daily",NA,NA,NA
"1992-11-22",409.667,FALSE,NA,NA,"<= day","daily",NA,NA,NA
"1992-11-23",417.146,FALSE,NA,NA,"<= day","daily",NA,NA,NA
"1992-11-24",422.188,FALSE,NA,NA,"<= day","daily",NA,NA,NA
"1992-11-25",423,FALSE,NA,NA,"<= day","daily",NA,NA,NA
"1992-11-26",423,FALSE,NA,NA,"<= day","daily",NA,NA,NA
"1992-11-27",423,FALSE,NA,NA,"<= day","daily",NA,NA,NA
"1992-11-28",426.438,FALSE,NA,NA,"<= day","daily",NA,NA,NA
"1992-11-29",468.302,FALSE,NA,NA,"<= day","daily",NA,NA,NA
"1992-11-30",590.521,FALSE,NA,NA,"<= day","daily",NA,NA,NA
"1992-12-01",551.542,FALSE,NA,NA,"<= day","daily",NA,NA,NA
"1992-12-02",504.406,FALSE,NA,NA,"<= day","daily",NA,NA,NA
"1992-12-03",498.448,FALSE,NA,NA,"<= day","daily",NA,NA,NA
"1992-12-04",523.427,FALSE,NA,NA,"<= day","daily",NA,NA,NA
"1992-12-05",598.344,FALSE,NA,NA,"<= day","daily",NA,NA,NA
"1992-12-06",609.01,FALSE,NA,NA,"<= day","daily",NA,NA,NA
"1992-12-07",579.417,FALSE,NA,NA,"<= day","daily",NA,NA,NA
"1992-12-08",570.677,FALSE,NA,NA,"<= day","daily",NA,NA,NA
"1992-12-09",547.208,FALSE,NA,NA,"<= day","daily",NA,NA,NA
"1992-12-10",530.312,FALSE,NA,NA,"<= day","daily",NA,NA,NA
"1992-12-11",517.031,FALSE,NA,NA,"<= day","daily",NA,NA,NA
"1992-12-12",515,FALSE,NA,NA,"<= day","daily",NA,NA,NA
"1992-12-13",515,FALSE,NA,NA,"<= day","daily",NA,NA,NA
"1992-12-14",515,FALSE,NA,NA,"<= day","daily",NA,NA,NA
"1992-12-15",515,FALSE,NA,NA,"<= day","daily",NA,NA,NA
"1992-12-16",510.76,FALSE,NA,NA,"<= day","daily",NA,NA,NA
"1992-12-17",481.521,FALSE,NA,NA,"<= day","daily",NA,NA,NA
"1992-12-18",466.76,FALSE,NA,NA,"<= day","daily",NA,NA,NA
"1992-12-19",465,FALSE,NA,NA,"<= day","daily",NA,NA,NA
"1992-12-20",465,FALSE,NA,NA,"<= day","daily",NA,NA,NA
"1992-12-21",467.635,FALSE,NA,NA,"<= day","daily",NA,NA,NA
"1992-12-22",482.25,FALSE,NA,NA,"<= day","daily",NA,NA,NA
"1992-12-23",468.115,FALSE,NA,NA,"<= day","daily",NA,NA,NA
"1992-12-24",465,FALSE,NA,NA,"<= day","daily",NA,NA,NA
"1992-12-25",465,FALSE,NA,NA,"<= day","daily",NA,NA,NA
"1992-12-26",465,FALSE,NA,NA,"<= day","daily",NA,NA,NA
"1992-12-27",465,FALSE,NA,NA,"<= day","daily",NA,NA,NA
"1992-12-28",465,FALSE,NA,NA,"<= day","daily",NA,NA,NA
"1992-12-29",465,FALSE,NA,NA,"<= day","daily",NA,NA,NA
"1992-12-30",465,FALSE,NA,NA,"<= day","daily",NA,NA,NA
"1992-12-31",465,FALSE,NA,NA,"<= day","daily",NA,NA,NA
"1993-01-01",462.365,FALSE,NA,NA,"<= day","daily",NA,NA,NA
"1993-01-02",443.51,FALSE,NA,NA,"<= day","daily",NA,NA,NA
"1993-01-03",429.323,FALSE,NA,NA,"<= day","daily",NA,NA,NA
"1993-01-04",423.677,FALSE,NA,NA,"<= day","daily",NA,NA,NA
"1993-01-05",423,FALSE,NA,NA,"<= day","daily",NA,NA,NA
"1993-01-06",423,FALSE,NA,NA,"<= day","daily",NA,NA,NA
"1993-01-07",423,FALSE,NA,NA,"<= day","daily",NA,NA,NA
"1993-01-08",423,FALSE,NA,NA,"<= day","daily",NA,NA,NA
"1993-01-09",423,FALSE,NA,NA,"<= day","daily",NA,NA,NA
"1993-01-10",423,FALSE,NA,NA,"<= day","daily",NA,NA,NA
"1993-01-11",427.01,FALSE,NA,NA,"<= day","daily",NA,NA,NA
"1993-01-12",456.01,FALSE,NA,NA,"<= day","daily",NA,NA,NA
"1993-01-13",476.802,FALSE,NA,NA,"<= day","daily",NA,NA,NA
"1993-01-14",467.302,FALSE,NA,NA,"<= day","daily",NA,NA,NA
"1993-01-15",465,FALSE,NA,NA,"<= day","daily",NA,NA,NA
"1993-01-16",465,FALSE,NA,NA,"<= day","daily",NA,NA,NA
"1993-01-17",463.969,FALSE,NA,NA,"<= day","daily",NA,NA,NA
"1993-01-18",458.25,FALSE,NA,NA,"<= day","daily",NA,NA,NA
"1993-01-19",463.781,FALSE,NA,NA,"<= day","daily",NA,NA,NA
"1993-01-20",461.448,FALSE,NA,NA,"<= day","daily",NA,NA,NA
"1993-01-21",436.938,FALSE,NA,NA,"<= day","daily",NA,NA,NA
"1993-01-22",424.49,FALSE,NA,NA,"<= day","daily",NA,NA,NA
"1993-01-23",425.635,FALSE,NA,NA,"<= day","daily",NA,NA,NA
"1993-01-24",445.062,FALSE,NA,NA,"<= day","daily",NA,NA,NA
"1993-01-25",462.427,FALSE,NA,NA,"<= day","daily",NA,NA,NA
"1993-01-26",465,FALSE,NA,NA,"<= day","daily",NA,NA,NA
"1993-01-27",465,FALSE,NA,NA,"<= day","daily",NA,NA,NA
"1993-01-28",465,FALSE,NA,NA,"<= day","daily",NA,NA,NA
"1993-01-29",465,FALSE,NA,NA,"<= day","daily",NA,NA,NA
"1993-01-30",465,FALSE,NA,NA,"<= day","daily",NA,NA,NA
"1993-01-31",465,FALSE,NA,NA,"<= day","daily",NA,NA,NA
"1993-02-01",465,FALSE,NA,NA,"<= day","daily",NA,NA,NA
"1993-02-02",465,FALSE,NA,NA,"<= day","daily",NA,NA,NA
"1993-02-03",465,FALSE,NA,NA,"<= day","daily",NA,NA,NA
"1993-02-04",465,FALSE,NA,NA,"<= day","daily",NA,NA,NA
"1993-02-05",465,FALSE,NA,NA,"<= day","daily",NA,NA,NA
"1993-02-06",465,FALSE,NA,NA,"<= day","daily",NA,NA,NA
"1993-02-07",465,FALSE,NA,NA,"<= day","daily",NA,NA,NA
"1993-02-08",465,FALSE,NA,NA,"<= day","daily",NA,NA,NA
"1993-02-09",465,FALSE,NA,NA,"<= day","daily",NA,NA,NA
"1993-02-10",465,FALSE,NA,NA,"<= day","daily",NA,NA,NA
"1993-02-11",463.854,FALSE,NA,NA,"<= day","daily",NA,NA,NA
"1993-02-12",454.75,FALSE,NA,NA,"<= day","daily",NA,NA,NA
"1993-02-13",442.208,FALSE,NA,NA,"<= day","daily",NA,NA,NA
"1993-02-14",436.615,FALSE,NA,NA,"<= day","daily",NA,NA,NA
"1993-02-15",440.135,FALSE,NA,NA,"<= day","daily",NA,NA,NA
"1993-02-16",435.427,FALSE,NA,NA,"<= day","daily",NA,NA,NA
"1993-02-17",434.99,FALSE,NA,NA,"<= day","daily",NA,NA,NA
"1993-02-18",424.896,FALSE,NA,NA,"<= day","daily",NA,NA,NA
"1993-02-19",423,FALSE,NA,NA,"<= day","daily",NA,NA,NA
"1993-02-20",424.833,FALSE,NA,NA,"<= day","daily",NA,NA,NA
"1993-02-21",436.604,FALSE,NA,NA,"<= day","daily",NA,NA,NA
"1993-02-22",435.667,FALSE,NA,NA,"<= day","daily",NA,NA,NA
"1993-02-23",424.896,FALSE,NA,NA,"<= day","daily",NA,NA,NA
"1993-02-24",423,FALSE,NA,NA,"<= day","daily",NA,NA,NA
"1993-02-25",423,FALSE,NA,NA,"<= day","daily",NA,NA,NA
"1993-02-26",423,FALSE,NA,NA,"<= day","daily",NA,NA,NA
"1993-02-27",423,FALSE,NA,NA,"<= day","daily",NA,NA,NA
"1993-02-28",423,FALSE,NA,NA,"<= day","daily",NA,NA,NA
"1993-03-01",423,FALSE,NA,NA,"<= day","daily",NA,NA,NA
"1993-03-02",423,FALSE,NA,NA,"<= day","daily",NA,NA,NA
"1993-03-03",423,FALSE,NA,NA,"<= day","daily",NA,NA,NA
"1993-03-04",423,FALSE,NA,NA,"<= day","daily",NA,NA,NA
"1993-03-05",423,FALSE,NA,NA,"<= day","daily",NA,NA,NA
"1993-03-06",423,FALSE,NA,NA,"<= day","daily",NA,NA,NA
"1993-03-07",423,FALSE,NA,NA,"<= day","daily",NA,NA,NA
"1993-03-08",423,FALSE,NA,NA,"<= day","daily",NA,NA,NA
"1993-03-09",423,FALSE,NA,NA,"<= day","daily",NA,NA,NA
"1993-03-10",423,FALSE,NA,NA,"<= day","daily",NA,NA,NA
"1993-03-11",423,FALSE,NA,NA,"<= day","daily",NA,NA,NA
"1993-03-12",423,FALSE,NA,NA,"<= day","daily",NA,NA,NA
"1993-03-13",423,FALSE,NA,NA,"<= day","daily",NA,NA,NA
"1993-03-14",423,FALSE,NA,NA,"<= day","daily",NA,NA,NA
"1993-03-15",423,FALSE,NA,NA,"<= day","daily",NA,NA,NA
"1993-03-16",423,FALSE,NA,NA,"<= day","daily",NA,NA,NA
"1993-03-17",423,FALSE,NA,NA,"<= day","daily",NA,NA,NA
"1993-03-18",421.396,FALSE,NA,NA,"<= day","daily",NA,NA,NA
"1993-03-19",409.75,FALSE,NA,NA,"<= day","daily",NA,NA,NA
"1993-03-20",401.042,FALSE,NA,NA,"<= day","daily",NA,NA,NA
"1993-03-21",405.562,FALSE,NA,NA,"<= day","daily",NA,NA,NA
"1993-03-22",414.573,FALSE,NA,NA,"<= day","daily",NA,NA,NA
"1993-03-23",408.083,FALSE,NA,NA,"<= day","daily",NA,NA,NA
"1993-03-24",388.385,FALSE,NA,NA,"<= day","daily",NA,NA,NA
"1993-03-25",385,FALSE,NA,NA,"<= day","daily",NA,NA,NA
"1993-03-26",385,FALSE,NA,NA,"<= day","daily",NA,NA,NA
"1993-03-27",385,FALSE,NA,NA,"<= day","daily",NA,NA,NA
"1993-03-28",385,FALSE,NA,NA,"<= day","daily",NA,NA,NA
"1993-03-29",385,FALSE,NA,NA,"<= day","daily",NA,NA,NA
"1993-03-30",385,FALSE,NA,NA,"<= day","daily",NA,NA,NA
"1993-03-31",385,FALSE,NA,NA,"<= day","daily",NA,NA,NA
"1993-04-01",385,FALSE,NA,NA,"<= day","daily",NA,NA,NA
"1993-04-02",385,FALSE,NA,NA,"<= day","daily",NA,NA,NA
"1993-04-03",382.594,FALSE,NA,NA,"<= day","daily",NA,NA,NA
"1993-04-04",366.5,FALSE,NA,NA,"<= day","daily",NA,NA,NA
"1993-04-05",361.979,FALSE,NA,NA,"<= day","daily",NA,NA,NA
"1993-04-06",367.5,FALSE,NA,NA,"<= day","daily",NA,NA,NA
"1993-04-07",379.562,FALSE,NA,NA,"<= day","daily",NA,NA,NA
"1993-04-08",363.615,FALSE,NA,NA,"<= day","daily",NA,NA,NA
"1993-04-09",361.042,FALSE,NA,NA,"<= day","daily",NA,NA,NA
"1993-04-10",358.76,FALSE,NA,NA,"<= day","daily",NA,NA,NA
"1993-04-11",372.073,FALSE,NA,NA,"<= day","daily",NA,NA,NA
"1993-04-12",383.375,FALSE,NA,NA,"<= day","daily",NA,NA,NA
"1993-04-13",385,FALSE,NA,NA,"<= day","daily",NA,NA,NA
"1993-04-14",383.51,FALSE,NA,NA,"<= day","daily",NA,NA,NA
"1993-04-15",371.583,FALSE,NA,NA,"<= day","daily",NA,NA,NA
"1993-04-16",355.229,FALSE,NA,NA,"<= day","daily",NA,NA,NA
"1993-04-17",350.406,FALSE,NA,NA,"<= day","daily",NA,NA,NA
"1993-04-18",350,FALSE,NA,NA,"<= day","daily",NA,NA,NA
"1993-04-19",350,FALSE,NA,NA,"<= day","daily",NA,NA,NA
"1993-04-20",350,FALSE,NA,NA,"<= day","daily",NA,NA,NA
"1993-04-21",350,FALSE,NA,NA,"<= day","daily",NA,NA,NA
"1993-04-22",350.688,FALSE,NA,NA,"<= day","daily",NA,NA,NA
"1993-04-23",355.302,FALSE,NA,NA,"<= day","daily",NA,NA,NA
"1993-04-24",356.062,FALSE,NA,NA,"<= day","daily",NA,NA,NA
"1993-04-25",350.948,FALSE,NA,NA,"<= day","daily",NA,NA,NA
"1993-04-26",350,FALSE,NA,NA,"<= day","daily",NA,NA,NA
"1993-04-27",349.542,FALSE,NA,NA,"<= day","daily",NA,NA,NA
"1993-04-28",347,FALSE,NA,NA,"<= day","daily",NA,NA,NA
"1993-04-29",349.917,FALSE,NA,NA,"<= day","daily",NA,NA,NA
"1993-04-30",354.031,FALSE,NA,NA,"<= day","daily",NA,NA,NA
"1993-05-01",360.958,FALSE,NA,NA,"<= day","daily",NA,NA,NA
"1993-05-02",377.052,FALSE,NA,NA,"<= day","daily",NA,NA,NA
"1993-05-03",370.344,FALSE,NA,NA,"<= day","daily",NA,NA,NA
"1993-05-04",380.25,FALSE,NA,NA,"<= day","daily",NA,NA,NA
"1993-05-05",366.74,FALSE,NA,NA,"<= day","daily",NA,NA,NA
"1993-05-06",352.167,FALSE,NA,NA,"<= day","daily",NA,NA,NA
"1993-05-07",350,FALSE,NA,NA,"<= day","daily",NA,NA,NA
"1993-05-08",350,FALSE,NA,NA,"<= day","daily",NA,NA,NA
"1993-05-09",350,FALSE,NA,NA,"<= day","daily",NA,NA,NA
"1993-05-10",350,FALSE,NA,NA,"<= day","daily",NA,NA,NA
"1993-05-11",350,FALSE,NA,NA,"<= day","daily",NA,NA,NA
"1993-05-12",350,FALSE,NA,NA,"<= day","daily",NA,NA,NA
"1993-05-13",350,FALSE,NA,NA,"<= day","daily",NA,NA,NA
"1993-05-14",350,FALSE,NA,NA,"<= day","daily",NA,NA,NA
"1993-05-15",348.969,FALSE,NA,NA,"<= day","daily",NA,NA,NA
"1993-05-16",343.25,FALSE,NA,NA,"<= day","daily",NA,NA,NA
"1993-05-17",348.781,FALSE,NA,NA,"<= day","daily",NA,NA,NA
"1993-05-18",350,FALSE,NA,NA,"<= day","daily",NA,NA,NA
"1993-05-19",350,FALSE,NA,NA,"<= day","daily",NA,NA,NA
"1993-05-20",353.438,FALSE,NA,NA,"<= day","daily",NA,NA,NA
"1993-05-21",374.677,FALSE,NA,NA,"<= day","daily",NA,NA,NA
"1993-05-22",367.969,FALSE,NA,NA,"<= day","daily",NA,NA,NA
"1993-05-23",350.323,FALSE,NA,NA,"<= day","daily",NA,NA,NA
"1993-05-24",349.594,FALSE,NA,NA,"<= day","daily",NA,NA,NA
"1993-05-25",350,FALSE,NA,NA,"<= day","daily",NA,NA,NA
"1993-05-26",350,FALSE,NA,NA,"<= day","daily",NA,NA,NA
"1993-05-27",351.031,FALSE,NA,NA,"<= day","daily",NA,NA,NA
"1993-05-28",356.75,FALSE,NA,NA,"<= day","daily",NA,NA,NA
"1993-05-29",351.219,FALSE,NA,NA,"<= day","daily",NA,NA,NA
"1993-05-30",350,FALSE,NA,NA,"<= day","daily",NA,NA,NA
"1993-05-31",350,FALSE,NA,NA,"<= day","daily",NA,NA,NA
"1993-06-01",350,FALSE,NA,NA,"<= day","daily",NA,NA,NA
"1993-06-02",350,FALSE,NA,NA,"<= day","daily",NA,NA,NA
"1993-06-03",350,FALSE,NA,NA,"<= day","daily",NA,NA,NA
"1993-06-04",350,FALSE,NA,NA,"<= day","daily",NA,NA,NA
"1993-06-05",350,FALSE,NA,NA,"<= day","daily",NA,NA,NA
"1993-06-06",350,FALSE,NA,NA,"<= day","daily",NA,NA,NA
"1993-06-07",349.312,FALSE,NA,NA,"<= day","daily",NA,NA,NA
"1993-06-08",342.635,FALSE,NA,NA,"<= day","daily",NA,NA,NA
"1993-06-09",326.885,FALSE,NA,NA,"<= day","daily",NA,NA,NA
"1993-06-10",319.812,FALSE,NA,NA,"<= day","daily",NA,NA,NA
"1993-06-11",319,FALSE,NA,NA,"<= day","daily",NA,NA,NA
"1993-06-12",319,FALSE,NA,NA,"<= day","daily",NA,NA,NA
"1993-06-13",319,FALSE,NA,NA,"<= day","daily",NA,NA,NA
"1993-06-14",319,FALSE,NA,NA,"<= day","daily",NA,NA,NA
"1993-06-15",319,FALSE,NA,NA,"<= day","daily",NA,NA,NA
"1993-06-16",320.375,FALSE,NA,NA,"<= day","daily",NA,NA,NA
"1993-06-17",330.635,FALSE,NA,NA,"<= day","daily",NA,NA,NA
"1993-06-18",340.396,FALSE,NA,NA,"<= day","daily",NA,NA,NA
"1993-06-19",342.167,FALSE,NA,NA,"<= day","daily",NA,NA,NA
"1993-06-20",350.615,FALSE,NA,NA,"<= day","daily",NA,NA,NA
"1993-06-21",362.802,FALSE,NA,NA,"<= day","daily",NA,NA,NA
"1993-06-22",360.625,FALSE,NA,NA,"<= day","daily",NA,NA,NA
"1993-06-23",370.344,FALSE,NA,NA,"<= day","daily",NA,NA,NA
"1993-06-24",339.74,FALSE,NA,NA,"<= day","daily",NA,NA,NA
"1993-06-25",321.302,FALSE,NA,NA,"<= day","daily",NA,NA,NA
"1993-06-26",319,FALSE,NA,NA,"<= day","daily",NA,NA,NA
"1993-06-27",319,FALSE,NA,NA,"<= day","daily",NA,NA,NA
"1993-06-28",319,FALSE,NA,NA,"<= day","daily",NA,NA,NA
"1993-06-29",318.771,FALSE,NA,NA,"<= day","daily",NA,NA,NA
"1993-06-30",316.01,FALSE,NA,NA,"<= day","daily",NA,NA,NA
"1993-07-01",308.979,FALSE,NA,NA,"<= day","daily",NA,NA,NA
"1993-07-02",317.24,FALSE,NA,NA,"<= day","daily",NA,NA,NA
"1993-07-03",319,FALSE,NA,NA,"<= day","daily",NA,NA,NA
"1993-07-04",319,FALSE,NA,NA,"<= day","daily",NA,NA,NA
"1993-07-05",319,FALSE,NA,NA,"<= day","daily",NA,NA,NA
"1993-07-06",319,FALSE,NA,NA,"<= day","daily",NA,NA,NA
"1993-07-07",319,FALSE,NA,NA,"<= day","daily",NA,NA,NA
"1993-07-08",321.406,FALSE,NA,NA,"<= day","daily",NA,NA,NA
"1993-07-09",337.729,FALSE,NA,NA,"<= day","daily",NA,NA,NA
"1993-07-10",344.438,FALSE,NA,NA,"<= day","daily",NA,NA,NA
"1993-07-11",343,FALSE,NA,NA,"<= day","daily",NA,NA,NA
"1993-07-12",327.021,FALSE,NA,NA,"<= day","daily",NA,NA,NA
"1993-07-13",339.969,FALSE,NA,NA,"<= day","daily",NA,NA,NA
"1993-07-14",335.823,FALSE,NA,NA,"<= day","daily",NA,NA,NA
"1993-07-15",325.229,FALSE,NA,NA,"<= day","daily",NA,NA,NA
"1993-07-16",317.323,FALSE,NA,NA,"<= day","daily",NA,NA,NA
"1993-07-17",329.094,FALSE,NA,NA,"<= day","daily",NA,NA,NA
"1993-07-18",337.792,FALSE,NA,NA,"<= day","daily",NA,NA,NA
"1993-07-19",327.229,FALSE,NA,NA,"<= day","daily",NA,NA,NA
"1993-07-20",319.375,FALSE,NA,NA,"<= day","daily",NA,NA,NA
"1993-07-21",314.906,FALSE,NA,NA,"<= day","daily",NA,NA,NA
"1993-07-22",313.781,FALSE,NA,NA,"<= day","daily",NA,NA,NA
"1993-07-23",300.5,FALSE,NA,NA,"<= day","daily",NA,NA,NA
"1993-07-24",293.75,FALSE,NA,NA,"<= day","daily",NA,NA,NA
"1993-07-25",298.167,FALSE,NA,NA,"<= day","daily",NA,NA,NA
"1993-07-26",298.948,FALSE,NA,NA,"<= day","daily",NA,NA,NA
"1993-07-27",293.083,FALSE,NA,NA,"<= day","daily",NA,NA,NA
"1993-07-28",292,FALSE,NA,NA,"<= day","daily",NA,NA,NA
"1993-07-29",292,FALSE,NA,NA,"<= day","daily",NA,NA,NA
"1993-07-30",294.062,FALSE,NA,NA,"<= day","daily",NA,NA,NA
"1993-07-31",305.5,FALSE,NA,NA,"<= day","daily",NA,NA,NA
"1993-08-01",294.438,FALSE,NA,NA,"<= day","daily",NA,NA,NA
"1993-08-02",292,FALSE,NA,NA,"<= day","daily",NA,NA,NA
"1993-08-03",292.802,FALSE,NA,NA,"<= day","daily",NA,NA,NA
"1993-08-04",300.115,FALSE,NA,NA,"<= day","daily",NA,NA,NA
"1993-08-05",311.698,FALSE,NA,NA,"<= day","daily",NA,NA,NA
"1993-08-06",295.385,FALSE,NA,NA,"<= day","daily",NA,NA,NA
"1993-08-07",292,FALSE,NA,NA,"<= day","daily",NA,NA,NA
"1993-08-08",292,FALSE,NA,NA,"<= day","daily",NA,NA,NA
"1993-08-09",293.833,FALSE,NA,NA,"<= day","daily",NA,NA,NA
"1993-08-10",305.26,FALSE,NA,NA,"<= day","daily",NA,NA,NA
"1993-08-11",302.417,FALSE,NA,NA,"<= day","daily",NA,NA,NA
"1993-08-12",292.458,FALSE,NA,NA,"<= day","daily",NA,NA,NA
"1993-08-13",284.906,FALSE,NA,NA,"<= day","daily",NA,NA,NA
"1993-08-14",288.531,FALSE,NA,NA,"<= day","daily",NA,NA,NA
"1993-08-15",291.594,FALSE,NA,NA,"<= day","daily",NA,NA,NA
"1993-08-16",290.854,FALSE,NA,NA,"<= day","daily",NA,NA,NA
"1993-08-17",283.927,FALSE,NA,NA,"<= day","daily",NA,NA,NA
"1993-08-18",286.896,FALSE,NA,NA,"<= day","daily",NA,NA,NA
"1993-08-19",291.323,FALSE,NA,NA,"<= day","daily",NA,NA,NA
"1993-08-20",292,FALSE,NA,NA,"<= day","daily",NA,NA,NA
"1993-08-21",292,FALSE,NA,NA,"<= day","daily",NA,NA,NA
"1993-08-22",294.865,FALSE,NA,NA,"<= day","daily",NA,NA,NA
"1993-08-23",311.438,FALSE,NA,NA,"<= day","daily",NA,NA,NA
"1993-08-24",299.885,FALSE,NA,NA,"<= day","daily",NA,NA,NA
"1993-08-25",292.812,FALSE,NA,NA,"<= day","daily",NA,NA,NA
"1993-08-26",291.427,FALSE,NA,NA,"<= day","daily",NA,NA,NA
"1993-08-27",287.448,FALSE,NA,NA,"<= day","daily",NA,NA,NA
"1993-08-28",286.073,FALSE,NA,NA,"<= day","daily",NA,NA,NA
"1993-08-29",290.365,FALSE,NA,NA,"<= day","daily",NA,NA,NA
"1993-08-30",287.5,FALSE,NA,NA,"<= day","daily",NA,NA,NA
"1993-08-31",288.896,FALSE,NA,NA,"<= day","daily",NA,NA,NA
"1993-09-01",272.531,FALSE,NA,NA,"<= day","daily",NA,NA,NA
"1993-09-02",257.177,FALSE,NA,NA,"<= day","daily",NA,NA,NA
"1993-09-03",265.104,FALSE,NA,NA,"<= day","daily",NA,NA,NA
"1993-09-04",267,FALSE,NA,NA,"<= day","daily",NA,NA,NA
"1993-09-05",267,FALSE,NA,NA,"<= day","daily",NA,NA,NA
"1993-09-06",267,FALSE,NA,NA,"<= day","daily",NA,NA,NA
"1993-09-07",267,FALSE,NA,NA,"<= day","daily",NA,NA,NA
"1993-09-08",267,FALSE,NA,NA,"<= day","daily",NA,NA,NA
"1993-09-09",267,FALSE,NA,NA,"<= day","daily",NA,NA,NA
"1993-09-10",267,FALSE,NA,NA,"<= day","daily",NA,NA,NA
"1993-09-11",267,FALSE,NA,NA,"<= day","daily",NA,NA,NA
"1993-09-12",267,FALSE,NA,NA,"<= day","daily",NA,NA,NA
"1993-09-13",267,FALSE,NA,NA,"<= day","daily",NA,NA,NA
"1993-09-14",267,FALSE,NA,NA,"<= day","daily",NA,NA,NA
"1993-09-15",264.594,FALSE,NA,NA,"<= day","daily",NA,NA,NA
"1993-09-16",250.219,FALSE,NA,NA,"<= day","daily",NA,NA,NA
"1993-09-17",257.406,FALSE,NA,NA,"<= day","daily",NA,NA,NA
"1993-09-18",265.094,FALSE,NA,NA,"<= day","daily",NA,NA,NA
"1993-09-19",262.5,FALSE,NA,NA,"<= day","daily",NA,NA,NA
"1993-09-20",265.385,FALSE,NA,NA,"<= day","daily",NA,NA,NA
"1993-09-21",259.573,FALSE,NA,NA,"<= day","daily",NA,NA,NA
"1993-09-22",249.51,FALSE,NA,NA,"<= day","daily",NA,NA,NA
"1993-09-23",246.677,FALSE,NA,NA,"<= day","daily",NA,NA,NA
"1993-09-24",245.948,FALSE,NA,NA,"<= day","daily",NA,NA,NA
"1993-09-25",261.729,FALSE,NA,NA,"<= day","daily",NA,NA,NA
"1993-09-26",267.177,FALSE,NA,NA,"<= day","daily",NA,NA,NA
"1993-09-27",259.438,FALSE,NA,NA,"<= day","daily",NA,NA,NA
"1993-09-28",254.833,FALSE,NA,NA,"<= day","daily",NA,NA,NA
"1993-09-29",270.833,FALSE,NA,NA,"<= day","daily",NA,NA,NA
"1993-09-30",268.083,FALSE,NA,NA,"<= day","daily",NA,NA,NA
"1993-10-01",268.26,FALSE,NA,NA,"<= day","daily",NA,NA,NA
"1993-10-02",283.042,FALSE,NA,NA,"<= day","daily",NA,NA,NA
"1993-10-03",322.354,FALSE,NA,NA,"<= day","daily",NA,NA,NA
"1993-10-04",294.958,FALSE,NA,NA,"<= day","daily",NA,NA,NA
"1993-10-05",271.073,FALSE,NA,NA,"<= day","daily",NA,NA,NA
"1993-10-06",271.5,FALSE,NA,NA,"<= day","daily",NA,NA,NA
"1993-10-07",267.812,FALSE,NA,NA,"<= day","daily",NA,NA,NA
"1993-10-08",267.688,FALSE,NA,NA,"<= day","daily",NA,NA,NA
"1993-10-09",271.5,FALSE,NA,NA,"<= day","daily",NA,NA,NA
"1993-10-10",271.594,FALSE,NA,NA,"<= day","daily",NA,NA,NA
"1993-10-11",295.76,FALSE,NA,NA,"<= day","daily",NA,NA,NA
"1993-10-12",303.448,FALSE,NA,NA,"<= day","daily",NA,NA,NA
"1993-10-13",313.823,FALSE,NA,NA,"<= day","daily",NA,NA,NA
"1993-10-14",306.635,FALSE,NA,NA,"<= day","daily",NA,NA,NA
"1993-10-15",294.031,FALSE,NA,NA,"<= day","daily",NA,NA,NA
"1993-10-16",293.833,FALSE,NA,NA,"<= day","daily",NA,NA,NA
"1993-10-17",305.146,FALSE,NA,NA,"<= day","daily",NA,NA,NA
"1993-10-18",298.802,FALSE,NA,NA,"<= day","daily",NA,NA,NA
"1993-10-19",271.74,FALSE,NA,NA,"<= day","daily",NA,NA,NA
"1993-10-20",267,FALSE,NA,NA,"<= day","daily",NA,NA,NA
"1993-10-21",267,FALSE,NA,NA,"<= day","daily",NA,NA,NA
"1993-10-22",269.177,FALSE,NA,NA,"<= day","daily",NA,NA,NA
"1993-10-23",284.115,FALSE,NA,NA,"<= day","daily",NA,NA,NA
"1993-10-24",291.188,FALSE,NA,NA,"<= day","daily",NA,NA,NA
"1993-10-25",289.479,FALSE,NA,NA,"<= day","daily",NA,NA,NA
"1993-10-26",272.635,FALSE,NA,NA,"<= day","daily",NA,NA,NA
"1993-10-27",267.406,FALSE,NA,NA,"<= day","daily",NA,NA,NA
"1993-10-28",267,FALSE,NA,NA,"<= day","daily",NA,NA,NA
"1993-10-29",267,FALSE,NA,NA,"<= day","daily",NA,NA,NA
"1993-10-30",267,FALSE,NA,NA,"<= day","daily",NA,NA,NA
"1993-10-31",267,FALSE,NA,NA,"<= day","daily",NA,NA,NA
"1993-11-01",267,FALSE,NA,NA,"<= day","daily",NA,NA,NA
"1993-11-02",266.312,FALSE,NA,NA,"<= day","daily",NA,NA,NA
"1993-11-03",261.927,FALSE,NA,NA,"<= day","daily",NA,NA,NA
"1993-11-04",262.438,FALSE,NA,NA,"<= day","daily",NA,NA,NA
"1993-11-05",266.323,FALSE,NA,NA,"<= day","daily",NA,NA,NA
"1993-11-06",267,FALSE,NA,NA,"<= day","daily",NA,NA,NA
"1993-11-07",267,FALSE,NA,NA,"<= day","daily",NA,NA,NA
"1993-11-08",267,FALSE,NA,NA,"<= day","daily",NA,NA,NA
"1993-11-09",267,FALSE,NA,NA,"<= day","daily",NA,NA,NA
"1993-11-10",267.458,FALSE,NA,NA,"<= day","daily",NA,NA,NA
"1993-11-11",270,FALSE,NA,NA,"<= day","daily",NA,NA,NA
"1993-11-12",267.542,FALSE,NA,NA,"<= day","daily",NA,NA,NA
"1993-11-13",267,FALSE,NA,NA,"<= day","daily",NA,NA,NA
"1993-11-14",268.833,FALSE,NA,NA,"<= day","daily",NA,NA,NA
"1993-11-15",281.865,FALSE,NA,NA,"<= day","daily",NA,NA,NA
"1993-11-16",290.438,FALSE,NA,NA,"<= day","daily",NA,NA,NA
"1993-11-17",287.573,FALSE,NA,NA,"<= day","daily",NA,NA,NA
"1993-11-18",274.479,FALSE,NA,NA,"<= day","daily",NA,NA,NA
"1993-11-19",267.812,FALSE,NA,NA,"<= day","daily",NA,NA,NA
"1993-11-20",267,FALSE,NA,NA,"<= day","daily",NA,NA,NA
"1993-11-21",267.917,FALSE,NA,NA,"<= day","daily",NA,NA,NA
"1993-11-22",273.344,FALSE,NA,NA,"<= day","daily",NA,NA,NA
"1993-11-23",270.677,FALSE,NA,NA,"<= day","daily",NA,NA,NA
"1993-11-24",269.656,FALSE,NA,NA,"<= day","daily",NA,NA,NA
"1993-11-25",267.406,FALSE,NA,NA,"<= day","daily",NA,NA,NA
"1993-11-26",267,FALSE,NA,NA,"<= day","daily",NA,NA,NA
"1993-11-27",267,FALSE,NA,NA,"<= day","daily",NA,NA,NA
"1993-11-28",267,FALSE,NA,NA,"<= day","daily",NA,NA,NA
"1993-11-29",267,FALSE,NA,NA,"<= day","daily",NA,NA,NA
"1993-11-30",267,FALSE,NA,NA,"<= day","daily",NA,NA,NA
"1993-12-01",267,FALSE,NA,NA,"<= day","daily",NA,NA,NA
"1993-12-02",267,FALSE,NA,NA,"<= day","daily",NA,NA,NA
"1993-12-03",267,FALSE,NA,NA,"<= day","daily",NA,NA,NA
"1993-12-04",267,FALSE,NA,NA,"<= day","daily",NA,NA,NA
"1993-12-05",267,FALSE,NA,NA,"<= day","daily",NA,NA,NA
"1993-12-06",267,FALSE,NA,NA,"<= day","daily",NA,NA,NA
"1993-12-07",267,FALSE,NA,NA,"<= day","daily",NA,NA,NA
"1993-12-08",272.729,FALSE,NA,NA,"<= day","daily",NA,NA,NA
"1993-12-09",311.26,FALSE,NA,NA,"<= day","daily",NA,NA,NA
"1993-12-10",331.427,FALSE,NA,NA,"<= day","daily",NA,NA,NA
"1993-12-11",382.792,FALSE,NA,NA,"<= day","daily",NA,NA,NA
"1993-12-12",436.208,FALSE,NA,NA,"<= day","daily",NA,NA,NA
"1993-12-13",484.031,FALSE,NA,NA,"<= day","daily",NA,NA,NA
"1993-12-14",656.854,FALSE,NA,NA,"<= day","daily",NA,NA,NA
"1993-12-15",662.052,FALSE,NA,NA,"<= day","daily",NA,NA,NA
"1993-12-16",628.885,FALSE,NA,NA,"<= day","daily",NA,NA,NA
"1993-12-17",759.979,FALSE,NA,NA,"<= day","daily",NA,NA,NA
"1993-12-18",918.51,FALSE,NA,NA,"<= day","daily",NA,NA,NA
"1993-12-19",954.792,FALSE,NA,NA,"<= day","daily",NA,NA,NA
"1993-12-20",927.292,FALSE,NA,NA,"<= day","daily",NA,NA,NA
"1993-12-21",976.542,FALSE,NA,NA,"<= day","daily",NA,NA,NA
"1993-12-22",1013.667,FALSE,NA,NA,"<= day","daily",NA,NA,NA
"1993-12-23",1097.719,FALSE,NA,NA,"<= day","daily",NA,NA,NA
"1993-12-24",1115.74,FALSE,NA,NA,"<= day","daily",NA,NA,NA
"1993-12-25",1123.646,FALSE,NA,NA,"<= day","daily",NA,NA,NA
"1993-12-26",1125,FALSE,NA,NA,"<= day","daily",NA,NA,NA
"1993-12-27",1125,FALSE,NA,NA,"<= day","daily",NA,NA,NA
"1993-12-28",1125,FALSE,NA,NA,"<= day","daily",NA,NA,NA
"1993-12-29",1125,FALSE,NA,NA,"<= day","daily",NA,NA,NA
"1993-12-30",1125,FALSE,NA,NA,"<= day","daily",NA,NA,NA
"1993-12-31",1125,FALSE,NA,NA,"<= day","daily",NA,NA,NA
"1994-01-01",1125,FALSE,NA,NA,"<= day","daily",NA,NA,NA
"1994-01-02",1125,FALSE,NA,NA,"<= day","daily",NA,NA,NA
"1994-01-03",1125.344,FALSE,NA,NA,"<= day","daily",NA,NA,NA
"1994-01-04",1127.594,FALSE,NA,NA,"<= day","daily",NA,NA,NA
"1994-01-05",1127.656,FALSE,NA,NA,"<= day","daily",NA,NA,NA
"1994-01-06",1125.406,FALSE,NA,NA,"<= day","daily",NA,NA,NA
"1994-01-07",1125,FALSE,NA,NA,"<= day","daily",NA,NA,NA
"1994-01-08",1125,FALSE,NA,NA,"<= day","daily",NA,NA,NA
"1994-01-09",1125,FALSE,NA,NA,"<= day","daily",NA,NA,NA
"1994-01-10",1125,FALSE,NA,NA,"<= day","daily",NA,NA,NA
"1994-01-11",1125,FALSE,NA,NA,"<= day","daily",NA,NA,NA
"1994-01-12",1130.385,FALSE,NA,NA,"<= day","daily",NA,NA,NA
"1994-01-13",1169.417,FALSE,NA,NA,"<= day","daily",NA,NA,NA
"1994-01-14",1200.531,FALSE,NA,NA,"<= day","daily",NA,NA,NA
"1994-01-15",1201.219,FALSE,NA,NA,"<= day","daily",NA,NA,NA
"1994-01-16",1172.229,FALSE,NA,NA,"<= day","daily",NA,NA,NA
"1994-01-17",1138.865,FALSE,NA,NA,"<= day","daily",NA,NA,NA
"1994-01-18",1126.354,FALSE,NA,NA,"<= day","daily",NA,NA,NA
"1994-01-19",1125,FALSE,NA,NA,"<= day","daily",NA,NA,NA
"1994-01-20",1125,FALSE,NA,NA,"<= day","daily",NA,NA,NA
"1994-01-21",1125,FALSE,NA,NA,"<= day","daily",NA,NA,NA
"1994-01-22",1125,FALSE,NA,NA,"<= day","daily",NA,NA,NA
"1994-01-23",1120.76,FALSE,NA,NA,"<= day","daily",NA,NA,NA
"1994-01-24",1092.667,FALSE,NA,NA,"<= day","daily",NA,NA,NA
"1994-01-25",1085.75,FALSE,NA,NA,"<= day","daily",NA,NA,NA
"1994-01-26",1089.542,FALSE,NA,NA,"<= day","daily",NA,NA,NA
"1994-01-27",1096.167,FALSE,NA,NA,"<= day","daily",NA,NA,NA
"1994-01-28",1059.156,FALSE,NA,NA,"<= day","daily",NA,NA,NA
"1994-01-29",1072.448,FALSE,NA,NA,"<= day","daily",NA,NA,NA
"1994-01-30",1064.469,FALSE,NA,NA,"<= day","daily",NA,NA,NA
"1994-01-31",1047.708,FALSE,NA,NA,"<= day","daily",NA,NA,NA
"1994-02-01",1045,FALSE,NA,NA,"<= day","daily",NA,NA,NA
"1994-02-02",1045,FALSE,NA,NA,"<= day","daily",NA,NA,NA
"1994-02-03",1045,FALSE,NA,NA,"<= day","daily",NA,NA,NA
"1994-02-04",1045,FALSE,NA,NA,"<= day","daily",NA,NA,NA
"1994-02-05",1045,FALSE,NA,NA,"<= day","daily",NA,NA,NA
"1994-02-06",1045,FALSE,NA,NA,"<= day","daily",NA,NA,NA
"1994-02-07",1045,FALSE,NA,NA,"<= day","daily",NA,NA,NA
"1994-02-08",1045,FALSE,NA,NA,"<= day","daily",NA,NA,NA
"1994-02-09",1045.344,FALSE,NA,NA,"<= day","daily",NA,NA,NA
"1994-02-10",1047.25,FALSE,NA,NA,"<= day","daily",NA,NA,NA
"1994-02-11",1045.406,FALSE,NA,NA,"<= day","daily",NA,NA,NA
"1994-02-12",1045,FALSE,NA,NA,"<= day","daily",NA,NA,NA
"1994-02-13",1041.906,FALSE,NA,NA,"<= day","daily",NA,NA,NA
"1994-02-14",1017.76,FALSE,NA,NA,"<= day","daily",NA,NA,NA
"1994-02-15",986.312,FALSE,NA,NA,"<= day","daily",NA,NA,NA
"1994-02-16",965.906,FALSE,NA,NA,"<= day","daily",NA,NA,NA
"1994-02-17",956,FALSE,NA,NA,"<= day","daily",NA,NA,NA
"1994-02-18",935.656,FALSE,NA,NA,"<= day","daily",NA,NA,NA
"1994-02-19",889.854,FALSE,NA,NA,"<= day","daily",NA,NA,NA
"1994-02-20",882,FALSE,NA,NA,"<= day","daily",NA,NA,NA
"1994-02-21",882,FALSE,NA,NA,"<= day","daily",NA,NA,NA
"1994-02-22",882,FALSE,NA,NA,"<= day","daily",NA,NA,NA
"1994-02-23",888.646,FALSE,NA,NA,"<= day","daily",NA,NA,NA
"1994-02-24",939.938,FALSE,NA,NA,"<= day","daily",NA,NA,NA
"1994-02-25",993.75,FALSE,NA,NA,"<= day","daily",NA,NA,NA
"1994-02-26",970.646,FALSE,NA,NA,"<= day","daily",NA,NA,NA
"1994-02-27",971.594,FALSE,NA,NA,"<= day","daily",NA,NA,NA
"1994-02-28",985.062,FALSE,NA,NA,"<= day","daily",NA,NA,NA
"1994-03-01",967.656,FALSE,NA,NA,"<= day","daily",NA,NA,NA
"1994-03-02",964,FALSE,NA,NA,"<= day","daily",NA,NA,NA
"1994-03-03",964,FALSE,NA,NA,"<= day","daily",NA,NA,NA
"1994-03-04",964,FALSE,NA,NA,"<= day","daily",NA,NA,NA
"1994-03-05",964,FALSE,NA,NA,"<= day","daily",NA,NA,NA
"1994-03-06",957.24,FALSE,NA,NA,"<= day","daily",NA,NA,NA
"1994-03-07",912.646,FALSE,NA,NA,"<= day","daily",NA,NA,NA
"1994-03-08",909.51,FALSE,NA,NA,"<= day","daily",NA,NA,NA
"1994-03-09",952.052,FALSE,NA,NA,"<= day","daily",NA,NA,NA
"1994-03-10",931.354,FALSE,NA,NA,"<= day","daily",NA,NA,NA
"1994-03-11",888.906,FALSE,NA,NA,"<= day","daily",NA,NA,NA
"1994-03-12",882,FALSE,NA,NA,"<= day","daily",NA,NA,NA
"1994-03-13",882,FALSE,NA,NA,"<= day","daily",NA,NA,NA
"1994-03-14",882,FALSE,NA,NA,"<= day","daily",NA,NA,NA
"1994-03-15",882,FALSE,NA,NA,"<= day","daily",NA,NA,NA
"1994-03-16",882,FALSE,NA,NA,"<= day","daily",NA,NA,NA
"1994-03-17",882,FALSE,NA,NA,"<= day","daily",NA,NA,NA
"1994-03-18",882,FALSE,NA,NA,"<= day","daily",NA,NA,NA
"1994-03-19",882,FALSE,NA,NA,"<= day","daily",NA,NA,NA
"1994-03-20",882,FALSE,NA,NA,"<= day","daily",NA,NA,NA
"1994-03-21",882,FALSE,NA,NA,"<= day","daily",NA,NA,NA
"1994-03-22",882,FALSE,NA,NA,"<= day","daily",NA,NA,NA
"1994-03-23",882,FALSE,NA,NA,"<= day","daily",NA,NA,NA
"1994-03-24",882,FALSE,NA,NA,"<= day","daily",NA,NA,NA
"1994-03-25",882,FALSE,NA,NA,"<= day","daily",NA,NA,NA
"1994-03-26",882,FALSE,NA,NA,"<= day","daily",NA,NA,NA
"1994-03-27",882,FALSE,NA,NA,"<= day","daily",NA,NA,NA
"1994-03-28",882,FALSE,NA,NA,"<= day","daily",NA,NA,NA
"1994-03-29",882,FALSE,NA,NA,"<= day","daily",NA,NA,NA
"1994-03-30",882,FALSE,NA,NA,"<= day","daily",NA,NA,NA
"1994-03-31",882,FALSE,NA,NA,"<= day","daily",NA,NA,NA
"1994-04-01",882,FALSE,NA,NA,"<= day","daily",NA,NA,NA
"1994-04-02",882,FALSE,NA,NA,"<= day","daily",NA,NA,NA
"1994-04-03",882,FALSE,NA,NA,"<= day","daily",NA,NA,NA
"1994-04-04",882,FALSE,NA,NA,"<= day","daily",NA,NA,NA
"1994-04-05",882,FALSE,NA,NA,"<= day","daily",NA,NA,NA
"1994-04-06",882,FALSE,NA,NA,"<= day","daily",NA,NA,NA
"1994-04-07",882,FALSE,NA,NA,"<= day","daily",NA,NA,NA
"1994-04-08",882,FALSE,NA,NA,"<= day","daily",NA,NA,NA
"1994-04-09",882,FALSE,NA,NA,"<= day","daily",NA,NA,NA
"1994-04-10",882,FALSE,NA,NA,"<= day","daily",NA,NA,NA
"1994-04-11",882,FALSE,NA,NA,"<= day","daily",NA,NA,NA
"1994-04-12",887.844,FALSE,NA,NA,"<= day","daily",NA,NA,NA
"1994-04-13",929.99,FALSE,NA,NA,"<= day","daily",NA,NA,NA
"1994-04-14",971.333,FALSE,NA,NA,"<= day","daily",NA,NA,NA
"1994-04-15",1034.438,FALSE,NA,NA,"<= day","daily",NA,NA,NA
"1994-04-16",1045,FALSE,NA,NA,"<= day","daily",NA,NA,NA
"1994-04-17",1045,FALSE,NA,NA,"<= day","daily",NA,NA,NA
"1994-04-18",1045,FALSE,NA,NA,"<= day","daily",NA,NA,NA
"1994-04-19",1045,FALSE,NA,NA,"<= day","daily",NA,NA,NA
"1994-04-20",1045,FALSE,NA,NA,"<= day","daily",NA,NA,NA
"1994-04-21",1045,FALSE,NA,NA,"<= day","daily",NA,NA,NA
"1994-04-22",1045,FALSE,NA,NA,"<= day","daily",NA,NA,NA
"1994-04-23",1045,FALSE,NA,NA,"<= day","daily",NA,NA,NA
"1994-04-24",1044.198,FALSE,NA,NA,"<= day","daily",NA,NA,NA
"1994-04-25",1030.469,FALSE,NA,NA,"<= day","daily",NA,NA,NA
"1994-04-26",974.021,FALSE,NA,NA,"<= day","daily",NA,NA,NA
"1994-04-27",964,FALSE,NA,NA,"<= day","daily",NA,NA,NA
"1994-04-28",964,FALSE,NA,NA,"<= day","daily",NA,NA,NA
"1994-04-29",964,FALSE,NA,NA,"<= day","daily",NA,NA,NA
"1994-04-30",964,FALSE,NA,NA,"<= day","daily",NA,NA,NA
"1994-05-01",964,FALSE,NA,NA,"<= day","daily",NA,NA,NA
"1994-05-02",964,FALSE,NA,NA,"<= day","daily",NA,NA,NA
"1994-05-03",964,FALSE,NA,NA,"<= day","daily",NA,NA,NA
"1994-05-04",964,FALSE,NA,NA,"<= day","daily",NA,NA,NA
"1994-05-05",961.938,FALSE,NA,NA,"<= day","daily",NA,NA,NA
"1994-05-06",941.104,FALSE,NA,NA,"<= day","daily",NA,NA,NA
"1994-05-07",890.667,FALSE,NA,NA,"<= day","daily",NA,NA,NA
"1994-05-08",885.438,FALSE,NA,NA,"<= day","daily",NA,NA,NA
"1994-05-09",904.5,FALSE,NA,NA,"<= day","daily",NA,NA,NA
"1994-05-10",886.062,FALSE,NA,NA,"<= day","daily",NA,NA,NA
"1994-05-11",882,FALSE,NA,NA,"<= day","daily",NA,NA,NA
"1994-05-12",882,FALSE,NA,NA,"<= day","daily",NA,NA,NA
"1994-05-13",882,FALSE,NA,NA,"<= day","daily",NA,NA,NA
"1994-05-14",877.302,FALSE,NA,NA,"<= day","daily",NA,NA,NA
"1994-05-15",841.854,FALSE,NA,NA,"<= day","daily",NA,NA,NA
"1994-05-16",805.552,FALSE,NA,NA,"<= day","daily",NA,NA,NA
"1994-05-17",800,FALSE,NA,NA,"<= day","daily",NA,NA,NA
"1994-05-18",818.677,FALSE,NA,NA,"<= day","daily",NA,NA,NA
"1994-05-19",959.49,FALSE,NA,NA,"<= day","daily",NA,NA,NA
"1994-05-20",1103.062,FALSE,NA,NA,"<= day","daily",NA,NA,NA
"1994-05-21",1125,FALSE,NA,NA,"<= day","daily",NA,NA,NA
"1994-05-22",1125,FALSE,NA,NA,"<= day","daily",NA,NA,NA
"1994-05-23",1125,FALSE,NA,NA,"<= day","daily",NA,NA,NA
"1994-05-24",1125,FALSE,NA,NA,"<= day","daily",NA,NA,NA
"1994-05-25",1125,FALSE,NA,NA,"<= day","daily",NA,NA,NA
"1994-05-26",1125,FALSE,NA,NA,"<= day","daily",NA,NA,NA
"1994-05-27",1125,FALSE,NA,NA,"<= day","daily",NA,NA,NA
"1994-05-28",1125,FALSE,NA,NA,"<= day","daily",NA,NA,NA
"1994-05-29",1125,FALSE,NA,NA,"<= day","daily",NA,NA,NA
"1994-05-30",1125,FALSE,NA,NA,"<= day","daily",NA,NA,NA
"1994-05-31",1125,FALSE,NA,NA,"<= day","daily",NA,NA,NA
"1994-06-01",1118.469,FALSE,NA,NA,"<= day","daily",NA,NA,NA
"1994-06-02",1073.083,FALSE,NA,NA,"<= day","daily",NA,NA,NA
"1994-06-03",1048.115,FALSE,NA,NA,"<= day","daily",NA,NA,NA
"1994-06-04",1045,FALSE,NA,NA,"<= day","daily",NA,NA,NA
"1994-06-05",1045,FALSE,NA,NA,"<= day","daily",NA,NA,NA
"1994-06-06",1045,FALSE,NA,NA,"<= day","daily",NA,NA,NA
"1994-06-07",1045,FALSE,NA,NA,"<= day","daily",NA,NA,NA
"1994-06-08",1045,FALSE,NA,NA,"<= day","daily",NA,NA,NA
"1994-06-09",1045,FALSE,NA,NA,"<= day","daily",NA,NA,NA
"1994-06-10",1043.396,FALSE,NA,NA,"<= day","daily",NA,NA,NA
"1994-06-11",1025.219,FALSE,NA,NA,"<= day","daily",NA,NA,NA
"1994-06-12",973.073,FALSE,NA,NA,"<= day","daily",NA,NA,NA
"1994-06-13",964,FALSE,NA,NA,"<= day","daily",NA,NA,NA
"1994-06-14",964,FALSE,NA,NA,"<= day","daily",NA,NA,NA
"1994-06-15",964,FALSE,NA,NA,"<= day","daily",NA,NA,NA
"1994-06-16",964,FALSE,NA,NA,"<= day","daily",NA,NA,NA
"1994-06-17",962.74,FALSE,NA,NA,"<= day","daily",NA,NA,NA
"1994-06-18",947.5,FALSE,NA,NA,"<= day","daily",NA,NA,NA
"1994-06-19",903.01,FALSE,NA,NA,"<= day","daily",NA,NA,NA
"1994-06-20",910.344,FALSE,NA,NA,"<= day","daily",NA,NA,NA
"1994-06-21",886.958,FALSE,NA,NA,"<= day","daily",NA,NA,NA
"1994-06-22",812.865,FALSE,NA,NA,"<= day","daily",NA,NA,NA
"1994-06-23",800,FALSE,NA,NA,"<= day","daily",NA,NA,NA
"1994-06-24",800,FALSE,NA,NA,"<= day","daily",NA,NA,NA
"1994-06-25",800,FALSE,NA,NA,"<= day","daily",NA,NA,NA
"1994-06-26",800,FALSE,NA,NA,"<= day","daily",NA,NA,NA
"1994-06-27",819.135,FALSE,NA,NA,"<= day","daily",NA,NA,NA
"1994-06-28",946.333,FALSE,NA,NA,"<= day","daily",NA,NA,NA
"1994-06-29",979.406,FALSE,NA,NA,"<= day","daily",NA,NA,NA
"1994-06-30",966.708,FALSE,NA,NA,"<= day","daily",NA,NA,NA
"1994-07-01",958.042,FALSE,NA,NA,"<= day","daily",NA,NA,NA
"1994-07-02",915.604,FALSE,NA,NA,"<= day","daily",NA,NA,NA
"1994-07-03",886.062,FALSE,NA,NA,"<= day","daily",NA,NA,NA
"1994-07-04",882,FALSE,NA,NA,"<= day","daily",NA,NA,NA
"1994-07-05",878.104,FALSE,NA,NA,"<= day","daily",NA,NA,NA
"1994-07-06",856.5,FALSE,NA,NA,"<= day","daily",NA,NA,NA
"1994-07-07",871.094,FALSE,NA,NA,"<= day","daily",NA,NA,NA
"1994-07-08",831.354,FALSE,NA,NA,"<= day","daily",NA,NA,NA
"1994-07-09",803.656,FALSE,NA,NA,"<= day","daily",NA,NA,NA
"1994-07-10",800,FALSE,NA,NA,"<= day","daily",NA,NA,NA
"1994-07-11",800,FALSE,NA,NA,"<= day","daily",NA,NA,NA
"1994-07-12",800,FALSE,NA,NA,"<= day","daily",NA,NA,NA
"1994-07-13",801.948,FALSE,NA,NA,"<= day","daily",NA,NA,NA
"1994-07-14",822.146,FALSE,NA,NA,"<= day","daily",NA,NA,NA
"1994-07-15",873.198,FALSE,NA,NA,"<= day","daily",NA,NA,NA
"1994-07-16",880.052,FALSE,NA,NA,"<= day","daily",NA,NA,NA
"1994-07-17",859.052,FALSE,NA,NA,"<= day","daily",NA,NA,NA
"1994-07-18",796.677,FALSE,NA,NA,"<= day","daily",NA,NA,NA
"1994-07-19",778.573,FALSE,NA,NA,"<= day","daily",NA,NA,NA
"1994-07-20",980.448,FALSE,NA,NA,"<= day","daily",NA,NA,NA
"1994-07-21",1033.354,FALSE,NA,NA,"<= day","daily",NA,NA,NA
"1994-07-22",983.417,FALSE,NA,NA,"<= day","daily",NA,NA,NA
"1994-07-23",933.521,FALSE,NA,NA,"<= day","daily",NA,NA,NA
"1994-07-24",886.156,FALSE,NA,NA,"<= day","daily",NA,NA,NA
"1994-07-25",864,FALSE,NA,NA,"<= day","daily",NA,NA,NA
"1994-07-26",878.75,FALSE,NA,NA,"<= day","daily",NA,NA,NA
"1994-07-27",875.698,FALSE,NA,NA,"<= day","daily",NA,NA,NA
"1994-07-28",832.5,FALSE,NA,NA,"<= day","daily",NA,NA,NA
"1994-07-29",811.156,FALSE,NA,NA,"<= day","daily",NA,NA,NA
"1994-07-30",801.354,FALSE,NA,NA,"<= day","daily",NA,NA,NA
"1994-07-31",812.833,FALSE,NA,NA,"<= day","daily",NA,NA,NA
"1994-08-01",899.583,FALSE,NA,NA,"<= day","daily",NA,NA,NA
"1994-08-02",926.562,FALSE,NA,NA,"<= day","daily",NA,NA,NA
"1994-08-03",881.865,FALSE,NA,NA,"<= day","daily",NA,NA,NA
"1994-08-04",823.854,FALSE,NA,NA,"<= day","daily",NA,NA,NA
"1994-08-05",802.302,FALSE,NA,NA,"<= day","daily",NA,NA,NA
"1994-08-06",800,FALSE,NA,NA,"<= day","daily",NA,NA,NA
"1994-08-07",800,FALSE,NA,NA,"<= day","daily",NA,NA,NA
"1994-08-08",800,FALSE,NA,NA,"<= day","daily",NA,NA,NA
"1994-08-09",800,FALSE,NA,NA,"<= day","daily",NA,NA,NA
"1994-08-10",803.094,FALSE,NA,NA,"<= day","daily",NA,NA,NA
"1994-08-11",815.667,FALSE,NA,NA,"<= day","daily",NA,NA,NA
"1994-08-12",764.604,FALSE,NA,NA,"<= day","daily",NA,NA,NA
"1994-08-13",726.281,FALSE,NA,NA,"<= day","daily",NA,NA,NA
"1994-08-14",721,FALSE,NA,NA,"<= day","daily",NA,NA,NA
"1994-08-15",721,FALSE,NA,NA,"<= day","daily",NA,NA,NA
"1994-08-16",721,FALSE,NA,NA,"<= day","daily",NA,NA,NA
"1994-08-17",721,FALSE,NA,NA,"<= day","daily",NA,NA,NA
"1994-08-18",720.542,FALSE,NA,NA,"<= day","daily",NA,NA,NA
"1994-08-19",708.948,FALSE,NA,NA,"<= day","daily",NA,NA,NA
"1994-08-20",652.156,FALSE,NA,NA,"<= day","daily",NA,NA,NA
"1994-08-21",642,FALSE,NA,NA,"<= day","daily",NA,NA,NA
"1994-08-22",642,FALSE,NA,NA,"<= day","daily",NA,NA,NA
"1994-08-23",644.979,FALSE,NA,NA,"<= day","daily",NA,NA,NA
"1994-08-24",670.552,FALSE,NA,NA,"<= day","daily",NA,NA,NA
"1994-08-25",713.823,FALSE,NA,NA,"<= day","daily",NA,NA,NA
"1994-08-26",716.875,FALSE,NA,NA,"<= day","daily",NA,NA,NA
"1994-08-27",684.948,FALSE,NA,NA,"<= day","daily",NA,NA,NA
"1994-08-28",647.823,FALSE,NA,NA,"<= day","daily",NA,NA,NA
"1994-08-29",642,FALSE,NA,NA,"<= day","daily",NA,NA,NA
"1994-08-30",642,FALSE,NA,NA,"<= day","daily",NA,NA,NA
"1994-08-31",642,FALSE,NA,NA,"<= day","daily",NA,NA,NA
"1994-09-01",642,FALSE,NA,NA,"<= day","daily",NA,NA,NA
"1994-09-02",642,FALSE,NA,NA,"<= day","daily",NA,NA,NA
"1994-09-03",642,FALSE,NA,NA,"<= day","daily",NA,NA,NA
"1994-09-04",642,FALSE,NA,NA,"<= day","daily",NA,NA,NA
"1994-09-05",640.74,FALSE,NA,NA,"<= day","daily",NA,NA,NA
"1994-09-06",633.75,FALSE,NA,NA,"<= day","daily",NA,NA,NA
"1994-09-07",640.854,FALSE,NA,NA,"<= day","daily",NA,NA,NA
"1994-09-08",651.698,FALSE,NA,NA,"<= day","daily",NA,NA,NA
"1994-09-09",691.156,FALSE,NA,NA,"<= day","daily",NA,NA,NA
"1994-09-10",650.802,FALSE,NA,NA,"<= day","daily",NA,NA,NA
"1994-09-11",639.708,FALSE,NA,NA,"<= day","daily",NA,NA,NA
"1994-09-12",619.208,FALSE,NA,NA,"<= day","daily",NA,NA,NA
"1994-09-13",581.531,FALSE,NA,NA,"<= day","daily",NA,NA,NA
"1994-09-14",595.99,FALSE,NA,NA,"<= day","daily",NA,NA,NA
"1994-09-15",682.76,FALSE,NA,NA,"<= day","daily",NA,NA,NA
"1994-09-16",650.802,FALSE,NA,NA,"<= day","daily",NA,NA,NA
"1994-09-17",642,FALSE,NA,NA,"<= day","daily",NA,NA,NA
"1994-09-18",642,FALSE,NA,NA,"<= day","daily",NA,NA,NA
"1994-09-19",638.792,FALSE,NA,NA,"<= day","daily",NA,NA,NA
"1994-09-20",620.312,FALSE,NA,NA,"<= day","daily",NA,NA,NA
"1994-09-21",627.521,FALSE,NA,NA,"<= day","daily",NA,NA,NA
"1994-09-22",592.896,FALSE,NA,NA,"<= day","daily",NA,NA,NA
"1994-09-23",575.896,FALSE,NA,NA,"<= day","daily",NA,NA,NA
"1994-09-24",574,FALSE,NA,NA,"<= day","daily",NA,NA,NA
"1994-09-25",574,FALSE,NA,NA,"<= day","daily",NA,NA,NA
"1994-09-26",581.104,FALSE,NA,NA,"<= day","daily",NA,NA,NA
"1994-09-27",631.271,FALSE,NA,NA,"<= day","daily",NA,NA,NA
"1994-09-28",652.896,FALSE,NA,NA,"<= day","daily",NA,NA,NA
"1994-09-29",586.729,FALSE,NA,NA,"<= day","daily",NA,NA,NA
"1994-09-30",574,FALSE,NA,NA,"<= day","daily",NA,NA,NA
"1994-10-01",575.948,FALSE,NA,NA,"<= day","daily",NA,NA,NA
"1994-10-02",588.01,FALSE,NA,NA,"<= day","daily",NA,NA,NA
"1994-10-03",592.344,FALSE,NA,NA,"<= day","daily",NA,NA,NA
"1994-10-04",634.281,FALSE,NA,NA,"<= day","daily",NA,NA,NA
"1994-10-05",634.208,FALSE,NA,NA,"<= day","daily",NA,NA,NA
"1994-10-06",583.208,FALSE,NA,NA,"<= day","daily",NA,NA,NA
"1994-10-07",574,FALSE,NA,NA,"<= day","daily",NA,NA,NA
"1994-10-08",574,FALSE,NA,NA,"<= day","daily",NA,NA,NA
"1994-10-09",570.677,FALSE,NA,NA,"<= day","daily",NA,NA,NA
"1994-10-10",551.448,FALSE,NA,NA,"<= day","daily",NA,NA,NA
"1994-10-11",564.823,FALSE,NA,NA,"<= day","daily",NA,NA,NA
"1994-10-12",573.052,FALSE,NA,NA,"<= day","daily",NA,NA,NA
"1994-10-13",574,FALSE,NA,NA,"<= day","daily",NA,NA,NA
"1994-10-14",574,FALSE,NA,NA,"<= day","daily",NA,NA,NA
"1994-10-15",570.104,FALSE,NA,NA,"<= day","daily",NA,NA,NA
"1994-10-16",546.552,FALSE,NA,NA,"<= day","daily",NA,NA,NA
"1994-10-17",553.323,FALSE,NA,NA,"<= day","daily",NA,NA,NA
"1994-10-18",543.188,FALSE,NA,NA,"<= day","daily",NA,NA,NA
"1994-10-19",519.292,FALSE,NA,NA,"<= day","daily",NA,NA,NA
"1994-10-20",521.885,FALSE,NA,NA,"<= day","daily",NA,NA,NA
"1994-10-21",552.812,FALSE,NA,NA,"<= day","daily",NA,NA,NA
"1994-10-22",540.26,FALSE,NA,NA,"<= day","daily",NA,NA,NA
"1994-10-23",545.156,FALSE,NA,NA,"<= day","daily",NA,NA,NA
"1994-10-24",532.354,FALSE,NA,NA,"<= day","daily",NA,NA,NA
"1994-10-25",517.302,FALSE,NA,NA,"<= day","daily",NA,NA,NA
"1994-10-26",515,FALSE,NA,NA,"<= day","daily",NA,NA,NA
"1994-10-27",515,FALSE,NA,NA,"<= day","daily",NA,NA,NA
"1994-10-28",515,FALSE,NA,NA,"<= day","daily",NA,NA,NA
"1994-10-29",515,FALSE,NA,NA,"<= day","daily",NA,NA,NA
"1994-10-30",515,FALSE,NA,NA,"<= day","daily",NA,NA,NA
"1994-10-31",515,FALSE,NA,NA,"<= day","daily",NA,NA,NA
"1994-11-01",515,FALSE,NA,NA,"<= day","daily",NA,NA,NA
"1994-11-02",515,FALSE,NA,NA,"<= day","daily",NA,NA,NA
"1994-11-03",515,FALSE,NA,NA,"<= day","daily",NA,NA,NA
"1994-11-04",515,FALSE,NA,NA,"<= day","daily",NA,NA,NA
"1994-11-05",515,FALSE,NA,NA,"<= day","daily",NA,NA,NA
"1994-11-06",515,FALSE,NA,NA,"<= day","daily",NA,NA,NA
"1994-11-07",515,FALSE,NA,NA,"<= day","daily",NA,NA,NA
"1994-11-08",515,FALSE,NA,NA,"<= day","daily",NA,NA,NA
"1994-11-09",515,FALSE,NA,NA,"<= day","daily",NA,NA,NA
"1994-11-10",515,FALSE,NA,NA,"<= day","daily",NA,NA,NA
"1994-11-11",515,FALSE,NA,NA,"<= day","daily",NA,NA,NA
"1994-11-12",509.271,FALSE,NA,NA,"<= day","daily",NA,NA,NA
"1994-11-13",471.771,FALSE,NA,NA,"<= day","daily",NA,NA,NA
"1994-11-14",465,FALSE,NA,NA,"<= day","daily",NA,NA,NA
"1994-11-15",465,FALSE,NA,NA,"<= day","daily",NA,NA,NA
"1994-11-16",465,FALSE,NA,NA,"<= day","daily",NA,NA,NA
"1994-11-17",465,FALSE,NA,NA,"<= day","daily",NA,NA,NA
"1994-11-18",465,FALSE,NA,NA,"<= day","daily",NA,NA,NA
"1994-11-19",465,FALSE,NA,NA,"<= day","daily",NA,NA,NA
"1994-11-20",465,FALSE,NA,NA,"<= day","daily",NA,NA,NA
"1994-11-21",465,FALSE,NA,NA,"<= day","daily",NA,NA,NA
"1994-11-22",465,FALSE,NA,NA,"<= day","daily",NA,NA,NA
"1994-11-23",465,FALSE,NA,NA,"<= day","daily",NA,NA,NA
"1994-11-24",460.188,FALSE,NA,NA,"<= day","daily",NA,NA,NA
"1994-11-25",428.917,FALSE,NA,NA,"<= day","daily",NA,NA,NA
"1994-11-26",429.312,FALSE,NA,NA,"<= day","daily",NA,NA,NA
"1994-11-27",459.583,FALSE,NA,NA,"<= day","daily",NA,NA,NA
"1994-11-28",465,FALSE,NA,NA,"<= day","daily",NA,NA,NA
"1994-11-29",463.396,FALSE,NA,NA,"<= day","daily",NA,NA,NA
"1994-11-30",449.688,FALSE,NA,NA,"<= day","daily",NA,NA,NA
"1994-12-01",426.792,FALSE,NA,NA,"<= day","daily",NA,NA,NA
"1994-12-02",423,FALSE,NA,NA,"<= day","daily",NA,NA,NA
"1994-12-03",423,FALSE,NA,NA,"<= day","daily",NA,NA,NA
"1994-12-04",425.406,FALSE,NA,NA,"<= day","daily",NA,NA,NA
"1994-12-05",443.562,FALSE,NA,NA,"<= day","daily",NA,NA,NA
"1994-12-06",462.156,FALSE,NA,NA,"<= day","daily",NA,NA,NA
"1994-12-07",465,FALSE,NA,NA,"<= day","daily",NA,NA,NA
"1994-12-08",465,FALSE,NA,NA,"<= day","daily",NA,NA,NA
"1994-12-09",465,FALSE,NA,NA,"<= day","daily",NA,NA,NA
"1994-12-10",465,FALSE,NA,NA,"<= day","daily",NA,NA,NA
"1994-12-11",465,FALSE,NA,NA,"<= day","daily",NA,NA,NA
"1994-12-12",465,FALSE,NA,NA,"<= day","daily",NA,NA,NA
"1994-12-13",465,FALSE,NA,NA,"<= day","daily",NA,NA,NA
"1994-12-14",460.188,FALSE,NA,NA,"<= day","daily",NA,NA,NA
"1994-12-15",428.688,FALSE,NA,NA,"<= day","daily",NA,NA,NA
"1994-12-16",423,FALSE,NA,NA,"<= day","daily",NA,NA,NA
"1994-12-17",423,FALSE,NA,NA,"<= day","daily",NA,NA,NA
"1994-12-18",423,FALSE,NA,NA,"<= day","daily",NA,NA,NA
"1994-12-19",423,FALSE,NA,NA,"<= day","daily",NA,NA,NA
"1994-12-20",423,FALSE,NA,NA,"<= day","daily",NA,NA,NA
"1994-12-21",423,FALSE,NA,NA,"<= day","daily",NA,NA,NA
"1994-12-22",423,FALSE,NA,NA,"<= day","daily",NA,NA,NA
"1994-12-23",423,FALSE,NA,NA,"<= day","daily",NA,NA,NA
"1994-12-24",423,FALSE,NA,NA,"<= day","daily",NA,NA,NA
"1994-12-25",423,FALSE,NA,NA,"<= day","daily",NA,NA,NA
"1994-12-26",423,FALSE,NA,NA,"<= day","daily",NA,NA,NA
"1994-12-27",426.438,FALSE,NA,NA,"<= day","daily",NA,NA,NA
"1994-12-28",450.312,FALSE,NA,NA,"<= day","daily",NA,NA,NA
"1994-12-29",463.375,FALSE,NA,NA,"<= day","daily",NA,NA,NA
"1994-12-30",465,FALSE,NA,NA,"<= day","daily",NA,NA,NA
"1994-12-31",472.104,FALSE,NA,NA,"<= day","daily",NA,NA,NA
"1995-01-01",517.229,FALSE,NA,NA,"<= day","daily",NA,NA,NA
"1995-01-02",515.708,FALSE,NA,NA,"<= day","daily",NA,NA,NA
"1995-01-03",503.271,FALSE,NA,NA,"<= day","daily",NA,NA,NA
"1995-01-04",470.688,FALSE,NA,NA,"<= day","daily",NA,NA,NA
"1995-01-05",465,FALSE,NA,NA,"<= day","daily",NA,NA,NA
"1995-01-06",465,FALSE,NA,NA,"<= day","daily",NA,NA,NA
"1995-01-07",465,FALSE,NA,NA,"<= day","daily",NA,NA,NA
"1995-01-08",465,FALSE,NA,NA,"<= day","daily",NA,NA,NA
"1995-01-09",468.781,FALSE,NA,NA,"<= day","daily",NA,NA,NA
"1995-01-10",507.51,FALSE,NA,NA,"<= day","daily",NA,NA,NA
"1995-01-11",609.781,FALSE,NA,NA,"<= day","daily",NA,NA,NA
"1995-01-12",663.771,FALSE,NA,NA,"<= day","daily",NA,NA,NA
"1995-01-13",639.708,FALSE,NA,NA,"<= day","daily",NA,NA,NA
"1995-01-14",589.958,FALSE,NA,NA,"<= day","daily",NA,NA,NA
"1995-01-15",575.219,FALSE,NA,NA,"<= day","daily",NA,NA,NA
"1995-01-16",574,FALSE,NA,NA,"<= day","daily",NA,NA,NA
"1995-01-17",574,FALSE,NA,NA,"<= day","daily",NA,NA,NA
"1995-01-18",574,FALSE,NA,NA,"<= day","daily",NA,NA,NA
"1995-01-19",574,FALSE,NA,NA,"<= day","daily",NA,NA,NA
"1995-01-20",574,FALSE,NA,NA,"<= day","daily",NA,NA,NA
"1995-01-21",589.927,FALSE,NA,NA,"<= day","daily",NA,NA,NA
"1995-01-22",725.573,FALSE,NA,NA,"<= day","daily",NA,NA,NA
"1995-01-23",956.542,FALSE,NA,NA,"<= day","daily",NA,NA,NA
"1995-01-24",1044.365,FALSE,NA,NA,"<= day","daily",NA,NA,NA
"1995-01-25",1101.417,FALSE,NA,NA,"<= day","daily",NA,NA,NA
"1995-01-26",1122.698,FALSE,NA,NA,"<= day","daily",NA,NA,NA
"1995-01-27",1132.219,FALSE,NA,NA,"<= day","daily",NA,NA,NA
"1995-01-28",1181.417,FALSE,NA,NA,"<= day","daily",NA,NA,NA
"1995-01-29",1202.698,FALSE,NA,NA,"<= day","daily",NA,NA,NA
"1995-01-30",1205,FALSE,NA,NA,"<= day","daily",NA,NA,NA
"1995-01-31",1205,FALSE,NA,NA,"<= day","daily",NA,NA,NA
"1995-02-01",1205,FALSE,NA,NA,"<= day","daily",NA,NA,NA
"1995-02-02",1205,FALSE,NA,NA,"<= day","daily",NA,NA,NA
"1995-02-03",1205,FALSE,NA,NA,"<= day","daily",NA,NA,NA
"1995-02-04",1195.833,FALSE,NA,NA,"<= day","daily",NA,NA,NA
"1995-02-05",1135.833,FALSE,NA,NA,"<= day","daily",NA,NA,NA
"1995-02-06",1125,FALSE,NA,NA,"<= day","daily",NA,NA,NA
"1995-02-07",1125,FALSE,NA,NA,"<= day","daily",NA,NA,NA
"1995-02-08",1125,FALSE,NA,NA,"<= day","daily",NA,NA,NA
"1995-02-09",1125,FALSE,NA,NA,"<= day","daily",NA,NA,NA
"1995-02-10",1125,FALSE,NA,NA,"<= day","daily",NA,NA,NA
"1995-02-11",1125,FALSE,NA,NA,"<= day","daily",NA,NA,NA
"1995-02-12",1125,FALSE,NA,NA,"<= day","daily",NA,NA,NA
"1995-02-13",1125,FALSE,NA,NA,"<= day","daily",NA,NA,NA
"1995-02-14",1125,FALSE,NA,NA,"<= day","daily",NA,NA,NA
"1995-02-15",1125,FALSE,NA,NA,"<= day","daily",NA,NA,NA
"1995-02-16",1125,FALSE,NA,NA,"<= day","daily",NA,NA,NA
"1995-02-17",1125,FALSE,NA,NA,"<= day","daily",NA,NA,NA
"1995-02-18",1125,FALSE,NA,NA,"<= day","daily",NA,NA,NA
"1995-02-19",1120.76,FALSE,NA,NA,"<= day","daily",NA,NA,NA
"1995-02-20",1088.083,FALSE,NA,NA,"<= day","daily",NA,NA,NA
"1995-02-21",1050.823,FALSE,NA,NA,"<= day","daily",NA,NA,NA
"1995-02-22",1045,FALSE,NA,NA,"<= day","daily",NA,NA,NA
"1995-02-23",1045,FALSE,NA,NA,"<= day","daily",NA,NA,NA
"1995-02-24",1045,FALSE,NA,NA,"<= day","daily",NA,NA,NA
"1995-02-25",1045,FALSE,NA,NA,"<= day","daily",NA,NA,NA
"1995-02-26",1045,FALSE,NA,NA,"<= day","daily",NA,NA,NA
"1995-02-27",1045,FALSE,NA,NA,"<= day","daily",NA,NA,NA
"1995-02-28",1051.875,FALSE,NA,NA,"<= day","daily",NA,NA,NA
"1995-03-01",1099.167,FALSE,NA,NA,"<= day","daily",NA,NA,NA
"1995-03-02",1122.292,FALSE,NA,NA,"<= day","daily",NA,NA,NA
"1995-03-03",1125,FALSE,NA,NA,"<= day","daily",NA,NA,NA
"1995-03-04",1119.615,FALSE,NA,NA,"<= day","daily",NA,NA,NA
"1995-03-05",1080.583,FALSE,NA,NA,"<= day","daily",NA,NA,NA
"1995-03-06",1049.469,FALSE,NA,NA,"<= day","daily",NA,NA,NA
"1995-03-07",1045,FALSE,NA,NA,"<= day","daily",NA,NA,NA
"1995-03-08",1045,FALSE,NA,NA,"<= day","daily",NA,NA,NA
"1995-03-09",1045,FALSE,NA,NA,"<= day","daily",NA,NA,NA
"1995-03-10",1045,FALSE,NA,NA,"<= day","daily",NA,NA,NA
"1995-03-11",1041.104,FALSE,NA,NA,"<= day","daily",NA,NA,NA
"1995-03-12",1014,FALSE,NA,NA,"<= day","daily",NA,NA,NA
"1995-03-13",995.115,FALSE,NA,NA,"<= day","daily",NA,NA,NA
"1995-03-14",968.469,FALSE,NA,NA,"<= day","daily",NA,NA,NA
"1995-03-15",964,FALSE,NA,NA,"<= day","daily",NA,NA,NA
"1995-03-16",964,FALSE,NA,NA,"<= day","daily",NA,NA,NA
"1995-03-17",964.344,FALSE,NA,NA,"<= day","daily",NA,NA,NA
"1995-03-18",978.625,FALSE,NA,NA,"<= day","daily",NA,NA,NA
"1995-03-19",1068.094,FALSE,NA,NA,"<= day","daily",NA,NA,NA
"1995-03-20",1154.396,FALSE,NA,NA,"<= day","daily",NA,NA,NA
"1995-03-21",1189.25,FALSE,NA,NA,"<= day","daily",NA,NA,NA
"1995-03-22",1154.344,FALSE,NA,NA,"<= day","daily",NA,NA,NA
"1995-03-23",1195.927,FALSE,NA,NA,"<= day","daily",NA,NA,NA
"1995-03-24",1205,FALSE,NA,NA,"<= day","daily",NA,NA,NA
"1995-03-25",1205,FALSE,NA,NA,"<= day","daily",NA,NA,NA
"1995-03-26",1205,FALSE,NA,NA,"<= day","daily",NA,NA,NA
"1995-03-27",1205,FALSE,NA,NA,"<= day","daily",NA,NA,NA
"1995-03-28",1205,FALSE,NA,NA,"<= day","daily",NA,NA,NA
"1995-03-29",1205,FALSE,NA,NA,"<= day","daily",NA,NA,NA
"1995-03-30",1205,FALSE,NA,NA,"<= day","daily",NA,NA,NA
"1995-03-31",1205,FALSE,NA,NA,"<= day","daily",NA,NA,NA
"1995-04-01",1205,FALSE,NA,NA,"<= day","daily",NA,NA,NA
"1995-04-02",1205,FALSE,NA,NA,"<= day","daily",NA,NA,NA
"1995-04-03",1205,FALSE,NA,NA,"<= day","daily",NA,NA,NA
"1995-04-04",1200.417,FALSE,NA,NA,"<= day","daily",NA,NA,NA
"1995-04-05",1165.833,FALSE,NA,NA,"<= day","daily",NA,NA,NA
"1995-04-06",1130.417,FALSE,NA,NA,"<= day","daily",NA,NA,NA
"1995-04-07",1125,FALSE,NA,NA,"<= day","daily",NA,NA,NA
"1995-04-08",1125,FALSE,NA,NA,"<= day","daily",NA,NA,NA
"1995-04-09",1125,FALSE,NA,NA,"<= day","daily",NA,NA,NA
"1995-04-10",1125,FALSE,NA,NA,"<= day","daily",NA,NA,NA
"1995-04-11",1125,FALSE,NA,NA,"<= day","daily",NA,NA,NA
"1995-04-12",1122.365,FALSE,NA,NA,"<= day","daily",NA,NA,NA
"1995-04-13",1103.167,FALSE,NA,NA,"<= day","daily",NA,NA,NA
"1995-04-14",1082.719,FALSE,NA,NA,"<= day","daily",NA,NA,NA
"1995-04-15",1050.76,FALSE,NA,NA,"<= day","daily",NA,NA,NA
"1995-04-16",1048.052,FALSE,NA,NA,"<= day","daily",NA,NA,NA
"1995-04-17",1050.656,FALSE,NA,NA,"<= day","daily",NA,NA,NA
"1995-04-18",1045.948,FALSE,NA,NA,"<= day","daily",NA,NA,NA
"1995-04-19",1045,FALSE,NA,NA,"<= day","daily",NA,NA,NA
"1995-04-20",1041.906,FALSE,NA,NA,"<= day","daily",NA,NA,NA
"1995-04-21",1020.052,FALSE,NA,NA,"<= day","daily",NA,NA,NA
"1995-04-22",1001.312,FALSE,NA,NA,"<= day","daily",NA,NA,NA
"1995-04-23",969.76,FALSE,NA,NA,"<= day","daily",NA,NA,NA
"1995-04-24",966.25,FALSE,NA,NA,"<= day","daily",NA,NA,NA
"1995-04-25",964.406,FALSE,NA,NA,"<= day","daily",NA,NA,NA
"1995-04-26",964,FALSE,NA,NA,"<= day","daily",NA,NA,NA
"1995-04-27",964,FALSE,NA,NA,"<= day","daily",NA,NA,NA
"1995-04-28",964,FALSE,NA,NA,"<= day","daily",NA,NA,NA
"1995-04-29",964,FALSE,NA,NA,"<= day","daily",NA,NA,NA
"1995-04-30",958.844,FALSE,NA,NA,"<= day","daily",NA,NA,NA
"1995-05-01",934.031,FALSE,NA,NA,"<= day","daily",NA,NA,NA
"1995-05-02",991.938,FALSE,NA,NA,"<= day","daily",NA,NA,NA
"1995-05-03",1036.208,FALSE,NA,NA,"<= day","daily",NA,NA,NA
"1995-05-04",1020.719,FALSE,NA,NA,"<= day","daily",NA,NA,NA
"1995-05-05",969.51,FALSE,NA,NA,"<= day","daily",NA,NA,NA
"1995-05-06",936.948,FALSE,NA,NA,"<= day","daily",NA,NA,NA
"1995-05-07",893.25,FALSE,NA,NA,"<= day","daily",NA,NA,NA
"1995-05-08",889.906,FALSE,NA,NA,"<= day","daily",NA,NA,NA
"1995-05-09",883.354,FALSE,NA,NA,"<= day","daily",NA,NA,NA
"1995-05-10",882,FALSE,NA,NA,"<= day","daily",NA,NA,NA
"1995-05-11",883.49,FALSE,NA,NA,"<= day","daily",NA,NA,NA
"1995-05-12",891.75,FALSE,NA,NA,"<= day","daily",NA,NA,NA
"1995-05-13",883.76,FALSE,NA,NA,"<= day","daily",NA,NA,NA
"1995-05-14",882,FALSE,NA,NA,"<= day","daily",NA,NA,NA
"1995-05-15",882,FALSE,NA,NA,"<= day","daily",NA,NA,NA
"1995-05-16",882,FALSE,NA,NA,"<= day","daily",NA,NA,NA
"1995-05-17",882.688,FALSE,NA,NA,"<= day","daily",NA,NA,NA
"1995-05-18",895.896,FALSE,NA,NA,"<= day","daily",NA,NA,NA
"1995-05-19",950.156,FALSE,NA,NA,"<= day","daily",NA,NA,NA
"1995-05-20",931.354,FALSE,NA,NA,"<= day","daily",NA,NA,NA
"1995-05-21",888.906,FALSE,NA,NA,"<= day","daily",NA,NA,NA
"1995-05-22",882,FALSE,NA,NA,"<= day","daily",NA,NA,NA
"1995-05-23",882,FALSE,NA,NA,"<= day","daily",NA,NA,NA
"1995-05-24",882,FALSE,NA,NA,"<= day","daily",NA,NA,NA
"1995-05-25",882,FALSE,NA,NA,"<= day","daily",NA,NA,NA
"1995-05-26",882,FALSE,NA,NA,"<= day","daily",NA,NA,NA
"1995-05-27",882,FALSE,NA,NA,"<= day","daily",NA,NA,NA
"1995-05-28",882,FALSE,NA,NA,"<= day","daily",NA,NA,NA
"1995-05-29",882,FALSE,NA,NA,"<= day","daily",NA,NA,NA
"1995-05-30",882,FALSE,NA,NA,"<= day","daily",NA,NA,NA
"1995-05-31",883.948,FALSE,NA,NA,"<= day","daily",NA,NA,NA
"1995-06-01",908.729,FALSE,NA,NA,"<= day","daily",NA,NA,NA
"1995-06-02",985.198,FALSE,NA,NA,"<= day","daily",NA,NA,NA
"1995-06-03",960.365,FALSE,NA,NA,"<= day","daily",NA,NA,NA
"1995-06-04",895.354,FALSE,NA,NA,"<= day","daily",NA,NA,NA
"1995-06-05",882.406,FALSE,NA,NA,"<= day","daily",NA,NA,NA
"1995-06-06",882,FALSE,NA,NA,"<= day","daily",NA,NA,NA
"1995-06-07",882,FALSE,NA,NA,"<= day","daily",NA,NA,NA
"1995-06-08",882,FALSE,NA,NA,"<= day","daily",NA,NA,NA
"1995-06-09",879.594,FALSE,NA,NA,"<= day","daily",NA,NA,NA
"1995-06-10",858.458,FALSE,NA,NA,"<= day","daily",NA,NA,NA
"1995-06-11",825.75,FALSE,NA,NA,"<= day","daily",NA,NA,NA
"1995-06-12",847.646,FALSE,NA,NA,"<= day","daily",NA,NA,NA
"1995-06-13",805.281,FALSE,NA,NA,"<= day","daily",NA,NA,NA
"1995-06-14",783.25,FALSE,NA,NA,"<= day","daily",NA,NA,NA
"1995-06-15",823.875,FALSE,NA,NA,"<= day","daily",NA,NA,NA
"1995-06-16",866.698,FALSE,NA,NA,"<= day","daily",NA,NA,NA
"1995-06-17",823.854,FALSE,NA,NA,"<= day","daily",NA,NA,NA
"1995-06-18",809.75,FALSE,NA,NA,"<= day","daily",NA,NA,NA
"1995-06-19",852.646,FALSE,NA,NA,"<= day","daily",NA,NA,NA
"1995-06-20",834.302,FALSE,NA,NA,"<= day","daily",NA,NA,NA
"1995-06-21",804.604,FALSE,NA,NA,"<= day","daily",NA,NA,NA
"1995-06-22",800,FALSE,NA,NA,"<= day","daily",NA,NA,NA
"1995-06-23",800,FALSE,NA,NA,"<= day","daily",NA,NA,NA
"1995-06-24",800,FALSE,NA,NA,"<= day","daily",NA,NA,NA
"1995-06-25",800,FALSE,NA,NA,"<= day","daily",NA,NA,NA
"1995-06-26",800,FALSE,NA,NA,"<= day","daily",NA,NA,NA
"1995-06-27",800,FALSE,NA,NA,"<= day","daily",NA,NA,NA
"1995-06-28",790.948,FALSE,NA,NA,"<= day","daily",NA,NA,NA
"1995-06-29",731.698,FALSE,NA,NA,"<= day","daily",NA,NA,NA
"1995-06-30",721,FALSE,NA,NA,"<= day","daily",NA,NA,NA
"1995-07-01",721,FALSE,NA,NA,"<= day","daily",NA,NA,NA
"1995-07-02",721,FALSE,NA,NA,"<= day","daily",NA,NA,NA
"1995-07-03",721.688,FALSE,NA,NA,"<= day","daily",NA,NA,NA
"1995-07-04",725.844,FALSE,NA,NA,"<= day","daily",NA,NA,NA
"1995-07-05",724.062,FALSE,NA,NA,"<= day","daily",NA,NA,NA
"1995-07-06",721.406,FALSE,NA,NA,"<= day","daily",NA,NA,NA
"1995-07-07",713.438,FALSE,NA,NA,"<= day","daily",NA,NA,NA
"1995-07-08",662.448,FALSE,NA,NA,"<= day","daily",NA,NA,NA
"1995-07-09",643.76,FALSE,NA,NA,"<= day","daily",NA,NA,NA
"1995-07-10",642,FALSE,NA,NA,"<= day","daily",NA,NA,NA
"1995-07-11",641.083,FALSE,NA,NA,"<= day","daily",NA,NA,NA
"1995-07-12",636,FALSE,NA,NA,"<= day","daily",NA,NA,NA
"1995-07-13",640.917,FALSE,NA,NA,"<= day","daily",NA,NA,NA
"1995-07-14",642,FALSE,NA,NA,"<= day","daily",NA,NA,NA
"1995-07-15",642,FALSE,NA,NA,"<= day","daily",NA,NA,NA
"1995-07-16",642,FALSE,NA,NA,"<= day","daily",NA,NA,NA
"1995-07-17",641.312,FALSE,NA,NA,"<= day","daily",NA,NA,NA
"1995-07-18",633.604,FALSE,NA,NA,"<= day","daily",NA,NA,NA
"1995-07-19",614.771,FALSE,NA,NA,"<= day","daily",NA,NA,NA
"1995-07-20",623.604,FALSE,NA,NA,"<= day","daily",NA,NA,NA
"1995-07-21",584.073,FALSE,NA,NA,"<= day","daily",NA,NA,NA
"1995-07-22",608.521,FALSE,NA,NA,"<= day","daily",NA,NA,NA
"1995-07-23",728.885,FALSE,NA,NA,"<= day","daily",NA,NA,NA
"1995-07-24",668.938,FALSE,NA,NA,"<= day","daily",NA,NA,NA
"1995-07-25",612.417,FALSE,NA,NA,"<= day","daily",NA,NA,NA
"1995-07-26",621.583,FALSE,NA,NA,"<= day","daily",NA,NA,NA
"1995-07-27",642.156,FALSE,NA,NA,"<= day","daily",NA,NA,NA
"1995-07-28",652.958,FALSE,NA,NA,"<= day","daily",NA,NA,NA
"1995-07-29",594.042,FALSE,NA,NA,"<= day","daily",NA,NA,NA
"1995-07-30",623.552,FALSE,NA,NA,"<= day","daily",NA,NA,NA
"1995-07-31",587.25,FALSE,NA,NA,"<= day","daily",NA,NA,NA
"1995-08-01",569.698,FALSE,NA,NA,"<= day","daily",NA,NA,NA
"1995-08-02",573.052,FALSE,NA,NA,"<= day","daily",NA,NA,NA
"1995-08-03",574,FALSE,NA,NA,"<= day","daily",NA,NA,NA
"1995-08-04",574,FALSE,NA,NA,"<= day","daily",NA,NA,NA
"1995-08-05",570.906,FALSE,NA,NA,"<= day","daily",NA,NA,NA
"1995-08-06",553.75,FALSE,NA,NA,"<= day","daily",NA,NA,NA
"1995-08-07",570.344,FALSE,NA,NA,"<= day","daily",NA,NA,NA
"1995-08-08",574,FALSE,NA,NA,"<= day","daily",NA,NA,NA
"1995-08-09",574,FALSE,NA,NA,"<= day","daily",NA,NA,NA
"1995-08-10",574,FALSE,NA,NA,"<= day","daily",NA,NA,NA
"1995-08-11",574,FALSE,NA,NA,"<= day","daily",NA,NA,NA
"1995-08-12",578.583,FALSE,NA,NA,"<= day","daily",NA,NA,NA
"1995-08-13",611.792,FALSE,NA,NA,"<= day","daily",NA,NA,NA
"1995-08-14",632.021,FALSE,NA,NA,"<= day","daily",NA,NA,NA
"1995-08-15",593.708,FALSE,NA,NA,"<= day","daily",NA,NA,NA
"1995-08-16",575.896,FALSE,NA,NA,"<= day","daily",NA,NA,NA
"1995-08-17",574,FALSE,NA,NA,"<= day","daily",NA,NA,NA
"1995-08-18",574,FALSE,NA,NA,"<= day","daily",NA,NA,NA
"1995-08-19",574,FALSE,NA,NA,"<= day","daily",NA,NA,NA
"1995-08-20",574,FALSE,NA,NA,"<= day","daily",NA,NA,NA
"1995-08-21",574,FALSE,NA,NA,"<= day","daily",NA,NA,NA
"1995-08-22",574,FALSE,NA,NA,"<= day","daily",NA,NA,NA
"1995-08-23",571.135,FALSE,NA,NA,"<= day","daily",NA,NA,NA
"1995-08-24",548.49,FALSE,NA,NA,"<= day","daily",NA,NA,NA
"1995-08-25",519.604,FALSE,NA,NA,"<= day","daily",NA,NA,NA
"1995-08-26",515.573,FALSE,NA,NA,"<= day","daily",NA,NA,NA
"1995-08-27",529.406,FALSE,NA,NA,"<= day","daily",NA,NA,NA
"1995-08-28",592.188,FALSE,NA,NA,"<= day","daily",NA,NA,NA
"1995-08-29",578.604,FALSE,NA,NA,"<= day","daily",NA,NA,NA
"1995-08-30",572.167,FALSE,NA,NA,"<= day","daily",NA,NA,NA
"1995-08-31",554.094,FALSE,NA,NA,"<= day","daily",NA,NA,NA
"1995-09-01",513.323,FALSE,NA,NA,"<= day","daily",NA,NA,NA
"1995-09-02",513.646,FALSE,NA,NA,"<= day","daily",NA,NA,NA
"1995-09-03",515,FALSE,NA,NA,"<= day","daily",NA,NA,NA
"1995-09-04",515,FALSE,NA,NA,"<= day","daily",NA,NA,NA
"1995-09-05",515,FALSE,NA,NA,"<= day","daily",NA,NA,NA
"1995-09-06",515,FALSE,NA,NA,"<= day","daily",NA,NA,NA
"1995-09-07",515,FALSE,NA,NA,"<= day","daily",NA,NA,NA
"1995-09-08",515,FALSE,NA,NA,"<= day","daily",NA,NA,NA
"1995-09-09",513.281,FALSE,NA,NA,"<= day","daily",NA,NA,NA
"1995-09-10",498.021,FALSE,NA,NA,"<= day","daily",NA,NA,NA
"1995-09-11",470.198,FALSE,NA,NA,"<= day","daily",NA,NA,NA
"1995-09-12",480.719,FALSE,NA,NA,"<= day","daily",NA,NA,NA
"1995-09-13",562.771,FALSE,NA,NA,"<= day","daily",NA,NA,NA
"1995-09-14",577.26,FALSE,NA,NA,"<= day","daily",NA,NA,NA
"1995-09-15",524.75,FALSE,NA,NA,"<= day","daily",NA,NA,NA
"1995-09-16",512.365,FALSE,NA,NA,"<= day","daily",NA,NA,NA
"1995-09-17",495.115,FALSE,NA,NA,"<= day","daily",NA,NA,NA
"1995-09-18",493.719,FALSE,NA,NA,"<= day","daily",NA,NA,NA
"1995-09-19",507.031,FALSE,NA,NA,"<= day","daily",NA,NA,NA
"1995-09-20",521.417,FALSE,NA,NA,"<= day","daily",NA,NA,NA
"1995-09-21",516.354,FALSE,NA,NA,"<= day","daily",NA,NA,NA
"1995-09-22",515,FALSE,NA,NA,"<= day","daily",NA,NA,NA
"1995-09-23",515,FALSE,NA,NA,"<= day","daily",NA,NA,NA
"1995-09-24",515,FALSE,NA,NA,"<= day","daily",NA,NA,NA
"1995-09-25",515,FALSE,NA,NA,"<= day","daily",NA,NA,NA
"1995-09-26",515,FALSE,NA,NA,"<= day","daily",NA,NA,NA
"1995-09-27",515,FALSE,NA,NA,"<= day","daily",NA,NA,NA
"1995-09-28",515,FALSE,NA,NA,"<= day","daily",NA,NA,NA
"1995-09-29",514.771,FALSE,NA,NA,"<= day","daily",NA,NA,NA
"1995-09-30",513.5,FALSE,NA,NA,"<= day","daily",NA,NA,NA
"1995-10-01",514.729,FALSE,NA,NA,"<= day","daily",NA,NA,NA
"1995-10-02",515,FALSE,NA,NA,"<= day","daily",NA,NA,NA
"1995-10-03",515,FALSE,NA,NA,"<= day","daily",NA,NA,NA
"1995-10-04",515,FALSE,NA,NA,"<= day","daily",NA,NA,NA
"1995-10-05",515,FALSE,NA,NA,"<= day","daily",NA,NA,NA
"1995-10-06",514.312,FALSE,NA,NA,"<= day","daily",NA,NA,NA
"1995-10-07",510.271,FALSE,NA,NA,"<= day","daily",NA,NA,NA
"1995-10-08",509.823,FALSE,NA,NA,"<= day","daily",NA,NA,NA
"1995-10-09",491.969,FALSE,NA,NA,"<= day","daily",NA,NA,NA
"1995-10-10",480.552,FALSE,NA,NA,"<= day","daily",NA,NA,NA
"1995-10-11",475.438,FALSE,NA,NA,"<= day","daily",NA,NA,NA
"1995-10-12",482.292,FALSE,NA,NA,"<= day","daily",NA,NA,NA
"1995-10-13",470.844,FALSE,NA,NA,"<= day","daily",NA,NA,NA
"1995-10-14",465.542,FALSE,NA,NA,"<= day","daily",NA,NA,NA
"1995-10-15",465,FALSE,NA,NA,"<= day","daily",NA,NA,NA
"1995-10-16",465,FALSE,NA,NA,"<= day","daily",NA,NA,NA
"1995-10-17",465,FALSE,NA,NA,"<= day","daily",NA,NA,NA
"1995-10-18",465,FALSE,NA,NA,"<= day","daily",NA,NA,NA
"1995-10-19",465,FALSE,NA,NA,"<= day","daily",NA,NA,NA
"1995-10-20",465,FALSE,NA,NA,"<= day","daily",NA,NA,NA
"1995-10-21",465,FALSE,NA,NA,"<= day","daily",NA,NA,NA
"1995-10-22",462.365,FALSE,NA,NA,"<= day","daily",NA,NA,NA
"1995-10-23",443.74,FALSE,NA,NA,"<= day","daily",NA,NA,NA
"1995-10-24",433.458,FALSE,NA,NA,"<= day","daily",NA,NA,NA
"1995-10-25",444.865,FALSE,NA,NA,"<= day","daily",NA,NA,NA
"1995-10-26",454.927,FALSE,NA,NA,"<= day","daily",NA,NA,NA
"1995-10-27",463.646,FALSE,NA,NA,"<= day","daily",NA,NA,NA
"1995-10-28",467.865,FALSE,NA,NA,"<= day","daily",NA,NA,NA
"1995-10-29",489.479,FALSE,NA,NA,"<= day","daily",NA,NA,NA
"1995-10-30",508.979,FALSE,NA,NA,"<= day","daily",NA,NA,NA
"1995-10-31",490.646,FALSE,NA,NA,"<= day","daily",NA,NA,NA
"1995-11-01",464.698,FALSE,NA,NA,"<= day","daily",NA,NA,NA
"1995-11-02",501.188,FALSE,NA,NA,"<= day","daily",NA,NA,NA
"1995-11-03",502.458,FALSE,NA,NA,"<= day","daily",NA,NA,NA
"1995-11-04",470.688,FALSE,NA,NA,"<= day","daily",NA,NA,NA
"1995-11-05",465,FALSE,NA,NA,"<= day","daily",NA,NA,NA
"1995-11-06",465,FALSE,NA,NA,"<= day","daily",NA,NA,NA
"1995-11-07",465,FALSE,NA,NA,"<= day","daily",NA,NA,NA
"1995-11-08",465,FALSE,NA,NA,"<= day","daily",NA,NA,NA
"1995-11-09",465,FALSE,NA,NA,"<= day","daily",NA,NA,NA
"1995-11-10",465,FALSE,NA,NA,"<= day","daily",NA,NA,NA
"1995-11-11",465,FALSE,NA,NA,"<= day","daily",NA,NA,NA
"1995-11-12",465,FALSE,NA,NA,"<= day","daily",NA,NA,NA
"1995-11-13",465,FALSE,NA,NA,"<= day","daily",NA,NA,NA
"1995-11-14",465,FALSE,NA,NA,"<= day","daily",NA,NA,NA
"1995-11-15",465,FALSE,NA,NA,"<= day","daily",NA,NA,NA
"1995-11-16",471.76,FALSE,NA,NA,"<= day","daily",NA,NA,NA
"1995-11-17",527.354,FALSE,NA,NA,"<= day","daily",NA,NA,NA
"1995-11-18",598.594,FALSE,NA,NA,"<= day","daily",NA,NA,NA
"1995-11-19",540.917,FALSE,NA,NA,"<= day","daily",NA,NA,NA
"1995-11-20",538.385,FALSE,NA,NA,"<= day","daily",NA,NA,NA
"1995-11-21",568.719,FALSE,NA,NA,"<= day","daily",NA,NA,NA
"1995-11-22",574,FALSE,NA,NA,"<= day","daily",NA,NA,NA
"1995-11-23",574,FALSE,NA,NA,"<= day","daily",NA,NA,NA
"1995-11-24",574,FALSE,NA,NA,"<= day","daily",NA,NA,NA
"1995-11-25",574,FALSE,NA,NA,"<= day","daily",NA,NA,NA
"1995-11-26",574,FALSE,NA,NA,"<= day","daily",NA,NA,NA
"1995-11-27",574,FALSE,NA,NA,"<= day","daily",NA,NA,NA
"1995-11-28",581.792,FALSE,NA,NA,"<= day","daily",NA,NA,NA
"1995-11-29",626.948,FALSE,NA,NA,"<= day","daily",NA,NA,NA
"1995-11-30",595.958,FALSE,NA,NA,"<= day","daily",NA,NA,NA
"1995-12-01",576.302,FALSE,NA,NA,"<= day","daily",NA,NA,NA
"1995-12-02",574,FALSE,NA,NA,"<= day","daily",NA,NA,NA
"1995-12-03",574,FALSE,NA,NA,"<= day","daily",NA,NA,NA
"1995-12-04",574,FALSE,NA,NA,"<= day","daily",NA,NA,NA
"1995-12-05",574,FALSE,NA,NA,"<= day","daily",NA,NA,NA
"1995-12-06",574,FALSE,NA,NA,"<= day","daily",NA,NA,NA
"1995-12-07",574,FALSE,NA,NA,"<= day","daily",NA,NA,NA
"1995-12-08",574,FALSE,NA,NA,"<= day","daily",NA,NA,NA
"1995-12-09",574,FALSE,NA,NA,"<= day","daily",NA,NA,NA
"1995-12-10",574,FALSE,NA,NA,"<= day","daily",NA,NA,NA
"1995-12-11",574,FALSE,NA,NA,"<= day","daily",NA,NA,NA
"1995-12-12",574,FALSE,NA,NA,"<= day","daily",NA,NA,NA
"1995-12-13",574,FALSE,NA,NA,"<= day","daily",NA,NA,NA
"1995-12-14",577.552,FALSE,NA,NA,"<= day","daily",NA,NA,NA
"1995-12-15",605.042,FALSE,NA,NA,"<= day","daily",NA,NA,NA
"1995-12-16",642.26,FALSE,NA,NA,"<= day","daily",NA,NA,NA
"1995-12-17",685.552,FALSE,NA,NA,"<= day","daily",NA,NA,NA
"1995-12-18",716.531,FALSE,NA,NA,"<= day","daily",NA,NA,NA
"1995-12-19",727.417,FALSE,NA,NA,"<= day","daily",NA,NA,NA
"1995-12-20",772.052,FALSE,NA,NA,"<= day","daily",NA,NA,NA
"1995-12-21",796.885,FALSE,NA,NA,"<= day","daily",NA,NA,NA
"1995-12-22",800,FALSE,NA,NA,"<= day","daily",NA,NA,NA
"1995-12-23",803.552,FALSE,NA,NA,"<= day","daily",NA,NA,NA
"1995-12-24",832.646,FALSE,NA,NA,"<= day","daily",NA,NA,NA
"1995-12-25",875.094,FALSE,NA,NA,"<= day","daily",NA,NA,NA
"1995-12-26",882,FALSE,NA,NA,"<= day","daily",NA,NA,NA
"1995-12-27",875.698,FALSE,NA,NA,"<= day","daily",NA,NA,NA
"1995-12-28",831.354,FALSE,NA,NA,"<= day","daily",NA,NA,NA
"1995-12-29",803.656,FALSE,NA,NA,"<= day","daily",NA,NA,NA
"1995-12-30",798.854,FALSE,NA,NA,"<= day","daily",NA,NA,NA
"1995-12-31",783.448,FALSE,NA,NA,"<= day","daily",NA,NA,NA
"1996-01-01",730.344,FALSE,NA,NA,"<= day","daily",NA,NA,NA
"1996-01-02",721,FALSE,NA,NA,"<= day","daily",NA,NA,NA
"1996-01-03",721,FALSE,NA,NA,"<= day","daily",NA,NA,NA
"1996-01-04",721,FALSE,NA,NA,"<= day","daily",NA,NA,NA
"1996-01-05",714.24,FALSE,NA,NA,"<= day","daily",NA,NA,NA
"1996-01-06",667.698,FALSE,NA,NA,"<= day","daily",NA,NA,NA
"1996-01-07",644.708,FALSE,NA,NA,"<= day","daily",NA,NA,NA
"1996-01-08",642,FALSE,NA,NA,"<= day","daily",NA,NA,NA
"1996-01-09",642,FALSE,NA,NA,"<= day","daily",NA,NA,NA
"1996-01-10",642,FALSE,NA,NA,"<= day","daily",NA,NA,NA
"1996-01-11",642,FALSE,NA,NA,"<= day","daily",NA,NA,NA
"1996-01-12",642,FALSE,NA,NA,"<= day","daily",NA,NA,NA
"1996-01-13",642,FALSE,NA,NA,"<= day","daily",NA,NA,NA
"1996-01-14",638.104,FALSE,NA,NA,"<= day","daily",NA,NA,NA
"1996-01-15",608.708,FALSE,NA,NA,"<= day","daily",NA,NA,NA
"1996-01-16",578.604,FALSE,NA,NA,"<= day","daily",NA,NA,NA
"1996-01-17",574,FALSE,NA,NA,"<= day","daily",NA,NA,NA
"1996-01-18",574,FALSE,NA,NA,"<= day","daily",NA,NA,NA
"1996-01-19",574,FALSE,NA,NA,"<= day","daily",NA,NA,NA
"1996-01-20",574,FALSE,NA,NA,"<= day","daily",NA,NA,NA
"1996-01-21",574,FALSE,NA,NA,"<= day","daily",NA,NA,NA
"1996-01-22",574,FALSE,NA,NA,"<= day","daily",NA,NA,NA
"1996-01-23",574,FALSE,NA,NA,"<= day","daily",NA,NA,NA
"1996-01-24",574,FALSE,NA,NA,"<= day","daily",NA,NA,NA
"1996-01-25",574,FALSE,NA,NA,"<= day","daily",NA,NA,NA
"1996-01-26",573.198,FALSE,NA,NA,"<= day","daily",NA,NA,NA
"1996-01-27",561.99,FALSE,NA,NA,"<= day","daily",NA,NA,NA
"1996-01-28",522.042,FALSE,NA,NA,"<= day","daily",NA,NA,NA
"1996-01-29",515,FALSE,NA,NA,"<= day","daily",NA,NA,NA
"1996-01-30",515,FALSE,NA,NA,"<= day","daily",NA,NA,NA
"1996-01-31",515,FALSE,NA,NA,"<= day","daily",NA,NA,NA
"1996-02-01",509.729,FALSE,NA,NA,"<= day","daily",NA,NA,NA
"1996-02-02",479.812,FALSE,NA,NA,"<= day","daily",NA,NA,NA
"1996-02-03",504.271,FALSE,NA,NA,"<= day","daily",NA,NA,NA
"1996-02-04",514.188,FALSE,NA,NA,"<= day","daily",NA,NA,NA
"1996-02-05",515,FALSE,NA,NA,"<= day","daily",NA,NA,NA
"1996-02-06",509.271,FALSE,NA,NA,"<= day","daily",NA,NA,NA
"1996-02-07",471.771,FALSE,NA,NA,"<= day","daily",NA,NA,NA
"1996-02-08",465,FALSE,NA,NA,"<= day","daily",NA,NA,NA
"1996-02-09",465,FALSE,NA,NA,"<= day","daily",NA,NA,NA
"1996-02-10",465,FALSE,NA,NA,"<= day","daily",NA,NA,NA
"1996-02-11",465.458,FALSE,NA,NA,"<= day","daily",NA,NA,NA
"1996-02-12",473.729,FALSE,NA,NA,"<= day","daily",NA,NA,NA
"1996-02-13",508.771,FALSE,NA,NA,"<= day","daily",NA,NA,NA
"1996-02-14",515,FALSE,NA,NA,"<= day","daily",NA,NA,NA
"1996-02-15",515,FALSE,NA,NA,"<= day","daily",NA,NA,NA
"1996-02-16",518.552,FALSE,NA,NA,"<= day","daily",NA,NA,NA
"1996-02-17",556.125,FALSE,NA,NA,"<= day","daily",NA,NA,NA
"1996-02-18",659.802,FALSE,NA,NA,"<= day","daily",NA,NA,NA
"1996-02-19",705.177,FALSE,NA,NA,"<= day","daily",NA,NA,NA
"1996-02-20",644.906,FALSE,NA,NA,"<= day","daily",NA,NA,NA
"1996-02-21",583.208,FALSE,NA,NA,"<= day","daily",NA,NA,NA
"1996-02-22",574,FALSE,NA,NA,"<= day","daily",NA,NA,NA
"1996-02-23",574,FALSE,NA,NA,"<= day","daily",NA,NA,NA
"1996-02-24",570.104,FALSE,NA,NA,"<= day","daily",NA,NA,NA
"1996-02-25",545.406,FALSE,NA,NA,"<= day","daily",NA,NA,NA
"1996-02-26",550.75,FALSE,NA,NA,"<= day","daily",NA,NA,NA
"1996-02-27",580.844,FALSE,NA,NA,"<= day","daily",NA,NA,NA
"1996-02-28",575.896,FALSE,NA,NA,"<= day","daily",NA,NA,NA
"1996-02-29",574,FALSE,NA,NA,"<= day","daily",NA,NA,NA
"1996-03-01",574,FALSE,NA,NA,"<= day","daily",NA,NA,NA
"1996-03-02",574,FALSE,NA,NA,"<= day","daily",NA,NA,NA
"1996-03-03",574,FALSE,NA,NA,"<= day","daily",NA,NA,NA
"1996-03-04",574,FALSE,NA,NA,"<= day","daily",NA,NA,NA
"1996-03-05",567.24,FALSE,NA,NA,"<= day","daily",NA,NA,NA
"1996-03-06",522.99,FALSE,NA,NA,"<= day","daily",NA,NA,NA
"1996-03-07",515,FALSE,NA,NA,"<= day","daily",NA,NA,NA
"1996-03-08",515,FALSE,NA,NA,"<= day","daily",NA,NA,NA
"1996-03-09",515,FALSE,NA,NA,"<= day","daily",NA,NA,NA
"1996-03-10",515,FALSE,NA,NA,"<= day","daily",NA,NA,NA
"1996-03-11",515,FALSE,NA,NA,"<= day","daily",NA,NA,NA
"1996-03-12",515,FALSE,NA,NA,"<= day","daily",NA,NA,NA
"1996-03-13",515,FALSE,NA,NA,"<= day","daily",NA,NA,NA
"1996-03-14",515,FALSE,NA,NA,"<= day","daily",NA,NA,NA
"1996-03-15",515,FALSE,NA,NA,"<= day","daily",NA,NA,NA
"1996-03-16",515,FALSE,NA,NA,"<= day","daily",NA,NA,NA
"1996-03-17",515,FALSE,NA,NA,"<= day","daily",NA,NA,NA
"1996-03-18",515,FALSE,NA,NA,"<= day","daily",NA,NA,NA
"1996-03-19",515,FALSE,NA,NA,"<= day","daily",NA,NA,NA
"1996-03-20",515,FALSE,NA,NA,"<= day","daily",NA,NA,NA
"1996-03-21",515,FALSE,NA,NA,"<= day","daily",NA,NA,NA
"1996-03-22",519.469,FALSE,NA,NA,"<= day","daily",NA,NA,NA
"1996-03-23",551.01,FALSE,NA,NA,"<= day","daily",NA,NA,NA
"1996-03-24",568.198,FALSE,NA,NA,"<= day","daily",NA,NA,NA
"1996-03-25",553.75,FALSE,NA,NA,"<= day","daily",NA,NA,NA
"1996-03-26",570.344,FALSE,NA,NA,"<= day","daily",NA,NA,NA
"1996-03-27",574,FALSE,NA,NA,"<= day","daily",NA,NA,NA
"1996-03-28",570.906,FALSE,NA,NA,"<= day","daily",NA,NA,NA
"1996-03-29",546.99,FALSE,NA,NA,"<= day","daily",NA,NA,NA
"1996-03-30",519.333,FALSE,NA,NA,"<= day","daily",NA,NA,NA
"1996-03-31",515,FALSE,NA,NA,"<= day","daily",NA,NA,NA
"1996-04-01",515,FALSE,NA,NA,"<= day","daily",NA,NA,NA
"1996-04-02",515,FALSE,NA,NA,"<= day","daily",NA,NA,NA
"1996-04-03",515,FALSE,NA,NA,"<= day","daily",NA,NA,NA
"1996-04-04",515,FALSE,NA,NA,"<= day","daily",NA,NA,NA
"1996-04-05",515,FALSE,NA,NA,"<= day","daily",NA,NA,NA
"1996-04-06",515,FALSE,NA,NA,"<= day","daily",NA,NA,NA
"1996-04-07",515,FALSE,NA,NA,"<= day","daily",NA,NA,NA
"1996-04-08",515,FALSE,NA,NA,"<= day","daily",NA,NA,NA
"1996-04-09",515,FALSE,NA,NA,"<= day","daily",NA,NA,NA
"1996-04-10",515,FALSE,NA,NA,"<= day","daily",NA,NA,NA
"1996-04-11",515,FALSE,NA,NA,"<= day","daily",NA,NA,NA
"1996-04-12",515,FALSE,NA,NA,"<= day","daily",NA,NA,NA
"1996-04-13",511.906,FALSE,NA,NA,"<= day","daily",NA,NA,NA
"1996-04-14",489.021,FALSE,NA,NA,"<= day","daily",NA,NA,NA
"1996-04-15",468.115,FALSE,NA,NA,"<= day","daily",NA,NA,NA
"1996-04-16",465,FALSE,NA,NA,"<= day","daily",NA,NA,NA
"1996-04-17",465,FALSE,NA,NA,"<= day","daily",NA,NA,NA
"1996-04-18",465,FALSE,NA,NA,"<= day","daily",NA,NA,NA
"1996-04-19",465,FALSE,NA,NA,"<= day","daily",NA,NA,NA
"1996-04-20",465,FALSE,NA,NA,"<= day","daily",NA,NA,NA
"1996-04-21",465,FALSE,NA,NA,"<= day","daily",NA,NA,NA
"1996-04-22",465,FALSE,NA,NA,"<= day","daily",NA,NA,NA
"1996-04-23",464.198,FALSE,NA,NA,"<= day","daily",NA,NA,NA
"1996-04-24",454.938,FALSE,NA,NA,"<= day","daily",NA,NA,NA
"1996-04-25",427.74,FALSE,NA,NA,"<= day","daily",NA,NA,NA
"1996-04-26",423,FALSE,NA,NA,"<= day","daily",NA,NA,NA
"1996-04-27",424.26,FALSE,NA,NA,"<= day","daily",NA,NA,NA
"1996-04-28",436.062,FALSE,NA,NA,"<= day","daily",NA,NA,NA
"1996-04-29",460.802,FALSE,NA,NA,"<= day","daily",NA,NA,NA
"1996-04-30",462.365,FALSE,NA,NA,"<= day","daily",NA,NA,NA
"1996-05-01",450.385,FALSE,NA,NA,"<= day","daily",NA,NA,NA
"1996-05-02",479.135,FALSE,NA,NA,"<= day","daily",NA,NA,NA
"1996-05-03",467.771,FALSE,NA,NA,"<= day","daily",NA,NA,NA
"1996-05-04",462.75,FALSE,NA,NA,"<= day","daily",NA,NA,NA
"1996-05-05",462.417,FALSE,NA,NA,"<= day","daily",NA,NA,NA
"1996-05-06",446.51,FALSE,NA,NA,"<= day","daily",NA,NA,NA
"1996-05-07",433.875,FALSE,NA,NA,"<= day","daily",NA,NA,NA
"1996-05-08",449.927,FALSE,NA,NA,"<= day","daily",NA,NA,NA
"1996-05-09",427.74,FALSE,NA,NA,"<= day","daily",NA,NA,NA
"1996-05-10",425.635,FALSE,NA,NA,"<= day","daily",NA,NA,NA
"1996-05-11",442.312,FALSE,NA,NA,"<= day","daily",NA,NA,NA
"1996-05-12",443.281,FALSE,NA,NA,"<= day","daily",NA,NA,NA
"1996-05-13",450.698,FALSE,NA,NA,"<= day","daily",NA,NA,NA
"1996-05-14",436.156,FALSE,NA,NA,"<= day","daily",NA,NA,NA
"1996-05-15",428.698,FALSE,NA,NA,"<= day","daily",NA,NA,NA
"1996-05-16",426.677,FALSE,NA,NA,"<= day","daily",NA,NA,NA
"1996-05-17",426.75,FALSE,NA,NA,"<= day","daily",NA,NA,NA
"1996-05-18",462.219,FALSE,NA,NA,"<= day","daily",NA,NA,NA
"1996-05-19",573.198,FALSE,NA,NA,"<= day","daily",NA,NA,NA
"1996-05-20",635.115,FALSE,NA,NA,"<= day","daily",NA,NA,NA
"1996-05-21",549.635,FALSE,NA,NA,"<= day","daily",NA,NA,NA
"1996-05-22",517.708,FALSE,NA,NA,"<= day","daily",NA,NA,NA
"1996-05-23",515,FALSE,NA,NA,"<= day","daily",NA,NA,NA
"1996-05-24",514.312,FALSE,NA,NA,"<= day","daily",NA,NA,NA
"1996-05-25",509.125,FALSE,NA,NA,"<= day","daily",NA,NA,NA
"1996-05-26",506.562,FALSE,NA,NA,"<= day","daily",NA,NA,NA
"1996-05-27",529.135,FALSE,NA,NA,"<= day","daily",NA,NA,NA
"1996-05-28",567.635,FALSE,NA,NA,"<= day","daily",NA,NA,NA
"1996-05-29",574,FALSE,NA,NA,"<= day","daily",NA,NA,NA
"1996-05-30",574,FALSE,NA,NA,"<= day","daily",NA,NA,NA
"1996-05-31",574,FALSE,NA,NA,"<= day","daily",NA,NA,NA
"1996-06-01",587.292,FALSE,NA,NA,"<= day","daily",NA,NA,NA
"1996-06-02",682.771,FALSE,NA,NA,"<= day","daily",NA,NA,NA
"1996-06-03",741.146,FALSE,NA,NA,"<= day","daily",NA,NA,NA
"1996-06-04",666.021,FALSE,NA,NA,"<= day","daily",NA,NA,NA
"1996-06-05",643.354,FALSE,NA,NA,"<= day","daily",NA,NA,NA
"1996-06-06",642,FALSE,NA,NA,"<= day","daily",NA,NA,NA
"1996-06-07",642,FALSE,NA,NA,"<= day","daily",NA,NA,NA
"1996-06-08",646.125,FALSE,NA,NA,"<= day","daily",NA,NA,NA
"1996-06-09",669,FALSE,NA,NA,"<= day","daily",NA,NA,NA
"1996-06-10",646.875,FALSE,NA,NA,"<= day","daily",NA,NA,NA
"1996-06-11",642,FALSE,NA,NA,"<= day","daily",NA,NA,NA
"1996-06-12",640.396,FALSE,NA,NA,"<= day","daily",NA,NA,NA
"1996-06-13",627.604,FALSE,NA,NA,"<= day","daily",NA,NA,NA
"1996-06-14",609.104,FALSE,NA,NA,"<= day","daily",NA,NA,NA
"1996-06-15",601.396,FALSE,NA,NA,"<= day","daily",NA,NA,NA
"1996-06-16",627.708,FALSE,NA,NA,"<= day","daily",NA,NA,NA
"1996-06-17",583.208,FALSE,NA,NA,"<= day","daily",NA,NA,NA
"1996-06-18",574,FALSE,NA,NA,"<= day","daily",NA,NA,NA
"1996-06-19",574,FALSE,NA,NA,"<= day","daily",NA,NA,NA
"1996-06-20",574.344,FALSE,NA,NA,"<= day","daily",NA,NA,NA
"1996-06-21",583.698,FALSE,NA,NA,"<= day","daily",NA,NA,NA
"1996-06-22",629,FALSE,NA,NA,"<= day","daily",NA,NA,NA
"1996-06-23",621.052,FALSE,NA,NA,"<= day","daily",NA,NA,NA
"1996-06-24",580.906,FALSE,NA,NA,"<= day","daily",NA,NA,NA
"1996-06-25",574,FALSE,NA,NA,"<= day","daily",NA,NA,NA
"1996-06-26",574,FALSE,NA,NA,"<= day","daily",NA,NA,NA
"1996-06-27",573.198,FALSE,NA,NA,"<= day","daily",NA,NA,NA
"1996-06-28",568.75,FALSE,NA,NA,"<= day","daily",NA,NA,NA
"1996-06-29",567.438,FALSE,NA,NA,"<= day","daily",NA,NA,NA
"1996-06-30",530.49,FALSE,NA,NA,"<= day","daily",NA,NA,NA
"1996-07-01",516.354,FALSE,NA,NA,"<= day","daily",NA,NA,NA
"1996-07-02",515,FALSE,NA,NA,"<= day","daily",NA,NA,NA
"1996-07-03",515,FALSE,NA,NA,"<= day","daily",NA,NA,NA
"1996-07-04",515,FALSE,NA,NA,"<= day","daily",NA,NA,NA
"1996-07-05",518.094,FALSE,NA,NA,"<= day","daily",NA,NA,NA
"1996-07-06",537.542,FALSE,NA,NA,"<= day","daily",NA,NA,NA
"1996-07-07",557.719,FALSE,NA,NA,"<= day","daily",NA,NA,NA
"1996-07-08",735.594,FALSE,NA,NA,"<= day","daily",NA,NA,NA
"1996-07-09",989.677,FALSE,NA,NA,"<= day","daily",NA,NA,NA
"1996-07-10",954.375,FALSE,NA,NA,"<= day","daily",NA,NA,NA
"1996-07-11",819.333,FALSE,NA,NA,"<= day","daily",NA,NA,NA
"1996-07-12",699.792,FALSE,NA,NA,"<= day","daily",NA,NA,NA
"1996-07-13",647.542,FALSE,NA,NA,"<= day","daily",NA,NA,NA
"1996-07-14",629.708,FALSE,NA,NA,"<= day","daily",NA,NA,NA
"1996-07-15",585.031,FALSE,NA,NA,"<= day","daily",NA,NA,NA
"1996-07-16",591.938,FALSE,NA,NA,"<= day","daily",NA,NA,NA
"1996-07-17",581.615,FALSE,NA,NA,"<= day","daily",NA,NA,NA
"1996-07-18",574.812,FALSE,NA,NA,"<= day","daily",NA,NA,NA
"1996-07-19",574,FALSE,NA,NA,"<= day","daily",NA,NA,NA
"1996-07-20",574,FALSE,NA,NA,"<= day","daily",NA,NA,NA
"1996-07-21",574,FALSE,NA,NA,"<= day","daily",NA,NA,NA
"1996-07-22",574,FALSE,NA,NA,"<= day","daily",NA,NA,NA
"1996-07-23",574,FALSE,NA,NA,"<= day","daily",NA,NA,NA
"1996-07-24",574,FALSE,NA,NA,"<= day","daily",NA,NA,NA
"1996-07-25",574,FALSE,NA,NA,"<= day","daily",NA,NA,NA
"1996-07-26",569.188,FALSE,NA,NA,"<= day","daily",NA,NA,NA
"1996-07-27",535.74,FALSE,NA,NA,"<= day","daily",NA,NA,NA
"1996-07-28",517.302,FALSE,NA,NA,"<= day","daily",NA,NA,NA
"1996-07-29",518.667,FALSE,NA,NA,"<= day","daily",NA,NA,NA
"1996-07-30",540.146,FALSE,NA,NA,"<= day","daily",NA,NA,NA
"1996-07-31",526.833,FALSE,NA,NA,"<= day","daily",NA,NA,NA
"1996-08-01",516.354,FALSE,NA,NA,"<= day","daily",NA,NA,NA
"1996-08-02",515,FALSE,NA,NA,"<= day","daily",NA,NA,NA
"1996-08-03",515,FALSE,NA,NA,"<= day","daily",NA,NA,NA
"1996-08-04",515,FALSE,NA,NA,"<= day","daily",NA,NA,NA
"1996-08-05",515,FALSE,NA,NA,"<= day","daily",NA,NA,NA
"1996-08-06",515,FALSE,NA,NA,"<= day","daily",NA,NA,NA
"1996-08-07",509.958,FALSE,NA,NA,"<= day","daily",NA,NA,NA
"1996-08-08",476.271,FALSE,NA,NA,"<= day","daily",NA,NA,NA
"1996-08-09",465.812,FALSE,NA,NA,"<= day","daily",NA,NA,NA
"1996-08-10",468.094,FALSE,NA,NA,"<= day","daily",NA,NA,NA
"1996-08-11",491.552,FALSE,NA,NA,"<= day","daily",NA,NA,NA
"1996-08-12",515.177,FALSE,NA,NA,"<= day","daily",NA,NA,NA
"1996-08-13",512.677,FALSE,NA,NA,"<= day","daily",NA,NA,NA
"1996-08-14",514.458,FALSE,NA,NA,"<= day","daily",NA,NA,NA
"1996-08-15",513.854,FALSE,NA,NA,"<= day","daily",NA,NA,NA
"1996-08-16",501.771,FALSE,NA,NA,"<= day","daily",NA,NA,NA
"1996-08-17",470.417,FALSE,NA,NA,"<= day","daily",NA,NA,NA
"1996-08-18",465,FALSE,NA,NA,"<= day","daily",NA,NA,NA
"1996-08-19",465,FALSE,NA,NA,"<= day","daily",NA,NA,NA
"1996-08-20",465,FALSE,NA,NA,"<= day","daily",NA,NA,NA
"1996-08-21",465,FALSE,NA,NA,"<= day","daily",NA,NA,NA
"1996-08-22",465,FALSE,NA,NA,"<= day","daily",NA,NA,NA
"1996-08-23",465,FALSE,NA,NA,"<= day","daily",NA,NA,NA
"1996-08-24",465,FALSE,NA,NA,"<= day","daily",NA,NA,NA
"1996-08-25",465,FALSE,NA,NA,"<= day","daily",NA,NA,NA
"1996-08-26",465,FALSE,NA,NA,"<= day","daily",NA,NA,NA
"1996-08-27",463.969,FALSE,NA,NA,"<= day","daily",NA,NA,NA
"1996-08-28",458.25,FALSE,NA,NA,"<= day","daily",NA,NA,NA
"1996-08-29",459.198,FALSE,NA,NA,"<= day","daily",NA,NA,NA
"1996-08-30",430.188,FALSE,NA,NA,"<= day","daily",NA,NA,NA
"1996-08-31",423.271,FALSE,NA,NA,"<= day","daily",NA,NA,NA
"1996-09-01",423,FALSE,NA,NA,"<= day","daily",NA,NA,NA
"1996-09-02",423,FALSE,NA,NA,"<= day","daily",NA,NA,NA
"1996-09-03",423,FALSE,NA,NA,"<= day","daily",NA,NA,NA
"1996-09-04",423,FALSE,NA,NA,"<= day","daily",NA,NA,NA
"1996-09-05",419.906,FALSE,NA,NA,"<= day","daily",NA,NA,NA
"1996-09-06",398.396,FALSE,NA,NA,"<= day","daily",NA,NA,NA
"1996-09-07",386.49,FALSE,NA,NA,"<= day","daily",NA,NA,NA
"1996-09-08",385,FALSE,NA,NA,"<= day","daily",NA,NA,NA
"1996-09-09",385,FALSE,NA,NA,"<= day","daily",NA,NA,NA
"1996-09-10",386.375,FALSE,NA,NA,"<= day","daily",NA,NA,NA
"1996-09-11",397.781,FALSE,NA,NA,"<= day","daily",NA,NA,NA
"1996-09-12",415.385,FALSE,NA,NA,"<= day","daily",NA,NA,NA
"1996-09-13",419.844,FALSE,NA,NA,"<= day","daily",NA,NA,NA
"1996-09-14",416.74,FALSE,NA,NA,"<= day","daily",NA,NA,NA
"1996-09-15",389.875,FALSE,NA,NA,"<= day","daily",NA,NA,NA
"1996-09-16",385,FALSE,NA,NA,"<= day","daily",NA,NA,NA
"1996-09-17",385,FALSE,NA,NA,"<= day","daily",NA,NA,NA
"1996-09-18",385,FALSE,NA,NA,"<= day","daily",NA,NA,NA
"1996-09-19",385,FALSE,NA,NA,"<= day","daily",NA,NA,NA
"1996-09-20",385.344,FALSE,NA,NA,"<= day","daily",NA,NA,NA
"1996-09-21",388.167,FALSE,NA,NA,"<= day","daily",NA,NA,NA
"1996-09-22",391.406,FALSE,NA,NA,"<= day","daily",NA,NA,NA
"1996-09-23",386.083,FALSE,NA,NA,"<= day","daily",NA,NA,NA
"1996-09-24",385,FALSE,NA,NA,"<= day","daily",NA,NA,NA
"1996-09-25",385,FALSE,NA,NA,"<= day","daily",NA,NA,NA
"1996-09-26",385,FALSE,NA,NA,"<= day","daily",NA,NA,NA
"1996-09-27",385,FALSE,NA,NA,"<= day","daily",NA,NA,NA
"1996-09-28",385,FALSE,NA,NA,"<= day","daily",NA,NA,NA
"1996-09-29",385,FALSE,NA,NA,"<= day","daily",NA,NA,NA
"1996-09-30",385,FALSE,NA,NA,"<= day","daily",NA,NA,NA
"1996-10-01",385,FALSE,NA,NA,"<= day","daily",NA,NA,NA
"1996-10-02",385,FALSE,NA,NA,"<= day","daily",NA,NA,NA
"1996-10-03",385,FALSE,NA,NA,"<= day","daily",NA,NA,NA
"1996-10-04",385,FALSE,NA,NA,"<= day","daily",NA,NA,NA
"1996-10-05",383.969,FALSE,NA,NA,"<= day","daily",NA,NA,NA
"1996-10-06",374.24,FALSE,NA,NA,"<= day","daily",NA,NA,NA
"1996-10-07",356.5,FALSE,NA,NA,"<= day","daily",NA,NA,NA
"1996-10-08",369.844,FALSE,NA,NA,"<= day","daily",NA,NA,NA
"1996-10-09",355.771,FALSE,NA,NA,"<= day","daily",NA,NA,NA
"1996-10-10",350.406,FALSE,NA,NA,"<= day","daily",NA,NA,NA
"1996-10-11",350,FALSE,NA,NA,"<= day","daily",NA,NA,NA
"1996-10-12",350,FALSE,NA,NA,"<= day","daily",NA,NA,NA
"1996-10-13",350,FALSE,NA,NA,"<= day","daily",NA,NA,NA
"1996-10-14",350,FALSE,NA,NA,"<= day","daily",NA,NA,NA
"1996-10-15",354.354,FALSE,NA,NA,"<= day","daily",NA,NA,NA
"1996-10-16",382.51,FALSE,NA,NA,"<= day","daily",NA,NA,NA
"1996-10-17",381.396,FALSE,NA,NA,"<= day","daily",NA,NA,NA
"1996-10-18",354.74,FALSE,NA,NA,"<= day","daily",NA,NA,NA
"1996-10-19",350,FALSE,NA,NA,"<= day","daily",NA,NA,NA
"1996-10-20",350,FALSE,NA,NA,"<= day","daily",NA,NA,NA
"1996-10-21",350,FALSE,NA,NA,"<= day","daily",NA,NA,NA
"1996-10-22",350,FALSE,NA,NA,"<= day","daily",NA,NA,NA
"1996-10-23",348.969,FALSE,NA,NA,"<= day","daily",NA,NA,NA
"1996-10-24",339.698,FALSE,NA,NA,"<= day","daily",NA,NA,NA
"1996-10-25",321.979,FALSE,NA,NA,"<= day","daily",NA,NA,NA
"1996-10-26",319.344,FALSE,NA,NA,"<= day","daily",NA,NA,NA
"1996-10-27",321.25,FALSE,NA,NA,"<= day","daily",NA,NA,NA
"1996-10-28",321.354,FALSE,NA,NA,"<= day","daily",NA,NA,NA
"1996-10-29",335.302,FALSE,NA,NA,"<= day","daily",NA,NA,NA
"1996-10-30",344.552,FALSE,NA,NA,"<= day","daily",NA,NA,NA
"1996-10-31",323.198,FALSE,NA,NA,"<= day","daily",NA,NA,NA
"1996-11-01",319,FALSE,NA,NA,"<= day","daily",NA,NA,NA
"1996-11-02",319,FALSE,NA,NA,"<= day","daily",NA,NA,NA
"1996-11-03",319,FALSE,NA,NA,"<= day","daily",NA,NA,NA
"1996-11-04",319,FALSE,NA,NA,"<= day","daily",NA,NA,NA
"1996-11-05",319,FALSE,NA,NA,"<= day","daily",NA,NA,NA
"1996-11-06",319.802,FALSE,NA,NA,"<= day","daily",NA,NA,NA
"1996-11-07",327.115,FALSE,NA,NA,"<= day","daily",NA,NA,NA
"1996-11-08",338.698,FALSE,NA,NA,"<= day","daily",NA,NA,NA
"1996-11-09",322.385,FALSE,NA,NA,"<= day","daily",NA,NA,NA
"1996-11-10",320.833,FALSE,NA,NA,"<= day","daily",NA,NA,NA
"1996-11-11",331.917,FALSE,NA,NA,"<= day","daily",NA,NA,NA
"1996-11-12",331.062,FALSE,NA,NA,"<= day","daily",NA,NA,NA
"1996-11-13",351.083,FALSE,NA,NA,"<= day","daily",NA,NA,NA
"1996-11-14",360.292,FALSE,NA,NA,"<= day","daily",NA,NA,NA
"1996-11-15",330,FALSE,NA,NA,"<= day","daily",NA,NA,NA
"1996-11-16",319.812,FALSE,NA,NA,"<= day","daily",NA,NA,NA
"1996-11-17",319,FALSE,NA,NA,"<= day","daily",NA,NA,NA
"1996-11-18",319,FALSE,NA,NA,"<= day","daily",NA,NA,NA
"1996-11-19",319,FALSE,NA,NA,"<= day","daily",NA,NA,NA
"1996-11-20",321.406,FALSE,NA,NA,"<= day","daily",NA,NA,NA
"1996-11-21",336.24,FALSE,NA,NA,"<= day","daily",NA,NA,NA
"1996-11-22",331.594,FALSE,NA,NA,"<= day","daily",NA,NA,NA
"1996-11-23",320.76,FALSE,NA,NA,"<= day","daily",NA,NA,NA
"1996-11-24",319,FALSE,NA,NA,"<= day","daily",NA,NA,NA
"1996-11-25",319,FALSE,NA,NA,"<= day","daily",NA,NA,NA
"1996-11-26",319,FALSE,NA,NA,"<= day","daily",NA,NA,NA
"1996-11-27",319,FALSE,NA,NA,"<= day","daily",NA,NA,NA
"1996-11-28",319,FALSE,NA,NA,"<= day","daily",NA,NA,NA
"1996-11-29",321.292,FALSE,NA,NA,"<= day","daily",NA,NA,NA
"1996-11-30",337.552,FALSE,NA,NA,"<= day","daily",NA,NA,NA
"1996-12-01",348.51,FALSE,NA,NA,"<= day","daily",NA,NA,NA
"1996-12-02",352.635,FALSE,NA,NA,"<= day","daily",NA,NA,NA
"1996-12-03",367.25,FALSE,NA,NA,"<= day","daily",NA,NA,NA
"1996-12-04",353.115,FALSE,NA,NA,"<= day","daily",NA,NA,NA
"1996-12-05",350,FALSE,NA,NA,"<= day","daily",NA,NA,NA
"1996-12-06",350,FALSE,NA,NA,"<= day","daily",NA,NA,NA
"1996-12-07",350,FALSE,NA,NA,"<= day","daily",NA,NA,NA
"1996-12-08",350,FALSE,NA,NA,"<= day","daily",NA,NA,NA
"1996-12-09",350,FALSE,NA,NA,"<= day","daily",NA,NA,NA
"1996-12-10",350,FALSE,NA,NA,"<= day","daily",NA,NA,NA
"1996-12-11",350,FALSE,NA,NA,"<= day","daily",NA,NA,NA
"1996-12-12",350,FALSE,NA,NA,"<= day","daily",NA,NA,NA
"1996-12-13",350,FALSE,NA,NA,"<= day","daily",NA,NA,NA
"1996-12-14",350,FALSE,NA,NA,"<= day","daily",NA,NA,NA
"1996-12-15",350,FALSE,NA,NA,"<= day","daily",NA,NA,NA
"1996-12-16",350,FALSE,NA,NA,"<= day","daily",NA,NA,NA
"1996-12-17",350,FALSE,NA,NA,"<= day","daily",NA,NA,NA
"1996-12-18",350,FALSE,NA,NA,"<= day","daily",NA,NA,NA
"1996-12-19",350,FALSE,NA,NA,"<= day","daily",NA,NA,NA
"1996-12-20",350,FALSE,NA,NA,"<= day","daily",NA,NA,NA
"1996-12-21",350,FALSE,NA,NA,"<= day","daily",NA,NA,NA
"1996-12-22",352.062,FALSE,NA,NA,"<= day","daily",NA,NA,NA
"1996-12-23",370.833,FALSE,NA,NA,"<= day","daily",NA,NA,NA
"1996-12-24",403.875,FALSE,NA,NA,"<= day","daily",NA,NA,NA
"1996-12-25",382.656,FALSE,NA,NA,"<= day","daily",NA,NA,NA
"1996-12-26",363.812,FALSE,NA,NA,"<= day","daily",NA,NA,NA
"1996-12-27",353.25,FALSE,NA,NA,"<= day","daily",NA,NA,NA
"1996-12-28",363.76,FALSE,NA,NA,"<= day","daily",NA,NA,NA
"1996-12-29",382.021,FALSE,NA,NA,"<= day","daily",NA,NA,NA
"1996-12-30",385,FALSE,NA,NA,"<= day","daily",NA,NA,NA
"1996-12-31",385,FALSE,NA,NA,"<= day","daily",NA,NA,NA
"1997-01-01",385,FALSE,NA,NA,"<= day","daily",NA,NA,NA
"1997-01-02",384.427,FALSE,NA,NA,"<= day","daily",NA,NA,NA
"1997-01-03",377.698,FALSE,NA,NA,"<= day","daily",NA,NA,NA
"1997-01-04",357.062,FALSE,NA,NA,"<= day","daily",NA,NA,NA
"1997-01-05",350.542,FALSE,NA,NA,"<= day","daily",NA,NA,NA
"1997-01-06",350,FALSE,NA,NA,"<= day","daily",NA,NA,NA
"1997-01-07",350,FALSE,NA,NA,"<= day","daily",NA,NA,NA
"1997-01-08",350,FALSE,NA,NA,"<= day","daily",NA,NA,NA
"1997-01-09",350,FALSE,NA,NA,"<= day","daily",NA,NA,NA
"1997-01-10",350,FALSE,NA,NA,"<= day","daily",NA,NA,NA
"1997-01-11",350,FALSE,NA,NA,"<= day","daily",NA,NA,NA
"1997-01-12",350,FALSE,NA,NA,"<= day","daily",NA,NA,NA
"1997-01-13",350,FALSE,NA,NA,"<= day","daily",NA,NA,NA
"1997-01-14",350,FALSE,NA,NA,"<= day","daily",NA,NA,NA
"1997-01-15",350,FALSE,NA,NA,"<= day","daily",NA,NA,NA
"1997-01-16",350,FALSE,NA,NA,"<= day","daily",NA,NA,NA
"1997-01-17",350,FALSE,NA,NA,"<= day","daily",NA,NA,NA
"1997-01-18",350,FALSE,NA,NA,"<= day","daily",NA,NA,NA
"1997-01-19",350,FALSE,NA,NA,"<= day","daily",NA,NA,NA
"1997-01-20",350.115,FALSE,NA,NA,"<= day","daily",NA,NA,NA
"1997-01-21",352.698,FALSE,NA,NA,"<= day","daily",NA,NA,NA
"1997-01-22",365.406,FALSE,NA,NA,"<= day","daily",NA,NA,NA
"1997-01-23",374.646,FALSE,NA,NA,"<= day","daily",NA,NA,NA
"1997-01-24",395.24,FALSE,NA,NA,"<= day","daily",NA,NA,NA
"1997-01-25",387.167,FALSE,NA,NA,"<= day","daily",NA,NA,NA
"1997-01-26",385,FALSE,NA,NA,"<= day","daily",NA,NA,NA
"1997-01-27",385,FALSE,NA,NA,"<= day","daily",NA,NA,NA
"1997-01-28",385,FALSE,NA,NA,"<= day","daily",NA,NA,NA
"1997-01-29",385,FALSE,NA,NA,"<= day","daily",NA,NA,NA
"1997-01-30",385,FALSE,NA,NA,"<= day","daily",NA,NA,NA
"1997-01-31",385,FALSE,NA,NA,"<= day","daily",NA,NA,NA
"1997-02-01",385,FALSE,NA,NA,"<= day","daily",NA,NA,NA
"1997-02-02",385,FALSE,NA,NA,"<= day","daily",NA,NA,NA
"1997-02-03",385,FALSE,NA,NA,"<= day","daily",NA,NA,NA
"1997-02-04",385,FALSE,NA,NA,"<= day","daily",NA,NA,NA
"1997-02-05",385,FALSE,NA,NA,"<= day","daily",NA,NA,NA
"1997-02-06",385,FALSE,NA,NA,"<= day","daily",NA,NA,NA
"1997-02-07",385,FALSE,NA,NA,"<= day","daily",NA,NA,NA
"1997-02-08",385,FALSE,NA,NA,"<= day","daily",NA,NA,NA
"1997-02-09",385,FALSE,NA,NA,"<= day","daily",NA,NA,NA
"1997-02-10",385,FALSE,NA,NA,"<= day","daily",NA,NA,NA
"1997-02-11",385,FALSE,NA,NA,"<= day","daily",NA,NA,NA
"1997-02-12",386.375,FALSE,NA,NA,"<= day","daily",NA,NA,NA
"1997-02-13",398.354,FALSE,NA,NA,"<= day","daily",NA,NA,NA
"1997-02-14",437.24,FALSE,NA,NA,"<= day","daily",NA,NA,NA
"1997-02-15",555.406,FALSE,NA,NA,"<= day","daily",NA,NA,NA
"1997-02-16",556.042,FALSE,NA,NA,"<= day","daily",NA,NA,NA
"1997-02-17",488.615,FALSE,NA,NA,"<= day","daily",NA,NA,NA
"1997-02-18",474.573,FALSE,NA,NA,"<= day","daily",NA,NA,NA
"1997-02-19",500.135,FALSE,NA,NA,"<= day","daily",NA,NA,NA
"1997-02-20",490.938,FALSE,NA,NA,"<= day","daily",NA,NA,NA
"1997-02-21",468.656,FALSE,NA,NA,"<= day","daily",NA,NA,NA
"1997-02-22",467.177,FALSE,NA,NA,"<= day","daily",NA,NA,NA
"1997-02-23",483.604,FALSE,NA,NA,"<= day","daily",NA,NA,NA
"1997-02-24",504.208,FALSE,NA,NA,"<= day","daily",NA,NA,NA
"1997-02-25",579.771,FALSE,NA,NA,"<= day","daily",NA,NA,NA
"1997-02-26",920.042,FALSE,NA,NA,"<= day","daily",NA,NA,NA
"1997-02-27",1116.667,FALSE,NA,NA,"<= day","daily",NA,NA,NA
"1997-02-28",1188.583,FALSE,NA,NA,"<= day","daily",NA,NA,NA
"1997-03-01",1150.792,FALSE,NA,NA,"<= day","daily",NA,NA,NA
"1997-03-02",1103.948,FALSE,NA,NA,"<= day","daily",NA,NA,NA
"1997-03-03",1053.125,FALSE,NA,NA,"<= day","daily",NA,NA,NA
"1997-03-04",1045,FALSE,NA,NA,"<= day","daily",NA,NA,NA
"1997-03-05",1037.552,FALSE,NA,NA,"<= day","daily",NA,NA,NA
"1997-03-06",986.969,FALSE,NA,NA,"<= day","daily",NA,NA,NA
"1997-03-07",966.167,FALSE,NA,NA,"<= day","daily",NA,NA,NA
"1997-03-08",957.24,FALSE,NA,NA,"<= day","daily",NA,NA,NA
"1997-03-09",910.354,FALSE,NA,NA,"<= day","daily",NA,NA,NA
"1997-03-10",885.115,FALSE,NA,NA,"<= day","daily",NA,NA,NA
"1997-03-11",882,FALSE,NA,NA,"<= day","daily",NA,NA,NA
"1997-03-12",879.594,FALSE,NA,NA,"<= day","daily",NA,NA,NA
"1997-03-13",857.656,FALSE,NA,NA,"<= day","daily",NA,NA,NA
"1997-03-14",813.51,FALSE,NA,NA,"<= day","daily",NA,NA,NA
"1997-03-15",800.948,FALSE,NA,NA,"<= day","daily",NA,NA,NA
"1997-03-16",790.948,FALSE,NA,NA,"<= day","daily",NA,NA,NA
"1997-03-17",731.698,FALSE,NA,NA,"<= day","daily",NA,NA,NA
"1997-03-18",725.125,FALSE,NA,NA,"<= day","daily",NA,NA,NA
"1997-03-19",753.958,FALSE,NA,NA,"<= day","daily",NA,NA,NA
"1997-03-20",773.927,FALSE,NA,NA,"<= day","daily",NA,NA,NA
"1997-03-21",788.323,FALSE,NA,NA,"<= day","daily",NA,NA,NA
"1997-03-22",747.156,FALSE,NA,NA,"<= day","daily",NA,NA,NA
"1997-03-23",784.146,FALSE,NA,NA,"<= day","daily",NA,NA,NA
"1997-03-24",764.573,FALSE,NA,NA,"<= day","daily",NA,NA,NA
"1997-03-25",733.573,FALSE,NA,NA,"<= day","daily",NA,NA,NA
"1997-03-26",722.219,FALSE,NA,NA,"<= day","daily",NA,NA,NA
"1997-03-27",721,FALSE,NA,NA,"<= day","daily",NA,NA,NA
"1997-03-28",721,FALSE,NA,NA,"<= day","daily",NA,NA,NA
"1997-03-29",721,FALSE,NA,NA,"<= day","daily",NA,NA,NA
"1997-03-30",721,FALSE,NA,NA,"<= day","daily",NA,NA,NA
"1997-03-31",721,FALSE,NA,NA,"<= day","daily",NA,NA,NA
"1997-04-01",721,FALSE,NA,NA,"<= day","daily",NA,NA,NA
"1997-04-02",717.562,FALSE,NA,NA,"<= day","daily",NA,NA,NA
"1997-04-03",695.062,FALSE,NA,NA,"<= day","daily",NA,NA,NA
"1997-04-04",685.385,FALSE,NA,NA,"<= day","daily",NA,NA,NA
"1997-04-05",648.635,FALSE,NA,NA,"<= day","daily",NA,NA,NA
"1997-04-06",642,FALSE,NA,NA,"<= day","daily",NA,NA,NA
"1997-04-07",642,FALSE,NA,NA,"<= day","daily",NA,NA,NA
"1997-04-08",642,FALSE,NA,NA,"<= day","daily",NA,NA,NA
"1997-04-09",642,FALSE,NA,NA,"<= day","daily",NA,NA,NA
"1997-04-10",642,FALSE,NA,NA,"<= day","daily",NA,NA,NA
"1997-04-11",642,FALSE,NA,NA,"<= day","daily",NA,NA,NA
"1997-04-12",642,FALSE,NA,NA,"<= day","daily",NA,NA,NA
"1997-04-13",637.76,FALSE,NA,NA,"<= day","daily",NA,NA,NA
"1997-04-14",610.698,FALSE,NA,NA,"<= day","daily",NA,NA,NA
"1997-04-15",605.948,FALSE,NA,NA,"<= day","daily",NA,NA,NA
"1997-04-16",581.302,FALSE,NA,NA,"<= day","daily",NA,NA,NA
"1997-04-17",591.635,FALSE,NA,NA,"<= day","daily",NA,NA,NA
"1997-04-18",593.958,FALSE,NA,NA,"<= day","daily",NA,NA,NA
"1997-04-19",580.323,FALSE,NA,NA,"<= day","daily",NA,NA,NA
"1997-04-20",599.927,FALSE,NA,NA,"<= day","daily",NA,NA,NA
"1997-04-21",610.042,FALSE,NA,NA,"<= day","daily",NA,NA,NA
"1997-04-22",579.823,FALSE,NA,NA,"<= day","daily",NA,NA,NA
"1997-04-23",574,FALSE,NA,NA,"<= day","daily",NA,NA,NA
"1997-04-24",574,FALSE,NA,NA,"<= day","daily",NA,NA,NA
"1997-04-25",574,FALSE,NA,NA,"<= day","daily",NA,NA,NA
"1997-04-26",574,FALSE,NA,NA,"<= day","daily",NA,NA,NA
"1997-04-27",574,FALSE,NA,NA,"<= day","daily",NA,NA,NA
"1997-04-28",573.198,FALSE,NA,NA,"<= day","daily",NA,NA,NA
"1997-04-29",564.51,FALSE,NA,NA,"<= day","daily",NA,NA,NA
"1997-04-30",538.542,FALSE,NA,NA,"<= day","daily",NA,NA,NA
"1997-05-01",517.979,FALSE,NA,NA,"<= day","daily",NA,NA,NA
"1997-05-02",515,FALSE,NA,NA,"<= day","daily",NA,NA,NA
"1997-05-03",515,FALSE,NA,NA,"<= day","daily",NA,NA,NA
"1997-05-04",515,FALSE,NA,NA,"<= day","daily",NA,NA,NA
"1997-05-05",515,FALSE,NA,NA,"<= day","daily",NA,NA,NA
"1997-05-06",515,FALSE,NA,NA,"<= day","daily",NA,NA,NA
"1997-05-07",515,FALSE,NA,NA,"<= day","daily",NA,NA,NA
"1997-05-08",515,FALSE,NA,NA,"<= day","daily",NA,NA,NA
"1997-05-09",514.542,FALSE,NA,NA,"<= day","daily",NA,NA,NA
"1997-05-10",509.135,FALSE,NA,NA,"<= day","daily",NA,NA,NA
"1997-05-11",489.979,FALSE,NA,NA,"<= day","daily",NA,NA,NA
"1997-05-12",468.385,FALSE,NA,NA,"<= day","daily",NA,NA,NA
"1997-05-13",465,FALSE,NA,NA,"<= day","daily",NA,NA,NA
"1997-05-14",465,FALSE,NA,NA,"<= day","daily",NA,NA,NA
"1997-05-15",465,FALSE,NA,NA,"<= day","daily",NA,NA,NA
"1997-05-16",465,FALSE,NA,NA,"<= day","daily",NA,NA,NA
"1997-05-17",465,FALSE,NA,NA,"<= day","daily",NA,NA,NA
"1997-05-18",465,FALSE,NA,NA,"<= day","daily",NA,NA,NA
"1997-05-19",465,FALSE,NA,NA,"<= day","daily",NA,NA,NA
"1997-05-20",465,FALSE,NA,NA,"<= day","daily",NA,NA,NA
"1997-05-21",465,FALSE,NA,NA,"<= day","daily",NA,NA,NA
"1997-05-22",465,FALSE,NA,NA,"<= day","daily",NA,NA,NA
"1997-05-23",465,FALSE,NA,NA,"<= day","daily",NA,NA,NA
"1997-05-24",462.823,FALSE,NA,NA,"<= day","daily",NA,NA,NA
"1997-05-25",450.521,FALSE,NA,NA,"<= day","daily",NA,NA,NA
"1997-05-26",458.75,FALSE,NA,NA,"<= day","daily",NA,NA,NA
"1997-05-27",449.104,FALSE,NA,NA,"<= day","daily",NA,NA,NA
"1997-05-28",448.615,FALSE,NA,NA,"<= day","daily",NA,NA,NA
"1997-05-29",427.062,FALSE,NA,NA,"<= day","daily",NA,NA,NA
"1997-05-30",423,FALSE,NA,NA,"<= day","daily",NA,NA,NA
"1997-05-31",423,FALSE,NA,NA,"<= day","daily",NA,NA,NA
"1997-06-01",423,FALSE,NA,NA,"<= day","daily",NA,NA,NA
"1997-06-02",423,FALSE,NA,NA,"<= day","daily",NA,NA,NA
"1997-06-03",423.573,FALSE,NA,NA,"<= day","daily",NA,NA,NA
"1997-06-04",424.229,FALSE,NA,NA,"<= day","daily",NA,NA,NA
"1997-06-05",402.823,FALSE,NA,NA,"<= day","daily",NA,NA,NA
"1997-06-06",387.167,FALSE,NA,NA,"<= day","daily",NA,NA,NA
"1997-06-07",388.667,FALSE,NA,NA,"<= day","daily",NA,NA,NA
"1997-06-08",412.781,FALSE,NA,NA,"<= day","daily",NA,NA,NA
"1997-06-09",415.917,FALSE,NA,NA,"<= day","daily",NA,NA,NA
"1997-06-10",401.469,FALSE,NA,NA,"<= day","daily",NA,NA,NA
"1997-06-11",387.167,FALSE,NA,NA,"<= day","daily",NA,NA,NA
"1997-06-12",385,FALSE,NA,NA,"<= day","daily",NA,NA,NA
"1997-06-13",386.948,FALSE,NA,NA,"<= day","daily",NA,NA,NA
"1997-06-14",401.188,FALSE,NA,NA,"<= day","daily",NA,NA,NA
"1997-06-15",409.802,FALSE,NA,NA,"<= day","daily",NA,NA,NA
"1997-06-16",395.594,FALSE,NA,NA,"<= day","daily",NA,NA,NA
"1997-06-17",436.573,FALSE,NA,NA,"<= day","daily",NA,NA,NA
"1997-06-18",451.156,FALSE,NA,NA,"<= day","daily",NA,NA,NA
"1997-06-19",399.927,FALSE,NA,NA,"<= day","daily",NA,NA,NA
"1997-06-20",387.073,FALSE,NA,NA,"<= day","daily",NA,NA,NA
"1997-06-21",412.5,FALSE,NA,NA,"<= day","daily",NA,NA,NA
"1997-06-22",523.833,FALSE,NA,NA,"<= day","daily",NA,NA,NA
"1997-06-23",488.417,FALSE,NA,NA,"<= day","daily",NA,NA,NA
"1997-06-24",444.76,FALSE,NA,NA,"<= day","daily",NA,NA,NA
"1997-06-25",425.438,FALSE,NA,NA,"<= day","daily",NA,NA,NA
"1997-06-26",435.375,FALSE,NA,NA,"<= day","daily",NA,NA,NA
"1997-06-27",510.302,FALSE,NA,NA,"<= day","daily",NA,NA,NA
"1997-06-28",479.906,FALSE,NA,NA,"<= day","daily",NA,NA,NA
"1997-06-29",442.01,FALSE,NA,NA,"<= day","daily",NA,NA,NA
"1997-06-30",458.125,FALSE,NA,NA,"<= day","daily",NA,NA,NA
"1997-07-01",444.438,FALSE,NA,NA,"<= day","daily",NA,NA,NA
"1997-07-02",428.823,FALSE,NA,NA,"<= day","daily",NA,NA,NA
"1997-07-03",445.708,FALSE,NA,NA,"<= day","daily",NA,NA,NA
"1997-07-04",449.583,FALSE,NA,NA,"<= day","daily",NA,NA,NA
"1997-07-05",467.104,FALSE,NA,NA,"<= day","daily",NA,NA,NA
"1997-07-06",615.26,FALSE,NA,NA,"<= day","daily",NA,NA,NA
"1997-07-07",556.344,FALSE,NA,NA,"<= day","daily",NA,NA,NA
"1997-07-08",496.49,FALSE,NA,NA,"<= day","daily",NA,NA,NA
"1997-07-09",468.656,FALSE,NA,NA,"<= day","daily",NA,NA,NA
"1997-07-10",465,FALSE,NA,NA,"<= day","daily",NA,NA,NA
"1997-07-11",465,FALSE,NA,NA,"<= day","daily",NA,NA,NA
"1997-07-12",465,FALSE,NA,NA,"<= day","daily",NA,NA,NA
"1997-07-13",465,FALSE,NA,NA,"<= day","daily",NA,NA,NA
"1997-07-14",465,FALSE,NA,NA,"<= day","daily",NA,NA,NA
"1997-07-15",465,FALSE,NA,NA,"<= day","daily",NA,NA,NA
"1997-07-16",465,FALSE,NA,NA,"<= day","daily",NA,NA,NA
"1997-07-17",465,FALSE,NA,NA,"<= day","daily",NA,NA,NA
"1997-07-18",465.229,FALSE,NA,NA,"<= day","daily",NA,NA,NA
"1997-07-19",469.135,FALSE,NA,NA,"<= day","daily",NA,NA,NA
"1997-07-20",482.521,FALSE,NA,NA,"<= day","daily",NA,NA,NA
"1997-07-21",464.677,FALSE,NA,NA,"<= day","daily",NA,NA,NA
"1997-07-22",439.062,FALSE,NA,NA,"<= day","daily",NA,NA,NA
"1997-07-23",433.052,FALSE,NA,NA,"<= day","daily",NA,NA,NA
"1997-07-24",420.531,FALSE,NA,NA,"<= day","daily",NA,NA,NA
"1997-07-25",418.812,FALSE,NA,NA,"<= day","daily",NA,NA,NA
"1997-07-26",412.167,FALSE,NA,NA,"<= day","daily",NA,NA,NA
"1997-07-27",402.906,FALSE,NA,NA,"<= day","daily",NA,NA,NA
"1997-07-28",387.573,FALSE,NA,NA,"<= day","daily",NA,NA,NA
"1997-07-29",385,FALSE,NA,NA,"<= day","daily",NA,NA,NA
"1997-07-30",385,FALSE,NA,NA,"<= day","daily",NA,NA,NA
"1997-07-31",385,FALSE,NA,NA,"<= day","daily",NA,NA,NA
"1997-08-01",385,FALSE,NA,NA,"<= day","daily",NA,NA,NA
"1997-08-02",385,FALSE,NA,NA,"<= day","daily",NA,NA,NA
"1997-08-03",385,FALSE,NA,NA,"<= day","daily",NA,NA,NA
"1997-08-04",383.167,FALSE,NA,NA,"<= day","daily",NA,NA,NA
"1997-08-05",368.99,FALSE,NA,NA,"<= day","daily",NA,NA,NA
"1997-08-06",352.573,FALSE,NA,NA,"<= day","daily",NA,NA,NA
"1997-08-07",350,FALSE,NA,NA,"<= day","daily",NA,NA,NA
"1997-08-08",350,FALSE,NA,NA,"<= day","daily",NA,NA,NA
"1997-08-09",350,FALSE,NA,NA,"<= day","daily",NA,NA,NA
"1997-08-10",350,FALSE,NA,NA,"<= day","daily",NA,NA,NA
"1997-08-11",350,FALSE,NA,NA,"<= day","daily",NA,NA,NA
"1997-08-12",350,FALSE,NA,NA,"<= day","daily",NA,NA,NA
"1997-08-13",350.802,FALSE,NA,NA,"<= day","daily",NA,NA,NA
"1997-08-14",355.25,FALSE,NA,NA,"<= day","daily",NA,NA,NA
"1997-08-15",350.948,FALSE,NA,NA,"<= day","daily",NA,NA,NA
"1997-08-16",350,FALSE,NA,NA,"<= day","daily",NA,NA,NA
"1997-08-17",350,FALSE,NA,NA,"<= day","daily",NA,NA,NA
"1997-08-18",350,FALSE,NA,NA,"<= day","daily",NA,NA,NA
"1997-08-19",350,FALSE,NA,NA,"<= day","daily",NA,NA,NA
"1997-08-20",350,FALSE,NA,NA,"<= day","daily",NA,NA,NA
"1997-08-21",350,FALSE,NA,NA,"<= day","daily",NA,NA,NA
"1997-08-22",350,FALSE,NA,NA,"<= day","daily",NA,NA,NA
"1997-08-23",350,FALSE,NA,NA,"<= day","daily",NA,NA,NA
"1997-08-24",350,FALSE,NA,NA,"<= day","daily",NA,NA,NA
"1997-08-25",351.604,FALSE,NA,NA,"<= day","daily",NA,NA,NA
"1997-08-26",359.01,FALSE,NA,NA,"<= day","daily",NA,NA,NA
"1997-08-27",340.198,FALSE,NA,NA,"<= day","daily",NA,NA,NA
"1997-08-28",335.948,FALSE,NA,NA,"<= day","daily",NA,NA,NA
"1997-08-29",348.062,FALSE,NA,NA,"<= day","daily",NA,NA,NA
"1997-08-30",329.74,FALSE,NA,NA,"<= day","daily",NA,NA,NA
"1997-08-31",312.292,FALSE,NA,NA,"<= day","daily",NA,NA,NA
"1997-09-01",260.208,FALSE,NA,NA,"<= day","daily",NA,NA,NA
"1997-09-02",251,FALSE,NA,NA,"<= day","daily",NA,NA,NA
"1997-09-03",251,FALSE,NA,NA,"<= day","daily",NA,NA,NA
"1997-09-04",251,FALSE,NA,NA,"<= day","daily",NA,NA,NA
"1997-09-05",250.885,FALSE,NA,NA,"<= day","daily",NA,NA,NA
"1997-09-06",250.25,FALSE,NA,NA,"<= day","daily",NA,NA,NA
"1997-09-07",251.552,FALSE,NA,NA,"<= day","daily",NA,NA,NA
"1997-09-08",259.51,FALSE,NA,NA,"<= day","daily",NA,NA,NA
"1997-09-09",282.073,FALSE,NA,NA,"<= day","daily",NA,NA,NA
"1997-09-10",286,FALSE,NA,NA,"<= day","daily",NA,NA,NA
"1997-09-11",286,FALSE,NA,NA,"<= day","daily",NA,NA,NA
"1997-09-12",290.125,FALSE,NA,NA,"<= day","daily",NA,NA,NA
"1997-09-13",314.031,FALSE,NA,NA,"<= day","daily",NA,NA,NA
"1997-09-14",297.74,FALSE,NA,NA,"<= day","daily",NA,NA,NA
"1997-09-15",287.969,FALSE,NA,NA,"<= day","daily",NA,NA,NA
"1997-09-16",286.135,FALSE,NA,NA,"<= day","daily",NA,NA,NA
"1997-09-17",286,FALSE,NA,NA,"<= day","daily",NA,NA,NA
"1997-09-18",286.115,FALSE,NA,NA,"<= day","daily",NA,NA,NA
"1997-09-19",288.354,FALSE,NA,NA,"<= day","daily",NA,NA,NA
"1997-09-20",296.635,FALSE,NA,NA,"<= day","daily",NA,NA,NA
"1997-09-21",287.896,FALSE,NA,NA,"<= day","daily",NA,NA,NA
"1997-09-22",286,FALSE,NA,NA,"<= day","daily",NA,NA,NA
"1997-09-23",286,FALSE,NA,NA,"<= day","daily",NA,NA,NA
"1997-09-24",285.656,FALSE,NA,NA,"<= day","daily",NA,NA,NA
"1997-09-25",283.75,FALSE,NA,NA,"<= day","daily",NA,NA,NA
"1997-09-26",285.594,FALSE,NA,NA,"<= day","daily",NA,NA,NA
"1997-09-27",285.771,FALSE,NA,NA,"<= day","daily",NA,NA,NA
"1997-09-28",280.948,FALSE,NA,NA,"<= day","daily",NA,NA,NA
"1997-09-29",258.469,FALSE,NA,NA,"<= day","daily",NA,NA,NA
"1997-09-30",251.542,FALSE,NA,NA,"<= day","daily",NA,NA,NA
"1997-10-01",251,FALSE,NA,NA,"<= day","daily",NA,NA,NA
"1997-10-02",251,FALSE,NA,NA,"<= day","daily",NA,NA,NA
"1997-10-03",251,FALSE,NA,NA,"<= day","daily",NA,NA,NA
"1997-10-04",251,FALSE,NA,NA,"<= day","daily",NA,NA,NA
"1997-10-05",251,FALSE,NA,NA,"<= day","daily",NA,NA,NA
"1997-10-06",251,FALSE,NA,NA,"<= day","daily",NA,NA,NA
"1997-10-07",251.115,FALSE,NA,NA,"<= day","daily",NA,NA,NA
"1997-10-08",251.75,FALSE,NA,NA,"<= day","daily",NA,NA,NA
"1997-10-09",253.198,FALSE,NA,NA,"<= day","daily",NA,NA,NA
"1997-10-10",270.573,FALSE,NA,NA,"<= day","daily",NA,NA,NA
"1997-10-11",295.708,FALSE,NA,NA,"<= day","daily",NA,NA,NA
"1997-10-12",275.135,FALSE,NA,NA,"<= day","daily",NA,NA,NA
"1997-10-13",257.094,FALSE,NA,NA,"<= day","daily",NA,NA,NA
"1997-10-14",251.719,FALSE,NA,NA,"<= day","daily",NA,NA,NA
"1997-10-15",247.385,FALSE,NA,NA,"<= day","daily",NA,NA,NA
"1997-10-16",250.323,FALSE,NA,NA,"<= day","daily",NA,NA,NA
"1997-10-17",250.198,FALSE,NA,NA,"<= day","daily",NA,NA,NA
"1997-10-18",242.656,FALSE,NA,NA,"<= day","daily",NA,NA,NA
"1997-10-19",227.396,FALSE,NA,NA,"<= day","daily",NA,NA,NA
"1997-10-20",227.927,FALSE,NA,NA,"<= day","daily",NA,NA,NA
"1997-10-21",220.49,FALSE,NA,NA,"<= day","daily",NA,NA,NA
"1997-10-22",219,FALSE,NA,NA,"<= day","daily",NA,NA,NA
"1997-10-23",220.26,FALSE,NA,NA,"<= day","daily",NA,NA,NA
"1997-10-24",230,FALSE,NA,NA,"<= day","daily",NA,NA,NA
"1997-10-25",238.948,FALSE,NA,NA,"<= day","daily",NA,NA,NA
"1997-10-26",225.25,FALSE,NA,NA,"<= day","daily",NA,NA,NA
"1997-10-27",219.542,FALSE,NA,NA,"<= day","daily",NA,NA,NA
"1997-10-28",219,FALSE,NA,NA,"<= day","daily",NA,NA,NA
"1997-10-29",219,FALSE,NA,NA,"<= day","daily",NA,NA,NA
"1997-10-30",219,FALSE,NA,NA,"<= day","daily",NA,NA,NA
"1997-10-31",219,FALSE,NA,NA,"<= day","daily",NA,NA,NA
"1997-11-01",219,FALSE,NA,NA,"<= day","daily",NA,NA,NA
"1997-11-02",219,FALSE,NA,NA,"<= day","daily",NA,NA,NA
"1997-11-03",219.344,FALSE,NA,NA,"<= day","daily",NA,NA,NA
"1997-11-04",221.25,FALSE,NA,NA,"<= day","daily",NA,NA,NA
"1997-11-05",219.406,FALSE,NA,NA,"<= day","daily",NA,NA,NA
"1997-11-06",219.115,FALSE,NA,NA,"<= day","daily",NA,NA,NA
"1997-11-07",219.75,FALSE,NA,NA,"<= day","daily",NA,NA,NA
"1997-11-08",219.135,FALSE,NA,NA,"<= day","daily",NA,NA,NA
"1997-11-09",219,FALSE,NA,NA,"<= day","daily",NA,NA,NA
"1997-11-10",219,FALSE,NA,NA,"<= day","daily",NA,NA,NA
"1997-11-11",219,FALSE,NA,NA,"<= day","daily",NA,NA,NA
"1997-11-12",217.74,FALSE,NA,NA,"<= day","daily",NA,NA,NA
"1997-11-13",207.542,FALSE,NA,NA,"<= day","daily",NA,NA,NA
"1997-11-14",193.188,FALSE,NA,NA,"<= day","daily",NA,NA,NA
"1997-11-15",190.135,FALSE,NA,NA,"<= day","daily",NA,NA,NA
"1997-11-16",190,FALSE,NA,NA,"<= day","daily",NA,NA,NA
"1997-11-17",189.885,FALSE,NA,NA,"<= day","daily",NA,NA,NA
"1997-11-18",189.365,FALSE,NA,NA,"<= day","daily",NA,NA,NA
"1997-11-19",193.135,FALSE,NA,NA,"<= day","daily",NA,NA,NA
"1997-11-20",207.552,FALSE,NA,NA,"<= day","daily",NA,NA,NA
"1997-11-21",198.979,FALSE,NA,NA,"<= day","daily",NA,NA,NA
"1997-11-22",191.083,FALSE,NA,NA,"<= day","daily",NA,NA,NA
"1997-11-23",190.229,FALSE,NA,NA,"<= day","daily",NA,NA,NA
"1997-11-24",191.042,FALSE,NA,NA,"<= day","daily",NA,NA,NA
"1997-11-25",187.271,FALSE,NA,NA,"<= day","daily",NA,NA,NA
"1997-11-26",189,FALSE,NA,NA,"<= day","daily",NA,NA,NA
"1997-11-27",187,FALSE,NA,NA,"<= day","daily",NA,NA,NA
"1997-11-28",189.458,FALSE,NA,NA,"<= day","daily",NA,NA,NA
"1997-11-29",190,FALSE,NA,NA,"<= day","daily",NA,NA,NA
"1997-11-30",190,FALSE,NA,NA,"<= day","daily",NA,NA,NA
"1997-12-01",190,FALSE,NA,NA,"<= day","daily",NA,NA,NA
"1997-12-02",191.719,FALSE,NA,NA,"<= day","daily",NA,NA,NA
"1997-12-03",204.115,FALSE,NA,NA,"<= day","daily",NA,NA,NA
"1997-12-04",214.104,FALSE,NA,NA,"<= day","daily",NA,NA,NA
"1997-12-05",218.458,FALSE,NA,NA,"<= day","daily",NA,NA,NA
"1997-12-06",219,FALSE,NA,NA,"<= day","daily",NA,NA,NA
"1997-12-07",219,FALSE,NA,NA,"<= day","daily",NA,NA,NA
"1997-12-08",218.312,FALSE,NA,NA,"<= day","daily",NA,NA,NA
"1997-12-09",213.927,FALSE,NA,NA,"<= day","daily",NA,NA,NA
"1997-12-10",214.323,FALSE,NA,NA,"<= day","daily",NA,NA,NA
"1997-12-11",218.146,FALSE,NA,NA,"<= day","daily",NA,NA,NA
"1997-12-12",230.406,FALSE,NA,NA,"<= day","daily",NA,NA,NA
"1997-12-13",275.604,FALSE,NA,NA,"<= day","daily",NA,NA,NA
"1997-12-14",262.292,FALSE,NA,NA,"<= day","daily",NA,NA,NA
"1997-12-15",236.823,FALSE,NA,NA,"<= day","daily",NA,NA,NA
"1997-12-16",218.875,FALSE,NA,NA,"<= day","daily",NA,NA,NA
"1997-12-17",200.448,FALSE,NA,NA,"<= day","daily",NA,NA,NA
"1997-12-18",187.885,FALSE,NA,NA,"<= day","daily",NA,NA,NA
"1997-12-19",175.094,FALSE,NA,NA,"<= day","daily",NA,NA,NA
"1997-12-20",174.365,FALSE,NA,NA,"<= day","daily",NA,NA,NA
"1997-12-21",220.802,FALSE,NA,NA,"<= day","daily",NA,NA,NA
"1997-12-22",259.396,FALSE,NA,NA,"<= day","daily",NA,NA,NA
"1997-12-23",234.344,FALSE,NA,NA,"<= day","daily",NA,NA,NA
"1997-12-24",204.302,FALSE,NA,NA,"<= day","daily",NA,NA,NA
"1997-12-25",193.104,FALSE,NA,NA,"<= day","daily",NA,NA,NA
"1997-12-26",192.969,FALSE,NA,NA,"<= day","daily",NA,NA,NA
"1997-12-27",204.833,FALSE,NA,NA,"<= day","daily",NA,NA,NA
"1997-12-28",207.802,FALSE,NA,NA,"<= day","daily",NA,NA,NA
"1997-12-29",212.594,FALSE,NA,NA,"<= day","daily",NA,NA,NA
"1997-12-30",209.281,FALSE,NA,NA,"<= day","daily",NA,NA,NA
"1997-12-31",201.406,FALSE,NA,NA,"<= day","daily",NA,NA,NA
"1998-01-01",206.49,FALSE,NA,NA,"<= day","daily",NA,NA,NA
"1998-01-02",212.125,FALSE,NA,NA,"<= day","daily",NA,NA,NA
"1998-01-03",218.625,FALSE,NA,NA,"<= day","daily",NA,NA,NA
"1998-01-04",223.094,FALSE,NA,NA,"<= day","daily",NA,NA,NA
"1998-01-05",225.823,FALSE,NA,NA,"<= day","daily",NA,NA,NA
"1998-01-06",248.573,FALSE,NA,NA,"<= day","daily",NA,NA,NA
"1998-01-07",250.812,FALSE,NA,NA,"<= day","daily",NA,NA,NA
"1998-01-08",248.115,FALSE,NA,NA,"<= day","daily",NA,NA,NA
"1998-01-09",251.094,FALSE,NA,NA,"<= day","daily",NA,NA,NA
"1998-01-10",250.385,FALSE,NA,NA,"<= day","daily",NA,NA,NA
"1998-01-11",248.917,FALSE,NA,NA,"<= day","daily",NA,NA,NA
"1998-01-12",237.448,FALSE,NA,NA,"<= day","daily",NA,NA,NA
"1998-01-13",243.104,FALSE,NA,NA,"<= day","daily",NA,NA,NA
"1998-01-14",247.802,FALSE,NA,NA,"<= day","daily",NA,NA,NA
"1998-01-15",253.688,FALSE,NA,NA,"<= day","daily",NA,NA,NA
"1998-01-16",272.51,FALSE,NA,NA,"<= day","daily",NA,NA,NA
"1998-01-17",264.396,FALSE,NA,NA,"<= day","daily",NA,NA,NA
"1998-01-18",269.115,FALSE,NA,NA,"<= day","daily",NA,NA,NA
"1998-01-19",315.406,FALSE,NA,NA,"<= day","daily",NA,NA,NA
"1998-01-20",389.062,FALSE,NA,NA,"<= day","daily",NA,NA,NA
"1998-01-21",378.615,FALSE,NA,NA,"<= day","daily",NA,NA,NA
"1998-01-22",361.719,FALSE,NA,NA,"<= day","daily",NA,NA,NA
"1998-01-23",365.615,FALSE,NA,NA,"<= day","daily",NA,NA,NA
"1998-01-24",356.323,FALSE,NA,NA,"<= day","daily",NA,NA,NA
"1998-01-25",329.49,FALSE,NA,NA,"<= day","daily",NA,NA,NA
"1998-01-26",324.135,FALSE,NA,NA,"<= day","daily",NA,NA,NA
"1998-01-27",324,FALSE,NA,NA,"<= day","daily",NA,NA,NA
"1998-01-28",326.521,FALSE,NA,NA,"<= day","daily",NA,NA,NA
"1998-01-29",345.198,FALSE,NA,NA,"<= day","daily",NA,NA,NA
"1998-01-30",362.427,FALSE,NA,NA,"<= day","daily",NA,NA,NA
"1998-01-31",365,FALSE,NA,NA,"<= day","daily",NA,NA,NA
"1998-02-01",365,FALSE,NA,NA,"<= day","daily",NA,NA,NA
"1998-02-02",365,FALSE,NA,NA,"<= day","daily",NA,NA,NA
"1998-02-03",360.646,FALSE,NA,NA,"<= day","daily",NA,NA,NA
"1998-02-04",331.802,FALSE,NA,NA,"<= day","daily",NA,NA,NA
"1998-02-05",326.927,FALSE,NA,NA,"<= day","daily",NA,NA,NA
"1998-02-06",342.219,FALSE,NA,NA,"<= day","daily",NA,NA,NA
"1998-02-07",338.229,FALSE,NA,NA,"<= day","daily",NA,NA,NA
"1998-02-08",326.031,FALSE,NA,NA,"<= day","daily",NA,NA,NA
"1998-02-09",324,FALSE,NA,NA,"<= day","daily",NA,NA,NA
"1998-02-10",324,FALSE,NA,NA,"<= day","daily",NA,NA,NA
"1998-02-11",321.25,FALSE,NA,NA,"<= day","daily",NA,NA,NA
"1998-02-12",301.646,FALSE,NA,NA,"<= day","daily",NA,NA,NA
"1998-02-13",287.896,FALSE,NA,NA,"<= day","daily",NA,NA,NA
"1998-02-14",286,FALSE,NA,NA,"<= day","daily",NA,NA,NA
"1998-02-15",286,FALSE,NA,NA,"<= day","daily",NA,NA,NA
"1998-02-16",286,FALSE,NA,NA,"<= day","daily",NA,NA,NA
"1998-02-17",286,FALSE,NA,NA,"<= day","daily",NA,NA,NA
"1998-02-18",286,FALSE,NA,NA,"<= day","daily",NA,NA,NA
"1998-02-19",284.74,FALSE,NA,NA,"<= day","daily",NA,NA,NA
"1998-02-20",273.74,FALSE,NA,NA,"<= day","daily",NA,NA,NA
"1998-02-21",254.25,FALSE,NA,NA,"<= day","daily",NA,NA,NA
"1998-02-22",249.74,FALSE,NA,NA,"<= day","daily",NA,NA,NA
"1998-02-23",239.083,FALSE,NA,NA,"<= day","daily",NA,NA,NA
"1998-02-24",221.844,FALSE,NA,NA,"<= day","daily",NA,NA,NA
"1998-02-25",219,FALSE,NA,NA,"<= day","daily",NA,NA,NA
"1998-02-26",219,FALSE,NA,NA,"<= day","daily",NA,NA,NA
"1998-02-27",219,FALSE,NA,NA,"<= day","daily",NA,NA,NA
"1998-02-28",219,FALSE,NA,NA,"<= day","daily",NA,NA,NA
"1998-03-01",219.458,FALSE,NA,NA,"<= day","daily",NA,NA,NA
"1998-03-02",225.667,FALSE,NA,NA,"<= day","daily",NA,NA,NA
"1998-03-03",247.323,FALSE,NA,NA,"<= day","daily",NA,NA,NA
"1998-03-04",255.188,FALSE,NA,NA,"<= day","daily",NA,NA,NA
"1998-03-05",277.646,FALSE,NA,NA,"<= day","daily",NA,NA,NA
"1998-03-06",285.323,FALSE,NA,NA,"<= day","daily",NA,NA,NA
"1998-03-07",286,FALSE,NA,NA,"<= day","daily",NA,NA,NA
"1998-03-08",286,FALSE,NA,NA,"<= day","daily",NA,NA,NA
"1998-03-09",286,FALSE,NA,NA,"<= day","daily",NA,NA,NA
"1998-03-10",286,FALSE,NA,NA,"<= day","daily",NA,NA,NA
"1998-03-11",286,FALSE,NA,NA,"<= day","daily",NA,NA,NA
"1998-03-12",284.167,FALSE,NA,NA,"<= day","daily",NA,NA,NA
"1998-03-13",269.99,FALSE,NA,NA,"<= day","daily",NA,NA,NA
"1998-03-14",253.688,FALSE,NA,NA,"<= day","daily",NA,NA,NA
"1998-03-15",251.75,FALSE,NA,NA,"<= day","daily",NA,NA,NA
"1998-03-16",251.135,FALSE,NA,NA,"<= day","daily",NA,NA,NA
"1998-03-17",251.802,FALSE,NA,NA,"<= day","daily",NA,NA,NA
"1998-03-18",256.25,FALSE,NA,NA,"<= day","daily",NA,NA,NA
"1998-03-19",251.948,FALSE,NA,NA,"<= day","daily",NA,NA,NA
"1998-03-20",251,FALSE,NA,NA,"<= day","daily",NA,NA,NA
"1998-03-21",251,FALSE,NA,NA,"<= day","daily",NA,NA,NA
"1998-03-22",251,FALSE,NA,NA,"<= day","daily",NA,NA,NA
"1998-03-23",255.01,FALSE,NA,NA,"<= day","daily",NA,NA,NA
"1998-03-24",281.375,FALSE,NA,NA,"<= day","daily",NA,NA,NA
"1998-03-25",291.104,FALSE,NA,NA,"<= day","daily",NA,NA,NA
"1998-03-26",318.99,FALSE,NA,NA,"<= day","daily",NA,NA,NA
"1998-03-27",324.573,FALSE,NA,NA,"<= day","daily",NA,NA,NA
"1998-03-28",327.75,FALSE,NA,NA,"<= day","daily",NA,NA,NA
"1998-03-29",324.677,FALSE,NA,NA,"<= day","daily",NA,NA,NA
"1998-03-30",324,FALSE,NA,NA,"<= day","daily",NA,NA,NA
"1998-03-31",324,FALSE,NA,NA,"<= day","daily",NA,NA,NA
"1998-04-01",324,FALSE,NA,NA,"<= day","daily",NA,NA,NA
"1998-04-02",322.625,FALSE,NA,NA,"<= day","daily",NA,NA,NA
"1998-04-03",310.646,FALSE,NA,NA,"<= day","daily",NA,NA,NA
"1998-04-04",291.125,FALSE,NA,NA,"<= day","daily",NA,NA,NA
"1998-04-05",297.302,FALSE,NA,NA,"<= day","daily",NA,NA,NA
"1998-04-06",296.698,FALSE,NA,NA,"<= day","daily",NA,NA,NA
"1998-04-07",319.021,FALSE,NA,NA,"<= day","daily",NA,NA,NA
"1998-04-08",364.792,FALSE,NA,NA,"<= day","daily",NA,NA,NA
"1998-04-09",427.188,FALSE,NA,NA,"<= day","daily",NA,NA,NA
"1998-04-10",459.062,FALSE,NA,NA,"<= day","daily",NA,NA,NA
"1998-04-11",448.083,FALSE,NA,NA,"<= day","daily",NA,NA,NA
"1998-04-12",414.688,FALSE,NA,NA,"<= day","daily",NA,NA,NA
"1998-04-13",409,FALSE,NA,NA,"<= day","daily",NA,NA,NA
"1998-04-14",409,FALSE,NA,NA,"<= day","daily",NA,NA,NA
"1998-04-15",409,FALSE,NA,NA,"<= day","daily",NA,NA,NA
"1998-04-16",409,FALSE,NA,NA,"<= day","daily",NA,NA,NA
"1998-04-17",409,FALSE,NA,NA,"<= day","daily",NA,NA,NA
"1998-04-18",409,FALSE,NA,NA,"<= day","daily",NA,NA,NA
"1998-04-19",409,FALSE,NA,NA,"<= day","daily",NA,NA,NA
"1998-04-20",409,FALSE,NA,NA,"<= day","daily",NA,NA,NA
"1998-04-21",409,FALSE,NA,NA,"<= day","daily",NA,NA,NA
"1998-04-22",409,FALSE,NA,NA,"<= day","daily",NA,NA,NA
"1998-04-23",409,FALSE,NA,NA,"<= day","daily",NA,NA,NA
"1998-04-24",409,FALSE,NA,NA,"<= day","daily",NA,NA,NA
"1998-04-25",409,FALSE,NA,NA,"<= day","daily",NA,NA,NA
"1998-04-26",409,FALSE,NA,NA,"<= day","daily",NA,NA,NA
"1998-04-27",409,FALSE,NA,NA,"<= day","daily",NA,NA,NA
"1998-04-28",409,FALSE,NA,NA,"<= day","daily",NA,NA,NA
"1998-04-29",404.531,FALSE,NA,NA,"<= day","daily",NA,NA,NA
"1998-04-30",379.521,FALSE,NA,NA,"<= day","daily",NA,NA,NA
"1998-05-01",411.5,FALSE,NA,NA,"<= day","daily",NA,NA,NA
"1998-05-02",476.812,FALSE,NA,NA,"<= day","daily",NA,NA,NA
"1998-05-03",476.562,FALSE,NA,NA,"<= day","daily",NA,NA,NA
"1998-05-04",479.531,FALSE,NA,NA,"<= day","daily",NA,NA,NA
"1998-05-05",461.521,FALSE,NA,NA,"<= day","daily",NA,NA,NA
"1998-05-06",457.427,FALSE,NA,NA,"<= day","daily",NA,NA,NA
"1998-05-07",452.99,FALSE,NA,NA,"<= day","daily",NA,NA,NA
"1998-05-08",443.688,FALSE,NA,NA,"<= day","daily",NA,NA,NA
"1998-05-09",415.646,FALSE,NA,NA,"<= day","daily",NA,NA,NA
"1998-05-10",409.271,FALSE,NA,NA,"<= day","daily",NA,NA,NA
"1998-05-11",409,FALSE,NA,NA,"<= day","daily",NA,NA,NA
"1998-05-12",409,FALSE,NA,NA,"<= day","daily",NA,NA,NA
"1998-05-13",409,FALSE,NA,NA,"<= day","daily",NA,NA,NA
"1998-05-14",409,FALSE,NA,NA,"<= day","daily",NA,NA,NA
"1998-05-15",409,FALSE,NA,NA,"<= day","daily",NA,NA,NA
"1998-05-16",409,FALSE,NA,NA,"<= day","daily",NA,NA,NA
"1998-05-17",409,FALSE,NA,NA,"<= day","daily",NA,NA,NA
"1998-05-18",409,FALSE,NA,NA,"<= day","daily",NA,NA,NA
"1998-05-19",409,FALSE,NA,NA,"<= day","daily",NA,NA,NA
"1998-05-20",407.969,FALSE,NA,NA,"<= day","daily",NA,NA,NA
"1998-05-21",397.208,FALSE,NA,NA,"<= day","daily",NA,NA,NA
"1998-05-22",369.74,FALSE,NA,NA,"<= day","daily",NA,NA,NA
"1998-05-23",365,FALSE,NA,NA,"<= day","daily",NA,NA,NA
"1998-05-24",366.604,FALSE,NA,NA,"<= day","daily",NA,NA,NA
"1998-05-25",375.615,FALSE,NA,NA,"<= day","daily",NA,NA,NA
"1998-05-26",367.646,FALSE,NA,NA,"<= day","daily",NA,NA,NA
"1998-05-27",365.135,FALSE,NA,NA,"<= day","daily",NA,NA,NA
"1998-05-28",364.771,FALSE,NA,NA,"<= day","daily",NA,NA,NA
"1998-05-29",362.24,FALSE,NA,NA,"<= day","daily",NA,NA,NA
"1998-05-30",356.594,FALSE,NA,NA,"<= day","daily",NA,NA,NA
"1998-05-31",380.188,FALSE,NA,NA,"<= day","daily",NA,NA,NA
"1998-06-01",474.083,FALSE,NA,NA,"<= day","daily",NA,NA,NA
"1998-06-02",422.938,FALSE,NA,NA,"<= day","daily",NA,NA,NA
"1998-06-03",428.167,FALSE,NA,NA,"<= day","daily",NA,NA,NA
"1998-06-04",393.635,FALSE,NA,NA,"<= day","daily",NA,NA,NA
"1998-06-05",368.385,FALSE,NA,NA,"<= day","daily",NA,NA,NA
"1998-06-06",365,FALSE,NA,NA,"<= day","daily",NA,NA,NA
"1998-06-07",365,FALSE,NA,NA,"<= day","daily",NA,NA,NA
"1998-06-08",365,FALSE,NA,NA,"<= day","daily",NA,NA,NA
"1998-06-09",364.198,FALSE,NA,NA,"<= day","daily",NA,NA,NA
"1998-06-10",355.052,FALSE,NA,NA,"<= day","daily",NA,NA,NA
"1998-06-11",328.604,FALSE,NA,NA,"<= day","daily",NA,NA,NA
"1998-06-12",320.104,FALSE,NA,NA,"<= day","daily",NA,NA,NA
"1998-06-13",294.146,FALSE,NA,NA,"<= day","daily",NA,NA,NA
"1998-06-14",286.542,FALSE,NA,NA,"<= day","daily",NA,NA,NA
"1998-06-15",286,FALSE,NA,NA,"<= day","daily",NA,NA,NA
"1998-06-16",286,FALSE,NA,NA,"<= day","daily",NA,NA,NA
"1998-06-17",286,FALSE,NA,NA,"<= day","daily",NA,NA,NA
"1998-06-18",286,FALSE,NA,NA,"<= day","daily",NA,NA,NA
"1998-06-19",286,FALSE,NA,NA,"<= day","daily",NA,NA,NA
"1998-06-20",286,FALSE,NA,NA,"<= day","daily",NA,NA,NA
"1998-06-21",286,FALSE,NA,NA,"<= day","daily",NA,NA,NA
"1998-06-22",286,FALSE,NA,NA,"<= day","daily",NA,NA,NA
"1998-06-23",286,FALSE,NA,NA,"<= day","daily",NA,NA,NA
"1998-06-24",286,FALSE,NA,NA,"<= day","daily",NA,NA,NA
"1998-06-25",286,FALSE,NA,NA,"<= day","daily",NA,NA,NA
"1998-06-26",286,FALSE,NA,NA,"<= day","daily",NA,NA,NA
"1998-06-27",286,FALSE,NA,NA,"<= day","daily",NA,NA,NA
"1998-06-28",286,FALSE,NA,NA,"<= day","daily",NA,NA,NA
"1998-06-29",286,FALSE,NA,NA,"<= day","daily",NA,NA,NA
"1998-06-30",286,FALSE,NA,NA,"<= day","daily",NA,NA,NA
"1998-07-01",286,FALSE,NA,NA,"<= day","daily",NA,NA,NA
"1998-07-02",286,FALSE,NA,NA,"<= day","daily",NA,NA,NA
"1998-07-03",286,FALSE,NA,NA,"<= day","daily",NA,NA,NA
"1998-07-04",286,FALSE,NA,NA,"<= day","daily",NA,NA,NA
"1998-07-05",286,FALSE,NA,NA,"<= day","daily",NA,NA,NA
"1998-07-06",286,FALSE,NA,NA,"<= day","daily",NA,NA,NA
"1998-07-07",282.677,FALSE,NA,NA,"<= day","daily",NA,NA,NA
"1998-07-08",260.24,FALSE,NA,NA,"<= day","daily",NA,NA,NA
"1998-07-09",251.812,FALSE,NA,NA,"<= day","daily",NA,NA,NA
"1998-07-10",251,FALSE,NA,NA,"<= day","daily",NA,NA,NA
"1998-07-11",251,FALSE,NA,NA,"<= day","daily",NA,NA,NA
"1998-07-12",251,FALSE,NA,NA,"<= day","daily",NA,NA,NA
"1998-07-13",251,FALSE,NA,NA,"<= day","daily",NA,NA,NA
"1998-07-14",251,FALSE,NA,NA,"<= day","daily",NA,NA,NA
"1998-07-15",251,FALSE,NA,NA,"<= day","daily",NA,NA,NA
"1998-07-16",251,FALSE,NA,NA,"<= day","daily",NA,NA,NA
"1998-07-17",251,FALSE,NA,NA,"<= day","daily",NA,NA,NA
"1998-07-18",251,FALSE,NA,NA,"<= day","daily",NA,NA,NA
"1998-07-19",251,FALSE,NA,NA,"<= day","daily",NA,NA,NA
"1998-07-20",248.708,FALSE,NA,NA,"<= day","daily",NA,NA,NA
"1998-07-21",232.333,FALSE,NA,NA,"<= day","daily",NA,NA,NA
"1998-07-22",220.625,FALSE,NA,NA,"<= day","daily",NA,NA,NA
"1998-07-23",219,FALSE,NA,NA,"<= day","daily",NA,NA,NA
"1998-07-24",219,FALSE,NA,NA,"<= day","daily",NA,NA,NA
"1998-07-25",219,FALSE,NA,NA,"<= day","daily",NA,NA,NA
"1998-07-26",219,FALSE,NA,NA,"<= day","daily",NA,NA,NA
"1998-07-27",219,FALSE,NA,NA,"<= day","daily",NA,NA,NA
"1998-07-28",219,FALSE,NA,NA,"<= day","daily",NA,NA,NA
"1998-07-29",219,FALSE,NA,NA,"<= day","daily",NA,NA,NA
"1998-07-30",219,FALSE,NA,NA,"<= day","daily",NA,NA,NA
"1998-07-31",219.802,FALSE,NA,NA,"<= day","daily",NA,NA,NA
"1998-08-01",229.635,FALSE,NA,NA,"<= day","daily",NA,NA,NA
"1998-08-02",257.146,FALSE,NA,NA,"<= day","daily",NA,NA,NA
"1998-08-03",238.115,FALSE,NA,NA,"<= day","daily",NA,NA,NA
"1998-08-04",221.302,FALSE,NA,NA,"<= day","daily",NA,NA,NA
"1998-08-05",217.281,FALSE,NA,NA,"<= day","daily",NA,NA,NA
"1998-08-06",204.427,FALSE,NA,NA,"<= day","daily",NA,NA,NA
"1998-08-07",191.896,FALSE,NA,NA,"<= day","daily",NA,NA,NA
"1998-08-08",190,FALSE,NA,NA,"<= day","daily",NA,NA,NA
"1998-08-09",190,FALSE,NA,NA,"<= day","daily",NA,NA,NA
"1998-08-10",190,FALSE,NA,NA,"<= day","daily",NA,NA,NA
"1998-08-11",190,FALSE,NA,NA,"<= day","daily",NA,NA,NA
"1998-08-12",192.292,FALSE,NA,NA,"<= day","daily",NA,NA,NA
"1998-08-13",206.031,FALSE,NA,NA,"<= day","daily",NA,NA,NA
"1998-08-14",199.458,FALSE,NA,NA,"<= day","daily",NA,NA,NA
"1998-08-15",191.219,FALSE,NA,NA,"<= day","daily",NA,NA,NA
"1998-08-16",190,FALSE,NA,NA,"<= day","daily",NA,NA,NA
"1998-08-17",190,FALSE,NA,NA,"<= day","daily",NA,NA,NA
"1998-08-18",189.542,FALSE,NA,NA,"<= day","daily",NA,NA,NA
"1998-08-19",187.344,FALSE,NA,NA,"<= day","daily",NA,NA,NA
"1998-08-20",191.708,FALSE,NA,NA,"<= day","daily",NA,NA,NA
"1998-08-21",190.406,FALSE,NA,NA,"<= day","daily",NA,NA,NA
"1998-08-22",190.229,FALSE,NA,NA,"<= day","daily",NA,NA,NA
"1998-08-23",192.417,FALSE,NA,NA,"<= day","daily",NA,NA,NA
"1998-08-24",196.615,FALSE,NA,NA,"<= day","daily",NA,NA,NA
"1998-08-25",193.333,FALSE,NA,NA,"<= day","daily",NA,NA,NA
"1998-08-26",190.406,FALSE,NA,NA,"<= day","daily",NA,NA,NA
"1998-08-27",190,FALSE,NA,NA,"<= day","daily",NA,NA,NA
"1998-08-28",190,FALSE,NA,NA,"<= day","daily",NA,NA,NA
"1998-08-29",190,FALSE,NA,NA,"<= day","daily",NA,NA,NA
"1998-08-30",190,FALSE,NA,NA,"<= day","daily",NA,NA,NA
"1998-08-31",190,FALSE,NA,NA,"<= day","daily",NA,NA,NA
"1998-09-01",190,FALSE,NA,NA,"<= day","daily",NA,NA,NA
"1998-09-02",190,FALSE,NA,NA,"<= day","daily",NA,NA,NA
"1998-09-03",190,FALSE,NA,NA,"<= day","daily",NA,NA,NA
"1998-09-04",193.781,FALSE,NA,NA,"<= day","daily",NA,NA,NA
"1998-09-05",219.219,FALSE,NA,NA,"<= day","daily",NA,NA,NA
"1998-09-06",223.719,FALSE,NA,NA,"<= day","daily",NA,NA,NA
"1998-09-07",195.281,FALSE,NA,NA,"<= day","daily",NA,NA,NA
"1998-09-08",188.625,FALSE,NA,NA,"<= day","daily",NA,NA,NA
"1998-09-09",177.792,FALSE,NA,NA,"<= day","daily",NA,NA,NA
"1998-09-10",169.896,FALSE,NA,NA,"<= day","daily",NA,NA,NA
"1998-09-11",202.021,FALSE,NA,NA,"<= day","daily",NA,NA,NA
"1998-09-12",185.615,FALSE,NA,NA,"<= day","daily",NA,NA,NA
"1998-09-13",167.229,FALSE,NA,NA,"<= day","daily",NA,NA,NA
"1998-09-14",164.698,FALSE,NA,NA,"<= day","daily",NA,NA,NA
"1998-09-15",177.458,FALSE,NA,NA,"<= day","daily",NA,NA,NA
"1998-09-16",167.708,FALSE,NA,NA,"<= day","daily",NA,NA,NA
"1998-09-17",162.542,FALSE,NA,NA,"<= day","daily",NA,NA,NA
"1998-09-18",162,FALSE,NA,NA,"<= day","daily",NA,NA,NA
"1998-09-19",162,FALSE,NA,NA,"<= day","daily",NA,NA,NA
"1998-09-20",162,FALSE,NA,NA,"<= day","daily",NA,NA,NA
"1998-09-21",162,FALSE,NA,NA,"<= day","daily",NA,NA,NA
"1998-09-22",162,FALSE,NA,NA,"<= day","daily",NA,NA,NA
"1998-09-23",161.885,FALSE,NA,NA,"<= day","daily",NA,NA,NA
"1998-09-24",159.99,FALSE,NA,NA,"<= day","daily",NA,NA,NA
"1998-09-25",151.896,FALSE,NA,NA,"<= day","daily",NA,NA,NA
"1998-09-26",148.802,FALSE,NA,NA,"<= day","daily",NA,NA,NA
"1998-09-27",155.938,FALSE,NA,NA,"<= day","daily",NA,NA,NA
"1998-09-28",154.594,FALSE,NA,NA,"<= day","daily",NA,NA,NA
"1998-09-29",160.948,FALSE,NA,NA,"<= day","daily",NA,NA,NA
"1998-09-30",168.552,FALSE,NA,NA,"<= day","daily",NA,NA,NA
"1998-10-01",166.094,FALSE,NA,NA,"<= day","daily",NA,NA,NA
"1998-10-02",151.458,FALSE,NA,NA,"<= day","daily",NA,NA,NA
"1998-10-03",148.938,FALSE,NA,NA,"<= day","daily",NA,NA,NA
"1998-10-04",152.677,FALSE,NA,NA,"<= day","daily",NA,NA,NA
"1998-10-05",143.823,FALSE,NA,NA,"<= day","daily",NA,NA,NA
"1998-10-06",137.635,FALSE,NA,NA,"<= day","daily",NA,NA,NA
"1998-10-07",147.375,FALSE,NA,NA,"<= day","daily",NA,NA,NA
"1998-10-08",183.99,FALSE,NA,NA,"<= day","daily",NA,NA,NA
"1998-10-09",159.75,FALSE,NA,NA,"<= day","daily",NA,NA,NA
"1998-10-10",149.177,FALSE,NA,NA,"<= day","daily",NA,NA,NA
"1998-10-11",149.958,FALSE,NA,NA,"<= day","daily",NA,NA,NA
"1998-10-12",150.583,FALSE,NA,NA,"<= day","daily",NA,NA,NA
"1998-10-13",143.24,FALSE,NA,NA,"<= day","daily",NA,NA,NA
"1998-10-14",142.167,FALSE,NA,NA,"<= day","daily",NA,NA,NA
"1998-10-15",147.979,FALSE,NA,NA,"<= day","daily",NA,NA,NA
"1998-10-16",142.688,FALSE,NA,NA,"<= day","daily",NA,NA,NA
"1998-10-17",137.5,FALSE,NA,NA,"<= day","daily",NA,NA,NA
"1998-10-18",159.969,FALSE,NA,NA,"<= day","daily",NA,NA,NA
"1998-10-19",149.365,FALSE,NA,NA,"<= day","daily",NA,NA,NA
"1998-10-20",143.948,FALSE,NA,NA,"<= day","daily",NA,NA,NA
"1998-10-21",141.458,FALSE,NA,NA,"<= day","daily",NA,NA,NA
"1998-10-22",147.833,FALSE,NA,NA,"<= day","daily",NA,NA,NA
"1998-10-23",154.802,FALSE,NA,NA,"<= day","daily",NA,NA,NA
"1998-10-24",164.417,FALSE,NA,NA,"<= day","daily",NA,NA,NA
"1998-10-25",225.26,FALSE,NA,NA,"<= day","daily",NA,NA,NA
"1998-10-26",231.542,FALSE,NA,NA,"<= day","daily",NA,NA,NA
"1998-10-27",190.052,FALSE,NA,NA,"<= day","daily",NA,NA,NA
"1998-10-28",203.708,FALSE,NA,NA,"<= day","daily",NA,NA,NA
"1998-10-29",422.917,FALSE,NA,NA,"<= day","daily",NA,NA,NA
"1998-10-30",643.438,FALSE,NA,NA,"<= day","daily",NA,NA,NA
"1998-10-31",619.208,FALSE,NA,NA,"<= day","daily",NA,NA,NA
"1998-11-01",514.812,FALSE,NA,NA,"<= day","daily",NA,NA,NA
"1998-11-02",489.396,FALSE,NA,NA,"<= day","daily",NA,NA,NA
"1998-11-03",432.219,FALSE,NA,NA,"<= day","daily",NA,NA,NA
"1998-11-04",487.385,FALSE,NA,NA,"<= day","daily",NA,NA,NA
"1998-11-05",537.104,FALSE,NA,NA,"<= day","daily",NA,NA,NA
"1998-11-06",484.01,FALSE,NA,NA,"<= day","daily",NA,NA,NA
"1998-11-07",427.75,FALSE,NA,NA,"<= day","daily",NA,NA,NA
"1998-11-08",410.396,FALSE,NA,NA,"<= day","daily",NA,NA,NA
"1998-11-09",403.833,FALSE,NA,NA,"<= day","daily",NA,NA,NA
"1998-11-10",379.688,FALSE,NA,NA,"<= day","daily",NA,NA,NA
"1998-11-11",366.74,FALSE,NA,NA,"<= day","daily",NA,NA,NA
"1998-11-12",365.75,FALSE,NA,NA,"<= day","daily",NA,NA,NA
"1998-11-13",365.135,FALSE,NA,NA,"<= day","daily",NA,NA,NA
"1998-11-14",369.24,FALSE,NA,NA,"<= day","daily",NA,NA,NA
"1998-11-15",410.625,FALSE,NA,NA,"<= day","daily",NA,NA,NA
"1998-11-16",523.333,FALSE,NA,NA,"<= day","daily",NA,NA,NA
"1998-11-17",661.458,FALSE,NA,NA,"<= day","daily",NA,NA,NA
"1998-11-18",689.562,FALSE,NA,NA,"<= day","daily",NA,NA,NA
"1998-11-19",672.688,FALSE,NA,NA,"<= day","daily",NA,NA,NA
"1998-11-20",633.635,FALSE,NA,NA,"<= day","daily",NA,NA,NA
"1998-11-21",626.427,FALSE,NA,NA,"<= day","daily",NA,NA,NA
"1998-11-22",616.26,FALSE,NA,NA,"<= day","daily",NA,NA,NA
"1998-11-23",573.583,FALSE,NA,NA,"<= day","daily",NA,NA,NA
"1998-11-24",560.042,FALSE,NA,NA,"<= day","daily",NA,NA,NA
"1998-11-25",514.625,FALSE,NA,NA,"<= day","daily",NA,NA,NA
"1998-11-26",465.812,FALSE,NA,NA,"<= day","daily",NA,NA,NA
"1998-11-27",459.5,FALSE,NA,NA,"<= day","daily",NA,NA,NA
"1998-11-28",458.271,FALSE,NA,NA,"<= day","daily",NA,NA,NA
"1998-11-29",458,FALSE,NA,NA,"<= day","daily",NA,NA,NA
"1998-11-30",453.073,FALSE,NA,NA,"<= day","daily",NA,NA,NA
"1998-12-01",420.135,FALSE,NA,NA,"<= day","daily",NA,NA,NA
"1998-12-02",409.812,FALSE,NA,NA,"<= day","daily",NA,NA,NA
"1998-12-03",409,FALSE,NA,NA,"<= day","daily",NA,NA,NA
"1998-12-04",409,FALSE,NA,NA,"<= day","daily",NA,NA,NA
"1998-12-05",409,FALSE,NA,NA,"<= day","daily",NA,NA,NA
"1998-12-06",409,FALSE,NA,NA,"<= day","daily",NA,NA,NA
"1998-12-07",409,FALSE,NA,NA,"<= day","daily",NA,NA,NA
"1998-12-08",408.542,FALSE,NA,NA,"<= day","daily",NA,NA,NA
"1998-12-09",406,FALSE,NA,NA,"<= day","daily",NA,NA,NA
"1998-12-10",406.167,FALSE,NA,NA,"<= day","daily",NA,NA,NA
"1998-12-11",392.281,FALSE,NA,NA,"<= day","daily",NA,NA,NA
"1998-12-12",399.052,FALSE,NA,NA,"<= day","daily",NA,NA,NA
"1998-12-13",458.656,FALSE,NA,NA,"<= day","daily",NA,NA,NA
"1998-12-14",605.792,FALSE,NA,NA,"<= day","daily",NA,NA,NA
"1998-12-15",631.292,FALSE,NA,NA,"<= day","daily",NA,NA,NA
"1998-12-16",622.75,FALSE,NA,NA,"<= day","daily",NA,NA,NA
"1998-12-17",586.729,FALSE,NA,NA,"<= day","daily",NA,NA,NA
"1998-12-18",559.281,FALSE,NA,NA,"<= day","daily",NA,NA,NA
"1998-12-19",546.854,FALSE,NA,NA,"<= day","daily",NA,NA,NA
"1998-12-20",546.729,FALSE,NA,NA,"<= day","daily",NA,NA,NA
"1998-12-21",543.906,FALSE,NA,NA,"<= day","daily",NA,NA,NA
"1998-12-22",522.281,FALSE,NA,NA,"<= day","daily",NA,NA,NA
"1998-12-23",508.823,FALSE,NA,NA,"<= day","daily",NA,NA,NA
"1998-12-24",501.146,FALSE,NA,NA,"<= day","daily",NA,NA,NA
"1998-12-25",494.49,FALSE,NA,NA,"<= day","daily",NA,NA,NA
"1998-12-26",491.344,FALSE,NA,NA,"<= day","daily",NA,NA,NA
"1998-12-27",495.021,FALSE,NA,NA,"<= day","daily",NA,NA,NA
"1998-12-28",489.677,FALSE,NA,NA,"<= day","daily",NA,NA,NA
"1998-12-29",491.229,FALSE,NA,NA,"<= day","daily",NA,NA,NA
"1998-12-30",488.781,FALSE,NA,NA,"<= day","daily",NA,NA,NA
"1998-12-31",478.531,FALSE,NA,NA,"<= day","daily",NA,NA,NA
"1999-01-01",474.354,FALSE,NA,NA,"<= day","daily",NA,NA,NA
"1999-01-02",470.49,FALSE,NA,NA,"<= day","daily",NA,NA,NA
"1999-01-03",487.677,FALSE,NA,NA,"<= day","daily",NA,NA,NA
"1999-01-04",507.021,FALSE,NA,NA,"<= day","daily",NA,NA,NA
"1999-01-05",510,FALSE,NA,NA,"<= day","daily",NA,NA,NA
"1999-01-06",510,FALSE,NA,NA,"<= day","daily",NA,NA,NA
"1999-01-07",509.198,FALSE,NA,NA,"<= day","daily",NA,NA,NA
"1999-01-08",499.938,FALSE,NA,NA,"<= day","daily",NA,NA,NA
"1999-01-09",471.594,FALSE,NA,NA,"<= day","daily",NA,NA,NA
"1999-01-10",459.354,FALSE,NA,NA,"<= day","daily",NA,NA,NA
"1999-01-11",458,FALSE,NA,NA,"<= day","daily",NA,NA,NA
"1999-01-12",461.667,FALSE,NA,NA,"<= day","daily",NA,NA,NA
"1999-01-13",480.281,FALSE,NA,NA,"<= day","daily",NA,NA,NA
"1999-01-14",454.062,FALSE,NA,NA,"<= day","daily",NA,NA,NA
"1999-01-15",483.031,FALSE,NA,NA,"<= day","daily",NA,NA,NA
"1999-01-16",515.49,FALSE,NA,NA,"<= day","daily",NA,NA,NA
"1999-01-17",500.083,FALSE,NA,NA,"<= day","daily",NA,NA,NA
"1999-01-18",491.99,FALSE,NA,NA,"<= day","daily",NA,NA,NA
"1999-01-19",487.271,FALSE,NA,NA,"<= day","daily",NA,NA,NA
"1999-01-20",489.917,FALSE,NA,NA,"<= day","daily",NA,NA,NA
"1999-01-21",493.802,FALSE,NA,NA,"<= day","daily",NA,NA,NA
"1999-01-22",496.25,FALSE,NA,NA,"<= day","daily",NA,NA,NA
"1999-01-23",494.177,FALSE,NA,NA,"<= day","daily",NA,NA,NA
"1999-01-24",492.5,FALSE,NA,NA,"<= day","daily",NA,NA,NA
"1999-01-25",494.531,FALSE,NA,NA,"<= day","daily",NA,NA,NA
"1999-01-26",505.896,FALSE,NA,NA,"<= day","daily",NA,NA,NA
"1999-01-27",550.823,FALSE,NA,NA,"<= day","daily",NA,NA,NA
"1999-01-28",600.729,FALSE,NA,NA,"<= day","daily",NA,NA,NA
"1999-01-29",641.552,FALSE,NA,NA,"<= day","daily",NA,NA,NA
"1999-01-30",631.979,FALSE,NA,NA,"<= day","daily",NA,NA,NA
"1999-01-31",601.74,FALSE,NA,NA,"<= day","daily",NA,NA,NA
"1999-02-01",557.771,FALSE,NA,NA,"<= day","daily",NA,NA,NA
"1999-02-02",553.229,FALSE,NA,NA,"<= day","daily",NA,NA,NA
"1999-02-03",552.271,FALSE,NA,NA,"<= day","daily",NA,NA,NA
"1999-02-04",557.729,FALSE,NA,NA,"<= day","daily",NA,NA,NA
"1999-02-05",600.271,FALSE,NA,NA,"<= day","daily",NA,NA,NA
"1999-02-06",641.99,FALSE,NA,NA,"<= day","daily",NA,NA,NA
"1999-02-07",661.615,FALSE,NA,NA,"<= day","daily",NA,NA,NA
"1999-02-08",673.24,FALSE,NA,NA,"<= day","daily",NA,NA,NA
"1999-02-09",697.677,FALSE,NA,NA,"<= day","daily",NA,NA,NA
"1999-02-10",708.094,FALSE,NA,NA,"<= day","daily",NA,NA,NA
"1999-02-11",686.146,FALSE,NA,NA,"<= day","daily",NA,NA,NA
"1999-02-12",693.49,FALSE,NA,NA,"<= day","daily",NA,NA,NA
"1999-02-13",672.333,FALSE,NA,NA,"<= day","daily",NA,NA,NA
"1999-02-14",668,FALSE,NA,NA,"<= day","daily",NA,NA,NA
"1999-02-15",668,FALSE,NA,NA,"<= day","daily",NA,NA,NA
"1999-02-16",668,FALSE,NA,NA,"<= day","daily",NA,NA,NA
"1999-02-17",668.344,FALSE,NA,NA,"<= day","daily",NA,NA,NA
"1999-02-18",670.021,FALSE,NA,NA,"<= day","daily",NA,NA,NA
"1999-02-19",686.042,FALSE,NA,NA,"<= day","daily",NA,NA,NA
"1999-02-20",833.427,FALSE,NA,NA,"<= day","daily",NA,NA,NA
"1999-02-21",1000.74,FALSE,NA,NA,"<= day","daily",NA,NA,NA
"1999-02-22",1062.875,FALSE,NA,NA,"<= day","daily",NA,NA,NA
"1999-02-23",1101.396,FALSE,NA,NA,"<= day","daily",NA,NA,NA
"1999-02-24",1118.896,FALSE,NA,NA,"<= day","daily",NA,NA,NA
"1999-02-25",1117.094,FALSE,NA,NA,"<= day","daily",NA,NA,NA
"1999-02-26",1123.302,FALSE,NA,NA,"<= day","daily",NA,NA,NA
"1999-02-27",1123.094,FALSE,NA,NA,"<= day","daily",NA,NA,NA
"1999-02-28",1113.781,FALSE,NA,NA,"<= day","daily",NA,NA,NA
"1999-03-01",1025.24,FALSE,NA,NA,"<= day","daily",NA,NA,NA
"1999-03-02",999.24,FALSE,NA,NA,"<= day","daily",NA,NA,NA
"1999-03-03",999.594,FALSE,NA,NA,"<= day","daily",NA,NA,NA
"1999-03-04",1000,FALSE,NA,NA,"<= day","daily",NA,NA,NA
"1999-03-05",999.198,FALSE,NA,NA,"<= day","daily",NA,NA,NA
"1999-03-06",995.208,FALSE,NA,NA,"<= day","daily",NA,NA,NA
"1999-03-07",1004.458,FALSE,NA,NA,"<= day","daily",NA,NA,NA
"1999-03-08",1017.552,FALSE,NA,NA,"<= day","daily",NA,NA,NA
"1999-03-09",1015.906,FALSE,NA,NA,"<= day","daily",NA,NA,NA
"1999-03-10",1039.521,FALSE,NA,NA,"<= day","daily",NA,NA,NA
"1999-03-11",1055.312,FALSE,NA,NA,"<= day","daily",NA,NA,NA
"1999-03-12",1059.594,FALSE,NA,NA,"<= day","daily",NA,NA,NA
"1999-03-13",1059.656,FALSE,NA,NA,"<= day","daily",NA,NA,NA
"1999-03-14",1058.552,FALSE,NA,NA,"<= day","daily",NA,NA,NA
"1999-03-15",1065.646,FALSE,NA,NA,"<= day","daily",NA,NA,NA
"1999-03-16",1066.198,FALSE,NA,NA,"<= day","daily",NA,NA,NA
"1999-03-17",1060.604,FALSE,NA,NA,"<= day","daily",NA,NA,NA
"1999-03-18",1056.948,FALSE,NA,NA,"<= day","daily",NA,NA,NA
"1999-03-19",1053.198,FALSE,NA,NA,"<= day","daily",NA,NA,NA
"1999-03-20",1050.75,FALSE,NA,NA,"<= day","daily",NA,NA,NA
"1999-03-21",1053.396,FALSE,NA,NA,"<= day","daily",NA,NA,NA
"1999-03-22",1058.708,FALSE,NA,NA,"<= day","daily",NA,NA,NA
"1999-03-23",1057.406,FALSE,NA,NA,"<= day","daily",NA,NA,NA
"1999-03-24",1054.479,FALSE,NA,NA,"<= day","daily",NA,NA,NA
"1999-03-25",1035.573,FALSE,NA,NA,"<= day","daily",NA,NA,NA
"1999-03-26",1015.24,FALSE,NA,NA,"<= day","daily",NA,NA,NA
"1999-03-27",1001.552,FALSE,NA,NA,"<= day","daily",NA,NA,NA
"1999-03-28",996.604,FALSE,NA,NA,"<= day","daily",NA,NA,NA
"1999-03-29",989.802,FALSE,NA,NA,"<= day","daily",NA,NA,NA
"1999-03-30",979.177,FALSE,NA,NA,"<= day","daily",NA,NA,NA
"1999-03-31",958.99,FALSE,NA,NA,"<= day","daily",NA,NA,NA
"1999-04-01",924.583,FALSE,NA,NA,"<= day","daily",NA,NA,NA
"1999-04-02",906.021,FALSE,NA,NA,"<= day","daily",NA,NA,NA
"1999-04-03",895.552,FALSE,NA,NA,"<= day","daily",NA,NA,NA
"1999-04-04",890.438,FALSE,NA,NA,"<= day","daily",NA,NA,NA
"1999-04-05",890.99,FALSE,NA,NA,"<= day","daily",NA,NA,NA
"1999-04-06",840.583,FALSE,NA,NA,"<= day","daily",NA,NA,NA
"1999-04-07",847.073,FALSE,NA,NA,"<= day","daily",NA,NA,NA
"1999-04-08",870.917,FALSE,NA,NA,"<= day","daily",NA,NA,NA
"1999-04-09",835.031,FALSE,NA,NA,"<= day","daily",NA,NA,NA
"1999-04-10",820.01,FALSE,NA,NA,"<= day","daily",NA,NA,NA
"1999-04-11",817.208,FALSE,NA,NA,"<= day","daily",NA,NA,NA
"1999-04-12",821.25,FALSE,NA,NA,"<= day","daily",NA,NA,NA
"1999-04-13",816.26,FALSE,NA,NA,"<= day","daily",NA,NA,NA
"1999-04-14",810.354,FALSE,NA,NA,"<= day","daily",NA,NA,NA
"1999-04-15",805.167,FALSE,NA,NA,"<= day","daily",NA,NA,NA
"1999-04-16",791.271,FALSE,NA,NA,"<= day","daily",NA,NA,NA
"1999-04-17",759.427,FALSE,NA,NA,"<= day","daily",NA,NA,NA
"1999-04-18",743.375,FALSE,NA,NA,"<= day","daily",NA,NA,NA
"1999-04-19",743.594,FALSE,NA,NA,"<= day","daily",NA,NA,NA
"1999-04-20",744,FALSE,NA,NA,"<= day","daily",NA,NA,NA
"1999-04-21",743.656,FALSE,NA,NA,"<= day","daily",NA,NA,NA
"1999-04-22",740.375,FALSE,NA,NA,"<= day","daily",NA,NA,NA
"1999-04-23",732.875,FALSE,NA,NA,"<= day","daily",NA,NA,NA
"1999-04-24",726.083,FALSE,NA,NA,"<= day","daily",NA,NA,NA
"1999-04-25",702.208,FALSE,NA,NA,"<= day","daily",NA,NA,NA
"1999-04-26",686.344,FALSE,NA,NA,"<= day","daily",NA,NA,NA
"1999-04-27",680.156,FALSE,NA,NA,"<= day","daily",NA,NA,NA
"1999-04-28",680.333,FALSE,NA,NA,"<= day","daily",NA,NA,NA
"1999-04-29",672.49,FALSE,NA,NA,"<= day","daily",NA,NA,NA
"1999-04-30",665.958,FALSE,NA,NA,"<= day","daily",NA,NA,NA
"1999-05-01",632.958,FALSE,NA,NA,"<= day","daily",NA,NA,NA
"1999-05-02",627,FALSE,NA,NA,"<= day","daily",NA,NA,NA
"1999-05-03",627,FALSE,NA,NA,"<= day","daily",NA,NA,NA
"1999-05-04",627,FALSE,NA,NA,"<= day","daily",NA,NA,NA
"1999-05-05",627,FALSE,NA,NA,"<= day","daily",NA,NA,NA
"1999-05-06",628.26,FALSE,NA,NA,"<= day","daily",NA,NA,NA
"1999-05-07",637.198,FALSE,NA,NA,"<= day","daily",NA,NA,NA
"1999-05-08",642.844,FALSE,NA,NA,"<= day","daily",NA,NA,NA
"1999-05-09",639.802,FALSE,NA,NA,"<= day","daily",NA,NA,NA
"1999-05-10",628.896,FALSE,NA,NA,"<= day","daily",NA,NA,NA
"1999-05-11",629.521,FALSE,NA,NA,"<= day","daily",NA,NA,NA
"1999-05-12",657.25,FALSE,NA,NA,"<= day","daily",NA,NA,NA
"1999-05-13",732.125,FALSE,NA,NA,"<= day","daily",NA,NA,NA
"1999-05-14",731.229,FALSE,NA,NA,"<= day","daily",NA,NA,NA
"1999-05-15",700.75,FALSE,NA,NA,"<= day","daily",NA,NA,NA
"1999-05-16",662.521,FALSE,NA,NA,"<= day","daily",NA,NA,NA
"1999-05-17",631.604,FALSE,NA,NA,"<= day","daily",NA,NA,NA
"1999-05-18",627,FALSE,NA,NA,"<= day","daily",NA,NA,NA
"1999-05-19",627,FALSE,NA,NA,"<= day","daily",NA,NA,NA
"1999-05-20",627,FALSE,NA,NA,"<= day","daily",NA,NA,NA
"1999-05-21",627,FALSE,NA,NA,"<= day","daily",NA,NA,NA
"1999-05-22",627,FALSE,NA,NA,"<= day","daily",NA,NA,NA
"1999-05-23",627,FALSE,NA,NA,"<= day","daily",NA,NA,NA
"1999-05-24",627,FALSE,NA,NA,"<= day","daily",NA,NA,NA
"1999-05-25",627,FALSE,NA,NA,"<= day","daily",NA,NA,NA
"1999-05-26",627,FALSE,NA,NA,"<= day","daily",NA,NA,NA
"1999-05-27",627,FALSE,NA,NA,"<= day","daily",NA,NA,NA
"1999-05-28",627,FALSE,NA,NA,"<= day","daily",NA,NA,NA
"1999-05-29",627,FALSE,NA,NA,"<= day","daily",NA,NA,NA
"1999-05-30",627,FALSE,NA,NA,"<= day","daily",NA,NA,NA
"1999-05-31",627,FALSE,NA,NA,"<= day","daily",NA,NA,NA
"1999-06-01",627,FALSE,NA,NA,"<= day","daily",NA,NA,NA
"1999-06-02",627,FALSE,NA,NA,"<= day","daily",NA,NA,NA
"1999-06-03",627,FALSE,NA,NA,"<= day","daily",NA,NA,NA
"1999-06-04",622.302,FALSE,NA,NA,"<= day","daily",NA,NA,NA
"1999-06-05",589.26,FALSE,NA,NA,"<= day","daily",NA,NA,NA
"1999-06-06",568.708,FALSE,NA,NA,"<= day","daily",NA,NA,NA
"1999-06-07",566,FALSE,NA,NA,"<= day","daily",NA,NA,NA
"1999-06-08",566,FALSE,NA,NA,"<= day","daily",NA,NA,NA
"1999-06-09",566,FALSE,NA,NA,"<= day","daily",NA,NA,NA
"1999-06-10",566,FALSE,NA,NA,"<= day","daily",NA,NA,NA
"1999-06-11",566,FALSE,NA,NA,"<= day","daily",NA,NA,NA
"1999-06-12",563.021,FALSE,NA,NA,"<= day","daily",NA,NA,NA
"1999-06-13",541.688,FALSE,NA,NA,"<= day","daily",NA,NA,NA
"1999-06-14",525.594,FALSE,NA,NA,"<= day","daily",NA,NA,NA
"1999-06-15",518.646,FALSE,NA,NA,"<= day","daily",NA,NA,NA
"1999-06-16",509.958,FALSE,NA,NA,"<= day","daily",NA,NA,NA
"1999-06-17",499.917,FALSE,NA,NA,"<= day","daily",NA,NA,NA
"1999-06-18",493.99,FALSE,NA,NA,"<= day","daily",NA,NA,NA
"1999-06-19",488.812,FALSE,NA,NA,"<= day","daily",NA,NA,NA
"1999-06-20",489.719,FALSE,NA,NA,"<= day","daily",NA,NA,NA
"1999-06-21",497.531,FALSE,NA,NA,"<= day","daily",NA,NA,NA
"1999-06-22",476.146,FALSE,NA,NA,"<= day","daily",NA,NA,NA
"1999-06-23",463.792,FALSE,NA,NA,"<= day","daily",NA,NA,NA
"1999-06-24",450.917,FALSE,NA,NA,"<= day","daily",NA,NA,NA
"1999-06-25",469.208,FALSE,NA,NA,"<= day","daily",NA,NA,NA
"1999-06-26",474.26,FALSE,NA,NA,"<= day","daily",NA,NA,NA
"1999-06-27",482.281,FALSE,NA,NA,"<= day","daily",NA,NA,NA
"1999-06-28",479.521,FALSE,NA,NA,"<= day","daily",NA,NA,NA
"1999-06-29",460.333,FALSE,NA,NA,"<= day","daily",NA,NA,NA
"1999-06-30",450.854,FALSE,NA,NA,"<= day","daily",NA,NA,NA
"1999-07-01",447.469,FALSE,NA,NA,"<= day","daily",NA,NA,NA
"1999-07-02",441.948,FALSE,NA,NA,"<= day","daily",NA,NA,NA
"1999-07-03",441.344,FALSE,NA,NA,"<= day","daily",NA,NA,NA
"1999-07-04",444.167,FALSE,NA,NA,"<= day","daily",NA,NA,NA
"1999-07-05",468.948,FALSE,NA,NA,"<= day","daily",NA,NA,NA
"1999-07-06",590.531,FALSE,NA,NA,"<= day","daily",NA,NA,NA
"1999-07-07",519.104,FALSE,NA,NA,"<= day","daily",NA,NA,NA
"1999-07-08",480,FALSE,NA,NA,"<= day","daily",NA,NA,NA
"1999-07-09",476.354,FALSE,NA,NA,"<= day","daily",NA,NA,NA
"1999-07-10",452.167,FALSE,NA,NA,"<= day","daily",NA,NA,NA
"1999-07-11",492.302,FALSE,NA,NA,"<= day","daily",NA,NA,NA
"1999-07-12",549.302,FALSE,NA,NA,"<= day","daily",NA,NA,NA
"1999-07-13",510.281,FALSE,NA,NA,"<= day","daily",NA,NA,NA
"1999-07-14",522.49,FALSE,NA,NA,"<= day","daily",NA,NA,NA
"1999-07-15",509.823,FALSE,NA,NA,"<= day","daily",NA,NA,NA
"1999-07-16",487.99,FALSE,NA,NA,"<= day","daily",NA,NA,NA
"1999-07-17",475.344,FALSE,NA,NA,"<= day","daily",NA,NA,NA
"1999-07-18",466.01,FALSE,NA,NA,"<= day","daily",NA,NA,NA
"1999-07-19",461.49,FALSE,NA,NA,"<= day","daily",NA,NA,NA
"1999-07-20",453.594,FALSE,NA,NA,"<= day","daily",NA,NA,NA
"1999-07-21",443.219,FALSE,NA,NA,"<= day","daily",NA,NA,NA
"1999-07-22",444.229,FALSE,NA,NA,"<= day","daily",NA,NA,NA
"1999-07-23",442.583,FALSE,NA,NA,"<= day","daily",NA,NA,NA
"1999-07-24",437.583,FALSE,NA,NA,"<= day","daily",NA,NA,NA
"1999-07-25",435.042,FALSE,NA,NA,"<= day","daily",NA,NA,NA
"1999-07-26",433.5,FALSE,NA,NA,"<= day","daily",NA,NA,NA
"1999-07-27",434.271,FALSE,NA,NA,"<= day","daily",NA,NA,NA
"1999-07-28",432.688,FALSE,NA,NA,"<= day","daily",NA,NA,NA
"1999-07-29",438.958,FALSE,NA,NA,"<= day","daily",NA,NA,NA
"1999-07-30",435.354,FALSE,NA,NA,"<= day","daily",NA,NA,NA
"1999-07-31",430.052,FALSE,NA,NA,"<= day","daily",NA,NA,NA
"1999-08-01",417.927,FALSE,NA,NA,"<= day","daily",NA,NA,NA
"1999-08-02",406.458,FALSE,NA,NA,"<= day","daily",NA,NA,NA
"1999-08-03",416.312,FALSE,NA,NA,"<= day","daily",NA,NA,NA
"1999-08-04",399.75,FALSE,NA,NA,"<= day","daily",NA,NA,NA
"1999-08-05",397.958,FALSE,NA,NA,"<= day","daily",NA,NA,NA
"1999-08-06",405,FALSE,NA,NA,"<= day","daily",NA,NA,NA
"1999-08-07",437.021,FALSE,NA,NA,"<= day","daily",NA,NA,NA
"1999-08-08",425.708,FALSE,NA,NA,"<= day","daily",NA,NA,NA
"1999-08-09",432.792,FALSE,NA,NA,"<= day","daily",NA,NA,NA
"1999-08-10",477.208,FALSE,NA,NA,"<= day","daily",NA,NA,NA
"1999-08-11",457.042,FALSE,NA,NA,"<= day","daily",NA,NA,NA
"1999-08-12",437.417,FALSE,NA,NA,"<= day","daily",NA,NA,NA
"1999-08-13",416.104,FALSE,NA,NA,"<= day","daily",NA,NA,NA
"1999-08-14",404.208,FALSE,NA,NA,"<= day","daily",NA,NA,NA
"1999-08-15",395.812,FALSE,NA,NA,"<= day","daily",NA,NA,NA
"1999-08-16",397.688,FALSE,NA,NA,"<= day","daily",NA,NA,NA
"1999-08-17",399.271,FALSE,NA,NA,"<= day","daily",NA,NA,NA
"1999-08-18",396.312,FALSE,NA,NA,"<= day","daily",NA,NA,NA
"1999-08-19",393.698,FALSE,NA,NA,"<= day","daily",NA,NA,NA
"1999-08-20",389.219,FALSE,NA,NA,"<= day","daily",NA,NA,NA
"1999-08-21",385.198,FALSE,NA,NA,"<= day","daily",NA,NA,NA
"1999-08-22",382.635,FALSE,NA,NA,"<= day","daily",NA,NA,NA
"1999-08-23",384.302,FALSE,NA,NA,"<= day","daily",NA,NA,NA
"1999-08-24",389.354,FALSE,NA,NA,"<= day","daily",NA,NA,NA
"1999-08-25",398.042,FALSE,NA,NA,"<= day","daily",NA,NA,NA
"1999-08-26",407.51,FALSE,NA,NA,"<= day","daily",NA,NA,NA
"1999-08-27",409,FALSE,NA,NA,"<= day","daily",NA,NA,NA
"1999-08-28",409,FALSE,NA,NA,"<= day","daily",NA,NA,NA
"1999-08-29",409,FALSE,NA,NA,"<= day","daily",NA,NA,NA
"1999-08-30",409,FALSE,NA,NA,"<= day","daily",NA,NA,NA
"1999-08-31",409,FALSE,NA,NA,"<= day","daily",NA,NA,NA
"1999-09-01",406.365,FALSE,NA,NA,"<= day","daily",NA,NA,NA
"1999-09-02",385.448,FALSE,NA,NA,"<= day","daily",NA,NA,NA
"1999-09-03",357.76,FALSE,NA,NA,"<= day","daily",NA,NA,NA
"1999-09-04",349.906,FALSE,NA,NA,"<= day","daily",NA,NA,NA
"1999-09-05",350.5,FALSE,NA,NA,"<= day","daily",NA,NA,NA
"1999-09-06",349.844,FALSE,NA,NA,"<= day","daily",NA,NA,NA
"1999-09-07",353.323,FALSE,NA,NA,"<= day","daily",NA,NA,NA
"1999-09-08",353.885,FALSE,NA,NA,"<= day","daily",NA,NA,NA
"1999-09-09",352.677,FALSE,NA,NA,"<= day","daily",NA,NA,NA
"1999-09-10",349.198,FALSE,NA,NA,"<= day","daily",NA,NA,NA
"1999-09-11",346.635,FALSE,NA,NA,"<= day","daily",NA,NA,NA
"1999-09-12",347.615,FALSE,NA,NA,"<= day","daily",NA,NA,NA
"1999-09-13",347.365,FALSE,NA,NA,"<= day","daily",NA,NA,NA
"1999-09-14",348.729,FALSE,NA,NA,"<= day","daily",NA,NA,NA
"1999-09-15",349.229,FALSE,NA,NA,"<= day","daily",NA,NA,NA
"1999-09-16",350.958,FALSE,NA,NA,"<= day","daily",NA,NA,NA
"1999-09-17",352.156,FALSE,NA,NA,"<= day","daily",NA,NA,NA
"1999-09-18",348.448,FALSE,NA,NA,"<= day","daily",NA,NA,NA
"1999-09-19",346.844,FALSE,NA,NA,"<= day","daily",NA,NA,NA
"1999-09-20",351.698,FALSE,NA,NA,"<= day","daily",NA,NA,NA
"1999-09-21",361.604,FALSE,NA,NA,"<= day","daily",NA,NA,NA
"1999-09-22",364.729,FALSE,NA,NA,"<= day","daily",NA,NA,NA
"1999-09-23",365,FALSE,NA,NA,"<= day","daily",NA,NA,NA
"1999-09-24",365,FALSE,NA,NA,"<= day","daily",NA,NA,NA
"1999-09-25",365,FALSE,NA,NA,"<= day","daily",NA,NA,NA
"1999-09-26",365,FALSE,NA,NA,"<= day","daily",NA,NA,NA
"1999-09-27",365,FALSE,NA,NA,"<= day","daily",NA,NA,NA
"1999-09-28",360.417,FALSE,NA,NA,"<= day","daily",NA,NA,NA
"1999-09-29",330.302,FALSE,NA,NA,"<= day","daily",NA,NA,NA
"1999-09-30",326.427,FALSE,NA,NA,"<= day","daily",NA,NA,NA
"1999-10-01",339.229,FALSE,NA,NA,"<= day","daily",NA,NA,NA
"1999-10-02",328.781,FALSE,NA,NA,"<= day","daily",NA,NA,NA
"1999-10-03",327.104,FALSE,NA,NA,"<= day","daily",NA,NA,NA
"1999-10-04",318.333,FALSE,NA,NA,"<= day","daily",NA,NA,NA
"1999-10-05",319.75,FALSE,NA,NA,"<= day","daily",NA,NA,NA
"1999-10-06",316.104,FALSE,NA,NA,"<= day","daily",NA,NA,NA
"1999-10-07",311.448,FALSE,NA,NA,"<= day","daily",NA,NA,NA
"1999-10-08",309.5,FALSE,NA,NA,"<= day","daily",NA,NA,NA
"1999-10-09",310.729,FALSE,NA,NA,"<= day","daily",NA,NA,NA
"1999-10-10",310.771,FALSE,NA,NA,"<= day","daily",NA,NA,NA
"1999-10-11",309.156,FALSE,NA,NA,"<= day","daily",NA,NA,NA
"1999-10-12",307.792,FALSE,NA,NA,"<= day","daily",NA,NA,NA
"1999-10-13",305.406,FALSE,NA,NA,"<= day","daily",NA,NA,NA
"1999-10-14",304.885,FALSE,NA,NA,"<= day","daily",NA,NA,NA
"1999-10-15",303.562,FALSE,NA,NA,"<= day","daily",NA,NA,NA
"1999-10-16",299.906,FALSE,NA,NA,"<= day","daily",NA,NA,NA
"1999-10-17",301.073,FALSE,NA,NA,"<= day","daily",NA,NA,NA
"1999-10-18",303.25,FALSE,NA,NA,"<= day","daily",NA,NA,NA
"1999-10-19",301.292,FALSE,NA,NA,"<= day","daily",NA,NA,NA
"1999-10-20",300.594,FALSE,NA,NA,"<= day","daily",NA,NA,NA
"1999-10-21",302.656,FALSE,NA,NA,"<= day","daily",NA,NA,NA
"1999-10-22",297.948,FALSE,NA,NA,"<= day","daily",NA,NA,NA
"1999-10-23",297.115,FALSE,NA,NA,"<= day","daily",NA,NA,NA
"1999-10-24",301.875,FALSE,NA,NA,"<= day","daily",NA,NA,NA
"1999-10-25",327.344,FALSE,NA,NA,"<= day","daily",NA,NA,NA
"1999-10-26",323.792,FALSE,NA,NA,"<= day","daily",NA,NA,NA
"1999-10-27",308.052,FALSE,NA,NA,"<= day","daily",NA,NA,NA
"1999-10-28",312.406,FALSE,NA,NA,"<= day","daily",NA,NA,NA
"1999-10-29",340.76,FALSE,NA,NA,"<= day","daily",NA,NA,NA
"1999-10-30",324.573,FALSE,NA,NA,"<= day","daily",NA,NA,NA
"1999-10-31",327.656,FALSE,NA,NA,"<= day","daily",NA,NA,NA
"1999-11-01",317.688,FALSE,NA,NA,"<= day","daily",NA,NA,NA
"1999-11-02",315.469,FALSE,NA,NA,"<= day","daily",NA,NA,NA
"1999-11-03",326.042,FALSE,NA,NA,"<= day","daily",NA,NA,NA
"1999-11-04",311.979,FALSE,NA,NA,"<= day","daily",NA,NA,NA
"1999-11-05",308.656,FALSE,NA,NA,"<= day","daily",NA,NA,NA
"1999-11-06",306.292,FALSE,NA,NA,"<= day","daily",NA,NA,NA
"1999-11-07",305.135,FALSE,NA,NA,"<= day","daily",NA,NA,NA
"1999-11-08",305,FALSE,NA,NA,"<= day","daily",NA,NA,NA
"1999-11-09",308.438,FALSE,NA,NA,"<= day","daily",NA,NA,NA
"1999-11-10",337.125,FALSE,NA,NA,"<= day","daily",NA,NA,NA
"1999-11-11",373.552,FALSE,NA,NA,"<= day","daily",NA,NA,NA
"1999-11-12",324.865,FALSE,NA,NA,"<= day","daily",NA,NA,NA
"1999-11-13",297.135,FALSE,NA,NA,"<= day","daily",NA,NA,NA
"1999-11-14",293.25,FALSE,NA,NA,"<= day","daily",NA,NA,NA
"1999-11-15",294.208,FALSE,NA,NA,"<= day","daily",NA,NA,NA
"1999-11-16",295.104,FALSE,NA,NA,"<= day","daily",NA,NA,NA
"1999-11-17",285.531,FALSE,NA,NA,"<= day","daily",NA,NA,NA
"1999-11-18",283.302,FALSE,NA,NA,"<= day","daily",NA,NA,NA
"1999-11-19",289.438,FALSE,NA,NA,"<= day","daily",NA,NA,NA
"1999-11-20",286.688,FALSE,NA,NA,"<= day","daily",NA,NA,NA
"1999-11-21",275.26,FALSE,NA,NA,"<= day","daily",NA,NA,NA
"1999-11-22",276.677,FALSE,NA,NA,"<= day","daily",NA,NA,NA
"1999-11-23",291.302,FALSE,NA,NA,"<= day","daily",NA,NA,NA
"1999-11-24",304.792,FALSE,NA,NA,"<= day","daily",NA,NA,NA
"1999-11-25",310.844,FALSE,NA,NA,"<= day","daily",NA,NA,NA
"1999-11-26",309.406,FALSE,NA,NA,"<= day","daily",NA,NA,NA
"1999-11-27",308.656,FALSE,NA,NA,"<= day","daily",NA,NA,NA
"1999-11-28",306.979,FALSE,NA,NA,"<= day","daily",NA,NA,NA
"1999-11-29",310.094,FALSE,NA,NA,"<= day","daily",NA,NA,NA
"1999-11-30",312.365,FALSE,NA,NA,"<= day","daily",NA,NA,NA
"1999-12-01",332.573,FALSE,NA,NA,"<= day","daily",NA,NA,NA
"1999-12-02",336.125,FALSE,NA,NA,"<= day","daily",NA,NA,NA
"1999-12-03",327.042,FALSE,NA,NA,"<= day","daily",NA,NA,NA
"1999-12-04",333.448,FALSE,NA,NA,"<= day","daily",NA,NA,NA
"1999-12-05",348.646,FALSE,NA,NA,"<= day","daily",NA,NA,NA
"1999-12-06",401.031,FALSE,NA,NA,"<= day","daily",NA,NA,NA
"1999-12-07",378.198,FALSE,NA,NA,"<= day","daily",NA,NA,NA
"1999-12-08",362.073,FALSE,NA,NA,"<= day","daily",NA,NA,NA
"1999-12-09",355.812,FALSE,NA,NA,"<= day","daily",NA,NA,NA
"1999-12-10",356.031,FALSE,NA,NA,"<= day","daily",NA,NA,NA
"1999-12-11",366.104,FALSE,NA,NA,"<= day","daily",NA,NA,NA
"1999-12-12",393.771,FALSE,NA,NA,"<= day","daily",NA,NA,NA
"1999-12-13",440.135,FALSE,NA,NA,"<= day","daily",NA,NA,NA
"1999-12-14",537.083,FALSE,NA,NA,"<= day","daily",NA,NA,NA
"1999-12-15",632.927,FALSE,NA,NA,"<= day","daily",NA,NA,NA
"1999-12-16",543.896,FALSE,NA,NA,"<= day","daily",NA,NA,NA
"1999-12-17",490.135,FALSE,NA,NA,"<= day","daily",NA,NA,NA
"1999-12-18",504.5,FALSE,NA,NA,"<= day","daily",NA,NA,NA
"1999-12-19",679.292,FALSE,NA,NA,"<= day","daily",NA,NA,NA
"1999-12-20",897.917,FALSE,NA,NA,"<= day","daily",NA,NA,NA
"1999-12-21",914.125,FALSE,NA,NA,"<= day","daily",NA,NA,NA
"1999-12-22",831.25,FALSE,NA,NA,"<= day","daily",NA,NA,NA
"1999-12-23",759.406,FALSE,NA,NA,"<= day","daily",NA,NA,NA
"1999-12-24",706.625,FALSE,NA,NA,"<= day","daily",NA,NA,NA
"1999-12-25",697.969,FALSE,NA,NA,"<= day","daily",NA,NA,NA
"1999-12-26",861.365,FALSE,NA,NA,"<= day","daily",NA,NA,NA
"1999-12-27",1057.531,FALSE,NA,NA,"<= day","daily",NA,NA,NA
"1999-12-28",1129.292,FALSE,NA,NA,"<= day","daily",NA,NA,NA
"1999-12-29",1146.646,FALSE,NA,NA,"<= day","daily",NA,NA,NA
"1999-12-30",1145.885,FALSE,NA,NA,"<= day","daily",NA,NA,NA
"1999-12-31",1148.396,FALSE,NA,NA,"<= day","daily",NA,NA,NA
"2000-01-01",1153.708,FALSE,NA,NA,"<= day","daily",NA,NA,NA
"2000-01-02",1153.094,FALSE,NA,NA,"<= day","daily",NA,NA,NA
"2000-01-03",1156.844,FALSE,NA,NA,"<= day","daily",NA,NA,NA
"2000-01-04",1155.406,FALSE,NA,NA,"<= day","daily",NA,NA,NA
"2000-01-05",1159.01,FALSE,NA,NA,"<= day","daily",NA,NA,NA
"2000-01-06",1189.729,FALSE,NA,NA,"<= day","daily",NA,NA,NA
"2000-01-07",1224.062,FALSE,NA,NA,"<= day","daily",NA,NA,NA
"2000-01-08",1230.448,FALSE,NA,NA,"<= day","daily",NA,NA,NA
"2000-01-09",1215.677,FALSE,NA,NA,"<= day","daily",NA,NA,NA
"2000-01-10",1169.688,FALSE,NA,NA,"<= day","daily",NA,NA,NA
"2000-01-11",1196.906,FALSE,NA,NA,"<= day","daily",NA,NA,NA
"2000-01-12",1193.094,FALSE,NA,NA,"<= day","daily",NA,NA,NA
"2000-01-13",1136.01,FALSE,NA,NA,"<= day","daily",NA,NA,NA
"2000-01-14",1076.667,FALSE,NA,NA,"<= day","daily",NA,NA,NA
"2000-01-15",1070.458,FALSE,NA,NA,"<= day","daily",NA,NA,NA
"2000-01-16",1063.667,FALSE,NA,NA,"<= day","daily",NA,NA,NA
"2000-01-17",1014.979,FALSE,NA,NA,"<= day","daily",NA,NA,NA
"2000-01-18",1001.01,FALSE,NA,NA,"<= day","daily",NA,NA,NA
"2000-01-19",994.833,FALSE,NA,NA,"<= day","daily",NA,NA,NA
"2000-01-20",990.958,FALSE,NA,NA,"<= day","daily",NA,NA,NA
"2000-01-21",978.062,FALSE,NA,NA,"<= day","daily",NA,NA,NA
"2000-01-22",986.5,FALSE,NA,NA,"<= day","daily",NA,NA,NA
"2000-01-23",998.115,FALSE,NA,NA,"<= day","daily",NA,NA,NA
"2000-01-24",1007.24,FALSE,NA,NA,"<= day","daily",NA,NA,NA
"2000-01-25",989.583,FALSE,NA,NA,"<= day","daily",NA,NA,NA
"2000-01-26",974.188,FALSE,NA,NA,"<= day","daily",NA,NA,NA
"2000-01-27",922.573,FALSE,NA,NA,"<= day","daily",NA,NA,NA
"2000-01-28",875.219,FALSE,NA,NA,"<= day","daily",NA,NA,NA
"2000-01-29",902.99,FALSE,NA,NA,"<= day","daily",NA,NA,NA
"2000-01-30",1038.24,FALSE,NA,NA,"<= day","daily",NA,NA,NA
"2000-01-31",1138.917,FALSE,NA,NA,"<= day","daily",NA,NA,NA
"2000-02-01",1089.323,FALSE,NA,NA,"<= day","daily",NA,NA,NA
"2000-02-02",1071.792,FALSE,NA,NA,"<= day","daily",NA,NA,NA
"2000-02-03",1047.521,FALSE,NA,NA,"<= day","daily",NA,NA,NA
"2000-02-04",1005.281,FALSE,NA,NA,"<= day","daily",NA,NA,NA
"2000-02-05",987.958,FALSE,NA,NA,"<= day","daily",NA,NA,NA
"2000-02-06",981.406,FALSE,NA,NA,"<= day","daily",NA,NA,NA
"2000-02-07",983.802,FALSE,NA,NA,"<= day","daily",NA,NA,NA
"2000-02-08",1004.469,FALSE,NA,NA,"<= day","daily",NA,NA,NA
"2000-02-09",1141.812,FALSE,NA,NA,"<= day","daily",NA,NA,NA
"2000-02-10",1293.094,FALSE,NA,NA,"<= day","daily",NA,NA,NA
"2000-02-11",1312.344,FALSE,NA,NA,"<= day","daily",NA,NA,NA
"2000-02-12",1294.427,FALSE,NA,NA,"<= day","daily",NA,NA,NA
"2000-02-13",1264.479,FALSE,NA,NA,"<= day","daily",NA,NA,NA
"2000-02-14",1234.646,FALSE,NA,NA,"<= day","daily",NA,NA,NA
"2000-02-15",1105.031,FALSE,NA,NA,"<= day","daily",NA,NA,NA
"2000-02-16",973.854,FALSE,NA,NA,"<= day","daily",NA,NA,NA
"2000-02-17",992.177,FALSE,NA,NA,"<= day","daily",NA,NA,NA
"2000-02-18",1014.906,FALSE,NA,NA,"<= day","daily",NA,NA,NA
"2000-02-19",1041.531,FALSE,NA,NA,"<= day","daily",NA,NA,NA
"2000-02-20",1067.417,FALSE,NA,NA,"<= day","daily",NA,NA,NA
"2000-02-21",1081.156,FALSE,NA,NA,"<= day","daily",NA,NA,NA
"2000-02-22",1142.865,FALSE,NA,NA,"<= day","daily",NA,NA,NA
"2000-02-23",1228.25,FALSE,NA,NA,"<= day","daily",NA,NA,NA
"2000-02-24",1238.094,FALSE,NA,NA,"<= day","daily",NA,NA,NA
"2000-02-25",1243.5,FALSE,NA,NA,"<= day","daily",NA,NA,NA
"2000-02-26",1236.896,FALSE,NA,NA,"<= day","daily",NA,NA,NA
"2000-02-27",1232.542,FALSE,NA,NA,"<= day","daily",NA,NA,NA
"2000-02-28",1231.656,FALSE,NA,NA,"<= day","daily",NA,NA,NA
"2000-02-29",1233.073,FALSE,NA,NA,"<= day","daily",NA,NA,NA
"2000-03-01",1263.083,FALSE,NA,NA,"<= day","daily",NA,NA,NA
"2000-03-02",1309.417,FALSE,NA,NA,"<= day","daily",NA,NA,NA
"2000-03-03",1317,FALSE,NA,NA,"<= day","daily",NA,NA,NA
"2000-03-04",1316.198,FALSE,NA,NA,"<= day","daily",NA,NA,NA
"2000-03-05",1303.271,FALSE,NA,NA,"<= day","daily",NA,NA,NA
"2000-03-06",1241.646,FALSE,NA,NA,"<= day","daily",NA,NA,NA
"2000-03-07",1163.865,FALSE,NA,NA,"<= day","daily",NA,NA,NA
"2000-03-08",1149.344,FALSE,NA,NA,"<= day","daily",NA,NA,NA
"2000-03-09",1154.052,FALSE,NA,NA,"<= day","daily",NA,NA,NA
"2000-03-10",1154.656,FALSE,NA,NA,"<= day","daily",NA,NA,NA
"2000-03-11",1151.26,FALSE,NA,NA,"<= day","daily",NA,NA,NA
"2000-03-12",1142.208,FALSE,NA,NA,"<= day","daily",NA,NA,NA
"2000-03-13",1129.458,FALSE,NA,NA,"<= day","daily",NA,NA,NA
"2000-03-14",1101.917,FALSE,NA,NA,"<= day","daily",NA,NA,NA
"2000-03-15",1091.552,FALSE,NA,NA,"<= day","daily",NA,NA,NA
"2000-03-16",1081.344,FALSE,NA,NA,"<= day","daily",NA,NA,NA
"2000-03-17",1071.552,FALSE,NA,NA,"<= day","daily",NA,NA,NA
"2000-03-18",1064.146,FALSE,NA,NA,"<= day","daily",NA,NA,NA
"2000-03-19",1056.229,FALSE,NA,NA,"<= day","daily",NA,NA,NA
"2000-03-20",1040.021,FALSE,NA,NA,"<= day","daily",NA,NA,NA
"2000-03-21",1009.448,FALSE,NA,NA,"<= day","daily",NA,NA,NA
"2000-03-22",988.219,FALSE,NA,NA,"<= day","daily",NA,NA,NA
"2000-03-23",975.302,FALSE,NA,NA,"<= day","daily",NA,NA,NA
"2000-03-24",971,FALSE,NA,NA,"<= day","daily",NA,NA,NA
"2000-03-25",973,FALSE,NA,NA,"<= day","daily",NA,NA,NA
"2000-03-26",970.542,FALSE,NA,NA,"<= day","daily",NA,NA,NA
"2000-03-27",970.458,FALSE,NA,NA,"<= day","daily",NA,NA,NA
"2000-03-28",965.896,FALSE,NA,NA,"<= day","daily",NA,NA,NA
"2000-03-29",915.792,FALSE,NA,NA,"<= day","daily",NA,NA,NA
"2000-03-30",898.208,FALSE,NA,NA,"<= day","daily",NA,NA,NA
"2000-03-31",889.354,FALSE,NA,NA,"<= day","daily",NA,NA,NA
"2000-04-01",884.562,FALSE,NA,NA,"<= day","daily",NA,NA,NA
"2000-04-02",859.542,FALSE,NA,NA,"<= day","daily",NA,NA,NA
"2000-04-03",838.979,FALSE,NA,NA,"<= day","daily",NA,NA,NA
"2000-04-04",836,FALSE,NA,NA,"<= day","daily",NA,NA,NA
"2000-04-05",848.375,FALSE,NA,NA,"<= day","daily",NA,NA,NA
"2000-04-06",932.01,FALSE,NA,NA,"<= day","daily",NA,NA,NA
"2000-04-07",960.104,FALSE,NA,NA,"<= day","daily",NA,NA,NA
"2000-04-08",936.177,FALSE,NA,NA,"<= day","daily",NA,NA,NA
"2000-04-09",915.219,FALSE,NA,NA,"<= day","daily",NA,NA,NA
"2000-04-10",901.615,FALSE,NA,NA,"<= day","daily",NA,NA,NA
"2000-04-11",893.156,FALSE,NA,NA,"<= day","daily",NA,NA,NA
"2000-04-12",896.25,FALSE,NA,NA,"<= day","daily",NA,NA,NA
"2000-04-13",890.917,FALSE,NA,NA,"<= day","daily",NA,NA,NA
"2000-04-14",882.417,FALSE,NA,NA,"<= day","daily",NA,NA,NA
"2000-04-15",876.75,FALSE,NA,NA,"<= day","daily",NA,NA,NA
"2000-04-16",876.812,FALSE,NA,NA,"<= day","daily",NA,NA,NA
"2000-04-17",847.833,FALSE,NA,NA,"<= day","daily",NA,NA,NA
"2000-04-18",827.083,FALSE,NA,NA,"<= day","daily",NA,NA,NA
"2000-04-19",814.417,FALSE,NA,NA,"<= day","daily",NA,NA,NA
"2000-04-20",809.948,FALSE,NA,NA,"<= day","daily",NA,NA,NA
"2000-04-21",807,FALSE,NA,NA,"<= day","daily",NA,NA,NA
"2000-04-22",810.948,FALSE,NA,NA,"<= day","daily",NA,NA,NA
"2000-04-23",820.094,FALSE,NA,NA,"<= day","daily",NA,NA,NA
"2000-04-24",810.688,FALSE,NA,NA,"<= day","daily",NA,NA,NA
"2000-04-25",782.812,FALSE,NA,NA,"<= day","daily",NA,NA,NA
"2000-04-26",762.323,FALSE,NA,NA,"<= day","daily",NA,NA,NA
"2000-04-27",758.5,FALSE,NA,NA,"<= day","daily",NA,NA,NA
"2000-04-28",739.344,FALSE,NA,NA,"<= day","daily",NA,NA,NA
"2000-04-29",739.844,FALSE,NA,NA,"<= day","daily",NA,NA,NA
"2000-04-30",738.75,FALSE,NA,NA,"<= day","daily",NA,NA,NA
"2000-05-01",739.219,FALSE,NA,NA,"<= day","daily",NA,NA,NA
"2000-05-02",729.938,FALSE,NA,NA,"<= day","daily",NA,NA,NA
"2000-05-03",722.781,FALSE,NA,NA,"<= day","daily",NA,NA,NA
"2000-05-04",710.865,FALSE,NA,NA,"<= day","daily",NA,NA,NA
"2000-05-05",679.656,FALSE,NA,NA,"<= day","daily",NA,NA,NA
"2000-05-06",665.677,FALSE,NA,NA,"<= day","daily",NA,NA,NA
"2000-05-07",669.917,FALSE,NA,NA,"<= day","daily",NA,NA,NA
"2000-05-08",670.312,FALSE,NA,NA,"<= day","daily",NA,NA,NA
"2000-05-09",664.552,FALSE,NA,NA,"<= day","daily",NA,NA,NA
"2000-05-10",655.26,FALSE,NA,NA,"<= day","daily",NA,NA,NA
"2000-05-11",653.188,FALSE,NA,NA,"<= day","daily",NA,NA,NA
"2000-05-12",667.854,FALSE,NA,NA,"<= day","daily",NA,NA,NA
"2000-05-13",721.708,FALSE,NA,NA,"<= day","daily",NA,NA,NA
"2000-05-14",687.781,FALSE,NA,NA,"<= day","daily",NA,NA,NA
"2000-05-15",636.521,FALSE,NA,NA,"<= day","daily",NA,NA,NA
"2000-05-16",642.812,FALSE,NA,NA,"<= day","daily",NA,NA,NA
"2000-05-17",685.552,FALSE,NA,NA,"<= day","daily",NA,NA,NA
"2000-05-18",690.823,FALSE,NA,NA,"<= day","daily",NA,NA,NA
"2000-05-19",676.229,FALSE,NA,NA,"<= day","daily",NA,NA,NA
"2000-05-20",671.062,FALSE,NA,NA,"<= day","daily",NA,NA,NA
"2000-05-21",668.062,FALSE,NA,NA,"<= day","daily",NA,NA,NA
"2000-05-22",666.094,FALSE,NA,NA,"<= day","daily",NA,NA,NA
"2000-05-23",667.667,FALSE,NA,NA,"<= day","daily",NA,NA,NA
"2000-05-24",653.24,FALSE,NA,NA,"<= day","daily",NA,NA,NA
"2000-05-25",658.51,FALSE,NA,NA,"<= day","daily",NA,NA,NA
"2000-05-26",660.573,FALSE,NA,NA,"<= day","daily",NA,NA,NA
"2000-05-27",664.094,FALSE,NA,NA,"<= day","daily",NA,NA,NA
"2000-05-28",662.927,FALSE,NA,NA,"<= day","daily",NA,NA,NA
"2000-05-29",658.802,FALSE,NA,NA,"<= day","daily",NA,NA,NA
"2000-05-30",668.062,FALSE,NA,NA,"<= day","daily",NA,NA,NA
"2000-05-31",797.25,FALSE,NA,NA,"<= day","daily",NA,NA,NA
"2000-06-01",801.677,FALSE,NA,NA,"<= day","daily",NA,NA,NA
"2000-06-02",712.156,FALSE,NA,NA,"<= day","daily",NA,NA,NA
"2000-06-03",708.771,FALSE,NA,NA,"<= day","daily",NA,NA,NA
"2000-06-04",803.375,FALSE,NA,NA,"<= day","daily",NA,NA,NA
"2000-06-05",721.073,FALSE,NA,NA,"<= day","daily",NA,NA,NA
"2000-06-06",696.396,FALSE,NA,NA,"<= day","daily",NA,NA,NA
"2000-06-07",669.167,FALSE,NA,NA,"<= day","daily",NA,NA,NA
"2000-06-08",659.417,FALSE,NA,NA,"<= day","daily",NA,NA,NA
"2000-06-09",649.802,FALSE,NA,NA,"<= day","daily",NA,NA,NA
"2000-06-10",644.156,FALSE,NA,NA,"<= day","daily",NA,NA,NA
"2000-06-11",643.417,FALSE,NA,NA,"<= day","daily",NA,NA,NA
"2000-06-12",627.51,FALSE,NA,NA,"<= day","daily",NA,NA,NA
"2000-06-13",610.292,FALSE,NA,NA,"<= day","daily",NA,NA,NA
"2000-06-14",601.844,FALSE,NA,NA,"<= day","daily",NA,NA,NA
"2000-06-15",609.323,FALSE,NA,NA,"<= day","daily",NA,NA,NA
"2000-06-16",605.427,FALSE,NA,NA,"<= day","daily",NA,NA,NA
"2000-06-17",606.594,FALSE,NA,NA,"<= day","daily",NA,NA,NA
"2000-06-18",606.083,FALSE,NA,NA,"<= day","daily",NA,NA,NA
"2000-06-19",600.427,FALSE,NA,NA,"<= day","daily",NA,NA,NA
"2000-06-20",599.531,FALSE,NA,NA,"<= day","daily",NA,NA,NA
"2000-06-21",587.01,FALSE,NA,NA,"<= day","daily",NA,NA,NA
"2000-06-22",588.552,FALSE,NA,NA,"<= day","daily",NA,NA,NA
"2000-06-23",591.073,FALSE,NA,NA,"<= day","daily",NA,NA,NA
"2000-06-24",593.823,FALSE,NA,NA,"<= day","daily",NA,NA,NA
"2000-06-25",594.354,FALSE,NA,NA,"<= day","daily",NA,NA,NA
"2000-06-26",584.135,FALSE,NA,NA,"<= day","daily",NA,NA,NA
"2000-06-27",570.01,FALSE,NA,NA,"<= day","daily",NA,NA,NA
"2000-06-28",550.021,FALSE,NA,NA,"<= day","daily",NA,NA,NA
"2000-06-29",545.5,FALSE,NA,NA,"<= day","daily",NA,NA,NA
"2000-06-30",546.156,FALSE,NA,NA,"<= day","daily",NA,NA,NA
"2000-07-01",544.052,FALSE,NA,NA,"<= day","daily",NA,NA,NA
"2000-07-02",549.281,FALSE,NA,NA,"<= day","daily",NA,NA,NA
"2000-07-03",526.646,FALSE,NA,NA,"<= day","daily",NA,NA,NA
"2000-07-04",495.135,FALSE,NA,NA,"<= day","daily",NA,NA,NA
"2000-07-05",478.865,FALSE,NA,NA,"<= day","daily",NA,NA,NA
"2000-07-06",470.906,FALSE,NA,NA,"<= day","daily",NA,NA,NA
"2000-07-07",476.135,FALSE,NA,NA,"<= day","daily",NA,NA,NA
"2000-07-08",487.521,FALSE,NA,NA,"<= day","daily",NA,NA,NA
"2000-07-09",480.958,FALSE,NA,NA,"<= day","daily",NA,NA,NA
"2000-07-10",510.771,FALSE,NA,NA,"<= day","daily",NA,NA,NA
"2000-07-11",493,FALSE,NA,NA,"<= day","daily",NA,NA,NA
"2000-07-12",453.562,FALSE,NA,NA,"<= day","daily",NA,NA,NA
"2000-07-13",444.354,FALSE,NA,NA,"<= day","daily",NA,NA,NA
"2000-07-14",462.135,FALSE,NA,NA,"<= day","daily",NA,NA,NA
"2000-07-15",481.271,FALSE,NA,NA,"<= day","daily",NA,NA,NA
"2000-07-16",462.073,FALSE,NA,NA,"<= day","daily",NA,NA,NA
"2000-07-17",446.115,FALSE,NA,NA,"<= day","daily",NA,NA,NA
"2000-07-18",439.458,FALSE,NA,NA,"<= day","daily",NA,NA,NA
"2000-07-19",445.198,FALSE,NA,NA,"<= day","daily",NA,NA,NA
"2000-07-20",430.052,FALSE,NA,NA,"<= day","daily",NA,NA,NA
"2000-07-21",409.833,FALSE,NA,NA,"<= day","daily",NA,NA,NA
"2000-07-22",400.729,FALSE,NA,NA,"<= day","daily",NA,NA,NA
"2000-07-23",407,FALSE,NA,NA,"<= day","daily",NA,NA,NA
"2000-07-24",400.198,FALSE,NA,NA,"<= day","daily",NA,NA,NA
"2000-07-25",406.792,FALSE,NA,NA,"<= day","daily",NA,NA,NA
"2000-07-26",433.74,FALSE,NA,NA,"<= day","daily",NA,NA,NA
"2000-07-27",421.927,FALSE,NA,NA,"<= day","daily",NA,NA,NA
"2000-07-28",433.698,FALSE,NA,NA,"<= day","daily",NA,NA,NA
"2000-07-29",429.99,FALSE,NA,NA,"<= day","daily",NA,NA,NA
"2000-07-30",403.792,FALSE,NA,NA,"<= day","daily",NA,NA,NA
"2000-07-31",384.531,FALSE,NA,NA,"<= day","daily",NA,NA,NA
"2000-08-01",386.188,FALSE,NA,NA,"<= day","daily",NA,NA,NA
"2000-08-02",386.771,FALSE,NA,NA,"<= day","daily",NA,NA,NA
"2000-08-03",385.271,FALSE,NA,NA,"<= day","daily",NA,NA,NA
"2000-08-04",384.771,FALSE,NA,NA,"<= day","daily",NA,NA,NA
"2000-08-05",383.042,FALSE,NA,NA,"<= day","daily",NA,NA,NA
"2000-08-06",380.469,FALSE,NA,NA,"<= day","daily",NA,NA,NA
"2000-08-07",374.719,FALSE,NA,NA,"<= day","daily",NA,NA,NA
"2000-08-08",372.5,FALSE,NA,NA,"<= day","daily",NA,NA,NA
"2000-08-09",372.812,FALSE,NA,NA,"<= day","daily",NA,NA,NA
"2000-08-10",366.51,FALSE,NA,NA,"<= day","daily",NA,NA,NA
"2000-08-11",359.615,FALSE,NA,NA,"<= day","daily",NA,NA,NA
"2000-08-12",345.208,FALSE,NA,NA,"<= day","daily",NA,NA,NA
"2000-08-13",340.583,FALSE,NA,NA,"<= day","daily",NA,NA,NA
"2000-08-14",336.042,FALSE,NA,NA,"<= day","daily",NA,NA,NA
"2000-08-15",336.615,FALSE,NA,NA,"<= day","daily",NA,NA,NA
"2000-08-16",336.479,FALSE,NA,NA,"<= day","daily",NA,NA,NA
"2000-08-17",339.167,FALSE,NA,NA,"<= day","daily",NA,NA,NA
"2000-08-18",342.979,FALSE,NA,NA,"<= day","daily",NA,NA,NA
"2000-08-19",341.177,FALSE,NA,NA,"<= day","daily",NA,NA,NA
"2000-08-20",339.5,FALSE,NA,NA,"<= day","daily",NA,NA,NA
"2000-08-21",343.708,FALSE,NA,NA,"<= day","daily",NA,NA,NA
"2000-08-22",360.844,FALSE,NA,NA,"<= day","daily",NA,NA,NA
"2000-08-23",346.083,FALSE,NA,NA,"<= day","daily",NA,NA,NA
"2000-08-24",336.333,FALSE,NA,NA,"<= day","daily",NA,NA,NA
"2000-08-25",337.583,FALSE,NA,NA,"<= day","daily",NA,NA,NA
"2000-08-26",348.625,FALSE,NA,NA,"<= day","daily",NA,NA,NA
"2000-08-27",348.75,FALSE,NA,NA,"<= day","daily",NA,NA,NA
"2000-08-28",348.646,FALSE,NA,NA,"<= day","daily",NA,NA,NA
"2000-08-29",335.5,FALSE,NA,NA,"<= day","daily",NA,NA,NA
"2000-08-30",328.75,FALSE,NA,NA,"<= day","daily",NA,NA,NA
"2000-08-31",333.052,FALSE,NA,NA,"<= day","daily",NA,NA,NA
"2000-09-01",332.052,FALSE,NA,NA,"<= day","daily",NA,NA,NA
"2000-09-02",318.958,FALSE,NA,NA,"<= day","daily",NA,NA,NA
"2000-09-03",314.177,FALSE,NA,NA,"<= day","daily",NA,NA,NA
"2000-09-04",311.469,FALSE,NA,NA,"<= day","daily",NA,NA,NA
"2000-09-05",305.833,FALSE,NA,NA,"<= day","daily",NA,NA,NA
"2000-09-06",303.219,FALSE,NA,NA,"<= day","daily",NA,NA,NA
"2000-09-07",296.854,FALSE,NA,NA,"<= day","daily",NA,NA,NA
"2000-09-08",293.24,FALSE,NA,NA,"<= day","daily",NA,NA,NA
"2000-09-09",285.646,FALSE,NA,NA,"<= day","daily",NA,NA,NA
"2000-09-10",279.875,FALSE,NA,NA,"<= day","daily",NA,NA,NA
"2000-09-11",274.177,FALSE,NA,NA,"<= day","daily",NA,NA,NA
"2000-09-12",274.958,FALSE,NA,NA,"<= day","daily",NA,NA,NA
"2000-09-13",277.073,FALSE,NA,NA,"<= day","daily",NA,NA,NA
"2000-09-14",279.021,FALSE,NA,NA,"<= day","daily",NA,NA,NA
"2000-09-15",276.25,FALSE,NA,NA,"<= day","daily",NA,NA,NA
"2000-09-16",283.906,FALSE,NA,NA,"<= day","daily",NA,NA,NA
"2000-09-17",312.177,FALSE,NA,NA,"<= day","daily",NA,NA,NA
"2000-09-18",299.094,FALSE,NA,NA,"<= day","daily",NA,NA,NA
"2000-09-19",278.594,FALSE,NA,NA,"<= day","daily",NA,NA,NA
"2000-09-20",291,FALSE,NA,NA,"<= day","daily",NA,NA,NA
"2000-09-21",374.802,FALSE,NA,NA,"<= day","daily",NA,NA,NA
"2000-09-22",356.875,FALSE,NA,NA,"<= day","daily",NA,NA,NA
"2000-09-23",317.458,FALSE,NA,NA,"<= day","daily",NA,NA,NA
"2000-09-24",312.156,FALSE,NA,NA,"<= day","daily",NA,NA,NA
"2000-09-25",307.646,FALSE,NA,NA,"<= day","daily",NA,NA,NA
"2000-09-26",300.906,FALSE,NA,NA,"<= day","daily",NA,NA,NA
"2000-09-27",303.729,FALSE,NA,NA,"<= day","daily",NA,NA,NA
"2000-09-28",301.656,FALSE,NA,NA,"<= day","daily",NA,NA,NA
"2000-09-29",302.323,FALSE,NA,NA,"<= day","daily",NA,NA,NA
"2000-09-30",303.167,FALSE,NA,NA,"<= day","daily",NA,NA,NA
"2000-10-01",293.635,FALSE,NA,NA,"<= day","daily",NA,NA,NA
"2000-10-02",325.24,FALSE,NA,NA,"<= day","daily",NA,NA,NA
"2000-10-03",346.625,FALSE,NA,NA,"<= day","daily",NA,NA,NA
"2000-10-04",361.188,FALSE,NA,NA,"<= day","daily",NA,NA,NA
"2000-10-05",354.854,FALSE,NA,NA,"<= day","daily",NA,NA,NA
"2000-10-06",353.01,FALSE,NA,NA,"<= day","daily",NA,NA,NA
"2000-10-07",343.521,FALSE,NA,NA,"<= day","daily",NA,NA,NA
"2000-10-08",352.385,FALSE,NA,NA,"<= day","daily",NA,NA,NA
"2000-10-09",361.073,FALSE,NA,NA,"<= day","daily",NA,NA,NA
"2000-10-10",360.052,FALSE,NA,NA,"<= day","daily",NA,NA,NA
"2000-10-11",368.833,FALSE,NA,NA,"<= day","daily",NA,NA,NA
"2000-10-12",369.906,FALSE,NA,NA,"<= day","daily",NA,NA,NA
"2000-10-13",343.302,FALSE,NA,NA,"<= day","daily",NA,NA,NA
"2000-10-14",315.208,FALSE,NA,NA,"<= day","daily",NA,NA,NA
"2000-10-15",319.385,FALSE,NA,NA,"<= day","daily",NA,NA,NA
"2000-10-16",310.375,FALSE,NA,NA,"<= day","daily",NA,NA,NA
"2000-10-17",309.562,FALSE,NA,NA,"<= day","daily",NA,NA,NA
"2000-10-18",303.219,FALSE,NA,NA,"<= day","daily",NA,NA,NA
"2000-10-19",302.573,FALSE,NA,NA,"<= day","daily",NA,NA,NA
"2000-10-20",306.094,FALSE,NA,NA,"<= day","daily",NA,NA,NA
"2000-10-21",303.896,FALSE,NA,NA,"<= day","daily",NA,NA,NA
"2000-10-22",295.083,FALSE,NA,NA,"<= day","daily",NA,NA,NA
"2000-10-23",296.802,FALSE,NA,NA,"<= day","daily",NA,NA,NA
"2000-10-24",300.51,FALSE,NA,NA,"<= day","daily",NA,NA,NA
"2000-10-25",307.719,FALSE,NA,NA,"<= day","daily",NA,NA,NA
"2000-10-26",312.562,FALSE,NA,NA,"<= day","daily",NA,NA,NA
"2000-10-27",303.646,FALSE,NA,NA,"<= day","daily",NA,NA,NA
"2000-10-28",299.646,FALSE,NA,NA,"<= day","daily",NA,NA,NA
"2000-10-29",291.938,FALSE,NA,NA,"<= day","daily",NA,NA,NA
"2000-10-30",308.094,FALSE,NA,NA,"<= day","daily",NA,NA,NA
"2000-10-31",331.917,FALSE,NA,NA,"<= day","daily",NA,NA,NA
"2000-11-01",316.188,FALSE,NA,NA,"<= day","daily",NA,NA,NA
"2000-11-02",300.583,FALSE,NA,NA,"<= day","daily",NA,NA,NA
"2000-11-03",304.729,FALSE,NA,NA,"<= day","daily",NA,NA,NA
"2000-11-04",299.167,FALSE,NA,NA,"<= day","daily",NA,NA,NA
"2000-11-05",290.25,FALSE,NA,NA,"<= day","daily",NA,NA,NA
"2000-11-06",274.531,FALSE,NA,NA,"<= day","daily",NA,NA,NA
"2000-11-07",254.312,FALSE,NA,NA,"<= day","daily",NA,NA,NA
"2000-11-08",245.604,FALSE,NA,NA,"<= day","daily",NA,NA,NA
"2000-11-09",242.75,FALSE,NA,NA,"<= day","daily",NA,NA,NA
"2000-11-10",243.792,FALSE,NA,NA,"<= day","daily",NA,NA,NA
"2000-11-11",239.865,FALSE,NA,NA,"<= day","daily",NA,NA,NA
"2000-11-12",244.344,FALSE,NA,NA,"<= day","daily",NA,NA,NA
"2000-11-13",248.552,FALSE,NA,NA,"<= day","daily",NA,NA,NA
"2000-11-14",297.573,FALSE,NA,NA,"<= day","daily",NA,NA,NA
"2000-11-15",329.115,FALSE,NA,NA,"<= day","daily",NA,NA,NA
"2000-11-16",288.042,FALSE,NA,NA,"<= day","daily",NA,NA,NA
"2000-11-17",291.24,FALSE,NA,NA,"<= day","daily",NA,NA,NA
"2000-11-18",306.688,FALSE,NA,NA,"<= day","daily",NA,NA,NA
"2000-11-19",278.51,FALSE,NA,NA,"<= day","daily",NA,NA,NA
"2000-11-20",275.927,FALSE,NA,NA,"<= day","daily",NA,NA,NA
"2000-11-21",269.062,FALSE,NA,NA,"<= day","daily",NA,NA,NA
"2000-11-22",270.635,FALSE,NA,NA,"<= day","daily",NA,NA,NA
"2000-11-23",266.583,FALSE,NA,NA,"<= day","daily",NA,NA,NA
"2000-11-24",263.927,FALSE,NA,NA,"<= day","daily",NA,NA,NA
"2000-11-25",262.094,FALSE,NA,NA,"<= day","daily",NA,NA,NA
"2000-11-26",265.385,FALSE,NA,NA,"<= day","daily",NA,NA,NA
"2000-11-27",261.062,FALSE,NA,NA,"<= day","daily",NA,NA,NA
"2000-11-28",260.406,FALSE,NA,NA,"<= day","daily",NA,NA,NA
"2000-11-29",256.969,FALSE,NA,NA,"<= day","daily",NA,NA,NA
"2000-11-30",252.448,FALSE,NA,NA,"<= day","daily",NA,NA,NA
"2000-12-01",250.156,FALSE,NA,NA,"<= day","daily",NA,NA,NA
"2000-12-02",248.792,FALSE,NA,NA,"<= day","daily",NA,NA,NA
"2000-12-03",245.49,FALSE,NA,NA,"<= day","daily",NA,NA,NA
"2000-12-04",241.146,FALSE,NA,NA,"<= day","daily",NA,NA,NA
"2000-12-05",252.188,FALSE,NA,NA,"<= day","daily",NA,NA,NA
"2000-12-06",245.396,FALSE,NA,NA,"<= day","daily",NA,NA,NA
"2000-12-07",242.958,FALSE,NA,NA,"<= day","daily",NA,NA,NA
"2000-12-08",246.844,FALSE,NA,NA,"<= day","daily",NA,NA,NA
"2000-12-09",245.865,FALSE,NA,NA,"<= day","daily",NA,NA,NA
"2000-12-10",247.542,FALSE,NA,NA,"<= day","daily",NA,NA,NA
"2000-12-11",241.969,FALSE,NA,NA,"<= day","daily",NA,NA,NA
"2000-12-12",240.823,FALSE,NA,NA,"<= day","daily",NA,NA,NA
"2000-12-13",245.417,FALSE,NA,NA,"<= day","daily",NA,NA,NA
"2000-12-14",247.729,FALSE,NA,NA,"<= day","daily",NA,NA,NA
"2000-12-15",249.604,FALSE,NA,NA,"<= day","daily",NA,NA,NA
"2000-12-16",260.562,FALSE,NA,NA,"<= day","daily",NA,NA,NA
"2000-12-17",263.396,FALSE,NA,NA,"<= day","daily",NA,NA,NA
"2000-12-18",251.927,FALSE,NA,NA,"<= day","daily",NA,NA,NA
"2000-12-19",257.406,FALSE,NA,NA,"<= day","daily",NA,NA,NA
"2000-12-20",247.052,FALSE,NA,NA,"<= day","daily",NA,NA,NA
"2000-12-21",243.792,FALSE,NA,NA,"<= day","daily",NA,NA,NA
"2000-12-22",240.604,FALSE,NA,NA,"<= day","daily",NA,NA,NA
"2000-12-23",237.01,FALSE,NA,NA,"<= day","daily",NA,NA,NA
"2000-12-24",252.083,FALSE,NA,NA,"<= day","daily",NA,NA,NA
"2000-12-25",270.333,FALSE,NA,NA,"<= day","daily",NA,NA,NA
"2000-12-26",268.24,FALSE,NA,NA,"<= day","daily",NA,NA,NA
"2000-12-27",263.906,FALSE,NA,NA,"<= day","daily",NA,NA,NA
"2000-12-28",264.958,FALSE,NA,NA,"<= day","daily",NA,NA,NA
"2000-12-29",266.729,FALSE,NA,NA,"<= day","daily",NA,NA,NA
"2000-12-30",266.771,FALSE,NA,NA,"<= day","daily",NA,NA,NA
"2000-12-31",265.271,FALSE,NA,NA,"<= day","daily",NA,NA,NA
"2001-01-01",267.75,FALSE,NA,NA,"<= day","daily",NA,NA,NA
"2001-01-02",287.24,FALSE,NA,NA,"<= day","daily",NA,NA,NA
"2001-01-03",301.844,FALSE,NA,NA,"<= day","daily",NA,NA,NA
"2001-01-04",313.417,FALSE,NA,NA,"<= day","daily",NA,NA,NA
"2001-01-05",329.604,FALSE,NA,NA,"<= day","daily",NA,NA,NA
"2001-01-06",447.438,FALSE,NA,NA,"<= day","daily",NA,NA,NA
"2001-01-07",436.219,FALSE,NA,NA,"<= day","daily",NA,NA,NA
"2001-01-08",398.25,FALSE,NA,NA,"<= day","daily",NA,NA,NA
"2001-01-09",387.188,FALSE,NA,NA,"<= day","daily",NA,NA,NA
"2001-01-10",377.104,FALSE,NA,NA,"<= day","daily",NA,NA,NA
"2001-01-11",377.25,FALSE,NA,NA,"<= day","daily",NA,NA,NA
"2001-01-12",375.865,FALSE,NA,NA,"<= day","daily",NA,NA,NA
"2001-01-13",377.771,FALSE,NA,NA,"<= day","daily",NA,NA,NA
"2001-01-14",373.469,FALSE,NA,NA,"<= day","daily",NA,NA,NA
"2001-01-15",371.552,FALSE,NA,NA,"<= day","daily",NA,NA,NA
"2001-01-16",377.615,FALSE,NA,NA,"<= day","daily",NA,NA,NA
"2001-01-17",373.938,FALSE,NA,NA,"<= day","daily",NA,NA,NA
"2001-01-18",383.969,FALSE,NA,NA,"<= day","daily",NA,NA,NA
"2001-01-19",386,FALSE,NA,NA,"<= day","daily",NA,NA,NA
"2001-01-20",385.312,FALSE,NA,NA,"<= day","daily",NA,NA,NA
"2001-01-21",381.615,FALSE,NA,NA,"<= day","daily",NA,NA,NA
"2001-01-22",386.74,FALSE,NA,NA,"<= day","daily",NA,NA,NA
"2001-01-23",392.76,FALSE,NA,NA,"<= day","daily",NA,NA,NA
"2001-01-24",401.677,FALSE,NA,NA,"<= day","daily",NA,NA,NA
"2001-01-25",431.771,FALSE,NA,NA,"<= day","daily",NA,NA,NA
"2001-01-26",442.458,FALSE,NA,NA,"<= day","daily",NA,NA,NA
"2001-01-27",440.771,FALSE,NA,NA,"<= day","daily",NA,NA,NA
"2001-01-28",441.5,FALSE,NA,NA,"<= day","daily",NA,NA,NA
"2001-01-29",435.917,FALSE,NA,NA,"<= day","daily",NA,NA,NA
"2001-01-30",407.375,FALSE,NA,NA,"<= day","daily",NA,NA,NA
"2001-01-31",404.531,FALSE,NA,NA,"<= day","daily",NA,NA,NA
"2001-02-01",409.021,FALSE,NA,NA,"<= day","daily",NA,NA,NA
"2001-02-02",406.198,FALSE,NA,NA,"<= day","daily",NA,NA,NA
"2001-02-03",437.656,FALSE,NA,NA,"<= day","daily",NA,NA,NA
"2001-02-04",543.01,FALSE,NA,NA,"<= day","daily",NA,NA,NA
"2001-02-05",664.365,FALSE,NA,NA,"<= day","daily",NA,NA,NA
"2001-02-06",697.906,FALSE,NA,NA,"<= day","daily",NA,NA,NA
"2001-02-07",636.396,FALSE,NA,NA,"<= day","daily",NA,NA,NA
"2001-02-08",600.365,FALSE,NA,NA,"<= day","daily",NA,NA,NA
"2001-02-09",562.292,FALSE,NA,NA,"<= day","daily",NA,NA,NA
"2001-02-10",549.115,FALSE,NA,NA,"<= day","daily",NA,NA,NA
"2001-02-11",537.198,FALSE,NA,NA,"<= day","daily",NA,NA,NA
"2001-02-12",543.615,FALSE,NA,NA,"<= day","daily",NA,NA,NA
"2001-02-13",550.073,FALSE,NA,NA,"<= day","daily",NA,NA,NA
"2001-02-14",507.646,FALSE,NA,NA,"<= day","daily",NA,NA,NA
"2001-02-15",496.375,FALSE,NA,NA,"<= day","daily",NA,NA,NA
"2001-02-16",489.219,FALSE,NA,NA,"<= day","daily",NA,NA,NA
"2001-02-17",484.562,FALSE,NA,NA,"<= day","daily",NA,NA,NA
"2001-02-18",461.146,FALSE,NA,NA,"<= day","daily",NA,NA,NA
"2001-02-19",451.312,FALSE,NA,NA,"<= day","daily",NA,NA,NA
"2001-02-20",451.156,FALSE,NA,NA,"<= day","daily",NA,NA,NA
"2001-02-21",448.135,FALSE,NA,NA,"<= day","daily",NA,NA,NA
"2001-02-22",455.156,FALSE,NA,NA,"<= day","daily",NA,NA,NA
"2001-02-23",489.312,FALSE,NA,NA,"<= day","daily",NA,NA,NA
"2001-02-24",510.75,FALSE,NA,NA,"<= day","daily",NA,NA,NA
"2001-02-25",495.5,FALSE,NA,NA,"<= day","daily",NA,NA,NA
"2001-02-26",492.292,FALSE,NA,NA,"<= day","daily",NA,NA,NA
"2001-02-27",487.76,FALSE,NA,NA,"<= day","daily",NA,NA,NA
"2001-02-28",482.458,FALSE,NA,NA,"<= day","daily",NA,NA,NA
"2001-03-01",488.427,FALSE,NA,NA,"<= day","daily",NA,NA,NA
"2001-03-02",479.25,FALSE,NA,NA,"<= day","daily",NA,NA,NA
"2001-03-03",498.521,FALSE,NA,NA,"<= day","daily",NA,NA,NA
"2001-03-04",586.188,FALSE,NA,NA,"<= day","daily",NA,NA,NA
"2001-03-05",775.188,FALSE,NA,NA,"<= day","daily",NA,NA,NA
"2001-03-06",787.844,FALSE,NA,NA,"<= day","daily",NA,NA,NA
"2001-03-07",740.323,FALSE,NA,NA,"<= day","daily",NA,NA,NA
"2001-03-08",685.146,FALSE,NA,NA,"<= day","daily",NA,NA,NA
"2001-03-09",678.938,FALSE,NA,NA,"<= day","daily",NA,NA,NA
"2001-03-10",681.021,FALSE,NA,NA,"<= day","daily",NA,NA,NA
"2001-03-11",679.167,FALSE,NA,NA,"<= day","daily",NA,NA,NA
"2001-03-12",702.333,FALSE,NA,NA,"<= day","daily",NA,NA,NA
"2001-03-13",806.427,FALSE,NA,NA,"<= day","daily",NA,NA,NA
"2001-03-14",890.229,FALSE,NA,NA,"<= day","daily",NA,NA,NA
"2001-03-15",909.302,FALSE,NA,NA,"<= day","daily",NA,NA,NA
"2001-03-16",907.26,FALSE,NA,NA,"<= day","daily",NA,NA,NA
"2001-03-17",900.844,FALSE,NA,NA,"<= day","daily",NA,NA,NA
"2001-03-18",909.24,FALSE,NA,NA,"<= day","daily",NA,NA,NA
"2001-03-19",910.656,FALSE,NA,NA,"<= day","daily",NA,NA,NA
"2001-03-20",919.865,FALSE,NA,NA,"<= day","daily",NA,NA,NA
"2001-03-21",1009.354,FALSE,NA,NA,"<= day","daily",NA,NA,NA
"2001-03-22",1122.688,FALSE,NA,NA,"<= day","daily",NA,NA,NA
"2001-03-23",1162.969,FALSE,NA,NA,"<= day","daily",NA,NA,NA
"2001-03-24",1217.188,FALSE,NA,NA,"<= day","daily",NA,NA,NA
"2001-03-25",1234.51,FALSE,NA,NA,"<= day","daily",NA,NA,NA
"2001-03-26",1235.542,FALSE,NA,NA,"<= day","daily",NA,NA,NA
"2001-03-27",1231.74,FALSE,NA,NA,"<= day","daily",NA,NA,NA
"2001-03-28",1230.875,FALSE,NA,NA,"<= day","daily",NA,NA,NA
"2001-03-29",1263.781,FALSE,NA,NA,"<= day","daily",NA,NA,NA
"2001-03-30",1275.177,FALSE,NA,NA,"<= day","daily",NA,NA,NA
"2001-03-31",1244.823,FALSE,NA,NA,"<= day","daily",NA,NA,NA
"2001-04-01",1238.198,FALSE,NA,NA,"<= day","daily",NA,NA,NA
"2001-04-02",1232.948,FALSE,NA,NA,"<= day","daily",NA,NA,NA
"2001-04-03",1231.656,FALSE,NA,NA,"<= day","daily",NA,NA,NA
"2001-04-04",1227.344,FALSE,NA,NA,"<= day","daily",NA,NA,NA
"2001-04-05",1207.021,FALSE,NA,NA,"<= day","daily",NA,NA,NA
"2001-04-06",1162.583,FALSE,NA,NA,"<= day","daily",NA,NA,NA
"2001-04-07",1154.198,FALSE,NA,NA,"<= day","daily",NA,NA,NA
"2001-04-08",1148.604,FALSE,NA,NA,"<= day","daily",NA,NA,NA
"2001-04-09",1143.917,FALSE,NA,NA,"<= day","daily",NA,NA,NA
"2001-04-10",1134.104,FALSE,NA,NA,"<= day","daily",NA,NA,NA
"2001-04-11",1133.104,FALSE,NA,NA,"<= day","daily",NA,NA,NA
"2001-04-12",1120.667,FALSE,NA,NA,"<= day","daily",NA,NA,NA
"2001-04-13",1095.448,FALSE,NA,NA,"<= day","daily",NA,NA,NA
"2001-04-14",1071.25,FALSE,NA,NA,"<= day","daily",NA,NA,NA
"2001-04-15",1070.458,FALSE,NA,NA,"<= day","daily",NA,NA,NA
"2001-04-16",1071.344,FALSE,NA,NA,"<= day","daily",NA,NA,NA
"2001-04-17",1071.646,FALSE,NA,NA,"<= day","daily",NA,NA,NA
"2001-04-18",1059.646,FALSE,NA,NA,"<= day","daily",NA,NA,NA
"2001-04-19",1053.292,FALSE,NA,NA,"<= day","daily",NA,NA,NA
"2001-04-20",1011.531,FALSE,NA,NA,"<= day","daily",NA,NA,NA
"2001-04-21",996.135,FALSE,NA,NA,"<= day","daily",NA,NA,NA
"2001-04-22",983.448,FALSE,NA,NA,"<= day","daily",NA,NA,NA
"2001-04-23",986.812,FALSE,NA,NA,"<= day","daily",NA,NA,NA
"2001-04-24",976.51,FALSE,NA,NA,"<= day","daily",NA,NA,NA
"2001-04-25",976.938,FALSE,NA,NA,"<= day","daily",NA,NA,NA
"2001-04-26",979.594,FALSE,NA,NA,"<= day","daily",NA,NA,NA
"2001-04-27",976.219,FALSE,NA,NA,"<= day","daily",NA,NA,NA
"2001-04-28",947.344,FALSE,NA,NA,"<= day","daily",NA,NA,NA
"2001-04-29",915.531,FALSE,NA,NA,"<= day","daily",NA,NA,NA
"2001-04-30",907.604,FALSE,NA,NA,"<= day","daily",NA,NA,NA
"2001-05-01",901.26,FALSE,NA,NA,"<= day","daily",NA,NA,NA
"2001-05-02",892.375,FALSE,NA,NA,"<= day","daily",NA,NA,NA
"2001-05-03",863.448,FALSE,NA,NA,"<= day","daily",NA,NA,NA
"2001-05-04",823.781,FALSE,NA,NA,"<= day","daily",NA,NA,NA
"2001-05-05",824.302,FALSE,NA,NA,"<= day","daily",NA,NA,NA
"2001-05-06",822.948,FALSE,NA,NA,"<= day","daily",NA,NA,NA
"2001-05-07",815.99,FALSE,NA,NA,"<= day","daily",NA,NA,NA
"2001-05-08",789.219,FALSE,NA,NA,"<= day","daily",NA,NA,NA
"2001-05-09",764.146,FALSE,NA,NA,"<= day","daily",NA,NA,NA
"2001-05-10",751.625,FALSE,NA,NA,"<= day","daily",NA,NA,NA
"2001-05-11",748.969,FALSE,NA,NA,"<= day","daily",NA,NA,NA
"2001-05-12",743.25,FALSE,NA,NA,"<= day","daily",NA,NA,NA
"2001-05-13",748.094,FALSE,NA,NA,"<= day","daily",NA,NA,NA
"2001-05-14",745.156,FALSE,NA,NA,"<= day","daily",NA,NA,NA
"2001-05-15",742.24,FALSE,NA,NA,"<= day","daily",NA,NA,NA
"2001-05-16",718.844,FALSE,NA,NA,"<= day","daily",NA,NA,NA
"2001-05-17",742.385,FALSE,NA,NA,"<= day","daily",NA,NA,NA
"2001-05-18",738.104,FALSE,NA,NA,"<= day","daily",NA,NA,NA
"2001-05-19",755.312,FALSE,NA,NA,"<= day","daily",NA,NA,NA
"2001-05-20",725.417,FALSE,NA,NA,"<= day","daily",NA,NA,NA
"2001-05-21",682.542,FALSE,NA,NA,"<= day","daily",NA,NA,NA
"2001-05-22",673.927,FALSE,NA,NA,"<= day","daily",NA,NA,NA
"2001-05-23",671.979,FALSE,NA,NA,"<= day","daily",NA,NA,NA
"2001-05-24",673.49,FALSE,NA,NA,"<= day","daily",NA,NA,NA
"2001-05-25",662.51,FALSE,NA,NA,"<= day","daily",NA,NA,NA
"2001-05-26",658.354,FALSE,NA,NA,"<= day","daily",NA,NA,NA
"2001-05-27",629.635,FALSE,NA,NA,"<= day","daily",NA,NA,NA
"2001-05-28",615.396,FALSE,NA,NA,"<= day","daily",NA,NA,NA
"2001-05-29",612.615,FALSE,NA,NA,"<= day","daily",NA,NA,NA
"2001-05-30",619.521,FALSE,NA,NA,"<= day","daily",NA,NA,NA
"2001-05-31",653.667,FALSE,NA,NA,"<= day","daily",NA,NA,NA
"2001-06-01",666.833,FALSE,NA,NA,"<= day","daily",NA,NA,NA
"2001-06-02",654.906,FALSE,NA,NA,"<= day","daily",NA,NA,NA
"2001-06-03",664.76,FALSE,NA,NA,"<= day","daily",NA,NA,NA
"2001-06-04",656.333,FALSE,NA,NA,"<= day","daily",NA,NA,NA
"2001-06-05",618.635,FALSE,NA,NA,"<= day","daily",NA,NA,NA
"2001-06-06",612,FALSE,NA,NA,"<= day","daily",NA,NA,NA
"2001-06-07",611.656,FALSE,NA,NA,"<= day","daily",NA,NA,NA
"2001-06-08",609.406,FALSE,NA,NA,"<= day","daily",NA,NA,NA
"2001-06-09",609,FALSE,NA,NA,"<= day","daily",NA,NA,NA
"2001-06-10",609.573,FALSE,NA,NA,"<= day","daily",NA,NA,NA
"2001-06-11",611.948,FALSE,NA,NA,"<= day","daily",NA,NA,NA
"2001-06-12",602.708,FALSE,NA,NA,"<= day","daily",NA,NA,NA
"2001-06-13",601.5,FALSE,NA,NA,"<= day","daily",NA,NA,NA
"2001-06-14",638.062,FALSE,NA,NA,"<= day","daily",NA,NA,NA
"2001-06-15",624.25,FALSE,NA,NA,"<= day","daily",NA,NA,NA
"2001-06-16",665.604,FALSE,NA,NA,"<= day","daily",NA,NA,NA
"2001-06-17",666.552,FALSE,NA,NA,"<= day","daily",NA,NA,NA
"2001-06-18",623.073,FALSE,NA,NA,"<= day","daily",NA,NA,NA
"2001-06-19",642.927,FALSE,NA,NA,"<= day","daily",NA,NA,NA
"2001-06-20",610.677,FALSE,NA,NA,"<= day","daily",NA,NA,NA
"2001-06-21",600.552,FALSE,NA,NA,"<= day","daily",NA,NA,NA
"2001-06-22",589.031,FALSE,NA,NA,"<= day","daily",NA,NA,NA
"2001-06-23",584.823,FALSE,NA,NA,"<= day","daily",NA,NA,NA
"2001-06-24",568.51,FALSE,NA,NA,"<= day","daily",NA,NA,NA
"2001-06-25",551.865,FALSE,NA,NA,"<= day","daily",NA,NA,NA
"2001-06-26",545.906,FALSE,NA,NA,"<= day","daily",NA,NA,NA
"2001-06-27",565.979,FALSE,NA,NA,"<= day","daily",NA,NA,NA
"2001-06-28",679.302,FALSE,NA,NA,"<= day","daily",NA,NA,NA
"2001-06-29",614.438,FALSE,NA,NA,"<= day","daily",NA,NA,NA
"2001-06-30",577.292,FALSE,NA,NA,"<= day","daily",NA,NA,NA
"2001-07-01",553.198,FALSE,NA,NA,"<= day","daily",NA,NA,NA
"2001-07-02",547.802,FALSE,NA,NA,"<= day","daily",NA,NA,NA
"2001-07-03",556.656,FALSE,NA,NA,"<= day","daily",NA,NA,NA
"2001-07-04",562.323,FALSE,NA,NA,"<= day","daily",NA,NA,NA
"2001-07-05",541.927,FALSE,NA,NA,"<= day","daily",NA,NA,NA
"2001-07-06",538.802,FALSE,NA,NA,"<= day","daily",NA,NA,NA
"2001-07-07",544.625,FALSE,NA,NA,"<= day","daily",NA,NA,NA
"2001-07-08",547.948,FALSE,NA,NA,"<= day","daily",NA,NA,NA
"2001-07-09",537.333,FALSE,NA,NA,"<= day","daily",NA,NA,NA
"2001-07-10",520.823,FALSE,NA,NA,"<= day","daily",NA,NA,NA
"2001-07-11",518.75,FALSE,NA,NA,"<= day","daily",NA,NA,NA
"2001-07-12",517.333,FALSE,NA,NA,"<= day","daily",NA,NA,NA
"2001-07-13",512.062,FALSE,NA,NA,"<= day","daily",NA,NA,NA
"2001-07-14",523.896,FALSE,NA,NA,"<= day","daily",NA,NA,NA
"2001-07-15",607.135,FALSE,NA,NA,"<= day","daily",NA,NA,NA
"2001-07-16",639.083,FALSE,NA,NA,"<= day","daily",NA,NA,NA
"2001-07-17",565.708,FALSE,NA,NA,"<= day","daily",NA,NA,NA
"2001-07-18",503.229,FALSE,NA,NA,"<= day","daily",NA,NA,NA
"2001-07-19",511.521,FALSE,NA,NA,"<= day","daily",NA,NA,NA
"2001-07-20",511.438,FALSE,NA,NA,"<= day","daily",NA,NA,NA
"2001-07-21",499.167,FALSE,NA,NA,"<= day","daily",NA,NA,NA
"2001-07-22",497,FALSE,NA,NA,"<= day","daily",NA,NA,NA
"2001-07-23",496.427,FALSE,NA,NA,"<= day","daily",NA,NA,NA
"2001-07-24",491.99,FALSE,NA,NA,"<= day","daily",NA,NA,NA
"2001-07-25",487.042,FALSE,NA,NA,"<= day","daily",NA,NA,NA
"2001-07-26",486.354,FALSE,NA,NA,"<= day","daily",NA,NA,NA
"2001-07-27",476.365,FALSE,NA,NA,"<= day","daily",NA,NA,NA
"2001-07-28",467.979,FALSE,NA,NA,"<= day","daily",NA,NA,NA
"2001-07-29",473.833,FALSE,NA,NA,"<= day","daily",NA,NA,NA
"2001-07-30",456.979,FALSE,NA,NA,"<= day","daily",NA,NA,NA
"2001-07-31",434.469,FALSE,NA,NA,"<= day","daily",NA,NA,NA
"2001-08-01",423.135,FALSE,NA,NA,"<= day","daily",NA,NA,NA
"2001-08-02",411.708,FALSE,NA,NA,"<= day","daily",NA,NA,NA
"2001-08-03",426.302,FALSE,NA,NA,"<= day","daily",NA,NA,NA
"2001-08-04",434.583,FALSE,NA,NA,"<= day","daily",NA,NA,NA
"2001-08-05",422.208,FALSE,NA,NA,"<= day","daily",NA,NA,NA
"2001-08-06",418.271,FALSE,NA,NA,"<= day","daily",NA,NA,NA
"2001-08-07",419.146,FALSE,NA,NA,"<= day","daily",NA,NA,NA
"2001-08-08",426.073,FALSE,NA,NA,"<= day","daily",NA,NA,NA
"2001-08-09",421.042,FALSE,NA,NA,"<= day","daily",NA,NA,NA
"2001-08-10",402.656,FALSE,NA,NA,"<= day","daily",NA,NA,NA
"2001-08-11",398.833,FALSE,NA,NA,"<= day","daily",NA,NA,NA
"2001-08-12",411.458,FALSE,NA,NA,"<= day","daily",NA,NA,NA
"2001-08-13",401.25,FALSE,NA,NA,"<= day","daily",NA,NA,NA
"2001-08-14",392.854,FALSE,NA,NA,"<= day","daily",NA,NA,NA
"2001-08-15",391.875,FALSE,NA,NA,"<= day","daily",NA,NA,NA
"2001-08-16",399.812,FALSE,NA,NA,"<= day","daily",NA,NA,NA
"2001-08-17",386.021,FALSE,NA,NA,"<= day","daily",NA,NA,NA
"2001-08-18",380.417,FALSE,NA,NA,"<= day","daily",NA,NA,NA
"2001-08-19",394.229,FALSE,NA,NA,"<= day","daily",NA,NA,NA
"2001-08-20",418.656,FALSE,NA,NA,"<= day","daily",NA,NA,NA
"2001-08-21",393.25,FALSE,NA,NA,"<= day","daily",NA,NA,NA
"2001-08-22",380.76,FALSE,NA,NA,"<= day","daily",NA,NA,NA
"2001-08-23",377.573,FALSE,NA,NA,"<= day","daily",NA,NA,NA
"2001-08-24",380.917,FALSE,NA,NA,"<= day","daily",NA,NA,NA
"2001-08-25",362.354,FALSE,NA,NA,"<= day","daily",NA,NA,NA
"2001-08-26",352.562,FALSE,NA,NA,"<= day","daily",NA,NA,NA
"2001-08-27",353.25,FALSE,NA,NA,"<= day","daily",NA,NA,NA
"2001-08-28",351.292,FALSE,NA,NA,"<= day","daily",NA,NA,NA
"2001-08-29",351.281,FALSE,NA,NA,"<= day","daily",NA,NA,NA
"2001-08-30",360.708,FALSE,NA,NA,"<= day","daily",NA,NA,NA
"2001-08-31",375.333,FALSE,NA,NA,"<= day","daily",NA,NA,NA
"2001-09-01",374.208,FALSE,NA,NA,"<= day","daily",NA,NA,NA
"2001-09-02",359.979,FALSE,NA,NA,"<= day","daily",NA,NA,NA
"2001-09-03",354.771,FALSE,NA,NA,"<= day","daily",NA,NA,NA
"2001-09-04",354.927,FALSE,NA,NA,"<= day","daily",NA,NA,NA
"2001-09-05",348.688,FALSE,NA,NA,"<= day","daily",NA,NA,NA
"2001-09-06",340.292,FALSE,NA,NA,"<= day","daily",NA,NA,NA
"2001-09-07",344.51,FALSE,NA,NA,"<= day","daily",NA,NA,NA
"2001-09-08",360.26,FALSE,NA,NA,"<= day","daily",NA,NA,NA
"2001-09-09",425.562,FALSE,NA,NA,"<= day","daily",NA,NA,NA
"2001-09-10",357.76,FALSE,NA,NA,"<= day","daily",NA,NA,NA
"2001-09-11",342.427,FALSE,NA,NA,"<= day","daily",NA,NA,NA
"2001-09-12",338.906,FALSE,NA,NA,"<= day","daily",NA,NA,NA
"2001-09-13",340.99,FALSE,NA,NA,"<= day","daily",NA,NA,NA
"2001-09-14",348.594,FALSE,NA,NA,"<= day","daily",NA,NA,NA
"2001-09-15",348.667,FALSE,NA,NA,"<= day","daily",NA,NA,NA
"2001-09-16",383.885,FALSE,NA,NA,"<= day","daily",NA,NA,NA
"2001-09-17",422.073,FALSE,NA,NA,"<= day","daily",NA,NA,NA
"2001-09-18",371.271,FALSE,NA,NA,"<= day","daily",NA,NA,NA
"2001-09-19",343.021,FALSE,NA,NA,"<= day","daily",NA,NA,NA
"2001-09-20",339.188,FALSE,NA,NA,"<= day","daily",NA,NA,NA
"2001-09-21",343.083,FALSE,NA,NA,"<= day","daily",NA,NA,NA
"2001-09-22",330.792,FALSE,NA,NA,"<= day","daily",NA,NA,NA
"2001-09-23",320.885,FALSE,NA,NA,"<= day","daily",NA,NA,NA
"2001-09-24",326.594,FALSE,NA,NA,"<= day","daily",NA,NA,NA
"2001-09-25",320.938,FALSE,NA,NA,"<= day","daily",NA,NA,NA
"2001-09-26",311.781,FALSE,NA,NA,"<= day","daily",NA,NA,NA
"2001-09-27",306.448,FALSE,NA,NA,"<= day","daily",NA,NA,NA
"2001-09-28",304.271,FALSE,NA,NA,"<= day","daily",NA,NA,NA
"2001-09-29",305.031,FALSE,NA,NA,"<= day","daily",NA,NA,NA
"2001-09-30",308.802,FALSE,NA,NA,"<= day","daily",NA,NA,NA
"2001-10-01",292.583,FALSE,NA,NA,"<= day","daily",NA,NA,NA
"2001-10-02",302.219,FALSE,NA,NA,"<= day","daily",NA,NA,NA
"2001-10-03",311.115,FALSE,NA,NA,"<= day","daily",NA,NA,NA
"2001-10-04",363.469,FALSE,NA,NA,"<= day","daily",NA,NA,NA
"2001-10-05",345.667,FALSE,NA,NA,"<= day","daily",NA,NA,NA
"2001-10-06",343.104,FALSE,NA,NA,"<= day","daily",NA,NA,NA
"2001-10-07",374.479,FALSE,NA,NA,"<= day","daily",NA,NA,NA
"2001-10-08",386.094,FALSE,NA,NA,"<= day","daily",NA,NA,NA
"2001-10-09",378.115,FALSE,NA,NA,"<= day","daily",NA,NA,NA
"2001-10-10",345.979,FALSE,NA,NA,"<= day","daily",NA,NA,NA
"2001-10-11",335.531,FALSE,NA,NA,"<= day","daily",NA,NA,NA
"2001-10-12",327.812,FALSE,NA,NA,"<= day","daily",NA,NA,NA
"2001-10-13",330.948,FALSE,NA,NA,"<= day","daily",NA,NA,NA
"2001-10-14",336.885,FALSE,NA,NA,"<= day","daily",NA,NA,NA
"2001-10-15",310.146,FALSE,NA,NA,"<= day","daily",NA,NA,NA
"2001-10-16",304.083,FALSE,NA,NA,"<= day","daily",NA,NA,NA
"2001-10-17",297.396,FALSE,NA,NA,"<= day","daily",NA,NA,NA
"2001-10-18",292.5,FALSE,NA,NA,"<= day","daily",NA,NA,NA
"2001-10-19",294.469,FALSE,NA,NA,"<= day","daily",NA,NA,NA
"2001-10-20",285.292,FALSE,NA,NA,"<= day","daily",NA,NA,NA
"2001-10-21",291.052,FALSE,NA,NA,"<= day","daily",NA,NA,NA
"2001-10-22",289.312,FALSE,NA,NA,"<= day","daily",NA,NA,NA
"2001-10-23",287.615,FALSE,NA,NA,"<= day","daily",NA,NA,NA
"2001-10-24",291.771,FALSE,NA,NA,"<= day","daily",NA,NA,NA
"2001-10-25",307.688,FALSE,NA,NA,"<= day","daily",NA,NA,NA
"2001-10-26",316.104,FALSE,NA,NA,"<= day","daily",NA,NA,NA
"2001-10-27",301.042,FALSE,NA,NA,"<= day","daily",NA,NA,NA
"2001-10-28",291.688,FALSE,NA,NA,"<= day","daily",NA,NA,NA
"2001-10-29",283.521,FALSE,NA,NA,"<= day","daily",NA,NA,NA
"2001-10-30",288.438,FALSE,NA,NA,"<= day","daily",NA,NA,NA
"2001-10-31",287.406,FALSE,NA,NA,"<= day","daily",NA,NA,NA
"2001-11-01",288.031,FALSE,NA,NA,"<= day","daily",NA,NA,NA
"2001-11-02",295.469,FALSE,NA,NA,"<= day","daily",NA,NA,NA
"2001-11-03",300.844,FALSE,NA,NA,"<= day","daily",NA,NA,NA
"2001-11-04",298.604,FALSE,NA,NA,"<= day","daily",NA,NA,NA
"2001-11-05",292.375,FALSE,NA,NA,"<= day","daily",NA,NA,NA
"2001-11-06",288.021,FALSE,NA,NA,"<= day","daily",NA,NA,NA
"2001-11-07",302.198,FALSE,NA,NA,"<= day","daily",NA,NA,NA
"2001-11-08",391.177,FALSE,NA,NA,"<= day","daily",NA,NA,NA
"2001-11-09",435.281,FALSE,NA,NA,"<= day","daily",NA,NA,NA
"2001-11-10",371.396,FALSE,NA,NA,"<= day","daily",NA,NA,NA
"2001-11-11",344.521,FALSE,NA,NA,"<= day","daily",NA,NA,NA
"2001-11-12",336.542,FALSE,NA,NA,"<= day","daily",NA,NA,NA
"2001-11-13",339.49,FALSE,NA,NA,"<= day","daily",NA,NA,NA
"2001-11-14",345.635,FALSE,NA,NA,"<= day","daily",NA,NA,NA
"2001-11-15",339.125,FALSE,NA,NA,"<= day","daily",NA,NA,NA
"2001-11-16",335.927,FALSE,NA,NA,"<= day","daily",NA,NA,NA
"2001-11-17",333.635,FALSE,NA,NA,"<= day","daily",NA,NA,NA
"2001-11-18",334.5,FALSE,NA,NA,"<= day","daily",NA,NA,NA
"2001-11-19",333.385,FALSE,NA,NA,"<= day","daily",NA,NA,NA
"2001-11-20",331,FALSE,NA,NA,"<= day","daily",NA,NA,NA
"2001-11-21",312.615,FALSE,NA,NA,"<= day","daily",NA,NA,NA
"2001-11-22",316.229,FALSE,NA,NA,"<= day","daily",NA,NA,NA
"2001-11-23",350.667,FALSE,NA,NA,"<= day","daily",NA,NA,NA
"2001-11-24",343.792,FALSE,NA,NA,"<= day","daily",NA,NA,NA
"2001-11-25",329.646,FALSE,NA,NA,"<= day","daily",NA,NA,NA
"2001-11-26",310.698,FALSE,NA,NA,"<= day","daily",NA,NA,NA
"2001-11-27",323.49,FALSE,NA,NA,"<= day","daily",NA,NA,NA
"2001-11-28",341.51,FALSE,NA,NA,"<= day","daily",NA,NA,NA
"2001-11-29",355.552,FALSE,NA,NA,"<= day","daily",NA,NA,NA
"2001-11-30",357.573,FALSE,NA,NA,"<= day","daily",NA,NA,NA
"2001-12-01",410.458,FALSE,NA,NA,"<= day","daily",NA,NA,NA
"2001-12-02",460.958,FALSE,NA,NA,"<= day","daily",NA,NA,NA
"2001-12-03",442.865,FALSE,NA,NA,"<= day","daily",NA,NA,NA
"2001-12-04",428.125,FALSE,NA,NA,"<= day","daily",NA,NA,NA
"2001-12-05",427.156,FALSE,NA,NA,"<= day","daily",NA,NA,NA
"2001-12-06",420.354,FALSE,NA,NA,"<= day","daily",NA,NA,NA
"2001-12-07",398.385,FALSE,NA,NA,"<= day","daily",NA,NA,NA
"2001-12-08",397.688,FALSE,NA,NA,"<= day","daily",NA,NA,NA
"2001-12-09",398.812,FALSE,NA,NA,"<= day","daily",NA,NA,NA
"2001-12-10",393.312,FALSE,NA,NA,"<= day","daily",NA,NA,NA
"2001-12-11",394.417,FALSE,NA,NA,"<= day","daily",NA,NA,NA
"2001-12-12",398.5,FALSE,NA,NA,"<= day","daily",NA,NA,NA
"2001-12-13",394.583,FALSE,NA,NA,"<= day","daily",NA,NA,NA
"2001-12-14",392.729,FALSE,NA,NA,"<= day","daily",NA,NA,NA
"2001-12-15",395,FALSE,NA,NA,"<= day","daily",NA,NA,NA
"2001-12-16",391.396,FALSE,NA,NA,"<= day","daily",NA,NA,NA
"2001-12-17",384.156,FALSE,NA,NA,"<= day","daily",NA,NA,NA
"2001-12-18",386.792,FALSE,NA,NA,"<= day","daily",NA,NA,NA
"2001-12-19",379.375,FALSE,NA,NA,"<= day","daily",NA,NA,NA
"2001-12-20",377.479,FALSE,NA,NA,"<= day","daily",NA,NA,NA
"2001-12-21",379.479,FALSE,NA,NA,"<= day","daily",NA,NA,NA
"2001-12-22",379.479,FALSE,NA,NA,"<= day","daily",NA,NA,NA
"2001-12-23",381.135,FALSE,NA,NA,"<= day","daily",NA,NA,NA
"2001-12-24",378.427,FALSE,NA,NA,"<= day","daily",NA,NA,NA
"2001-12-25",377.479,FALSE,NA,NA,"<= day","daily",NA,NA,NA
"2001-12-26",379.25,FALSE,NA,NA,"<= day","daily",NA,NA,NA
"2001-12-27",377.521,FALSE,NA,NA,"<= day","daily",NA,NA,NA
"2001-12-28",403.531,FALSE,NA,NA,"<= day","daily",NA,NA,NA
"2001-12-29",616.583,FALSE,NA,NA,"<= day","daily",NA,NA,NA
"2001-12-30",946.073,FALSE,NA,NA,"<= day","daily",NA,NA,NA
"2001-12-31",1026.948,FALSE,NA,NA,"<= day","daily",NA,NA,NA
"2002-01-01",983.156,FALSE,NA,NA,"<= day","daily",NA,NA,NA
"2002-01-02",893.75,FALSE,NA,NA,"<= day","daily",NA,NA,NA
"2002-01-03",797.594,FALSE,NA,NA,"<= day","daily",NA,NA,NA
"2002-01-04",709.385,FALSE,NA,NA,"<= day","daily",NA,NA,NA
"2002-01-05",652.479,FALSE,NA,NA,"<= day","daily",NA,NA,NA
"2002-01-06",613.75,FALSE,NA,NA,"<= day","daily",NA,NA,NA
"2002-01-07",602.375,FALSE,NA,NA,"<= day","daily",NA,NA,NA
"2002-01-08",592.865,FALSE,NA,NA,"<= day","daily",NA,NA,NA
"2002-01-09",559.542,FALSE,NA,NA,"<= day","daily",NA,NA,NA
"2002-01-10",546.927,FALSE,NA,NA,"<= day","daily",NA,NA,NA
"2002-01-11",548.406,FALSE,NA,NA,"<= day","daily",NA,NA,NA
"2002-01-12",543.656,FALSE,NA,NA,"<= day","daily",NA,NA,NA
"2002-01-13",546.094,FALSE,NA,NA,"<= day","daily",NA,NA,NA
"2002-01-14",542.177,FALSE,NA,NA,"<= day","daily",NA,NA,NA
"2002-01-15",518.448,FALSE,NA,NA,"<= day","daily",NA,NA,NA
"2002-01-16",494.25,FALSE,NA,NA,"<= day","daily",NA,NA,NA
"2002-01-17",492.542,FALSE,NA,NA,"<= day","daily",NA,NA,NA
"2002-01-18",486.396,FALSE,NA,NA,"<= day","daily",NA,NA,NA
"2002-01-19",481.042,FALSE,NA,NA,"<= day","daily",NA,NA,NA
"2002-01-20",489.177,FALSE,NA,NA,"<= day","daily",NA,NA,NA
"2002-01-21",534.302,FALSE,NA,NA,"<= day","daily",NA,NA,NA
"2002-01-22",515.198,FALSE,NA,NA,"<= day","daily",NA,NA,NA
"2002-01-23",495.875,FALSE,NA,NA,"<= day","daily",NA,NA,NA
"2002-01-24",504.594,FALSE,NA,NA,"<= day","daily",NA,NA,NA
"2002-01-25",537.198,FALSE,NA,NA,"<= day","daily",NA,NA,NA
"2002-01-26",545,FALSE,NA,NA,"<= day","daily",NA,NA,NA
"2002-01-27",579.198,FALSE,NA,NA,"<= day","daily",NA,NA,NA
"2002-01-28",676.906,FALSE,NA,NA,"<= day","daily",NA,NA,NA
"2002-01-29",641.406,FALSE,NA,NA,"<= day","daily",NA,NA,NA
"2002-01-30",608.104,FALSE,NA,NA,"<= day","daily",NA,NA,NA
"2002-01-31",601.469,FALSE,NA,NA,"<= day","daily",NA,NA,NA
"2002-02-01",592.74,FALSE,NA,NA,"<= day","daily",NA,NA,NA
"2002-02-02",568.844,FALSE,NA,NA,"<= day","daily",NA,NA,NA
"2002-02-03",551.958,FALSE,NA,NA,"<= day","daily",NA,NA,NA
"2002-02-04",547.177,FALSE,NA,NA,"<= day","daily",NA,NA,NA
"2002-02-05",545.5,FALSE,NA,NA,"<= day","daily",NA,NA,NA
"2002-02-06",546.5,FALSE,NA,NA,"<= day","daily",NA,NA,NA
"2002-02-07",545.5,FALSE,NA,NA,"<= day","daily",NA,NA,NA
"2002-02-08",546.729,FALSE,NA,NA,"<= day","daily",NA,NA,NA
"2002-02-09",546.771,FALSE,NA,NA,"<= day","daily",NA,NA,NA
"2002-02-10",548.365,FALSE,NA,NA,"<= day","daily",NA,NA,NA
"2002-02-11",565.479,FALSE,NA,NA,"<= day","daily",NA,NA,NA
"2002-02-12",550.385,FALSE,NA,NA,"<= day","daily",NA,NA,NA
"2002-02-13",551.01,FALSE,NA,NA,"<= day","daily",NA,NA,NA
"2002-02-14",585.396,FALSE,NA,NA,"<= day","daily",NA,NA,NA
"2002-02-15",636.74,FALSE,NA,NA,"<= day","daily",NA,NA,NA
"2002-02-16",601.708,FALSE,NA,NA,"<= day","daily",NA,NA,NA
"2002-02-17",582.344,FALSE,NA,NA,"<= day","daily",NA,NA,NA
"2002-02-18",554.167,FALSE,NA,NA,"<= day","daily",NA,NA,NA
"2002-02-19",551.062,FALSE,NA,NA,"<= day","daily",NA,NA,NA
"2002-02-20",604.542,FALSE,NA,NA,"<= day","daily",NA,NA,NA
"2002-02-21",739.354,FALSE,NA,NA,"<= day","daily",NA,NA,NA
"2002-02-22",785.229,FALSE,NA,NA,"<= day","daily",NA,NA,NA
"2002-02-23",758.771,FALSE,NA,NA,"<= day","daily",NA,NA,NA
"2002-02-24",853.771,FALSE,NA,NA,"<= day","daily",NA,NA,NA
"2002-02-25",904.896,FALSE,NA,NA,"<= day","daily",NA,NA,NA
"2002-02-26",965.26,FALSE,NA,NA,"<= day","daily",NA,NA,NA
"2002-02-27",988.146,FALSE,NA,NA,"<= day","daily",NA,NA,NA
"2002-02-28",1027.906,FALSE,NA,NA,"<= day","daily",NA,NA,NA
"2002-03-01",1050.615,FALSE,NA,NA,"<= day","daily",NA,NA,NA
"2002-03-02",1056,FALSE,NA,NA,"<= day","daily",NA,NA,NA
"2002-03-03",1046.781,FALSE,NA,NA,"<= day","daily",NA,NA,NA
"2002-03-04",1000.385,FALSE,NA,NA,"<= day","daily",NA,NA,NA
"2002-03-05",981.552,FALSE,NA,NA,"<= day","daily",NA,NA,NA
"2002-03-06",976.604,FALSE,NA,NA,"<= day","daily",NA,NA,NA
"2002-03-07",968.312,FALSE,NA,NA,"<= day","daily",NA,NA,NA
"2002-03-08",945.302,FALSE,NA,NA,"<= day","daily",NA,NA,NA
"2002-03-09",909.542,FALSE,NA,NA,"<= day","daily",NA,NA,NA
"2002-03-10",895.552,FALSE,NA,NA,"<= day","daily",NA,NA,NA
"2002-03-11",889.292,FALSE,NA,NA,"<= day","daily",NA,NA,NA
"2002-03-12",887.615,FALSE,NA,NA,"<= day","daily",NA,NA,NA
"2002-03-13",862.906,FALSE,NA,NA,"<= day","daily",NA,NA,NA
"2002-03-14",822.979,FALSE,NA,NA,"<= day","daily",NA,NA,NA
"2002-03-15",818.25,FALSE,NA,NA,"<= day","daily",NA,NA,NA
"2002-03-16",815.719,FALSE,NA,NA,"<= day","daily",NA,NA,NA
"2002-03-17",809.323,FALSE,NA,NA,"<= day","daily",NA,NA,NA
"2002-03-18",798.875,FALSE,NA,NA,"<= day","daily",NA,NA,NA
"2002-03-19",810.469,FALSE,NA,NA,"<= day","daily",NA,NA,NA
"2002-03-20",903.646,FALSE,NA,NA,"<= day","daily",NA,NA,NA
"2002-03-21",994.073,FALSE,NA,NA,"<= day","daily",NA,NA,NA
"2002-03-22",1050.885,FALSE,NA,NA,"<= day","daily",NA,NA,NA
"2002-03-23",1070.708,FALSE,NA,NA,"<= day","daily",NA,NA,NA
"2002-03-24",1082.302,FALSE,NA,NA,"<= day","daily",NA,NA,NA
"2002-03-25",1076.542,FALSE,NA,NA,"<= day","daily",NA,NA,NA
"2002-03-26",1059.385,FALSE,NA,NA,"<= day","daily",NA,NA,NA
"2002-03-27",1054,FALSE,NA,NA,"<= day","daily",NA,NA,NA
"2002-03-28",1056.802,FALSE,NA,NA,"<= day","daily",NA,NA,NA
"2002-03-29",1060.052,FALSE,NA,NA,"<= day","daily",NA,NA,NA
"2002-03-30",1062.656,FALSE,NA,NA,"<= day","daily",NA,NA,NA
"2002-03-31",1058.292,FALSE,NA,NA,"<= day","daily",NA,NA,NA
"2002-04-01",1055.125,FALSE,NA,NA,"<= day","daily",NA,NA,NA
"2002-04-02",1021.24,FALSE,NA,NA,"<= day","daily",NA,NA,NA
"2002-04-03",982.156,FALSE,NA,NA,"<= day","daily",NA,NA,NA
"2002-04-04",971.75,FALSE,NA,NA,"<= day","daily",NA,NA,NA
"2002-04-05",974.104,FALSE,NA,NA,"<= day","daily",NA,NA,NA
"2002-04-06",960.125,FALSE,NA,NA,"<= day","daily",NA,NA,NA
"2002-04-07",938.646,FALSE,NA,NA,"<= day","daily",NA,NA,NA
"2002-04-08",903.479,FALSE,NA,NA,"<= day","daily",NA,NA,NA
"2002-04-09",894.948,FALSE,NA,NA,"<= day","daily",NA,NA,NA
"2002-04-10",890.51,FALSE,NA,NA,"<= day","daily",NA,NA,NA
"2002-04-11",881.271,FALSE,NA,NA,"<= day","daily",NA,NA,NA
"2002-04-12",863.177,FALSE,NA,NA,"<= day","daily",NA,NA,NA
"2002-04-13",834.333,FALSE,NA,NA,"<= day","daily",NA,NA,NA
"2002-04-14",829.365,FALSE,NA,NA,"<= day","daily",NA,NA,NA
"2002-04-15",810.115,FALSE,NA,NA,"<= day","daily",NA,NA,NA
"2002-04-16",809.458,FALSE,NA,NA,"<= day","daily",NA,NA,NA
"2002-04-17",803.469,FALSE,NA,NA,"<= day","daily",NA,NA,NA
"2002-04-18",759.688,FALSE,NA,NA,"<= day","daily",NA,NA,NA
"2002-04-19",744.531,FALSE,NA,NA,"<= day","daily",NA,NA,NA
"2002-04-20",739.844,FALSE,NA,NA,"<= day","daily",NA,NA,NA
"2002-04-21",744.75,FALSE,NA,NA,"<= day","daily",NA,NA,NA
"2002-04-22",737.271,FALSE,NA,NA,"<= day","daily",NA,NA,NA
"2002-04-23",722.958,FALSE,NA,NA,"<= day","daily",NA,NA,NA
"2002-04-24",716.344,FALSE,NA,NA,"<= day","daily",NA,NA,NA
"2002-04-25",698.771,FALSE,NA,NA,"<= day","daily",NA,NA,NA
"2002-04-26",673.594,FALSE,NA,NA,"<= day","daily",NA,NA,NA
"2002-04-27",676.938,FALSE,NA,NA,"<= day","daily",NA,NA,NA
"2002-04-28",673.646,FALSE,NA,NA,"<= day","daily",NA,NA,NA
"2002-04-29",666.562,FALSE,NA,NA,"<= day","daily",NA,NA,NA
"2002-04-30",668.281,FALSE,NA,NA,"<= day","daily",NA,NA,NA
"2002-05-01",677.542,FALSE,NA,NA,"<= day","daily",NA,NA,NA
"2002-05-02",714.76,FALSE,NA,NA,"<= day","daily",NA,NA,NA
"2002-05-03",796.177,FALSE,NA,NA,"<= day","daily",NA,NA,NA
"2002-05-04",982.062,FALSE,NA,NA,"<= day","daily",NA,NA,NA
"2002-05-05",1115.698,FALSE,NA,NA,"<= day","daily",NA,NA,NA
"2002-05-06",1133.094,FALSE,NA,NA,"<= day","daily",NA,NA,NA
"2002-05-07",1136.042,FALSE,NA,NA,"<= day","daily",NA,NA,NA
"2002-05-08",1129.812,FALSE,NA,NA,"<= day","daily",NA,NA,NA
"2002-05-09",1126.875,FALSE,NA,NA,"<= day","daily",NA,NA,NA
"2002-05-10",1096.615,FALSE,NA,NA,"<= day","daily",NA,NA,NA
"2002-05-11",1085.948,FALSE,NA,NA,"<= day","daily",NA,NA,NA
"2002-05-12",1082.938,FALSE,NA,NA,"<= day","daily",NA,NA,NA
"2002-05-13",1067.833,FALSE,NA,NA,"<= day","daily",NA,NA,NA
"2002-05-14",1052.833,FALSE,NA,NA,"<= day","daily",NA,NA,NA
"2002-05-15",1030.792,FALSE,NA,NA,"<= day","daily",NA,NA,NA
"2002-05-16",983.021,FALSE,NA,NA,"<= day","daily",NA,NA,NA
"2002-05-17",963.854,FALSE,NA,NA,"<= day","daily",NA,NA,NA
"2002-05-18",966.531,FALSE,NA,NA,"<= day","daily",NA,NA,NA
"2002-05-19",966.958,FALSE,NA,NA,"<= day","daily",NA,NA,NA
"2002-05-20",944.5,FALSE,NA,NA,"<= day","daily",NA,NA,NA
"2002-05-21",904.979,FALSE,NA,NA,"<= day","daily",NA,NA,NA
"2002-05-22",898.417,FALSE,NA,NA,"<= day","daily",NA,NA,NA
"2002-05-23",886.062,FALSE,NA,NA,"<= day","daily",NA,NA,NA
"2002-05-24",892.094,FALSE,NA,NA,"<= day","daily",NA,NA,NA
"2002-05-25",887.5,FALSE,NA,NA,"<= day","daily",NA,NA,NA
"2002-05-26",893.188,FALSE,NA,NA,"<= day","daily",NA,NA,NA
"2002-05-27",891.542,FALSE,NA,NA,"<= day","daily",NA,NA,NA
"2002-05-28",886.875,FALSE,NA,NA,"<= day","daily",NA,NA,NA
"2002-05-29",854.719,FALSE,NA,NA,"<= day","daily",NA,NA,NA
"2002-05-30",815.635,FALSE,NA,NA,"<= day","daily",NA,NA,NA
"2002-05-31",807,FALSE,NA,NA,"<= day","daily",NA,NA,NA
"2002-06-01",808.656,FALSE,NA,NA,"<= day","daily",NA,NA,NA
"2002-06-02",800.74,FALSE,NA,NA,"<= day","daily",NA,NA,NA
"2002-06-03",775.24,FALSE,NA,NA,"<= day","daily",NA,NA,NA
"2002-06-04",747.51,FALSE,NA,NA,"<= day","daily",NA,NA,NA
"2002-06-05",739.5,FALSE,NA,NA,"<= day","daily",NA,NA,NA
"2002-06-06",737.344,FALSE,NA,NA,"<= day","daily",NA,NA,NA
"2002-06-07",699.906,FALSE,NA,NA,"<= day","daily",NA,NA,NA
"2002-06-08",699.531,FALSE,NA,NA,"<= day","daily",NA,NA,NA
"2002-06-09",743.885,FALSE,NA,NA,"<= day","daily",NA,NA,NA
"2002-06-10",760.5,FALSE,NA,NA,"<= day","daily",NA,NA,NA
"2002-06-11",745.823,FALSE,NA,NA,"<= day","daily",NA,NA,NA
"2002-06-12",700.281,FALSE,NA,NA,"<= day","daily",NA,NA,NA
"2002-06-13",667.833,FALSE,NA,NA,"<= day","daily",NA,NA,NA
"2002-06-14",665.073,FALSE,NA,NA,"<= day","daily",NA,NA,NA
"2002-06-15",667.021,FALSE,NA,NA,"<= day","daily",NA,NA,NA
"2002-06-16",664.594,FALSE,NA,NA,"<= day","daily",NA,NA,NA
"2002-06-17",667.969,FALSE,NA,NA,"<= day","daily",NA,NA,NA
"2002-06-18",656.646,FALSE,NA,NA,"<= day","daily",NA,NA,NA
"2002-06-19",656.938,FALSE,NA,NA,"<= day","daily",NA,NA,NA
"2002-06-20",657.188,FALSE,NA,NA,"<= day","daily",NA,NA,NA
"2002-06-21",638.521,FALSE,NA,NA,"<= day","daily",NA,NA,NA
"2002-06-22",613.01,FALSE,NA,NA,"<= day","daily",NA,NA,NA
"2002-06-23",613.281,FALSE,NA,NA,"<= day","daily",NA,NA,NA
"2002-06-24",673.677,FALSE,NA,NA,"<= day","daily",NA,NA,NA
"2002-06-25",645.958,FALSE,NA,NA,"<= day","daily",NA,NA,NA
"2002-06-26",604.656,FALSE,NA,NA,"<= day","daily",NA,NA,NA
"2002-06-27",595.25,FALSE,NA,NA,"<= day","daily",NA,NA,NA
"2002-06-28",597.979,FALSE,NA,NA,"<= day","daily",NA,NA,NA
"2002-06-29",596.75,FALSE,NA,NA,"<= day","daily",NA,NA,NA
"2002-06-30",598.25,FALSE,NA,NA,"<= day","daily",NA,NA,NA
"2002-07-01",597.094,FALSE,NA,NA,"<= day","daily",NA,NA,NA
"2002-07-02",600.844,FALSE,NA,NA,"<= day","daily",NA,NA,NA
"2002-07-03",598.604,FALSE,NA,NA,"<= day","daily",NA,NA,NA
"2002-07-04",589.396,FALSE,NA,NA,"<= day","daily",NA,NA,NA
"2002-07-05",568.979,FALSE,NA,NA,"<= day","daily",NA,NA,NA
"2002-07-06",588.958,FALSE,NA,NA,"<= day","daily",NA,NA,NA
"2002-07-07",583.833,FALSE,NA,NA,"<= day","daily",NA,NA,NA
"2002-07-08",548.802,FALSE,NA,NA,"<= day","daily",NA,NA,NA
"2002-07-09",572.323,FALSE,NA,NA,"<= day","daily",NA,NA,NA
"2002-07-10",607.688,FALSE,NA,NA,"<= day","daily",NA,NA,NA
"2002-07-11",602.844,FALSE,NA,NA,"<= day","daily",NA,NA,NA
"2002-07-12",601.5,FALSE,NA,NA,"<= day","daily",NA,NA,NA
"2002-07-13",641.5,FALSE,NA,NA,"<= day","daily",NA,NA,NA
"2002-07-14",639.073,FALSE,NA,NA,"<= day","daily",NA,NA,NA
"2002-07-15",616.323,FALSE,NA,NA,"<= day","daily",NA,NA,NA
"2002-07-16",657.167,FALSE,NA,NA,"<= day","daily",NA,NA,NA
"2002-07-17",779.25,FALSE,NA,NA,"<= day","daily",NA,NA,NA
"2002-07-18",876.938,FALSE,NA,NA,"<= day","daily",NA,NA,NA
"2002-07-19",772.51,FALSE,NA,NA,"<= day","daily",NA,NA,NA
"2002-07-20",666.302,FALSE,NA,NA,"<= day","daily",NA,NA,NA
"2002-07-21",611.312,FALSE,NA,NA,"<= day","daily",NA,NA,NA
"2002-07-22",604,FALSE,NA,NA,"<= day","daily",NA,NA,NA
"2002-07-23",604,FALSE,NA,NA,"<= day","daily",NA,NA,NA
"2002-07-24",604.573,FALSE,NA,NA,"<= day","daily",NA,NA,NA
"2002-07-25",606.146,FALSE,NA,NA,"<= day","daily",NA,NA,NA
"2002-07-26",592,FALSE,NA,NA,"<= day","daily",NA,NA,NA
"2002-07-27",584.302,FALSE,NA,NA,"<= day","daily",NA,NA,NA
"2002-07-28",571.417,FALSE,NA,NA,"<= day","daily",NA,NA,NA
"2002-07-29",552.115,FALSE,NA,NA,"<= day","daily",NA,NA,NA
"2002-07-30",584.167,FALSE,NA,NA,"<= day","daily",NA,NA,NA
"2002-07-31",692.604,FALSE,NA,NA,"<= day","daily",NA,NA,NA
"2002-08-01",780,FALSE,NA,NA,"<= day","daily",NA,NA,NA
"2002-08-02",722.5,FALSE,NA,NA,"<= day","daily",NA,NA,NA
"2002-08-03",644.99,FALSE,NA,NA,"<= day","daily",NA,NA,NA
"2002-08-04",616.177,FALSE,NA,NA,"<= day","daily",NA,NA,NA
"2002-08-05",603.25,FALSE,NA,NA,"<= day","daily",NA,NA,NA
"2002-08-06",588.969,FALSE,NA,NA,"<= day","daily",NA,NA,NA
"2002-08-07",697.073,FALSE,NA,NA,"<= day","daily",NA,NA,NA
"2002-08-08",706.01,FALSE,NA,NA,"<= day","daily",NA,NA,NA
"2002-08-09",657.052,FALSE,NA,NA,"<= day","daily",NA,NA,NA
"2002-08-10",753.844,FALSE,NA,NA,"<= day","daily",NA,NA,NA
"2002-08-11",924.312,FALSE,NA,NA,"<= day","daily",NA,NA,NA
"2002-08-12",967.76,FALSE,NA,NA,"<= day","daily",NA,NA,NA
"2002-08-13",912.438,FALSE,NA,NA,"<= day","daily",NA,NA,NA
"2002-08-14",842.635,FALSE,NA,NA,"<= day","daily",NA,NA,NA
"2002-08-15",771.708,FALSE,NA,NA,"<= day","daily",NA,NA,NA
"2002-08-16",731.417,FALSE,NA,NA,"<= day","daily",NA,NA,NA
"2002-08-17",725.312,FALSE,NA,NA,"<= day","daily",NA,NA,NA
"2002-08-18",715.198,FALSE,NA,NA,"<= day","daily",NA,NA,NA
"2002-08-19",683.479,FALSE,NA,NA,"<= day","daily",NA,NA,NA
"2002-08-20",731.823,FALSE,NA,NA,"<= day","daily",NA,NA,NA
"2002-08-21",836.198,FALSE,NA,NA,"<= day","daily",NA,NA,NA
"2002-08-22",775.729,FALSE,NA,NA,"<= day","daily",NA,NA,NA
"2002-08-23",748.094,FALSE,NA,NA,"<= day","daily",NA,NA,NA
"2002-08-24",716.604,FALSE,NA,NA,"<= day","daily",NA,NA,NA
"2002-08-25",676.031,FALSE,NA,NA,"<= day","daily",NA,NA,NA
"2002-08-26",683.24,FALSE,NA,NA,"<= day","daily",NA,NA,NA
"2002-08-27",718.104,FALSE,NA,NA,"<= day","daily",NA,NA,NA
"2002-08-28",696.271,FALSE,NA,NA,"<= day","daily",NA,NA,NA
"2002-08-29",679.635,FALSE,NA,NA,"<= day","daily",NA,NA,NA
"2002-08-30",669.833,FALSE,NA,NA,"<= day","daily",NA,NA,NA
"2002-08-31",666.354,FALSE,NA,NA,"<= day","daily",NA,NA,NA
"2002-09-01",636.146,FALSE,NA,NA,"<= day","daily",NA,NA,NA
"2002-09-02",612.385,FALSE,NA,NA,"<= day","daily",NA,NA,NA
"2002-09-03",608.771,FALSE,NA,NA,"<= day","daily",NA,NA,NA
"2002-09-04",607.5,FALSE,NA,NA,"<= day","daily",NA,NA,NA
"2002-09-05",607.927,FALSE,NA,NA,"<= day","daily",NA,NA,NA
"2002-09-06",603.75,FALSE,NA,NA,"<= day","daily",NA,NA,NA
"2002-09-07",608.396,FALSE,NA,NA,"<= day","daily",NA,NA,NA
"2002-09-08",610.677,FALSE,NA,NA,"<= day","daily",NA,NA,NA
"2002-09-09",609.094,FALSE,NA,NA,"<= day","daily",NA,NA,NA
"2002-09-10",639.875,FALSE,NA,NA,"<= day","daily",NA,NA,NA
"2002-09-11",677.583,FALSE,NA,NA,"<= day","daily",NA,NA,NA
"2002-09-12",655.458,FALSE,NA,NA,"<= day","daily",NA,NA,NA
"2002-09-13",623.25,FALSE,NA,NA,"<= day","daily",NA,NA,NA
"2002-09-14",608.99,FALSE,NA,NA,"<= day","daily",NA,NA,NA
"2002-09-15",608.5,FALSE,NA,NA,"<= day","daily",NA,NA,NA
"2002-09-16",607.271,FALSE,NA,NA,"<= day","daily",NA,NA,NA
"2002-09-17",606.656,FALSE,NA,NA,"<= day","daily",NA,NA,NA
"2002-09-18",605.552,FALSE,NA,NA,"<= day","daily",NA,NA,NA
"2002-09-19",611.5,FALSE,NA,NA,"<= day","daily",NA,NA,NA
"2002-09-20",605.927,FALSE,NA,NA,"<= day","daily",NA,NA,NA
"2002-09-21",608.323,FALSE,NA,NA,"<= day","daily",NA,NA,NA
"2002-09-22",622.75,FALSE,NA,NA,"<= day","daily",NA,NA,NA
"2002-09-23",719.167,FALSE,NA,NA,"<= day","daily",NA,NA,NA
"2002-09-24",792.771,FALSE,NA,NA,"<= day","daily",NA,NA,NA
"2002-09-25",909.104,FALSE,NA,NA,"<= day","daily",NA,NA,NA
"2002-09-26",972.885,FALSE,NA,NA,"<= day","daily",NA,NA,NA
"2002-09-27",920.323,FALSE,NA,NA,"<= day","daily",NA,NA,NA
"2002-09-28",857.156,FALSE,NA,NA,"<= day","daily",NA,NA,NA
"2002-09-29",820.948,FALSE,NA,NA,"<= day","daily",NA,NA,NA
"2002-09-30",798.604,FALSE,NA,NA,"<= day","daily",NA,NA,NA
"2002-10-01",781.24,FALSE,NA,NA,"<= day","daily",NA,NA,NA
"2002-10-02",745.396,FALSE,NA,NA,"<= day","daily",NA,NA,NA
"2002-10-03",745.438,FALSE,NA,NA,"<= day","daily",NA,NA,NA
"2002-10-04",744.062,FALSE,NA,NA,"<= day","daily",NA,NA,NA
"2002-10-05",745.646,FALSE,NA,NA,"<= day","daily",NA,NA,NA
"2002-10-06",778.146,FALSE,NA,NA,"<= day","daily",NA,NA,NA
"2002-10-07",809.229,FALSE,NA,NA,"<= day","daily",NA,NA,NA
"2002-10-08",763.354,FALSE,NA,NA,"<= day","daily",NA,NA,NA
"2002-10-09",742.688,FALSE,NA,NA,"<= day","daily",NA,NA,NA
"2002-10-10",739.094,FALSE,NA,NA,"<= day","daily",NA,NA,NA
"2002-10-11",742.844,FALSE,NA,NA,"<= day","daily",NA,NA,NA
"2002-10-12",741.062,FALSE,NA,NA,"<= day","daily",NA,NA,NA
"2002-10-13",739.094,FALSE,NA,NA,"<= day","daily",NA,NA,NA
"2002-10-14",742.844,FALSE,NA,NA,"<= day","daily",NA,NA,NA
"2002-10-15",741.406,FALSE,NA,NA,"<= day","daily",NA,NA,NA
"2002-10-16",750.396,FALSE,NA,NA,"<= day","daily",NA,NA,NA
"2002-10-17",814.417,FALSE,NA,NA,"<= day","daily",NA,NA,NA
"2002-10-18",846.948,FALSE,NA,NA,"<= day","daily",NA,NA,NA
"2002-10-19",882.521,FALSE,NA,NA,"<= day","daily",NA,NA,NA
"2002-10-20",889.562,FALSE,NA,NA,"<= day","daily",NA,NA,NA
"2002-10-21",883.562,FALSE,NA,NA,"<= day","daily",NA,NA,NA
"2002-10-22",886.083,FALSE,NA,NA,"<= day","daily",NA,NA,NA
"2002-10-23",896.24,FALSE,NA,NA,"<= day","daily",NA,NA,NA
"2002-10-24",897.656,FALSE,NA,NA,"<= day","daily",NA,NA,NA
"2002-10-25",906.406,FALSE,NA,NA,"<= day","daily",NA,NA,NA
"2002-10-26",985.104,FALSE,NA,NA,"<= day","daily",NA,NA,NA
"2002-10-27",1039.562,FALSE,NA,NA,"<= day","daily",NA,NA,NA
"2002-10-28",1010.49,FALSE,NA,NA,"<= day","daily",NA,NA,NA
"2002-10-29",975.74,FALSE,NA,NA,"<= day","daily",NA,NA,NA
"2002-10-30",973,FALSE,NA,NA,"<= day","daily",NA,NA,NA
"2002-10-31",971.688,FALSE,NA,NA,"<= day","daily",NA,NA,NA
"2002-11-01",978.302,FALSE,NA,NA,"<= day","daily",NA,NA,NA
"2002-11-02",977.75,FALSE,NA,NA,"<= day","daily",NA,NA,NA
"2002-11-03",988.417,FALSE,NA,NA,"<= day","daily",NA,NA,NA
"2002-11-04",1046.917,FALSE,NA,NA,"<= day","daily",NA,NA,NA
"2002-11-05",1057.99,FALSE,NA,NA,"<= day","daily",NA,NA,NA
"2002-11-06",1048.354,FALSE,NA,NA,"<= day","daily",NA,NA,NA
"2002-11-07",1048.542,FALSE,NA,NA,"<= day","daily",NA,NA,NA
"2002-11-08",1042.281,FALSE,NA,NA,"<= day","daily",NA,NA,NA
"2002-11-09",1038.469,FALSE,NA,NA,"<= day","daily",NA,NA,NA
"2002-11-10",1054.823,FALSE,NA,NA,"<= day","daily",NA,NA,NA
"2002-11-11",1064.198,FALSE,NA,NA,"<= day","daily",NA,NA,NA
"2002-11-12",1071.5,FALSE,NA,NA,"<= day","daily",NA,NA,NA
"2002-11-13",1064.896,FALSE,NA,NA,"<= day","daily",NA,NA,NA
"2002-11-14",1071.427,FALSE,NA,NA,"<= day","daily",NA,NA,NA
"2002-11-15",1150.156,FALSE,NA,NA,"<= day","daily",NA,NA,NA
"2002-11-16",1215.177,FALSE,NA,NA,"<= day","daily",NA,NA,NA
"2002-11-17",1221.948,FALSE,NA,NA,"<= day","daily",NA,NA,NA
"2002-11-18",1219.344,FALSE,NA,NA,"<= day","daily",NA,NA,NA
"2002-11-19",1223.708,FALSE,NA,NA,"<= day","daily",NA,NA,NA
"2002-11-20",1223.208,FALSE,NA,NA,"<= day","daily",NA,NA,NA
"2002-11-21",1227.25,FALSE,NA,NA,"<= day","daily",NA,NA,NA
"2002-11-22",1222.49,FALSE,NA,NA,"<= day","daily",NA,NA,NA
"2002-11-23",1219,FALSE,NA,NA,"<= day","daily",NA,NA,NA
"2002-11-24",1221.802,FALSE,NA,NA,"<= day","daily",NA,NA,NA
"2002-11-25",1225.396,FALSE,NA,NA,"<= day","daily",NA,NA,NA
"2002-11-26",1230.25,FALSE,NA,NA,"<= day","daily",NA,NA,NA
"2002-11-27",1225.604,FALSE,NA,NA,"<= day","daily",NA,NA,NA
"2002-11-28",1222.75,FALSE,NA,NA,"<= day","daily",NA,NA,NA
"2002-11-29",1224.594,FALSE,NA,NA,"<= day","daily",NA,NA,NA
"2002-11-30",1225,FALSE,NA,NA,"<= day","daily",NA,NA,NA
"2002-12-01",1225,FALSE,NA,NA,"<= day","daily",NA,NA,NA
"2002-12-02",1224.656,FALSE,NA,NA,"<= day","daily",NA,NA,NA
"2002-12-03",1219.656,FALSE,NA,NA,"<= day","daily",NA,NA,NA
"2002-12-04",1197.125,FALSE,NA,NA,"<= day","daily",NA,NA,NA
"2002-12-05",1164.125,FALSE,NA,NA,"<= day","daily",NA,NA,NA
"2002-12-06",1142.396,FALSE,NA,NA,"<= day","daily",NA,NA,NA
"2002-12-07",1144.812,FALSE,NA,NA,"<= day","daily",NA,NA,NA
"2002-12-08",1134.854,FALSE,NA,NA,"<= day","daily",NA,NA,NA
"2002-12-09",1133.75,FALSE,NA,NA,"<= day","daily",NA,NA,NA
"2002-12-10",1110.229,FALSE,NA,NA,"<= day","daily",NA,NA,NA
"2002-12-11",1092.906,FALSE,NA,NA,"<= day","daily",NA,NA,NA
"2002-12-12",1078.479,FALSE,NA,NA,"<= day","daily",NA,NA,NA
"2002-12-13",1052,FALSE,NA,NA,"<= day","daily",NA,NA,NA
"2002-12-14",1055.51,FALSE,NA,NA,"<= day","daily",NA,NA,NA
"2002-12-15",1057.802,FALSE,NA,NA,"<= day","daily",NA,NA,NA
"2002-12-16",1057.781,FALSE,NA,NA,"<= day","daily",NA,NA,NA
"2002-12-17",1019.531,FALSE,NA,NA,"<= day","daily",NA,NA,NA
"2002-12-18",982.896,FALSE,NA,NA,"<= day","daily",NA,NA,NA
"2002-12-19",978.906,FALSE,NA,NA,"<= day","daily",NA,NA,NA
"2002-12-20",971.719,FALSE,NA,NA,"<= day","daily",NA,NA,NA
"2002-12-21",948.021,FALSE,NA,NA,"<= day","daily",NA,NA,NA
"2002-12-22",935.479,FALSE,NA,NA,"<= day","daily",NA,NA,NA
"2002-12-23",988.719,FALSE,NA,NA,"<= day","daily",NA,NA,NA
"2002-12-24",1007.042,FALSE,NA,NA,"<= day","daily",NA,NA,NA
"2002-12-25",994.75,FALSE,NA,NA,"<= day","daily",NA,NA,NA
"2002-12-26",985.865,FALSE,NA,NA,"<= day","daily",NA,NA,NA
"2002-12-27",973.906,FALSE,NA,NA,"<= day","daily",NA,NA,NA
"2002-12-28",981.646,FALSE,NA,NA,"<= day","daily",NA,NA,NA
"2002-12-29",979.854,FALSE,NA,NA,"<= day","daily",NA,NA,NA
"2002-12-30",976.302,FALSE,NA,NA,"<= day","daily",NA,NA,NA
"2002-12-31",984.896,FALSE,NA,NA,"<= day","daily",NA,NA,NA
"2003-01-01",987.5,FALSE,NA,NA,"<= day","daily",NA,NA,NA
"2003-01-02",1020.75,FALSE,NA,NA,"<= day","daily",NA,NA,NA
"2003-01-03",1115.708,FALSE,NA,NA,"<= day","daily",NA,NA,NA
"2003-01-04",1163.167,FALSE,NA,NA,"<= day","daily",NA,NA,NA
"2003-01-05",1221.771,FALSE,NA,NA,"<= day","daily",NA,NA,NA
"2003-01-06",1228.948,FALSE,NA,NA,"<= day","daily",NA,NA,NA
"2003-01-07",1226,FALSE,NA,NA,"<= day","daily",NA,NA,NA
"2003-01-08",1227.198,FALSE,NA,NA,"<= day","daily",NA,NA,NA
"2003-01-09",1219.948,FALSE,NA,NA,"<= day","daily",NA,NA,NA
"2003-01-10",1221,FALSE,NA,NA,"<= day","daily",NA,NA,NA
"2003-01-11",1218.542,FALSE,NA,NA,"<= day","daily",NA,NA,NA
"2003-01-12",1217.198,FALSE,NA,NA,"<= day","daily",NA,NA,NA
"2003-01-13",1205.99,FALSE,NA,NA,"<= day","daily",NA,NA,NA
"2003-01-14",1164.781,FALSE,NA,NA,"<= day","daily",NA,NA,NA
"2003-01-15",1149.146,FALSE,NA,NA,"<= day","daily",NA,NA,NA
"2003-01-16",1142.771,FALSE,NA,NA,"<= day","daily",NA,NA,NA
"2003-01-17",1126.26,FALSE,NA,NA,"<= day","daily",NA,NA,NA
"2003-01-18",1130.99,FALSE,NA,NA,"<= day","daily",NA,NA,NA
"2003-01-19",1134.938,FALSE,NA,NA,"<= day","daily",NA,NA,NA
"2003-01-20",1138.052,FALSE,NA,NA,"<= day","daily",NA,NA,NA
"2003-01-21",1139.854,FALSE,NA,NA,"<= day","daily",NA,NA,NA
"2003-01-22",1135.052,FALSE,NA,NA,"<= day","daily",NA,NA,NA
"2003-01-23",1172.062,FALSE,NA,NA,"<= day","daily",NA,NA,NA
"2003-01-24",1212.365,FALSE,NA,NA,"<= day","daily",NA,NA,NA
"2003-01-25",1221,FALSE,NA,NA,"<= day","daily",NA,NA,NA
"2003-01-26",1218.198,FALSE,NA,NA,"<= day","daily",NA,NA,NA
"2003-01-27",1212.885,FALSE,NA,NA,"<= day","daily",NA,NA,NA
"2003-01-28",1198.844,FALSE,NA,NA,"<= day","daily",NA,NA,NA
"2003-01-29",1216.219,FALSE,NA,NA,"<= day","daily",NA,NA,NA
"2003-01-30",1224.833,FALSE,NA,NA,"<= day","daily",NA,NA,NA
"2003-01-31",1187.531,FALSE,NA,NA,"<= day","daily",NA,NA,NA
"2003-02-01",1150.552,FALSE,NA,NA,"<= day","daily",NA,NA,NA
"2003-02-02",1146.948,FALSE,NA,NA,"<= day","daily",NA,NA,NA
"2003-02-03",1167.719,FALSE,NA,NA,"<= day","daily",NA,NA,NA
"2003-02-04",1223.323,FALSE,NA,NA,"<= day","daily",NA,NA,NA
"2003-02-05",1236.906,FALSE,NA,NA,"<= day","daily",NA,NA,NA
"2003-02-06",1229.896,FALSE,NA,NA,"<= day","daily",NA,NA,NA
"2003-02-07",1224.396,FALSE,NA,NA,"<= day","daily",NA,NA,NA
"2003-02-08",1216.698,FALSE,NA,NA,"<= day","daily",NA,NA,NA
"2003-02-09",1218.854,FALSE,NA,NA,"<= day","daily",NA,NA,NA
"2003-02-10",1217.198,FALSE,NA,NA,"<= day","daily",NA,NA,NA
"2003-02-11",1142.135,FALSE,NA,NA,"<= day","daily",NA,NA,NA
"2003-02-12",1070.354,FALSE,NA,NA,"<= day","daily",NA,NA,NA
"2003-02-13",1057.406,FALSE,NA,NA,"<= day","daily",NA,NA,NA
"2003-02-14",1057.344,FALSE,NA,NA,"<= day","daily",NA,NA,NA
"2003-02-15",1059.594,FALSE,NA,NA,"<= day","daily",NA,NA,NA
"2003-02-16",1060,FALSE,NA,NA,"<= day","daily",NA,NA,NA
"2003-02-17",1059.656,FALSE,NA,NA,"<= day","daily",NA,NA,NA
"2003-02-18",1052.479,FALSE,NA,NA,"<= day","daily",NA,NA,NA
"2003-02-19",1018.219,FALSE,NA,NA,"<= day","daily",NA,NA,NA
"2003-02-20",999.26,FALSE,NA,NA,"<= day","daily",NA,NA,NA
"2003-02-21",979.771,FALSE,NA,NA,"<= day","daily",NA,NA,NA
"2003-02-22",974.75,FALSE,NA,NA,"<= day","daily",NA,NA,NA
"2003-02-23",976.938,FALSE,NA,NA,"<= day","daily",NA,NA,NA
"2003-02-24",978.104,FALSE,NA,NA,"<= day","daily",NA,NA,NA
"2003-02-25",966.469,FALSE,NA,NA,"<= day","daily",NA,NA,NA
"2003-02-26",945.927,FALSE,NA,NA,"<= day","daily",NA,NA,NA
"2003-02-27",917.438,FALSE,NA,NA,"<= day","daily",NA,NA,NA
"2003-02-28",906.562,FALSE,NA,NA,"<= day","daily",NA,NA,NA
"2003-03-01",906.104,FALSE,NA,NA,"<= day","daily",NA,NA,NA
"2003-03-02",897.104,FALSE,NA,NA,"<= day","daily",NA,NA,NA
"2003-03-03",897.938,FALSE,NA,NA,"<= day","daily",NA,NA,NA
"2003-03-04",900.25,FALSE,NA,NA,"<= day","daily",NA,NA,NA
"2003-03-05",898.75,FALSE,NA,NA,"<= day","daily",NA,NA,NA
"2003-03-06",900.25,FALSE,NA,NA,"<= day","daily",NA,NA,NA
"2003-03-07",896.115,FALSE,NA,NA,"<= day","daily",NA,NA,NA
"2003-03-08",878.531,FALSE,NA,NA,"<= day","daily",NA,NA,NA
"2003-03-09",858.135,FALSE,NA,NA,"<= day","daily",NA,NA,NA
"2003-03-10",831.917,FALSE,NA,NA,"<= day","daily",NA,NA,NA
"2003-03-11",820.812,FALSE,NA,NA,"<= day","daily",NA,NA,NA
"2003-03-12",822.458,FALSE,NA,NA,"<= day","daily",NA,NA,NA
"2003-03-13",831.938,FALSE,NA,NA,"<= day","daily",NA,NA,NA
"2003-03-14",894.219,FALSE,NA,NA,"<= day","daily",NA,NA,NA
"2003-03-15",925.75,FALSE,NA,NA,"<= day","daily",NA,NA,NA
"2003-03-16",905.125,FALSE,NA,NA,"<= day","daily",NA,NA,NA
"2003-03-17",898.75,FALSE,NA,NA,"<= day","daily",NA,NA,NA
"2003-03-18",900.594,FALSE,NA,NA,"<= day","daily",NA,NA,NA
"2003-03-19",900.656,FALSE,NA,NA,"<= day","daily",NA,NA,NA
"2003-03-20",898.062,FALSE,NA,NA,"<= day","daily",NA,NA,NA
"2003-03-21",895.75,FALSE,NA,NA,"<= day","daily",NA,NA,NA
"2003-03-22",897.25,FALSE,NA,NA,"<= day","daily",NA,NA,NA
"2003-03-23",895.75,FALSE,NA,NA,"<= day","daily",NA,NA,NA
"2003-03-24",897.938,FALSE,NA,NA,"<= day","daily",NA,NA,NA
"2003-03-25",899.906,FALSE,NA,NA,"<= day","daily",NA,NA,NA
"2003-03-26",896.5,FALSE,NA,NA,"<= day","daily",NA,NA,NA
"2003-03-27",895.719,FALSE,NA,NA,"<= day","daily",NA,NA,NA
"2003-03-28",866.938,FALSE,NA,NA,"<= day","daily",NA,NA,NA
"2003-03-29",857.115,FALSE,NA,NA,"<= day","daily",NA,NA,NA
"2003-03-30",846.177,FALSE,NA,NA,"<= day","daily",NA,NA,NA
"2003-03-31",866.76,FALSE,NA,NA,"<= day","daily",NA,NA,NA
"2003-04-01",837.969,FALSE,NA,NA,"<= day","daily",NA,NA,NA
"2003-04-02",866.5,FALSE,NA,NA,"<= day","daily",NA,NA,NA
"2003-04-03",885.479,FALSE,NA,NA,"<= day","daily",NA,NA,NA
"2003-04-04",832.698,FALSE,NA,NA,"<= day","daily",NA,NA,NA
"2003-04-05",820.344,FALSE,NA,NA,"<= day","daily",NA,NA,NA
"2003-04-06",824.708,FALSE,NA,NA,"<= day","daily",NA,NA,NA
"2003-04-07",822.604,FALSE,NA,NA,"<= day","daily",NA,NA,NA
"2003-04-08",815.802,FALSE,NA,NA,"<= day","daily",NA,NA,NA
"2003-04-09",807.812,FALSE,NA,NA,"<= day","daily",NA,NA,NA
"2003-04-10",804.188,FALSE,NA,NA,"<= day","daily",NA,NA,NA
"2003-04-11",770.229,FALSE,NA,NA,"<= day","daily",NA,NA,NA
"2003-04-12",764,FALSE,NA,NA,"<= day","daily",NA,NA,NA
"2003-04-13",764,FALSE,NA,NA,"<= day","daily",NA,NA,NA
"2003-04-14",762.052,FALSE,NA,NA,"<= day","daily",NA,NA,NA
"2003-04-15",748.615,FALSE,NA,NA,"<= day","daily",NA,NA,NA
"2003-04-16",742.156,FALSE,NA,NA,"<= day","daily",NA,NA,NA
"2003-04-17",742.562,FALSE,NA,NA,"<= day","daily",NA,NA,NA
"2003-04-18",723.844,FALSE,NA,NA,"<= day","daily",NA,NA,NA
"2003-04-19",645.979,FALSE,NA,NA,"<= day","daily",NA,NA,NA
"2003-04-20",663.062,FALSE,NA,NA,"<= day","daily",NA,NA,NA
"2003-04-21",689.208,FALSE,NA,NA,"<= day","daily",NA,NA,NA
"2003-04-22",699.875,FALSE,NA,NA,"<= day","daily",NA,NA,NA
"2003-04-23",744.875,FALSE,NA,NA,"<= day","daily",NA,NA,NA
"2003-04-24",751.281,FALSE,NA,NA,"<= day","daily",NA,NA,NA
"2003-04-25",739.688,FALSE,NA,NA,"<= day","daily",NA,NA,NA
"2003-04-26",737.469,FALSE,NA,NA,"<= day","daily",NA,NA,NA
"2003-04-27",750.562,FALSE,NA,NA,"<= day","daily",NA,NA,NA
"2003-04-28",754.26,FALSE,NA,NA,"<= day","daily",NA,NA,NA
"2003-04-29",762.51,FALSE,NA,NA,"<= day","daily",NA,NA,NA
"2003-04-30",755.865,FALSE,NA,NA,"<= day","daily",NA,NA,NA
"2003-05-01",702.615,FALSE,NA,NA,"<= day","daily",NA,NA,NA
"2003-05-02",693,FALSE,NA,NA,"<= day","daily",NA,NA,NA
"2003-05-03",693,FALSE,NA,NA,"<= day","daily",NA,NA,NA
"2003-05-04",693,FALSE,NA,NA,"<= day","daily",NA,NA,NA
"2003-05-05",693,FALSE,NA,NA,"<= day","daily",NA,NA,NA
"2003-05-06",693,FALSE,NA,NA,"<= day","daily",NA,NA,NA
"2003-05-07",693,FALSE,NA,NA,"<= day","daily",NA,NA,NA
"2003-05-08",690.479,FALSE,NA,NA,"<= day","daily",NA,NA,NA
"2003-05-09",668.938,FALSE,NA,NA,"<= day","daily",NA,NA,NA
"2003-05-10",632.958,FALSE,NA,NA,"<= day","daily",NA,NA,NA
"2003-05-11",627,FALSE,NA,NA,"<= day","daily",NA,NA,NA
"2003-05-12",625.854,FALSE,NA,NA,"<= day","daily",NA,NA,NA
"2003-05-13",617.781,FALSE,NA,NA,"<= day","daily",NA,NA,NA
"2003-05-14",611.531,FALSE,NA,NA,"<= day","daily",NA,NA,NA
"2003-05-15",604.5,FALSE,NA,NA,"<= day","daily",NA,NA,NA
"2003-05-16",610.073,FALSE,NA,NA,"<= day","daily",NA,NA,NA
"2003-05-17",602.979,FALSE,NA,NA,"<= day","daily",NA,NA,NA
"2003-05-18",571.552,FALSE,NA,NA,"<= day","daily",NA,NA,NA
"2003-05-19",567.49,FALSE,NA,NA,"<= day","daily",NA,NA,NA
"2003-05-20",582.74,FALSE,NA,NA,"<= day","daily",NA,NA,NA
"2003-05-21",620.5,FALSE,NA,NA,"<= day","daily",NA,NA,NA
"2003-05-22",623.906,FALSE,NA,NA,"<= day","daily",NA,NA,NA
"2003-05-23",601.135,FALSE,NA,NA,"<= day","daily",NA,NA,NA
"2003-05-24",582.125,FALSE,NA,NA,"<= day","daily",NA,NA,NA
"2003-05-25",583.094,FALSE,NA,NA,"<= day","daily",NA,NA,NA
"2003-05-26",560.052,FALSE,NA,NA,"<= day","daily",NA,NA,NA
"2003-05-27",548.927,FALSE,NA,NA,"<= day","daily",NA,NA,NA
"2003-05-28",551.552,FALSE,NA,NA,"<= day","daily",NA,NA,NA
"2003-05-29",556.708,FALSE,NA,NA,"<= day","daily",NA,NA,NA
"2003-05-30",572.698,FALSE,NA,NA,"<= day","daily",NA,NA,NA
"2003-05-31",552.042,FALSE,NA,NA,"<= day","daily",NA,NA,NA
"2003-06-01",550.177,FALSE,NA,NA,"<= day","daily",NA,NA,NA
"2003-06-02",543.698,FALSE,NA,NA,"<= day","daily",NA,NA,NA
"2003-06-03",544.823,FALSE,NA,NA,"<= day","daily",NA,NA,NA
"2003-06-04",545.24,FALSE,NA,NA,"<= day","daily",NA,NA,NA
"2003-06-05",534.958,FALSE,NA,NA,"<= day","daily",NA,NA,NA
"2003-06-06",528.292,FALSE,NA,NA,"<= day","daily",NA,NA,NA
"2003-06-07",530.625,FALSE,NA,NA,"<= day","daily",NA,NA,NA
"2003-06-08",536.177,FALSE,NA,NA,"<= day","daily",NA,NA,NA
"2003-06-09",525.865,FALSE,NA,NA,"<= day","daily",NA,NA,NA
"2003-06-10",516.76,FALSE,NA,NA,"<= day","daily",NA,NA,NA
"2003-06-11",511.281,FALSE,NA,NA,"<= day","daily",NA,NA,NA
"2003-06-12",506.042,FALSE,NA,NA,"<= day","daily",NA,NA,NA
"2003-06-13",529.062,FALSE,NA,NA,"<= day","daily",NA,NA,NA
"2003-06-14",541.74,FALSE,NA,NA,"<= day","daily",NA,NA,NA
"2003-06-15",540.604,FALSE,NA,NA,"<= day","daily",NA,NA,NA
"2003-06-16",509.521,FALSE,NA,NA,"<= day","daily",NA,NA,NA
"2003-06-17",484.625,FALSE,NA,NA,"<= day","daily",NA,NA,NA
"2003-06-18",531.083,FALSE,NA,NA,"<= day","daily",NA,NA,NA
"2003-06-19",513.656,FALSE,NA,NA,"<= day","daily",NA,NA,NA
"2003-06-20",496.302,FALSE,NA,NA,"<= day","daily",NA,NA,NA
"2003-06-21",494.573,FALSE,NA,NA,"<= day","daily",NA,NA,NA
"2003-06-22",496.604,FALSE,NA,NA,"<= day","daily",NA,NA,NA
"2003-06-23",487.521,FALSE,NA,NA,"<= day","daily",NA,NA,NA
"2003-06-24",492.948,FALSE,NA,NA,"<= day","daily",NA,NA,NA
"2003-06-25",481.198,FALSE,NA,NA,"<= day","daily",NA,NA,NA
"2003-06-26",487.094,FALSE,NA,NA,"<= day","daily",NA,NA,NA
"2003-06-27",481.354,FALSE,NA,NA,"<= day","daily",NA,NA,NA
"2003-06-28",478.51,FALSE,NA,NA,"<= day","daily",NA,NA,NA
"2003-06-29",469.104,FALSE,NA,NA,"<= day","daily",NA,NA,NA
"2003-06-30",474.292,FALSE,NA,NA,"<= day","daily",NA,NA,NA
"2003-07-01",505.677,FALSE,NA,NA,"<= day","daily",NA,NA,NA
"2003-07-02",511.354,FALSE,NA,NA,"<= day","daily",NA,NA,NA
"2003-07-03",501.365,FALSE,NA,NA,"<= day","daily",NA,NA,NA
"2003-07-04",489.427,FALSE,NA,NA,"<= day","daily",NA,NA,NA
"2003-07-05",476.042,FALSE,NA,NA,"<= day","daily",NA,NA,NA
"2003-07-06",481.24,FALSE,NA,NA,"<= day","daily",NA,NA,NA
"2003-07-07",461.635,FALSE,NA,NA,"<= day","daily",NA,NA,NA
"2003-07-08",440.479,FALSE,NA,NA,"<= day","daily",NA,NA,NA
"2003-07-09",435.406,FALSE,NA,NA,"<= day","daily",NA,NA,NA
"2003-07-10",410.833,FALSE,NA,NA,"<= day","daily",NA,NA,NA
"2003-07-11",386.885,FALSE,NA,NA,"<= day","daily",NA,NA,NA
"2003-07-12",385.188,FALSE,NA,NA,"<= day","daily",NA,NA,NA
"2003-07-13",388.573,FALSE,NA,NA,"<= day","daily",NA,NA,NA
"2003-07-14",389.865,FALSE,NA,NA,"<= day","daily",NA,NA,NA
"2003-07-15",389.656,FALSE,NA,NA,"<= day","daily",NA,NA,NA
"2003-07-16",388.896,FALSE,NA,NA,"<= day","daily",NA,NA,NA
"2003-07-17",398.01,FALSE,NA,NA,"<= day","daily",NA,NA,NA
"2003-07-18",396.438,FALSE,NA,NA,"<= day","daily",NA,NA,NA
"2003-07-19",384.51,FALSE,NA,NA,"<= day","daily",NA,NA,NA
"2003-07-20",384.823,FALSE,NA,NA,"<= day","daily",NA,NA,NA
"2003-07-21",385.927,FALSE,NA,NA,"<= day","daily",NA,NA,NA
"2003-07-22",380.719,FALSE,NA,NA,"<= day","daily",NA,NA,NA
"2003-07-23",378.385,FALSE,NA,NA,"<= day","daily",NA,NA,NA
"2003-07-24",378.177,FALSE,NA,NA,"<= day","daily",NA,NA,NA
"2003-07-25",373.469,FALSE,NA,NA,"<= day","daily",NA,NA,NA
"2003-07-26",372.01,FALSE,NA,NA,"<= day","daily",NA,NA,NA
"2003-07-27",385.312,FALSE,NA,NA,"<= day","daily",NA,NA,NA
"2003-07-28",406.031,FALSE,NA,NA,"<= day","daily",NA,NA,NA
"2003-07-29",393.74,FALSE,NA,NA,"<= day","daily",NA,NA,NA
"2003-07-30",380.885,FALSE,NA,NA,"<= day","daily",NA,NA,NA
"2003-07-31",389.625,FALSE,NA,NA,"<= day","daily",NA,NA,NA
"2003-08-01",388.031,FALSE,NA,NA,"<= day","daily",NA,NA,NA
"2003-08-02",377.823,FALSE,NA,NA,"<= day","daily",NA,NA,NA
"2003-08-03",370.49,FALSE,NA,NA,"<= day","daily",NA,NA,NA
"2003-08-04",365.052,FALSE,NA,NA,"<= day","daily",NA,NA,NA
"2003-08-05",356.25,FALSE,NA,NA,"<= day","daily",NA,NA,NA
"2003-08-06",364.24,FALSE,NA,NA,"<= day","daily",NA,NA,NA
"2003-08-07",365.542,FALSE,NA,NA,"<= day","daily",NA,NA,NA
"2003-08-08",362.198,FALSE,NA,NA,"<= day","daily",NA,NA,NA
"2003-08-09",360.208,FALSE,NA,NA,"<= day","daily",NA,NA,NA
"2003-08-10",363.677,FALSE,NA,NA,"<= day","daily",NA,NA,NA
"2003-08-11",356.542,FALSE,NA,NA,"<= day","daily",NA,NA,NA
"2003-08-12",359.771,FALSE,NA,NA,"<= day","daily",NA,NA,NA
"2003-08-13",352.896,FALSE,NA,NA,"<= day","daily",NA,NA,NA
"2003-08-14",350.375,FALSE,NA,NA,"<= day","daily",NA,NA,NA
"2003-08-15",360.115,FALSE,NA,NA,"<= day","daily",NA,NA,NA
"2003-08-16",350.688,FALSE,NA,NA,"<= day","daily",NA,NA,NA
"2003-08-17",348.01,FALSE,NA,NA,"<= day","daily",NA,NA,NA
"2003-08-18",356.844,FALSE,NA,NA,"<= day","daily",NA,NA,NA
"2003-08-19",349.573,FALSE,NA,NA,"<= day","daily",NA,NA,NA
"2003-08-20",342.427,FALSE,NA,NA,"<= day","daily",NA,NA,NA
"2003-08-21",343.594,FALSE,NA,NA,"<= day","daily",NA,NA,NA
"2003-08-22",344,FALSE,NA,NA,"<= day","daily",NA,NA,NA
"2003-08-23",343.312,FALSE,NA,NA,"<= day","daily",NA,NA,NA
"2003-08-24",338.812,FALSE,NA,NA,"<= day","daily",NA,NA,NA
"2003-08-25",337.771,FALSE,NA,NA,"<= day","daily",NA,NA,NA
"2003-08-26",336.844,FALSE,NA,NA,"<= day","daily",NA,NA,NA
"2003-08-27",340.208,FALSE,NA,NA,"<= day","daily",NA,NA,NA
"2003-08-28",341.281,FALSE,NA,NA,"<= day","daily",NA,NA,NA
"2003-08-29",349.562,FALSE,NA,NA,"<= day","daily",NA,NA,NA
"2003-08-30",352.906,FALSE,NA,NA,"<= day","daily",NA,NA,NA
"2003-08-31",331.75,FALSE,NA,NA,"<= day","daily",NA,NA,NA
"2003-09-01",354.062,FALSE,NA,NA,"<= day","daily",NA,NA,NA
"2003-09-02",364.052,FALSE,NA,NA,"<= day","daily",NA,NA,NA
"2003-09-03",362.823,FALSE,NA,NA,"<= day","daily",NA,NA,NA
"2003-09-04",347.312,FALSE,NA,NA,"<= day","daily",NA,NA,NA
"2003-09-05",333.281,FALSE,NA,NA,"<= day","daily",NA,NA,NA
"2003-09-06",310.906,FALSE,NA,NA,"<= day","daily",NA,NA,NA
"2003-09-07",310.729,FALSE,NA,NA,"<= day","daily",NA,NA,NA
"2003-09-08",329.156,FALSE,NA,NA,"<= day","daily",NA,NA,NA
"2003-09-09",327.479,FALSE,NA,NA,"<= day","daily",NA,NA,NA
"2003-09-10",314.125,FALSE,NA,NA,"<= day","daily",NA,NA,NA
"2003-09-11",312.865,FALSE,NA,NA,"<= day","daily",NA,NA,NA
"2003-09-12",294.792,FALSE,NA,NA,"<= day","daily",NA,NA,NA
"2003-09-13",308.927,FALSE,NA,NA,"<= day","daily",NA,NA,NA
"2003-09-14",305.865,FALSE,NA,NA,"<= day","daily",NA,NA,NA
"2003-09-15",294.021,FALSE,NA,NA,"<= day","daily",NA,NA,NA
"2003-09-16",301.823,FALSE,NA,NA,"<= day","daily",NA,NA,NA
"2003-09-17",296.469,FALSE,NA,NA,"<= day","daily",NA,NA,NA
"2003-09-18",296.323,FALSE,NA,NA,"<= day","daily",NA,NA,NA
"2003-09-19",299.344,FALSE,NA,NA,"<= day","daily",NA,NA,NA
"2003-09-20",299.365,FALSE,NA,NA,"<= day","daily",NA,NA,NA
"2003-09-21",299.927,FALSE,NA,NA,"<= day","daily",NA,NA,NA
"2003-09-22",295.177,FALSE,NA,NA,"<= day","daily",NA,NA,NA
"2003-09-23",295.5,FALSE,NA,NA,"<= day","daily",NA,NA,NA
"2003-09-24",293.125,FALSE,NA,NA,"<= day","daily",NA,NA,NA
"2003-09-25",285.698,FALSE,NA,NA,"<= day","daily",NA,NA,NA
"2003-09-26",287.396,FALSE,NA,NA,"<= day","daily",NA,NA,NA
"2003-09-27",292.708,FALSE,NA,NA,"<= day","daily",NA,NA,NA
"2003-09-28",290.948,FALSE,NA,NA,"<= day","daily",NA,NA,NA
"2003-09-29",286.854,FALSE,NA,NA,"<= day","daily",NA,NA,NA
"2003-09-30",281.354,FALSE,NA,NA,"<= day","daily",NA,NA,NA
"2003-10-01",282.927,FALSE,NA,NA,"<= day","daily",NA,NA,NA
"2003-10-02",317.635,FALSE,NA,NA,"<= day","daily",NA,NA,NA
"2003-10-03",324,FALSE,NA,NA,"<= day","daily",NA,NA,NA
"2003-10-04",324,FALSE,NA,NA,"<= day","daily",NA,NA,NA
"2003-10-05",324,FALSE,NA,NA,"<= day","daily",NA,NA,NA
"2003-10-06",324.115,FALSE,NA,NA,"<= day","daily",NA,NA,NA
"2003-10-07",330.823,FALSE,NA,NA,"<= day","daily",NA,NA,NA
"2003-10-08",361.135,FALSE,NA,NA,"<= day","daily",NA,NA,NA
"2003-10-09",304.583,FALSE,NA,NA,"<= day","daily",NA,NA,NA
"2003-10-10",257.167,FALSE,NA,NA,"<= day","daily",NA,NA,NA
"2003-10-11",259.198,FALSE,NA,NA,"<= day","daily",NA,NA,NA
"2003-10-12",263.927,FALSE,NA,NA,"<= day","daily",NA,NA,NA
"2003-10-13",255.458,FALSE,NA,NA,"<= day","daily",NA,NA,NA
"2003-10-14",247.104,FALSE,NA,NA,"<= day","daily",NA,NA,NA
"2003-10-15",244.333,FALSE,NA,NA,"<= day","daily",NA,NA,NA
"2003-10-16",238.604,FALSE,NA,NA,"<= day","daily",NA,NA,NA
"2003-10-17",234.948,FALSE,NA,NA,"<= day","daily",NA,NA,NA
"2003-10-18",231.542,FALSE,NA,NA,"<= day","daily",NA,NA,NA
"2003-10-19",230.656,FALSE,NA,NA,"<= day","daily",NA,NA,NA
"2003-10-20",229.781,FALSE,NA,NA,"<= day","daily",NA,NA,NA
"2003-10-21",237.344,FALSE,NA,NA,"<= day","daily",NA,NA,NA
"2003-10-22",232.906,FALSE,NA,NA,"<= day","daily",NA,NA,NA
"2003-10-23",235.042,FALSE,NA,NA,"<= day","daily",NA,NA,NA
"2003-10-24",226.865,FALSE,NA,NA,"<= day","daily",NA,NA,NA
"2003-10-25",215.531,FALSE,NA,NA,"<= day","daily",NA,NA,NA
"2003-10-26",212.729,FALSE,NA,NA,"<= day","daily",NA,NA,NA
"2003-10-27",215.229,FALSE,NA,NA,"<= day","daily",NA,NA,NA
"2003-10-28",213.927,FALSE,NA,NA,"<= day","daily",NA,NA,NA
"2003-10-29",212.094,FALSE,NA,NA,"<= day","daily",NA,NA,NA
"2003-10-30",215.958,FALSE,NA,NA,"<= day","daily",NA,NA,NA
"2003-10-31",216.302,FALSE,NA,NA,"<= day","daily",NA,NA,NA
"2003-11-01",222.208,FALSE,NA,NA,"<= day","daily",NA,NA,NA
"2003-11-02",219.448,FALSE,NA,NA,"<= day","daily",NA,NA,NA
"2003-11-03",218.875,FALSE,NA,NA,"<= day","daily",NA,NA,NA
"2003-11-04",231.167,FALSE,NA,NA,"<= day","daily",NA,NA,NA
"2003-11-05",245.99,FALSE,NA,NA,"<= day","daily",NA,NA,NA
"2003-11-06",244.219,FALSE,NA,NA,"<= day","daily",NA,NA,NA
"2003-11-07",241.115,FALSE,NA,NA,"<= day","daily",NA,NA,NA
"2003-11-08",243.865,FALSE,NA,NA,"<= day","daily",NA,NA,NA
"2003-11-09",242.688,FALSE,NA,NA,"<= day","daily",NA,NA,NA
"2003-11-10",248.958,FALSE,NA,NA,"<= day","daily",NA,NA,NA
"2003-11-11",245.583,FALSE,NA,NA,"<= day","daily",NA,NA,NA
"2003-11-12",241.781,FALSE,NA,NA,"<= day","daily",NA,NA,NA
"2003-11-13",231.417,FALSE,NA,NA,"<= day","daily",NA,NA,NA
"2003-11-14",227.177,FALSE,NA,NA,"<= day","daily",NA,NA,NA
"2003-11-15",225.042,FALSE,NA,NA,"<= day","daily",NA,NA,NA
"2003-11-16",224.875,FALSE,NA,NA,"<= day","daily",NA,NA,NA
"2003-11-17",235.219,FALSE,NA,NA,"<= day","daily",NA,NA,NA
"2003-11-18",235.229,FALSE,NA,NA,"<= day","daily",NA,NA,NA
"2003-11-19",218.229,FALSE,NA,NA,"<= day","daily",NA,NA,NA
"2003-11-20",216.094,FALSE,NA,NA,"<= day","daily",NA,NA,NA
"2003-11-21",217.271,FALSE,NA,NA,"<= day","daily",NA,NA,NA
"2003-11-22",214.542,FALSE,NA,NA,"<= day","daily",NA,NA,NA
"2003-11-23",213.542,FALSE,NA,NA,"<= day","daily",NA,NA,NA
"2003-11-24",211.458,FALSE,NA,NA,"<= day","daily",NA,NA,NA
"2003-11-25",217.375,FALSE,NA,NA,"<= day","daily",NA,NA,NA
"2003-11-26",221.229,FALSE,NA,NA,"<= day","daily",NA,NA,NA
"2003-11-27",224.052,FALSE,NA,NA,"<= day","daily",NA,NA,NA
"2003-11-28",251.167,FALSE,NA,NA,"<= day","daily",NA,NA,NA
"2003-11-29",269.677,FALSE,NA,NA,"<= day","daily",NA,NA,NA
"2003-11-30",249.729,FALSE,NA,NA,"<= day","daily",NA,NA,NA
"2003-12-01",230.26,FALSE,NA,NA,"<= day","daily",NA,NA,NA
"2003-12-02",213,FALSE,NA,NA,"<= day","daily",NA,NA,NA
"2003-12-03",207.365,FALSE,NA,NA,"<= day","daily",NA,NA,NA
"2003-12-04",211.531,FALSE,NA,NA,"<= day","daily",NA,NA,NA
"2003-12-05",215.281,FALSE,NA,NA,"<= day","daily",NA,NA,NA
"2003-12-06",220.531,FALSE,NA,NA,"<= day","daily",NA,NA,NA
"2003-12-07",222.792,FALSE,NA,NA,"<= day","daily",NA,NA,NA
"2003-12-08",217.26,FALSE,NA,NA,"<= day","daily",NA,NA,NA
"2003-12-09",211.927,FALSE,NA,NA,"<= day","daily",NA,NA,NA
"2003-12-10",212.323,FALSE,NA,NA,"<= day","daily",NA,NA,NA
"2003-12-11",215.115,FALSE,NA,NA,"<= day","daily",NA,NA,NA
"2003-12-12",213.75,FALSE,NA,NA,"<= day","daily",NA,NA,NA
"2003-12-13",217.312,FALSE,NA,NA,"<= day","daily",NA,NA,NA
"2003-12-14",229.656,FALSE,NA,NA,"<= day","daily",NA,NA,NA
"2003-12-15",233.208,FALSE,NA,NA,"<= day","daily",NA,NA,NA
"2003-12-16",213.833,FALSE,NA,NA,"<= day","daily",NA,NA,NA
"2003-12-17",206.615,FALSE,NA,NA,"<= day","daily",NA,NA,NA
"2003-12-18",210.823,FALSE,NA,NA,"<= day","daily",NA,NA,NA
"2003-12-19",211.302,FALSE,NA,NA,"<= day","daily",NA,NA,NA
"2003-12-20",216.865,FALSE,NA,NA,"<= day","daily",NA,NA,NA
"2003-12-21",211.969,FALSE,NA,NA,"<= day","daily",NA,NA,NA
"2003-12-22",211.167,FALSE,NA,NA,"<= day","daily",NA,NA,NA
"2003-12-23",216.979,FALSE,NA,NA,"<= day","daily",NA,NA,NA
"2003-12-24",213.635,FALSE,NA,NA,"<= day","daily",NA,NA,NA
"2003-12-25",216.844,FALSE,NA,NA,"<= day","daily",NA,NA,NA
"2003-12-26",215.406,FALSE,NA,NA,"<= day","daily",NA,NA,NA
"2003-12-27",215.229,FALSE,NA,NA,"<= day","daily",NA,NA,NA
"2003-12-28",216.042,FALSE,NA,NA,"<= day","daily",NA,NA,NA
"2003-12-29",212.271,FALSE,NA,NA,"<= day","daily",NA,NA,NA
"2003-12-30",213.885,FALSE,NA,NA,"<= day","daily",NA,NA,NA
"2003-12-31",211.25,FALSE,NA,NA,"<= day","daily",NA,NA,NA
"2004-01-01",214.438,FALSE,NA,NA,"<= day","daily",NA,NA,NA
"2004-01-02",215.177,FALSE,NA,NA,"<= day","daily",NA,NA,NA
"2004-01-03",209.323,FALSE,NA,NA,"<= day","daily",NA,NA,NA
"2004-01-04",198.76,FALSE,NA,NA,"<= day","daily",NA,NA,NA
"2004-01-05",197.573,FALSE,NA,NA,"<= day","daily",NA,NA,NA
"2004-01-06",202.698,FALSE,NA,NA,"<= day","daily",NA,NA,NA
"2004-01-07",211.917,FALSE,NA,NA,"<= day","daily",NA,NA,NA
"2004-01-08",213.979,FALSE,NA,NA,"<= day","daily",NA,NA,NA
"2004-01-09",247.854,FALSE,NA,NA,"<= day","daily",NA,NA,NA
"2004-01-10",321.667,FALSE,NA,NA,"<= day","daily",NA,NA,NA
"2004-01-11",301.573,FALSE,NA,NA,"<= day","daily",NA,NA,NA
"2004-01-12",441.625,FALSE,NA,NA,"<= day","daily",NA,NA,NA
"2004-01-13",642.938,FALSE,NA,NA,"<= day","daily",NA,NA,NA
"2004-01-14",979.333,FALSE,NA,NA,"<= day","daily",NA,NA,NA
"2004-01-15",1078.385,FALSE,NA,NA,"<= day","daily",NA,NA,NA
"2004-01-16",1044.344,FALSE,NA,NA,"<= day","daily",NA,NA,NA
"2004-01-17",954.208,FALSE,NA,NA,"<= day","daily",NA,NA,NA
"2004-01-18",855.375,FALSE,NA,NA,"<= day","daily",NA,NA,NA
"2004-01-19",712.135,FALSE,NA,NA,"<= day","daily",NA,NA,NA
"2004-01-20",626.75,FALSE,NA,NA,"<= day","daily",NA,NA,NA
"2004-01-21",581.938,FALSE,NA,NA,"<= day","daily",NA,NA,NA
"2004-01-22",554.354,FALSE,NA,NA,"<= day","daily",NA,NA,NA
"2004-01-23",524.229,FALSE,NA,NA,"<= day","daily",NA,NA,NA
"2004-01-24",509.021,FALSE,NA,NA,"<= day","daily",NA,NA,NA
"2004-01-25",495.062,FALSE,NA,NA,"<= day","daily",NA,NA,NA
"2004-01-26",480.25,FALSE,NA,NA,"<= day","daily",NA,NA,NA
"2004-01-27",473.115,FALSE,NA,NA,"<= day","daily",NA,NA,NA
"2004-01-28",477.521,FALSE,NA,NA,"<= day","daily",NA,NA,NA
"2004-01-29",467.396,FALSE,NA,NA,"<= day","daily",NA,NA,NA
"2004-01-30",444.396,FALSE,NA,NA,"<= day","daily",NA,NA,NA
"2004-01-31",438.677,FALSE,NA,NA,"<= day","daily",NA,NA,NA
"2004-02-01",482.958,FALSE,NA,NA,"<= day","daily",NA,NA,NA
"2004-02-02",519.385,FALSE,NA,NA,"<= day","daily",NA,NA,NA
"2004-02-03",489.792,FALSE,NA,NA,"<= day","daily",NA,NA,NA
"2004-02-04",481.969,FALSE,NA,NA,"<= day","daily",NA,NA,NA
"2004-02-05",500.417,FALSE,NA,NA,"<= day","daily",NA,NA,NA
"2004-02-06",529.667,FALSE,NA,NA,"<= day","daily",NA,NA,NA
"2004-02-07",533.719,FALSE,NA,NA,"<= day","daily",NA,NA,NA
"2004-02-08",554.073,FALSE,NA,NA,"<= day","daily",NA,NA,NA
"2004-02-09",595.792,FALSE,NA,NA,"<= day","daily",NA,NA,NA
"2004-02-10",577.667,FALSE,NA,NA,"<= day","daily",NA,NA,NA
"2004-02-11",588.333,FALSE,NA,NA,"<= day","daily",NA,NA,NA
"2004-02-12",587.385,FALSE,NA,NA,"<= day","daily",NA,NA,NA
"2004-02-13",589.75,FALSE,NA,NA,"<= day","daily",NA,NA,NA
"2004-02-14",587.021,FALSE,NA,NA,"<= day","daily",NA,NA,NA
"2004-02-15",589.167,FALSE,NA,NA,"<= day","daily",NA,NA,NA
"2004-02-16",592.75,FALSE,NA,NA,"<= day","daily",NA,NA,NA
"2004-02-17",589.333,FALSE,NA,NA,"<= day","daily",NA,NA,NA
"2004-02-18",586.406,FALSE,NA,NA,"<= day","daily",NA,NA,NA
"2004-02-19",584.167,FALSE,NA,NA,"<= day","daily",NA,NA,NA
"2004-02-20",570.219,FALSE,NA,NA,"<= day","daily",NA,NA,NA
"2004-02-21",555.646,FALSE,NA,NA,"<= day","daily",NA,NA,NA
"2004-02-22",556.167,FALSE,NA,NA,"<= day","daily",NA,NA,NA
"2004-02-23",558.49,FALSE,NA,NA,"<= day","daily",NA,NA,NA
"2004-02-24",545.562,FALSE,NA,NA,"<= day","daily",NA,NA,NA
"2004-02-25",532.896,FALSE,NA,NA,"<= day","daily",NA,NA,NA
"2004-02-26",531.229,FALSE,NA,NA,"<= day","daily",NA,NA,NA
"2004-02-27",532.5,FALSE,NA,NA,"<= day","daily",NA,NA,NA
"2004-02-28",531.271,FALSE,NA,NA,"<= day","daily",NA,NA,NA
"2004-02-29",531.229,FALSE,NA,NA,"<= day","daily",NA,NA,NA
"2004-03-01",535.938,FALSE,NA,NA,"<= day","daily",NA,NA,NA
"2004-03-02",555.146,FALSE,NA,NA,"<= day","daily",NA,NA,NA
"2004-03-03",542,FALSE,NA,NA,"<= day","daily",NA,NA,NA
"2004-03-04",516.49,FALSE,NA,NA,"<= day","daily",NA,NA,NA
"2004-03-05",510.969,FALSE,NA,NA,"<= day","daily",NA,NA,NA
"2004-03-06",523.573,FALSE,NA,NA,"<= day","daily",NA,NA,NA
"2004-03-07",513.542,FALSE,NA,NA,"<= day","daily",NA,NA,NA
"2004-03-08",500.958,FALSE,NA,NA,"<= day","daily",NA,NA,NA
"2004-03-09",492.344,FALSE,NA,NA,"<= day","daily",NA,NA,NA
"2004-03-10",479.979,FALSE,NA,NA,"<= day","daily",NA,NA,NA
"2004-03-11",472.542,FALSE,NA,NA,"<= day","daily",NA,NA,NA
"2004-03-12",474.917,FALSE,NA,NA,"<= day","daily",NA,NA,NA
"2004-03-13",478.688,FALSE,NA,NA,"<= day","daily",NA,NA,NA
"2004-03-14",480.271,FALSE,NA,NA,"<= day","daily",NA,NA,NA
"2004-03-15",477.542,FALSE,NA,NA,"<= day","daily",NA,NA,NA
"2004-03-16",476.771,FALSE,NA,NA,"<= day","daily",NA,NA,NA
"2004-03-17",474.812,FALSE,NA,NA,"<= day","daily",NA,NA,NA
"2004-03-18",472.229,FALSE,NA,NA,"<= day","daily",NA,NA,NA
"2004-03-19",476.188,FALSE,NA,NA,"<= day","daily",NA,NA,NA
"2004-03-20",477,FALSE,NA,NA,"<= day","daily",NA,NA,NA
"2004-03-21",477.229,FALSE,NA,NA,"<= day","daily",NA,NA,NA
"2004-03-22",478.729,FALSE,NA,NA,"<= day","daily",NA,NA,NA
"2004-03-23",480.26,FALSE,NA,NA,"<= day","daily",NA,NA,NA
"2004-03-24",487.594,FALSE,NA,NA,"<= day","daily",NA,NA,NA
"2004-03-25",482.74,FALSE,NA,NA,"<= day","daily",NA,NA,NA
"2004-03-26",478.948,FALSE,NA,NA,"<= day","daily",NA,NA,NA
"2004-03-27",476.229,FALSE,NA,NA,"<= day","daily",NA,NA,NA
"2004-03-28",479.729,FALSE,NA,NA,"<= day","daily",NA,NA,NA
"2004-03-29",480.521,FALSE,NA,NA,"<= day","daily",NA,NA,NA
"2004-03-30",498.448,FALSE,NA,NA,"<= day","daily",NA,NA,NA
"2004-03-31",496.021,FALSE,NA,NA,"<= day","daily",NA,NA,NA
"2004-04-01",499.365,FALSE,NA,NA,"<= day","daily",NA,NA,NA
"2004-04-02",495.01,FALSE,NA,NA,"<= day","daily",NA,NA,NA
"2004-04-03",489.979,FALSE,NA,NA,"<= day","daily",NA,NA,NA
"2004-04-04",493.833,FALSE,NA,NA,"<= day","daily",NA,NA,NA
"2004-04-05",488.604,FALSE,NA,NA,"<= day","daily",NA,NA,NA
"2004-04-06",529.844,FALSE,NA,NA,"<= day","daily",NA,NA,NA
"2004-04-07",551.948,FALSE,NA,NA,"<= day","daily",NA,NA,NA
"2004-04-08",549.427,FALSE,NA,NA,"<= day","daily",NA,NA,NA
"2004-04-09",527.688,FALSE,NA,NA,"<= day","daily",NA,NA,NA
"2004-04-10",513.198,FALSE,NA,NA,"<= day","daily",NA,NA,NA
"2004-04-11",517.552,FALSE,NA,NA,"<= day","daily",NA,NA,NA
"2004-04-12",515.781,FALSE,NA,NA,"<= day","daily",NA,NA,NA
"2004-04-13",507.021,FALSE,NA,NA,"<= day","daily",NA,NA,NA
"2004-04-14",511.677,FALSE,NA,NA,"<= day","daily",NA,NA,NA
"2004-04-15",499.906,FALSE,NA,NA,"<= day","daily",NA,NA,NA
"2004-04-16",490.75,FALSE,NA,NA,"<= day","daily",NA,NA,NA
"2004-04-17",498.771,FALSE,NA,NA,"<= day","daily",NA,NA,NA
"2004-04-18",508.74,FALSE,NA,NA,"<= day","daily",NA,NA,NA
"2004-04-19",508.979,FALSE,NA,NA,"<= day","daily",NA,NA,NA
"2004-04-20",489.302,FALSE,NA,NA,"<= day","daily",NA,NA,NA
"2004-04-21",473.302,FALSE,NA,NA,"<= day","daily",NA,NA,NA
"2004-04-22",471.458,FALSE,NA,NA,"<= day","daily",NA,NA,NA
"2004-04-23",474.688,FALSE,NA,NA,"<= day","daily",NA,NA,NA
"2004-04-24",476.5,FALSE,NA,NA,"<= day","daily",NA,NA,NA
"2004-04-25",474.469,FALSE,NA,NA,"<= day","daily",NA,NA,NA
"2004-04-26",469.979,FALSE,NA,NA,"<= day","daily",NA,NA,NA
"2004-04-27",475.552,FALSE,NA,NA,"<= day","daily",NA,NA,NA
"2004-04-28",474.24,FALSE,NA,NA,"<= day","daily",NA,NA,NA
"2004-04-29",468.25,FALSE,NA,NA,"<= day","daily",NA,NA,NA
"2004-04-30",474.01,FALSE,NA,NA,"<= day","daily",NA,NA,NA
"2004-05-01",476.5,FALSE,NA,NA,"<= day","daily",NA,NA,NA
"2004-05-02",474.812,FALSE,NA,NA,"<= day","daily",NA,NA,NA
"2004-05-03",471.312,FALSE,NA,NA,"<= day","daily",NA,NA,NA
"2004-05-04",470.417,FALSE,NA,NA,"<= day","daily",NA,NA,NA
"2004-05-05",476.958,FALSE,NA,NA,"<= day","daily",NA,NA,NA
"2004-05-06",474.042,FALSE,NA,NA,"<= day","daily",NA,NA,NA
"2004-05-07",473.01,FALSE,NA,NA,"<= day","daily",NA,NA,NA
"2004-05-08",462.26,FALSE,NA,NA,"<= day","daily",NA,NA,NA
"2004-05-09",461.5,FALSE,NA,NA,"<= day","daily",NA,NA,NA
"2004-05-10",458.667,FALSE,NA,NA,"<= day","daily",NA,NA,NA
"2004-05-11",447.896,FALSE,NA,NA,"<= day","daily",NA,NA,NA
"2004-05-12",443.365,FALSE,NA,NA,"<= day","daily",NA,NA,NA
"2004-05-13",426.115,FALSE,NA,NA,"<= day","daily",NA,NA,NA
"2004-05-14",423,FALSE,NA,NA,"<= day","daily",NA,NA,NA
"2004-05-15",423.229,FALSE,NA,NA,"<= day","daily",NA,NA,NA
"2004-05-16",424.5,FALSE,NA,NA,"<= day","daily",NA,NA,NA
"2004-05-17",423.729,FALSE,NA,NA,"<= day","daily",NA,NA,NA
"2004-05-18",426,FALSE,NA,NA,"<= day","daily",NA,NA,NA
"2004-05-19",423.542,FALSE,NA,NA,"<= day","daily",NA,NA,NA
"2004-05-20",429.302,FALSE,NA,NA,"<= day","daily",NA,NA,NA
"2004-05-21",474.562,FALSE,NA,NA,"<= day","daily",NA,NA,NA
"2004-05-22",501.5,FALSE,NA,NA,"<= day","daily",NA,NA,NA
"2004-05-23",460.5,FALSE,NA,NA,"<= day","daily",NA,NA,NA
"2004-05-24",443.448,FALSE,NA,NA,"<= day","daily",NA,NA,NA
"2004-05-25",445.844,FALSE,NA,NA,"<= day","daily",NA,NA,NA
"2004-05-26",444.979,FALSE,NA,NA,"<= day","daily",NA,NA,NA
"2004-05-27",446.146,FALSE,NA,NA,"<= day","daily",NA,NA,NA
"2004-05-28",434.521,FALSE,NA,NA,"<= day","daily",NA,NA,NA
"2004-05-29",443.323,FALSE,NA,NA,"<= day","daily",NA,NA,NA
"2004-05-30",436.167,FALSE,NA,NA,"<= day","daily",NA,NA,NA
"2004-05-31",432.229,FALSE,NA,NA,"<= day","daily",NA,NA,NA
"2004-06-01",435.271,FALSE,NA,NA,"<= day","daily",NA,NA,NA
"2004-06-02",432.833,FALSE,NA,NA,"<= day","daily",NA,NA,NA
"2004-06-03",448.146,FALSE,NA,NA,"<= day","daily",NA,NA,NA
"2004-06-04",448.458,FALSE,NA,NA,"<= day","daily",NA,NA,NA
"2004-06-05",489.302,FALSE,NA,NA,"<= day","daily",NA,NA,NA
"2004-06-06",448.833,FALSE,NA,NA,"<= day","daily",NA,NA,NA
"2004-06-07",408.354,FALSE,NA,NA,"<= day","daily",NA,NA,NA
"2004-06-08",410.51,FALSE,NA,NA,"<= day","daily",NA,NA,NA
"2004-06-09",411.542,FALSE,NA,NA,"<= day","daily",NA,NA,NA
"2004-06-10",410.146,FALSE,NA,NA,"<= day","daily",NA,NA,NA
"2004-06-11",420.448,FALSE,NA,NA,"<= day","daily",NA,NA,NA
"2004-06-12",424.021,FALSE,NA,NA,"<= day","daily",NA,NA,NA
"2004-06-13",420.906,FALSE,NA,NA,"<= day","daily",NA,NA,NA
"2004-06-14",420.583,FALSE,NA,NA,"<= day","daily",NA,NA,NA
"2004-06-15",412.323,FALSE,NA,NA,"<= day","daily",NA,NA,NA
"2004-06-16",403.073,FALSE,NA,NA,"<= day","daily",NA,NA,NA
"2004-06-17",393.208,FALSE,NA,NA,"<= day","daily",NA,NA,NA
"2004-06-18",385.958,FALSE,NA,NA,"<= day","daily",NA,NA,NA
"2004-06-19",396.594,FALSE,NA,NA,"<= day","daily",NA,NA,NA
"2004-06-20",406.979,FALSE,NA,NA,"<= day","daily",NA,NA,NA
"2004-06-21",399.802,FALSE,NA,NA,"<= day","daily",NA,NA,NA
"2004-06-22",392.781,FALSE,NA,NA,"<= day","daily",NA,NA,NA
"2004-06-23",385.333,FALSE,NA,NA,"<= day","daily",NA,NA,NA
"2004-06-24",384.865,FALSE,NA,NA,"<= day","daily",NA,NA,NA
"2004-06-25",383.74,FALSE,NA,NA,"<= day","daily",NA,NA,NA
"2004-06-26",375.719,FALSE,NA,NA,"<= day","daily",NA,NA,NA
"2004-06-27",376.99,FALSE,NA,NA,"<= day","daily",NA,NA,NA
"2004-06-28",385.74,FALSE,NA,NA,"<= day","daily",NA,NA,NA
"2004-06-29",387.469,FALSE,NA,NA,"<= day","daily",NA,NA,NA
"2004-06-30",379.719,FALSE,NA,NA,"<= day","daily",NA,NA,NA
"2004-07-01",378.469,FALSE,NA,NA,"<= day","daily",NA,NA,NA
"2004-07-02",369.917,FALSE,NA,NA,"<= day","daily",NA,NA,NA
"2004-07-03",365.021,FALSE,NA,NA,"<= day","daily",NA,NA,NA
"2004-07-04",366.823,FALSE,NA,NA,"<= day","daily",NA,NA,NA
"2004-07-05",371.479,FALSE,NA,NA,"<= day","daily",NA,NA,NA
"2004-07-06",387,FALSE,NA,NA,"<= day","daily",NA,NA,NA
"2004-07-07",370.302,FALSE,NA,NA,"<= day","daily",NA,NA,NA
"2004-07-08",357.167,FALSE,NA,NA,"<= day","daily",NA,NA,NA
"2004-07-09",369.49,FALSE,NA,NA,"<= day","daily",NA,NA,NA
"2004-07-10",345.302,FALSE,NA,NA,"<= day","daily",NA,NA,NA
"2004-07-11",335.417,FALSE,NA,NA,"<= day","daily",NA,NA,NA
"2004-07-12",325.573,FALSE,NA,NA,"<= day","daily",NA,NA,NA
"2004-07-13",317.052,FALSE,NA,NA,"<= day","daily",NA,NA,NA
"2004-07-14",309.448,FALSE,NA,NA,"<= day","daily",NA,NA,NA
"2004-07-15",308.812,FALSE,NA,NA,"<= day","daily",NA,NA,NA
"2004-07-16",302.625,FALSE,NA,NA,"<= day","daily",NA,NA,NA
"2004-07-17",299,FALSE,NA,NA,"<= day","daily",NA,NA,NA
"2004-07-18",300.542,FALSE,NA,NA,"<= day","daily",NA,NA,NA
"2004-07-19",294.281,FALSE,NA,NA,"<= day","daily",NA,NA,NA
"2004-07-20",288.062,FALSE,NA,NA,"<= day","daily",NA,NA,NA
"2004-07-21",288.781,FALSE,NA,NA,"<= day","daily",NA,NA,NA
"2004-07-22",293.542,FALSE,NA,NA,"<= day","daily",NA,NA,NA
"2004-07-23",286.427,FALSE,NA,NA,"<= day","daily",NA,NA,NA
"2004-07-24",290.052,FALSE,NA,NA,"<= day","daily",NA,NA,NA
"2004-07-25",291.344,FALSE,NA,NA,"<= day","daily",NA,NA,NA
"2004-07-26",293.25,FALSE,NA,NA,"<= day","daily",NA,NA,NA
"2004-07-27",290.719,FALSE,NA,NA,"<= day","daily",NA,NA,NA
"2004-07-28",285.354,FALSE,NA,NA,"<= day","daily",NA,NA,NA
"2004-07-29",280.052,FALSE,NA,NA,"<= day","daily",NA,NA,NA
"2004-07-30",270.333,FALSE,NA,NA,"<= day","daily",NA,NA,NA
"2004-07-31",272.667,FALSE,NA,NA,"<= day","daily",NA,NA,NA
"2004-08-01",274.562,FALSE,NA,NA,"<= day","daily",NA,NA,NA
"2004-08-02",268.562,FALSE,NA,NA,"<= day","daily",NA,NA,NA
"2004-08-03",269.594,FALSE,NA,NA,"<= day","daily",NA,NA,NA
"2004-08-04",270.229,FALSE,NA,NA,"<= day","daily",NA,NA,NA
"2004-08-05",271.729,FALSE,NA,NA,"<= day","daily",NA,NA,NA
"2004-08-06",273.26,FALSE,NA,NA,"<= day","daily",NA,NA,NA
"2004-08-07",282.656,FALSE,NA,NA,"<= day","daily",NA,NA,NA
"2004-08-08",289.698,FALSE,NA,NA,"<= day","daily",NA,NA,NA
"2004-08-09",277.5,FALSE,NA,NA,"<= day","daily",NA,NA,NA
"2004-08-10",271.323,FALSE,NA,NA,"<= day","daily",NA,NA,NA
"2004-08-11",278.573,FALSE,NA,NA,"<= day","daily",NA,NA,NA
"2004-08-12",280.792,FALSE,NA,NA,"<= day","daily",NA,NA,NA
"2004-08-13",322.792,FALSE,NA,NA,"<= day","daily",NA,NA,NA
"2004-08-14",355.177,FALSE,NA,NA,"<= day","daily",NA,NA,NA
"2004-08-15",321.76,FALSE,NA,NA,"<= day","daily",NA,NA,NA
"2004-08-16",286.396,FALSE,NA,NA,"<= day","daily",NA,NA,NA
"2004-08-17",280.719,FALSE,NA,NA,"<= day","daily",NA,NA,NA
"2004-08-18",272.667,FALSE,NA,NA,"<= day","daily",NA,NA,NA
"2004-08-19",267.615,FALSE,NA,NA,"<= day","daily",NA,NA,NA
"2004-08-20",270.219,FALSE,NA,NA,"<= day","daily",NA,NA,NA
"2004-08-21",258.938,FALSE,NA,NA,"<= day","daily",NA,NA,NA
"2004-08-22",253.896,FALSE,NA,NA,"<= day","daily",NA,NA,NA
"2004-08-23",251.385,FALSE,NA,NA,"<= day","daily",NA,NA,NA
"2004-08-24",297.219,FALSE,NA,NA,"<= day","daily",NA,NA,NA
"2004-08-25",319.677,FALSE,NA,NA,"<= day","daily",NA,NA,NA
"2004-08-26",284.042,FALSE,NA,NA,"<= day","daily",NA,NA,NA
"2004-08-27",293.49,FALSE,NA,NA,"<= day","daily",NA,NA,NA
"2004-08-28",267.99,FALSE,NA,NA,"<= day","daily",NA,NA,NA
"2004-08-29",264.375,FALSE,NA,NA,"<= day","daily",NA,NA,NA
"2004-08-30",251.844,FALSE,NA,NA,"<= day","daily",NA,NA,NA
"2004-08-31",246.427,FALSE,NA,NA,"<= day","daily",NA,NA,NA
"2004-09-01",245.021,FALSE,NA,NA,"<= day","daily",NA,NA,NA
"2004-09-02",243.906,FALSE,NA,NA,"<= day","daily",NA,NA,NA
"2004-09-03",249.146,FALSE,NA,NA,"<= day","daily",NA,NA,NA
"2004-09-04",288.948,FALSE,NA,NA,"<= day","daily",NA,NA,NA
"2004-09-05",262.76,FALSE,NA,NA,"<= day","daily",NA,NA,NA
"2004-09-06",242.75,FALSE,NA,NA,"<= day","daily",NA,NA,NA
"2004-09-07",234.667,FALSE,NA,NA,"<= day","daily",NA,NA,NA
"2004-09-08",226.583,FALSE,NA,NA,"<= day","daily",NA,NA,NA
"2004-09-09",226.958,FALSE,NA,NA,"<= day","daily",NA,NA,NA
"2004-09-10",228.729,FALSE,NA,NA,"<= day","daily",NA,NA,NA
"2004-09-11",229.573,FALSE,NA,NA,"<= day","daily",NA,NA,NA
"2004-09-12",234.698,FALSE,NA,NA,"<= day","daily",NA,NA,NA
"2004-09-13",240.594,FALSE,NA,NA,"<= day","daily",NA,NA,NA
"2004-09-14",219.875,FALSE,NA,NA,"<= day","daily",NA,NA,NA
"2004-09-15",228.635,FALSE,NA,NA,"<= day","daily",NA,NA,NA
"2004-09-16",215.094,FALSE,NA,NA,"<= day","daily",NA,NA,NA
"2004-09-17",212.292,FALSE,NA,NA,"<= day","daily",NA,NA,NA
"2004-09-18",209.021,FALSE,NA,NA,"<= day","daily",NA,NA,NA
"2004-09-19",209.792,FALSE,NA,NA,"<= day","daily",NA,NA,NA
"2004-09-20",205.521,FALSE,NA,NA,"<= day","daily",NA,NA,NA
"2004-09-21",209.01,FALSE,NA,NA,"<= day","daily",NA,NA,NA
"2004-09-22",211.094,FALSE,NA,NA,"<= day","daily",NA,NA,NA
"2004-09-23",194.521,FALSE,NA,NA,"<= day","daily",NA,NA,NA
"2004-09-24",209.271,FALSE,NA,NA,"<= day","daily",NA,NA,NA
"2004-09-25",209.719,FALSE,NA,NA,"<= day","daily",NA,NA,NA
"2004-09-26",204.354,FALSE,NA,NA,"<= day","daily",NA,NA,NA
"2004-09-27",201,FALSE,NA,NA,"<= day","daily",NA,NA,NA
"2004-09-28",203,FALSE,NA,NA,"<= day","daily",NA,NA,NA
"2004-09-29",201.802,FALSE,NA,NA,"<= day","daily",NA,NA,NA
"2004-09-30",209.969,FALSE,NA,NA,"<= day","daily",NA,NA,NA
"2004-10-01",213.312,FALSE,NA,NA,"<= day","daily",NA,NA,NA
"2004-10-02",207.844,FALSE,NA,NA,"<= day","daily",NA,NA,NA
"2004-10-03",215.323,FALSE,NA,NA,"<= day","daily",NA,NA,NA
"2004-10-04",210.969,FALSE,NA,NA,"<= day","daily",NA,NA,NA
"2004-10-05",209.135,FALSE,NA,NA,"<= day","daily",NA,NA,NA
"2004-10-06",208.771,FALSE,NA,NA,"<= day","daily",NA,NA,NA
"2004-10-07",212.885,FALSE,NA,NA,"<= day","daily",NA,NA,NA
"2004-10-08",252.458,FALSE,NA,NA,"<= day","daily",NA,NA,NA
"2004-10-09",284.271,FALSE,NA,NA,"<= day","daily",NA,NA,NA
"2004-10-10",311.927,FALSE,NA,NA,"<= day","daily",NA,NA,NA
"2004-10-11",261.115,FALSE,NA,NA,"<= day","daily",NA,NA,NA
"2004-10-12",231.708,FALSE,NA,NA,"<= day","daily",NA,NA,NA
"2004-10-13",209.635,FALSE,NA,NA,"<= day","daily",NA,NA,NA
"2004-10-14",186.594,FALSE,NA,NA,"<= day","daily",NA,NA,NA
"2004-10-15",186.906,FALSE,NA,NA,"<= day","daily",NA,NA,NA
"2004-10-16",180.469,FALSE,NA,NA,"<= day","daily",NA,NA,NA
"2004-10-17",182.271,FALSE,NA,NA,"<= day","daily",NA,NA,NA
"2004-10-18",196.896,FALSE,NA,NA,"<= day","daily",NA,NA,NA
"2004-10-19",190.115,FALSE,NA,NA,"<= day","daily",NA,NA,NA
"2004-10-20",179.396,FALSE,NA,NA,"<= day","daily",NA,NA,NA
"2004-10-21",176.271,FALSE,NA,NA,"<= day","daily",NA,NA,NA
"2004-10-22",175.885,FALSE,NA,NA,"<= day","daily",NA,NA,NA
"2004-10-23",175.365,FALSE,NA,NA,"<= day","daily",NA,NA,NA
"2004-10-24",175.583,FALSE,NA,NA,"<= day","daily",NA,NA,NA
"2004-10-25",178.323,FALSE,NA,NA,"<= day","daily",NA,NA,NA
"2004-10-26",257.688,FALSE,NA,NA,"<= day","daily",NA,NA,NA
"2004-10-27",354.677,FALSE,NA,NA,"<= day","daily",NA,NA,NA
"2004-10-28",263.604,FALSE,NA,NA,"<= day","daily",NA,NA,NA
"2004-10-29",219.125,FALSE,NA,NA,"<= day","daily",NA,NA,NA
"2004-10-30",231.99,FALSE,NA,NA,"<= day","daily",NA,NA,NA
"2004-10-31",222.552,FALSE,NA,NA,"<= day","daily",NA,NA,NA
"2004-11-01",199.562,FALSE,NA,NA,"<= day","daily",NA,NA,NA
"2004-11-02",193.24,FALSE,NA,NA,"<= day","daily",NA,NA,NA
"2004-11-03",186.906,FALSE,NA,NA,"<= day","daily",NA,NA,NA
"2004-11-04",191.448,FALSE,NA,NA,"<= day","daily",NA,NA,NA
"2004-11-05",200.74,FALSE,NA,NA,"<= day","daily",NA,NA,NA
"2004-11-06",202.354,FALSE,NA,NA,"<= day","daily",NA,NA,NA
"2004-11-07",193.625,FALSE,NA,NA,"<= day","daily",NA,NA,NA
"2004-11-08",191.427,FALSE,NA,NA,"<= day","daily",NA,NA,NA
"2004-11-09",186.417,FALSE,NA,NA,"<= day","daily",NA,NA,NA
"2004-11-10",177.604,FALSE,NA,NA,"<= day","daily",NA,NA,NA
"2004-11-11",176.635,FALSE,NA,NA,"<= day","daily",NA,NA,NA
"2004-11-12",174.927,FALSE,NA,NA,"<= day","daily",NA,NA,NA
"2004-11-13",173.094,FALSE,NA,NA,"<= day","daily",NA,NA,NA
"2004-11-14",176.385,FALSE,NA,NA,"<= day","daily",NA,NA,NA
"2004-11-15",172.75,FALSE,NA,NA,"<= day","daily",NA,NA,NA
"2004-11-16",174.76,FALSE,NA,NA,"<= day","daily",NA,NA,NA
"2004-11-17",161.854,FALSE,NA,NA,"<= day","daily",NA,NA,NA
"2004-11-18",169.969,FALSE,NA,NA,"<= day","daily",NA,NA,NA
"2004-11-19",193.188,FALSE,NA,NA,"<= day","daily",NA,NA,NA
"2004-11-20",194.771,FALSE,NA,NA,"<= day","daily",NA,NA,NA
"2004-11-21",175.344,FALSE,NA,NA,"<= day","daily",NA,NA,NA
"2004-11-22",175.958,FALSE,NA,NA,"<= day","daily",NA,NA,NA
"2004-11-23",176.188,FALSE,NA,NA,"<= day","daily",NA,NA,NA
"2004-11-24",181.115,FALSE,NA,NA,"<= day","daily",NA,NA,NA
"2004-11-25",177.062,FALSE,NA,NA,"<= day","daily",NA,NA,NA
"2004-11-26",176.177,FALSE,NA,NA,"<= day","daily",NA,NA,NA
"2004-11-27",171.469,FALSE,NA,NA,"<= day","daily",NA,NA,NA
"2004-11-28",168.406,FALSE,NA,NA,"<= day","daily",NA,NA,NA
"2004-11-29",167.083,FALSE,NA,NA,"<= day","daily",NA,NA,NA
"2004-11-30",161.312,FALSE,NA,NA,"<= day","daily",NA,NA,NA
"2004-12-01",162.531,FALSE,NA,NA,"<= day","daily",NA,NA,NA
"2004-12-02",171.719,FALSE,NA,NA,"<= day","daily",NA,NA,NA
"2004-12-03",198.042,FALSE,NA,NA,"<= day","daily",NA,NA,NA
"2004-12-04",208.625,FALSE,NA,NA,"<= day","daily",NA,NA,NA
"2004-12-05",190.99,FALSE,NA,NA,"<= day","daily",NA,NA,NA
"2004-12-06",177.542,FALSE,NA,NA,"<= day","daily",NA,NA,NA
"2004-12-07",162.958,FALSE,NA,NA,"<= day","daily",NA,NA,NA
"2004-12-08",159.094,FALSE,NA,NA,"<= day","daily",NA,NA,NA
"2004-12-09",162.844,FALSE,NA,NA,"<= day","daily",NA,NA,NA
"2004-12-10",161.75,FALSE,NA,NA,"<= day","daily",NA,NA,NA
"2004-12-11",162.448,FALSE,NA,NA,"<= day","daily",NA,NA,NA
"2004-12-12",155.927,FALSE,NA,NA,"<= day","daily",NA,NA,NA
"2004-12-13",158.094,FALSE,NA,NA,"<= day","daily",NA,NA,NA
"2004-12-14",157.156,FALSE,NA,NA,"<= day","daily",NA,NA,NA
"2004-12-15",156.021,FALSE,NA,NA,"<= day","daily",NA,NA,NA
"2004-12-16",154.906,FALSE,NA,NA,"<= day","daily",NA,NA,NA
"2004-12-17",160.833,FALSE,NA,NA,"<= day","daily",NA,NA,NA
"2004-12-18",208.573,FALSE,NA,NA,"<= day","daily",NA,NA,NA
"2004-12-19",204.552,FALSE,NA,NA,"<= day","daily",NA,NA,NA
"2004-12-20",180.646,FALSE,NA,NA,"<= day","daily",NA,NA,NA
"2004-12-21",168.438,FALSE,NA,NA,"<= day","daily",NA,NA,NA
"2004-12-22",161.198,FALSE,NA,NA,"<= day","daily",NA,NA,NA
"2004-12-23",170.719,FALSE,NA,NA,"<= day","daily",NA,NA,NA
"2004-12-24",239.021,FALSE,NA,NA,"<= day","daily",NA,NA,NA
"2004-12-25",272.146,FALSE,NA,NA,"<= day","daily",NA,NA,NA
"2004-12-26",261.812,FALSE,NA,NA,"<= day","daily",NA,NA,NA
"2004-12-27",268.542,FALSE,NA,NA,"<= day","daily",NA,NA,NA
"2004-12-28",254.333,FALSE,NA,NA,"<= day","daily",NA,NA,NA
"2004-12-29",240.906,FALSE,NA,NA,"<= day","daily",NA,NA,NA
"2004-12-30",227.458,FALSE,NA,NA,"<= day","daily",NA,NA,NA
"2004-12-31",226.719,FALSE,NA,NA,"<= day","daily",NA,NA,NA
"2005-01-01",260.417,FALSE,NA,NA,"<= day","daily",NA,NA,NA
"2005-01-02",275.26,FALSE,NA,NA,"<= day","daily",NA,NA,NA
"2005-01-03",275.677,FALSE,NA,NA,"<= day","daily",NA,NA,NA
"2005-01-04",272.656,FALSE,NA,NA,"<= day","daily",NA,NA,NA
"2005-01-05",272.75,FALSE,NA,NA,"<= day","daily",NA,NA,NA
"2005-01-06",271.448,FALSE,NA,NA,"<= day","daily",NA,NA,NA
"2005-01-07",266.469,FALSE,NA,NA,"<= day","daily",NA,NA,NA
"2005-01-08",264.094,FALSE,NA,NA,"<= day","daily",NA,NA,NA
"2005-01-09",267.385,FALSE,NA,NA,"<= day","daily",NA,NA,NA
"2005-01-10",262.604,FALSE,NA,NA,"<= day","daily",NA,NA,NA
"2005-01-11",261.469,FALSE,NA,NA,"<= day","daily",NA,NA,NA
"2005-01-12",277.198,FALSE,NA,NA,"<= day","daily",NA,NA,NA
"2005-01-13",294.823,FALSE,NA,NA,"<= day","daily",NA,NA,NA
"2005-01-14",285.354,FALSE,NA,NA,"<= day","daily",NA,NA,NA
"2005-01-15",288.917,FALSE,NA,NA,"<= day","daily",NA,NA,NA
"2005-01-16",289.656,FALSE,NA,NA,"<= day","daily",NA,NA,NA
"2005-01-17",287.635,FALSE,NA,NA,"<= day","daily",NA,NA,NA
"2005-01-18",290.333,FALSE,NA,NA,"<= day","daily",NA,NA,NA
"2005-01-19",300.188,FALSE,NA,NA,"<= day","daily",NA,NA,NA
"2005-01-20",316.365,FALSE,NA,NA,"<= day","daily",NA,NA,NA
"2005-01-21",467.51,FALSE,NA,NA,"<= day","daily",NA,NA,NA
"2005-01-22",596.979,FALSE,NA,NA,"<= day","daily",NA,NA,NA
"2005-01-23",472.104,FALSE,NA,NA,"<= day","daily",NA,NA,NA
"2005-01-24",417.396,FALSE,NA,NA,"<= day","daily",NA,NA,NA
"2005-01-25",391.906,FALSE,NA,NA,"<= day","daily",NA,NA,NA
"2005-01-26",387.833,FALSE,NA,NA,"<= day","daily",NA,NA,NA
"2005-01-27",380.073,FALSE,NA,NA,"<= day","daily",NA,NA,NA
"2005-01-28",370.896,FALSE,NA,NA,"<= day","daily",NA,NA,NA
"2005-01-29",364.938,FALSE,NA,NA,"<= day","daily",NA,NA,NA
"2005-01-30",354.125,FALSE,NA,NA,"<= day","daily",NA,NA,NA
"2005-01-31",354.531,FALSE,NA,NA,"<= day","daily",NA,NA,NA
"2005-02-01",360.052,FALSE,NA,NA,"<= day","daily",NA,NA,NA
"2005-02-02",359.74,FALSE,NA,NA,"<= day","daily",NA,NA,NA
"2005-02-03",351.375,FALSE,NA,NA,"<= day","daily",NA,NA,NA
"2005-02-04",347.76,FALSE,NA,NA,"<= day","daily",NA,NA,NA
"2005-02-05",337.938,FALSE,NA,NA,"<= day","daily",NA,NA,NA
"2005-02-06",332.156,FALSE,NA,NA,"<= day","daily",NA,NA,NA
"2005-02-07",332.333,FALSE,NA,NA,"<= day","daily",NA,NA,NA
"2005-02-08",325.406,FALSE,NA,NA,"<= day","daily",NA,NA,NA
"2005-02-09",329.458,FALSE,NA,NA,"<= day","daily",NA,NA,NA
"2005-02-10",328.917,FALSE,NA,NA,"<= day","daily",NA,NA,NA
"2005-02-11",339.896,FALSE,NA,NA,"<= day","daily",NA,NA,NA
"2005-02-12",388.385,FALSE,NA,NA,"<= day","daily",NA,NA,NA
"2005-02-13",605.24,FALSE,NA,NA,"<= day","daily",NA,NA,NA
"2005-02-14",728.667,FALSE,NA,NA,"<= day","daily",NA,NA,NA
"2005-02-15",658.021,FALSE,NA,NA,"<= day","daily",NA,NA,NA
"2005-02-16",553.802,FALSE,NA,NA,"<= day","daily",NA,NA,NA
"2005-02-17",520.594,FALSE,NA,NA,"<= day","daily",NA,NA,NA
"2005-02-18",498.062,FALSE,NA,NA,"<= day","daily",NA,NA,NA
"2005-02-19",491.542,FALSE,NA,NA,"<= day","daily",NA,NA,NA
"2005-02-20",489.854,FALSE,NA,NA,"<= day","daily",NA,NA,NA
"2005-02-21",480.177,FALSE,NA,NA,"<= day","daily",NA,NA,NA
"2005-02-22",464.344,FALSE,NA,NA,"<= day","daily",NA,NA,NA
"2005-02-23",460.271,FALSE,NA,NA,"<= day","daily",NA,NA,NA
"2005-02-24",458.969,FALSE,NA,NA,"<= day","daily",NA,NA,NA
"2005-02-25",452.104,FALSE,NA,NA,"<= day","daily",NA,NA,NA
"2005-02-26",450.021,FALSE,NA,NA,"<= day","daily",NA,NA,NA
"2005-02-27",449.135,FALSE,NA,NA,"<= day","daily",NA,NA,NA
"2005-02-28",448.542,FALSE,NA,NA,"<= day","daily",NA,NA,NA
"2005-03-01",445.542,FALSE,NA,NA,"<= day","daily",NA,NA,NA
"2005-03-02",447.406,FALSE,NA,NA,"<= day","daily",NA,NA,NA
"2005-03-03",462.469,FALSE,NA,NA,"<= day","daily",NA,NA,NA
"2005-03-04",460.354,FALSE,NA,NA,"<= day","daily",NA,NA,NA
"2005-03-05",456.771,FALSE,NA,NA,"<= day","daily",NA,NA,NA
"2005-03-06",456.469,FALSE,NA,NA,"<= day","daily",NA,NA,NA
"2005-03-07",448.948,FALSE,NA,NA,"<= day","daily",NA,NA,NA
"2005-03-08",450.229,FALSE,NA,NA,"<= day","daily",NA,NA,NA
"2005-03-09",448.698,FALSE,NA,NA,"<= day","daily",NA,NA,NA
"2005-03-10",440.208,FALSE,NA,NA,"<= day","daily",NA,NA,NA
"2005-03-11",412.688,FALSE,NA,NA,"<= day","daily",NA,NA,NA
"2005-03-12",425.333,FALSE,NA,NA,"<= day","daily",NA,NA,NA
"2005-03-13",444.375,FALSE,NA,NA,"<= day","daily",NA,NA,NA
"2005-03-14",461.875,FALSE,NA,NA,"<= day","daily",NA,NA,NA
"2005-03-15",496.188,FALSE,NA,NA,"<= day","daily",NA,NA,NA
"2005-03-16",636.896,FALSE,NA,NA,"<= day","daily",NA,NA,NA
"2005-03-17",816.49,FALSE,NA,NA,"<= day","daily",NA,NA,NA
"2005-03-18",945.948,FALSE,NA,NA,"<= day","daily",NA,NA,NA
"2005-03-19",984.802,FALSE,NA,NA,"<= day","daily",NA,NA,NA
"2005-03-20",988.25,FALSE,NA,NA,"<= day","daily",NA,NA,NA
"2005-03-21",962.406,FALSE,NA,NA,"<= day","daily",NA,NA,NA
"2005-03-22",916.031,FALSE,NA,NA,"<= day","daily",NA,NA,NA
"2005-03-23",859.375,FALSE,NA,NA,"<= day","daily",NA,NA,NA
"2005-03-24",835.365,FALSE,NA,NA,"<= day","daily",NA,NA,NA
"2005-03-25",833.042,FALSE,NA,NA,"<= day","daily",NA,NA,NA
"2005-03-26",849.885,FALSE,NA,NA,"<= day","daily",NA,NA,NA
"2005-03-27",851.625,FALSE,NA,NA,"<= day","daily",NA,NA,NA
"2005-03-28",841.021,FALSE,NA,NA,"<= day","daily",NA,NA,NA
"2005-03-29",829.583,FALSE,NA,NA,"<= day","daily",NA,NA,NA
"2005-03-30",841.125,FALSE,NA,NA,"<= day","daily",NA,NA,NA
"2005-03-31",901.125,FALSE,NA,NA,"<= day","daily",NA,NA,NA
"2005-04-01",914.24,FALSE,NA,NA,"<= day","daily",NA,NA,NA
"2005-04-02",898.865,FALSE,NA,NA,"<= day","daily",NA,NA,NA
"2005-04-03",871.427,FALSE,NA,NA,"<= day","daily",NA,NA,NA
"2005-04-04",849.198,FALSE,NA,NA,"<= day","daily",NA,NA,NA
"2005-04-05",839.052,FALSE,NA,NA,"<= day","daily",NA,NA,NA
"2005-04-06",830.531,FALSE,NA,NA,"<= day","daily",NA,NA,NA
"2005-04-07",825.156,FALSE,NA,NA,"<= day","daily",NA,NA,NA
"2005-04-08",825.333,FALSE,NA,NA,"<= day","daily",NA,NA,NA
"2005-04-09",813.479,FALSE,NA,NA,"<= day","daily",NA,NA,NA
"2005-04-10",784.823,FALSE,NA,NA,"<= day","daily",NA,NA,NA
"2005-04-11",771.792,FALSE,NA,NA,"<= day","daily",NA,NA,NA
"2005-04-12",756.396,FALSE,NA,NA,"<= day","daily",NA,NA,NA
"2005-04-13",756.24,FALSE,NA,NA,"<= day","daily",NA,NA,NA
"2005-04-14",740.75,FALSE,NA,NA,"<= day","daily",NA,NA,NA
"2005-04-15",715.198,FALSE,NA,NA,"<= day","daily",NA,NA,NA
"2005-04-16",711.573,FALSE,NA,NA,"<= day","daily",NA,NA,NA
"2005-04-17",714.979,FALSE,NA,NA,"<= day","daily",NA,NA,NA
"2005-04-18",713.406,FALSE,NA,NA,"<= day","daily",NA,NA,NA
"2005-04-19",710.479,FALSE,NA,NA,"<= day","daily",NA,NA,NA
"2005-04-20",696.271,FALSE,NA,NA,"<= day","daily",NA,NA,NA
"2005-04-21",706.688,FALSE,NA,NA,"<= day","daily",NA,NA,NA
"2005-04-22",693.74,FALSE,NA,NA,"<= day","daily",NA,NA,NA
"2005-04-23",657.521,FALSE,NA,NA,"<= day","daily",NA,NA,NA
"2005-04-24",647.677,FALSE,NA,NA,"<= day","daily",NA,NA,NA
"2005-04-25",647.344,FALSE,NA,NA,"<= day","daily",NA,NA,NA
"2005-04-26",642.375,FALSE,NA,NA,"<= day","daily",NA,NA,NA
"2005-04-27",594.5,FALSE,NA,NA,"<= day","daily",NA,NA,NA
"2005-04-28",578.99,FALSE,NA,NA,"<= day","daily",NA,NA,NA
"2005-04-29",575.01,FALSE,NA,NA,"<= day","daily",NA,NA,NA
"2005-04-30",567.177,FALSE,NA,NA,"<= day","daily",NA,NA,NA
"2005-05-01",567.438,FALSE,NA,NA,"<= day","daily",NA,NA,NA
"2005-05-02",551.167,FALSE,NA,NA,"<= day","daily",NA,NA,NA
"2005-05-03",556.896,FALSE,NA,NA,"<= day","daily",NA,NA,NA
"2005-05-04",577.479,FALSE,NA,NA,"<= day","daily",NA,NA,NA
"2005-05-05",580.083,FALSE,NA,NA,"<= day","daily",NA,NA,NA
"2005-05-06",575,FALSE,NA,NA,"<= day","daily",NA,NA,NA
"2005-05-07",579.917,FALSE,NA,NA,"<= day","daily",NA,NA,NA
"2005-05-08",580.427,FALSE,NA,NA,"<= day","daily",NA,NA,NA
"2005-05-09",574.615,FALSE,NA,NA,"<= day","daily",NA,NA,NA
"2005-05-10",557.802,FALSE,NA,NA,"<= day","daily",NA,NA,NA
"2005-05-11",537.083,FALSE,NA,NA,"<= day","daily",NA,NA,NA
"2005-05-12",526.646,FALSE,NA,NA,"<= day","daily",NA,NA,NA
"2005-05-13",522.25,FALSE,NA,NA,"<= day","daily",NA,NA,NA
"2005-05-14",525.323,FALSE,NA,NA,"<= day","daily",NA,NA,NA
"2005-05-15",526.917,FALSE,NA,NA,"<= day","daily",NA,NA,NA
"2005-05-16",544.604,FALSE,NA,NA,"<= day","daily",NA,NA,NA
"2005-05-17",613.823,FALSE,NA,NA,"<= day","daily",NA,NA,NA
"2005-05-18",567.844,FALSE,NA,NA,"<= day","daily",NA,NA,NA
"2005-05-19",523.354,FALSE,NA,NA,"<= day","daily",NA,NA,NA
"2005-05-20",507.125,FALSE,NA,NA,"<= day","daily",NA,NA,NA
"2005-05-21",507.073,FALSE,NA,NA,"<= day","daily",NA,NA,NA
"2005-05-22",512.688,FALSE,NA,NA,"<= day","daily",NA,NA,NA
"2005-05-23",540.104,FALSE,NA,NA,"<= day","daily",NA,NA,NA
"2005-05-24",578.385,FALSE,NA,NA,"<= day","daily",NA,NA,NA
"2005-05-25",524.177,FALSE,NA,NA,"<= day","daily",NA,NA,NA
"2005-05-26",517.25,FALSE,NA,NA,"<= day","daily",NA,NA,NA
"2005-05-27",510.542,FALSE,NA,NA,"<= day","daily",NA,NA,NA
"2005-05-28",494.646,FALSE,NA,NA,"<= day","daily",NA,NA,NA
"2005-05-29",497.625,FALSE,NA,NA,"<= day","daily",NA,NA,NA
"2005-05-30",503.125,FALSE,NA,NA,"<= day","daily",NA,NA,NA
"2005-05-31",506.875,FALSE,NA,NA,"<= day","daily",NA,NA,NA
"2005-06-01",493,FALSE,NA,NA,"<= day","daily",NA,NA,NA
"2005-06-02",483.01,FALSE,NA,NA,"<= day","daily",NA,NA,NA
"2005-06-03",461.427,FALSE,NA,NA,"<= day","daily",NA,NA,NA
"2005-06-04",475.74,FALSE,NA,NA,"<= day","daily",NA,NA,NA
"2005-06-05",467.635,FALSE,NA,NA,"<= day","daily",NA,NA,NA
"2005-06-06",457.719,FALSE,NA,NA,"<= day","daily",NA,NA,NA
"2005-06-07",457.844,FALSE,NA,NA,"<= day","daily",NA,NA,NA
"2005-06-08",457.948,FALSE,NA,NA,"<= day","daily",NA,NA,NA
"2005-06-09",451.396,FALSE,NA,NA,"<= day","daily",NA,NA,NA
"2005-06-10",447.302,FALSE,NA,NA,"<= day","daily",NA,NA,NA
"2005-06-11",455.781,FALSE,NA,NA,"<= day","daily",NA,NA,NA
"2005-06-12",452.135,FALSE,NA,NA,"<= day","daily",NA,NA,NA
"2005-06-13",437.333,FALSE,NA,NA,"<= day","daily",NA,NA,NA
"2005-06-14",442.75,FALSE,NA,NA,"<= day","daily",NA,NA,NA
"2005-06-15",431.323,FALSE,NA,NA,"<= day","daily",NA,NA,NA
"2005-06-16",406.833,FALSE,NA,NA,"<= day","daily",NA,NA,NA
"2005-06-17",401.042,FALSE,NA,NA,"<= day","daily",NA,NA,NA
"2005-06-18",399.5,FALSE,NA,NA,"<= day","daily",NA,NA,NA
"2005-06-19",400.5,FALSE,NA,NA,"<= day","daily",NA,NA,NA
"2005-06-20",399.271,FALSE,NA,NA,"<= day","daily",NA,NA,NA
"2005-06-21",398.312,FALSE,NA,NA,"<= day","daily",NA,NA,NA
"2005-06-22",390.948,FALSE,NA,NA,"<= day","daily",NA,NA,NA
"2005-06-23",372.531,FALSE,NA,NA,"<= day","daily",NA,NA,NA
"2005-06-24",390.281,FALSE,NA,NA,"<= day","daily",NA,NA,NA
"2005-06-25",472.521,FALSE,NA,NA,"<= day","daily",NA,NA,NA
"2005-06-26",429.646,FALSE,NA,NA,"<= day","daily",NA,NA,NA
"2005-06-27",390.521,FALSE,NA,NA,"<= day","daily",NA,NA,NA
"2005-06-28",374.156,FALSE,NA,NA,"<= day","daily",NA,NA,NA
"2005-06-29",364.646,FALSE,NA,NA,"<= day","daily",NA,NA,NA
"2005-06-30",377.198,FALSE,NA,NA,"<= day","daily",NA,NA,NA
"2005-07-01",356.625,FALSE,NA,NA,"<= day","daily",NA,NA,NA
"2005-07-02",348.333,FALSE,NA,NA,"<= day","daily",NA,NA,NA
"2005-07-03",346.208,FALSE,NA,NA,"<= day","daily",NA,NA,NA
"2005-07-04",356.208,FALSE,NA,NA,"<= day","daily",NA,NA,NA
"2005-07-05",387.354,FALSE,NA,NA,"<= day","daily",NA,NA,NA
"2005-07-06",372.031,FALSE,NA,NA,"<= day","daily",NA,NA,NA
"2005-07-07",378.917,FALSE,NA,NA,"<= day","daily",NA,NA,NA
"2005-07-08",377.948,FALSE,NA,NA,"<= day","daily",NA,NA,NA
"2005-07-09",392.521,FALSE,NA,NA,"<= day","daily",NA,NA,NA
"2005-07-10",389.177,FALSE,NA,NA,"<= day","daily",NA,NA,NA
"2005-07-11",464.74,FALSE,NA,NA,"<= day","daily",NA,NA,NA
"2005-07-12",420.427,FALSE,NA,NA,"<= day","daily",NA,NA,NA
"2005-07-13",407.531,FALSE,NA,NA,"<= day","daily",NA,NA,NA
"2005-07-14",374.562,FALSE,NA,NA,"<= day","daily",NA,NA,NA
"2005-07-15",360.26,FALSE,NA,NA,"<= day","daily",NA,NA,NA
"2005-07-16",357.271,FALSE,NA,NA,"<= day","daily",NA,NA,NA
"2005-07-17",357.344,FALSE,NA,NA,"<= day","daily",NA,NA,NA
"2005-07-18",361.656,FALSE,NA,NA,"<= day","daily",NA,NA,NA
"2005-07-19",374.417,FALSE,NA,NA,"<= day","daily",NA,NA,NA
"2005-07-20",369.583,FALSE,NA,NA,"<= day","daily",NA,NA,NA
"2005-07-21",367.667,FALSE,NA,NA,"<= day","daily",NA,NA,NA
"2005-07-22",354.438,FALSE,NA,NA,"<= day","daily",NA,NA,NA
"2005-07-23",352,FALSE,NA,NA,"<= day","daily",NA,NA,NA
"2005-07-24",357.844,FALSE,NA,NA,"<= day","daily",NA,NA,NA
"2005-07-25",398.385,FALSE,NA,NA,"<= day","daily",NA,NA,NA
"2005-07-26",412.156,FALSE,NA,NA,"<= day","daily",NA,NA,NA
"2005-07-27",361.156,FALSE,NA,NA,"<= day","daily",NA,NA,NA
"2005-07-28",351.292,FALSE,NA,NA,"<= day","daily",NA,NA,NA
"2005-07-29",404.042,FALSE,NA,NA,"<= day","daily",NA,NA,NA
"2005-07-30",618.125,FALSE,NA,NA,"<= day","daily",NA,NA,NA
"2005-07-31",517.177,FALSE,NA,NA,"<= day","daily",NA,NA,NA
"2005-08-01",429.667,FALSE,NA,NA,"<= day","daily",NA,NA,NA
"2005-08-02",459.458,FALSE,NA,NA,"<= day","daily",NA,NA,NA
"2005-08-03",474.833,FALSE,NA,NA,"<= day","daily",NA,NA,NA
"2005-08-04",417.896,FALSE,NA,NA,"<= day","daily",NA,NA,NA
"2005-08-05",402.177,FALSE,NA,NA,"<= day","daily",NA,NA,NA
"2005-08-06",401.927,FALSE,NA,NA,"<= day","daily",NA,NA,NA
"2005-08-07",395.802,FALSE,NA,NA,"<= day","daily",NA,NA,NA
"2005-08-08",385.521,FALSE,NA,NA,"<= day","daily",NA,NA,NA
"2005-08-09",373.083,FALSE,NA,NA,"<= day","daily",NA,NA,NA
"2005-08-10",375.542,FALSE,NA,NA,"<= day","daily",NA,NA,NA
"2005-08-11",367.396,FALSE,NA,NA,"<= day","daily",NA,NA,NA
"2005-08-12",364.729,FALSE,NA,NA,"<= day","daily",NA,NA,NA
"2005-08-13",366.771,FALSE,NA,NA,"<= day","daily",NA,NA,NA
"2005-08-14",363.5,FALSE,NA,NA,"<= day","daily",NA,NA,NA
"2005-08-15",365.927,FALSE,NA,NA,"<= day","daily",NA,NA,NA
"2005-08-16",357.344,FALSE,NA,NA,"<= day","daily",NA,NA,NA
"2005-08-17",348.125,FALSE,NA,NA,"<= day","daily",NA,NA,NA
"2005-08-18",345.042,FALSE,NA,NA,"<= day","daily",NA,NA,NA
"2005-08-19",342.01,FALSE,NA,NA,"<= day","daily",NA,NA,NA
"2005-08-20",336.583,FALSE,NA,NA,"<= day","daily",NA,NA,NA
"2005-08-21",400.833,FALSE,NA,NA,"<= day","daily",NA,NA,NA
"2005-08-22",692.271,FALSE,NA,NA,"<= day","daily",NA,NA,NA
"2005-08-23",663.594,FALSE,NA,NA,"<= day","daily",NA,NA,NA
"2005-08-24",536.906,FALSE,NA,NA,"<= day","daily",NA,NA,NA
"2005-08-25",499.01,FALSE,NA,NA,"<= day","daily",NA,NA,NA
"2005-08-26",481.646,FALSE,NA,NA,"<= day","daily",NA,NA,NA
"2005-08-27",463.208,FALSE,NA,NA,"<= day","daily",NA,NA,NA
"2005-08-28",460.24,FALSE,NA,NA,"<= day","daily",NA,NA,NA
"2005-08-29",449.729,FALSE,NA,NA,"<= day","daily",NA,NA,NA
"2005-08-30",441.333,FALSE,NA,NA,"<= day","daily",NA,NA,NA
"2005-08-31",438.344,FALSE,NA,NA,"<= day","daily",NA,NA,NA
"2005-09-01",420.833,FALSE,NA,NA,"<= day","daily",NA,NA,NA
"2005-09-02",410.125,FALSE,NA,NA,"<= day","daily",NA,NA,NA
"2005-09-03",407.271,FALSE,NA,NA,"<= day","daily",NA,NA,NA
"2005-09-04",407.229,FALSE,NA,NA,"<= day","daily",NA,NA,NA
"2005-09-05",408.271,FALSE,NA,NA,"<= day","daily",NA,NA,NA
"2005-09-06",403.135,FALSE,NA,NA,"<= day","daily",NA,NA,NA
"2005-09-07",386.844,FALSE,NA,NA,"<= day","daily",NA,NA,NA
"2005-09-08",383.542,FALSE,NA,NA,"<= day","daily",NA,NA,NA
"2005-09-09",382.375,FALSE,NA,NA,"<= day","daily",NA,NA,NA
"2005-09-10",396.24,FALSE,NA,NA,"<= day","daily",NA,NA,NA
"2005-09-11",409.229,FALSE,NA,NA,"<= day","daily",NA,NA,NA
"2005-09-12",380.74,FALSE,NA,NA,"<= day","daily",NA,NA,NA
"2005-09-13",378.625,FALSE,NA,NA,"<= day","daily",NA,NA,NA
"2005-09-14",364.938,FALSE,NA,NA,"<= day","daily",NA,NA,NA
"2005-09-15",363.5,FALSE,NA,NA,"<= day","daily",NA,NA,NA
"2005-09-16",364.792,FALSE,NA,NA,"<= day","daily",NA,NA,NA
"2005-09-17",378.729,FALSE,NA,NA,"<= day","daily",NA,NA,NA
"2005-09-18",366.135,FALSE,NA,NA,"<= day","daily",NA,NA,NA
"2005-09-19",359.104,FALSE,NA,NA,"<= day","daily",NA,NA,NA
"2005-09-20",355.594,FALSE,NA,NA,"<= day","daily",NA,NA,NA
"2005-09-21",362.292,FALSE,NA,NA,"<= day","daily",NA,NA,NA
"2005-09-22",371.458,FALSE,NA,NA,"<= day","daily",NA,NA,NA
"2005-09-23",367.771,FALSE,NA,NA,"<= day","daily",NA,NA,NA
"2005-09-24",370.042,FALSE,NA,NA,"<= day","daily",NA,NA,NA
"2005-09-25",363.354,FALSE,NA,NA,"<= day","daily",NA,NA,NA
"2005-09-26",362.229,FALSE,NA,NA,"<= day","daily",NA,NA,NA
"2005-09-27",363.156,FALSE,NA,NA,"<= day","daily",NA,NA,NA
"2005-09-28",359.677,FALSE,NA,NA,"<= day","daily",NA,NA,NA
"2005-09-29",358.542,FALSE,NA,NA,"<= day","daily",NA,NA,NA
"2005-09-30",356.802,FALSE,NA,NA,"<= day","daily",NA,NA,NA
"2005-10-01",366.802,FALSE,NA,NA,"<= day","daily",NA,NA,NA
"2005-10-02",380.198,FALSE,NA,NA,"<= day","daily",NA,NA,NA
"2005-10-03",362.427,FALSE,NA,NA,"<= day","daily",NA,NA,NA
"2005-10-04",356.469,FALSE,NA,NA,"<= day","daily",NA,NA,NA
"2005-10-05",350.604,FALSE,NA,NA,"<= day","daily",NA,NA,NA
"2005-10-06",346.604,FALSE,NA,NA,"<= day","daily",NA,NA,NA
"2005-10-07",340.26,FALSE,NA,NA,"<= day","daily",NA,NA,NA
"2005-10-08",335.042,FALSE,NA,NA,"<= day","daily",NA,NA,NA
"2005-10-09",335.156,FALSE,NA,NA,"<= day","daily",NA,NA,NA
"2005-10-10",331.677,FALSE,NA,NA,"<= day","daily",NA,NA,NA
"2005-10-11",330.427,FALSE,NA,NA,"<= day","daily",NA,NA,NA
"2005-10-12",327.021,FALSE,NA,NA,"<= day","daily",NA,NA,NA
"2005-10-13",327.906,FALSE,NA,NA,"<= day","daily",NA,NA,NA
"2005-10-14",323.469,FALSE,NA,NA,"<= day","daily",NA,NA,NA
"2005-10-15",320.292,FALSE,NA,NA,"<= day","daily",NA,NA,NA
"2005-10-16",318.219,FALSE,NA,NA,"<= day","daily",NA,NA,NA
"2005-10-17",312.427,FALSE,NA,NA,"<= day","daily",NA,NA,NA
"2005-10-18",313.594,FALSE,NA,NA,"<= day","daily",NA,NA,NA
"2005-10-19",313.656,FALSE,NA,NA,"<= day","daily",NA,NA,NA
"2005-10-20",311.406,FALSE,NA,NA,"<= day","daily",NA,NA,NA
"2005-10-21",311.573,FALSE,NA,NA,"<= day","daily",NA,NA,NA
"2005-10-22",314.75,FALSE,NA,NA,"<= day","daily",NA,NA,NA
"2005-10-23",312.021,FALSE,NA,NA,"<= day","daily",NA,NA,NA
"2005-10-24",312.906,FALSE,NA,NA,"<= day","daily",NA,NA,NA
"2005-10-25",308.583,FALSE,NA,NA,"<= day","daily",NA,NA,NA
"2005-10-26",305.24,FALSE,NA,NA,"<= day","daily",NA,NA,NA
"2005-10-27",297.875,FALSE,NA,NA,"<= day","daily",NA,NA,NA
"2005-10-28",294.406,FALSE,NA,NA,"<= day","daily",NA,NA,NA
"2005-10-29",294.917,FALSE,NA,NA,"<= day","daily",NA,NA,NA
"2005-10-30",300.458,FALSE,NA,NA,"<= day","daily",NA,NA,NA
"2005-10-31",298.427,FALSE,NA,NA,"<= day","daily",NA,NA,NA
"2005-11-01",296.792,FALSE,NA,NA,"<= day","daily",NA,NA,NA
"2005-11-02",296.125,FALSE,NA,NA,"<= day","daily",NA,NA,NA
"2005-11-03",305.25,FALSE,NA,NA,"<= day","daily",NA,NA,NA
"2005-11-04",296.26,FALSE,NA,NA,"<= day","daily",NA,NA,NA
"2005-11-05",294.469,FALSE,NA,NA,"<= day","daily",NA,NA,NA
"2005-11-06",285.115,FALSE,NA,NA,"<= day","daily",NA,NA,NA
"2005-11-07",274.51,FALSE,NA,NA,"<= day","daily",NA,NA,NA
"2005-11-08",272.365,FALSE,NA,NA,"<= day","daily",NA,NA,NA
"2005-11-09",273.5,FALSE,NA,NA,"<= day","daily",NA,NA,NA
"2005-11-10",272.271,FALSE,NA,NA,"<= day","daily",NA,NA,NA
"2005-11-11",272.688,FALSE,NA,NA,"<= day","daily",NA,NA,NA
"2005-11-12",276.385,FALSE,NA,NA,"<= day","daily",NA,NA,NA
"2005-11-13",272.177,FALSE,NA,NA,"<= day","daily",NA,NA,NA
"2005-11-14",272.156,FALSE,NA,NA,"<= day","daily",NA,NA,NA
"2005-11-15",268.104,FALSE,NA,NA,"<= day","daily",NA,NA,NA
"2005-11-16",263.219,FALSE,NA,NA,"<= day","daily",NA,NA,NA
"2005-11-17",259.885,FALSE,NA,NA,"<= day","daily",NA,NA,NA
"2005-11-18",261.25,FALSE,NA,NA,"<= day","daily",NA,NA,NA
"2005-11-19",259.062,FALSE,NA,NA,"<= day","daily",NA,NA,NA
"2005-11-20",255.948,FALSE,NA,NA,"<= day","daily",NA,NA,NA
"2005-11-21",253.115,FALSE,NA,NA,"<= day","daily",NA,NA,NA
"2005-11-22",255.521,FALSE,NA,NA,"<= day","daily",NA,NA,NA
"2005-11-23",251.177,FALSE,NA,NA,"<= day","daily",NA,NA,NA
"2005-11-24",251.042,FALSE,NA,NA,"<= day","daily",NA,NA,NA
"2005-11-25",247.844,FALSE,NA,NA,"<= day","daily",NA,NA,NA
"2005-11-26",252.521,FALSE,NA,NA,"<= day","daily",NA,NA,NA
"2005-11-27",245.26,FALSE,NA,NA,"<= day","daily",NA,NA,NA
"2005-11-28",241.698,FALSE,NA,NA,"<= day","daily",NA,NA,NA
"2005-11-29",238.135,FALSE,NA,NA,"<= day","daily",NA,NA,NA
"2005-11-30",241.375,FALSE,NA,NA,"<= day","daily",NA,NA,NA
"2005-12-01",247.573,FALSE,NA,NA,"<= day","daily",NA,NA,NA
"2005-12-02",248.354,FALSE,NA,NA,"<= day","daily",NA,NA,NA
"2005-12-03",260.125,FALSE,NA,NA,"<= day","daily",NA,NA,NA
"2005-12-04",260.281,FALSE,NA,NA,"<= day","daily",NA,NA,NA
"2005-12-05",268.615,FALSE,NA,NA,"<= day","daily",NA,NA,NA
"2005-12-06",259.615,FALSE,NA,NA,"<= day","daily",NA,NA,NA
"2005-12-07",249.781,FALSE,NA,NA,"<= day","daily",NA,NA,NA
"2005-12-08",244.906,FALSE,NA,NA,"<= day","daily",NA,NA,NA
"2005-12-09",245.5,FALSE,NA,NA,"<= day","daily",NA,NA,NA
"2005-12-10",243.698,FALSE,NA,NA,"<= day","daily",NA,NA,NA
"2005-12-11",239.677,FALSE,NA,NA,"<= day","daily",NA,NA,NA
"2005-12-12",238.427,FALSE,NA,NA,"<= day","daily",NA,NA,NA
"2005-12-13",233.99,FALSE,NA,NA,"<= day","daily",NA,NA,NA
"2005-12-14",228.01,FALSE,NA,NA,"<= day","daily",NA,NA,NA
"2005-12-15",223.323,FALSE,NA,NA,"<= day","daily",NA,NA,NA
"2005-12-16",234.354,FALSE,NA,NA,"<= day","daily",NA,NA,NA
"2005-12-17",252.958,FALSE,NA,NA,"<= day","daily",NA,NA,NA
"2005-12-18",238.146,FALSE,NA,NA,"<= day","daily",NA,NA,NA
"2005-12-19",223.625,FALSE,NA,NA,"<= day","daily",NA,NA,NA
"2005-12-20",224.115,FALSE,NA,NA,"<= day","daily",NA,NA,NA
"2005-12-21",222.406,FALSE,NA,NA,"<= day","daily",NA,NA,NA
"2005-12-22",222.573,FALSE,NA,NA,"<= day","daily",NA,NA,NA
"2005-12-23",225.979,FALSE,NA,NA,"<= day","daily",NA,NA,NA
"2005-12-24",226.01,FALSE,NA,NA,"<= day","daily",NA,NA,NA
"2005-12-25",235.417,FALSE,NA,NA,"<= day","daily",NA,NA,NA
"2005-12-26",232.927,FALSE,NA,NA,"<= day","daily",NA,NA,NA
"2005-12-27",232.865,FALSE,NA,NA,"<= day","daily",NA,NA,NA
"2005-12-28",232.885,FALSE,NA,NA,"<= day","daily",NA,NA,NA
"2005-12-29",231.792,FALSE,NA,NA,"<= day","daily",NA,NA,NA
"2005-12-30",229.865,FALSE,NA,NA,"<= day","daily",NA,NA,NA
"2005-12-31",235.323,FALSE,NA,NA,"<= day","daily",NA,NA,NA
"2006-01-01",255.188,FALSE,NA,NA,"<= day","daily",NA,NA,NA
"2006-01-02",260.948,FALSE,NA,NA,"<= day","daily",NA,NA,NA
"2006-01-03",251.823,FALSE,NA,NA,"<= day","daily",NA,NA,NA
"2006-01-04",246.552,FALSE,NA,NA,"<= day","daily",NA,NA,NA
"2006-01-05",255.417,FALSE,NA,NA,"<= day","daily",NA,NA,NA
"2006-01-06",253.042,FALSE,NA,NA,"<= day","daily",NA,NA,NA
"2006-01-07",253.5,FALSE,NA,NA,"<= day","daily",NA,NA,NA
"2006-01-08",252.271,FALSE,NA,NA,"<= day","daily",NA,NA,NA
"2006-01-09",251.885,FALSE,NA,NA,"<= day","daily",NA,NA,NA
"2006-01-10",249.875,FALSE,NA,NA,"<= day","daily",NA,NA,NA
"2006-01-11",242.062,FALSE,NA,NA,"<= day","daily",NA,NA,NA
"2006-01-12",245.469,FALSE,NA,NA,"<= day","daily",NA,NA,NA
"2006-01-13",252.844,FALSE,NA,NA,"<= day","daily",NA,NA,NA
"2006-01-14",248.49,FALSE,NA,NA,"<= day","daily",NA,NA,NA
"2006-01-15",245.115,FALSE,NA,NA,"<= day","daily",NA,NA,NA
"2006-01-16",248.323,FALSE,NA,NA,"<= day","daily",NA,NA,NA
"2006-01-17",259.885,FALSE,NA,NA,"<= day","daily",NA,NA,NA
"2006-01-18",329.188,FALSE,NA,NA,"<= day","daily",NA,NA,NA
"2006-01-19",323,FALSE,NA,NA,"<= day","daily",NA,NA,NA
"2006-01-20",282.885,FALSE,NA,NA,"<= day","daily",NA,NA,NA
"2006-01-21",297.135,FALSE,NA,NA,"<= day","daily",NA,NA,NA
"2006-01-22",293.656,FALSE,NA,NA,"<= day","daily",NA,NA,NA
"2006-01-23",275.646,FALSE,NA,NA,"<= day","daily",NA,NA,NA
"2006-01-24",260.01,FALSE,NA,NA,"<= day","daily",NA,NA,NA
"2006-01-25",261.667,FALSE,NA,NA,"<= day","daily",NA,NA,NA
"2006-01-26",262.302,FALSE,NA,NA,"<= day","daily",NA,NA,NA
"2006-01-27",248.052,FALSE,NA,NA,"<= day","daily",NA,NA,NA
"2006-01-28",246.562,FALSE,NA,NA,"<= day","daily",NA,NA,NA
"2006-01-29",240.219,FALSE,NA,NA,"<= day","daily",NA,NA,NA
"2006-01-30",239,FALSE,NA,NA,"<= day","daily",NA,NA,NA
"2006-01-31",239.688,FALSE,NA,NA,"<= day","daily",NA,NA,NA
"2006-02-01",243.385,FALSE,NA,NA,"<= day","daily",NA,NA,NA
"2006-02-02",239.75,FALSE,NA,NA,"<= day","daily",NA,NA,NA
"2006-02-03",242.906,FALSE,NA,NA,"<= day","daily",NA,NA,NA
"2006-02-04",235.896,FALSE,NA,NA,"<= day","daily",NA,NA,NA
"2006-02-05",232.229,FALSE,NA,NA,"<= day","daily",NA,NA,NA
"2006-02-06",237.448,FALSE,NA,NA,"<= day","daily",NA,NA,NA
"2006-02-07",245.135,FALSE,NA,NA,"<= day","daily",NA,NA,NA
"2006-02-08",238.771,FALSE,NA,NA,"<= day","daily",NA,NA,NA
"2006-02-09",243.729,FALSE,NA,NA,"<= day","daily",NA,NA,NA
"2006-02-10",238.052,FALSE,NA,NA,"<= day","daily",NA,NA,NA
"2006-02-11",230.219,FALSE,NA,NA,"<= day","daily",NA,NA,NA
"2006-02-12",229,FALSE,NA,NA,"<= day","daily",NA,NA,NA
"2006-02-13",228.885,FALSE,NA,NA,"<= day","daily",NA,NA,NA
"2006-02-14",234.094,FALSE,NA,NA,"<= day","daily",NA,NA,NA
"2006-02-15",324.177,FALSE,NA,NA,"<= day","daily",NA,NA,NA
"2006-02-16",687.552,FALSE,NA,NA,"<= day","daily",NA,NA,NA
"2006-02-17",882.417,FALSE,NA,NA,"<= day","daily",NA,NA,NA
"2006-02-18",878.635,FALSE,NA,NA,"<= day","daily",NA,NA,NA
"2006-02-19",833.125,FALSE,NA,NA,"<= day","daily",NA,NA,NA
"2006-02-20",744.427,FALSE,NA,NA,"<= day","daily",NA,NA,NA
"2006-02-21",624.062,FALSE,NA,NA,"<= day","daily",NA,NA,NA
"2006-02-22",532.531,FALSE,NA,NA,"<= day","daily",NA,NA,NA
"2006-02-23",484.5,FALSE,NA,NA,"<= day","daily",NA,NA,NA
"2006-02-24",456.01,FALSE,NA,NA,"<= day","daily",NA,NA,NA
"2006-02-25",444.708,FALSE,NA,NA,"<= day","daily",NA,NA,NA
"2006-02-26",431.875,FALSE,NA,NA,"<= day","daily",NA,NA,NA
"2006-02-27",412.708,FALSE,NA,NA,"<= day","daily",NA,NA,NA
"2006-02-28",411.771,FALSE,NA,NA,"<= day","daily",NA,NA,NA
"2006-03-01",407.812,FALSE,NA,NA,"<= day","daily",NA,NA,NA
"2006-03-02",407,FALSE,NA,NA,"<= day","daily",NA,NA,NA
"2006-03-03",430.49,FALSE,NA,NA,"<= day","daily",NA,NA,NA
"2006-03-04",576.219,FALSE,NA,NA,"<= day","daily",NA,NA,NA
"2006-03-05",541.625,FALSE,NA,NA,"<= day","daily",NA,NA,NA
"2006-03-06",468.104,FALSE,NA,NA,"<= day","daily",NA,NA,NA
"2006-03-07",459,FALSE,NA,NA,"<= day","daily",NA,NA,NA
"2006-03-08",478.656,FALSE,NA,NA,"<= day","daily",NA,NA,NA
"2006-03-09",664.688,FALSE,NA,NA,"<= day","daily",NA,NA,NA
"2006-03-10",969.385,FALSE,NA,NA,"<= day","daily",NA,NA,NA
"2006-03-11",1050.656,FALSE,NA,NA,"<= day","daily",NA,NA,NA
"2006-03-12",1057.562,FALSE,NA,NA,"<= day","daily",NA,NA,NA
"2006-03-13",1049.844,FALSE,NA,NA,"<= day","daily",NA,NA,NA
"2006-03-14",1033.896,FALSE,NA,NA,"<= day","daily",NA,NA,NA
"2006-03-15",993.052,FALSE,NA,NA,"<= day","daily",NA,NA,NA
"2006-03-16",967.927,FALSE,NA,NA,"<= day","daily",NA,NA,NA
"2006-03-17",916.417,FALSE,NA,NA,"<= day","daily",NA,NA,NA
"2006-03-18",885.198,FALSE,NA,NA,"<= day","daily",NA,NA,NA
"2006-03-19",857.635,FALSE,NA,NA,"<= day","daily",NA,NA,NA
"2006-03-20",839.281,FALSE,NA,NA,"<= day","daily",NA,NA,NA
"2006-03-21",840.667,FALSE,NA,NA,"<= day","daily",NA,NA,NA
"2006-03-22",843.938,FALSE,NA,NA,"<= day","daily",NA,NA,NA
"2006-03-23",846.594,FALSE,NA,NA,"<= day","daily",NA,NA,NA
"2006-03-24",846.312,FALSE,NA,NA,"<= day","daily",NA,NA,NA
"2006-03-25",841.812,FALSE,NA,NA,"<= day","daily",NA,NA,NA
"2006-03-26",840.656,FALSE,NA,NA,"<= day","daily",NA,NA,NA
"2006-03-27",838.406,FALSE,NA,NA,"<= day","daily",NA,NA,NA
"2006-03-28",836.74,FALSE,NA,NA,"<= day","daily",NA,NA,NA
"2006-03-29",826.542,FALSE,NA,NA,"<= day","daily",NA,NA,NA
"2006-03-30",809.667,FALSE,NA,NA,"<= day","daily",NA,NA,NA
"2006-03-31",789.771,FALSE,NA,NA,"<= day","daily",NA,NA,NA
"2006-04-01",783.146,FALSE,NA,NA,"<= day","daily",NA,NA,NA
"2006-04-02",775.062,FALSE,NA,NA,"<= day","daily",NA,NA,NA
"2006-04-03",777.667,FALSE,NA,NA,"<= day","daily",NA,NA,NA
"2006-04-04",781.281,FALSE,NA,NA,"<= day","daily",NA,NA,NA
"2006-04-05",791.458,FALSE,NA,NA,"<= day","daily",NA,NA,NA
"2006-04-06",827.688,FALSE,NA,NA,"<= day","daily",NA,NA,NA
"2006-04-07",838.656,FALSE,NA,NA,"<= day","daily",NA,NA,NA
"2006-04-08",831.146,FALSE,NA,NA,"<= day","daily",NA,NA,NA
"2006-04-09",829.354,FALSE,NA,NA,"<= day","daily",NA,NA,NA
"2006-04-10",860.146,FALSE,NA,NA,"<= day","daily",NA,NA,NA
"2006-04-11",989.042,FALSE,NA,NA,"<= day","daily",NA,NA,NA
"2006-04-12",1048.75,FALSE,NA,NA,"<= day","daily",NA,NA,NA
"2006-04-13",1052.719,FALSE,NA,NA,"<= day","daily",NA,NA,NA
"2006-04-14",1043.115,FALSE,NA,NA,"<= day","daily",NA,NA,NA
"2006-04-15",1010.75,FALSE,NA,NA,"<= day","daily",NA,NA,NA
"2006-04-16",999.375,FALSE,NA,NA,"<= day","daily",NA,NA,NA
"2006-04-17",991.927,FALSE,NA,NA,"<= day","daily",NA,NA,NA
"2006-04-18",969.927,FALSE,NA,NA,"<= day","daily",NA,NA,NA
"2006-04-19",942.865,FALSE,NA,NA,"<= day","daily",NA,NA,NA
"2006-04-20",924.062,FALSE,NA,NA,"<= day","daily",NA,NA,NA
"2006-04-21",911.938,FALSE,NA,NA,"<= day","daily",NA,NA,NA
"2006-04-22",905.125,FALSE,NA,NA,"<= day","daily",NA,NA,NA
"2006-04-23",897.865,FALSE,NA,NA,"<= day","daily",NA,NA,NA
"2006-04-24",880.292,FALSE,NA,NA,"<= day","daily",NA,NA,NA
"2006-04-25",852.083,FALSE,NA,NA,"<= day","daily",NA,NA,NA
"2006-04-26",849.594,FALSE,NA,NA,"<= day","daily",NA,NA,NA
"2006-04-27",848.969,FALSE,NA,NA,"<= day","daily",NA,NA,NA
"2006-04-28",839.927,FALSE,NA,NA,"<= day","daily",NA,NA,NA
"2006-04-29",821.417,FALSE,NA,NA,"<= day","daily",NA,NA,NA
"2006-04-30",801.073,FALSE,NA,NA,"<= day","daily",NA,NA,NA
"2006-05-01",780.198,FALSE,NA,NA,"<= day","daily",NA,NA,NA
"2006-05-02",768.792,FALSE,NA,NA,"<= day","daily",NA,NA,NA
"2006-05-03",751.792,FALSE,NA,NA,"<= day","daily",NA,NA,NA
"2006-05-04",739.531,FALSE,NA,NA,"<= day","daily",NA,NA,NA
"2006-05-05",712.562,FALSE,NA,NA,"<= day","daily",NA,NA,NA
"2006-05-06",692.031,FALSE,NA,NA,"<= day","daily",NA,NA,NA
"2006-05-07",694.688,FALSE,NA,NA,"<= day","daily",NA,NA,NA
"2006-05-08",694.844,FALSE,NA,NA,"<= day","daily",NA,NA,NA
"2006-05-09",698.667,FALSE,NA,NA,"<= day","daily",NA,NA,NA
"2006-05-10",699.073,FALSE,NA,NA,"<= day","daily",NA,NA,NA
"2006-05-11",681.719,FALSE,NA,NA,"<= day","daily",NA,NA,NA
"2006-05-12",670.49,FALSE,NA,NA,"<= day","daily",NA,NA,NA
"2006-05-13",669,FALSE,NA,NA,"<= day","daily",NA,NA,NA
"2006-05-14",665.792,FALSE,NA,NA,"<= day","daily",NA,NA,NA
"2006-05-15",644.448,FALSE,NA,NA,"<= day","daily",NA,NA,NA
"2006-05-16",639.094,FALSE,NA,NA,"<= day","daily",NA,NA,NA
"2006-05-17",642.5,FALSE,NA,NA,"<= day","daily",NA,NA,NA
"2006-05-18",645.802,FALSE,NA,NA,"<= day","daily",NA,NA,NA
"2006-05-19",683.177,FALSE,NA,NA,"<= day","daily",NA,NA,NA
"2006-05-20",641.594,FALSE,NA,NA,"<= day","daily",NA,NA,NA
"2006-05-21",630.062,FALSE,NA,NA,"<= day","daily",NA,NA,NA
"2006-05-22",625.229,FALSE,NA,NA,"<= day","daily",NA,NA,NA
"2006-05-23",606.906,FALSE,NA,NA,"<= day","daily",NA,NA,NA
"2006-05-24",580.333,FALSE,NA,NA,"<= day","daily",NA,NA,NA
"2006-05-25",576.229,FALSE,NA,NA,"<= day","daily",NA,NA,NA
"2006-05-26",577.729,FALSE,NA,NA,"<= day","daily",NA,NA,NA
"2006-05-27",581.208,FALSE,NA,NA,"<= day","daily",NA,NA,NA
"2006-05-28",604.615,FALSE,NA,NA,"<= day","daily",NA,NA,NA
"2006-05-29",630.229,FALSE,NA,NA,"<= day","daily",NA,NA,NA
"2006-05-30",667.438,FALSE,NA,NA,"<= day","daily",NA,NA,NA
"2006-05-31",633.062,FALSE,NA,NA,"<= day","daily",NA,NA,NA
"2006-06-01",585.219,FALSE,NA,NA,"<= day","daily",NA,NA,NA
"2006-06-02",573.521,FALSE,NA,NA,"<= day","daily",NA,NA,NA
"2006-06-03",556.167,FALSE,NA,NA,"<= day","daily",NA,NA,NA
"2006-06-04",558.917,FALSE,NA,NA,"<= day","daily",NA,NA,NA
"2006-06-05",555.99,FALSE,NA,NA,"<= day","daily",NA,NA,NA
"2006-06-06",530.312,FALSE,NA,NA,"<= day","daily",NA,NA,NA
"2006-06-07",527.146,FALSE,NA,NA,"<= day","daily",NA,NA,NA
"2006-06-08",513.344,FALSE,NA,NA,"<= day","daily",NA,NA,NA
"2006-06-09",506.635,FALSE,NA,NA,"<= day","daily",NA,NA,NA
"2006-06-10",489.688,FALSE,NA,NA,"<= day","daily",NA,NA,NA
"2006-06-11",489.177,FALSE,NA,NA,"<= day","daily",NA,NA,NA
"2006-06-12",480.979,FALSE,NA,NA,"<= day","daily",NA,NA,NA
"2006-06-13",471.542,FALSE,NA,NA,"<= day","daily",NA,NA,NA
"2006-06-14",476.49,FALSE,NA,NA,"<= day","daily",NA,NA,NA
"2006-06-15",480.521,FALSE,NA,NA,"<= day","daily",NA,NA,NA
"2006-06-16",474.573,FALSE,NA,NA,"<= day","daily",NA,NA,NA
"2006-06-17",464.625,FALSE,NA,NA,"<= day","daily",NA,NA,NA
"2006-06-18",462.656,FALSE,NA,NA,"<= day","daily",NA,NA,NA
"2006-06-19",458.917,FALSE,NA,NA,"<= day","daily",NA,NA,NA
"2006-06-20",450.365,FALSE,NA,NA,"<= day","daily",NA,NA,NA
"2006-06-21",457.271,FALSE,NA,NA,"<= day","daily",NA,NA,NA
"2006-06-22",447.396,FALSE,NA,NA,"<= day","daily",NA,NA,NA
"2006-06-23",444.094,FALSE,NA,NA,"<= day","daily",NA,NA,NA
"2006-06-24",427.917,FALSE,NA,NA,"<= day","daily",NA,NA,NA
"2006-06-25",430.167,FALSE,NA,NA,"<= day","daily",NA,NA,NA
"2006-06-26",432.781,FALSE,NA,NA,"<= day","daily",NA,NA,NA
"2006-06-27",442.24,FALSE,NA,NA,"<= day","daily",NA,NA,NA
"2006-06-28",462.094,FALSE,NA,NA,"<= day","daily",NA,NA,NA
"2006-06-29",445.031,FALSE,NA,NA,"<= day","daily",NA,NA,NA
"2006-06-30",429.354,FALSE,NA,NA,"<= day","daily",NA,NA,NA
"2006-07-01",411.385,FALSE,NA,NA,"<= day","daily",NA,NA,NA
"2006-07-02",404.396,FALSE,NA,NA,"<= day","daily",NA,NA,NA
"2006-07-03",397.615,FALSE,NA,NA,"<= day","daily",NA,NA,NA
"2006-07-04",402.677,FALSE,NA,NA,"<= day","daily",NA,NA,NA
"2006-07-05",406.604,FALSE,NA,NA,"<= day","daily",NA,NA,NA
"2006-07-06",517.042,FALSE,NA,NA,"<= day","daily",NA,NA,NA
"2006-07-07",640.344,FALSE,NA,NA,"<= day","daily",NA,NA,NA
"2006-07-08",571.979,FALSE,NA,NA,"<= day","daily",NA,NA,NA
"2006-07-09",489.854,FALSE,NA,NA,"<= day","daily",NA,NA,NA
"2006-07-10",442.562,FALSE,NA,NA,"<= day","daily",NA,NA,NA
"2006-07-11",429.115,FALSE,NA,NA,"<= day","daily",NA,NA,NA
"2006-07-12",419.375,FALSE,NA,NA,"<= day","daily",NA,NA,NA
"2006-07-13",434.656,FALSE,NA,NA,"<= day","daily",NA,NA,NA
"2006-07-14",414.969,FALSE,NA,NA,"<= day","daily",NA,NA,NA
"2006-07-15",409.042,FALSE,NA,NA,"<= day","daily",NA,NA,NA
"2006-07-16",407.042,FALSE,NA,NA,"<= day","daily",NA,NA,NA
"2006-07-17",401.833,FALSE,NA,NA,"<= day","daily",NA,NA,NA
"2006-07-18",377.573,FALSE,NA,NA,"<= day","daily",NA,NA,NA
"2006-07-19",364.219,FALSE,NA,NA,"<= day","daily",NA,NA,NA
"2006-07-20",366.146,FALSE,NA,NA,"<= day","daily",NA,NA,NA
"2006-07-21",370.615,FALSE,NA,NA,"<= day","daily",NA,NA,NA
"2006-07-22",368.25,FALSE,NA,NA,"<= day","daily",NA,NA,NA
"2006-07-23",373.615,FALSE,NA,NA,"<= day","daily",NA,NA,NA
"2006-07-24",385.052,FALSE,NA,NA,"<= day","daily",NA,NA,NA
"2006-07-25",358.292,FALSE,NA,NA,"<= day","daily",NA,NA,NA
"2006-07-26",342.031,FALSE,NA,NA,"<= day","daily",NA,NA,NA
"2006-07-27",345.844,FALSE,NA,NA,"<= day","daily",NA,NA,NA
"2006-07-28",381.917,FALSE,NA,NA,"<= day","daily",NA,NA,NA
"2006-07-29",373.542,FALSE,NA,NA,"<= day","daily",NA,NA,NA
"2006-07-30",365.135,FALSE,NA,NA,"<= day","daily",NA,NA,NA
"2006-07-31",370.719,FALSE,NA,NA,"<= day","daily",NA,NA,NA
"2006-08-01",376.25,FALSE,NA,NA,"<= day","daily",NA,NA,NA
"2006-08-02",372.292,FALSE,NA,NA,"<= day","daily",NA,NA,NA
"2006-08-03",379.208,FALSE,NA,NA,"<= day","daily",NA,NA,NA
"2006-08-04",411.896,FALSE,NA,NA,"<= day","daily",NA,NA,NA
"2006-08-05",391.688,FALSE,NA,NA,"<= day","daily",NA,NA,NA
"2006-08-06",399.521,FALSE,NA,NA,"<= day","daily",NA,NA,NA
"2006-08-07",384.656,FALSE,NA,NA,"<= day","daily",NA,NA,NA
"2006-08-08",377.281,FALSE,NA,NA,"<= day","daily",NA,NA,NA
"2006-08-09",368.146,FALSE,NA,NA,"<= day","daily",NA,NA,NA
"2006-08-10",365.552,FALSE,NA,NA,"<= day","daily",NA,NA,NA
"2006-08-11",372.875,FALSE,NA,NA,"<= day","daily",NA,NA,NA
"2006-08-12",375.042,FALSE,NA,NA,"<= day","daily",NA,NA,NA
"2006-08-13",370.583,FALSE,NA,NA,"<= day","daily",NA,NA,NA
"2006-08-14",366.667,FALSE,NA,NA,"<= day","daily",NA,NA,NA
"2006-08-15",355.438,FALSE,NA,NA,"<= day","daily",NA,NA,NA
"2006-08-16",349.854,FALSE,NA,NA,"<= day","daily",NA,NA,NA
"2006-08-17",348.25,FALSE,NA,NA,"<= day","daily",NA,NA,NA
"2006-08-18",368.792,FALSE,NA,NA,"<= day","daily",NA,NA,NA
"2006-08-19",365.354,FALSE,NA,NA,"<= day","daily",NA,NA,NA
"2006-08-20",362.281,FALSE,NA,NA,"<= day","daily",NA,NA,NA
"2006-08-21",350.344,FALSE,NA,NA,"<= day","daily",NA,NA,NA
"2006-08-22",342.667,FALSE,NA,NA,"<= day","daily",NA,NA,NA
"2006-08-23",335.5,FALSE,NA,NA,"<= day","daily",NA,NA,NA
"2006-08-24",341.417,FALSE,NA,NA,"<= day","daily",NA,NA,NA
"2006-08-25",340.125,FALSE,NA,NA,"<= day","daily",NA,NA,NA
"2006-08-26",332.927,FALSE,NA,NA,"<= day","daily",NA,NA,NA
"2006-08-27",336.354,FALSE,NA,NA,"<= day","daily",NA,NA,NA
"2006-08-28",348.25,FALSE,NA,NA,"<= day","daily",NA,NA,NA
"2006-08-29",375.854,FALSE,NA,NA,"<= day","daily",NA,NA,NA
"2006-08-30",359.75,FALSE,NA,NA,"<= day","daily",NA,NA,NA
"2006-08-31",338.083,FALSE,NA,NA,"<= day","daily",NA,NA,NA
"2006-09-01",329.25,FALSE,NA,NA,"<= day","daily",NA,NA,NA
"2006-09-02",334.438,FALSE,NA,NA,"<= day","daily",NA,NA,NA
"2006-09-03",331.344,FALSE,NA,NA,"<= day","daily",NA,NA,NA
"2006-09-04",316.75,FALSE,NA,NA,"<= day","daily",NA,NA,NA
"2006-09-05",310.385,FALSE,NA,NA,"<= day","daily",NA,NA,NA
"2006-09-06",313.781,FALSE,NA,NA,"<= day","daily",NA,NA,NA
"2006-09-07",317.344,FALSE,NA,NA,"<= day","daily",NA,NA,NA
"2006-09-08",317.365,FALSE,NA,NA,"<= day","daily",NA,NA,NA
"2006-09-09",318.729,FALSE,NA,NA,"<= day","daily",NA,NA,NA
"2006-09-10",318.427,FALSE,NA,NA,"<= day","daily",NA,NA,NA
"2006-09-11",316.052,FALSE,NA,NA,"<= day","daily",NA,NA,NA
"2006-09-12",323,FALSE,NA,NA,"<= day","daily",NA,NA,NA
"2006-09-13",315.396,FALSE,NA,NA,"<= day","daily",NA,NA,NA
"2006-09-14",312.615,FALSE,NA,NA,"<= day","daily",NA,NA,NA
"2006-09-15",314.594,FALSE,NA,NA,"<= day","daily",NA,NA,NA
"2006-09-16",316.26,FALSE,NA,NA,"<= day","daily",NA,NA,NA
"2006-09-17",324.854,FALSE,NA,NA,"<= day","daily",NA,NA,NA
"2006-09-18",327.448,FALSE,NA,NA,"<= day","daily",NA,NA,NA
"2006-09-19",318.406,FALSE,NA,NA,"<= day","daily",NA,NA,NA
"2006-09-20",304.875,FALSE,NA,NA,"<= day","daily",NA,NA,NA
"2006-09-21",304.948,FALSE,NA,NA,"<= day","daily",NA,NA,NA
"2006-09-22",295.021,FALSE,NA,NA,"<= day","daily",NA,NA,NA
"2006-09-23",282.667,FALSE,NA,NA,"<= day","daily",NA,NA,NA
"2006-09-24",281.219,FALSE,NA,NA,"<= day","daily",NA,NA,NA
"2006-09-25",304.24,FALSE,NA,NA,"<= day","daily",NA,NA,NA
"2006-09-26",369.469,FALSE,NA,NA,"<= day","daily",NA,NA,NA
"2006-09-27",339.542,FALSE,NA,NA,"<= day","daily",NA,NA,NA
"2006-09-28",314.771,FALSE,NA,NA,"<= day","daily",NA,NA,NA
"2006-09-29",309.177,FALSE,NA,NA,"<= day","daily",NA,NA,NA
"2006-09-30",311.167,FALSE,NA,NA,"<= day","daily",NA,NA,NA
"2006-10-01",332.5,FALSE,NA,NA,"<= day","daily",NA,NA,NA
"2006-10-02",325.812,FALSE,NA,NA,"<= day","daily",NA,NA,NA
"2006-10-03",430.708,FALSE,NA,NA,"<= day","daily",NA,NA,NA
"2006-10-04",534.073,FALSE,NA,NA,"<= day","daily",NA,NA,NA
"2006-10-05",407.938,FALSE,NA,NA,"<= day","daily",NA,NA,NA
"2006-10-06",345.99,FALSE,NA,NA,"<= day","daily",NA,NA,NA
"2006-10-07",330.052,FALSE,NA,NA,"<= day","daily",NA,NA,NA
"2006-10-08",324.448,FALSE,NA,NA,"<= day","daily",NA,NA,NA
"2006-10-09",322.271,FALSE,NA,NA,"<= day","daily",NA,NA,NA
"2006-10-10",322.229,FALSE,NA,NA,"<= day","daily",NA,NA,NA
"2006-10-11",321.781,FALSE,NA,NA,"<= day","daily",NA,NA,NA
"2006-10-12",309.302,FALSE,NA,NA,"<= day","daily",NA,NA,NA
"2006-10-13",306.198,FALSE,NA,NA,"<= day","daily",NA,NA,NA
"2006-10-14",301.635,FALSE,NA,NA,"<= day","daily",NA,NA,NA
"2006-10-15",305.188,FALSE,NA,NA,"<= day","daily",NA,NA,NA
"2006-10-16",306.115,FALSE,NA,NA,"<= day","daily",NA,NA,NA
"2006-10-17",306.406,FALSE,NA,NA,"<= day","daily",NA,NA,NA
"2006-10-18",302.969,FALSE,NA,NA,"<= day","daily",NA,NA,NA
"2006-10-19",298.906,FALSE,NA,NA,"<= day","daily",NA,NA,NA
"2006-10-20",299.156,FALSE,NA,NA,"<= day","daily",NA,NA,NA
"2006-10-21",295.677,FALSE,NA,NA,"<= day","daily",NA,NA,NA
"2006-10-22",295.688,FALSE,NA,NA,"<= day","daily",NA,NA,NA
"2006-10-23",322.99,FALSE,NA,NA,"<= day","daily",NA,NA,NA
"2006-10-24",457.125,FALSE,NA,NA,"<= day","daily",NA,NA,NA
"2006-10-25",371.229,FALSE,NA,NA,"<= day","daily",NA,NA,NA
"2006-10-26",296.271,FALSE,NA,NA,"<= day","daily",NA,NA,NA
"2006-10-27",284.458,FALSE,NA,NA,"<= day","daily",NA,NA,NA
"2006-10-28",268.844,FALSE,NA,NA,"<= day","daily",NA,NA,NA
"2006-10-29",266.344,FALSE,NA,NA,"<= day","daily",NA,NA,NA
"2006-10-30",268.938,FALSE,NA,NA,"<= day","daily",NA,NA,NA
"2006-10-31",271.594,FALSE,NA,NA,"<= day","daily",NA,NA,NA
"2006-11-01",270.854,FALSE,NA,NA,"<= day","daily",NA,NA,NA
"2006-11-02",263.469,FALSE,NA,NA,"<= day","daily",NA,NA,NA
"2006-11-03",262.406,FALSE,NA,NA,"<= day","daily",NA,NA,NA
"2006-11-04",260.344,FALSE,NA,NA,"<= day","daily",NA,NA,NA
"2006-11-05",263.906,FALSE,NA,NA,"<= day","daily",NA,NA,NA
"2006-11-06",258.385,FALSE,NA,NA,"<= day","daily",NA,NA,NA
"2006-11-07",263.438,FALSE,NA,NA,"<= day","daily",NA,NA,NA
"2006-11-08",261.948,FALSE,NA,NA,"<= day","daily",NA,NA,NA
"2006-11-09",258.542,FALSE,NA,NA,"<= day","daily",NA,NA,NA
"2006-11-10",256.625,FALSE,NA,NA,"<= day","daily",NA,NA,NA
"2006-11-11",248.656,FALSE,NA,NA,"<= day","daily",NA,NA,NA
"2006-11-12",254.125,FALSE,NA,NA,"<= day","daily",NA,NA,NA
"2006-11-13",256.906,FALSE,NA,NA,"<= day","daily",NA,NA,NA
"2006-11-14",251.896,FALSE,NA,NA,"<= day","daily",NA,NA,NA
"2006-11-15",244.51,FALSE,NA,NA,"<= day","daily",NA,NA,NA
"2006-11-16",238.188,FALSE,NA,NA,"<= day","daily",NA,NA,NA
"2006-11-17",228.104,FALSE,NA,NA,"<= day","daily",NA,NA,NA
"2006-11-18",228.25,FALSE,NA,NA,"<= day","daily",NA,NA,NA
"2006-11-19",226.406,FALSE,NA,NA,"<= day","daily",NA,NA,NA
"2006-11-20",225.885,FALSE,NA,NA,"<= day","daily",NA,NA,NA
"2006-11-21",225.479,FALSE,NA,NA,"<= day","daily",NA,NA,NA
"2006-11-22",227.25,FALSE,NA,NA,"<= day","daily",NA,NA,NA
"2006-11-23",225.979,FALSE,NA,NA,"<= day","daily",NA,NA,NA
"2006-11-24",228.635,FALSE,NA,NA,"<= day","daily",NA,NA,NA
"2006-11-25",225.271,FALSE,NA,NA,"<= day","daily",NA,NA,NA
"2006-11-26",226.656,FALSE,NA,NA,"<= day","daily",NA,NA,NA
"2006-11-27",221.948,FALSE,NA,NA,"<= day","daily",NA,NA,NA
"2006-11-28",221.229,FALSE,NA,NA,"<= day","daily",NA,NA,NA
"2006-11-29",223.073,FALSE,NA,NA,"<= day","daily",NA,NA,NA
"2006-11-30",225.135,FALSE,NA,NA,"<= day","daily",NA,NA,NA
"2006-12-01",223,FALSE,NA,NA,"<= day","daily",NA,NA,NA
"2006-12-02",225.344,FALSE,NA,NA,"<= day","daily",NA,NA,NA
"2006-12-03",225.708,FALSE,NA,NA,"<= day","daily",NA,NA,NA
"2006-12-04",231.844,FALSE,NA,NA,"<= day","daily",NA,NA,NA
"2006-12-05",247.417,FALSE,NA,NA,"<= day","daily",NA,NA,NA
"2006-12-06",238.75,FALSE,NA,NA,"<= day","daily",NA,NA,NA
"2006-12-07",228.781,FALSE,NA,NA,"<= day","daily",NA,NA,NA
"2006-12-08",224.938,FALSE,NA,NA,"<= day","daily",NA,NA,NA
"2006-12-09",232.052,FALSE,NA,NA,"<= day","daily",NA,NA,NA
"2006-12-10",230.427,FALSE,NA,NA,"<= day","daily",NA,NA,NA
"2006-12-11",228.333,FALSE,NA,NA,"<= day","daily",NA,NA,NA
"2006-12-12",222.948,FALSE,NA,NA,"<= day","daily",NA,NA,NA
"2006-12-13",221.198,FALSE,NA,NA,"<= day","daily",NA,NA,NA
"2006-12-14",217.094,FALSE,NA,NA,"<= day","daily",NA,NA,NA
"2006-12-15",222.958,FALSE,NA,NA,"<= day","daily",NA,NA,NA
"2006-12-16",219.469,FALSE,NA,NA,"<= day","daily",NA,NA,NA
"2006-12-17",216.292,FALSE,NA,NA,"<= day","daily",NA,NA,NA
"2006-12-18",215.594,FALSE,NA,NA,"<= day","daily",NA,NA,NA
"2006-12-19",218.229,FALSE,NA,NA,"<= day","daily",NA,NA,NA
"2006-12-20",216.812,FALSE,NA,NA,"<= day","daily",NA,NA,NA
"2006-12-21",212.854,FALSE,NA,NA,"<= day","daily",NA,NA,NA
"2006-12-22",206.896,FALSE,NA,NA,"<= day","daily",NA,NA,NA
"2006-12-23",200.542,FALSE,NA,NA,"<= day","daily",NA,NA,NA
"2006-12-24",203.375,FALSE,NA,NA,"<= day","daily",NA,NA,NA
"2006-12-25",209.573,FALSE,NA,NA,"<= day","daily",NA,NA,NA
"2006-12-26",207.031,FALSE,NA,NA,"<= day","daily",NA,NA,NA
"2006-12-27",197.969,FALSE,NA,NA,"<= day","daily",NA,NA,NA
"2006-12-28",198.708,FALSE,NA,NA,"<= day","daily",NA,NA,NA
"2006-12-29",199.865,FALSE,NA,NA,"<= day","daily",NA,NA,NA
"2006-12-30",199.427,FALSE,NA,NA,"<= day","daily",NA,NA,NA
"2006-12-31",198.885,FALSE,NA,NA,"<= day","daily",NA,NA,NA
"2007-01-01",221.729,FALSE,NA,NA,"<= day","daily",NA,NA,NA
"2007-01-02",241.448,FALSE,NA,NA,"<= day","daily",NA,NA,NA
"2007-01-03",240.219,FALSE,NA,NA,"<= day","daily",NA,NA,NA
"2007-01-04",237.229,FALSE,NA,NA,"<= day","daily",NA,NA,NA
"2007-01-05",240.844,FALSE,NA,NA,"<= day","daily",NA,NA,NA
"2007-01-06",239.979,FALSE,NA,NA,"<= day","daily",NA,NA,NA
"2007-01-07",243.208,FALSE,NA,NA,"<= day","daily",NA,NA,NA
"2007-01-08",243.135,FALSE,NA,NA,"<= day","daily",NA,NA,NA
"2007-01-09",242.771,FALSE,NA,NA,"<= day","daily",NA,NA,NA
"2007-01-10",241.844,FALSE,NA,NA,"<= day","daily",NA,NA,NA
"2007-01-11",250.479,FALSE,NA,NA,"<= day","daily",NA,NA,NA
"2007-01-12",285.25,FALSE,NA,NA,"<= day","daily",NA,NA,NA
"2007-01-13",290.844,FALSE,NA,NA,"<= day","daily",NA,NA,NA
"2007-01-14",268.667,FALSE,NA,NA,"<= day","daily",NA,NA,NA
"2007-01-15",236.333,FALSE,NA,NA,"<= day","daily",NA,NA,NA
"2007-01-16",237.719,FALSE,NA,NA,"<= day","daily",NA,NA,NA
"2007-01-17",244.396,FALSE,NA,NA,"<= day","daily",NA,NA,NA
"2007-01-18",260.427,FALSE,NA,NA,"<= day","daily",NA,NA,NA
"2007-01-19",351.708,FALSE,NA,NA,"<= day","daily",NA,NA,NA
"2007-01-20",402.823,FALSE,NA,NA,"<= day","daily",NA,NA,NA
"2007-01-21",349.865,FALSE,NA,NA,"<= day","daily",NA,NA,NA
"2007-01-22",324.302,FALSE,NA,NA,"<= day","daily",NA,NA,NA
"2007-01-23",303.042,FALSE,NA,NA,"<= day","daily",NA,NA,NA
"2007-01-24",297.979,FALSE,NA,NA,"<= day","daily",NA,NA,NA
"2007-01-25",301.094,FALSE,NA,NA,"<= day","daily",NA,NA,NA
"2007-01-26",300.271,FALSE,NA,NA,"<= day","daily",NA,NA,NA
"2007-01-27",300,FALSE,NA,NA,"<= day","daily",NA,NA,NA
"2007-01-28",300,FALSE,NA,NA,"<= day","daily",NA,NA,NA
"2007-01-29",301.031,FALSE,NA,NA,"<= day","daily",NA,NA,NA
"2007-01-30",308.01,FALSE,NA,NA,"<= day","daily",NA,NA,NA
"2007-01-31",310.271,FALSE,NA,NA,"<= day","daily",NA,NA,NA
"2007-02-01",306.74,FALSE,NA,NA,"<= day","daily",NA,NA,NA
"2007-02-02",300.948,FALSE,NA,NA,"<= day","daily",NA,NA,NA
"2007-02-03",300,FALSE,NA,NA,"<= day","daily",NA,NA,NA
"2007-02-04",300,FALSE,NA,NA,"<= day","daily",NA,NA,NA
"2007-02-05",300,FALSE,NA,NA,"<= day","daily",NA,NA,NA
"2007-02-06",300,FALSE,NA,NA,"<= day","daily",NA,NA,NA
"2007-02-07",301.146,FALSE,NA,NA,"<= day","daily",NA,NA,NA
"2007-02-08",311.854,FALSE,NA,NA,"<= day","daily",NA,NA,NA
"2007-02-09",334.208,FALSE,NA,NA,"<= day","daily",NA,NA,NA
"2007-02-10",338.344,FALSE,NA,NA,"<= day","daily",NA,NA,NA
"2007-02-11",358.469,FALSE,NA,NA,"<= day","daily",NA,NA,NA
"2007-02-12",491,FALSE,NA,NA,"<= day","daily",NA,NA,NA
"2007-02-13",600.354,FALSE,NA,NA,"<= day","daily",NA,NA,NA
"2007-02-14",537.417,FALSE,NA,NA,"<= day","daily",NA,NA,NA
"2007-02-15",455.812,FALSE,NA,NA,"<= day","daily",NA,NA,NA
"2007-02-16",435.542,FALSE,NA,NA,"<= day","daily",NA,NA,NA
"2007-02-17",438.542,FALSE,NA,NA,"<= day","daily",NA,NA,NA
"2007-02-18",429.365,FALSE,NA,NA,"<= day","daily",NA,NA,NA
"2007-02-19",420.177,FALSE,NA,NA,"<= day","daily",NA,NA,NA
"2007-02-20",420.208,FALSE,NA,NA,"<= day","daily",NA,NA,NA
"2007-02-21",399.802,FALSE,NA,NA,"<= day","daily",NA,NA,NA
"2007-02-22",384.688,FALSE,NA,NA,"<= day","daily",NA,NA,NA
"2007-02-23",379.031,FALSE,NA,NA,"<= day","daily",NA,NA,NA
"2007-02-24",372.26,FALSE,NA,NA,"<= day","daily",NA,NA,NA
"2007-02-25",387.656,FALSE,NA,NA,"<= day","daily",NA,NA,NA
"2007-02-26",407.26,FALSE,NA,NA,"<= day","daily",NA,NA,NA
"2007-02-27",530.927,FALSE,NA,NA,"<= day","daily",NA,NA,NA
"2007-02-28",601.052,FALSE,NA,NA,"<= day","daily",NA,NA,NA
"2007-03-01",683.51,FALSE,NA,NA,"<= day","daily",NA,NA,NA
"2007-03-02",831.823,FALSE,NA,NA,"<= day","daily",NA,NA,NA
"2007-03-03",892.76,FALSE,NA,NA,"<= day","daily",NA,NA,NA
"2007-03-04",926.865,FALSE,NA,NA,"<= day","daily",NA,NA,NA
"2007-03-05",915.188,FALSE,NA,NA,"<= day","daily",NA,NA,NA
"2007-03-06",869.406,FALSE,NA,NA,"<= day","daily",NA,NA,NA
"2007-03-07",817.104,FALSE,NA,NA,"<= day","daily",NA,NA,NA
"2007-03-08",746.469,FALSE,NA,NA,"<= day","daily",NA,NA,NA
"2007-03-09",714.448,FALSE,NA,NA,"<= day","daily",NA,NA,NA
"2007-03-10",684.01,FALSE,NA,NA,"<= day","daily",NA,NA,NA
"2007-03-11",656.094,FALSE,NA,NA,"<= day","daily",NA,NA,NA
"2007-03-12",641.312,FALSE,NA,NA,"<= day","daily",NA,NA,NA
"2007-03-13",642.75,FALSE,NA,NA,"<= day","daily",NA,NA,NA
"2007-03-14",613.333,FALSE,NA,NA,"<= day","daily",NA,NA,NA
"2007-03-15",573.083,FALSE,NA,NA,"<= day","daily",NA,NA,NA
"2007-03-16",557.865,FALSE,NA,NA,"<= day","daily",NA,NA,NA
"2007-03-17",546.073,FALSE,NA,NA,"<= day","daily",NA,NA,NA
"2007-03-18",540.844,FALSE,NA,NA,"<= day","daily",NA,NA,NA
"2007-03-19",545.979,FALSE,NA,NA,"<= day","daily",NA,NA,NA
"2007-03-20",541.604,FALSE,NA,NA,"<= day","daily",NA,NA,NA
"2007-03-21",536.802,FALSE,NA,NA,"<= day","daily",NA,NA,NA
"2007-03-22",523.26,FALSE,NA,NA,"<= day","daily",NA,NA,NA
"2007-03-23",505.948,FALSE,NA,NA,"<= day","daily",NA,NA,NA
"2007-03-24",514.146,FALSE,NA,NA,"<= day","daily",NA,NA,NA
"2007-03-25",510.323,FALSE,NA,NA,"<= day","daily",NA,NA,NA
"2007-03-26",498.615,FALSE,NA,NA,"<= day","daily",NA,NA,NA
"2007-03-27",487.406,FALSE,NA,NA,"<= day","daily",NA,NA,NA
"2007-03-28",474.333,FALSE,NA,NA,"<= day","daily",NA,NA,NA
"2007-03-29",476.49,FALSE,NA,NA,"<= day","daily",NA,NA,NA
"2007-03-30",461.448,FALSE,NA,NA,"<= day","daily",NA,NA,NA
"2007-03-31",449.917,FALSE,NA,NA,"<= day","daily",NA,NA,NA
"2007-04-01",443.99,FALSE,NA,NA,"<= day","daily",NA,NA,NA
"2007-04-02",439.271,FALSE,NA,NA,"<= day","daily",NA,NA,NA
"2007-04-03",441.458,FALSE,NA,NA,"<= day","daily",NA,NA,NA
"2007-04-04",442.229,FALSE,NA,NA,"<= day","daily",NA,NA,NA
"2007-04-05",443.5,FALSE,NA,NA,"<= day","daily",NA,NA,NA
"2007-04-06",441.125,FALSE,NA,NA,"<= day","daily",NA,NA,NA
"2007-04-07",433.698,FALSE,NA,NA,"<= day","daily",NA,NA,NA
"2007-04-08",434.25,FALSE,NA,NA,"<= day","daily",NA,NA,NA
"2007-04-09",431.948,FALSE,NA,NA,"<= day","daily",NA,NA,NA
"2007-04-10",428.542,FALSE,NA,NA,"<= day","daily",NA,NA,NA
"2007-04-11",427.656,FALSE,NA,NA,"<= day","daily",NA,NA,NA
"2007-04-12",424.604,FALSE,NA,NA,"<= day","daily",NA,NA,NA
"2007-04-13",419.062,FALSE,NA,NA,"<= day","daily",NA,NA,NA
"2007-04-14",418.521,FALSE,NA,NA,"<= day","daily",NA,NA,NA
"2007-04-15",415.604,FALSE,NA,NA,"<= day","daily",NA,NA,NA
"2007-04-16",409.833,FALSE,NA,NA,"<= day","daily",NA,NA,NA
"2007-04-17",407.333,FALSE,NA,NA,"<= day","daily",NA,NA,NA
"2007-04-18",401.948,FALSE,NA,NA,"<= day","daily",NA,NA,NA
"2007-04-19",400.885,FALSE,NA,NA,"<= day","daily",NA,NA,NA
"2007-04-20",397.156,FALSE,NA,NA,"<= day","daily",NA,NA,NA
"2007-04-21",377.062,FALSE,NA,NA,"<= day","daily",NA,NA,NA
"2007-04-22",370.656,FALSE,NA,NA,"<= day","daily",NA,NA,NA
"2007-04-23",370.979,FALSE,NA,NA,"<= day","daily",NA,NA,NA
"2007-04-24",371.292,FALSE,NA,NA,"<= day","daily",NA,NA,NA
"2007-04-25",366.417,FALSE,NA,NA,"<= day","daily",NA,NA,NA
"2007-04-26",355.656,FALSE,NA,NA,"<= day","daily",NA,NA,NA
"2007-04-27",341.021,FALSE,NA,NA,"<= day","daily",NA,NA,NA
"2007-04-28",332.385,FALSE,NA,NA,"<= day","daily",NA,NA,NA
"2007-04-29",336.865,FALSE,NA,NA,"<= day","daily",NA,NA,NA
"2007-04-30",333.115,FALSE,NA,NA,"<= day","daily",NA,NA,NA
"2007-05-01",337.75,FALSE,NA,NA,"<= day","daily",NA,NA,NA
"2007-05-02",332.792,FALSE,NA,NA,"<= day","daily",NA,NA,NA
"2007-05-03",334.521,FALSE,NA,NA,"<= day","daily",NA,NA,NA
"2007-05-04",331.208,FALSE,NA,NA,"<= day","daily",NA,NA,NA
"2007-05-05",338.625,FALSE,NA,NA,"<= day","daily",NA,NA,NA
"2007-05-06",339.146,FALSE,NA,NA,"<= day","daily",NA,NA,NA
"2007-05-07",329.979,FALSE,NA,NA,"<= day","daily",NA,NA,NA
"2007-05-08",353.073,FALSE,NA,NA,"<= day","daily",NA,NA,NA
"2007-05-09",437.292,FALSE,NA,NA,"<= day","daily",NA,NA,NA
"2007-05-10",444.625,FALSE,NA,NA,"<= day","daily",NA,NA,NA
"2007-05-11",357.792,FALSE,NA,NA,"<= day","daily",NA,NA,NA
"2007-05-12",336.542,FALSE,NA,NA,"<= day","daily",NA,NA,NA
"2007-05-13",338.115,FALSE,NA,NA,"<= day","daily",NA,NA,NA
"2007-05-14",351.188,FALSE,NA,NA,"<= day","daily",NA,NA,NA
"2007-05-15",433.896,FALSE,NA,NA,"<= day","daily",NA,NA,NA
"2007-05-16",362.458,FALSE,NA,NA,"<= day","daily",NA,NA,NA
"2007-05-17",347.792,FALSE,NA,NA,"<= day","daily",NA,NA,NA
"2007-05-18",342.26,FALSE,NA,NA,"<= day","daily",NA,NA,NA
"2007-05-19",335.094,FALSE,NA,NA,"<= day","daily",NA,NA,NA
"2007-05-20",322.917,FALSE,NA,NA,"<= day","daily",NA,NA,NA
"2007-05-21",320.823,FALSE,NA,NA,"<= day","daily",NA,NA,NA
"2007-05-22",324.271,FALSE,NA,NA,"<= day","daily",NA,NA,NA
"2007-05-23",318.167,FALSE,NA,NA,"<= day","daily",NA,NA,NA
"2007-05-24",313.031,FALSE,NA,NA,"<= day","daily",NA,NA,NA
"2007-05-25",324.24,FALSE,NA,NA,"<= day","daily",NA,NA,NA
"2007-05-26",321.135,FALSE,NA,NA,"<= day","daily",NA,NA,NA
"2007-05-27",312.979,FALSE,NA,NA,"<= day","daily",NA,NA,NA
"2007-05-28",372.438,FALSE,NA,NA,"<= day","daily",NA,NA,NA
"2007-05-29",433.281,FALSE,NA,NA,"<= day","daily",NA,NA,NA
"2007-05-30",387.469,FALSE,NA,NA,"<= day","daily",NA,NA,NA
"2007-05-31",352.656,FALSE,NA,NA,"<= day","daily",NA,NA,NA
"2007-06-01",355.521,FALSE,NA,NA,"<= day","daily",NA,NA,NA
"2007-06-02",373.979,FALSE,NA,NA,"<= day","daily",NA,NA,NA
"2007-06-03",411.823,FALSE,NA,NA,"<= day","daily",NA,NA,NA
"2007-06-04",359.552,FALSE,NA,NA,"<= day","daily",NA,NA,NA
"2007-06-05",342.156,FALSE,NA,NA,"<= day","daily",NA,NA,NA
"2007-06-06",349.031,FALSE,NA,NA,"<= day","daily",NA,NA,NA
"2007-06-07",365.125,FALSE,NA,NA,"<= day","daily",NA,NA,NA
"2007-06-08",342.667,FALSE,NA,NA,"<= day","daily",NA,NA,NA
"2007-06-09",352.417,FALSE,NA,NA,"<= day","daily",NA,NA,NA
"2007-06-10",344.323,FALSE,NA,NA,"<= day","daily",NA,NA,NA
"2007-06-11",346.698,FALSE,NA,NA,"<= day","daily",NA,NA,NA
"2007-06-12",392.448,FALSE,NA,NA,"<= day","daily",NA,NA,NA
"2007-06-13",360,FALSE,NA,NA,"<= day","daily",NA,NA,NA
"2007-06-14",347.74,FALSE,NA,NA,"<= day","daily",NA,NA,NA
"2007-06-15",405.74,FALSE,NA,NA,"<= day","daily",NA,NA,NA
"2007-06-16",411.729,FALSE,NA,NA,"<= day","daily",NA,NA,NA
"2007-06-17",361.542,FALSE,NA,NA,"<= day","daily",NA,NA,NA
"2007-06-18",380.677,FALSE,NA,NA,"<= day","daily",NA,NA,NA
"2007-06-19",347.698,FALSE,NA,NA,"<= day","daily",NA,NA,NA
"2007-06-20",354.219,FALSE,NA,NA,"<= day","daily",NA,NA,NA
"2007-06-21",460.865,FALSE,NA,NA,"<= day","daily",NA,NA,NA
"2007-06-22",493.521,FALSE,NA,NA,"<= day","daily",NA,NA,NA
"2007-06-23",430.438,FALSE,NA,NA,"<= day","daily",NA,NA,NA
"2007-06-24",374.542,FALSE,NA,NA,"<= day","daily",NA,NA,NA
"2007-06-25",352.115,FALSE,NA,NA,"<= day","daily",NA,NA,NA
"2007-06-26",346.542,FALSE,NA,NA,"<= day","daily",NA,NA,NA
"2007-06-27",346.115,FALSE,NA,NA,"<= day","daily",NA,NA,NA
"2007-06-28",345.948,FALSE,NA,NA,"<= day","daily",NA,NA,NA
"2007-06-29",340.312,FALSE,NA,NA,"<= day","daily",NA,NA,NA
"2007-06-30",340.958,FALSE,NA,NA,"<= day","daily",NA,NA,NA
"2007-07-01",342.615,FALSE,NA,NA,"<= day","daily",NA,NA,NA
"2007-07-02",343.281,FALSE,NA,NA,"<= day","daily",NA,NA,NA
"2007-07-03",348.812,FALSE,NA,NA,"<= day","daily",NA,NA,NA
"2007-07-04",341.604,FALSE,NA,NA,"<= day","daily",NA,NA,NA
"2007-07-05",358.958,FALSE,NA,NA,"<= day","daily",NA,NA,NA
"2007-07-06",343.865,FALSE,NA,NA,"<= day","daily",NA,NA,NA
"2007-07-07",342.708,FALSE,NA,NA,"<= day","daily",NA,NA,NA
"2007-07-08",354.865,FALSE,NA,NA,"<= day","daily",NA,NA,NA
"2007-07-09",416.802,FALSE,NA,NA,"<= day","daily",NA,NA,NA
"2007-07-10",362.135,FALSE,NA,NA,"<= day","daily",NA,NA,NA
"2007-07-11",344.542,FALSE,NA,NA,"<= day","daily",NA,NA,NA
"2007-07-12",345.542,FALSE,NA,NA,"<= day","daily",NA,NA,NA
"2007-07-13",339.052,FALSE,NA,NA,"<= day","daily",NA,NA,NA
"2007-07-14",331.448,FALSE,NA,NA,"<= day","daily",NA,NA,NA
"2007-07-15",331.271,FALSE,NA,NA,"<= day","daily",NA,NA,NA
"2007-07-16",327.854,FALSE,NA,NA,"<= day","daily",NA,NA,NA
"2007-07-17",326.021,FALSE,NA,NA,"<= day","daily",NA,NA,NA
"2007-07-18",345.979,FALSE,NA,NA,"<= day","daily",NA,NA,NA
"2007-07-19",345.865,FALSE,NA,NA,"<= day","daily",NA,NA,NA
"2007-07-20",330.531,FALSE,NA,NA,"<= day","daily",NA,NA,NA
"2007-07-21",334.708,FALSE,NA,NA,"<= day","daily",NA,NA,NA
"2007-07-22",350.417,FALSE,NA,NA,"<= day","daily",NA,NA,NA
"2007-07-23",343.469,FALSE,NA,NA,"<= day","daily",NA,NA,NA
"2007-07-24",344.406,FALSE,NA,NA,"<= day","daily",NA,NA,NA
"2007-07-25",339.656,FALSE,NA,NA,"<= day","daily",NA,NA,NA
"2007-07-26",339.802,FALSE,NA,NA,"<= day","daily",NA,NA,NA
"2007-07-27",323.406,FALSE,NA,NA,"<= day","daily",NA,NA,NA
"2007-07-28",315.531,FALSE,NA,NA,"<= day","daily",NA,NA,NA
"2007-07-29",312.167,FALSE,NA,NA,"<= day","daily",NA,NA,NA
"2007-07-30",341.167,FALSE,NA,NA,"<= day","daily",NA,NA,NA
"2007-07-31",335,FALSE,NA,NA,"<= day","daily",NA,NA,NA
"2007-08-01",305.146,FALSE,NA,NA,"<= day","daily",NA,NA,NA
"2007-08-02",300,FALSE,NA,NA,"<= day","daily",NA,NA,NA
"2007-08-03",300,FALSE,NA,NA,"<= day","daily",NA,NA,NA
"2007-08-04",300,FALSE,NA,NA,"<= day","daily",NA,NA,NA
"2007-08-05",300,FALSE,NA,NA,"<= day","daily",NA,NA,NA
"2007-08-06",300,FALSE,NA,NA,"<= day","daily",NA,NA,NA
"2007-08-07",304.354,FALSE,NA,NA,"<= day","daily",NA,NA,NA
"2007-08-08",339.385,FALSE,NA,NA,"<= day","daily",NA,NA,NA
"2007-08-09",384.875,FALSE,NA,NA,"<= day","daily",NA,NA,NA
"2007-08-10",373.406,FALSE,NA,NA,"<= day","daily",NA,NA,NA
"2007-08-11",347.604,FALSE,NA,NA,"<= day","daily",NA,NA,NA
"2007-08-12",340.427,FALSE,NA,NA,"<= day","daily",NA,NA,NA
"2007-08-13",337.99,FALSE,NA,NA,"<= day","daily",NA,NA,NA
"2007-08-14",327.719,FALSE,NA,NA,"<= day","daily",NA,NA,NA
"2007-08-15",308.542,FALSE,NA,NA,"<= day","daily",NA,NA,NA
"2007-08-16",301.562,FALSE,NA,NA,"<= day","daily",NA,NA,NA
"2007-08-17",300.135,FALSE,NA,NA,"<= day","daily",NA,NA,NA
"2007-08-18",300,FALSE,NA,NA,"<= day","daily",NA,NA,NA
"2007-08-19",300,FALSE,NA,NA,"<= day","daily",NA,NA,NA
"2007-08-20",300,FALSE,NA,NA,"<= day","daily",NA,NA,NA
"2007-08-21",300,FALSE,NA,NA,"<= day","daily",NA,NA,NA
"2007-08-22",300,FALSE,NA,NA,"<= day","daily",NA,NA,NA
"2007-08-23",300,FALSE,NA,NA,"<= day","daily",NA,NA,NA
"2007-08-24",300,FALSE,NA,NA,"<= day","daily",NA,NA,NA
"2007-08-25",300,FALSE,NA,NA,"<= day","daily",NA,NA,NA
"2007-08-26",300,FALSE,NA,NA,"<= day","daily",NA,NA,NA
"2007-08-27",300,FALSE,NA,NA,"<= day","daily",NA,NA,NA
"2007-08-28",300,FALSE,NA,NA,"<= day","daily",NA,NA,NA
"2007-08-29",300,FALSE,NA,NA,"<= day","daily",NA,NA,NA
"2007-08-30",300,FALSE,NA,NA,"<= day","daily",NA,NA,NA
"2007-08-31",300,FALSE,NA,NA,"<= day","daily",NA,NA,NA
"2007-09-01",300,FALSE,NA,NA,"<= day","daily",NA,NA,NA
"2007-09-02",300.229,FALSE,NA,NA,"<= day","daily",NA,NA,NA
"2007-09-03",310.438,FALSE,NA,NA,"<= day","daily",NA,NA,NA
"2007-09-04",362.208,FALSE,NA,NA,"<= day","daily",NA,NA,NA
"2007-09-05",333.062,FALSE,NA,NA,"<= day","daily",NA,NA,NA
"2007-09-06",304.062,FALSE,NA,NA,"<= day","daily",NA,NA,NA
"2007-09-07",300,FALSE,NA,NA,"<= day","daily",NA,NA,NA
"2007-09-08",300,FALSE,NA,NA,"<= day","daily",NA,NA,NA
"2007-09-09",300,FALSE,NA,NA,"<= day","daily",NA,NA,NA
"2007-09-10",302.521,FALSE,NA,NA,"<= day","daily",NA,NA,NA
"2007-09-11",316.5,FALSE,NA,NA,"<= day","daily",NA,NA,NA
"2007-09-12",302.979,FALSE,NA,NA,"<= day","daily",NA,NA,NA
"2007-09-13",300,FALSE,NA,NA,"<= day","daily",NA,NA,NA
"2007-09-14",300,FALSE,NA,NA,"<= day","daily",NA,NA,NA
"2007-09-15",300,FALSE,NA,NA,"<= day","daily",NA,NA,NA
"2007-09-16",300,FALSE,NA,NA,"<= day","daily",NA,NA,NA
"2007-09-17",302.062,FALSE,NA,NA,"<= day","daily",NA,NA,NA
"2007-09-18",313.5,FALSE,NA,NA,"<= day","daily",NA,NA,NA
"2007-09-19",302.438,FALSE,NA,NA,"<= day","daily",NA,NA,NA
"2007-09-20",300,FALSE,NA,NA,"<= day","daily",NA,NA,NA
"2007-09-21",300,FALSE,NA,NA,"<= day","daily",NA,NA,NA
"2007-09-22",300,FALSE,NA,NA,"<= day","daily",NA,NA,NA
"2007-09-23",299.885,FALSE,NA,NA,"<= day","daily",NA,NA,NA
"2007-09-24",298.906,FALSE,NA,NA,"<= day","daily",NA,NA,NA
"2007-09-25",296.927,FALSE,NA,NA,"<= day","daily",NA,NA,NA
"2007-09-26",295.323,FALSE,NA,NA,"<= day","daily",NA,NA,NA
"2007-09-27",303.094,FALSE,NA,NA,"<= day","daily",NA,NA,NA
"2007-09-28",315.906,FALSE,NA,NA,"<= day","daily",NA,NA,NA
"2007-09-29",300.719,FALSE,NA,NA,"<= day","daily",NA,NA,NA
"2007-09-30",288.917,FALSE,NA,NA,"<= day","daily",NA,NA,NA
"2007-10-01",284.479,FALSE,NA,NA,"<= day","daily",NA,NA,NA
"2007-10-02",287.104,FALSE,NA,NA,"<= day","daily",NA,NA,NA
"2007-10-03",276.562,FALSE,NA,NA,"<= day","daily",NA,NA,NA
"2007-10-04",282.396,FALSE,NA,NA,"<= day","daily",NA,NA,NA
"2007-10-05",282.677,FALSE,NA,NA,"<= day","daily",NA,NA,NA
"2007-10-06",279.771,FALSE,NA,NA,"<= day","daily",NA,NA,NA
"2007-10-07",278.094,FALSE,NA,NA,"<= day","daily",NA,NA,NA
"2007-10-08",260.427,FALSE,NA,NA,"<= day","daily",NA,NA,NA
"2007-10-09",252.01,FALSE,NA,NA,"<= day","daily",NA,NA,NA
"2007-10-10",246.635,FALSE,NA,NA,"<= day","daily",NA,NA,NA
"2007-10-11",250.073,FALSE,NA,NA,"<= day","daily",NA,NA,NA
"2007-10-12",250.021,FALSE,NA,NA,"<= day","daily",NA,NA,NA
"2007-10-13",249.823,FALSE,NA,NA,"<= day","daily",NA,NA,NA
"2007-10-14",253.615,FALSE,NA,NA,"<= day","daily",NA,NA,NA
"2007-10-15",250.448,FALSE,NA,NA,"<= day","daily",NA,NA,NA
"2007-10-16",248.042,FALSE,NA,NA,"<= day","daily",NA,NA,NA
"2007-10-17",247.073,FALSE,NA,NA,"<= day","daily",NA,NA,NA
"2007-10-18",252.167,FALSE,NA,NA,"<= day","daily",NA,NA,NA
"2007-10-19",253.292,FALSE,NA,NA,"<= day","daily",NA,NA,NA
"2007-10-20",249.906,FALSE,NA,NA,"<= day","daily",NA,NA,NA
"2007-10-21",250.958,FALSE,NA,NA,"<= day","daily",NA,NA,NA
"2007-10-22",252.156,FALSE,NA,NA,"<= day","daily",NA,NA,NA
"2007-10-23",248.792,FALSE,NA,NA,"<= day","daily",NA,NA,NA
"2007-10-24",249.094,FALSE,NA,NA,"<= day","daily",NA,NA,NA
"2007-10-25",250.271,FALSE,NA,NA,"<= day","daily",NA,NA,NA
"2007-10-26",247.771,FALSE,NA,NA,"<= day","daily",NA,NA,NA
"2007-10-27",248.271,FALSE,NA,NA,"<= day","daily",NA,NA,NA
"2007-10-28",245.656,FALSE,NA,NA,"<= day","daily",NA,NA,NA
"2007-10-29",246.667,FALSE,NA,NA,"<= day","daily",NA,NA,NA
"2007-10-30",251.021,FALSE,NA,NA,"<= day","daily",NA,NA,NA
"2007-10-31",246.135,FALSE,NA,NA,"<= day","daily",NA,NA,NA
"2007-11-01",250.458,FALSE,NA,NA,"<= day","daily",NA,NA,NA
"2007-11-02",248.198,FALSE,NA,NA,"<= day","daily",NA,NA,NA
"2007-11-03",245.521,FALSE,NA,NA,"<= day","daily",NA,NA,NA
"2007-11-04",245.177,FALSE,NA,NA,"<= day","daily",NA,NA,NA
"2007-11-05",241.615,FALSE,NA,NA,"<= day","daily",NA,NA,NA
"2007-11-06",245.135,FALSE,NA,NA,"<= day","daily",NA,NA,NA
"2007-11-07",241.344,FALSE,NA,NA,"<= day","daily",NA,NA,NA
"2007-11-08",249.198,FALSE,NA,NA,"<= day","daily",NA,NA,NA
"2007-11-09",254.385,FALSE,NA,NA,"<= day","daily",NA,NA,NA
"2007-11-10",256.365,FALSE,NA,NA,"<= day","daily",NA,NA,NA
"2007-11-11",310.823,FALSE,NA,NA,"<= day","daily",NA,NA,NA
"2007-11-12",394.927,FALSE,NA,NA,"<= day","daily",NA,NA,NA
"2007-11-13",334.406,FALSE,NA,NA,"<= day","daily",NA,NA,NA
"2007-11-14",299.292,FALSE,NA,NA,"<= day","daily",NA,NA,NA
"2007-11-15",272.677,FALSE,NA,NA,"<= day","daily",NA,NA,NA
"2007-11-16",249.635,FALSE,NA,NA,"<= day","daily",NA,NA,NA
"2007-11-17",247.094,FALSE,NA,NA,"<= day","daily",NA,NA,NA
"2007-11-18",248.271,FALSE,NA,NA,"<= day","daily",NA,NA,NA
"2007-11-19",245.771,FALSE,NA,NA,"<= day","daily",NA,NA,NA
"2007-11-20",247.417,FALSE,NA,NA,"<= day","daily",NA,NA,NA
"2007-11-21",251.844,FALSE,NA,NA,"<= day","daily",NA,NA,NA
"2007-11-22",253.042,FALSE,NA,NA,"<= day","daily",NA,NA,NA
"2007-11-23",272.979,FALSE,NA,NA,"<= day","daily",NA,NA,NA
"2007-11-24",296.229,FALSE,NA,NA,"<= day","daily",NA,NA,NA
"2007-11-25",299.135,FALSE,NA,NA,"<= day","daily",NA,NA,NA
"2007-11-26",299.115,FALSE,NA,NA,"<= day","daily",NA,NA,NA
"2007-11-27",299.865,FALSE,NA,NA,"<= day","daily",NA,NA,NA
"2007-11-28",300,FALSE,NA,NA,"<= day","daily",NA,NA,NA
"2007-11-29",300,FALSE,NA,NA,"<= day","daily",NA,NA,NA
"2007-11-30",300,FALSE,NA,NA,"<= day","daily",NA,NA,NA
"2007-12-01",299.885,FALSE,NA,NA,"<= day","daily",NA,NA,NA
"2007-12-02",313.115,FALSE,NA,NA,"<= day","daily",NA,NA,NA
"2007-12-03",436.448,FALSE,NA,NA,"<= day","daily",NA,NA,NA
"2007-12-04",648.469,FALSE,NA,NA,"<= day","daily",NA,NA,NA
"2007-12-05",582.042,FALSE,NA,NA,"<= day","daily",NA,NA,NA
"2007-12-06",470.5,FALSE,NA,NA,"<= day","daily",NA,NA,NA
"2007-12-07",441.458,FALSE,NA,NA,"<= day","daily",NA,NA,NA
"2007-12-08",457.781,FALSE,NA,NA,"<= day","daily",NA,NA,NA
"2007-12-09",472.594,FALSE,NA,NA,"<= day","daily",NA,NA,NA
"2007-12-10",508.635,FALSE,NA,NA,"<= day","daily",NA,NA,NA
"2007-12-11",534.24,FALSE,NA,NA,"<= day","daily",NA,NA,NA
"2007-12-12",523.302,FALSE,NA,NA,"<= day","daily",NA,NA,NA
"2007-12-13",502.5,FALSE,NA,NA,"<= day","daily",NA,NA,NA
"2007-12-14",499.75,FALSE,NA,NA,"<= day","daily",NA,NA,NA
"2007-12-15",493.75,FALSE,NA,NA,"<= day","daily",NA,NA,NA
"2007-12-16",457.219,FALSE,NA,NA,"<= day","daily",NA,NA,NA
"2007-12-17",444.156,FALSE,NA,NA,"<= day","daily",NA,NA,NA
"2007-12-18",448.74,FALSE,NA,NA,"<= day","daily",NA,NA,NA
"2007-12-19",452.698,FALSE,NA,NA,"<= day","daily",NA,NA,NA
"2007-12-20",444.104,FALSE,NA,NA,"<= day","daily",NA,NA,NA
"2007-12-21",443.562,FALSE,NA,NA,"<= day","daily",NA,NA,NA
"2007-12-22",436.188,FALSE,NA,NA,"<= day","daily",NA,NA,NA
"2007-12-23",427.531,FALSE,NA,NA,"<= day","daily",NA,NA,NA
"2007-12-24",421.354,FALSE,NA,NA,"<= day","daily",NA,NA,NA
"2007-12-25",416.854,FALSE,NA,NA,"<= day","daily",NA,NA,NA
"2007-12-26",410.552,FALSE,NA,NA,"<= day","daily",NA,NA,NA
"2007-12-27",401.49,FALSE,NA,NA,"<= day","daily",NA,NA,NA
"2007-12-28",400,FALSE,NA,NA,"<= day","daily",NA,NA,NA
"2007-12-29",400,FALSE,NA,NA,"<= day","daily",NA,NA,NA
"2007-12-30",400,FALSE,NA,NA,"<= day","daily",NA,NA,NA
"2007-12-31",400,FALSE,NA,NA,"<= day","daily",NA,NA,NA
"2008-01-01",400,FALSE,NA,NA,"<= day","daily",NA,NA,NA
"2008-01-02",400,FALSE,NA,NA,"<= day","daily",NA,NA,NA
"2008-01-03",400,FALSE,NA,NA,"<= day","daily",NA,NA,NA
"2008-01-04",400,FALSE,NA,NA,"<= day","daily",NA,NA,NA
"2008-01-05",408.708,FALSE,NA,NA,"<= day","daily",NA,NA,NA
"2008-01-06",467.656,FALSE,NA,NA,"<= day","daily",NA,NA,NA
"2008-01-07",500.438,FALSE,NA,NA,"<= day","daily",NA,NA,NA
"2008-01-08",548.042,FALSE,NA,NA,"<= day","daily",NA,NA,NA
"2008-01-09",439.948,FALSE,NA,NA,"<= day","daily",NA,NA,NA
"2008-01-10",426.104,FALSE,NA,NA,"<= day","daily",NA,NA,NA
"2008-01-11",430.229,FALSE,NA,NA,"<= day","daily",NA,NA,NA
"2008-01-12",429.271,FALSE,NA,NA,"<= day","daily",NA,NA,NA
"2008-01-13",429.229,FALSE,NA,NA,"<= day","daily",NA,NA,NA
"2008-01-14",431.875,FALSE,NA,NA,"<= day","daily",NA,NA,NA
"2008-01-15",439.76,FALSE,NA,NA,"<= day","daily",NA,NA,NA
"2008-01-16",441.865,FALSE,NA,NA,"<= day","daily",NA,NA,NA
"2008-01-17",446.583,FALSE,NA,NA,"<= day","daily",NA,NA,NA
"2008-01-18",478.646,FALSE,NA,NA,"<= day","daily",NA,NA,NA
"2008-01-19",495.5,FALSE,NA,NA,"<= day","daily",NA,NA,NA
"2008-01-20",485.125,FALSE,NA,NA,"<= day","daily",NA,NA,NA
"2008-01-21",498.76,FALSE,NA,NA,"<= day","daily",NA,NA,NA
"2008-01-22",600.188,FALSE,NA,NA,"<= day","daily",NA,NA,NA
"2008-01-23",766.76,FALSE,NA,NA,"<= day","daily",NA,NA,NA
"2008-01-24",722.594,FALSE,NA,NA,"<= day","daily",NA,NA,NA
"2008-01-25",648.26,FALSE,NA,NA,"<= day","daily",NA,NA,NA
"2008-01-26",613.458,FALSE,NA,NA,"<= day","daily",NA,NA,NA
"2008-01-27",596.719,FALSE,NA,NA,"<= day","daily",NA,NA,NA
"2008-01-28",577.708,FALSE,NA,NA,"<= day","daily",NA,NA,NA
"2008-01-29",555.698,FALSE,NA,NA,"<= day","daily",NA,NA,NA
"2008-01-30",547.927,FALSE,NA,NA,"<= day","daily",NA,NA,NA
"2008-01-31",548.208,FALSE,NA,NA,"<= day","daily",NA,NA,NA
"2008-02-01",551.396,FALSE,NA,NA,"<= day","daily",NA,NA,NA
"2008-02-02",555.677,FALSE,NA,NA,"<= day","daily",NA,NA,NA
"2008-02-03",547.625,FALSE,NA,NA,"<= day","daily",NA,NA,NA
"2008-02-04",545.542,FALSE,NA,NA,"<= day","daily",NA,NA,NA
"2008-02-05",542.083,FALSE,NA,NA,"<= day","daily",NA,NA,NA
"2008-02-06",538.198,FALSE,NA,NA,"<= day","daily",NA,NA,NA
"2008-02-07",536.323,FALSE,NA,NA,"<= day","daily",NA,NA,NA
"2008-02-08",540.427,FALSE,NA,NA,"<= day","daily",NA,NA,NA
"2008-02-09",531.417,FALSE,NA,NA,"<= day","daily",NA,NA,NA
"2008-02-10",526.26,FALSE,NA,NA,"<= day","daily",NA,NA,NA
"2008-02-11",516.521,FALSE,NA,NA,"<= day","daily",NA,NA,NA
"2008-02-12",503.052,FALSE,NA,NA,"<= day","daily",NA,NA,NA
"2008-02-13",500.135,FALSE,NA,NA,"<= day","daily",NA,NA,NA
"2008-02-14",500,FALSE,NA,NA,"<= day","daily",NA,NA,NA
"2008-02-15",498.625,FALSE,NA,NA,"<= day","daily",NA,NA,NA
"2008-02-16",489.74,FALSE,NA,NA,"<= day","daily",NA,NA,NA
"2008-02-17",488.521,FALSE,NA,NA,"<= day","daily",NA,NA,NA
"2008-02-18",486.406,FALSE,NA,NA,"<= day","daily",NA,NA,NA
"2008-02-19",486.573,FALSE,NA,NA,"<= day","daily",NA,NA,NA
"2008-02-20",489.635,FALSE,NA,NA,"<= day","daily",NA,NA,NA
"2008-02-21",484.896,FALSE,NA,NA,"<= day","daily",NA,NA,NA
"2008-02-22",477.052,FALSE,NA,NA,"<= day","daily",NA,NA,NA
"2008-02-23",469.562,FALSE,NA,NA,"<= day","daily",NA,NA,NA
"2008-02-24",468.99,FALSE,NA,NA,"<= day","daily",NA,NA,NA
"2008-02-25",458.667,FALSE,NA,NA,"<= day","daily",NA,NA,NA
"2008-02-26",455.156,FALSE,NA,NA,"<= day","daily",NA,NA,NA
"2008-02-27",454.135,FALSE,NA,NA,"<= day","daily",NA,NA,NA
"2008-02-28",453.885,FALSE,NA,NA,"<= day","daily",NA,NA,NA
"2008-02-29",461.042,FALSE,NA,NA,"<= day","daily",NA,NA,NA
"2008-03-01",522.396,FALSE,NA,NA,"<= day","daily",NA,NA,NA
"2008-03-02",587.01,FALSE,NA,NA,"<= day","daily",NA,NA,NA
"2008-03-03",542.677,FALSE,NA,NA,"<= day","daily",NA,NA,NA
"2008-03-04",530.177,FALSE,NA,NA,"<= day","daily",NA,NA,NA
"2008-03-05",525.062,FALSE,NA,NA,"<= day","daily",NA,NA,NA
"2008-03-06",503.792,FALSE,NA,NA,"<= day","daily",NA,NA,NA
"2008-03-07",500.917,FALSE,NA,NA,"<= day","daily",NA,NA,NA
"2008-03-08",508.635,FALSE,NA,NA,"<= day","daily",NA,NA,NA
"2008-03-09",522.229,FALSE,NA,NA,"<= day","daily",NA,NA,NA
"2008-03-10",532.51,FALSE,NA,NA,"<= day","daily",NA,NA,NA
"2008-03-11",546.604,FALSE,NA,NA,"<= day","daily",NA,NA,NA
"2008-03-12",660.042,FALSE,NA,NA,"<= day","daily",NA,NA,NA
"2008-03-13",870.104,FALSE,NA,NA,"<= day","daily",NA,NA,NA
"2008-03-14",847.438,FALSE,NA,NA,"<= day","daily",NA,NA,NA
"2008-03-15",763.896,FALSE,NA,NA,"<= day","daily",NA,NA,NA
"2008-03-16",739.448,FALSE,NA,NA,"<= day","daily",NA,NA,NA
"2008-03-17",721.167,FALSE,NA,NA,"<= day","daily",NA,NA,NA
"2008-03-18",702.844,FALSE,NA,NA,"<= day","daily",NA,NA,NA
"2008-03-19",697.479,FALSE,NA,NA,"<= day","daily",NA,NA,NA
"2008-03-20",684.073,FALSE,NA,NA,"<= day","daily",NA,NA,NA
"2008-03-21",710.625,FALSE,NA,NA,"<= day","daily",NA,NA,NA
"2008-03-22",782.823,FALSE,NA,NA,"<= day","daily",NA,NA,NA
"2008-03-23",843.531,FALSE,NA,NA,"<= day","daily",NA,NA,NA
"2008-03-24",837.844,FALSE,NA,NA,"<= day","daily",NA,NA,NA
"2008-03-25",788.958,FALSE,NA,NA,"<= day","daily",NA,NA,NA
"2008-03-26",755.031,FALSE,NA,NA,"<= day","daily",NA,NA,NA
"2008-03-27",747.021,FALSE,NA,NA,"<= day","daily",NA,NA,NA
"2008-03-28",746.875,FALSE,NA,NA,"<= day","daily",NA,NA,NA
"2008-03-29",734.427,FALSE,NA,NA,"<= day","daily",NA,NA,NA
"2008-03-30",721.896,FALSE,NA,NA,"<= day","daily",NA,NA,NA
"2008-03-31",717.708,FALSE,NA,NA,"<= day","daily",NA,NA,NA
"2008-04-01",702.708,FALSE,NA,NA,"<= day","daily",NA,NA,NA
"2008-04-02",700,FALSE,NA,NA,"<= day","daily",NA,NA,NA
"2008-04-03",700,FALSE,NA,NA,"<= day","daily",NA,NA,NA
"2008-04-04",700,FALSE,NA,NA,"<= day","daily",NA,NA,NA
"2008-04-05",700,FALSE,NA,NA,"<= day","daily",NA,NA,NA
"2008-04-06",700,FALSE,NA,NA,"<= day","daily",NA,NA,NA
"2008-04-07",698.969,FALSE,NA,NA,"<= day","daily",NA,NA,NA
"2008-04-08",691.646,FALSE,NA,NA,"<= day","daily",NA,NA,NA
"2008-04-09",689.656,FALSE,NA,NA,"<= day","daily",NA,NA,NA
"2008-04-10",715.698,FALSE,NA,NA,"<= day","daily",NA,NA,NA
"2008-04-11",786.979,FALSE,NA,NA,"<= day","daily",NA,NA,NA
"2008-04-12",929.76,FALSE,NA,NA,"<= day","daily",NA,NA,NA
"2008-04-13",948.615,FALSE,NA,NA,"<= day","daily",NA,NA,NA
"2008-04-14",905.917,FALSE,NA,NA,"<= day","daily",NA,NA,NA
"2008-04-15",848.854,FALSE,NA,NA,"<= day","daily",NA,NA,NA
"2008-04-16",826.271,FALSE,NA,NA,"<= day","daily",NA,NA,NA
"2008-04-17",816.531,FALSE,NA,NA,"<= day","daily",NA,NA,NA
"2008-04-18",811.844,FALSE,NA,NA,"<= day","daily",NA,NA,NA
"2008-04-19",820.073,FALSE,NA,NA,"<= day","daily",NA,NA,NA
"2008-04-20",830.677,FALSE,NA,NA,"<= day","daily",NA,NA,NA
"2008-04-21",810.844,FALSE,NA,NA,"<= day","daily",NA,NA,NA
"2008-04-22",918.979,FALSE,NA,NA,"<= day","daily",NA,NA,NA
"2008-04-23",1083.427,FALSE,NA,NA,"<= day","daily",NA,NA,NA
"2008-04-24",1140.271,FALSE,NA,NA,"<= day","daily",NA,NA,NA
"2008-04-25",1125.677,FALSE,NA,NA,"<= day","daily",NA,NA,NA
"2008-04-26",1095.823,FALSE,NA,NA,"<= day","daily",NA,NA,NA
"2008-04-27",1062.635,FALSE,NA,NA,"<= day","daily",NA,NA,NA
"2008-04-28",1048.167,FALSE,NA,NA,"<= day","daily",NA,NA,NA
"2008-04-29",1042.74,FALSE,NA,NA,"<= day","daily",NA,NA,NA
"2008-04-30",1035.229,FALSE,NA,NA,"<= day","daily",NA,NA,NA
"2008-05-01",1020.625,FALSE,NA,NA,"<= day","daily",NA,NA,NA
"2008-05-02",1001.812,FALSE,NA,NA,"<= day","daily",NA,NA,NA
"2008-05-03",988.896,FALSE,NA,NA,"<= day","daily",NA,NA,NA
"2008-05-04",964.323,FALSE,NA,NA,"<= day","daily",NA,NA,NA
"2008-05-05",949.094,FALSE,NA,NA,"<= day","daily",NA,NA,NA
"2008-05-06",938.625,FALSE,NA,NA,"<= day","daily",NA,NA,NA
"2008-05-07",912.719,FALSE,NA,NA,"<= day","daily",NA,NA,NA
"2008-05-08",884.125,FALSE,NA,NA,"<= day","daily",NA,NA,NA
"2008-05-09",854.271,FALSE,NA,NA,"<= day","daily",NA,NA,NA
"2008-05-10",837.812,FALSE,NA,NA,"<= day","daily",NA,NA,NA
"2008-05-11",843.115,FALSE,NA,NA,"<= day","daily",NA,NA,NA
"2008-05-12",834.198,FALSE,NA,NA,"<= day","daily",NA,NA,NA
"2008-05-13",815.99,FALSE,NA,NA,"<= day","daily",NA,NA,NA
"2008-05-14",798.594,FALSE,NA,NA,"<= day","daily",NA,NA,NA
"2008-05-15",771.542,FALSE,NA,NA,"<= day","daily",NA,NA,NA
"2008-05-16",750.635,FALSE,NA,NA,"<= day","daily",NA,NA,NA
"2008-05-17",746.323,FALSE,NA,NA,"<= day","daily",NA,NA,NA
"2008-05-18",757.417,FALSE,NA,NA,"<= day","daily",NA,NA,NA
"2008-05-19",790.604,FALSE,NA,NA,"<= day","daily",NA,NA,NA
"2008-05-20",767.938,FALSE,NA,NA,"<= day","daily",NA,NA,NA
"2008-05-21",738.875,FALSE,NA,NA,"<= day","daily",NA,NA,NA
"2008-05-22",729.021,FALSE,NA,NA,"<= day","daily",NA,NA,NA
"2008-05-23",710.948,FALSE,NA,NA,"<= day","daily",NA,NA,NA
"2008-05-24",701.219,FALSE,NA,NA,"<= day","daily",NA,NA,NA
"2008-05-25",700,FALSE,NA,NA,"<= day","daily",NA,NA,NA
"2008-05-26",699.542,FALSE,NA,NA,"<= day","daily",NA,NA,NA
"2008-05-27",694.365,FALSE,NA,NA,"<= day","daily",NA,NA,NA
"2008-05-28",680.031,FALSE,NA,NA,"<= day","daily",NA,NA,NA
"2008-05-29",679.885,FALSE,NA,NA,"<= day","daily",NA,NA,NA
"2008-05-30",676.677,FALSE,NA,NA,"<= day","daily",NA,NA,NA
"2008-05-31",678.635,FALSE,NA,NA,"<= day","daily",NA,NA,NA
"2008-06-01",692.792,FALSE,NA,NA,"<= day","daily",NA,NA,NA
"2008-06-02",680.01,FALSE,NA,NA,"<= day","daily",NA,NA,NA
"2008-06-03",694.771,FALSE,NA,NA,"<= day","daily",NA,NA,NA
"2008-06-04",636.781,FALSE,NA,NA,"<= day","daily",NA,NA,NA
"2008-06-05",647.396,FALSE,NA,NA,"<= day","daily",NA,NA,NA
"2008-06-06",669.115,FALSE,NA,NA,"<= day","daily",NA,NA,NA
"2008-06-07",630.438,FALSE,NA,NA,"<= day","daily",NA,NA,NA
"2008-06-08",615.583,FALSE,NA,NA,"<= day","daily",NA,NA,NA
"2008-06-09",609.198,FALSE,NA,NA,"<= day","daily",NA,NA,NA
"2008-06-10",571.875,FALSE,NA,NA,"<= day","daily",NA,NA,NA
"2008-06-11",610.281,FALSE,NA,NA,"<= day","daily",NA,NA,NA
"2008-06-12",688.667,FALSE,NA,NA,"<= day","daily",NA,NA,NA
"2008-06-13",642.167,FALSE,NA,NA,"<= day","daily",NA,NA,NA
"2008-06-14",599.948,FALSE,NA,NA,"<= day","daily",NA,NA,NA
"2008-06-15",563.052,FALSE,NA,NA,"<= day","daily",NA,NA,NA
"2008-06-16",560.219,FALSE,NA,NA,"<= day","daily",NA,NA,NA
"2008-06-17",570.125,FALSE,NA,NA,"<= day","daily",NA,NA,NA
"2008-06-18",566.323,FALSE,NA,NA,"<= day","daily",NA,NA,NA
"2008-06-19",533.885,FALSE,NA,NA,"<= day","daily",NA,NA,NA
"2008-06-20",522.604,FALSE,NA,NA,"<= day","daily",NA,NA,NA
"2008-06-21",518.146,FALSE,NA,NA,"<= day","daily",NA,NA,NA
"2008-06-22",510.292,FALSE,NA,NA,"<= day","daily",NA,NA,NA
"2008-06-23",515.083,FALSE,NA,NA,"<= day","daily",NA,NA,NA
"2008-06-24",524.385,FALSE,NA,NA,"<= day","daily",NA,NA,NA
"2008-06-25",533.469,FALSE,NA,NA,"<= day","daily",NA,NA,NA
"2008-06-26",517.656,FALSE,NA,NA,"<= day","daily",NA,NA,NA
"2008-06-27",511.083,FALSE,NA,NA,"<= day","daily",NA,NA,NA
"2008-06-28",507.771,FALSE,NA,NA,"<= day","daily",NA,NA,NA
"2008-06-29",508.042,FALSE,NA,NA,"<= day","daily",NA,NA,NA
"2008-06-30",503.698,FALSE,NA,NA,"<= day","daily",NA,NA,NA
"2008-07-01",501.906,FALSE,NA,NA,"<= day","daily",NA,NA,NA
"2008-07-02",500.271,FALSE,NA,NA,"<= day","daily",NA,NA,NA
"2008-07-03",504.354,FALSE,NA,NA,"<= day","daily",NA,NA,NA
"2008-07-04",529.302,FALSE,NA,NA,"<= day","daily",NA,NA,NA
"2008-07-05",510.51,FALSE,NA,NA,"<= day","daily",NA,NA,NA
"2008-07-06",502.844,FALSE,NA,NA,"<= day","daily",NA,NA,NA
"2008-07-07",508.438,FALSE,NA,NA,"<= day","daily",NA,NA,NA
"2008-07-08",508.208,FALSE,NA,NA,"<= day","daily",NA,NA,NA
"2008-07-09",511.792,FALSE,NA,NA,"<= day","daily",NA,NA,NA
"2008-07-10",504.146,FALSE,NA,NA,"<= day","daily",NA,NA,NA
"2008-07-11",500.521,FALSE,NA,NA,"<= day","daily",NA,NA,NA
"2008-07-12",499.833,FALSE,NA,NA,"<= day","daily",NA,NA,NA
"2008-07-13",491.156,FALSE,NA,NA,"<= day","daily",NA,NA,NA
"2008-07-14",474.26,FALSE,NA,NA,"<= day","daily",NA,NA,NA
"2008-07-15",457,FALSE,NA,NA,"<= day","daily",NA,NA,NA
"2008-07-16",450.677,FALSE,NA,NA,"<= day","daily",NA,NA,NA
"2008-07-17",450.344,FALSE,NA,NA,"<= day","daily",NA,NA,NA
"2008-07-18",452.365,FALSE,NA,NA,"<= day","daily",NA,NA,NA
"2008-07-19",451.156,FALSE,NA,NA,"<= day","daily",NA,NA,NA
"2008-07-20",448.531,FALSE,NA,NA,"<= day","daily",NA,NA,NA
"2008-07-21",435.604,FALSE,NA,NA,"<= day","daily",NA,NA,NA
"2008-07-22",419.74,FALSE,NA,NA,"<= day","daily",NA,NA,NA
"2008-07-23",421.146,FALSE,NA,NA,"<= day","daily",NA,NA,NA
"2008-07-24",406.26,FALSE,NA,NA,"<= day","daily",NA,NA,NA
"2008-07-25",410.073,FALSE,NA,NA,"<= day","daily",NA,NA,NA
"2008-07-26",408.594,FALSE,NA,NA,"<= day","daily",NA,NA,NA
"2008-07-27",414.948,FALSE,NA,NA,"<= day","daily",NA,NA,NA
"2008-07-28",434.698,FALSE,NA,NA,"<= day","daily",NA,NA,NA
"2008-07-29",504.406,FALSE,NA,NA,"<= day","daily",NA,NA,NA
"2008-07-30",455.438,FALSE,NA,NA,"<= day","daily",NA,NA,NA
"2008-07-31",439.75,FALSE,NA,NA,"<= day","daily",NA,NA,NA
"2008-08-01",443.594,FALSE,NA,NA,"<= day","daily",NA,NA,NA
"2008-08-02",441.312,FALSE,NA,NA,"<= day","daily",NA,NA,NA
"2008-08-03",438.812,FALSE,NA,NA,"<= day","daily",NA,NA,NA
"2008-08-04",435.542,FALSE,NA,NA,"<= day","daily",NA,NA,NA
"2008-08-05",434.198,FALSE,NA,NA,"<= day","daily",NA,NA,NA
"2008-08-06",428.49,FALSE,NA,NA,"<= day","daily",NA,NA,NA
"2008-08-07",425.573,FALSE,NA,NA,"<= day","daily",NA,NA,NA
"2008-08-08",433.156,FALSE,NA,NA,"<= day","daily",NA,NA,NA
"2008-08-09",442.573,FALSE,NA,NA,"<= day","daily",NA,NA,NA
"2008-08-10",438.375,FALSE,NA,NA,"<= day","daily",NA,NA,NA
"2008-08-11",446.167,FALSE,NA,NA,"<= day","daily",NA,NA,NA
"2008-08-12",545.573,FALSE,NA,NA,"<= day","daily",NA,NA,NA
"2008-08-13",655.24,FALSE,NA,NA,"<= day","daily",NA,NA,NA
"2008-08-14",521.365,FALSE,NA,NA,"<= day","daily",NA,NA,NA
"2008-08-15",546.417,FALSE,NA,NA,"<= day","daily",NA,NA,NA
"2008-08-16",531.854,FALSE,NA,NA,"<= day","daily",NA,NA,NA
"2008-08-17",463.271,FALSE,NA,NA,"<= day","daily",NA,NA,NA
"2008-08-18",442.625,FALSE,NA,NA,"<= day","daily",NA,NA,NA
"2008-08-19",440.656,FALSE,NA,NA,"<= day","daily",NA,NA,NA
"2008-08-20",436.688,FALSE,NA,NA,"<= day","daily",NA,NA,NA
"2008-08-21",426.062,FALSE,NA,NA,"<= day","daily",NA,NA,NA
"2008-08-22",431.469,FALSE,NA,NA,"<= day","daily",NA,NA,NA
"2008-08-23",436.729,FALSE,NA,NA,"<= day","daily",NA,NA,NA
"2008-08-24",432.708,FALSE,NA,NA,"<= day","daily",NA,NA,NA
"2008-08-25",417.531,FALSE,NA,NA,"<= day","daily",NA,NA,NA
"2008-08-26",398.688,FALSE,NA,NA,"<= day","daily",NA,NA,NA
"2008-08-27",398.406,FALSE,NA,NA,"<= day","daily",NA,NA,NA
"2008-08-28",391.938,FALSE,NA,NA,"<= day","daily",NA,NA,NA
"2008-08-29",382.896,FALSE,NA,NA,"<= day","daily",NA,NA,NA
"2008-08-30",379.229,FALSE,NA,NA,"<= day","daily",NA,NA,NA
"2008-08-31",383.417,FALSE,NA,NA,"<= day","daily",NA,NA,NA
"2008-09-01",384.354,FALSE,NA,NA,"<= day","daily",NA,NA,NA
"2008-09-02",376.656,FALSE,NA,NA,"<= day","daily",NA,NA,NA
"2008-09-03",391.635,FALSE,NA,NA,"<= day","daily",NA,NA,NA
"2008-09-04",452.656,FALSE,NA,NA,"<= day","daily",NA,NA,NA
"2008-09-05",429.083,FALSE,NA,NA,"<= day","daily",NA,NA,NA
"2008-09-06",401.844,FALSE,NA,NA,"<= day","daily",NA,NA,NA
"2008-09-07",445.833,FALSE,NA,NA,"<= day","daily",NA,NA,NA
"2008-09-08",453.5,FALSE,NA,NA,"<= day","daily",NA,NA,NA
"2008-10-23",442.396,FALSE,NA,NA,"<= day","daily",NA,NA,NA
"2008-10-24",407.448,FALSE,NA,NA,"<= day","daily",NA,NA,NA
"2008-10-25",400,FALSE,NA,NA,"<= day","daily",NA,NA,NA
"2008-10-26",400,FALSE,NA,NA,"<= day","daily",NA,NA,NA
"2008-10-27",400,FALSE,NA,NA,"<= day","daily",NA,NA,NA
"2008-10-28",405.615,FALSE,NA,NA,"<= day","daily",NA,NA,NA
"2008-10-29",473.646,FALSE,NA,NA,"<= day","daily",NA,NA,NA
"2008-10-30",683.198,FALSE,NA,NA,"<= day","daily",NA,NA,NA
"2008-10-31",685.25,FALSE,NA,NA,"<= day","daily",NA,NA,NA
"2008-11-01",532.396,FALSE,NA,NA,"<= day","daily",NA,NA,NA
"2008-11-02",496.917,FALSE,NA,NA,"<= day","daily",NA,NA,NA
"2008-11-03",463.729,FALSE,NA,NA,"<= day","daily",NA,NA,NA
"2008-11-04",413.667,FALSE,NA,NA,"<= day","daily",NA,NA,NA
"2008-11-05",402.427,FALSE,NA,NA,"<= day","daily",NA,NA,NA
"2008-11-06",401.021,FALSE,NA,NA,"<= day","daily",NA,NA,NA
"2008-11-07",397.615,FALSE,NA,NA,"<= day","daily",NA,NA,NA
"2008-11-08",381.896,FALSE,NA,NA,"<= day","daily",NA,NA,NA
"2008-11-09",384.573,FALSE,NA,NA,"<= day","daily",NA,NA,NA
"2008-11-10",383.521,FALSE,NA,NA,"<= day","daily",NA,NA,NA
"2008-11-11",384.094,FALSE,NA,NA,"<= day","daily",NA,NA,NA
"2008-11-12",382.635,FALSE,NA,NA,"<= day","daily",NA,NA,NA
"2008-11-13",362.083,FALSE,NA,NA,"<= day","daily",NA,NA,NA
"2008-11-14",353.646,FALSE,NA,NA,"<= day","daily",NA,NA,NA
"2008-11-15",347.479,FALSE,NA,NA,"<= day","daily",NA,NA,NA
"2008-11-16",354.052,FALSE,NA,NA,"<= day","daily",NA,NA,NA
"2008-11-17",352.083,FALSE,NA,NA,"<= day","daily",NA,NA,NA
"2008-11-18",349,FALSE,NA,NA,"<= day","daily",NA,NA,NA
"2008-11-19",350.312,FALSE,NA,NA,"<= day","daily",NA,NA,NA
"2008-11-20",349.198,FALSE,NA,NA,"<= day","daily",NA,NA,NA
"2008-11-21",397.323,FALSE,NA,NA,"<= day","daily",NA,NA,NA
"2008-11-22",467.188,FALSE,NA,NA,"<= day","daily",NA,NA,NA
"2008-11-23",411.573,FALSE,NA,NA,"<= day","daily",NA,NA,NA
"2008-11-24",398.833,FALSE,NA,NA,"<= day","daily",NA,NA,NA
"2008-11-25",388.667,FALSE,NA,NA,"<= day","daily",NA,NA,NA
"2008-11-26",363.625,FALSE,NA,NA,"<= day","daily",NA,NA,NA
"2008-11-27",358.656,FALSE,NA,NA,"<= day","daily",NA,NA,NA
"2008-11-28",377.25,FALSE,NA,NA,"<= day","daily",NA,NA,NA
"2008-11-29",379.958,FALSE,NA,NA,"<= day","daily",NA,NA,NA
"2008-11-30",383.271,FALSE,NA,NA,"<= day","daily",NA,NA,NA
"2008-12-01",376.25,FALSE,NA,NA,"<= day","daily",NA,NA,NA
"2008-12-02",362.25,FALSE,NA,NA,"<= day","daily",NA,NA,NA
"2008-12-03",356.146,FALSE,NA,NA,"<= day","daily",NA,NA,NA
"2008-12-04",374.406,FALSE,NA,NA,"<= day","daily",NA,NA,NA
"2008-12-05",416.469,FALSE,NA,NA,"<= day","daily",NA,NA,NA
"2008-12-06",433.75,FALSE,NA,NA,"<= day","daily",NA,NA,NA
"2008-12-07",443.229,FALSE,NA,NA,"<= day","daily",NA,NA,NA
"2008-12-08",438.042,FALSE,NA,NA,"<= day","daily",NA,NA,NA
"2008-12-09",441.99,FALSE,NA,NA,"<= day","daily",NA,NA,NA
"2008-12-10",446.562,FALSE,NA,NA,"<= day","daily",NA,NA,NA
"2008-12-11",437.76,FALSE,NA,NA,"<= day","daily",NA,NA,NA
"2008-12-12",436.229,FALSE,NA,NA,"<= day","daily",NA,NA,NA
"2008-12-13",437.156,FALSE,NA,NA,"<= day","daily",NA,NA,NA
"2008-12-14",433.792,FALSE,NA,NA,"<= day","daily",NA,NA,NA
"2008-12-15",434.781,FALSE,NA,NA,"<= day","daily",NA,NA,NA
"2008-12-16",440.802,FALSE,NA,NA,"<= day","daily",NA,NA,NA
"2008-12-17",441.594,FALSE,NA,NA,"<= day","daily",NA,NA,NA
"2008-12-18",444.458,FALSE,NA,NA,"<= day","daily",NA,NA,NA
"2008-12-19",445.229,FALSE,NA,NA,"<= day","daily",NA,NA,NA
"2008-12-20",470.792,FALSE,NA,NA,"<= day","daily",NA,NA,NA
"2008-12-21",627.188,FALSE,NA,NA,"<= day","daily",NA,NA,NA
"2008-12-22",635.167,FALSE,NA,NA,"<= day","daily",NA,NA,NA
"2008-12-23",558.542,FALSE,NA,NA,"<= day","daily",NA,NA,NA
"2008-12-24",543.969,FALSE,NA,NA,"<= day","daily",NA,NA,NA
"2008-12-25",538.708,FALSE,NA,NA,"<= day","daily",NA,NA,NA
"2008-12-26",546.094,FALSE,NA,NA,"<= day","daily",NA,NA,NA
"2008-12-27",540.01,FALSE,NA,NA,"<= day","daily",NA,NA,NA
"2008-12-28",535.49,FALSE,NA,NA,"<= day","daily",NA,NA,NA
"2008-12-29",525.875,FALSE,NA,NA,"<= day","daily",NA,NA,NA
"2008-12-30",503.792,FALSE,NA,NA,"<= day","daily",NA,NA,NA
"2008-12-31",500,FALSE,NA,NA,"<= day","daily",NA,NA,NA
"2009-01-01",500,FALSE,NA,NA,"<= day","daily",NA,NA,NA
"2009-01-02",500,FALSE,NA,NA,"<= day","daily",NA,NA,NA
"2009-01-03",499.427,FALSE,NA,NA,"<= day","daily",NA,NA,NA
"2009-01-04",495.792,FALSE,NA,NA,"<= day","daily",NA,NA,NA
"2009-01-05",494.719,FALSE,NA,NA,"<= day","daily",NA,NA,NA
"2009-01-06",486.208,FALSE,NA,NA,"<= day","daily",NA,NA,NA
"2009-01-07",477.125,FALSE,NA,NA,"<= day","daily",NA,NA,NA
"2009-01-08",477.25,FALSE,NA,NA,"<= day","daily",NA,NA,NA
"2009-01-09",496.479,FALSE,NA,NA,"<= day","daily",NA,NA,NA
"2009-01-10",500,FALSE,NA,NA,"<= day","daily",NA,NA,NA
"2009-01-11",499.312,FALSE,NA,NA,"<= day","daily",NA,NA,NA
"2009-01-12",492.521,FALSE,NA,NA,"<= day","daily",NA,NA,NA
"2009-01-13",469.604,FALSE,NA,NA,"<= day","daily",NA,NA,NA
"2009-01-14",423.719,FALSE,NA,NA,"<= day","daily",NA,NA,NA
"2009-01-15",436.5,FALSE,NA,NA,"<= day","daily",NA,NA,NA
"2009-01-16",435.99,FALSE,NA,NA,"<= day","daily",NA,NA,NA
"2009-01-17",431.271,FALSE,NA,NA,"<= day","daily",NA,NA,NA
"2009-01-18",439.188,FALSE,NA,NA,"<= day","daily",NA,NA,NA
"2009-01-19",495.562,FALSE,NA,NA,"<= day","daily",NA,NA,NA
"2009-01-20",611.792,FALSE,NA,NA,"<= day","daily",NA,NA,NA
"2009-01-21",556.208,FALSE,NA,NA,"<= day","daily",NA,NA,NA
"2009-01-22",498.344,FALSE,NA,NA,"<= day","daily",NA,NA,NA
"2009-01-23",587.927,FALSE,NA,NA,"<= day","daily",NA,NA,NA
"2009-01-24",864.156,FALSE,NA,NA,"<= day","daily",NA,NA,NA
"2009-01-25",787.677,FALSE,NA,NA,"<= day","daily",NA,NA,NA
"2009-01-26",611.625,FALSE,NA,NA,"<= day","daily",NA,NA,NA
"2009-01-27",545.167,FALSE,NA,NA,"<= day","daily",NA,NA,NA
"2009-01-28",525.031,FALSE,NA,NA,"<= day","daily",NA,NA,NA
"2009-01-29",504.271,FALSE,NA,NA,"<= day","daily",NA,NA,NA
"2009-01-30",500.135,FALSE,NA,NA,"<= day","daily",NA,NA,NA
"2009-01-31",500,FALSE,NA,NA,"<= day","daily",NA,NA,NA
"2009-02-01",500,FALSE,NA,NA,"<= day","daily",NA,NA,NA
"2009-02-02",500,FALSE,NA,NA,"<= day","daily",NA,NA,NA
"2009-02-03",500,FALSE,NA,NA,"<= day","daily",NA,NA,NA
"2009-02-04",500,FALSE,NA,NA,"<= day","daily",NA,NA,NA
"2009-02-05",498.969,FALSE,NA,NA,"<= day","daily",NA,NA,NA
"2009-02-06",491.188,FALSE,NA,NA,"<= day","daily",NA,NA,NA
"2009-02-07",484.135,FALSE,NA,NA,"<= day","daily",NA,NA,NA
"2009-02-08",486.625,FALSE,NA,NA,"<= day","daily",NA,NA,NA
"2009-02-09",485.083,FALSE,NA,NA,"<= day","daily",NA,NA,NA
"2009-02-10",578.729,FALSE,NA,NA,"<= day","daily",NA,NA,NA
"2009-02-11",675.75,FALSE,NA,NA,"<= day","daily",NA,NA,NA
"2009-02-12",572.76,FALSE,NA,NA,"<= day","daily",NA,NA,NA
"2009-02-13",531.021,FALSE,NA,NA,"<= day","daily",NA,NA,NA
"2009-02-14",507.198,FALSE,NA,NA,"<= day","daily",NA,NA,NA
"2009-02-15",500.542,FALSE,NA,NA,"<= day","daily",NA,NA,NA
"2009-02-16",500,FALSE,NA,NA,"<= day","daily",NA,NA,NA
"2009-02-17",502.177,FALSE,NA,NA,"<= day","daily",NA,NA,NA
"2009-02-18",514.25,FALSE,NA,NA,"<= day","daily",NA,NA,NA
"2009-02-19",502.573,FALSE,NA,NA,"<= day","daily",NA,NA,NA
"2009-02-20",500,FALSE,NA,NA,"<= day","daily",NA,NA,NA
"2009-02-21",501.604,FALSE,NA,NA,"<= day","daily",NA,NA,NA
"2009-02-22",527.229,FALSE,NA,NA,"<= day","daily",NA,NA,NA
"2009-02-23",650.469,FALSE,NA,NA,"<= day","daily",NA,NA,NA
"2009-02-24",806.917,FALSE,NA,NA,"<= day","daily",NA,NA,NA
"2009-02-25",780.208,FALSE,NA,NA,"<= day","daily",NA,NA,NA
"2009-02-26",749.292,FALSE,NA,NA,"<= day","daily",NA,NA,NA
"2009-02-27",727.833,FALSE,NA,NA,"<= day","daily",NA,NA,NA
"2009-02-28",737.625,FALSE,NA,NA,"<= day","daily",NA,NA,NA
"2009-03-01",731.052,FALSE,NA,NA,"<= day","daily",NA,NA,NA
"2009-03-02",704.604,FALSE,NA,NA,"<= day","daily",NA,NA,NA
"2009-03-03",701.146,FALSE,NA,NA,"<= day","daily",NA,NA,NA
"2009-03-04",711.854,FALSE,NA,NA,"<= day","daily",NA,NA,NA
"2009-03-05",735.24,FALSE,NA,NA,"<= day","daily",NA,NA,NA
"2009-03-06",755.865,FALSE,NA,NA,"<= day","daily",NA,NA,NA
"2009-03-07",832.479,FALSE,NA,NA,"<= day","daily",NA,NA,NA
"2009-03-08",910.479,FALSE,NA,NA,"<= day","daily",NA,NA,NA
"2009-03-09",956.51,FALSE,NA,NA,"<= day","daily",NA,NA,NA
"2009-03-10",995.208,FALSE,NA,NA,"<= day","daily",NA,NA,NA
"2009-03-11",1009.271,FALSE,NA,NA,"<= day","daily",NA,NA,NA
"2009-03-12",1017.719,FALSE,NA,NA,"<= day","daily",NA,NA,NA
"2009-03-13",1002.979,FALSE,NA,NA,"<= day","daily",NA,NA,NA
"2009-03-14",999.771,FALSE,NA,NA,"<= day","daily",NA,NA,NA
"2009-03-15",993.115,FALSE,NA,NA,"<= day","daily",NA,NA,NA
"2009-03-16",958.062,FALSE,NA,NA,"<= day","daily",NA,NA,NA
"2009-03-17",939.833,FALSE,NA,NA,"<= day","daily",NA,NA,NA
"2009-03-18",900.844,FALSE,NA,NA,"<= day","daily",NA,NA,NA
"2009-03-19",875.573,FALSE,NA,NA,"<= day","daily",NA,NA,NA
"2009-03-20",854.094,FALSE,NA,NA,"<= day","daily",NA,NA,NA
"2009-03-21",834.854,FALSE,NA,NA,"<= day","daily",NA,NA,NA
"2009-03-22",839.24,FALSE,NA,NA,"<= day","daily",NA,NA,NA
"2009-03-23",824.677,FALSE,NA,NA,"<= day","daily",NA,NA,NA
"2009-03-24",835.719,FALSE,NA,NA,"<= day","daily",NA,NA,NA
"2009-03-25",835.823,FALSE,NA,NA,"<= day","daily",NA,NA,NA
"2009-03-26",842.188,FALSE,NA,NA,"<= day","daily",NA,NA,NA
"2009-03-27",840.656,FALSE,NA,NA,"<= day","daily",NA,NA,NA
"2009-03-28",844.417,FALSE,NA,NA,"<= day","daily",NA,NA,NA
"2009-03-29",864.365,FALSE,NA,NA,"<= day","daily",NA,NA,NA
"2009-03-30",841.479,FALSE,NA,NA,"<= day","daily",NA,NA,NA
"2009-03-31",804.667,FALSE,NA,NA,"<= day","daily",NA,NA,NA
"2009-04-01",778.271,FALSE,NA,NA,"<= day","daily",NA,NA,NA
"2009-04-02",753.917,FALSE,NA,NA,"<= day","daily",NA,NA,NA
"2009-04-03",740.01,FALSE,NA,NA,"<= day","daily",NA,NA,NA
"2009-04-04",739.208,FALSE,NA,NA,"<= day","daily",NA,NA,NA
"2009-04-05",740.219,FALSE,NA,NA,"<= day","daily",NA,NA,NA
"2009-04-06",733,FALSE,NA,NA,"<= day","daily",NA,NA,NA
"2009-04-07",740.375,FALSE,NA,NA,"<= day","daily",NA,NA,NA
"2009-04-08",740.969,FALSE,NA,NA,"<= day","daily",NA,NA,NA
"2009-04-09",734.333,FALSE,NA,NA,"<= day","daily",NA,NA,NA
"2009-04-10",733.406,FALSE,NA,NA,"<= day","daily",NA,NA,NA
"2009-04-11",730.083,FALSE,NA,NA,"<= day","daily",NA,NA,NA
"2009-04-12",723.562,FALSE,NA,NA,"<= day","daily",NA,NA,NA
"2009-04-13",703.521,FALSE,NA,NA,"<= day","daily",NA,NA,NA
"2009-04-14",700,FALSE,NA,NA,"<= day","daily",NA,NA,NA
"2009-04-15",700,FALSE,NA,NA,"<= day","daily",NA,NA,NA
"2009-04-16",701.031,FALSE,NA,NA,"<= day","daily",NA,NA,NA
"2009-04-17",706.75,FALSE,NA,NA,"<= day","daily",NA,NA,NA
"2009-04-18",701.677,FALSE,NA,NA,"<= day","daily",NA,NA,NA
"2009-04-19",700.594,FALSE,NA,NA,"<= day","daily",NA,NA,NA
"2009-04-20",681.583,FALSE,NA,NA,"<= day","daily",NA,NA,NA
"2009-04-21",672.719,FALSE,NA,NA,"<= day","daily",NA,NA,NA
"2009-04-22",663.51,FALSE,NA,NA,"<= day","daily",NA,NA,NA
"2009-04-23",607.302,FALSE,NA,NA,"<= day","daily",NA,NA,NA
"2009-04-24",521.781,FALSE,NA,NA,"<= day","daily",NA,NA,NA
"2009-04-25",501.219,FALSE,NA,NA,"<= day","daily",NA,NA,NA
"2009-04-26",500,FALSE,NA,NA,"<= day","daily",NA,NA,NA
"2009-04-27",500,FALSE,NA,NA,"<= day","daily",NA,NA,NA
"2009-04-28",504.01,FALSE,NA,NA,"<= day","daily",NA,NA,NA
"2009-04-29",530.031,FALSE,NA,NA,"<= day","daily",NA,NA,NA
"2009-04-30",531.552,FALSE,NA,NA,"<= day","daily",NA,NA,NA
"2009-05-01",516.25,FALSE,NA,NA,"<= day","daily",NA,NA,NA
"2009-05-02",487.979,FALSE,NA,NA,"<= day","daily",NA,NA,NA
"2009-05-03",474.104,FALSE,NA,NA,"<= day","daily",NA,NA,NA
"2009-05-04",474.021,FALSE,NA,NA,"<= day","daily",NA,NA,NA
"2009-05-05",471.25,FALSE,NA,NA,"<= day","daily",NA,NA,NA
"2009-05-06",474.323,FALSE,NA,NA,"<= day","daily",NA,NA,NA
"2009-05-07",475.229,FALSE,NA,NA,"<= day","daily",NA,NA,NA
"2009-05-08",476.156,FALSE,NA,NA,"<= day","daily",NA,NA,NA
"2009-05-09",473.135,FALSE,NA,NA,"<= day","daily",NA,NA,NA
"2009-05-10",481.76,FALSE,NA,NA,"<= day","daily",NA,NA,NA
"2009-05-11",539.25,FALSE,NA,NA,"<= day","daily",NA,NA,NA
"2009-05-12",633.521,FALSE,NA,NA,"<= day","daily",NA,NA,NA
"2009-05-13",544.5,FALSE,NA,NA,"<= day","daily",NA,NA,NA
"2009-05-14",524.208,FALSE,NA,NA,"<= day","daily",NA,NA,NA
"2009-05-15",659.448,FALSE,NA,NA,"<= day","daily",NA,NA,NA
"2009-05-16",717.167,FALSE,NA,NA,"<= day","daily",NA,NA,NA
"2009-05-17",662.844,FALSE,NA,NA,"<= day","daily",NA,NA,NA
"2009-05-18",594.927,FALSE,NA,NA,"<= day","daily",NA,NA,NA
"2009-05-19",543.354,FALSE,NA,NA,"<= day","daily",NA,NA,NA
"2009-05-20",535.302,FALSE,NA,NA,"<= day","daily",NA,NA,NA
"2009-05-21",551.865,FALSE,NA,NA,"<= day","daily",NA,NA,NA
"2009-05-22",611.635,FALSE,NA,NA,"<= day","daily",NA,NA,NA
"2009-05-23",570.906,FALSE,NA,NA,"<= day","daily",NA,NA,NA
"2009-05-24",536.49,FALSE,NA,NA,"<= day","daily",NA,NA,NA
"2009-05-25",533.542,FALSE,NA,NA,"<= day","daily",NA,NA,NA
"2009-05-26",565.542,FALSE,NA,NA,"<= day","daily",NA,NA,NA
"2009-05-27",667.615,FALSE,NA,NA,"<= day","daily",NA,NA,NA
"2009-05-28",623.823,FALSE,NA,NA,"<= day","daily",NA,NA,NA
"2009-05-29",544.135,FALSE,NA,NA,"<= day","daily",NA,NA,NA
"2009-05-30",530.031,FALSE,NA,NA,"<= day","daily",NA,NA,NA
"2009-05-31",538.094,FALSE,NA,NA,"<= day","daily",NA,NA,NA
"2009-06-01",531.094,FALSE,NA,NA,"<= day","daily",NA,NA,NA
"2009-06-02",519.656,FALSE,NA,NA,"<= day","daily",NA,NA,NA
"2009-06-03",505.708,FALSE,NA,NA,"<= day","daily",NA,NA,NA
"2009-06-04",500.542,FALSE,NA,NA,"<= day","daily",NA,NA,NA
"2009-06-05",500,FALSE,NA,NA,"<= day","daily",NA,NA,NA
"2009-06-06",503.323,FALSE,NA,NA,"<= day","daily",NA,NA,NA
"2009-06-07",521.75,FALSE,NA,NA,"<= day","daily",NA,NA,NA
"2009-06-08",503.927,FALSE,NA,NA,"<= day","daily",NA,NA,NA
"2009-06-09",498.625,FALSE,NA,NA,"<= day","daily",NA,NA,NA
"2009-06-10",491,FALSE,NA,NA,"<= day","daily",NA,NA,NA
"2009-06-11",495.51,FALSE,NA,NA,"<= day","daily",NA,NA,NA
"2009-06-12",478.385,FALSE,NA,NA,"<= day","daily",NA,NA,NA
"2009-06-13",477.292,FALSE,NA,NA,"<= day","daily",NA,NA,NA
"2009-06-14",490.115,FALSE,NA,NA,"<= day","daily",NA,NA,NA
"2009-06-15",480.521,FALSE,NA,NA,"<= day","daily",NA,NA,NA
"2009-06-16",485.885,FALSE,NA,NA,"<= day","daily",NA,NA,NA
"2009-06-17",454.167,FALSE,NA,NA,"<= day","daily",NA,NA,NA
"2009-06-18",434.156,FALSE,NA,NA,"<= day","daily",NA,NA,NA
"2009-06-19",444.51,FALSE,NA,NA,"<= day","daily",NA,NA,NA
"2009-06-20",441.427,FALSE,NA,NA,"<= day","daily",NA,NA,NA
"2009-06-21",442.25,FALSE,NA,NA,"<= day","daily",NA,NA,NA
"2009-06-22",440.979,FALSE,NA,NA,"<= day","daily",NA,NA,NA
"2009-06-23",443.635,FALSE,NA,NA,"<= day","daily",NA,NA,NA
"2009-06-24",439.01,FALSE,NA,NA,"<= day","daily",NA,NA,NA
"2009-06-25",433.635,FALSE,NA,NA,"<= day","daily",NA,NA,NA
"2009-06-26",444.865,FALSE,NA,NA,"<= day","daily",NA,NA,NA
"2009-06-27",511.396,FALSE,NA,NA,"<= day","daily",NA,NA,NA
"2009-06-28",601.667,FALSE,NA,NA,"<= day","daily",NA,NA,NA
"2009-06-29",485.26,FALSE,NA,NA,"<= day","daily",NA,NA,NA
"2009-06-30",438.604,FALSE,NA,NA,"<= day","daily",NA,NA,NA
"2009-07-01",431.312,FALSE,NA,NA,"<= day","daily",NA,NA,NA
"2009-07-02",429.615,FALSE,NA,NA,"<= day","daily",NA,NA,NA
"2009-07-03",431.938,FALSE,NA,NA,"<= day","daily",NA,NA,NA
"2009-07-04",435.167,FALSE,NA,NA,"<= day","daily",NA,NA,NA
"2009-07-05",456.281,FALSE,NA,NA,"<= day","daily",NA,NA,NA
"2009-07-06",562.917,FALSE,NA,NA,"<= day","daily",NA,NA,NA
"2009-07-07",537.469,FALSE,NA,NA,"<= day","daily",NA,NA,NA
"2009-07-08",450.677,FALSE,NA,NA,"<= day","daily",NA,NA,NA
"2009-07-09",441.802,FALSE,NA,NA,"<= day","daily",NA,NA,NA
"2009-07-10",440.875,FALSE,NA,NA,"<= day","daily",NA,NA,NA
"2009-07-11",433.75,FALSE,NA,NA,"<= day","daily",NA,NA,NA
"2009-07-12",436.844,FALSE,NA,NA,"<= day","daily",NA,NA,NA
"2009-07-13",414.104,FALSE,NA,NA,"<= day","daily",NA,NA,NA
"2009-07-14",445.396,FALSE,NA,NA,"<= day","daily",NA,NA,NA
"2009-07-15",714.365,FALSE,NA,NA,"<= day","daily",NA,NA,NA
"2009-07-16",911.771,FALSE,NA,NA,"<= day","daily",NA,NA,NA
"2009-07-17",844.615,FALSE,NA,NA,"<= day","daily",NA,NA,NA
"2009-07-18",962.688,FALSE,NA,NA,"<= day","daily",NA,NA,NA
"2009-07-19",991.917,FALSE,NA,NA,"<= day","daily",NA,NA,NA
"2009-07-20",942.312,FALSE,NA,NA,"<= day","daily",NA,NA,NA
"2009-07-21",850.396,FALSE,NA,NA,"<= day","daily",NA,NA,NA
"2009-07-22",750.312,FALSE,NA,NA,"<= day","daily",NA,NA,NA
"2009-07-23",703.698,FALSE,NA,NA,"<= day","daily",NA,NA,NA
"2009-07-24",681.646,FALSE,NA,NA,"<= day","daily",NA,NA,NA
"2009-07-25",644.594,FALSE,NA,NA,"<= day","daily",NA,NA,NA
"2009-07-26",637.438,FALSE,NA,NA,"<= day","daily",NA,NA,NA
"2009-07-27",621.562,FALSE,NA,NA,"<= day","daily",NA,NA,NA
"2009-07-28",603.562,FALSE,NA,NA,"<= day","daily",NA,NA,NA
"2009-07-29",550.177,FALSE,NA,NA,"<= day","daily",NA,NA,NA
"2009-07-30",534.792,FALSE,NA,NA,"<= day","daily",NA,NA,NA
"2009-07-31",548.208,FALSE,NA,NA,"<= day","daily",NA,NA,NA
"2009-08-01",621.052,FALSE,NA,NA,"<= day","daily",NA,NA,NA
"2009-08-02",641.062,FALSE,NA,NA,"<= day","daily",NA,NA,NA
"2009-08-03",645.979,FALSE,NA,NA,"<= day","daily",NA,NA,NA
"2009-08-04",621.156,FALSE,NA,NA,"<= day","daily",NA,NA,NA
"2009-08-05",602.573,FALSE,NA,NA,"<= day","daily",NA,NA,NA
"2009-08-06",600,FALSE,NA,NA,"<= day","daily",NA,NA,NA
"2009-08-07",600,FALSE,NA,NA,"<= day","daily",NA,NA,NA
"2009-08-08",603.552,FALSE,NA,NA,"<= day","daily",NA,NA,NA
"2009-08-09",624.625,FALSE,NA,NA,"<= day","daily",NA,NA,NA
"2009-08-10",613.656,FALSE,NA,NA,"<= day","daily",NA,NA,NA
"2009-08-11",602.219,FALSE,NA,NA,"<= day","daily",NA,NA,NA
"2009-08-12",584.792,FALSE,NA,NA,"<= day","daily",NA,NA,NA
"2009-08-13",619.5,FALSE,NA,NA,"<= day","daily",NA,NA,NA
"2009-08-14",751.177,FALSE,NA,NA,"<= day","daily",NA,NA,NA
"2009-08-15",658.656,FALSE,NA,NA,"<= day","daily",NA,NA,NA
"2009-08-16",605.823,FALSE,NA,NA,"<= day","daily",NA,NA,NA
"2009-08-17",600.917,FALSE,NA,NA,"<= day","daily",NA,NA,NA
"2009-08-18",602.677,FALSE,NA,NA,"<= day","daily",NA,NA,NA
"2009-08-19",575.323,FALSE,NA,NA,"<= day","daily",NA,NA,NA
"2009-08-20",567.188,FALSE,NA,NA,"<= day","daily",NA,NA,NA
"2009-08-21",575.604,FALSE,NA,NA,"<= day","daily",NA,NA,NA
"2009-08-22",576.094,FALSE,NA,NA,"<= day","daily",NA,NA,NA
"2009-08-23",556.823,FALSE,NA,NA,"<= day","daily",NA,NA,NA
"2009-08-24",540.198,FALSE,NA,NA,"<= day","daily",NA,NA,NA
"2009-08-25",546.323,FALSE,NA,NA,"<= day","daily",NA,NA,NA
"2009-08-26",541.396,FALSE,NA,NA,"<= day","daily",NA,NA,NA
"2009-08-27",536.5,FALSE,NA,NA,"<= day","daily",NA,NA,NA
"2009-08-28",539.042,FALSE,NA,NA,"<= day","daily",NA,NA,NA
"2009-08-29",533.385,FALSE,NA,NA,"<= day","daily",NA,NA,NA
"2009-08-30",537.75,FALSE,NA,NA,"<= day","daily",NA,NA,NA
"2009-08-31",533.708,FALSE,NA,NA,"<= day","daily",NA,NA,NA
"2009-09-01",540.75,FALSE,NA,NA,"<= day","daily",NA,NA,NA
"2009-09-02",534.135,FALSE,NA,NA,"<= day","daily",NA,NA,NA
"2009-09-03",540.458,FALSE,NA,NA,"<= day","daily",NA,NA,NA
"2009-09-04",536.885,FALSE,NA,NA,"<= day","daily",NA,NA,NA
"2009-09-05",538.875,FALSE,NA,NA,"<= day","daily",NA,NA,NA
"2009-09-06",522.938,FALSE,NA,NA,"<= day","daily",NA,NA,NA
"2009-09-07",503.115,FALSE,NA,NA,"<= day","daily",NA,NA,NA
"2009-09-08",500,FALSE,NA,NA,"<= day","daily",NA,NA,NA
"2009-09-09",500,FALSE,NA,NA,"<= day","daily",NA,NA,NA
"2009-09-10",500,FALSE,NA,NA,"<= day","daily",NA,NA,NA
"2009-09-11",500,FALSE,NA,NA,"<= day","daily",NA,NA,NA
"2009-09-12",500,FALSE,NA,NA,"<= day","daily",NA,NA,NA
"2009-09-13",500,FALSE,NA,NA,"<= day","daily",NA,NA,NA
"2009-09-14",500,FALSE,NA,NA,"<= day","daily",NA,NA,NA
"2009-09-15",498.052,FALSE,NA,NA,"<= day","daily",NA,NA,NA
"2009-09-16",484.615,FALSE,NA,NA,"<= day","daily",NA,NA,NA
"2009-09-17",479.073,FALSE,NA,NA,"<= day","daily",NA,NA,NA
"2009-09-18",485.021,FALSE,NA,NA,"<= day","daily",NA,NA,NA
"2009-09-19",478.021,FALSE,NA,NA,"<= day","daily",NA,NA,NA
"2009-09-20",482.448,FALSE,NA,NA,"<= day","daily",NA,NA,NA
"2009-09-21",467.688,FALSE,NA,NA,"<= day","daily",NA,NA,NA
"2009-09-22",446.677,FALSE,NA,NA,"<= day","daily",NA,NA,NA
"2009-09-23",439.792,FALSE,NA,NA,"<= day","daily",NA,NA,NA
"2009-09-24",440.208,FALSE,NA,NA,"<= day","daily",NA,NA,NA
"2009-09-25",442.135,FALSE,NA,NA,"<= day","daily",NA,NA,NA
"2009-09-26",439.542,FALSE,NA,NA,"<= day","daily",NA,NA,NA
"2009-09-27",439,FALSE,NA,NA,"<= day","daily",NA,NA,NA
"2009-09-28",439,FALSE,NA,NA,"<= day","daily",NA,NA,NA
"2009-09-29",439,FALSE,NA,NA,"<= day","daily",NA,NA,NA
"2009-09-30",439.229,FALSE,NA,NA,"<= day","daily",NA,NA,NA
"2009-10-01",440.042,FALSE,NA,NA,"<= day","daily",NA,NA,NA
"2009-10-02",436.271,FALSE,NA,NA,"<= day","daily",NA,NA,NA
"2009-10-03",439.26,FALSE,NA,NA,"<= day","daily",NA,NA,NA
"2009-10-04",443.677,FALSE,NA,NA,"<= day","daily",NA,NA,NA
"2009-10-05",436.083,FALSE,NA,NA,"<= day","daily",NA,NA,NA
"2009-10-06",437.458,FALSE,NA,NA,"<= day","daily",NA,NA,NA
"2009-10-07",438.229,FALSE,NA,NA,"<= day","daily",NA,NA,NA
"2009-10-08",440.188,FALSE,NA,NA,"<= day","daily",NA,NA,NA
"2009-10-09",445.979,FALSE,NA,NA,"<= day","daily",NA,NA,NA
"2009-10-10",463.938,FALSE,NA,NA,"<= day","daily",NA,NA,NA
"2009-10-11",472,FALSE,NA,NA,"<= day","daily",NA,NA,NA
"2009-10-12",464.219,FALSE,NA,NA,"<= day","daily",NA,NA,NA
"2009-10-13",444.042,FALSE,NA,NA,"<= day","daily",NA,NA,NA
"2009-10-14",438.062,FALSE,NA,NA,"<= day","daily",NA,NA,NA
"2009-10-15",435.062,FALSE,NA,NA,"<= day","daily",NA,NA,NA
"2009-10-16",433.781,FALSE,NA,NA,"<= day","daily",NA,NA,NA
"2009-10-17",441.802,FALSE,NA,NA,"<= day","daily",NA,NA,NA
"2009-10-18",439.333,FALSE,NA,NA,"<= day","daily",NA,NA,NA
"2009-10-19",436.177,FALSE,NA,NA,"<= day","daily",NA,NA,NA
"2009-10-20",433.469,FALSE,NA,NA,"<= day","daily",NA,NA,NA
"2009-10-21",425.083,FALSE,NA,NA,"<= day","daily",NA,NA,NA
"2009-10-22",405.385,FALSE,NA,NA,"<= day","daily",NA,NA,NA
"2009-10-23",404.177,FALSE,NA,NA,"<= day","daily",NA,NA,NA
"2009-10-24",416.021,FALSE,NA,NA,"<= day","daily",NA,NA,NA
"2009-10-25",402.844,FALSE,NA,NA,"<= day","daily",NA,NA,NA
"2009-10-26",400,FALSE,NA,NA,"<= day","daily",NA,NA,NA
"2009-10-27",400,FALSE,NA,NA,"<= day","daily",NA,NA,NA
"2009-10-28",400,FALSE,NA,NA,"<= day","daily",NA,NA,NA
"2009-10-29",400,FALSE,NA,NA,"<= day","daily",NA,NA,NA
"2009-10-30",400,FALSE,NA,NA,"<= day","daily",NA,NA,NA
"2009-10-31",400,FALSE,NA,NA,"<= day","daily",NA,NA,NA
"2009-11-01",400,FALSE,NA,NA,"<= day","daily",NA,NA,NA
"2009-11-02",400,FALSE,NA,NA,"<= day","daily",NA,NA,NA
"2009-11-03",400.458,FALSE,NA,NA,"<= day","daily",NA,NA,NA
"2009-11-04",403.802,FALSE,NA,NA,"<= day","daily",NA,NA,NA
"2009-11-05",405.792,FALSE,NA,NA,"<= day","daily",NA,NA,NA
"2009-11-06",400.948,FALSE,NA,NA,"<= day","daily",NA,NA,NA
"2009-11-07",400,FALSE,NA,NA,"<= day","daily",NA,NA,NA
"2009-11-08",400.344,FALSE,NA,NA,"<= day","daily",NA,NA,NA
"2009-11-09",406.26,FALSE,NA,NA,"<= day","daily",NA,NA,NA
"2009-11-10",426.656,FALSE,NA,NA,"<= day","daily",NA,NA,NA
"2009-11-11",404.74,FALSE,NA,NA,"<= day","daily",NA,NA,NA
"2009-11-12",400,FALSE,NA,NA,"<= day","daily",NA,NA,NA
"2009-11-13",400,FALSE,NA,NA,"<= day","daily",NA,NA,NA
"2009-11-14",400,FALSE,NA,NA,"<= day","daily",NA,NA,NA
"2009-11-15",400,FALSE,NA,NA,"<= day","daily",NA,NA,NA
"2009-11-16",400,FALSE,NA,NA,"<= day","daily",NA,NA,NA
"2009-11-17",400,FALSE,NA,NA,"<= day","daily",NA,NA,NA
"2009-11-18",400,FALSE,NA,NA,"<= day","daily",NA,NA,NA
"2009-11-19",400,FALSE,NA,NA,"<= day","daily",NA,NA,NA
"2009-11-20",400,FALSE,NA,NA,"<= day","daily",NA,NA,NA
"2009-11-21",400,FALSE,NA,NA,"<= day","daily",NA,NA,NA
"2009-11-22",400,FALSE,NA,NA,"<= day","daily",NA,NA,NA
"2009-11-23",400,FALSE,NA,NA,"<= day","daily",NA,NA,NA
"2009-11-24",400,FALSE,NA,NA,"<= day","daily",NA,NA,NA
"2009-11-25",400,FALSE,NA,NA,"<= day","daily",NA,NA,NA
"2009-11-26",400,FALSE,NA,NA,"<= day","daily",NA,NA,NA
"2009-11-27",400,FALSE,NA,NA,"<= day","daily",NA,NA,NA
"2009-11-28",400,FALSE,NA,NA,"<= day","daily",NA,NA,NA
"2009-11-29",401.031,FALSE,NA,NA,"<= day","daily",NA,NA,NA
"2009-11-30",419.812,FALSE,NA,NA,"<= day","daily",NA,NA,NA
"2009-12-01",492.677,FALSE,NA,NA,"<= day","daily",NA,NA,NA
"2009-12-02",458.562,FALSE,NA,NA,"<= day","daily",NA,NA,NA
"2009-12-03",439.083,FALSE,NA,NA,"<= day","daily",NA,NA,NA
"2009-12-04",441.771,FALSE,NA,NA,"<= day","daily",NA,NA,NA
"2009-12-05",434.781,FALSE,NA,NA,"<= day","daily",NA,NA,NA
"2009-12-06",428.417,FALSE,NA,NA,"<= day","daily",NA,NA,NA
"2009-12-07",422.125,FALSE,NA,NA,"<= day","daily",NA,NA,NA
"2009-12-08",443.5,FALSE,NA,NA,"<= day","daily",NA,NA,NA
"2009-12-09",479.24,FALSE,NA,NA,"<= day","daily",NA,NA,NA
"2009-12-10",457.729,FALSE,NA,NA,"<= day","daily",NA,NA,NA
"2009-12-11",452.115,FALSE,NA,NA,"<= day","daily",NA,NA,NA
"2009-12-12",494.667,FALSE,NA,NA,"<= day","daily",NA,NA,NA
"2009-12-13",499.948,FALSE,NA,NA,"<= day","daily",NA,NA,NA
"2009-12-14",495.74,FALSE,NA,NA,"<= day","daily",NA,NA,NA
"2009-12-15",488.458,FALSE,NA,NA,"<= day","daily",NA,NA,NA
"2009-12-16",480.052,FALSE,NA,NA,"<= day","daily",NA,NA,NA
"2009-12-17",490.656,FALSE,NA,NA,"<= day","daily",NA,NA,NA
"2009-12-18",477.375,FALSE,NA,NA,"<= day","daily",NA,NA,NA
"2009-12-19",479.302,FALSE,NA,NA,"<= day","daily",NA,NA,NA
"2009-12-20",459.333,FALSE,NA,NA,"<= day","daily",NA,NA,NA
"2009-12-21",456.438,FALSE,NA,NA,"<= day","daily",NA,NA,NA
"2009-12-22",501.333,FALSE,NA,NA,"<= day","daily",NA,NA,NA
"2009-12-23",628.531,FALSE,NA,NA,"<= day","daily",NA,NA,NA
"2009-12-24",618.792,FALSE,NA,NA,"<= day","daily",NA,NA,NA
"2009-12-25",740.854,FALSE,NA,NA,"<= day","daily",NA,NA,NA
"2009-12-26",814.875,FALSE,NA,NA,"<= day","daily",NA,NA,NA
"2009-12-27",705.729,FALSE,NA,NA,"<= day","daily",NA,NA,NA
"2009-12-28",640.062,FALSE,NA,NA,"<= day","daily",NA,NA,NA
"2009-12-29",647.938,FALSE,NA,NA,"<= day","daily",NA,NA,NA
"2009-12-30",741.677,FALSE,NA,NA,"<= day","daily",NA,NA,NA
"2009-12-31",900.125,FALSE,NA,NA,"<= day","daily",NA,NA,NA
"2010-01-01",949.74,FALSE,NA,NA,"<= day","daily",NA,NA,NA
"2010-01-02",908.427,FALSE,NA,NA,"<= day","daily",NA,NA,NA
"2010-01-03",841.896,FALSE,NA,NA,"<= day","daily",NA,NA,NA
"2010-01-04",804.875,FALSE,NA,NA,"<= day","daily",NA,NA,NA
"2010-01-05",799.427,FALSE,NA,NA,"<= day","daily",NA,NA,NA
"2010-01-06",793.615,FALSE,NA,NA,"<= day","daily",NA,NA,NA
"2010-01-07",774.969,FALSE,NA,NA,"<= day","daily",NA,NA,NA
"2010-01-08",743.052,FALSE,NA,NA,"<= day","daily",NA,NA,NA
"2010-01-09",736.729,FALSE,NA,NA,"<= day","daily",NA,NA,NA
"2010-01-10",737.51,FALSE,NA,NA,"<= day","daily",NA,NA,NA
"2010-01-11",723.125,FALSE,NA,NA,"<= day","daily",NA,NA,NA
"2010-01-12",703.938,FALSE,NA,NA,"<= day","daily",NA,NA,NA
"2010-01-13",679.875,FALSE,NA,NA,"<= day","daily",NA,NA,NA
"2010-01-14",648.438,FALSE,NA,NA,"<= day","daily",NA,NA,NA
"2010-01-15",639.219,FALSE,NA,NA,"<= day","daily",NA,NA,NA
"2010-01-16",637.146,FALSE,NA,NA,"<= day","daily",NA,NA,NA
"2010-01-17",657.073,FALSE,NA,NA,"<= day","daily",NA,NA,NA
"2010-01-18",724.104,FALSE,NA,NA,"<= day","daily",NA,NA,NA
"2010-01-19",733.073,FALSE,NA,NA,"<= day","daily",NA,NA,NA
"2010-01-20",717.49,FALSE,NA,NA,"<= day","daily",NA,NA,NA
"2010-01-21",696.573,FALSE,NA,NA,"<= day","daily",NA,NA,NA
"2010-01-22",655.51,FALSE,NA,NA,"<= day","daily",NA,NA,NA
"2010-01-23",639.802,FALSE,NA,NA,"<= day","daily",NA,NA,NA
"2010-01-24",634.615,FALSE,NA,NA,"<= day","daily",NA,NA,NA
"2010-01-25",638.823,FALSE,NA,NA,"<= day","daily",NA,NA,NA
"2010-01-26",637.698,FALSE,NA,NA,"<= day","daily",NA,NA,NA
"2010-01-27",635.74,FALSE,NA,NA,"<= day","daily",NA,NA,NA
"2010-01-28",645.812,FALSE,NA,NA,"<= day","daily",NA,NA,NA
"2010-01-29",631.969,FALSE,NA,NA,"<= day","daily",NA,NA,NA
"2010-01-30",640.083,FALSE,NA,NA,"<= day","daily",NA,NA,NA
"2010-01-31",641.604,FALSE,NA,NA,"<= day","daily",NA,NA,NA
"2010-02-01",634.406,FALSE,NA,NA,"<= day","daily",NA,NA,NA
"2010-02-02",637.771,FALSE,NA,NA,"<= day","daily",NA,NA,NA
"2010-02-03",646.021,FALSE,NA,NA,"<= day","daily",NA,NA,NA
"2010-02-04",737.917,FALSE,NA,NA,"<= day","daily",NA,NA,NA
"2010-02-05",737.479,FALSE,NA,NA,"<= day","daily",NA,NA,NA
"2010-02-06",736.188,FALSE,NA,NA,"<= day","daily",NA,NA,NA
"2010-02-07",744.958,FALSE,NA,NA,"<= day","daily",NA,NA,NA
"2010-02-08",776.802,FALSE,NA,NA,"<= day","daily",NA,NA,NA
"2010-02-09",748.771,FALSE,NA,NA,"<= day","daily",NA,NA,NA
"2010-02-10",716.75,FALSE,NA,NA,"<= day","daily",NA,NA,NA
"2010-02-11",697.938,FALSE,NA,NA,"<= day","daily",NA,NA,NA
"2010-02-12",672.104,FALSE,NA,NA,"<= day","daily",NA,NA,NA
"2010-02-13",644.396,FALSE,NA,NA,"<= day","daily",NA,NA,NA
"2010-02-14",635.177,FALSE,NA,NA,"<= day","daily",NA,NA,NA
"2010-02-15",635.958,FALSE,NA,NA,"<= day","daily",NA,NA,NA
"2010-02-16",637.5,FALSE,NA,NA,"<= day","daily",NA,NA,NA
"2010-02-17",635.24,FALSE,NA,NA,"<= day","daily",NA,NA,NA
"2010-02-18",630.625,FALSE,NA,NA,"<= day","daily",NA,NA,NA
"2010-02-19",655.01,FALSE,NA,NA,"<= day","daily",NA,NA,NA
"2010-02-20",723.156,FALSE,NA,NA,"<= day","daily",NA,NA,NA
"2010-02-21",738.906,FALSE,NA,NA,"<= day","daily",NA,NA,NA
"2010-02-22",747.021,FALSE,NA,NA,"<= day","daily",NA,NA,NA
"2010-02-23",859.083,FALSE,NA,NA,"<= day","daily",NA,NA,NA
"2010-02-24",998.667,FALSE,NA,NA,"<= day","daily",NA,NA,NA
"2010-02-25",1078.979,FALSE,NA,NA,"<= day","daily",NA,NA,NA
"2010-02-26",1127.26,FALSE,NA,NA,"<= day","daily",NA,NA,NA
"2010-02-27",1140.094,FALSE,NA,NA,"<= day","daily",NA,NA,NA
"2010-02-28",1136.354,FALSE,NA,NA,"<= day","daily",NA,NA,NA
"2010-03-01",1133,FALSE,NA,NA,"<= day","daily",NA,NA,NA
"2010-03-02",1134.656,FALSE,NA,NA,"<= day","daily",NA,NA,NA
"2010-03-03",1126.854,FALSE,NA,NA,"<= day","daily",NA,NA,NA
"2010-03-04",1100.844,FALSE,NA,NA,"<= day","daily",NA,NA,NA
"2010-03-05",1062.365,FALSE,NA,NA,"<= day","daily",NA,NA,NA
"2010-03-06",1034.354,FALSE,NA,NA,"<= day","daily",NA,NA,NA
"2010-03-07",1023.812,FALSE,NA,NA,"<= day","daily",NA,NA,NA
"2010-03-08",1004.271,FALSE,NA,NA,"<= day","daily",NA,NA,NA
"2010-03-09",997.958,FALSE,NA,NA,"<= day","daily",NA,NA,NA
"2010-03-10",981.854,FALSE,NA,NA,"<= day","daily",NA,NA,NA
"2010-03-11",965.396,FALSE,NA,NA,"<= day","daily",NA,NA,NA
"2010-03-12",945.198,FALSE,NA,NA,"<= day","daily",NA,NA,NA
"2010-03-13",934.823,FALSE,NA,NA,"<= day","daily",NA,NA,NA
"2010-03-14",916.896,FALSE,NA,NA,"<= day","daily",NA,NA,NA
"2010-03-15",865,FALSE,NA,NA,"<= day","daily",NA,NA,NA
"2010-03-16",897.104,FALSE,NA,NA,"<= day","daily",NA,NA,NA
"2010-03-17",929.229,FALSE,NA,NA,"<= day","daily",NA,NA,NA
"2010-03-18",925.385,FALSE,NA,NA,"<= day","daily",NA,NA,NA
"2010-03-19",908.5,FALSE,NA,NA,"<= day","daily",NA,NA,NA
"2010-03-20",880.958,FALSE,NA,NA,"<= day","daily",NA,NA,NA
"2010-03-21",864.646,FALSE,NA,NA,"<= day","daily",NA,NA,NA
"2010-03-22",842.719,FALSE,NA,NA,"<= day","daily",NA,NA,NA
"2010-03-23",833.948,FALSE,NA,NA,"<= day","daily",NA,NA,NA
"2010-03-24",833.802,FALSE,NA,NA,"<= day","daily",NA,NA,NA
"2010-03-25",837.104,FALSE,NA,NA,"<= day","daily",NA,NA,NA
"2010-03-26",823.01,FALSE,NA,NA,"<= day","daily",NA,NA,NA
"2010-03-27",805.365,FALSE,NA,NA,"<= day","daily",NA,NA,NA
"2010-03-28",800.406,FALSE,NA,NA,"<= day","daily",NA,NA,NA
"2010-03-29",800,FALSE,NA,NA,"<= day","daily",NA,NA,NA
"2010-03-30",800,FALSE,NA,NA,"<= day","daily",NA,NA,NA
"2010-03-31",800,FALSE,NA,NA,"<= day","daily",NA,NA,NA
"2010-04-01",797.365,FALSE,NA,NA,"<= day","daily",NA,NA,NA
"2010-04-02",779.885,FALSE,NA,NA,"<= day","daily",NA,NA,NA
"2010-04-03",776.417,FALSE,NA,NA,"<= day","daily",NA,NA,NA
"2010-04-04",779.865,FALSE,NA,NA,"<= day","daily",NA,NA,NA
"2010-04-05",755.094,FALSE,NA,NA,"<= day","daily",NA,NA,NA
"2010-04-06",740.25,FALSE,NA,NA,"<= day","daily",NA,NA,NA
"2010-04-07",730.542,FALSE,NA,NA,"<= day","daily",NA,NA,NA
"2010-04-08",736.062,FALSE,NA,NA,"<= day","daily",NA,NA,NA
"2010-04-09",740.979,FALSE,NA,NA,"<= day","daily",NA,NA,NA
"2010-04-10",719.135,FALSE,NA,NA,"<= day","daily",NA,NA,NA
"2010-04-11",719.021,FALSE,NA,NA,"<= day","daily",NA,NA,NA
"2010-04-12",713.792,FALSE,NA,NA,"<= day","daily",NA,NA,NA
"2010-04-13",714.031,FALSE,NA,NA,"<= day","daily",NA,NA,NA
"2010-04-14",695.01,FALSE,NA,NA,"<= day","daily",NA,NA,NA
"2010-04-15",660.062,FALSE,NA,NA,"<= day","daily",NA,NA,NA
"2010-04-16",644.531,FALSE,NA,NA,"<= day","daily",NA,NA,NA
"2010-04-17",642.073,FALSE,NA,NA,"<= day","daily",NA,NA,NA
"2010-04-18",646.708,FALSE,NA,NA,"<= day","daily",NA,NA,NA
"2010-04-19",644.604,FALSE,NA,NA,"<= day","daily",NA,NA,NA
"2010-04-20",639.75,FALSE,NA,NA,"<= day","daily",NA,NA,NA
"2010-04-21",643.708,FALSE,NA,NA,"<= day","daily",NA,NA,NA
"2010-04-22",642.292,FALSE,NA,NA,"<= day","daily",NA,NA,NA
"2010-04-23",640.906,FALSE,NA,NA,"<= day","daily",NA,NA,NA
"2010-04-24",639.5,FALSE,NA,NA,"<= day","daily",NA,NA,NA
"2010-04-25",640.958,FALSE,NA,NA,"<= day","daily",NA,NA,NA
"2010-04-26",639.979,FALSE,NA,NA,"<= day","daily",NA,NA,NA
"2010-04-27",620.073,FALSE,NA,NA,"<= day","daily",NA,NA,NA
"2010-04-28",602.573,FALSE,NA,NA,"<= day","daily",NA,NA,NA
"2010-04-29",600,FALSE,NA,NA,"<= day","daily",NA,NA,NA
"2010-04-30",600,FALSE,NA,NA,"<= day","daily",NA,NA,NA
"2010-05-01",600,FALSE,NA,NA,"<= day","daily",NA,NA,NA
"2010-05-02",600.229,FALSE,NA,NA,"<= day","daily",NA,NA,NA
"2010-05-03",604.365,FALSE,NA,NA,"<= day","daily",NA,NA,NA
"2010-05-04",619.021,FALSE,NA,NA,"<= day","daily",NA,NA,NA
"2010-05-05",606.938,FALSE,NA,NA,"<= day","daily",NA,NA,NA
"2010-05-06",652.927,FALSE,NA,NA,"<= day","daily",NA,NA,NA
"2010-05-07",814.948,FALSE,NA,NA,"<= day","daily",NA,NA,NA
"2010-05-08",748.229,FALSE,NA,NA,"<= day","daily",NA,NA,NA
"2010-05-09",658.406,FALSE,NA,NA,"<= day","daily",NA,NA,NA
"2010-05-10",646.031,FALSE,NA,NA,"<= day","daily",NA,NA,NA
"2010-05-11",651.865,FALSE,NA,NA,"<= day","daily",NA,NA,NA
"2010-05-12",647.542,FALSE,NA,NA,"<= day","daily",NA,NA,NA
"2010-05-13",649.458,FALSE,NA,NA,"<= day","daily",NA,NA,NA
"2010-05-14",650,FALSE,NA,NA,"<= day","daily",NA,NA,NA
"2010-05-15",649.427,FALSE,NA,NA,"<= day","daily",NA,NA,NA
"2010-05-16",643.385,FALSE,NA,NA,"<= day","daily",NA,NA,NA
"2010-05-17",624.844,FALSE,NA,NA,"<= day","daily",NA,NA,NA
"2010-05-18",603.385,FALSE,NA,NA,"<= day","daily",NA,NA,NA
"2010-05-19",600,FALSE,NA,NA,"<= day","daily",NA,NA,NA
"2010-05-20",600,FALSE,NA,NA,"<= day","daily",NA,NA,NA
"2010-06-01",585.708,FALSE,NA,NA,"<= day","daily",NA,NA,NA
"2010-06-02",581.417,FALSE,NA,NA,"<= day","daily",NA,NA,NA
"2010-06-03",592.302,FALSE,NA,NA,"<= day","daily",NA,NA,NA
"2010-06-04",582.021,FALSE,NA,NA,"<= day","daily",NA,NA,NA
"2010-06-05",551.167,FALSE,NA,NA,"<= day","daily",NA,NA,NA
"2010-06-06",545.708,FALSE,NA,NA,"<= day","daily",NA,NA,NA
"2010-06-07",549.208,FALSE,NA,NA,"<= day","daily",NA,NA,NA
"2010-06-08",547.531,FALSE,NA,NA,"<= day","daily",NA,NA,NA
"2010-06-09",537.01,FALSE,NA,NA,"<= day","daily",NA,NA,NA
"2010-06-10",536.323,FALSE,NA,NA,"<= day","daily",NA,NA,NA
"2010-06-11",540.49,FALSE,NA,NA,"<= day","daily",NA,NA,NA
"2010-06-12",546.865,FALSE,NA,NA,"<= day","daily",NA,NA,NA
"2010-06-13",542.198,FALSE,NA,NA,"<= day","daily",NA,NA,NA
"2010-06-14",542.438,FALSE,NA,NA,"<= day","daily",NA,NA,NA
"2010-06-15",546.438,FALSE,NA,NA,"<= day","daily",NA,NA,NA
"2010-06-16",547.635,FALSE,NA,NA,"<= day","daily",NA,NA,NA
"2010-06-17",576.75,FALSE,NA,NA,"<= day","daily",NA,NA,NA
"2010-06-18",778.042,FALSE,NA,NA,"<= day","daily",NA,NA,NA
"2010-06-19",812.094,FALSE,NA,NA,"<= day","daily",NA,NA,NA
"2010-06-20",706.406,FALSE,NA,NA,"<= day","daily",NA,NA,NA
"2010-06-21",637.969,FALSE,NA,NA,"<= day","daily",NA,NA,NA
"2010-06-22",595.292,FALSE,NA,NA,"<= day","daily",NA,NA,NA
"2010-06-23",579.938,FALSE,NA,NA,"<= day","daily",NA,NA,NA
"2010-06-24",551.25,FALSE,NA,NA,"<= day","daily",NA,NA,NA
"2010-06-25",537.104,FALSE,NA,NA,"<= day","daily",NA,NA,NA
"2010-06-26",537.823,FALSE,NA,NA,"<= day","daily",NA,NA,NA
"2010-06-27",539.729,FALSE,NA,NA,"<= day","daily",NA,NA,NA
"2010-06-28",539.885,FALSE,NA,NA,"<= day","daily",NA,NA,NA
"2010-06-29",538.792,FALSE,NA,NA,"<= day","daily",NA,NA,NA
"2010-06-30",535.948,FALSE,NA,NA,"<= day","daily",NA,NA,NA
"2010-07-01",532.885,FALSE,NA,NA,"<= day","daily",NA,NA,NA
"2010-07-02",533.792,FALSE,NA,NA,"<= day","daily",NA,NA,NA
"2010-07-03",530.552,FALSE,NA,NA,"<= day","daily",NA,NA,NA
"2010-07-04",543.885,FALSE,NA,NA,"<= day","daily",NA,NA,NA
"2010-07-05",572.25,FALSE,NA,NA,"<= day","daily",NA,NA,NA
"2010-07-06",582.354,FALSE,NA,NA,"<= day","daily",NA,NA,NA
"2010-07-07",547.635,FALSE,NA,NA,"<= day","daily",NA,NA,NA
"2010-07-08",539.052,FALSE,NA,NA,"<= day","daily",NA,NA,NA
"2010-07-09",526.417,FALSE,NA,NA,"<= day","daily",NA,NA,NA
"2010-07-10",524.635,FALSE,NA,NA,"<= day","daily",NA,NA,NA
"2010-07-11",523.844,FALSE,NA,NA,"<= day","daily",NA,NA,NA
"2010-07-12",534.312,FALSE,NA,NA,"<= day","daily",NA,NA,NA
"2010-07-13",573.979,FALSE,NA,NA,"<= day","daily",NA,NA,NA
"2010-07-14",538.104,FALSE,NA,NA,"<= day","daily",NA,NA,NA
"2010-07-15",529.146,FALSE,NA,NA,"<= day","daily",NA,NA,NA
"2010-07-16",516.198,FALSE,NA,NA,"<= day","daily",NA,NA,NA
"2010-07-17",502.167,FALSE,NA,NA,"<= day","daily",NA,NA,NA
"2010-07-18",500,FALSE,NA,NA,"<= day","daily",NA,NA,NA
"2010-07-19",500,FALSE,NA,NA,"<= day","daily",NA,NA,NA
"2010-07-20",500,FALSE,NA,NA,"<= day","daily",NA,NA,NA
"2010-07-21",500.229,FALSE,NA,NA,"<= day","daily",NA,NA,NA
"2010-07-22",509.635,FALSE,NA,NA,"<= day","daily",NA,NA,NA
"2010-07-23",558.792,FALSE,NA,NA,"<= day","daily",NA,NA,NA
"2010-07-24",547.667,FALSE,NA,NA,"<= day","daily",NA,NA,NA
"2010-07-25",529.479,FALSE,NA,NA,"<= day","daily",NA,NA,NA
"2010-07-26",508.896,FALSE,NA,NA,"<= day","daily",NA,NA,NA
"2010-07-27",533.5,FALSE,NA,NA,"<= day","daily",NA,NA,NA
"2010-07-28",529.969,FALSE,NA,NA,"<= day","daily",NA,NA,NA
"2010-07-29",557.396,FALSE,NA,NA,"<= day","daily",NA,NA,NA
"2010-07-30",591.896,FALSE,NA,NA,"<= day","daily",NA,NA,NA
"2010-07-31",546.427,FALSE,NA,NA,"<= day","daily",NA,NA,NA
"2010-08-01",509.781,FALSE,NA,NA,"<= day","daily",NA,NA,NA
"2010-08-02",508.885,FALSE,NA,NA,"<= day","daily",NA,NA,NA
"2010-08-03",539.521,FALSE,NA,NA,"<= day","daily",NA,NA,NA
"2010-08-04",509.052,FALSE,NA,NA,"<= day","daily",NA,NA,NA
"2010-08-05",511.479,FALSE,NA,NA,"<= day","daily",NA,NA,NA
"2010-08-06",521.74,FALSE,NA,NA,"<= day","daily",NA,NA,NA
"2010-08-07",503.542,FALSE,NA,NA,"<= day","daily",NA,NA,NA
"2010-08-08",496.385,FALSE,NA,NA,"<= day","daily",NA,NA,NA
"2010-08-09",479.167,FALSE,NA,NA,"<= day","daily",NA,NA,NA
"2010-08-10",482.604,FALSE,NA,NA,"<= day","daily",NA,NA,NA
"2010-08-11",488.76,FALSE,NA,NA,"<= day","daily",NA,NA,NA
"2010-08-12",494.01,FALSE,NA,NA,"<= day","daily",NA,NA,NA
"2010-08-13",500.906,FALSE,NA,NA,"<= day","daily",NA,NA,NA
"2010-08-14",514.573,FALSE,NA,NA,"<= day","daily",NA,NA,NA
"2010-08-15",523.094,FALSE,NA,NA,"<= day","daily",NA,NA,NA
"2010-08-16",498.854,FALSE,NA,NA,"<= day","daily",NA,NA,NA
"2010-08-17",494.75,FALSE,NA,NA,"<= day","daily",NA,NA,NA
"2010-08-18",490.812,FALSE,NA,NA,"<= day","daily",NA,NA,NA
"2010-08-19",467.094,FALSE,NA,NA,"<= day","daily",NA,NA,NA
"2010-08-20",451.052,FALSE,NA,NA,"<= day","daily",NA,NA,NA
"2010-08-21",448.708,FALSE,NA,NA,"<= day","daily",NA,NA,NA
"2010-08-22",451.406,FALSE,NA,NA,"<= day","daily",NA,NA,NA
"2010-08-23",447.229,FALSE,NA,NA,"<= day","daily",NA,NA,NA
"2010-08-24",451.927,FALSE,NA,NA,"<= day","daily",NA,NA,NA
"2010-08-25",442.833,FALSE,NA,NA,"<= day","daily",NA,NA,NA
"2010-08-26",445.25,FALSE,NA,NA,"<= day","daily",NA,NA,NA
"2010-08-27",442.094,FALSE,NA,NA,"<= day","daily",NA,NA,NA
"2010-08-28",448.302,FALSE,NA,NA,"<= day","daily",NA,NA,NA
"2010-08-29",447.521,FALSE,NA,NA,"<= day","daily",NA,NA,NA
"2010-08-30",447.521,FALSE,NA,NA,"<= day","daily",NA,NA,NA
"2010-08-31",445.635,FALSE,NA,NA,"<= day","daily",NA,NA,NA
"2010-09-01",446.271,FALSE,NA,NA,"<= day","daily",NA,NA,NA
"2010-09-02",443.427,FALSE,NA,NA,"<= day","daily",NA,NA,NA
"2010-09-03",442.25,FALSE,NA,NA,"<= day","daily",NA,NA,NA
"2010-09-04",443.323,FALSE,NA,NA,"<= day","daily",NA,NA,NA
"2010-09-05",446.917,FALSE,NA,NA,"<= day","daily",NA,NA,NA
"2010-09-06",449.083,FALSE,NA,NA,"<= day","daily",NA,NA,NA
"2010-09-07",441.542,FALSE,NA,NA,"<= day","daily",NA,NA,NA
"2010-09-08",444.198,FALSE,NA,NA,"<= day","daily",NA,NA,NA
"2010-09-09",434.49,FALSE,NA,NA,"<= day","daily",NA,NA,NA
"2010-09-10",436.146,FALSE,NA,NA,"<= day","daily",NA,NA,NA
"2010-09-11",440.042,FALSE,NA,NA,"<= day","daily",NA,NA,NA
"2010-09-12",435.531,FALSE,NA,NA,"<= day","daily",NA,NA,NA
"2010-09-13",447.74,FALSE,NA,NA,"<= day","daily",NA,NA,NA
"2010-09-14",442.375,FALSE,NA,NA,"<= day","daily",NA,NA,NA
"2010-09-15",417.344,FALSE,NA,NA,"<= day","daily",NA,NA,NA
"2010-09-16",402.031,FALSE,NA,NA,"<= day","daily",NA,NA,NA
"2010-09-17",400,FALSE,NA,NA,"<= day","daily",NA,NA,NA
"2010-09-18",400,FALSE,NA,NA,"<= day","daily",NA,NA,NA
"2010-09-19",400,FALSE,NA,NA,"<= day","daily",NA,NA,NA
"2010-09-20",400,FALSE,NA,NA,"<= day","daily",NA,NA,NA
"2010-09-21",400,FALSE,NA,NA,"<= day","daily",NA,NA,NA
"2010-09-22",400,FALSE,NA,NA,"<= day","daily",NA,NA,NA
"2010-09-23",400,FALSE,NA,NA,"<= day","daily",NA,NA,NA
"2010-09-24",400,FALSE,NA,NA,"<= day","daily",NA,NA,NA
"2010-09-25",400.115,FALSE,NA,NA,"<= day","daily",NA,NA,NA
"2010-09-26",400.75,FALSE,NA,NA,"<= day","daily",NA,NA,NA
"2010-09-27",400.135,FALSE,NA,NA,"<= day","daily",NA,NA,NA
"2010-09-28",400,FALSE,NA,NA,"<= day","daily",NA,NA,NA
"2010-09-29",400,FALSE,NA,NA,"<= day","daily",NA,NA,NA
"2010-09-30",400,FALSE,NA,NA,"<= day","daily",NA,NA,NA
"2010-10-01",400,FALSE,NA,NA,"<= day","daily",NA,NA,NA
"2010-10-02",398.396,FALSE,NA,NA,"<= day","daily",NA,NA,NA
"2010-10-03",388.24,FALSE,NA,NA,"<= day","daily",NA,NA,NA
"2010-10-04",389.51,FALSE,NA,NA,"<= day","daily",NA,NA,NA
"2010-10-05",395.802,FALSE,NA,NA,"<= day","daily",NA,NA,NA
"2010-10-06",395.792,FALSE,NA,NA,"<= day","daily",NA,NA,NA
"2010-10-07",393.635,FALSE,NA,NA,"<= day","daily",NA,NA,NA
"2010-10-08",394.156,FALSE,NA,NA,"<= day","daily",NA,NA,NA
"2010-10-09",390.792,FALSE,NA,NA,"<= day","daily",NA,NA,NA
"2010-10-10",391.552,FALSE,NA,NA,"<= day","daily",NA,NA,NA
"2010-10-11",396.073,FALSE,NA,NA,"<= day","daily",NA,NA,NA
"2010-10-12",394.99,FALSE,NA,NA,"<= day","daily",NA,NA,NA
"2010-10-13",385.635,FALSE,NA,NA,"<= day","daily",NA,NA,NA
"2010-10-14",369.938,FALSE,NA,NA,"<= day","daily",NA,NA,NA
"2010-10-15",346.969,FALSE,NA,NA,"<= day","daily",NA,NA,NA
"2010-10-16",340.302,FALSE,NA,NA,"<= day","daily",NA,NA,NA
"2010-10-17",348.094,FALSE,NA,NA,"<= day","daily",NA,NA,NA
"2010-10-18",343.156,FALSE,NA,NA,"<= day","daily",NA,NA,NA
"2010-10-19",346.25,FALSE,NA,NA,"<= day","daily",NA,NA,NA
"2010-10-20",343.094,FALSE,NA,NA,"<= day","daily",NA,NA,NA
"2010-10-21",348.729,FALSE,NA,NA,"<= day","daily",NA,NA,NA
"2010-10-22",344.198,FALSE,NA,NA,"<= day","daily",NA,NA,NA
"2010-10-23",343.75,FALSE,NA,NA,"<= day","daily",NA,NA,NA
"2010-10-24",343.479,FALSE,NA,NA,"<= day","daily",NA,NA,NA
"2010-10-25",345.479,FALSE,NA,NA,"<= day","daily",NA,NA,NA
"2010-10-26",344.792,FALSE,NA,NA,"<= day","daily",NA,NA,NA
"2010-10-27",343.094,FALSE,NA,NA,"<= day","daily",NA,NA,NA
"2010-10-28",347.073,FALSE,NA,NA,"<= day","daily",NA,NA,NA
"2010-10-29",346.104,FALSE,NA,NA,"<= day","daily",NA,NA,NA
"2010-10-30",340.021,FALSE,NA,NA,"<= day","daily",NA,NA,NA
"2010-10-31",342.906,FALSE,NA,NA,"<= day","daily",NA,NA,NA
"2010-11-01",334.635,FALSE,NA,NA,"<= day","daily",NA,NA,NA
"2010-11-02",323.406,FALSE,NA,NA,"<= day","daily",NA,NA,NA
"2010-11-03",330.604,FALSE,NA,NA,"<= day","daily",NA,NA,NA
"2010-11-04",333.042,FALSE,NA,NA,"<= day","daily",NA,NA,NA
"2010-11-05",328.24,FALSE,NA,NA,"<= day","daily",NA,NA,NA
"2010-11-06",326.427,FALSE,NA,NA,"<= day","daily",NA,NA,NA
"2010-11-07",352.573,FALSE,NA,NA,"<= day","daily",NA,NA,NA
"2010-11-08",405.094,FALSE,NA,NA,"<= day","daily",NA,NA,NA
"2010-11-09",359.333,FALSE,NA,NA,"<= day","daily",NA,NA,NA
"2010-11-10",344.469,FALSE,NA,NA,"<= day","daily",NA,NA,NA
"2010-11-11",343.469,FALSE,NA,NA,"<= day","daily",NA,NA,NA
"2010-11-12",354.958,FALSE,NA,NA,"<= day","daily",NA,NA,NA
"2010-11-13",346.781,FALSE,NA,NA,"<= day","daily",NA,NA,NA
"2010-11-14",345.396,FALSE,NA,NA,"<= day","daily",NA,NA,NA
"2010-11-15",360.615,FALSE,NA,NA,"<= day","daily",NA,NA,NA
"2010-11-16",404.938,FALSE,NA,NA,"<= day","daily",NA,NA,NA
"2010-11-17",389.104,FALSE,NA,NA,"<= day","daily",NA,NA,NA
"2010-11-18",380.177,FALSE,NA,NA,"<= day","daily",NA,NA,NA
"2010-11-19",358.052,FALSE,NA,NA,"<= day","daily",NA,NA,NA
"2010-11-20",344.927,FALSE,NA,NA,"<= day","daily",NA,NA,NA
"2010-11-21",350.125,FALSE,NA,NA,"<= day","daily",NA,NA,NA
"2010-11-22",355.771,FALSE,NA,NA,"<= day","daily",NA,NA,NA
"2010-11-23",368.594,FALSE,NA,NA,"<= day","daily",NA,NA,NA
"2010-11-24",357.562,FALSE,NA,NA,"<= day","daily",NA,NA,NA
"2010-11-25",348.448,FALSE,NA,NA,"<= day","daily",NA,NA,NA
"2010-11-26",370.604,FALSE,NA,NA,"<= day","daily",NA,NA,NA
"2010-11-27",380.167,FALSE,NA,NA,"<= day","daily",NA,NA,NA
"2010-11-28",381.177,FALSE,NA,NA,"<= day","daily",NA,NA,NA
"2010-11-29",377.156,FALSE,NA,NA,"<= day","daily",NA,NA,NA
"2010-11-30",379.854,FALSE,NA,NA,"<= day","daily",NA,NA,NA
"2010-12-01",388.969,FALSE,NA,NA,"<= day","daily",NA,NA,NA
"2010-12-02",391.969,FALSE,NA,NA,"<= day","daily",NA,NA,NA
"2010-12-03",377.833,FALSE,NA,NA,"<= day","daily",NA,NA,NA
"2010-12-04",346.229,FALSE,NA,NA,"<= day","daily",NA,NA,NA
"2010-12-05",359.135,FALSE,NA,NA,"<= day","daily",NA,NA,NA
"2010-12-06",394.427,FALSE,NA,NA,"<= day","daily",NA,NA,NA
"2010-12-07",520.625,FALSE,NA,NA,"<= day","daily",NA,NA,NA
"2010-12-08",810.646,FALSE,NA,NA,"<= day","daily",NA,NA,NA
"2010-12-09",1033.646,FALSE,NA,NA,"<= day","daily",NA,NA,NA
"2010-12-10",1089.271,FALSE,NA,NA,"<= day","daily",NA,NA,NA
"2010-12-11",1036.812,FALSE,NA,NA,"<= day","daily",NA,NA,NA
"2010-12-12",981.281,FALSE,NA,NA,"<= day","daily",NA,NA,NA
"2010-12-13",941.552,FALSE,NA,NA,"<= day","daily",NA,NA,NA
"2010-12-14",869.167,FALSE,NA,NA,"<= day","daily",NA,NA,NA
"2010-12-15",816.917,FALSE,NA,NA,"<= day","daily",NA,NA,NA
"2010-12-16",800.458,FALSE,NA,NA,"<= day","daily",NA,NA,NA
"2010-12-17",789.125,FALSE,NA,NA,"<= day","daily",NA,NA,NA
"2010-12-18",766.51,FALSE,NA,NA,"<= day","daily",NA,NA,NA
"2010-12-19",756.844,FALSE,NA,NA,"<= day","daily",NA,NA,NA
"2010-12-20",769.021,FALSE,NA,NA,"<= day","daily",NA,NA,NA
"2010-12-21",805.615,FALSE,NA,NA,"<= day","daily",NA,NA,NA
"2010-12-22",892.125,FALSE,NA,NA,"<= day","daily",NA,NA,NA
"2010-12-23",1012.708,FALSE,NA,NA,"<= day","daily",NA,NA,NA
"2010-12-24",1054.406,FALSE,NA,NA,"<= day","daily",NA,NA,NA
"2010-12-25",1044.875,FALSE,NA,NA,"<= day","daily",NA,NA,NA
"2010-12-26",1005.719,FALSE,NA,NA,"<= day","daily",NA,NA,NA
"2010-12-27",990.792,FALSE,NA,NA,"<= day","daily",NA,NA,NA
"2010-12-28",970.469,FALSE,NA,NA,"<= day","daily",NA,NA,NA
"2010-12-29",934.281,FALSE,NA,NA,"<= day","daily",NA,NA,NA
"2010-12-30",888.219,FALSE,NA,NA,"<= day","daily",NA,NA,NA
"2010-12-31",857.969,FALSE,NA,NA,"<= day","daily",NA,NA,NA
"2011-01-01",851.812,FALSE,NA,NA,"<= day","daily",NA,NA,NA
"2011-01-02",849.229,FALSE,NA,NA,"<= day","daily",NA,NA,NA
"2011-01-03",848.26,FALSE,NA,NA,"<= day","daily",NA,NA,NA
"2011-01-04",815.562,FALSE,NA,NA,"<= day","daily",NA,NA,NA
"2011-01-05",802.062,FALSE,NA,NA,"<= day","daily",NA,NA,NA
"2011-01-06",819.792,FALSE,NA,NA,"<= day","daily",NA,NA,NA
"2011-01-07",950.365,FALSE,NA,NA,"<= day","daily",NA,NA,NA
"2011-01-08",1166.802,FALSE,NA,NA,"<= day","daily",NA,NA,NA
"2011-01-09",1277.052,FALSE,NA,NA,"<= day","daily",NA,NA,NA
"2011-01-10",1330.969,FALSE,NA,NA,"<= day","daily",NA,NA,NA
"2011-01-11",1322.969,FALSE,NA,NA,"<= day","daily",NA,NA,NA
"2011-01-12",1307.031,FALSE,NA,NA,"<= day","daily",NA,NA,NA
"2011-01-13",1285.354,FALSE,NA,NA,"<= day","daily",NA,NA,NA
"2011-01-14",1275.562,FALSE,NA,NA,"<= day","daily",NA,NA,NA
"2011-01-15",1275.104,FALSE,NA,NA,"<= day","daily",NA,NA,NA
"2011-01-16",1264.615,FALSE,NA,NA,"<= day","daily",NA,NA,NA
"2011-01-17",1254.781,FALSE,NA,NA,"<= day","daily",NA,NA,NA
"2011-01-18",1250.479,FALSE,NA,NA,"<= day","daily",NA,NA,NA
"2011-01-19",1252.073,FALSE,NA,NA,"<= day","daily",NA,NA,NA
"2011-01-20",1231.458,FALSE,NA,NA,"<= day","daily",NA,NA,NA
"2011-01-21",1210.885,FALSE,NA,NA,"<= day","daily",NA,NA,NA
"2011-01-22",1183.479,FALSE,NA,NA,"<= day","daily",NA,NA,NA
"2011-01-23",1166.656,FALSE,NA,NA,"<= day","daily",NA,NA,NA
"2011-01-24",1151.156,FALSE,NA,NA,"<= day","daily",NA,NA,NA
"2011-01-25",1119.021,FALSE,NA,NA,"<= day","daily",NA,NA,NA
"2011-01-26",1100.219,FALSE,NA,NA,"<= day","daily",NA,NA,NA
"2011-01-27",1063.885,FALSE,NA,NA,"<= day","daily",NA,NA,NA
"2011-01-28",1053.688,FALSE,NA,NA,"<= day","daily",NA,NA,NA
"2011-01-29",1040.312,FALSE,NA,NA,"<= day","daily",NA,NA,NA
"2011-01-30",1024.167,FALSE,NA,NA,"<= day","daily",NA,NA,NA
"2011-01-31",1003.385,FALSE,NA,NA,"<= day","daily",NA,NA,NA
"2011-02-01",999.427,FALSE,NA,NA,"<= day","daily",NA,NA,NA
"2011-02-02",994.073,FALSE,NA,NA,"<= day","daily",NA,NA,NA
"2011-02-03",979.802,FALSE,NA,NA,"<= day","daily",NA,NA,NA
"2011-02-04",957.083,FALSE,NA,NA,"<= day","daily",NA,NA,NA
"2011-02-05",948.99,FALSE,NA,NA,"<= day","daily",NA,NA,NA
"2011-02-06",944.615,FALSE,NA,NA,"<= day","daily",NA,NA,NA
"2011-02-07",948.365,FALSE,NA,NA,"<= day","daily",NA,NA,NA
"2011-02-08",941.719,FALSE,NA,NA,"<= day","daily",NA,NA,NA
"2011-02-09",916.875,FALSE,NA,NA,"<= day","daily",NA,NA,NA
"2011-02-10",885.719,FALSE,NA,NA,"<= day","daily",NA,NA,NA
"2011-02-11",862.562,FALSE,NA,NA,"<= day","daily",NA,NA,NA
"2011-02-12",854.469,FALSE,NA,NA,"<= day","daily",NA,NA,NA
"2011-02-13",851.177,FALSE,NA,NA,"<= day","daily",NA,NA,NA
"2011-02-14",848.469,FALSE,NA,NA,"<= day","daily",NA,NA,NA
"2011-02-15",843.177,FALSE,NA,NA,"<= day","daily",NA,NA,NA
"2011-02-16",844.76,FALSE,NA,NA,"<= day","daily",NA,NA,NA
"2011-02-17",848,FALSE,NA,NA,"<= day","daily",NA,NA,NA
"2011-02-18",822.177,FALSE,NA,NA,"<= day","daily",NA,NA,NA
"2011-02-19",802.708,FALSE,NA,NA,"<= day","daily",NA,NA,NA
"2011-02-20",800,FALSE,NA,NA,"<= day","daily",NA,NA,NA
"2011-02-21",800,FALSE,NA,NA,"<= day","daily",NA,NA,NA
"2011-02-22",800,FALSE,NA,NA,"<= day","daily",NA,NA,NA
"2011-02-23",799.198,FALSE,NA,NA,"<= day","daily",NA,NA,NA
"2011-02-24",793.146,FALSE,NA,NA,"<= day","daily",NA,NA,NA
"2011-02-25",788.094,FALSE,NA,NA,"<= day","daily",NA,NA,NA
"2011-02-26",794.417,FALSE,NA,NA,"<= day","daily",NA,NA,NA
"2011-02-27",793.24,FALSE,NA,NA,"<= day","daily",NA,NA,NA
"2011-02-28",785.188,FALSE,NA,NA,"<= day","daily",NA,NA,NA
"2011-03-01",773.781,FALSE,NA,NA,"<= day","daily",NA,NA,NA
"2011-03-02",751.208,FALSE,NA,NA,"<= day","daily",NA,NA,NA
"2011-03-03",752.927,FALSE,NA,NA,"<= day","daily",NA,NA,NA
"2011-03-04",743.26,FALSE,NA,NA,"<= day","daily",NA,NA,NA
"2011-03-05",743.99,FALSE,NA,NA,"<= day","daily",NA,NA,NA
"2011-03-06",751.135,FALSE,NA,NA,"<= day","daily",NA,NA,NA
"2011-03-07",743.51,FALSE,NA,NA,"<= day","daily",NA,NA,NA
"2011-03-08",740.448,FALSE,NA,NA,"<= day","daily",NA,NA,NA
"2011-03-09",735.698,FALSE,NA,NA,"<= day","daily",NA,NA,NA
"2011-03-10",734.25,FALSE,NA,NA,"<= day","daily",NA,NA,NA
"2011-03-11",733.604,FALSE,NA,NA,"<= day","daily",NA,NA,NA
"2011-03-12",727.438,FALSE,NA,NA,"<= day","daily",NA,NA,NA
"2011-03-13",736.292,FALSE,NA,NA,"<= day","daily",NA,NA,NA
"2011-03-14",717.573,FALSE,NA,NA,"<= day","daily",NA,NA,NA
"2011-03-15",680.115,FALSE,NA,NA,"<= day","daily",NA,NA,NA
"2011-03-16",678.635,FALSE,NA,NA,"<= day","daily",NA,NA,NA
"2011-03-17",706.479,FALSE,NA,NA,"<= day","daily",NA,NA,NA
"2011-03-18",664.26,FALSE,NA,NA,"<= day","daily",NA,NA,NA
"2011-03-19",681.021,FALSE,NA,NA,"<= day","daily",NA,NA,NA
"2011-03-20",689.281,FALSE,NA,NA,"<= day","daily",NA,NA,NA
"2011-03-21",651.698,FALSE,NA,NA,"<= day","daily",NA,NA,NA
"2011-03-22",642.292,FALSE,NA,NA,"<= day","daily",NA,NA,NA
"2011-03-23",642.167,FALSE,NA,NA,"<= day","daily",NA,NA,NA
"2011-03-24",647.865,FALSE,NA,NA,"<= day","daily",NA,NA,NA
"2011-03-25",642.281,FALSE,NA,NA,"<= day","daily",NA,NA,NA
"2011-03-26",637.667,FALSE,NA,NA,"<= day","daily",NA,NA,NA
"2011-03-27",647.51,FALSE,NA,NA,"<= day","daily",NA,NA,NA
"2011-03-28",646.312,FALSE,NA,NA,"<= day","daily",NA,NA,NA
"2011-03-29",642.667,FALSE,NA,NA,"<= day","daily",NA,NA,NA
"2011-03-30",628.458,FALSE,NA,NA,"<= day","daily",NA,NA,NA
"2011-03-31",604.062,FALSE,NA,NA,"<= day","daily",NA,NA,NA
"2011-04-01",600,FALSE,NA,NA,"<= day","daily",NA,NA,NA
"2011-04-02",600,FALSE,NA,NA,"<= day","daily",NA,NA,NA
"2011-04-03",600,FALSE,NA,NA,"<= day","daily",NA,NA,NA
"2011-04-04",600,FALSE,NA,NA,"<= day","daily",NA,NA,NA
"2011-04-05",599.771,FALSE,NA,NA,"<= day","daily",NA,NA,NA
"2011-04-06",598.156,FALSE,NA,NA,"<= day","daily",NA,NA,NA
"2011-04-07",595.531,FALSE,NA,NA,"<= day","daily",NA,NA,NA
"2011-04-08",585.469,FALSE,NA,NA,"<= day","daily",NA,NA,NA
"2011-04-09",587.094,FALSE,NA,NA,"<= day","daily",NA,NA,NA
"2011-04-10",585.469,FALSE,NA,NA,"<= day","daily",NA,NA,NA
"2011-04-11",580.062,FALSE,NA,NA,"<= day","daily",NA,NA,NA
"2011-04-12",579.177,FALSE,NA,NA,"<= day","daily",NA,NA,NA
"2011-04-13",571.26,FALSE,NA,NA,"<= day","daily",NA,NA,NA
"2011-04-14",543.99,FALSE,NA,NA,"<= day","daily",NA,NA,NA
"2011-04-15",517.073,FALSE,NA,NA,"<= day","daily",NA,NA,NA
"2011-04-16",502.031,FALSE,NA,NA,"<= day","daily",NA,NA,NA
"2011-04-17",500,FALSE,NA,NA,"<= day","daily",NA,NA,NA
"2011-04-18",500,FALSE,NA,NA,"<= day","daily",NA,NA,NA
"2011-04-19",500,FALSE,NA,NA,"<= day","daily",NA,NA,NA
"2011-04-20",500,FALSE,NA,NA,"<= day","daily",NA,NA,NA
"2011-04-21",500,FALSE,NA,NA,"<= day","daily",NA,NA,NA
"2011-04-22",498.969,FALSE,NA,NA,"<= day","daily",NA,NA,NA
"2011-04-23",491.875,FALSE,NA,NA,"<= day","daily",NA,NA,NA
"2011-04-24",487.719,FALSE,NA,NA,"<= day","daily",NA,NA,NA
"2011-04-25",482.698,FALSE,NA,NA,"<= day","daily",NA,NA,NA
"2011-04-26",480.448,FALSE,NA,NA,"<= day","daily",NA,NA,NA
"2011-04-27",476.271,FALSE,NA,NA,"<= day","daily",NA,NA,NA
"2011-04-28",479.49,FALSE,NA,NA,"<= day","daily",NA,NA,NA
"2011-04-29",485.635,FALSE,NA,NA,"<= day","daily",NA,NA,NA
"2011-04-30",481.531,FALSE,NA,NA,"<= day","daily",NA,NA,NA
"2011-05-01",492.938,FALSE,NA,NA,"<= day","daily",NA,NA,NA
"2011-05-02",488.969,FALSE,NA,NA,"<= day","daily",NA,NA,NA
"2011-05-03",504.656,FALSE,NA,NA,"<= day","daily",NA,NA,NA
"2011-05-04",482.792,FALSE,NA,NA,"<= day","daily",NA,NA,NA
"2011-05-05",460.781,FALSE,NA,NA,"<= day","daily",NA,NA,NA
"2011-05-06",444.094,FALSE,NA,NA,"<= day","daily",NA,NA,NA
"2011-05-07",440.438,FALSE,NA,NA,"<= day","daily",NA,NA,NA
"2011-05-08",445.635,FALSE,NA,NA,"<= day","daily",NA,NA,NA
"2011-05-09",439.469,FALSE,NA,NA,"<= day","daily",NA,NA,NA
"2011-05-10",440.583,FALSE,NA,NA,"<= day","daily",NA,NA,NA
"2011-05-11",450.25,FALSE,NA,NA,"<= day","daily",NA,NA,NA
"2011-05-12",441.031,FALSE,NA,NA,"<= day","daily",NA,NA,NA
"2011-05-13",440.031,FALSE,NA,NA,"<= day","daily",NA,NA,NA
"2011-05-14",445.979,FALSE,NA,NA,"<= day","daily",NA,NA,NA
"2011-05-15",442.979,FALSE,NA,NA,"<= day","daily",NA,NA,NA
"2011-05-16",447.177,FALSE,NA,NA,"<= day","daily",NA,NA,NA
"2011-05-17",438.354,FALSE,NA,NA,"<= day","daily",NA,NA,NA
"2011-05-18",438.656,FALSE,NA,NA,"<= day","daily",NA,NA,NA
"2011-05-19",439.448,FALSE,NA,NA,"<= day","daily",NA,NA,NA
"2011-05-20",478.281,FALSE,NA,NA,"<= day","daily",NA,NA,NA
"2011-05-21",502.312,FALSE,NA,NA,"<= day","daily",NA,NA,NA
"2011-05-22",459.99,FALSE,NA,NA,"<= day","daily",NA,NA,NA
"2011-05-23",452.51,FALSE,NA,NA,"<= day","daily",NA,NA,NA
"2011-05-24",439.958,FALSE,NA,NA,"<= day","daily",NA,NA,NA
"2011-05-25",436.208,FALSE,NA,NA,"<= day","daily",NA,NA,NA
"2011-05-26",441.51,FALSE,NA,NA,"<= day","daily",NA,NA,NA
"2011-05-27",443.625,FALSE,NA,NA,"<= day","daily",NA,NA,NA
"2011-05-28",432.281,FALSE,NA,NA,"<= day","daily",NA,NA,NA
"2011-05-29",429.146,FALSE,NA,NA,"<= day","daily",NA,NA,NA
"2011-05-30",417.115,FALSE,NA,NA,"<= day","daily",NA,NA,NA
"2011-05-31",415.156,FALSE,NA,NA,"<= day","daily",NA,NA,NA
"2011-06-01",450.042,FALSE,NA,NA,"<= day","daily",NA,NA,NA
"2011-06-02",429.26,FALSE,NA,NA,"<= day","daily",NA,NA,NA
"2011-06-03",403.792,FALSE,NA,NA,"<= day","daily",NA,NA,NA
"2011-06-04",400,FALSE,NA,NA,"<= day","daily",NA,NA,NA
"2011-06-05",406.99,FALSE,NA,NA,"<= day","daily",NA,NA,NA
"2011-06-06",448.844,FALSE,NA,NA,"<= day","daily",NA,NA,NA
"2011-06-07",428.51,FALSE,NA,NA,"<= day","daily",NA,NA,NA
"2011-06-08",403.656,FALSE,NA,NA,"<= day","daily",NA,NA,NA
"2011-06-09",400,FALSE,NA,NA,"<= day","daily",NA,NA,NA
"2011-06-10",400,FALSE,NA,NA,"<= day","daily",NA,NA,NA
"2011-06-11",400,FALSE,NA,NA,"<= day","daily",NA,NA,NA
"2011-07-07",405.708,FALSE,NA,NA,"<= day","daily",NA,NA,NA
"2011-07-08",423.094,FALSE,NA,NA,"<= day","daily",NA,NA,NA
"2011-07-09",381.24,FALSE,NA,NA,"<= day","daily",NA,NA,NA
"2011-07-10",355.25,FALSE,NA,NA,"<= day","daily",NA,NA,NA
"2011-07-11",351.198,FALSE,NA,NA,"<= day","daily",NA,NA,NA
"2011-07-12",351.677,FALSE,NA,NA,"<= day","daily",NA,NA,NA
"2011-07-13",390.177,FALSE,NA,NA,"<= day","daily",NA,NA,NA
"2011-07-14",404.771,FALSE,NA,NA,"<= day","daily",NA,NA,NA
"2011-07-15",372.417,FALSE,NA,NA,"<= day","daily",NA,NA,NA
"2011-07-16",353.25,FALSE,NA,NA,"<= day","daily",NA,NA,NA
"2011-07-17",365.24,FALSE,NA,NA,"<= day","daily",NA,NA,NA
"2011-07-18",361.052,FALSE,NA,NA,"<= day","daily",NA,NA,NA
"2011-07-19",354.594,FALSE,NA,NA,"<= day","daily",NA,NA,NA
"2011-07-20",360.427,FALSE,NA,NA,"<= day","daily",NA,NA,NA
"2011-07-21",350.906,FALSE,NA,NA,"<= day","daily",NA,NA,NA
"2011-07-22",363.458,FALSE,NA,NA,"<= day","daily",NA,NA,NA
"2011-07-23",392.021,FALSE,NA,NA,"<= day","daily",NA,NA,NA
"2011-07-24",382.188,FALSE,NA,NA,"<= day","daily",NA,NA,NA
"2011-07-25",359.146,FALSE,NA,NA,"<= day","daily",NA,NA,NA
"2011-07-26",346.281,FALSE,NA,NA,"<= day","daily",NA,NA,NA
"2011-07-27",348.823,FALSE,NA,NA,"<= day","daily",NA,NA,NA
"2011-07-28",390.073,FALSE,NA,NA,"<= day","daily",NA,NA,NA
"2011-07-29",395.75,FALSE,NA,NA,"<= day","daily",NA,NA,NA
"2011-08-02",396.792,FALSE,NA,NA,"<= day","daily",NA,NA,NA
"2011-08-03",389.5,FALSE,NA,NA,"<= day","daily",NA,NA,NA
"2011-08-04",399.479,FALSE,NA,NA,"<= day","daily",NA,NA,NA
"2011-08-05",449.792,FALSE,NA,NA,"<= day","daily",NA,NA,NA
"2011-08-06",687.875,FALSE,NA,NA,"<= day","daily",NA,NA,NA
"2011-08-07",582.458,FALSE,NA,NA,"<= day","daily",NA,NA,NA
"2011-08-08",482.823,FALSE,NA,NA,"<= day","daily",NA,NA,NA
"2011-08-09",453.625,FALSE,NA,NA,"<= day","daily",NA,NA,NA
"2011-08-10",435.208,FALSE,NA,NA,"<= day","daily",NA,NA,NA
"2011-08-11",411.625,FALSE,NA,NA,"<= day","daily",NA,NA,NA
"2011-08-12",401.219,FALSE,NA,NA,"<= day","daily",NA,NA,NA
"2011-08-13",400,FALSE,NA,NA,"<= day","daily",NA,NA,NA
"2011-08-14",412.719,FALSE,NA,NA,"<= day","daily",NA,NA,NA
"2011-08-15",489.896,FALSE,NA,NA,"<= day","daily",NA,NA,NA
"2011-08-16",460.365,FALSE,NA,NA,"<= day","daily",NA,NA,NA
"2011-08-17",419.854,FALSE,NA,NA,"<= day","daily",NA,NA,NA
"2011-08-18",402.167,FALSE,NA,NA,"<= day","daily",NA,NA,NA
"2011-08-19",400,FALSE,NA,NA,"<= day","daily",NA,NA,NA
"2011-08-20",400,FALSE,NA,NA,"<= day","daily",NA,NA,NA
"2011-08-21",400,FALSE,NA,NA,"<= day","daily",NA,NA,NA
"2011-08-22",400,FALSE,NA,NA,"<= day","daily",NA,NA,NA
"2011-08-23",400,FALSE,NA,NA,"<= day","daily",NA,NA,NA
"2011-08-24",400,FALSE,NA,NA,"<= day","daily",NA,NA,NA
"2011-09-27",335.729,FALSE,NA,NA,"<= day","daily",NA,NA,NA
"2011-09-28",349.438,FALSE,NA,NA,"<= day","daily",NA,NA,NA
"2011-09-29",340.406,FALSE,NA,NA,"<= day","daily",NA,NA,NA
"2011-09-30",348.573,FALSE,NA,NA,"<= day","daily",NA,NA,NA
"2011-10-01",343.635,FALSE,NA,NA,"<= day","daily",NA,NA,NA
"2011-10-02",348.385,FALSE,NA,NA,"<= day","daily",NA,NA,NA
"2011-10-03",342.635,FALSE,NA,NA,"<= day","daily",NA,NA,NA
"2011-10-04",347.5,FALSE,NA,NA,"<= day","daily",NA,NA,NA
"2011-10-05",342.156,FALSE,NA,NA,"<= day","daily",NA,NA,NA
"2011-10-06",350.406,FALSE,NA,NA,"<= day","daily",NA,NA,NA
"2011-10-07",375.042,FALSE,NA,NA,"<= day","daily",NA,NA,NA
"2011-10-08",350.177,FALSE,NA,NA,"<= day","daily",NA,NA,NA
"2011-10-09",356.531,FALSE,NA,NA,"<= day","daily",NA,NA,NA
"2011-10-10",370.083,FALSE,NA,NA,"<= day","daily",NA,NA,NA
"2011-10-11",351.104,FALSE,NA,NA,"<= day","daily",NA,NA,NA
"2011-10-12",343.271,FALSE,NA,NA,"<= day","daily",NA,NA,NA
"2011-10-13",345.115,FALSE,NA,NA,"<= day","daily",NA,NA,NA
"2011-10-14",343.406,FALSE,NA,NA,"<= day","daily",NA,NA,NA
"2011-10-15",343,FALSE,NA,NA,"<= day","daily",NA,NA,NA
"2011-10-16",344.49,FALSE,NA,NA,"<= day","daily",NA,NA,NA
"2011-10-17",352.406,FALSE,NA,NA,"<= day","daily",NA,NA,NA
"2011-10-18",347.896,FALSE,NA,NA,"<= day","daily",NA,NA,NA
"2011-10-19",384.49,FALSE,NA,NA,"<= day","daily",NA,NA,NA
"2011-10-20",392.406,FALSE,NA,NA,"<= day","daily",NA,NA,NA
"2011-10-21",347.625,FALSE,NA,NA,"<= day","daily",NA,NA,NA
"2011-10-22",341.875,FALSE,NA,NA,"<= day","daily",NA,NA,NA
"2011-10-23",349.302,FALSE,NA,NA,"<= day","daily",NA,NA,NA
"2011-10-24",347.375,FALSE,NA,NA,"<= day","daily",NA,NA,NA
"2011-10-25",340.219,FALSE,NA,NA,"<= day","daily",NA,NA,NA
"2011-10-26",340.146,FALSE,NA,NA,"<= day","daily",NA,NA,NA
"2011-10-27",345.125,FALSE,NA,NA,"<= day","daily",NA,NA,NA
"2011-10-28",328.948,FALSE,NA,NA,"<= day","daily",NA,NA,NA
"2011-10-29",321.74,FALSE,NA,NA,"<= day","daily",NA,NA,NA
"2011-10-30",336.906,FALSE,NA,NA,"<= day","daily",NA,NA,NA
"2011-10-31",337.188,FALSE,NA,NA,"<= day","daily",NA,NA,NA
"2011-11-01",325.792,FALSE,NA,NA,"<= day","daily",NA,NA,NA
"2011-11-02",333.01,FALSE,NA,NA,"<= day","daily",NA,NA,NA
"2011-11-03",332.354,FALSE,NA,NA,"<= day","daily",NA,NA,NA
"2011-11-04",326.083,FALSE,NA,NA,"<= day","daily",NA,NA,NA
"2011-11-05",324.542,FALSE,NA,NA,"<= day","daily",NA,NA,NA
"2011-11-06",320.167,FALSE,NA,NA,"<= day","daily",NA,NA,NA
"2011-11-07",308.448,FALSE,NA,NA,"<= day","daily",NA,NA,NA
"2011-11-08",290.969,FALSE,NA,NA,"<= day","daily",NA,NA,NA
"2011-11-09",278.927,FALSE,NA,NA,"<= day","daily",NA,NA,NA
"2011-11-10",283.552,FALSE,NA,NA,"<= day","daily",NA,NA,NA
"2011-11-11",282.698,FALSE,NA,NA,"<= day","daily",NA,NA,NA
"2011-11-12",279.135,FALSE,NA,NA,"<= day","daily",NA,NA,NA
"2011-11-13",279.396,FALSE,NA,NA,"<= day","daily",NA,NA,NA
"2011-11-14",264.031,FALSE,NA,NA,"<= day","daily",NA,NA,NA
"2011-11-15",246.302,FALSE,NA,NA,"<= day","daily",NA,NA,NA
"2011-11-16",246.573,FALSE,NA,NA,"<= day","daily",NA,NA,NA
"2011-11-17",247.521,FALSE,NA,NA,"<= day","daily",NA,NA,NA
"2011-11-18",245.062,FALSE,NA,NA,"<= day","daily",NA,NA,NA
"2011-11-19",242.406,FALSE,NA,NA,"<= day","daily",NA,NA,NA
"2011-11-20",242.458,FALSE,NA,NA,"<= day","daily",NA,NA,NA
"2011-11-21",245.802,FALSE,NA,NA,"<= day","daily",NA,NA,NA
"2011-11-22",246.99,FALSE,NA,NA,"<= day","daily",NA,NA,NA
"2011-11-23",238.271,FALSE,NA,NA,"<= day","daily",NA,NA,NA
"2011-11-24",245.719,FALSE,NA,NA,"<= day","daily",NA,NA,NA
"2011-11-25",247.76,FALSE,NA,NA,"<= day","daily",NA,NA,NA
"2011-11-26",238.344,FALSE,NA,NA,"<= day","daily",NA,NA,NA
"2011-11-27",248.823,FALSE,NA,NA,"<= day","daily",NA,NA,NA
"2011-11-28",241.24,FALSE,NA,NA,"<= day","daily",NA,NA,NA
"2011-11-29",242.052,FALSE,NA,NA,"<= day","daily",NA,NA,NA
"2011-11-30",240.188,FALSE,NA,NA,"<= day","daily",NA,NA,NA
"2011-12-01",210.583,FALSE,NA,NA,"<= day","daily",NA,NA,NA
"2011-12-02",233.656,FALSE,NA,NA,"<= day","daily",NA,NA,NA
"2011-12-03",243.594,FALSE,NA,NA,"<= day","daily",NA,NA,NA
"2011-12-04",248.99,FALSE,NA,NA,"<= day","daily",NA,NA,NA
"2011-12-05",290.667,FALSE,NA,NA,"<= day","daily",NA,NA,NA
"2011-12-06",266.573,FALSE,NA,NA,"<= day","daily",NA,NA,NA
"2011-12-07",331.833,FALSE,NA,NA,"<= day","daily",NA,NA,NA
"2011-12-08",381.906,FALSE,NA,NA,"<= day","daily",NA,NA,NA
"2011-12-09",296.219,FALSE,NA,NA,"<= day","daily",NA,NA,NA
"2011-12-10",378.406,FALSE,NA,NA,"<= day","daily",NA,NA,NA
"2011-12-11",374.271,FALSE,NA,NA,"<= day","daily",NA,NA,NA
"2011-12-12",329.469,FALSE,NA,NA,"<= day","daily",NA,NA,NA
"2011-12-13",300.979,FALSE,NA,NA,"<= day","daily",NA,NA,NA
"2011-12-14",308.073,FALSE,NA,NA,"<= day","daily",NA,NA,NA
"2011-12-15",361.583,FALSE,NA,NA,"<= day","daily",NA,NA,NA
"2011-12-16",544.469,FALSE,NA,NA,"<= day","daily",NA,NA,NA
"2011-12-17",915.406,FALSE,NA,NA,"<= day","daily",NA,NA,NA
"2011-12-18",901.406,FALSE,NA,NA,"<= day","daily",NA,NA,NA
"2011-12-19",706.396,FALSE,NA,NA,"<= day","daily",NA,NA,NA
"2011-12-20",538.979,FALSE,NA,NA,"<= day","daily",NA,NA,NA
"2011-12-21",485.812,FALSE,NA,NA,"<= day","daily",NA,NA,NA
"2011-12-22",482.562,FALSE,NA,NA,"<= day","daily",NA,NA,NA
"2011-12-23",572.823,FALSE,NA,NA,"<= day","daily",NA,NA,NA
"2011-12-24",547.042,FALSE,NA,NA,"<= day","daily",NA,NA,NA
"2011-12-25",520.979,FALSE,NA,NA,"<= day","daily",NA,NA,NA
"2011-12-26",499.5,FALSE,NA,NA,"<= day","daily",NA,NA,NA
"2011-12-27",495.49,FALSE,NA,NA,"<= day","daily",NA,NA,NA
"2011-12-28",486.625,FALSE,NA,NA,"<= day","daily",NA,NA,NA
"2011-12-29",486.719,FALSE,NA,NA,"<= day","daily",NA,NA,NA
"2011-12-30",498.427,FALSE,NA,NA,"<= day","daily",NA,NA,NA
"2011-12-31",514.115,FALSE,NA,NA,"<= day","daily",NA,NA,NA
"2012-01-01",579.823,FALSE,NA,NA,"<= day","daily",NA,NA,NA
"2012-01-02",561.958,FALSE,NA,NA,"<= day","daily",NA,NA,NA
"2012-01-03",555.146,FALSE,NA,NA,"<= day","daily",NA,NA,NA
"2012-01-04",571.521,FALSE,NA,NA,"<= day","daily",NA,NA,NA
"2012-01-05",647.156,FALSE,NA,NA,"<= day","daily",NA,NA,NA
"2012-01-06",864.208,FALSE,NA,NA,"<= day","daily",NA,NA,NA
"2012-01-07",903,FALSE,NA,NA,"<= day","daily",NA,NA,NA
"2012-01-08",836.573,FALSE,NA,NA,"<= day","daily",NA,NA,NA
"2012-01-09",803.792,FALSE,NA,NA,"<= day","daily",NA,NA,NA
"2012-01-10",799.312,FALSE,NA,NA,"<= day","daily",NA,NA,NA
"2012-01-11",791.031,FALSE,NA,NA,"<= day","daily",NA,NA,NA
"2012-01-12",763.521,FALSE,NA,NA,"<= day","daily",NA,NA,NA
"2012-01-13",746.646,FALSE,NA,NA,"<= day","daily",NA,NA,NA
"2012-01-14",742.469,FALSE,NA,NA,"<= day","daily",NA,NA,NA
"2012-01-15",712.438,FALSE,NA,NA,"<= day","daily",NA,NA,NA
"2012-01-16",682.083,FALSE,NA,NA,"<= day","daily",NA,NA,NA
"2012-01-17",656.917,FALSE,NA,NA,"<= day","daily",NA,NA,NA
"2012-01-18",643.24,FALSE,NA,NA,"<= day","daily",NA,NA,NA
"2012-01-19",652.073,FALSE,NA,NA,"<= day","daily",NA,NA,NA
"2012-01-20",717.375,FALSE,NA,NA,"<= day","daily",NA,NA,NA
"2012-01-21",798.521,FALSE,NA,NA,"<= day","daily",NA,NA,NA
"2012-01-22",879.729,FALSE,NA,NA,"<= day","daily",NA,NA,NA
"2012-01-23",943.448,FALSE,NA,NA,"<= day","daily",NA,NA,NA
"2012-01-24",990.438,FALSE,NA,NA,"<= day","daily",NA,NA,NA
"2012-01-25",999.135,FALSE,NA,NA,"<= day","daily",NA,NA,NA
"2012-01-26",994.708,FALSE,NA,NA,"<= day","daily",NA,NA,NA
"2012-01-27",977.927,FALSE,NA,NA,"<= day","daily",NA,NA,NA
"2012-01-28",943.312,FALSE,NA,NA,"<= day","daily",NA,NA,NA
"2012-01-29",901.479,FALSE,NA,NA,"<= day","daily",NA,NA,NA
"2012-01-30",855.375,FALSE,NA,NA,"<= day","daily",NA,NA,NA
"2012-01-31",841.573,FALSE,NA,NA,"<= day","daily",NA,NA,NA
"2012-02-01",828.188,FALSE,NA,NA,"<= day","daily",NA,NA,NA
"2012-02-02",804.062,FALSE,NA,NA,"<= day","daily",NA,NA,NA
"2012-02-03",800,FALSE,NA,NA,"<= day","daily",NA,NA,NA
"2012-02-04",800,FALSE,NA,NA,"<= day","daily",NA,NA,NA
"2012-02-05",800,FALSE,NA,NA,"<= day","daily",NA,NA,NA
"2012-02-06",800,FALSE,NA,NA,"<= day","daily",NA,NA,NA
"2012-02-07",800,FALSE,NA,NA,"<= day","daily",NA,NA,NA
"2012-02-08",800,FALSE,NA,NA,"<= day","daily",NA,NA,NA
"2012-02-09",800,FALSE,NA,NA,"<= day","daily",NA,NA,NA
"2012-02-10",800,FALSE,NA,NA,"<= day","daily",NA,NA,NA
"2012-02-11",800,FALSE,NA,NA,"<= day","daily",NA,NA,NA
"2012-02-12",800,FALSE,NA,NA,"<= day","daily",NA,NA,NA
"2012-02-13",795.302,FALSE,NA,NA,"<= day","daily",NA,NA,NA
"2012-02-14",757.792,FALSE,NA,NA,"<= day","daily",NA,NA,NA
"2012-02-15",707.302,FALSE,NA,NA,"<= day","daily",NA,NA,NA
"2012-02-16",694.583,FALSE,NA,NA,"<= day","daily",NA,NA,NA
"2012-02-17",692.5,FALSE,NA,NA,"<= day","daily",NA,NA,NA
"2012-02-18",696.479,FALSE,NA,NA,"<= day","daily",NA,NA,NA
"2012-02-19",715.552,FALSE,NA,NA,"<= day","daily",NA,NA,NA
"2012-02-20",720.729,FALSE,NA,NA,"<= day","daily",NA,NA,NA
"2012-02-21",698.667,FALSE,NA,NA,"<= day","daily",NA,NA,NA
"2012-02-22",683.052,FALSE,NA,NA,"<= day","daily",NA,NA,NA
"2012-02-23",661.698,FALSE,NA,NA,"<= day","daily",NA,NA,NA
"2012-02-24",674.771,FALSE,NA,NA,"<= day","daily",NA,NA,NA
"2012-02-25",677.25,FALSE,NA,NA,"<= day","daily",NA,NA,NA
"2012-02-26",677.292,FALSE,NA,NA,"<= day","daily",NA,NA,NA
"2012-02-27",674.135,FALSE,NA,NA,"<= day","daily",NA,NA,NA
"2012-02-28",673.823,FALSE,NA,NA,"<= day","daily",NA,NA,NA
"2012-02-29",658.031,FALSE,NA,NA,"<= day","daily",NA,NA,NA
"2012-03-01",658.854,FALSE,NA,NA,"<= day","daily",NA,NA,NA
"2012-03-02",645.521,FALSE,NA,NA,"<= day","daily",NA,NA,NA
"2012-03-03",637.656,FALSE,NA,NA,"<= day","daily",NA,NA,NA
"2012-03-04",640.208,FALSE,NA,NA,"<= day","daily",NA,NA,NA
"2012-03-05",640.021,FALSE,NA,NA,"<= day","daily",NA,NA,NA
"2012-03-06",637.875,FALSE,NA,NA,"<= day","daily",NA,NA,NA
"2012-03-07",630.75,FALSE,NA,NA,"<= day","daily",NA,NA,NA
"2012-03-08",637.167,FALSE,NA,NA,"<= day","daily",NA,NA,NA
"2012-03-09",634.688,FALSE,NA,NA,"<= day","daily",NA,NA,NA
"2012-03-10",623.604,FALSE,NA,NA,"<= day","daily",NA,NA,NA
"2012-03-11",625.667,FALSE,NA,NA,"<= day","daily",NA,NA,NA
"2012-03-12",625.958,FALSE,NA,NA,"<= day","daily",NA,NA,NA
"2012-03-13",604.073,FALSE,NA,NA,"<= day","daily",NA,NA,NA
"2012-03-14",565.896,FALSE,NA,NA,"<= day","daily",NA,NA,NA
"2012-03-15",546.094,FALSE,NA,NA,"<= day","daily",NA,NA,NA
"2012-03-16",541.521,FALSE,NA,NA,"<= day","daily",NA,NA,NA
"2012-03-17",541.635,FALSE,NA,NA,"<= day","daily",NA,NA,NA
"2012-03-18",540.958,FALSE,NA,NA,"<= day","daily",NA,NA,NA
"2012-03-19",543.812,FALSE,NA,NA,"<= day","daily",NA,NA,NA
"2012-03-20",537.344,FALSE,NA,NA,"<= day","daily",NA,NA,NA
"2012-03-21",546.854,FALSE,NA,NA,"<= day","daily",NA,NA,NA
"2012-03-22",547.333,FALSE,NA,NA,"<= day","daily",NA,NA,NA
"2012-03-23",540.917,FALSE,NA,NA,"<= day","daily",NA,NA,NA
"2012-03-24",533.562,FALSE,NA,NA,"<= day","daily",NA,NA,NA
"2012-03-25",535.281,FALSE,NA,NA,"<= day","daily",NA,NA,NA
"2012-03-26",540.76,FALSE,NA,NA,"<= day","daily",NA,NA,NA
"2012-03-27",543.833,FALSE,NA,NA,"<= day","daily",NA,NA,NA
"2012-03-28",535.448,FALSE,NA,NA,"<= day","daily",NA,NA,NA
"2012-03-29",538.875,FALSE,NA,NA,"<= day","daily",NA,NA,NA
"2012-03-30",542.927,FALSE,NA,NA,"<= day","daily",NA,NA,NA
"2012-03-31",536.062,FALSE,NA,NA,"<= day","daily",NA,NA,NA
"2012-04-01",538.208,FALSE,NA,NA,"<= day","daily",NA,NA,NA
"2012-04-02",537.906,FALSE,NA,NA,"<= day","daily",NA,NA,NA
"2012-04-03",536.958,FALSE,NA,NA,"<= day","daily",NA,NA,NA
"2012-04-04",541.302,FALSE,NA,NA,"<= day","daily",NA,NA,NA
"2012-04-05",543.208,FALSE,NA,NA,"<= day","daily",NA,NA,NA
"2012-04-06",543.417,FALSE,NA,NA,"<= day","daily",NA,NA,NA
"2012-04-07",526.479,FALSE,NA,NA,"<= day","daily",NA,NA,NA
"2012-04-08",503.656,FALSE,NA,NA,"<= day","daily",NA,NA,NA
"2012-04-09",500,FALSE,NA,NA,"<= day","daily",NA,NA,NA
"2012-04-10",500,FALSE,NA,NA,"<= day","daily",NA,NA,NA
"2012-04-11",498.969,FALSE,NA,NA,"<= day","daily",NA,NA,NA
"2012-04-12",490.615,FALSE,NA,NA,"<= day","daily",NA,NA,NA
"2012-04-13",478.896,FALSE,NA,NA,"<= day","daily",NA,NA,NA
"2012-04-14",479.177,FALSE,NA,NA,"<= day","daily",NA,NA,NA
"2012-04-15",493.198,FALSE,NA,NA,"<= day","daily",NA,NA,NA
"2012-04-16",494.156,FALSE,NA,NA,"<= day","daily",NA,NA,NA
"2012-04-17",491.073,FALSE,NA,NA,"<= day","daily",NA,NA,NA
"2012-04-18",478.24,FALSE,NA,NA,"<= day","daily",NA,NA,NA
"2012-04-19",480.021,FALSE,NA,NA,"<= day","daily",NA,NA,NA
"2012-04-20",474.448,FALSE,NA,NA,"<= day","daily",NA,NA,NA
"2012-04-21",477.021,FALSE,NA,NA,"<= day","daily",NA,NA,NA
"2012-04-22",491.49,FALSE,NA,NA,"<= day","daily",NA,NA,NA
"2012-04-23",488.49,FALSE,NA,NA,"<= day","daily",NA,NA,NA
"2012-04-24",482.021,FALSE,NA,NA,"<= day","daily",NA,NA,NA
"2012-04-25",462.573,FALSE,NA,NA,"<= day","daily",NA,NA,NA
"2012-04-26",444.188,FALSE,NA,NA,"<= day","daily",NA,NA,NA
"2012-04-27",443.135,FALSE,NA,NA,"<= day","daily",NA,NA,NA
"2012-04-28",441.802,FALSE,NA,NA,"<= day","daily",NA,NA,NA
"2012-04-29",446.99,FALSE,NA,NA,"<= day","daily",NA,NA,NA
"2012-04-30",435.302,FALSE,NA,NA,"<= day","daily",NA,NA,NA
"2012-05-01",450.979,FALSE,NA,NA,"<= day","daily",NA,NA,NA
"2012-05-02",437.521,FALSE,NA,NA,"<= day","daily",NA,NA,NA
"2012-05-03",450.896,FALSE,NA,NA,"<= day","daily",NA,NA,NA
"2012-05-04",443.719,FALSE,NA,NA,"<= day","daily",NA,NA,NA
"2012-05-05",446.302,FALSE,NA,NA,"<= day","daily",NA,NA,NA
"2012-05-06",448.438,FALSE,NA,NA,"<= day","daily",NA,NA,NA
"2012-05-07",451.635,FALSE,NA,NA,"<= day","daily",NA,NA,NA
"2012-05-08",447.812,FALSE,NA,NA,"<= day","daily",NA,NA,NA
"2012-05-09",441.958,FALSE,NA,NA,"<= day","daily",NA,NA,NA
"2012-05-10",402.771,FALSE,NA,NA,"<= day","daily",NA,NA,NA
"2012-05-11",362.156,FALSE,NA,NA,"<= day","daily",NA,NA,NA
"2012-05-12",387.25,FALSE,NA,NA,"<= day","daily",NA,NA,NA
"2012-05-16",371.333,FALSE,NA,NA,"<= day","daily",NA,NA,NA
"2012-05-17",360.479,FALSE,NA,NA,"<= day","daily",NA,NA,NA
"2012-05-18",356.792,FALSE,NA,NA,"<= day","daily",NA,NA,NA
"2012-05-19",371.927,FALSE,NA,NA,"<= day","daily",NA,NA,NA
"2012-05-20",352.312,FALSE,NA,NA,"<= day","daily",NA,NA,NA
"2012-05-21",365.25,FALSE,NA,NA,"<= day","daily",NA,NA,NA
"2012-05-22",461.062,FALSE,NA,NA,"<= day","daily",NA,NA,NA
"2012-05-23",398.719,FALSE,NA,NA,"<= day","daily",NA,NA,NA
"2012-05-24",347.417,FALSE,NA,NA,"<= day","daily",NA,NA,NA
"2012-05-25",347.312,FALSE,NA,NA,"<= day","daily",NA,NA,NA
"2012-05-26",335.323,FALSE,NA,NA,"<= day","daily",NA,NA,NA
"2012-05-27",333.396,FALSE,NA,NA,"<= day","daily",NA,NA,NA
"2012-05-28",340.708,FALSE,NA,NA,"<= day","daily",NA,NA,NA
"2012-05-29",337.292,FALSE,NA,NA,"<= day","daily",NA,NA,NA
"2012-05-30",337.677,FALSE,NA,NA,"<= day","daily",NA,NA,NA
"2012-05-31",333.573,FALSE,NA,NA,"<= day","daily",NA,NA,NA
"2012-06-01",340.406,FALSE,NA,NA,"<= day","daily",NA,NA,NA
"2012-06-02",331.885,FALSE,NA,NA,"<= day","daily",NA,NA,NA
"2012-06-03",340.969,FALSE,NA,NA,"<= day","daily",NA,NA,NA
"2012-06-04",342.771,FALSE,NA,NA,"<= day","daily",NA,NA,NA
"2012-06-05",340.698,FALSE,NA,NA,"<= day","daily",NA,NA,NA
"2012-06-06",337.479,FALSE,NA,NA,"<= day","daily",NA,NA,NA
"2012-06-07",342.625,FALSE,NA,NA,"<= day","daily",NA,NA,NA
"2012-06-08",345.49,FALSE,NA,NA,"<= day","daily",NA,NA,NA
"2012-06-09",334.281,FALSE,NA,NA,"<= day","daily",NA,NA,NA
"2012-06-10",333.208,FALSE,NA,NA,"<= day","daily",NA,NA,NA
"2012-06-11",339.26,FALSE,NA,NA,"<= day","daily",NA,NA,NA
"2012-06-12",374.896,FALSE,NA,NA,"<= day","daily",NA,NA,NA
"2012-06-13",439.667,FALSE,NA,NA,"<= day","daily",NA,NA,NA
"2012-06-14",366.177,FALSE,NA,NA,"<= day","daily",NA,NA,NA
"2012-06-15",341.344,FALSE,NA,NA,"<= day","daily",NA,NA,NA
"2012-06-16",332.583,FALSE,NA,NA,"<= day","daily",NA,NA,NA
"2012-06-17",332.615,FALSE,NA,NA,"<= day","daily",NA,NA,NA
"2012-06-18",331.219,FALSE,NA,NA,"<= day","daily",NA,NA,NA
"2012-06-19",326.917,FALSE,NA,NA,"<= day","daily",NA,NA,NA
"2012-06-20",335.885,FALSE,NA,NA,"<= day","daily",NA,NA,NA
"2012-06-21",322.781,FALSE,NA,NA,"<= day","daily",NA,NA,NA
"2012-06-22",302.604,FALSE,NA,NA,"<= day","daily",NA,NA,NA
"2012-06-23",290.625,FALSE,NA,NA,"<= day","daily",NA,NA,NA
"2012-06-24",293.583,FALSE,NA,NA,"<= day","daily",NA,NA,NA
"2012-06-25",320.833,FALSE,NA,NA,"<= day","daily",NA,NA,NA
"2012-06-26",303.323,FALSE,NA,NA,"<= day","daily",NA,NA,NA
"2012-06-27",268.51,FALSE,NA,NA,"<= day","daily",NA,NA,NA
"2012-06-28",272.688,FALSE,NA,NA,"<= day","daily",NA,NA,NA
"2012-06-29",308.583,FALSE,NA,NA,"<= day","daily",NA,NA,NA
"2012-06-30",328.906,FALSE,NA,NA,"<= day","daily",NA,NA,NA
"2012-07-01",450.927,FALSE,NA,NA,"<= day","daily",NA,NA,NA
"2012-07-02",425.469,FALSE,NA,NA,"<= day","daily",NA,NA,NA
"2012-07-03",380.76,FALSE,NA,NA,"<= day","daily",NA,NA,NA
"2012-07-04",377.76,FALSE,NA,NA,"<= day","daily",NA,NA,NA
"2012-07-05",458.365,FALSE,NA,NA,"<= day","daily",NA,NA,NA
"2012-07-06",417.427,FALSE,NA,NA,"<= day","daily",NA,NA,NA
"2012-07-07",380.312,FALSE,NA,NA,"<= day","daily",NA,NA,NA
"2012-07-08",339.406,FALSE,NA,NA,"<= day","daily",NA,NA,NA
"2012-07-09",331.729,FALSE,NA,NA,"<= day","daily",NA,NA,NA
"2012-07-10",340.875,FALSE,NA,NA,"<= day","daily",NA,NA,NA
"2012-07-11",377.573,FALSE,NA,NA,"<= day","daily",NA,NA,NA
"2012-07-12",346.792,FALSE,NA,NA,"<= day","daily",NA,NA,NA
"2012-07-13",339.365,FALSE,NA,NA,"<= day","daily",NA,NA,NA
"2012-07-14",339.927,FALSE,NA,NA,"<= day","daily",NA,NA,NA
"2012-07-15",335.75,FALSE,NA,NA,"<= day","daily",NA,NA,NA
"2012-07-16",339.135,FALSE,NA,NA,"<= day","daily",NA,NA,NA
"2012-07-17",334.083,FALSE,NA,NA,"<= day","daily",NA,NA,NA
"2012-07-18",334.031,FALSE,NA,NA,"<= day","daily",NA,NA,NA
"2012-07-19",336.083,FALSE,NA,NA,"<= day","daily",NA,NA,NA
"2012-07-20",303.688,FALSE,NA,NA,"<= day","daily",NA,NA,NA
"2012-07-21",282.25,FALSE,NA,NA,"<= day","daily",NA,NA,NA
"2012-07-23",267.812,FALSE,NA,NA,"<= day","daily",NA,NA,NA
"2012-07-24",279.552,FALSE,NA,NA,"<= day","daily",NA,NA,NA
"2012-07-25",271.667,FALSE,NA,NA,"<= day","daily",NA,NA,NA
"2012-07-26",268.5,FALSE,NA,NA,"<= day","daily",NA,NA,NA
"2012-07-27",270.875,FALSE,NA,NA,"<= day","daily",NA,NA,NA
"2012-07-28",288.615,FALSE,NA,NA,"<= day","daily",NA,NA,NA
"2012-07-29",348.688,FALSE,NA,NA,"<= day","daily",NA,NA,NA
"2012-07-30",314.74,FALSE,NA,NA,"<= day","daily",NA,NA,NA
"2012-07-31",286.26,FALSE,NA,NA,"<= day","daily",NA,NA,NA
"2012-08-01",274.375,FALSE,NA,NA,"<= day","daily",NA,NA,NA
"2012-08-02",273.281,FALSE,NA,NA,"<= day","daily",NA,NA,NA
"2012-08-03",280.188,FALSE,NA,NA,"<= day","daily",NA,NA,NA
"2012-08-04",278.427,FALSE,NA,NA,"<= day","daily",NA,NA,NA
"2012-08-05",278.396,FALSE,NA,NA,"<= day","daily",NA,NA,NA
"2012-08-06",285.135,FALSE,NA,NA,"<= day","daily",NA,NA,NA
"2012-08-07",276.708,FALSE,NA,NA,"<= day","daily",NA,NA,NA
"2012-08-08",267.938,FALSE,NA,NA,"<= day","daily",NA,NA,NA
"2012-08-09",258.323,FALSE,NA,NA,"<= day","daily",NA,NA,NA
"2012-08-10",248.5,FALSE,NA,NA,"<= day","daily",NA,NA,NA
"2012-08-11",236.49,FALSE,NA,NA,"<= day","daily",NA,NA,NA
"2012-08-12",237.229,FALSE,NA,NA,"<= day","daily",NA,NA,NA
"2012-08-13",236.615,FALSE,NA,NA,"<= day","daily",NA,NA,NA
"2012-08-14",237.448,FALSE,NA,NA,"<= day","daily",NA,NA,NA
"2012-08-15",245.365,FALSE,NA,NA,"<= day","daily",NA,NA,NA
"2012-08-16",335.5,FALSE,NA,NA,"<= day","daily",NA,NA,NA
"2012-08-17",301.885,FALSE,NA,NA,"<= day","daily",NA,NA,NA
"2012-08-18",246.823,FALSE,NA,NA,"<= day","daily",NA,NA,NA
"2012-08-19",234.333,FALSE,NA,NA,"<= day","daily",NA,NA,NA
"2012-08-20",232.438,FALSE,NA,NA,"<= day","daily",NA,NA,NA
"2012-08-21",237.979,FALSE,NA,NA,"<= day","daily",NA,NA,NA
"2012-08-22",234.635,FALSE,NA,NA,"<= day","daily",NA,NA,NA
"2012-08-23",239.562,FALSE,NA,NA,"<= day","daily",NA,NA,NA
"2012-08-24",248.688,FALSE,NA,NA,"<= day","daily",NA,NA,NA
"2012-08-25",245.24,FALSE,NA,NA,"<= day","daily",NA,NA,NA
"2012-08-26",241.021,FALSE,NA,NA,"<= day","daily",NA,NA,NA
"2012-08-27",241.448,FALSE,NA,NA,"<= day","daily",NA,NA,NA
"2012-08-28",234.125,FALSE,NA,NA,"<= day","daily",NA,NA,NA
"2012-08-29",233.104,FALSE,NA,NA,"<= day","daily",NA,NA,NA
"2012-08-30",244.146,FALSE,NA,NA,"<= day","daily",NA,NA,NA
"2012-08-31",241.469,FALSE,NA,NA,"<= day","daily",NA,NA,NA
"2012-09-01",237.948,FALSE,NA,NA,"<= day","daily",NA,NA,NA
"2012-09-02",235.573,FALSE,NA,NA,"<= day","daily",NA,NA,NA
"2012-09-03",240.635,FALSE,NA,NA,"<= day","daily",NA,NA,NA
"2012-09-04",234.125,FALSE,NA,NA,"<= day","daily",NA,NA,NA
"2012-09-05",231.271,FALSE,NA,NA,"<= day","daily",NA,NA,NA
"2012-09-06",230.656,FALSE,NA,NA,"<= day","daily",NA,NA,NA
"2012-09-07",228.865,FALSE,NA,NA,"<= day","daily",NA,NA,NA
"2012-09-08",231.573,FALSE,NA,NA,"<= day","daily",NA,NA,NA
"2012-09-09",233.438,FALSE,NA,NA,"<= day","daily",NA,NA,NA
"2012-09-10",236.177,FALSE,NA,NA,"<= day","daily",NA,NA,NA
"2012-09-11",234.167,FALSE,NA,NA,"<= day","daily",NA,NA,NA
"2012-09-12",260.875,FALSE,NA,NA,"<= day","daily",NA,NA,NA
"2012-09-13",243.604,FALSE,NA,NA,"<= day","daily",NA,NA,NA
"2012-09-14",235.281,FALSE,NA,NA,"<= day","daily",NA,NA,NA
"2012-09-15",228.094,FALSE,NA,NA,"<= day","daily",NA,NA,NA
"2012-09-16",235.844,FALSE,NA,NA,"<= day","daily",NA,NA,NA
"2012-09-17",230.177,FALSE,NA,NA,"<= day","daily",NA,NA,NA
"2012-09-18",234.906,FALSE,NA,NA,"<= day","daily",NA,NA,NA
"2012-09-19",245.25,FALSE,NA,NA,"<= day","daily",NA,NA,NA
"2012-09-20",236.031,FALSE,NA,NA,"<= day","daily",NA,NA,NA
"2012-09-21",245.229,FALSE,NA,NA,"<= day","daily",NA,NA,NA
"2012-09-22",307.5,FALSE,NA,NA,"<= day","daily",NA,NA,NA
"2012-09-23",246.927,FALSE,NA,NA,"<= day","daily",NA,NA,NA
"2012-09-24",232.323,FALSE,NA,NA,"<= day","daily",NA,NA,NA
"2012-09-25",237.917,FALSE,NA,NA,"<= day","daily",NA,NA,NA
"2012-09-26",240.948,FALSE,NA,NA,"<= day","daily",NA,NA,NA
"2012-09-27",251.062,FALSE,NA,NA,"<= day","daily",NA,NA,NA
"2012-09-28",236.688,FALSE,NA,NA,"<= day","daily",NA,NA,NA
"2012-09-29",237.094,FALSE,NA,NA,"<= day","daily",NA,NA,NA
"2012-09-30",235.24,FALSE,NA,NA,"<= day","daily",NA,NA,NA
"2012-10-01",228.906,FALSE,NA,NA,"<= day","daily",NA,NA,NA
"2012-10-02",232.531,FALSE,NA,NA,"<= day","daily",NA,NA,NA
"2012-10-03",235.479,FALSE,NA,NA,"<= day","daily",NA,NA,NA
"2012-10-04",234.792,FALSE,NA,NA,"<= day","daily",NA,NA,NA
"2012-10-05",231.146,FALSE,NA,NA,"<= day","daily",NA,NA,NA
"2012-10-06",222.719,FALSE,NA,NA,"<= day","daily",NA,NA,NA
"2012-10-07",223.875,FALSE,NA,NA,"<= day","daily",NA,NA,NA
"2012-10-08",231.302,FALSE,NA,NA,"<= day","daily",NA,NA,NA
"2012-10-09",231.323,FALSE,NA,NA,"<= day","daily",NA,NA,NA
"2012-10-10",237.031,FALSE,NA,NA,"<= day","daily",NA,NA,NA
"2012-10-11",238.062,FALSE,NA,NA,"<= day","daily",NA,NA,NA
"2012-10-12",233.177,FALSE,NA,NA,"<= day","daily",NA,NA,NA
"2012-10-13",233.729,FALSE,NA,NA,"<= day","daily",NA,NA,NA
"2012-10-14",233.656,FALSE,NA,NA,"<= day","daily",NA,NA,NA
"2012-10-15",231.635,FALSE,NA,NA,"<= day","daily",NA,NA,NA
"2012-10-16",233.073,FALSE,NA,NA,"<= day","daily",NA,NA,NA
"2012-10-17",233.188,FALSE,NA,NA,"<= day","daily",NA,NA,NA
"2012-10-18",216.24,FALSE,NA,NA,"<= day","daily",NA,NA,NA
"2012-10-19",202.781,FALSE,NA,NA,"<= day","daily",NA,NA,NA
"2012-10-20",200.135,FALSE,NA,NA,"<= day","daily",NA,NA,NA
"2012-10-21",200,FALSE,NA,NA,"<= day","daily",NA,NA,NA
"2012-10-22",198.625,FALSE,NA,NA,"<= day","daily",NA,NA,NA
"2012-10-23",189.281,FALSE,NA,NA,"<= day","daily",NA,NA,NA
"2012-10-24",183.917,FALSE,NA,NA,"<= day","daily",NA,NA,NA
"2012-10-25",175.938,FALSE,NA,NA,"<= day","daily",NA,NA,NA
"2012-10-26",191.75,FALSE,NA,NA,"<= day","daily",NA,NA,NA
"2012-10-27",217.104,FALSE,NA,NA,"<= day","daily",NA,NA,NA
"2012-10-28",227.208,FALSE,NA,NA,"<= day","daily",NA,NA,NA
"2012-10-29",221.927,FALSE,NA,NA,"<= day","daily",NA,NA,NA
"2012-10-30",206,FALSE,NA,NA,"<= day","daily",NA,NA,NA
"2012-10-31",219.719,FALSE,NA,NA,"<= day","daily",NA,NA,NA
"2012-11-01",218.854,FALSE,NA,NA,"<= day","daily",NA,NA,NA
"2012-11-02",246.573,FALSE,NA,NA,"<= day","daily",NA,NA,NA
"2012-11-03",332.031,FALSE,NA,NA,"<= day","daily",NA,NA,NA
"2012-11-04",383.406,FALSE,NA,NA,"<= day","daily",NA,NA,NA
"2012-11-05",377.333,FALSE,NA,NA,"<= day","daily",NA,NA,NA
"2012-11-06",315.979,FALSE,NA,NA,"<= day","daily",NA,NA,NA
"2012-11-07",270.438,FALSE,NA,NA,"<= day","daily",NA,NA,NA
"2012-11-08",247.865,FALSE,NA,NA,"<= day","daily",NA,NA,NA
"2012-11-09",244.365,FALSE,NA,NA,"<= day","daily",NA,NA,NA
"2012-11-10",255.812,FALSE,NA,NA,"<= day","daily",NA,NA,NA
"2012-11-11",330.219,FALSE,NA,NA,"<= day","daily",NA,NA,NA
"2012-11-12",387.021,FALSE,NA,NA,"<= day","daily",NA,NA,NA
"2012-11-13",340.281,FALSE,NA,NA,"<= day","daily",NA,NA,NA
"2012-11-14",314.625,FALSE,NA,NA,"<= day","daily",NA,NA,NA
"2012-11-15",278.802,FALSE,NA,NA,"<= day","daily",NA,NA,NA
"2012-11-16",275.979,FALSE,NA,NA,"<= day","daily",NA,NA,NA
"2012-11-17",274.865,FALSE,NA,NA,"<= day","daily",NA,NA,NA
"2012-11-18",278.375,FALSE,NA,NA,"<= day","daily",NA,NA,NA
"2012-11-19",282.51,FALSE,NA,NA,"<= day","daily",NA,NA,NA
"2012-11-20",265.552,FALSE,NA,NA,"<= day","daily",NA,NA,NA
"2012-11-21",247.25,FALSE,NA,NA,"<= day","daily",NA,NA,NA
"2012-11-22",242.115,FALSE,NA,NA,"<= day","daily",NA,NA,NA
"2012-11-23",244.865,FALSE,NA,NA,"<= day","daily",NA,NA,NA
"2012-11-24",243.344,FALSE,NA,NA,"<= day","daily",NA,NA,NA
"2012-11-25",249.083,FALSE,NA,NA,"<= day","daily",NA,NA,NA
"2012-11-26",262.854,FALSE,NA,NA,"<= day","daily",NA,NA,NA
"2012-11-27",311.729,FALSE,NA,NA,"<= day","daily",NA,NA,NA
"2012-11-28",421.531,FALSE,NA,NA,"<= day","daily",NA,NA,NA
"2012-11-29",774.646,FALSE,NA,NA,"<= day","daily",NA,NA,NA
"2012-11-30",884.875,FALSE,NA,NA,"<= day","daily",NA,NA,NA
"2012-12-01",743.594,FALSE,NA,NA,"<= day","daily",NA,NA,NA
"2012-12-02",582.604,FALSE,NA,NA,"<= day","daily",NA,NA,NA
"2012-12-03",536.76,FALSE,NA,NA,"<= day","daily",NA,NA,NA
"2012-12-04",508.01,FALSE,NA,NA,"<= day","daily",NA,NA,NA
"2012-12-05",518.292,FALSE,NA,NA,"<= day","daily",NA,NA,NA
"2012-12-06",497.521,FALSE,NA,NA,"<= day","daily",NA,NA,NA
"2012-12-07",478.302,FALSE,NA,NA,"<= day","daily",NA,NA,NA
"2012-12-08",474.448,FALSE,NA,NA,"<= day","daily",NA,NA,NA
"2012-12-09",448.74,FALSE,NA,NA,"<= day","daily",NA,NA,NA
"2012-12-10",443.885,FALSE,NA,NA,"<= day","daily",NA,NA,NA
"2012-12-11",442.219,FALSE,NA,NA,"<= day","daily",NA,NA,NA
"2012-12-12",436.771,FALSE,NA,NA,"<= day","daily",NA,NA,NA
"2012-12-13",440.302,FALSE,NA,NA,"<= day","daily",NA,NA,NA
"2012-12-14",465.698,FALSE,NA,NA,"<= day","daily",NA,NA,NA
"2012-12-15",654.604,FALSE,NA,NA,"<= day","daily",NA,NA,NA
"2012-12-16",897.042,FALSE,NA,NA,"<= day","daily",NA,NA,NA
"2012-12-17",931.521,FALSE,NA,NA,"<= day","daily",NA,NA,NA
"2012-12-18",905,FALSE,NA,NA,"<= day","daily",NA,NA,NA
"2012-12-19",843.396,FALSE,NA,NA,"<= day","daily",NA,NA,NA
"2012-12-20",803.198,FALSE,NA,NA,"<= day","daily",NA,NA,NA
"2012-12-21",783.812,FALSE,NA,NA,"<= day","daily",NA,NA,NA
"2012-12-22",775.198,FALSE,NA,NA,"<= day","daily",NA,NA,NA
"2012-12-23",795.938,FALSE,NA,NA,"<= day","daily",NA,NA,NA
"2012-12-24",800,FALSE,NA,NA,"<= day","daily",NA,NA,NA
"2012-12-25",800,FALSE,NA,NA,"<= day","daily",NA,NA,NA
"2012-12-26",800.458,FALSE,NA,NA,"<= day","daily",NA,NA,NA
"2012-12-27",825.344,FALSE,NA,NA,"<= day","daily",NA,NA,NA
"2012-12-28",978.073,FALSE,NA,NA,"<= day","daily",NA,NA,NA
"2012-12-29",1061.75,FALSE,NA,NA,"<= day","daily",NA,NA,NA
"2012-12-30",1063.688,FALSE,NA,NA,"<= day","daily",NA,NA,NA
"2012-12-31",1033.354,FALSE,NA,NA,"<= day","daily",NA,NA,NA
"2013-01-01",1010.948,FALSE,NA,NA,"<= day","daily",NA,NA,NA
"2013-01-02",996.406,FALSE,NA,NA,"<= day","daily",NA,NA,NA
"2013-01-03",960.25,FALSE,NA,NA,"<= day","daily",NA,NA,NA
"2013-01-04",927.021,FALSE,NA,NA,"<= day","daily",NA,NA,NA
"2013-01-05",884.917,FALSE,NA,NA,"<= day","daily",NA,NA,NA
"2013-01-06",847.104,FALSE,NA,NA,"<= day","daily",NA,NA,NA
"2013-01-07",844.75,FALSE,NA,NA,"<= day","daily",NA,NA,NA
"2013-01-08",818.771,FALSE,NA,NA,"<= day","daily",NA,NA,NA
"2013-01-09",802.167,FALSE,NA,NA,"<= day","daily",NA,NA,NA
"2013-01-10",800,FALSE,NA,NA,"<= day","daily",NA,NA,NA
"2013-01-11",800,FALSE,NA,NA,"<= day","daily",NA,NA,NA
"2013-01-12",798.052,FALSE,NA,NA,"<= day","daily",NA,NA,NA
"2013-01-13",787.135,FALSE,NA,NA,"<= day","daily",NA,NA,NA
"2013-01-14",792.594,FALSE,NA,NA,"<= day","daily",NA,NA,NA
"2013-01-15",765.75,FALSE,NA,NA,"<= day","daily",NA,NA,NA
"2013-01-16",751.917,FALSE,NA,NA,"<= day","daily",NA,NA,NA
"2013-01-17",745.302,FALSE,NA,NA,"<= day","daily",NA,NA,NA
"2013-01-18",736.656,FALSE,NA,NA,"<= day","daily",NA,NA,NA
"2013-01-19",741.438,FALSE,NA,NA,"<= day","daily",NA,NA,NA
"2013-01-20",738.458,FALSE,NA,NA,"<= day","daily",NA,NA,NA
"2013-01-21",722.667,FALSE,NA,NA,"<= day","daily",NA,NA,NA
"2013-01-22",703.115,FALSE,NA,NA,"<= day","daily",NA,NA,NA
"2013-01-23",700,FALSE,NA,NA,"<= day","daily",NA,NA,NA
"2013-01-24",698.625,FALSE,NA,NA,"<= day","daily",NA,NA,NA
"2013-01-25",689.167,FALSE,NA,NA,"<= day","daily",NA,NA,NA
"2013-01-26",683.625,FALSE,NA,NA,"<= day","daily",NA,NA,NA
"2013-01-27",677.656,FALSE,NA,NA,"<= day","daily",NA,NA,NA
"2013-01-28",679.75,FALSE,NA,NA,"<= day","daily",NA,NA,NA
"2013-01-29",678.969,FALSE,NA,NA,"<= day","daily",NA,NA,NA
"2013-01-30",700.052,FALSE,NA,NA,"<= day","daily",NA,NA,NA
"2013-01-31",745.979,FALSE,NA,NA,"<= day","daily",NA,NA,NA
"2013-02-01",773.115,FALSE,NA,NA,"<= day","daily",NA,NA,NA
"2013-02-02",952.281,FALSE,NA,NA,"<= day","daily",NA,NA,NA
"2013-02-03",1050.469,FALSE,NA,NA,"<= day","daily",NA,NA,NA
"2013-02-04",1035.323,FALSE,NA,NA,"<= day","daily",NA,NA,NA
"2013-02-05",1004.74,FALSE,NA,NA,"<= day","daily",NA,NA,NA
"2013-02-06",1000,FALSE,NA,NA,"<= day","daily",NA,NA,NA
"2013-02-07",998.396,FALSE,NA,NA,"<= day","daily",NA,NA,NA
"2013-02-08",986.062,FALSE,NA,NA,"<= day","daily",NA,NA,NA
"2013-02-09",971.021,FALSE,NA,NA,"<= day","daily",NA,NA,NA
"2013-02-10",959.406,FALSE,NA,NA,"<= day","daily",NA,NA,NA
"2013-02-11",944.729,FALSE,NA,NA,"<= day","daily",NA,NA,NA
"2013-02-12",937.417,FALSE,NA,NA,"<= day","daily",NA,NA,NA
"2013-02-13",923.219,FALSE,NA,NA,"<= day","daily",NA,NA,NA
"2013-02-14",885.969,FALSE,NA,NA,"<= day","daily",NA,NA,NA
"2013-02-15",867.479,FALSE,NA,NA,"<= day","daily",NA,NA,NA
"2013-02-16",840.542,FALSE,NA,NA,"<= day","daily",NA,NA,NA
"2013-02-17",840.594,FALSE,NA,NA,"<= day","daily",NA,NA,NA
"2013-02-18",838.542,FALSE,NA,NA,"<= day","daily",NA,NA,NA
"2013-02-19",838.688,FALSE,NA,NA,"<= day","daily",NA,NA,NA
"2013-02-20",843.302,FALSE,NA,NA,"<= day","daily",NA,NA,NA
"2013-02-21",843.833,FALSE,NA,NA,"<= day","daily",NA,NA,NA
"2013-02-22",836.302,FALSE,NA,NA,"<= day","daily",NA,NA,NA
"2013-02-23",827.594,FALSE,NA,NA,"<= day","daily",NA,NA,NA
"2013-02-24",815.042,FALSE,NA,NA,"<= day","daily",NA,NA,NA
"2013-02-25",802.031,FALSE,NA,NA,"<= day","daily",NA,NA,NA
"2013-02-26",799.771,FALSE,NA,NA,"<= day","daily",NA,NA,NA
"2013-02-27",798.5,FALSE,NA,NA,"<= day","daily",NA,NA,NA
"2013-02-28",799.729,FALSE,NA,NA,"<= day","daily",NA,NA,NA
"2013-03-01",800,FALSE,NA,NA,"<= day","daily",NA,NA,NA
"2013-03-02",800,FALSE,NA,NA,"<= day","daily",NA,NA,NA
"2013-03-03",799.771,FALSE,NA,NA,"<= day","daily",NA,NA,NA
"2013-03-04",798.385,FALSE,NA,NA,"<= day","daily",NA,NA,NA
"2013-03-05",798.979,FALSE,NA,NA,"<= day","daily",NA,NA,NA
"2013-03-06",799.865,FALSE,NA,NA,"<= day","daily",NA,NA,NA
"2013-03-07",808.021,FALSE,NA,NA,"<= day","daily",NA,NA,NA
"2013-03-08",859.146,FALSE,NA,NA,"<= day","daily",NA,NA,NA
"2013-03-09",858.479,FALSE,NA,NA,"<= day","daily",NA,NA,NA
"2013-03-10",848.438,FALSE,NA,NA,"<= day","daily",NA,NA,NA
"2013-03-11",841.427,FALSE,NA,NA,"<= day","daily",NA,NA,NA
"2013-03-12",841.677,FALSE,NA,NA,"<= day","daily",NA,NA,NA
"2013-03-13",834.594,FALSE,NA,NA,"<= day","daily",NA,NA,NA
"2013-03-14",821.24,FALSE,NA,NA,"<= day","daily",NA,NA,NA
"2013-03-15",802.979,FALSE,NA,NA,"<= day","daily",NA,NA,NA
"2013-03-16",800,FALSE,NA,NA,"<= day","daily",NA,NA,NA
"2013-03-17",800.917,FALSE,NA,NA,"<= day","daily",NA,NA,NA
"2013-03-18",810.583,FALSE,NA,NA,"<= day","daily",NA,NA,NA
"2013-03-19",834.865,FALSE,NA,NA,"<= day","daily",NA,NA,NA
"2013-03-20",828.792,FALSE,NA,NA,"<= day","daily",NA,NA,NA
"2013-03-21",792.031,FALSE,NA,NA,"<= day","daily",NA,NA,NA
"2013-03-22",772.438,FALSE,NA,NA,"<= day","daily",NA,NA,NA
"2013-03-23",768.969,FALSE,NA,NA,"<= day","daily",NA,NA,NA
"2013-03-24",764.052,FALSE,NA,NA,"<= day","daily",NA,NA,NA
"2013-03-25",773.344,FALSE,NA,NA,"<= day","daily",NA,NA,NA
"2013-03-26",764.958,FALSE,NA,NA,"<= day","daily",NA,NA,NA
"2013-03-27",757.604,FALSE,NA,NA,"<= day","daily",NA,NA,NA
"2013-03-28",757.5,FALSE,NA,NA,"<= day","daily",NA,NA,NA
"2013-03-29",777.573,FALSE,NA,NA,"<= day","daily",NA,NA,NA
"2013-03-30",782.5,FALSE,NA,NA,"<= day","daily",NA,NA,NA
"2013-03-31",781.271,FALSE,NA,NA,"<= day","daily",NA,NA,NA
"2013-04-01",781.115,FALSE,NA,NA,"<= day","daily",NA,NA,NA
"2013-04-02",780.26,FALSE,NA,NA,"<= day","daily",NA,NA,NA
"2013-04-03",770.354,FALSE,NA,NA,"<= day","daily",NA,NA,NA
"2013-04-04",770.771,FALSE,NA,NA,"<= day","daily",NA,NA,NA
"2013-04-05",764.062,FALSE,NA,NA,"<= day","daily",NA,NA,NA
"2013-04-06",745.135,FALSE,NA,NA,"<= day","daily",NA,NA,NA
"2013-04-07",739.99,FALSE,NA,NA,"<= day","daily",NA,NA,NA
"2013-04-08",734.417,FALSE,NA,NA,"<= day","daily",NA,NA,NA
"2013-04-09",744.271,FALSE,NA,NA,"<= day","daily",NA,NA,NA
"2013-04-10",734.229,FALSE,NA,NA,"<= day","daily",NA,NA,NA
"2013-04-11",750.427,FALSE,NA,NA,"<= day","daily",NA,NA,NA
"2013-04-12",766.406,FALSE,NA,NA,"<= day","daily",NA,NA,NA
"2013-04-13",749.302,FALSE,NA,NA,"<= day","daily",NA,NA,NA
"2013-04-14",732.958,FALSE,NA,NA,"<= day","daily",NA,NA,NA
"2013-04-15",726.917,FALSE,NA,NA,"<= day","daily",NA,NA,NA
"2013-04-16",716.76,FALSE,NA,NA,"<= day","daily",NA,NA,NA
"2013-04-17",713.74,FALSE,NA,NA,"<= day","daily",NA,NA,NA
"2013-04-18",706.062,FALSE,NA,NA,"<= day","daily",NA,NA,NA
"2013-04-19",707.292,FALSE,NA,NA,"<= day","daily",NA,NA,NA
"2013-04-20",701.219,FALSE,NA,NA,"<= day","daily",NA,NA,NA
"2013-04-21",700,FALSE,NA,NA,"<= day","daily",NA,NA,NA
"2013-04-22",700,FALSE,NA,NA,"<= day","daily",NA,NA,NA
"2013-04-23",700,FALSE,NA,NA,"<= day","daily",NA,NA,NA
"2013-04-24",700,FALSE,NA,NA,"<= day","daily",NA,NA,NA
"2013-04-25",700,FALSE,NA,NA,"<= day","daily",NA,NA,NA
"2013-04-26",710.427,FALSE,NA,NA,"<= day","daily",NA,NA,NA
"2013-04-27",786.354,FALSE,NA,NA,"<= day","daily",NA,NA,NA
"2013-04-28",845.146,FALSE,NA,NA,"<= day","daily",NA,NA,NA
"2013-04-29",821.448,FALSE,NA,NA,"<= day","daily",NA,NA,NA
"2013-04-30",763.333,FALSE,NA,NA,"<= day","daily",NA,NA,NA
"2013-05-01",746.01,FALSE,NA,NA,"<= day","daily",NA,NA,NA
"2013-05-02",740.573,FALSE,NA,NA,"<= day","daily",NA,NA,NA
"2013-05-03",732.292,FALSE,NA,NA,"<= day","daily",NA,NA,NA
"2013-05-04",755.177,FALSE,NA,NA,"<= day","daily",NA,NA,NA
"2013-05-05",747.76,FALSE,NA,NA,"<= day","daily",NA,NA,NA
"2013-05-06",775.271,FALSE,NA,NA,"<= day","daily",NA,NA,NA
"2013-05-07",953.375,FALSE,NA,NA,"<= day","daily",NA,NA,NA
"2013-05-08",993.062,FALSE,NA,NA,"<= day","daily",NA,NA,NA
"2013-05-09",955.833,FALSE,NA,NA,"<= day","daily",NA,NA,NA
"2013-05-10",923.615,FALSE,NA,NA,"<= day","daily",NA,NA,NA
"2013-05-11",903.906,FALSE,NA,NA,"<= day","daily",NA,NA,NA
"2013-05-12",874.073,FALSE,NA,NA,"<= day","daily",NA,NA,NA
"2013-05-13",862.229,FALSE,NA,NA,"<= day","daily",NA,NA,NA
"2013-05-14",849.573,FALSE,NA,NA,"<= day","daily",NA,NA,NA
"2013-05-15",850.042,FALSE,NA,NA,"<= day","daily",NA,NA,NA
"2013-05-16",882.979,FALSE,NA,NA,"<= day","daily",NA,NA,NA
"2013-05-17",869.312,FALSE,NA,NA,"<= day","daily",NA,NA,NA
"2013-05-18",839.125,FALSE,NA,NA,"<= day","daily",NA,NA,NA
"2013-05-19",813.562,FALSE,NA,NA,"<= day","daily",NA,NA,NA
"2013-05-20",808.042,FALSE,NA,NA,"<= day","daily",NA,NA,NA
"2013-05-21",804.552,FALSE,NA,NA,"<= day","daily",NA,NA,NA
"2013-05-22",792.229,FALSE,NA,NA,"<= day","daily",NA,NA,NA
"2013-05-23",782.885,FALSE,NA,NA,"<= day","daily",NA,NA,NA
"2013-05-24",766.719,FALSE,NA,NA,"<= day","daily",NA,NA,NA
"2013-05-25",753.49,FALSE,NA,NA,"<= day","daily",NA,NA,NA
"2013-05-26",754.344,FALSE,NA,NA,"<= day","daily",NA,NA,NA
"2013-05-27",752.99,FALSE,NA,NA,"<= day","daily",NA,NA,NA
"2013-05-28",746.271,FALSE,NA,NA,"<= day","daily",NA,NA,NA
"2013-05-29",750.917,FALSE,NA,NA,"<= day","daily",NA,NA,NA
"2013-05-30",758.76,FALSE,NA,NA,"<= day","daily",NA,NA,NA
"2013-05-31",827.875,FALSE,NA,NA,"<= day","daily",NA,NA,NA
"2013-06-01",1016.833,FALSE,NA,NA,"<= day","daily",NA,NA,NA
"2013-06-02",1165.01,FALSE,NA,NA,"<= day","daily",NA,NA,NA
"2013-06-03",1182.281,FALSE,NA,NA,"<= day","daily",NA,NA,NA
"2013-06-04",1170.281,FALSE,NA,NA,"<= day","daily",NA,NA,NA
"2013-06-05",1144.01,FALSE,NA,NA,"<= day","daily",NA,NA,NA
"2013-06-06",1111.917,FALSE,NA,NA,"<= day","daily",NA,NA,NA
"2013-06-07",1080.99,FALSE,NA,NA,"<= day","daily",NA,NA,NA
"2013-06-08",1053.385,FALSE,NA,NA,"<= day","daily",NA,NA,NA
"2013-06-09",1029.719,FALSE,NA,NA,"<= day","daily",NA,NA,NA
"2013-06-10",998.385,FALSE,NA,NA,"<= day","daily",NA,NA,NA
"2013-06-11",981.354,FALSE,NA,NA,"<= day","daily",NA,NA,NA
"2013-06-12",960.406,FALSE,NA,NA,"<= day","daily",NA,NA,NA
"2013-06-13",934.26,FALSE,NA,NA,"<= day","daily",NA,NA,NA
"2013-06-14",924.26,FALSE,NA,NA,"<= day","daily",NA,NA,NA
"2013-06-15",916.635,FALSE,NA,NA,"<= day","daily",NA,NA,NA
"2013-06-16",898.135,FALSE,NA,NA,"<= day","daily",NA,NA,NA
"2013-06-17",871.917,FALSE,NA,NA,"<= day","daily",NA,NA,NA
"2013-06-18",860.01,FALSE,NA,NA,"<= day","daily",NA,NA,NA
"2013-06-19",854.688,FALSE,NA,NA,"<= day","daily",NA,NA,NA
"2013-06-20",847.615,FALSE,NA,NA,"<= day","daily",NA,NA,NA
"2013-06-21",871.573,FALSE,NA,NA,"<= day","daily",NA,NA,NA
"2013-06-22",848.562,FALSE,NA,NA,"<= day","daily",NA,NA,NA
"2013-06-23",827.281,FALSE,NA,NA,"<= day","daily",NA,NA,NA
"2013-06-24",808.792,FALSE,NA,NA,"<= day","daily",NA,NA,NA
"2013-06-25",799.51,FALSE,NA,NA,"<= day","daily",NA,NA,NA
"2013-06-26",793.302,FALSE,NA,NA,"<= day","daily",NA,NA,NA
"2013-06-27",781.906,FALSE,NA,NA,"<= day","daily",NA,NA,NA
"2013-06-28",768.573,FALSE,NA,NA,"<= day","daily",NA,NA,NA
"2013-06-29",763.083,FALSE,NA,NA,"<= day","daily",NA,NA,NA
"2013-06-30",757.594,FALSE,NA,NA,"<= day","daily",NA,NA,NA
"2013-07-01",744.302,FALSE,NA,NA,"<= day","daily",NA,NA,NA
"2013-07-02",742.229,FALSE,NA,NA,"<= day","daily",NA,NA,NA
"2013-07-03",743.156,FALSE,NA,NA,"<= day","daily",NA,NA,NA
"2013-07-04",737.271,FALSE,NA,NA,"<= day","daily",NA,NA,NA
"2013-07-05",718.896,FALSE,NA,NA,"<= day","daily",NA,NA,NA
"2013-07-06",703.073,FALSE,NA,NA,"<= day","daily",NA,NA,NA
"2013-07-07",697.323,FALSE,NA,NA,"<= day","daily",NA,NA,NA
"2013-07-08",683.844,FALSE,NA,NA,"<= day","daily",NA,NA,NA
"2013-07-09",678.542,FALSE,NA,NA,"<= day","daily",NA,NA,NA
"2013-07-10",678.229,FALSE,NA,NA,"<= day","daily",NA,NA,NA
"2013-07-11",678.927,FALSE,NA,NA,"<= day","daily",NA,NA,NA
"2013-07-12",673.719,FALSE,NA,NA,"<= day","daily",NA,NA,NA
"2013-07-13",670.24,FALSE,NA,NA,"<= day","daily",NA,NA,NA
"2013-07-14",662.417,FALSE,NA,NA,"<= day","daily",NA,NA,NA
"2013-07-15",654.115,FALSE,NA,NA,"<= day","daily",NA,NA,NA
"2013-07-16",641.052,FALSE,NA,NA,"<= day","daily",NA,NA,NA
"2013-07-17",637.448,FALSE,NA,NA,"<= day","daily",NA,NA,NA
"2013-07-18",631.323,FALSE,NA,NA,"<= day","daily",NA,NA,NA
"2013-07-19",620.188,FALSE,NA,NA,"<= day","daily",NA,NA,NA
"2013-07-20",615.365,FALSE,NA,NA,"<= day","daily",NA,NA,NA
"2013-07-21",618.042,FALSE,NA,NA,"<= day","daily",NA,NA,NA
"2013-07-22",610.667,FALSE,NA,NA,"<= day","daily",NA,NA,NA
"2013-07-23",609.167,FALSE,NA,NA,"<= day","daily",NA,NA,NA
"2013-07-24",633.875,FALSE,NA,NA,"<= day","daily",NA,NA,NA
"2013-07-25",618.948,FALSE,NA,NA,"<= day","daily",NA,NA,NA
"2013-07-26",612.594,FALSE,NA,NA,"<= day","daily",NA,NA,NA
"2013-07-27",620.208,FALSE,NA,NA,"<= day","daily",NA,NA,NA
"2013-07-28",659.438,FALSE,NA,NA,"<= day","daily",NA,NA,NA
"2013-07-29",820.635,FALSE,NA,NA,"<= day","daily",NA,NA,NA
"2013-07-30",876.438,FALSE,NA,NA,"<= day","daily",NA,NA,NA
"2013-07-31",759.302,FALSE,NA,NA,"<= day","daily",NA,NA,NA
"2013-08-01",656.375,FALSE,NA,NA,"<= day","daily",NA,NA,NA
"2013-08-02",621.49,FALSE,NA,NA,"<= day","daily",NA,NA,NA
"2013-08-03",611.448,FALSE,NA,NA,"<= day","daily",NA,NA,NA
"2013-08-04",608.292,FALSE,NA,NA,"<= day","daily",NA,NA,NA
"2013-08-05",586.635,FALSE,NA,NA,"<= day","daily",NA,NA,NA
"2013-08-06",587.927,FALSE,NA,NA,"<= day","daily",NA,NA,NA
"2013-08-07",601.854,FALSE,NA,NA,"<= day","daily",NA,NA,NA
"2013-08-08",622.896,FALSE,NA,NA,"<= day","daily",NA,NA,NA
"2013-08-09",627.802,FALSE,NA,NA,"<= day","daily",NA,NA,NA
"2013-08-10",589.073,FALSE,NA,NA,"<= day","daily",NA,NA,NA
"2013-08-11",569.135,FALSE,NA,NA,"<= day","daily",NA,NA,NA
"2013-08-12",560.104,FALSE,NA,NA,"<= day","daily",NA,NA,NA
"2013-08-13",558.021,FALSE,NA,NA,"<= day","daily",NA,NA,NA
"2013-08-14",554.844,FALSE,NA,NA,"<= day","daily",NA,NA,NA
"2013-08-15",537.188,FALSE,NA,NA,"<= day","daily",NA,NA,NA
"2013-08-16",515.917,FALSE,NA,NA,"<= day","daily",NA,NA,NA
"2013-08-17",499.667,FALSE,NA,NA,"<= day","daily",NA,NA,NA
"2013-08-18",499.188,FALSE,NA,NA,"<= day","daily",NA,NA,NA
"2013-08-19",501.771,FALSE,NA,NA,"<= day","daily",NA,NA,NA
"2013-08-20",498.042,FALSE,NA,NA,"<= day","daily",NA,NA,NA
"2013-08-21",496.781,FALSE,NA,NA,"<= day","daily",NA,NA,NA
"2013-08-22",485.906,FALSE,NA,NA,"<= day","daily",NA,NA,NA
"2013-08-23",493.646,FALSE,NA,NA,"<= day","daily",NA,NA,NA
"2013-08-24",497.01,FALSE,NA,NA,"<= day","daily",NA,NA,NA
"2013-08-25",524.917,FALSE,NA,NA,"<= day","daily",NA,NA,NA
"2013-08-26",522.885,FALSE,NA,NA,"<= day","daily",NA,NA,NA
"2013-08-27",505.229,FALSE,NA,NA,"<= day","daily",NA,NA,NA
"2013-08-28",480.417,FALSE,NA,NA,"<= day","daily",NA,NA,NA
"2013-08-29",467.969,FALSE,NA,NA,"<= day","daily",NA,NA,NA
"2013-08-30",466.417,FALSE,NA,NA,"<= day","daily",NA,NA,NA
"2013-08-31",452.802,FALSE,NA,NA,"<= day","daily",NA,NA,NA
"2013-09-01",450.24,FALSE,NA,NA,"<= day","daily",NA,NA,NA
"2013-09-02",440.417,FALSE,NA,NA,"<= day","daily",NA,NA,NA
"2013-09-03",437.667,FALSE,NA,NA,"<= day","daily",NA,NA,NA
"2013-09-04",444.594,FALSE,NA,NA,"<= day","daily",NA,NA,NA
"2013-09-05",440.312,FALSE,NA,NA,"<= day","daily",NA,NA,NA
"2013-09-06",443.365,FALSE,NA,NA,"<= day","daily",NA,NA,NA
"2013-09-07",487.927,FALSE,NA,NA,"<= day","daily",NA,NA,NA
"2013-09-08",658.073,FALSE,NA,NA,"<= day","daily",NA,NA,NA
"2013-09-09",614.24,FALSE,NA,NA,"<= day","daily",NA,NA,NA
"2013-09-10",530.823,FALSE,NA,NA,"<= day","daily",NA,NA,NA
"2013-09-11",508.333,FALSE,NA,NA,"<= day","daily",NA,NA,NA
"2013-09-12",561.521,FALSE,NA,NA,"<= day","daily",NA,NA,NA
"2013-09-13",616.469,FALSE,NA,NA,"<= day","daily",NA,NA,NA
"2013-09-14",540.188,FALSE,NA,NA,"<= day","daily",NA,NA,NA
"2013-09-15",505.062,FALSE,NA,NA,"<= day","daily",NA,NA,NA
"2013-09-16",498.312,FALSE,NA,NA,"<= day","daily",NA,NA,NA
"2013-09-17",496.385,FALSE,NA,NA,"<= day","daily",NA,NA,NA
"2013-09-18",497.323,FALSE,NA,NA,"<= day","daily",NA,NA,NA
"2013-09-19",498.052,FALSE,NA,NA,"<= day","daily",NA,NA,NA
"2013-09-20",479.75,FALSE,NA,NA,"<= day","daily",NA,NA,NA
"2013-09-21",456.427,FALSE,NA,NA,"<= day","daily",NA,NA,NA
"2013-09-22",450.469,FALSE,NA,NA,"<= day","daily",NA,NA,NA
"2013-09-23",445.406,FALSE,NA,NA,"<= day","daily",NA,NA,NA
"2013-09-24",446.427,FALSE,NA,NA,"<= day","daily",NA,NA,NA
"2013-09-25",439.646,FALSE,NA,NA,"<= day","daily",NA,NA,NA
"2013-09-26",435.135,FALSE,NA,NA,"<= day","daily",NA,NA,NA
"2013-09-27",437.458,FALSE,NA,NA,"<= day","daily",NA,NA,NA
"2013-09-28",438.688,FALSE,NA,NA,"<= day","daily",NA,NA,NA
"2013-09-29",442.5,FALSE,NA,NA,"<= day","daily",NA,NA,NA
"2013-09-30",438.01,FALSE,NA,NA,"<= day","daily",NA,NA,NA
"2013-10-01",433.552,FALSE,NA,NA,"<= day","daily",NA,NA,NA
"2013-10-02",441.844,FALSE,NA,NA,"<= day","daily",NA,NA,NA
"2013-10-03",435.604,FALSE,NA,NA,"<= day","daily",NA,NA,NA
"2013-10-04",441.625,FALSE,NA,NA,"<= day","daily",NA,NA,NA
"2013-10-05",484.865,FALSE,NA,NA,"<= day","daily",NA,NA,NA
"2013-10-06",480.542,FALSE,NA,NA,"<= day","daily",NA,NA,NA
"2013-10-07",446.542,FALSE,NA,NA,"<= day","daily",NA,NA,NA
"2013-10-08",432.781,FALSE,NA,NA,"<= day","daily",NA,NA,NA
"2013-10-09",431,FALSE,NA,NA,"<= day","daily",NA,NA,NA
"2013-10-10",452.76,FALSE,NA,NA,"<= day","daily",NA,NA,NA
"2013-10-11",457.75,FALSE,NA,NA,"<= day","daily",NA,NA,NA
"2013-10-12",434.917,FALSE,NA,NA,"<= day","daily",NA,NA,NA
"2013-10-13",430,FALSE,NA,NA,"<= day","daily",NA,NA,NA
"2013-10-14",465.5,FALSE,NA,NA,"<= day","daily",NA,NA,NA
"2013-10-17",476.375,FALSE,NA,NA,"<= day","daily",NA,NA,NA
"2013-10-18",449.115,FALSE,NA,NA,"<= day","daily",NA,NA,NA
"2013-10-19",441.854,FALSE,NA,NA,"<= day","daily",NA,NA,NA
"2013-10-20",462.875,FALSE,NA,NA,"<= day","daily",NA,NA,NA
"2013-10-21",505.031,FALSE,NA,NA,"<= day","daily",NA,NA,NA
"2013-10-22",452.229,FALSE,NA,NA,"<= day","daily",NA,NA,NA
"2013-10-23",432.844,FALSE,NA,NA,"<= day","daily",NA,NA,NA
"2013-10-24",442.323,FALSE,NA,NA,"<= day","daily",NA,NA,NA
"2013-10-25",435.281,FALSE,NA,NA,"<= day","daily",NA,NA,NA
"2013-10-26",431.406,FALSE,NA,NA,"<= day","daily",NA,NA,NA
"2013-10-27",431.917,FALSE,NA,NA,"<= day","daily",NA,NA,NA
"2013-10-28",437.688,FALSE,NA,NA,"<= day","daily",NA,NA,NA
"2013-10-29",436.583,FALSE,NA,NA,"<= day","daily",NA,NA,NA
"2013-10-30",432.615,FALSE,NA,NA,"<= day","daily",NA,NA,NA
"2013-10-31",435.792,FALSE,NA,NA,"<= day","daily",NA,NA,NA
"2013-11-01",429.979,FALSE,NA,NA,"<= day","daily",NA,NA,NA
"2013-11-02",441.792,FALSE,NA,NA,"<= day","daily",NA,NA,NA
"2013-11-03",466.229,FALSE,NA,NA,"<= day","daily",NA,NA,NA
"2013-11-04",464.615,FALSE,NA,NA,"<= day","daily",NA,NA,NA
"2013-11-05",449.865,FALSE,NA,NA,"<= day","daily",NA,NA,NA
"2013-11-06",443.792,FALSE,NA,NA,"<= day","daily",NA,NA,NA
"2013-11-07",444.094,FALSE,NA,NA,"<= day","daily",NA,NA,NA
"2013-11-08",446.875,FALSE,NA,NA,"<= day","daily",NA,NA,NA
"2013-11-09",459.802,FALSE,NA,NA,"<= day","daily",NA,NA,NA
"2013-11-10",512.094,FALSE,NA,NA,"<= day","daily",NA,NA,NA
"2013-11-11",619.344,FALSE,NA,NA,"<= day","daily",NA,NA,NA
"2013-11-12",564.26,FALSE,NA,NA,"<= day","daily",NA,NA,NA
"2013-11-13",540.604,FALSE,NA,NA,"<= day","daily",NA,NA,NA
"2013-11-14",520.104,FALSE,NA,NA,"<= day","daily",NA,NA,NA
"2013-11-15",508.208,FALSE,NA,NA,"<= day","daily",NA,NA,NA
"2013-11-16",499.469,FALSE,NA,NA,"<= day","daily",NA,NA,NA
"2013-11-17",499.896,FALSE,NA,NA,"<= day","daily",NA,NA,NA
"2013-11-18",505.979,FALSE,NA,NA,"<= day","daily",NA,NA,NA
"2013-11-19",510.771,FALSE,NA,NA,"<= day","daily",NA,NA,NA
"2013-11-20",565.74,FALSE,NA,NA,"<= day","daily",NA,NA,NA
"2013-11-21",563.823,FALSE,NA,NA,"<= day","daily",NA,NA,NA
"2013-11-22",564.562,FALSE,NA,NA,"<= day","daily",NA,NA,NA
"2013-11-23",594.354,FALSE,NA,NA,"<= day","daily",NA,NA,NA
"2013-11-24",576.51,FALSE,NA,NA,"<= day","daily",NA,NA,NA
"2013-11-25",567.125,FALSE,NA,NA,"<= day","daily",NA,NA,NA
"2013-11-26",561.812,FALSE,NA,NA,"<= day","daily",NA,NA,NA
"2013-11-27",560.885,FALSE,NA,NA,"<= day","daily",NA,NA,NA
"2013-11-28",558.99,FALSE,NA,NA,"<= day","daily",NA,NA,NA
"2013-11-29",552.844,FALSE,NA,NA,"<= day","daily",NA,NA,NA
"2013-11-30",560.323,FALSE,NA,NA,"<= day","daily",NA,NA,NA
"2013-12-01",556.083,FALSE,NA,NA,"<= day","daily",NA,NA,NA
"2013-12-02",554.312,FALSE,NA,NA,"<= day","daily",NA,NA,NA
"2013-12-03",549.812,FALSE,NA,NA,"<= day","daily",NA,NA,NA
"2013-12-04",549,FALSE,NA,NA,"<= day","daily",NA,NA,NA
"2013-12-05",548.656,FALSE,NA,NA,"<= day","daily",NA,NA,NA
"2013-12-06",545.948,FALSE,NA,NA,"<= day","daily",NA,NA,NA
"2013-12-07",539.219,FALSE,NA,NA,"<= day","daily",NA,NA,NA
"2013-12-08",516.354,FALSE,NA,NA,"<= day","daily",NA,NA,NA
"2013-12-09",507.875,FALSE,NA,NA,"<= day","daily",NA,NA,NA
"2013-12-10",502.062,FALSE,NA,NA,"<= day","daily",NA,NA,NA
"2013-12-11",502.438,FALSE,NA,NA,"<= day","daily",NA,NA,NA
"2013-12-12",506.208,FALSE,NA,NA,"<= day","daily",NA,NA,NA
"2013-12-13",506.021,FALSE,NA,NA,"<= day","daily",NA,NA,NA
"2013-12-14",503.875,FALSE,NA,NA,"<= day","daily",NA,NA,NA
"2013-12-15",495.948,FALSE,NA,NA,"<= day","daily",NA,NA,NA
"2013-12-16",497.229,FALSE,NA,NA,"<= day","daily",NA,NA,NA
"2013-12-17",496.615,FALSE,NA,NA,"<= day","daily",NA,NA,NA
"2013-12-18",498.479,FALSE,NA,NA,"<= day","daily",NA,NA,NA
"2013-12-19",497.333,FALSE,NA,NA,"<= day","daily",NA,NA,NA
"2013-12-20",491.49,FALSE,NA,NA,"<= day","daily",NA,NA,NA
"2013-12-21",488,FALSE,NA,NA,"<= day","daily",NA,NA,NA
"2013-12-22",491.26,FALSE,NA,NA,"<= day","daily",NA,NA,NA
"2013-12-23",495.562,FALSE,NA,NA,"<= day","daily",NA,NA,NA
"2013-12-24",490.542,FALSE,NA,NA,"<= day","daily",NA,NA,NA
"2013-12-25",541.146,FALSE,NA,NA,"<= day","daily",NA,NA,NA
"2013-12-26",741.719,FALSE,NA,NA,"<= day","daily",NA,NA,NA
"2013-12-27",862.823,FALSE,NA,NA,"<= day","daily",NA,NA,NA
"2013-12-28",797.635,FALSE,NA,NA,"<= day","daily",NA,NA,NA
"2013-12-29",749.062,FALSE,NA,NA,"<= day","daily",NA,NA,NA
"2013-12-30",712.969,FALSE,NA,NA,"<= day","daily",NA,NA,NA
"2013-12-31",693.688,FALSE,NA,NA,"<= day","daily",NA,NA,NA
"2014-01-01",692.552,FALSE,NA,NA,"<= day","daily",NA,NA,NA
"2014-01-02",699.135,FALSE,NA,NA,"<= day","daily",NA,NA,NA
"2014-01-03",709.948,FALSE,NA,NA,"<= day","daily",NA,NA,NA
"2014-01-04",695.052,FALSE,NA,NA,"<= day","daily",NA,NA,NA
"2014-01-05",695.448,FALSE,NA,NA,"<= day","daily",NA,NA,NA
"2014-01-06",686.125,FALSE,NA,NA,"<= day","daily",NA,NA,NA
"2014-01-07",685.271,FALSE,NA,NA,"<= day","daily",NA,NA,NA
"2014-01-08",681.625,FALSE,NA,NA,"<= day","daily",NA,NA,NA
"2014-01-09",676.229,FALSE,NA,NA,"<= day","daily",NA,NA,NA
"2014-01-10",682.073,FALSE,NA,NA,"<= day","daily",NA,NA,NA
"2014-01-11",680.021,FALSE,NA,NA,"<= day","daily",NA,NA,NA
"2014-01-12",681.135,FALSE,NA,NA,"<= day","daily",NA,NA,NA
"2014-01-13",680.375,FALSE,NA,NA,"<= day","daily",NA,NA,NA
"2014-01-14",691.604,FALSE,NA,NA,"<= day","daily",NA,NA,NA
"2014-01-15",693.073,FALSE,NA,NA,"<= day","daily",NA,NA,NA
"2014-01-16",702.177,FALSE,NA,NA,"<= day","daily",NA,NA,NA
"2014-01-17",730.01,FALSE,NA,NA,"<= day","daily",NA,NA,NA
"2014-01-18",734.135,FALSE,NA,NA,"<= day","daily",NA,NA,NA
"2014-01-19",732.167,FALSE,NA,NA,"<= day","daily",NA,NA,NA
"2014-01-20",718.792,FALSE,NA,NA,"<= day","daily",NA,NA,NA
"2014-01-21",707.625,FALSE,NA,NA,"<= day","daily",NA,NA,NA
"2014-01-22",705.427,FALSE,NA,NA,"<= day","daily",NA,NA,NA
"2014-01-23",701.792,FALSE,NA,NA,"<= day","daily",NA,NA,NA
"2014-01-24",700.49,FALSE,NA,NA,"<= day","daily",NA,NA,NA
"2014-01-25",691.74,FALSE,NA,NA,"<= day","daily",NA,NA,NA
"2014-01-26",694.99,FALSE,NA,NA,"<= day","daily",NA,NA,NA
"2014-01-27",723.156,FALSE,NA,NA,"<= day","daily",NA,NA,NA
"2014-01-28",733.062,FALSE,NA,NA,"<= day","daily",NA,NA,NA
"2014-01-29",721.542,FALSE,NA,NA,"<= day","daily",NA,NA,NA
"2014-01-30",708.729,FALSE,NA,NA,"<= day","daily",NA,NA,NA
"2014-01-31",699.302,FALSE,NA,NA,"<= day","daily",NA,NA,NA
"2014-02-01",693.458,FALSE,NA,NA,"<= day","daily",NA,NA,NA
"2014-02-02",701.948,FALSE,NA,NA,"<= day","daily",NA,NA,NA
"2014-02-03",707.438,FALSE,NA,NA,"<= day","daily",NA,NA,NA
"2014-02-04",708.75,FALSE,NA,NA,"<= day","daily",NA,NA,NA
"2014-02-05",708.021,FALSE,NA,NA,"<= day","daily",NA,NA,NA
"2014-02-06",706.906,FALSE,NA,NA,"<= day","daily",NA,NA,NA
"2014-02-07",703.094,FALSE,NA,NA,"<= day","daily",NA,NA,NA
"2014-02-08",690.635,FALSE,NA,NA,"<= day","daily",NA,NA,NA
"2014-02-09",700.073,FALSE,NA,NA,"<= day","daily",NA,NA,NA
"2014-02-10",693.333,FALSE,NA,NA,"<= day","daily",NA,NA,NA
"2014-02-11",693.948,FALSE,NA,NA,"<= day","daily",NA,NA,NA
"2014-02-12",685.854,FALSE,NA,NA,"<= day","daily",NA,NA,NA
"2014-02-13",694.094,FALSE,NA,NA,"<= day","daily",NA,NA,NA
"2014-02-14",746.594,FALSE,NA,NA,"<= day","daily",NA,NA,NA
"2014-02-15",743.302,FALSE,NA,NA,"<= day","daily",NA,NA,NA
"2014-02-16",761.385,FALSE,NA,NA,"<= day","daily",NA,NA,NA
"2014-02-17",758.75,FALSE,NA,NA,"<= day","daily",NA,NA,NA
"2014-02-18",744.667,FALSE,NA,NA,"<= day","daily",NA,NA,NA
"2014-02-19",743.958,FALSE,NA,NA,"<= day","daily",NA,NA,NA
"2014-02-20",744.927,FALSE,NA,NA,"<= day","daily",NA,NA,NA
"2014-02-21",740.292,FALSE,NA,NA,"<= day","daily",NA,NA,NA
"2014-02-22",741.365,FALSE,NA,NA,"<= day","daily",NA,NA,NA
"2014-02-23",739.698,FALSE,NA,NA,"<= day","daily",NA,NA,NA
"2014-02-24",737.167,FALSE,NA,NA,"<= day","daily",NA,NA,NA
"2014-02-25",745.552,FALSE,NA,NA,"<= day","daily",NA,NA,NA
"2014-02-26",742.927,FALSE,NA,NA,"<= day","daily",NA,NA,NA
"2014-02-27",743.781,FALSE,NA,NA,"<= day","daily",NA,NA,NA
"2014-02-28",749.458,FALSE,NA,NA,"<= day","daily",NA,NA,NA
"2014-03-01",747.198,FALSE,NA,NA,"<= day","daily",NA,NA,NA
"2014-03-02",744.75,FALSE,NA,NA,"<= day","daily",NA,NA,NA
"2014-03-03",746.021,FALSE,NA,NA,"<= day","daily",NA,NA,NA
"2014-03-04",740.844,FALSE,NA,NA,"<= day","daily",NA,NA,NA
"2014-03-05",725.531,FALSE,NA,NA,"<= day","daily",NA,NA,NA
"2014-03-06",705.885,FALSE,NA,NA,"<= day","daily",NA,NA,NA
"2014-03-07",699.896,FALSE,NA,NA,"<= day","daily",NA,NA,NA
"2014-03-08",691.198,FALSE,NA,NA,"<= day","daily",NA,NA,NA
"2014-03-09",692.865,FALSE,NA,NA,"<= day","daily",NA,NA,NA
"2014-03-10",691.458,FALSE,NA,NA,"<= day","daily",NA,NA,NA
"2014-03-11",695.427,FALSE,NA,NA,"<= day","daily",NA,NA,NA
"2014-03-12",687.104,FALSE,NA,NA,"<= day","daily",NA,NA,NA
"2014-03-13",687.021,FALSE,NA,NA,"<= day","daily",NA,NA,NA
"2014-03-14",683.562,FALSE,NA,NA,"<= day","daily",NA,NA,NA
"2014-03-15",682.479,FALSE,NA,NA,"<= day","daily",NA,NA,NA
"2014-03-16",684.479,FALSE,NA,NA,"<= day","daily",NA,NA,NA
"2014-03-17",683.906,FALSE,NA,NA,"<= day","daily",NA,NA,NA
"2014-03-18",682.5,FALSE,NA,NA,"<= day","daily",NA,NA,NA
"2014-03-19",681.667,FALSE,NA,NA,"<= day","daily",NA,NA,NA
"2014-03-20",669.24,FALSE,NA,NA,"<= day","daily",NA,NA,NA
"2014-03-21",671.594,FALSE,NA,NA,"<= day","daily",NA,NA,NA
"2014-03-22",669.885,FALSE,NA,NA,"<= day","daily",NA,NA,NA
"2014-03-23",671.365,FALSE,NA,NA,"<= day","daily",NA,NA,NA
"2014-03-24",669.583,FALSE,NA,NA,"<= day","daily",NA,NA,NA
"2014-03-25",663.781,FALSE,NA,NA,"<= day","daily",NA,NA,NA
"2014-03-26",654.958,FALSE,NA,NA,"<= day","daily",NA,NA,NA
"2014-03-27",644.344,FALSE,NA,NA,"<= day","daily",NA,NA,NA
"2014-03-28",633.865,FALSE,NA,NA,"<= day","daily",NA,NA,NA
"2014-03-29",623.219,FALSE,NA,NA,"<= day","daily",NA,NA,NA
"2014-03-30",623.885,FALSE,NA,NA,"<= day","daily",NA,NA,NA
"2014-03-31",618.385,FALSE,NA,NA,"<= day","daily",NA,NA,NA
"2014-04-01",605,FALSE,NA,NA,"<= day","daily",NA,NA,NA
"2014-04-18",553.625,FALSE,NA,NA,"<= day","daily",NA,NA,NA
"2014-04-19",550.615,FALSE,NA,NA,"<= day","daily",NA,NA,NA
"2014-04-20",554.594,FALSE,NA,NA,"<= day","daily",NA,NA,NA
"2014-04-21",552.312,FALSE,NA,NA,"<= day","daily",NA,NA,NA
"2014-04-22",549.812,FALSE,NA,NA,"<= day","daily",NA,NA,NA
"2014-04-23",544.708,FALSE,NA,NA,"<= day","daily",NA,NA,NA
"2014-04-24",532.854,FALSE,NA,NA,"<= day","daily",NA,NA,NA
"2014-04-25",533.125,FALSE,NA,NA,"<= day","daily",NA,NA,NA
"2014-04-26",534.875,FALSE,NA,NA,"<= day","daily",NA,NA,NA
"2014-04-27",618.802,FALSE,NA,NA,"<= day","daily",NA,NA,NA
"2014-04-28",577.688,FALSE,NA,NA,"<= day","daily",NA,NA,NA
"2014-04-29",538.802,FALSE,NA,NA,"<= day","daily",NA,NA,NA
"2014-04-30",569.208,FALSE,NA,NA,"<= day","daily",NA,NA,NA
"2014-05-01",669.167,FALSE,NA,NA,"<= day","daily",NA,NA,NA
"2014-05-02",598.854,FALSE,NA,NA,"<= day","daily",NA,NA,NA
"2014-05-03",551.354,FALSE,NA,NA,"<= day","daily",NA,NA,NA
"2014-05-04",530.833,FALSE,NA,NA,"<= day","daily",NA,NA,NA
"2014-05-05",516.521,FALSE,NA,NA,"<= day","daily",NA,NA,NA
"2014-05-06",505.625,FALSE,NA,NA,"<= day","daily",NA,NA,NA
"2014-05-07",503.656,FALSE,NA,NA,"<= day","daily",NA,NA,NA
"2014-05-08",501.979,FALSE,NA,NA,"<= day","daily",NA,NA,NA
"2014-05-09",504.521,FALSE,NA,NA,"<= day","daily",NA,NA,NA
"2014-05-10",500.292,FALSE,NA,NA,"<= day","daily",NA,NA,NA
"2014-05-11",501.479,FALSE,NA,NA,"<= day","daily",NA,NA,NA
"2014-05-12",501.365,FALSE,NA,NA,"<= day","daily",NA,NA,NA
"2014-05-13",501.469,FALSE,NA,NA,"<= day","daily",NA,NA,NA
"2014-05-14",492.802,FALSE,NA,NA,"<= day","daily",NA,NA,NA
"2014-05-15",487.729,FALSE,NA,NA,"<= day","daily",NA,NA,NA
"2014-05-16",491.656,FALSE,NA,NA,"<= day","daily",NA,NA,NA
"2014-05-17",483.802,FALSE,NA,NA,"<= day","daily",NA,NA,NA
"2014-05-18",479.417,FALSE,NA,NA,"<= day","daily",NA,NA,NA
"2014-05-19",487.271,FALSE,NA,NA,"<= day","daily",NA,NA,NA
"2014-05-20",478.198,FALSE,NA,NA,"<= day","daily",NA,NA,NA
"2014-05-21",482.323,FALSE,NA,NA,"<= day","daily",NA,NA,NA
"2014-05-22",480.771,FALSE,NA,NA,"<= day","daily",NA,NA,NA
"2014-05-23",483.104,FALSE,NA,NA,"<= day","daily",NA,NA,NA
"2014-05-24",490.312,FALSE,NA,NA,"<= day","daily",NA,NA,NA
"2014-05-25",479.583,FALSE,NA,NA,"<= day","daily",NA,NA,NA
"2014-05-26",485.448,FALSE,NA,NA,"<= day","daily",NA,NA,NA
"2014-05-27",490.219,FALSE,NA,NA,"<= day","daily",NA,NA,NA
"2014-05-28",476.99,FALSE,NA,NA,"<= day","daily",NA,NA,NA
"2014-05-29",459.885,FALSE,NA,NA,"<= day","daily",NA,NA,NA
"2014-05-30",451.552,FALSE,NA,NA,"<= day","daily",NA,NA,NA
"2014-05-31",442.375,FALSE,NA,NA,"<= day","daily",NA,NA,NA
"2014-06-01",439.906,FALSE,NA,NA,"<= day","daily",NA,NA,NA
"2014-06-02",438.729,FALSE,NA,NA,"<= day","daily",NA,NA,NA
"2014-06-03",441.917,FALSE,NA,NA,"<= day","daily",NA,NA,NA
"2014-06-04",443.74,FALSE,NA,NA,"<= day","daily",NA,NA,NA
"2014-06-05",432.344,FALSE,NA,NA,"<= day","daily",NA,NA,NA
"2014-06-06",425.01,FALSE,NA,NA,"<= day","daily",NA,NA,NA
"2014-06-07",419.75,FALSE,NA,NA,"<= day","daily",NA,NA,NA
"2014-06-08",424.51,FALSE,NA,NA,"<= day","daily",NA,NA,NA
"2014-06-09",428.802,FALSE,NA,NA,"<= day","daily",NA,NA,NA
"2014-06-10",432.854,FALSE,NA,NA,"<= day","daily",NA,NA,NA
"2014-06-11",452.854,FALSE,NA,NA,"<= day","daily",NA,NA,NA
"2014-06-12",517.25,FALSE,NA,NA,"<= day","daily",NA,NA,NA
"2014-07-15",257.604,FALSE,NA,NA,"<= day","daily",NA,NA,NA
"2014-07-16",292.781,FALSE,NA,NA,"<= day","daily",NA,NA,NA
"2014-07-17",301.844,FALSE,NA,NA,"<= day","daily",NA,NA,NA
"2014-07-18",301.26,FALSE,NA,NA,"<= day","daily",NA,NA,NA
"2014-07-19",292.958,FALSE,NA,NA,"<= day","daily",NA,NA,NA
"2014-07-20",327.708,FALSE,NA,NA,"<= day","daily",NA,NA,NA
"2014-07-21",489.323,FALSE,NA,NA,"<= day","daily",NA,NA,NA
"2014-07-22",573.229,FALSE,NA,NA,"<= day","daily",NA,NA,NA
"2014-07-23",602.354,FALSE,NA,NA,"<= day","daily",NA,NA,NA
"2014-07-24",472.771,FALSE,NA,NA,"<= day","daily",NA,NA,NA
"2014-07-25",455.99,FALSE,NA,NA,"<= day","daily",NA,NA,NA
"2014-07-26",433.021,FALSE,NA,NA,"<= day","daily",NA,NA,NA
"2014-07-27",403.927,FALSE,NA,NA,"<= day","daily",NA,NA,NA
"2014-07-28",504.177,FALSE,NA,NA,"<= day","daily",NA,NA,NA
"2014-07-29",748.906,FALSE,NA,NA,"<= day","daily",NA,NA,NA
"2014-07-30",654.125,FALSE,NA,NA,"<= day","daily",NA,NA,NA
"2014-07-31",546.948,FALSE,NA,NA,"<= day","daily",NA,NA,NA
"2014-08-01",493.76,FALSE,NA,NA,"<= day","daily",NA,NA,NA
"2014-08-02",457.823,FALSE,NA,NA,"<= day","daily",NA,NA,NA
"2014-08-03",447.479,FALSE,NA,NA,"<= day","daily",NA,NA,NA
"2014-08-04",432.521,FALSE,NA,NA,"<= day","daily",NA,NA,NA
"2014-08-05",422.708,FALSE,NA,NA,"<= day","daily",NA,NA,NA
"2014-08-06",412.167,FALSE,NA,NA,"<= day","daily",NA,NA,NA
"2014-08-07",407.198,FALSE,NA,NA,"<= day","daily",NA,NA,NA
"2014-08-08",402.802,FALSE,NA,NA,"<= day","daily",NA,NA,NA
"2014-08-09",391.208,FALSE,NA,NA,"<= day","daily",NA,NA,NA
"2014-08-10",386.302,FALSE,NA,NA,"<= day","daily",NA,NA,NA
"2014-08-11",392.833,FALSE,NA,NA,"<= day","daily",NA,NA,NA
"2014-08-12",381.021,FALSE,NA,NA,"<= day","daily",NA,NA,NA
"2014-08-13",392.427,FALSE,NA,NA,"<= day","daily",NA,NA,NA
"2014-08-14",394.656,FALSE,NA,NA,"<= day","daily",NA,NA,NA
"2014-08-15",392.406,FALSE,NA,NA,"<= day","daily",NA,NA,NA
"2014-08-16",389.594,FALSE,NA,NA,"<= day","daily",NA,NA,NA
"2014-08-17",374.76,FALSE,NA,NA,"<= day","daily",NA,NA,NA
"2014-08-18",376.656,FALSE,NA,NA,"<= day","daily",NA,NA,NA
"2014-08-19",368.917,FALSE,NA,NA,"<= day","daily",NA,NA,NA
"2014-08-20",362.76,FALSE,NA,NA,"<= day","daily",NA,NA,NA
"2014-08-21",355.854,FALSE,NA,NA,"<= day","daily",NA,NA,NA
"2014-08-22",352.812,FALSE,NA,NA,"<= day","daily",NA,NA,NA
"2014-08-23",350.344,FALSE,NA,NA,"<= day","daily",NA,NA,NA
"2014-08-24",354.021,FALSE,NA,NA,"<= day","daily",NA,NA,NA
"2014-08-25",351.312,FALSE,NA,NA,"<= day","daily",NA,NA,NA
"2014-08-26",375.271,FALSE,NA,NA,"<= day","daily",NA,NA,NA
"2014-08-27",404.76,FALSE,NA,NA,"<= day","daily",NA,NA,NA
"2014-08-28",368.01,FALSE,NA,NA,"<= day","daily",NA,NA,NA
"2014-08-29",359.771,FALSE,NA,NA,"<= day","daily",NA,NA,NA
"2014-08-30",383.469,FALSE,NA,NA,"<= day","daily",NA,NA,NA
"2014-08-31",423.979,FALSE,NA,NA,"<= day","daily",NA,NA,NA
"2014-09-01",479.146,FALSE,NA,NA,"<= day","daily",NA,NA,NA
"2014-09-02",394.812,FALSE,NA,NA,"<= day","daily",NA,NA,NA
"2014-09-03",358.521,FALSE,NA,NA,"<= day","daily",NA,NA,NA
"2014-09-04",353.969,FALSE,NA,NA,"<= day","daily",NA,NA,NA
"2014-09-05",346.875,FALSE,NA,NA,"<= day","daily",NA,NA,NA
"2014-09-06",345.24,FALSE,NA,NA,"<= day","daily",NA,NA,NA
"2014-09-07",359.24,FALSE,NA,NA,"<= day","daily",NA,NA,NA
"2014-09-08",374.406,FALSE,NA,NA,"<= day","daily",NA,NA,NA
"2014-09-09",354.208,FALSE,NA,NA,"<= day","daily",NA,NA,NA
"2014-09-10",319.448,FALSE,NA,NA,"<= day","daily",NA,NA,NA
"2014-09-11",328.396,FALSE,NA,NA,"<= day","daily",NA,NA,NA
"2014-09-12",378.458,FALSE,NA,NA,"<= day","daily",NA,NA,NA
"2014-09-13",466.625,FALSE,NA,NA,"<= day","daily",NA,NA,NA
"2014-09-14",394.365,FALSE,NA,NA,"<= day","daily",NA,NA,NA
"2014-09-15",358.135,FALSE,NA,NA,"<= day","daily",NA,NA,NA
"2014-09-16",355.219,FALSE,NA,NA,"<= day","daily",NA,NA,NA
"2014-09-17",346.396,FALSE,NA,NA,"<= day","daily",NA,NA,NA
"2014-09-18",344.188,FALSE,NA,NA,"<= day","daily",NA,NA,NA
"2014-09-19",348.542,FALSE,NA,NA,"<= day","daily",NA,NA,NA
"2014-09-20",342.573,FALSE,NA,NA,"<= day","daily",NA,NA,NA
"2014-09-21",370.198,FALSE,NA,NA,"<= day","daily",NA,NA,NA
"2014-09-22",468.125,FALSE,NA,NA,"<= day","daily",NA,NA,NA
"2014-09-23",403.531,FALSE,NA,NA,"<= day","daily",NA,NA,NA
"2014-09-24",368.542,FALSE,NA,NA,"<= day","daily",NA,NA,NA
"2014-09-25",362.875,FALSE,NA,NA,"<= day","daily",NA,NA,NA
"2014-09-26",353.344,FALSE,NA,NA,"<= day","daily",NA,NA,NA
"2014-09-27",344.469,FALSE,NA,NA,"<= day","daily",NA,NA,NA
"2014-09-28",344.323,FALSE,NA,NA,"<= day","daily",NA,NA,NA
"2014-09-29",347.917,FALSE,NA,NA,"<= day","daily",NA,NA,NA
"2014-09-30",351.688,FALSE,NA,NA,"<= day","daily",NA,NA,NA
"2014-10-01",353.042,FALSE,NA,NA,"<= day","daily",NA,NA,NA
"2014-10-02",347.438,FALSE,NA,NA,"<= day","daily",NA,NA,NA
"2014-10-03",337.625,FALSE,NA,NA,"<= day","daily",NA,NA,NA
"2014-10-04",336.229,FALSE,NA,NA,"<= day","daily",NA,NA,NA
"2014-10-05",336.927,FALSE,NA,NA,"<= day","daily",NA,NA,NA
"2014-10-06",333.094,FALSE,NA,NA,"<= day","daily",NA,NA,NA
"2014-10-07",338.729,FALSE,NA,NA,"<= day","daily",NA,NA,NA
"2014-10-08",333.167,FALSE,NA,NA,"<= day","daily",NA,NA,NA
"2014-10-09",327.115,FALSE,NA,NA,"<= day","daily",NA,NA,NA
"2014-10-10",330.833,FALSE,NA,NA,"<= day","daily",NA,NA,NA
"2014-10-11",320.104,FALSE,NA,NA,"<= day","daily",NA,NA,NA
"2014-10-12",322.708,FALSE,NA,NA,"<= day","daily",NA,NA,NA
"2014-10-13",320.719,FALSE,NA,NA,"<= day","daily",NA,NA,NA
"2014-10-14",316.844,FALSE,NA,NA,"<= day","daily",NA,NA,NA
"2014-10-15",330.115,FALSE,NA,NA,"<= day","daily",NA,NA,NA
"2014-10-16",401.333,FALSE,NA,NA,"<= day","daily",NA,NA,NA
"2014-10-17",555.26,FALSE,NA,NA,"<= day","daily",NA,NA,NA
"2014-10-18",571.521,FALSE,NA,NA,"<= day","daily",NA,NA,NA
"2014-10-19",451.823,FALSE,NA,NA,"<= day","daily",NA,NA,NA
"2014-10-20",407.833,FALSE,NA,NA,"<= day","daily",NA,NA,NA
"2014-10-21",403.531,FALSE,NA,NA,"<= day","daily",NA,NA,NA
"2014-10-22",410.25,FALSE,NA,NA,"<= day","daily",NA,NA,NA
"2014-10-23",402.573,FALSE,NA,NA,"<= day","daily",NA,NA,NA
"2014-10-24",394.74,FALSE,NA,NA,"<= day","daily",NA,NA,NA
"2014-10-25",390.26,FALSE,NA,NA,"<= day","daily",NA,NA,NA
"2014-10-26",382.812,FALSE,NA,NA,"<= day","daily",NA,NA,NA
"2014-10-27",384.458,FALSE,NA,NA,"<= day","daily",NA,NA,NA
"2014-10-28",383.969,FALSE,NA,NA,"<= day","daily",NA,NA,NA
"2014-10-29",377.448,FALSE,NA,NA,"<= day","daily",NA,NA,NA
"2014-10-30",377.729,FALSE,NA,NA,"<= day","daily",NA,NA,NA
"2014-10-31",376.74,FALSE,NA,NA,"<= day","daily",NA,NA,NA
"2014-11-01",369.177,FALSE,NA,NA,"<= day","daily",NA,NA,NA
"2014-11-02",372.302,FALSE,NA,NA,"<= day","daily",NA,NA,NA
"2014-11-03",373.75,FALSE,NA,NA,"<= day","daily",NA,NA,NA
"2014-11-04",375.885,FALSE,NA,NA,"<= day","daily",NA,NA,NA
"2014-11-05",408.073,FALSE,NA,NA,"<= day","daily",NA,NA,NA
"2014-11-06",493.844,FALSE,NA,NA,"<= day","daily",NA,NA,NA
"2014-11-07",433.948,FALSE,NA,NA,"<= day","daily",NA,NA,NA
"2014-11-08",397.896,FALSE,NA,NA,"<= day","daily",NA,NA,NA
"2014-11-09",388.708,FALSE,NA,NA,"<= day","daily",NA,NA,NA
"2014-11-10",396.208,FALSE,NA,NA,"<= day","daily",NA,NA,NA
"2014-11-11",389.5,FALSE,NA,NA,"<= day","daily",NA,NA,NA
"2014-11-12",393.073,FALSE,NA,NA,"<= day","daily",NA,NA,NA
"2014-11-13",490.771,FALSE,NA,NA,"<= day","daily",NA,NA,NA
"2014-11-14",470.99,FALSE,NA,NA,"<= day","daily",NA,NA,NA
"2014-11-15",475.052,FALSE,NA,NA,"<= day","daily",NA,NA,NA
"2014-11-16",721.562,FALSE,NA,NA,"<= day","daily",NA,NA,NA
"2014-11-17",768.469,FALSE,NA,NA,"<= day","daily",NA,NA,NA
"2014-11-18",674.594,FALSE,NA,NA,"<= day","daily",NA,NA,NA
"2014-11-19",643.115,FALSE,NA,NA,"<= day","daily",NA,NA,NA
"2014-11-20",615.438,FALSE,NA,NA,"<= day","daily",NA,NA,NA
"2014-11-21",602.844,FALSE,NA,NA,"<= day","daily",NA,NA,NA
"2014-11-22",593.312,FALSE,NA,NA,"<= day","daily",NA,NA,NA
"2014-11-23",594.24,FALSE,NA,NA,"<= day","daily",NA,NA,NA
"2014-11-24",581.844,FALSE,NA,NA,"<= day","daily",NA,NA,NA
"2014-11-25",575.74,FALSE,NA,NA,"<= day","daily",NA,NA,NA
"2014-11-26",570.406,FALSE,NA,NA,"<= day","daily",NA,NA,NA
"2014-11-27",571.542,FALSE,NA,NA,"<= day","daily",NA,NA,NA
"2014-11-28",565.281,FALSE,NA,NA,"<= day","daily",NA,NA,NA
"2014-11-29",558.604,FALSE,NA,NA,"<= day","daily",NA,NA,NA
"2014-11-30",553.917,FALSE,NA,NA,"<= day","daily",NA,NA,NA
"2014-12-01",541.927,FALSE,NA,NA,"<= day","daily",NA,NA,NA
"2014-12-02",528.396,FALSE,NA,NA,"<= day","daily",NA,NA,NA
"2014-12-03",523.49,FALSE,NA,NA,"<= day","daily",NA,NA,NA
"2014-12-04",493.146,FALSE,NA,NA,"<= day","daily",NA,NA,NA
"2014-12-05",469.844,FALSE,NA,NA,"<= day","daily",NA,NA,NA
"2014-12-06",468.083,FALSE,NA,NA,"<= day","daily",NA,NA,NA
"2014-12-07",459.854,FALSE,NA,NA,"<= day","daily",NA,NA,NA
"2014-12-08",458.812,FALSE,NA,NA,"<= day","daily",NA,NA,NA
"2014-12-09",452.51,FALSE,NA,NA,"<= day","daily",NA,NA,NA
"2014-12-10",446.99,FALSE,NA,NA,"<= day","daily",NA,NA,NA
"2014-12-11",443.188,FALSE,NA,NA,"<= day","daily",NA,NA,NA
"2014-12-12",451.719,FALSE,NA,NA,"<= day","daily",NA,NA,NA
"2014-12-13",455.365,FALSE,NA,NA,"<= day","daily",NA,NA,NA
"2014-12-14",453.583,FALSE,NA,NA,"<= day","daily",NA,NA,NA
"2014-12-15",447.323,FALSE,NA,NA,"<= day","daily",NA,NA,NA
"2014-12-16",437.448,FALSE,NA,NA,"<= day","daily",NA,NA,NA
"2014-12-17",440.302,FALSE,NA,NA,"<= day","daily",NA,NA,NA
"2014-12-18",440.031,FALSE,NA,NA,"<= day","daily",NA,NA,NA
"2014-12-19",429.656,FALSE,NA,NA,"<= day","daily",NA,NA,NA
"2014-12-20",435.292,FALSE,NA,NA,"<= day","daily",NA,NA,NA
"2014-12-21",424.99,FALSE,NA,NA,"<= day","daily",NA,NA,NA
"2014-12-22",427.302,FALSE,NA,NA,"<= day","daily",NA,NA,NA
"2014-12-23",427.719,FALSE,NA,NA,"<= day","daily",NA,NA,NA
"2014-12-24",421.958,FALSE,NA,NA,"<= day","daily",NA,NA,NA
"2014-12-25",430.531,FALSE,NA,NA,"<= day","daily",NA,NA,NA
"2014-12-26",430.052,FALSE,NA,NA,"<= day","daily",NA,NA,NA
"2014-12-27",440.323,FALSE,NA,NA,"<= day","daily",NA,NA,NA
"2014-12-28",452.292,FALSE,NA,NA,"<= day","daily",NA,NA,NA
"2014-12-29",438.385,FALSE,NA,NA,"<= day","daily",NA,NA,NA
"2014-12-30",432.312,FALSE,NA,NA,"<= day","daily",NA,NA,NA
"2014-12-31",431.531,FALSE,NA,NA,"<= day","daily",NA,NA,NA
"2015-01-01",439.51,FALSE,NA,NA,"<= day","daily",NA,NA,NA
"2015-01-02",446.042,FALSE,NA,NA,"<= day","daily",NA,NA,NA
"2015-01-03",531.177,FALSE,NA,NA,"<= day","daily",NA,NA,NA
"2015-01-04",891.677,FALSE,NA,NA,"<= day","daily",NA,NA,NA
"2015-01-05",1032.729,FALSE,NA,NA,"<= day","daily",NA,NA,NA
"2015-01-06",991.49,FALSE,NA,NA,"<= day","daily",NA,NA,NA
"2015-01-07",924.75,FALSE,NA,NA,"<= day","daily",NA,NA,NA
"2015-01-08",851.656,FALSE,NA,NA,"<= day","daily",NA,NA,NA
"2015-01-09",808.99,FALSE,NA,NA,"<= day","daily",NA,NA,NA
"2015-01-10",815.625,FALSE,NA,NA,"<= day","daily",NA,NA,NA
"2015-01-11",861.51,FALSE,NA,NA,"<= day","daily",NA,NA,NA
"2015-01-12",907.438,FALSE,NA,NA,"<= day","daily",NA,NA,NA
"2015-01-13",892.083,FALSE,NA,NA,"<= day","daily",NA,NA,NA
"2015-01-14",866.75,FALSE,NA,NA,"<= day","daily",NA,NA,NA
"2015-01-15",866.385,FALSE,NA,NA,"<= day","daily",NA,NA,NA
"2015-01-16",870.312,FALSE,NA,NA,"<= day","daily",NA,NA,NA
"2015-01-17",931.562,FALSE,NA,NA,"<= day","daily",NA,NA,NA
"2015-01-18",988.594,FALSE,NA,NA,"<= day","daily",NA,NA,NA
"2015-01-19",984.375,FALSE,NA,NA,"<= day","daily",NA,NA,NA
"2015-01-20",963.917,FALSE,NA,NA,"<= day","daily",NA,NA,NA
"2015-01-21",945.031,FALSE,NA,NA,"<= day","daily",NA,NA,NA
"2015-01-22",924.323,FALSE,NA,NA,"<= day","daily",NA,NA,NA
"2015-01-23",902.344,FALSE,NA,NA,"<= day","daily",NA,NA,NA
"2015-01-24",880.281,FALSE,NA,NA,"<= day","daily",NA,NA,NA
"2015-01-25",863.677,FALSE,NA,NA,"<= day","daily",NA,NA,NA
"2015-01-26",851.073,FALSE,NA,NA,"<= day","daily",NA,NA,NA
"2015-01-27",844.927,FALSE,NA,NA,"<= day","daily",NA,NA,NA
"2015-01-28",846.125,FALSE,NA,NA,"<= day","daily",NA,NA,NA
"2015-01-29",861.156,FALSE,NA,NA,"<= day","daily",NA,NA,NA
"2015-01-30",909.583,FALSE,NA,NA,"<= day","daily",NA,NA,NA
"2015-01-31",939.021,FALSE,NA,NA,"<= day","daily",NA,NA,NA
"2015-02-01",935.594,FALSE,NA,NA,"<= day","daily",NA,NA,NA
"2015-02-02",923.615,FALSE,NA,NA,"<= day","daily",NA,NA,NA
"2015-02-03",912.635,FALSE,NA,NA,"<= day","daily",NA,NA,NA
"2015-02-04",898.885,FALSE,NA,NA,"<= day","daily",NA,NA,NA
"2015-02-05",887.521,FALSE,NA,NA,"<= day","daily",NA,NA,NA
"2015-02-06",871.875,FALSE,NA,NA,"<= day","daily",NA,NA,NA
"2015-02-07",853.906,FALSE,NA,NA,"<= day","daily",NA,NA,NA
"2015-02-08",845.26,FALSE,NA,NA,"<= day","daily",NA,NA,NA
"2015-02-09",838.552,FALSE,NA,NA,"<= day","daily",NA,NA,NA
"2015-02-10",829.146,FALSE,NA,NA,"<= day","daily",NA,NA,NA
"2015-02-11",824.948,FALSE,NA,NA,"<= day","daily",NA,NA,NA
"2015-02-12",821.083,FALSE,NA,NA,"<= day","daily",NA,NA,NA
"2015-02-13",817.312,FALSE,NA,NA,"<= day","daily",NA,NA,NA
"2015-02-14",814.812,FALSE,NA,NA,"<= day","daily",NA,NA,NA
"2015-02-15",810.74,FALSE,NA,NA,"<= day","daily",NA,NA,NA
"2015-02-16",803.573,FALSE,NA,NA,"<= day","daily",NA,NA,NA
"2015-02-17",791.333,FALSE,NA,NA,"<= day","daily",NA,NA,NA
"2015-02-18",774.135,FALSE,NA,NA,"<= day","daily",NA,NA,NA
"2015-02-19",768.021,FALSE,NA,NA,"<= day","daily",NA,NA,NA
"2015-02-20",772.229,FALSE,NA,NA,"<= day","daily",NA,NA,NA
"2015-02-21",792.635,FALSE,NA,NA,"<= day","daily",NA,NA,NA
"2015-02-22",813.521,FALSE,NA,NA,"<= day","daily",NA,NA,NA
"2015-02-23",819.167,FALSE,NA,NA,"<= day","daily",NA,NA,NA
"2015-02-24",848.062,FALSE,NA,NA,"<= day","daily",NA,NA,NA
"2015-02-25",874.146,FALSE,NA,NA,"<= day","daily",NA,NA,NA
"2015-02-26",861.177,FALSE,NA,NA,"<= day","daily",NA,NA,NA
"2015-02-27",854.094,FALSE,NA,NA,"<= day","daily",NA,NA,NA
"2015-02-28",859.615,FALSE,NA,NA,"<= day","daily",NA,NA,NA
"2015-03-01",855.708,FALSE,NA,NA,"<= day","daily",NA,NA,NA
"2015-03-02",871.229,FALSE,NA,NA,"<= day","daily",NA,NA,NA
"2015-03-03",918.052,FALSE,NA,NA,"<= day","daily",NA,NA,NA
"2015-03-04",918.375,FALSE,NA,NA,"<= day","daily",NA,NA,NA
"2015-03-05",891.51,FALSE,NA,NA,"<= day","daily",NA,NA,NA
"2015-03-06",862.594,FALSE,NA,NA,"<= day","daily",NA,NA,NA
"2015-03-07",847.323,FALSE,NA,NA,"<= day","daily",NA,NA,NA
"2015-03-08",842.479,FALSE,NA,NA,"<= day","daily",NA,NA,NA
"2015-03-09",845.906,FALSE,NA,NA,"<= day","daily",NA,NA,NA
"2015-03-10",838.438,FALSE,NA,NA,"<= day","daily",NA,NA,NA
"2015-03-11",829.938,FALSE,NA,NA,"<= day","daily",NA,NA,NA
"2015-03-12",821.469,FALSE,NA,NA,"<= day","daily",NA,NA,NA
"2015-03-13",820.292,FALSE,NA,NA,"<= day","daily",NA,NA,NA
"2015-03-14",815.875,FALSE,NA,NA,"<= day","daily",NA,NA,NA
"2015-03-15",809.146,FALSE,NA,NA,"<= day","daily",NA,NA,NA
"2015-03-16",801.802,FALSE,NA,NA,"<= day","daily",NA,NA,NA
"2015-03-17",792.438,FALSE,NA,NA,"<= day","daily",NA,NA,NA
"2015-03-18",784.51,FALSE,NA,NA,"<= day","daily",NA,NA,NA
"2015-03-19",778.875,FALSE,NA,NA,"<= day","daily",NA,NA,NA
"2015-03-20",772.719,FALSE,NA,NA,"<= day","daily",NA,NA,NA
"2015-03-21",769.698,FALSE,NA,NA,"<= day","daily",NA,NA,NA
"2015-03-22",765.333,FALSE,NA,NA,"<= day","daily",NA,NA,NA
"2015-03-23",762.292,FALSE,NA,NA,"<= day","daily",NA,NA,NA
"2015-03-24",760.448,FALSE,NA,NA,"<= day","daily",NA,NA,NA
"2015-03-25",754.781,FALSE,NA,NA,"<= day","daily",NA,NA,NA
"2015-03-26",745.729,FALSE,NA,NA,"<= day","daily",NA,NA,NA
"2015-03-27",733.385,FALSE,NA,NA,"<= day","daily",NA,NA,NA
"2015-03-28",722.396,FALSE,NA,NA,"<= day","daily",NA,NA,NA
"2015-03-29",727.979,FALSE,NA,NA,"<= day","daily",NA,NA,NA
"2015-03-30",783.562,FALSE,NA,NA,"<= day","daily",NA,NA,NA
"2015-03-31",785.896,FALSE,NA,NA,"<= day","daily",NA,NA,NA
"2015-04-01",782.344,FALSE,NA,NA,"<= day","daily",NA,NA,NA
"2015-04-02",795.76,FALSE,NA,NA,"<= day","daily",NA,NA,NA
"2015-04-03",849.812,FALSE,NA,NA,"<= day","daily",NA,NA,NA
"2015-04-04",843.312,FALSE,NA,NA,"<= day","daily",NA,NA,NA
"2015-04-05",891.927,FALSE,NA,NA,"<= day","daily",NA,NA,NA
"2015-04-06",870.823,FALSE,NA,NA,"<= day","daily",NA,NA,NA
"2015-04-07",820.104,FALSE,NA,NA,"<= day","daily",NA,NA,NA
"2015-04-08",793.219,FALSE,NA,NA,"<= day","daily",NA,NA,NA
"2015-04-09",783.333,FALSE,NA,NA,"<= day","daily",NA,NA,NA
"2015-04-10",782.177,FALSE,NA,NA,"<= day","daily",NA,NA,NA
"2015-04-11",776.896,FALSE,NA,NA,"<= day","daily",NA,NA,NA
"2015-04-12",769.167,FALSE,NA,NA,"<= day","daily",NA,NA,NA
"2015-04-13",761.854,FALSE,NA,NA,"<= day","daily",NA,NA,NA
"2015-04-14",759.5,FALSE,NA,NA,"<= day","daily",NA,NA,NA
"2015-04-15",760.844,FALSE,NA,NA,"<= day","daily",NA,NA,NA
"2015-04-16",761.979,FALSE,NA,NA,"<= day","daily",NA,NA,NA
"2015-04-17",763.323,FALSE,NA,NA,"<= day","daily",NA,NA,NA
"2015-04-18",763.938,FALSE,NA,NA,"<= day","daily",NA,NA,NA
"2015-04-19",747.521,FALSE,NA,NA,"<= day","daily",NA,NA,NA
"2015-04-20",740.052,FALSE,NA,NA,"<= day","daily",NA,NA,NA
"2015-04-21",729.875,FALSE,NA,NA,"<= day","daily",NA,NA,NA
"2015-04-22",728.521,FALSE,NA,NA,"<= day","daily",NA,NA,NA
"2015-04-23",725.719,FALSE,NA,NA,"<= day","daily",NA,NA,NA
"2015-04-24",720.24,FALSE,NA,NA,"<= day","daily",NA,NA,NA
"2015-04-25",715.448,FALSE,NA,NA,"<= day","daily",NA,NA,NA
"2015-04-26",715.333,FALSE,NA,NA,"<= day","daily",NA,NA,NA
"2015-04-27",734.865,FALSE,NA,NA,"<= day","daily",NA,NA,NA
"2015-04-28",777.406,FALSE,NA,NA,"<= day","daily",NA,NA,NA
"2015-04-29",777.698,FALSE,NA,NA,"<= day","daily",NA,NA,NA
"2015-04-30",778.708,FALSE,NA,NA,"<= day","daily",NA,NA,NA
"2015-05-01",779.75,FALSE,NA,NA,"<= day","daily",NA,NA,NA
"2015-05-07",747.854,FALSE,NA,NA,"<= day","daily",NA,NA,NA
"2015-05-08",742.156,FALSE,NA,NA,"<= day","daily",NA,NA,NA
"2015-05-09",724.062,FALSE,NA,NA,"<= day","daily",NA,NA,NA
"2015-05-10",714.51,FALSE,NA,NA,"<= day","daily",NA,NA,NA
"2015-05-11",709.333,FALSE,NA,NA,"<= day","daily",NA,NA,NA
"2015-05-12",701.594,FALSE,NA,NA,"<= day","daily",NA,NA,NA
"2015-05-13",662.583,FALSE,NA,NA,"<= day","daily",NA,NA,NA
"2015-05-14",618.99,FALSE,NA,NA,"<= day","daily",NA,NA,NA
"2015-05-15",665.125,FALSE,NA,NA,"<= day","daily",NA,NA,NA
"2015-05-16",657.156,FALSE,NA,NA,"<= day","daily",NA,NA,NA
"2015-05-17",608.75,FALSE,NA,NA,"<= day","daily",NA,NA,NA
"2015-05-18",592.427,FALSE,NA,NA,"<= day","daily",NA,NA,NA
"2015-05-19",595.365,FALSE,NA,NA,"<= day","daily",NA,NA,NA
"2015-05-20",589.865,FALSE,NA,NA,"<= day","daily",NA,NA,NA
"2015-05-21",575.5,FALSE,NA,NA,"<= day","daily",NA,NA,NA
"2015-05-22",568.062,FALSE,NA,NA,"<= day","daily",NA,NA,NA
"2015-05-23",567.979,FALSE,NA,NA,"<= day","daily",NA,NA,NA
"2015-05-24",569.667,FALSE,NA,NA,"<= day","daily",NA,NA,NA
"2015-05-25",579.177,FALSE,NA,NA,"<= day","daily",NA,NA,NA
"2015-05-26",601.74,FALSE,NA,NA,"<= day","daily",NA,NA,NA
"2015-05-27",570.104,FALSE,NA,NA,"<= day","daily",NA,NA,NA
"2015-05-28",554.688,FALSE,NA,NA,"<= day","daily",NA,NA,NA
"2015-05-29",548.062,FALSE,NA,NA,"<= day","daily",NA,NA,NA
"2015-05-30",546.375,FALSE,NA,NA,"<= day","daily",NA,NA,NA
"2015-05-31",536.531,FALSE,NA,NA,"<= day","daily",NA,NA,NA
"2015-06-01",532.24,FALSE,NA,NA,"<= day","daily",NA,NA,NA
"2015-06-02",524.302,FALSE,NA,NA,"<= day","daily",NA,NA,NA
"2015-06-03",515.365,FALSE,NA,NA,"<= day","daily",NA,NA,NA
"2015-06-04",502.573,FALSE,NA,NA,"<= day","daily",NA,NA,NA
"2015-06-05",502.583,FALSE,NA,NA,"<= day","daily",NA,NA,NA
"2015-06-06",530.229,FALSE,NA,NA,"<= day","daily",NA,NA,NA
"2015-06-07",520.271,FALSE,NA,NA,"<= day","daily",NA,NA,NA
"2015-06-08",620.594,FALSE,NA,NA,"<= day","daily",NA,NA,NA
"2015-06-09",652.198,FALSE,NA,NA,"<= day","daily",NA,NA,NA
"2015-06-10",567.427,FALSE,NA,NA,"<= day","daily",NA,NA,NA
"2015-06-11",524.594,FALSE,NA,NA,"<= day","daily",NA,NA,NA
"2015-06-12",511.094,FALSE,NA,NA,"<= day","daily",NA,NA,NA
"2015-06-13",500.802,FALSE,NA,NA,"<= day","daily",NA,NA,NA
"2015-06-14",497.333,FALSE,NA,NA,"<= day","daily",NA,NA,NA
"2015-06-15",510.156,FALSE,NA,NA,"<= day","daily",NA,NA,NA
"2015-06-16",492.438,FALSE,NA,NA,"<= day","daily",NA,NA,NA
"2015-06-17",477.562,FALSE,NA,NA,"<= day","daily",NA,NA,NA
"2015-06-18",482.479,FALSE,NA,NA,"<= day","daily",NA,NA,NA
"2015-06-19",476.76,FALSE,NA,NA,"<= day","daily",NA,NA,NA
"2015-06-20",471.396,FALSE,NA,NA,"<= day","daily",NA,NA,NA
"2015-06-21",475.385,FALSE,NA,NA,"<= day","daily",NA,NA,NA
"2015-06-22",544.646,FALSE,NA,NA,"<= day","daily",NA,NA,NA
"2015-06-23",502.406,FALSE,NA,NA,"<= day","daily",NA,NA,NA
"2015-06-24",469.844,FALSE,NA,NA,"<= day","daily",NA,NA,NA
"2015-06-25",453.417,FALSE,NA,NA,"<= day","daily",NA,NA,NA
"2015-06-26",450.948,FALSE,NA,NA,"<= day","daily",NA,NA,NA
"2015-06-27",444.74,FALSE,NA,NA,"<= day","daily",NA,NA,NA
"2015-06-28",440.375,FALSE,NA,NA,"<= day","daily",NA,NA,NA
"2015-06-29",432.417,FALSE,NA,NA,"<= day","daily",NA,NA,NA
"2015-06-30",424.917,FALSE,NA,NA,"<= day","daily",NA,NA,NA
"2015-07-01",415.958,FALSE,NA,NA,"<= day","daily",NA,NA,NA
"2015-07-02",405.115,FALSE,NA,NA,"<= day","daily",NA,NA,NA
"2015-07-03",394.969,FALSE,NA,NA,"<= day","daily",NA,NA,NA
"2015-07-04",394.677,FALSE,NA,NA,"<= day","daily",NA,NA,NA
"2015-07-05",390.344,FALSE,NA,NA,"<= day","daily",NA,NA,NA
"2015-07-06",395.677,FALSE,NA,NA,"<= day","daily",NA,NA,NA
"2015-07-07",382.531,FALSE,NA,NA,"<= day","daily",NA,NA,NA
"2015-07-08",365.75,FALSE,NA,NA,"<= day","daily",NA,NA,NA
"2015-07-15",332.979,FALSE,NA,NA,"<= day","daily",NA,NA,NA
"2015-07-16",341.125,FALSE,NA,NA,"<= day","daily",NA,NA,NA
"2015-07-17",342.594,FALSE,NA,NA,"<= day","daily",NA,NA,NA
"2015-07-18",346.146,FALSE,NA,NA,"<= day","daily",NA,NA,NA
"2015-07-19",349.927,FALSE,NA,NA,"<= day","daily",NA,NA,NA
"2015-07-20",341.458,FALSE,NA,NA,"<= day","daily",NA,NA,NA
"2015-07-21",334.594,FALSE,NA,NA,"<= day","daily",NA,NA,NA
"2015-07-22",364.031,FALSE,NA,NA,"<= day","daily",NA,NA,NA
"2015-07-23",492.052,FALSE,NA,NA,"<= day","daily",NA,NA,NA
"2015-07-24",414.052,FALSE,NA,NA,"<= day","daily",NA,NA,NA
"2015-07-25",373.823,FALSE,NA,NA,"<= day","daily",NA,NA,NA
"2015-07-26",358.167,FALSE,NA,NA,"<= day","daily",NA,NA,NA
"2015-07-27",355.312,FALSE,NA,NA,"<= day","daily",NA,NA,NA
"2015-07-28",350.01,FALSE,NA,NA,"<= day","daily",NA,NA,NA
"2015-07-29",342.688,FALSE,NA,NA,"<= day","daily",NA,NA,NA
"2015-07-30",333.26,FALSE,NA,NA,"<= day","daily",NA,NA,NA
"2015-07-31",331.188,FALSE,NA,NA,"<= day","daily",NA,NA,NA
"2015-08-01",335.198,FALSE,NA,NA,"<= day","daily",NA,NA,NA
"2015-08-02",324.573,FALSE,NA,NA,"<= day","daily",NA,NA,NA
"2015-08-03",319.427,FALSE,NA,NA,"<= day","daily",NA,NA,NA
"2015-08-04",319.167,FALSE,NA,NA,"<= day","daily",NA,NA,NA
"2015-08-05",324.865,FALSE,NA,NA,"<= day","daily",NA,NA,NA
"2015-08-06",318.938,FALSE,NA,NA,"<= day","daily",NA,NA,NA
"2015-08-07",310.812,FALSE,NA,NA,"<= day","daily",NA,NA,NA
"2015-08-08",313.49,FALSE,NA,NA,"<= day","daily",NA,NA,NA
"2015-08-09",357.677,FALSE,NA,NA,"<= day","daily",NA,NA,NA
"2015-08-10",578.167,FALSE,NA,NA,"<= day","daily",NA,NA,NA
"2015-08-11",465.5,FALSE,NA,NA,"<= day","daily",NA,NA,NA
"2015-08-12",366.323,FALSE,NA,NA,"<= day","daily",NA,NA,NA
"2015-08-13",347.01,FALSE,NA,NA,"<= day","daily",NA,NA,NA
"2015-08-14",418.375,FALSE,NA,NA,"<= day","daily",NA,NA,NA
"2015-08-15",506.625,FALSE,NA,NA,"<= day","daily",NA,NA,NA
"2015-08-16",416.719,FALSE,NA,NA,"<= day","daily",NA,NA,NA
"2015-08-17",365.604,FALSE,NA,NA,"<= day","daily",NA,NA,NA
"2015-08-18",346.615,FALSE,NA,NA,"<= day","daily",NA,NA,NA
"2015-08-19",339.24,FALSE,NA,NA,"<= day","daily",NA,NA,NA
"2015-08-20",333.76,FALSE,NA,NA,"<= day","daily",NA,NA,NA
"2015-08-21",327.083,FALSE,NA,NA,"<= day","daily",NA,NA,NA
"2015-08-22",325.656,FALSE,NA,NA,"<= day","daily",NA,NA,NA
"2015-08-23",327.188,FALSE,NA,NA,"<= day","daily",NA,NA,NA
"2015-08-24",360.812,FALSE,NA,NA,"<= day","daily",NA,NA,NA
"2015-08-25",415.719,FALSE,NA,NA,"<= day","daily",NA,NA,NA
"2015-08-26",356.552,FALSE,NA,NA,"<= day","daily",NA,NA,NA
"2015-08-27",325.51,FALSE,NA,NA,"<= day","daily",NA,NA,NA
"2015-08-28",311.667,FALSE,NA,NA,"<= day","daily",NA,NA,NA
"2015-08-29",307.698,FALSE,NA,NA,"<= day","daily",NA,NA,NA
"2015-08-30",303.333,FALSE,NA,NA,"<= day","daily",NA,NA,NA
"2015-08-31",301.208,FALSE,NA,NA,"<= day","daily",NA,NA,NA
"2015-09-01",305.021,FALSE,NA,NA,"<= day","daily",NA,NA,NA
"2015-09-02",299.448,FALSE,NA,NA,"<= day","daily",NA,NA,NA
"2015-09-03",299.156,FALSE,NA,NA,"<= day","daily",NA,NA,NA
"2015-09-04",295.104,FALSE,NA,NA,"<= day","daily",NA,NA,NA
"2015-09-05",290.792,FALSE,NA,NA,"<= day","daily",NA,NA,NA
"2015-09-06",293.844,FALSE,NA,NA,"<= day","daily",NA,NA,NA
"2015-09-07",314.625,FALSE,NA,NA,"<= day","daily",NA,NA,NA
"2015-09-08",325.531,FALSE,NA,NA,"<= day","daily",NA,NA,NA
"2015-09-09",322.24,FALSE,NA,NA,"<= day","daily",NA,NA,NA
"2015-09-10",295,FALSE,NA,NA,"<= day","daily",NA,NA,NA
"2015-09-11",279.094,FALSE,NA,NA,"<= day","daily",NA,NA,NA
"2015-09-12",272.177,FALSE,NA,NA,"<= day","daily",NA,NA,NA
"2015-09-13",277.771,FALSE,NA,NA,"<= day","daily",NA,NA,NA
"2015-09-14",306,FALSE,NA,NA,"<= day","daily",NA,NA,NA
"2015-09-15",278.729,FALSE,NA,NA,"<= day","daily",NA,NA,NA
"2015-09-16",274.823,FALSE,NA,NA,"<= day","daily",NA,NA,NA
"2015-09-17",296.656,FALSE,NA,NA,"<= day","daily",NA,NA,NA
"2015-09-18",291.521,FALSE,NA,NA,"<= day","daily",NA,NA,NA
"2015-09-19",276.104,FALSE,NA,NA,"<= day","daily",NA,NA,NA
"2015-09-20",260.208,FALSE,NA,NA,"<= day","daily",NA,NA,NA
"2015-09-21",255.927,FALSE,NA,NA,"<= day","daily",NA,NA,NA
"2015-09-22",254.896,FALSE,NA,NA,"<= day","daily",NA,NA,NA
"2015-09-23",262.521,FALSE,NA,NA,"<= day","daily",NA,NA,NA
"2015-09-24",253.375,FALSE,NA,NA,"<= day","daily",NA,NA,NA
"2015-09-25",253.594,FALSE,NA,NA,"<= day","daily",NA,NA,NA
"2015-09-26",253.542,FALSE,NA,NA,"<= day","daily",NA,NA,NA
"2015-09-27",250.198,FALSE,NA,NA,"<= day","daily",NA,NA,NA
"2015-09-28",247.635,FALSE,NA,NA,"<= day","daily",NA,NA,NA
"2015-09-29",248.5,FALSE,NA,NA,"<= day","daily",NA,NA,NA
"2015-09-30",246.927,FALSE,NA,NA,"<= day","daily",NA,NA,NA
"2015-10-01",244.865,FALSE,NA,NA,"<= day","daily",NA,NA,NA
"2015-10-02",247.229,FALSE,NA,NA,"<= day","daily",NA,NA,NA
"2015-10-03",246.729,FALSE,NA,NA,"<= day","daily",NA,NA,NA
"2015-10-04",248.885,FALSE,NA,NA,"<= day","daily",NA,NA,NA
"2015-10-05",245.333,FALSE,NA,NA,"<= day","daily",NA,NA,NA
"2015-10-06",242.406,FALSE,NA,NA,"<= day","daily",NA,NA,NA
"2015-10-07",241.427,FALSE,NA,NA,"<= day","daily",NA,NA,NA
"2015-10-08",237.906,FALSE,NA,NA,"<= day","daily",NA,NA,NA
"2015-10-09",237.812,FALSE,NA,NA,"<= day","daily",NA,NA,NA
"2015-10-10",231.969,FALSE,NA,NA,"<= day","daily",NA,NA,NA
"2015-10-11",230.708,FALSE,NA,NA,"<= day","daily",NA,NA,NA
"2015-10-12",233.979,FALSE,NA,NA,"<= day","daily",NA,NA,NA
"2015-10-13",232.292,FALSE,NA,NA,"<= day","daily",NA,NA,NA
"2015-10-14",230.792,FALSE,NA,NA,"<= day","daily",NA,NA,NA
"2015-10-15",228.292,FALSE,NA,NA,"<= day","daily",NA,NA,NA
"2015-10-16",226.792,FALSE,NA,NA,"<= day","daily",NA,NA,NA
"2015-10-17",225.094,FALSE,NA,NA,"<= day","daily",NA,NA,NA
"2015-10-18",228.271,FALSE,NA,NA,"<= day","daily",NA,NA,NA
"2015-10-19",221.823,FALSE,NA,NA,"<= day","daily",NA,NA,NA
"2015-10-20",212.49,FALSE,NA,NA,"<= day","daily",NA,NA,NA
"2015-10-21",210.771,FALSE,NA,NA,"<= day","daily",NA,NA,NA
"2015-10-22",207.781,FALSE,NA,NA,"<= day","daily",NA,NA,NA
"2015-10-23",197.417,FALSE,NA,NA,"<= day","daily",NA,NA,NA
"2015-10-24",193.75,FALSE,NA,NA,"<= day","daily",NA,NA,NA
"2015-10-25",194.219,FALSE,NA,NA,"<= day","daily",NA,NA,NA
"2015-10-26",184.938,FALSE,NA,NA,"<= day","daily",NA,NA,NA
"2015-10-27",177.896,FALSE,NA,NA,"<= day","daily",NA,NA,NA
"2015-10-28",171.312,FALSE,NA,NA,"<= day","daily",NA,NA,NA
"2015-10-29",171.5,FALSE,NA,NA,"<= day","daily",NA,NA,NA
"2015-10-30",169.01,FALSE,NA,NA,"<= day","daily",NA,NA,NA
"2015-10-31",161.292,FALSE,NA,NA,"<= day","daily",NA,NA,NA
"2015-11-01",164.938,FALSE,NA,NA,"<= day","daily",NA,NA,NA
"2015-11-02",165.594,FALSE,NA,NA,"<= day","daily",NA,NA,NA
"2015-11-03",167.427,FALSE,NA,NA,"<= day","daily",NA,NA,NA
"2015-11-04",161.333,FALSE,NA,NA,"<= day","daily",NA,NA,NA
"2015-11-05",160.979,FALSE,NA,NA,"<= day","daily",NA,NA,NA
"2015-11-06",160.604,FALSE,NA,NA,"<= day","daily",NA,NA,NA
"2015-11-07",153.177,FALSE,NA,NA,"<= day","daily",NA,NA,NA
"2015-11-08",156.188,FALSE,NA,NA,"<= day","daily",NA,NA,NA
"2015-11-09",156.885,FALSE,NA,NA,"<= day","daily",NA,NA,NA
"2015-11-10",155.792,FALSE,NA,NA,"<= day","daily",NA,NA,NA
"2015-11-11",153.521,FALSE,NA,NA,"<= day","daily",NA,NA,NA
"2015-11-12",153.979,FALSE,NA,NA,"<= day","daily",NA,NA,NA
"2015-11-13",154.75,FALSE,NA,NA,"<= day","daily",NA,NA,NA
"2015-11-14",154.021,FALSE,NA,NA,"<= day","daily",NA,NA,NA
"2015-11-15",153.25,FALSE,NA,NA,"<= day","daily",NA,NA,NA
"2015-11-16",152.948,FALSE,NA,NA,"<= day","daily",NA,NA,NA
"2015-11-17",147.198,FALSE,NA,NA,"<= day","daily",NA,NA,NA
"2015-11-18",147.094,FALSE,NA,NA,"<= day","daily",NA,NA,NA
"2015-11-19",159.958,FALSE,NA,NA,"<= day","daily",NA,NA,NA
"2015-11-20",262.031,FALSE,NA,NA,"<= day","daily",NA,NA,NA
"2015-11-21",430.531,FALSE,NA,NA,"<= day","daily",NA,NA,NA
"2015-11-22",262.323,FALSE,NA,NA,"<= day","daily",NA,NA,NA
"2015-11-23",191.948,FALSE,NA,NA,"<= day","daily",NA,NA,NA
"2015-11-24",177.094,FALSE,NA,NA,"<= day","daily",NA,NA,NA
"2015-11-25",162.104,FALSE,NA,NA,"<= day","daily",NA,NA,NA
"2015-11-26",130.75,FALSE,NA,NA,"<= day","daily",NA,NA,NA
"2015-12-08",174.312,FALSE,NA,NA,"<= day","daily",NA,NA,NA
"2015-12-09",172.292,FALSE,NA,NA,"<= day","daily",NA,NA,NA
"2015-12-10",171.021,FALSE,NA,NA,"<= day","daily",NA,NA,NA
"2015-12-11",169.792,FALSE,NA,NA,"<= day","daily",NA,NA,NA
"2015-12-12",167.521,FALSE,NA,NA,"<= day","daily",NA,NA,NA
"2015-12-13",167.865,FALSE,NA,NA,"<= day","daily",NA,NA,NA
"2015-12-14",167.771,FALSE,NA,NA,"<= day","daily",NA,NA,NA
"2015-12-15",166.958,FALSE,NA,NA,"<= day","daily",NA,NA,NA
"2015-12-16",169.812,FALSE,NA,NA,"<= day","daily",NA,NA,NA
"2015-12-17",161.854,FALSE,NA,NA,"<= day","daily",NA,NA,NA
"2015-12-18",161.5,FALSE,NA,NA,"<= day","daily",NA,NA,NA
"2015-12-19",160.156,FALSE,NA,NA,"<= day","daily",NA,NA,NA
"2015-12-20",159.479,FALSE,NA,NA,"<= day","daily",NA,NA,NA
"2015-12-21",161.479,FALSE,NA,NA,"<= day","daily",NA,NA,NA
"2015-12-22",160.333,FALSE,NA,NA,"<= day","daily",NA,NA,NA
"2015-12-23",155.062,FALSE,NA,NA,"<= day","daily",NA,NA,NA
"2015-12-24",155.094,FALSE,NA,NA,"<= day","daily",NA,NA,NA
"2015-12-25",156.958,FALSE,NA,NA,"<= day","daily",NA,NA,NA
"2015-12-26",158.5,FALSE,NA,NA,"<= day","daily",NA,NA,NA
"2015-12-27",156.812,FALSE,NA,NA,"<= day","daily",NA,NA,NA
"2015-12-28",153.656,FALSE,NA,NA,"<= day","daily",NA,NA,NA
"2015-12-29",153.521,FALSE,NA,NA,"<= day","daily",NA,NA,NA
"2015-12-30",150.375,FALSE,NA,NA,"<= day","daily",NA,NA,NA
"2015-12-31",144.938,FALSE,NA,NA,"<= day","daily",NA,NA,NA
"2016-01-01",153.594,FALSE,NA,NA,"<= day","daily",NA,NA,NA
"2016-01-02",148.688,FALSE,NA,NA,"<= day","daily",NA,NA,NA
"2016-01-03",168.01,FALSE,NA,NA,"<= day","daily",NA,NA,NA
"2016-01-04",221.26,FALSE,NA,NA,"<= day","daily",NA,NA,NA
"2016-01-05",236.688,FALSE,NA,NA,"<= day","daily",NA,NA,NA
"2016-01-06",192.177,FALSE,NA,NA,"<= day","daily",NA,NA,NA
"2016-01-07",174.052,FALSE,NA,NA,"<= day","daily",NA,NA,NA
"2016-01-08",187.229,FALSE,NA,NA,"<= day","daily",NA,NA,NA
"2016-01-09",173.521,FALSE,NA,NA,"<= day","daily",NA,NA,NA
"2016-01-10",179.115,FALSE,NA,NA,"<= day","daily",NA,NA,NA
"2016-01-11",274.604,FALSE,NA,NA,"<= day","daily",NA,NA,NA
"2016-01-12",413.927,FALSE,NA,NA,"<= day","daily",NA,NA,NA
"2016-01-13",387.5,FALSE,NA,NA,"<= day","daily",NA,NA,NA
"2016-01-14",347.188,FALSE,NA,NA,"<= day","daily",NA,NA,NA
"2016-01-15",296.229,FALSE,NA,NA,"<= day","daily",NA,NA,NA
"2016-01-16",258.771,FALSE,NA,NA,"<= day","daily",NA,NA,NA
"2016-01-17",243.823,FALSE,NA,NA,"<= day","daily",NA,NA,NA
"2016-01-18",236.146,FALSE,NA,NA,"<= day","daily",NA,NA,NA
"2016-01-19",228.458,FALSE,NA,NA,"<= day","daily",NA,NA,NA
"2016-01-20",218.677,FALSE,NA,NA,"<= day","daily",NA,NA,NA
"2016-01-21",220.51,FALSE,NA,NA,"<= day","daily",NA,NA,NA
"2016-01-22",206.417,FALSE,NA,NA,"<= day","daily",NA,NA,NA
"2016-01-23",208.01,FALSE,NA,NA,"<= day","daily",NA,NA,NA
"2016-01-24",214.448,FALSE,NA,NA,"<= day","daily",NA,NA,NA
"2016-01-25",225.458,FALSE,NA,NA,"<= day","daily",NA,NA,NA
"2016-01-26",239.354,FALSE,NA,NA,"<= day","daily",NA,NA,NA
"2016-01-27",239.865,FALSE,NA,NA,"<= day","daily",NA,NA,NA
"2016-01-28",243.719,FALSE,NA,NA,"<= day","daily",NA,NA,NA
"2016-01-29",253.312,FALSE,NA,NA,"<= day","daily",NA,NA,NA
"2016-01-30",274.26,FALSE,NA,NA,"<= day","daily",NA,NA,NA
"2016-01-31",367.292,FALSE,NA,NA,"<= day","daily",NA,NA,NA
"2016-02-01",372.927,FALSE,NA,NA,"<= day","daily",NA,NA,NA
"2016-02-02",336.948,FALSE,NA,NA,"<= day","daily",NA,NA,NA
"2016-02-03",321.177,FALSE,NA,NA,"<= day","daily",NA,NA,NA
"2016-02-04",309.01,FALSE,NA,NA,"<= day","daily",NA,NA,NA
"2016-02-05",328.021,FALSE,NA,NA,"<= day","daily",NA,NA,NA
"2016-02-06",325.396,FALSE,NA,NA,"<= day","daily",NA,NA,NA
"2016-02-07",320.385,FALSE,NA,NA,"<= day","daily",NA,NA,NA
"2016-02-08",335.125,FALSE,NA,NA,"<= day","daily",NA,NA,NA
"2016-02-09",441.01,FALSE,NA,NA,"<= day","daily",NA,NA,NA
"2016-02-10",634.865,FALSE,NA,NA,"<= day","daily",NA,NA,NA
"2016-02-11",634.479,FALSE,NA,NA,"<= day","daily",NA,NA,NA
"2016-02-12",540.677,FALSE,NA,NA,"<= day","daily",NA,NA,NA
"2016-02-13",514.729,FALSE,NA,NA,"<= day","daily",NA,NA,NA
"2016-02-14",616.458,FALSE,NA,NA,"<= day","daily",NA,NA,NA
"2016-02-15",667.781,FALSE,NA,NA,"<= day","daily",NA,NA,NA
"2016-02-16",578.333,FALSE,NA,NA,"<= day","daily",NA,NA,NA
"2016-02-17",540.781,FALSE,NA,NA,"<= day","daily",NA,NA,NA
"2016-02-18",524.948,FALSE,NA,NA,"<= day","daily",NA,NA,NA
"2016-02-19",508.01,FALSE,NA,NA,"<= day","daily",NA,NA,NA
"2016-02-20",494.031,FALSE,NA,NA,"<= day","daily",NA,NA,NA
"2016-02-21",511.927,FALSE,NA,NA,"<= day","daily",NA,NA,NA
"2016-02-22",509.385,FALSE,NA,NA,"<= day","daily",NA,NA,NA
"2016-02-23",524.979,FALSE,NA,NA,"<= day","daily",NA,NA,NA
"2016-02-24",590.427,FALSE,NA,NA,"<= day","daily",NA,NA,NA
"2016-02-25",586.323,FALSE,NA,NA,"<= day","daily",NA,NA,NA
"2016-02-26",583.99,FALSE,NA,NA,"<= day","daily",NA,NA,NA
"2016-02-27",572.979,FALSE,NA,NA,"<= day","daily",NA,NA,NA
"2016-02-28",563.365,FALSE,NA,NA,"<= day","daily",NA,NA,NA
"2016-02-29",547.823,FALSE,NA,NA,"<= day","daily",NA,NA,NA
"2016-03-01",524.906,FALSE,NA,NA,"<= day","daily",NA,NA,NA
"2016-03-02",531.948,FALSE,NA,NA,"<= day","daily",NA,NA,NA
"2016-03-03",593.042,FALSE,NA,NA,"<= day","daily",NA,NA,NA
"2016-03-04",573.104,FALSE,NA,NA,"<= day","daily",NA,NA,NA
"2016-03-05",573.385,FALSE,NA,NA,"<= day","daily",NA,NA,NA
"2016-03-06",564.427,FALSE,NA,NA,"<= day","daily",NA,NA,NA
"2016-03-07",548.062,FALSE,NA,NA,"<= day","daily",NA,NA,NA
"2016-03-08",535.594,FALSE,NA,NA,"<= day","daily",NA,NA,NA
"2016-03-09",526.99,FALSE,NA,NA,"<= day","daily",NA,NA,NA
"2016-03-10",522.896,FALSE,NA,NA,"<= day","daily",NA,NA,NA
"2016-03-11",512.479,FALSE,NA,NA,"<= day","daily",NA,NA,NA
"2016-03-12",502.667,FALSE,NA,NA,"<= day","daily",NA,NA,NA
"2016-03-13",497.042,FALSE,NA,NA,"<= day","daily",NA,NA,NA
"2016-03-14",497.385,FALSE,NA,NA,"<= day","daily",NA,NA,NA
"2016-03-15",495.292,FALSE,NA,NA,"<= day","daily",NA,NA,NA
"2016-03-16",492.875,FALSE,NA,NA,"<= day","daily",NA,NA,NA
"2016-03-17",484.604,FALSE,NA,NA,"<= day","daily",NA,NA,NA
"2016-03-18",483.406,FALSE,NA,NA,"<= day","daily",NA,NA,NA
"2016-03-19",479.969,FALSE,NA,NA,"<= day","daily",NA,NA,NA
"2016-03-20",475.448,FALSE,NA,NA,"<= day","daily",NA,NA,NA
"2016-03-21",472.812,FALSE,NA,NA,"<= day","daily",NA,NA,NA
"2016-03-22",469.542,FALSE,NA,NA,"<= day","daily",NA,NA,NA
"2016-03-23",468.427,FALSE,NA,NA,"<= day","daily",NA,NA,NA
"2016-03-24",462.729,FALSE,NA,NA,"<= day","daily",NA,NA,NA
"2016-03-25",449.302,FALSE,NA,NA,"<= day","daily",NA,NA,NA
"2016-03-26",447,FALSE,NA,NA,"<= day","daily",NA,NA,NA
"2016-03-27",446.771,FALSE,NA,NA,"<= day","daily",NA,NA,NA
"2016-03-28",452.604,FALSE,NA,NA,"<= day","daily",NA,NA,NA
"2016-03-29",495.406,FALSE,NA,NA,"<= day","daily",NA,NA,NA
"2016-03-30",471.25,FALSE,NA,NA,"<= day","daily",NA,NA,NA
"2016-03-31",459.5,FALSE,NA,NA,"<= day","daily",NA,NA,NA
"2016-04-01",442.74,FALSE,NA,NA,"<= day","daily",NA,NA,NA
"2016-04-02",428.281,FALSE,NA,NA,"<= day","daily",NA,NA,NA
"2016-04-03",425.375,FALSE,NA,NA,"<= day","daily",NA,NA,NA
"2016-04-04",416.677,FALSE,NA,NA,"<= day","daily",NA,NA,NA
"2016-04-05",423.781,FALSE,NA,NA,"<= day","daily",NA,NA,NA
"2016-04-06",441.438,FALSE,NA,NA,"<= day","daily",NA,NA,NA
"2016-04-07",428.854,FALSE,NA,NA,"<= day","daily",NA,NA,NA
"2016-04-08",414.688,FALSE,NA,NA,"<= day","daily",NA,NA,NA
"2016-04-09",409.49,FALSE,NA,NA,"<= day","daily",NA,NA,NA
"2016-04-10",402.74,FALSE,NA,NA,"<= day","daily",NA,NA,NA
"2016-04-11",399.292,FALSE,NA,NA,"<= day","daily",NA,NA,NA
"2016-04-12",403.406,FALSE,NA,NA,"<= day","daily",NA,NA,NA
"2016-04-13",434.448,FALSE,NA,NA,"<= day","daily",NA,NA,NA
"2016-04-14",418.354,FALSE,NA,NA,"<= day","daily",NA,NA,NA
"2016-04-15",413.885,FALSE,NA,NA,"<= day","daily",NA,NA,NA
"2016-04-16",456.667,FALSE,NA,NA,"<= day","daily",NA,NA,NA
"2016-04-17",624.99,FALSE,NA,NA,"<= day","daily",NA,NA,NA
"2016-04-18",755.74,FALSE,NA,NA,"<= day","daily",NA,NA,NA
"2016-04-19",695.312,FALSE,NA,NA,"<= day","daily",NA,NA,NA
"2016-04-20",600.375,FALSE,NA,NA,"<= day","daily",NA,NA,NA
"2016-04-21",565.375,FALSE,NA,NA,"<= day","daily",NA,NA,NA
"2016-04-22",555.271,FALSE,NA,NA,"<= day","daily",NA,NA,NA
"2016-04-23",559.115,FALSE,NA,NA,"<= day","daily",NA,NA,NA
"2016-04-24",552.885,FALSE,NA,NA,"<= day","daily",NA,NA,NA
"2016-04-25",540.042,FALSE,NA,NA,"<= day","daily",NA,NA,NA
"2016-04-26",547.073,FALSE,NA,NA,"<= day","daily",NA,NA,NA
"2016-04-27",540.5,FALSE,NA,NA,"<= day","daily",NA,NA,NA
"2016-04-28",526.885,FALSE,NA,NA,"<= day","daily",NA,NA,NA
"2016-04-29",516.896,FALSE,NA,NA,"<= day","daily",NA,NA,NA
"2016-04-30",520.677,FALSE,NA,NA,"<= day","daily",NA,NA,NA
"2016-05-01",568.573,FALSE,NA,NA,"<= day","daily",NA,NA,NA
"2016-05-02",543.708,FALSE,NA,NA,"<= day","daily",NA,NA,NA
"2016-05-03",516.917,FALSE,NA,NA,"<= day","daily",NA,NA,NA
"2016-05-04",502.438,FALSE,NA,NA,"<= day","daily",NA,NA,NA
"2016-05-05",496.969,FALSE,NA,NA,"<= day","daily",NA,NA,NA
"2016-05-06",491.76,FALSE,NA,NA,"<= day","daily",NA,NA,NA
"2016-05-07",484.625,FALSE,NA,NA,"<= day","daily",NA,NA,NA
"2016-05-08",478.708,FALSE,NA,NA,"<= day","daily",NA,NA,NA
"2016-05-09",466.969,FALSE,NA,NA,"<= day","daily",NA,NA,NA
"2016-05-10",469.365,FALSE,NA,NA,"<= day","daily",NA,NA,NA
"2016-05-11",466.958,FALSE,NA,NA,"<= day","daily",NA,NA,NA
"2016-05-12",473.99,FALSE,NA,NA,"<= day","daily",NA,NA,NA
"2016-05-13",480,FALSE,NA,NA,"<= day","daily",NA,NA,NA
"2016-05-14",492.604,FALSE,NA,NA,"<= day","daily",NA,NA,NA
"2016-05-15",469.333,FALSE,NA,NA,"<= day","daily",NA,NA,NA
"2016-05-16",446.844,FALSE,NA,NA,"<= day","daily",NA,NA,NA
"2016-05-17",444.396,FALSE,NA,NA,"<= day","daily",NA,NA,NA
"2016-05-18",433.042,FALSE,NA,NA,"<= day","daily",NA,NA,NA
"2016-05-19",439.042,FALSE,NA,NA,"<= day","daily",NA,NA,NA
"2016-05-20",426.406,FALSE,NA,NA,"<= day","daily",NA,NA,NA
"2016-05-21",418.365,FALSE,NA,NA,"<= day","daily",NA,NA,NA
"2016-05-22",416.052,FALSE,NA,NA,"<= day","daily",NA,NA,NA
"2016-05-23",347.177,FALSE,NA,NA,"<= day","daily",NA,NA,NA
"2016-05-24",242.771,FALSE,NA,NA,"<= day","daily",NA,NA,NA
"2016-05-25",208.135,FALSE,NA,NA,"<= day","daily",NA,NA,NA
"2016-05-26",203.677,FALSE,NA,NA,"<= day","daily",NA,NA,NA
"2016-05-27",199.969,FALSE,NA,NA,"<= day","daily",NA,NA,NA
"2016-05-28",197.854,FALSE,NA,NA,"<= day","daily",NA,NA,NA
"2016-05-29",247.979,FALSE,NA,NA,"<= day","daily",NA,NA,NA
"2016-05-30",509.167,FALSE,NA,NA,"<= day","daily",NA,NA,NA
"2016-05-31",668.802,FALSE,NA,NA,"<= day","daily",NA,NA,NA
"2016-06-01",615.25,FALSE,NA,NA,"<= day","daily",NA,NA,NA
"2016-06-02",543.76,FALSE,NA,NA,"<= day","daily",NA,NA,NA
"2016-06-03",533.792,FALSE,NA,NA,"<= day","daily",NA,NA,NA
"2016-06-04",573.385,FALSE,NA,NA,"<= day","daily",NA,NA,NA
"2016-06-05",592.542,FALSE,NA,NA,"<= day","daily",NA,NA,NA
"2016-06-06",572.438,FALSE,NA,NA,"<= day","daily",NA,NA,NA
"2016-06-07",546.854,FALSE,NA,NA,"<= day","daily",NA,NA,NA
"2016-06-08",638.865,FALSE,NA,NA,"<= day","daily",NA,NA,NA
"2016-06-09",903.667,FALSE,NA,NA,"<= day","daily",NA,NA,NA
"2016-06-10",990.656,FALSE,NA,NA,"<= day","daily",NA,NA,NA
"2016-06-11",960.125,FALSE,NA,NA,"<= day","daily",NA,NA,NA
"2016-06-12",900.24,FALSE,NA,NA,"<= day","daily",NA,NA,NA
"2016-06-13",858.49,FALSE,NA,NA,"<= day","daily",NA,NA,NA
"2016-06-14",834.281,FALSE,NA,NA,"<= day","daily",NA,NA,NA
"2016-06-15",792.938,FALSE,NA,NA,"<= day","daily",NA,NA,NA
"2016-06-16",750.917,FALSE,NA,NA,"<= day","daily",NA,NA,NA
"2016-06-17",728.052,FALSE,NA,NA,"<= day","daily",NA,NA,NA
"2016-06-18",705.885,FALSE,NA,NA,"<= day","daily",NA,NA,NA
"2016-06-19",680.135,FALSE,NA,NA,"<= day","daily",NA,NA,NA
"2016-06-20",659.292,FALSE,NA,NA,"<= day","daily",NA,NA,NA
"2016-06-21",649.75,FALSE,NA,NA,"<= day","daily",NA,NA,NA
"2016-06-22",633.031,FALSE,NA,NA,"<= day","daily",NA,NA,NA
"2016-06-23",614.156,FALSE,NA,NA,"<= day","daily",NA,NA,NA
"2016-06-24",610.021,FALSE,NA,NA,"<= day","daily",NA,NA,NA
"2016-06-25",626.885,FALSE,NA,NA,"<= day","daily",NA,NA,NA
"2016-06-26",607.552,FALSE,NA,NA,"<= day","daily",NA,NA,NA
"2016-06-27",593.365,FALSE,NA,NA,"<= day","daily",NA,NA,NA
"2016-06-28",583.375,FALSE,NA,NA,"<= day","daily",NA,NA,NA
"2016-06-29",579.531,FALSE,NA,NA,"<= day","daily",NA,NA,NA
"2016-06-30",568.094,FALSE,NA,NA,"<= day","daily",NA,NA,NA
"2016-07-01",561.062,FALSE,NA,NA,"<= day","daily",NA,NA,NA
"2016-07-02",559.375,FALSE,NA,NA,"<= day","daily",NA,NA,NA
"2016-07-03",548.5,FALSE,NA,NA,"<= day","daily",NA,NA,NA
"2016-07-04",536.312,FALSE,NA,NA,"<= day","daily",NA,NA,NA
"2016-07-05",520.573,FALSE,NA,NA,"<= day","daily",NA,NA,NA
"2016-07-06",517.542,FALSE,NA,NA,"<= day","daily",NA,NA,NA
"2016-07-07",506.292,FALSE,NA,NA,"<= day","daily",NA,NA,NA
"2016-07-08",445.448,FALSE,NA,NA,"<= day","daily",NA,NA,NA
"2016-07-09",393.875,FALSE,NA,NA,"<= day","daily",NA,NA,NA
"2016-07-10",382.333,FALSE,NA,NA,"<= day","daily",NA,NA,NA
"2016-07-11",379.406,FALSE,NA,NA,"<= day","daily",NA,NA,NA
"2016-07-12",379.344,FALSE,NA,NA,"<= day","daily",NA,NA,NA
"2016-07-13",385.031,FALSE,NA,NA,"<= day","daily",NA,NA,NA
"2016-07-14",403.583,FALSE,NA,NA,"<= day","daily",NA,NA,NA
"2016-07-15",377.083,FALSE,NA,NA,"<= day","daily",NA,NA,NA
"2016-07-16",357.979,FALSE,NA,NA,"<= day","daily",NA,NA,NA
"2016-07-17",352.083,FALSE,NA,NA,"<= day","daily",NA,NA,NA
"2016-07-18",347.167,FALSE,NA,NA,"<= day","daily",NA,NA,NA
"2016-07-19",337.396,FALSE,NA,NA,"<= day","daily",NA,NA,NA
"2016-07-20",341.49,FALSE,NA,NA,"<= day","daily",NA,NA,NA
"2016-07-21",395,FALSE,NA,NA,"<= day","daily",NA,NA,NA
"2016-07-22",466.562,FALSE,NA,NA,"<= day","daily",NA,NA,NA
"2016-07-23",594.198,FALSE,NA,NA,"<= day","daily",NA,NA,NA
"2016-07-24",530.5,FALSE,NA,NA,"<= day","daily",NA,NA,NA
"2016-07-25",486.979,FALSE,NA,NA,"<= day","daily",NA,NA,NA
"2016-07-26",456.208,FALSE,NA,NA,"<= day","daily",NA,NA,NA
"2016-07-27",461.125,FALSE,NA,NA,"<= day","daily",NA,NA,NA
"2016-07-28",441.177,FALSE,NA,NA,"<= day","daily",NA,NA,NA
"2016-07-29",436.604,FALSE,NA,NA,"<= day","daily",NA,NA,NA
"2016-07-30",429.406,FALSE,NA,NA,"<= day","daily",NA,NA,NA
"2016-07-31",430.594,FALSE,NA,NA,"<= day","daily",NA,NA,NA
"2016-08-01",409.125,FALSE,NA,NA,"<= day","daily",NA,NA,NA
"2016-08-02",399.26,FALSE,NA,NA,"<= day","daily",NA,NA,NA
"2016-08-03",392.552,FALSE,NA,NA,"<= day","daily",NA,NA,NA
"2016-08-04",402.74,FALSE,NA,NA,"<= day","daily",NA,NA,NA
"2016-08-05",512.354,FALSE,NA,NA,"<= day","daily",NA,NA,NA
"2016-08-06",433.938,FALSE,NA,NA,"<= day","daily",NA,NA,NA
"2016-08-07",391.188,FALSE,NA,NA,"<= day","daily",NA,NA,NA
"2016-08-08",378.094,FALSE,NA,NA,"<= day","daily",NA,NA,NA
"2016-08-09",370.094,FALSE,NA,NA,"<= day","daily",NA,NA,NA
"2016-08-10",376.01,FALSE,NA,NA,"<= day","daily",NA,NA,NA
"2016-08-11",358.573,FALSE,NA,NA,"<= day","daily",NA,NA,NA
"2016-08-12",359.083,FALSE,NA,NA,"<= day","daily",NA,NA,NA
"2016-08-13",348.396,FALSE,NA,NA,"<= day","daily",NA,NA,NA
"2016-08-14",346.125,FALSE,NA,NA,"<= day","daily",NA,NA,NA
"2016-08-15",336.125,FALSE,NA,NA,"<= day","daily",NA,NA,NA
"2016-08-16",335.958,FALSE,NA,NA,"<= day","daily",NA,NA,NA
"2016-08-17",337.042,FALSE,NA,NA,"<= day","daily",NA,NA,NA
"2016-08-18",332.812,FALSE,NA,NA,"<= day","daily",NA,NA,NA
"2016-08-19",331.083,FALSE,NA,NA,"<= day","daily",NA,NA,NA
"2016-08-20",326,FALSE,NA,NA,"<= day","daily",NA,NA,NA
"2016-08-21",329.198,FALSE,NA,NA,"<= day","daily",NA,NA,NA
"2016-08-22",318.115,FALSE,NA,NA,"<= day","daily",NA,NA,NA
"2016-08-23",309.854,FALSE,NA,NA,"<= day","daily",NA,NA,NA
"2016-08-24",306.354,FALSE,NA,NA,"<= day","daily",NA,NA,NA
"2016-08-25",299.625,FALSE,NA,NA,"<= day","daily",NA,NA,NA
"2016-08-26",295.198,FALSE,NA,NA,"<= day","daily",NA,NA,NA
"2016-08-27",292.292,FALSE,NA,NA,"<= day","daily",NA,NA,NA
"2016-08-28",290.562,FALSE,NA,NA,"<= day","daily",NA,NA,NA
"2016-08-29",286.562,FALSE,NA,NA,"<= day","daily",NA,NA,NA
"2016-08-30",285.708,FALSE,NA,NA,"<= day","daily",NA,NA,NA
"2016-08-31",287.375,FALSE,NA,NA,"<= day","daily",NA,NA,NA
"2016-09-01",275.875,FALSE,NA,NA,"<= day","daily",NA,NA,NA
"2016-09-02",276.75,FALSE,NA,NA,"<= day","daily",NA,NA,NA
"2016-09-03",274.021,FALSE,NA,NA,"<= day","daily",NA,NA,NA
"2016-09-04",276.396,FALSE,NA,NA,"<= day","daily",NA,NA,NA
"2016-09-05",280.219,FALSE,NA,NA,"<= day","daily",NA,NA,NA
"2016-09-06",269.167,FALSE,NA,NA,"<= day","daily",NA,NA,NA
"2016-09-07",266.885,FALSE,NA,NA,"<= day","daily",NA,NA,NA
"2016-09-08",267.052,FALSE,NA,NA,"<= day","daily",NA,NA,NA
"2016-09-09",271.656,FALSE,NA,NA,"<= day","daily",NA,NA,NA
"2016-09-10",264.031,FALSE,NA,NA,"<= day","daily",NA,NA,NA
"2016-09-11",260.458,FALSE,NA,NA,"<= day","daily",NA,NA,NA
"2016-09-12",266.146,FALSE,NA,NA,"<= day","daily",NA,NA,NA
"2016-09-13",266.323,FALSE,NA,NA,"<= day","daily",NA,NA,NA
"2016-09-14",252.219,FALSE,NA,NA,"<= day","daily",NA,NA,NA
"2016-09-15",259.75,FALSE,NA,NA,"<= day","daily",NA,NA,NA
"2016-09-16",270.49,FALSE,NA,NA,"<= day","daily",NA,NA,NA
"2016-09-17",279.854,FALSE,NA,NA,"<= day","daily",NA,NA,NA
"2016-09-18",324.479,FALSE,NA,NA,"<= day","daily",NA,NA,NA
"2016-09-19",319.219,FALSE,NA,NA,"<= day","daily",NA,NA,NA
"2016-09-20",282.771,FALSE,NA,NA,"<= day","daily",NA,NA,NA
"2016-09-21",272.969,FALSE,NA,NA,"<= day","daily",NA,NA,NA
"2016-09-22",268.333,FALSE,NA,NA,"<= day","daily",NA,NA,NA
"2016-09-23",264.375,FALSE,NA,NA,"<= day","daily",NA,NA,NA
"2016-09-24",258.021,FALSE,NA,NA,"<= day","daily",NA,NA,NA
"2016-09-25",261.938,FALSE,NA,NA,"<= day","daily",NA,NA,NA
"2016-09-26",261.677,FALSE,NA,NA,"<= day","daily",NA,NA,NA
"2016-09-27",257.854,FALSE,NA,NA,"<= day","daily",NA,NA,NA
"2016-09-28",251.896,FALSE,NA,NA,"<= day","daily",NA,NA,NA
"2016-09-29",243.594,FALSE,NA,NA,"<= day","daily",NA,NA,NA
"2016-09-30",233.104,FALSE,NA,NA,"<= day","daily",NA,NA,NA
"2016-10-01",233.708,FALSE,NA,NA,"<= day","daily",NA,NA,NA
"2016-10-02",234.292,FALSE,NA,NA,"<= day","daily",NA,NA,NA
"2016-10-03",230.448,FALSE,NA,NA,"<= day","daily",NA,NA,NA
"2016-10-04",228.729,FALSE,NA,NA,"<= day","daily",NA,NA,NA
"2016-10-05",231.344,FALSE,NA,NA,"<= day","daily",NA,NA,NA
"2016-10-06",229.188,FALSE,NA,NA,"<= day","daily",NA,NA,NA
"2016-10-07",215.729,FALSE,NA,NA,"<= day","daily",NA,NA,NA
"2016-10-08",209.792,FALSE,NA,NA,"<= day","daily",NA,NA,NA
"2016-10-09",209.292,FALSE,NA,NA,"<= day","daily",NA,NA,NA
"2016-10-10",204.76,FALSE,NA,NA,"<= day","daily",NA,NA,NA
"2016-10-11",197.625,FALSE,NA,NA,"<= day","daily",NA,NA,NA
"2016-10-12",193.427,FALSE,NA,NA,"<= day","daily",NA,NA,NA
"2016-10-13",192.479,FALSE,NA,NA,"<= day","daily",NA,NA,NA
"2016-10-14",194.021,FALSE,NA,NA,"<= day","daily",NA,NA,NA
"2016-10-15",190.677,FALSE,NA,NA,"<= day","daily",NA,NA,NA
"2016-10-16",189.771,FALSE,NA,NA,"<= day","daily",NA,NA,NA
"2016-10-17",190.792,FALSE,NA,NA,"<= day","daily",NA,NA,NA
"2016-10-18",204.958,FALSE,NA,NA,"<= day","daily",NA,NA,NA
"2016-10-19",193.635,FALSE,NA,NA,"<= day","daily",NA,NA,NA
"2016-10-20",187.323,FALSE,NA,NA,"<= day","daily",NA,NA,NA
"2016-10-21",194,FALSE,NA,NA,"<= day","daily",NA,NA,NA
"2016-10-22",185.938,FALSE,NA,NA,"<= day","daily",NA,NA,NA
"2016-10-23",179.927,FALSE,NA,NA,"<= day","daily",NA,NA,NA
"2016-10-24",187.427,FALSE,NA,NA,"<= day","daily",NA,NA,NA
"2016-10-25",230.76,FALSE,NA,NA,"<= day","daily",NA,NA,NA
"2016-10-26",196.271,FALSE,NA,NA,"<= day","daily",NA,NA,NA
"2016-10-27",173.885,FALSE,NA,NA,"<= day","daily",NA,NA,NA
"2016-10-28",166.698,FALSE,NA,NA,"<= day","daily",NA,NA,NA
"2016-10-29",165.25,FALSE,NA,NA,"<= day","daily",NA,NA,NA
"2016-10-30",165.406,FALSE,NA,NA,"<= day","daily",NA,NA,NA
"2016-10-31",163.458,FALSE,NA,NA,"<= day","daily",NA,NA,NA
"2016-11-01",168.573,FALSE,NA,NA,"<= day","daily",NA,NA,NA
"2016-11-02",166.26,FALSE,NA,NA,"<= day","daily",NA,NA,NA
"2016-11-03",158.469,FALSE,NA,NA,"<= day","daily",NA,NA,NA
"2016-11-04",158.208,FALSE,NA,NA,"<= day","daily",NA,NA,NA
"2016-11-05",160.938,FALSE,NA,NA,"<= day","daily",NA,NA,NA
"2016-11-06",162.562,FALSE,NA,NA,"<= day","daily",NA,NA,NA
"2016-11-07",156.792,FALSE,NA,NA,"<= day","daily",NA,NA,NA
"2016-11-08",158.292,FALSE,NA,NA,"<= day","daily",NA,NA,NA
"2016-11-09",155.198,FALSE,NA,NA,"<= day","daily",NA,NA,NA
"2016-11-10",176.229,FALSE,NA,NA,"<= day","daily",NA,NA,NA
"2016-11-11",197.979,FALSE,NA,NA,"<= day","daily",NA,NA,NA
"2016-11-12",198.833,FALSE,NA,NA,"<= day","daily",NA,NA,NA
"2016-11-13",173.375,FALSE,NA,NA,"<= day","daily",NA,NA,NA
"2016-11-14",168.188,FALSE,NA,NA,"<= day","daily",NA,NA,NA
"2016-11-15",174.031,FALSE,NA,NA,"<= day","daily",NA,NA,NA
"2016-11-16",175.979,FALSE,NA,NA,"<= day","daily",NA,NA,NA
"2016-11-17",179.042,FALSE,NA,NA,"<= day","daily",NA,NA,NA
"2016-11-18",199.271,FALSE,NA,NA,"<= day","daily",NA,NA,NA
"2016-11-19",233.792,FALSE,NA,NA,"<= day","daily",NA,NA,NA
"2016-11-20",199.562,FALSE,NA,NA,"<= day","daily",NA,NA,NA
"2016-11-21",191.031,FALSE,NA,NA,"<= day","daily",NA,NA,NA
"2016-11-22",179.396,FALSE,NA,NA,"<= day","daily",NA,NA,NA
"2016-11-23",179.302,FALSE,NA,NA,"<= day","daily",NA,NA,NA
"2016-11-24",182.979,FALSE,NA,NA,"<= day","daily",NA,NA,NA
"2016-11-25",180.49,FALSE,NA,NA,"<= day","daily",NA,NA,NA
"2016-11-26",173.969,FALSE,NA,NA,"<= day","daily",NA,NA,NA
"2016-11-27",171.792,FALSE,NA,NA,"<= day","daily",NA,NA,NA
"2016-11-28",169.75,FALSE,NA,NA,"<= day","daily",NA,NA,NA
"2016-11-29",171.594,FALSE,NA,NA,"<= day","daily",NA,NA,NA
"2016-11-30",172,FALSE,NA,NA,"<= day","daily",NA,NA,NA
"2016-12-01",171.427,FALSE,NA,NA,"<= day","daily",NA,NA,NA
"2016-12-02",167.677,FALSE,NA,NA,"<= day","daily",NA,NA,NA
"2016-12-03",167,FALSE,NA,NA,"<= day","daily",NA,NA,NA
"2016-12-04",166.427,FALSE,NA,NA,"<= day","daily",NA,NA,NA
"2016-12-05",163.021,FALSE,NA,NA,"<= day","daily",NA,NA,NA
"2016-12-06",164.021,FALSE,NA,NA,"<= day","daily",NA,NA,NA
"2016-12-07",160.562,FALSE,NA,NA,"<= day","daily",NA,NA,NA
"2016-12-08",159.135,FALSE,NA,NA,"<= day","daily",NA,NA,NA
"2016-12-09",159,FALSE,NA,NA,"<= day","daily",NA,NA,NA
"2016-12-10",158.771,FALSE,NA,NA,"<= day","daily",NA,NA,NA
"2016-12-11",157.156,FALSE,NA,NA,"<= day","daily",NA,NA,NA
"2016-12-12",156.135,FALSE,NA,NA,"<= day","daily",NA,NA,NA
"2016-12-13",155.656,FALSE,NA,NA,"<= day","daily",NA,NA,NA
"2016-12-14",153.635,FALSE,NA,NA,"<= day","daily",NA,NA,NA
"2016-12-15",154.156,FALSE,NA,NA,"<= day","daily",NA,NA,NA
"2016-12-16",150.562,FALSE,NA,NA,"<= day","daily",NA,NA,NA
"2016-12-17",149.021,FALSE,NA,NA,"<= day","daily",NA,NA,NA
"2016-12-18",148.25,FALSE,NA,NA,"<= day","daily",NA,NA,NA
"2016-12-19",148.75,FALSE,NA,NA,"<= day","daily",NA,NA,NA
"2016-12-20",148.594,FALSE,NA,NA,"<= day","daily",NA,NA,NA
"2016-12-21",150.198,FALSE,NA,NA,"<= day","daily",NA,NA,NA
"2016-12-22",142.49,FALSE,NA,NA,"<= day","daily",NA,NA,NA
"2016-12-23",140.885,FALSE,NA,NA,"<= day","daily",NA,NA,NA
"2016-12-24",140.479,FALSE,NA,NA,"<= day","daily",NA,NA,NA
"2016-12-25",142.823,FALSE,NA,NA,"<= day","daily",NA,NA,NA
"2016-12-26",144.5,FALSE,NA,NA,"<= day","daily",NA,NA,NA
"2016-12-27",141.438,FALSE,NA,NA,"<= day","daily",NA,NA,NA
"2016-12-28",130.885,FALSE,NA,NA,"<= day","daily",NA,NA,NA
"2016-12-29",139.51,FALSE,NA,NA,"<= day","daily",NA,NA,NA
"2016-12-30",139,FALSE,NA,NA,"<= day","daily",NA,NA,NA
"2017-01-01",108.021,FALSE,NA,NA,"<= day","daily",NA,NA,NA
"2017-01-02",130.604,FALSE,NA,NA,"<= day","daily",NA,NA,NA
"2017-01-03",136.677,FALSE,NA,NA,"<= day","daily",NA,NA,NA
"2017-01-04",131.542,FALSE,NA,NA,"<= day","daily",NA,NA,NA
"2017-01-05",133.688,FALSE,NA,NA,"<= day","daily",NA,NA,NA
"2017-01-06",134.812,FALSE,NA,NA,"<= day","daily",NA,NA,NA
"2017-01-07",128.969,FALSE,NA,NA,"<= day","daily",NA,NA,NA
"2017-01-08",127.365,FALSE,NA,NA,"<= day","daily",NA,NA,NA
"2017-01-09",128.615,FALSE,NA,NA,"<= day","daily",NA,NA,NA
"2017-01-10",128.365,FALSE,NA,NA,"<= day","daily",NA,NA,NA
"2017-01-11",130.99,FALSE,NA,NA,"<= day","daily",NA,NA,NA
"2017-01-12",142.833,FALSE,NA,NA,"<= day","daily",NA,NA,NA
"2017-01-13",162.292,FALSE,NA,NA,"<= day","daily",NA,NA,NA
"2017-01-14",140.896,FALSE,NA,NA,"<= day","daily",NA,NA,NA
"2017-01-15",131.875,FALSE,NA,NA,"<= day","daily",NA,NA,NA
"2017-01-16",125.948,FALSE,NA,NA,"<= day","daily",NA,NA,NA
"2017-01-17",125.229,FALSE,NA,NA,"<= day","daily",NA,NA,NA
"2017-01-18",126.385,FALSE,NA,NA,"<= day","daily",NA,NA,NA
"2017-01-19",124.75,FALSE,NA,NA,"<= day","daily",NA,NA,NA
"2017-01-20",125.562,FALSE,NA,NA,"<= day","daily",NA,NA,NA
"2017-01-21",119.562,FALSE,NA,NA,"<= day","daily",NA,NA,NA
"2017-01-22",120.25,FALSE,NA,NA,"<= day","daily",NA,NA,NA
"2017-01-23",118.75,FALSE,NA,NA,"<= day","daily",NA,NA,NA
"2017-01-24",120.708,FALSE,NA,NA,"<= day","daily",NA,NA,NA
"2017-01-25",121.406,FALSE,NA,NA,"<= day","daily",NA,NA,NA
"2017-01-26",118.885,FALSE,NA,NA,"<= day","daily",NA,NA,NA
"2017-01-27",120.135,FALSE,NA,NA,"<= day","daily",NA,NA,NA
"2017-01-28",116.969,FALSE,NA,NA,"<= day","daily",NA,NA,NA
"2017-01-29",113.135,FALSE,NA,NA,"<= day","daily",NA,NA,NA
"2017-01-30",115,FALSE,NA,NA,"<= day","daily",NA,NA,NA
"2017-02-01",158.271,FALSE,NA,NA,"<= day","daily",NA,NA,NA
"2017-02-02",142.271,FALSE,NA,NA,"<= day","daily",NA,NA,NA
"2017-02-03",137.906,FALSE,NA,NA,"<= day","daily",NA,NA,NA
"2017-02-04",136.385,FALSE,NA,NA,"<= day","daily",NA,NA,NA
"2017-02-05",138.354,FALSE,NA,NA,"<= day","daily",NA,NA,NA
"2017-02-06",147.208,FALSE,NA,NA,"<= day","daily",NA,NA,NA
"2017-02-07",141.646,FALSE,NA,NA,"<= day","daily",NA,NA,NA
"2017-02-08",136.333,FALSE,NA,NA,"<= day","daily",NA,NA,NA
"2017-02-09",133.521,FALSE,NA,NA,"<= day","daily",NA,NA,NA
"2017-02-10",133.177,FALSE,NA,NA,"<= day","daily",NA,NA,NA
"2017-02-11",129.271,FALSE,NA,NA,"<= day","daily",NA,NA,NA
"2017-02-12",131.344,FALSE,NA,NA,"<= day","daily",NA,NA,NA
"2017-02-13",130.677,FALSE,NA,NA,"<= day","daily",NA,NA,NA
"2017-02-14",128,FALSE,NA,NA,"<= day","daily",NA,NA,NA
"2017-02-15",129.885,FALSE,NA,NA,"<= day","daily",NA,NA,NA
"2017-02-16",127.823,FALSE,NA,NA,"<= day","daily",NA,NA,NA
"2017-02-17",135.677,FALSE,NA,NA,"<= day","daily",NA,NA,NA
"2017-02-18",142.521,FALSE,NA,NA,"<= day","daily",NA,NA,NA
"2017-02-19",135.948,FALSE,NA,NA,"<= day","daily",NA,NA,NA
"2017-02-20",137.229,FALSE,NA,NA,"<= day","daily",NA,NA,NA
"2017-02-21",137.073,FALSE,NA,NA,"<= day","daily",NA,NA,NA
"2017-02-22",141.135,FALSE,NA,NA,"<= day","daily",NA,NA,NA
"2017-02-23",136.656,FALSE,NA,NA,"<= day","daily",NA,NA,NA
"2017-02-24",138.521,FALSE,NA,NA,"<= day","daily",NA,NA,NA
"2017-02-25",134.062,FALSE,NA,NA,"<= day","daily",NA,NA,NA
"2017-02-26",134.323,FALSE,NA,NA,"<= day","daily",NA,NA,NA
"2017-02-27",141.01,FALSE,NA,NA,"<= day","daily",NA,NA,NA
"2017-02-28",171.562,FALSE,NA,NA,"<= day","daily",NA,NA,NA
"2017-03-01",220.354,FALSE,NA,NA,"<= day","daily",NA,NA,NA
"2017-03-02",227.5,FALSE,NA,NA,"<= day","daily",NA,NA,NA
"2017-03-03",205.25,FALSE,NA,NA,"<= day","daily",NA,NA,NA
"2017-03-04",185.042,FALSE,NA,NA,"<= day","daily",NA,NA,NA
"2017-03-05",178.667,FALSE,NA,NA,"<= day","daily",NA,NA,NA
"2017-03-06",189.885,FALSE,NA,NA,"<= day","daily",NA,NA,NA
"2017-03-07",199.177,FALSE,NA,NA,"<= day","daily",NA,NA,NA
"2017-03-08",213.552,FALSE,NA,NA,"<= day","daily",NA,NA,NA
"2017-03-09",264.312,FALSE,NA,NA,"<= day","daily",NA,NA,NA
"2017-03-10",366.115,FALSE,NA,NA,"<= day","daily",NA,NA,NA
"2017-03-11",312.615,FALSE,NA,NA,"<= day","daily",NA,NA,NA
"2017-03-12",279.26,FALSE,NA,NA,"<= day","daily",NA,NA,NA
"2017-03-13",265.198,FALSE,NA,NA,"<= day","daily",NA,NA,NA
"2017-03-14",247.448,FALSE,NA,NA,"<= day","daily",NA,NA,NA
"2017-03-15",237.979,FALSE,NA,NA,"<= day","daily",NA,NA,NA
"2017-03-16",246.354,FALSE,NA,NA,"<= day","daily",NA,NA,NA
"2017-03-17",248.75,FALSE,NA,NA,"<= day","daily",NA,NA,NA
"2017-03-18",247.333,FALSE,NA,NA,"<= day","daily",NA,NA,NA
"2017-03-19",241.26,FALSE,NA,NA,"<= day","daily",NA,NA,NA
"2017-03-20",233.292,FALSE,NA,NA,"<= day","daily",NA,NA,NA
"2017-03-21",218.271,FALSE,NA,NA,"<= day","daily",NA,NA,NA
"2017-03-22",229.49,FALSE,NA,NA,"<= day","daily",NA,NA,NA
"2017-03-23",227.177,FALSE,NA,NA,"<= day","daily",NA,NA,NA
"2017-03-24",229.792,FALSE,NA,NA,"<= day","daily",NA,NA,NA
"2017-03-25",242.302,FALSE,NA,NA,"<= day","daily",NA,NA,NA
"2017-03-26",236.146,FALSE,NA,NA,"<= day","daily",NA,NA,NA
"2017-03-27",231.375,FALSE,NA,NA,"<= day","daily",NA,NA,NA
"2017-03-28",224.219,FALSE,NA,NA,"<= day","daily",NA,NA,NA
"2017-03-29",222.771,FALSE,NA,NA,"<= day","daily",NA,NA,NA
"2017-03-30",221.042,FALSE,NA,NA,"<= day","daily",NA,NA,NA
"2017-03-31",219.844,FALSE,NA,NA,"<= day","daily",NA,NA,NA
"2017-04-01",223.094,FALSE,NA,NA,"<= day","daily",NA,NA,NA
"2017-04-02",221.354,FALSE,NA,NA,"<= day","daily",NA,NA,NA
"2017-04-03",215.656,FALSE,NA,NA,"<= day","daily",NA,NA,NA
"2017-04-04",217.635,FALSE,NA,NA,"<= day","daily",NA,NA,NA
"2017-04-05",213.812,FALSE,NA,NA,"<= day","daily",NA,NA,NA
"2017-04-06",212.771,FALSE,NA,NA,"<= day","daily",NA,NA,NA
"2017-04-07",210.927,FALSE,NA,NA,"<= day","daily",NA,NA,NA
"2017-04-08",208.177,FALSE,NA,NA,"<= day","daily",NA,NA,NA
"2017-04-09",206.271,FALSE,NA,NA,"<= day","daily",NA,NA,NA
"2017-04-10",206.458,FALSE,NA,NA,"<= day","daily",NA,NA,NA
"2017-04-11",208.656,FALSE,NA,NA,"<= day","daily",NA,NA,NA
"2017-04-12",203.49,FALSE,NA,NA,"<= day","daily",NA,NA,NA
"2017-04-13",200.344,FALSE,NA,NA,"<= day","daily",NA,NA,NA
"2017-04-14",204.021,FALSE,NA,NA,"<= day","daily",NA,NA,NA
"2017-04-15",199.25,FALSE,NA,NA,"<= day","daily",NA,NA,NA
"2017-04-16",205.469,FALSE,NA,NA,"<= day","daily",NA,NA,NA
"2017-04-17",212.219,FALSE,NA,NA,"<= day","daily",NA,NA,NA
"2017-04-18",218.292,FALSE,NA,NA,"<= day","daily",NA,NA,NA
"2017-04-19",207.469,FALSE,NA,NA,"<= day","daily",NA,NA,NA
"2017-04-20",188.76,FALSE,NA,NA,"<= day","daily",NA,NA,NA
"2017-04-21",174.333,FALSE,NA,NA,"<= day","daily",NA,NA,NA
"2017-04-22",178.323,FALSE,NA,NA,"<= day","daily",NA,NA,NA
"2017-04-23",176.312,FALSE,NA,NA,"<= day","daily",NA,NA,NA
"2017-04-24",174.844,FALSE,NA,NA,"<= day","daily",NA,NA,NA
"2017-04-25",185.427,FALSE,NA,NA,"<= day","daily",NA,NA,NA
"2017-04-26",232.031,FALSE,NA,NA,"<= day","daily",NA,NA,NA
"2017-04-27",233.698,FALSE,NA,NA,"<= day","daily",NA,NA,NA
"2017-04-28",211.115,FALSE,NA,NA,"<= day","daily",NA,NA,NA
"2017-04-29",191.615,FALSE,NA,NA,"<= day","daily",NA,NA,NA
"2017-04-30",187.271,FALSE,NA,NA,"<= day","daily",NA,NA,NA
"2017-05-01",186.542,FALSE,NA,NA,"<= day","daily",NA,NA,NA
"2017-05-02",183.885,FALSE,NA,NA,"<= day","daily",NA,NA,NA
"2017-05-03",185.365,FALSE,NA,NA,"<= day","daily",NA,NA,NA
"2017-05-04",185.302,FALSE,NA,NA,"<= day","daily",NA,NA,NA
"2017-05-05",189.604,FALSE,NA,NA,"<= day","daily",NA,NA,NA
"2017-05-06",178.292,FALSE,NA,NA,"<= day","daily",NA,NA,NA
"2017-05-07",187.542,FALSE,NA,NA,"<= day","daily",NA,NA,NA
"2017-05-08",192.292,FALSE,NA,NA,"<= day","daily",NA,NA,NA
"2017-05-09",185.76,FALSE,NA,NA,"<= day","daily",NA,NA,NA
"2017-05-10",180.969,FALSE,NA,NA,"<= day","daily",NA,NA,NA
"2017-05-11",176.562,FALSE,NA,NA,"<= day","daily",NA,NA,NA
"2017-05-12",175.594,FALSE,NA,NA,"<= day","daily",NA,NA,NA
"2017-05-13",178.115,FALSE,NA,NA,"<= day","daily",NA,NA,NA
"2017-05-14",181.219,FALSE,NA,NA,"<= day","daily",NA,NA,NA
"2017-05-15",211.625,FALSE,NA,NA,"<= day","daily",NA,NA,NA
"2017-05-16",208.229,FALSE,NA,NA,"<= day","daily",NA,NA,NA
"2017-05-17",176.271,FALSE,NA,NA,"<= day","daily",NA,NA,NA
"2017-05-18",165.188,FALSE,NA,NA,"<= day","daily",NA,NA,NA
"2017-05-19",177.438,FALSE,NA,NA,"<= day","daily",NA,NA,NA
"2017-05-20",187.469,FALSE,NA,NA,"<= day","daily",NA,NA,NA
"2017-05-21",171.885,FALSE,NA,NA,"<= day","daily",NA,NA,NA
"2017-05-22",166.125,FALSE,NA,NA,"<= day","daily",NA,NA,NA
"2017-05-23",158.125,FALSE,NA,NA,"<= day","daily",NA,NA,NA
"2017-05-24",155.156,FALSE,NA,NA,"<= day","daily",NA,NA,NA
"2017-05-25",154.25,FALSE,NA,NA,"<= day","daily",NA,NA,NA
"2017-05-26",154.635,FALSE,NA,NA,"<= day","daily",NA,NA,NA
"2017-05-27",152.469,FALSE,NA,NA,"<= day","daily",NA,NA,NA
"2017-05-28",146.948,FALSE,NA,NA,"<= day","daily",NA,NA,NA
"2017-05-29",148.521,FALSE,NA,NA,"<= day","daily",NA,NA,NA
"2017-05-30",163.073,FALSE,NA,NA,"<= day","daily",NA,NA,NA
"2017-05-31",153.188,FALSE,NA,NA,"<= day","daily",NA,NA,NA
"2017-06-01",153,FALSE,NA,NA,"<= day","daily",NA,NA,NA
"2017-06-02",172.646,FALSE,NA,NA,"<= day","daily",NA,NA,NA
"2017-06-03",187.594,FALSE,NA,NA,"<= day","daily",NA,NA,NA
"2017-06-04",218.365,FALSE,NA,NA,"<= day","daily",NA,NA,NA
"2017-06-05",207.979,FALSE,NA,NA,"<= day","daily",NA,NA,NA
"2017-06-06",183.469,FALSE,NA,NA,"<= day","daily",NA,NA,NA
"2017-06-07",175.281,FALSE,NA,NA,"<= day","daily",NA,NA,NA
"2017-06-08",166.031,FALSE,NA,NA,"<= day","daily",NA,NA,NA
"2017-06-09",160.396,FALSE,NA,NA,"<= day","daily",NA,NA,NA
"2017-06-10",152.698,FALSE,NA,NA,"<= day","daily",NA,NA,NA
"2017-06-11",153.479,FALSE,NA,NA,"<= day","daily",NA,NA,NA
"2017-06-12",152.333,FALSE,NA,NA,"<= day","daily",NA,NA,NA
"2017-06-13",147.177,FALSE,NA,NA,"<= day","daily",NA,NA,NA
"2017-06-14",146.927,FALSE,NA,NA,"<= day","daily",NA,NA,NA
"2017-06-15",142.292,FALSE,NA,NA,"<= day","daily",NA,NA,NA
"2017-06-16",143.135,FALSE,NA,NA,"<= day","daily",NA,NA,NA
"2017-06-17",140.083,FALSE,NA,NA,"<= day","daily",NA,NA,NA
"2017-06-18",139.521,FALSE,NA,NA,"<= day","daily",NA,NA,NA
"2017-06-19",155.5,FALSE,NA,NA,"<= day","daily",NA,NA,NA
"2017-06-21",121,FALSE,NA,NA,"<= day","daily",NA,NA,NA
"2017-06-22",121,FALSE,NA,NA,"<= day","daily",NA,NA,NA
"2017-06-23",120.542,FALSE,NA,NA,"<= day","daily",NA,NA,NA
"2017-06-24",117.542,FALSE,NA,NA,"<= day","daily",NA,NA,NA
"2017-06-25",117.458,FALSE,NA,NA,"<= day","daily",NA,NA,NA
"2017-06-26",124.125,FALSE,NA,NA,"<= day","daily",NA,NA,NA
"2017-06-27",149.24,FALSE,NA,NA,"<= day","daily",NA,NA,NA
"2017-06-28",158.583,FALSE,NA,NA,"<= day","daily",NA,NA,NA
"2017-06-29",164.302,FALSE,NA,NA,"<= day","daily",NA,NA,NA
"2017-06-30",143.531,FALSE,NA,NA,"<= day","daily",NA,NA,NA
"2017-07-01",131.833,FALSE,NA,NA,"<= day","daily",NA,NA,NA
"2017-07-02",132.021,FALSE,NA,NA,"<= day","daily",NA,NA,NA
"2017-07-03",128.333,FALSE,NA,NA,"<= day","daily",NA,NA,NA
"2017-07-04",124.948,FALSE,NA,NA,"<= day","daily",NA,NA,NA
"2017-07-05",121.312,FALSE,NA,NA,"<= day","daily",NA,NA,NA
"2017-07-06",120.531,FALSE,NA,NA,"<= day","daily",NA,NA,NA
"2017-07-07",134.583,FALSE,NA,NA,"<= day","daily",NA,NA,NA
"2017-07-08",171.927,FALSE,NA,NA,"<= day","daily",NA,NA,NA
"2017-07-09",153.26,FALSE,NA,NA,"<= day","daily",NA,NA,NA
"2017-07-10",150.646,FALSE,NA,NA,"<= day","daily",NA,NA,NA
"2017-07-11",173.062,FALSE,NA,NA,"<= day","daily",NA,NA,NA
"2017-07-12",145.25,FALSE,NA,NA,"<= day","daily",NA,NA,NA
"2017-07-13",135.562,FALSE,NA,NA,"<= day","daily",NA,NA,NA
"2017-07-14",133.448,FALSE,NA,NA,"<= day","daily",NA,NA,NA
"2017-07-15",128.24,FALSE,NA,NA,"<= day","daily",NA,NA,NA
"2017-07-16",123.562,FALSE,NA,NA,"<= day","daily",NA,NA,NA
"2017-07-17",121.906,FALSE,NA,NA,"<= day","daily",NA,NA,NA
"2017-07-18",120.271,FALSE,NA,NA,"<= day","daily",NA,NA,NA
"2017-07-19",122.521,FALSE,NA,NA,"<= day","daily",NA,NA,NA
"2017-07-20",137.531,FALSE,NA,NA,"<= day","daily",NA,NA,NA
"2017-07-21",150.698,FALSE,NA,NA,"<= day","daily",NA,NA,NA
"2017-07-22",269.583,FALSE,NA,NA,"<= day","daily",NA,NA,NA
"2017-07-23",224.406,FALSE,NA,NA,"<= day","daily",NA,NA,NA
"2017-07-24",186.729,FALSE,NA,NA,"<= day","daily",NA,NA,NA
"2017-07-25",198.927,FALSE,NA,NA,"<= day","daily",NA,NA,NA
"2017-07-26",232.74,FALSE,NA,NA,"<= day","daily",NA,NA,NA
"2017-07-27",190.698,FALSE,NA,NA,"<= day","daily",NA,NA,NA
"2017-07-28",168.219,FALSE,NA,NA,"<= day","daily",NA,NA,NA
"2017-07-29",152.615,FALSE,NA,NA,"<= day","daily",NA,NA,NA
"2017-07-30",145.125,FALSE,NA,NA,"<= day","daily",NA,NA,NA
"2017-07-31",140.385,FALSE,NA,NA,"<= day","daily",NA,NA,NA
"2017-08-01",151.688,FALSE,NA,NA,"<= day","daily",NA,NA,NA
"2017-08-02",200.698,FALSE,NA,NA,"<= day","daily",NA,NA,NA
"2017-08-03",168.125,FALSE,NA,NA,"<= day","daily",NA,NA,NA
"2017-08-04",156.281,FALSE,NA,NA,"<= day","daily",NA,NA,NA
"2017-08-05",147.375,FALSE,NA,NA,"<= day","daily",NA,NA,NA
"2017-08-06",144.677,FALSE,NA,NA,"<= day","daily",NA,NA,NA
"2017-08-07",141.312,FALSE,NA,NA,"<= day","daily",NA,NA,NA
"2017-08-08",139.385,FALSE,NA,NA,"<= day","daily",NA,NA,NA
"2017-08-09",146.281,FALSE,NA,NA,"<= day","daily",NA,NA,NA
"2017-08-10",189.448,FALSE,NA,NA,"<= day","daily",NA,NA,NA
"2017-08-11",217.531,FALSE,NA,NA,"<= day","daily",NA,NA,NA
"2017-08-12",300.729,FALSE,NA,NA,"<= day","daily",NA,NA,NA
"2017-08-13",255.427,FALSE,NA,NA,"<= day","daily",NA,NA,NA
"2017-08-14",185.323,FALSE,NA,NA,"<= day","daily",NA,NA,NA
"2017-08-15",167.344,FALSE,NA,NA,"<= day","daily",NA,NA,NA
"2017-08-16",175.479,FALSE,NA,NA,"<= day","daily",NA,NA,NA
"2017-08-17",166.271,FALSE,NA,NA,"<= day","daily",NA,NA,NA
"2017-08-18",159.229,FALSE,NA,NA,"<= day","daily",NA,NA,NA
"2017-08-19",183.281,FALSE,NA,NA,"<= day","daily",NA,NA,NA
"2017-08-20",165.146,FALSE,NA,NA,"<= day","daily",NA,NA,NA
"2017-08-21",154.625,FALSE,NA,NA,"<= day","daily",NA,NA,NA
"2017-08-22",149.854,FALSE,NA,NA,"<= day","daily",NA,NA,NA
"2017-08-23",145.042,FALSE,NA,NA,"<= day","daily",NA,NA,NA
"2017-08-24",144.354,FALSE,NA,NA,"<= day","daily",NA,NA,NA
"2017-08-25",135.969,FALSE,NA,NA,"<= day","daily",NA,NA,NA
"2017-08-26",137.281,FALSE,NA,NA,"<= day","daily",NA,NA,NA
"2017-08-27",140.927,FALSE,NA,NA,"<= day","daily",NA,NA,NA
"2017-08-28",133.375,FALSE,NA,NA,"<= day","daily",NA,NA,NA
"2017-08-29",131.25,FALSE,NA,NA,"<= day","daily",NA,NA,NA
"2017-08-30",134.156,FALSE,NA,NA,"<= day","daily",NA,NA,NA
"2017-08-31",147.917,FALSE,NA,NA,"<= day","daily",NA,NA,NA
"2017-09-01",141.74,FALSE,NA,NA,"<= day","daily",NA,NA,NA
"2017-09-02",140.177,FALSE,NA,NA,"<= day","daily",NA,NA,NA
"2017-09-03",135.469,FALSE,NA,NA,"<= day","daily",NA,NA,NA
"2017-09-04",131.375,FALSE,NA,NA,"<= day","daily",NA,NA,NA
"2017-09-05",123.99,FALSE,NA,NA,"<= day","daily",NA,NA,NA
"2017-09-06",121.958,FALSE,NA,NA,"<= day","daily",NA,NA,NA
"2017-09-07",125.729,FALSE,NA,NA,"<= day","daily",NA,NA,NA
"2017-09-08",123.427,FALSE,NA,NA,"<= day","daily",NA,NA,NA
"2017-09-09",122.021,FALSE,NA,NA,"<= day","daily",NA,NA,NA
"2017-09-10",121.708,FALSE,NA,NA,"<= day","daily",NA,NA,NA
"2017-09-11",124.292,FALSE,NA,NA,"<= day","daily",NA,NA,NA
"2017-09-12",118.219,FALSE,NA,NA,"<= day","daily",NA,NA,NA
"2017-09-13",118.375,FALSE,NA,NA,"<= day","daily",NA,NA,NA
"2017-09-14",126.917,FALSE,NA,NA,"<= day","daily",NA,NA,NA
"2017-09-15",125.083,FALSE,NA,NA,"<= day","daily",NA,NA,NA
"2017-09-16",122.573,FALSE,NA,NA,"<= day","daily",NA,NA,NA
"2017-09-17",128.438,FALSE,NA,NA,"<= day","daily",NA,NA,NA
"2017-09-18",126.604,FALSE,NA,NA,"<= day","daily",NA,NA,NA
"2017-09-19",121.177,FALSE,NA,NA,"<= day","daily",NA,NA,NA
"2017-09-20",122.875,FALSE,NA,NA,"<= day","daily",NA,NA,NA
"2017-09-21",129.729,FALSE,NA,NA,"<= day","daily",NA,NA,NA
"2017-09-22",128.062,FALSE,NA,NA,"<= day","daily",NA,NA,NA
"2017-09-23",147.625,FALSE,NA,NA,"<= day","daily",NA,NA,NA
"2017-09-24",158.531,FALSE,NA,NA,"<= day","daily",NA,NA,NA
"2017-09-25",159.021,FALSE,NA,NA,"<= day","daily",NA,NA,NA
"2017-09-26",157.104,FALSE,NA,NA,"<= day","daily",NA,NA,NA
"2017-09-27",147.354,FALSE,NA,NA,"<= day","daily",NA,NA,NA
"2017-09-28",124.865,FALSE,NA,NA,"<= day","daily",NA,NA,NA
"2017-09-29",104.75,FALSE,NA,NA,"<= day","daily",NA,NA,NA
"2017-09-30",100.271,FALSE,NA,NA,"<= day","daily",NA,NA,NA
"2017-10-01",101.26,FALSE,NA,NA,"<= day","daily",NA,NA,NA
"2017-10-02",121.083,FALSE,NA,NA,"<= day","daily",NA,NA,NA
"2017-10-03",195.688,FALSE,NA,NA,"<= day","daily",NA,NA,NA
"2017-10-04",184.438,FALSE,NA,NA,"<= day","daily",NA,NA,NA
"2017-10-05",131.646,FALSE,NA,NA,"<= day","daily",NA,NA,NA
"2017-10-06",125.635,FALSE,NA,NA,"<= day","daily",NA,NA,NA
"2017-10-07",121.125,FALSE,NA,NA,"<= day","daily",NA,NA,NA
"2017-10-08",116.5,FALSE,NA,NA,"<= day","daily",NA,NA,NA
"2017-10-09",119.385,FALSE,NA,NA,"<= day","daily",NA,NA,NA
"2017-10-10",114.948,FALSE,NA,NA,"<= day","daily",NA,NA,NA
"2017-10-11",113.656,FALSE,NA,NA,"<= day","daily",NA,NA,NA
"2017-10-12",110.833,FALSE,NA,NA,"<= day","daily",NA,NA,NA
"2017-10-13",106.906,FALSE,NA,NA,"<= day","daily",NA,NA,NA
"2017-10-14",107.844,FALSE,NA,NA,"<= day","daily",NA,NA,NA
"2017-10-15",108.75,FALSE,NA,NA,"<= day","daily",NA,NA,NA
"2017-10-16",108.135,FALSE,NA,NA,"<= day","daily",NA,NA,NA
"2017-10-17",107.312,FALSE,NA,NA,"<= day","daily",NA,NA,NA
"2017-10-18",102.698,FALSE,NA,NA,"<= day","daily",NA,NA,NA
"2017-10-19",100.906,FALSE,NA,NA,"<= day","daily",NA,NA,NA
"2017-10-20",98.698,FALSE,NA,NA,"<= day","daily",NA,NA,NA
"2017-10-21",95.365,FALSE,NA,NA,"<= day","daily",NA,NA,NA
"2017-10-22",98.729,FALSE,NA,NA,"<= day","daily",NA,NA,NA
"2017-10-23",97.229,FALSE,NA,NA,"<= day","daily",NA,NA,NA
"2017-10-24",100.385,FALSE,NA,NA,"<= day","daily",NA,NA,NA
"2017-10-25",96.406,FALSE,NA,NA,"<= day","daily",NA,NA,NA
"2017-10-26",98.458,FALSE,NA,NA,"<= day","daily",NA,NA,NA
"2017-10-27",98.656,FALSE,NA,NA,"<= day","daily",NA,NA,NA
"2017-10-28",96.75,FALSE,NA,NA,"<= day","daily",NA,NA,NA
"2017-10-29",99.052,FALSE,NA,NA,"<= day","daily",NA,NA,NA
"2017-10-30",101.656,FALSE,NA,NA,"<= day","daily",NA,NA,NA
"2017-10-31",97.177,FALSE,NA,NA,"<= day","daily",NA,NA,NA
"2017-11-01",97.385,FALSE,NA,NA,"<= day","daily",NA,NA,NA
"2017-11-02",94.719,FALSE,NA,NA,"<= day","daily",NA,NA,NA
"2017-11-03",89.927,FALSE,NA,NA,"<= day","daily",NA,NA,NA
"2017-11-04",91.125,FALSE,NA,NA,"<= day","daily",NA,NA,NA
"2017-11-05",102.031,FALSE,NA,NA,"<= day","daily",NA,NA,NA
"2017-11-06",117.156,FALSE,NA,NA,"<= day","daily",NA,NA,NA
"2017-11-07",102.302,FALSE,NA,NA,"<= day","daily",NA,NA,NA
"2017-11-08",104.229,FALSE,NA,NA,"<= day","daily",NA,NA,NA
"2017-11-09",100.812,FALSE,NA,NA,"<= day","daily",NA,NA,NA
"2017-11-10",99.312,FALSE,NA,NA,"<= day","daily",NA,NA,NA
"2017-11-11",110.854,FALSE,NA,NA,"<= day","daily",NA,NA,NA
"2017-11-12",239.906,FALSE,NA,NA,"<= day","daily",NA,NA,NA
"2017-11-13",393.771,FALSE,NA,NA,"<= day","daily",NA,NA,NA
"2017-11-14",234.26,FALSE,NA,NA,"<= day","daily",NA,NA,NA
"2017-11-15",156.365,FALSE,NA,NA,"<= day","daily",NA,NA,NA
"2017-11-16",138.531,FALSE,NA,NA,"<= day","daily",NA,NA,NA
"2017-11-17",134.01,FALSE,NA,NA,"<= day","daily",NA,NA,NA
"2017-11-18",125.26,FALSE,NA,NA,"<= day","daily",NA,NA,NA
"2017-11-19",122.271,FALSE,NA,NA,"<= day","daily",NA,NA,NA
"2017-11-20",122.115,FALSE,NA,NA,"<= day","daily",NA,NA,NA
"2017-11-21",122.406,FALSE,NA,NA,"<= day","daily",NA,NA,NA
"2017-11-22",119.198,FALSE,NA,NA,"<= day","daily",NA,NA,NA
"2017-11-23",116.062,FALSE,NA,NA,"<= day","daily",NA,NA,NA
"2017-11-24",119.021,FALSE,NA,NA,"<= day","daily",NA,NA,NA
"2017-11-25",160.865,FALSE,NA,NA,"<= day","daily",NA,NA,NA
"2017-11-26",198,FALSE,NA,NA,"<= day","daily",NA,NA,NA
"2017-11-27",166.438,FALSE,NA,NA,"<= day","daily",NA,NA,NA
"2017-11-28",147.125,FALSE,NA,NA,"<= day","daily",NA,NA,NA
"2017-11-29",148.385,FALSE,NA,NA,"<= day","daily",NA,NA,NA
"2017-11-30",142.458,FALSE,NA,NA,"<= day","daily",NA,NA,NA
"2017-12-01",132.104,FALSE,NA,NA,"<= day","daily",NA,NA,NA
"2017-12-02",132.365,FALSE,NA,NA,"<= day","daily",NA,NA,NA
"2017-12-03",131.271,FALSE,NA,NA,"<= day","daily",NA,NA,NA
"2017-12-04",130.885,FALSE,NA,NA,"<= day","daily",NA,NA,NA
"2017-12-05",129.906,FALSE,NA,NA,"<= day","daily",NA,NA,NA
"2017-12-06",128.5,FALSE,NA,NA,"<= day","daily",NA,NA,NA
"2017-12-07",129.844,FALSE,NA,NA,"<= day","daily",NA,NA,NA
"2017-12-08",131.323,FALSE,NA,NA,"<= day","daily",NA,NA,NA
"2017-12-09",134.229,FALSE,NA,NA,"<= day","daily",NA,NA,NA
"2017-12-10",151.719,FALSE,NA,NA,"<= day","daily",NA,NA,NA
"2017-12-11",311.156,FALSE,NA,NA,"<= day","daily",NA,NA,NA
"2017-12-12",555.76,FALSE,NA,NA,"<= day","daily",NA,NA,NA
"2017-12-13",401.938,FALSE,NA,NA,"<= day","daily",NA,NA,NA
"2017-12-14",445.562,FALSE,NA,NA,"<= day","daily",NA,NA,NA
"2017-12-15",511.667,FALSE,NA,NA,"<= day","daily",NA,NA,NA
"2017-12-16",418.292,FALSE,NA,NA,"<= day","daily",NA,NA,NA
"2017-12-17",349.51,FALSE,NA,NA,"<= day","daily",NA,NA,NA
"2017-12-18",323.417,FALSE,NA,NA,"<= day","daily",NA,NA,NA
"2017-12-19",304.333,FALSE,NA,NA,"<= day","daily",NA,NA,NA
"2017-12-20",294.573,FALSE,NA,NA,"<= day","daily",NA,NA,NA
"2017-12-21",314.979,FALSE,NA,NA,"<= day","daily",NA,NA,NA
"2017-12-22",377.917,FALSE,NA,NA,"<= day","daily",NA,NA,NA
"2017-12-23",385.615,FALSE,NA,NA,"<= day","daily",NA,NA,NA
"2017-12-24",368.75,FALSE,NA,NA,"<= day","daily",NA,NA,NA
"2017-12-25",364.958,FALSE,NA,NA,"<= day","daily",NA,NA,NA
"2017-12-26",368.271,FALSE,NA,NA,"<= day","daily",NA,NA,NA
"2017-12-27",362.854,FALSE,NA,NA,"<= day","daily",NA,NA,NA
"2017-12-28",357.865,FALSE,NA,NA,"<= day","daily",NA,NA,NA
"2017-12-29",340.812,FALSE,NA,NA,"<= day","daily",NA,NA,NA
"2017-12-30",353.333,FALSE,NA,NA,"<= day","daily",NA,NA,NA
"2017-12-31",493.427,FALSE,NA,NA,"<= day","daily",NA,NA,NA
"2018-01-01",495.344,FALSE,NA,NA,"<= day","daily",NA,NA,NA
"2018-01-02",493.781,FALSE,NA,NA,"<= day","daily",NA,NA,NA
"2018-01-03",609.135,FALSE,NA,NA,"<= day","daily",NA,NA,NA
"2018-01-04",823.427,FALSE,NA,NA,"<= day","daily",NA,NA,NA
"2018-01-05",984.635,FALSE,NA,NA,"<= day","daily",NA,NA,NA
"2018-01-06",1045.323,FALSE,NA,NA,"<= day","daily",NA,NA,NA
"2018-01-07",1051.438,FALSE,NA,NA,"<= day","daily",NA,NA,NA
"2018-01-08",1032.812,FALSE,NA,NA,"<= day","daily",NA,NA,NA
"2018-01-09",1000.365,FALSE,NA,NA,"<= day","daily",NA,NA,NA
"2018-01-10",962.281,FALSE,NA,NA,"<= day","daily",NA,NA,NA
"2018-01-11",912.667,FALSE,NA,NA,"<= day","daily",NA,NA,NA
"2018-01-12",853.896,FALSE,NA,NA,"<= day","daily",NA,NA,NA
"2018-01-13",803.427,FALSE,NA,NA,"<= day","daily",NA,NA,NA
"2018-01-14",752.938,FALSE,NA,NA,"<= day","daily",NA,NA,NA
"2018-01-15",721.562,FALSE,NA,NA,"<= day","daily",NA,NA,NA
"2018-01-16",765.469,FALSE,NA,NA,"<= day","daily",NA,NA,NA
"2018-01-17",946.146,FALSE,NA,NA,"<= day","daily",NA,NA,NA
"2018-01-18",1041.26,FALSE,NA,NA,"<= day","daily",NA,NA,NA
"2018-01-19",1113.75,FALSE,NA,NA,"<= day","daily",NA,NA,NA
"2018-01-20",1137.458,FALSE,NA,NA,"<= day","daily",NA,NA,NA
"2018-01-21",1150.385,FALSE,NA,NA,"<= day","daily",NA,NA,NA
"2018-01-22",1161.021,FALSE,NA,NA,"<= day","daily",NA,NA,NA
"2018-01-23",1170.802,FALSE,NA,NA,"<= day","daily",NA,NA,NA
"2018-01-24",1168.906,FALSE,NA,NA,"<= day","daily",NA,NA,NA
"2018-01-25",1169.156,FALSE,NA,NA,"<= day","daily",NA,NA,NA
"2018-01-26",1165.677,FALSE,NA,NA,"<= day","daily",NA,NA,NA
"2018-01-27",1163.854,FALSE,NA,NA,"<= day","daily",NA,NA,NA
"2018-01-28",1155.896,FALSE,NA,NA,"<= day","daily",NA,NA,NA
"2018-01-29",1150.969,FALSE,NA,NA,"<= day","daily",NA,NA,NA
"2018-01-30",1145.646,FALSE,NA,NA,"<= day","daily",NA,NA,NA
"2018-01-31",1137.76,FALSE,NA,NA,"<= day","daily",NA,NA,NA
"2018-02-01",1133.427,FALSE,NA,NA,"<= day","daily",NA,NA,NA
"2018-02-02",1131.906,FALSE,NA,NA,"<= day","daily",NA,NA,NA
"2018-02-03",1129.125,FALSE,NA,NA,"<= day","daily",NA,NA,NA
"2018-02-04",1121.01,FALSE,NA,NA,"<= day","daily",NA,NA,NA
"2018-02-05",1115.917,FALSE,NA,NA,"<= day","daily",NA,NA,NA
"2018-02-06",1105.302,FALSE,NA,NA,"<= day","daily",NA,NA,NA
"2018-02-07",1099.052,FALSE,NA,NA,"<= day","daily",NA,NA,NA
"2018-02-08",1087.615,FALSE,NA,NA,"<= day","daily",NA,NA,NA
"2018-02-09",1077.323,FALSE,NA,NA,"<= day","daily",NA,NA,NA
"2018-02-10",1067.958,FALSE,NA,NA,"<= day","daily",NA,NA,NA
"2018-02-11",1057.458,FALSE,NA,NA,"<= day","daily",NA,NA,NA
"2018-02-12",1047.042,FALSE,NA,NA,"<= day","daily",NA,NA,NA
"2018-02-13",1029.969,FALSE,NA,NA,"<= day","daily",NA,NA,NA
"2018-02-14",1016.552,FALSE,NA,NA,"<= day","daily",NA,NA,NA
"2018-02-15",1010,FALSE,NA,NA,"<= day","daily",NA,NA,NA
"2018-02-16",991.896,FALSE,NA,NA,"<= day","daily",NA,NA,NA
"2018-02-17",974.812,FALSE,NA,NA,"<= day","daily",NA,NA,NA
"2018-02-18",960.469,FALSE,NA,NA,"<= day","daily",NA,NA,NA
"2018-02-19",941.646,FALSE,NA,NA,"<= day","daily",NA,NA,NA
"2018-02-20",923.604,FALSE,NA,NA,"<= day","daily",NA,NA,NA
"2018-02-21",907.333,FALSE,NA,NA,"<= day","daily",NA,NA,NA
"2018-02-22",891.562,FALSE,NA,NA,"<= day","daily",NA,NA,NA
"2018-02-23",876.604,FALSE,NA,NA,"<= day","daily",NA,NA,NA
"2018-02-24",858.219,FALSE,NA,NA,"<= day","daily",NA,NA,NA
"2018-02-25",843.812,FALSE,NA,NA,"<= day","daily",NA,NA,NA
"2018-02-26",828.271,FALSE,NA,NA,"<= day","daily",NA,NA,NA
"2018-02-27",818.531,FALSE,NA,NA,"<= day","daily",NA,NA,NA
"2018-02-28",810.292,FALSE,NA,NA,"<= day","daily",NA,NA,NA
"2018-03-01",792.635,FALSE,NA,NA,"<= day","daily",NA,NA,NA
"2018-03-02",789.583,FALSE,NA,NA,"<= day","daily",NA,NA,NA
"2018-03-03",804,FALSE,NA,NA,"<= day","daily",NA,NA,NA
"2018-03-04",807.115,FALSE,NA,NA,"<= day","daily",NA,NA,NA
"2018-03-05",785.531,FALSE,NA,NA,"<= day","daily",NA,NA,NA
"2018-03-06",772.458,FALSE,NA,NA,"<= day","daily",NA,NA,NA
"2018-03-07",762.5,FALSE,NA,NA,"<= day","daily",NA,NA,NA
"2018-03-08",749.115,FALSE,NA,NA,"<= day","daily",NA,NA,NA
"2018-03-09",740.281,FALSE,NA,NA,"<= day","daily",NA,NA,NA
"2018-03-10",732.802,FALSE,NA,NA,"<= day","daily",NA,NA,NA
"2018-03-11",725.271,FALSE,NA,NA,"<= day","daily",NA,NA,NA
"2018-03-12",728.312,FALSE,NA,NA,"<= day","daily",NA,NA,NA
"2018-03-13",717.062,FALSE,NA,NA,"<= day","daily",NA,NA,NA
"2018-03-14",703.052,FALSE,NA,NA,"<= day","daily",NA,NA,NA
"2018-03-15",699.906,FALSE,NA,NA,"<= day","daily",NA,NA,NA
"2018-03-16",698.156,FALSE,NA,NA,"<= day","daily",NA,NA,NA
"2018-03-17",695.99,FALSE,NA,NA,"<= day","daily",NA,NA,NA
"2018-03-18",687.323,FALSE,NA,NA,"<= day","daily",NA,NA,NA
"2018-03-19",677.729,FALSE,NA,NA,"<= day","daily",NA,NA,NA
"2018-03-20",665.844,FALSE,NA,NA,"<= day","daily",NA,NA,NA
"2018-03-21",656.823,FALSE,NA,NA,"<= day","daily",NA,NA,NA
"2018-03-22",648.177,FALSE,NA,NA,"<= day","daily",NA,NA,NA
"2018-03-23",651.417,FALSE,NA,NA,"<= day","daily",NA,NA,NA
"2018-03-24",653.156,FALSE,NA,NA,"<= day","daily",NA,NA,NA
"2018-03-25",648.417,FALSE,NA,NA,"<= day","daily",NA,NA,NA
"2018-03-26",638.573,FALSE,NA,NA,"<= day","daily",NA,NA,NA
"2018-03-27",631.198,FALSE,NA,NA,"<= day","daily",NA,NA,NA
"2018-03-28",633.271,FALSE,NA,NA,"<= day","daily",NA,NA,NA
"2018-03-29",647.094,FALSE,NA,NA,"<= day","daily",NA,NA,NA
"2018-03-30",636.323,FALSE,NA,NA,"<= day","daily",NA,NA,NA
"2018-03-31",632.677,FALSE,NA,NA,"<= day","daily",NA,NA,NA
"2018-04-01",627.823,FALSE,NA,NA,"<= day","daily",NA,NA,NA
"2018-04-02",615.573,FALSE,NA,NA,"<= day","daily",NA,NA,NA
"2018-04-03",609.51,FALSE,NA,NA,"<= day","daily",NA,NA,NA
"2018-04-04",601.531,FALSE,NA,NA,"<= day","daily",NA,NA,NA
"2018-04-05",595.01,FALSE,NA,NA,"<= day","daily",NA,NA,NA
"2018-04-06",587.344,FALSE,NA,NA,"<= day","daily",NA,NA,NA
"2018-04-07",576.698,FALSE,NA,NA,"<= day","daily",NA,NA,NA
"2018-04-08",579.479,FALSE,NA,NA,"<= day","daily",NA,NA,NA
"2018-04-09",577.021,FALSE,NA,NA,"<= day","daily",NA,NA,NA
"2018-04-10",580.427,FALSE,NA,NA,"<= day","daily",NA,NA,NA
"2018-04-11",589.969,FALSE,NA,NA,"<= day","daily",NA,NA,NA
"2018-04-12",572.698,FALSE,NA,NA,"<= day","daily",NA,NA,NA
"2018-04-13",563.094,FALSE,NA,NA,"<= day","daily",NA,NA,NA
"2018-04-14",549.885,FALSE,NA,NA,"<= day","daily",NA,NA,NA
"2018-04-15",541.156,FALSE,NA,NA,"<= day","daily",NA,NA,NA
"2018-04-16",543.333,FALSE,NA,NA,"<= day","daily",NA,NA,NA
"2018-04-17",532,FALSE,NA,NA,"<= day","daily",NA,NA,NA
"2018-04-18",522.99,FALSE,NA,NA,"<= day","daily",NA,NA,NA
"2018-04-19",519.583,FALSE,NA,NA,"<= day","daily",NA,NA,NA
"2018-04-20",514.469,FALSE,NA,NA,"<= day","daily",NA,NA,NA
"2018-04-21",510.604,FALSE,NA,NA,"<= day","daily",NA,NA,NA
"2018-04-22",506.094,FALSE,NA,NA,"<= day","daily",NA,NA,NA
"2018-04-23",511.5,FALSE,NA,NA,"<= day","daily",NA,NA,NA
"2018-04-24",504.552,FALSE,NA,NA,"<= day","daily",NA,NA,NA
"2018-04-25",497.49,FALSE,NA,NA,"<= day","daily",NA,NA,NA
"2018-04-26",492.51,FALSE,NA,NA,"<= day","daily",NA,NA,NA
"2018-04-27",485.906,FALSE,NA,NA,"<= day","daily",NA,NA,NA
"2018-04-28",494,FALSE,NA,NA,"<= day","daily",NA,NA,NA
"2018-04-29",522.76,FALSE,NA,NA,"<= day","daily",NA,NA,NA
"2018-04-30",504.052,FALSE,NA,NA,"<= day","daily",NA,NA,NA
"2018-05-01",488.688,FALSE,NA,NA,"<= day","daily",NA,NA,NA
"2018-05-02",463.562,FALSE,NA,NA,"<= day","daily",NA,NA,NA
"2018-05-03",460.042,FALSE,NA,NA,"<= day","daily",NA,NA,NA
"2018-05-04",454.094,FALSE,NA,NA,"<= day","daily",NA,NA,NA
"2018-05-05",442.26,FALSE,NA,NA,"<= day","daily",NA,NA,NA
"2018-05-06",440.812,FALSE,NA,NA,"<= day","daily",NA,NA,NA
"2018-05-07",434.625,FALSE,NA,NA,"<= day","daily",NA,NA,NA
"2018-05-08",430.656,FALSE,NA,NA,"<= day","daily",NA,NA,NA
"2018-05-09",432.125,FALSE,NA,NA,"<= day","daily",NA,NA,NA
"2018-05-10",438.677,FALSE,NA,NA,"<= day","daily",NA,NA,NA
"2018-05-11",426.906,FALSE,NA,NA,"<= day","daily",NA,NA,NA
"2018-05-12",416.26,FALSE,NA,NA,"<= day","daily",NA,NA,NA
"2018-05-13",429.312,FALSE,NA,NA,"<= day","daily",NA,NA,NA
"2018-05-14",522.812,FALSE,NA,NA,"<= day","daily",NA,NA,NA
"2018-05-15",466.896,FALSE,NA,NA,"<= day","daily",NA,NA,NA
"2018-05-16",445.656,FALSE,NA,NA,"<= day","daily",NA,NA,NA
"2018-05-17",446.312,FALSE,NA,NA,"<= day","daily",NA,NA,NA
"2018-05-18",417.938,FALSE,NA,NA,"<= day","daily",NA,NA,NA
"2018-05-19",412.583,FALSE,NA,NA,"<= day","daily",NA,NA,NA
"2018-05-20",424.938,FALSE,NA,NA,"<= day","daily",NA,NA,NA
"2018-05-21",427.729,FALSE,NA,NA,"<= day","daily",NA,NA,NA
"2018-05-22",489.958,FALSE,NA,NA,"<= day","daily",NA,NA,NA
"2018-05-23",488.219,FALSE,NA,NA,"<= day","daily",NA,NA,NA
"2018-05-24",448.906,FALSE,NA,NA,"<= day","daily",NA,NA,NA
"2018-05-25",419.667,FALSE,NA,NA,"<= day","daily",NA,NA,NA
"2018-05-26",407.49,FALSE,NA,NA,"<= day","daily",NA,NA,NA
"2018-05-27",404.969,FALSE,NA,NA,"<= day","daily",NA,NA,NA
"2018-05-28",398.448,FALSE,NA,NA,"<= day","daily",NA,NA,NA
"2018-05-29",397.698,FALSE,NA,NA,"<= day","daily",NA,NA,NA
"2018-05-30",391.219,FALSE,NA,NA,"<= day","daily",NA,NA,NA
"2018-05-31",408.219,FALSE,NA,NA,"<= day","daily",NA,NA,NA
"2018-06-01",513.604,FALSE,NA,NA,"<= day","daily",NA,NA,NA
"2018-06-02",441.062,FALSE,NA,NA,"<= day","daily",NA,NA,NA
"2018-06-03",402.24,FALSE,NA,NA,"<= day","daily",NA,NA,NA
"2018-06-04",393.01,FALSE,NA,NA,"<= day","daily",NA,NA,NA
"2018-06-05",386.604,FALSE,NA,NA,"<= day","daily",NA,NA,NA
"2018-06-06",382.146,FALSE,NA,NA,"<= day","daily",NA,NA,NA
"2018-06-07",373.719,FALSE,NA,NA,"<= day","daily",NA,NA,NA
"2018-06-08",380.26,FALSE,NA,NA,"<= day","daily",NA,NA,NA
"2018-06-09",423.51,FALSE,NA,NA,"<= day","daily",NA,NA,NA
"2018-06-10",431.469,FALSE,NA,NA,"<= day","daily",NA,NA,NA
"2018-06-11",423.604,FALSE,NA,NA,"<= day","daily",NA,NA,NA
"2018-06-12",450.135,FALSE,NA,NA,"<= day","daily",NA,NA,NA
"2018-06-13",606.083,FALSE,NA,NA,"<= day","daily",NA,NA,NA
"2018-06-14",483.74,FALSE,NA,NA,"<= day","daily",NA,NA,NA
"2018-06-15",414.427,FALSE,NA,NA,"<= day","daily",NA,NA,NA
"2018-06-16",388.677,FALSE,NA,NA,"<= day","daily",NA,NA,NA
"2018-06-17",380.417,FALSE,NA,NA,"<= day","daily",NA,NA,NA
"2018-06-18",371.375,FALSE,NA,NA,"<= day","daily",NA,NA,NA
"2018-06-19",367.99,FALSE,NA,NA,"<= day","daily",NA,NA,NA
"2018-06-20",359.896,FALSE,NA,NA,"<= day","daily",NA,NA,NA
"2018-06-21",355.771,FALSE,NA,NA,"<= day","daily",NA,NA,NA
"2018-06-22",355.469,FALSE,NA,NA,"<= day","daily",NA,NA,NA
"2018-06-23",348.062,FALSE,NA,NA,"<= day","daily",NA,NA,NA
"2018-06-24",349.292,FALSE,NA,NA,"<= day","daily",NA,NA,NA
"2018-06-25",338.865,FALSE,NA,NA,"<= day","daily",NA,NA,NA
"2018-06-26",307.083,FALSE,NA,NA,"<= day","daily",NA,NA,NA
"2018-06-27",288.552,FALSE,NA,NA,"<= day","daily",NA,NA,NA
"2018-06-28",285.948,FALSE,NA,NA,"<= day","daily",NA,NA,NA
"2018-06-29",279.74,FALSE,NA,NA,"<= day","daily",NA,NA,NA
"2018-06-30",276.177,FALSE,NA,NA,"<= day","daily",NA,NA,NA
"2018-07-01",274.156,FALSE,NA,NA,"<= day","daily",NA,NA,NA
"2018-07-02",271.875,FALSE,NA,NA,"<= day","daily",NA,NA,NA
"2018-07-03",265.667,FALSE,NA,NA,"<= day","daily",NA,NA,NA
"2018-07-04",283.24,FALSE,NA,NA,"<= day","daily",NA,NA,NA
"2018-07-05",315.135,FALSE,NA,NA,"<= day","daily",NA,NA,NA
"2018-07-06",305.198,FALSE,NA,NA,"<= day","daily",NA,NA,NA
"2018-07-07",291.562,FALSE,NA,NA,"<= day","daily",NA,NA,NA
"2018-07-08",276.208,FALSE,NA,NA,"<= day","daily",NA,NA,NA
"2018-07-09",272.042,FALSE,NA,NA,"<= day","daily",NA,NA,NA
"2018-07-10",269.812,FALSE,NA,NA,"<= day","daily",NA,NA,NA
"2018-07-11",266.656,FALSE,NA,NA,"<= day","daily",NA,NA,NA
"2018-07-12",265.031,FALSE,NA,NA,"<= day","daily",NA,NA,NA
"2018-07-13",252.938,FALSE,NA,NA,"<= day","daily",NA,NA,NA
"2018-07-14",250.188,FALSE,NA,NA,"<= day","daily",NA,NA,NA
"2018-07-15",254.083,FALSE,NA,NA,"<= day","daily",NA,NA,NA
"2018-07-16",244.771,FALSE,NA,NA,"<= day","daily",NA,NA,NA
"2018-07-17",255.969,FALSE,NA,NA,"<= day","daily",NA,NA,NA
"2018-07-18",273.062,FALSE,NA,NA,"<= day","daily",NA,NA,NA
"2018-07-19",252.969,FALSE,NA,NA,"<= day","daily",NA,NA,NA
"2018-07-20",247.958,FALSE,NA,NA,"<= day","daily",NA,NA,NA
"2018-07-21",257.917,FALSE,NA,NA,"<= day","daily",NA,NA,NA
"2018-07-22",293.479,FALSE,NA,NA,"<= day","daily",NA,NA,NA
"2018-07-23",278.583,FALSE,NA,NA,"<= day","daily",NA,NA,NA
"2018-07-24",249.5,FALSE,NA,NA,"<= day","daily",NA,NA,NA
"2018-07-25",233.51,FALSE,NA,NA,"<= day","daily",NA,NA,NA
"2018-07-26",231.875,FALSE,NA,NA,"<= day","daily",NA,NA,NA
"2018-07-27",222.062,FALSE,NA,NA,"<= day","daily",NA,NA,NA
"2018-07-28",227.125,FALSE,NA,NA,"<= day","daily",NA,NA,NA
"2018-07-29",229.792,FALSE,NA,NA,"<= day","daily",NA,NA,NA
"2018-07-30",223.458,FALSE,NA,NA,"<= day","daily",NA,NA,NA
"2018-07-31",213.333,FALSE,NA,NA,"<= day","daily",NA,NA,NA
"2018-08-01",217.958,FALSE,NA,NA,"<= day","daily",NA,NA,NA
"2018-08-02",233.479,FALSE,NA,NA,"<= day","daily",NA,NA,NA
"2018-08-03",220.844,FALSE,NA,NA,"<= day","daily",NA,NA,NA
"2018-08-04",218.344,FALSE,NA,NA,"<= day","daily",NA,NA,NA
"2018-08-05",220.25,FALSE,NA,NA,"<= day","daily",NA,NA,NA
"2018-08-06",219.667,FALSE,NA,NA,"<= day","daily",NA,NA,NA
"2018-08-07",227.167,FALSE,NA,NA,"<= day","daily",NA,NA,NA
"2018-08-08",226.177,FALSE,NA,NA,"<= day","daily",NA,NA,NA
"2018-08-09",222.896,FALSE,NA,NA,"<= day","daily",NA,NA,NA
"2018-08-10",213.625,FALSE,NA,NA,"<= day","daily",NA,NA,NA
"2018-08-11",211.542,FALSE,NA,NA,"<= day","daily",NA,NA,NA
"2018-08-12",208.771,FALSE,NA,NA,"<= day","daily",NA,NA,NA
"2018-08-13",210.99,FALSE,NA,NA,"<= day","daily",NA,NA,NA
"2018-08-14",217.562,FALSE,NA,NA,"<= day","daily",NA,NA,NA
"2018-08-15",206.99,FALSE,NA,NA,"<= day","daily",NA,NA,NA
"2018-08-16",208.729,FALSE,NA,NA,"<= day","daily",NA,NA,NA
"2018-08-17",208.833,FALSE,NA,NA,"<= day","daily",NA,NA,NA
"2018-08-18",220.885,FALSE,NA,NA,"<= day","daily",NA,NA,NA
"2018-08-19",207.271,FALSE,NA,NA,"<= day","daily",NA,NA,NA
"2018-08-20",200.219,FALSE,NA,NA,"<= day","daily",NA,NA,NA
"2018-08-21",196.427,FALSE,NA,NA,"<= day","daily",NA,NA,NA
"2018-08-22",196.281,FALSE,NA,NA,"<= day","daily",NA,NA,NA
"2018-08-23",204.906,FALSE,NA,NA,"<= day","daily",NA,NA,NA
"2018-08-24",213.365,FALSE,NA,NA,"<= day","daily",NA,NA,NA
"2018-08-25",206.552,FALSE,NA,NA,"<= day","daily",NA,NA,NA
"2018-08-26",199.604,FALSE,NA,NA,"<= day","daily",NA,NA,NA
"2018-08-27",195.49,FALSE,NA,NA,"<= day","daily",NA,NA,NA
"2018-08-28",189.198,FALSE,NA,NA,"<= day","daily",NA,NA,NA
"2018-08-29",188.865,FALSE,NA,NA,"<= day","daily",NA,NA,NA
"2018-08-30",190.604,FALSE,NA,NA,"<= day","daily",NA,NA,NA
"2018-08-31",203.969,FALSE,NA,NA,"<= day","daily",NA,NA,NA
"2018-09-01",220.948,FALSE,NA,NA,"<= day","daily",NA,NA,NA
"2018-09-02",200.104,FALSE,NA,NA,"<= day","daily",NA,NA,NA
"2018-09-03",193.24,FALSE,NA,NA,"<= day","daily",NA,NA,NA
"2018-09-04",185.531,FALSE,NA,NA,"<= day","daily",NA,NA,NA
"2018-09-05",180.844,FALSE,NA,NA,"<= day","daily",NA,NA,NA
"2018-09-06",186.781,FALSE,NA,NA,"<= day","daily",NA,NA,NA
"2018-09-07",186.969,FALSE,NA,NA,"<= day","daily",NA,NA,NA
"2018-09-08",179.646,FALSE,NA,NA,"<= day","daily",NA,NA,NA
"2018-09-09",174.333,FALSE,NA,NA,"<= day","daily",NA,NA,NA
"2018-09-10",171.406,FALSE,NA,NA,"<= day","daily",NA,NA,NA
"2018-09-11",170.542,FALSE,NA,NA,"<= day","daily",NA,NA,NA
"2018-09-12",168.688,FALSE,NA,NA,"<= day","daily",NA,NA,NA
"2018-09-13",177.021,FALSE,NA,NA,"<= day","daily",NA,NA,NA
"2018-09-14",185.656,FALSE,NA,NA,"<= day","daily",NA,NA,NA
"2018-09-15",175.229,FALSE,NA,NA,"<= day","daily",NA,NA,NA
"2018-09-16",167.948,FALSE,NA,NA,"<= day","daily",NA,NA,NA
"2018-09-17",167.229,FALSE,NA,NA,"<= day","daily",NA,NA,NA
"2018-09-18",171.25,FALSE,NA,NA,"<= day","daily",NA,NA,NA
"2018-09-19",185.156,FALSE,NA,NA,"<= day","daily",NA,NA,NA
"2018-09-20",169.5,FALSE,NA,NA,"<= day","daily",NA,NA,NA
"2018-09-21",166.75,FALSE,NA,NA,"<= day","daily",NA,NA,NA
"2018-09-22",166.25,FALSE,NA,NA,"<= day","daily",NA,NA,NA
"2018-09-23",175.458,FALSE,NA,NA,"<= day","daily",NA,NA,NA
"2018-09-24",224.74,FALSE,NA,NA,"<= day","daily",NA,NA,NA
"2018-09-25",186.792,FALSE,NA,NA,"<= day","daily",NA,NA,NA
"2018-09-26",168.01,FALSE,NA,NA,"<= day","daily",NA,NA,NA
"2018-09-27",166.292,FALSE,NA,NA,"<= day","daily",NA,NA,NA
"2018-09-28",162.333,FALSE,NA,NA,"<= day","daily",NA,NA,NA
"2018-09-29",159.75,FALSE,NA,NA,"<= day","daily",NA,NA,NA
"2018-09-30",161.25,FALSE,NA,NA,"<= day","daily",NA,NA,NA
"2018-10-01",159.521,FALSE,NA,NA,"<= day","daily",NA,NA,NA
"2018-10-02",158.948,FALSE,NA,NA,"<= day","daily",NA,NA,NA
"2018-10-03",152.74,FALSE,NA,NA,"<= day","daily",NA,NA,NA
"2018-10-04",149.292,FALSE,NA,NA,"<= day","daily",NA,NA,NA
"2018-10-05",148.25,FALSE,NA,NA,"<= day","daily",NA,NA,NA
"2018-10-06",148.865,FALSE,NA,NA,"<= day","daily",NA,NA,NA
"2018-10-07",149.115,FALSE,NA,NA,"<= day","daily",NA,NA,NA
"2018-10-08",149.521,FALSE,NA,NA,"<= day","daily",NA,NA,NA
"2018-10-09",146.833,FALSE,NA,NA,"<= day","daily",NA,NA,NA
"2018-10-10",142.792,FALSE,NA,NA,"<= day","daily",NA,NA,NA
"2018-10-11",142.979,FALSE,NA,NA,"<= day","daily",NA,NA,NA
"2018-10-12",143.521,FALSE,NA,NA,"<= day","daily",NA,NA,NA
"2018-10-13",141.406,FALSE,NA,NA,"<= day","daily",NA,NA,NA
"2018-10-14",140.885,FALSE,NA,NA,"<= day","daily",NA,NA,NA
"2018-10-15",140.365,FALSE,NA,NA,"<= day","daily",NA,NA,NA
"2018-10-16",141.156,FALSE,NA,NA,"<= day","daily",NA,NA,NA
"2018-10-17",137.792,FALSE,NA,NA,"<= day","daily",NA,NA,NA
"2018-10-18",137.521,FALSE,NA,NA,"<= day","daily",NA,NA,NA
"2018-10-19",135.177,FALSE,NA,NA,"<= day","daily",NA,NA,NA
"2018-10-20",133.729,FALSE,NA,NA,"<= day","daily",NA,NA,NA
"2018-10-21",136,FALSE,NA,NA,"<= day","daily",NA,NA,NA
"2018-10-22",134.115,FALSE,NA,NA,"<= day","daily",NA,NA,NA
"2018-10-23",136.75,FALSE,NA,NA,"<= day","daily",NA,NA,NA
"2018-10-24",133.906,FALSE,NA,NA,"<= day","daily",NA,NA,NA
"2018-10-25",134.271,FALSE,NA,NA,"<= day","daily",NA,NA,NA
"2018-10-26",132,FALSE,NA,NA,"<= day","daily",NA,NA,NA
"2018-10-27",138.354,FALSE,NA,NA,"<= day","daily",NA,NA,NA
"2018-10-28",165.885,FALSE,NA,NA,"<= day","daily",NA,NA,NA
"2018-10-29",175.427,FALSE,NA,NA,"<= day","daily",NA,NA,NA
"2018-10-30",145.115,FALSE,NA,NA,"<= day","daily",NA,NA,NA
"2018-10-31",135.792,FALSE,NA,NA,"<= day","daily",NA,NA,NA
"2018-11-01",135.979,FALSE,NA,NA,"<= day","daily",NA,NA,NA
"2018-11-02",136.292,FALSE,NA,NA,"<= day","daily",NA,NA,NA
"2018-11-03",132.677,FALSE,NA,NA,"<= day","daily",NA,NA,NA
"2018-11-04",131.885,FALSE,NA,NA,"<= day","daily",NA,NA,NA
"2018-11-05",130.792,FALSE,NA,NA,"<= day","daily",NA,NA,NA
"2018-11-06",128.177,FALSE,NA,NA,"<= day","daily",NA,NA,NA
"2018-11-07",126.385,FALSE,NA,NA,"<= day","daily",NA,NA,NA
"2018-11-08",126.521,FALSE,NA,NA,"<= day","daily",NA,NA,NA
"2018-11-09",124.521,FALSE,NA,NA,"<= day","daily",NA,NA,NA
"2018-11-10",124.979,FALSE,NA,NA,"<= day","daily",NA,NA,NA
"2018-11-11",125.521,FALSE,NA,NA,"<= day","daily",NA,NA,NA
"2018-11-12",123.75,FALSE,NA,NA,"<= day","daily",NA,NA,NA
"2018-11-13",125.594,FALSE,NA,NA,"<= day","daily",NA,NA,NA
"2018-11-14",125.656,FALSE,NA,NA,"<= day","daily",NA,NA,NA
"2018-11-15",123.75,FALSE,NA,NA,"<= day","daily",NA,NA,NA
"2018-11-16",124.906,FALSE,NA,NA,"<= day","daily",NA,NA,NA
"2018-11-17",120.469,FALSE,NA,NA,"<= day","daily",NA,NA,NA
"2018-11-18",117.635,FALSE,NA,NA,"<= day","daily",NA,NA,NA
"2018-11-19",118.958,FALSE,NA,NA,"<= day","daily",NA,NA,NA
"2018-11-20",120.385,FALSE,NA,NA,"<= day","daily",NA,NA,NA
"2018-11-21",118.406,FALSE,NA,NA,"<= day","daily",NA,NA,NA
"2018-11-22",117.771,FALSE,NA,NA,"<= day","daily",NA,NA,NA
"2018-11-23",115.927,FALSE,NA,NA,"<= day","daily",NA,NA,NA
"2018-11-24",113.635,FALSE,NA,NA,"<= day","daily",NA,NA,NA
"2018-11-25",114.844,FALSE,NA,NA,"<= day","daily",NA,NA,NA
"2018-11-26",116.438,FALSE,NA,NA,"<= day","daily",NA,NA,NA
"2018-11-27",120.094,FALSE,NA,NA,"<= day","daily",NA,NA,NA
"2018-11-28",119.729,FALSE,NA,NA,"<= day","daily",NA,NA,NA
"2018-11-29",124.521,FALSE,NA,NA,"<= day","daily",NA,NA,NA
"2018-11-30",138.333,FALSE,NA,NA,"<= day","daily",NA,NA,NA
"2018-12-01",139.156,FALSE,NA,NA,"<= day","daily",NA,NA,NA
"2018-12-02",139.052,FALSE,NA,NA,"<= day","daily",NA,NA,NA
"2018-12-03",146.521,FALSE,NA,NA,"<= day","daily",NA,NA,NA
"2018-12-04",156.271,FALSE,NA,NA,"<= day","daily",NA,NA,NA
"2018-12-05",145.594,FALSE,NA,NA,"<= day","daily",NA,NA,NA
"2018-12-06",139.448,FALSE,NA,NA,"<= day","daily",NA,NA,NA
"2018-12-07",137.5,FALSE,NA,NA,"<= day","daily",NA,NA,NA
"2018-12-08",147.438,FALSE,NA,NA,"<= day","daily",NA,NA,NA
"2018-12-09",211.583,FALSE,NA,NA,"<= day","daily",NA,NA,NA
"2018-12-10",255.302,FALSE,NA,NA,"<= day","daily",NA,NA,NA
"2018-12-11",185.958,FALSE,NA,NA,"<= day","daily",NA,NA,NA
"2018-12-12",159.885,FALSE,NA,NA,"<= day","daily",NA,NA,NA
"2018-12-13",150.354,FALSE,NA,NA,"<= day","daily",NA,NA,NA
"2018-12-14",148.771,FALSE,NA,NA,"<= day","daily",NA,NA,NA
"2018-12-15",146.812,FALSE,NA,NA,"<= day","daily",NA,NA,NA
"2018-12-16",142.854,FALSE,NA,NA,"<= day","daily",NA,NA,NA
"2018-12-17",138.042,FALSE,NA,NA,"<= day","daily",NA,NA,NA
"2018-12-18",139.073,FALSE,NA,NA,"<= day","daily",NA,NA,NA
"2018-12-19",141.135,FALSE,NA,NA,"<= day","daily",NA,NA,NA
"2018-12-20",139.917,FALSE,NA,NA,"<= day","daily",NA,NA,NA
"2018-12-21",158.917,FALSE,NA,NA,"<= day","daily",NA,NA,NA
"2018-12-22",234.125,FALSE,NA,NA,"<= day","daily",NA,NA,NA
"2018-12-23",291.25,FALSE,NA,NA,"<= day","daily",NA,NA,NA
"2018-12-24",388.656,FALSE,NA,NA,"<= day","daily",NA,NA,NA
"2018-12-25",363.354,FALSE,NA,NA,"<= day","daily",NA,NA,NA
"2018-12-26",248.156,FALSE,NA,NA,"<= day","daily",NA,NA,NA
"2018-12-27",206.073,FALSE,NA,NA,"<= day","daily",NA,NA,NA
"2018-12-28",190.115,FALSE,NA,NA,"<= day","daily",NA,NA,NA
"2018-12-29",181.854,FALSE,NA,NA,"<= day","daily",NA,NA,NA
"2018-12-30",178.24,FALSE,NA,NA,"<= day","daily",NA,NA,NA
"2018-12-31",171.792,FALSE,NA,NA,"<= day","daily",NA,NA,NA
"2019-01-01",174.094,FALSE,NA,NA,"<= day","daily",NA,NA,NA
"2019-01-02",172.583,FALSE,NA,NA,"<= day","daily",NA,NA,NA
"2019-01-03",167.583,FALSE,NA,NA,"<= day","daily",NA,NA,NA
"2019-01-04",165.385,FALSE,NA,NA,"<= day","daily",NA,NA,NA
"2019-01-05",166.323,FALSE,NA,NA,"<= day","daily",NA,NA,NA
"2019-01-06",169.344,FALSE,NA,NA,"<= day","daily",NA,NA,NA
"2019-01-07",169.021,FALSE,NA,NA,"<= day","daily",NA,NA,NA
"2019-01-08",168.708,FALSE,NA,NA,"<= day","daily",NA,NA,NA
"2019-01-09",172.208,FALSE,NA,NA,"<= day","daily",NA,NA,NA
"2019-01-10",171.677,FALSE,NA,NA,"<= day","daily",NA,NA,NA
"2019-01-11",167.167,FALSE,NA,NA,"<= day","daily",NA,NA,NA
"2019-01-12",164.5,FALSE,NA,NA,"<= day","daily",NA,NA,NA
"2019-01-13",234.573,FALSE,NA,NA,"<= day","daily",NA,NA,NA
"2019-01-14",401.177,FALSE,NA,NA,"<= day","daily",NA,NA,NA
"2019-01-15",319.583,FALSE,NA,NA,"<= day","daily",NA,NA,NA
"2019-01-16",256.854,FALSE,NA,NA,"<= day","daily",NA,NA,NA
"2019-01-17",247.74,FALSE,NA,NA,"<= day","daily",NA,NA,NA
"2019-01-18",238.344,FALSE,NA,NA,"<= day","daily",NA,NA,NA
"2019-01-19",228.323,FALSE,NA,NA,"<= day","daily",NA,NA,NA
"2019-01-20",219.875,FALSE,NA,NA,"<= day","daily",NA,NA,NA
"2019-01-21",216.177,FALSE,NA,NA,"<= day","daily",NA,NA,NA
"2019-01-22",213.927,FALSE,NA,NA,"<= day","daily",NA,NA,NA
"2019-01-23",210.49,FALSE,NA,NA,"<= day","daily",NA,NA,NA
"2019-01-24",203.167,FALSE,NA,NA,"<= day","daily",NA,NA,NA
"2019-01-25",195.396,FALSE,NA,NA,"<= day","daily",NA,NA,NA
"2019-01-26",190.5,FALSE,NA,NA,"<= day","daily",NA,NA,NA
"2019-01-28",191.604,FALSE,NA,NA,"<= day","daily",NA,NA,NA
"2019-01-29",196.167,FALSE,NA,NA,"<= day","daily",NA,NA,NA
"2019-01-30",196.948,FALSE,NA,NA,"<= day","daily",NA,NA,NA
"2019-01-31",209.76,FALSE,NA,NA,"<= day","daily",NA,NA,NA
"2019-02-01",330.469,FALSE,NA,NA,"<= day","daily",NA,NA,NA
"2019-02-02",347.365,FALSE,NA,NA,"<= day","daily",NA,NA,NA
"2019-02-03",330.625,FALSE,NA,NA,"<= day","daily",NA,NA,NA
"2019-02-04",312.781,FALSE,NA,NA,"<= day","daily",NA,NA,NA
"2019-02-05",294.094,FALSE,NA,NA,"<= day","daily",NA,NA,NA
"2019-02-06",290.26,FALSE,NA,NA,"<= day","daily",NA,NA,NA
"2019-02-07",280.01,FALSE,NA,NA,"<= day","daily",NA,NA,NA
"2019-02-08",280.927,FALSE,NA,NA,"<= day","daily",NA,NA,NA
"2019-02-09",292.5,FALSE,NA,NA,"<= day","daily",NA,NA,NA
"2019-02-10",294.271,FALSE,NA,NA,"<= day","daily",NA,NA,NA
"2019-02-11",383.51,FALSE,NA,NA,"<= day","daily",NA,NA,NA
"2019-02-12",444.802,FALSE,NA,NA,"<= day","daily",NA,NA,NA
"2019-02-13",424.01,FALSE,NA,NA,"<= day","daily",NA,NA,NA
"2019-02-14",399.469,FALSE,NA,NA,"<= day","daily",NA,NA,NA
"2019-02-15",390.427,FALSE,NA,NA,"<= day","daily",NA,NA,NA
"2019-02-16",392.74,FALSE,NA,NA,"<= day","daily",NA,NA,NA
"2019-02-17",404.427,FALSE,NA,NA,"<= day","daily",NA,NA,NA
"2019-02-18",433.969,FALSE,NA,NA,"<= day","daily",NA,NA,NA
"2019-02-19",464.719,FALSE,NA,NA,"<= day","daily",NA,NA,NA
"2019-02-20",497.542,FALSE,NA,NA,"<= day","daily",NA,NA,NA
"2019-02-21",533.417,FALSE,NA,NA,"<= day","daily",NA,NA,NA
"2019-02-22",582.792,FALSE,NA,NA,"<= day","daily",NA,NA,NA
"2019-02-23",663.115,FALSE,NA,NA,"<= day","daily",NA,NA,NA
"2019-02-24",693.646,FALSE,NA,NA,"<= day","daily",NA,NA,NA
"2019-02-25",688.719,FALSE,NA,NA,"<= day","daily",NA,NA,NA
"2019-02-26",715.073,FALSE,NA,NA,"<= day","daily",NA,NA,NA
"2019-02-27",757.323,FALSE,NA,NA,"<= day","daily",NA,NA,NA
"2019-02-28",726.417,FALSE,NA,NA,"<= day","daily",NA,NA,NA
"2019-03-01",335.021,FALSE,NA,NA,"<= day","daily",NA,NA,NA
"2019-03-02",260.26,FALSE,NA,NA,"<= day","daily",NA,NA,NA
"2019-03-03",253.042,FALSE,NA,NA,"<= day","daily",NA,NA,NA
"2019-03-04",258.479,FALSE,NA,NA,"<= day","daily",NA,NA,NA
"2019-03-05",276.01,FALSE,NA,NA,"<= day","daily",NA,NA,NA
"2019-03-06",286.99,FALSE,NA,NA,"<= day","daily",NA,NA,NA
"2019-03-07",269.75,FALSE,NA,NA,"<= day","daily",NA,NA,NA
"2019-03-08",266.01,FALSE,NA,NA,"<= day","daily",NA,NA,NA
"2019-03-09",264.542,FALSE,NA,NA,"<= day","daily",NA,NA,NA
"2019-03-10",345.5,FALSE,NA,NA,"<= day","daily",NA,NA,NA
"2019-03-11",475.417,FALSE,NA,NA,"<= day","daily",NA,NA,NA
"2019-03-12",383.938,FALSE,NA,NA,"<= day","daily",NA,NA,NA
"2019-03-13",342.198,FALSE,NA,NA,"<= day","daily",NA,NA,NA
"2019-03-14",406.906,FALSE,NA,NA,"<= day","daily",NA,NA,NA
"2019-03-15",610.167,FALSE,NA,NA,"<= day","daily",NA,NA,NA
"2019-03-16",667.083,FALSE,NA,NA,"<= day","daily",NA,NA,NA
"2019-03-17",609.865,FALSE,NA,NA,"<= day","daily",NA,NA,NA
"2019-03-18",542.208,FALSE,NA,NA,"<= day","daily",NA,NA,NA
"2019-03-19",495.594,FALSE,NA,NA,"<= day","daily",NA,NA,NA
"2019-03-20",470.625,FALSE,NA,NA,"<= day","daily",NA,NA,NA
"2019-03-21",460.167,FALSE,NA,NA,"<= day","daily",NA,NA,NA
"2019-03-22",475.073,FALSE,NA,NA,"<= day","daily",NA,NA,NA
"2019-03-23",483.344,FALSE,NA,NA,"<= day","daily",NA,NA,NA
"2019-03-24",478.271,FALSE,NA,NA,"<= day","daily",NA,NA,NA
"2019-03-25",457.833,FALSE,NA,NA,"<= day","daily",NA,NA,NA
"2019-03-26",426.219,FALSE,NA,NA,"<= day","daily",NA,NA,NA
"2019-03-27",405.667,FALSE,NA,NA,"<= day","daily",NA,NA,NA
"2019-03-28",404.896,FALSE,NA,NA,"<= day","daily",NA,NA,NA
"2019-03-29",388.073,FALSE,NA,NA,"<= day","daily",NA,NA,NA
"2019-03-30",367.542,FALSE,NA,NA,"<= day","daily",NA,NA,NA
"2019-03-31",359.76,FALSE,NA,NA,"<= day","daily",NA,NA,NA
"2019-04-01",350.448,FALSE,NA,NA,"<= day","daily",NA,NA,NA
"2019-04-02",332,FALSE,NA,NA,"<= day","daily",NA,NA,NA
"2019-04-03",328.823,FALSE,NA,NA,"<= day","daily",NA,NA,NA
"2019-04-04",331.927,FALSE,NA,NA,"<= day","daily",NA,NA,NA
"2019-04-05",322.656,FALSE,NA,NA,"<= day","daily",NA,NA,NA
"2019-04-06",309.052,FALSE,NA,NA,"<= day","daily",NA,NA,NA
"2019-04-07",305.333,FALSE,NA,NA,"<= day","daily",NA,NA,NA
"2019-04-08",300.062,FALSE,NA,NA,"<= day","daily",NA,NA,NA
"2019-04-09",299.979,FALSE,NA,NA,"<= day","daily",NA,NA,NA
"2019-04-10",300.635,FALSE,NA,NA,"<= day","daily",NA,NA,NA
"2019-04-11",297.323,FALSE,NA,NA,"<= day","daily",NA,NA,NA
"2019-04-12",284.188,FALSE,NA,NA,"<= day","daily",NA,NA,NA
"2019-04-13",281.021,FALSE,NA,NA,"<= day","daily",NA,NA,NA
"2019-04-14",280.365,FALSE,NA,NA,"<= day","daily",NA,NA,NA
"2019-04-15",282.646,FALSE,NA,NA,"<= day","daily",NA,NA,NA
"2019-04-16",288.229,FALSE,NA,NA,"<= day","daily",NA,NA,NA
"2019-04-17",284.354,FALSE,NA,NA,"<= day","daily",NA,NA,NA
"2019-04-18",279.969,FALSE,NA,NA,"<= day","daily",NA,NA,NA
"2019-04-19",275.677,FALSE,NA,NA,"<= day","daily",NA,NA,NA
"2019-04-20",275.458,FALSE,NA,NA,"<= day","daily",NA,NA,NA
"2019-04-21",278.573,FALSE,NA,NA,"<= day","daily",NA,NA,NA
"2019-04-22",278.948,FALSE,NA,NA,"<= day","daily",NA,NA,NA
"2019-04-23",272.51,FALSE,NA,NA,"<= day","daily",NA,NA,NA
"2019-04-24",267.448,FALSE,NA,NA,"<= day","daily",NA,NA,NA
"2019-04-25",265.385,FALSE,NA,NA,"<= day","daily",NA,NA,NA
"2019-04-26",265.292,FALSE,NA,NA,"<= day","daily",NA,NA,NA
"2019-04-27",261.448,FALSE,NA,NA,"<= day","daily",NA,NA,NA
"2019-04-28",258.927,FALSE,NA,NA,"<= day","daily",NA,NA,NA
"2019-04-29",256.177,FALSE,NA,NA,"<= day","daily",NA,NA,NA
"2019-04-30",254.042,FALSE,NA,NA,"<= day","daily",NA,NA,NA
"2019-05-01",252.156,FALSE,NA,NA,"<= day","daily",NA,NA,NA
"2019-05-02",250.906,FALSE,NA,NA,"<= day","daily",NA,NA,NA
"2019-05-03",249.615,FALSE,NA,NA,"<= day","daily",NA,NA,NA
"2019-05-04",251.708,FALSE,NA,NA,"<= day","daily",NA,NA,NA
"2019-05-05",251.146,FALSE,NA,NA,"<= day","daily",NA,NA,NA
"2019-05-06",239.917,FALSE,NA,NA,"<= day","daily",NA,NA,NA
"2019-05-07",237.135,FALSE,NA,NA,"<= day","daily",NA,NA,NA
"2019-05-08",239.521,FALSE,NA,NA,"<= day","daily",NA,NA,NA
"2019-05-09",260.49,FALSE,NA,NA,"<= day","daily",NA,NA,NA
"2019-05-10",286.99,FALSE,NA,NA,"<= day","daily",NA,NA,NA
"2019-05-11",258.208,FALSE,NA,NA,"<= day","daily",NA,NA,NA
"2019-05-12",269.125,FALSE,NA,NA,"<= day","daily",NA,NA,NA
"2019-05-13",241.458,FALSE,NA,NA,"<= day","daily",NA,NA,NA
"2019-05-14",234.156,FALSE,NA,NA,"<= day","daily",NA,NA,NA
"2019-05-15",233.021,FALSE,NA,NA,"<= day","daily",NA,NA,NA
"2019-05-16",231.906,FALSE,NA,NA,"<= day","daily",NA,NA,NA
"2019-05-17",230.958,FALSE,NA,NA,"<= day","daily",NA,NA,NA
"2019-05-18",235.188,FALSE,NA,NA,"<= day","daily",NA,NA,NA
"2019-05-19",277.479,FALSE,NA,NA,"<= day","daily",NA,NA,NA
"2019-05-20",549.667,FALSE,NA,NA,"<= day","daily",NA,NA,NA
"2019-05-21",602.156,FALSE,NA,NA,"<= day","daily",NA,NA,NA
"2019-05-22",581.781,FALSE,NA,NA,"<= day","daily",NA,NA,NA
"2019-05-23",481.708,FALSE,NA,NA,"<= day","daily",NA,NA,NA
"2019-05-24",434.771,FALSE,NA,NA,"<= day","daily",NA,NA,NA
"2019-05-25",424.062,FALSE,NA,NA,"<= day","daily",NA,NA,NA
"2019-05-26",437.604,FALSE,NA,NA,"<= day","daily",NA,NA,NA
"2019-05-27",397.906,FALSE,NA,NA,"<= day","daily",NA,NA,NA
"2019-05-28",413.094,FALSE,NA,NA,"<= day","daily",NA,NA,NA
"2019-05-29",384.927,FALSE,NA,NA,"<= day","daily",NA,NA,NA
"2019-05-30",330.417,FALSE,NA,NA,"<= day","daily",NA,NA,NA
"2019-05-31",323.135,FALSE,NA,NA,"<= day","daily",NA,NA,NA
"2019-06-01",319.625,FALSE,NA,NA,"<= day","daily",NA,NA,NA
"2019-06-02",312.51,FALSE,NA,NA,"<= day","daily",NA,NA,NA
"2019-06-03",307.792,FALSE,NA,NA,"<= day","daily",NA,NA,NA
"2019-06-04",307.292,FALSE,NA,NA,"<= day","daily",NA,NA,NA
"2019-06-05",303.562,FALSE,NA,NA,"<= day","daily",NA,NA,NA
"2019-06-06",301.219,FALSE,NA,NA,"<= day","daily",NA,NA,NA
"2019-06-07",294.396,FALSE,NA,NA,"<= day","daily",NA,NA,NA
"2019-06-08",288.927,FALSE,NA,NA,"<= day","daily",NA,NA,NA
"2019-06-09",293.448,FALSE,NA,NA,"<= day","daily",NA,NA,NA
"2019-06-10",353.719,FALSE,NA,NA,"<= day","daily",NA,NA,NA
"2019-06-11",540.573,FALSE,NA,NA,"<= day","daily",NA,NA,NA
"2019-06-12",462.948,FALSE,NA,NA,"<= day","daily",NA,NA,NA
"2019-06-13",375.583,FALSE,NA,NA,"<= day","daily",NA,NA,NA
"2019-06-14",330.677,FALSE,NA,NA,"<= day","daily",NA,NA,NA
"2019-06-15",322.167,FALSE,NA,NA,"<= day","daily",NA,NA,NA
"2019-06-16",348.188,FALSE,NA,NA,"<= day","daily",NA,NA,NA
"2019-06-17",325.729,FALSE,NA,NA,"<= day","daily",NA,NA,NA
"2019-06-18",311.865,FALSE,NA,NA,"<= day","daily",NA,NA,NA
"2019-06-19",302.135,FALSE,NA,NA,"<= day","daily",NA,NA,NA
"2019-06-20",308.344,FALSE,NA,NA,"<= day","daily",NA,NA,NA
"2019-06-21",305.281,FALSE,NA,NA,"<= day","daily",NA,NA,NA
"2019-06-22",338.76,FALSE,NA,NA,"<= day","daily",NA,NA,NA
"2019-06-23",461.042,FALSE,NA,NA,"<= day","daily",NA,NA,NA
"2019-06-24",357.646,FALSE,NA,NA,"<= day","daily",NA,NA,NA
"2019-06-25",304.208,FALSE,NA,NA,"<= day","daily",NA,NA,NA
"2019-06-26",296.062,FALSE,NA,NA,"<= day","daily",NA,NA,NA
"2019-06-27",291.229,FALSE,NA,NA,"<= day","daily",NA,NA,NA
"2019-06-28",277.146,FALSE,NA,NA,"<= day","daily",NA,NA,NA
"2019-06-29",276.604,FALSE,NA,NA,"<= day","daily",NA,NA,NA
"2019-06-30",265.573,FALSE,NA,NA,"<= day","daily",NA,NA,NA
"2019-07-01",261.229,FALSE,NA,NA,"<= day","daily",NA,NA,NA
"2019-07-02",264.729,FALSE,NA,NA,"<= day","daily",NA,NA,NA
"2019-07-03",261.74,FALSE,NA,NA,"<= day","daily",NA,NA,NA
"2019-07-04",256.062,FALSE,NA,NA,"<= day","daily",NA,NA,NA
"2019-07-05",255.177,FALSE,NA,NA,"<= day","daily",NA,NA,NA
"2019-07-06",253.677,FALSE,NA,NA,"<= day","daily",NA,NA,NA
"2019-07-07",272.073,FALSE,NA,NA,"<= day","daily",NA,NA,NA
"2019-07-08",276.281,FALSE,NA,NA,"<= day","daily",NA,NA,NA
"2019-07-09",263.146,FALSE,NA,NA,"<= day","daily",NA,NA,NA
"2019-07-10",263.406,FALSE,NA,NA,"<= day","daily",NA,NA,NA
"2019-07-11",262.552,FALSE,NA,NA,"<= day","daily",NA,NA,NA
"2019-07-12",305.271,FALSE,NA,NA,"<= day","daily",NA,NA,NA
"2019-07-13",392.167,FALSE,NA,NA,"<= day","daily",NA,NA,NA
"2019-07-14",317.25,FALSE,NA,NA,"<= day","daily",NA,NA,NA
"2019-07-15",280.896,FALSE,NA,NA,"<= day","daily",NA,NA,NA
"2019-07-16",267.302,FALSE,NA,NA,"<= day","daily",NA,NA,NA
"2019-07-17",261.052,FALSE,NA,NA,"<= day","daily",NA,NA,NA
"2019-07-18",250.646,FALSE,NA,NA,"<= day","daily",NA,NA,NA
"2019-07-19",246.875,FALSE,NA,NA,"<= day","daily",NA,NA,NA
"2019-07-20",239.062,FALSE,NA,NA,"<= day","daily",NA,NA,NA
"2019-07-21",240.406,FALSE,NA,NA,"<= day","daily",NA,NA,NA
"2019-07-22",233.594,FALSE,NA,NA,"<= day","daily",NA,NA,NA
"2019-07-23",223.219,FALSE,NA,NA,"<= day","daily",NA,NA,NA
"2019-07-24",223.771,FALSE,NA,NA,"<= day","daily",NA,NA,NA
"2019-07-25",219.583,FALSE,NA,NA,"<= day","daily",NA,NA,NA
"2019-07-26",222.083,FALSE,NA,NA,"<= day","daily",NA,NA,NA
"2019-07-27",265,FALSE,NA,NA,"<= day","daily",NA,NA,NA
"2019-07-28",338.135,FALSE,NA,NA,"<= day","daily",NA,NA,NA
"2019-07-29",289.031,FALSE,NA,NA,"<= day","daily",NA,NA,NA
"2019-07-30",258,FALSE,NA,NA,"<= day","daily",NA,NA,NA
"2019-08-01",229.542,FALSE,NA,NA,"<= day","daily",NA,NA,NA
"2019-08-02",228.271,FALSE,NA,NA,"<= day","daily",NA,NA,NA
"2019-08-03",226.969,FALSE,NA,NA,"<= day","daily",NA,NA,NA
"2019-08-04",220.333,FALSE,NA,NA,"<= day","daily",NA,NA,NA
"2019-08-05",219.75,FALSE,NA,NA,"<= day","daily",NA,NA,NA
"2019-08-06",240.792,FALSE,NA,NA,"<= day","daily",NA,NA,NA
"2019-08-07",398.906,FALSE,NA,NA,"<= day","daily",NA,NA,NA
"2019-08-08",503.625,FALSE,NA,NA,"<= day","daily",NA,NA,NA
"2019-08-09",335.958,FALSE,NA,NA,"<= day","daily",NA,NA,NA
"2019-08-10",309.479,FALSE,NA,NA,"<= day","daily",NA,NA,NA
"2019-08-11",291.281,FALSE,NA,NA,"<= day","daily",NA,NA,NA
"2019-08-12",331.938,FALSE,NA,NA,"<= day","daily",NA,NA,NA
"2019-08-13",290.052,FALSE,NA,NA,"<= day","daily",NA,NA,NA
"2019-08-14",262.906,FALSE,NA,NA,"<= day","daily",NA,NA,NA
"2019-08-15",256.146,FALSE,NA,NA,"<= day","daily",NA,NA,NA
"2019-08-16",247.375,FALSE,NA,NA,"<= day","daily",NA,NA,NA
"2019-08-17",244.677,FALSE,NA,NA,"<= day","daily",NA,NA,NA
"2019-08-18",241.312,FALSE,NA,NA,"<= day","daily",NA,NA,NA
"2019-08-19",239.958,FALSE,NA,NA,"<= day","daily",NA,NA,NA
"2019-08-20",245.677,FALSE,NA,NA,"<= day","daily",NA,NA,NA
"2019-08-21",253.146,FALSE,NA,NA,"<= day","daily",NA,NA,NA
"2019-08-22",234.083,FALSE,NA,NA,"<= day","daily",NA,NA,NA
"2019-08-23",226.219,FALSE,NA,NA,"<= day","daily",NA,NA,NA
"2019-08-24",222.885,FALSE,NA,NA,"<= day","daily",NA,NA,NA
"2019-08-25",223.333,FALSE,NA,NA,"<= day","daily",NA,NA,NA
"2019-08-26",215.26,FALSE,NA,NA,"<= day","daily",NA,NA,NA
"2019-08-27",211.583,FALSE,NA,NA,"<= day","daily",NA,NA,NA
"2019-08-28",208.302,FALSE,NA,NA,"<= day","daily",NA,NA,NA
"2019-08-29",217.583,FALSE,NA,NA,"<= day","daily",NA,NA,NA
"2019-08-30",221.25,FALSE,NA,NA,"<= day","daily",NA,NA,NA
"2019-09-01",207.312,FALSE,NA,NA,"<= day","daily",NA,NA,NA
"2019-09-02",204.948,FALSE,NA,NA,"<= day","daily",NA,NA,NA
"2019-09-03",201.312,FALSE,NA,NA,"<= day","daily",NA,NA,NA
"2019-09-04",199.958,FALSE,NA,NA,"<= day","daily",NA,NA,NA
"2019-09-05",202.812,FALSE,NA,NA,"<= day","daily",NA,NA,NA
"2019-09-06",194.969,FALSE,NA,NA,"<= day","daily",NA,NA,NA
"2019-09-07",196.396,FALSE,NA,NA,"<= day","daily",NA,NA,NA
"2019-09-08",205.26,FALSE,NA,NA,"<= day","daily",NA,NA,NA
"2019-09-09",223.885,FALSE,NA,NA,"<= day","daily",NA,NA,NA
"2019-09-10",204.781,FALSE,NA,NA,"<= day","daily",NA,NA,NA
"2019-09-11",192.781,FALSE,NA,NA,"<= day","daily",NA,NA,NA
"2019-09-12",187.219,FALSE,NA,NA,"<= day","daily",NA,NA,NA
"2019-09-13",182.854,FALSE,NA,NA,"<= day","daily",NA,NA,NA
"2019-09-14",177.812,FALSE,NA,NA,"<= day","daily",NA,NA,NA
"2019-09-15",176.542,FALSE,NA,NA,"<= day","daily",NA,NA,NA
"2019-09-16",174,FALSE,NA,NA,"<= day","daily",NA,NA,NA
"2019-09-17",177.031,FALSE,NA,NA,"<= day","daily",NA,NA,NA
"2019-09-18",181.094,FALSE,NA,NA,"<= day","daily",NA,NA,NA
"2019-09-19",179.812,FALSE,NA,NA,"<= day","daily",NA,NA,NA
"2019-09-20",177,FALSE,NA,NA,"<= day","daily",NA,NA,NA
"2019-09-21",179.229,FALSE,NA,NA,"<= day","daily",NA,NA,NA
"2019-09-22",183.312,FALSE,NA,NA,"<= day","daily",NA,NA,NA
"2019-09-23",213.75,FALSE,NA,NA,"<= day","daily",NA,NA,NA
"2019-09-24",202.302,FALSE,NA,NA,"<= day","daily",NA,NA,NA
"2019-09-25",184.302,FALSE,NA,NA,"<= day","daily",NA,NA,NA
"2019-09-26",183.312,FALSE,NA,NA,"<= day","daily",NA,NA,NA
"2019-09-27",176.469,FALSE,NA,NA,"<= day","daily",NA,NA,NA
"2019-09-28",176.208,FALSE,NA,NA,"<= day","daily",NA,NA,NA
"2019-09-29",178.25,FALSE,NA,NA,"<= day","daily",NA,NA,NA
"2019-10-01",173.604,FALSE,NA,NA,"<= day","daily",NA,NA,NA
"2019-10-02",179.198,FALSE,NA,NA,"<= day","daily",NA,NA,NA
"2019-10-03",185.812,FALSE,NA,NA,"<= day","daily",NA,NA,NA
"2019-10-04",176.198,FALSE,NA,NA,"<= day","daily",NA,NA,NA
"2019-10-05",179.865,FALSE,NA,NA,"<= day","daily",NA,NA,NA
"2019-10-06",177.26,FALSE,NA,NA,"<= day","daily",NA,NA,NA
"2019-10-07",188.594,FALSE,NA,NA,"<= day","daily",NA,NA,NA
"2019-10-08",179.51,FALSE,NA,NA,"<= day","daily",NA,NA,NA
"2019-10-09",183.031,FALSE,NA,NA,"<= day","daily",NA,NA,NA
"2019-10-10",201.927,FALSE,NA,NA,"<= day","daily",NA,NA,NA
"2019-10-11",179.052,FALSE,NA,NA,"<= day","daily",NA,NA,NA
"2019-10-12",170.156,FALSE,NA,NA,"<= day","daily",NA,NA,NA
"2019-10-13",170.562,FALSE,NA,NA,"<= day","daily",NA,NA,NA
"2019-10-14",165.135,FALSE,NA,NA,"<= day","daily",NA,NA,NA
"2019-10-15",170.49,FALSE,NA,NA,"<= day","daily",NA,NA,NA
"2019-10-16",175.094,FALSE,NA,NA,"<= day","daily",NA,NA,NA
"2019-10-17",173.01,FALSE,NA,NA,"<= day","daily",NA,NA,NA
"2019-10-18",166.438,FALSE,NA,NA,"<= day","daily",NA,NA,NA
"2019-10-19",180.333,FALSE,NA,NA,"<= day","daily",NA,NA,NA
"2019-10-20",196.104,FALSE,NA,NA,"<= day","daily",NA,NA,NA
"2019-10-21",175.042,FALSE,NA,NA,"<= day","daily",NA,NA,NA
"2019-10-22",173.406,FALSE,NA,NA,"<= day","daily",NA,NA,NA
"2019-10-23",168.198,FALSE,NA,NA,"<= day","daily",NA,NA,NA
"2019-10-24",167.635,FALSE,NA,NA,"<= day","daily",NA,NA,NA
"2019-10-25",165.125,FALSE,NA,NA,"<= day","daily",NA,NA,NA
"2019-10-26",157.469,FALSE,NA,NA,"<= day","daily",NA,NA,NA
"2019-10-27",158.125,FALSE,NA,NA,"<= day","daily",NA,NA,NA
"2019-10-28",166.396,FALSE,NA,NA,"<= day","daily",NA,NA,NA
"2019-10-29",167.021,FALSE,NA,NA,"<= day","daily",NA,NA,NA
"2019-10-30",166.25,FALSE,NA,NA,"<= day","daily",NA,NA,NA
"2019-11-01",161.312,FALSE,NA,NA,"<= day","daily",NA,NA,NA
"2019-11-02",161.24,FALSE,NA,NA,"<= day","daily",NA,NA,NA
"2019-11-03",176.729,FALSE,NA,NA,"<= day","daily",NA,NA,NA
"2019-11-04",201.302,FALSE,NA,NA,"<= day","daily",NA,NA,NA
"2019-11-05",184.167,FALSE,NA,NA,"<= day","daily",NA,NA,NA
"2019-11-06",170.531,FALSE,NA,NA,"<= day","daily",NA,NA,NA
"2019-11-07",170.823,FALSE,NA,NA,"<= day","daily",NA,NA,NA
"2019-11-08",216.031,FALSE,NA,NA,"<= day","daily",NA,NA,NA
"2019-11-09",348.427,FALSE,NA,NA,"<= day","daily",NA,NA,NA
"2019-11-10",256.521,FALSE,NA,NA,"<= day","daily",NA,NA,NA
"2019-11-11",203.25,FALSE,NA,NA,"<= day","daily",NA,NA,NA
"2019-11-12",192.875,FALSE,NA,NA,"<= day","daily",NA,NA,NA
"2019-11-13",187.292,FALSE,NA,NA,"<= day","daily",NA,NA,NA
"2019-11-14",187.104,FALSE,NA,NA,"<= day","daily",NA,NA,NA
"2019-11-15",178.448,FALSE,NA,NA,"<= day","daily",NA,NA,NA
"2019-11-16",180.042,FALSE,NA,NA,"<= day","daily",NA,NA,NA
"2019-11-17",173.469,FALSE,NA,NA,"<= day","daily",NA,NA,NA
"2019-11-18",172.865,FALSE,NA,NA,"<= day","daily",NA,NA,NA
"2019-11-19",172.427,FALSE,NA,NA,"<= day","daily",NA,NA,NA
"2019-11-20",168.448,FALSE,NA,NA,"<= day","daily",NA,NA,NA
"2019-11-21",165.812,FALSE,NA,NA,"<= day","daily",NA,NA,NA
"2019-11-22",163.573,FALSE,NA,NA,"<= day","daily",NA,NA,NA
"2019-11-23",168.75,FALSE,NA,NA,"<= day","daily",NA,NA,NA
"2019-11-24",163.104,FALSE,NA,NA,"<= day","daily",NA,NA,NA
"2019-11-25",161.25,FALSE,NA,NA,"<= day","daily",NA,NA,NA
"2019-11-26",161.177,FALSE,NA,NA,"<= day","daily",NA,NA,NA
"2019-11-27",157.385,FALSE,NA,NA,"<= day","daily",NA,NA,NA
"2019-11-28",160.438,FALSE,NA,NA,"<= day","daily",NA,NA,NA
"2019-11-29",161.75,FALSE,NA,NA,"<= day","daily",NA,NA,NA
"2019-12-01",155.458,FALSE,NA,NA,"<= day","daily",NA,NA,NA
"2019-12-02",156.156,FALSE,NA,NA,"<= day","daily",NA,NA,NA
"2019-12-03",153.135,FALSE,NA,NA,"<= day","daily",NA,NA,NA
"2019-12-04",155.458,FALSE,NA,NA,"<= day","daily",NA,NA,NA
"2019-12-05",154.854,FALSE,NA,NA,"<= day","daily",NA,NA,NA
"2019-12-06",147.125,FALSE,NA,NA,"<= day","daily",NA,NA,NA
"2019-12-07",144.729,FALSE,NA,NA,"<= day","daily",NA,NA,NA
"2019-12-08",148.375,FALSE,NA,NA,"<= day","daily",NA,NA,NA
"2019-12-09",155.26,FALSE,NA,NA,"<= day","daily",NA,NA,NA
"2019-12-10",157.677,FALSE,NA,NA,"<= day","daily",NA,NA,NA
"2019-12-11",153.115,FALSE,NA,NA,"<= day","daily",NA,NA,NA
"2019-12-12",160.958,FALSE,NA,NA,"<= day","daily",NA,NA,NA
"2019-12-13",200.49,FALSE,NA,NA,"<= day","daily",NA,NA,NA
"2019-12-14",347.958,FALSE,NA,NA,"<= day","daily",NA,NA,NA
"2019-12-15",295.271,FALSE,NA,NA,"<= day","daily",NA,NA,NA
"2019-12-16",285.135,FALSE,NA,NA,"<= day","daily",NA,NA,NA
"2019-12-17",256.49,FALSE,NA,NA,"<= day","daily",NA,NA,NA
"2019-12-18",233.604,FALSE,NA,NA,"<= day","daily",NA,NA,NA
"2019-12-19",221.854,FALSE,NA,NA,"<= day","daily",NA,NA,NA
"2019-12-20",221.156,FALSE,NA,NA,"<= day","daily",NA,NA,NA
"2019-12-21",218.135,FALSE,NA,NA,"<= day","daily",NA,NA,NA
"2019-12-22",229.396,FALSE,NA,NA,"<= day","daily",NA,NA,NA
"2019-12-23",292.906,FALSE,NA,NA,"<= day","daily",NA,NA,NA
"2019-12-24",336.156,FALSE,NA,NA,"<= day","daily",NA,NA,NA
"2019-12-25",370.125,FALSE,NA,NA,"<= day","daily",NA,NA,NA
"2019-12-26",406.781,FALSE,NA,NA,"<= day","daily",NA,NA,NA
"2019-12-27",359.365,FALSE,NA,NA,"<= day","daily",NA,NA,NA
"2019-12-28",329.26,FALSE,NA,NA,"<= day","daily",NA,NA,NA
"2019-12-29",317.146,FALSE,NA,NA,"<= day","daily",NA,NA,NA
"2019-12-30",313.75,FALSE,NA,NA,"<= day","daily",NA,NA,NA
"2020-01-01",298.854,FALSE,NA,NA,"<= day","daily",NA,NA,NA
"2020-01-02",295.333,FALSE,NA,NA,"<= day","daily",NA,NA,NA
"2020-01-03",292.865,FALSE,NA,NA,"<= day","daily",NA,NA,NA
"2020-01-04",294.198,FALSE,NA,NA,"<= day","daily",NA,NA,NA
"2020-01-05",286.375,FALSE,NA,NA,"<= day","daily",NA,NA,NA
"2020-01-06",284.25,FALSE,NA,NA,"<= day","daily",NA,NA,NA
"2020-01-07",284.177,FALSE,NA,NA,"<= day","daily",NA,NA,NA
"2020-01-08",279.24,FALSE,NA,NA,"<= day","daily",NA,NA,NA
"2020-01-09",274.677,FALSE,NA,NA,"<= day","daily",NA,NA,NA
"2020-01-10",273.542,FALSE,NA,NA,"<= day","daily",NA,NA,NA
"2020-01-11",269.396,FALSE,NA,NA,"<= day","daily",NA,NA,NA
"2020-01-12",261.927,FALSE,NA,NA,"<= day","daily",NA,NA,NA
"2020-01-13",264.438,FALSE,NA,NA,"<= day","daily",NA,NA,NA
"2020-01-14",265.062,FALSE,NA,NA,"<= day","daily",NA,NA,NA
"2020-01-15",259.031,FALSE,NA,NA,"<= day","daily",NA,NA,NA
"2020-01-16",252.771,FALSE,NA,NA,"<= day","daily",NA,NA,NA
"2020-01-17",256.417,FALSE,NA,NA,"<= day","daily",NA,NA,NA
"2020-01-18",257.354,FALSE,NA,NA,"<= day","daily",NA,NA,NA
"2020-01-19",248.167,FALSE,NA,NA,"<= day","daily",NA,NA,NA
"2020-01-20",244,FALSE,NA,NA,"<= day","daily",NA,NA,NA
"2020-01-21",246.573,FALSE,NA,NA,"<= day","daily",NA,NA,NA
"2020-01-22",246.833,FALSE,NA,NA,"<= day","daily",NA,NA,NA
"2020-01-23",240.562,FALSE,NA,NA,"<= day","daily",NA,NA,NA
"2020-01-24",241.135,FALSE,NA,NA,"<= day","daily",NA,NA,NA
"2020-01-25",238.312,FALSE,NA,NA,"<= day","daily",NA,NA,NA
"2020-01-26",235.583,FALSE,NA,NA,"<= day","daily",NA,NA,NA
"2020-01-27",233.906,FALSE,NA,NA,"<= day","daily",NA,NA,NA
"2020-01-28",256.438,FALSE,NA,NA,"<= day","daily",NA,NA,NA
"2020-01-29",279.656,FALSE,NA,NA,"<= day","daily",NA,NA,NA
"2020-01-30",279.5,FALSE,NA,NA,"<= day","daily",NA,NA,NA
"2020-02-01",292.479,FALSE,NA,NA,"<= day","daily",NA,NA,NA
"2020-02-02",408.5,FALSE,NA,NA,"<= day","daily",NA,NA,NA
"2020-02-03",665.531,FALSE,NA,NA,"<= day","daily",NA,NA,NA
"2020-02-04",917.042,FALSE,NA,NA,"<= day","daily",NA,NA,NA
"2020-02-05",942.583,FALSE,NA,NA,"<= day","daily",NA,NA,NA
"2020-02-06",850.917,FALSE,NA,NA,"<= day","daily",NA,NA,NA
"2020-02-07",730.896,FALSE,NA,NA,"<= day","daily",NA,NA,NA
"2020-02-08",652.51,FALSE,NA,NA,"<= day","daily",NA,NA,NA
"2020-02-09",619.417,FALSE,NA,NA,"<= day","daily",NA,NA,NA
"2020-02-10",636.75,FALSE,NA,NA,"<= day","daily",NA,NA,NA
"2020-02-11",700.021,FALSE,NA,NA,"<= day","daily",NA,NA,NA
"2020-02-12",717.156,FALSE,NA,NA,"<= day","daily",NA,NA,NA
"2020-02-13",704.417,FALSE,NA,NA,"<= day","daily",NA,NA,NA
"2020-02-14",814.99,FALSE,NA,NA,"<= day","daily",NA,NA,NA
"2020-02-15",873.74,FALSE,NA,NA,"<= day","daily",NA,NA,NA
"2020-02-16",842.76,FALSE,NA,NA,"<= day","daily",NA,NA,NA
"2020-02-17",809.115,FALSE,NA,NA,"<= day","daily",NA,NA,NA
"2020-02-18",815.031,FALSE,NA,NA,"<= day","daily",NA,NA,NA
"2020-02-19",810.688,FALSE,NA,NA,"<= day","daily",NA,NA,NA
"2020-02-20",800.229,FALSE,NA,NA,"<= day","daily",NA,NA,NA
"2020-02-21",787.396,FALSE,NA,NA,"<= day","daily",NA,NA,NA
"2020-02-22",763.823,FALSE,NA,NA,"<= day","daily",NA,NA,NA
"2020-02-23",749.885,FALSE,NA,NA,"<= day","daily",NA,NA,NA
"2020-02-24",762.521,FALSE,NA,NA,"<= day","daily",NA,NA,NA
"2020-02-25",789.635,FALSE,NA,NA,"<= day","daily",NA,NA,NA
"2020-02-26",810.99,FALSE,NA,NA,"<= day","daily",NA,NA,NA
"2020-02-27",848.854,FALSE,NA,NA,"<= day","daily",NA,NA,NA
"2020-02-28",865.75,FALSE,NA,NA,"<= day","daily",NA,NA,NA
"2020-03-02",958.625,FALSE,NA,NA,"<= day","daily",NA,NA,NA
"2020-03-03",952.979,FALSE,NA,NA,"<= day","daily",NA,NA,NA
"2020-03-04",938.219,FALSE,NA,NA,"<= day","daily",NA,NA,NA
"2020-03-05",929.948,FALSE,NA,NA,"<= day","daily",NA,NA,NA
"2020-03-06",975.729,FALSE,NA,NA,"<= day","daily",NA,NA,NA
"2020-03-07",1013.698,FALSE,NA,NA,"<= day","daily",NA,NA,NA
"2020-03-08",1017.688,FALSE,NA,NA,"<= day","daily",NA,NA,NA
"2020-03-09",1002.542,FALSE,NA,NA,"<= day","daily",NA,NA,NA
"2020-03-10",990.812,FALSE,NA,NA,"<= day","daily",NA,NA,NA
"2020-03-11",972.583,FALSE,NA,NA,"<= day","daily",NA,NA,NA
"2020-03-12",959.656,FALSE,NA,NA,"<= day","daily",NA,NA,NA
"2020-03-13",943.417,FALSE,NA,NA,"<= day","daily",NA,NA,NA
"2020-03-14",921.302,FALSE,NA,NA,"<= day","daily",NA,NA,NA
"2020-03-15",903.812,FALSE,NA,NA,"<= day","daily",NA,NA,NA
"2020-03-16",887.979,FALSE,NA,NA,"<= day","daily",NA,NA,NA
"2020-03-17",858.146,FALSE,NA,NA,"<= day","daily",NA,NA,NA
"2020-03-18",830.896,FALSE,NA,NA,"<= day","daily",NA,NA,NA
"2020-03-19",819.531,FALSE,NA,NA,"<= day","daily",NA,NA,NA
"2020-03-20",812.781,FALSE,NA,NA,"<= day","daily",NA,NA,NA
"2020-03-21",807.625,FALSE,NA,NA,"<= day","daily",NA,NA,NA
"2020-03-22",820.781,FALSE,NA,NA,"<= day","daily",NA,NA,NA
"2020-03-23",812.906,FALSE,NA,NA,"<= day","daily",NA,NA,NA
"2020-03-24",798.542,FALSE,NA,NA,"<= day","daily",NA,NA,NA
"2020-03-25",786.646,FALSE,NA,NA,"<= day","daily",NA,NA,NA
"2020-03-26",783.104,FALSE,NA,NA,"<= day","daily",NA,NA,NA
"2020-03-27",774.5,FALSE,NA,NA,"<= day","daily",NA,NA,NA
"2020-03-28",761.229,FALSE,NA,NA,"<= day","daily",NA,NA,NA
"2020-03-29",753.031,FALSE,NA,NA,"<= day","daily",NA,NA,NA
"2020-03-30",747,FALSE,NA,NA,"<= day","daily",NA,NA,NA
"2020-04-01",724.229,FALSE,NA,NA,"<= day","daily",NA,NA,NA
"2020-04-02",724.062,FALSE,NA,NA,"<= day","daily",NA,NA,NA
"2020-04-03",717.573,FALSE,NA,NA,"<= day","daily",NA,NA,NA
"2020-04-04",705.562,FALSE,NA,NA,"<= day","daily",NA,NA,NA
"2020-04-05",689.062,FALSE,NA,NA,"<= day","daily",NA,NA,NA
"2020-04-06",675.448,FALSE,NA,NA,"<= day","daily",NA,NA,NA
"2020-04-07",659.573,FALSE,NA,NA,"<= day","daily",NA,NA,NA
"2020-04-08",656.083,FALSE,NA,NA,"<= day","daily",NA,NA,NA
"2020-04-09",649.969,FALSE,NA,NA,"<= day","daily",NA,NA,NA
"2020-04-10",647.104,FALSE,NA,NA,"<= day","daily",NA,NA,NA
"2020-04-11",640.333,FALSE,NA,NA,"<= day","daily",NA,NA,NA
"2020-04-12",640.208,FALSE,NA,NA,"<= day","daily",NA,NA,NA
"2020-04-13",641.333,FALSE,NA,NA,"<= day","daily",NA,NA,NA
"2020-04-14",632.229,FALSE,NA,NA,"<= day","daily",NA,NA,NA
"2020-04-15",621.917,FALSE,NA,NA,"<= day","daily",NA,NA,NA
"2020-04-16",615.417,FALSE,NA,NA,"<= day","daily",NA,NA,NA
"2020-04-17",606.719,FALSE,NA,NA,"<= day","daily",NA,NA,NA
"2020-04-18",604.781,FALSE,NA,NA,"<= day","daily",NA,NA,NA
"2020-04-19",591.729,FALSE,NA,NA,"<= day","daily",NA,NA,NA
"2020-04-20",584.188,FALSE,NA,NA,"<= day","daily",NA,NA,NA
"2020-04-21",572.5,FALSE,NA,NA,"<= day","daily",NA,NA,NA
"2020-04-22",560.083,FALSE,NA,NA,"<= day","daily",NA,NA,NA
"2020-04-23",542.615,FALSE,NA,NA,"<= day","daily",NA,NA,NA
"2020-04-24",538.042,FALSE,NA,NA,"<= day","daily",NA,NA,NA
"2020-04-25",535.01,FALSE,NA,NA,"<= day","daily",NA,NA,NA
"2020-04-26",526.146,FALSE,NA,NA,"<= day","daily",NA,NA,NA
"2020-04-27",523.208,FALSE,NA,NA,"<= day","daily",NA,NA,NA
"2020-04-28",528.625,FALSE,NA,NA,"<= day","daily",NA,NA,NA
"2020-04-29",532.292,FALSE,NA,NA,"<= day","daily",NA,NA,NA
"2020-04-30",525.99,FALSE,NA,NA,"<= day","daily",NA,NA,NA
"2020-05-01",522.583,FALSE,NA,NA,"<= day","daily",NA,NA,NA
"2020-05-02",516.667,FALSE,NA,NA,"<= day","daily",NA,NA,NA
"2020-05-03",507.896,FALSE,NA,NA,"<= day","daily",NA,NA,NA
"2020-05-04",502.51,FALSE,NA,NA,"<= day","daily",NA,NA,NA
"2020-05-05",495.333,FALSE,NA,NA,"<= day","daily",NA,NA,NA
"2020-05-06",491.771,FALSE,NA,NA,"<= day","daily",NA,NA,NA
"2020-05-07",471.771,FALSE,NA,NA,"<= day","daily",NA,NA,NA
"2020-05-08",468.865,FALSE,NA,NA,"<= day","daily",NA,NA,NA
"2020-05-09",468.885,FALSE,NA,NA,"<= day","daily",NA,NA,NA
"2020-05-10",469.969,FALSE,NA,NA,"<= day","daily",NA,NA,NA
"2020-05-11",489.625,FALSE,NA,NA,"<= day","daily",NA,NA,NA
"2020-05-12",533.854,FALSE,NA,NA,"<= day","daily",NA,NA,NA
"2020-05-13",490.292,FALSE,NA,NA,"<= day","daily",NA,NA,NA
"2020-05-14",511.156,FALSE,NA,NA,"<= day","daily",NA,NA,NA
"2020-05-15",475.427,FALSE,NA,NA,"<= day","daily",NA,NA,NA
"2020-05-16",449.677,FALSE,NA,NA,"<= day","daily",NA,NA,NA
"2020-05-17",441.188,FALSE,NA,NA,"<= day","daily",NA,NA,NA
"2020-05-18",430.646,FALSE,NA,NA,"<= day","daily",NA,NA,NA
"2020-05-19",427.448,FALSE,NA,NA,"<= day","daily",NA,NA,NA
"2020-05-20",422.469,FALSE,NA,NA,"<= day","daily",NA,NA,NA
"2020-05-21",418.604,FALSE,NA,NA,"<= day","daily",NA,NA,NA
"2020-05-22",415.24,FALSE,NA,NA,"<= day","daily",NA,NA,NA
"2020-05-23",432.615,FALSE,NA,NA,"<= day","daily",NA,NA,NA
"2020-05-24",451.802,FALSE,NA,NA,"<= day","daily",NA,NA,NA
"2020-05-25",420.198,FALSE,NA,NA,"<= day","daily",NA,NA,NA
"2020-05-26",405.615,FALSE,NA,NA,"<= day","daily",NA,NA,NA
"2020-05-27",394.24,FALSE,NA,NA,"<= day","daily",NA,NA,NA
"2020-05-28",394.479,FALSE,NA,NA,"<= day","daily",NA,NA,NA
"2020-05-29",393.104,FALSE,NA,NA,"<= day","daily",NA,NA,NA
"2020-05-30",385.99,FALSE,NA,NA,"<= day","daily",NA,NA,NA
"2020-05-31",382.583,FALSE,NA,NA,"<= day","daily",NA,NA,NA
"2020-06-01",377.24,FALSE,NA,NA,"<= day","daily",NA,NA,NA
"2020-06-02",373.823,FALSE,NA,NA,"<= day","daily",NA,NA,NA
"2020-06-03",382.021,FALSE,NA,NA,"<= day","daily",NA,NA,NA
"2020-06-04",392.833,FALSE,NA,NA,"<= day","daily",NA,NA,NA
"2020-06-05",406.167,FALSE,NA,NA,"<= day","daily",NA,NA,NA
"2020-06-06",462.333,FALSE,NA,NA,"<= day","daily",NA,NA,NA
"2020-06-07",456.635,FALSE,NA,NA,"<= day","daily",NA,NA,NA
"2020-06-08",408.344,FALSE,NA,NA,"<= day","daily",NA,NA,NA
"2020-06-09",392.938,FALSE,NA,NA,"<= day","daily",NA,NA,NA
"2020-06-10",384.24,FALSE,NA,NA,"<= day","daily",NA,NA,NA
"2020-06-11",380.417,FALSE,NA,NA,"<= day","daily",NA,NA,NA
"2020-06-12",368.688,FALSE,NA,NA,"<= day","daily",NA,NA,NA
"2020-06-13",364.292,FALSE,NA,NA,"<= day","daily",NA,NA,NA
"2020-06-14",364.969,FALSE,NA,NA,"<= day","daily",NA,NA,NA
"2020-06-15",377.062,FALSE,NA,NA,"<= day","daily",NA,NA,NA
"2020-06-16",392.76,FALSE,NA,NA,"<= day","daily",NA,NA,NA
"2020-06-17",478.656,FALSE,NA,NA,"<= day","daily",NA,NA,NA
"2020-06-18",526.073,FALSE,NA,NA,"<= day","daily",NA,NA,NA
"2020-06-19",458.896,FALSE,NA,NA,"<= day","daily",NA,NA,NA
"2020-06-20",451.854,FALSE,NA,NA,"<= day","daily",NA,NA,NA
"2020-06-21",413.5,FALSE,NA,NA,"<= day","daily",NA,NA,NA
"2020-06-22",388.208,FALSE,NA,NA,"<= day","daily",NA,NA,NA
"2020-06-23",367.542,FALSE,NA,NA,"<= day","daily",NA,NA,NA
"2020-06-24",359.99,FALSE,NA,NA,"<= day","daily",NA,NA,NA
"2020-06-25",354.812,FALSE,NA,NA,"<= day","daily",NA,NA,NA
"2020-06-26",352.969,FALSE,NA,NA,"<= day","daily",NA,NA,NA
"2020-06-27",348.854,FALSE,NA,NA,"<= day","daily",NA,NA,NA
"2020-06-28",365.688,FALSE,NA,NA,"<= day","daily",NA,NA,NA
"2020-06-29",370.958,FALSE,NA,NA,"<= day","daily",NA,NA,NA
"2020-06-30",352.458,FALSE,NA,NA,"<= day","daily",NA,NA,NA
"2020-07-01",362.646,FALSE,NA,NA,"<= day","daily",NA,NA,NA
"2020-07-02",414.688,FALSE,NA,NA,"<= day","daily",NA,NA,NA
"2020-07-03",387.198,FALSE,NA,NA,"<= day","daily",NA,NA,NA
"2020-07-04",354.917,FALSE,NA,NA,"<= day","daily",NA,NA,NA
"2020-07-05",345.469,FALSE,NA,NA,"<= day","daily",NA,NA,NA
"2020-07-06",342.062,FALSE,NA,NA,"<= day","daily",NA,NA,NA
"2020-07-07",338.49,FALSE,NA,NA,"<= day","daily",NA,NA,NA
"2020-07-08",331.396,FALSE,NA,NA,"<= day","daily",NA,NA,NA
"2020-07-09",325.927,FALSE,NA,NA,"<= day","daily",NA,NA,NA
"2020-07-10",325.75,FALSE,NA,NA,"<= day","daily",NA,NA,NA
"2020-07-11",323.417,FALSE,NA,NA,"<= day","daily",NA,NA,NA
"2020-07-12",312.719,FALSE,NA,NA,"<= day","daily",NA,NA,NA
"2020-07-13",314.042,FALSE,NA,NA,"<= day","daily",NA,NA,NA
"2020-07-14",308.5,FALSE,NA,NA,"<= day","daily",NA,NA,NA
"2020-07-15",315.792,FALSE,NA,NA,"<= day","daily",NA,NA,NA
"2020-07-16",324.073,FALSE,NA,NA,"<= day","daily",NA,NA,NA
"2020-07-17",319.844,FALSE,NA,NA,"<= day","daily",NA,NA,NA
"2020-07-18",306.135,FALSE,NA,NA,"<= day","daily",NA,NA,NA
"2020-07-19",296.99,FALSE,NA,NA,"<= day","daily",NA,NA,NA
"2020-07-20",294.385,FALSE,NA,NA,"<= day","daily",NA,NA,NA
"2020-07-21",293.833,FALSE,NA,NA,"<= day","daily",NA,NA,NA
"2020-07-22",286.531,FALSE,NA,NA,"<= day","daily",NA,NA,NA
"2020-07-23",281.156,FALSE,NA,NA,"<= day","daily",NA,NA,NA
"2020-07-24",282.365,FALSE,NA,NA,"<= day","daily",NA,NA,NA
"2020-07-25",281.5,FALSE,NA,NA,"<= day","daily",NA,NA,NA
"2020-07-26",281.812,FALSE,NA,NA,"<= day","daily",NA,NA,NA
"2020-07-27",276.198,FALSE,NA,NA,"<= day","daily",NA,NA,NA
"2020-07-28",274.948,FALSE,NA,NA,"<= day","daily",NA,NA,NA
"2020-07-29",268.052,FALSE,NA,NA,"<= day","daily",NA,NA,NA
"2020-07-30",259.76,FALSE,NA,NA,"<= day","daily",NA,NA,NA
"2020-07-31",255.427,FALSE,NA,NA,"<= day","daily",NA,NA,NA
"2020-08-01",256.771,FALSE,NA,NA,"<= day","daily",NA,NA,NA
"2020-08-02",275.604,FALSE,NA,NA,"<= day","daily",NA,NA,NA
"2020-08-03",293.292,FALSE,NA,NA,"<= day","daily",NA,NA,NA
"2020-08-04",312.375,FALSE,NA,NA,"<= day","daily",NA,NA,NA
"2020-08-05",284.177,FALSE,NA,NA,"<= day","daily",NA,NA,NA
"2020-08-06",267.906,FALSE,NA,NA,"<= day","daily",NA,NA,NA
"2020-08-07",254.344,FALSE,NA,NA,"<= day","daily",NA,NA,NA
"2020-08-08",247.24,FALSE,NA,NA,"<= day","daily",NA,NA,NA
"2020-08-09",242.333,FALSE,NA,NA,"<= day","daily",NA,NA,NA
"2020-08-10",239.406,FALSE,NA,NA,"<= day","daily",NA,NA,NA
"2020-08-11",238.656,FALSE,NA,NA,"<= day","daily",NA,NA,NA
"2020-08-12",237.552,FALSE,NA,NA,"<= day","daily",NA,NA,NA
"2020-08-13",245.333,FALSE,NA,NA,"<= day","daily",NA,NA,NA
"2020-08-14",251.073,FALSE,NA,NA,"<= day","daily",NA,NA,NA
"2020-08-15",252.281,FALSE,NA,NA,"<= day","daily",NA,NA,NA
"2020-08-16",281.99,FALSE,NA,NA,"<= day","daily",NA,NA,NA
"2020-08-17",431.312,FALSE,NA,NA,"<= day","daily",NA,NA,NA
"2020-08-18",449.146,FALSE,NA,NA,"<= day","daily",NA,NA,NA
"2020-08-19",318.219,FALSE,NA,NA,"<= day","daily",NA,NA,NA
"2020-08-20",272.531,FALSE,NA,NA,"<= day","daily",NA,NA,NA
"2020-08-21",260.833,FALSE,NA,NA,"<= day","daily",NA,NA,NA
"2020-08-22",261.708,FALSE,NA,NA,"<= day","daily",NA,NA,NA
"2020-08-23",261.146,FALSE,NA,NA,"<= day","daily",NA,NA,NA
"2020-08-24",249.802,FALSE,NA,NA,"<= day","daily",NA,NA,NA
"2020-08-25",245.24,FALSE,NA,NA,"<= day","daily",NA,NA,NA
"2020-08-26",238.792,FALSE,NA,NA,"<= day","daily",NA,NA,NA
"2020-08-27",244.417,FALSE,NA,NA,"<= day","daily",NA,NA,NA
"2020-08-28",268.552,FALSE,NA,NA,"<= day","daily",NA,NA,NA
"2020-08-29",291.375,FALSE,NA,NA,"<= day","daily",NA,NA,NA
"2020-08-30",294.74,FALSE,NA,NA,"<= day","daily",NA,NA,NA
"2020-08-31",356.75,FALSE,NA,NA,"<= day","daily",NA,NA,NA
"2020-09-01",291.469,FALSE,NA,NA,"<= day","daily",NA,NA,NA
"2020-09-02",256.562,FALSE,NA,NA,"<= day","daily",NA,NA,NA
"2020-09-03",249.323,FALSE,NA,NA,"<= day","daily",NA,NA,NA
"2020-09-04",236.875,FALSE,NA,NA,"<= day","daily",NA,NA,NA
"2020-09-05",237.635,FALSE,NA,NA,"<= day","daily",NA,NA,NA
"2020-09-06",233.469,FALSE,NA,NA,"<= day","daily",NA,NA,NA
"2020-09-07",230.292,FALSE,NA,NA,"<= day","daily",NA,NA,NA
"2020-09-08",228.333,FALSE,NA,NA,"<= day","daily",NA,NA,NA
"2020-09-09",223.062,FALSE,NA,NA,"<= day","daily",NA,NA,NA
"2020-09-10",222.865,FALSE,NA,NA,"<= day","daily",NA,NA,NA
"2020-09-11",221.969,FALSE,NA,NA,"<= day","daily",NA,NA,NA
"2020-09-12",214.99,FALSE,NA,NA,"<= day","daily",NA,NA,NA
"2020-09-13",211.812,FALSE,NA,NA,"<= day","daily",NA,NA,NA
"2020-09-14",208.198,FALSE,NA,NA,"<= day","daily",NA,NA,NA
"2020-09-15",204.719,FALSE,NA,NA,"<= day","daily",NA,NA,NA
"2020-09-16",199.812,FALSE,NA,NA,"<= day","daily",NA,NA,NA
"2020-09-17",199.802,FALSE,NA,NA,"<= day","daily",NA,NA,NA
"2020-09-18",204.135,FALSE,NA,NA,"<= day","daily",NA,NA,NA
"2020-09-19",199.312,FALSE,NA,NA,"<= day","daily",NA,NA,NA
"2020-09-20",200.417,FALSE,NA,NA,"<= day","daily",NA,NA,NA
"2020-09-21",204.156,FALSE,NA,NA,"<= day","daily",NA,NA,NA
"2020-09-22",197.76,FALSE,NA,NA,"<= day","daily",NA,NA,NA
"2020-09-23",194,FALSE,NA,NA,"<= day","daily",NA,NA,NA
"2020-09-24",206.427,FALSE,NA,NA,"<= day","daily",NA,NA,NA
"2020-09-25",265.229,FALSE,NA,NA,"<= day","daily",NA,NA,NA
"2020-09-26",229.771,FALSE,NA,NA,"<= day","daily",NA,NA,NA
"2020-09-27",210.844,FALSE,NA,NA,"<= day","daily",NA,NA,NA
"2020-09-28",202.74,FALSE,NA,NA,"<= day","daily",NA,NA,NA
"2020-09-29",201.01,FALSE,NA,NA,"<= day","daily",NA,NA,NA
"2020-09-30",208.927,FALSE,NA,NA,"<= day","daily",NA,NA,NA
"2020-10-01",197.26,FALSE,NA,NA,"<= day","daily",NA,NA,NA
"2020-10-02",199.073,FALSE,NA,NA,"<= day","daily",NA,NA,NA
"2020-10-03",198.562,FALSE,NA,NA,"<= day","daily",NA,NA,NA
"2020-10-04",193.188,FALSE,NA,NA,"<= day","daily",NA,NA,NA
"2020-10-05",182.875,FALSE,NA,NA,"<= day","daily",NA,NA,NA
"2020-10-06",182.438,FALSE,NA,NA,"<= day","daily",NA,NA,NA
"2020-10-07",185.865,FALSE,NA,NA,"<= day","daily",NA,NA,NA
"2020-10-08",183.771,FALSE,NA,NA,"<= day","daily",NA,NA,NA
"2020-10-09",185.417,FALSE,NA,NA,"<= day","daily",NA,NA,NA
"2020-10-10",189.385,FALSE,NA,NA,"<= day","daily",NA,NA,NA
"2020-10-11",184.604,FALSE,NA,NA,"<= day","daily",NA,NA,NA
"2020-10-12",181.865,FALSE,NA,NA,"<= day","daily",NA,NA,NA
"2020-10-13",183.771,FALSE,NA,NA,"<= day","daily",NA,NA,NA
"2020-10-14",180.042,FALSE,NA,NA,"<= day","daily",NA,NA,NA
"2020-10-15",180.958,FALSE,NA,NA,"<= day","daily",NA,NA,NA
"2020-10-16",182.156,FALSE,NA,NA,"<= day","daily",NA,NA,NA
"2020-10-17",178.906,FALSE,NA,NA,"<= day","daily",NA,NA,NA
"2020-10-18",179.042,FALSE,NA,NA,"<= day","daily",NA,NA,NA
"2020-10-19",174.583,FALSE,NA,NA,"<= day","daily",NA,NA,NA
"2020-10-20",172.5,FALSE,NA,NA,"<= day","daily",NA,NA,NA
"2020-10-21",173.156,FALSE,NA,NA,"<= day","daily",NA,NA,NA
"2020-10-22",170.594,FALSE,NA,NA,"<= day","daily",NA,NA,NA
"2020-10-23",175.573,FALSE,NA,NA,"<= day","daily",NA,NA,NA
"2020-10-24",174.865,FALSE,NA,NA,"<= day","daily",NA,NA,NA
"2020-10-25",180.323,FALSE,NA,NA,"<= day","daily",NA,NA,NA
"2020-10-26",199.156,FALSE,NA,NA,"<= day","daily",NA,NA,NA
"2020-10-27",196.562,FALSE,NA,NA,"<= day","daily",NA,NA,NA
"2020-10-28",179.615,FALSE,NA,NA,"<= day","daily",NA,NA,NA
"2020-10-29",194.969,FALSE,NA,NA,"<= day","daily",NA,NA,NA
"2020-10-30",188.479,FALSE,NA,NA,"<= day","daily",NA,NA,NA
"2020-10-31",179.01,FALSE,NA,NA,"<= day","daily",NA,NA,NA
"2020-11-01",175.062,FALSE,NA,NA,"<= day","daily",NA,NA,NA
"2020-11-02",172.865,FALSE,NA,NA,"<= day","daily",NA,NA,NA
"2020-11-03",174.885,FALSE,NA,NA,"<= day","daily",NA,NA,NA
"2020-11-04",171.677,FALSE,NA,NA,"<= day","daily",NA,NA,NA
"2020-11-05",170.771,FALSE,NA,NA,"<= day","daily",NA,NA,NA
"2020-11-06",169.385,FALSE,NA,NA,"<= day","daily",NA,NA,NA
"2020-11-07",169.292,FALSE,NA,NA,"<= day","daily",NA,NA,NA
"2020-11-08",164.99,FALSE,NA,NA,"<= day","daily",NA,NA,NA
"2020-11-09",160.5,FALSE,NA,NA,"<= day","daily",NA,NA,NA
"2020-11-10",164.188,FALSE,NA,NA,"<= day","daily",NA,NA,NA
"2020-11-11",164.771,FALSE,NA,NA,"<= day","daily",NA,NA,NA
"2020-11-12",163.271,FALSE,NA,NA,"<= day","daily",NA,NA,NA
"2020-11-13",162.427,FALSE,NA,NA,"<= day","daily",NA,NA,NA
"2020-11-14",158.219,FALSE,NA,NA,"<= day","daily",NA,NA,NA
"2020-11-15",155.344,FALSE,NA,NA,"<= day","daily",NA,NA,NA
"2020-11-16",159.365,FALSE,NA,NA,"<= day","daily",NA,NA,NA
"2020-11-17",155.927,FALSE,NA,NA,"<= day","daily",NA,NA,NA
"2020-11-18",155.979,FALSE,NA,NA,"<= day","daily",NA,NA,NA
"2020-11-19",156.865,FALSE,NA,NA,"<= day","daily",NA,NA,NA
"2020-11-20",156.656,FALSE,NA,NA,"<= day","daily",NA,NA,NA
"2020-11-21",153.833,FALSE,NA,NA,"<= day","daily",NA,NA,NA
"2020-11-22",149.562,FALSE,NA,NA,"<= day","daily",NA,NA,NA
"2020-11-23",148.479,FALSE,NA,NA,"<= day","daily",NA,NA,NA
"2020-11-24",150.25,FALSE,NA,NA,"<= day","daily",NA,NA,NA
"2020-11-25",151.271,FALSE,NA,NA,"<= day","daily",NA,NA,NA
"2020-11-26",166.75,FALSE,NA,NA,"<= day","daily",NA,NA,NA
"2020-12-01",146.854,FALSE,NA,NA,"<= day","daily",NA,NA,NA
"2020-12-02",143.562,FALSE,NA,NA,"<= day","daily",NA,NA,NA
"2020-12-03",142.708,FALSE,NA,NA,"<= day","daily",NA,NA,NA
"2020-12-04",146.323,FALSE,NA,NA,"<= day","daily",NA,NA,NA
"2020-12-05",146.885,FALSE,NA,NA,"<= day","daily",NA,NA,NA
"2020-12-06",146.708,FALSE,NA,NA,"<= day","daily",NA,NA,NA
"2020-12-07",149.635,FALSE,NA,NA,"<= day","daily",NA,NA,NA
"2020-12-08",145.927,FALSE,NA,NA,"<= day","daily",NA,NA,NA
"2020-12-09",146.323,FALSE,NA,NA,"<= day","daily",NA,NA,NA
"2020-12-10",148.771,FALSE,NA,NA,"<= day","daily",NA,NA,NA
"2020-12-11",144.812,FALSE,NA,NA,"<= day","daily",NA,NA,NA
"2020-12-12",144,FALSE,NA,NA,"<= day","daily",NA,NA,NA
"2020-12-13",143.885,FALSE,NA,NA,"<= day","daily",NA,NA,NA
"2020-12-14",142.562,FALSE,NA,NA,"<= day","daily",NA,NA,NA
"2020-12-15",138.792,FALSE,NA,NA,"<= day","daily",NA,NA,NA
"2020-12-16",138.635,FALSE,NA,NA,"<= day","daily",NA,NA,NA
"2020-12-17",137.156,FALSE,NA,NA,"<= day","daily",NA,NA,NA
"2020-12-18",136.021,FALSE,NA,NA,"<= day","daily",NA,NA,NA
"2020-12-19",135.021,FALSE,NA,NA,"<= day","daily",NA,NA,NA
"2020-12-20",134.25,FALSE,NA,NA,"<= day","daily",NA,NA,NA
"2020-12-21",135.323,FALSE,NA,NA,"<= day","daily",NA,NA,NA
"2020-12-22",138.115,FALSE,NA,NA,"<= day","daily",NA,NA,NA
"2020-12-23",138.927,FALSE,NA,NA,"<= day","daily",NA,NA,NA
"2020-12-24",154.219,FALSE,NA,NA,"<= day","daily",NA,NA,NA
"2020-12-25",151.146,FALSE,NA,NA,"<= day","daily",NA,NA,NA
"2020-12-26",144.146,FALSE,NA,NA,"<= day","daily",NA,NA,NA
"2020-12-27",140.583,FALSE,NA,NA,"<= day","daily",NA,NA,NA
"2020-12-28",159.865,FALSE,NA,NA,"<= day","daily",NA,NA,NA
"2020-12-29",181.906,FALSE,NA,NA,"<= day","daily",NA,NA,NA
"2020-12-30",178.583,FALSE,NA,NA,"<= day","daily",NA,NA,NA
"2020-12-31",157.198,FALSE,NA,NA,"<= day","daily",NA,NA,NA
"2021-01-01",150.198,FALSE,NA,NA,"<= day","daily",NA,NA,NA
"2021-01-02",147.635,FALSE,NA,NA,"<= day","daily",NA,NA,NA
"2021-01-03",148.5,FALSE,NA,NA,"<= day","daily",NA,NA,NA
"2021-01-04",147.385,FALSE,NA,NA,"<= day","daily",NA,NA,NA
"2021-01-05",147.521,FALSE,NA,NA,"<= day","daily",NA,NA,NA
"2021-01-06",145.979,FALSE,NA,NA,"<= day","daily",NA,NA,NA
"2021-01-07",148.406,FALSE,NA,NA,"<= day","daily",NA,NA,NA
"2021-01-08",142.969,FALSE,NA,NA,"<= day","daily",NA,NA,NA
"2021-01-09",140.562,FALSE,NA,NA,"<= day","daily",NA,NA,NA
"2021-01-10",137.25,FALSE,NA,NA,"<= day","daily",NA,NA,NA
"2021-01-11",140.323,FALSE,NA,NA,"<= day","daily",NA,NA,NA
"2021-01-12",141.115,FALSE,NA,NA,"<= day","daily",NA,NA,NA
"2021-01-13",143.469,FALSE,NA,NA,"<= day","daily",NA,NA,NA
"2021-01-14",153.188,FALSE,NA,NA,"<= day","daily",NA,NA,NA
"2021-01-15",148.51,FALSE,NA,NA,"<= day","daily",NA,NA,NA
"2021-01-16",143.448,FALSE,NA,NA,"<= day","daily",NA,NA,NA
"2021-01-17",141.156,FALSE,NA,NA,"<= day","daily",NA,NA,NA
"2021-01-18",140.365,FALSE,NA,NA,"<= day","daily",NA,NA,NA
"2021-01-19",140.812,FALSE,NA,NA,"<= day","daily",NA,NA,NA
"2021-01-20",137.26,FALSE,NA,NA,"<= day","daily",NA,NA,NA
"2021-01-21",160.396,FALSE,NA,NA,"<= day","daily",NA,NA,NA
"2021-01-22",229.938,FALSE,NA,NA,"<= day","daily",NA,NA,NA
"2021-01-23",250.104,FALSE,NA,NA,"<= day","daily",NA,NA,NA
"2021-01-24",230.406,FALSE,NA,NA,"<= day","daily",NA,NA,NA
"2021-01-25",205.573,FALSE,NA,NA,"<= day","daily",NA,NA,NA
"2021-01-26",188.729,FALSE,NA,NA,"<= day","daily",NA,NA,NA
"2021-01-27",184.51,FALSE,NA,NA,"<= day","daily",NA,NA,NA
"2021-01-28",228.375,FALSE,NA,NA,"<= day","daily",NA,NA,NA
"2021-01-29",458.896,FALSE,NA,NA,"<= day","daily",NA,NA,NA
"2021-01-30",592.812,FALSE,NA,NA,"<= day","daily",NA,NA,NA
"2021-01-31",565.354,FALSE,NA,NA,"<= day","daily",NA,NA,NA
"2021-02-01",475.177,FALSE,NA,NA,"<= day","daily",NA,NA,NA
"2021-02-02",457.052,FALSE,NA,NA,"<= day","daily",NA,NA,NA
"2021-02-03",531.125,FALSE,NA,NA,"<= day","daily",NA,NA,NA
"2021-02-04",685.135,FALSE,NA,NA,"<= day","daily",NA,NA,NA
"2021-02-05",639.76,FALSE,NA,NA,"<= day","daily",NA,NA,NA
"2021-02-06",572.156,FALSE,NA,NA,"<= day","daily",NA,NA,NA
"2021-02-07",542.302,FALSE,NA,NA,"<= day","daily",NA,NA,NA
"2021-02-08",544.51,FALSE,NA,NA,"<= day","daily",NA,NA,NA
"2021-02-09",524.292,FALSE,NA,NA,"<= day","daily",NA,NA,NA
"2021-02-10",497.562,FALSE,NA,NA,"<= day","daily",NA,NA,NA
"2021-02-11",471.365,FALSE,NA,NA,"<= day","daily",NA,NA,NA
"2021-02-12",451.448,FALSE,NA,NA,"<= day","daily",NA,NA,NA
"2021-02-13",439.458,FALSE,NA,NA,"<= day","daily",NA,NA,NA
"2021-02-14",429.958,FALSE,NA,NA,"<= day","daily",NA,NA,NA
"2021-02-15",421.635,FALSE,NA,NA,"<= day","daily",NA,NA,NA
"2021-02-16",428.906,FALSE,NA,NA,"<= day","daily",NA,NA,NA
"2021-02-17",438.969,FALSE,NA,NA,"<= day","daily",NA,NA,NA
"2021-02-18",442.656,FALSE,NA,NA,"<= day","daily",NA,NA,NA
"2021-02-19",437.146,FALSE,NA,NA,"<= day","daily",NA,NA,NA
"2021-02-20",430.49,FALSE,NA,NA,"<= day","daily",NA,NA,NA
"2021-02-21",426.656,FALSE,NA,NA,"<= day","daily",NA,NA,NA
"2021-02-22",424.115,FALSE,NA,NA,"<= day","daily",NA,NA,NA
"2021-02-23",406.135,FALSE,NA,NA,"<= day","daily",NA,NA,NA
"2021-02-24",402.365,FALSE,NA,NA,"<= day","daily",NA,NA,NA
"2021-02-25",404.073,FALSE,NA,NA,"<= day","daily",NA,NA,NA
"2021-02-26",406.135,FALSE,NA,NA,"<= day","daily",NA,NA,NA
"2021-02-27",402.969,FALSE,NA,NA,"<= day","daily",NA,NA,NA
"2021-02-28",399.021,FALSE,NA,NA,"<= day","daily",NA,NA,NA
"2021-03-01",399.792,FALSE,NA,NA,"<= day","daily",NA,NA,NA
"2021-03-02",394.719,FALSE,NA,NA,"<= day","daily",NA,NA,NA
"2021-03-03",392.729,FALSE,NA,NA,"<= day","daily",NA,NA,NA
"2021-03-04",395.573,FALSE,NA,NA,"<= day","daily",NA,NA,NA
"2021-03-05",395.146,FALSE,NA,NA,"<= day","daily",NA,NA,NA
"2021-03-06",383,FALSE,NA,NA,"<= day","daily",NA,NA,NA
"2021-03-07",375.021,FALSE,NA,NA,"<= day","daily",NA,NA,NA
"2021-03-08",378.708,FALSE,NA,NA,"<= day","daily",NA,NA,NA
"2021-03-09",376.719,FALSE,NA,NA,"<= day","daily",NA,NA,NA
"2021-03-10",372.156,FALSE,NA,NA,"<= day","daily",NA,NA,NA
"2021-03-11",380.125,FALSE,NA,NA,"<= day","daily",NA,NA,NA
"2021-03-12",417.667,FALSE,NA,NA,"<= day","daily",NA,NA,NA
"2021-03-13",399.75,FALSE,NA,NA,"<= day","daily",NA,NA,NA
"2021-03-14",468.042,FALSE,NA,NA,"<= day","daily",NA,NA,NA
"2021-03-15",496.344,FALSE,NA,NA,"<= day","daily",NA,NA,NA
"2021-03-16",499.188,FALSE,NA,NA,"<= day","daily",NA,NA,NA
"2021-03-17",462.312,FALSE,NA,NA,"<= day","daily",NA,NA,NA
"2021-03-18",451.854,FALSE,NA,NA,"<= day","daily",NA,NA,NA
"2021-03-19",446.01,FALSE,NA,NA,"<= day","daily",NA,NA,NA
"2021-03-20",439.948,FALSE,NA,NA,"<= day","daily",NA,NA,NA
"2021-03-21",438.427,FALSE,NA,NA,"<= day","daily",NA,NA,NA
"2021-03-22",434.562,FALSE,NA,NA,"<= day","daily",NA,NA,NA
"2021-03-23",432.219,FALSE,NA,NA,"<= day","daily",NA,NA,NA
"2021-03-24",425.625,FALSE,NA,NA,"<= day","daily",NA,NA,NA
"2021-03-25",421.427,FALSE,NA,NA,"<= day","daily",NA,NA,NA
"2021-03-26",420.479,FALSE,NA,NA,"<= day","daily",NA,NA,NA
"2021-03-27",420.76,FALSE,NA,NA,"<= day","daily",NA,NA,NA
"2021-03-28",409.052,FALSE,NA,NA,"<= day","daily",NA,NA,NA
"2021-03-29",405.104,FALSE,NA,NA,"<= day","daily",NA,NA,NA
"2021-03-30",399.021,FALSE,NA,NA,"<= day","daily",NA,NA,NA
"2021-03-31",402.135,FALSE,NA,NA,"<= day","daily",NA,NA,NA
"2021-04-01",397.771,FALSE,NA,NA,"<= day","daily",NA,NA,NA
"2021-04-02",399.469,FALSE,NA,NA,"<= day","daily",NA,NA,NA
"2021-04-03",390.062,FALSE,NA,NA,"<= day","daily",NA,NA,NA
"2021-04-04",394.323,FALSE,NA,NA,"<= day","daily",NA,NA,NA
"2021-04-05",392.542,FALSE,NA,NA,"<= day","daily",NA,NA,NA
"2021-04-06",391.312,FALSE,NA,NA,"<= day","daily",NA,NA,NA
"2021-04-07",385.667,FALSE,NA,NA,"<= day","daily",NA,NA,NA
"2021-04-08",377.354,FALSE,NA,NA,"<= day","daily",NA,NA,NA
"2021-04-09",376.115,FALSE,NA,NA,"<= day","daily",NA,NA,NA
"2021-04-10",376.635,FALSE,NA,NA,"<= day","daily",NA,NA,NA
"2021-04-11",384.094,FALSE,NA,NA,"<= day","daily",NA,NA,NA
"2021-04-12",435.844,FALSE,NA,NA,"<= day","daily",NA,NA,NA
"2021-04-13",405.333,FALSE,NA,NA,"<= day","daily",NA,NA,NA
"2021-04-14",375.375,FALSE,NA,NA,"<= day","daily",NA,NA,NA
"2021-04-15",367.5,FALSE,NA,NA,"<= day","daily",NA,NA,NA
"2021-04-16",370.042,FALSE,NA,NA,"<= day","daily",NA,NA,NA
"2021-04-17",364.042,FALSE,NA,NA,"<= day","daily",NA,NA,NA
"2021-04-18",366.5,FALSE,NA,NA,"<= day","daily",NA,NA,NA
"2021-04-19",362.01,FALSE,NA,NA,"<= day","daily",NA,NA,NA
"2021-04-20",354.688,FALSE,NA,NA,"<= day","daily",NA,NA,NA
"2021-04-21",346.062,FALSE,NA,NA,"<= day","daily",NA,NA,NA
"2021-04-22",347.979,FALSE,NA,NA,"<= day","daily",NA,NA,NA
"2021-04-23",349.385,FALSE,NA,NA,"<= day","daily",NA,NA,NA
"2021-04-24",367.219,FALSE,NA,NA,"<= day","daily",NA,NA,NA
"2021-04-25",359.74,FALSE,NA,NA,"<= day","daily",NA,NA,NA
"2021-04-26",341.854,FALSE,NA,NA,"<= day","daily",NA,NA,NA
"2021-04-27",347.5,FALSE,NA,NA,"<= day","daily",NA,NA,NA
"2021-04-28",338.781,FALSE,NA,NA,"<= day","daily",NA,NA,NA
"2021-04-29",337.167,FALSE,NA,NA,"<= day","daily",NA,NA,NA
"2021-04-30",346.531,FALSE,NA,NA,"<= day","daily",NA,NA,NA
"2021-05-01",371.365,FALSE,NA,NA,"<= day","daily",NA,NA,NA
"2021-05-02",404.26,FALSE,NA,NA,"<= day","daily",NA,NA,NA
"2021-05-03",361.875,FALSE,NA,NA,"<= day","daily",NA,NA,NA
"2021-05-04",345.458,FALSE,NA,NA,"<= day","daily",NA,NA,NA
"2021-05-05",400.271,FALSE,NA,NA,"<= day","daily",NA,NA,NA
"2021-05-06",442.594,FALSE,NA,NA,"<= day","daily",NA,NA,NA
"2021-05-07",547.208,FALSE,NA,NA,"<= day","daily",NA,NA,NA
"2021-05-08",486.531,FALSE,NA,NA,"<= day","daily",NA,NA,NA
"2021-05-09",427.094,FALSE,NA,NA,"<= day","daily",NA,NA,NA
"2021-05-10",410.615,FALSE,NA,NA,"<= day","daily",NA,NA,NA
"2021-05-11",403.594,FALSE,NA,NA,"<= day","daily",NA,NA,NA
"2021-05-12",428.323,FALSE,NA,NA,"<= day","daily",NA,NA,NA
"2021-05-13",406.875,FALSE,NA,NA,"<= day","daily",NA,NA,NA
"2021-05-14",400.854,FALSE,NA,NA,"<= day","daily",NA,NA,NA
"2021-05-15",392.781,FALSE,NA,NA,"<= day","daily",NA,NA,NA
"2021-05-16",387.333,FALSE,NA,NA,"<= day","daily",NA,NA,NA
"2021-05-17",389.104,FALSE,NA,NA,"<= day","daily",NA,NA,NA
"2021-05-18",417.5,FALSE,NA,NA,"<= day","daily",NA,NA,NA
"2021-05-19",407.552,FALSE,NA,NA,"<= day","daily",NA,NA,NA
"2021-05-20",386.792,FALSE,NA,NA,"<= day","daily",NA,NA,NA
"2021-05-21",379.625,FALSE,NA,NA,"<= day","daily",NA,NA,NA
"2021-05-22",372.969,FALSE,NA,NA,"<= day","daily",NA,NA,NA
"2021-05-23",370.677,FALSE,NA,NA,"<= day","daily",NA,NA,NA
"2021-05-24",367.198,FALSE,NA,NA,"<= day","daily",NA,NA,NA
"2021-05-25",364.979,FALSE,NA,NA,"<= day","daily",NA,NA,NA
"2021-05-26",369.469,FALSE,NA,NA,"<= day","daily",NA,NA,NA
"2021-05-27",375.698,FALSE,NA,NA,"<= day","daily",NA,NA,NA
"2021-05-28",362.01,FALSE,NA,NA,"<= day","daily",NA,NA,NA
"2021-05-29",344.594,FALSE,NA,NA,"<= day","daily",NA,NA,NA
"2021-05-30",339.875,FALSE,NA,NA,"<= day","daily",NA,NA,NA
"2021-05-31",332.177,FALSE,NA,NA,"<= day","daily",NA,NA,NA
"2021-06-01",330.719,FALSE,NA,NA,"<= day","daily",NA,NA,NA
"2021-06-02",299.531,FALSE,NA,NA,"<= day","daily",NA,NA,NA
"2021-06-03",274.417,FALSE,NA,NA,"<= day","daily",NA,NA,NA
"2021-06-04",259.969,FALSE,NA,NA,"<= day","daily",NA,NA,NA
"2021-06-05",263.396,FALSE,NA,NA,"<= day","daily",NA,NA,NA
"2021-06-06",267.052,FALSE,NA,NA,"<= day","daily",NA,NA,NA
"2021-06-07",274.583,FALSE,NA,NA,"<= day","daily",NA,NA,NA
"2021-06-08",306.365,FALSE,NA,NA,"<= day","daily",NA,NA,NA
"2021-06-09",339.219,FALSE,NA,NA,"<= day","daily",NA,NA,NA
"2021-06-10",341.26,FALSE,NA,NA,"<= day","daily",NA,NA,NA
"2021-06-11",308.729,FALSE,NA,NA,"<= day","daily",NA,NA,NA
"2021-06-12",279.51,FALSE,NA,NA,"<= day","daily",NA,NA,NA
"2021-06-13",270.469,FALSE,NA,NA,"<= day","daily",NA,NA,NA
"2021-06-14",266.948,FALSE,NA,NA,"<= day","daily",NA,NA,NA
"2021-06-15",263.198,FALSE,NA,NA,"<= day","daily",NA,NA,NA
"2021-06-16",259.719,FALSE,NA,NA,"<= day","daily",NA,NA,NA
"2021-06-17",254.354,FALSE,NA,NA,"<= day","daily",NA,NA,NA
"2021-06-18",257.531,FALSE,NA,NA,"<= day","daily",NA,NA,NA
"2021-06-19",299.531,FALSE,NA,NA,"<= day","daily",NA,NA,NA
"2021-06-20",293.438,FALSE,NA,NA,"<= day","daily",NA,NA,NA
"2021-06-21",328.677,FALSE,NA,NA,"<= day","daily",NA,NA,NA
"2021-06-22",306.708,FALSE,NA,NA,"<= day","daily",NA,NA,NA
"2021-06-23",317.615,FALSE,NA,NA,"<= day","daily",NA,NA,NA
"2021-06-24",443.312,FALSE,NA,NA,"<= day","daily",NA,NA,NA
"2021-06-25",427.385,FALSE,NA,NA,"<= day","daily",NA,NA,NA
"2021-06-26",338.354,FALSE,NA,NA,"<= day","daily",NA,NA,NA
"2021-06-27",309.562,FALSE,NA,NA,"<= day","daily",NA,NA,NA
"2021-06-28",358.302,FALSE,NA,NA,"<= day","daily",NA,NA,NA
"2021-06-29",616.542,FALSE,NA,NA,"<= day","daily",NA,NA,NA
"2021-06-30",602.781,FALSE,NA,NA,"<= day","daily",NA,NA,NA
"2021-07-01",519.021,FALSE,NA,NA,"<= day","daily",NA,NA,NA
"2021-07-02",461.323,FALSE,NA,NA,"<= day","daily",NA,NA,NA
"2021-07-03",426.188,FALSE,NA,NA,"<= day","daily",NA,NA,NA
"2021-07-04",415.208,FALSE,NA,NA,"<= day","daily",NA,NA,NA
"2021-07-05",402.75,FALSE,NA,NA,"<= day","daily",NA,NA,NA
"2021-07-06",394.5,FALSE,NA,NA,"<= day","daily",NA,NA,NA
"2021-07-07",398.583,FALSE,NA,NA,"<= day","daily",NA,NA,NA
"2021-07-08",385.635,FALSE,NA,NA,"<= day","daily",NA,NA,NA
"2021-07-09",376.229,FALSE,NA,NA,"<= day","daily",NA,NA,NA
"2021-07-10",364.146,FALSE,NA,NA,"<= day","daily",NA,NA,NA
"2021-07-11",362.062,FALSE,NA,NA,"<= day","daily",NA,NA,NA
"2021-07-12",378.146,FALSE,NA,NA,"<= day","daily",NA,NA,NA
"2021-07-13",530.156,FALSE,NA,NA,"<= day","daily",NA,NA,NA
"2021-07-14",627.24,FALSE,NA,NA,"<= day","daily",NA,NA,NA
"2021-07-15",504.146,FALSE,NA,NA,"<= day","daily",NA,NA,NA
"2021-07-16",459.25,FALSE,NA,NA,"<= day","daily",NA,NA,NA
"2021-07-17",434.75,FALSE,NA,NA,"<= day","daily",NA,NA,NA
"2021-07-18",413.083,FALSE,NA,NA,"<= day","daily",NA,NA,NA
"2021-07-19",402.417,FALSE,NA,NA,"<= day","daily",NA,NA,NA
"2021-07-20",395.375,FALSE,NA,NA,"<= day","daily",NA,NA,NA
"2021-07-21",390.448,FALSE,NA,NA,"<= day","daily",NA,NA,NA
"2021-07-22",388.156,FALSE,NA,NA,"<= day","daily",NA,NA,NA
"2021-07-23",387.479,FALSE,NA,NA,"<= day","daily",NA,NA,NA
"2021-07-24",389.708,FALSE,NA,NA,"<= day","daily",NA,NA,NA
"2021-07-25",392.01,FALSE,NA,NA,"<= day","daily",NA,NA,NA
"2021-07-26",428.521,FALSE,NA,NA,"<= day","daily",NA,NA,NA
"2021-07-27",601.917,FALSE,NA,NA,"<= day","daily",NA,NA,NA
"2021-07-28",517.708,FALSE,NA,NA,"<= day","daily",NA,NA,NA
"2021-07-29",448.062,FALSE,NA,NA,"<= day","daily",NA,NA,NA
"2021-07-30",427.75,FALSE,NA,NA,"<= day","daily",NA,NA,NA
"2021-07-31",422.479,FALSE,NA,NA,"<= day","daily",NA,NA,NA
"2021-08-01",447.323,FALSE,NA,NA,"<= day","daily",NA,NA,NA
"2021-08-02",443.281,FALSE,NA,NA,"<= day","daily",NA,NA,NA
"2021-08-03",418.104,FALSE,NA,NA,"<= day","daily",NA,NA,NA
"2021-08-04",412.042,FALSE,NA,NA,"<= day","daily",NA,NA,NA
"2021-08-05",409.812,FALSE,NA,NA,"<= day","daily",NA,NA,NA
"2021-08-06",406.885,FALSE,NA,NA,"<= day","daily",NA,NA,NA
"2021-08-07",413.865,FALSE,NA,NA,"<= day","daily",NA,NA,NA
"2021-08-08",442.927,FALSE,NA,NA,"<= day","daily",NA,NA,NA
"2021-08-09",409.646,FALSE,NA,NA,"<= day","daily",NA,NA,NA
"2021-08-10",394.146,FALSE,NA,NA,"<= day","daily",NA,NA,NA
"2021-08-11",389.948,FALSE,NA,NA,"<= day","daily",NA,NA,NA
"2021-08-12",386.656,FALSE,NA,NA,"<= day","daily",NA,NA,NA
"2021-08-13",385.26,FALSE,NA,NA,"<= day","daily",NA,NA,NA
"2021-08-14",375.927,FALSE,NA,NA,"<= day","daily",NA,NA,NA
"2021-08-15",381.24,FALSE,NA,NA,"<= day","daily",NA,NA,NA
"2021-08-16",385,FALSE,NA,NA,"<= day","daily",NA,NA,NA
"2021-08-17",382.083,FALSE,NA,NA,"<= day","daily",NA,NA,NA
"2021-08-18",377.854,FALSE,NA,NA,"<= day","daily",NA,NA,NA
"2021-08-19",372.354,FALSE,NA,NA,"<= day","daily",NA,NA,NA
"2021-08-20",368.083,FALSE,NA,NA,"<= day","daily",NA,NA,NA
"2021-08-21",363.052,FALSE,NA,NA,"<= day","daily",NA,NA,NA
"2021-08-22",355.396,FALSE,NA,NA,"<= day","daily",NA,NA,NA
"2021-08-23",369.51,FALSE,NA,NA,"<= day","daily",NA,NA,NA
"2021-08-24",361.448,FALSE,NA,NA,"<= day","daily",NA,NA,NA
"2021-08-25",346.26,FALSE,NA,NA,"<= day","daily",NA,NA,NA
"2021-08-26",347.958,FALSE,NA,NA,"<= day","daily",NA,NA,NA
"2021-08-27",346.354,FALSE,NA,NA,"<= day","daily",NA,NA,NA
"2021-08-28",341.344,FALSE,NA,NA,"<= day","daily",NA,NA,NA
"2021-08-29",349.885,FALSE,NA,NA,"<= day","daily",NA,NA,NA
"2021-08-30",358.427,FALSE,NA,NA,"<= day","daily",NA,NA,NA
"2021-08-31",346.271,FALSE,NA,NA,"<= day","daily",NA,NA,NA
"2021-09-01",336.073,FALSE,NA,NA,"<= day","daily",NA,NA,NA
"2021-09-02",327.469,FALSE,NA,NA,"<= day","daily",NA,NA,NA
"2021-09-03",326.177,FALSE,NA,NA,"<= day","daily",NA,NA,NA
"2021-09-04",321.469,FALSE,NA,NA,"<= day","daily",NA,NA,NA
"2021-09-05",316.917,FALSE,NA,NA,"<= day","daily",NA,NA,NA
"2021-09-06",306.531,FALSE,NA,NA,"<= day","daily",NA,NA,NA
"2021-09-07",303.844,FALSE,NA,NA,"<= day","daily",NA,NA,NA
"2021-09-08",306.292,FALSE,NA,NA,"<= day","daily",NA,NA,NA
"2021-09-09",300.562,FALSE,NA,NA,"<= day","daily",NA,NA,NA
"2021-09-10",302.052,FALSE,NA,NA,"<= day","daily",NA,NA,NA
"2021-09-11",310.156,FALSE,NA,NA,"<= day","daily",NA,NA,NA
"2021-09-12",335.948,FALSE,NA,NA,"<= day","daily",NA,NA,NA
"2021-09-13",304.812,FALSE,NA,NA,"<= day","daily",NA,NA,NA
"2021-09-14",294.271,FALSE,NA,NA,"<= day","daily",NA,NA,NA
"2021-09-15",297.26,FALSE,NA,NA,"<= day","daily",NA,NA,NA
"2021-09-16",303.396,FALSE,NA,NA,"<= day","daily",NA,NA,NA
"2021-09-17",304.417,FALSE,NA,NA,"<= day","daily",NA,NA,NA
"2021-09-18",290.115,FALSE,NA,NA,"<= day","daily",NA,NA,NA
"2021-09-19",284.427,FALSE,NA,NA,"<= day","daily",NA,NA,NA
"2021-09-20",282.333,FALSE,NA,NA,"<= day","daily",NA,NA,NA
"2021-09-21",276.375,FALSE,NA,NA,"<= day","daily",NA,NA,NA
"2021-09-22",271.104,FALSE,NA,NA,"<= day","daily",NA,NA,NA
"2021-09-23",267.021,FALSE,NA,NA,"<= day","daily",NA,NA,NA
"2021-09-24",268.021,FALSE,NA,NA,"<= day","daily",NA,NA,NA
"2021-09-25",264.906,FALSE,NA,NA,"<= day","daily",NA,NA,NA
"2021-09-26",265.042,FALSE,NA,NA,"<= day","daily",NA,NA,NA
"2021-09-27",260.927,FALSE,NA,NA,"<= day","daily",NA,NA,NA
"2021-09-28",259.833,FALSE,NA,NA,"<= day","daily",NA,NA,NA
"2021-09-29",254.135,FALSE,NA,NA,"<= day","daily",NA,NA,NA
"2021-09-30",258.344,FALSE,NA,NA,"<= day","daily",NA,NA,NA
"2021-10-01",255.562,FALSE,NA,NA,"<= day","daily",NA,NA,NA
"2021-10-02",253.906,FALSE,NA,NA,"<= day","daily",NA,NA,NA
"2021-10-03",252.271,FALSE,NA,NA,"<= day","daily",NA,NA,NA
"2021-10-04",254.979,FALSE,NA,NA,"<= day","daily",NA,NA,NA
"2021-10-05",272.188,FALSE,NA,NA,"<= day","daily",NA,NA,NA
"2021-10-06",259.562,FALSE,NA,NA,"<= day","daily",NA,NA,NA
"2021-10-07",249.01,FALSE,NA,NA,"<= day","daily",NA,NA,NA
"2021-10-08",245.406,FALSE,NA,NA,"<= day","daily",NA,NA,NA
"2021-10-09",243.74,FALSE,NA,NA,"<= day","daily",NA,NA,NA
"2021-10-10",235.604,FALSE,NA,NA,"<= day","daily",NA,NA,NA
"2021-10-11",234.521,FALSE,NA,NA,"<= day","daily",NA,NA,NA
"2021-10-12",234.01,FALSE,NA,NA,"<= day","daily",NA,NA,NA
"2021-10-13",243.417,FALSE,NA,NA,"<= day","daily",NA,NA,NA
"2021-10-14",240.125,FALSE,NA,NA,"<= day","daily",NA,NA,NA
"2021-10-15",234.354,FALSE,NA,NA,"<= day","daily",NA,NA,NA
"2021-10-16",229.969,FALSE,NA,NA,"<= day","daily",NA,NA,NA
"2021-10-17",225.448,FALSE,NA,NA,"<= day","daily",NA,NA,NA
"2021-10-18",223.385,FALSE,NA,NA,"<= day","daily",NA,NA,NA
"2021-10-19",223.635,FALSE,NA,NA,"<= day","daily",NA,NA,NA
"2021-10-20",227.083,FALSE,NA,NA,"<= day","daily",NA,NA,NA
"2021-10-21",254.646,FALSE,NA,NA,"<= day","daily",NA,NA,NA
"2021-10-22",235.188,FALSE,NA,NA,"<= day","daily",NA,NA,NA
"2021-10-23",223.354,FALSE,NA,NA,"<= day","daily",NA,NA,NA
"2021-10-24",221.427,FALSE,NA,NA,"<= day","daily",NA,NA,NA
"2021-10-25",218.135,FALSE,NA,NA,"<= day","daily",NA,NA,NA
"2021-10-26",219.312,FALSE,NA,NA,"<= day","daily",NA,NA,NA
"2021-10-27",212.583,FALSE,NA,NA,"<= day","daily",NA,NA,NA
"2021-10-28",212.615,FALSE,NA,NA,"<= day","daily",NA,NA,NA
"2021-10-29",212.021,FALSE,NA,NA,"<= day","daily",NA,NA,NA
"2021-10-30",211.25,FALSE,NA,NA,"<= day","daily",NA,NA,NA
"2021-10-31",215.646,FALSE,NA,NA,"<= day","daily",NA,NA,NA
"2021-11-01",237.896,FALSE,NA,NA,"<= day","daily",NA,NA,NA
"2021-11-02",226.604,FALSE,NA,NA,"<= day","daily",NA,NA,NA
"2021-11-03",231.865,FALSE,NA,NA,"<= day","daily",NA,NA,NA
"2021-11-04",223.25,FALSE,NA,NA,"<= day","daily",NA,NA,NA
"2021-11-05",212.281,FALSE,NA,NA,"<= day","daily",NA,NA,NA
"2021-11-06",208.406,FALSE,NA,NA,"<= day","daily",NA,NA,NA
"2021-11-07",207.312,FALSE,NA,NA,"<= day","daily",NA,NA,NA
"2021-11-08",203.156,FALSE,NA,NA,"<= day","daily",NA,NA,NA
"2021-11-09",204.365,FALSE,NA,NA,"<= day","daily",NA,NA,NA
"2021-11-10",202.698,FALSE,NA,NA,"<= day","daily",NA,NA,NA
"2021-11-11",198.448,FALSE,NA,NA,"<= day","daily",NA,NA,NA
"2021-11-12",196.156,FALSE,NA,NA,"<= day","daily",NA,NA,NA
"2021-11-13",195.135,FALSE,NA,NA,"<= day","daily",NA,NA,NA
"2021-11-14",194.771,FALSE,NA,NA,"<= day","daily",NA,NA,NA
"2021-11-15",193.615,FALSE,NA,NA,"<= day","daily",NA,NA,NA
"2021-11-16",195.25,FALSE,NA,NA,"<= day","daily",NA,NA,NA
"2021-11-17",193.177,FALSE,NA,NA,"<= day","daily",NA,NA,NA
"2021-11-18",190.01,FALSE,NA,NA,"<= day","daily",NA,NA,NA
"2021-11-19",181.833,FALSE,NA,NA,"<= day","daily",NA,NA,NA
"2021-11-20",182.708,FALSE,NA,NA,"<= day","daily",NA,NA,NA
"2021-11-21",183.979,FALSE,NA,NA,"<= day","daily",NA,NA,NA
"2021-11-22",184.635,FALSE,NA,NA,"<= day","daily",NA,NA,NA
"2021-11-23",182.812,FALSE,NA,NA,"<= day","daily",NA,NA,NA
"2021-11-24",180.573,FALSE,NA,NA,"<= day","daily",NA,NA,NA
"2021-11-25",185.75,FALSE,NA,NA,"<= day","daily",NA,NA,NA
"2021-11-26",180.219,FALSE,NA,NA,"<= day","daily",NA,NA,NA
"2021-11-27",179.458,FALSE,NA,NA,"<= day","daily",NA,NA,NA
"2021-11-28",181.542,FALSE,NA,NA,"<= day","daily",NA,NA,NA
"2021-11-29",176.083,FALSE,NA,NA,"<= day","daily",NA,NA,NA
"2021-11-30",176.146,FALSE,NA,NA,"<= day","daily",NA,NA,NA
"2021-12-01",185.479,FALSE,NA,NA,"<= day","daily",NA,NA,NA
"2021-12-02",197.802,FALSE,NA,NA,"<= day","daily",NA,NA,NA
"2021-12-03",192.875,FALSE,NA,NA,"<= day","daily",NA,NA,NA
"2021-12-04",192.271,FALSE,NA,NA,"<= day","daily",NA,NA,NA
"2021-12-05",208.094,FALSE,NA,NA,"<= day","daily",NA,NA,NA
"2021-12-06",194.177,FALSE,NA,NA,"<= day","daily",NA,NA,NA
"2021-12-07",187.438,FALSE,NA,NA,"<= day","daily",NA,NA,NA
"2021-12-08",196.927,FALSE,NA,NA,"<= day","daily",NA,NA,NA
"2021-12-09",201.927,FALSE,NA,NA,"<= day","daily",NA,NA,NA
"2021-12-10",194.719,FALSE,NA,NA,"<= day","daily",NA,NA,NA
"2021-12-11",194.042,FALSE,NA,NA,"<= day","daily",NA,NA,NA
"2021-12-12",189.812,FALSE,NA,NA,"<= day","daily",NA,NA,NA
"2021-12-13",189.573,FALSE,NA,NA,"<= day","daily",NA,NA,NA
"2021-12-14",192.75,FALSE,NA,NA,"<= day","daily",NA,NA,NA
"2021-12-15",190.021,FALSE,NA,NA,"<= day","daily",NA,NA,NA
"2021-12-16",190.219,FALSE,NA,NA,"<= day","daily",NA,NA,NA
"2021-12-17",181.74,FALSE,NA,NA,"<= day","daily",NA,NA,NA
"2021-12-18",181.552,FALSE,NA,NA,"<= day","daily",NA,NA,NA
"2021-12-19",185.156,FALSE,NA,NA,"<= day","daily",NA,NA,NA
"2021-12-20",180.021,FALSE,NA,NA,"<= day","daily",NA,NA,NA
"2021-12-21",183.938,FALSE,NA,NA,"<= day","daily",NA,NA,NA
"2021-12-22",183.677,FALSE,NA,NA,"<= day","daily",NA,NA,NA
"2021-12-23",180.542,FALSE,NA,NA,"<= day","daily",NA,NA,NA
"2021-12-24",181.031,FALSE,NA,NA,"<= day","daily",NA,NA,NA
"2021-12-25",188.24,FALSE,NA,NA,"<= day","daily",NA,NA,NA
"2021-12-26",194.635,FALSE,NA,NA,"<= day","daily",NA,NA,NA
"2021-12-27",208.969,FALSE,NA,NA,"<= day","daily",NA,NA,NA
"2021-12-28",226.76,FALSE,NA,NA,"<= day","daily",NA,NA,NA
"2021-12-29",338.021,FALSE,NA,NA,"<= day","daily",NA,NA,NA
"2021-12-30",305.417,FALSE,NA,NA,"<= day","daily",NA,NA,NA
"2021-12-31",260.677,FALSE,NA,NA,"<= day","daily",NA,NA,NA
"2022-01-01",250.156,FALSE,NA,NA,"<= day","daily",NA,NA,NA
"2022-01-02",250.792,FALSE,NA,NA,"<= day","daily",NA,NA,NA
"2022-01-03",249.385,FALSE,NA,NA,"<= day","daily",NA,NA,NA
"2022-01-04",313.677,FALSE,NA,NA,"<= day","daily",NA,NA,NA
"2022-01-05",582.938,FALSE,NA,NA,"<= day","daily",NA,NA,NA
"2022-01-06",525.021,FALSE,NA,NA,"<= day","daily",NA,NA,NA
"2022-01-07",418.938,FALSE,NA,NA,"<= day","daily",NA,NA,NA
"2022-01-08",390.125,FALSE,NA,NA,"<= day","daily",NA,NA,NA
"2022-01-09",421.74,FALSE,NA,NA,"<= day","daily",NA,NA,NA
"2022-01-10",473.958,FALSE,NA,NA,"<= day","daily",NA,NA,NA
"2022-01-11",429.417,FALSE,NA,NA,"<= day","daily",NA,NA,NA
"2022-01-12",405.865,FALSE,NA,NA,"<= day","daily",NA,NA,NA
"2022-01-13",398.875,FALSE,NA,NA,"<= day","daily",NA,NA,NA
"2022-01-14",392.604,FALSE,NA,NA,"<= day","daily",NA,NA,NA
"2022-01-15",389.75,FALSE,NA,NA,"<= day","daily",NA,NA,NA
"2022-01-16",389.76,FALSE,NA,NA,"<= day","daily",NA,NA,NA
"2022-01-17",377.021,FALSE,NA,NA,"<= day","daily",NA,NA,NA
"2022-01-18",367.927,FALSE,NA,NA,"<= day","daily",NA,NA,NA
"2022-01-19",370.781,FALSE,NA,NA,"<= day","daily",NA,NA,NA
"2022-01-20",372.969,FALSE,NA,NA,"<= day","daily",NA,NA,NA
"2022-01-21",363.302,FALSE,NA,NA,"<= day","daily",NA,NA,NA
"2022-01-22",358.427,FALSE,NA,NA,"<= day","daily",NA,NA,NA
"2022-01-23",356.333,FALSE,NA,NA,"<= day","daily",NA,NA,NA
"2022-01-24",351.406,FALSE,NA,NA,"<= day","daily",NA,NA,NA
"2022-01-25",352.198,FALSE,NA,NA,"<= day","daily",NA,NA,NA
"2022-01-26",345.062,FALSE,NA,NA,"<= day","daily",NA,NA,NA
"2022-01-27",346.292,FALSE,NA,NA,"<= day","daily",NA,NA,NA
"2022-01-28",340.219,FALSE,NA,NA,"<= day","daily",NA,NA,NA
"2022-01-29",338.312,FALSE,NA,NA,"<= day","daily",NA,NA,NA
"2022-01-30",334.729,FALSE,NA,NA,"<= day","daily",NA,NA,NA
"2022-01-31",341.406,FALSE,NA,NA,"<= day","daily",NA,NA,NA
"2022-02-01",353.042,FALSE,NA,NA,"<= day","daily",NA,NA,NA
"2022-02-02",362.229,FALSE,NA,NA,"<= day","daily",NA,NA,NA
"2022-02-03",375.938,FALSE,NA,NA,"<= day","daily",NA,NA,NA
"2022-02-04",368.073,FALSE,NA,NA,"<= day","daily",NA,NA,NA
"2022-02-05",360.896,FALSE,NA,NA,"<= day","daily",NA,NA,NA
"2022-02-06",380.438,FALSE,NA,NA,"<= day","daily",NA,NA,NA
"2022-02-07",555.865,FALSE,NA,NA,"<= day","daily",NA,NA,NA
"2022-02-08",600.656,FALSE,NA,NA,"<= day","daily",NA,NA,NA
"2022-02-09",519.802,FALSE,NA,NA,"<= day","daily",NA,NA,NA
"2022-02-10",483.396,FALSE,NA,NA,"<= day","daily",NA,NA,NA
"2022-02-11",469.656,FALSE,NA,NA,"<= day","daily",NA,NA,NA
"2022-02-12",456.052,FALSE,NA,NA,"<= day","daily",NA,NA,NA
"2022-02-13",453.938,FALSE,NA,NA,"<= day","daily",NA,NA,NA
"2022-02-14",458.021,FALSE,NA,NA,"<= day","daily",NA,NA,NA
"2022-02-15",451.99,FALSE,NA,NA,"<= day","daily",NA,NA,NA
"2022-02-16",449.156,FALSE,NA,NA,"<= day","daily",NA,NA,NA
"2022-02-17",447.219,FALSE,NA,NA,"<= day","daily",NA,NA,NA
"2022-02-18",440.167,FALSE,NA,NA,"<= day","daily",NA,NA,NA
"2022-02-19",432.625,FALSE,NA,NA,"<= day","daily",NA,NA,NA
"2022-02-20",429.802,FALSE,NA,NA,"<= day","daily",NA,NA,NA
"2022-02-21",437.969,FALSE,NA,NA,"<= day","daily",NA,NA,NA
"2022-02-22",441.885,FALSE,NA,NA,"<= day","daily",NA,NA,NA
"2022-02-23",440.167,FALSE,NA,NA,"<= day","daily",NA,NA,NA
"2022-02-24",447.865,FALSE,NA,NA,"<= day","daily",NA,NA,NA
"2022-02-25",439.479,FALSE,NA,NA,"<= day","daily",NA,NA,NA
"2022-02-26",430.01,FALSE,NA,NA,"<= day","daily",NA,NA,NA
"2022-02-27",425.833,FALSE,NA,NA,"<= day","daily",NA,NA,NA
"2022-02-28",421.333,FALSE,NA,NA,"<= day","daily",NA,NA,NA
"2022-03-01",419.094,FALSE,NA,NA,"<= day","daily",NA,NA,NA
"2022-03-02",422.271,FALSE,NA,NA,"<= day","daily",NA,NA,NA
"2022-03-03",417.083,FALSE,NA,NA,"<= day","daily",NA,NA,NA
"2022-03-04",415.083,FALSE,NA,NA,"<= day","daily",NA,NA,NA
"2022-03-05",409.198,FALSE,NA,NA,"<= day","daily",NA,NA,NA
"2022-03-06",407.719,FALSE,NA,NA,"<= day","daily",NA,NA,NA
"2022-03-07",399.896,FALSE,NA,NA,"<= day","daily",NA,NA,NA
"2022-03-08",394.854,FALSE,NA,NA,"<= day","daily",NA,NA,NA
"2022-03-09",389.469,FALSE,NA,NA,"<= day","daily",NA,NA,NA
"2022-03-10",386.177,FALSE,NA,NA,"<= day","daily",NA,NA,NA
"2022-03-11",383.927,FALSE,NA,NA,"<= day","daily",NA,NA,NA
"2022-03-12",380.948,FALSE,NA,NA,"<= day","daily",NA,NA,NA
"2022-03-13",377.542,FALSE,NA,NA,"<= day","daily",NA,NA,NA
"2022-03-14",376.542,FALSE,NA,NA,"<= day","daily",NA,NA,NA
"2022-03-15",372.625,FALSE,NA,NA,"<= day","daily",NA,NA,NA
"2022-03-16",366.312,FALSE,NA,NA,"<= day","daily",NA,NA,NA
"2022-03-17",366.385,FALSE,NA,NA,"<= day","daily",NA,NA,NA
"2022-03-18",363.375,FALSE,NA,NA,"<= day","daily",NA,NA,NA
"2022-03-19",355.76,FALSE,NA,NA,"<= day","daily",NA,NA,NA
"2022-03-20",352.229,FALSE,NA,NA,"<= day","daily",NA,NA,NA
"2022-03-21",354.927,FALSE,NA,NA,"<= day","daily",NA,NA,NA
"2022-03-22",347.26,FALSE,NA,NA,"<= day","daily",NA,NA,NA
"2022-03-23",344.5,FALSE,NA,NA,"<= day","daily",NA,NA,NA
"2022-03-24",345.042,FALSE,NA,NA,"<= day","daily",NA,NA,NA
"2022-03-25",339.896,FALSE,NA,NA,"<= day","daily",NA,NA,NA
"2022-03-26",333.885,FALSE,NA,NA,"<= day","daily",NA,NA,NA
"2022-03-27",337.594,FALSE,NA,NA,"<= day","daily",NA,NA,NA
"2022-03-28",335.542,FALSE,NA,NA,"<= day","daily",NA,NA,NA
"2022-03-29",335.802,FALSE,NA,NA,"<= day","daily",NA,NA,NA
"2022-03-30",341.281,FALSE,NA,NA,"<= day","daily",NA,NA,NA
"2022-03-31",347.625,FALSE,NA,NA,"<= day","daily",NA,NA,NA
"2022-04-01",370.188,FALSE,NA,NA,"<= day","daily",NA,NA,NA
"2022-04-02",352.99,FALSE,NA,NA,"<= day","daily",NA,NA,NA
"2022-04-03",342.917,FALSE,NA,NA,"<= day","daily",NA,NA,NA
"2022-04-04",335.792,FALSE,NA,NA,"<= day","daily",NA,NA,NA
"2022-04-05",336.948,FALSE,NA,NA,"<= day","daily",NA,NA,NA
"2022-04-06",329.542,FALSE,NA,NA,"<= day","daily",NA,NA,NA
"2022-04-07",350.646,FALSE,NA,NA,"<= day","daily",NA,NA,NA
"2022-04-08",491.823,FALSE,NA,NA,"<= day","daily",NA,NA,NA
"2022-04-09",703.365,FALSE,NA,NA,"<= day","daily",NA,NA,NA
"2022-04-10",664.885,FALSE,NA,NA,"<= day","daily",NA,NA,NA
"2022-04-11",524.688,FALSE,NA,NA,"<= day","daily",NA,NA,NA
"2022-04-12",467.531,FALSE,NA,NA,"<= day","daily",NA,NA,NA
"2022-04-13",445.219,FALSE,NA,NA,"<= day","daily",NA,NA,NA
"2022-04-14",431.958,FALSE,NA,NA,"<= day","daily",NA,NA,NA
"2022-04-15",424.26,FALSE,NA,NA,"<= day","daily",NA,NA,NA
"2022-04-16",418.812,FALSE,NA,NA,"<= day","daily",NA,NA,NA
"2022-04-17",418,FALSE,NA,NA,"<= day","daily",NA,NA,NA
"2022-04-18",417.312,FALSE,NA,NA,"<= day","daily",NA,NA,NA
"2022-04-19",412.698,FALSE,NA,NA,"<= day","daily",NA,NA,NA
"2022-04-20",410.562,FALSE,NA,NA,"<= day","daily",NA,NA,NA
"2022-04-21",406.219,FALSE,NA,NA,"<= day","daily",NA,NA,NA
"2022-04-22",402.885,FALSE,NA,NA,"<= day","daily",NA,NA,NA
"2022-04-23",412.615,FALSE,NA,NA,"<= day","daily",NA,NA,NA
"2022-04-24",478.583,FALSE,NA,NA,"<= day","daily",NA,NA,NA
"2022-04-25",576.771,FALSE,NA,NA,"<= day","daily",NA,NA,NA
"2022-04-26",602.896,FALSE,NA,NA,"<= day","daily",NA,NA,NA
"2022-04-27",531.052,FALSE,NA,NA,"<= day","daily",NA,NA,NA
"2022-04-28",462.635,FALSE,NA,NA,"<= day","daily",NA,NA,NA
"2022-04-29",433.062,FALSE,NA,NA,"<= day","daily",NA,NA,NA
"2022-04-30",426.427,FALSE,NA,NA,"<= day","daily",NA,NA,NA
"2022-05-01",424.792,FALSE,NA,NA,"<= day","daily",NA,NA,NA
"2022-05-02",422.292,FALSE,NA,NA,"<= day","daily",NA,NA,NA
"2022-05-03",420.219,FALSE,NA,NA,"<= day","daily",NA,NA,NA
"2022-05-04",414.312,FALSE,NA,NA,"<= day","daily",NA,NA,NA
"2022-05-05",413.698,FALSE,NA,NA,"<= day","daily",NA,NA,NA
"2022-05-06",405.844,FALSE,NA,NA,"<= day","daily",NA,NA,NA
"2022-05-07",395.625,FALSE,NA,NA,"<= day","daily",NA,NA,NA
"2022-05-08",393.083,FALSE,NA,NA,"<= day","daily",NA,NA,NA
"2022-05-09",385.594,FALSE,NA,NA,"<= day","daily",NA,NA,NA
"2022-05-10",374.875,FALSE,NA,NA,"<= day","daily",NA,NA,NA
"2022-05-11",373.75,FALSE,NA,NA,"<= day","daily",NA,NA,NA
"2022-05-12",374.51,FALSE,NA,NA,"<= day","daily",NA,NA,NA
"2022-05-13",381.885,FALSE,NA,NA,"<= day","daily",NA,NA,NA
"2022-05-14",373.417,FALSE,NA,NA,"<= day","daily",NA,NA,NA
"2022-05-15",369.292,FALSE,NA,NA,"<= day","daily",NA,NA,NA
"2022-05-16",366.875,FALSE,NA,NA,"<= day","daily",NA,NA,NA
"2022-05-17",358.146,FALSE,NA,NA,"<= day","daily",NA,NA,NA
"2022-05-18",353.49,FALSE,NA,NA,"<= day","daily",NA,NA,NA
"2022-05-19",346.854,FALSE,NA,NA,"<= day","daily",NA,NA,NA
"2022-05-20",343.812,FALSE,NA,NA,"<= day","daily",NA,NA,NA
"2022-05-21",340.885,FALSE,NA,NA,"<= day","daily",NA,NA,NA
"2022-05-22",343.396,FALSE,NA,NA,"<= day","daily",NA,NA,NA
"2022-05-23",350.312,FALSE,NA,NA,"<= day","daily",NA,NA,NA
"2022-05-24",356.646,FALSE,NA,NA,"<= day","daily",NA,NA,NA
"2022-05-25",339.156,FALSE,NA,NA,"<= day","daily",NA,NA,NA
"2022-05-26",333.812,FALSE,NA,NA,"<= day","daily",NA,NA,NA
"2022-05-27",330.427,FALSE,NA,NA,"<= day","daily",NA,NA,NA
"2022-05-28",328.906,FALSE,NA,NA,"<= day","daily",NA,NA,NA
"2022-05-29",326.698,FALSE,NA,NA,"<= day","daily",NA,NA,NA
"2022-05-30",322.104,FALSE,NA,NA,"<= day","daily",NA,NA,NA
"2022-05-31",317.333,FALSE,NA,NA,"<= day","daily",NA,NA,NA
"2022-06-01",313.49,FALSE,NA,NA,"<= day","daily",NA,NA,NA
"2022-06-02",307.083,FALSE,NA,NA,"<= day","daily",NA,NA,NA
"2022-06-03",306.458,FALSE,NA,NA,"<= day","daily",NA,NA,NA
"2022-06-04",315.875,FALSE,NA,NA,"<= day","daily",NA,NA,NA
"2022-06-05",356.698,FALSE,NA,NA,"<= day","daily",NA,NA,NA
"2022-06-06",350.625,FALSE,NA,NA,"<= day","daily",NA,NA,NA
"2022-06-07",334.219,FALSE,NA,NA,"<= day","daily",NA,NA,NA
"2022-06-08",337.396,FALSE,NA,NA,"<= day","daily",NA,NA,NA
"2022-06-09",318.719,FALSE,NA,NA,"<= day","daily",NA,NA,NA
"2022-06-10",308.688,FALSE,NA,NA,"<= day","daily",NA,NA,NA
"2022-06-11",298.688,FALSE,NA,NA,"<= day","daily",NA,NA,NA
"2022-06-12",292.979,FALSE,NA,NA,"<= day","daily",NA,NA,NA
"2022-06-13",297.521,FALSE,NA,NA,"<= day","daily",NA,NA,NA
"2022-06-14",289.917,FALSE,NA,NA,"<= day","daily",NA,NA,NA
"2022-06-15",284.219,FALSE,NA,NA,"<= day","daily",NA,NA,NA
"2022-06-16",279.625,FALSE,NA,NA,"<= day","daily",NA,NA,NA
"2022-06-17",273.083,FALSE,NA,NA,"<= day","daily",NA,NA,NA
"2022-06-18",272,FALSE,NA,NA,"<= day","daily",NA,NA,NA
"2022-06-19",272.344,FALSE,NA,NA,"<= day","daily",NA,NA,NA
"2022-06-20",274.365,FALSE,NA,NA,"<= day","daily",NA,NA,NA
"2022-06-21",273.615,FALSE,NA,NA,"<= day","daily",NA,NA,NA
"2022-06-22",275.365,FALSE,NA,NA,"<= day","daily",NA,NA,NA
"2022-06-23",282.635,FALSE,NA,NA,"<= day","daily",NA,NA,NA
"2022-06-24",332.302,FALSE,NA,NA,"<= day","daily",NA,NA,NA
"2022-06-25",307.594,FALSE,NA,NA,"<= day","daily",NA,NA,NA
"2022-06-26",288.531,FALSE,NA,NA,"<= day","daily",NA,NA,NA
"2022-06-27",325.865,FALSE,NA,NA,"<= day","daily",NA,NA,NA
"2022-06-28",304.302,FALSE,NA,NA,"<= day","daily",NA,NA,NA
"2022-06-29",277.406,FALSE,NA,NA,"<= day","daily",NA,NA,NA
"2022-06-30",294.844,FALSE,NA,NA,"<= day","daily",NA,NA,NA
"2022-07-01",415.292,FALSE,NA,NA,"<= day","daily",NA,NA,NA
"2022-07-02",388.271,FALSE,NA,NA,"<= day","daily",NA,NA,NA
"2022-07-03",308.896,FALSE,NA,NA,"<= day","daily",NA,NA,NA
"2022-07-04",283.365,FALSE,NA,NA,"<= day","daily",NA,NA,NA
"2022-07-05",274.688,FALSE,NA,NA,"<= day","daily",NA,NA,NA
"2022-07-06",265.719,FALSE,NA,NA,"<= day","daily",NA,NA,NA
"2022-07-07",265.156,FALSE,NA,NA,"<= day","daily",NA,NA,NA
"2022-07-08",261.219,FALSE,NA,NA,"<= day","daily",NA,NA,NA
"2022-07-09",257.312,FALSE,NA,NA,"<= day","daily",NA,NA,NA
"2022-07-10",254.812,FALSE,NA,NA,"<= day","daily",NA,NA,NA
"2022-07-11",251.083,FALSE,NA,NA,"<= day","daily",NA,NA,NA
"2022-07-12",246.854,FALSE,NA,NA,"<= day","daily",NA,NA,NA
"2022-07-13",240.781,FALSE,NA,NA,"<= day","daily",NA,NA,NA
"2022-07-14",233.104,FALSE,NA,NA,"<= day","daily",NA,NA,NA
"2022-07-15",231.021,FALSE,NA,NA,"<= day","daily",NA,NA,NA
"2022-07-16",229.562,FALSE,NA,NA,"<= day","daily",NA,NA,NA
"2022-07-17",225.219,FALSE,NA,NA,"<= day","daily",NA,NA,NA
"2022-07-18",221.542,FALSE,NA,NA,"<= day","daily",NA,NA,NA
"2022-07-19",220.542,FALSE,NA,NA,"<= day","daily",NA,NA,NA
"2022-07-20",219.833,FALSE,NA,NA,"<= day","daily",NA,NA,NA
"2022-07-21",232.458,FALSE,NA,NA,"<= day","daily",NA,NA,NA
"2022-07-22",222.708,FALSE,NA,NA,"<= day","daily",NA,NA,NA
"2022-07-23",217.771,FALSE,NA,NA,"<= day","daily",NA,NA,NA
"2022-07-24",217.125,FALSE,NA,NA,"<= day","daily",NA,NA,NA
"2022-07-25",207.927,FALSE,NA,NA,"<= day","daily",NA,NA,NA
"2022-07-26",212.438,FALSE,NA,NA,"<= day","daily",NA,NA,NA
"2022-07-27",210.604,FALSE,NA,NA,"<= day","daily",NA,NA,NA
"2022-07-28",205.75,FALSE,NA,NA,"<= day","daily",NA,NA,NA
"2022-07-29",211.083,FALSE,NA,NA,"<= day","daily",NA,NA,NA
"2022-07-30",217.062,FALSE,NA,NA,"<= day","daily",NA,NA,NA
"2022-07-31",206.688,FALSE,NA,NA,"<= day","daily",NA,NA,NA
"2022-08-01",202.062,FALSE,NA,NA,"<= day","daily",NA,NA,NA
"2022-08-02",198.833,FALSE,NA,NA,"<= day","daily",NA,NA,NA
"2022-08-03",193.76,FALSE,NA,NA,"<= day","daily",NA,NA,NA
"2022-08-04",187.885,FALSE,NA,NA,"<= day","daily",NA,NA,NA
"2022-08-05",194,FALSE,NA,NA,"<= day","daily",NA,NA,NA
"2022-08-06",205.75,FALSE,NA,NA,"<= day","daily",NA,NA,NA
"2022-08-07",195.073,FALSE,NA,NA,"<= day","daily",NA,NA,NA
"2022-08-08",190.812,FALSE,NA,NA,"<= day","daily",NA,NA,NA
"2022-08-09",186.969,FALSE,NA,NA,"<= day","daily",NA,NA,NA
"2022-08-10",182.562,FALSE,NA,NA,"<= day","daily",NA,NA,NA
"2022-08-11",180.562,FALSE,NA,NA,"<= day","daily",NA,NA,NA
"2022-08-12",177.021,FALSE,NA,NA,"<= day","daily",NA,NA,NA
"2022-08-13",178.479,FALSE,NA,NA,"<= day","daily",NA,NA,NA
"2022-08-14",178.25,FALSE,NA,NA,"<= day","daily",NA,NA,NA
"2022-08-15",178.75,FALSE,NA,NA,"<= day","daily",NA,NA,NA
"2022-08-16",177.906,FALSE,NA,NA,"<= day","daily",NA,NA,NA
"2022-08-17",176.729,FALSE,NA,NA,"<= day","daily",NA,NA,NA
"2022-08-18",179.458,FALSE,NA,NA,"<= day","daily",NA,NA,NA
"2022-08-19",180.917,FALSE,NA,NA,"<= day","daily",NA,NA,NA
"2022-08-20",186.458,FALSE,NA,NA,"<= day","daily",NA,NA,NA
"2022-08-21",183.281,FALSE,NA,NA,"<= day","daily",NA,NA,NA
"2022-08-22",173.917,FALSE,NA,NA,"<= day","daily",NA,NA,NA
"2022-08-23",168.219,FALSE,NA,NA,"<= day","daily",NA,NA,NA
"2022-08-24",164.083,FALSE,NA,NA,"<= day","daily",NA,NA,NA
"2022-08-25",161.573,FALSE,NA,NA,"<= day","daily",NA,NA,NA
"2022-08-26",169.271,FALSE,NA,NA,"<= day","daily",NA,NA,NA
"2022-08-27",180.469,FALSE,NA,NA,"<= day","daily",NA,NA,NA
"2022-08-28",180.865,FALSE,NA,NA,"<= day","daily",NA,NA,NA
"2022-08-29",162.615,FALSE,NA,NA,"<= day","daily",NA,NA,NA
"2022-08-30",168.75,FALSE,NA,NA,"<= day","daily",NA,NA,NA
"2022-08-31",218.312,FALSE,NA,NA,"<= day","daily",NA,NA,NA
"2022-09-01",203.24,FALSE,NA,NA,"<= day","daily",NA,NA,NA
"2022-09-02",176.198,FALSE,NA,NA,"<= day","daily",NA,NA,NA
"2022-09-03",185.75,FALSE,NA,NA,"<= day","daily",NA,NA,NA
"2022-09-04",263.604,FALSE,NA,NA,"<= day","daily",NA,NA,NA
"2022-09-05",198.292,FALSE,NA,NA,"<= day","daily",NA,NA,NA
"2022-09-06",169.177,FALSE,NA,NA,"<= day","daily",NA,NA,NA
"2022-09-07",160.896,FALSE,NA,NA,"<= day","daily",NA,NA,NA
"2022-09-08",174.01,FALSE,NA,NA,"<= day","daily",NA,NA,NA
"2022-09-09",168.896,FALSE,NA,NA,"<= day","daily",NA,NA,NA
"2022-09-10",164.312,FALSE,NA,NA,"<= day","daily",NA,NA,NA
"2022-09-11",161.583,FALSE,NA,NA,"<= day","daily",NA,NA,NA
"2022-09-12",156.354,FALSE,NA,NA,"<= day","daily",NA,NA,NA
"2022-09-13",153.917,FALSE,NA,NA,"<= day","daily",NA,NA,NA
"2022-09-14",162.833,FALSE,NA,NA,"<= day","daily",NA,NA,NA
"2022-09-15",167.115,FALSE,NA,NA,"<= day","daily",NA,NA,NA
"2022-09-16",165.292,FALSE,NA,NA,"<= day","daily",NA,NA,NA
"2022-09-17",163.333,FALSE,NA,NA,"<= day","daily",NA,NA,NA
"2022-09-18",157.49,FALSE,NA,NA,"<= day","daily",NA,NA,NA
"2022-09-19",153.771,FALSE,NA,NA,"<= day","daily",NA,NA,NA
"2022-09-20",155.073,FALSE,NA,NA,"<= day","daily",NA,NA,NA
"2022-09-21",157.135,FALSE,NA,NA,"<= day","daily",NA,NA,NA
"2022-09-22",154.885,FALSE,NA,NA,"<= day","daily",NA,NA,NA
"2022-09-23",156.708,FALSE,NA,NA,"<= day","daily",NA,NA,NA
"2022-09-24",158.552,FALSE,NA,NA,"<= day","daily",NA,NA,NA
"2022-09-25",162.271,FALSE,NA,NA,"<= day","daily",NA,NA,NA
"2022-09-26",156.969,FALSE,NA,NA,"<= day","daily",NA,NA,NA
"2022-09-27",157.885,FALSE,NA,NA,"<= day","daily",NA,NA,NA
"2022-09-28",173.573,FALSE,NA,NA,"<= day","daily",NA,NA,NA
"2022-09-29",163.146,FALSE,NA,NA,"<= day","daily",NA,NA,NA
"2022-09-30",162.833,FALSE,NA,NA,"<= day","daily",NA,NA,NA
"2022-10-01",154.906,FALSE,NA,NA,"<= day","daily",NA,NA,NA
"2022-10-02",180.927,FALSE,NA,NA,"<= day","daily",NA,NA,NA
"2022-10-03",301.51,FALSE,NA,NA,"<= day","daily",NA,NA,NA
"2022-10-04",232.167,FALSE,NA,NA,"<= day","daily",NA,NA,NA
"2022-10-05",183.198,FALSE,NA,NA,"<= day","daily",NA,NA,NA
"2022-10-06",167.073,FALSE,NA,NA,"<= day","daily",NA,NA,NA
"2022-10-07",160.469,FALSE,NA,NA,"<= day","daily",NA,NA,NA
"2022-10-08",157.177,FALSE,NA,NA,"<= day","daily",NA,NA,NA
"2022-10-09",155.156,FALSE,NA,NA,"<= day","daily",NA,NA,NA
"2022-10-10",155.281,FALSE,NA,NA,"<= day","daily",NA,NA,NA
"2022-10-11",161.5,FALSE,NA,NA,"<= day","daily",NA,NA,NA
"2022-10-12",155.125,FALSE,NA,NA,"<= day","daily",NA,NA,NA
"2022-10-13",151.927,FALSE,NA,NA,"<= day","daily",NA,NA,NA
"2022-10-14",152.615,FALSE,NA,NA,"<= day","daily",NA,NA,NA
"2022-10-15",170.802,FALSE,NA,NA,"<= day","daily",NA,NA,NA
"2022-10-16",157.469,FALSE,NA,NA,"<= day","daily",NA,NA,NA
"2022-10-17",145.625,FALSE,NA,NA,"<= day","daily",NA,NA,NA
"2022-10-18",144.115,FALSE,NA,NA,"<= day","daily",NA,NA,NA
"2022-10-19",144.979,FALSE,NA,NA,"<= day","daily",NA,NA,NA
"2022-10-20",146.896,FALSE,NA,NA,"<= day","daily",NA,NA,NA
"2022-10-21",161.917,FALSE,NA,NA,"<= day","daily",NA,NA,NA
"2022-10-22",209.969,FALSE,NA,NA,"<= day","daily",NA,NA,NA
"2022-10-23",176.438,FALSE,NA,NA,"<= day","daily",NA,NA,NA
"2022-10-24",166.51,FALSE,NA,NA,"<= day","daily",NA,NA,NA
"2022-10-25",197.417,FALSE,NA,NA,"<= day","daily",NA,NA,NA
"2022-10-26",189.979,FALSE,NA,NA,"<= day","daily",NA,NA,NA
"2022-10-27",162.552,FALSE,NA,NA,"<= day","daily",NA,NA,NA
"2022-10-28",151.74,FALSE,NA,NA,"<= day","daily",NA,NA,NA
"2022-10-29",148.521,FALSE,NA,NA,"<= day","daily",NA,NA,NA
"2022-10-30",148.521,FALSE,NA,NA,"<= day","daily",NA,NA,NA
"2022-10-31",146.062,FALSE,NA,NA,"<= day","daily",NA,NA,NA
"2022-11-01",143.979,FALSE,NA,NA,"<= day","daily",NA,NA,NA
"2022-11-02",147.208,FALSE,NA,NA,"<= day","daily",NA,NA,NA
"2022-11-03",147.135,FALSE,NA,NA,"<= day","daily",NA,NA,NA
"2022-11-04",147.688,FALSE,NA,NA,"<= day","daily",NA,NA,NA
"2022-11-05",151.385,FALSE,NA,NA,"<= day","daily",NA,NA,NA
"2022-11-06",146.719,FALSE,NA,NA,"<= day","daily",NA,NA,NA
"2022-11-07",143.927,FALSE,NA,NA,"<= day","daily",NA,NA,NA
"2022-11-08",142.208,FALSE,NA,NA,"<= day","daily",NA,NA,NA
"2022-11-09",148.083,FALSE,NA,NA,"<= day","daily",NA,NA,NA
"2022-11-10",154.292,FALSE,NA,NA,"<= day","daily",NA,NA,NA
"2022-11-11",145.76,FALSE,NA,NA,"<= day","daily",NA,NA,NA
"2022-11-12",143.885,FALSE,NA,NA,"<= day","daily",NA,NA,NA
"2022-11-13",142.906,FALSE,NA,NA,"<= day","daily",NA,NA,NA
"2022-11-14",140.24,FALSE,NA,NA,"<= day","daily",NA,NA,NA
"2022-11-15",135.167,FALSE,NA,NA,"<= day","daily",NA,NA,NA
"2022-11-16",146.583,FALSE,NA,NA,"<= day","daily",NA,NA,NA
"2022-11-17",173.802,FALSE,NA,NA,"<= day","daily",NA,NA,NA
"2022-11-18",331.927,FALSE,NA,NA,"<= day","daily",NA,NA,NA
"2022-11-19",289.458,FALSE,NA,NA,"<= day","daily",NA,NA,NA
"2022-11-20",219.5,FALSE,NA,NA,"<= day","daily",NA,NA,NA
"2022-11-21",211.188,FALSE,NA,NA,"<= day","daily",NA,NA,NA
"2022-11-22",191.094,FALSE,NA,NA,"<= day","daily",NA,NA,NA
"2022-11-23",173.854,FALSE,NA,NA,"<= day","daily",NA,NA,NA
"2022-11-24",177.844,FALSE,NA,NA,"<= day","daily",NA,NA,NA
"2022-11-25",173.375,FALSE,NA,NA,"<= day","daily",NA,NA,NA
"2022-11-26",168.448,FALSE,NA,NA,"<= day","daily",NA,NA,NA
"2022-11-27",166.042,FALSE,NA,NA,"<= day","daily",NA,NA,NA
"2022-11-28",164.042,FALSE,NA,NA,"<= day","daily",NA,NA,NA
"2022-11-29",162.5,FALSE,NA,NA,"<= day","daily",NA,NA,NA
"2022-11-30",163.615,FALSE,NA,NA,"<= day","daily",NA,NA,NA
"2022-12-01",162.333,FALSE,NA,NA,"<= day","daily",NA,NA,NA
"2022-12-02",157.292,FALSE,NA,NA,"<= day","daily",NA,NA,NA
"2022-12-03",158.25,FALSE,NA,NA,"<= day","daily",NA,NA,NA
"2022-12-04",155.833,FALSE,NA,NA,"<= day","daily",NA,NA,NA
"2022-12-05",151.219,FALSE,NA,NA,"<= day","daily",NA,NA,NA
"2022-12-06",147.427,FALSE,NA,NA,"<= day","daily",NA,NA,NA
"2022-12-07",145.792,FALSE,NA,NA,"<= day","daily",NA,NA,NA
"2022-12-08",143.406,FALSE,NA,NA,"<= day","daily",NA,NA,NA
"2022-12-09",143.458,FALSE,NA,NA,"<= day","daily",NA,NA,NA
"2022-12-10",145.771,FALSE,NA,NA,"<= day","daily",NA,NA,NA
"2022-12-11",141.927,FALSE,NA,NA,"<= day","daily",NA,NA,NA
"2022-12-12",141.406,FALSE,NA,NA,"<= day","daily",NA,NA,NA
"2022-12-13",138.885,FALSE,NA,NA,"<= day","daily",NA,NA,NA
"2022-12-14",141.167,FALSE,NA,NA,"<= day","daily",NA,NA,NA
"2022-12-15",144.521,FALSE,NA,NA,"<= day","daily",NA,NA,NA
"2022-12-16",139.604,FALSE,NA,NA,"<= day","daily",NA,NA,NA
"2022-12-17",135.604,FALSE,NA,NA,"<= day","daily",NA,NA,NA
"2022-12-18",130.521,FALSE,NA,NA,"<= day","daily",NA,NA,NA
"2022-12-19",134.01,FALSE,NA,NA,"<= day","daily",NA,NA,NA
"2022-12-20",140.104,FALSE,NA,NA,"<= day","daily",NA,NA,NA
"2022-12-21",146.802,FALSE,NA,NA,"<= day","daily",NA,NA,NA
"2022-12-22",152.521,FALSE,NA,NA,"<= day","daily",NA,NA,NA
"2022-12-23",190.729,FALSE,NA,NA,"<= day","daily",NA,NA,NA
"2022-12-24",212.76,FALSE,NA,NA,"<= day","daily",NA,NA,NA
"2022-12-25",186.417,FALSE,NA,NA,"<= day","daily",NA,NA,NA
"2022-12-26",187.417,FALSE,NA,NA,"<= day","daily",NA,NA,NA
"2022-12-27",224.49,FALSE,NA,NA,"<= day","daily",NA,NA,NA
"2022-12-28",198.906,FALSE,NA,NA,"<= day","daily",NA,NA,NA
"2022-12-29",190.979,FALSE,NA,NA,"<= day","daily",NA,NA,NA
"2022-12-30",214.479,FALSE,NA,NA,"<= day","daily",NA,NA,NA
"2022-12-31",212.281,FALSE,NA,NA,"<= day","daily",NA,NA,NA
"2023-01-01",205.146,FALSE,NA,NA,"<= day","daily",NA,NA,NA
"2023-01-02",198.031,FALSE,NA,NA,"<= day","daily",NA,NA,NA
"2023-01-03",190.74,FALSE,NA,NA,"<= day","daily",NA,NA,NA
"2023-01-04",187.75,FALSE,NA,NA,"<= day","daily",NA,NA,NA
"2023-01-05",189.021,FALSE,NA,NA,"<= day","daily",NA,NA,NA
"2023-01-06",185.562,FALSE,NA,NA,"<= day","daily",NA,NA,NA
"2023-01-07",184.021,FALSE,NA,NA,"<= day","daily",NA,NA,NA
"2023-01-08",191.156,FALSE,NA,NA,"<= day","daily",NA,NA,NA
"2023-01-09",244.896,FALSE,NA,NA,"<= day","daily",NA,NA,NA
"2023-01-10",260.51,FALSE,NA,NA,"<= day","daily",NA,NA,NA
"2023-01-11",242.698,FALSE,NA,NA,"<= day","daily",NA,NA,NA
"2023-01-12",235.042,FALSE,NA,NA,"<= day","daily",NA,NA,NA
"2023-01-13",239.854,FALSE,NA,NA,"<= day","daily",NA,NA,NA
"2023-01-14",268.271,FALSE,NA,NA,"<= day","daily",NA,NA,NA
"2023-01-15",287.521,FALSE,NA,NA,"<= day","daily",NA,NA,NA
"2023-01-16",332.042,FALSE,NA,NA,"<= day","daily",NA,NA,NA
"2023-01-17",326.906,FALSE,NA,NA,"<= day","daily",NA,NA,NA
"2023-01-18",314.312,FALSE,NA,NA,"<= day","daily",NA,NA,NA
"2023-01-19",297.083,FALSE,NA,NA,"<= day","daily",NA,NA,NA
"2023-01-20",284.188,FALSE,NA,NA,"<= day","daily",NA,NA,NA
"2023-01-21",276.958,FALSE,NA,NA,"<= day","daily",NA,NA,NA
"2023-01-22",265.146,FALSE,NA,NA,"<= day","daily",NA,NA,NA
"2023-01-23",263.406,FALSE,NA,NA,"<= day","daily",NA,NA,NA
"2023-01-24",259.854,FALSE,NA,NA,"<= day","daily",NA,NA,NA
"2023-01-25",255.729,FALSE,NA,NA,"<= day","daily",NA,NA,NA
"2023-01-26",260.458,FALSE,NA,NA,"<= day","daily",NA,NA,NA
"2023-01-27",257.969,FALSE,NA,NA,"<= day","daily",NA,NA,NA
"2023-01-28",252.646,FALSE,NA,NA,"<= day","daily",NA,NA,NA
"2023-01-29",245.677,FALSE,NA,NA,"<= day","daily",NA,NA,NA
"2023-01-30",246.656,FALSE,NA,NA,"<= day","daily",NA,NA,NA
"2023-01-31",241.604,FALSE,NA,NA,"<= day","daily",NA,NA,NA
"2023-02-01",238.635,FALSE,NA,NA,"<= day","daily",NA,NA,NA
"2023-02-02",239.271,FALSE,NA,NA,"<= day","daily",NA,NA,NA
"2023-02-03",237.115,FALSE,NA,NA,"<= day","daily",NA,NA,NA
"2023-02-04",240.094,FALSE,NA,NA,"<= day","daily",NA,NA,NA
"2023-02-05",241.219,FALSE,NA,NA,"<= day","daily",NA,NA,NA
"2023-02-06",253.469,FALSE,NA,NA,"<= day","daily",NA,NA,NA
"2023-02-07",253.125,FALSE,NA,NA,"<= day","daily",NA,NA,NA
"2023-02-08",245.698,FALSE,NA,NA,"<= day","daily",NA,NA,NA
"2023-02-09",245.792,FALSE,NA,NA,"<= day","daily",NA,NA,NA
"2023-02-10",240.604,FALSE,NA,NA,"<= day","daily",NA,NA,NA
"2023-02-11",237.406,FALSE,NA,NA,"<= day","daily",NA,NA,NA
"2023-02-12",237,FALSE,NA,NA,"<= day","daily",NA,NA,NA
"2023-02-13",237,FALSE,NA,NA,"<= day","daily",NA,NA,NA
"2023-02-14",236.427,FALSE,NA,NA,"<= day","daily",NA,NA,NA
"2023-02-15",233.479,FALSE,NA,NA,"<= day","daily",NA,NA,NA
"2023-02-16",237.135,FALSE,NA,NA,"<= day","daily",NA,NA,NA
"2023-02-17",231.969,FALSE,NA,NA,"<= day","daily",NA,NA,NA
"2023-02-18",229.562,FALSE,NA,NA,"<= day","daily",NA,NA,NA
"2023-02-19",225.562,FALSE,NA,NA,"<= day","daily",NA,NA,NA
"2023-02-20",224.823,FALSE,NA,NA,"<= day","daily",NA,NA,NA
"2023-02-21",228.385,FALSE,NA,NA,"<= day","daily",NA,NA,NA
"2023-02-22",224.062,FALSE,NA,NA,"<= day","daily",NA,NA,NA
"2023-02-23",223.406,FALSE,NA,NA,"<= day","daily",NA,NA,NA
"2023-02-24",221.115,FALSE,NA,NA,"<= day","daily",NA,NA,NA
"2023-02-25",223.979,FALSE,NA,NA,"<= day","daily",NA,NA,NA
"2023-02-26",221.719,FALSE,NA,NA,"<= day","daily",NA,NA,NA
"2023-02-27",216.698,FALSE,NA,NA,"<= day","daily",NA,NA,NA
"2023-02-28",214.677,FALSE,NA,NA,"<= day","daily",NA,NA,NA
"2023-03-01",211.427,FALSE,NA,NA,"<= day","daily",NA,NA,NA
"2023-03-02",209.906,FALSE,NA,NA,"<= day","daily",NA,NA,NA
"2023-03-03",208.042,FALSE,NA,NA,"<= day","daily",NA,NA,NA
"2023-03-04",206.156,FALSE,NA,NA,"<= day","daily",NA,NA,NA
"2023-03-05",205.25,FALSE,NA,NA,"<= day","daily",NA,NA,NA
"2023-03-06",205.75,FALSE,NA,NA,"<= day","daily",NA,NA,NA
"2023-03-07",204.104,FALSE,NA,NA,"<= day","daily",NA,NA,NA
"2023-03-08",200.771,FALSE,NA,NA,"<= day","daily",NA,NA,NA
"2023-03-09",220.625,FALSE,NA,NA,"<= day","daily",NA,NA,NA
"2023-03-10",210,FALSE,NA,NA,"<= day","daily",NA,NA,NA
"2023-03-11",201.5,FALSE,NA,NA,"<= day","daily",NA,NA,NA
"2023-03-12",185.885,FALSE,NA,NA,"<= day","daily",NA,NA,NA
"2023-03-13",204.823,FALSE,NA,NA,"<= day","daily",NA,NA,NA
"2023-03-14",365.667,FALSE,NA,NA,"<= day","daily",NA,NA,NA
"2023-03-15",331.104,FALSE,NA,NA,"<= day","daily",NA,NA,NA
"2023-03-16",260.781,FALSE,NA,NA,"<= day","daily",NA,NA,NA
"2023-03-17",243.052,FALSE,NA,NA,"<= day","daily",NA,NA,NA
"2023-03-18",235.104,FALSE,NA,NA,"<= day","daily",NA,NA,NA
"2023-03-19",231.188,FALSE,NA,NA,"<= day","daily",NA,NA,NA
"2023-03-20",218.646,FALSE,NA,NA,"<= day","daily",NA,NA,NA
"2023-03-21",218.479,FALSE,NA,NA,"<= day","daily",NA,NA,NA
"2023-03-22",217.677,FALSE,NA,NA,"<= day","daily",NA,NA,NA
"2023-03-23",215.917,FALSE,NA,NA,"<= day","daily",NA,NA,NA
"2023-03-24",225.521,FALSE,NA,NA,"<= day","daily",NA,NA,NA
"2023-03-25",234.76,FALSE,NA,NA,"<= day","daily",NA,NA,NA
"2023-03-26",237.552,FALSE,NA,NA,"<= day","daily",NA,NA,NA
"2023-03-27",240.125,FALSE,NA,NA,"<= day","daily",NA,NA,NA
"2023-03-28",227.208,FALSE,NA,NA,"<= day","daily",NA,NA,NA
"2023-03-29",224.99,FALSE,NA,NA,"<= day","daily",NA,NA,NA
"2023-03-30",241.698,FALSE,NA,NA,"<= day","daily",NA,NA,NA
"2023-03-31",300.021,FALSE,NA,NA,"<= day","daily",NA,NA,NA
"2023-04-01",425.896,FALSE,NA,NA,"<= day","daily",NA,NA,NA
"2023-04-02",415.958,FALSE,NA,NA,"<= day","daily",NA,NA,NA
"2023-04-03",365.562,FALSE,NA,NA,"<= day","daily",NA,NA,NA
"2023-04-04",342.365,FALSE,NA,NA,"<= day","daily",NA,NA,NA
"2023-04-05",336.719,FALSE,NA,NA,"<= day","daily",NA,NA,NA
"2023-04-06",331.812,FALSE,NA,NA,"<= day","daily",NA,NA,NA
"2023-04-07",331.573,FALSE,NA,NA,"<= day","daily",NA,NA,NA
"2023-04-08",334.406,FALSE,NA,NA,"<= day","daily",NA,NA,NA
"2023-04-09",328.74,FALSE,NA,NA,"<= day","daily",NA,NA,NA
"2023-04-10",325.177,FALSE,NA,NA,"<= day","daily",NA,NA,NA
"2023-04-11",324.073,FALSE,NA,NA,"<= day","daily",NA,NA,NA
"2023-04-12",330.656,FALSE,NA,NA,"<= day","daily",NA,NA,NA
"2023-04-13",340.958,FALSE,NA,NA,"<= day","daily",NA,NA,NA
"2023-04-14",333.75,FALSE,NA,NA,"<= day","daily",NA,NA,NA
"2023-04-15",324.073,FALSE,NA,NA,"<= day","daily",NA,NA,NA
"2023-04-16",335.396,FALSE,NA,NA,"<= day","daily",NA,NA,NA
"2023-04-17",329.615,FALSE,NA,NA,"<= day","daily",NA,NA,NA
"2023-04-18",317.323,FALSE,NA,NA,"<= day","daily",NA,NA,NA
"2023-04-19",311.333,FALSE,NA,NA,"<= day","daily",NA,NA,NA
"2023-04-20",308.177,FALSE,NA,NA,"<= day","daily",NA,NA,NA
"2023-04-21",305.469,FALSE,NA,NA,"<= day","daily",NA,NA,NA
"2023-04-22",299.604,FALSE,NA,NA,"<= day","daily",NA,NA,NA
"2023-04-23",297.781,FALSE,NA,NA,"<= day","daily",NA,NA,NA
"2023-04-24",307.635,FALSE,NA,NA,"<= day","daily",NA,NA,NA
"2023-04-25",322.667,FALSE,NA,NA,"<= day","daily",NA,NA,NA
"2023-04-26",352.865,FALSE,NA,NA,"<= day","daily",NA,NA,NA
"2023-04-27",324.698,FALSE,NA,NA,"<= day","daily",NA,NA,NA
"2023-04-28",313.24,FALSE,NA,NA,"<= day","daily",NA,NA,NA
"2023-04-29",326.885,FALSE,NA,NA,"<= day","daily",NA,NA,NA
"2023-04-30",310.927,FALSE,NA,NA,"<= day","daily",NA,NA,NA
"2023-05-01",310.156,FALSE,NA,NA,"<= day","daily",NA,NA,NA
"2023-05-02",341.438,FALSE,NA,NA,"<= day","daily",NA,NA,NA
"2023-05-03",314.448,FALSE,NA,NA,"<= day","daily",NA,NA,NA
"2023-05-04",299.625,FALSE,NA,NA,"<= day","daily",NA,NA,NA
"2023-05-05",298.458,FALSE,NA,NA,"<= day","daily",NA,NA,NA
"2023-05-06",300.542,FALSE,NA,NA,"<= day","daily",NA,NA,NA
"2023-05-07",301.844,FALSE,NA,NA,"<= day","daily",NA,NA,NA
"2023-05-08",345.01,FALSE,NA,NA,"<= day","daily",NA,NA,NA
"2023-05-09",352.427,FALSE,NA,NA,"<= day","daily",NA,NA,NA
"2023-05-10",347.073,FALSE,NA,NA,"<= day","daily",NA,NA,NA
"2023-05-11",334.865,FALSE,NA,NA,"<= day","daily",NA,NA,NA
"2023-05-12",325.417,FALSE,NA,NA,"<= day","daily",NA,NA,NA
"2023-05-13",318.719,FALSE,NA,NA,"<= day","daily",NA,NA,NA
"2023-05-14",343.885,FALSE,NA,NA,"<= day","daily",NA,NA,NA
"2023-05-15",516.458,FALSE,NA,NA,"<= day","daily",NA,NA,NA
"2023-05-16",489.438,FALSE,NA,NA,"<= day","daily",NA,NA,NA
"2023-05-17",425.708,FALSE,NA,NA,"<= day","daily",NA,NA,NA
"2023-05-18",397.625,FALSE,NA,NA,"<= day","daily",NA,NA,NA
"2023-05-19",383.385,FALSE,NA,NA,"<= day","daily",NA,NA,NA
"2023-05-20",371.708,FALSE,NA,NA,"<= day","daily",NA,NA,NA
"2023-05-21",364.198,FALSE,NA,NA,"<= day","daily",NA,NA,NA
"2023-05-22",361.917,FALSE,NA,NA,"<= day","daily",NA,NA,NA
"2023-05-23",348.042,FALSE,NA,NA,"<= day","daily",NA,NA,NA
"2023-05-24",337.031,FALSE,NA,NA,"<= day","daily",NA,NA,NA
"2023-05-25",332.083,FALSE,NA,NA,"<= day","daily",NA,NA,NA
"2023-05-26",327.167,FALSE,NA,NA,"<= day","daily",NA,NA,NA
"2023-05-27",317.281,FALSE,NA,NA,"<= day","daily",NA,NA,NA
"2023-05-28",313.865,FALSE,NA,NA,"<= day","daily",NA,NA,NA
"2023-05-29",315.312,FALSE,NA,NA,"<= day","daily",NA,NA,NA
"2023-05-30",307.323,FALSE,NA,NA,"<= day","daily",NA,NA,NA
"2023-05-31",299.104,FALSE,NA,NA,"<= day","daily",NA,NA,NA
"2023-06-01",296.792,FALSE,NA,NA,"<= day","daily",NA,NA,NA
"2023-06-02",293.49,FALSE,NA,NA,"<= day","daily",NA,NA,NA
"2023-06-03",286.854,FALSE,NA,NA,"<= day","daily",NA,NA,NA
"2023-06-04",283.354,FALSE,NA,NA,"<= day","daily",NA,NA,NA
"2023-06-05",276.396,FALSE,NA,NA,"<= day","daily",NA,NA,NA
"2023-06-06",271.385,FALSE,NA,NA,"<= day","daily",NA,NA,NA
"2023-06-07",272.604,FALSE,NA,NA,"<= day","daily",NA,NA,NA
"2023-06-08",261.917,FALSE,NA,NA,"<= day","daily",NA,NA,NA
"2023-06-09",257.99,FALSE,NA,NA,"<= day","daily",NA,NA,NA
"2023-06-10",249.323,FALSE,NA,NA,"<= day","daily",NA,NA,NA
"2023-06-11",240.302,FALSE,NA,NA,"<= day","daily",NA,NA,NA
"2023-06-12",232.74,FALSE,NA,NA,"<= day","daily",NA,NA,NA
"2023-06-13",229.177,FALSE,NA,NA,"<= day","daily",NA,NA,NA
"2023-06-14",226.354,FALSE,NA,NA,"<= day","daily",NA,NA,NA
"2023-06-15",220.771,FALSE,NA,NA,"<= day","daily",NA,NA,NA
"2023-06-16",223.729,FALSE,NA,NA,"<= day","daily",NA,NA,NA
"2023-06-17",221.771,FALSE,NA,NA,"<= day","daily",NA,NA,NA
"2023-06-18",221.927,FALSE,NA,NA,"<= day","daily",NA,NA,NA
"2023-06-19",217.635,FALSE,NA,NA,"<= day","daily",NA,NA,NA
"2023-06-20",221.76,FALSE,NA,NA,"<= day","daily",NA,NA,NA
"2023-06-21",225.979,FALSE,NA,NA,"<= day","daily",NA,NA,NA
"2023-06-22",226.01,FALSE,NA,NA,"<= day","daily",NA,NA,NA
"2023-06-23",233.698,FALSE,NA,NA,"<= day","daily",NA,NA,NA
"2023-06-24",219.844,FALSE,NA,NA,"<= day","daily",NA,NA,NA
"2023-06-25",216.083,FALSE,NA,NA,"<= day","daily",NA,NA,NA
"2023-06-26",209.281,FALSE,NA,NA,"<= day","daily",NA,NA,NA
"2023-06-27",203.406,FALSE,NA,NA,"<= day","daily",NA,NA,NA
"2023-06-28",204.656,FALSE,NA,NA,"<= day","daily",NA,NA,NA
"2023-06-29",203.615,FALSE,NA,NA,"<= day","daily",NA,NA,NA
"2023-06-30",228.042,FALSE,NA,NA,"<= day","daily",NA,NA,NA
"2023-07-01",237.938,FALSE,NA,NA,"<= day","daily",NA,NA,NA
"2023-07-02",216.26,FALSE,NA,NA,"<= day","daily",NA,NA,NA
"2023-07-03",206.604,FALSE,NA,NA,"<= day","daily",NA,NA,NA
"2023-07-04",202.719,FALSE,NA,NA,"<= day","daily",NA,NA,NA
"2023-07-05",197.927,FALSE,NA,NA,"<= day","daily",NA,NA,NA
"2023-07-06",196.031,FALSE,NA,NA,"<= day","daily",NA,NA,NA
"2023-07-07",184.167,FALSE,NA,NA,"<= day","daily",NA,NA,NA
"2023-07-08",181.427,FALSE,NA,NA,"<= day","daily",NA,NA,NA
"2023-07-09",176.875,FALSE,NA,NA,"<= day","daily",NA,NA,NA
"2023-07-10",171.062,FALSE,NA,NA,"<= day","daily",NA,NA,NA
"2023-07-11",185.417,FALSE,NA,NA,"<= day","daily",NA,NA,NA
"2023-07-12",271.292,FALSE,NA,NA,"<= day","daily",NA,NA,NA
"2023-07-13",222.344,FALSE,NA,NA,"<= day","daily",NA,NA,NA
"2023-07-14",184.802,FALSE,NA,NA,"<= day","daily",NA,NA,NA
"2023-07-15",194.885,FALSE,NA,NA,"<= day","daily",NA,NA,NA
"2023-07-16",309.542,FALSE,NA,NA,"<= day","daily",NA,NA,NA
"2023-07-17",232.51,FALSE,NA,NA,"<= day","daily",NA,NA,NA
"2023-07-18",193.396,FALSE,NA,NA,"<= day","daily",NA,NA,NA
"2023-07-19",181.604,FALSE,NA,NA,"<= day","daily",NA,NA,NA
"2023-07-20",180.635,FALSE,NA,NA,"<= day","daily",NA,NA,NA
"2023-07-21",178.698,FALSE,NA,NA,"<= day","daily",NA,NA,NA
"2023-07-22",175.135,FALSE,NA,NA,"<= day","daily",NA,NA,NA
"2023-07-23",177.802,FALSE,NA,NA,"<= day","daily",NA,NA,NA
"2023-07-24",181.854,FALSE,NA,NA,"<= day","daily",NA,NA,NA
"2023-07-25",200.823,FALSE,NA,NA,"<= day","daily",NA,NA,NA
"2023-07-26",259.5,FALSE,NA,NA,"<= day","daily",NA,NA,NA
"2023-08-01",220.688,FALSE,NA,NA,"<= day","daily",NA,NA,NA
"2023-08-02",198.854,FALSE,NA,NA,"<= day","daily",NA,NA,NA
"2023-08-03",232.656,FALSE,NA,NA,"<= day","daily",NA,NA,NA
"2023-08-04",212.375,FALSE,NA,NA,"<= day","daily",NA,NA,NA
"2023-08-05",206.896,FALSE,NA,NA,"<= day","daily",NA,NA,NA
"2023-08-06",196.542,FALSE,NA,NA,"<= day","daily",NA,NA,NA
"2023-08-07",201.656,FALSE,NA,NA,"<= day","daily",NA,NA,NA
"2023-08-08",191.229,FALSE,NA,NA,"<= day","daily",NA,NA,NA
"2023-08-09",182.917,FALSE,NA,NA,"<= day","daily",NA,NA,NA
"2023-08-10",174.76,FALSE,NA,NA,"<= day","daily",NA,NA,NA
"2023-08-11",171.229,FALSE,NA,NA,"<= day","daily",NA,NA,NA
"2023-08-12",178.969,FALSE,NA,NA,"<= day","daily",NA,NA,NA
"2023-08-13",207.854,FALSE,NA,NA,"<= day","daily",NA,NA,NA
"2023-08-14",230.406,FALSE,NA,NA,"<= day","daily",NA,NA,NA
"2023-08-15",209.646,FALSE,NA,NA,"<= day","daily",NA,NA,NA
"2023-08-16",231.177,FALSE,NA,NA,"<= day","daily",NA,NA,NA
"2023-08-17",410.781,FALSE,NA,NA,"<= day","daily",NA,NA,NA
"2023-08-18",317.958,FALSE,NA,NA,"<= day","daily",NA,NA,NA
"2023-08-19",236.427,FALSE,NA,NA,"<= day","daily",NA,NA,NA
"2023-08-20",206.125,FALSE,NA,NA,"<= day","daily",NA,NA,NA
"2023-08-21",194.031,FALSE,NA,NA,"<= day","daily",NA,NA,NA
"2023-08-22",189.198,FALSE,NA,NA,"<= day","daily",NA,NA,NA
"2023-08-23",186.177,FALSE,NA,NA,"<= day","daily",NA,NA,NA
"2023-08-24",190.229,FALSE,NA,NA,"<= day","daily",NA,NA,NA
"2023-08-25",252.792,FALSE,NA,NA,"<= day","daily",NA,NA,NA
"2023-08-26",409.646,FALSE,NA,NA,"<= day","daily",NA,NA,NA
"2023-08-27",388.604,FALSE,NA,NA,"<= day","daily",NA,NA,NA
"2023-08-28",317.76,FALSE,NA,NA,"<= day","daily",NA,NA,NA
"2023-08-29",261.052,FALSE,NA,NA,"<= day","daily",NA,NA,NA
"2023-08-30",230.021,FALSE,NA,NA,"<= day","daily",NA,NA,NA
"2023-08-31",227.667,FALSE,NA,NA,"<= day","daily",NA,NA,NA
"2023-09-01",211.865,FALSE,NA,NA,"<= day","daily",NA,NA,NA
"2023-09-02",207.792,FALSE,NA,NA,"<= day","daily",NA,NA,NA
"2023-09-03",204.49,FALSE,NA,NA,"<= day","daily",NA,NA,NA
"2023-09-04",197.51,FALSE,NA,NA,"<= day","daily",NA,NA,NA
"2023-09-05",192.219,FALSE,NA,NA,"<= day","daily",NA,NA,NA
"2023-09-06",188.083,FALSE,NA,NA,"<= day","daily",NA,NA,NA
"2023-09-07",184.083,FALSE,NA,NA,"<= day","daily",NA,NA,NA
"2023-09-08",179.969,FALSE,NA,NA,"<= day","daily",NA,NA,NA
"2023-09-09",175.906,FALSE,NA,NA,"<= day","daily",NA,NA,NA
"2023-09-10",175.01,FALSE,NA,NA,"<= day","daily",NA,NA,NA
"2023-09-11",164.833,FALSE,NA,NA,"<= day","daily",NA,NA,NA
"2023-09-12",168.51,FALSE,NA,NA,"<= day","daily",NA,NA,NA
"2023-09-13",172,FALSE,NA,NA,"<= day","daily",NA,NA,NA
"2023-09-14",169.198,FALSE,NA,NA,"<= day","daily",NA,NA,NA
"2023-09-15",166.177,FALSE,NA,NA,"<= day","daily",NA,NA,NA
"2023-09-16",163.698,FALSE,NA,NA,"<= day","daily",NA,NA,NA
"2023-09-17",160.479,FALSE,NA,NA,"<= day","daily",NA,NA,NA
"2023-09-18",164.135,FALSE,NA,NA,"<= day","daily",NA,NA,NA
"2023-09-19",158.396,FALSE,NA,NA,"<= day","daily",NA,NA,NA
"2023-09-20",152.698,FALSE,NA,NA,"<= day","daily",NA,NA,NA
"2023-09-21",156.75,FALSE,NA,NA,"<= day","daily",NA,NA,NA
"2023-09-22",189.469,FALSE,NA,NA,"<= day","daily",NA,NA,NA
"2023-09-23",168.542,FALSE,NA,NA,"<= day","daily",NA,NA,NA
"2023-09-24",151.01,FALSE,NA,NA,"<= day","daily",NA,NA,NA
"2023-09-25",151.406,FALSE,NA,NA,"<= day","daily",NA,NA,NA
"2023-09-26",146.427,FALSE,NA,NA,"<= day","daily",NA,NA,NA
"2023-09-27",148.167,FALSE,NA,NA,"<= day","daily",NA,NA,NA
"2023-09-28",151.979,FALSE,NA,NA,"<= day","daily",NA,NA,NA
"2023-09-29",151.208,FALSE,NA,NA,"<= day","daily",NA,NA,NA
"2023-09-30",155.25,FALSE,NA,NA,"<= day","daily",NA,NA,NA
"2023-10-01",151.406,FALSE,NA,NA,"<= day","daily",NA,NA,NA
"2023-10-02",153.458,FALSE,NA,NA,"<= day","daily",NA,NA,NA
"2023-10-03",153.427,FALSE,NA,NA,"<= day","daily",NA,NA,NA
"2023-10-04",150.25,FALSE,NA,NA,"<= day","daily",NA,NA,NA
"2023-10-05",152.062,FALSE,NA,NA,"<= day","daily",NA,NA,NA
"2023-10-06",144.833,FALSE,NA,NA,"<= day","daily",NA,NA,NA
"2023-10-07",145.708,FALSE,NA,NA,"<= day","daily",NA,NA,NA
"2023-10-08",145.833,FALSE,NA,NA,"<= day","daily",NA,NA,NA
"2023-10-09",140.021,FALSE,NA,NA,"<= day","daily",NA,NA,NA
"2023-10-10",143.25,FALSE,NA,NA,"<= day","daily",NA,NA,NA
"2023-10-11",140.323,FALSE,NA,NA,"<= day","daily",NA,NA,NA
"2023-10-12",147,FALSE,NA,NA,"<= day","daily",NA,NA,NA
"2023-10-13",141.115,FALSE,NA,NA,"<= day","daily",NA,NA,NA
"2023-10-14",150.5,FALSE,NA,NA,"<= day","daily",NA,NA,NA
"2023-10-15",159.594,FALSE,NA,NA,"<= day","daily",NA,NA,NA
"2023-10-16",154.396,FALSE,NA,NA,"<= day","daily",NA,NA,NA
"2023-10-17",148.469,FALSE,NA,NA,"<= day","daily",NA,NA,NA
"2023-10-18",147.01,FALSE,NA,NA,"<= day","daily",NA,NA,NA
"2023-10-19",157.792,FALSE,NA,NA,"<= day","daily",NA,NA,NA
"2023-10-20",163.042,FALSE,NA,NA,"<= day","daily",NA,NA,NA
"2023-10-21",155.323,FALSE,NA,NA,"<= day","daily",NA,NA,NA
"2023-10-22",147.104,FALSE,NA,NA,"<= day","daily",NA,NA,NA
"2023-10-23",146.74,FALSE,NA,NA,"<= day","daily",NA,NA,NA
"2023-10-24",161.229,FALSE,NA,NA,"<= day","daily",NA,NA,NA
"2023-10-25",197.688,FALSE,NA,NA,"<= day","daily",NA,NA,NA
"2023-10-26",245.99,FALSE,NA,NA,"<= day","daily",NA,NA,NA
"2023-10-27",212.198,FALSE,NA,NA,"<= day","daily",NA,NA,NA
"2023-10-28",182.885,FALSE,NA,NA,"<= day","daily",NA,NA,NA
"2023-10-29",161.771,FALSE,NA,NA,"<= day","daily",NA,NA,NA
"2023-10-30",160.76,FALSE,NA,NA,"<= day","daily",NA,NA,NA
"2023-10-31",184.615,FALSE,NA,NA,"<= day","daily",NA,NA,NA
"2023-11-01",164.76,FALSE,NA,NA,"<= day","daily",NA,NA,NA
"2023-11-02",179.01,FALSE,NA,NA,"<= day","daily",NA,NA,NA
"2023-11-03",187.99,FALSE,NA,NA,"<= day","daily",NA,NA,NA
"2023-11-04",173.667,FALSE,NA,NA,"<= day","daily",NA,NA,NA
"2023-11-05",181.146,FALSE,NA,NA,"<= day","daily",NA,NA,NA
"2023-11-06",217.062,FALSE,NA,NA,"<= day","daily",NA,NA,NA
"2023-11-07",197.688,FALSE,NA,NA,"<= day","daily",NA,NA,NA
"2023-11-08",187.656,FALSE,NA,NA,"<= day","daily",NA,NA,NA
"2023-11-09",189.865,FALSE,NA,NA,"<= day","daily",NA,NA,NA
"2023-11-10",189.719,FALSE,NA,NA,"<= day","daily",NA,NA,NA
"2023-11-11",202.969,FALSE,NA,NA,"<= day","daily",NA,NA,NA
"2023-11-12",211.25,FALSE,NA,NA,"<= day","daily",NA,NA,NA
"2023-11-13",277.448,FALSE,NA,NA,"<= day","daily",NA,NA,NA
"2023-11-14",347.479,FALSE,NA,NA,"<= day","daily",NA,NA,NA
"2023-11-15",329.99,FALSE,NA,NA,"<= day","daily",NA,NA,NA
"2023-11-16",361.219,FALSE,NA,NA,"<= day","daily",NA,NA,NA
"2023-11-17",719.812,FALSE,NA,NA,"<= day","daily",NA,NA,NA
"2023-11-18",826.896,FALSE,NA,NA,"<= day","daily",NA,NA,NA
"2023-11-19",735.458,FALSE,NA,NA,"<= day","daily",NA,NA,NA
"2023-11-20",600.74,FALSE,NA,NA,"<= day","daily",NA,NA,NA
"2023-11-21",516.479,FALSE,NA,NA,"<= day","daily",NA,NA,NA
"2023-11-22",473.479,FALSE,NA,NA,"<= day","daily",NA,NA,NA
"2023-11-23",441.927,FALSE,NA,NA,"<= day","daily",NA,NA,NA
"2023-11-24",421.5,FALSE,NA,NA,"<= day","daily",NA,NA,NA
"2023-11-25",415.604,FALSE,NA,NA,"<= day","daily",NA,NA,NA
"2023-11-26",409.604,FALSE,NA,NA,"<= day","daily",NA,NA,NA
"2023-11-27",406.292,FALSE,NA,NA,"<= day","daily",NA,NA,NA
"2023-11-28",405.365,FALSE,NA,NA,"<= day","daily",NA,NA,NA
"2023-11-29",406.844,FALSE,NA,NA,"<= day","daily",NA,NA,NA
"2023-11-30",407.865,FALSE,NA,NA,"<= day","daily",NA,NA,NA
"2023-12-01",407.427,FALSE,NA,NA,"<= day","daily",NA,NA,NA
"2023-12-02",400.125,FALSE,NA,NA,"<= day","daily",NA,NA,NA
"2023-12-03",376.656,FALSE,NA,NA,"<= day","daily",NA,NA,NA
"2023-12-04",376.719,FALSE,NA,NA,"<= day","daily",NA,NA,NA
"2023-12-05",387.458,FALSE,NA,NA,"<= day","daily",NA,NA,NA
"2023-12-06",402.042,FALSE,NA,NA,"<= day","daily",NA,NA,NA
"2023-12-07",405.792,FALSE,NA,NA,"<= day","daily",NA,NA,NA
"2023-12-08",401.406,FALSE,NA,NA,"<= day","daily",NA,NA,NA
"2023-12-09",411.365,FALSE,NA,NA,"<= day","daily",NA,NA,NA
"2023-12-10",463.885,FALSE,NA,NA,"<= day","daily",NA,NA,NA
"2023-12-11",475.073,FALSE,NA,NA,"<= day","daily",NA,NA,NA
"2023-12-12",492.604,FALSE,NA,NA,"<= day","daily",NA,NA,NA
"2023-12-13",608.333,FALSE,NA,NA,"<= day","daily",NA,NA,NA
"2023-12-14",747.104,FALSE,NA,NA,"<= day","daily",NA,NA,NA
"2023-12-15",823.792,FALSE,NA,NA,"<= day","daily",NA,NA,NA
"2023-12-16",800.25,FALSE,NA,NA,"<= day","daily",NA,NA,NA
"2023-12-17",745.26,FALSE,NA,NA,"<= day","daily",NA,NA,NA
"2023-12-18",695.302,FALSE,NA,NA,"<= day","daily",NA,NA,NA
"2023-12-19",658.708,FALSE,NA,NA,"<= day","daily",NA,NA,NA
"2023-12-20",649.333,FALSE,NA,NA,"<= day","daily",NA,NA,NA
"2023-12-21",656.948,FALSE,NA,NA,"<= day","daily",NA,NA,NA
"2023-12-22",744.219,FALSE,NA,NA,"<= day","daily",NA,NA,NA
"2023-12-23",882.938,FALSE,NA,NA,"<= day","daily",NA,NA,NA
"2023-12-24",927.365,FALSE,NA,NA,"<= day","daily",NA,NA,NA
"2023-12-25",902.594,FALSE,NA,NA,"<= day","daily",NA,NA,NA
"2023-12-26",866.583,FALSE,NA,NA,"<= day","daily",NA,NA,NA
"2023-12-27",823.51,FALSE,NA,NA,"<= day","daily",NA,NA,NA
"2023-12-28",784.667,FALSE,NA,NA,"<= day","daily",NA,NA,NA
"2023-12-29",758.5,FALSE,NA,NA,"<= day","daily",NA,NA,NA
"2023-12-30",734.5,FALSE,NA,NA,"<= day","daily",NA,NA,NA
"2023-12-31",713.823,FALSE,NA,NA,"<= day","daily",NA,NA,NA
"2024-01-01",713.177,FALSE,NA,NA,"<= day","daily",NA,NA,NA
"2024-01-02",716.208,FALSE,NA,NA,"<= day","daily",NA,NA,NA
"2024-01-03",792.875,FALSE,NA,NA,"<= day","daily",NA,NA,NA
"2024-01-04",898.177,FALSE,NA,NA,"<= day","daily",NA,NA,NA
"2024-01-05",946.531,FALSE,NA,NA,"<= day","daily",NA,NA,NA
"2024-01-06",939.844,FALSE,NA,NA,"<= day","daily",NA,NA,NA
"2024-01-07",909.917,FALSE,NA,NA,"<= day","daily",NA,NA,NA
"2024-01-08",877.729,FALSE,NA,NA,"<= day","daily",NA,NA,NA
"2024-01-09",839.927,FALSE,NA,NA,"<= day","daily",NA,NA,NA
"2024-01-10",802.594,FALSE,NA,NA,"<= day","daily",NA,NA,NA
"2024-01-11",772.365,FALSE,NA,NA,"<= day","daily",NA,NA,NA
"2024-01-12",752.042,FALSE,NA,NA,"<= day","daily",NA,NA,NA
"2024-01-13",722.875,FALSE,NA,NA,"<= day","daily",NA,NA,NA
"2024-01-14",717.198,FALSE,NA,NA,"<= day","daily",NA,NA,NA
"2024-01-15",711.031,FALSE,NA,NA,"<= day","daily",NA,NA,NA
"2024-01-16",700.188,FALSE,NA,NA,"<= day","daily",NA,NA,NA
"2024-01-17",681.854,FALSE,NA,NA,"<= day","daily",NA,NA,NA
"2024-01-18",739.385,FALSE,NA,NA,"<= day","daily",NA,NA,NA
"2024-01-19",795.167,FALSE,NA,NA,"<= day","daily",NA,NA,NA
"2024-01-20",750.771,FALSE,NA,NA,"<= day","daily",NA,NA,NA
"2024-01-21",697.073,FALSE,NA,NA,"<= day","daily",NA,NA,NA
"2024-01-22",690.302,FALSE,NA,NA,"<= day","daily",NA,NA,NA
"2024-01-23",749.531,FALSE,NA,NA,"<= day","daily",NA,NA,NA
"2024-01-24",846.083,FALSE,NA,NA,"<= day","daily",NA,NA,NA
"2024-01-25",876.76,FALSE,NA,NA,"<= day","daily",NA,NA,NA
"2024-01-26",868.396,FALSE,NA,NA,"<= day","daily",NA,NA,NA
"2024-01-27",843.906,FALSE,NA,NA,"<= day","daily",NA,NA,NA
"2024-01-28",821.219,FALSE,NA,NA,"<= day","daily",NA,NA,NA
"2024-01-29",810.302,FALSE,NA,NA,"<= day","daily",NA,NA,NA
"2024-01-30",802.281,FALSE,NA,NA,"<= day","daily",NA,NA,NA
"2024-01-31",791.938,FALSE,NA,NA,"<= day","daily",NA,NA,NA
"2024-02-01",764.281,FALSE,NA,NA,"<= day","daily",NA,NA,NA
"2024-02-02",755.51,FALSE,NA,NA,"<= day","daily",NA,NA,NA
"2024-02-03",746.844,FALSE,NA,NA,"<= day","daily",NA,NA,NA
"2024-02-04",734.219,FALSE,NA,NA,"<= day","daily",NA,NA,NA
"2024-02-05",716.042,FALSE,NA,NA,"<= day","daily",NA,NA,NA
"2024-02-06",707.948,FALSE,NA,NA,"<= day","daily",NA,NA,NA
"2024-02-07",705.281,FALSE,NA,NA,"<= day","daily",NA,NA,NA
"2024-02-08",694.948,FALSE,NA,NA,"<= day","daily",NA,NA,NA
"2024-02-09",699.49,FALSE,NA,NA,"<= day","daily",NA,NA,NA
"2024-02-10",708.562,FALSE,NA,NA,"<= day","daily",NA,NA,NA
"2024-02-11",741.802,FALSE,NA,NA,"<= day","daily",NA,NA,NA
"2024-02-12",772.812,FALSE,NA,NA,"<= day","daily",NA,NA,NA
"2024-02-13",737.344,FALSE,NA,NA,"<= day","daily",NA,NA,NA
"2024-02-14",697.438,FALSE,NA,NA,"<= day","daily",NA,NA,NA
"2024-02-15",692.677,FALSE,NA,NA,"<= day","daily",NA,NA,NA
"2024-02-16",686.854,FALSE,NA,NA,"<= day","daily",NA,NA,NA
"2024-02-17",680.948,FALSE,NA,NA,"<= day","daily",NA,NA,NA
"2024-02-18",659.042,FALSE,NA,NA,"<= day","daily",NA,NA,NA
"2024-02-19",655.177,FALSE,NA,NA,"<= day","daily",NA,NA,NA
"2024-02-20",650.01,FALSE,NA,NA,"<= day","daily",NA,NA,NA
"2024-02-21",647.5,FALSE,NA,NA,"<= day","daily",NA,NA,NA
"2024-02-22",678.052,FALSE,NA,NA,"<= day","daily",NA,NA,NA
"2024-02-23",736.135,FALSE,NA,NA,"<= day","daily",NA,NA,NA
"2024-02-24",740.552,FALSE,NA,NA,"<= day","daily",NA,NA,NA
"2024-02-25",710.302,FALSE,NA,NA,"<= day","daily",NA,NA,NA
"2024-02-26",704.021,FALSE,NA,NA,"<= day","daily",NA,NA,NA
"2024-02-27",701.875,FALSE,NA,NA,"<= day","daily",NA,NA,NA
"2024-02-28",693.49,FALSE,NA,NA,"<= day","daily",NA,NA,NA
"2024-02-29",691.312,FALSE,NA,NA,"<= day","daily",NA,NA,NA
"2024-03-01",686.927,FALSE,NA,NA,"<= day","daily",NA,NA,NA
"2024-03-02",686.635,FALSE,NA,NA,"<= day","daily",NA,NA,NA
"2024-03-03",683.208,FALSE,NA,NA,"<= day","daily",NA,NA,NA
"2024-03-04",666.573,FALSE,NA,NA,"<= day","daily",NA,NA,NA
"2024-03-05",645.385,FALSE,NA,NA,"<= day","daily",NA,NA,NA
"2024-03-06",642.344,FALSE,NA,NA,"<= day","daily",NA,NA,NA
"2024-03-07",644.021,FALSE,NA,NA,"<= day","daily",NA,NA,NA
"2024-03-08",640.792,FALSE,NA,NA,"<= day","daily",NA,NA,NA
"2024-03-09",640.979,FALSE,NA,NA,"<= day","daily",NA,NA,NA
"2024-03-10",643.354,FALSE,NA,NA,"<= day","daily",NA,NA,NA
"2024-03-11",651.177,FALSE,NA,NA,"<= day","daily",NA,NA,NA
"2024-03-12",645.51,FALSE,NA,NA,"<= day","daily",NA,NA,NA
"2024-03-13",688.094,FALSE,NA,NA,"<= day","daily",NA,NA,NA
"2024-03-14",724.615,FALSE,NA,NA,"<= day","daily",NA,NA,NA
"2024-03-15",696.292,FALSE,NA,NA,"<= day","daily",NA,NA,NA
"2024-03-16",685.062,FALSE,NA,NA,"<= day","daily",NA,NA,NA
"2024-03-17",684.292,FALSE,NA,NA,"<= day","daily",NA,NA,NA
"2024-03-18",681.25,FALSE,NA,NA,"<= day","daily",NA,NA,NA
"2024-03-19",683.406,FALSE,NA,NA,"<= day","daily",NA,NA,NA
"2024-03-20",676.479,FALSE,NA,NA,"<= day","daily",NA,NA,NA
"2024-03-21",662.719,FALSE,NA,NA,"<= day","daily",NA,NA,NA
"2024-03-22",647.833,FALSE,NA,NA,"<= day","daily",NA,NA,NA
"2024-03-23",654.656,FALSE,NA,NA,"<= day","daily",NA,NA,NA
"2024-03-24",664.562,FALSE,NA,NA,"<= day","daily",NA,NA,NA
"2024-03-25",671.458,FALSE,NA,NA,"<= day","daily",NA,NA,NA
"2024-03-26",670,FALSE,NA,NA,"<= day","daily",NA,NA,NA
"2024-03-27",672.344,FALSE,NA,NA,"<= day","daily",NA,NA,NA
"2024-03-28",668.01,FALSE,NA,NA,"<= day","daily",NA,NA,NA
"2024-03-29",641.219,FALSE,NA,NA,"<= day","daily",NA,NA,NA
"2024-03-30",637.448,FALSE,NA,NA,"<= day","daily",NA,NA,NA
"2024-03-31",630.469,FALSE,NA,NA,"<= day","daily",NA,NA,NA
"2024-04-01",628.719,FALSE,NA,NA,"<= day","daily",NA,NA,NA
"2024-04-02",619.292,FALSE,NA,NA,"<= day","daily",NA,NA,NA
"2024-04-03",604.896,FALSE,NA,NA,"<= day","daily",NA,NA,NA
"2024-04-04",612.906,FALSE,NA,NA,"<= day","daily",NA,NA,NA
"2024-04-05",658.188,FALSE,NA,NA,"<= day","daily",NA,NA,NA
"2024-04-06",639.365,FALSE,NA,NA,"<= day","daily",NA,NA,NA
"2024-04-07",622.531,FALSE,NA,NA,"<= day","daily",NA,NA,NA
"2024-04-08",600.198,FALSE,NA,NA,"<= day","daily",NA,NA,NA
"2024-04-09",592.167,FALSE,NA,NA,"<= day","daily",NA,NA,NA
"2024-04-10",583.312,FALSE,NA,NA,"<= day","daily",NA,NA,NA
"2024-04-11",584.927,FALSE,NA,NA,"<= day","daily",NA,NA,NA
"2024-04-12",577.719,FALSE,NA,NA,"<= day","daily",NA,NA,NA
"2024-04-13",577.5,FALSE,NA,NA,"<= day","daily",NA,NA,NA
"2024-04-14",577.302,FALSE,NA,NA,"<= day","daily",NA,NA,NA
"2024-04-15",582.979,FALSE,NA,NA,"<= day","daily",NA,NA,NA
"2024-04-16",578.833,FALSE,NA,NA,"<= day","daily",NA,NA,NA
"2024-04-17",576.792,FALSE,NA,NA,"<= day","daily",NA,NA,NA
"2024-04-18",572.802,FALSE,NA,NA,"<= day","daily",NA,NA,NA
"2024-04-19",564.531,FALSE,NA,NA,"<= day","daily",NA,NA,NA
"2024-04-20",578.854,FALSE,NA,NA,"<= day","daily",NA,NA,NA
"2024-04-21",574.188,FALSE,NA,NA,"<= day","daily",NA,NA,NA
"2024-04-22",563.125,FALSE,NA,NA,"<= day","daily",NA,NA,NA
"2024-04-23",540.854,FALSE,NA,NA,"<= day","daily",NA,NA,NA
"2024-04-24",532.062,FALSE,NA,NA,"<= day","daily",NA,NA,NA
"2024-04-25",530.604,FALSE,NA,NA,"<= day","daily",NA,NA,NA
"2024-04-26",521.229,FALSE,NA,NA,"<= day","daily",NA,NA,NA
"2024-04-27",512.177,FALSE,NA,NA,"<= day","daily",NA,NA,NA
"2024-04-28",513.927,FALSE,NA,NA,"<= day","daily",NA,NA,NA
"2024-04-29",505.115,FALSE,NA,NA,"<= day","daily",NA,NA,NA
"2024-04-30",493.708,FALSE,NA,NA,"<= day","daily",NA,NA,NA
"2024-05-01",488.375,FALSE,NA,NA,"<= day","daily",NA,NA,NA
"2024-05-02",507.104,FALSE,NA,NA,"<= day","daily",NA,NA,NA
"2024-05-03",535.125,FALSE,NA,NA,"<= day","daily",NA,NA,NA
"2024-05-04",499.74,FALSE,NA,NA,"<= day","daily",NA,NA,NA
"2024-05-05",489.25,FALSE,NA,NA,"<= day","daily",NA,NA,NA
"2024-05-06",490.26,FALSE,NA,NA,"<= day","daily",NA,NA,NA
"2024-05-07",475.719,FALSE,NA,NA,"<= day","daily",NA,NA,NA
"2024-05-08",461.917,FALSE,NA,NA,"<= day","daily",NA,NA,NA
"2024-05-09",458.448,FALSE,NA,NA,"<= day","daily",NA,NA,NA
"2024-05-10",453.469,FALSE,NA,NA,"<= day","daily",NA,NA,NA
"2024-05-11",450.177,FALSE,NA,NA,"<= day","daily",NA,NA,NA
"2024-05-12",448.385,FALSE,NA,NA,"<= day","daily",NA,NA,NA
"2024-05-13",450.469,FALSE,NA,NA,"<= day","daily",NA,NA,NA
"2024-05-14",461.219,FALSE,NA,NA,"<= day","daily",NA,NA,NA
"2024-05-15",463.75,FALSE,NA,NA,"<= day","daily",NA,NA,NA
"2024-05-16",487.771,FALSE,NA,NA,"<= day","daily",NA,NA,NA
"2024-05-17",661.833,FALSE,NA,NA,"<= day","daily",NA,NA,NA
"2024-05-18",754.958,FALSE,NA,NA,"<= day","daily",NA,NA,NA
"2024-05-19",629.125,FALSE,NA,NA,"<= day","daily",NA,NA,NA
"2024-05-20",576.469,FALSE,NA,NA,"<= day","daily",NA,NA,NA
"2024-05-21",644.333,FALSE,NA,NA,"<= day","daily",NA,NA,NA
"2024-05-22",825.177,FALSE,NA,NA,"<= day","daily",NA,NA,NA
"2024-05-23",799.156,FALSE,NA,NA,"<= day","daily",NA,NA,NA
"2024-05-24",795.583,FALSE,NA,NA,"<= day","daily",NA,NA,NA
"2024-05-25",818.542,FALSE,NA,NA,"<= day","daily",NA,NA,NA
"2024-05-26",789.521,FALSE,NA,NA,"<= day","daily",NA,NA,NA
"2024-05-27",754.708,FALSE,NA,NA,"<= day","daily",NA,NA,NA
"2024-05-28",720.594,FALSE,NA,NA,"<= day","daily",NA,NA,NA
"2024-05-29",686.99,FALSE,NA,NA,"<= day","daily",NA,NA,NA
"2024-05-30",666.656,FALSE,NA,NA,"<= day","daily",NA,NA,NA
"2024-05-31",685,FALSE,NA,NA,"<= day","daily",NA,NA,NA
"2024-06-01",735.49,FALSE,NA,NA,"<= day","daily",NA,NA,NA
"2024-06-02",825.438,FALSE,NA,NA,"<= day","daily",NA,NA,NA
"2024-06-03",979.375,FALSE,NA,NA,"<= day","daily",NA,NA,NA
"2024-06-04",1015.229,FALSE,NA,NA,"<= day","daily",NA,NA,NA
"2024-06-05",1002.885,FALSE,NA,NA,"<= day","daily",NA,NA,NA
"2024-06-06",971.073,FALSE,NA,NA,"<= day","daily",NA,NA,NA
"2024-06-07",937.865,FALSE,NA,NA,"<= day","daily",NA,NA,NA
"2024-06-08",903.365,FALSE,NA,NA,"<= day","daily",NA,NA,NA
"2024-06-09",888.646,FALSE,NA,NA,"<= day","daily",NA,NA,NA
"2024-06-10",861.74,FALSE,NA,NA,"<= day","daily",NA,NA,NA
"2024-06-11",834.438,FALSE,NA,NA,"<= day","daily",NA,NA,NA
"2024-06-12",815.948,FALSE,NA,NA,"<= day","daily",NA,NA,NA
"2024-06-13",782.229,FALSE,NA,NA,"<= day","daily",NA,NA,NA
"2024-06-14",774.344,FALSE,NA,NA,"<= day","daily",NA,NA,NA
"2024-06-15",777.104,FALSE,NA,NA,"<= day","daily",NA,NA,NA
"2024-06-16",763.24,FALSE,NA,NA,"<= day","daily",NA,NA,NA
"2024-06-17",743.427,FALSE,NA,NA,"<= day","daily",NA,NA,NA
"2024-06-18",727.917,FALSE,NA,NA,"<= day","daily",NA,NA,NA
"2024-06-19",825.469,FALSE,NA,NA,"<= day","daily",NA,NA,NA
"2024-06-20",938.25,FALSE,NA,NA,"<= day","daily",NA,NA,NA
"2024-06-21",904.146,FALSE,NA,NA,"<= day","daily",NA,NA,NA
"2024-06-22",886.479,FALSE,NA,NA,"<= day","daily",NA,NA,NA
"2024-06-23",910.969,FALSE,NA,NA,"<= day","daily",NA,NA,NA
"2024-06-24",872.708,FALSE,NA,NA,"<= day","daily",NA,NA,NA
"2024-06-25",835.594,FALSE,NA,NA,"<= day","daily",NA,NA,NA
"2024-06-26",826.844,FALSE,NA,NA,"<= day","daily",NA,NA,NA
"2024-06-27",831.635,FALSE,NA,NA,"<= day","daily",NA,NA,NA
"2024-06-28",822.719,FALSE,NA,NA,"<= day","daily",NA,NA,NA
"2024-06-29",803.427,FALSE,NA,NA,"<= day","daily",NA,NA,NA
"2024-06-30",794.208,FALSE,NA,NA,"<= day","daily",NA,NA,NA
"2024-07-01",784.5,FALSE,NA,NA,"<= day","daily",NA,NA,NA
"2024-07-02",790.698,FALSE,NA,NA,"<= day","daily",NA,NA,NA
"2024-07-03",783.833,FALSE,NA,NA,"<= day","daily",NA,NA,NA
"2024-07-04",819.062,FALSE,NA,NA,"<= day","daily",NA,NA,NA
"2024-07-05",776.844,FALSE,NA,NA,"<= day","daily",NA,NA,NA
"2024-07-06",766.271,FALSE,NA,NA,"<= day","daily",NA,NA,NA
"2024-07-07",762.448,FALSE,NA,NA,"<= day","daily",NA,NA,NA
"2024-07-08",736.219,FALSE,NA,NA,"<= day","daily",NA,NA,NA
"2024-07-09",712.979,FALSE,NA,NA,"<= day","daily",NA,NA,NA
"2024-07-10",723.688,FALSE,NA,NA,"<= day","daily",NA,NA,NA
"2024-07-11",813.542,FALSE,NA,NA,"<= day","daily",NA,NA,NA
"2024-07-12",924.01,FALSE,NA,NA,"<= day","daily",NA,NA,NA
"2024-07-13",894.573,FALSE,NA,NA,"<= day","daily",NA,NA,NA
"2024-07-14",836.281,FALSE,NA,NA,"<= day","daily",NA,NA,NA
"2024-07-15",788.875,FALSE,NA,NA,"<= day","daily",NA,NA,NA
"2024-07-16",773.958,FALSE,NA,NA,"<= day","daily",NA,NA,NA
"2024-07-17",763.458,FALSE,NA,NA,"<= day","daily",NA,NA,NA
"2024-07-18",753.958,FALSE,NA,NA,"<= day","daily",NA,NA,NA
"2024-07-19",751.479,FALSE,NA,NA,"<= day","daily",NA,NA,NA
"2024-07-20",790.583,FALSE,NA,NA,"<= day","daily",NA,NA,NA
"2024-07-21",763.49,FALSE,NA,NA,"<= day","daily",NA,NA,NA
"2024-07-22",743.458,FALSE,NA,NA,"<= day","daily",NA,NA,NA
"2024-07-23",718.604,FALSE,NA,NA,"<= day","daily",NA,NA,NA
"2024-07-24",710.969,FALSE,NA,NA,"<= day","daily",NA,NA,NA
"2024-07-25",706.219,FALSE,NA,NA,"<= day","daily",NA,NA,NA
"2024-07-26",702.542,FALSE,NA,NA,"<= day","daily",NA,NA,NA
"2024-07-27",703.031,FALSE,NA,NA,"<= day","daily",NA,NA,NA
"2024-07-28",708.062,FALSE,NA,NA,"<= day","daily",NA,NA,NA
"2024-07-29",696.771,FALSE,NA,NA,"<= day","daily",NA,NA,NA
"2024-07-30",688.094,FALSE,NA,NA,"<= day","daily",NA,NA,NA
"2024-07-31",699.396,FALSE,NA,NA,"<= day","daily",NA,NA,NA
"2024-08-01",715.719,FALSE,NA,NA,"<= day","daily",NA,NA,NA
"2024-08-02",710.323,FALSE,NA,NA,"<= day","daily",NA,NA,NA
"2024-08-03",678.969,FALSE,NA,NA,"<= day","daily",NA,NA,NA
"2024-08-04",658.885,FALSE,NA,NA,"<= day","daily",NA,NA,NA
"2024-08-05",650.094,FALSE,NA,NA,"<= day","daily",NA,NA,NA
"2024-08-06",638.031,FALSE,NA,NA,"<= day","daily",NA,NA,NA
"2024-08-07",636.344,FALSE,NA,NA,"<= day","daily",NA,NA,NA
"2024-08-08",638.594,FALSE,NA,NA,"<= day","daily",NA,NA,NA
"2024-08-09",638.427,FALSE,NA,NA,"<= day","daily",NA,NA,NA
"2024-08-10",634.219,FALSE,NA,NA,"<= day","daily",NA,NA,NA
"2024-08-11",628.823,FALSE,NA,NA,"<= day","daily",NA,NA,NA
"2024-08-12",618.406,FALSE,NA,NA,"<= day","daily",NA,NA,NA
"2024-08-13",624.344,FALSE,NA,NA,"<= day","daily",NA,NA,NA
"2024-08-14",618.76,FALSE,NA,NA,"<= day","daily",NA,NA,NA
"2024-08-15",612.365,FALSE,NA,NA,"<= day","daily",NA,NA,NA
"2024-08-16",597.229,FALSE,NA,NA,"<= day","daily",NA,NA,NA
"2024-08-17",602.49,FALSE,NA,NA,"<= day","daily",NA,NA,NA
"2024-08-18",662.354,FALSE,NA,NA,"<= day","daily",NA,NA,NA
"2024-08-19",633.104,FALSE,NA,NA,"<= day","daily",NA,NA,NA
"2024-08-20",601.073,FALSE,NA,NA,"<= day","daily",NA,NA,NA
"2024-08-21",587.802,FALSE,NA,NA,"<= day","daily",NA,NA,NA
"2024-08-22",581.354,FALSE,NA,NA,"<= day","daily",NA,NA,NA
"2024-08-23",577.312,FALSE,NA,NA,"<= day","daily",NA,NA,NA
"2024-08-24",576.531,FALSE,NA,NA,"<= day","daily",NA,NA,NA
"2024-08-25",584.281,FALSE,NA,NA,"<= day","daily",NA,NA,NA
"2024-08-26",582.438,FALSE,NA,NA,"<= day","daily",NA,NA,NA
"2024-08-27",569.135,FALSE,NA,NA,"<= day","daily",NA,NA,NA
"2024-08-28",559.99,FALSE,NA,NA,"<= day","daily",NA,NA,NA
"2024-08-29",551.656,FALSE,NA,NA,"<= day","daily",NA,NA,NA
"2024-08-30",505.583,FALSE,NA,NA,"<= day","daily",NA,NA,NA
"2024-08-31",439.469,FALSE,NA,NA,"<= day","daily",NA,NA,NA
"2024-09-01",436.781,FALSE,NA,NA,"<= day","daily",NA,NA,NA
"2024-09-02",491.656,FALSE,NA,NA,"<= day","daily",NA,NA,NA
"2024-09-03",456.396,FALSE,NA,NA,"<= day","daily",NA,NA,NA
"2024-09-04",447.542,FALSE,NA,NA,"<= day","daily",NA,NA,NA
"2024-09-05",485.333,FALSE,NA,NA,"<= day","daily",NA,NA,NA
"2024-09-06",753.969,FALSE,NA,NA,"<= day","daily",NA,NA,NA
"2024-09-07",793.396,FALSE,NA,NA,"<= day","daily",NA,NA,NA
"2024-09-08",645.219,FALSE,NA,NA,"<= day","daily",NA,NA,NA
"2024-09-09",608.719,FALSE,NA,NA,"<= day","daily",NA,NA,NA
"2024-09-10",545.677,FALSE,NA,NA,"<= day","daily",NA,NA,NA
"2024-09-11",520.969,FALSE,NA,NA,"<= day","daily",NA,NA,NA
"2024-09-12",524.219,FALSE,NA,NA,"<= day","daily",NA,NA,NA
"2024-09-13",509.906,FALSE,NA,NA,"<= day","daily",NA,NA,NA
"2024-09-14",500,FALSE,NA,NA,"<= day","daily",NA,NA,NA
"2024-09-15",485.844,FALSE,NA,NA,"<= day","daily",NA,NA,NA
"2024-09-16",479.74,FALSE,NA,NA,"<= day","daily",NA,NA,NA
"2024-09-17",473.604,FALSE,NA,NA,"<= day","daily",NA,NA,NA
"2024-09-18",469.375,FALSE,NA,NA,"<= day","daily",NA,NA,NA
"2024-09-19",461.417,FALSE,NA,NA,"<= day","daily",NA,NA,NA
"2024-09-20",456.094,FALSE,NA,NA,"<= day","daily",NA,NA,NA
"2024-09-21",461.042,FALSE,NA,NA,"<= day","daily",NA,NA,NA
"2024-09-22",453.5,FALSE,NA,NA,"<= day","daily",NA,NA,NA
"2024-09-23",462.448,FALSE,NA,NA,"<= day","daily",NA,NA,NA
"2024-09-24",464.76,FALSE,NA,NA,"<= day","daily",NA,NA,NA
"2024-09-25",456.604,FALSE,NA,NA,"<= day","daily",NA,NA,NA
"2024-09-26",484.385,FALSE,NA,NA,"<= day","daily",NA,NA,NA
"2024-09-27",527.229,FALSE,NA,NA,"<= day","daily",NA,NA,NA
"2024-09-28",470.323,FALSE,NA,NA,"<= day","daily",NA,NA,NA
"2024-09-29",455.198,FALSE,NA,NA,"<= day","daily",NA,NA,NA
"2024-09-30",452.177,FALSE,NA,NA,"<= day","daily",NA,NA,NA
"2024-10-01",472.385,FALSE,NA,NA,"<= day","daily",NA,NA,NA
"2024-10-02",621.104,FALSE,NA,NA,"<= day","daily",NA,NA,NA
"2024-10-03",670.406,FALSE,NA,NA,"<= day","daily",NA,NA,NA
"2024-10-04",644.5,FALSE,NA,NA,"<= day","daily",NA,NA,NA
"2024-10-05",634.458,FALSE,NA,NA,"<= day","daily",NA,NA,NA
"2024-10-06",641.229,FALSE,NA,NA,"<= day","daily",NA,NA,NA
"2024-10-07",645.896,FALSE,NA,NA,"<= day","daily",NA,NA,NA
"2024-10-08",721.792,FALSE,NA,NA,"<= day","daily",NA,NA,NA
"2024-10-09",778.51,FALSE,NA,NA,"<= day","daily",NA,NA,NA
"2024-10-10",722.219,FALSE,NA,NA,"<= day","daily",NA,NA,NA
"2024-10-11",694.448,FALSE,NA,NA,"<= day","daily",NA,NA,NA
"2024-10-12",684.177,FALSE,NA,NA,"<= day","daily",NA,NA,NA
"2024-10-13",685.583,FALSE,NA,NA,"<= day","daily",NA,NA,NA
"2024-10-14",671.312,FALSE,NA,NA,"<= day","daily",NA,NA,NA
"2024-10-15",635.292,FALSE,NA,NA,"<= day","daily",NA,NA,NA
"2024-10-16",601.5,FALSE,NA,NA,"<= day","daily",NA,NA,NA
"2024-10-17",587.969,FALSE,NA,NA,"<= day","daily",NA,NA,NA
"2024-10-18",587.562,FALSE,NA,NA,"<= day","daily",NA,NA,NA
"2024-10-19",581.792,FALSE,NA,NA,"<= day","daily",NA,NA,NA
"2024-10-20",583.75,FALSE,NA,NA,"<= day","daily",NA,NA,NA
"2024-10-21",580.906,FALSE,NA,NA,"<= day","daily",NA,NA,NA
"2024-10-22",575.427,FALSE,NA,NA,"<= day","daily",NA,NA,NA
"2024-10-23",527.115,FALSE,NA,NA,"<= day","daily",NA,NA,NA
"2024-10-24",471.208,FALSE,NA,NA,"<= day","daily",NA,NA,NA
"2024-10-25",459.312,FALSE,NA,NA,"<= day","daily",NA,NA,NA
"2024-10-26",456.812,FALSE,NA,NA,"<= day","daily",NA,NA,NA
"2024-10-27",451.25,FALSE,NA,NA,"<= day","daily",NA,NA,NA
"2024-10-28",434.333,FALSE,NA,NA,"<= day","daily",NA,NA,NA
"2024-10-29",421.594,FALSE,NA,NA,"<= day","daily",NA,NA,NA
"2024-10-30",413.333,FALSE,NA,NA,"<= day","daily",NA,NA,NA
"2024-10-31",412.062,FALSE,NA,NA,"<= day","daily",NA,NA,NA
"2024-11-01",407.177,FALSE,NA,NA,"<= day","daily",NA,NA,NA
"2024-11-02",407.156,FALSE,NA,NA,"<= day","daily",NA,NA,NA
"2024-11-03",402.76,FALSE,NA,NA,"<= day","daily",NA,NA,NA
"2024-11-04",397.688,FALSE,NA,NA,"<= day","daily",NA,NA,NA
"2024-11-05",405.844,FALSE,NA,NA,"<= day","daily",NA,NA,NA
"2024-11-06",399.604,FALSE,NA,NA,"<= day","daily",NA,NA,NA
"2024-11-07",399.552,FALSE,NA,NA,"<= day","daily",NA,NA,NA
"2024-11-08",403.385,FALSE,NA,NA,"<= day","daily",NA,NA,NA
"2024-11-09",398.833,FALSE,NA,NA,"<= day","daily",NA,NA,NA
"2024-11-10",397.25,FALSE,NA,NA,"<= day","daily",NA,NA,NA
"2024-11-11",397.979,FALSE,NA,NA,"<= day","daily",NA,NA,NA
"2024-11-12",399.323,FALSE,NA,NA,"<= day","daily",NA,NA,NA
"2024-11-13",399.365,FALSE,NA,NA,"<= day","daily",NA,NA,NA
"2024-11-14",379.885,FALSE,NA,NA,"<= day","daily",NA,NA,NA
"2024-11-15",376.583,FALSE,NA,NA,"<= day","daily",NA,NA,NA
"2024-11-16",369.24,FALSE,NA,NA,"<= day","daily",NA,NA,NA
"2024-11-17",366.104,FALSE,NA,NA,"<= day","daily",NA,NA,NA
"2024-11-18",359.104,FALSE,NA,NA,"<= day","daily",NA,NA,NA
"2024-11-19",386.24,FALSE,NA,NA,"<= day","daily",NA,NA,NA
"2024-11-20",562.625,FALSE,NA,NA,"<= day","daily",NA,NA,NA
"2024-11-21",498.302,FALSE,NA,NA,"<= day","daily",NA,NA,NA
"2024-11-22",431.552,FALSE,NA,NA,"<= day","daily",NA,NA,NA
"2024-11-23",403.521,FALSE,NA,NA,"<= day","daily",NA,NA,NA
"2024-11-24",400.688,FALSE,NA,NA,"<= day","daily",NA,NA,NA
"2024-11-25",408.51,FALSE,NA,NA,"<= day","daily",NA,NA,NA
"2024-11-26",429.24,FALSE,NA,NA,"<= day","daily",NA,NA,NA
"2024-11-27",425.979,FALSE,NA,NA,"<= day","daily",NA,NA,NA
"2024-11-28",455.542,FALSE,NA,NA,"<= day","daily",NA,NA,NA
"2024-11-29",460.438,FALSE,NA,NA,"<= day","daily",NA,NA,NA
"2024-11-30",445.938,FALSE,NA,NA,"<= day","daily",NA,NA,NA
"2024-12-01",444.5,FALSE,NA,NA,"<= day","daily",NA,NA,NA
"2024-12-02",444.073,FALSE,NA,NA,"<= day","daily",NA,NA,NA
"2024-12-03",448.135,FALSE,NA,NA,"<= day","daily",NA,NA,NA
"2024-12-04",442.51,FALSE,NA,NA,"<= day","daily",NA,NA,NA
"2024-12-05",441.802,FALSE,NA,NA,"<= day","daily",NA,NA,NA
"2024-12-06",466.979,FALSE,NA,NA,"<= day","daily",NA,NA,NA
"2024-12-07",464.24,FALSE,NA,NA,"<= day","daily",NA,NA,NA
"2024-12-08",462.25,FALSE,NA,NA,"<= day","daily",NA,NA,NA
"2024-12-09",462.635,FALSE,NA,NA,"<= day","daily",NA,NA,NA
"2024-12-10",461.5,FALSE,NA,NA,"<= day","daily",NA,NA,NA
"2024-12-11",462.958,FALSE,NA,NA,"<= day","daily",NA,NA,NA
"2024-12-12",464.385,FALSE,NA,NA,"<= day","daily",NA,NA,NA
"2024-12-13",462.75,FALSE,NA,NA,"<= day","daily",NA,NA,NA
"2024-12-14",463.562,FALSE,NA,NA,"<= day","daily",NA,NA,NA
"2024-12-15",458.021,FALSE,NA,NA,"<= day","daily",NA,NA,NA
"2024-12-16",461.25,FALSE,NA,NA,"<= day","daily",NA,NA,NA
"2024-12-17",456.948,FALSE,NA,NA,"<= day","daily",NA,NA,NA
"2024-12-18",455.885,FALSE,NA,NA,"<= day","daily",NA,NA,NA
"2024-12-19",455.594,FALSE,NA,NA,"<= day","daily",NA,NA,NA
"2024-12-20",457.083,FALSE,NA,NA,"<= day","daily",NA,NA,NA
"2024-12-21",458.25,FALSE,NA,NA,"<= day","daily",NA,NA,NA
"2024-12-22",536.125,FALSE,NA,NA,"<= day","daily",NA,NA,NA
"2024-12-23",642.781,FALSE,NA,NA,"<= day","daily",NA,NA,NA
"2024-12-24",574.906,FALSE,NA,NA,"<= day","daily",NA,NA,NA
"2024-12-25",533.104,FALSE,NA,NA,"<= day","daily",NA,NA,NA
"2024-12-26",528.927,FALSE,NA,NA,"<= day","daily",NA,NA,NA
"2024-12-27",523.948,FALSE,NA,NA,"<= day","daily",NA,NA,NA
"2024-12-28",523,FALSE,NA,NA,"<= day","daily",NA,NA,NA
"2024-12-29",523.115,FALSE,NA,NA,"<= day","daily",NA,NA,NA
"2024-12-30",523.75,FALSE,NA,NA,"<= day","daily",NA,NA,NA
"2024-12-31",523.479,FALSE,NA,NA,"<= day","daily",NA,NA,NA
