"date","discharge","qc_flag","qc_type","qc_detect_method","temp_res","temp_res_dom","dq_issue","cpd_segment_id","cpd_segment_main"
"1991-11-20",5.995,FALSE,NA,NA,"> week","monthly",NA,NA,NA
"1992-01-07",6.331,FALSE,NA,NA,"> week","monthly",NA,NA,NA
"1992-02-06",7.002,FALSE,NA,NA,"> week","monthly",NA,NA,NA
"1992-03-04",6.667,FALSE,NA,NA,"> week","monthly",NA,NA,NA
"1992-04-09",10,FALSE,NA,NA,"> week","monthly",NA,NA,NA
"1992-05-07",5,FALSE,NA,NA,"> week","monthly",NA,NA,NA
"1992-06-04",3.16,FALSE,NA,NA,"> week","monthly",NA,NA,NA
"1992-07-15",2.002,FALSE,NA,NA,"> week","monthly",NA,NA,NA
"1992-08-12",1.331,FALSE,NA,NA,"> week","monthly",NA,NA,NA
"1992-09-08",1.25,FALSE,NA,NA,"> week","monthly",NA,NA,NA
"1992-10-13",0.995,FALSE,NA,NA,"> week","monthly",NA,NA,NA
"1992-11-24",8.333,FALSE,NA,NA,"> week","monthly",NA,NA,NA
"1992-12-21",8.333,FALSE,NA,NA,"> week","monthly",NA,NA,NA
"1993-01-22",3.333,FALSE,NA,NA,"> week","monthly",NA,NA,NA
"1993-02-26",2.5,FALSE,NA,NA,"> week","monthly",NA,NA,NA
"1993-03-29",2.998,FALSE,NA,NA,"> week","monthly",NA,NA,NA
"1993-04-30",3.669,FALSE,NA,NA,"> week","monthly",NA,NA,NA
"1993-05-26",2.5,FALSE,NA,NA,"> week","monthly",NA,NA,NA
"1993-06-28",1.667,FALSE,NA,NA,"> week","monthly",NA,NA,NA
"1993-07-29",2.5,FALSE,NA,NA,"> week","monthly",NA,NA,NA
"1993-08-30",1.667,FALSE,NA,NA,"> week","monthly",NA,NA,NA
"1993-10-28",3.333,FALSE,NA,NA,"> week","monthly",NA,NA,NA
"1993-11-29",2.002,FALSE,NA,NA,"> week","monthly",NA,NA,NA
"1993-12-29",5,FALSE,NA,NA,"> week","monthly",NA,NA,NA
"1994-01-27",10,FALSE,NA,NA,"> week","monthly",NA,NA,NA
"1994-02-23",5,FALSE,NA,NA,"> week","monthly",NA,NA,NA
"1994-03-30",5,FALSE,NA,NA,"> week","monthly",NA,NA,NA
"1994-04-26",9.167,FALSE,NA,NA,"> week","monthly",NA,NA,NA
"1994-05-30",10,FALSE,NA,NA,"> week","monthly",NA,NA,NA
"1994-06-27",3.333,FALSE,NA,NA,"> week","monthly",NA,NA,NA
"1994-07-27",2.002,FALSE,NA,NA,"> week","monthly",NA,NA,NA
"1994-08-30",1.25,FALSE,NA,NA,"> week","monthly",NA,NA,NA
"1994-09-27",2.002,FALSE,NA,NA,"> week","monthly",NA,NA,NA
"1994-10-27",1.667,FALSE,NA,NA,"> week","monthly",NA,NA,NA
"1994-11-30",2.002,FALSE,NA,NA,"> week","monthly",NA,NA,NA
"1994-12-29",9.167,FALSE,NA,NA,"> week","monthly",NA,NA,NA
"1995-01-31",11.667,FALSE,NA,NA,"> week","monthly",NA,NA,NA
"1995-02-28",10.833,FALSE,NA,NA,"> week","monthly",NA,NA,NA
"1995-03-30",10,FALSE,NA,NA,"> week","monthly",NA,NA,NA
"1995-04-28",5,FALSE,NA,NA,"> week","monthly",NA,NA,NA
"1995-05-29",4.005,FALSE,NA,NA,"> week","monthly",NA,NA,NA
"1995-06-29",5,FALSE,NA,NA,"> week","monthly",NA,NA,NA
"1995-08-01",2.002,FALSE,NA,NA,"> week","monthly",NA,NA,NA
"1995-08-30",2.998,FALSE,NA,NA,"> week","monthly",NA,NA,NA
"1995-09-27",2.002,FALSE,NA,NA,"> week","monthly",NA,NA,NA
"1995-10-26",1.412,FALSE,NA,NA,"> week","monthly",NA,NA,NA
"1995-11-29",3.993,FALSE,NA,NA,"> week","monthly",NA,NA,NA
"1995-12-30",10,FALSE,NA,NA,"> week","monthly",NA,NA,NA
"1996-01-29",4.167,FALSE,NA,NA,"> week","monthly",NA,NA,NA
"1996-02-20",5.833,FALSE,NA,NA,"> week","monthly",NA,NA,NA
"1996-03-26",4.167,FALSE,NA,NA,"> week","monthly",NA,NA,NA
"1996-04-29",3.333,FALSE,NA,NA,"> week","monthly",NA,NA,NA
"1996-05-24",3.993,FALSE,NA,NA,"> week","monthly",NA,NA,NA
"1996-06-27",2.998,FALSE,NA,NA,"> week","monthly",NA,NA,NA
"1996-08-29",1.586,FALSE,NA,NA,"> week","monthly",NA,NA,NA
"1996-09-30",1.169,FALSE,NA,NA,"> week","monthly",NA,NA,NA
"1996-10-28",2.002,FALSE,NA,NA,"> week","monthly",NA,NA,NA
"1996-11-27",5,FALSE,NA,NA,"> week","monthly",NA,NA,NA
"1996-12-31",9.005,FALSE,NA,NA,"> week","monthly",NA,NA,NA
"1997-01-29",5.833,FALSE,NA,NA,"> week","monthly",NA,NA,NA
"1997-02-18",8.333,FALSE,NA,NA,"> week","monthly",NA,NA,NA
"1997-03-27",4.167,FALSE,NA,NA,"> week","monthly",NA,NA,NA
"1997-04-30",4.167,FALSE,NA,NA,"> week","monthly",NA,NA,NA
"1997-05-26",3,FALSE,NA,NA,"> week","monthly",NA,NA,NA
"1997-06-25",4,FALSE,NA,NA,"> week","monthly",NA,NA,NA
"1997-08-25",2,FALSE,NA,NA,"> week","monthly",NA,NA,NA
"1997-09-25",1.25,FALSE,NA,NA,"> week","monthly",NA,NA,NA
"1997-11-27",1.033,FALSE,NA,NA,"> week","monthly",NA,NA,NA
"1997-12-29",9,FALSE,NA,NA,"> week","monthly",NA,NA,NA
"1998-01-30",8,FALSE,NA,NA,"> week","monthly",NA,NA,NA
"1998-02-17",3.5,FALSE,NA,NA,"> week","monthly",NA,NA,NA
"1998-03-25",4,FALSE,NA,NA,"> week","monthly",NA,NA,NA
"1998-04-28",9.167,FALSE,NA,NA,"> week","monthly",NA,NA,NA
"1998-05-28",3.333,FALSE,NA,NA,"> week","monthly",NA,NA,NA
"1998-06-30",2,FALSE,NA,NA,"> week","monthly",NA,NA,NA
"1998-07-28",2.667,FALSE,NA,NA,"> week","monthly",NA,NA,NA
"1998-08-29",1.599,FALSE,NA,NA,"> week","monthly",NA,NA,NA
"1998-09-28",1.633,FALSE,NA,NA,"> week","monthly",NA,NA,NA
"1998-10-28",3.5,FALSE,NA,NA,"> week","monthly",NA,NA,NA
"1998-11-28",7,FALSE,NA,NA,"> week","monthly",NA,NA,NA
"1998-12-28",7,FALSE,NA,NA,"> week","monthly",NA,NA,NA
"1999-01-27",6.5,FALSE,NA,NA,"> week","monthly",NA,NA,NA
"1999-02-25",12,FALSE,NA,NA,"> week","monthly",NA,NA,NA
"1999-03-30",5,FALSE,NA,NA,"> week","monthly",NA,NA,NA
"1999-05-01",10,FALSE,NA,NA,"> week","monthly",NA,NA,NA
"1999-05-26",10,FALSE,NA,NA,"> week","monthly",NA,NA,NA
"1999-06-29",3.5,FALSE,NA,NA,"> week","monthly",NA,NA,NA
"1999-07-21",7,FALSE,NA,NA,"> week","monthly",NA,NA,NA
"1999-08-24",2.667,FALSE,NA,NA,"> week","monthly",NA,NA,NA
"1999-09-28",2.167,FALSE,NA,NA,"> week","monthly",NA,NA,NA
"1999-10-27",2.5,FALSE,NA,NA,"> week","monthly",NA,NA,NA
"1999-11-29",2.667,FALSE,NA,NA,"> week","monthly",NA,NA,NA
"1999-12-23",7.5,FALSE,NA,NA,"> week","monthly",NA,NA,NA
"2000-01-28",5,FALSE,NA,NA,"> week","monthly",NA,NA,NA
"2000-02-23",10.833,FALSE,NA,NA,"> week","monthly",NA,NA,NA
"2000-03-21",5.333,FALSE,NA,NA,"> week","monthly",NA,NA,NA
"2000-04-27",5,FALSE,NA,NA,"> week","monthly",NA,NA,NA
"2000-05-26",2.5,FALSE,NA,NA,"> week","monthly",NA,NA,NA
"2000-06-28",2,FALSE,NA,NA,"> week","monthly",NA,NA,NA
"2000-07-20",5,FALSE,NA,NA,"> week","monthly",NA,NA,NA
"2000-08-31",2,FALSE,NA,NA,"> week","monthly",NA,NA,NA
"2000-09-27",1.667,FALSE,NA,NA,"> week","monthly",NA,NA,NA
"2000-11-29",3.5,FALSE,NA,NA,"> week","monthly",NA,NA,NA
"2000-12-31",7,FALSE,NA,NA,"> week","monthly",NA,NA,NA
"2001-01-31",7,FALSE,NA,NA,"> week","monthly",NA,NA,NA
"2001-02-28",5,FALSE,NA,NA,"> week","monthly",NA,NA,NA
"2001-03-28",10.833,FALSE,NA,NA,"> week","monthly",NA,NA,NA
"2001-04-30",11.333,FALSE,NA,NA,"> week","monthly",NA,NA,NA
"2001-05-31",10,FALSE,NA,NA,"> week","monthly",NA,NA,NA
"2001-06-27",4,FALSE,NA,NA,"> week","monthly",NA,NA,NA
"2001-08-01",2,FALSE,NA,NA,"> week","monthly",NA,NA,NA
"2001-08-29",1.333,FALSE,NA,NA,"> week","monthly",NA,NA,NA
"2001-09-25",3.333,FALSE,NA,NA,"> week","monthly",NA,NA,NA
"2001-10-30",2.083,FALSE,NA,NA,"> week","monthly",NA,NA,NA
"2001-11-28",2.333,FALSE,NA,NA,"> week","monthly",NA,NA,NA
"2001-12-31",4.167,FALSE,NA,NA,"> week","monthly",NA,NA,NA
"2002-01-31",3.5,FALSE,NA,NA,"> week","monthly",NA,NA,NA
"2002-02-28",6.667,FALSE,NA,NA,"> week","monthly",NA,NA,NA
"2002-04-02",4.667,FALSE,NA,NA,"> week","monthly",NA,NA,NA
"2002-04-30",4,FALSE,NA,NA,"> week","monthly",NA,NA,NA
"2002-05-28",4,FALSE,NA,NA,"> week","monthly",NA,NA,NA
"2002-06-29",2,FALSE,NA,NA,"> week","monthly",NA,NA,NA
"2002-08-29",1.417,FALSE,NA,NA,"> week","monthly",NA,NA,NA
"2002-10-29",8.333,FALSE,NA,NA,"> week","monthly",NA,NA,NA
"2002-11-25",10.833,FALSE,NA,NA,"> week","monthly",NA,NA,NA
"2002-12-31",8.667,FALSE,NA,NA,"> week","monthly",NA,NA,NA
"2003-02-01",5.833,FALSE,NA,NA,"> week","monthly",NA,NA,NA
"2003-02-26",4.167,FALSE,NA,NA,"> week","monthly",NA,NA,NA
"2003-04-15",2.333,FALSE,NA,NA,"> week","monthly",NA,NA,NA
"2003-06-02",3,FALSE,NA,NA,"> week","monthly",NA,NA,NA
"2003-07-02",1.117,FALSE,NA,NA,"> week","monthly",NA,NA,NA
"2003-08-04",1.016,FALSE,NA,NA,"> week","monthly",NA,NA,NA
"2003-09-01",0.633,FALSE,NA,NA,"> week","monthly",NA,NA,NA
"2003-10-01",0.583,FALSE,NA,NA,"> week","monthly",NA,NA,NA
"2003-11-05",0.766,FALSE,NA,NA,"> week","monthly",NA,NA,NA
"2003-12-02",1.317,FALSE,NA,NA,"> week","monthly",NA,NA,NA
"2004-02-03",9.333,FALSE,NA,NA,"> week","monthly",NA,NA,NA
"2004-03-02",4.667,FALSE,NA,NA,"> week","monthly",NA,NA,NA
"2004-04-13",7,FALSE,NA,NA,"> week","monthly",NA,NA,NA
"2004-05-05",4.667,FALSE,NA,NA,"> week","monthly",NA,NA,NA
"2004-06-08",2.8,FALSE,NA,NA,"> week","monthly",NA,NA,NA
"2004-07-08",1.401,FALSE,NA,NA,"> week","monthly",NA,NA,NA
"2004-08-10",0.775,FALSE,NA,NA,"> week","monthly",NA,NA,NA
"2004-09-02",1.099,FALSE,NA,NA,"> week","monthly",NA,NA,NA
"2004-10-22",2.534,FALSE,NA,NA,"> week","monthly",NA,NA,NA
"2004-11-29",1.867,FALSE,NA,NA,"> week","monthly",NA,NA,NA
"2004-12-21",1.849,FALSE,NA,NA,"> week","monthly",NA,NA,NA
"2004-12-30",1.883,FALSE,NA,NA,"> week","monthly",NA,NA,NA
"2005-01-20",4,FALSE,NA,NA,"> week","monthly",NA,NA,NA
"2005-02-25",5.6,FALSE,NA,NA,"> week","monthly",NA,NA,NA
"2005-03-31",7,FALSE,NA,NA,"> week","monthly",NA,NA,NA
"2005-04-28",9.333,FALSE,NA,NA,"> week","monthly",NA,NA,NA
"2005-05-31",7,FALSE,NA,NA,"> week","monthly",NA,NA,NA
"2005-06-30",2.333,FALSE,NA,NA,"> week","monthly",NA,NA,NA
"2005-07-27",1.683,FALSE,NA,NA,"> week","monthly",NA,NA,NA
"2005-08-31",0.984,FALSE,NA,NA,"> week","monthly",NA,NA,NA
"2005-09-30",1,FALSE,NA,NA,"> week","monthly",NA,NA,NA
"2005-10-31",0.758,FALSE,NA,NA,"> week","monthly",NA,NA,NA
"2005-11-30",0.825,FALSE,NA,NA,"> week","monthly",NA,NA,NA
"2005-12-22",0.8,FALSE,NA,NA,"> week","monthly",NA,NA,NA
"2006-01-31",1.784,FALSE,NA,NA,"> week","monthly",NA,NA,NA
"2006-03-15",7,FALSE,NA,NA,"> week","monthly",NA,NA,NA
"2006-05-04",9.333,FALSE,NA,NA,"> week","monthly",NA,NA,NA
"2006-06-09",7,FALSE,NA,NA,"> week","monthly",NA,NA,NA
"2006-07-10",2.333,FALSE,NA,NA,"> week","monthly",NA,NA,NA
"2006-08-15",3.5,FALSE,NA,NA,"> week","monthly",NA,NA,NA
"2006-09-30",4,FALSE,NA,NA,"> week","monthly",NA,NA,NA
"2006-10-25",4.034,FALSE,NA,NA,"> week","monthly",NA,NA,NA
"2006-11-24",2.151,FALSE,NA,NA,"> week","monthly",NA,NA,NA
"2006-12-22",5.6,FALSE,NA,NA,"> week","monthly",NA,NA,NA
"2007-01-08",5.6,FALSE,NA,NA,"> week","monthly",NA,NA,NA
"2007-02-01",4,FALSE,NA,NA,"> week","monthly",NA,NA,NA
"2007-03-12",14,FALSE,NA,NA,"> week","monthly",NA,NA,NA
"2007-04-27",4,FALSE,NA,NA,"> week","monthly",NA,NA,NA
"2007-05-15",3.5,FALSE,NA,NA,"> week","monthly",NA,NA,NA
"2007-06-03",2.534,FALSE,NA,NA,"> week","monthly",NA,NA,NA
"2007-07-03",4.667,FALSE,NA,NA,"> week","monthly",NA,NA,NA
"2007-08-28",4.667,FALSE,NA,NA,"> week","monthly",NA,NA,NA
"2007-09-29",1.474,FALSE,NA,NA,"> week","monthly",NA,NA,NA
"2007-10-30",0.967,FALSE,NA,NA,"> week","monthly",NA,NA,NA
"2007-11-28",1.075,FALSE,NA,NA,"> week","monthly",NA,NA,NA
"2008-01-24",5.6,FALSE,NA,NA,"> week","monthly",NA,NA,NA
"2008-02-29",2.542,FALSE,NA,NA,"> week","monthly",NA,NA,NA
"2008-03-31",7,FALSE,NA,NA,"> week","monthly",NA,NA,NA
"2008-04-30",7,FALSE,NA,NA,"> week","monthly",NA,NA,NA
"2008-05-30",3.108,FALSE,NA,NA,"> week","monthly",NA,NA,NA
"2008-06-26",1.766,FALSE,NA,NA,"> week","monthly",NA,NA,NA
"2008-07-29",1.2,FALSE,NA,NA,"> week","monthly",NA,NA,NA
"2008-08-26",1.183,FALSE,NA,NA,"> week","monthly",NA,NA,NA
"2008-09-23",1.401,FALSE,NA,NA,"> week","monthly",NA,NA,NA
"2008-10-27",1.867,FALSE,NA,NA,"> week","monthly",NA,NA,NA
"2008-11-24",3.25,FALSE,NA,NA,"> week","monthly",NA,NA,NA
"2008-12-22",10.667,FALSE,NA,NA,"> week","monthly",NA,NA,NA
"2009-01-26",7.667,FALSE,NA,NA,"> week","monthly",NA,NA,NA
"2009-02-23",6.667,FALSE,NA,NA,"> week","monthly",NA,NA,NA
"2009-03-23",9.333,FALSE,NA,NA,"> week","monthly",NA,NA,NA
"2009-04-24",4.667,FALSE,NA,NA,"> week","monthly",NA,NA,NA
"2009-05-25",2.8,FALSE,NA,NA,"> week","monthly",NA,NA,NA
"2009-06-29",2.633,FALSE,NA,NA,"> week","monthly",NA,NA,NA
"2009-07-27",2.849,FALSE,NA,NA,"> week","monthly",NA,NA,NA
"2009-08-28",1.599,FALSE,NA,NA,"> week","monthly",NA,NA,NA
"2009-09-24",0.917,FALSE,NA,NA,"> week","monthly",NA,NA,NA
"2009-10-28",0.683,FALSE,NA,NA,"> week","monthly",NA,NA,NA
"2009-11-25",1.417,FALSE,NA,NA,"> week","monthly",NA,NA,NA
"2009-12-28",6.083,FALSE,NA,NA,"> week","monthly",NA,NA,NA
"2010-01-28",5.6,FALSE,NA,NA,"> week","monthly",NA,NA,NA
"2010-02-26",7,FALSE,NA,NA,"> week","monthly",NA,NA,NA
"2010-03-24",7,FALSE,NA,NA,"> week","monthly",NA,NA,NA
"2010-04-28",5.183,FALSE,NA,NA,"> week","monthly",NA,NA,NA
"2010-05-20",7.367,FALSE,NA,NA,"> week","monthly",NA,NA,NA
"2010-06-22",6.147,FALSE,NA,NA,"<= day","daily",NA,NA,NA
"2010-06-23",5.9,FALSE,NA,NA,"<= day","daily",NA,NA,NA
"2010-06-24",5.587,FALSE,NA,NA,"<= day","daily",NA,NA,NA
"2010-06-25",5.268,FALSE,NA,NA,"<= day","daily",NA,NA,NA
"2010-06-26",4.973,FALSE,NA,NA,"<= day","daily",NA,NA,NA
"2010-06-27",4.729,FALSE,NA,NA,"<= day","daily",NA,NA,NA
"2010-06-28",4.534,FALSE,NA,NA,"<= day","daily",NA,NA,NA
"2010-06-29",4.376,FALSE,NA,NA,"<= day","daily",NA,NA,NA
"2010-06-30",4.275,FALSE,NA,NA,"<= day","daily",NA,NA,NA
"2010-07-01",4.106,FALSE,NA,NA,"<= day","daily",NA,NA,NA
"2010-07-02",3.971,FALSE,NA,NA,"<= day","daily",NA,NA,NA
"2010-07-03",3.806,FALSE,NA,NA,"<= day","daily",NA,NA,NA
"2010-07-04",3.747,FALSE,NA,NA,"<= day","daily",NA,NA,NA
"2010-07-05",3.586,FALSE,NA,NA,"<= day","daily",NA,NA,NA
"2010-07-06",3.467,FALSE,NA,NA,"<= day","daily",NA,NA,NA
"2010-07-07",3.362,FALSE,NA,NA,"<= day","daily",NA,NA,NA
"2010-07-08",3.263,FALSE,NA,NA,"<= day","daily",NA,NA,NA
"2010-07-09",3.154,FALSE,NA,NA,"<= day","daily",NA,NA,NA
"2010-07-10",3.073,FALSE,NA,NA,"<= day","daily",NA,NA,NA
"2010-07-11",2.997,FALSE,NA,NA,"<= day","daily",NA,NA,NA
"2010-07-12",2.924,FALSE,NA,NA,"<= day","daily",NA,NA,NA
"2010-07-13",2.865,FALSE,NA,NA,"<= day","daily",NA,NA,NA
"2010-07-14",2.805,FALSE,NA,NA,"<= day","daily",NA,NA,NA
"2010-07-15",2.741,FALSE,NA,NA,"<= day","daily",NA,NA,NA
"2010-07-16",2.683,FALSE,NA,NA,"<= day","daily",NA,NA,NA
"2010-07-17",2.638,FALSE,NA,NA,"<= day","daily",NA,NA,NA
"2010-07-18",2.577,FALSE,NA,NA,"<= day","daily",NA,NA,NA
"2010-07-19",2.531,FALSE,NA,NA,"<= day","daily",NA,NA,NA
"2010-07-20",2.478,FALSE,NA,NA,"<= day","daily",NA,NA,NA
"2010-07-21",2.425,FALSE,NA,NA,"<= day","daily",NA,NA,NA
"2010-07-22",2.45,FALSE,NA,NA,"<= day","daily",NA,NA,NA
"2010-07-23",2.563,FALSE,NA,NA,"<= day","daily",NA,NA,NA
"2010-07-24",2.455,FALSE,NA,NA,"<= day","daily",NA,NA,NA
"2010-07-25",2.346,FALSE,NA,NA,"<= day","daily",NA,NA,NA
"2010-07-26",2.309,FALSE,NA,NA,"<= day","daily",NA,NA,NA
"2010-07-27",2.336,FALSE,NA,NA,"<= day","daily",NA,NA,NA
"2010-07-28",2.279,FALSE,NA,NA,"<= day","daily",NA,NA,NA
"2010-07-29",2.658,FALSE,NA,NA,"<= day","daily",NA,NA,NA
"2010-07-30",3.046,FALSE,NA,NA,"<= day","daily",NA,NA,NA
"2010-07-31",2.882,FALSE,NA,NA,"<= day","daily",NA,NA,NA
"2010-08-01",2.69,FALSE,NA,NA,"<= day","daily",NA,NA,NA
"2010-08-02",2.717,FALSE,NA,NA,"<= day","daily",NA,NA,NA
"2010-08-03",2.711,FALSE,NA,NA,"<= day","daily",NA,NA,NA
"2010-08-04",2.479,FALSE,NA,NA,"<= day","daily",NA,NA,NA
"2010-08-05",2.618,FALSE,NA,NA,"<= day","daily",NA,NA,NA
"2010-08-06",2.545,FALSE,NA,NA,"<= day","daily",NA,NA,NA
"2010-08-07",2.378,FALSE,NA,NA,"<= day","daily",NA,NA,NA
"2010-08-08",2.296,FALSE,NA,NA,"<= day","daily",NA,NA,NA
"2010-08-09",2.211,FALSE,NA,NA,"<= day","daily",NA,NA,NA
"2010-08-10",2.145,FALSE,NA,NA,"<= day","daily",NA,NA,NA
"2010-08-11",2.08,FALSE,NA,NA,"<= day","daily",NA,NA,NA
"2010-08-12",2.234,FALSE,NA,NA,"<= day","daily",NA,NA,NA
"2010-08-13",2.107,FALSE,NA,NA,"<= day","daily",NA,NA,NA
"2010-08-14",2.095,FALSE,NA,NA,"<= day","daily",NA,NA,NA
"2010-08-15",3.218,FALSE,NA,NA,"<= day","daily",NA,NA,NA
"2010-08-16",3.509,FALSE,NA,NA,"<= day","daily",NA,NA,NA
"2010-08-17",6.659,FALSE,NA,NA,"<= day","daily",NA,NA,NA
"2010-08-18",5.003,FALSE,NA,NA,"<= day","daily",NA,NA,NA
"2010-08-19",4.016,FALSE,NA,NA,"<= day","daily",NA,NA,NA
"2010-08-20",3.436,FALSE,NA,NA,"<= day","daily",NA,NA,NA
"2010-08-21",3.108,FALSE,NA,NA,"<= day","daily",NA,NA,NA
"2010-08-22",2.893,FALSE,NA,NA,"<= day","daily",NA,NA,NA
"2010-08-23",3.331,FALSE,NA,NA,"<= day","daily",NA,NA,NA
"2010-08-24",3.438,FALSE,NA,NA,"<= day","daily",NA,NA,NA
"2010-08-25",3.189,FALSE,NA,NA,"<= day","daily",NA,NA,NA
"2010-08-26",2.988,FALSE,NA,NA,"<= day","daily",NA,NA,NA
"2010-08-27",2.996,FALSE,NA,NA,"<= day","daily",NA,NA,NA
"2010-08-28",4.507,FALSE,NA,NA,"<= day","daily",NA,NA,NA
"2010-08-29",3.779,FALSE,NA,NA,"<= day","daily",NA,NA,NA
"2010-08-30",3.963,FALSE,NA,NA,"<= day","daily",NA,NA,NA
"2010-08-31",3.924,FALSE,NA,NA,"<= day","daily",NA,NA,NA
"2010-09-01",3.647,FALSE,NA,NA,"<= day","daily",NA,NA,NA
"2010-09-02",3.373,FALSE,NA,NA,"<= day","daily",NA,NA,NA
"2010-09-03",3.156,FALSE,NA,NA,"<= day","daily",NA,NA,NA
"2010-09-04",2.971,FALSE,NA,NA,"<= day","daily",NA,NA,NA
"2010-09-05",2.81,FALSE,NA,NA,"<= day","daily",NA,NA,NA
"2010-09-06",2.68,FALSE,NA,NA,"<= day","daily",NA,NA,NA
"2010-09-07",2.663,FALSE,NA,NA,"<= day","daily",NA,NA,NA
"2010-09-08",2.662,FALSE,NA,NA,"<= day","daily",NA,NA,NA
"2010-09-09",2.511,FALSE,NA,NA,"<= day","daily",NA,NA,NA
"2010-09-10",2.39,FALSE,NA,NA,"<= day","daily",NA,NA,NA
"2010-09-11",2.309,FALSE,NA,NA,"<= day","daily",NA,NA,NA
"2010-09-12",2.224,FALSE,NA,NA,"<= day","daily",NA,NA,NA
"2010-09-13",2.161,FALSE,NA,NA,"<= day","daily",NA,NA,NA
"2010-09-14",2.095,FALSE,NA,NA,"<= day","daily",NA,NA,NA
"2010-09-15",2.037,FALSE,NA,NA,"<= day","daily",NA,NA,NA
"2010-09-16",1.98,FALSE,NA,NA,"<= day","daily",NA,NA,NA
"2010-09-17",1.923,FALSE,NA,NA,"<= day","daily",NA,NA,NA
"2010-09-18",1.877,FALSE,NA,NA,"<= day","daily",NA,NA,NA
"2010-09-19",1.829,FALSE,NA,NA,"<= day","daily",NA,NA,NA
"2010-09-20",1.785,FALSE,NA,NA,"<= day","daily",NA,NA,NA
"2010-09-21",1.745,FALSE,NA,NA,"<= day","daily",NA,NA,NA
"2010-09-22",1.707,FALSE,NA,NA,"<= day","daily",NA,NA,NA
"2010-09-23",1.684,FALSE,NA,NA,"<= day","daily",NA,NA,NA
"2010-09-24",1.783,FALSE,NA,NA,"<= day","daily",NA,NA,NA
"2010-09-25",1.836,FALSE,NA,NA,"<= day","daily",NA,NA,NA
"2010-09-26",1.778,FALSE,NA,NA,"<= day","daily",NA,NA,NA
"2010-09-27",2.115,FALSE,NA,NA,"<= day","daily",NA,NA,NA
"2010-09-28",2.283,FALSE,NA,NA,"<= day","daily",NA,NA,NA
"2010-09-29",2.197,FALSE,NA,NA,"<= day","daily",NA,NA,NA
"2010-09-30",2.13,FALSE,NA,NA,"<= day","daily",NA,NA,NA
"2010-10-01",2.097,FALSE,NA,NA,"<= day","daily",NA,NA,NA
"2010-10-02",2.017,FALSE,NA,NA,"<= day","daily",NA,NA,NA
"2010-10-03",1.959,FALSE,NA,NA,"<= day","daily",NA,NA,NA
"2010-10-04",1.898,FALSE,NA,NA,"<= day","daily",NA,NA,NA
"2010-10-05",1.837,FALSE,NA,NA,"<= day","daily",NA,NA,NA
"2010-10-06",1.781,FALSE,NA,NA,"<= day","daily",NA,NA,NA
"2010-10-07",1.74,FALSE,NA,NA,"<= day","daily",NA,NA,NA
"2010-10-08",1.704,FALSE,NA,NA,"<= day","daily",NA,NA,NA
"2010-10-09",1.663,FALSE,NA,NA,"<= day","daily",NA,NA,NA
"2010-10-10",1.641,FALSE,NA,NA,"<= day","daily",NA,NA,NA
"2010-10-11",1.592,FALSE,NA,NA,"<= day","daily",NA,NA,NA
"2010-10-12",1.569,FALSE,NA,NA,"<= day","daily",NA,NA,NA
"2010-10-13",1.523,FALSE,NA,NA,"<= day","daily",NA,NA,NA
"2010-10-14",1.431,FALSE,NA,NA,"<= day","daily",NA,NA,NA
"2010-10-15",1.418,FALSE,NA,NA,"<= day","daily",NA,NA,NA
"2010-10-16",1.5,FALSE,NA,NA,"<= day","daily",NA,NA,NA
"2010-10-17",1.522,FALSE,NA,NA,"<= day","daily",NA,NA,NA
"2010-10-18",1.484,FALSE,NA,NA,"<= day","daily",NA,NA,NA
"2010-10-19",1.463,FALSE,NA,NA,"<= day","daily",NA,NA,NA
"2010-10-20",2.005,FALSE,NA,NA,"<= day","daily",NA,NA,NA
"2010-10-21",1.689,FALSE,NA,NA,"<= day","daily",NA,NA,NA
"2010-10-22",1.565,FALSE,NA,NA,"<= day","daily",NA,NA,NA
"2010-10-23",1.504,FALSE,NA,NA,"<= day","daily",NA,NA,NA
"2010-10-24",2.284,FALSE,NA,NA,"<= day","daily",NA,NA,NA
"2010-10-25",2.279,FALSE,NA,NA,"<= day","daily",NA,NA,NA
"2010-10-26",2.351,FALSE,NA,NA,"<= day","daily",NA,NA,NA
"2010-10-27",2.198,FALSE,NA,NA,"<= day","daily",NA,NA,NA
"2010-10-28",2.097,FALSE,NA,NA,"<= day","daily",NA,NA,NA
"2010-10-29",2.022,FALSE,NA,NA,"<= day","daily",NA,NA,NA
"2010-10-30",1.939,FALSE,NA,NA,"<= day","daily",NA,NA,NA
"2010-10-31",1.868,FALSE,NA,NA,"<= day","daily",NA,NA,NA
"2010-11-01",1.791,FALSE,NA,NA,"<= day","daily",NA,NA,NA
"2010-11-02",1.72,FALSE,NA,NA,"<= day","daily",NA,NA,NA
"2010-11-03",1.656,FALSE,NA,NA,"<= day","daily",NA,NA,NA
"2010-11-04",1.607,FALSE,NA,NA,"<= day","daily",NA,NA,NA
"2010-11-05",1.58,FALSE,NA,NA,"<= day","daily",NA,NA,NA
"2010-11-06",1.566,FALSE,NA,NA,"<= day","daily",NA,NA,NA
"2010-11-07",1.576,FALSE,NA,NA,"<= day","daily",NA,NA,NA
"2010-11-08",1.58,FALSE,NA,NA,"<= day","daily",NA,NA,NA
"2010-11-09",1.53,FALSE,NA,NA,"<= day","daily",NA,NA,NA
"2010-11-10",1.487,FALSE,NA,NA,"<= day","daily",NA,NA,NA
"2010-11-11",1.466,FALSE,NA,NA,"<= day","daily",NA,NA,NA
"2010-11-12",2.453,FALSE,NA,NA,"<= day","daily",NA,NA,NA
"2010-11-13",2.416,FALSE,NA,NA,"<= day","daily",NA,NA,NA
"2010-11-14",2.004,FALSE,NA,NA,"<= day","daily",NA,NA,NA
"2010-11-15",2.226,FALSE,NA,NA,"<= day","daily",NA,NA,NA
"2010-11-16",5.669,FALSE,NA,NA,"<= day","daily",NA,NA,NA
"2010-11-17",5.217,FALSE,NA,NA,"<= day","daily",NA,NA,NA
"2010-11-18",4.259,FALSE,NA,NA,"<= day","daily",NA,NA,NA
"2010-11-19",3.566,FALSE,NA,NA,"<= day","daily",NA,NA,NA
"2010-11-20",3.208,FALSE,NA,NA,"<= day","daily",NA,NA,NA
"2010-11-21",2.973,FALSE,NA,NA,"<= day","daily",NA,NA,NA
"2010-11-22",2.768,FALSE,NA,NA,"<= day","daily",NA,NA,NA
"2010-11-23",2.733,FALSE,NA,NA,"<= day","daily",NA,NA,NA
"2010-11-24",3.275,FALSE,NA,NA,"<= day","daily",NA,NA,NA
"2010-11-25",3.965,FALSE,NA,NA,"<= day","daily",NA,NA,NA
"2010-11-26",3.853,FALSE,NA,NA,"<= day","daily",NA,NA,NA
"2010-11-27",3.751,FALSE,NA,NA,"<= day","daily",NA,NA,NA
"2010-11-28",3.625,FALSE,NA,NA,"<= day","daily",NA,NA,NA
"2010-11-29",3.553,FALSE,NA,NA,"<= day","daily",NA,NA,NA
"2010-11-30",3.487,FALSE,NA,NA,"<= day","daily",NA,NA,NA
"2010-12-01",3.389,FALSE,NA,NA,"<= day","daily",NA,NA,NA
"2010-12-02",3.203,FALSE,NA,NA,"<= day","daily",NA,NA,NA
"2010-12-03",3.07,FALSE,NA,NA,"<= day","daily",NA,NA,NA
"2010-12-04",2.905,FALSE,NA,NA,"<= day","daily",NA,NA,NA
"2010-12-05",2.826,FALSE,NA,NA,"<= day","daily",NA,NA,NA
"2010-12-06",6.821,FALSE,NA,NA,"<= day","daily",NA,NA,NA
"2010-12-07",11.65,FALSE,NA,NA,"<= day","daily",NA,NA,NA
"2010-12-08",11.812,FALSE,NA,NA,"<= day","daily",NA,NA,NA
"2010-12-09",11.353,FALSE,NA,NA,"<= day","daily",NA,NA,NA
"2010-12-10",11.07,FALSE,NA,NA,"<= day","daily",NA,NA,NA
"2010-12-11",10.909,FALSE,NA,NA,"<= day","daily",NA,NA,NA
"2010-12-12",10.742,FALSE,NA,NA,"<= day","daily",NA,NA,NA
"2010-12-13",10.615,FALSE,NA,NA,"<= day","daily",NA,NA,NA
"2010-12-14",10.474,FALSE,NA,NA,"<= day","daily",NA,NA,NA
"2010-12-15",10.302,FALSE,NA,NA,"<= day","daily",NA,NA,NA
"2010-12-16",10.18,FALSE,NA,NA,"<= day","daily",NA,NA,NA
"2010-12-17",10.01,FALSE,NA,NA,"<= day","daily",NA,NA,NA
"2010-12-18",9.727,FALSE,NA,NA,"<= day","daily",NA,NA,NA
"2010-12-19",9.406,FALSE,NA,NA,"<= day","daily",NA,NA,NA
"2010-12-20",9.438,FALSE,NA,NA,"<= day","daily",NA,NA,NA
"2010-12-21",10.249,FALSE,NA,NA,"<= day","daily",NA,NA,NA
"2010-12-22",11.474,FALSE,NA,NA,"<= day","daily",NA,NA,NA
"2010-12-23",11.561,FALSE,NA,NA,"<= day","daily",NA,NA,NA
"2010-12-24",11.373,FALSE,NA,NA,"<= day","daily",NA,NA,NA
"2010-12-25",11.316,FALSE,NA,NA,"<= day","daily",NA,NA,NA
"2010-12-26",11.3,FALSE,NA,NA,"<= day","daily",NA,NA,NA
"2010-12-27",11.252,FALSE,NA,NA,"<= day","daily",NA,NA,NA
"2011-01-25",13.54,FALSE,NA,NA,"<= day","daily",NA,NA,NA
"2011-01-26",13.124,FALSE,NA,NA,"<= day","daily",NA,NA,NA
"2011-01-27",12.608,FALSE,NA,NA,"<= day","daily",NA,NA,NA
"2011-01-28",12.122,FALSE,NA,NA,"<= day","daily",NA,NA,NA
"2011-01-29",11.611,FALSE,NA,NA,"<= day","daily",NA,NA,NA
"2011-01-30",11.002,FALSE,NA,NA,"<= day","daily",NA,NA,NA
"2011-01-31",10.816,FALSE,NA,NA,"<= day","daily",NA,NA,NA
"2011-02-01",10.955,FALSE,NA,NA,"<= day","daily",NA,NA,NA
"2011-02-02",10.546,FALSE,NA,NA,"<= day","daily",NA,NA,NA
"2011-02-03",10.132,FALSE,NA,NA,"<= day","daily",NA,NA,NA
"2011-02-04",9.727,FALSE,NA,NA,"<= day","daily",NA,NA,NA
"2011-02-05",9.333,FALSE,NA,NA,"<= day","daily",NA,NA,NA
"2011-02-06",8.948,FALSE,NA,NA,"<= day","daily",NA,NA,NA
"2011-02-07",8.572,FALSE,NA,NA,"<= day","daily",NA,NA,NA
"2011-02-08",8.098,FALSE,NA,NA,"<= day","daily",NA,NA,NA
"2011-02-09",7.583,FALSE,NA,NA,"<= day","daily",NA,NA,NA
"2011-02-10",7.102,FALSE,NA,NA,"<= day","daily",NA,NA,NA
"2011-02-11",6.722,FALSE,NA,NA,"<= day","daily",NA,NA,NA
"2011-02-12",6.418,FALSE,NA,NA,"<= day","daily",NA,NA,NA
"2011-02-13",6.146,FALSE,NA,NA,"<= day","daily",NA,NA,NA
"2011-02-14",5.965,FALSE,NA,NA,"<= day","daily",NA,NA,NA
"2011-02-15",5.8,FALSE,NA,NA,"<= day","daily",NA,NA,NA
"2011-02-16",5.578,FALSE,NA,NA,"<= day","daily",NA,NA,NA
"2011-02-17",5.377,FALSE,NA,NA,"<= day","daily",NA,NA,NA
"2011-02-18",5.139,FALSE,NA,NA,"<= day","daily",NA,NA,NA
"2011-02-19",4.937,FALSE,NA,NA,"<= day","daily",NA,NA,NA
"2011-02-20",4.987,FALSE,NA,NA,"<= day","daily",NA,NA,NA
"2011-02-21",5.319,FALSE,NA,NA,"<= day","daily",NA,NA,NA
"2011-02-22",5.074,FALSE,NA,NA,"<= day","daily",NA,NA,NA
"2011-02-23",4.846,FALSE,NA,NA,"<= day","daily",NA,NA,NA
"2011-02-24",4.684,FALSE,NA,NA,"<= day","daily",NA,NA,NA
"2011-02-25",4.569,FALSE,NA,NA,"<= day","daily",NA,NA,NA
"2011-02-26",4.569,FALSE,NA,NA,"<= day","daily",NA,NA,NA
"2011-02-27",5.1,FALSE,NA,NA,"<= day","daily",NA,NA,NA
"2011-02-28",6.037,FALSE,NA,NA,"<= day","daily",NA,NA,NA
"2011-03-01",6.339,FALSE,NA,NA,"<= day","daily",NA,NA,NA
"2011-03-02",6.349,FALSE,NA,NA,"<= day","daily",NA,NA,NA
"2011-03-03",6.423,FALSE,NA,NA,"<= day","daily",NA,NA,NA
"2011-03-04",6.531,FALSE,NA,NA,"<= day","daily",NA,NA,NA
"2011-03-05",6.446,FALSE,NA,NA,"<= day","daily",NA,NA,NA
"2011-03-06",6.336,FALSE,NA,NA,"<= day","daily",NA,NA,NA
"2011-03-07",6.173,FALSE,NA,NA,"<= day","daily",NA,NA,NA
"2011-03-08",6.022,FALSE,NA,NA,"<= day","daily",NA,NA,NA
"2011-03-09",5.917,FALSE,NA,NA,"<= day","daily",NA,NA,NA
"2011-03-10",5.737,FALSE,NA,NA,"<= day","daily",NA,NA,NA
"2011-03-11",5.577,FALSE,NA,NA,"<= day","daily",NA,NA,NA
"2011-03-12",5.465,FALSE,NA,NA,"<= day","daily",NA,NA,NA
"2011-03-13",5.317,FALSE,NA,NA,"<= day","daily",NA,NA,NA
"2011-03-14",5.096,FALSE,NA,NA,"<= day","daily",NA,NA,NA
"2011-03-15",4.926,FALSE,NA,NA,"<= day","daily",NA,NA,NA
"2011-03-16",4.809,FALSE,NA,NA,"<= day","daily",NA,NA,NA
"2011-03-17",4.671,FALSE,NA,NA,"<= day","daily",NA,NA,NA
"2011-03-18",4.487,FALSE,NA,NA,"<= day","daily",NA,NA,NA
"2011-03-19",5.372,FALSE,NA,NA,"<= day","daily",NA,NA,NA
"2011-03-20",5.218,FALSE,NA,NA,"<= day","daily",NA,NA,NA
"2011-03-21",4.942,FALSE,NA,NA,"<= day","daily",NA,NA,NA
"2011-03-22",5.531,FALSE,NA,NA,"<= day","daily",NA,NA,NA
"2011-03-23",5.958,FALSE,NA,NA,"<= day","daily",NA,NA,NA
"2011-03-24",5.853,FALSE,NA,NA,"<= day","daily",NA,NA,NA
"2011-03-25",5.816,FALSE,NA,NA,"<= day","daily",NA,NA,NA
"2011-03-26",5.722,FALSE,NA,NA,"<= day","daily",NA,NA,NA
"2011-03-27",5.617,FALSE,NA,NA,"<= day","daily",NA,NA,NA
"2011-03-28",5.686,FALSE,NA,NA,"<= day","daily",NA,NA,NA
"2011-03-29",5.624,FALSE,NA,NA,"<= day","daily",NA,NA,NA
"2011-03-30",5.652,FALSE,NA,NA,"<= day","daily",NA,NA,NA
"2011-03-31",5.686,FALSE,NA,NA,"<= day","daily",NA,NA,NA
"2011-04-01",5.753,FALSE,NA,NA,"<= day","daily",NA,NA,NA
"2011-04-02",5.539,FALSE,NA,NA,"<= day","daily",NA,NA,NA
"2011-04-03",5.37,FALSE,NA,NA,"<= day","daily",NA,NA,NA
"2011-04-04",7.295,FALSE,NA,NA,"<= day","daily",NA,NA,NA
"2011-04-05",8.287,FALSE,NA,NA,"<= day","daily",NA,NA,NA
"2011-04-06",7.814,FALSE,NA,NA,"<= day","daily",NA,NA,NA
"2011-04-07",8.215,FALSE,NA,NA,"<= day","daily",NA,NA,NA
"2011-04-08",9.48,FALSE,NA,NA,"<= day","daily",NA,NA,NA
"2011-04-09",9.305,FALSE,NA,NA,"<= day","daily",NA,NA,NA
"2011-04-10",9.02,FALSE,NA,NA,"<= day","daily",NA,NA,NA
"2011-04-11",8.739,FALSE,NA,NA,"<= day","daily",NA,NA,NA
"2011-04-12",8.491,FALSE,NA,NA,"<= day","daily",NA,NA,NA
"2011-04-13",8.211,FALSE,NA,NA,"<= day","daily",NA,NA,NA
"2011-04-14",8.002,FALSE,NA,NA,"<= day","daily",NA,NA,NA
"2011-04-15",7.727,FALSE,NA,NA,"<= day","daily",NA,NA,NA
"2011-04-16",7.344,FALSE,NA,NA,"<= day","daily",NA,NA,NA
"2011-04-17",6.947,FALSE,NA,NA,"<= day","daily",NA,NA,NA
"2011-04-18",6.551,FALSE,NA,NA,"<= day","daily",NA,NA,NA
"2011-04-19",6.26,FALSE,NA,NA,"<= day","daily",NA,NA,NA
"2011-04-20",5.976,FALSE,NA,NA,"<= day","daily",NA,NA,NA
"2011-04-21",5.699,FALSE,NA,NA,"<= day","daily",NA,NA,NA
"2011-04-22",5.428,FALSE,NA,NA,"<= day","daily",NA,NA,NA
"2011-04-23",5.144,FALSE,NA,NA,"<= day","daily",NA,NA,NA
"2011-04-24",4.864,FALSE,NA,NA,"<= day","daily",NA,NA,NA
"2011-04-25",4.626,FALSE,NA,NA,"<= day","daily",NA,NA,NA
"2011-04-26",4.434,FALSE,NA,NA,"<= day","daily",NA,NA,NA
"2011-04-27",4.24,FALSE,NA,NA,"<= day","daily",NA,NA,NA
"2011-05-01",3.726,FALSE,NA,NA,"<= day","daily",NA,NA,NA
"2011-05-02",3.608,FALSE,NA,NA,"<= day","daily",NA,NA,NA
"2011-05-03",3.889,FALSE,NA,NA,"<= day","daily",NA,NA,NA
"2011-05-04",4.187,FALSE,NA,NA,"<= day","daily",NA,NA,NA
"2011-05-05",3.989,FALSE,NA,NA,"<= day","daily",NA,NA,NA
"2011-05-06",3.846,FALSE,NA,NA,"<= day","daily",NA,NA,NA
"2011-05-07",3.695,FALSE,NA,NA,"<= day","daily",NA,NA,NA
"2011-05-08",3.57,FALSE,NA,NA,"<= day","daily",NA,NA,NA
"2011-05-09",3.446,FALSE,NA,NA,"<= day","daily",NA,NA,NA
"2011-05-10",3.32,FALSE,NA,NA,"<= day","daily",NA,NA,NA
"2011-05-11",3.209,FALSE,NA,NA,"<= day","daily",NA,NA,NA
"2011-05-12",3.128,FALSE,NA,NA,"<= day","daily",NA,NA,NA
"2011-05-13",3.011,FALSE,NA,NA,"<= day","daily",NA,NA,NA
"2011-05-14",2.921,FALSE,NA,NA,"<= day","daily",NA,NA,NA
"2011-05-15",2.842,FALSE,NA,NA,"<= day","daily",NA,NA,NA
"2011-05-16",2.759,FALSE,NA,NA,"<= day","daily",NA,NA,NA
"2011-05-17",2.669,FALSE,NA,NA,"<= day","daily",NA,NA,NA
"2011-05-18",2.586,FALSE,NA,NA,"<= day","daily",NA,NA,NA
"2011-05-19",2.504,FALSE,NA,NA,"<= day","daily",NA,NA,NA
"2011-05-20",2.433,FALSE,NA,NA,"<= day","daily",NA,NA,NA
"2011-05-21",2.366,FALSE,NA,NA,"<= day","daily",NA,NA,NA
"2011-05-22",2.32,FALSE,NA,NA,"<= day","daily",NA,NA,NA
"2011-05-23",2.262,FALSE,NA,NA,"<= day","daily",NA,NA,NA
"2011-05-24",2.212,FALSE,NA,NA,"<= day","daily",NA,NA,NA
"2011-05-25",2.448,FALSE,NA,NA,"<= day","daily",NA,NA,NA
"2011-05-26",2.771,FALSE,NA,NA,"<= day","daily",NA,NA,NA
"2011-05-27",2.687,FALSE,NA,NA,"<= day","daily",NA,NA,NA
"2011-05-28",2.6,FALSE,NA,NA,"<= day","daily",NA,NA,NA
"2011-05-29",2.522,FALSE,NA,NA,"<= day","daily",NA,NA,NA
"2011-05-30",2.443,FALSE,NA,NA,"<= day","daily",NA,NA,NA
"2011-05-31",2.496,FALSE,NA,NA,"<= day","daily",NA,NA,NA
"2011-06-01",2.574,FALSE,NA,NA,"<= day","daily",NA,NA,NA
"2011-06-02",2.37,FALSE,NA,NA,"<= day","daily",NA,NA,NA
"2011-06-03",2.287,FALSE,NA,NA,"<= day","daily",NA,NA,NA
"2011-06-04",2.215,FALSE,NA,NA,"<= day","daily",NA,NA,NA
"2011-06-05",2.148,FALSE,NA,NA,"<= day","daily",NA,NA,NA
"2011-06-06",2.095,FALSE,NA,NA,"<= day","daily",NA,NA,NA
"2011-06-07",2.037,FALSE,NA,NA,"<= day","daily",NA,NA,NA
"2011-06-08",2.138,FALSE,NA,NA,"<= day","daily",NA,NA,NA
"2011-06-09",2.043,FALSE,NA,NA,"<= day","daily",NA,NA,NA
"2011-06-10",1.948,FALSE,NA,NA,"<= day","daily",NA,NA,NA
"2011-06-11",1.887,FALSE,NA,NA,"<= day","daily",NA,NA,NA
"2011-06-12",1.831,FALSE,NA,NA,"<= day","daily",NA,NA,NA
"2011-06-13",1.775,FALSE,NA,NA,"<= day","daily",NA,NA,NA
"2011-06-14",1.744,FALSE,NA,NA,"<= day","daily",NA,NA,NA
"2011-06-15",1.713,FALSE,NA,NA,"<= day","daily",NA,NA,NA
"2011-06-16",1.669,FALSE,NA,NA,"<= day","daily",NA,NA,NA
"2011-06-17",1.641,FALSE,NA,NA,"<= day","daily",NA,NA,NA
"2011-06-22",1.908,FALSE,NA,NA,"<= day","daily",NA,NA,NA
"2011-06-23",1.772,FALSE,NA,NA,"<= day","daily",NA,NA,NA
"2011-06-24",1.641,FALSE,NA,NA,"<= day","daily",NA,NA,NA
"2011-06-25",1.579,FALSE,NA,NA,"<= day","daily",NA,NA,NA
"2011-06-26",1.54,FALSE,NA,NA,"<= day","daily",NA,NA,NA
"2011-06-27",1.512,FALSE,NA,NA,"<= day","daily",NA,NA,NA
"2011-06-28",1.468,FALSE,NA,NA,"<= day","daily",NA,NA,NA
"2011-06-29",1.576,FALSE,NA,NA,"<= day","daily",NA,NA,NA
"2011-06-30",1.783,FALSE,NA,NA,"<= day","daily",NA,NA,NA
"2011-07-01",1.993,FALSE,NA,NA,"<= day","daily",NA,NA,NA
"2011-07-02",2.077,FALSE,NA,NA,"<= day","daily",NA,NA,NA
"2011-07-03",1.994,FALSE,NA,NA,"<= day","daily",NA,NA,NA
"2011-07-04",1.921,FALSE,NA,NA,"<= day","daily",NA,NA,NA
"2011-07-05",1.872,FALSE,NA,NA,"<= day","daily",NA,NA,NA
"2011-07-06",1.831,FALSE,NA,NA,"<= day","daily",NA,NA,NA
"2011-07-07",1.783,FALSE,NA,NA,"<= day","daily",NA,NA,NA
"2011-07-08",1.862,FALSE,NA,NA,"<= day","daily",NA,NA,NA
"2011-07-09",1.77,FALSE,NA,NA,"<= day","daily",NA,NA,NA
"2011-07-10",1.762,FALSE,NA,NA,"<= day","daily",NA,NA,NA
"2011-07-11",1.718,FALSE,NA,NA,"<= day","daily",NA,NA,NA
"2011-07-12",1.651,FALSE,NA,NA,"<= day","daily",NA,NA,NA
"2011-07-13",2.35,FALSE,NA,NA,"<= day","daily",NA,NA,NA
"2011-07-14",2.908,FALSE,NA,NA,"<= day","daily",NA,NA,NA
"2011-07-15",2.205,FALSE,NA,NA,"<= day","daily",NA,NA,NA
"2011-07-16",1.993,FALSE,NA,NA,"<= day","daily",NA,NA,NA
"2011-07-17",2.185,FALSE,NA,NA,"<= day","daily",NA,NA,NA
"2011-07-18",2.117,FALSE,NA,NA,"<= day","daily",NA,NA,NA
"2011-07-19",1.971,FALSE,NA,NA,"<= day","daily",NA,NA,NA
"2011-07-20",2.157,FALSE,NA,NA,"<= day","daily",NA,NA,NA
"2011-07-21",2.188,FALSE,NA,NA,"<= day","daily",NA,NA,NA
"2011-07-22",2.346,FALSE,NA,NA,"<= day","daily",NA,NA,NA
"2011-07-23",2.909,FALSE,NA,NA,"<= day","daily",NA,NA,NA
"2011-07-24",2.477,FALSE,NA,NA,"<= day","daily",NA,NA,NA
"2011-07-25",2.18,FALSE,NA,NA,"<= day","daily",NA,NA,NA
"2011-07-26",1.966,FALSE,NA,NA,"<= day","daily",NA,NA,NA
"2011-07-27",2.252,FALSE,NA,NA,"<= day","daily",NA,NA,NA
"2011-07-28",2.405,FALSE,NA,NA,"<= day","daily",NA,NA,NA
"2011-07-29",2.312,FALSE,NA,NA,"<= day","daily",NA,NA,NA
"2011-07-30",2.17,FALSE,NA,NA,"<= day","daily",NA,NA,NA
"2011-07-31",2.081,FALSE,NA,NA,"<= day","daily",NA,NA,NA
"2011-08-01",2.016,FALSE,NA,NA,"<= day","daily",NA,NA,NA
"2011-08-02",1.927,FALSE,NA,NA,"<= day","daily",NA,NA,NA
"2011-08-03",1.878,FALSE,NA,NA,"<= day","daily",NA,NA,NA
"2011-08-04",1.804,FALSE,NA,NA,"<= day","daily",NA,NA,NA
"2011-08-05",1.762,FALSE,NA,NA,"<= day","daily",NA,NA,NA
"2011-08-06",1.732,FALSE,NA,NA,"<= day","daily",NA,NA,NA
"2011-08-07",1.724,FALSE,NA,NA,"<= day","daily",NA,NA,NA
"2011-08-08",1.666,FALSE,NA,NA,"<= day","daily",NA,NA,NA
"2011-08-09",1.673,FALSE,NA,NA,"<= day","daily",NA,NA,NA
"2011-08-10",1.742,FALSE,NA,NA,"<= day","daily",NA,NA,NA
"2011-08-11",1.629,FALSE,NA,NA,"<= day","daily",NA,NA,NA
"2011-08-12",1.571,FALSE,NA,NA,"<= day","daily",NA,NA,NA
"2011-08-13",1.527,FALSE,NA,NA,"<= day","daily",NA,NA,NA
"2011-08-14",1.494,FALSE,NA,NA,"<= day","daily",NA,NA,NA
"2011-08-15",1.558,FALSE,NA,NA,"<= day","daily",NA,NA,NA
"2011-08-16",1.499,FALSE,NA,NA,"<= day","daily",NA,NA,NA
"2011-08-17",1.449,FALSE,NA,NA,"<= day","daily",NA,NA,NA
"2011-08-18",1.401,FALSE,NA,NA,"<= day","daily",NA,NA,NA
"2011-08-19",1.36,FALSE,NA,NA,"<= day","daily",NA,NA,NA
"2011-08-20",1.327,FALSE,NA,NA,"<= day","daily",NA,NA,NA
"2011-08-21",1.29,FALSE,NA,NA,"<= day","daily",NA,NA,NA
"2011-08-22",1.26,FALSE,NA,NA,"<= day","daily",NA,NA,NA
"2011-08-23",1.476,FALSE,NA,NA,"<= day","daily",NA,NA,NA
"2011-08-24",1.59,FALSE,NA,NA,"<= day","daily",NA,NA,NA
"2011-08-25",1.546,FALSE,NA,NA,"<= day","daily",NA,NA,NA
"2011-08-26",1.521,FALSE,NA,NA,"<= day","daily",NA,NA,NA
"2011-08-27",1.527,FALSE,NA,NA,"<= day","daily",NA,NA,NA
"2011-08-28",1.461,FALSE,NA,NA,"<= day","daily",NA,NA,NA
"2011-08-29",1.43,FALSE,NA,NA,"<= day","daily",NA,NA,NA
"2011-08-30",1.399,FALSE,NA,NA,"<= day","daily",NA,NA,NA
"2011-08-31",1.352,FALSE,NA,NA,"<= day","daily",NA,NA,NA
"2011-09-01",1.345,FALSE,NA,NA,"<= day","daily",NA,NA,NA
"2011-09-02",1.309,FALSE,NA,NA,"<= day","daily",NA,NA,NA
"2011-09-03",1.292,FALSE,NA,NA,"<= day","daily",NA,NA,NA
"2011-09-04",1.472,FALSE,NA,NA,"<= day","daily",NA,NA,NA
"2011-09-05",1.658,FALSE,NA,NA,"<= day","daily",NA,NA,NA
"2011-09-06",1.432,FALSE,NA,NA,"<= day","daily",NA,NA,NA
"2011-09-07",1.352,FALSE,NA,NA,"<= day","daily",NA,NA,NA
"2011-09-08",1.315,FALSE,NA,NA,"<= day","daily",NA,NA,NA
"2011-09-09",1.282,FALSE,NA,NA,"<= day","daily",NA,NA,NA
"2011-09-10",1.24,FALSE,NA,NA,"<= day","daily",NA,NA,NA
"2011-09-11",1.221,FALSE,NA,NA,"<= day","daily",NA,NA,NA
"2011-09-12",1.198,FALSE,NA,NA,"<= day","daily",NA,NA,NA
"2011-09-13",1.174,FALSE,NA,NA,"<= day","daily",NA,NA,NA
"2011-09-14",1.403,FALSE,NA,NA,"<= day","daily",NA,NA,NA
"2011-09-15",1.252,FALSE,NA,NA,"<= day","daily",NA,NA,NA
"2011-09-16",1.183,FALSE,NA,NA,"<= day","daily",NA,NA,NA
"2011-09-17",1.223,FALSE,NA,NA,"<= day","daily",NA,NA,NA
"2011-09-18",1.929,FALSE,NA,NA,"<= day","daily",NA,NA,NA
"2011-09-19",1.747,FALSE,NA,NA,"<= day","daily",NA,NA,NA
"2011-09-20",1.566,FALSE,NA,NA,"<= day","daily",NA,NA,NA
"2011-09-21",1.404,FALSE,NA,NA,"<= day","daily",NA,NA,NA
"2011-09-22",1.294,FALSE,NA,NA,"<= day","daily",NA,NA,NA
"2011-09-23",1.224,FALSE,NA,NA,"<= day","daily",NA,NA,NA
"2011-09-24",1.175,FALSE,NA,NA,"<= day","daily",NA,NA,NA
"2011-09-25",1.127,FALSE,NA,NA,"<= day","daily",NA,NA,NA
"2011-09-26",1.082,FALSE,NA,NA,"<= day","daily",NA,NA,NA
"2011-09-27",1.322,FALSE,NA,NA,"<= day","daily",NA,NA,NA
"2011-09-28",1.566,FALSE,NA,NA,"<= day","daily",NA,NA,NA
"2011-09-29",1.514,FALSE,NA,NA,"<= day","daily",NA,NA,NA
"2011-09-30",1.46,FALSE,NA,NA,"<= day","daily",NA,NA,NA
"2011-10-01",1.433,FALSE,NA,NA,"<= day","daily",NA,NA,NA
"2011-10-02",1.399,FALSE,NA,NA,"<= day","daily",NA,NA,NA
"2011-10-03",1.348,FALSE,NA,NA,"<= day","daily",NA,NA,NA
"2011-10-04",1.319,FALSE,NA,NA,"<= day","daily",NA,NA,NA
"2011-10-05",1.29,FALSE,NA,NA,"<= day","daily",NA,NA,NA
"2011-10-06",1.274,FALSE,NA,NA,"<= day","daily",NA,NA,NA
"2011-10-07",1.385,FALSE,NA,NA,"<= day","daily",NA,NA,NA
"2011-10-08",1.732,FALSE,NA,NA,"<= day","daily",NA,NA,NA
"2011-10-09",1.652,FALSE,NA,NA,"<= day","daily",NA,NA,NA
"2011-10-10",2.164,FALSE,NA,NA,"<= day","daily",NA,NA,NA
"2011-10-11",1.913,FALSE,NA,NA,"<= day","daily",NA,NA,NA
"2011-10-12",1.64,FALSE,NA,NA,"<= day","daily",NA,NA,NA
"2011-10-13",1.497,FALSE,NA,NA,"<= day","daily",NA,NA,NA
"2011-10-14",1.408,FALSE,NA,NA,"<= day","daily",NA,NA,NA
"2011-10-15",1.338,FALSE,NA,NA,"<= day","daily",NA,NA,NA
"2011-10-16",1.29,FALSE,NA,NA,"<= day","daily",NA,NA,NA
"2011-10-17",1.257,FALSE,NA,NA,"<= day","daily",NA,NA,NA
"2011-10-18",1.218,FALSE,NA,NA,"<= day","daily",NA,NA,NA
"2011-10-19",1.349,FALSE,NA,NA,"<= day","daily",NA,NA,NA
"2011-10-20",1.369,FALSE,NA,NA,"<= day","daily",NA,NA,NA
"2011-10-21",1.275,FALSE,NA,NA,"<= day","daily",NA,NA,NA
"2011-10-22",1.217,FALSE,NA,NA,"<= day","daily",NA,NA,NA
"2011-10-23",1.172,FALSE,NA,NA,"<= day","daily",NA,NA,NA
"2011-10-24",1.132,FALSE,NA,NA,"<= day","daily",NA,NA,NA
"2011-10-25",1.102,FALSE,NA,NA,"<= day","daily",NA,NA,NA
"2011-10-26",1.196,FALSE,NA,NA,"<= day","daily",NA,NA,NA
"2011-10-27",1.29,FALSE,NA,NA,"<= day","daily",NA,NA,NA
"2011-10-28",1.242,FALSE,NA,NA,"<= day","daily",NA,NA,NA
"2011-10-29",1.208,FALSE,NA,NA,"<= day","daily",NA,NA,NA
"2011-10-30",1.183,FALSE,NA,NA,"<= day","daily",NA,NA,NA
"2011-10-31",1.157,FALSE,NA,NA,"<= day","daily",NA,NA,NA
"2011-11-01",1.131,FALSE,NA,NA,"<= day","daily",NA,NA,NA
"2011-11-02",1.114,FALSE,NA,NA,"<= day","daily",NA,NA,NA
"2011-11-03",1.082,FALSE,NA,NA,"<= day","daily",NA,NA,NA
"2011-11-04",1.077,FALSE,NA,NA,"<= day","daily",NA,NA,NA
"2011-11-05",1.037,FALSE,NA,NA,"<= day","daily",NA,NA,NA
"2011-11-06",1.031,FALSE,NA,NA,"<= day","daily",NA,NA,NA
"2011-11-07",1.018,FALSE,NA,NA,"<= day","daily",NA,NA,NA
"2011-11-08",0.987,FALSE,NA,NA,"<= day","daily",NA,NA,NA
"2011-11-09",0.983,FALSE,NA,NA,"<= day","daily",NA,NA,NA
"2011-11-10",0.95,FALSE,NA,NA,"<= day","daily",NA,NA,NA
"2011-11-11",0.936,FALSE,NA,NA,"<= day","daily",NA,NA,NA
"2011-11-12",0.934,FALSE,NA,NA,"<= day","daily",NA,NA,NA
"2011-11-13",0.903,FALSE,NA,NA,"<= day","daily",NA,NA,NA
"2011-11-14",0.891,FALSE,NA,NA,"<= day","daily",NA,NA,NA
"2011-11-15",0.89,FALSE,NA,NA,"<= day","daily",NA,NA,NA
"2011-11-16",0.884,FALSE,NA,NA,"<= day","daily",NA,NA,NA
"2011-11-17",0.851,FALSE,NA,NA,"<= day","daily",NA,NA,NA
"2011-11-18",0.846,FALSE,NA,NA,"<= day","daily",NA,NA,NA
"2011-11-19",0.845,FALSE,NA,NA,"<= day","daily",NA,NA,NA
"2011-11-20",0.813,FALSE,NA,NA,"<= day","daily",NA,NA,NA
"2011-11-21",0.803,FALSE,NA,NA,"<= day","daily",NA,NA,NA
"2011-11-22",0.802,FALSE,NA,NA,"<= day","daily",NA,NA,NA
"2011-11-23",0.782,FALSE,NA,NA,"<= day","daily",NA,NA,NA
"2011-11-24",0.918,FALSE,NA,NA,"<= day","daily",NA,NA,NA
"2011-11-25",1.08,FALSE,NA,NA,"<= day","daily",NA,NA,NA
"2011-11-26",1.053,FALSE,NA,NA,"<= day","daily",NA,NA,NA
"2011-11-27",1.031,FALSE,NA,NA,"<= day","daily",NA,NA,NA
"2011-11-28",1.016,FALSE,NA,NA,"<= day","daily",NA,NA,NA
"2011-11-29",0.988,FALSE,NA,NA,"<= day","daily",NA,NA,NA
"2011-11-30",0.983,FALSE,NA,NA,"<= day","daily",NA,NA,NA
"2011-12-01",0.964,FALSE,NA,NA,"<= day","daily",NA,NA,NA
"2011-12-02",0.97,FALSE,NA,NA,"<= day","daily",NA,NA,NA
"2011-12-03",1.2,FALSE,NA,NA,"<= day","daily",NA,NA,NA
"2011-12-04",1.233,FALSE,NA,NA,"<= day","daily",NA,NA,NA
"2011-12-05",1.771,FALSE,NA,NA,"<= day","daily",NA,NA,NA
"2011-12-06",1.673,FALSE,NA,NA,"<= day","daily",NA,NA,NA
"2011-12-07",2.219,FALSE,NA,NA,"<= day","daily",NA,NA,NA
"2011-12-08",2.389,FALSE,NA,NA,"<= day","daily",NA,NA,NA
"2011-12-09",1.824,FALSE,NA,NA,"<= day","daily",NA,NA,NA
"2011-12-10",3.435,FALSE,NA,NA,"<= day","daily",NA,NA,NA
"2011-12-11",4.306,FALSE,NA,NA,"<= day","daily",NA,NA,NA
"2011-12-12",3.702,FALSE,NA,NA,"<= day","daily",NA,NA,NA
"2011-12-13",3.43,FALSE,NA,NA,"<= day","daily",NA,NA,NA
"2011-12-14",3.022,FALSE,NA,NA,"<= day","daily",NA,NA,NA
"2011-12-15",2.939,FALSE,NA,NA,"<= day","daily",NA,NA,NA
"2011-12-16",2.997,FALSE,NA,NA,"<= day","daily",NA,NA,NA
"2011-12-17",3.347,FALSE,NA,NA,"<= day","daily",NA,NA,NA
"2011-12-18",3.305,FALSE,NA,NA,"<= day","daily",NA,NA,NA
"2011-12-19",3.079,FALSE,NA,NA,"<= day","daily",NA,NA,NA
"2011-12-20",2.914,FALSE,NA,NA,"<= day","daily",NA,NA,NA
"2011-12-21",2.885,FALSE,NA,NA,"<= day","daily",NA,NA,NA
"2011-12-22",5.111,FALSE,NA,NA,"<= day","daily",NA,NA,NA
"2011-12-23",7.851,FALSE,NA,NA,"<= day","daily",NA,NA,NA
"2011-12-24",7.552,FALSE,NA,NA,"<= day","daily",NA,NA,NA
"2011-12-25",6.759,FALSE,NA,NA,"<= day","daily",NA,NA,NA
"2011-12-26",6.047,FALSE,NA,NA,"<= day","daily",NA,NA,NA
"2011-12-27",5.244,FALSE,NA,NA,"<= day","daily",NA,NA,NA
"2011-12-28",5.296,FALSE,NA,NA,"<= day","daily",NA,NA,NA
"2011-12-29",5.245,FALSE,NA,NA,"<= day","daily",NA,NA,NA
"2011-12-30",4.897,FALSE,NA,NA,"<= day","daily",NA,NA,NA
"2011-12-31",6.873,FALSE,NA,NA,"<= day","daily",NA,NA,NA
"2012-01-01",10.891,FALSE,NA,NA,"<= day","daily",NA,NA,NA
"2012-01-02",10.494,FALSE,NA,NA,"<= day","daily",NA,NA,NA
"2012-01-03",10.135,FALSE,NA,NA,"<= day","daily",NA,NA,NA
"2012-01-04",10.012,FALSE,NA,NA,"<= day","daily",NA,NA,NA
"2012-01-05",10.235,FALSE,NA,NA,"<= day","daily",NA,NA,NA
"2012-01-06",10.436,FALSE,NA,NA,"<= day","daily",NA,NA,NA
"2012-01-07",10.639,FALSE,NA,NA,"<= day","daily",NA,NA,NA
"2012-01-08",10.844,FALSE,NA,NA,"<= day","daily",NA,NA,NA
"2012-01-09",11.051,FALSE,NA,NA,"<= day","daily",NA,NA,NA
"2012-01-10",11.232,FALSE,NA,NA,"<= day","daily",NA,NA,NA
"2012-01-11",10.868,FALSE,NA,NA,"<= day","daily",NA,NA,NA
"2012-01-12",10.485,FALSE,NA,NA,"<= day","daily",NA,NA,NA
"2012-01-13",10.095,FALSE,NA,NA,"<= day","daily",NA,NA,NA
"2012-01-14",9.658,FALSE,NA,NA,"<= day","daily",NA,NA,NA
"2012-01-15",9.17,FALSE,NA,NA,"<= day","daily",NA,NA,NA
"2012-01-16",8.715,FALSE,NA,NA,"<= day","daily",NA,NA,NA
"2012-01-17",8.251,FALSE,NA,NA,"<= day","daily",NA,NA,NA
"2012-01-18",7.815,FALSE,NA,NA,"<= day","daily",NA,NA,NA
"2012-01-19",8.241,FALSE,NA,NA,"<= day","daily",NA,NA,NA
"2012-01-20",8.606,FALSE,NA,NA,"<= day","daily",NA,NA,NA
"2012-01-21",9.193,FALSE,NA,NA,"<= day","daily",NA,NA,NA
"2012-01-22",9.441,FALSE,NA,NA,"<= day","daily",NA,NA,NA
"2012-01-23",8.987,FALSE,NA,NA,"<= day","daily",NA,NA,NA
"2012-01-24",8.73,FALSE,NA,NA,"<= day","daily",NA,NA,NA
"2012-01-25",8.604,FALSE,NA,NA,"<= day","daily",NA,NA,NA
"2012-01-26",8.368,FALSE,NA,NA,"<= day","daily",NA,NA,NA
"2012-01-27",8.209,FALSE,NA,NA,"<= day","daily",NA,NA,NA
"2012-01-28",8.791,FALSE,NA,NA,"<= day","daily",NA,NA,NA
"2012-01-29",9.185,FALSE,NA,NA,"<= day","daily",NA,NA,NA
"2012-01-30",9.204,FALSE,NA,NA,"<= day","daily",NA,NA,NA
"2012-01-31",9.208,FALSE,NA,NA,"<= day","daily",NA,NA,NA
"2012-02-01",9.197,FALSE,NA,NA,"<= day","daily",NA,NA,NA
"2012-02-02",9.104,FALSE,NA,NA,"<= day","daily",NA,NA,NA
"2012-02-03",8.955,FALSE,NA,NA,"<= day","daily",NA,NA,NA
"2012-02-04",8.716,FALSE,NA,NA,"<= day","daily",NA,NA,NA
"2012-02-05",8.523,FALSE,NA,NA,"<= day","daily",NA,NA,NA
"2012-02-06",8.273,FALSE,NA,NA,"<= day","daily",NA,NA,NA
"2012-02-07",7.942,FALSE,NA,NA,"<= day","daily",NA,NA,NA
"2012-02-08",8.021,FALSE,NA,NA,"<= day","daily",NA,NA,NA
"2012-02-09",8.494,FALSE,NA,NA,"<= day","daily",NA,NA,NA
"2012-02-10",8.105,FALSE,NA,NA,"<= day","daily",NA,NA,NA
"2012-02-11",7.77,FALSE,NA,NA,"<= day","daily",NA,NA,NA
"2012-02-12",7.365,FALSE,NA,NA,"<= day","daily",NA,NA,NA
"2012-02-13",7.053,FALSE,NA,NA,"<= day","daily",NA,NA,NA
"2012-02-14",7.114,FALSE,NA,NA,"<= day","daily",NA,NA,NA
"2012-02-15",7.005,FALSE,NA,NA,"<= day","daily",NA,NA,NA
"2012-02-16",6.795,FALSE,NA,NA,"<= day","daily",NA,NA,NA
"2012-02-17",6.479,FALSE,NA,NA,"<= day","daily",NA,NA,NA
"2012-02-18",6.459,FALSE,NA,NA,"<= day","daily",NA,NA,NA
"2012-02-19",7.359,FALSE,NA,NA,"<= day","daily",NA,NA,NA
"2012-02-20",7.671,FALSE,NA,NA,"<= day","daily",NA,NA,NA
"2012-02-21",7.635,FALSE,NA,NA,"<= day","daily",NA,NA,NA
"2012-02-22",7.635,FALSE,NA,NA,"<= day","daily",NA,NA,NA
"2012-02-23",7.632,FALSE,NA,NA,"<= day","daily",NA,NA,NA
"2012-02-24",7.743,FALSE,NA,NA,"<= day","daily",NA,NA,NA
"2012-02-25",8.251,FALSE,NA,NA,"<= day","daily",NA,NA,NA
"2012-02-26",8.531,FALSE,NA,NA,"<= day","daily",NA,NA,NA
"2012-02-27",8.568,FALSE,NA,NA,"<= day","daily",NA,NA,NA
"2012-02-28",8.42,FALSE,NA,NA,"<= day","daily",NA,NA,NA
"2012-02-29",8.253,FALSE,NA,NA,"<= day","daily",NA,NA,NA
"2012-03-01",8.1,FALSE,NA,NA,"<= day","daily",NA,NA,NA
"2012-03-02",7.911,FALSE,NA,NA,"<= day","daily",NA,NA,NA
"2012-03-03",7.717,FALSE,NA,NA,"<= day","daily",NA,NA,NA
"2012-03-04",7.524,FALSE,NA,NA,"<= day","daily",NA,NA,NA
"2012-03-05",7.418,FALSE,NA,NA,"<= day","daily",NA,NA,NA
"2012-03-06",7.219,FALSE,NA,NA,"<= day","daily",NA,NA,NA
"2012-03-07",6.991,FALSE,NA,NA,"<= day","daily",NA,NA,NA
"2012-03-08",6.766,FALSE,NA,NA,"<= day","daily",NA,NA,NA
"2012-03-09",6.446,FALSE,NA,NA,"<= day","daily",NA,NA,NA
"2012-03-10",6.149,FALSE,NA,NA,"<= day","daily",NA,NA,NA
"2012-03-11",5.905,FALSE,NA,NA,"<= day","daily",NA,NA,NA
"2012-03-12",5.692,FALSE,NA,NA,"<= day","daily",NA,NA,NA
"2012-03-13",5.485,FALSE,NA,NA,"<= day","daily",NA,NA,NA
"2012-03-14",5.292,FALSE,NA,NA,"<= day","daily",NA,NA,NA
"2012-03-15",5.118,FALSE,NA,NA,"<= day","daily",NA,NA,NA
"2012-03-16",4.981,FALSE,NA,NA,"<= day","daily",NA,NA,NA
"2012-03-17",4.852,FALSE,NA,NA,"<= day","daily",NA,NA,NA
"2012-03-18",4.76,FALSE,NA,NA,"<= day","daily",NA,NA,NA
"2012-03-19",4.903,FALSE,NA,NA,"<= day","daily",NA,NA,NA
"2012-03-20",5.272,FALSE,NA,NA,"<= day","daily",NA,NA,NA
"2012-03-21",5.002,FALSE,NA,NA,"<= day","daily",NA,NA,NA
"2012-03-22",4.797,FALSE,NA,NA,"<= day","daily",NA,NA,NA
"2012-03-23",4.664,FALSE,NA,NA,"<= day","daily",NA,NA,NA
"2012-03-24",4.571,FALSE,NA,NA,"<= day","daily",NA,NA,NA
"2012-03-25",4.466,FALSE,NA,NA,"<= day","daily",NA,NA,NA
"2012-03-26",4.385,FALSE,NA,NA,"<= day","daily",NA,NA,NA
"2012-03-27",4.328,FALSE,NA,NA,"<= day","daily",NA,NA,NA
"2012-03-28",4.508,FALSE,NA,NA,"<= day","daily",NA,NA,NA
"2012-03-29",5.121,FALSE,NA,NA,"<= day","daily",NA,NA,NA
"2012-03-30",5.03,FALSE,NA,NA,"<= day","daily",NA,NA,NA
"2012-03-31",4.911,FALSE,NA,NA,"<= day","daily",NA,NA,NA
"2012-04-01",4.77,FALSE,NA,NA,"<= day","daily",NA,NA,NA
"2012-04-02",4.65,FALSE,NA,NA,"<= day","daily",NA,NA,NA
"2012-04-03",4.564,FALSE,NA,NA,"<= day","daily",NA,NA,NA
"2012-04-04",5.332,FALSE,NA,NA,"<= day","daily",NA,NA,NA
"2012-04-05",6.749,FALSE,NA,NA,"<= day","daily",NA,NA,NA
"2012-04-06",8.051,FALSE,NA,NA,"<= day","daily",NA,NA,NA
"2012-04-07",8.148,FALSE,NA,NA,"<= day","daily",NA,NA,NA
"2012-04-08",8.093,FALSE,NA,NA,"<= day","daily",NA,NA,NA
"2012-04-09",7.937,FALSE,NA,NA,"<= day","daily",NA,NA,NA
"2012-04-10",7.787,FALSE,NA,NA,"<= day","daily",NA,NA,NA
"2012-04-11",7.91,FALSE,NA,NA,"<= day","daily",NA,NA,NA
"2012-04-12",8.136,FALSE,NA,NA,"<= day","daily",NA,NA,NA
"2012-04-13",8.38,FALSE,NA,NA,"<= day","daily",NA,NA,NA
"2012-04-14",8.411,FALSE,NA,NA,"<= day","daily",NA,NA,NA
"2012-04-15",8.671,FALSE,NA,NA,"<= day","daily",NA,NA,NA
"2012-04-16",9.537,FALSE,NA,NA,"<= day","daily",NA,NA,NA
"2012-04-17",9.82,FALSE,NA,NA,"<= day","daily",NA,NA,NA
"2012-04-18",9.862,FALSE,NA,NA,"<= day","daily",NA,NA,NA
"2012-04-19",9.858,FALSE,NA,NA,"<= day","daily",NA,NA,NA
"2012-04-20",9.84,FALSE,NA,NA,"<= day","daily",NA,NA,NA
"2012-04-21",9.845,FALSE,NA,NA,"<= day","daily",NA,NA,NA
"2012-04-22",9.851,FALSE,NA,NA,"<= day","daily",NA,NA,NA
"2012-04-23",9.893,FALSE,NA,NA,"<= day","daily",NA,NA,NA
"2012-04-24",9.911,FALSE,NA,NA,"<= day","daily",NA,NA,NA
"2012-04-25",10.042,FALSE,NA,NA,"<= day","daily",NA,NA,NA
"2012-04-26",10.939,FALSE,NA,NA,"<= day","daily",NA,NA,NA
"2012-04-27",11.252,FALSE,NA,NA,"<= day","daily",NA,NA,NA
"2012-04-28",10.956,FALSE,NA,NA,"<= day","daily",NA,NA,NA
"2012-04-29",10.639,FALSE,NA,NA,"<= day","daily",NA,NA,NA
"2012-04-30",10.22,FALSE,NA,NA,"<= day","daily",NA,NA,NA
"2012-05-01",9.779,FALSE,NA,NA,"<= day","daily",NA,NA,NA
"2012-05-02",9.479,FALSE,NA,NA,"<= day","daily",NA,NA,NA
"2012-05-03",9.273,FALSE,NA,NA,"<= day","daily",NA,NA,NA
"2012-05-04",9.028,FALSE,NA,NA,"<= day","daily",NA,NA,NA
"2012-05-05",8.736,FALSE,NA,NA,"<= day","daily",NA,NA,NA
"2012-05-06",8.531,FALSE,NA,NA,"<= day","daily",NA,NA,NA
"2012-05-07",8.26,FALSE,NA,NA,"<= day","daily",NA,NA,NA
"2012-05-08",7.839,FALSE,NA,NA,"<= day","daily",NA,NA,NA
"2012-05-09",7.804,FALSE,NA,NA,"<= day","daily",NA,NA,NA
"2012-05-10",7.813,FALSE,NA,NA,"<= day","daily",NA,NA,NA
"2012-05-11",7.351,FALSE,NA,NA,"<= day","daily",NA,NA,NA
"2012-05-12",7.334,FALSE,NA,NA,"<= day","daily",NA,NA,NA
"2012-05-13",7.496,FALSE,NA,NA,"<= day","daily",NA,NA,NA
"2012-05-14",7.138,FALSE,NA,NA,"<= day","daily",NA,NA,NA
"2012-05-15",6.858,FALSE,NA,NA,"<= day","daily",NA,NA,NA
"2012-05-16",6.583,FALSE,NA,NA,"<= day","daily",NA,NA,NA
"2012-05-17",6.402,FALSE,NA,NA,"<= day","daily",NA,NA,NA
"2012-05-18",6.205,FALSE,NA,NA,"<= day","daily",NA,NA,NA
"2012-05-19",5.96,FALSE,NA,NA,"<= day","daily",NA,NA,NA
"2012-05-20",5.778,FALSE,NA,NA,"<= day","daily",NA,NA,NA
"2012-05-21",5.606,FALSE,NA,NA,"<= day","daily",NA,NA,NA
"2012-05-22",5.538,FALSE,NA,NA,"<= day","daily",NA,NA,NA
"2012-05-23",5.232,FALSE,NA,NA,"<= day","daily",NA,NA,NA
"2012-05-24",5.01,FALSE,NA,NA,"<= day","daily",NA,NA,NA
"2012-05-25",4.798,FALSE,NA,NA,"<= day","daily",NA,NA,NA
"2012-05-26",4.553,FALSE,NA,NA,"<= day","daily",NA,NA,NA
"2012-05-27",4.326,FALSE,NA,NA,"<= day","daily",NA,NA,NA
"2012-05-28",4.155,FALSE,NA,NA,"<= day","daily",NA,NA,NA
"2012-05-29",3.992,FALSE,NA,NA,"<= day","daily",NA,NA,NA
"2012-05-30",3.843,FALSE,NA,NA,"<= day","daily",NA,NA,NA
"2012-05-31",3.688,FALSE,NA,NA,"<= day","daily",NA,NA,NA
"2012-06-01",4.025,FALSE,NA,NA,"<= day","daily",NA,NA,NA
"2012-06-02",4.306,FALSE,NA,NA,"<= day","daily",NA,NA,NA
"2012-06-03",4.184,FALSE,NA,NA,"<= day","daily",NA,NA,NA
"2012-06-04",4.221,FALSE,NA,NA,"<= day","daily",NA,NA,NA
"2012-06-05",3.984,FALSE,NA,NA,"<= day","daily",NA,NA,NA
"2012-06-06",3.798,FALSE,NA,NA,"<= day","daily",NA,NA,NA
"2012-06-07",4.057,FALSE,NA,NA,"<= day","daily",NA,NA,NA
"2012-06-08",8.454,FALSE,NA,NA,"<= day","daily",NA,NA,NA
"2012-06-09",9.036,FALSE,NA,NA,"<= day","daily",NA,NA,NA
"2012-06-10",7.992,FALSE,NA,NA,"<= day","daily",NA,NA,NA
"2012-06-11",7.542,FALSE,NA,NA,"<= day","daily",NA,NA,NA
"2012-06-12",8.448,FALSE,NA,NA,"<= day","daily",NA,NA,NA
"2012-06-13",9.722,FALSE,NA,NA,"<= day","daily",NA,NA,NA
"2012-06-14",9.468,FALSE,NA,NA,"<= day","daily",NA,NA,NA
"2012-06-15",9.248,FALSE,NA,NA,"<= day","daily",NA,NA,NA
"2012-06-16",9.104,FALSE,NA,NA,"<= day","daily",NA,NA,NA
"2012-06-17",8.977,FALSE,NA,NA,"<= day","daily",NA,NA,NA
"2012-06-18",8.678,FALSE,NA,NA,"<= day","daily",NA,NA,NA
"2012-06-19",8.294,FALSE,NA,NA,"<= day","daily",NA,NA,NA
"2012-06-20",8.037,FALSE,NA,NA,"<= day","daily",NA,NA,NA
"2012-06-21",7.832,FALSE,NA,NA,"<= day","daily",NA,NA,NA
"2012-06-22",8.597,FALSE,NA,NA,"<= day","daily",NA,NA,NA
"2012-06-27",9.453,FALSE,NA,NA,"<= day","daily",NA,NA,NA
"2012-06-28",8.957,FALSE,NA,NA,"<= day","daily",NA,NA,NA
"2012-06-29",8.483,FALSE,NA,NA,"<= day","daily",NA,NA,NA
"2012-06-30",8.038,FALSE,NA,NA,"<= day","daily",NA,NA,NA
"2012-07-01",8.56,FALSE,NA,NA,"<= day","daily",NA,NA,NA
"2012-07-02",10.065,FALSE,NA,NA,"<= day","daily",NA,NA,NA
"2012-07-10",11.344,FALSE,NA,NA,"<= day","daily",NA,NA,NA
"2012-07-11",11.016,FALSE,NA,NA,"<= day","daily",NA,NA,NA
"2012-07-12",11.124,FALSE,NA,NA,"<= day","daily",NA,NA,NA
"2012-07-13",11.015,FALSE,NA,NA,"<= day","daily",NA,NA,NA
"2012-07-14",10.703,FALSE,NA,NA,"<= day","daily",NA,NA,NA
"2012-07-15",10.363,FALSE,NA,NA,"<= day","daily",NA,NA,NA
"2012-07-16",9.954,FALSE,NA,NA,"<= day","daily",NA,NA,NA
"2012-07-17",9.516,FALSE,NA,NA,"<= day","daily",NA,NA,NA
"2012-07-18",9.125,FALSE,NA,NA,"<= day","daily",NA,NA,NA
"2012-07-19",8.657,FALSE,NA,NA,"<= day","daily",NA,NA,NA
"2012-07-20",8.156,FALSE,NA,NA,"<= day","daily",NA,NA,NA
"2012-07-21",7.667,FALSE,NA,NA,"<= day","daily",NA,NA,NA
"2012-07-22",7.084,FALSE,NA,NA,"<= day","daily",NA,NA,NA
"2012-07-23",7.092,FALSE,NA,NA,"<= day","daily",NA,NA,NA
"2012-07-24",7.335,FALSE,NA,NA,"<= day","daily",NA,NA,NA
"2012-07-25",6.745,FALSE,NA,NA,"<= day","daily",NA,NA,NA
"2012-07-26",6.339,FALSE,NA,NA,"<= day","daily",NA,NA,NA
"2012-07-27",5.879,FALSE,NA,NA,"<= day","daily",NA,NA,NA
"2012-07-28",6.019,FALSE,NA,NA,"<= day","daily",NA,NA,NA
"2012-07-29",6.836,FALSE,NA,NA,"<= day","daily",NA,NA,NA
"2012-07-30",6.073,FALSE,NA,NA,"<= day","daily",NA,NA,NA
"2012-07-31",5.511,FALSE,NA,NA,"<= day","daily",NA,NA,NA
"2012-08-01",5.149,FALSE,NA,NA,"<= day","daily",NA,NA,NA
"2012-08-02",4.824,FALSE,NA,NA,"<= day","daily",NA,NA,NA
"2012-08-03",4.551,FALSE,NA,NA,"<= day","daily",NA,NA,NA
"2012-08-04",4.331,FALSE,NA,NA,"<= day","daily",NA,NA,NA
"2012-08-05",4.162,FALSE,NA,NA,"<= day","daily",NA,NA,NA
"2012-08-06",4.267,FALSE,NA,NA,"<= day","daily",NA,NA,NA
"2012-08-07",3.937,FALSE,NA,NA,"<= day","daily",NA,NA,NA
"2012-08-08",3.721,FALSE,NA,NA,"<= day","daily",NA,NA,NA
"2012-08-09",3.549,FALSE,NA,NA,"<= day","daily",NA,NA,NA
"2012-08-10",3.384,FALSE,NA,NA,"<= day","daily",NA,NA,NA
"2012-08-11",3.245,FALSE,NA,NA,"<= day","daily",NA,NA,NA
"2012-08-12",3.12,FALSE,NA,NA,"<= day","daily",NA,NA,NA
"2012-08-13",3.021,FALSE,NA,NA,"<= day","daily",NA,NA,NA
"2012-08-14",2.92,FALSE,NA,NA,"<= day","daily",NA,NA,NA
"2012-08-15",2.804,FALSE,NA,NA,"<= day","daily",NA,NA,NA
"2012-08-16",2.969,FALSE,NA,NA,"<= day","daily",NA,NA,NA
"2012-08-17",2.76,FALSE,NA,NA,"<= day","daily",NA,NA,NA
"2012-08-18",2.646,FALSE,NA,NA,"<= day","daily",NA,NA,NA
"2012-08-19",2.546,FALSE,NA,NA,"<= day","daily",NA,NA,NA
"2012-08-20",2.471,FALSE,NA,NA,"<= day","daily",NA,NA,NA
"2012-08-21",2.392,FALSE,NA,NA,"<= day","daily",NA,NA,NA
"2012-08-22",2.321,FALSE,NA,NA,"<= day","daily",NA,NA,NA
"2012-08-23",2.29,FALSE,NA,NA,"<= day","daily",NA,NA,NA
"2012-08-24",2.626,FALSE,NA,NA,"<= day","daily",NA,NA,NA
"2012-08-25",2.982,FALSE,NA,NA,"<= day","daily",NA,NA,NA
"2012-08-26",2.662,FALSE,NA,NA,"<= day","daily",NA,NA,NA
"2012-08-27",2.453,FALSE,NA,NA,"<= day","daily",NA,NA,NA
"2012-08-28",2.773,FALSE,NA,NA,"<= day","daily",NA,NA,NA
"2012-08-29",2.937,FALSE,NA,NA,"<= day","daily",NA,NA,NA
"2012-08-30",2.914,FALSE,NA,NA,"<= day","daily",NA,NA,NA
"2012-08-31",3.297,FALSE,NA,NA,"<= day","daily",NA,NA,NA
"2012-09-01",3.351,FALSE,NA,NA,"<= day","daily",NA,NA,NA
"2012-09-02",3.139,FALSE,NA,NA,"<= day","daily",NA,NA,NA
"2012-09-03",2.92,FALSE,NA,NA,"<= day","daily",NA,NA,NA
"2012-09-04",2.763,FALSE,NA,NA,"<= day","daily",NA,NA,NA
"2012-09-05",2.628,FALSE,NA,NA,"<= day","daily",NA,NA,NA
"2012-09-06",2.517,FALSE,NA,NA,"<= day","daily",NA,NA,NA
"2012-09-07",2.408,FALSE,NA,NA,"<= day","daily",NA,NA,NA
"2012-09-08",2.304,FALSE,NA,NA,"<= day","daily",NA,NA,NA
"2012-09-09",2.217,FALSE,NA,NA,"<= day","daily",NA,NA,NA
"2012-09-10",2.13,FALSE,NA,NA,"<= day","daily",NA,NA,NA
"2012-09-11",2.052,FALSE,NA,NA,"<= day","daily",NA,NA,NA
"2012-09-20",2.366,FALSE,NA,NA,"<= day","daily",NA,NA,NA
"2012-09-21",2.305,FALSE,NA,NA,"<= day","daily",NA,NA,NA
"2012-09-22",3.608,FALSE,NA,NA,"<= day","daily",NA,NA,NA
"2012-09-23",3.178,FALSE,NA,NA,"<= day","daily",NA,NA,NA
"2012-09-24",2.854,FALSE,NA,NA,"<= day","daily",NA,NA,NA
"2012-09-25",2.631,FALSE,NA,NA,"<= day","daily",NA,NA,NA
"2012-09-26",2.462,FALSE,NA,NA,"<= day","daily",NA,NA,NA
"2012-09-27",2.492,FALSE,NA,NA,"<= day","daily",NA,NA,NA
"2012-09-28",2.358,FALSE,NA,NA,"<= day","daily",NA,NA,NA
"2012-09-29",2.261,FALSE,NA,NA,"<= day","daily",NA,NA,NA
"2012-09-30",2.199,FALSE,NA,NA,"<= day","daily",NA,NA,NA
"2012-10-01",2.125,FALSE,NA,NA,"<= day","daily",NA,NA,NA
"2012-10-02",2.028,FALSE,NA,NA,"<= day","daily",NA,NA,NA
"2012-10-03",2.096,FALSE,NA,NA,"<= day","daily",NA,NA,NA
"2012-10-04",2.262,FALSE,NA,NA,"<= day","daily",NA,NA,NA
"2012-10-05",2.158,FALSE,NA,NA,"<= day","daily",NA,NA,NA
"2012-10-06",2.07,FALSE,NA,NA,"<= day","daily",NA,NA,NA
"2012-10-07",2.079,FALSE,NA,NA,"<= day","daily",NA,NA,NA
"2012-10-08",2.014,FALSE,NA,NA,"<= day","daily",NA,NA,NA
"2012-10-09",3.051,FALSE,NA,NA,"<= day","daily",NA,NA,NA
"2012-10-10",6.148,FALSE,NA,NA,"<= day","daily",NA,NA,NA
"2012-10-11",6.526,FALSE,NA,NA,"<= day","daily",NA,NA,NA
"2012-10-12",5.128,FALSE,NA,NA,"<= day","daily",NA,NA,NA
"2012-10-13",4.409,FALSE,NA,NA,"<= day","daily",NA,NA,NA
"2012-10-14",3.977,FALSE,NA,NA,"<= day","daily",NA,NA,NA
"2012-10-15",3.617,FALSE,NA,NA,"<= day","daily",NA,NA,NA
"2012-10-16",3.337,FALSE,NA,NA,"<= day","daily",NA,NA,NA
"2012-10-17",3.137,FALSE,NA,NA,"<= day","daily",NA,NA,NA
"2012-10-18",2.95,FALSE,NA,NA,"<= day","daily",NA,NA,NA
"2012-10-19",2.804,FALSE,NA,NA,"<= day","daily",NA,NA,NA
"2012-10-20",2.67,FALSE,NA,NA,"<= day","daily",NA,NA,NA
"2012-10-21",2.549,FALSE,NA,NA,"<= day","daily",NA,NA,NA
"2012-10-22",2.43,FALSE,NA,NA,"<= day","daily",NA,NA,NA
"2012-10-23",2.329,FALSE,NA,NA,"<= day","daily",NA,NA,NA
"2012-10-24",2.236,FALSE,NA,NA,"<= day","daily",NA,NA,NA
"2012-10-25",2.144,FALSE,NA,NA,"<= day","daily",NA,NA,NA
"2012-10-26",2.207,FALSE,NA,NA,"<= day","daily",NA,NA,NA
"2012-10-27",2.776,FALSE,NA,NA,"<= day","daily",NA,NA,NA
"2012-10-28",2.804,FALSE,NA,NA,"<= day","daily",NA,NA,NA
"2012-10-29",2.692,FALSE,NA,NA,"<= day","daily",NA,NA,NA
"2012-10-30",2.638,FALSE,NA,NA,"<= day","daily",NA,NA,NA
"2012-10-31",2.628,FALSE,NA,NA,"<= day","daily",NA,NA,NA
"2012-11-01",2.442,FALSE,NA,NA,"<= day","daily",NA,NA,NA
"2012-11-02",2.285,FALSE,NA,NA,"<= day","daily",NA,NA,NA
"2012-11-03",2.256,FALSE,NA,NA,"<= day","daily",NA,NA,NA
"2012-11-04",3.197,FALSE,NA,NA,"<= day","daily",NA,NA,NA
"2012-11-05",7.715,FALSE,NA,NA,"<= day","daily",NA,NA,NA
"2012-11-06",8.145,FALSE,NA,NA,"<= day","daily",NA,NA,NA
"2012-11-07",8.05,FALSE,NA,NA,"<= day","daily",NA,NA,NA
"2012-11-08",7.575,FALSE,NA,NA,"<= day","daily",NA,NA,NA
"2012-11-09",7.064,FALSE,NA,NA,"<= day","daily",NA,NA,NA
"2012-11-10",7.466,FALSE,NA,NA,"<= day","daily",NA,NA,NA
"2012-11-11",9.533,FALSE,NA,NA,"<= day","daily",NA,NA,NA
"2012-11-12",9.549,FALSE,NA,NA,"<= day","daily",NA,NA,NA
"2012-11-13",9.305,FALSE,NA,NA,"<= day","daily",NA,NA,NA
"2012-12-03",10.232,FALSE,NA,NA,"<= day","daily",NA,NA,NA
"2012-12-04",10.526,FALSE,NA,NA,"<= day","daily",NA,NA,NA
"2012-12-05",10.568,FALSE,NA,NA,"<= day","daily",NA,NA,NA
"2012-12-06",10.448,FALSE,NA,NA,"<= day","daily",NA,NA,NA
"2012-12-07",10.413,FALSE,NA,NA,"<= day","daily",NA,NA,NA
"2012-12-08",10.295,FALSE,NA,NA,"<= day","daily",NA,NA,NA
"2012-12-09",10.229,FALSE,NA,NA,"<= day","daily",NA,NA,NA
"2012-12-10",10.223,FALSE,NA,NA,"<= day","daily",NA,NA,NA
"2012-12-11",10.131,FALSE,NA,NA,"<= day","daily",NA,NA,NA
"2012-12-12",10.045,FALSE,NA,NA,"<= day","daily",NA,NA,NA
"2012-12-13",9.942,FALSE,NA,NA,"<= day","daily",NA,NA,NA
"2012-12-14",9.839,FALSE,NA,NA,"<= day","daily",NA,NA,NA
"2012-12-15",10.214,FALSE,NA,NA,"<= day","daily",NA,NA,NA
"2012-12-16",10.563,FALSE,NA,NA,"<= day","daily",NA,NA,NA
"2012-12-17",10.563,FALSE,NA,NA,"<= day","daily",NA,NA,NA
"2012-12-18",10.819,FALSE,NA,NA,"<= day","daily",NA,NA,NA
"2012-12-19",11.12,FALSE,NA,NA,"<= day","daily",NA,NA,NA
"2012-12-20",11.105,FALSE,NA,NA,"<= day","daily",NA,NA,NA
"2013-01-04",11.579,FALSE,NA,NA,"<= day","daily",NA,NA,NA
"2013-01-05",11.417,FALSE,NA,NA,"<= day","daily",NA,NA,NA
"2013-01-06",11.219,FALSE,NA,NA,"<= day","daily",NA,NA,NA
"2013-01-07",10.973,FALSE,NA,NA,"<= day","daily",NA,NA,NA
"2013-01-08",10.688,FALSE,NA,NA,"<= day","daily",NA,NA,NA
"2013-01-09",10.437,FALSE,NA,NA,"<= day","daily",NA,NA,NA
"2013-01-10",10.162,FALSE,NA,NA,"<= day","daily",NA,NA,NA
"2013-01-11",10.156,FALSE,NA,NA,"<= day","daily",NA,NA,NA
"2013-01-12",10.001,FALSE,NA,NA,"<= day","daily",NA,NA,NA
"2013-01-13",9.83,FALSE,NA,NA,"<= day","daily",NA,NA,NA
"2013-01-14",9.664,FALSE,NA,NA,"<= day","daily",NA,NA,NA
"2013-01-15",9.547,FALSE,NA,NA,"<= day","daily",NA,NA,NA
"2013-01-16",9.419,FALSE,NA,NA,"<= day","daily",NA,NA,NA
"2013-01-17",9.257,FALSE,NA,NA,"<= day","daily",NA,NA,NA
"2013-01-18",9.136,FALSE,NA,NA,"<= day","daily",NA,NA,NA
"2013-01-19",9.013,FALSE,NA,NA,"<= day","daily",NA,NA,NA
"2013-01-20",8.864,FALSE,NA,NA,"<= day","daily",NA,NA,NA
"2013-01-21",8.637,FALSE,NA,NA,"<= day","daily",NA,NA,NA
"2013-01-22",8.354,FALSE,NA,NA,"<= day","daily",NA,NA,NA
"2013-01-23",8.058,FALSE,NA,NA,"<= day","daily",NA,NA,NA
"2013-01-24",7.793,FALSE,NA,NA,"<= day","daily",NA,NA,NA
"2013-01-25",7.451,FALSE,NA,NA,"<= day","daily",NA,NA,NA
"2013-01-26",7.126,FALSE,NA,NA,"<= day","daily",NA,NA,NA
"2013-01-27",6.846,FALSE,NA,NA,"<= day","daily",NA,NA,NA
"2013-01-28",7.075,FALSE,NA,NA,"<= day","daily",NA,NA,NA
"2013-01-29",7.323,FALSE,NA,NA,"<= day","daily",NA,NA,NA
"2013-02-13",11.436,FALSE,NA,NA,"<= day","daily",NA,NA,NA
"2013-02-14",11.312,FALSE,NA,NA,"<= day","daily",NA,NA,NA
"2013-02-15",11.129,FALSE,NA,NA,"<= day","daily",NA,NA,NA
"2013-02-16",10.889,FALSE,NA,NA,"<= day","daily",NA,NA,NA
"2013-02-17",10.725,FALSE,NA,NA,"<= day","daily",NA,NA,NA
"2013-02-18",10.474,FALSE,NA,NA,"<= day","daily",NA,NA,NA
"2013-02-19",10.269,FALSE,NA,NA,"<= day","daily",NA,NA,NA
"2013-02-20",10.055,FALSE,NA,NA,"<= day","daily",NA,NA,NA
"2013-02-21",9.854,FALSE,NA,NA,"<= day","daily",NA,NA,NA
"2013-02-22",9.654,FALSE,NA,NA,"<= day","daily",NA,NA,NA
"2013-02-23",9.441,FALSE,NA,NA,"<= day","daily",NA,NA,NA
"2013-02-24",9.233,FALSE,NA,NA,"<= day","daily",NA,NA,NA
"2013-02-25",9.014,FALSE,NA,NA,"<= day","daily",NA,NA,NA
"2013-02-26",8.811,FALSE,NA,NA,"<= day","daily",NA,NA,NA
"2013-02-27",8.554,FALSE,NA,NA,"<= day","daily",NA,NA,NA
"2013-02-28",8.758,FALSE,NA,NA,"<= day","daily",NA,NA,NA
"2013-03-01",9.098,FALSE,NA,NA,"<= day","daily",NA,NA,NA
"2013-03-02",8.769,FALSE,NA,NA,"<= day","daily",NA,NA,NA
"2013-03-03",8.406,FALSE,NA,NA,"<= day","daily",NA,NA,NA
"2013-03-04",8.039,FALSE,NA,NA,"<= day","daily",NA,NA,NA
"2013-03-05",7.861,FALSE,NA,NA,"<= day","daily",NA,NA,NA
"2013-03-06",8.03,FALSE,NA,NA,"<= day","daily",NA,NA,NA
"2013-03-07",8.308,FALSE,NA,NA,"<= day","daily",NA,NA,NA
"2013-03-08",8.183,FALSE,NA,NA,"<= day","daily",NA,NA,NA
"2013-03-09",8.078,FALSE,NA,NA,"<= day","daily",NA,NA,NA
"2013-03-10",7.995,FALSE,NA,NA,"<= day","daily",NA,NA,NA
"2013-03-11",7.956,FALSE,NA,NA,"<= day","daily",NA,NA,NA
"2013-03-12",7.97,FALSE,NA,NA,"<= day","daily",NA,NA,NA
"2013-03-13",7.811,FALSE,NA,NA,"<= day","daily",NA,NA,NA
"2013-03-14",7.575,FALSE,NA,NA,"<= day","daily",NA,NA,NA
"2013-03-15",7.37,FALSE,NA,NA,"<= day","daily",NA,NA,NA
"2013-03-16",7.22,FALSE,NA,NA,"<= day","daily",NA,NA,NA
"2013-03-17",7.175,FALSE,NA,NA,"<= day","daily",NA,NA,NA
"2013-03-18",7.417,FALSE,NA,NA,"<= day","daily",NA,NA,NA
"2013-03-19",7.637,FALSE,NA,NA,"<= day","daily",NA,NA,NA
"2013-03-20",7.573,FALSE,NA,NA,"<= day","daily",NA,NA,NA
"2013-03-21",7.491,FALSE,NA,NA,"<= day","daily",NA,NA,NA
"2013-03-22",7.509,FALSE,NA,NA,"<= day","daily",NA,NA,NA
"2013-03-23",7.484,FALSE,NA,NA,"<= day","daily",NA,NA,NA
"2013-03-24",7.394,FALSE,NA,NA,"<= day","daily",NA,NA,NA
"2013-03-25",7.301,FALSE,NA,NA,"<= day","daily",NA,NA,NA
"2013-03-26",7.667,FALSE,NA,NA,"<= day","daily",NA,NA,NA
"2013-03-27",8.353,FALSE,NA,NA,"<= day","daily",NA,NA,NA
"2013-03-28",8.286,FALSE,NA,NA,"<= day","daily",NA,NA,NA
"2013-03-29",8.714,FALSE,NA,NA,"<= day","daily",NA,NA,NA
"2013-03-30",8.893,FALSE,NA,NA,"<= day","daily",NA,NA,NA
"2013-03-31",9.049,FALSE,NA,NA,"<= day","daily",NA,NA,NA
"2013-04-01",9.185,FALSE,NA,NA,"<= day","daily",NA,NA,NA
"2013-04-02",9.182,FALSE,NA,NA,"<= day","daily",NA,NA,NA
"2013-04-03",9.136,FALSE,NA,NA,"<= day","daily",NA,NA,NA
"2013-04-04",9.104,FALSE,NA,NA,"<= day","daily",NA,NA,NA
"2013-04-05",9.055,FALSE,NA,NA,"<= day","daily",NA,NA,NA
"2013-04-06",8.996,FALSE,NA,NA,"<= day","daily",NA,NA,NA
"2013-04-07",8.882,FALSE,NA,NA,"<= day","daily",NA,NA,NA
"2013-04-08",8.858,FALSE,NA,NA,"<= day","daily",NA,NA,NA
"2013-04-09",8.745,FALSE,NA,NA,"<= day","daily",NA,NA,NA
"2013-04-10",8.708,FALSE,NA,NA,"<= day","daily",NA,NA,NA
"2013-04-11",8.738,FALSE,NA,NA,"<= day","daily",NA,NA,NA
"2013-04-12",9.667,FALSE,NA,NA,"<= day","daily",NA,NA,NA
"2013-04-13",10.047,FALSE,NA,NA,"<= day","daily",NA,NA,NA
"2013-04-14",9.981,FALSE,NA,NA,"<= day","daily",NA,NA,NA
"2013-04-15",9.895,FALSE,NA,NA,"<= day","daily",NA,NA,NA
"2013-04-16",9.889,FALSE,NA,NA,"<= day","daily",NA,NA,NA
"2013-04-17",9.994,FALSE,NA,NA,"<= day","daily",NA,NA,NA
"2013-04-18",9.972,FALSE,NA,NA,"<= day","daily",NA,NA,NA
"2013-04-19",9.923,FALSE,NA,NA,"<= day","daily",NA,NA,NA
"2013-04-20",10.118,FALSE,NA,NA,"<= day","daily",NA,NA,NA
"2013-04-21",10.047,FALSE,NA,NA,"<= day","daily",NA,NA,NA
"2013-04-22",9.909,FALSE,NA,NA,"<= day","daily",NA,NA,NA
"2013-04-23",10.415,FALSE,NA,NA,"<= day","daily",NA,NA,NA
"2013-04-24",11.315,FALSE,NA,NA,"<= day","daily",NA,NA,NA
"2013-04-25",11.206,FALSE,NA,NA,"<= day","daily",NA,NA,NA
"2013-04-26",11.13,FALSE,NA,NA,"<= day","daily",NA,NA,NA
"2013-04-27",11.022,FALSE,NA,NA,"<= day","daily",NA,NA,NA
"2013-04-28",10.928,FALSE,NA,NA,"<= day","daily",NA,NA,NA
"2013-04-29",10.724,FALSE,NA,NA,"<= day","daily",NA,NA,NA
"2013-04-30",10.536,FALSE,NA,NA,"<= day","daily",NA,NA,NA
"2013-05-01",10.356,FALSE,NA,NA,"<= day","daily",NA,NA,NA
"2013-05-02",10.185,FALSE,NA,NA,"<= day","daily",NA,NA,NA
"2013-05-03",10.031,FALSE,NA,NA,"<= day","daily",NA,NA,NA
"2013-05-04",9.858,FALSE,NA,NA,"<= day","daily",NA,NA,NA
"2013-05-05",9.708,FALSE,NA,NA,"<= day","daily",NA,NA,NA
"2013-05-06",9.493,FALSE,NA,NA,"<= day","daily",NA,NA,NA
"2013-05-07",9.185,FALSE,NA,NA,"<= day","daily",NA,NA,NA
"2013-05-08",8.876,FALSE,NA,NA,"<= day","daily",NA,NA,NA
"2013-05-09",8.572,FALSE,NA,NA,"<= day","daily",NA,NA,NA
"2013-05-10",8.275,FALSE,NA,NA,"<= day","daily",NA,NA,NA
"2013-05-11",7.984,FALSE,NA,NA,"<= day","daily",NA,NA,NA
"2013-05-12",7.699,FALSE,NA,NA,"<= day","daily",NA,NA,NA
"2013-05-13",7.42,FALSE,NA,NA,"<= day","daily",NA,NA,NA
"2013-05-14",7.147,FALSE,NA,NA,"<= day","daily",NA,NA,NA
"2013-05-15",6.857,FALSE,NA,NA,"<= day","daily",NA,NA,NA
"2013-05-16",6.536,FALSE,NA,NA,"<= day","daily",NA,NA,NA
"2013-05-17",6.301,FALSE,NA,NA,"<= day","daily",NA,NA,NA
"2013-05-18",5.979,FALSE,NA,NA,"<= day","daily",NA,NA,NA
"2013-05-19",5.687,FALSE,NA,NA,"<= day","daily",NA,NA,NA
"2013-05-20",5.368,FALSE,NA,NA,"<= day","daily",NA,NA,NA
"2013-05-21",5.531,FALSE,NA,NA,"<= day","daily",NA,NA,NA
"2013-05-22",6.224,FALSE,NA,NA,"<= day","daily",NA,NA,NA
"2013-05-23",6.437,FALSE,NA,NA,"<= day","daily",NA,NA,NA
"2013-05-24",7.264,FALSE,NA,NA,"<= day","daily",NA,NA,NA
"2013-05-25",7.351,FALSE,NA,NA,"<= day","daily",NA,NA,NA
"2013-05-26",7.336,FALSE,NA,NA,"<= day","daily",NA,NA,NA
"2013-05-27",8.337,FALSE,NA,NA,"<= day","daily",NA,NA,NA
"2013-05-28",8.707,FALSE,NA,NA,"<= day","daily",NA,NA,NA
"2013-06-20",8.171,FALSE,NA,NA,"<= day","daily",NA,NA,NA
"2013-06-21",7.791,FALSE,NA,NA,"<= day","daily",NA,NA,NA
"2013-06-22",7.31,FALSE,NA,NA,"<= day","daily",NA,NA,NA
"2013-06-23",6.839,FALSE,NA,NA,"<= day","daily",NA,NA,NA
"2013-06-24",6.394,FALSE,NA,NA,"<= day","daily",NA,NA,NA
"2013-06-25",6.051,FALSE,NA,NA,"<= day","daily",NA,NA,NA
"2013-06-26",5.656,FALSE,NA,NA,"<= day","daily",NA,NA,NA
"2013-06-27",6.082,FALSE,NA,NA,"<= day","daily",NA,NA,NA
"2013-06-28",6.166,FALSE,NA,NA,"<= day","daily",NA,NA,NA
"2013-06-29",6.005,FALSE,NA,NA,"<= day","daily",NA,NA,NA
"2013-06-30",5.745,FALSE,NA,NA,"<= day","daily",NA,NA,NA
"2013-07-01",5.382,FALSE,NA,NA,"<= day","daily",NA,NA,NA
"2013-07-02",5.116,FALSE,NA,NA,"<= day","daily",NA,NA,NA
"2013-07-03",5.487,FALSE,NA,NA,"<= day","daily",NA,NA,NA
"2013-07-04",5.901,FALSE,NA,NA,"<= day","daily",NA,NA,NA
"2013-07-05",5.226,FALSE,NA,NA,"<= day","daily",NA,NA,NA
"2013-07-06",4.848,FALSE,NA,NA,"<= day","daily",NA,NA,NA
"2013-07-07",4.554,FALSE,NA,NA,"<= day","daily",NA,NA,NA
"2013-07-08",4.315,FALSE,NA,NA,"<= day","daily",NA,NA,NA
"2013-07-09",4.162,FALSE,NA,NA,"<= day","daily",NA,NA,NA
"2013-07-10",3.97,FALSE,NA,NA,"<= day","daily",NA,NA,NA
"2013-07-11",3.79,FALSE,NA,NA,"<= day","daily",NA,NA,NA
"2013-07-12",3.62,FALSE,NA,NA,"<= day","daily",NA,NA,NA
"2013-07-13",3.475,FALSE,NA,NA,"<= day","daily",NA,NA,NA
"2013-07-14",3.324,FALSE,NA,NA,"<= day","daily",NA,NA,NA
"2013-07-15",3.191,FALSE,NA,NA,"<= day","daily",NA,NA,NA
"2013-07-16",3.051,FALSE,NA,NA,"<= day","daily",NA,NA,NA
"2013-07-17",2.941,FALSE,NA,NA,"<= day","daily",NA,NA,NA
"2013-07-18",2.846,FALSE,NA,NA,"<= day","daily",NA,NA,NA
"2013-07-19",2.73,FALSE,NA,NA,"<= day","daily",NA,NA,NA
"2013-07-20",2.624,FALSE,NA,NA,"<= day","daily",NA,NA,NA
"2013-07-21",2.523,FALSE,NA,NA,"<= day","daily",NA,NA,NA
"2013-07-22",2.443,FALSE,NA,NA,"<= day","daily",NA,NA,NA
"2013-07-23",2.359,FALSE,NA,NA,"<= day","daily",NA,NA,NA
"2013-07-24",2.279,FALSE,NA,NA,"<= day","daily",NA,NA,NA
"2013-07-25",2.55,FALSE,NA,NA,"<= day","daily",NA,NA,NA
"2013-07-26",2.7,FALSE,NA,NA,"<= day","daily",NA,NA,NA
"2013-07-27",2.623,FALSE,NA,NA,"<= day","daily",NA,NA,NA
"2013-07-28",2.558,FALSE,NA,NA,"<= day","daily",NA,NA,NA
"2013-07-29",4.486,FALSE,NA,NA,"<= day","daily",NA,NA,NA
"2013-07-30",4.142,FALSE,NA,NA,"<= day","daily",NA,NA,NA
"2013-07-31",3.454,FALSE,NA,NA,"<= day","daily",NA,NA,NA
"2013-08-01",3.077,FALSE,NA,NA,"<= day","daily",NA,NA,NA
"2013-08-02",2.845,FALSE,NA,NA,"<= day","daily",NA,NA,NA
"2013-08-03",2.679,FALSE,NA,NA,"<= day","daily",NA,NA,NA
"2013-08-04",2.588,FALSE,NA,NA,"<= day","daily",NA,NA,NA
"2013-08-05",2.505,FALSE,NA,NA,"<= day","daily",NA,NA,NA
"2013-08-06",2.373,FALSE,NA,NA,"<= day","daily",NA,NA,NA
"2013-08-07",2.787,FALSE,NA,NA,"<= day","daily",NA,NA,NA
"2013-08-08",2.719,FALSE,NA,NA,"<= day","daily",NA,NA,NA
"2013-08-09",2.471,FALSE,NA,NA,"<= day","daily",NA,NA,NA
"2013-08-10",2.307,FALSE,NA,NA,"<= day","daily",NA,NA,NA
"2013-08-11",2.198,FALSE,NA,NA,"<= day","daily",NA,NA,NA
"2013-08-12",2.089,FALSE,NA,NA,"<= day","daily",NA,NA,NA
"2013-08-13",2.001,FALSE,NA,NA,"<= day","daily",NA,NA,NA
"2013-08-14",1.905,FALSE,NA,NA,"<= day","daily",NA,NA,NA
"2013-08-15",1.838,FALSE,NA,NA,"<= day","daily",NA,NA,NA
"2013-08-16",1.776,FALSE,NA,NA,"<= day","daily",NA,NA,NA
"2013-08-17",1.709,FALSE,NA,NA,"<= day","daily",NA,NA,NA
"2013-08-18",1.644,FALSE,NA,NA,"<= day","daily",NA,NA,NA
"2013-08-19",1.593,FALSE,NA,NA,"<= day","daily",NA,NA,NA
"2013-08-20",1.547,FALSE,NA,NA,"<= day","daily",NA,NA,NA
"2013-08-21",1.504,FALSE,NA,NA,"<= day","daily",NA,NA,NA
"2013-08-22",1.461,FALSE,NA,NA,"<= day","daily",NA,NA,NA
"2013-08-23",1.42,FALSE,NA,NA,"<= day","daily",NA,NA,NA
"2013-08-24",1.524,FALSE,NA,NA,"<= day","daily",NA,NA,NA
"2013-08-25",1.602,FALSE,NA,NA,"<= day","daily",NA,NA,NA
"2013-08-26",1.425,FALSE,NA,NA,"<= day","daily",NA,NA,NA
"2013-08-27",1.356,FALSE,NA,NA,"<= day","daily",NA,NA,NA
"2013-08-28",1.329,FALSE,NA,NA,"<= day","daily",NA,NA,NA
"2013-08-29",1.288,FALSE,NA,NA,"<= day","daily",NA,NA,NA
"2013-08-30",1.242,FALSE,NA,NA,"<= day","daily",NA,NA,NA
"2013-08-31",1.212,FALSE,NA,NA,"<= day","daily",NA,NA,NA
"2013-09-01",1.182,FALSE,NA,NA,"<= day","daily",NA,NA,NA
"2013-09-02",1.153,FALSE,NA,NA,"<= day","daily",NA,NA,NA
"2013-09-03",1.131,FALSE,NA,NA,"<= day","daily",NA,NA,NA
"2013-09-04",1.099,FALSE,NA,NA,"<= day","daily",NA,NA,NA
"2013-09-05",1.08,FALSE,NA,NA,"<= day","daily",NA,NA,NA
"2013-09-06",1.054,FALSE,NA,NA,"<= day","daily",NA,NA,NA
"2013-09-07",1.045,FALSE,NA,NA,"<= day","daily",NA,NA,NA
"2013-09-08",1.599,FALSE,NA,NA,"<= day","daily",NA,NA,NA
"2013-09-09",1.774,FALSE,NA,NA,"<= day","daily",NA,NA,NA
"2013-09-10",1.639,FALSE,NA,NA,"<= day","daily",NA,NA,NA
"2013-09-11",1.773,FALSE,NA,NA,"<= day","daily",NA,NA,NA
"2013-09-12",2.266,FALSE,NA,NA,"<= day","daily",NA,NA,NA
"2013-09-13",1.964,FALSE,NA,NA,"<= day","daily",NA,NA,NA
"2013-09-14",1.759,FALSE,NA,NA,"<= day","daily",NA,NA,NA
"2013-09-15",1.872,FALSE,NA,NA,"<= day","daily",NA,NA,NA
"2013-09-16",2.207,FALSE,NA,NA,"<= day","daily",NA,NA,NA
"2013-09-17",2.846,FALSE,NA,NA,"<= day","daily",NA,NA,NA
"2013-09-18",2.501,FALSE,NA,NA,"<= day","daily",NA,NA,NA
"2013-09-19",2.377,FALSE,NA,NA,"<= day","daily",NA,NA,NA
"2013-09-20",2.132,FALSE,NA,NA,"<= day","daily",NA,NA,NA
"2013-09-21",1.904,FALSE,NA,NA,"<= day","daily",NA,NA,NA
"2013-09-22",1.776,FALSE,NA,NA,"<= day","daily",NA,NA,NA
"2013-09-23",1.677,FALSE,NA,NA,"<= day","daily",NA,NA,NA
"2013-09-24",1.597,FALSE,NA,NA,"<= day","daily",NA,NA,NA
"2013-09-25",1.506,FALSE,NA,NA,"<= day","daily",NA,NA,NA
"2013-09-26",1.439,FALSE,NA,NA,"<= day","daily",NA,NA,NA
"2013-09-27",1.555,FALSE,NA,NA,"<= day","daily",NA,NA,NA
"2013-09-28",1.708,FALSE,NA,NA,"<= day","daily",NA,NA,NA
"2013-09-29",1.674,FALSE,NA,NA,"<= day","daily",NA,NA,NA
"2013-09-30",1.605,FALSE,NA,NA,"<= day","daily",NA,NA,NA
"2013-10-01",1.541,FALSE,NA,NA,"<= day","daily",NA,NA,NA
"2013-10-02",1.485,FALSE,NA,NA,"<= day","daily",NA,NA,NA
"2013-10-03",1.445,FALSE,NA,NA,"<= day","daily",NA,NA,NA
"2013-10-04",1.402,FALSE,NA,NA,"<= day","daily",NA,NA,NA
"2013-10-05",1.591,FALSE,NA,NA,"<= day","daily",NA,NA,NA
"2013-10-06",1.695,FALSE,NA,NA,"<= day","daily",NA,NA,NA
"2013-10-07",1.533,FALSE,NA,NA,"<= day","daily",NA,NA,NA
"2013-10-08",1.438,FALSE,NA,NA,"<= day","daily",NA,NA,NA
"2013-10-09",1.4,FALSE,NA,NA,"<= day","daily",NA,NA,NA
"2013-10-10",1.958,FALSE,NA,NA,"<= day","daily",NA,NA,NA
"2013-10-11",1.909,FALSE,NA,NA,"<= day","daily",NA,NA,NA
"2013-10-12",1.654,FALSE,NA,NA,"<= day","daily",NA,NA,NA
"2013-10-13",1.564,FALSE,NA,NA,"<= day","daily",NA,NA,NA
"2013-10-14",1.519,FALSE,NA,NA,"<= day","daily",NA,NA,NA
"2013-10-15",1.545,FALSE,NA,NA,"<= day","daily",NA,NA,NA
"2013-10-16",2.714,FALSE,NA,NA,"<= day","daily",NA,NA,NA
"2013-10-17",2.299,FALSE,NA,NA,"<= day","daily",NA,NA,NA
"2013-10-18",2.028,FALSE,NA,NA,"<= day","daily",NA,NA,NA
"2013-10-19",1.84,FALSE,NA,NA,"<= day","daily",NA,NA,NA
"2013-10-20",1.717,FALSE,NA,NA,"<= day","daily",NA,NA,NA
"2013-10-21",1.657,FALSE,NA,NA,"<= day","daily",NA,NA,NA
"2013-10-22",1.624,FALSE,NA,NA,"<= day","daily",NA,NA,NA
"2013-10-23",1.687,FALSE,NA,NA,"<= day","daily",NA,NA,NA
"2013-10-24",1.795,FALSE,NA,NA,"<= day","daily",NA,NA,NA
"2013-10-25",1.615,FALSE,NA,NA,"<= day","daily",NA,NA,NA
"2013-10-26",1.498,FALSE,NA,NA,"<= day","daily",NA,NA,NA
"2013-10-27",1.732,FALSE,NA,NA,"<= day","daily",NA,NA,NA
"2013-10-28",1.935,FALSE,NA,NA,"<= day","daily",NA,NA,NA
"2013-10-29",3.397,FALSE,NA,NA,"<= day","daily",NA,NA,NA
"2013-10-30",2.92,FALSE,NA,NA,"<= day","daily",NA,NA,NA
"2013-10-31",2.575,FALSE,NA,NA,"<= day","daily",NA,NA,NA
"2013-11-01",2.365,FALSE,NA,NA,"<= day","daily",NA,NA,NA
"2013-11-02",2.476,FALSE,NA,NA,"<= day","daily",NA,NA,NA
"2013-11-03",5.58,FALSE,NA,NA,"<= day","daily",NA,NA,NA
"2013-11-04",6.172,FALSE,NA,NA,"<= day","daily",NA,NA,NA
"2013-11-05",5.563,FALSE,NA,NA,"<= day","daily",NA,NA,NA
"2013-11-06",6.13,FALSE,NA,NA,"<= day","daily",NA,NA,NA
"2013-11-07",6.338,FALSE,NA,NA,"<= day","daily",NA,NA,NA
"2013-11-08",5.993,FALSE,NA,NA,"<= day","daily",NA,NA,NA
"2013-11-09",6.469,FALSE,NA,NA,"<= day","daily",NA,NA,NA
"2013-11-10",6.911,FALSE,NA,NA,"<= day","daily",NA,NA,NA
"2013-11-11",8.502,FALSE,NA,NA,"<= day","daily",NA,NA,NA
"2013-11-12",8.368,FALSE,NA,NA,"<= day","daily",NA,NA,NA
"2013-11-13",7.865,FALSE,NA,NA,"<= day","daily",NA,NA,NA
"2013-11-14",7.238,FALSE,NA,NA,"<= day","daily",NA,NA,NA
"2013-11-15",6.657,FALSE,NA,NA,"<= day","daily",NA,NA,NA
"2013-11-16",6.213,FALSE,NA,NA,"<= day","daily",NA,NA,NA
"2013-11-17",5.875,FALSE,NA,NA,"<= day","daily",NA,NA,NA
"2013-11-18",5.553,FALSE,NA,NA,"<= day","daily",NA,NA,NA
"2013-11-19",5.212,FALSE,NA,NA,"<= day","daily",NA,NA,NA
"2013-11-20",5.166,FALSE,NA,NA,"<= day","daily",NA,NA,NA
"2013-11-21",5.159,FALSE,NA,NA,"<= day","daily",NA,NA,NA
"2013-11-22",4.943,FALSE,NA,NA,"<= day","daily",NA,NA,NA
"2013-11-23",5.4,FALSE,NA,NA,"<= day","daily",NA,NA,NA
"2013-11-24",6.386,FALSE,NA,NA,"<= day","daily",NA,NA,NA
"2013-11-25",6.721,FALSE,NA,NA,"<= day","daily",NA,NA,NA
"2013-11-26",6.645,FALSE,NA,NA,"<= day","daily",NA,NA,NA
"2013-11-27",6.479,FALSE,NA,NA,"<= day","daily",NA,NA,NA
"2013-11-28",6.762,FALSE,NA,NA,"<= day","daily",NA,NA,NA
"2013-11-29",7.275,FALSE,NA,NA,"<= day","daily",NA,NA,NA
"2013-11-30",7.339,FALSE,NA,NA,"<= day","daily",NA,NA,NA
"2013-12-01",7.288,FALSE,NA,NA,"<= day","daily",NA,NA,NA
"2013-12-02",7.032,FALSE,NA,NA,"<= day","daily",NA,NA,NA
"2013-12-03",6.848,FALSE,NA,NA,"<= day","daily",NA,NA,NA
"2013-12-04",6.613,FALSE,NA,NA,"<= day","daily",NA,NA,NA
"2013-12-05",6.38,FALSE,NA,NA,"<= day","daily",NA,NA,NA
"2013-12-06",6.226,FALSE,NA,NA,"<= day","daily",NA,NA,NA
"2013-12-07",6.011,FALSE,NA,NA,"<= day","daily",NA,NA,NA
"2013-12-08",5.762,FALSE,NA,NA,"<= day","daily",NA,NA,NA
"2013-12-09",5.545,FALSE,NA,NA,"<= day","daily",NA,NA,NA
"2013-12-10",5.33,FALSE,NA,NA,"<= day","daily",NA,NA,NA
"2013-12-11",5.14,FALSE,NA,NA,"<= day","daily",NA,NA,NA
"2013-12-12",4.986,FALSE,NA,NA,"<= day","daily",NA,NA,NA
"2013-12-13",4.854,FALSE,NA,NA,"<= day","daily",NA,NA,NA
"2013-12-14",4.687,FALSE,NA,NA,"<= day","daily",NA,NA,NA
"2013-12-15",4.472,FALSE,NA,NA,"<= day","daily",NA,NA,NA
"2013-12-16",4.285,FALSE,NA,NA,"<= day","daily",NA,NA,NA
"2013-12-17",4.156,FALSE,NA,NA,"<= day","daily",NA,NA,NA
"2013-12-18",4.025,FALSE,NA,NA,"<= day","daily",NA,NA,NA
"2013-12-19",4.297,FALSE,NA,NA,"<= day","daily",NA,NA,NA
"2013-12-20",6.242,FALSE,NA,NA,"<= day","daily",NA,NA,NA
"2013-12-21",6.564,FALSE,NA,NA,"<= day","daily",NA,NA,NA
"2013-12-22",6.497,FALSE,NA,NA,"<= day","daily",NA,NA,NA
"2013-12-23",6.467,FALSE,NA,NA,"<= day","daily",NA,NA,NA
"2013-12-24",6.5,FALSE,NA,NA,"<= day","daily",NA,NA,NA
"2013-12-25",6.944,FALSE,NA,NA,"<= day","daily",NA,NA,NA
"2013-12-26",10.001,FALSE,NA,NA,"<= day","daily",NA,NA,NA
"2013-12-27",10.493,FALSE,NA,NA,"<= day","daily",NA,NA,NA
"2013-12-28",10.275,FALSE,NA,NA,"<= day","daily",NA,NA,NA
"2013-12-29",10.152,FALSE,NA,NA,"<= day","daily",NA,NA,NA
"2013-12-30",10.002,FALSE,NA,NA,"<= day","daily",NA,NA,NA
"2013-12-31",9.876,FALSE,NA,NA,"<= day","daily",NA,NA,NA
"2014-01-01",9.831,FALSE,NA,NA,"<= day","daily",NA,NA,NA
"2014-01-02",9.769,FALSE,NA,NA,"<= day","daily",NA,NA,NA
"2014-01-03",9.758,FALSE,NA,NA,"<= day","daily",NA,NA,NA
"2014-01-04",9.762,FALSE,NA,NA,"<= day","daily",NA,NA,NA
"2014-01-05",10.007,FALSE,NA,NA,"<= day","daily",NA,NA,NA
"2014-01-06",9.969,FALSE,NA,NA,"<= day","daily",NA,NA,NA
"2014-01-07",9.777,FALSE,NA,NA,"<= day","daily",NA,NA,NA
"2014-01-08",9.7,FALSE,NA,NA,"<= day","daily",NA,NA,NA
"2014-01-09",9.615,FALSE,NA,NA,"<= day","daily",NA,NA,NA
"2014-01-10",9.521,FALSE,NA,NA,"<= day","daily",NA,NA,NA
"2014-01-11",9.423,FALSE,NA,NA,"<= day","daily",NA,NA,NA
"2014-01-12",9.332,FALSE,NA,NA,"<= day","daily",NA,NA,NA
"2014-01-13",9.222,FALSE,NA,NA,"<= day","daily",NA,NA,NA
"2014-01-14",9.162,FALSE,NA,NA,"<= day","daily",NA,NA,NA
"2014-01-15",9.04,FALSE,NA,NA,"<= day","daily",NA,NA,NA
"2014-01-16",8.932,FALSE,NA,NA,"<= day","daily",NA,NA,NA
"2014-01-17",9.228,FALSE,NA,NA,"<= day","daily",NA,NA,NA
"2014-01-18",9.08,FALSE,NA,NA,"<= day","daily",NA,NA,NA
"2014-01-19",8.932,FALSE,NA,NA,"<= day","daily",NA,NA,NA
"2014-01-20",8.833,FALSE,NA,NA,"<= day","daily",NA,NA,NA
"2014-01-21",8.726,FALSE,NA,NA,"<= day","daily",NA,NA,NA
"2014-01-22",8.683,FALSE,NA,NA,"<= day","daily",NA,NA,NA
"2014-01-23",8.561,FALSE,NA,NA,"<= day","daily",NA,NA,NA
"2014-01-24",8.538,FALSE,NA,NA,"<= day","daily",NA,NA,NA
"2014-01-25",8.444,FALSE,NA,NA,"<= day","daily",NA,NA,NA
"2014-01-26",8.321,FALSE,NA,NA,"<= day","daily",NA,NA,NA
"2014-01-27",8.279,FALSE,NA,NA,"<= day","daily",NA,NA,NA
"2014-01-28",8.243,FALSE,NA,NA,"<= day","daily",NA,NA,NA
"2014-01-29",8.116,FALSE,NA,NA,"<= day","daily",NA,NA,NA
"2014-01-30",9.019,FALSE,NA,NA,"<= day","daily",NA,NA,NA
"2014-01-31",9.436,FALSE,NA,NA,"<= day","daily",NA,NA,NA
"2014-02-01",9.324,FALSE,NA,NA,"<= day","daily",NA,NA,NA
"2014-02-02",9.105,FALSE,NA,NA,"<= day","daily",NA,NA,NA
"2014-02-03",8.957,FALSE,NA,NA,"<= day","daily",NA,NA,NA
"2014-02-04",8.676,FALSE,NA,NA,"<= day","daily",NA,NA,NA
"2014-02-05",8.473,FALSE,NA,NA,"<= day","daily",NA,NA,NA
"2014-02-06",8.221,FALSE,NA,NA,"<= day","daily",NA,NA,NA
"2014-02-07",7.982,FALSE,NA,NA,"<= day","daily",NA,NA,NA
"2014-02-08",7.713,FALSE,NA,NA,"<= day","daily",NA,NA,NA
"2014-02-09",7.456,FALSE,NA,NA,"<= day","daily",NA,NA,NA
"2014-02-10",7.229,FALSE,NA,NA,"<= day","daily",NA,NA,NA
"2014-02-11",6.909,FALSE,NA,NA,"<= day","daily",NA,NA,NA
"2014-02-12",6.659,FALSE,NA,NA,"<= day","daily",NA,NA,NA
"2014-02-13",6.548,FALSE,NA,NA,"<= day","daily",NA,NA,NA
"2014-02-14",6.577,FALSE,NA,NA,"<= day","daily",NA,NA,NA
"2014-02-15",6.471,FALSE,NA,NA,"<= day","daily",NA,NA,NA
"2014-02-16",8.102,FALSE,NA,NA,"<= day","daily",NA,NA,NA
"2014-02-17",8.369,FALSE,NA,NA,"<= day","daily",NA,NA,NA
"2014-02-18",8.38,FALSE,NA,NA,"<= day","daily",NA,NA,NA
"2014-02-19",8.381,FALSE,NA,NA,"<= day","daily",NA,NA,NA
"2014-02-20",8.361,FALSE,NA,NA,"<= day","daily",NA,NA,NA
"2014-02-21",8.29,FALSE,NA,NA,"<= day","daily",NA,NA,NA
"2014-02-22",8.233,FALSE,NA,NA,"<= day","daily",NA,NA,NA
"2014-02-23",8.12,FALSE,NA,NA,"<= day","daily",NA,NA,NA
"2014-02-24",8,FALSE,NA,NA,"<= day","daily",NA,NA,NA
"2014-02-25",7.776,FALSE,NA,NA,"<= day","daily",NA,NA,NA
"2014-02-26",8.069,FALSE,NA,NA,"<= day","daily",NA,NA,NA
"2014-02-27",8.911,FALSE,NA,NA,"<= day","daily",NA,NA,NA
"2014-02-28",9.034,FALSE,NA,NA,"<= day","daily",NA,NA,NA
"2014-03-01",9.009,FALSE,NA,NA,"<= day","daily",NA,NA,NA
"2014-03-02",8.926,FALSE,NA,NA,"<= day","daily",NA,NA,NA
"2014-03-03",8.903,FALSE,NA,NA,"<= day","daily",NA,NA,NA
"2014-03-04",8.757,FALSE,NA,NA,"<= day","daily",NA,NA,NA
"2014-03-05",8.509,FALSE,NA,NA,"<= day","daily",NA,NA,NA
"2014-03-06",8.28,FALSE,NA,NA,"<= day","daily",NA,NA,NA
"2014-03-07",8.061,FALSE,NA,NA,"<= day","daily",NA,NA,NA
"2014-03-08",7.866,FALSE,NA,NA,"<= day","daily",NA,NA,NA
"2014-03-09",7.62,FALSE,NA,NA,"<= day","daily",NA,NA,NA
"2014-03-10",7.351,FALSE,NA,NA,"<= day","daily",NA,NA,NA
"2014-03-11",7.036,FALSE,NA,NA,"<= day","daily",NA,NA,NA
"2014-03-12",6.749,FALSE,NA,NA,"<= day","daily",NA,NA,NA
"2014-03-13",6.501,FALSE,NA,NA,"<= day","daily",NA,NA,NA
"2014-03-14",6.283,FALSE,NA,NA,"<= day","daily",NA,NA,NA
"2014-03-15",6.015,FALSE,NA,NA,"<= day","daily",NA,NA,NA
"2014-03-16",5.772,FALSE,NA,NA,"<= day","daily",NA,NA,NA
"2014-03-17",5.514,FALSE,NA,NA,"<= day","daily",NA,NA,NA
"2014-03-18",5.266,FALSE,NA,NA,"<= day","daily",NA,NA,NA
"2014-03-19",4.984,FALSE,NA,NA,"<= day","daily",NA,NA,NA
"2014-03-20",4.811,FALSE,NA,NA,"<= day","daily",NA,NA,NA
"2014-03-21",4.61,FALSE,NA,NA,"<= day","daily",NA,NA,NA
"2014-03-22",4.8,FALSE,NA,NA,"<= day","daily",NA,NA,NA
"2014-03-23",4.829,FALSE,NA,NA,"<= day","daily",NA,NA,NA
"2014-03-24",4.489,FALSE,NA,NA,"<= day","daily",NA,NA,NA
"2014-03-25",4.317,FALSE,NA,NA,"<= day","daily",NA,NA,NA
"2014-03-26",4.185,FALSE,NA,NA,"<= day","daily",NA,NA,NA
"2014-03-27",4.113,FALSE,NA,NA,"<= day","daily",NA,NA,NA
"2014-03-28",4.025,FALSE,NA,NA,"<= day","daily",NA,NA,NA
"2014-03-29",3.93,FALSE,NA,NA,"<= day","daily",NA,NA,NA
"2014-03-30",3.885,FALSE,NA,NA,"<= day","daily",NA,NA,NA
"2014-03-31",3.818,FALSE,NA,NA,"<= day","daily",NA,NA,NA
"2014-04-01",3.734,FALSE,NA,NA,"<= day","daily",NA,NA,NA
"2014-04-02",3.668,FALSE,NA,NA,"<= day","daily",NA,NA,NA
"2014-04-03",4.181,FALSE,NA,NA,"<= day","daily",NA,NA,NA
"2014-04-04",4.337,FALSE,NA,NA,"<= day","daily",NA,NA,NA
"2014-04-05",4.169,FALSE,NA,NA,"<= day","daily",NA,NA,NA
"2014-04-06",4.088,FALSE,NA,NA,"<= day","daily",NA,NA,NA
"2014-04-07",4.01,FALSE,NA,NA,"<= day","daily",NA,NA,NA
"2014-04-08",4.012,FALSE,NA,NA,"<= day","daily",NA,NA,NA
"2014-04-09",3.887,FALSE,NA,NA,"<= day","daily",NA,NA,NA
"2014-04-10",3.792,FALSE,NA,NA,"<= day","daily",NA,NA,NA
"2014-04-11",3.705,FALSE,NA,NA,"<= day","daily",NA,NA,NA
"2014-04-12",3.596,FALSE,NA,NA,"<= day","daily",NA,NA,NA
"2014-04-13",3.472,FALSE,NA,NA,"<= day","daily",NA,NA,NA
"2014-04-14",3.388,FALSE,NA,NA,"<= day","daily",NA,NA,NA
"2014-04-15",3.459,FALSE,NA,NA,"<= day","daily",NA,NA,NA
"2014-04-16",3.42,FALSE,NA,NA,"<= day","daily",NA,NA,NA
"2014-04-17",3.341,FALSE,NA,NA,"<= day","daily",NA,NA,NA
"2014-04-18",3.304,FALSE,NA,NA,"<= day","daily",NA,NA,NA
"2014-04-19",3.237,FALSE,NA,NA,"<= day","daily",NA,NA,NA
"2014-04-20",3.159,FALSE,NA,NA,"<= day","daily",NA,NA,NA
"2014-04-21",3.073,FALSE,NA,NA,"<= day","daily",NA,NA,NA
"2014-04-22",2.958,FALSE,NA,NA,"<= day","daily",NA,NA,NA
"2014-04-23",2.856,FALSE,NA,NA,"<= day","daily",NA,NA,NA
"2014-04-24",2.789,FALSE,NA,NA,"<= day","daily",NA,NA,NA
"2014-04-25",2.705,FALSE,NA,NA,"<= day","daily",NA,NA,NA
"2014-04-26",2.747,FALSE,NA,NA,"<= day","daily",NA,NA,NA
"2014-04-27",4.673,FALSE,NA,NA,"<= day","daily",NA,NA,NA
"2014-04-28",5.685,FALSE,NA,NA,"<= day","daily",NA,NA,NA
"2014-04-29",7.115,FALSE,NA,NA,"<= day","daily",NA,NA,NA
"2014-04-30",7.232,FALSE,NA,NA,"<= day","daily",NA,NA,NA
"2014-05-01",8.127,FALSE,NA,NA,"<= day","daily",NA,NA,NA
"2014-05-02",8.613,FALSE,NA,NA,"<= day","daily",NA,NA,NA
"2014-05-03",9.237,FALSE,NA,NA,"<= day","daily",NA,NA,NA
"2014-05-04",9.387,FALSE,NA,NA,"<= day","daily",NA,NA,NA
"2014-05-05",9.363,FALSE,NA,NA,"<= day","daily",NA,NA,NA
"2014-05-06",9.288,FALSE,NA,NA,"<= day","daily",NA,NA,NA
"2014-05-07",9.207,FALSE,NA,NA,"<= day","daily",NA,NA,NA
"2014-05-08",9.13,FALSE,NA,NA,"<= day","daily",NA,NA,NA
"2014-05-09",9.391,FALSE,NA,NA,"<= day","daily",NA,NA,NA
"2014-05-10",9.547,FALSE,NA,NA,"<= day","daily",NA,NA,NA
"2014-05-11",9.486,FALSE,NA,NA,"<= day","daily",NA,NA,NA
"2014-05-12",9.642,FALSE,NA,NA,"<= day","daily",NA,NA,NA
"2014-05-13",9.726,FALSE,NA,NA,"<= day","daily",NA,NA,NA
"2014-05-14",9.639,FALSE,NA,NA,"<= day","daily",NA,NA,NA
"2014-05-15",9.586,FALSE,NA,NA,"<= day","daily",NA,NA,NA
"2014-05-16",9.429,FALSE,NA,NA,"<= day","daily",NA,NA,NA
"2014-05-17",9.172,FALSE,NA,NA,"<= day","daily",NA,NA,NA
"2014-05-18",8.87,FALSE,NA,NA,"<= day","daily",NA,NA,NA
"2014-05-19",8.571,FALSE,NA,NA,"<= day","daily",NA,NA,NA
"2014-05-20",8.189,FALSE,NA,NA,"<= day","daily",NA,NA,NA
"2014-05-21",7.786,FALSE,NA,NA,"<= day","daily",NA,NA,NA
"2014-05-22",7.435,FALSE,NA,NA,"<= day","daily",NA,NA,NA
"2014-05-23",7.146,FALSE,NA,NA,"<= day","daily",NA,NA,NA
"2014-05-24",6.736,FALSE,NA,NA,"<= day","daily",NA,NA,NA
"2014-05-25",6.402,FALSE,NA,NA,"<= day","daily",NA,NA,NA
"2014-05-26",6.065,FALSE,NA,NA,"<= day","daily",NA,NA,NA
"2014-05-27",5.964,FALSE,NA,NA,"<= day","daily",NA,NA,NA
"2014-05-28",5.824,FALSE,NA,NA,"<= day","daily",NA,NA,NA
"2014-05-29",5.468,FALSE,NA,NA,"<= day","daily",NA,NA,NA
"2014-05-30",5.27,FALSE,NA,NA,"<= day","daily",NA,NA,NA
"2014-05-31",5.025,FALSE,NA,NA,"<= day","daily",NA,NA,NA
"2014-06-01",4.76,FALSE,NA,NA,"<= day","daily",NA,NA,NA
"2014-06-02",4.516,FALSE,NA,NA,"<= day","daily",NA,NA,NA
"2014-06-03",4.354,FALSE,NA,NA,"<= day","daily",NA,NA,NA
"2014-06-04",4.199,FALSE,NA,NA,"<= day","daily",NA,NA,NA
"2014-06-05",4.024,FALSE,NA,NA,"<= day","daily",NA,NA,NA
"2014-06-06",3.856,FALSE,NA,NA,"<= day","daily",NA,NA,NA
"2014-06-07",3.697,FALSE,NA,NA,"<= day","daily",NA,NA,NA
"2014-06-08",3.561,FALSE,NA,NA,"<= day","daily",NA,NA,NA
"2014-06-09",3.432,FALSE,NA,NA,"<= day","daily",NA,NA,NA
"2014-06-10",3.296,FALSE,NA,NA,"<= day","daily",NA,NA,NA
"2014-06-11",3.208,FALSE,NA,NA,"<= day","daily",NA,NA,NA
"2014-06-12",3.078,FALSE,NA,NA,"<= day","daily",NA,NA,NA
"2014-06-13",2.974,FALSE,NA,NA,"<= day","daily",NA,NA,NA
"2014-06-14",2.873,FALSE,NA,NA,"<= day","daily",NA,NA,NA
"2014-06-15",2.775,FALSE,NA,NA,"<= day","daily",NA,NA,NA
"2014-06-16",2.686,FALSE,NA,NA,"<= day","daily",NA,NA,NA
"2014-06-17",2.591,FALSE,NA,NA,"<= day","daily",NA,NA,NA
"2014-06-18",2.501,FALSE,NA,NA,"<= day","daily",NA,NA,NA
"2014-06-19",2.414,FALSE,NA,NA,"<= day","daily",NA,NA,NA
"2014-06-20",2.314,FALSE,NA,NA,"<= day","daily",NA,NA,NA
"2014-06-21",2.226,FALSE,NA,NA,"<= day","daily",NA,NA,NA
"2014-06-22",2.145,FALSE,NA,NA,"<= day","daily",NA,NA,NA
"2014-06-23",2.223,FALSE,NA,NA,"<= day","daily",NA,NA,NA
"2014-06-24",2.392,FALSE,NA,NA,"<= day","daily",NA,NA,NA
"2014-06-25",2.182,FALSE,NA,NA,"<= day","daily",NA,NA,NA
"2014-06-26",2.106,FALSE,NA,NA,"<= day","daily",NA,NA,NA
"2014-06-27",2.052,FALSE,NA,NA,"<= day","daily",NA,NA,NA
"2014-06-28",2.041,FALSE,NA,NA,"<= day","daily",NA,NA,NA
"2014-06-29",2.071,FALSE,NA,NA,"<= day","daily",NA,NA,NA
"2014-06-30",2.042,FALSE,NA,NA,"<= day","daily",NA,NA,NA
"2014-07-01",1.949,FALSE,NA,NA,"<= day","daily",NA,NA,NA
"2014-07-02",1.947,FALSE,NA,NA,"<= day","daily",NA,NA,NA
"2014-07-03",1.881,FALSE,NA,NA,"<= day","daily",NA,NA,NA
"2014-07-04",1.878,FALSE,NA,NA,"<= day","daily",NA,NA,NA
"2014-07-05",2.215,FALSE,NA,NA,"<= day","daily",NA,NA,NA
"2014-07-06",1.977,FALSE,NA,NA,"<= day","daily",NA,NA,NA
"2014-07-07",2.464,FALSE,NA,NA,"<= day","daily",NA,NA,NA
"2014-07-08",2.626,FALSE,NA,NA,"<= day","daily",NA,NA,NA
"2014-07-09",2.532,FALSE,NA,NA,"<= day","daily",NA,NA,NA
"2014-07-10",3.159,FALSE,NA,NA,"<= day","daily",NA,NA,NA
"2014-07-11",4.097,FALSE,NA,NA,"<= day","daily",NA,NA,NA
"2014-07-12",3.499,FALSE,NA,NA,"<= day","daily",NA,NA,NA
"2014-07-13",2.955,FALSE,NA,NA,"<= day","daily",NA,NA,NA
"2014-07-14",2.614,FALSE,NA,NA,"<= day","daily",NA,NA,NA
"2014-07-15",2.394,FALSE,NA,NA,"<= day","daily",NA,NA,NA
"2014-07-16",2.227,FALSE,NA,NA,"<= day","daily",NA,NA,NA
"2014-07-17",2.088,FALSE,NA,NA,"<= day","daily",NA,NA,NA
"2014-07-18",1.997,FALSE,NA,NA,"<= day","daily",NA,NA,NA
"2014-07-19",1.894,FALSE,NA,NA,"<= day","daily",NA,NA,NA
"2014-07-20",2.046,FALSE,NA,NA,"<= day","daily",NA,NA,NA
"2014-07-21",3.073,FALSE,NA,NA,"<= day","daily",NA,NA,NA
"2014-07-22",5.246,FALSE,NA,NA,"<= day","daily",NA,NA,NA
"2014-07-23",5.852,FALSE,NA,NA,"<= day","daily",NA,NA,NA
"2014-07-24",4.877,FALSE,NA,NA,"<= day","daily",NA,NA,NA
"2014-07-25",4.049,FALSE,NA,NA,"<= day","daily",NA,NA,NA
"2014-07-26",3.516,FALSE,NA,NA,"<= day","daily",NA,NA,NA
"2014-07-27",3.203,FALSE,NA,NA,"<= day","daily",NA,NA,NA
"2014-07-28",3.301,FALSE,NA,NA,"<= day","daily",NA,NA,NA
"2014-07-29",3.869,FALSE,NA,NA,"<= day","daily",NA,NA,NA
"2014-07-30",3.881,FALSE,NA,NA,"<= day","daily",NA,NA,NA
"2014-07-31",4.121,FALSE,NA,NA,"<= day","daily",NA,NA,NA
"2014-08-01",3.738,FALSE,NA,NA,"<= day","daily",NA,NA,NA
"2014-08-02",4.15,FALSE,NA,NA,"<= day","daily",NA,NA,NA
"2014-08-03",7.497,FALSE,NA,NA,"<= day","daily",NA,NA,NA
"2014-08-04",7.278,FALSE,NA,NA,"<= day","daily",NA,NA,NA
"2014-08-05",6.627,FALSE,NA,NA,"<= day","daily",NA,NA,NA
"2014-08-06",6.053,FALSE,NA,NA,"<= day","daily",NA,NA,NA
"2014-08-07",5.687,FALSE,NA,NA,"<= day","daily",NA,NA,NA
"2014-08-08",5.245,FALSE,NA,NA,"<= day","daily",NA,NA,NA
"2014-08-09",4.837,FALSE,NA,NA,"<= day","daily",NA,NA,NA
"2014-08-10",4.801,FALSE,NA,NA,"<= day","daily",NA,NA,NA
"2014-08-11",5.723,FALSE,NA,NA,"<= day","daily",NA,NA,NA
"2014-08-12",5.37,FALSE,NA,NA,"<= day","daily",NA,NA,NA
"2014-08-13",5.216,FALSE,NA,NA,"<= day","daily",NA,NA,NA
"2014-08-14",5.049,FALSE,NA,NA,"<= day","daily",NA,NA,NA
"2014-08-15",5.191,FALSE,NA,NA,"<= day","daily",NA,NA,NA
"2014-08-16",5.238,FALSE,NA,NA,"<= day","daily",NA,NA,NA
"2014-08-17",5.311,FALSE,NA,NA,"<= day","daily",NA,NA,NA
"2014-08-18",5.125,FALSE,NA,NA,"<= day","daily",NA,NA,NA
"2014-08-19",4.864,FALSE,NA,NA,"<= day","daily",NA,NA,NA
"2014-08-20",4.577,FALSE,NA,NA,"<= day","daily",NA,NA,NA
"2014-08-21",4.546,FALSE,NA,NA,"<= day","daily",NA,NA,NA
"2014-08-22",4.364,FALSE,NA,NA,"<= day","daily",NA,NA,NA
"2014-08-23",4.117,FALSE,NA,NA,"<= day","daily",NA,NA,NA
"2014-08-24",3.89,FALSE,NA,NA,"<= day","daily",NA,NA,NA
"2014-08-25",3.684,FALSE,NA,NA,"<= day","daily",NA,NA,NA
"2014-08-26",3.624,FALSE,NA,NA,"<= day","daily",NA,NA,NA
"2014-08-27",3.46,FALSE,NA,NA,"<= day","daily",NA,NA,NA
"2014-08-28",3.233,FALSE,NA,NA,"<= day","daily",NA,NA,NA
"2014-08-29",3.601,FALSE,NA,NA,"<= day","daily",NA,NA,NA
"2014-08-30",3.796,FALSE,NA,NA,"<= day","daily",NA,NA,NA
"2014-08-31",3.526,FALSE,NA,NA,"<= day","daily",NA,NA,NA
"2014-09-01",3.828,FALSE,NA,NA,"<= day","daily",NA,NA,NA
"2014-09-02",3.5,FALSE,NA,NA,"<= day","daily",NA,NA,NA
"2014-09-03",3.392,FALSE,NA,NA,"<= day","daily",NA,NA,NA
"2014-09-04",3.366,FALSE,NA,NA,"<= day","daily",NA,NA,NA
"2014-09-05",3.211,FALSE,NA,NA,"<= day","daily",NA,NA,NA
"2014-09-06",3.078,FALSE,NA,NA,"<= day","daily",NA,NA,NA
"2014-09-07",2.939,FALSE,NA,NA,"<= day","daily",NA,NA,NA
"2014-09-08",2.814,FALSE,NA,NA,"<= day","daily",NA,NA,NA
"2014-09-09",2.699,FALSE,NA,NA,"<= day","daily",NA,NA,NA
"2014-09-10",2.604,FALSE,NA,NA,"<= day","daily",NA,NA,NA
"2014-09-11",2.508,FALSE,NA,NA,"<= day","daily",NA,NA,NA
"2014-09-12",2.479,FALSE,NA,NA,"<= day","daily",NA,NA,NA
"2014-09-13",2.407,FALSE,NA,NA,"<= day","daily",NA,NA,NA
"2014-09-14",2.34,FALSE,NA,NA,"<= day","daily",NA,NA,NA
"2014-09-15",2.232,FALSE,NA,NA,"<= day","daily",NA,NA,NA
"2014-09-16",2.25,FALSE,NA,NA,"<= day","daily",NA,NA,NA
"2014-09-17",2.297,FALSE,NA,NA,"<= day","daily",NA,NA,NA
"2014-09-18",2.21,FALSE,NA,NA,"<= day","daily",NA,NA,NA
"2014-09-19",2.144,FALSE,NA,NA,"<= day","daily",NA,NA,NA
"2014-09-20",2.122,FALSE,NA,NA,"<= day","daily",NA,NA,NA
"2014-09-21",2.657,FALSE,NA,NA,"<= day","daily",NA,NA,NA
"2014-09-22",2.778,FALSE,NA,NA,"<= day","daily",NA,NA,NA
"2014-09-23",3.259,FALSE,NA,NA,"<= day","daily",NA,NA,NA
"2014-09-24",3.062,FALSE,NA,NA,"<= day","daily",NA,NA,NA
"2014-09-25",2.824,FALSE,NA,NA,"<= day","daily",NA,NA,NA
"2014-09-26",2.675,FALSE,NA,NA,"<= day","daily",NA,NA,NA
"2014-09-27",2.549,FALSE,NA,NA,"<= day","daily",NA,NA,NA
"2014-09-28",2.451,FALSE,NA,NA,"<= day","daily",NA,NA,NA
"2014-09-29",2.359,FALSE,NA,NA,"<= day","daily",NA,NA,NA
"2014-09-30",2.345,FALSE,NA,NA,"<= day","daily",NA,NA,NA
"2014-10-01",2.361,FALSE,NA,NA,"<= day","daily",NA,NA,NA
"2014-10-02",2.263,FALSE,NA,NA,"<= day","daily",NA,NA,NA
"2014-10-03",2.193,FALSE,NA,NA,"<= day","daily",NA,NA,NA
"2014-10-04",2.117,FALSE,NA,NA,"<= day","daily",NA,NA,NA
"2014-10-05",2.052,FALSE,NA,NA,"<= day","daily",NA,NA,NA
"2014-10-06",2.012,FALSE,NA,NA,"<= day","daily",NA,NA,NA
"2014-10-07",1.978,FALSE,NA,NA,"<= day","daily",NA,NA,NA
"2014-10-08",2.236,FALSE,NA,NA,"<= day","daily",NA,NA,NA
"2014-10-09",1.989,FALSE,NA,NA,"<= day","daily",NA,NA,NA
"2014-10-10",2.32,FALSE,NA,NA,"<= day","daily",NA,NA,NA
"2014-10-11",2.455,FALSE,NA,NA,"<= day","daily",NA,NA,NA
"2014-10-12",2.428,FALSE,NA,NA,"<= day","daily",NA,NA,NA
"2014-10-13",2.44,FALSE,NA,NA,"<= day","daily",NA,NA,NA
"2014-10-14",2.391,FALSE,NA,NA,"<= day","daily",NA,NA,NA
"2014-10-15",2.766,FALSE,NA,NA,"<= day","daily",NA,NA,NA
"2014-10-16",2.925,FALSE,NA,NA,"<= day","daily",NA,NA,NA
"2014-10-17",3.385,FALSE,NA,NA,"<= day","daily",NA,NA,NA
"2014-10-18",3.429,FALSE,NA,NA,"<= day","daily",NA,NA,NA
"2014-10-19",3.429,FALSE,NA,NA,"<= day","daily",NA,NA,NA
"2014-10-20",3.476,FALSE,NA,NA,"<= day","daily",NA,NA,NA
"2014-10-21",4.231,FALSE,NA,NA,"<= day","daily",NA,NA,NA
"2014-10-22",4.977,FALSE,NA,NA,"<= day","daily",NA,NA,NA
"2014-10-23",5.518,FALSE,NA,NA,"<= day","daily",NA,NA,NA
"2014-10-24",5.293,FALSE,NA,NA,"<= day","daily",NA,NA,NA
"2014-10-25",4.938,FALSE,NA,NA,"<= day","daily",NA,NA,NA
"2014-10-26",4.612,FALSE,NA,NA,"<= day","daily",NA,NA,NA
"2014-10-27",4.315,FALSE,NA,NA,"<= day","daily",NA,NA,NA
"2014-10-28",4.076,FALSE,NA,NA,"<= day","daily",NA,NA,NA
"2014-10-29",3.838,FALSE,NA,NA,"<= day","daily",NA,NA,NA
"2014-10-30",3.601,FALSE,NA,NA,"<= day","daily",NA,NA,NA
"2014-10-31",3.407,FALSE,NA,NA,"<= day","daily",NA,NA,NA
"2014-11-01",3.256,FALSE,NA,NA,"<= day","daily",NA,NA,NA
"2014-11-02",3.116,FALSE,NA,NA,"<= day","daily",NA,NA,NA
"2014-11-03",3.012,FALSE,NA,NA,"<= day","daily",NA,NA,NA
"2014-11-04",2.932,FALSE,NA,NA,"<= day","daily",NA,NA,NA
"2014-11-21",9.136,FALSE,NA,NA,"<= day","daily",NA,NA,NA
"2014-11-22",9.036,FALSE,NA,NA,"<= day","daily",NA,NA,NA
"2014-12-02",6.688,FALSE,NA,NA,"<= day","daily",NA,NA,NA
"2014-12-03",6.371,FALSE,NA,NA,"<= day","daily",NA,NA,NA
"2014-12-04",6.207,FALSE,NA,NA,"<= day","daily",NA,NA,NA
"2014-12-05",6.105,FALSE,NA,NA,"<= day","daily",NA,NA,NA
"2014-12-08",5.055,FALSE,NA,NA,"<= day","daily",NA,NA,NA
"2014-12-09",4.982,FALSE,NA,NA,"<= day","daily",NA,NA,NA
"2014-12-22",8.557,FALSE,NA,NA,"<= day","daily",NA,NA,NA
"2014-12-23",9.599,FALSE,NA,NA,"<= day","daily",NA,NA,NA
"2014-12-24",9.56,FALSE,NA,NA,"<= day","daily",NA,NA,NA
"2014-12-26",9.41,FALSE,NA,NA,"<= day","daily",NA,NA,NA
"2014-12-27",9.492,FALSE,NA,NA,"<= day","daily",NA,NA,NA
"2014-12-28",9.387,FALSE,NA,NA,"<= day","daily",NA,NA,NA
"2014-12-29",9.327,FALSE,NA,NA,"<= day","daily",NA,NA,NA
"2014-12-30",9.224,FALSE,NA,NA,"<= day","daily",NA,NA,NA
"2015-01-08",9.937,FALSE,NA,NA,"> week","daily",NA,NA,NA
"2015-01-22",10.516,FALSE,NA,NA,"<= day","daily",NA,NA,NA
"2015-01-23",10.407,FALSE,NA,NA,"<= day","daily",NA,NA,NA
"2015-01-29",9.987,FALSE,NA,NA,"<= day","daily",NA,NA,NA
"2015-02-11",9.305,FALSE,NA,NA,"<= day","daily",NA,NA,NA
"2015-02-12",9.034,FALSE,NA,NA,"<= day","daily",NA,NA,NA
"2015-02-13",8.774,FALSE,NA,NA,"<= day","daily",NA,NA,NA
"2015-03-06",9.392,FALSE,NA,NA,"<= day","daily",NA,NA,NA
"2015-03-07",9.374,FALSE,NA,NA,"<= day","daily",NA,NA,NA
"2015-03-08",9.366,FALSE,NA,NA,"<= day","daily",NA,NA,NA
"2015-03-09",9.353,FALSE,NA,NA,"<= day","daily",NA,NA,NA
"2015-03-10",9.244,FALSE,NA,NA,"<= day","daily",NA,NA,NA
"2015-03-11",9.124,FALSE,NA,NA,"<= day","daily",NA,NA,NA
"2015-03-12",9.005,FALSE,NA,NA,"<= day","daily",NA,NA,NA
"2015-03-13",8.886,FALSE,NA,NA,"<= day","daily",NA,NA,NA
"2015-03-14",8.768,FALSE,NA,NA,"<= day","daily",NA,NA,NA
"2015-03-15",8.652,FALSE,NA,NA,"<= day","daily",NA,NA,NA
"2015-03-16",8.506,FALSE,NA,NA,"<= day","daily",NA,NA,NA
"2015-03-17",8.126,FALSE,NA,NA,"<= day","daily",NA,NA,NA
"2015-03-18",7.757,FALSE,NA,NA,"<= day","daily",NA,NA,NA
"2015-03-19",7.193,FALSE,NA,NA,"<= day","daily",NA,NA,NA
"2015-03-20",7.11,FALSE,NA,NA,"<= day","daily",NA,NA,NA
"2015-03-21",6.901,FALSE,NA,NA,"<= day","daily",NA,NA,NA
"2015-03-22",6.544,FALSE,NA,NA,"<= day","daily",NA,NA,NA
"2015-03-23",6.232,FALSE,NA,NA,"<= day","daily",NA,NA,NA
"2015-03-24",5.905,FALSE,NA,NA,"<= day","daily",NA,NA,NA
"2015-03-25",5.612,FALSE,NA,NA,"<= day","daily",NA,NA,NA
"2015-03-26",5.383,FALSE,NA,NA,"<= day","daily",NA,NA,NA
"2015-03-27",5.199,FALSE,NA,NA,"<= day","daily",NA,NA,NA
"2015-03-28",5.021,FALSE,NA,NA,"<= day","daily",NA,NA,NA
"2015-03-29",4.936,FALSE,NA,NA,"<= day","daily",NA,NA,NA
"2015-03-30",4.907,FALSE,NA,NA,"<= day","daily",NA,NA,NA
"2015-04-08",8.72,FALSE,NA,NA,"<= day","daily",NA,NA,NA
"2015-04-09",8.707,FALSE,NA,NA,"<= day","daily",NA,NA,NA
"2015-04-10",8.592,FALSE,NA,NA,"<= day","daily",NA,NA,NA
"2015-04-11",8.365,FALSE,NA,NA,"<= day","daily",NA,NA,NA
"2015-04-12",8.103,FALSE,NA,NA,"<= day","daily",NA,NA,NA
"2015-04-13",8.096,FALSE,NA,NA,"<= day","daily",NA,NA,NA
"2015-04-14",7.902,FALSE,NA,NA,"<= day","daily",NA,NA,NA
"2015-04-15",7.629,FALSE,NA,NA,"<= day","daily",NA,NA,NA
"2015-04-16",7.375,FALSE,NA,NA,"<= day","daily",NA,NA,NA
"2015-04-17",7.206,FALSE,NA,NA,"<= day","daily",NA,NA,NA
"2015-04-18",7.297,FALSE,NA,NA,"<= day","daily",NA,NA,NA
"2015-04-19",7.233,FALSE,NA,NA,"<= day","daily",NA,NA,NA
"2015-04-20",7.169,FALSE,NA,NA,"<= day","daily",NA,NA,NA
"2015-04-21",7.106,FALSE,NA,NA,"<= day","daily",NA,NA,NA
"2015-04-22",7.008,FALSE,NA,NA,"<= day","daily",NA,NA,NA
"2015-04-23",6.86,FALSE,NA,NA,"<= day","daily",NA,NA,NA
"2015-04-24",6.7,FALSE,NA,NA,"<= day","daily",NA,NA,NA
"2015-04-25",6.621,FALSE,NA,NA,"<= day","daily",NA,NA,NA
"2015-04-26",6.639,FALSE,NA,NA,"<= day","daily",NA,NA,NA
"2015-04-27",6.639,FALSE,NA,NA,"<= day","daily",NA,NA,NA
"2015-04-28",6.639,FALSE,NA,NA,"<= day","daily",NA,NA,NA
"2015-04-29",6.621,FALSE,NA,NA,"<= day","daily",NA,NA,NA
"2015-04-30",6.466,FALSE,NA,NA,"<= day","daily",NA,NA,NA
"2015-05-01",6.85,FALSE,NA,NA,"<= day","daily",NA,NA,NA
"2015-05-06",11.527,FALSE,NA,NA,"<= day","daily",NA,NA,NA
"2015-05-07",11.5,FALSE,NA,NA,"<= day","daily",NA,NA,NA
"2015-05-08",11.389,FALSE,NA,NA,"<= day","daily",NA,NA,NA
"2015-05-09",11.185,FALSE,NA,NA,"<= day","daily",NA,NA,NA
"2015-05-10",11.032,FALSE,NA,NA,"<= day","daily",NA,NA,NA
"2015-05-11",10.89,FALSE,NA,NA,"<= day","daily",NA,NA,NA
"2015-05-12",10.745,FALSE,NA,NA,"<= day","daily",NA,NA,NA
"2015-05-13",10.63,FALSE,NA,NA,"<= day","daily",NA,NA,NA
"2015-05-14",10.551,FALSE,NA,NA,"<= day","daily",NA,NA,NA
"2015-05-15",10.444,FALSE,NA,NA,"<= day","daily",NA,NA,NA
"2015-05-16",10.303,FALSE,NA,NA,"<= day","daily",NA,NA,NA
"2015-05-17",10.163,FALSE,NA,NA,"<= day","daily",NA,NA,NA
"2015-05-18",9.991,FALSE,NA,NA,"<= day","daily",NA,NA,NA
"2015-05-19",9.61,FALSE,NA,NA,"<= day","daily",NA,NA,NA
"2015-05-20",9.176,FALSE,NA,NA,"<= day","daily",NA,NA,NA
"2015-05-21",8.594,FALSE,NA,NA,"<= day","daily",NA,NA,NA
"2015-05-22",8.095,FALSE,NA,NA,"<= day","daily",NA,NA,NA
"2015-05-23",7.575,FALSE,NA,NA,"<= day","daily",NA,NA,NA
"2015-05-24",7.074,FALSE,NA,NA,"<= day","daily",NA,NA,NA
"2015-05-25",6.593,FALSE,NA,NA,"<= day","daily",NA,NA,NA
"2015-05-26",6.168,FALSE,NA,NA,"<= day","daily",NA,NA,NA
"2015-05-27",5.779,FALSE,NA,NA,"<= day","daily",NA,NA,NA
"2015-05-28",5.525,FALSE,NA,NA,"<= day","daily",NA,NA,NA
"2015-05-29",5.204,FALSE,NA,NA,"<= day","daily",NA,NA,NA
"2015-05-30",4.884,FALSE,NA,NA,"<= day","daily",NA,NA,NA
"2015-05-31",4.622,FALSE,NA,NA,"<= day","daily",NA,NA,NA
"2015-06-01",4.364,FALSE,NA,NA,"<= day","daily",NA,NA,NA
"2015-06-02",4.14,FALSE,NA,NA,"<= day","daily",NA,NA,NA
"2015-06-03",3.936,FALSE,NA,NA,"<= day","daily",NA,NA,NA
"2015-06-04",3.758,FALSE,NA,NA,"<= day","daily",NA,NA,NA
"2015-06-05",3.594,FALSE,NA,NA,"<= day","daily",NA,NA,NA
"2015-06-06",3.458,FALSE,NA,NA,"<= day","daily",NA,NA,NA
"2015-06-07",3.318,FALSE,NA,NA,"<= day","daily",NA,NA,NA
"2015-06-08",3.202,FALSE,NA,NA,"<= day","daily",NA,NA,NA
"2015-06-09",3.074,FALSE,NA,NA,"<= day","daily",NA,NA,NA
"2015-06-10",2.951,FALSE,NA,NA,"<= day","daily",NA,NA,NA
"2015-06-11",2.851,FALSE,NA,NA,"<= day","daily",NA,NA,NA
"2015-06-12",2.755,FALSE,NA,NA,"<= day","daily",NA,NA,NA
"2015-06-13",2.665,FALSE,NA,NA,"<= day","daily",NA,NA,NA
"2015-06-14",2.601,FALSE,NA,NA,"<= day","daily",NA,NA,NA
"2015-06-15",2.534,FALSE,NA,NA,"<= day","daily",NA,NA,NA
"2015-06-16",2.503,FALSE,NA,NA,"<= day","daily",NA,NA,NA
"2015-06-17",2.473,FALSE,NA,NA,"<= day","daily",NA,NA,NA
"2015-06-18",2.442,FALSE,NA,NA,"<= day","daily",NA,NA,NA
"2015-06-19",2.412,FALSE,NA,NA,"<= day","daily",NA,NA,NA
"2015-06-20",2.381,FALSE,NA,NA,"<= day","daily",NA,NA,NA
"2015-06-21",2.351,FALSE,NA,NA,"<= day","daily",NA,NA,NA
"2015-06-22",2.322,FALSE,NA,NA,"<= day","daily",NA,NA,NA
"2015-06-23",2.292,FALSE,NA,NA,"<= day","daily",NA,NA,NA
"2015-06-24",2.263,FALSE,NA,NA,"<= day","daily",NA,NA,NA
"2015-06-25",2.234,FALSE,NA,NA,"<= day","daily",NA,NA,NA
"2015-06-26",2.205,FALSE,NA,NA,"<= day","daily",NA,NA,NA
"2015-06-27",2.176,FALSE,NA,NA,"<= day","daily",NA,NA,NA
"2015-06-28",2.147,FALSE,NA,NA,"<= day","daily",NA,NA,NA
"2015-06-29",2.119,FALSE,NA,NA,"<= day","daily",NA,NA,NA
"2015-06-30",2.091,FALSE,NA,NA,"<= day","daily",NA,NA,NA
"2015-07-01",2.063,FALSE,NA,NA,"<= day","daily",NA,NA,NA
"2015-07-02",2.035,FALSE,NA,NA,"<= day","daily",NA,NA,NA
"2015-07-03",2.008,FALSE,NA,NA,"<= day","daily",NA,NA,NA
"2015-07-04",1.981,FALSE,NA,NA,"<= day","daily",NA,NA,NA
"2015-07-05",1.954,FALSE,NA,NA,"<= day","daily",NA,NA,NA
"2015-07-06",1.927,FALSE,NA,NA,"<= day","daily",NA,NA,NA
"2015-07-07",1.9,FALSE,NA,NA,"<= day","daily",NA,NA,NA
"2015-07-08",1.874,FALSE,NA,NA,"<= day","daily",NA,NA,NA
"2015-07-09",1.847,FALSE,NA,NA,"<= day","daily",NA,NA,NA
"2015-07-10",1.785,FALSE,NA,NA,"<= day","daily",NA,NA,NA
"2015-07-11",1.748,FALSE,NA,NA,"<= day","daily",NA,NA,NA
"2015-07-12",1.699,FALSE,NA,NA,"<= day","daily",NA,NA,NA
"2015-07-13",1.66,FALSE,NA,NA,"<= day","daily",NA,NA,NA
"2015-07-14",1.618,FALSE,NA,NA,"<= day","daily",NA,NA,NA
"2015-07-15",1.588,FALSE,NA,NA,"<= day","daily",NA,NA,NA
"2015-07-16",1.553,FALSE,NA,NA,"<= day","daily",NA,NA,NA
"2015-07-17",1.53,FALSE,NA,NA,"<= day","daily",NA,NA,NA
"2015-07-18",1.51,FALSE,NA,NA,"<= day","daily",NA,NA,NA
"2015-07-19",1.479,FALSE,NA,NA,"<= day","daily",NA,NA,NA
"2015-07-20",1.457,FALSE,NA,NA,"<= day","daily",NA,NA,NA
"2015-07-21",1.431,FALSE,NA,NA,"<= day","daily",NA,NA,NA
"2015-07-22",1.414,FALSE,NA,NA,"<= day","daily",NA,NA,NA
"2015-07-23",1.398,FALSE,NA,NA,"<= day","daily",NA,NA,NA
"2015-07-24",1.377,FALSE,NA,NA,"<= day","daily",NA,NA,NA
"2015-07-25",1.371,FALSE,NA,NA,"<= day","daily",NA,NA,NA
"2015-07-26",1.336,FALSE,NA,NA,"<= day","daily",NA,NA,NA
"2015-07-27",1.356,FALSE,NA,NA,"<= day","daily",NA,NA,NA
"2015-07-28",1.342,FALSE,NA,NA,"<= day","daily",NA,NA,NA
"2015-07-29",1.336,FALSE,NA,NA,"<= day","daily",NA,NA,NA
"2015-07-30",1.291,FALSE,NA,NA,"<= day","daily",NA,NA,NA
"2015-07-31",1.24,FALSE,NA,NA,"<= day","daily",NA,NA,NA
"2015-08-01",1.236,FALSE,NA,NA,"<= day","daily",NA,NA,NA
"2015-08-02",1.2,FALSE,NA,NA,"<= day","daily",NA,NA,NA
"2015-08-03",1.175,FALSE,NA,NA,"<= day","daily",NA,NA,NA
"2015-08-04",1.132,FALSE,NA,NA,"<= day","daily",NA,NA,NA
"2015-08-05",1.118,FALSE,NA,NA,"<= day","daily",NA,NA,NA
"2015-08-06",1.081,FALSE,NA,NA,"<= day","daily",NA,NA,NA
"2015-08-07",1.071,FALSE,NA,NA,"<= day","daily",NA,NA,NA
"2015-08-08",1.032,FALSE,NA,NA,"<= day","daily",NA,NA,NA
"2015-08-09",1.03,FALSE,NA,NA,"<= day","daily",NA,NA,NA
"2015-08-10",1.03,FALSE,NA,NA,"<= day","daily",NA,NA,NA
"2015-08-11",0.998,FALSE,NA,NA,"<= day","daily",NA,NA,NA
"2015-08-12",0.981,FALSE,NA,NA,"<= day","daily",NA,NA,NA
"2015-08-13",0.945,FALSE,NA,NA,"<= day","daily",NA,NA,NA
"2015-08-14",0.935,FALSE,NA,NA,"<= day","daily",NA,NA,NA
"2015-08-15",0.908,FALSE,NA,NA,"<= day","daily",NA,NA,NA
"2015-08-16",0.895,FALSE,NA,NA,"<= day","daily",NA,NA,NA
"2015-08-17",0.88,FALSE,NA,NA,"<= day","daily",NA,NA,NA
"2015-08-18",0.848,FALSE,NA,NA,"<= day","daily",NA,NA,NA
"2015-08-19",0.846,FALSE,NA,NA,"<= day","daily",NA,NA,NA
"2015-09-12",0.674,FALSE,NA,NA,"<= day","daily",NA,NA,NA
"2015-09-13",0.674,FALSE,NA,NA,"<= day","daily",NA,NA,NA
"2015-09-14",0.687,FALSE,NA,NA,"<= day","daily",NA,NA,NA
"2015-09-15",0.656,FALSE,NA,NA,"<= day","daily",NA,NA,NA
"2015-09-16",0.659,FALSE,NA,NA,"<= day","daily",NA,NA,NA
"2015-09-17",0.739,FALSE,NA,NA,"<= day","daily",NA,NA,NA
"2015-09-18",0.686,FALSE,NA,NA,"<= day","daily",NA,NA,NA
"2015-09-19",0.641,FALSE,NA,NA,"<= day","daily",NA,NA,NA
"2015-09-20",0.631,FALSE,NA,NA,"<= day","daily",NA,NA,NA
"2015-09-21",0.63,FALSE,NA,NA,"<= day","daily",NA,NA,NA
"2015-09-22",0.629,FALSE,NA,NA,"<= day","daily",NA,NA,NA
"2015-09-23",0.768,FALSE,NA,NA,"<= day","daily",NA,NA,NA
"2015-09-24",0.722,FALSE,NA,NA,"<= day","daily",NA,NA,NA
"2015-09-25",0.637,FALSE,NA,NA,"<= day","daily",NA,NA,NA
"2015-09-26",0.593,FALSE,NA,NA,"<= day","daily",NA,NA,NA
"2015-09-27",0.582,FALSE,NA,NA,"<= day","daily",NA,NA,NA
"2015-09-28",0.635,FALSE,NA,NA,"<= day","daily",NA,NA,NA
"2015-09-29",0.674,FALSE,NA,NA,"<= day","daily",NA,NA,NA
"2015-09-30",0.647,FALSE,NA,NA,"<= day","daily",NA,NA,NA
"2015-10-01",0.631,FALSE,NA,NA,"<= day","daily",NA,NA,NA
"2015-10-02",0.631,FALSE,NA,NA,"<= day","daily",NA,NA,NA
"2015-10-03",0.609,FALSE,NA,NA,"<= day","daily",NA,NA,NA
"2015-10-04",0.612,FALSE,NA,NA,"<= day","daily",NA,NA,NA
"2015-10-05",0.588,FALSE,NA,NA,"<= day","daily",NA,NA,NA
"2015-10-06",0.629,FALSE,NA,NA,"<= day","daily",NA,NA,NA
"2015-10-07",0.626,FALSE,NA,NA,"<= day","daily",NA,NA,NA
"2015-10-08",0.579,FALSE,NA,NA,"<= day","daily",NA,NA,NA
"2015-10-09",0.548,FALSE,NA,NA,"<= day","daily",NA,NA,NA
"2015-10-10",0.545,FALSE,NA,NA,"<= day","daily",NA,NA,NA
"2015-10-11",0.536,FALSE,NA,NA,"<= day","daily",NA,NA,NA
"2015-10-12",0.504,FALSE,NA,NA,"<= day","daily",NA,NA,NA
"2015-10-13",0.503,FALSE,NA,NA,"<= day","daily",NA,NA,NA
"2015-10-14",0.49,FALSE,NA,NA,"<= day","daily",NA,NA,NA
"2015-10-15",0.48,FALSE,NA,NA,"<= day","daily",NA,NA,NA
"2015-10-16",0.462,FALSE,NA,NA,"<= day","daily",NA,NA,NA
"2015-10-17",0.461,FALSE,NA,NA,"<= day","daily",NA,NA,NA
"2015-10-18",0.461,FALSE,NA,NA,"<= day","daily",NA,NA,NA
"2015-10-19",0.436,FALSE,NA,NA,"<= day","daily",NA,NA,NA
"2015-10-20",0.42,FALSE,NA,NA,"<= day","daily",NA,NA,NA
"2015-10-21",0.419,FALSE,NA,NA,"<= day","daily",NA,NA,NA
"2015-10-22",0.417,FALSE,NA,NA,"<= day","daily",NA,NA,NA
"2015-10-23",0.393,FALSE,NA,NA,"<= day","daily",NA,NA,NA
"2015-10-24",0.379,FALSE,NA,NA,"<= day","daily",NA,NA,NA
"2015-10-25",0.378,FALSE,NA,NA,"<= day","daily",NA,NA,NA
"2015-10-26",0.378,FALSE,NA,NA,"<= day","daily",NA,NA,NA
"2015-10-27",0.377,FALSE,NA,NA,"<= day","daily",NA,NA,NA
"2015-10-28",0.362,FALSE,NA,NA,"<= day","daily",NA,NA,NA
"2015-10-29",0.434,FALSE,NA,NA,"<= day","daily",NA,NA,NA
"2015-10-30",0.545,FALSE,NA,NA,"<= day","daily",NA,NA,NA
"2015-10-31",0.519,FALSE,NA,NA,"<= day","daily",NA,NA,NA
"2015-11-01",0.504,FALSE,NA,NA,"<= day","daily",NA,NA,NA
"2015-11-02",0.503,FALSE,NA,NA,"<= day","daily",NA,NA,NA
"2015-11-03",0.503,FALSE,NA,NA,"<= day","daily",NA,NA,NA
"2015-11-04",0.498,FALSE,NA,NA,"<= day","daily",NA,NA,NA
"2015-11-05",0.467,FALSE,NA,NA,"<= day","daily",NA,NA,NA
"2015-11-06",0.461,FALSE,NA,NA,"<= day","daily",NA,NA,NA
"2015-11-07",0.461,FALSE,NA,NA,"<= day","daily",NA,NA,NA
"2015-11-08",0.45,FALSE,NA,NA,"<= day","daily",NA,NA,NA
"2015-11-09",0.428,FALSE,NA,NA,"<= day","daily",NA,NA,NA
"2015-11-10",0.42,FALSE,NA,NA,"<= day","daily",NA,NA,NA
"2015-11-11",0.419,FALSE,NA,NA,"<= day","daily",NA,NA,NA
"2015-11-12",0.419,FALSE,NA,NA,"<= day","daily",NA,NA,NA
"2015-11-13",0.416,FALSE,NA,NA,"<= day","daily",NA,NA,NA
"2015-11-14",0.379,FALSE,NA,NA,"<= day","daily",NA,NA,NA
"2015-11-15",0.378,FALSE,NA,NA,"<= day","daily",NA,NA,NA
"2015-11-16",0.378,FALSE,NA,NA,"<= day","daily",NA,NA,NA
"2015-11-17",0.378,FALSE,NA,NA,"<= day","daily",NA,NA,NA
"2015-11-18",0.376,FALSE,NA,NA,"<= day","daily",NA,NA,NA
"2015-11-19",0.352,FALSE,NA,NA,"<= day","daily",NA,NA,NA
"2015-11-20",0.544,FALSE,NA,NA,"<= day","daily",NA,NA,NA
"2015-11-21",0.928,FALSE,NA,NA,"<= day","daily",NA,NA,NA
"2015-11-22",0.663,FALSE,NA,NA,"<= day","daily",NA,NA,NA
"2015-11-23",0.525,FALSE,NA,NA,"<= day","daily",NA,NA,NA
"2015-11-24",0.456,FALSE,NA,NA,"<= day","daily",NA,NA,NA
"2015-11-25",0.515,FALSE,NA,NA,"<= day","daily",NA,NA,NA
"2015-11-26",0.84,FALSE,NA,NA,"<= day","daily",NA,NA,NA
"2015-11-27",0.826,FALSE,NA,NA,"<= day","daily",NA,NA,NA
"2015-11-28",0.695,FALSE,NA,NA,"<= day","daily",NA,NA,NA
"2015-11-29",0.674,FALSE,NA,NA,"<= day","daily",NA,NA,NA
"2015-11-30",0.634,FALSE,NA,NA,"<= day","daily",NA,NA,NA
"2015-12-01",0.589,FALSE,NA,NA,"<= day","daily",NA,NA,NA
"2015-12-02",0.548,FALSE,NA,NA,"<= day","daily",NA,NA,NA
"2015-12-03",0.515,FALSE,NA,NA,"<= day","daily",NA,NA,NA
"2015-12-04",0.497,FALSE,NA,NA,"<= day","daily",NA,NA,NA
"2015-12-05",0.463,FALSE,NA,NA,"<= day","daily",NA,NA,NA
"2015-12-06",0.453,FALSE,NA,NA,"<= day","daily",NA,NA,NA
"2015-12-07",0.42,FALSE,NA,NA,"<= day","daily",NA,NA,NA
"2015-12-08",0.418,FALSE,NA,NA,"<= day","daily",NA,NA,NA
"2015-12-09",0.445,FALSE,NA,NA,"<= day","daily",NA,NA,NA
"2015-12-10",0.446,FALSE,NA,NA,"<= day","daily",NA,NA,NA
"2015-12-11",0.419,FALSE,NA,NA,"<= day","daily",NA,NA,NA
"2015-12-12",0.419,FALSE,NA,NA,"<= day","daily",NA,NA,NA
"2015-12-13",0.393,FALSE,NA,NA,"<= day","daily",NA,NA,NA
"2015-12-14",0.378,FALSE,NA,NA,"<= day","daily",NA,NA,NA
"2015-12-15",0.361,FALSE,NA,NA,"<= day","daily",NA,NA,NA
"2015-12-16",0.42,FALSE,NA,NA,"<= day","daily",NA,NA,NA
"2015-12-17",0.516,FALSE,NA,NA,"<= day","daily",NA,NA,NA
"2015-12-18",0.485,FALSE,NA,NA,"<= day","daily",NA,NA,NA
"2015-12-19",0.441,FALSE,NA,NA,"<= day","daily",NA,NA,NA
"2015-12-20",0.401,FALSE,NA,NA,"<= day","daily",NA,NA,NA
"2015-12-21",0.384,FALSE,NA,NA,"<= day","daily",NA,NA,NA
"2015-12-22",0.378,FALSE,NA,NA,"<= day","daily",NA,NA,NA
"2015-12-23",0.462,FALSE,NA,NA,"<= day","daily",NA,NA,NA
"2015-12-24",0.509,FALSE,NA,NA,"<= day","daily",NA,NA,NA
"2015-12-25",0.5,FALSE,NA,NA,"<= day","daily",NA,NA,NA
"2015-12-26",0.463,FALSE,NA,NA,"<= day","daily",NA,NA,NA
"2015-12-27",0.461,FALSE,NA,NA,"<= day","daily",NA,NA,NA
"2015-12-28",0.451,FALSE,NA,NA,"<= day","daily",NA,NA,NA
"2015-12-29",0.421,FALSE,NA,NA,"<= day","daily",NA,NA,NA
"2015-12-30",0.419,FALSE,NA,NA,"<= day","daily",NA,NA,NA
"2015-12-31",0.417,FALSE,NA,NA,"<= day","daily",NA,NA,NA
"2016-01-01",0.419,FALSE,NA,NA,"<= day","daily",NA,NA,NA
"2016-01-02",0.688,FALSE,NA,NA,"<= day","daily",NA,NA,NA
"2016-01-03",0.978,FALSE,NA,NA,"<= day","daily",NA,NA,NA
"2016-01-04",1.663,FALSE,NA,NA,"<= day","daily",NA,NA,NA
"2016-01-05",1.55,FALSE,NA,NA,"<= day","daily",NA,NA,NA
"2016-01-06",1.491,FALSE,NA,NA,"<= day","daily",NA,NA,NA
"2016-01-07",1.96,FALSE,NA,NA,"<= day","daily",NA,NA,NA
"2016-01-08",2.494,FALSE,NA,NA,"<= day","daily",NA,NA,NA
"2016-01-09",5.462,FALSE,NA,NA,"<= day","daily",NA,NA,NA
"2016-01-10",5.018,FALSE,NA,NA,"<= day","daily",NA,NA,NA
"2016-01-11",5.471,FALSE,NA,NA,"<= day","daily",NA,NA,NA
"2016-01-12",6.247,FALSE,NA,NA,"<= day","daily",NA,NA,NA
"2016-01-13",5.133,FALSE,NA,NA,"<= day","daily",NA,NA,NA
"2016-01-14",3.99,FALSE,NA,NA,"<= day","daily",NA,NA,NA
"2016-01-15",3.489,FALSE,NA,NA,"<= day","daily",NA,NA,NA
"2016-01-16",3.078,FALSE,NA,NA,"<= day","daily",NA,NA,NA
"2016-01-17",2.709,FALSE,NA,NA,"<= day","daily",NA,NA,NA
"2016-01-18",2.46,FALSE,NA,NA,"<= day","daily",NA,NA,NA
"2016-01-19",2.238,FALSE,NA,NA,"<= day","daily",NA,NA,NA
"2016-01-20",2.032,FALSE,NA,NA,"<= day","daily",NA,NA,NA
"2016-01-21",1.839,FALSE,NA,NA,"<= day","daily",NA,NA,NA
"2016-01-22",1.696,FALSE,NA,NA,"<= day","daily",NA,NA,NA
"2016-01-23",1.65,FALSE,NA,NA,"<= day","daily",NA,NA,NA
"2016-01-24",1.782,FALSE,NA,NA,"<= day","daily",NA,NA,NA
"2016-01-25",1.871,FALSE,NA,NA,"<= day","daily",NA,NA,NA
"2016-01-26",1.732,FALSE,NA,NA,"<= day","daily",NA,NA,NA
"2016-01-27",1.642,FALSE,NA,NA,"<= day","daily",NA,NA,NA
"2016-01-28",1.584,FALSE,NA,NA,"<= day","daily",NA,NA,NA
"2016-01-29",1.718,FALSE,NA,NA,"<= day","daily",NA,NA,NA
"2016-01-30",1.852,FALSE,NA,NA,"<= day","daily",NA,NA,NA
"2016-01-31",8.984,FALSE,NA,NA,"<= day","daily",NA,NA,NA
"2016-02-01",11.387,FALSE,NA,NA,"<= day","daily",NA,NA,NA
"2016-02-02",10.605,FALSE,NA,NA,"<= day","daily",NA,NA,NA
"2016-02-03",9.667,FALSE,NA,NA,"<= day","daily",NA,NA,NA
"2016-02-04",9.217,FALSE,NA,NA,"<= day","daily",NA,NA,NA
"2016-02-05",9.119,FALSE,NA,NA,"<= day","daily",NA,NA,NA
"2016-02-06",8.863,FALSE,NA,NA,"<= day","daily",NA,NA,NA
"2016-02-07",8.549,FALSE,NA,NA,"<= day","daily",NA,NA,NA
"2016-02-08",8.135,FALSE,NA,NA,"<= day","daily",NA,NA,NA
"2016-02-09",8.172,FALSE,NA,NA,"<= day","daily",NA,NA,NA
"2016-02-10",8.101,FALSE,NA,NA,"<= day","daily",NA,NA,NA
"2016-02-11",7.57,FALSE,NA,NA,"<= day","daily",NA,NA,NA
"2016-02-12",7.265,FALSE,NA,NA,"<= day","daily",NA,NA,NA
"2016-02-13",8.451,FALSE,NA,NA,"<= day","daily",NA,NA,NA
"2016-02-14",9.83,FALSE,NA,NA,"<= day","daily",NA,NA,NA
"2016-02-15",11.745,FALSE,NA,NA,"<= day","daily",NA,NA,NA
"2016-02-16",11.549,FALSE,NA,NA,"<= day","daily",NA,NA,NA
"2016-02-17",11.519,FALSE,NA,NA,"<= day","daily",NA,NA,NA
"2016-02-18",11.18,FALSE,NA,NA,"<= day","daily",NA,NA,NA
"2016-02-19",10.845,FALSE,NA,NA,"<= day","daily",NA,NA,NA
"2016-02-22",9.438,FALSE,NA,NA,"<= day","daily",NA,NA,NA
"2016-02-23",9.064,FALSE,NA,NA,"<= day","daily",NA,NA,NA
"2016-02-24",9.898,FALSE,NA,NA,"<= day","daily",NA,NA,NA
"2016-02-25",10.403,FALSE,NA,NA,"<= day","daily",NA,NA,NA
"2016-02-26",13.163,FALSE,NA,NA,"<= day","daily",NA,NA,NA
"2016-02-27",15.146,FALSE,NA,NA,"<= day","daily",NA,NA,NA
"2016-02-28",15.037,FALSE,NA,NA,"<= day","daily",NA,NA,NA
"2016-02-29",14.82,FALSE,NA,NA,"<= day","daily",NA,NA,NA
"2016-03-01",14.543,FALSE,NA,NA,"<= day","daily",NA,NA,NA
"2016-03-02",14.749,FALSE,NA,NA,"<= day","daily",NA,NA,NA
"2016-03-03",15.167,FALSE,NA,NA,"<= day","daily",NA,NA,NA
"2016-03-04",15.119,FALSE,NA,NA,"<= day","daily",NA,NA,NA
"2016-03-05",15.54,FALSE,NA,NA,"<= day","daily",NA,NA,NA
"2016-03-06",15.708,FALSE,NA,NA,"<= day","daily",NA,NA,NA
"2016-03-07",15.567,FALSE,NA,NA,"<= day","daily",NA,NA,NA
"2016-03-08",15.191,FALSE,NA,NA,"<= day","daily",NA,NA,NA
"2016-03-09",15.143,FALSE,NA,NA,"<= day","daily",NA,NA,NA
"2016-03-10",14.819,FALSE,NA,NA,"<= day","daily",NA,NA,NA
"2016-03-11",14.539,FALSE,NA,NA,"<= day","daily",NA,NA,NA
"2016-03-12",14.272,FALSE,NA,NA,"<= day","daily",NA,NA,NA
"2016-03-13",14.074,FALSE,NA,NA,"<= day","daily",NA,NA,NA
"2016-03-14",13.797,FALSE,NA,NA,"<= day","daily",NA,NA,NA
"2016-03-15",13.505,FALSE,NA,NA,"<= day","daily",NA,NA,NA
"2016-03-16",13.224,FALSE,NA,NA,"<= day","daily",NA,NA,NA
"2016-03-17",12.874,FALSE,NA,NA,"<= day","daily",NA,NA,NA
"2016-03-18",12.476,FALSE,NA,NA,"<= day","daily",NA,NA,NA
"2016-03-19",12.039,FALSE,NA,NA,"<= day","daily",NA,NA,NA
"2016-03-20",11.517,FALSE,NA,NA,"<= day","daily",NA,NA,NA
"2016-03-21",10.73,FALSE,NA,NA,"<= day","daily",NA,NA,NA
"2016-03-22",10.035,FALSE,NA,NA,"<= day","daily",NA,NA,NA
"2016-03-23",9.241,FALSE,NA,NA,"<= day","daily",NA,NA,NA
"2016-03-24",8.136,FALSE,NA,NA,"<= day","daily",NA,NA,NA
"2016-03-25",7.519,FALSE,NA,NA,"<= day","daily",NA,NA,NA
"2016-03-26",7.117,FALSE,NA,NA,"<= day","daily",NA,NA,NA
"2016-03-27",6.697,FALSE,NA,NA,"<= day","daily",NA,NA,NA
"2016-03-28",6.174,FALSE,NA,NA,"<= day","daily",NA,NA,NA
"2016-03-29",5.595,FALSE,NA,NA,"<= day","daily",NA,NA,NA
"2016-03-30",5.315,FALSE,NA,NA,"<= day","daily",NA,NA,NA
"2016-03-31",5.005,FALSE,NA,NA,"<= day","daily",NA,NA,NA
"2016-04-01",4.653,FALSE,NA,NA,"<= day","daily",NA,NA,NA
"2016-04-02",4.413,FALSE,NA,NA,"<= day","daily",NA,NA,NA
"2016-04-03",4.231,FALSE,NA,NA,"<= day","daily",NA,NA,NA
"2016-04-04",4.079,FALSE,NA,NA,"<= day","daily",NA,NA,NA
"2016-04-05",3.938,FALSE,NA,NA,"<= day","daily",NA,NA,NA
"2016-04-06",4.453,FALSE,NA,NA,"<= day","daily",NA,NA,NA
"2016-04-07",4.161,FALSE,NA,NA,"<= day","daily",NA,NA,NA
"2016-04-08",3.902,FALSE,NA,NA,"<= day","daily",NA,NA,NA
"2016-04-09",3.769,FALSE,NA,NA,"<= day","daily",NA,NA,NA
"2016-04-10",3.644,FALSE,NA,NA,"<= day","daily",NA,NA,NA
"2016-04-11",3.542,FALSE,NA,NA,"<= day","daily",NA,NA,NA
"2016-04-12",3.6,FALSE,NA,NA,"<= day","daily",NA,NA,NA
"2016-04-13",4.892,FALSE,NA,NA,"<= day","daily",NA,NA,NA
"2016-04-14",6.151,FALSE,NA,NA,"<= day","daily",NA,NA,NA
"2016-04-15",6.192,FALSE,NA,NA,"<= day","daily",NA,NA,NA
"2016-04-16",7.083,FALSE,NA,NA,"<= day","daily",NA,NA,NA
"2016-04-17",9.665,FALSE,NA,NA,"<= day","daily",NA,NA,NA
"2016-04-18",10.365,FALSE,NA,NA,"<= day","daily",NA,NA,NA
"2016-04-19",10.958,FALSE,NA,NA,"<= day","daily",NA,NA,NA
"2016-04-20",10.757,FALSE,NA,NA,"<= day","daily",NA,NA,NA
"2016-04-21",10.642,FALSE,NA,NA,"<= day","daily",NA,NA,NA
"2016-04-22",10.502,FALSE,NA,NA,"<= day","daily",NA,NA,NA
"2016-04-23",10.455,FALSE,NA,NA,"<= day","daily",NA,NA,NA
"2016-04-24",10.431,FALSE,NA,NA,"<= day","daily",NA,NA,NA
"2016-04-25",10.478,FALSE,NA,NA,"<= day","daily",NA,NA,NA
"2016-04-26",10.446,FALSE,NA,NA,"<= day","daily",NA,NA,NA
"2016-04-27",10.385,FALSE,NA,NA,"<= day","daily",NA,NA,NA
"2016-04-28",13.46,FALSE,NA,NA,"<= day","daily",NA,NA,NA
"2016-04-29",15.16,FALSE,NA,NA,"<= day","daily",NA,NA,NA
"2016-04-30",14.727,FALSE,NA,NA,"<= day","daily",NA,NA,NA
"2016-05-01",14.756,FALSE,NA,NA,"<= day","daily",NA,NA,NA
"2016-05-02",15.467,FALSE,NA,NA,"<= day","daily",NA,NA,NA
"2016-05-03",15.371,FALSE,NA,NA,"<= day","daily",NA,NA,NA
"2016-05-04",15.016,FALSE,NA,NA,"<= day","daily",NA,NA,NA
"2016-05-05",14.825,FALSE,NA,NA,"<= day","daily",NA,NA,NA
"2016-05-06",14.662,FALSE,NA,NA,"<= day","daily",NA,NA,NA
"2016-05-07",14.449,FALSE,NA,NA,"<= day","daily",NA,NA,NA
"2016-05-08",14.162,FALSE,NA,NA,"<= day","daily",NA,NA,NA
"2016-05-09",13.796,FALSE,NA,NA,"<= day","daily",NA,NA,NA
"2016-05-10",13.466,FALSE,NA,NA,"<= day","daily",NA,NA,NA
"2016-05-11",13.045,FALSE,NA,NA,"<= day","daily",NA,NA,NA
"2016-05-12",12.979,FALSE,NA,NA,"<= day","daily",NA,NA,NA
"2016-05-13",16.241,FALSE,NA,NA,"<= day","daily",NA,NA,NA
"2016-05-14",16.437,FALSE,NA,NA,"<= day","daily",NA,NA,NA
"2016-05-15",16.455,FALSE,NA,NA,"<= day","daily",NA,NA,NA
"2016-05-16",15.934,FALSE,NA,NA,"<= day","daily",NA,NA,NA
"2016-05-17",15.737,FALSE,NA,NA,"<= day","daily",NA,NA,NA
"2016-05-18",15.616,FALSE,NA,NA,"<= day","daily",NA,NA,NA
"2016-05-19",15.332,FALSE,NA,NA,"<= day","daily",NA,NA,NA
"2016-05-20",15.564,FALSE,NA,NA,"<= day","daily",NA,NA,NA
"2016-05-21",15.721,FALSE,NA,NA,"<= day","daily",NA,NA,NA
"2016-05-22",15.488,FALSE,NA,NA,"<= day","daily",NA,NA,NA
"2016-05-23",15.138,FALSE,NA,NA,"<= day","daily",NA,NA,NA
"2016-05-24",14.965,FALSE,NA,NA,"<= day","daily",NA,NA,NA
"2016-05-25",15.178,FALSE,NA,NA,"<= day","daily",NA,NA,NA
"2016-05-26",15.279,FALSE,NA,NA,"<= day","daily",NA,NA,NA
"2016-05-27",14.691,FALSE,NA,NA,"<= day","daily",NA,NA,NA
"2016-05-28",14.103,FALSE,NA,NA,"<= day","daily",NA,NA,NA
"2016-05-29",13.552,FALSE,NA,NA,"<= day","daily",NA,NA,NA
"2016-05-30",12.807,FALSE,NA,NA,"<= day","daily",NA,NA,NA
"2016-05-31",12.121,FALSE,NA,NA,"<= day","daily",NA,NA,NA
"2016-06-01",11.537,FALSE,NA,NA,"<= day","daily",NA,NA,NA
"2016-06-02",10.895,FALSE,NA,NA,"<= day","daily",NA,NA,NA
"2016-06-03",10.374,FALSE,NA,NA,"<= day","daily",NA,NA,NA
"2016-06-04",9.426,FALSE,NA,NA,"<= day","daily",NA,NA,NA
"2016-06-05",8.726,FALSE,NA,NA,"<= day","daily",NA,NA,NA
"2016-06-06",7.989,FALSE,NA,NA,"<= day","daily",NA,NA,NA
"2016-06-07",7.381,FALSE,NA,NA,"<= day","daily",NA,NA,NA
"2016-06-08",7.679,FALSE,NA,NA,"<= day","daily",NA,NA,NA
"2016-06-09",9.148,FALSE,NA,NA,"<= day","daily",NA,NA,NA
"2016-06-10",8.175,FALSE,NA,NA,"<= day","daily",NA,NA,NA
"2016-06-11",8.192,FALSE,NA,NA,"<= day","daily",NA,NA,NA
"2016-06-12",9.082,FALSE,NA,NA,"<= day","daily",NA,NA,NA
"2016-06-13",10.048,FALSE,NA,NA,"<= day","daily",NA,NA,NA
"2016-06-14",11.203,FALSE,NA,NA,"<= day","daily",NA,NA,NA
"2016-06-15",11.13,FALSE,NA,NA,"<= day","daily",NA,NA,NA
"2016-06-16",11.215,FALSE,NA,NA,"<= day","daily",NA,NA,NA
"2016-06-17",14.252,FALSE,NA,NA,"<= day","daily",NA,NA,NA
"2016-06-18",15.78,FALSE,NA,NA,"<= day","daily",NA,NA,NA
"2016-06-19",15.414,FALSE,NA,NA,"<= day","daily",NA,NA,NA
"2016-06-20",15.382,FALSE,NA,NA,"<= day","daily",NA,NA,NA
"2016-06-21",15.014,FALSE,NA,NA,"<= day","daily",NA,NA,NA
"2016-06-22",14.777,FALSE,NA,NA,"<= day","daily",NA,NA,NA
"2016-06-23",14.565,FALSE,NA,NA,"<= day","daily",NA,NA,NA
"2016-06-24",14.277,FALSE,NA,NA,"<= day","daily",NA,NA,NA
"2016-06-25",14.722,FALSE,NA,NA,"<= day","daily",NA,NA,NA
"2016-06-26",14.854,FALSE,NA,NA,"<= day","daily",NA,NA,NA
"2016-06-27",14.029,FALSE,NA,NA,"<= day","daily",NA,NA,NA
"2016-06-28",13.647,FALSE,NA,NA,"<= day","daily",NA,NA,NA
"2016-06-29",13.334,FALSE,NA,NA,"<= day","daily",NA,NA,NA
"2016-06-30",14.373,FALSE,NA,NA,"<= day","daily",NA,NA,NA
"2016-07-01",15.129,FALSE,NA,NA,"<= day","daily",NA,NA,NA
"2016-07-02",14.686,FALSE,NA,NA,"<= day","daily",NA,NA,NA
"2016-07-03",14.165,FALSE,NA,NA,"<= day","daily",NA,NA,NA
"2016-07-04",13.676,FALSE,NA,NA,"<= day","daily",NA,NA,NA
"2016-07-05",13.164,FALSE,NA,NA,"<= day","daily",NA,NA,NA
"2016-07-06",12.494,FALSE,NA,NA,"<= day","daily",NA,NA,NA
"2016-07-07",11.85,FALSE,NA,NA,"<= day","daily",NA,NA,NA
"2016-07-08",10.92,FALSE,NA,NA,"<= day","daily",NA,NA,NA
"2016-07-09",9.693,FALSE,NA,NA,"<= day","daily",NA,NA,NA
"2016-07-10",8.959,FALSE,NA,NA,"<= day","daily",NA,NA,NA
"2016-07-11",7.969,FALSE,NA,NA,"<= day","daily",NA,NA,NA
"2016-07-12",7.278,FALSE,NA,NA,"<= day","daily",NA,NA,NA
"2016-07-13",6.758,FALSE,NA,NA,"<= day","daily",NA,NA,NA
"2016-07-14",6.14,FALSE,NA,NA,"<= day","daily",NA,NA,NA
"2016-07-15",5.699,FALSE,NA,NA,"<= day","daily",NA,NA,NA
"2016-07-16",5.184,FALSE,NA,NA,"<= day","daily",NA,NA,NA
"2016-07-17",4.785,FALSE,NA,NA,"<= day","daily",NA,NA,NA
"2016-07-18",4.439,FALSE,NA,NA,"<= day","daily",NA,NA,NA
"2016-07-19",4.179,FALSE,NA,NA,"<= day","daily",NA,NA,NA
"2016-07-20",3.951,FALSE,NA,NA,"<= day","daily",NA,NA,NA
"2016-07-21",3.725,FALSE,NA,NA,"<= day","daily",NA,NA,NA
"2016-07-22",3.637,FALSE,NA,NA,"<= day","daily",NA,NA,NA
"2016-07-23",3.468,FALSE,NA,NA,"<= day","daily",NA,NA,NA
"2016-07-24",3.28,FALSE,NA,NA,"<= day","daily",NA,NA,NA
"2016-07-25",3.113,FALSE,NA,NA,"<= day","daily",NA,NA,NA
"2016-07-26",2.983,FALSE,NA,NA,"<= day","daily",NA,NA,NA
"2016-07-27",2.857,FALSE,NA,NA,"<= day","daily",NA,NA,NA
"2016-07-28",2.759,FALSE,NA,NA,"<= day","daily",NA,NA,NA
"2016-07-29",2.667,FALSE,NA,NA,"<= day","daily",NA,NA,NA
"2016-07-30",2.578,FALSE,NA,NA,"<= day","daily",NA,NA,NA
"2016-07-31",2.51,FALSE,NA,NA,"<= day","daily",NA,NA,NA
"2016-08-01",2.43,FALSE,NA,NA,"<= day","daily",NA,NA,NA
"2016-08-02",2.351,FALSE,NA,NA,"<= day","daily",NA,NA,NA
"2016-08-03",2.278,FALSE,NA,NA,"<= day","daily",NA,NA,NA
"2016-08-04",2.922,FALSE,NA,NA,"<= day","daily",NA,NA,NA
"2016-08-05",3.363,FALSE,NA,NA,"<= day","daily",NA,NA,NA
"2016-08-06",3.097,FALSE,NA,NA,"<= day","daily",NA,NA,NA
"2016-08-07",2.96,FALSE,NA,NA,"<= day","daily",NA,NA,NA
"2016-08-08",2.896,FALSE,NA,NA,"<= day","daily",NA,NA,NA
"2016-08-09",2.807,FALSE,NA,NA,"<= day","daily",NA,NA,NA
"2016-08-10",2.732,FALSE,NA,NA,"<= day","daily",NA,NA,NA
"2016-08-11",2.648,FALSE,NA,NA,"<= day","daily",NA,NA,NA
"2016-08-12",2.581,FALSE,NA,NA,"<= day","daily",NA,NA,NA
"2016-08-13",2.539,FALSE,NA,NA,"<= day","daily",NA,NA,NA
"2016-08-14",2.469,FALSE,NA,NA,"<= day","daily",NA,NA,NA
"2016-08-15",2.426,FALSE,NA,NA,"<= day","daily",NA,NA,NA
"2016-08-16",2.374,FALSE,NA,NA,"<= day","daily",NA,NA,NA
"2016-08-17",2.433,FALSE,NA,NA,"<= day","daily",NA,NA,NA
"2016-08-18",2.419,FALSE,NA,NA,"<= day","daily",NA,NA,NA
"2016-08-19",2.338,FALSE,NA,NA,"<= day","daily",NA,NA,NA
"2016-08-20",2.285,FALSE,NA,NA,"<= day","daily",NA,NA,NA
"2016-08-21",2.282,FALSE,NA,NA,"<= day","daily",NA,NA,NA
"2016-08-22",2.267,FALSE,NA,NA,"<= day","daily",NA,NA,NA
"2016-08-23",2.288,FALSE,NA,NA,"<= day","daily",NA,NA,NA
"2016-08-24",2.226,FALSE,NA,NA,"<= day","daily",NA,NA,NA
"2016-08-25",2.194,FALSE,NA,NA,"<= day","daily",NA,NA,NA
"2016-08-26",2.131,FALSE,NA,NA,"<= day","daily",NA,NA,NA
"2016-08-27",2.094,FALSE,NA,NA,"<= day","daily",NA,NA,NA
"2016-08-28",2.98,FALSE,NA,NA,"<= day","daily",NA,NA,NA
"2016-08-29",2.539,FALSE,NA,NA,"<= day","daily",NA,NA,NA
"2016-08-30",2.327,FALSE,NA,NA,"<= day","daily",NA,NA,NA
"2016-08-31",2.212,FALSE,NA,NA,"<= day","daily",NA,NA,NA
"2016-09-01",2.121,FALSE,NA,NA,"<= day","daily",NA,NA,NA
"2016-09-02",2.057,FALSE,NA,NA,"<= day","daily",NA,NA,NA
"2016-09-03",2.01,FALSE,NA,NA,"<= day","daily",NA,NA,NA
"2016-09-04",1.979,FALSE,NA,NA,"<= day","daily",NA,NA,NA
"2016-09-05",2.261,FALSE,NA,NA,"<= day","daily",NA,NA,NA
"2016-09-06",2.091,FALSE,NA,NA,"<= day","daily",NA,NA,NA
"2016-09-07",1.979,FALSE,NA,NA,"<= day","daily",NA,NA,NA
"2016-09-08",1.926,FALSE,NA,NA,"<= day","daily",NA,NA,NA
"2016-09-09",1.88,FALSE,NA,NA,"<= day","daily",NA,NA,NA
"2016-09-10",1.837,FALSE,NA,NA,"<= day","daily",NA,NA,NA
"2016-09-11",1.807,FALSE,NA,NA,"<= day","daily",NA,NA,NA
"2016-09-12",1.769,FALSE,NA,NA,"<= day","daily",NA,NA,NA
"2016-09-13",1.767,FALSE,NA,NA,"<= day","daily",NA,NA,NA
"2016-09-14",1.724,FALSE,NA,NA,"<= day","daily",NA,NA,NA
"2016-09-15",1.704,FALSE,NA,NA,"<= day","daily",NA,NA,NA
"2016-09-16",1.697,FALSE,NA,NA,"<= day","daily",NA,NA,NA
"2016-09-17",1.65,FALSE,NA,NA,"<= day","daily",NA,NA,NA
"2016-09-18",1.707,FALSE,NA,NA,"<= day","daily",NA,NA,NA
"2016-09-19",1.739,FALSE,NA,NA,"<= day","daily",NA,NA,NA
"2016-09-20",1.644,FALSE,NA,NA,"<= day","daily",NA,NA,NA
"2016-09-21",1.619,FALSE,NA,NA,"<= day","daily",NA,NA,NA
"2016-09-22",1.578,FALSE,NA,NA,"<= day","daily",NA,NA,NA
"2016-09-23",1.569,FALSE,NA,NA,"<= day","daily",NA,NA,NA
"2016-09-24",1.535,FALSE,NA,NA,"<= day","daily",NA,NA,NA
"2016-09-25",1.519,FALSE,NA,NA,"<= day","daily",NA,NA,NA
"2016-09-26",1.518,FALSE,NA,NA,"<= day","daily",NA,NA,NA
"2016-09-27",1.491,FALSE,NA,NA,"<= day","daily",NA,NA,NA
"2016-09-28",1.46,FALSE,NA,NA,"<= day","daily",NA,NA,NA
"2016-09-29",1.459,FALSE,NA,NA,"<= day","daily",NA,NA,NA
"2016-09-30",1.453,FALSE,NA,NA,"<= day","daily",NA,NA,NA
"2016-10-01",1.43,FALSE,NA,NA,"<= day","daily",NA,NA,NA
"2016-10-02",1.404,FALSE,NA,NA,"<= day","daily",NA,NA,NA
"2016-10-03",1.402,FALSE,NA,NA,"<= day","daily",NA,NA,NA
"2016-10-04",1.4,FALSE,NA,NA,"<= day","daily",NA,NA,NA
"2016-10-05",1.363,FALSE,NA,NA,"<= day","daily",NA,NA,NA
"2016-10-06",1.346,FALSE,NA,NA,"<= day","daily",NA,NA,NA
"2016-10-07",1.346,FALSE,NA,NA,"<= day","daily",NA,NA,NA
"2016-10-08",1.326,FALSE,NA,NA,"<= day","daily",NA,NA,NA
"2016-10-09",1.294,FALSE,NA,NA,"<= day","daily",NA,NA,NA
"2016-10-10",1.292,FALSE,NA,NA,"<= day","daily",NA,NA,NA
"2016-10-11",1.291,FALSE,NA,NA,"<= day","daily",NA,NA,NA
"2016-10-12",1.259,FALSE,NA,NA,"<= day","daily",NA,NA,NA
"2016-10-13",1.239,FALSE,NA,NA,"<= day","daily",NA,NA,NA
"2016-10-14",1.239,FALSE,NA,NA,"<= day","daily",NA,NA,NA
"2016-10-15",1.223,FALSE,NA,NA,"<= day","daily",NA,NA,NA
"2016-10-16",1.187,FALSE,NA,NA,"<= day","daily",NA,NA,NA
"2016-10-17",1.187,FALSE,NA,NA,"<= day","daily",NA,NA,NA
"2016-10-18",1.187,FALSE,NA,NA,"<= day","daily",NA,NA,NA
"2016-10-19",1.176,FALSE,NA,NA,"<= day","daily",NA,NA,NA
"2016-10-20",1.139,FALSE,NA,NA,"<= day","daily",NA,NA,NA
"2016-10-21",1.136,FALSE,NA,NA,"<= day","daily",NA,NA,NA
"2016-10-22",1.134,FALSE,NA,NA,"<= day","daily",NA,NA,NA
"2016-10-23",1.143,FALSE,NA,NA,"<= day","daily",NA,NA,NA
"2016-10-24",1.155,FALSE,NA,NA,"<= day","daily",NA,NA,NA
"2016-10-25",1.736,FALSE,NA,NA,"<= day","daily",NA,NA,NA
"2016-10-26",1.545,FALSE,NA,NA,"<= day","daily",NA,NA,NA
"2016-10-27",1.379,FALSE,NA,NA,"<= day","daily",NA,NA,NA
"2016-10-28",1.233,FALSE,NA,NA,"<= day","daily",NA,NA,NA
"2016-10-29",1.176,FALSE,NA,NA,"<= day","daily",NA,NA,NA
"2016-10-30",1.138,FALSE,NA,NA,"<= day","daily",NA,NA,NA
"2016-10-31",1.114,FALSE,NA,NA,"<= day","daily",NA,NA,NA
"2016-11-01",1.086,FALSE,NA,NA,"<= day","daily",NA,NA,NA
"2016-11-02",1.086,FALSE,NA,NA,"<= day","daily",NA,NA,NA
"2016-11-03",1.078,FALSE,NA,NA,"<= day","daily",NA,NA,NA
"2016-11-04",1.046,FALSE,NA,NA,"<= day","daily",NA,NA,NA
"2016-11-05",1.137,FALSE,NA,NA,"<= day","daily",NA,NA,NA
"2016-11-06",1.427,FALSE,NA,NA,"<= day","daily",NA,NA,NA
"2016-11-07",1.198,FALSE,NA,NA,"<= day","daily",NA,NA,NA
"2016-11-08",1.134,FALSE,NA,NA,"<= day","daily",NA,NA,NA
"2016-11-09",1.02,FALSE,NA,NA,"<= day","daily",NA,NA,NA
"2016-11-10",1.218,FALSE,NA,NA,"<= day","daily",NA,NA,NA
"2016-11-11",1.931,FALSE,NA,NA,"<= day","daily",NA,NA,NA
"2016-11-12",1.825,FALSE,NA,NA,"<= day","daily",NA,NA,NA
"2016-11-13",1.456,FALSE,NA,NA,"<= day","daily",NA,NA,NA
"2016-11-14",1.253,FALSE,NA,NA,"<= day","daily",NA,NA,NA
"2016-11-15",1.144,FALSE,NA,NA,"<= day","daily",NA,NA,NA
"2016-11-16",1.085,FALSE,NA,NA,"<= day","daily",NA,NA,NA
"2016-11-17",1.044,FALSE,NA,NA,"<= day","daily",NA,NA,NA
"2016-11-18",1.058,FALSE,NA,NA,"<= day","daily",NA,NA,NA
"2016-11-19",1.71,FALSE,NA,NA,"<= day","daily",NA,NA,NA
"2016-11-20",1.63,FALSE,NA,NA,"<= day","daily",NA,NA,NA
"2016-11-21",1.37,FALSE,NA,NA,"<= day","daily",NA,NA,NA
"2016-11-22",1.224,FALSE,NA,NA,"<= day","daily",NA,NA,NA
"2016-11-23",1.38,FALSE,NA,NA,"<= day","daily",NA,NA,NA
"2016-11-24",1.511,FALSE,NA,NA,"<= day","daily",NA,NA,NA
"2016-11-25",1.445,FALSE,NA,NA,"<= day","daily",NA,NA,NA
"2016-11-26",1.384,FALSE,NA,NA,"<= day","daily",NA,NA,NA
"2016-11-27",1.344,FALSE,NA,NA,"<= day","daily",NA,NA,NA
"2016-11-28",1.292,FALSE,NA,NA,"<= day","daily",NA,NA,NA
"2016-11-29",1.233,FALSE,NA,NA,"<= day","daily",NA,NA,NA
"2016-11-30",1.188,FALSE,NA,NA,"<= day","daily",NA,NA,NA
"2016-12-01",1.187,FALSE,NA,NA,"<= day","daily",NA,NA,NA
"2016-12-02",1.186,FALSE,NA,NA,"<= day","daily",NA,NA,NA
"2016-12-03",1.154,FALSE,NA,NA,"<= day","daily",NA,NA,NA
"2016-12-04",1.126,FALSE,NA,NA,"<= day","daily",NA,NA,NA
"2016-12-05",1.086,FALSE,NA,NA,"<= day","daily",NA,NA,NA
"2016-12-06",1.085,FALSE,NA,NA,"<= day","daily",NA,NA,NA
"2016-12-07",1.045,FALSE,NA,NA,"<= day","daily",NA,NA,NA
"2016-12-08",1.037,FALSE,NA,NA,"<= day","daily",NA,NA,NA
"2016-12-09",1.037,FALSE,NA,NA,"<= day","daily",NA,NA,NA
"2016-12-10",1.037,FALSE,NA,NA,"<= day","daily",NA,NA,NA
"2016-12-11",1.027,FALSE,NA,NA,"<= day","daily",NA,NA,NA
"2016-12-12",0.993,FALSE,NA,NA,"<= day","daily",NA,NA,NA
"2016-12-13",0.99,FALSE,NA,NA,"<= day","daily",NA,NA,NA
"2016-12-14",0.989,FALSE,NA,NA,"<= day","daily",NA,NA,NA
"2016-12-15",0.967,FALSE,NA,NA,"<= day","daily",NA,NA,NA
"2016-12-16",0.943,FALSE,NA,NA,"<= day","daily",NA,NA,NA
"2016-12-17",0.942,FALSE,NA,NA,"<= day","daily",NA,NA,NA
"2016-12-18",0.942,FALSE,NA,NA,"<= day","daily",NA,NA,NA
"2016-12-19",0.942,FALSE,NA,NA,"<= day","daily",NA,NA,NA
"2016-12-20",0.928,FALSE,NA,NA,"<= day","daily",NA,NA,NA
"2016-12-21",0.897,FALSE,NA,NA,"<= day","daily",NA,NA,NA
"2016-12-22",0.896,FALSE,NA,NA,"<= day","daily",NA,NA,NA
"2016-12-23",0.896,FALSE,NA,NA,"<= day","daily",NA,NA,NA
"2016-12-24",0.896,FALSE,NA,NA,"<= day","daily",NA,NA,NA
"2016-12-25",0.896,FALSE,NA,NA,"<= day","daily",NA,NA,NA
"2016-12-26",0.888,FALSE,NA,NA,"<= day","daily",NA,NA,NA
"2016-12-27",0.854,FALSE,NA,NA,"<= day","daily",NA,NA,NA
"2016-12-28",0.851,FALSE,NA,NA,"<= day","daily",NA,NA,NA
"2016-12-29",0.851,FALSE,NA,NA,"<= day","daily",NA,NA,NA
"2016-12-30",0.851,FALSE,NA,NA,"<= day","daily",NA,NA,NA
"2016-12-31",0.85,FALSE,NA,NA,"<= day","daily",NA,NA,NA
"2017-01-01",0.849,FALSE,NA,NA,"<= day","daily",NA,NA,NA
"2017-01-02",0.837,FALSE,NA,NA,"<= day","daily",NA,NA,NA
"2017-01-03",0.826,FALSE,NA,NA,"<= day","daily",NA,NA,NA
"2017-01-04",0.814,FALSE,NA,NA,"<= day","daily",NA,NA,NA
"2017-01-05",0.809,FALSE,NA,NA,"<= day","daily",NA,NA,NA
"2017-01-06",0.806,FALSE,NA,NA,"<= day","daily",NA,NA,NA
"2017-01-07",0.806,FALSE,NA,NA,"<= day","daily",NA,NA,NA
"2017-01-08",0.802,FALSE,NA,NA,"<= day","daily",NA,NA,NA
"2017-01-09",0.804,FALSE,NA,NA,"<= day","daily",NA,NA,NA
"2017-01-10",0.806,FALSE,NA,NA,"<= day","daily",NA,NA,NA
"2017-01-11",0.806,FALSE,NA,NA,"<= day","daily",NA,NA,NA
"2017-01-12",0.985,FALSE,NA,NA,"<= day","daily",NA,NA,NA
"2017-01-13",1.501,FALSE,NA,NA,"<= day","daily",NA,NA,NA
"2017-01-14",1.223,FALSE,NA,NA,"<= day","daily",NA,NA,NA
"2017-01-15",1.046,FALSE,NA,NA,"<= day","daily",NA,NA,NA
"2017-01-16",0.993,FALSE,NA,NA,"<= day","daily",NA,NA,NA
"2017-01-17",0.945,FALSE,NA,NA,"<= day","daily",NA,NA,NA
"2017-01-18",0.907,FALSE,NA,NA,"<= day","daily",NA,NA,NA
"2017-01-19",0.881,FALSE,NA,NA,"<= day","daily",NA,NA,NA
"2017-01-20",0.851,FALSE,NA,NA,"<= day","daily",NA,NA,NA
"2017-01-21",0.837,FALSE,NA,NA,"<= day","daily",NA,NA,NA
"2017-01-22",0.806,FALSE,NA,NA,"<= day","daily",NA,NA,NA
"2017-01-23",0.805,FALSE,NA,NA,"<= day","daily",NA,NA,NA
"2017-01-24",0.766,FALSE,NA,NA,"<= day","daily",NA,NA,NA
"2017-01-25",0.761,FALSE,NA,NA,"<= day","daily",NA,NA,NA
"2017-01-26",0.733,FALSE,NA,NA,"<= day","daily",NA,NA,NA
"2017-01-27",0.72,FALSE,NA,NA,"<= day","daily",NA,NA,NA
"2017-01-28",0.717,FALSE,NA,NA,"<= day","daily",NA,NA,NA
"2017-01-29",0.717,FALSE,NA,NA,"<= day","daily",NA,NA,NA
"2017-01-30",0.736,FALSE,NA,NA,"<= day","daily",NA,NA,NA
"2017-01-31",3.945,FALSE,NA,NA,"<= day","daily",NA,NA,NA
"2017-02-01",10.71,FALSE,NA,NA,"<= day","daily",NA,NA,NA
"2017-02-02",9.703,FALSE,NA,NA,"<= day","daily",NA,NA,NA
"2017-02-03",7.599,FALSE,NA,NA,"<= day","daily",NA,NA,NA
"2017-02-04",6.128,FALSE,NA,NA,"<= day","daily",NA,NA,NA
"2017-02-05",5.164,FALSE,NA,NA,"<= day","daily",NA,NA,NA
"2017-02-06",7.205,FALSE,NA,NA,"<= day","daily",NA,NA,NA
"2017-02-07",8.216,FALSE,NA,NA,"<= day","daily",NA,NA,NA
"2017-02-08",8.876,FALSE,NA,NA,"<= day","daily",NA,NA,NA
"2017-02-09",8.722,FALSE,NA,NA,"<= day","daily",NA,NA,NA
"2017-02-10",8.234,FALSE,NA,NA,"<= day","daily",NA,NA,NA
"2017-02-11",7.605,FALSE,NA,NA,"<= day","daily",NA,NA,NA
"2017-02-12",6.875,FALSE,NA,NA,"<= day","daily",NA,NA,NA
"2017-02-13",6.029,FALSE,NA,NA,"<= day","daily",NA,NA,NA
"2017-02-14",5.19,FALSE,NA,NA,"<= day","daily",NA,NA,NA
"2017-02-15",4.592,FALSE,NA,NA,"<= day","daily",NA,NA,NA
"2017-02-16",4.208,FALSE,NA,NA,"<= day","daily",NA,NA,NA
"2017-02-17",4.124,FALSE,NA,NA,"<= day","daily",NA,NA,NA
"2017-02-18",4.088,FALSE,NA,NA,"<= day","daily",NA,NA,NA
"2017-02-19",3.799,FALSE,NA,NA,"<= day","daily",NA,NA,NA
"2017-02-20",3.551,FALSE,NA,NA,"<= day","daily",NA,NA,NA
"2017-02-21",3.831,FALSE,NA,NA,"<= day","daily",NA,NA,NA
"2017-02-22",4.006,FALSE,NA,NA,"<= day","daily",NA,NA,NA
"2017-02-23",3.882,FALSE,NA,NA,"<= day","daily",NA,NA,NA
"2017-02-24",3.637,FALSE,NA,NA,"<= day","daily",NA,NA,NA
"2017-02-25",3.492,FALSE,NA,NA,"<= day","daily",NA,NA,NA
"2017-02-26",3.403,FALSE,NA,NA,"<= day","daily",NA,NA,NA
"2017-02-27",3.392,FALSE,NA,NA,"<= day","daily",NA,NA,NA
"2017-02-28",4.903,FALSE,NA,NA,"<= day","daily",NA,NA,NA
"2017-03-01",5.606,FALSE,NA,NA,"<= day","daily",NA,NA,NA
"2017-03-02",5.873,FALSE,NA,NA,"<= day","daily",NA,NA,NA
"2017-03-03",6.261,FALSE,NA,NA,"<= day","daily",NA,NA,NA
"2017-03-04",6.535,FALSE,NA,NA,"<= day","daily",NA,NA,NA
"2017-03-05",6.546,FALSE,NA,NA,"<= day","daily",NA,NA,NA
"2017-03-06",7.007,FALSE,NA,NA,"<= day","daily",NA,NA,NA
"2017-03-07",8.465,FALSE,NA,NA,"<= day","daily",NA,NA,NA
"2017-03-08",9.047,FALSE,NA,NA,"<= day","daily",NA,NA,NA
"2017-03-09",11.465,FALSE,NA,NA,"<= day","daily",NA,NA,NA
"2017-03-10",12.601,FALSE,NA,NA,"<= day","daily",NA,NA,NA
"2017-03-11",12.034,FALSE,NA,NA,"<= day","daily",NA,NA,NA
"2017-03-12",11.635,FALSE,NA,NA,"<= day","daily",NA,NA,NA
"2017-03-13",11.269,FALSE,NA,NA,"<= day","daily",NA,NA,NA
"2017-03-14",11.053,FALSE,NA,NA,"<= day","daily",NA,NA,NA
"2017-03-15",11.008,FALSE,NA,NA,"<= day","daily",NA,NA,NA
"2017-03-16",11.175,FALSE,NA,NA,"<= day","daily",NA,NA,NA
"2017-03-17",11.52,FALSE,NA,NA,"<= day","daily",NA,NA,NA
"2017-03-18",11.365,FALSE,NA,NA,"<= day","daily",NA,NA,NA
"2017-03-19",10.989,FALSE,NA,NA,"<= day","daily",NA,NA,NA
"2017-03-20",10.743,FALSE,NA,NA,"<= day","daily",NA,NA,NA
"2017-03-21",10.537,FALSE,NA,NA,"<= day","daily",NA,NA,NA
"2017-03-22",10.615,FALSE,NA,NA,"<= day","daily",NA,NA,NA
"2017-03-23",10.716,FALSE,NA,NA,"<= day","daily",NA,NA,NA
"2017-03-24",10.444,FALSE,NA,NA,"<= day","daily",NA,NA,NA
"2017-03-25",10.274,FALSE,NA,NA,"<= day","daily",NA,NA,NA
"2017-03-26",10.026,FALSE,NA,NA,"<= day","daily",NA,NA,NA
"2017-03-27",9.768,FALSE,NA,NA,"<= day","daily",NA,NA,NA
"2017-03-28",9.415,FALSE,NA,NA,"<= day","daily",NA,NA,NA
"2017-03-29",10.73,FALSE,NA,NA,"<= day","daily",NA,NA,NA
"2017-03-30",11.286,FALSE,NA,NA,"<= day","daily",NA,NA,NA
"2017-03-31",10.587,FALSE,NA,NA,"<= day","daily",NA,NA,NA
"2017-04-01",9.894,FALSE,NA,NA,"<= day","daily",NA,NA,NA
"2017-04-02",9.15,FALSE,NA,NA,"<= day","daily",NA,NA,NA
"2017-04-03",8.417,FALSE,NA,NA,"<= day","daily",NA,NA,NA
"2017-04-04",7.833,FALSE,NA,NA,"<= day","daily",NA,NA,NA
"2017-04-05",7.294,FALSE,NA,NA,"<= day","daily",NA,NA,NA
"2017-04-06",6.668,FALSE,NA,NA,"<= day","daily",NA,NA,NA
"2017-04-07",6.244,FALSE,NA,NA,"<= day","daily",NA,NA,NA
"2017-04-08",5.887,FALSE,NA,NA,"<= day","daily",NA,NA,NA
"2017-04-09",5.439,FALSE,NA,NA,"<= day","daily",NA,NA,NA
"2017-04-10",5.126,FALSE,NA,NA,"<= day","daily",NA,NA,NA
"2017-04-11",4.854,FALSE,NA,NA,"<= day","daily",NA,NA,NA
"2017-04-12",4.619,FALSE,NA,NA,"<= day","daily",NA,NA,NA
"2017-04-13",4.402,FALSE,NA,NA,"<= day","daily",NA,NA,NA
"2017-04-14",4.194,FALSE,NA,NA,"<= day","daily",NA,NA,NA
"2017-04-15",4.01,FALSE,NA,NA,"<= day","daily",NA,NA,NA
"2017-04-16",3.839,FALSE,NA,NA,"<= day","daily",NA,NA,NA
"2017-04-17",3.702,FALSE,NA,NA,"<= day","daily",NA,NA,NA
"2017-04-18",3.532,FALSE,NA,NA,"<= day","daily",NA,NA,NA
"2017-04-19",3.374,FALSE,NA,NA,"<= day","daily",NA,NA,NA
"2017-04-20",3.234,FALSE,NA,NA,"<= day","daily",NA,NA,NA
"2017-04-21",3.116,FALSE,NA,NA,"<= day","daily",NA,NA,NA
"2017-04-22",3.028,FALSE,NA,NA,"<= day","daily",NA,NA,NA
"2017-04-23",2.939,FALSE,NA,NA,"<= day","daily",NA,NA,NA
"2017-04-24",2.852,FALSE,NA,NA,"<= day","daily",NA,NA,NA
"2017-04-25",2.948,FALSE,NA,NA,"<= day","daily",NA,NA,NA
"2017-04-26",5.365,FALSE,NA,NA,"<= day","daily",NA,NA,NA
"2017-04-27",5.738,FALSE,NA,NA,"<= day","daily",NA,NA,NA
"2017-04-28",7.294,FALSE,NA,NA,"<= day","daily",NA,NA,NA
"2017-04-29",7.991,FALSE,NA,NA,"<= day","daily",NA,NA,NA
"2017-04-30",8.105,FALSE,NA,NA,"<= day","daily",NA,NA,NA
"2017-05-01",8.067,FALSE,NA,NA,"<= day","daily",NA,NA,NA
"2017-05-02",8.436,FALSE,NA,NA,"<= day","daily",NA,NA,NA
"2017-05-03",8.3,FALSE,NA,NA,"<= day","daily",NA,NA,NA
"2017-05-04",8.048,FALSE,NA,NA,"<= day","daily",NA,NA,NA
"2017-05-05",7.811,FALSE,NA,NA,"<= day","daily",NA,NA,NA
"2017-05-06",7.829,FALSE,NA,NA,"<= day","daily",NA,NA,NA
"2017-05-07",10.53,FALSE,NA,NA,"<= day","daily",NA,NA,NA
"2017-05-08",12.442,FALSE,NA,NA,"<= day","daily",NA,NA,NA
"2017-05-09",12.621,FALSE,NA,NA,"<= day","daily",NA,NA,NA
"2017-05-10",12.518,FALSE,NA,NA,"<= day","daily",NA,NA,NA
"2017-05-11",12.774,FALSE,NA,NA,"<= day","daily",NA,NA,NA
"2017-05-12",12.718,FALSE,NA,NA,"<= day","daily",NA,NA,NA
"2017-05-13",12.43,FALSE,NA,NA,"<= day","daily",NA,NA,NA
"2017-05-14",12.132,FALSE,NA,NA,"<= day","daily",NA,NA,NA
"2017-05-15",11.824,FALSE,NA,NA,"<= day","daily",NA,NA,NA
"2017-05-16",11.597,FALSE,NA,NA,"<= day","daily",NA,NA,NA
"2017-05-17",11.431,FALSE,NA,NA,"<= day","daily",NA,NA,NA
"2017-05-18",11.203,FALSE,NA,NA,"<= day","daily",NA,NA,NA
"2017-05-19",10.88,FALSE,NA,NA,"<= day","daily",NA,NA,NA
"2017-05-20",10.637,FALSE,NA,NA,"<= day","daily",NA,NA,NA
"2017-05-21",10.007,FALSE,NA,NA,"<= day","daily",NA,NA,NA
"2017-05-22",9.619,FALSE,NA,NA,"<= day","daily",NA,NA,NA
"2017-05-23",9.017,FALSE,NA,NA,"<= day","daily",NA,NA,NA
"2017-05-24",8.22,FALSE,NA,NA,"<= day","daily",NA,NA,NA
"2017-05-25",7.533,FALSE,NA,NA,"<= day","daily",NA,NA,NA
"2017-05-26",6.92,FALSE,NA,NA,"<= day","daily",NA,NA,NA
"2017-05-27",6.349,FALSE,NA,NA,"<= day","daily",NA,NA,NA
"2017-05-28",5.807,FALSE,NA,NA,"<= day","daily",NA,NA,NA
"2017-05-29",5.379,FALSE,NA,NA,"<= day","daily",NA,NA,NA
"2017-05-30",4.95,FALSE,NA,NA,"<= day","daily",NA,NA,NA
"2017-05-31",4.538,FALSE,NA,NA,"<= day","daily",NA,NA,NA
"2017-06-01",5.436,FALSE,NA,NA,"<= day","daily",NA,NA,NA
"2017-06-02",5.437,FALSE,NA,NA,"<= day","daily",NA,NA,NA
"2017-06-03",5.133,FALSE,NA,NA,"<= day","daily",NA,NA,NA
"2017-06-04",5.164,FALSE,NA,NA,"<= day","daily",NA,NA,NA
"2017-06-05",4.776,FALSE,NA,NA,"<= day","daily",NA,NA,NA
"2017-06-06",4.612,FALSE,NA,NA,"<= day","daily",NA,NA,NA
"2017-06-07",4.308,FALSE,NA,NA,"<= day","daily",NA,NA,NA
"2017-06-08",4.099,FALSE,NA,NA,"<= day","daily",NA,NA,NA
"2017-06-09",3.951,FALSE,NA,NA,"<= day","daily",NA,NA,NA
"2017-06-10",3.726,FALSE,NA,NA,"<= day","daily",NA,NA,NA
"2017-06-11",3.588,FALSE,NA,NA,"<= day","daily",NA,NA,NA
"2017-06-12",3.45,FALSE,NA,NA,"<= day","daily",NA,NA,NA
"2017-06-13",3.336,FALSE,NA,NA,"<= day","daily",NA,NA,NA
"2017-06-14",3.234,FALSE,NA,NA,"<= day","daily",NA,NA,NA
"2017-06-15",3.118,FALSE,NA,NA,"<= day","daily",NA,NA,NA
"2017-06-16",3.005,FALSE,NA,NA,"<= day","daily",NA,NA,NA
"2017-06-17",2.906,FALSE,NA,NA,"<= day","daily",NA,NA,NA
"2017-06-18",2.814,FALSE,NA,NA,"<= day","daily",NA,NA,NA
"2017-06-19",2.702,FALSE,NA,NA,"<= day","daily",NA,NA,NA
"2017-06-20",2.609,FALSE,NA,NA,"<= day","daily",NA,NA,NA
"2017-06-21",2.503,FALSE,NA,NA,"<= day","daily",NA,NA,NA
"2017-06-22",2.409,FALSE,NA,NA,"<= day","daily",NA,NA,NA
"2017-06-23",2.327,FALSE,NA,NA,"<= day","daily",NA,NA,NA
"2017-06-24",2.25,FALSE,NA,NA,"<= day","daily",NA,NA,NA
"2017-06-25",2.183,FALSE,NA,NA,"<= day","daily",NA,NA,NA
"2017-06-26",2.121,FALSE,NA,NA,"<= day","daily",NA,NA,NA
"2017-06-27",2.067,FALSE,NA,NA,"<= day","daily",NA,NA,NA
"2017-06-28",2.114,FALSE,NA,NA,"<= day","daily",NA,NA,NA
"2017-06-29",2.083,FALSE,NA,NA,"<= day","daily",NA,NA,NA
"2017-06-30",1.954,FALSE,NA,NA,"<= day","daily",NA,NA,NA
"2017-07-01",1.882,FALSE,NA,NA,"<= day","daily",NA,NA,NA
"2017-07-02",1.868,FALSE,NA,NA,"<= day","daily",NA,NA,NA
"2017-07-03",1.832,FALSE,NA,NA,"<= day","daily",NA,NA,NA
"2017-07-04",1.77,FALSE,NA,NA,"<= day","daily",NA,NA,NA
"2017-07-05",1.856,FALSE,NA,NA,"<= day","daily",NA,NA,NA
"2017-07-06",1.913,FALSE,NA,NA,"<= day","daily",NA,NA,NA
"2017-07-07",1.851,FALSE,NA,NA,"<= day","daily",NA,NA,NA
"2017-07-08",1.81,FALSE,NA,NA,"<= day","daily",NA,NA,NA
"2017-07-09",1.771,FALSE,NA,NA,"<= day","daily",NA,NA,NA
"2017-07-10",1.771,FALSE,NA,NA,"<= day","daily",NA,NA,NA
"2017-07-11",1.778,FALSE,NA,NA,"<= day","daily",NA,NA,NA
"2017-07-12",1.734,FALSE,NA,NA,"<= day","daily",NA,NA,NA
"2017-07-13",1.664,FALSE,NA,NA,"<= day","daily",NA,NA,NA
"2017-07-14",1.625,FALSE,NA,NA,"<= day","daily",NA,NA,NA
"2017-07-15",1.576,FALSE,NA,NA,"<= day","daily",NA,NA,NA
"2017-07-16",1.534,FALSE,NA,NA,"<= day","daily",NA,NA,NA
"2017-07-17",1.517,FALSE,NA,NA,"<= day","daily",NA,NA,NA
"2017-07-18",1.482,FALSE,NA,NA,"<= day","daily",NA,NA,NA
"2017-07-19",1.458,FALSE,NA,NA,"<= day","daily",NA,NA,NA
"2017-07-20",1.432,FALSE,NA,NA,"<= day","daily",NA,NA,NA
"2017-07-21",1.402,FALSE,NA,NA,"<= day","daily",NA,NA,NA
"2017-07-22",1.405,FALSE,NA,NA,"<= day","daily",NA,NA,NA
"2017-07-23",1.433,FALSE,NA,NA,"<= day","daily",NA,NA,NA
"2017-07-24",1.396,FALSE,NA,NA,"<= day","daily",NA,NA,NA
"2017-07-25",1.446,FALSE,NA,NA,"<= day","daily",NA,NA,NA
"2017-07-26",1.492,FALSE,NA,NA,"<= day","daily",NA,NA,NA
"2017-07-27",1.543,FALSE,NA,NA,"<= day","daily",NA,NA,NA
"2017-07-28",1.794,FALSE,NA,NA,"<= day","daily",NA,NA,NA
"2017-07-29",1.6,FALSE,NA,NA,"<= day","daily",NA,NA,NA
"2017-07-30",1.525,FALSE,NA,NA,"<= day","daily",NA,NA,NA
"2017-07-31",1.546,FALSE,NA,NA,"<= day","daily",NA,NA,NA
"2017-08-01",1.461,FALSE,NA,NA,"<= day","daily",NA,NA,NA
"2017-08-02",1.775,FALSE,NA,NA,"<= day","daily",NA,NA,NA
"2017-08-03",1.577,FALSE,NA,NA,"<= day","daily",NA,NA,NA
"2017-08-04",1.511,FALSE,NA,NA,"<= day","daily",NA,NA,NA
"2017-08-05",1.428,FALSE,NA,NA,"<= day","daily",NA,NA,NA
"2017-08-06",1.365,FALSE,NA,NA,"<= day","daily",NA,NA,NA
"2017-08-07",1.333,FALSE,NA,NA,"<= day","daily",NA,NA,NA
"2017-08-08",1.339,FALSE,NA,NA,"<= day","daily",NA,NA,NA
"2017-08-09",1.306,FALSE,NA,NA,"<= day","daily",NA,NA,NA
"2017-08-10",1.684,FALSE,NA,NA,"<= day","daily",NA,NA,NA
"2017-08-11",1.862,FALSE,NA,NA,"<= day","daily",NA,NA,NA
"2017-08-12",1.749,FALSE,NA,NA,"<= day","daily",NA,NA,NA
"2017-08-13",1.578,FALSE,NA,NA,"<= day","daily",NA,NA,NA
"2017-08-14",1.438,FALSE,NA,NA,"<= day","daily",NA,NA,NA
"2017-08-15",1.343,FALSE,NA,NA,"<= day","daily",NA,NA,NA
"2017-08-16",1.359,FALSE,NA,NA,"<= day","daily",NA,NA,NA
"2017-08-17",1.548,FALSE,NA,NA,"<= day","daily",NA,NA,NA
"2017-08-18",1.472,FALSE,NA,NA,"<= day","daily",NA,NA,NA
"2017-08-19",1.501,FALSE,NA,NA,"<= day","daily",NA,NA,NA
"2017-08-20",1.358,FALSE,NA,NA,"<= day","daily",NA,NA,NA
"2017-08-21",1.275,FALSE,NA,NA,"<= day","daily",NA,NA,NA
"2017-08-22",1.223,FALSE,NA,NA,"<= day","daily",NA,NA,NA
"2017-08-23",1.174,FALSE,NA,NA,"<= day","daily",NA,NA,NA
"2017-08-24",1.131,FALSE,NA,NA,"<= day","daily",NA,NA,NA
"2017-08-25",1.095,FALSE,NA,NA,"<= day","daily",NA,NA,NA
"2017-08-26",1.082,FALSE,NA,NA,"<= day","daily",NA,NA,NA
"2017-08-27",1.042,FALSE,NA,NA,"<= day","daily",NA,NA,NA
"2017-08-28",1.035,FALSE,NA,NA,"<= day","daily",NA,NA,NA
"2017-08-29",1.008,FALSE,NA,NA,"<= day","daily",NA,NA,NA
"2017-08-30",1.076,FALSE,NA,NA,"<= day","daily",NA,NA,NA
"2017-08-31",1.264,FALSE,NA,NA,"<= day","daily",NA,NA,NA
"2017-09-01",1.292,FALSE,NA,NA,"<= day","daily",NA,NA,NA
"2017-09-02",1.375,FALSE,NA,NA,"<= day","daily",NA,NA,NA
"2017-09-03",1.348,FALSE,NA,NA,"<= day","daily",NA,NA,NA
"2017-09-04",1.27,FALSE,NA,NA,"<= day","daily",NA,NA,NA
"2017-09-05",1.213,FALSE,NA,NA,"<= day","daily",NA,NA,NA
"2017-09-06",1.179,FALSE,NA,NA,"<= day","daily",NA,NA,NA
"2017-09-07",1.138,FALSE,NA,NA,"<= day","daily",NA,NA,NA
"2017-09-08",1.133,FALSE,NA,NA,"<= day","daily",NA,NA,NA
"2017-09-09",1.265,FALSE,NA,NA,"<= day","daily",NA,NA,NA
"2017-09-10",1.572,FALSE,NA,NA,"<= day","daily",NA,NA,NA
"2017-09-11",1.348,FALSE,NA,NA,"<= day","daily",NA,NA,NA
"2017-09-12",1.248,FALSE,NA,NA,"<= day","daily",NA,NA,NA
"2017-09-13",1.19,FALSE,NA,NA,"<= day","daily",NA,NA,NA
"2017-09-14",1.232,FALSE,NA,NA,"<= day","daily",NA,NA,NA
"2017-09-15",1.273,FALSE,NA,NA,"<= day","daily",NA,NA,NA
"2017-09-16",1.2,FALSE,NA,NA,"<= day","daily",NA,NA,NA
"2017-09-17",1.179,FALSE,NA,NA,"<= day","daily",NA,NA,NA
"2017-09-18",1.382,FALSE,NA,NA,"<= day","daily",NA,NA,NA
"2017-09-19",1.743,FALSE,NA,NA,"<= day","daily",NA,NA,NA
"2017-09-20",2.059,FALSE,NA,NA,"<= day","daily",NA,NA,NA
"2017-09-21",1.823,FALSE,NA,NA,"<= day","daily",NA,NA,NA
"2017-09-22",1.689,FALSE,NA,NA,"<= day","daily",NA,NA,NA
"2017-09-23",1.63,FALSE,NA,NA,"<= day","daily",NA,NA,NA
"2017-09-24",1.603,FALSE,NA,NA,"<= day","daily",NA,NA,NA
"2017-09-25",1.564,FALSE,NA,NA,"<= day","daily",NA,NA,NA
"2017-09-26",1.521,FALSE,NA,NA,"<= day","daily",NA,NA,NA
"2017-09-27",1.493,FALSE,NA,NA,"<= day","daily",NA,NA,NA
"2017-09-28",1.454,FALSE,NA,NA,"<= day","daily",NA,NA,NA
"2017-09-29",1.441,FALSE,NA,NA,"<= day","daily",NA,NA,NA
"2017-09-30",1.435,FALSE,NA,NA,"<= day","daily",NA,NA,NA
"2017-10-01",1.417,FALSE,NA,NA,"<= day","daily",NA,NA,NA
"2017-10-02",1.389,FALSE,NA,NA,"<= day","daily",NA,NA,NA
"2017-10-03",1.516,FALSE,NA,NA,"<= day","daily",NA,NA,NA
"2017-10-04",1.437,FALSE,NA,NA,"<= day","daily",NA,NA,NA
"2017-10-05",1.41,FALSE,NA,NA,"<= day","daily",NA,NA,NA
"2017-10-06",1.637,FALSE,NA,NA,"<= day","daily",NA,NA,NA
"2017-10-07",1.688,FALSE,NA,NA,"<= day","daily",NA,NA,NA
"2017-10-08",1.697,FALSE,NA,NA,"<= day","daily",NA,NA,NA
"2017-10-09",1.771,FALSE,NA,NA,"<= day","daily",NA,NA,NA
"2017-10-10",1.672,FALSE,NA,NA,"<= day","daily",NA,NA,NA
"2017-10-11",1.565,FALSE,NA,NA,"<= day","daily",NA,NA,NA
"2017-10-12",1.491,FALSE,NA,NA,"<= day","daily",NA,NA,NA
"2017-10-13",1.451,FALSE,NA,NA,"<= day","daily",NA,NA,NA
"2017-10-14",1.409,FALSE,NA,NA,"<= day","daily",NA,NA,NA
"2017-10-15",1.398,FALSE,NA,NA,"<= day","daily",NA,NA,NA
"2017-10-16",1.361,FALSE,NA,NA,"<= day","daily",NA,NA,NA
"2017-10-17",1.346,FALSE,NA,NA,"<= day","daily",NA,NA,NA
"2017-10-18",1.337,FALSE,NA,NA,"<= day","daily",NA,NA,NA
"2017-10-19",1.303,FALSE,NA,NA,"<= day","daily",NA,NA,NA
"2017-10-20",1.289,FALSE,NA,NA,"<= day","daily",NA,NA,NA
"2017-10-21",1.278,FALSE,NA,NA,"<= day","daily",NA,NA,NA
"2017-10-22",1.289,FALSE,NA,NA,"<= day","daily",NA,NA,NA
"2017-10-23",1.373,FALSE,NA,NA,"<= day","daily",NA,NA,NA
"2017-10-24",1.497,FALSE,NA,NA,"<= day","daily",NA,NA,NA
"2017-10-25",1.408,FALSE,NA,NA,"<= day","daily",NA,NA,NA
"2017-10-26",1.491,FALSE,NA,NA,"<= day","daily",NA,NA,NA
"2017-10-27",1.817,FALSE,NA,NA,"<= day","daily",NA,NA,NA
"2017-10-28",1.867,FALSE,NA,NA,"<= day","daily",NA,NA,NA
"2017-10-29",1.892,FALSE,NA,NA,"<= day","daily",NA,NA,NA
"2017-10-30",2.018,FALSE,NA,NA,"<= day","daily",NA,NA,NA
"2017-10-31",1.859,FALSE,NA,NA,"<= day","daily",NA,NA,NA
"2017-11-01",1.773,FALSE,NA,NA,"<= day","daily",NA,NA,NA
"2017-11-02",1.712,FALSE,NA,NA,"<= day","daily",NA,NA,NA
"2017-11-03",1.68,FALSE,NA,NA,"<= day","daily",NA,NA,NA
"2017-11-04",1.639,FALSE,NA,NA,"<= day","daily",NA,NA,NA
"2017-11-05",2.114,FALSE,NA,NA,"<= day","daily",NA,NA,NA
"2017-11-06",2.452,FALSE,NA,NA,"<= day","daily",NA,NA,NA
"2017-11-07",2.266,FALSE,NA,NA,"<= day","daily",NA,NA,NA
"2017-11-08",2.35,FALSE,NA,NA,"<= day","daily",NA,NA,NA
"2017-11-09",2.236,FALSE,NA,NA,"<= day","daily",NA,NA,NA
"2017-11-10",2.11,FALSE,NA,NA,"<= day","daily",NA,NA,NA
"2017-11-11",3.378,FALSE,NA,NA,"<= day","daily",NA,NA,NA
"2017-11-12",14.273,FALSE,NA,NA,"<= day","daily",NA,NA,NA
"2017-11-13",15.756,FALSE,NA,NA,"<= day","daily",NA,NA,NA
"2017-11-14",10.551,FALSE,NA,NA,"<= day","daily",NA,NA,NA
"2017-11-15",7.173,FALSE,NA,NA,"<= day","daily",NA,NA,NA
"2017-11-16",5.53,FALSE,NA,NA,"<= day","daily",NA,NA,NA
"2017-11-17",4.692,FALSE,NA,NA,"<= day","daily",NA,NA,NA
"2017-11-18",4.162,FALSE,NA,NA,"<= day","daily",NA,NA,NA
"2017-11-19",3.939,FALSE,NA,NA,"<= day","daily",NA,NA,NA
"2017-11-20",3.808,FALSE,NA,NA,"<= day","daily",NA,NA,NA
"2017-11-21",3.554,FALSE,NA,NA,"<= day","daily",NA,NA,NA
"2017-11-22",3.351,FALSE,NA,NA,"<= day","daily",NA,NA,NA
"2017-11-23",3.16,FALSE,NA,NA,"<= day","daily",NA,NA,NA
"2017-11-24",3.035,FALSE,NA,NA,"<= day","daily",NA,NA,NA
"2017-11-25",6.45,FALSE,NA,NA,"<= day","daily",NA,NA,NA
"2017-11-26",8.198,FALSE,NA,NA,"<= day","daily",NA,NA,NA
"2017-11-27",7.573,FALSE,NA,NA,"<= day","daily",NA,NA,NA
"2017-11-28",7.449,FALSE,NA,NA,"<= day","daily",NA,NA,NA
"2017-11-29",9.054,FALSE,NA,NA,"<= day","daily",NA,NA,NA
"2017-11-30",9.161,FALSE,NA,NA,"<= day","daily",NA,NA,NA
"2017-12-01",9.783,FALSE,NA,NA,"<= day","daily",NA,NA,NA
"2017-12-02",9.339,FALSE,NA,NA,"<= day","daily",NA,NA,NA
"2017-12-03",8.002,FALSE,NA,NA,"<= day","daily",NA,NA,NA
"2017-12-04",7.106,FALSE,NA,NA,"<= day","daily",NA,NA,NA
"2017-12-05",6.455,FALSE,NA,NA,"<= day","daily",NA,NA,NA
"2017-12-06",5.978,FALSE,NA,NA,"<= day","daily",NA,NA,NA
"2017-12-07",5.635,FALSE,NA,NA,"<= day","daily",NA,NA,NA
"2017-12-08",6.141,FALSE,NA,NA,"<= day","daily",NA,NA,NA
"2017-12-09",5.975,FALSE,NA,NA,"<= day","daily",NA,NA,NA
"2017-12-10",6.854,FALSE,NA,NA,"<= day","daily",NA,NA,NA
"2017-12-11",10.09,FALSE,NA,NA,"<= day","daily",NA,NA,NA
"2017-12-12",13.862,FALSE,NA,NA,"<= day","daily",NA,NA,NA
"2017-12-13",14.177,FALSE,NA,NA,"<= day","daily",NA,NA,NA
"2017-12-14",13.929,FALSE,NA,NA,"<= day","daily",NA,NA,NA
"2017-12-15",16.225,FALSE,NA,NA,"<= day","daily",NA,NA,NA
"2017-12-16",15.621,FALSE,NA,NA,"<= day","daily",NA,NA,NA
"2017-12-17",15.153,FALSE,NA,NA,"<= day","daily",NA,NA,NA
"2017-12-18",14.829,FALSE,NA,NA,"<= day","daily",NA,NA,NA
"2017-12-19",14.448,FALSE,NA,NA,"<= day","daily",NA,NA,NA
"2017-12-20",14.015,FALSE,NA,NA,"<= day","daily",NA,NA,NA
"2017-12-21",13.626,FALSE,NA,NA,"<= day","daily",NA,NA,NA
"2017-12-22",13.702,FALSE,NA,NA,"<= day","daily",NA,NA,NA
"2017-12-23",14.411,FALSE,NA,NA,"<= day","daily",NA,NA,NA
"2017-12-24",14.039,FALSE,NA,NA,"<= day","daily",NA,NA,NA
"2017-12-25",13.807,FALSE,NA,NA,"<= day","daily",NA,NA,NA
"2017-12-26",13.566,FALSE,NA,NA,"<= day","daily",NA,NA,NA
"2017-12-27",13.359,FALSE,NA,NA,"<= day","daily",NA,NA,NA
"2017-12-28",12.705,FALSE,NA,NA,"<= day","daily",NA,NA,NA
"2017-12-29",12.087,FALSE,NA,NA,"<= day","daily",NA,NA,NA
"2017-12-30",11.821,FALSE,NA,NA,"<= day","daily",NA,NA,NA
"2017-12-31",11.902,FALSE,NA,NA,"<= day","daily",NA,NA,NA
"2018-01-01",11.484,FALSE,NA,NA,"<= day","daily",NA,NA,NA
"2018-01-02",11.15,FALSE,NA,NA,"<= day","daily",NA,NA,NA
"2018-01-03",11.242,FALSE,NA,NA,"<= day","daily",NA,NA,NA
"2018-01-04",12.257,FALSE,NA,NA,"<= day","daily",NA,NA,NA
"2018-01-05",14.317,FALSE,NA,NA,"<= day","daily",NA,NA,NA
"2018-01-06",15.418,FALSE,NA,NA,"<= day","daily",NA,NA,NA
"2018-01-07",15.415,FALSE,NA,NA,"<= day","daily",NA,NA,NA
"2018-01-08",15.291,FALSE,NA,NA,"<= day","daily",NA,NA,NA
"2018-01-09",15.756,FALSE,NA,NA,"<= day","daily",NA,NA,NA
"2018-01-10",15.854,FALSE,NA,NA,"<= day","daily",NA,NA,NA
"2018-01-11",15.717,FALSE,NA,NA,"<= day","daily",NA,NA,NA
"2018-01-12",15.631,FALSE,NA,NA,"<= day","daily",NA,NA,NA
"2018-01-13",15.616,FALSE,NA,NA,"<= day","daily",NA,NA,NA
"2018-01-14",15.505,FALSE,NA,NA,"<= day","daily",NA,NA,NA
"2018-01-15",15.338,FALSE,NA,NA,"<= day","daily",NA,NA,NA
"2018-01-16",15.153,FALSE,NA,NA,"<= day","daily",NA,NA,NA
"2018-01-17",14.949,FALSE,NA,NA,"<= day","daily",NA,NA,NA
"2018-01-18",14.84,FALSE,NA,NA,"<= day","daily",NA,NA,NA
"2018-01-19",17.013,FALSE,NA,NA,"<= day","daily",NA,NA,NA
"2018-01-20",17.042,FALSE,NA,NA,"<= day","daily",NA,NA,NA
"2018-01-21",16.882,FALSE,NA,NA,"<= day","daily",NA,NA,NA
"2018-01-22",18.37,FALSE,NA,NA,"<= day","daily",NA,NA,NA
"2018-01-23",20.073,FALSE,NA,NA,"<= day","daily",NA,NA,NA
"2018-01-24",19.985,FALSE,NA,NA,"<= day","daily",NA,NA,NA
"2018-01-25",19.751,FALSE,NA,NA,"<= day","daily",NA,NA,NA
"2018-01-26",19.122,FALSE,NA,NA,"<= day","daily",NA,NA,NA
"2018-01-27",18.994,FALSE,NA,NA,"<= day","daily",NA,NA,NA
"2018-01-28",19.38,FALSE,NA,NA,"<= day","daily",NA,NA,NA
"2018-01-29",19.135,FALSE,NA,NA,"<= day","daily",NA,NA,NA
"2018-01-30",19.748,FALSE,NA,NA,"<= day","daily",NA,NA,NA
"2018-01-31",20.978,FALSE,NA,NA,"<= day","daily",NA,NA,NA
"2018-02-01",20.563,FALSE,NA,NA,"<= day","daily",NA,NA,NA
"2018-02-02",20.279,FALSE,NA,NA,"<= day","daily",NA,NA,NA
"2018-02-03",19.974,FALSE,NA,NA,"<= day","daily",NA,NA,NA
"2018-02-04",19.159,FALSE,NA,NA,"<= day","daily",NA,NA,NA
"2018-02-05",18.582,FALSE,NA,NA,"<= day","daily",NA,NA,NA
"2018-02-06",18.21,FALSE,NA,NA,"<= day","daily",NA,NA,NA
"2018-02-07",17.695,FALSE,NA,NA,"<= day","daily",NA,NA,NA
"2018-02-08",17.147,FALSE,NA,NA,"<= day","daily",NA,NA,NA
"2018-02-09",16.67,FALSE,NA,NA,"<= day","daily",NA,NA,NA
"2018-02-10",15.972,FALSE,NA,NA,"<= day","daily",NA,NA,NA
"2018-02-11",15.451,FALSE,NA,NA,"<= day","daily",NA,NA,NA
"2018-02-12",14.893,FALSE,NA,NA,"<= day","daily",NA,NA,NA
"2018-02-13",14.405,FALSE,NA,NA,"<= day","daily",NA,NA,NA
"2018-02-14",13.569,FALSE,NA,NA,"<= day","daily",NA,NA,NA
"2018-02-15",12.643,FALSE,NA,NA,"<= day","daily",NA,NA,NA
"2018-02-16",13.74,FALSE,NA,NA,"<= day","daily",NA,NA,NA
"2018-02-17",14.864,FALSE,NA,NA,"<= day","daily",NA,NA,NA
"2018-02-18",15.903,FALSE,NA,NA,"<= day","daily",NA,NA,NA
"2018-02-19",16.702,FALSE,NA,NA,"<= day","daily",NA,NA,NA
"2018-02-20",16.915,FALSE,NA,NA,"<= day","daily",NA,NA,NA
"2018-02-21",16.931,FALSE,NA,NA,"<= day","daily",NA,NA,NA
"2018-02-22",16.938,FALSE,NA,NA,"<= day","daily",NA,NA,NA
"2018-02-23",17,FALSE,NA,NA,"<= day","daily",NA,NA,NA
"2018-02-24",16.942,FALSE,NA,NA,"<= day","daily",NA,NA,NA
"2018-02-25",16.854,FALSE,NA,NA,"<= day","daily",NA,NA,NA
"2018-02-26",16.64,FALSE,NA,NA,"<= day","daily",NA,NA,NA
"2018-02-27",16.912,FALSE,NA,NA,"<= day","daily",NA,NA,NA
"2018-02-28",17.848,FALSE,NA,NA,"<= day","daily",NA,NA,NA
"2018-03-01",17.616,FALSE,NA,NA,"<= day","daily",NA,NA,NA
"2018-03-02",17.06,FALSE,NA,NA,"<= day","daily",NA,NA,NA
"2018-03-03",16.305,FALSE,NA,NA,"<= day","daily",NA,NA,NA
"2018-03-04",15.604,FALSE,NA,NA,"<= day","daily",NA,NA,NA
"2018-03-05",14.943,FALSE,NA,NA,"<= day","daily",NA,NA,NA
"2018-03-06",14.006,FALSE,NA,NA,"<= day","daily",NA,NA,NA
"2018-03-07",12.896,FALSE,NA,NA,"<= day","daily",NA,NA,NA
"2018-03-08",11.814,FALSE,NA,NA,"<= day","daily",NA,NA,NA
"2018-03-09",10.715,FALSE,NA,NA,"<= day","daily",NA,NA,NA
"2018-03-10",10.201,FALSE,NA,NA,"<= day","daily",NA,NA,NA
"2018-03-11",9.796,FALSE,NA,NA,"<= day","daily",NA,NA,NA
"2018-03-12",9.542,FALSE,NA,NA,"<= day","daily",NA,NA,NA
"2018-03-13",9.04,FALSE,NA,NA,"<= day","daily",NA,NA,NA
"2018-03-14",9.07,FALSE,NA,NA,"<= day","daily",NA,NA,NA
"2018-03-15",9.09,FALSE,NA,NA,"<= day","daily",NA,NA,NA
"2018-03-16",8.931,FALSE,NA,NA,"<= day","daily",NA,NA,NA
"2018-03-17",9.032,FALSE,NA,NA,"<= day","daily",NA,NA,NA
"2018-03-18",9.275,FALSE,NA,NA,"<= day","daily",NA,NA,NA
"2018-03-19",9.215,FALSE,NA,NA,"<= day","daily",NA,NA,NA
"2018-03-20",8.906,FALSE,NA,NA,"<= day","daily",NA,NA,NA
"2018-03-21",8.786,FALSE,NA,NA,"<= day","daily",NA,NA,NA
"2018-03-22",8.772,FALSE,NA,NA,"<= day","daily",NA,NA,NA
"2018-03-23",8.768,FALSE,NA,NA,"<= day","daily",NA,NA,NA
"2018-03-24",8.697,FALSE,NA,NA,"<= day","daily",NA,NA,NA
"2018-03-25",8.508,FALSE,NA,NA,"<= day","daily",NA,NA,NA
"2018-03-26",8.226,FALSE,NA,NA,"<= day","daily",NA,NA,NA
"2018-03-27",8.009,FALSE,NA,NA,"<= day","daily",NA,NA,NA
"2018-03-28",7.967,FALSE,NA,NA,"<= day","daily",NA,NA,NA
"2018-03-29",8.597,FALSE,NA,NA,"<= day","daily",NA,NA,NA
"2018-03-30",8.541,FALSE,NA,NA,"<= day","daily",NA,NA,NA
"2018-03-31",8.552,FALSE,NA,NA,"<= day","daily",NA,NA,NA
"2018-04-01",8.553,FALSE,NA,NA,"<= day","daily",NA,NA,NA
"2018-04-02",8.75,FALSE,NA,NA,"<= day","daily",NA,NA,NA
"2018-04-03",8.883,FALSE,NA,NA,"<= day","daily",NA,NA,NA
"2018-04-04",8.896,FALSE,NA,NA,"<= day","daily",NA,NA,NA
"2018-04-05",8.819,FALSE,NA,NA,"<= day","daily",NA,NA,NA
"2018-04-06",9.711,FALSE,NA,NA,"<= day","daily",NA,NA,NA
"2018-04-07",10.146,FALSE,NA,NA,"<= day","daily",NA,NA,NA
"2018-04-08",9.927,FALSE,NA,NA,"<= day","daily",NA,NA,NA
"2018-04-09",9.546,FALSE,NA,NA,"<= day","daily",NA,NA,NA
"2018-04-10",9.187,FALSE,NA,NA,"<= day","daily",NA,NA,NA
"2018-04-11",8.829,FALSE,NA,NA,"<= day","daily",NA,NA,NA
"2018-04-12",8.449,FALSE,NA,NA,"<= day","daily",NA,NA,NA
"2018-04-13",7.94,FALSE,NA,NA,"<= day","daily",NA,NA,NA
"2018-04-14",7.422,FALSE,NA,NA,"<= day","daily",NA,NA,NA
"2018-04-15",7.044,FALSE,NA,NA,"<= day","daily",NA,NA,NA
"2018-04-16",6.671,FALSE,NA,NA,"<= day","daily",NA,NA,NA
"2018-04-17",6.245,FALSE,NA,NA,"<= day","daily",NA,NA,NA
"2018-04-18",5.969,FALSE,NA,NA,"<= day","daily",NA,NA,NA
"2018-04-19",5.731,FALSE,NA,NA,"<= day","daily",NA,NA,NA
"2018-04-20",5.528,FALSE,NA,NA,"<= day","daily",NA,NA,NA
"2018-04-21",5.344,FALSE,NA,NA,"<= day","daily",NA,NA,NA
"2018-04-22",5.124,FALSE,NA,NA,"<= day","daily",NA,NA,NA
"2018-04-23",4.904,FALSE,NA,NA,"<= day","daily",NA,NA,NA
"2018-04-24",4.696,FALSE,NA,NA,"<= day","daily",NA,NA,NA
"2018-04-25",4.516,FALSE,NA,NA,"<= day","daily",NA,NA,NA
"2018-04-26",4.307,FALSE,NA,NA,"<= day","daily",NA,NA,NA
"2018-04-27",4.177,FALSE,NA,NA,"<= day","daily",NA,NA,NA
"2018-04-28",4.05,FALSE,NA,NA,"<= day","daily",NA,NA,NA
"2018-04-29",3.935,FALSE,NA,NA,"<= day","daily",NA,NA,NA
"2018-04-30",3.793,FALSE,NA,NA,"<= day","daily",NA,NA,NA
"2018-05-01",3.642,FALSE,NA,NA,"<= day","daily",NA,NA,NA
"2018-05-02",3.544,FALSE,NA,NA,"<= day","daily",NA,NA,NA
"2018-05-03",3.448,FALSE,NA,NA,"<= day","daily",NA,NA,NA
"2018-05-04",3.342,FALSE,NA,NA,"<= day","daily",NA,NA,NA
"2018-05-05",3.223,FALSE,NA,NA,"<= day","daily",NA,NA,NA
"2018-05-06",3.13,FALSE,NA,NA,"<= day","daily",NA,NA,NA
"2018-05-07",3.049,FALSE,NA,NA,"<= day","daily",NA,NA,NA
"2018-05-08",2.976,FALSE,NA,NA,"<= day","daily",NA,NA,NA
"2018-05-09",2.921,FALSE,NA,NA,"<= day","daily",NA,NA,NA
"2018-05-10",2.901,FALSE,NA,NA,"<= day","daily",NA,NA,NA
"2018-05-11",2.814,FALSE,NA,NA,"<= day","daily",NA,NA,NA
"2018-05-12",2.748,FALSE,NA,NA,"<= day","daily",NA,NA,NA
"2018-05-13",2.82,FALSE,NA,NA,"<= day","daily",NA,NA,NA
"2018-05-14",3.207,FALSE,NA,NA,"<= day","daily",NA,NA,NA
"2018-05-15",4.154,FALSE,NA,NA,"<= day","daily",NA,NA,NA
"2018-05-16",5.515,FALSE,NA,NA,"<= day","daily",NA,NA,NA
"2018-05-17",6.853,FALSE,NA,NA,"<= day","daily",NA,NA,NA
"2018-05-18",8.028,FALSE,NA,NA,"<= day","daily",NA,NA,NA
"2018-05-19",7.772,FALSE,NA,NA,"<= day","daily",NA,NA,NA
"2018-05-20",8.357,FALSE,NA,NA,"<= day","daily",NA,NA,NA
"2018-05-21",7.851,FALSE,NA,NA,"<= day","daily",NA,NA,NA
"2018-05-22",7.479,FALSE,NA,NA,"<= day","daily",NA,NA,NA
"2018-05-23",7.083,FALSE,NA,NA,"<= day","daily",NA,NA,NA
"2018-05-24",6.779,FALSE,NA,NA,"<= day","daily",NA,NA,NA
"2018-05-25",6.415,FALSE,NA,NA,"<= day","daily",NA,NA,NA
"2018-05-26",5.974,FALSE,NA,NA,"<= day","daily",NA,NA,NA
"2018-05-27",5.461,FALSE,NA,NA,"<= day","daily",NA,NA,NA
"2018-05-28",5.093,FALSE,NA,NA,"<= day","daily",NA,NA,NA
"2018-05-29",4.747,FALSE,NA,NA,"<= day","daily",NA,NA,NA
"2018-05-30",4.544,FALSE,NA,NA,"<= day","daily",NA,NA,NA
"2018-05-31",4.879,FALSE,NA,NA,"<= day","daily",NA,NA,NA
"2018-06-01",5.938,FALSE,NA,NA,"<= day","daily",NA,NA,NA
"2018-06-02",5.442,FALSE,NA,NA,"<= day","daily",NA,NA,NA
"2018-06-03",5.002,FALSE,NA,NA,"<= day","daily",NA,NA,NA
"2018-06-04",4.764,FALSE,NA,NA,"<= day","daily",NA,NA,NA
"2018-06-05",4.574,FALSE,NA,NA,"<= day","daily",NA,NA,NA
"2018-06-06",4.229,FALSE,NA,NA,"<= day","daily",NA,NA,NA
"2018-06-07",4.089,FALSE,NA,NA,"<= day","daily",NA,NA,NA
"2018-06-08",3.845,FALSE,NA,NA,"<= day","daily",NA,NA,NA
"2018-06-09",3.628,FALSE,NA,NA,"<= day","daily",NA,NA,NA
"2018-06-10",3.458,FALSE,NA,NA,"<= day","daily",NA,NA,NA
"2018-06-11",3.44,FALSE,NA,NA,"<= day","daily",NA,NA,NA
"2018-06-12",3.586,FALSE,NA,NA,"<= day","daily",NA,NA,NA
"2018-06-13",3.716,FALSE,NA,NA,"<= day","daily",NA,NA,NA
"2018-06-14",3.456,FALSE,NA,NA,"<= day","daily",NA,NA,NA
"2018-06-15",3.242,FALSE,NA,NA,"<= day","daily",NA,NA,NA
"2018-06-16",3.095,FALSE,NA,NA,"<= day","daily",NA,NA,NA
"2018-06-17",2.953,FALSE,NA,NA,"<= day","daily",NA,NA,NA
"2018-06-18",2.837,FALSE,NA,NA,"<= day","daily",NA,NA,NA
"2018-06-19",2.747,FALSE,NA,NA,"<= day","daily",NA,NA,NA
"2018-06-20",2.673,FALSE,NA,NA,"<= day","daily",NA,NA,NA
"2018-06-21",2.59,FALSE,NA,NA,"<= day","daily",NA,NA,NA
"2018-06-22",2.503,FALSE,NA,NA,"<= day","daily",NA,NA,NA
"2018-06-23",2.444,FALSE,NA,NA,"<= day","daily",NA,NA,NA
"2018-06-24",2.383,FALSE,NA,NA,"<= day","daily",NA,NA,NA
"2018-06-25",2.316,FALSE,NA,NA,"<= day","daily",NA,NA,NA
"2018-06-26",2.253,FALSE,NA,NA,"<= day","daily",NA,NA,NA
"2018-06-27",2.192,FALSE,NA,NA,"<= day","daily",NA,NA,NA
"2018-06-28",2.139,FALSE,NA,NA,"<= day","daily",NA,NA,NA
"2018-06-29",2.331,FALSE,NA,NA,"<= day","daily",NA,NA,NA
"2018-06-30",2.417,FALSE,NA,NA,"<= day","daily",NA,NA,NA
"2018-07-01",2.345,FALSE,NA,NA,"<= day","daily",NA,NA,NA
"2018-07-02",2.266,FALSE,NA,NA,"<= day","daily",NA,NA,NA
"2018-07-03",2.271,FALSE,NA,NA,"<= day","daily",NA,NA,NA
"2018-07-04",2.178,FALSE,NA,NA,"<= day","daily",NA,NA,NA
"2018-07-05",2.592,FALSE,NA,NA,"<= day","daily",NA,NA,NA
"2018-07-06",2.597,FALSE,NA,NA,"<= day","daily",NA,NA,NA
"2018-07-07",2.353,FALSE,NA,NA,"<= day","daily",NA,NA,NA
"2018-07-08",2.235,FALSE,NA,NA,"<= day","daily",NA,NA,NA
"2018-07-09",2.133,FALSE,NA,NA,"<= day","daily",NA,NA,NA
"2018-07-10",2.064,FALSE,NA,NA,"<= day","daily",NA,NA,NA
"2018-07-11",1.998,FALSE,NA,NA,"<= day","daily",NA,NA,NA
"2018-07-12",1.937,FALSE,NA,NA,"<= day","daily",NA,NA,NA
"2018-07-13",1.882,FALSE,NA,NA,"<= day","daily",NA,NA,NA
"2018-07-14",1.828,FALSE,NA,NA,"<= day","daily",NA,NA,NA
"2018-07-15",1.785,FALSE,NA,NA,"<= day","daily",NA,NA,NA
"2018-07-16",1.746,FALSE,NA,NA,"<= day","daily",NA,NA,NA
"2018-07-17",1.702,FALSE,NA,NA,"<= day","daily",NA,NA,NA
"2018-07-18",1.667,FALSE,NA,NA,"<= day","daily",NA,NA,NA
"2018-07-19",1.633,FALSE,NA,NA,"<= day","daily",NA,NA,NA
"2018-07-20",1.604,FALSE,NA,NA,"<= day","daily",NA,NA,NA
"2018-07-21",1.581,FALSE,NA,NA,"<= day","daily",NA,NA,NA
"2018-07-22",1.56,FALSE,NA,NA,"<= day","daily",NA,NA,NA
"2018-07-23",1.521,FALSE,NA,NA,"<= day","daily",NA,NA,NA
"2018-07-24",1.509,FALSE,NA,NA,"<= day","daily",NA,NA,NA
"2018-07-25",1.479,FALSE,NA,NA,"<= day","daily",NA,NA,NA
"2018-07-26",1.451,FALSE,NA,NA,"<= day","daily",NA,NA,NA
"2018-07-27",1.429,FALSE,NA,NA,"<= day","daily",NA,NA,NA
"2018-07-28",1.402,FALSE,NA,NA,"<= day","daily",NA,NA,NA
"2018-07-29",1.371,FALSE,NA,NA,"<= day","daily",NA,NA,NA
"2018-07-30",1.334,FALSE,NA,NA,"<= day","daily",NA,NA,NA
"2018-07-31",1.306,FALSE,NA,NA,"<= day","daily",NA,NA,NA
"2018-08-01",1.279,FALSE,NA,NA,"<= day","daily",NA,NA,NA
"2018-08-02",1.405,FALSE,NA,NA,"<= day","daily",NA,NA,NA
"2018-08-03",1.479,FALSE,NA,NA,"<= day","daily",NA,NA,NA
"2018-08-04",1.466,FALSE,NA,NA,"<= day","daily",NA,NA,NA
"2018-08-05",1.453,FALSE,NA,NA,"<= day","daily",NA,NA,NA
"2018-08-06",1.438,FALSE,NA,NA,"<= day","daily",NA,NA,NA
"2018-08-07",1.419,FALSE,NA,NA,"<= day","daily",NA,NA,NA
"2018-08-08",1.509,FALSE,NA,NA,"<= day","daily",NA,NA,NA
"2018-08-09",1.448,FALSE,NA,NA,"<= day","daily",NA,NA,NA
"2018-08-10",1.401,FALSE,NA,NA,"<= day","daily",NA,NA,NA
"2018-08-11",1.382,FALSE,NA,NA,"<= day","daily",NA,NA,NA
"2018-08-12",1.361,FALSE,NA,NA,"<= day","daily",NA,NA,NA
"2018-08-13",1.367,FALSE,NA,NA,"<= day","daily",NA,NA,NA
"2018-08-14",1.376,FALSE,NA,NA,"<= day","daily",NA,NA,NA
"2018-08-15",1.341,FALSE,NA,NA,"<= day","daily",NA,NA,NA
"2018-08-16",1.313,FALSE,NA,NA,"<= day","daily",NA,NA,NA
"2018-08-17",1.294,FALSE,NA,NA,"<= day","daily",NA,NA,NA
"2018-08-18",1.289,FALSE,NA,NA,"<= day","daily",NA,NA,NA
"2018-08-19",1.279,FALSE,NA,NA,"<= day","daily",NA,NA,NA
"2018-08-20",1.26,FALSE,NA,NA,"<= day","daily",NA,NA,NA
"2018-08-21",1.239,FALSE,NA,NA,"<= day","daily",NA,NA,NA
"2018-08-22",1.232,FALSE,NA,NA,"<= day","daily",NA,NA,NA
"2018-08-23",1.288,FALSE,NA,NA,"<= day","daily",NA,NA,NA
"2018-08-24",1.442,FALSE,NA,NA,"<= day","daily",NA,NA,NA
"2018-08-25",1.318,FALSE,NA,NA,"<= day","daily",NA,NA,NA
"2018-08-26",1.306,FALSE,NA,NA,"<= day","daily",NA,NA,NA
"2018-08-27",1.293,FALSE,NA,NA,"<= day","daily",NA,NA,NA
"2018-08-28",1.262,FALSE,NA,NA,"<= day","daily",NA,NA,NA
"2018-08-29",1.339,FALSE,NA,NA,"<= day","daily",NA,NA,NA
"2018-08-30",1.395,FALSE,NA,NA,"<= day","daily",NA,NA,NA
"2018-08-31",1.322,FALSE,NA,NA,"<= day","daily",NA,NA,NA
"2018-09-01",1.288,FALSE,NA,NA,"<= day","daily",NA,NA,NA
"2018-09-02",1.266,FALSE,NA,NA,"<= day","daily",NA,NA,NA
"2018-09-03",1.244,FALSE,NA,NA,"<= day","daily",NA,NA,NA
"2018-09-04",1.237,FALSE,NA,NA,"<= day","daily",NA,NA,NA
"2018-09-05",1.215,FALSE,NA,NA,"<= day","daily",NA,NA,NA
"2018-09-06",1.195,FALSE,NA,NA,"<= day","daily",NA,NA,NA
"2018-09-07",1.187,FALSE,NA,NA,"<= day","daily",NA,NA,NA
"2018-09-08",1.18,FALSE,NA,NA,"<= day","daily",NA,NA,NA
"2018-09-09",1.162,FALSE,NA,NA,"<= day","daily",NA,NA,NA
"2018-09-10",1.143,FALSE,NA,NA,"<= day","daily",NA,NA,NA
"2018-09-11",1.137,FALSE,NA,NA,"<= day","daily",NA,NA,NA
"2018-09-12",1.135,FALSE,NA,NA,"<= day","daily",NA,NA,NA
"2018-09-13",1.107,FALSE,NA,NA,"<= day","daily",NA,NA,NA
"2018-09-14",1.085,FALSE,NA,NA,"<= day","daily",NA,NA,NA
"2018-09-15",1.078,FALSE,NA,NA,"<= day","daily",NA,NA,NA
"2018-09-16",1.065,FALSE,NA,NA,"<= day","daily",NA,NA,NA
"2018-09-17",1.049,FALSE,NA,NA,"<= day","daily",NA,NA,NA
"2018-09-18",1.059,FALSE,NA,NA,"<= day","daily",NA,NA,NA
"2018-09-19",1.051,FALSE,NA,NA,"<= day","daily",NA,NA,NA
"2018-09-20",1.03,FALSE,NA,NA,"<= day","daily",NA,NA,NA
"2018-09-21",1.031,FALSE,NA,NA,"<= day","daily",NA,NA,NA
"2018-09-22",1.022,FALSE,NA,NA,"<= day","daily",NA,NA,NA
"2018-09-23",1.045,FALSE,NA,NA,"<= day","daily",NA,NA,NA
"2018-09-24",1.066,FALSE,NA,NA,"<= day","daily",NA,NA,NA
"2018-09-25",0.992,FALSE,NA,NA,"<= day","daily",NA,NA,NA
"2018-09-26",0.979,FALSE,NA,NA,"<= day","daily",NA,NA,NA
"2018-09-27",0.957,FALSE,NA,NA,"<= day","daily",NA,NA,NA
"2018-09-28",0.949,FALSE,NA,NA,"<= day","daily",NA,NA,NA
"2018-09-29",0.944,FALSE,NA,NA,"<= day","daily",NA,NA,NA
"2018-09-30",0.927,FALSE,NA,NA,"<= day","daily",NA,NA,NA
"2018-10-01",1.124,FALSE,NA,NA,"<= day","daily",NA,NA,NA
"2018-10-02",1.06,FALSE,NA,NA,"<= day","daily",NA,NA,NA
"2018-10-03",1.044,FALSE,NA,NA,"<= day","daily",NA,NA,NA
"2018-10-04",1.038,FALSE,NA,NA,"<= day","daily",NA,NA,NA
"2018-10-05",1.034,FALSE,NA,NA,"<= day","daily",NA,NA,NA
"2018-10-06",1.02,FALSE,NA,NA,"<= day","daily",NA,NA,NA
"2018-10-07",1.002,FALSE,NA,NA,"<= day","daily",NA,NA,NA
"2018-10-08",0.996,FALSE,NA,NA,"<= day","daily",NA,NA,NA
"2018-10-09",0.99,FALSE,NA,NA,"<= day","daily",NA,NA,NA
"2018-10-10",0.989,FALSE,NA,NA,"<= day","daily",NA,NA,NA
"2018-10-11",0.987,FALSE,NA,NA,"<= day","daily",NA,NA,NA
"2018-10-12",0.974,FALSE,NA,NA,"<= day","daily",NA,NA,NA
"2018-10-13",0.96,FALSE,NA,NA,"<= day","daily",NA,NA,NA
"2018-10-14",0.951,FALSE,NA,NA,"<= day","daily",NA,NA,NA
"2018-10-15",0.946,FALSE,NA,NA,"<= day","daily",NA,NA,NA
"2018-10-16",0.943,FALSE,NA,NA,"<= day","daily",NA,NA,NA
"2018-10-17",0.941,FALSE,NA,NA,"<= day","daily",NA,NA,NA
"2018-10-18",0.938,FALSE,NA,NA,"<= day","daily",NA,NA,NA
"2018-10-19",0.929,FALSE,NA,NA,"<= day","daily",NA,NA,NA
"2018-10-20",0.917,FALSE,NA,NA,"<= day","daily",NA,NA,NA
"2018-10-21",0.907,FALSE,NA,NA,"<= day","daily",NA,NA,NA
"2018-10-22",0.9,FALSE,NA,NA,"<= day","daily",NA,NA,NA
"2018-10-23",0.897,FALSE,NA,NA,"<= day","daily",NA,NA,NA
"2018-10-24",0.896,FALSE,NA,NA,"<= day","daily",NA,NA,NA
"2018-10-25",0.895,FALSE,NA,NA,"<= day","daily",NA,NA,NA
"2018-10-26",0.893,FALSE,NA,NA,"<= day","daily",NA,NA,NA
"2018-10-27",0.938,FALSE,NA,NA,"<= day","daily",NA,NA,NA
"2018-10-28",1.179,FALSE,NA,NA,"<= day","daily",NA,NA,NA
"2018-10-29",1.085,FALSE,NA,NA,"<= day","daily",NA,NA,NA
"2018-10-30",1.34,FALSE,NA,NA,"<= day","daily",NA,NA,NA
"2018-10-31",1.333,FALSE,NA,NA,"<= day","daily",NA,NA,NA
"2018-11-01",1.234,FALSE,NA,NA,"<= day","daily",NA,NA,NA
"2018-11-02",1.298,FALSE,NA,NA,"<= day","daily",NA,NA,NA
"2018-11-03",1.205,FALSE,NA,NA,"<= day","daily",NA,NA,NA
"2018-11-04",1.163,FALSE,NA,NA,"<= day","daily",NA,NA,NA
"2018-11-05",1.158,FALSE,NA,NA,"<= day","daily",NA,NA,NA
"2018-11-06",1.149,FALSE,NA,NA,"<= day","daily",NA,NA,NA
"2018-11-07",1.132,FALSE,NA,NA,"<= day","daily",NA,NA,NA
"2018-11-08",1.129,FALSE,NA,NA,"<= day","daily",NA,NA,NA
"2018-11-09",1.118,FALSE,NA,NA,"<= day","daily",NA,NA,NA
"2018-11-10",1.113,FALSE,NA,NA,"<= day","daily",NA,NA,NA
"2018-11-11",1.111,FALSE,NA,NA,"<= day","daily",NA,NA,NA
"2018-11-12",1.096,FALSE,NA,NA,"<= day","daily",NA,NA,NA
"2018-11-13",1.083,FALSE,NA,NA,"<= day","daily",NA,NA,NA
"2018-11-14",1.078,FALSE,NA,NA,"<= day","daily",NA,NA,NA
"2018-11-15",1.07,FALSE,NA,NA,"<= day","daily",NA,NA,NA
"2018-11-16",1.066,FALSE,NA,NA,"<= day","daily",NA,NA,NA
"2018-11-17",1.059,FALSE,NA,NA,"<= day","daily",NA,NA,NA
"2018-11-18",1.052,FALSE,NA,NA,"<= day","daily",NA,NA,NA
"2018-11-19",1.036,FALSE,NA,NA,"<= day","daily",NA,NA,NA
"2018-11-20",1.031,FALSE,NA,NA,"<= day","daily",NA,NA,NA
"2018-11-21",1.027,FALSE,NA,NA,"<= day","daily",NA,NA,NA
"2018-11-22",1.021,FALSE,NA,NA,"<= day","daily",NA,NA,NA
"2018-11-23",1.019,FALSE,NA,NA,"<= day","daily",NA,NA,NA
"2018-11-24",1.024,FALSE,NA,NA,"<= day","daily",NA,NA,NA
"2018-11-25",0.999,FALSE,NA,NA,"<= day","daily",NA,NA,NA
"2018-11-26",0.994,FALSE,NA,NA,"<= day","daily",NA,NA,NA
"2018-11-27",0.991,FALSE,NA,NA,"<= day","daily",NA,NA,NA
"2018-11-28",0.985,FALSE,NA,NA,"<= day","daily",NA,NA,NA
"2018-11-29",0.982,FALSE,NA,NA,"<= day","daily",NA,NA,NA
"2018-11-30",0.979,FALSE,NA,NA,"<= day","daily",NA,NA,NA
"2018-12-01",0.982,FALSE,NA,NA,"<= day","daily",NA,NA,NA
"2018-12-02",1.302,FALSE,NA,NA,"<= day","daily",NA,NA,NA
"2018-12-03",2.47,FALSE,NA,NA,"<= day","daily",NA,NA,NA
"2018-12-04",2.368,FALSE,NA,NA,"<= day","daily",NA,NA,NA
"2018-12-05",1.996,FALSE,NA,NA,"<= day","daily",NA,NA,NA
"2018-12-06",1.805,FALSE,NA,NA,"<= day","daily",NA,NA,NA
"2018-12-07",1.786,FALSE,NA,NA,"<= day","daily",NA,NA,NA
"2018-12-08",1.598,FALSE,NA,NA,"<= day","daily",NA,NA,NA
"2018-12-09",2.098,FALSE,NA,NA,"<= day","daily",NA,NA,NA
"2018-12-10",2.436,FALSE,NA,NA,"<= day","daily",NA,NA,NA
"2018-12-11",2.034,FALSE,NA,NA,"<= day","daily",NA,NA,NA
"2018-12-12",1.705,FALSE,NA,NA,"<= day","daily",NA,NA,NA
"2018-12-13",1.507,FALSE,NA,NA,"<= day","daily",NA,NA,NA
"2018-12-14",1.278,FALSE,NA,NA,"<= day","daily",NA,NA,NA
"2018-12-15",1.178,FALSE,NA,NA,"<= day","daily",NA,NA,NA
"2018-12-16",1.185,FALSE,NA,NA,"<= day","daily",NA,NA,NA
"2018-12-17",1.254,FALSE,NA,NA,"<= day","daily",NA,NA,NA
"2018-12-18",1.218,FALSE,NA,NA,"<= day","daily",NA,NA,NA
"2018-12-19",1.446,FALSE,NA,NA,"<= day","daily",NA,NA,NA
"2018-12-20",1.926,FALSE,NA,NA,"<= day","daily",NA,NA,NA
"2018-12-21",2.212,FALSE,NA,NA,"<= day","daily",NA,NA,NA
"2018-12-22",5.383,FALSE,NA,NA,"<= day","daily",NA,NA,NA
"2018-12-23",4.298,FALSE,NA,NA,"<= day","daily",NA,NA,NA
"2018-12-24",6.469,FALSE,NA,NA,"<= day","daily",NA,NA,NA
"2018-12-25",7.302,FALSE,NA,NA,"<= day","daily",NA,NA,NA
"2018-12-26",5.704,FALSE,NA,NA,"<= day","daily",NA,NA,NA
"2018-12-27",4.363,FALSE,NA,NA,"<= day","daily",NA,NA,NA
"2018-12-28",3.568,FALSE,NA,NA,"<= day","daily",NA,NA,NA
"2018-12-29",3.126,FALSE,NA,NA,"<= day","daily",NA,NA,NA
"2018-12-30",2.84,FALSE,NA,NA,"<= day","daily",NA,NA,NA
"2018-12-31",2.601,FALSE,NA,NA,"<= day","daily",NA,NA,NA
"2019-01-01",2.397,FALSE,NA,NA,"<= day","daily",NA,NA,NA
"2019-01-02",2.231,FALSE,NA,NA,"<= day","daily",NA,NA,NA
"2019-01-03",2.081,FALSE,NA,NA,"<= day","daily",NA,NA,NA
"2019-01-04",1.993,FALSE,NA,NA,"<= day","daily",NA,NA,NA
"2019-01-05",1.919,FALSE,NA,NA,"<= day","daily",NA,NA,NA
"2019-01-06",1.868,FALSE,NA,NA,"<= day","daily",NA,NA,NA
"2019-01-07",1.797,FALSE,NA,NA,"<= day","daily",NA,NA,NA
"2019-01-08",1.797,FALSE,NA,NA,"<= day","daily",NA,NA,NA
"2019-01-09",1.872,FALSE,NA,NA,"<= day","daily",NA,NA,NA
"2019-01-10",1.903,FALSE,NA,NA,"<= day","daily",NA,NA,NA
"2019-01-11",1.811,FALSE,NA,NA,"<= day","daily",NA,NA,NA
"2019-01-12",1.782,FALSE,NA,NA,"<= day","daily",NA,NA,NA
"2019-01-13",5.341,FALSE,NA,NA,"<= day","daily",NA,NA,NA
"2019-01-14",10.406,FALSE,NA,NA,"<= day","daily",NA,NA,NA
"2019-01-15",11.803,FALSE,NA,NA,"<= day","daily",NA,NA,NA
"2019-01-16",12.17,FALSE,NA,NA,"<= day","daily",NA,NA,NA
"2019-01-17",11.046,FALSE,NA,NA,"<= day","daily",NA,NA,NA
"2019-01-18",9.924,FALSE,NA,NA,"<= day","daily",NA,NA,NA
"2019-01-19",9.304,FALSE,NA,NA,"<= day","daily",NA,NA,NA
"2019-01-20",8.657,FALSE,NA,NA,"<= day","daily",NA,NA,NA
"2019-01-21",7.775,FALSE,NA,NA,"<= day","daily",NA,NA,NA
"2019-01-22",6.952,FALSE,NA,NA,"<= day","daily",NA,NA,NA
"2019-01-23",6.356,FALSE,NA,NA,"<= day","daily",NA,NA,NA
"2019-01-24",5.676,FALSE,NA,NA,"<= day","daily",NA,NA,NA
"2019-01-25",5.164,FALSE,NA,NA,"<= day","daily",NA,NA,NA
"2019-01-26",4.846,FALSE,NA,NA,"<= day","daily",NA,NA,NA
"2019-01-27",4.718,FALSE,NA,NA,"<= day","daily",NA,NA,NA
"2019-01-28",4.427,FALSE,NA,NA,"<= day","daily",NA,NA,NA
"2019-01-29",4.201,FALSE,NA,NA,"<= day","daily",NA,NA,NA
"2019-01-30",4.092,FALSE,NA,NA,"<= day","daily",NA,NA,NA
"2019-01-31",3.921,FALSE,NA,NA,"<= day","daily",NA,NA,NA
"2019-02-01",3.952,FALSE,NA,NA,"<= day","daily",NA,NA,NA
"2019-02-02",4.475,FALSE,NA,NA,"<= day","daily",NA,NA,NA
"2019-02-03",4.084,FALSE,NA,NA,"<= day","daily",NA,NA,NA
"2019-02-04",3.785,FALSE,NA,NA,"<= day","daily",NA,NA,NA
"2019-02-05",3.585,FALSE,NA,NA,"<= day","daily",NA,NA,NA
"2019-02-06",3.501,FALSE,NA,NA,"<= day","daily",NA,NA,NA
"2019-02-07",3.486,FALSE,NA,NA,"<= day","daily",NA,NA,NA
"2019-02-08",3.432,FALSE,NA,NA,"<= day","daily",NA,NA,NA
"2019-02-09",3.413,FALSE,NA,NA,"<= day","daily",NA,NA,NA
"2019-02-10",3.49,FALSE,NA,NA,"<= day","daily",NA,NA,NA
"2019-02-11",3.685,FALSE,NA,NA,"<= day","daily",NA,NA,NA
"2019-02-12",3.538,FALSE,NA,NA,"<= day","daily",NA,NA,NA
"2019-02-13",3.516,FALSE,NA,NA,"<= day","daily",NA,NA,NA
"2019-02-14",3.502,FALSE,NA,NA,"<= day","daily",NA,NA,NA
"2019-02-15",3.496,FALSE,NA,NA,"<= day","daily",NA,NA,NA
"2019-02-16",3.486,FALSE,NA,NA,"<= day","daily",NA,NA,NA
"2019-02-17",3.457,FALSE,NA,NA,"<= day","daily",NA,NA,NA
"2019-02-18",3.419,FALSE,NA,NA,"<= day","daily",NA,NA,NA
"2019-02-19",3.324,FALSE,NA,NA,"<= day","daily",NA,NA,NA
"2019-02-20",3.177,FALSE,NA,NA,"<= day","daily",NA,NA,NA
"2019-02-21",3.059,FALSE,NA,NA,"<= day","daily",NA,NA,NA
"2019-02-22",2.964,FALSE,NA,NA,"<= day","daily",NA,NA,NA
"2019-02-23",2.902,FALSE,NA,NA,"<= day","daily",NA,NA,NA
"2019-02-24",2.834,FALSE,NA,NA,"<= day","daily",NA,NA,NA
"2019-02-25",3.292,FALSE,NA,NA,"<= day","daily",NA,NA,NA
"2019-02-26",3.506,FALSE,NA,NA,"<= day","daily",NA,NA,NA
"2019-02-27",3.429,FALSE,NA,NA,"<= day","daily",NA,NA,NA
"2019-02-28",3.369,FALSE,NA,NA,"<= day","daily",NA,NA,NA
"2019-03-01",3.707,FALSE,NA,NA,"<= day","daily",NA,NA,NA
"2019-03-02",3.864,FALSE,NA,NA,"<= day","daily",NA,NA,NA
"2019-03-03",3.662,FALSE,NA,NA,"<= day","daily",NA,NA,NA
"2019-03-04",3.574,FALSE,NA,NA,"<= day","daily",NA,NA,NA
"2019-03-05",3.424,FALSE,NA,NA,"<= day","daily",NA,NA,NA
"2019-03-06",3.381,FALSE,NA,NA,"<= day","daily",NA,NA,NA
"2019-03-07",3.332,FALSE,NA,NA,"<= day","daily",NA,NA,NA
"2019-03-08",3.191,FALSE,NA,NA,"<= day","daily",NA,NA,NA
"2019-03-09",3.19,FALSE,NA,NA,"<= day","daily",NA,NA,NA
"2019-03-10",3.835,FALSE,NA,NA,"<= day","daily",NA,NA,NA
"2019-03-11",4.183,FALSE,NA,NA,"<= day","daily",NA,NA,NA
"2019-03-12",3.706,FALSE,NA,NA,"<= day","daily",NA,NA,NA
"2019-03-13",3.497,FALSE,NA,NA,"<= day","daily",NA,NA,NA
"2019-03-14",3.689,FALSE,NA,NA,"<= day","daily",NA,NA,NA
"2019-03-15",6.405,FALSE,NA,NA,"<= day","daily",NA,NA,NA
"2019-03-16",7.916,FALSE,NA,NA,"<= day","daily",NA,NA,NA
"2019-03-17",8.222,FALSE,NA,NA,"<= day","daily",NA,NA,NA
"2019-03-18",8.138,FALSE,NA,NA,"<= day","daily",NA,NA,NA
"2019-03-19",7.937,FALSE,NA,NA,"<= day","daily",NA,NA,NA
"2019-03-20",7.705,FALSE,NA,NA,"<= day","daily",NA,NA,NA
"2019-03-21",7.449,FALSE,NA,NA,"<= day","daily",NA,NA,NA
"2019-03-22",7.134,FALSE,NA,NA,"<= day","daily",NA,NA,NA
"2019-03-23",6.85,FALSE,NA,NA,"<= day","daily",NA,NA,NA
"2019-03-24",6.631,FALSE,NA,NA,"<= day","daily",NA,NA,NA
"2019-03-25",6.335,FALSE,NA,NA,"<= day","daily",NA,NA,NA
"2019-03-26",5.837,FALSE,NA,NA,"<= day","daily",NA,NA,NA
"2019-03-27",5.402,FALSE,NA,NA,"<= day","daily",NA,NA,NA
"2019-03-28",5.043,FALSE,NA,NA,"<= day","daily",NA,NA,NA
"2019-03-29",4.766,FALSE,NA,NA,"<= day","daily",NA,NA,NA
"2019-03-30",4.556,FALSE,NA,NA,"<= day","daily",NA,NA,NA
"2019-03-31",4.351,FALSE,NA,NA,"<= day","daily",NA,NA,NA
"2019-04-01",4.137,FALSE,NA,NA,"<= day","daily",NA,NA,NA
"2019-04-02",4.318,FALSE,NA,NA,"<= day","daily",NA,NA,NA
"2019-04-03",4.75,FALSE,NA,NA,"<= day","daily",NA,NA,NA
"2019-04-04",5.652,FALSE,NA,NA,"<= day","daily",NA,NA,NA
"2019-04-05",6.534,FALSE,NA,NA,"<= day","daily",NA,NA,NA
"2019-04-06",7.116,FALSE,NA,NA,"<= day","daily",NA,NA,NA
"2019-04-07",7.069,FALSE,NA,NA,"<= day","daily",NA,NA,NA
"2019-04-08",7.226,FALSE,NA,NA,"<= day","daily",NA,NA,NA
"2019-04-09",7.399,FALSE,NA,NA,"<= day","daily",NA,NA,NA
"2019-04-10",7.501,FALSE,NA,NA,"<= day","daily",NA,NA,NA
"2019-04-11",7.319,FALSE,NA,NA,"<= day","daily",NA,NA,NA
"2019-04-12",7.061,FALSE,NA,NA,"<= day","daily",NA,NA,NA
"2019-04-13",6.739,FALSE,NA,NA,"<= day","daily",NA,NA,NA
"2019-04-14",6.409,FALSE,NA,NA,"<= day","daily",NA,NA,NA
"2019-04-15",6.107,FALSE,NA,NA,"<= day","daily",NA,NA,NA
"2019-04-16",6.309,FALSE,NA,NA,"<= day","daily",NA,NA,NA
"2019-04-17",6.594,FALSE,NA,NA,"<= day","daily",NA,NA,NA
"2019-04-18",6.397,FALSE,NA,NA,"<= day","daily",NA,NA,NA
"2019-04-19",6.073,FALSE,NA,NA,"<= day","daily",NA,NA,NA
"2019-04-20",5.822,FALSE,NA,NA,"<= day","daily",NA,NA,NA
"2019-04-21",5.634,FALSE,NA,NA,"<= day","daily",NA,NA,NA
"2019-04-22",5.551,FALSE,NA,NA,"<= day","daily",NA,NA,NA
"2019-04-23",5.45,FALSE,NA,NA,"<= day","daily",NA,NA,NA
"2019-04-24",5.267,FALSE,NA,NA,"<= day","daily",NA,NA,NA
"2019-04-25",5.104,FALSE,NA,NA,"<= day","daily",NA,NA,NA
"2019-04-26",4.869,FALSE,NA,NA,"<= day","daily",NA,NA,NA
"2019-04-27",5.279,FALSE,NA,NA,"<= day","daily",NA,NA,NA
"2019-04-28",7.219,FALSE,NA,NA,"<= day","daily",NA,NA,NA
"2019-04-29",7.43,FALSE,NA,NA,"<= day","daily",NA,NA,NA
"2019-04-30",7.43,FALSE,NA,NA,"<= day","daily",NA,NA,NA
"2019-05-01",7.438,FALSE,NA,NA,"<= day","daily",NA,NA,NA
"2019-05-02",7.342,FALSE,NA,NA,"<= day","daily",NA,NA,NA
"2019-05-03",7.509,FALSE,NA,NA,"<= day","daily",NA,NA,NA
"2019-05-04",7.503,FALSE,NA,NA,"<= day","daily",NA,NA,NA
"2019-05-05",7.493,FALSE,NA,NA,"<= day","daily",NA,NA,NA
"2019-05-06",7.483,FALSE,NA,NA,"<= day","daily",NA,NA,NA
"2019-05-07",7.855,FALSE,NA,NA,"<= day","daily",NA,NA,NA
"2019-05-08",8.275,FALSE,NA,NA,"<= day","daily",NA,NA,NA
"2019-05-09",10.163,FALSE,NA,NA,"<= day","daily",NA,NA,NA
"2019-05-10",10.478,FALSE,NA,NA,"<= day","daily",NA,NA,NA
"2019-05-11",10.79,FALSE,NA,NA,"<= day","daily",NA,NA,NA
"2019-05-12",10.631,FALSE,NA,NA,"<= day","daily",NA,NA,NA
"2019-05-13",10.551,FALSE,NA,NA,"<= day","daily",NA,NA,NA
"2019-05-14",10.437,FALSE,NA,NA,"<= day","daily",NA,NA,NA
"2019-05-15",10.193,FALSE,NA,NA,"<= day","daily",NA,NA,NA
"2019-05-16",9.881,FALSE,NA,NA,"<= day","daily",NA,NA,NA
"2019-05-17",9.563,FALSE,NA,NA,"<= day","daily",NA,NA,NA
"2019-05-18",9.161,FALSE,NA,NA,"<= day","daily",NA,NA,NA
"2019-05-19",8.691,FALSE,NA,NA,"<= day","daily",NA,NA,NA
"2019-05-20",9.211,FALSE,NA,NA,"<= day","daily",NA,NA,NA
"2019-05-21",11.265,FALSE,NA,NA,"<= day","daily",NA,NA,NA
"2019-05-22",11.26,FALSE,NA,NA,"<= day","daily",NA,NA,NA
"2019-05-23",11.038,FALSE,NA,NA,"<= day","daily",NA,NA,NA
"2019-05-24",10.758,FALSE,NA,NA,"<= day","daily",NA,NA,NA
"2019-05-25",10.436,FALSE,NA,NA,"<= day","daily",NA,NA,NA
"2019-05-26",10.138,FALSE,NA,NA,"<= day","daily",NA,NA,NA
"2019-05-27",9.792,FALSE,NA,NA,"<= day","daily",NA,NA,NA
"2019-05-28",9.424,FALSE,NA,NA,"<= day","daily",NA,NA,NA
"2019-05-29",8.867,FALSE,NA,NA,"<= day","daily",NA,NA,NA
"2019-05-30",8.148,FALSE,NA,NA,"<= day","daily",NA,NA,NA
"2019-05-31",7.535,FALSE,NA,NA,"<= day","daily",NA,NA,NA
"2019-06-01",6.921,FALSE,NA,NA,"<= day","daily",NA,NA,NA
"2019-06-02",6.459,FALSE,NA,NA,"<= day","daily",NA,NA,NA
"2019-06-03",6.073,FALSE,NA,NA,"<= day","daily",NA,NA,NA
"2019-06-04",5.783,FALSE,NA,NA,"<= day","daily",NA,NA,NA
"2019-06-05",5.502,FALSE,NA,NA,"<= day","daily",NA,NA,NA
"2019-06-06",5.177,FALSE,NA,NA,"<= day","daily",NA,NA,NA
"2019-06-07",4.935,FALSE,NA,NA,"<= day","daily",NA,NA,NA
"2019-06-08",4.606,FALSE,NA,NA,"<= day","daily",NA,NA,NA
"2019-06-09",4.441,FALSE,NA,NA,"<= day","daily",NA,NA,NA
"2019-06-10",4.378,FALSE,NA,NA,"<= day","daily",NA,NA,NA
"2019-06-11",4.622,FALSE,NA,NA,"<= day","daily",NA,NA,NA
"2019-06-12",4.159,FALSE,NA,NA,"<= day","daily",NA,NA,NA
"2019-06-13",3.847,FALSE,NA,NA,"<= day","daily",NA,NA,NA
"2019-06-14",3.663,FALSE,NA,NA,"<= day","daily",NA,NA,NA
"2019-06-15",3.628,FALSE,NA,NA,"<= day","daily",NA,NA,NA
"2019-06-16",3.827,FALSE,NA,NA,"<= day","daily",NA,NA,NA
"2019-06-17",3.496,FALSE,NA,NA,"<= day","daily",NA,NA,NA
"2019-06-18",3.334,FALSE,NA,NA,"<= day","daily",NA,NA,NA
"2019-06-19",3.195,FALSE,NA,NA,"<= day","daily",NA,NA,NA
"2019-06-20",3.209,FALSE,NA,NA,"<= day","daily",NA,NA,NA
"2019-06-21",3.166,FALSE,NA,NA,"<= day","daily",NA,NA,NA
"2019-06-22",3.119,FALSE,NA,NA,"<= day","daily",NA,NA,NA
"2019-06-23",2.982,FALSE,NA,NA,"<= day","daily",NA,NA,NA
"2019-06-24",2.843,FALSE,NA,NA,"<= day","daily",NA,NA,NA
"2019-06-25",2.718,FALSE,NA,NA,"<= day","daily",NA,NA,NA
"2019-06-26",2.61,FALSE,NA,NA,"<= day","daily",NA,NA,NA
"2019-06-27",2.521,FALSE,NA,NA,"<= day","daily",NA,NA,NA
"2019-06-28",2.432,FALSE,NA,NA,"<= day","daily",NA,NA,NA
"2019-06-29",2.353,FALSE,NA,NA,"<= day","daily",NA,NA,NA
"2019-06-30",2.279,FALSE,NA,NA,"<= day","daily",NA,NA,NA
"2019-07-01",2.217,FALSE,NA,NA,"<= day","daily",NA,NA,NA
"2019-07-02",2.156,FALSE,NA,NA,"<= day","daily",NA,NA,NA
"2019-07-03",2.109,FALSE,NA,NA,"<= day","daily",NA,NA,NA
"2019-07-04",2.063,FALSE,NA,NA,"<= day","daily",NA,NA,NA
"2019-07-05",2.023,FALSE,NA,NA,"<= day","daily",NA,NA,NA
"2019-07-06",1.99,FALSE,NA,NA,"<= day","daily",NA,NA,NA
"2019-07-07",2.018,FALSE,NA,NA,"<= day","daily",NA,NA,NA
"2019-07-08",1.956,FALSE,NA,NA,"<= day","daily",NA,NA,NA
"2019-07-09",1.9,FALSE,NA,NA,"<= day","daily",NA,NA,NA
"2019-07-10",1.852,FALSE,NA,NA,"<= day","daily",NA,NA,NA
"2019-07-11",1.83,FALSE,NA,NA,"<= day","daily",NA,NA,NA
"2019-07-12",1.793,FALSE,NA,NA,"<= day","daily",NA,NA,NA
"2019-07-13",1.766,FALSE,NA,NA,"<= day","daily",NA,NA,NA
"2019-07-14",1.731,FALSE,NA,NA,"<= day","daily",NA,NA,NA
"2019-07-15",1.979,FALSE,NA,NA,"<= day","daily",NA,NA,NA
"2019-07-16",1.986,FALSE,NA,NA,"<= day","daily",NA,NA,NA
"2019-07-17",1.938,FALSE,NA,NA,"<= day","daily",NA,NA,NA
"2019-07-18",1.884,FALSE,NA,NA,"<= day","daily",NA,NA,NA
"2019-07-19",1.85,FALSE,NA,NA,"<= day","daily",NA,NA,NA
"2019-07-20",1.806,FALSE,NA,NA,"<= day","daily",NA,NA,NA
"2019-07-21",1.789,FALSE,NA,NA,"<= day","daily",NA,NA,NA
"2019-07-22",1.738,FALSE,NA,NA,"<= day","daily",NA,NA,NA
"2019-07-23",1.715,FALSE,NA,NA,"<= day","daily",NA,NA,NA
"2019-07-24",1.689,FALSE,NA,NA,"<= day","daily",NA,NA,NA
"2019-07-25",1.656,FALSE,NA,NA,"<= day","daily",NA,NA,NA
"2019-07-26",1.64,FALSE,NA,NA,"<= day","daily",NA,NA,NA
"2019-07-27",1.796,FALSE,NA,NA,"<= day","daily",NA,NA,NA
"2019-07-28",2.035,FALSE,NA,NA,"<= day","daily",NA,NA,NA
"2019-07-29",1.863,FALSE,NA,NA,"<= day","daily",NA,NA,NA
"2019-07-30",1.716,FALSE,NA,NA,"<= day","daily",NA,NA,NA
"2019-07-31",1.659,FALSE,NA,NA,"<= day","daily",NA,NA,NA
"2019-08-01",1.609,FALSE,NA,NA,"<= day","daily",NA,NA,NA
"2019-08-02",1.578,FALSE,NA,NA,"<= day","daily",NA,NA,NA
"2019-08-03",1.54,FALSE,NA,NA,"<= day","daily",NA,NA,NA
"2019-08-04",1.518,FALSE,NA,NA,"<= day","daily",NA,NA,NA
"2019-08-05",1.741,FALSE,NA,NA,"<= day","daily",NA,NA,NA
"2019-08-06",1.901,FALSE,NA,NA,"<= day","daily",NA,NA,NA
"2019-08-07",2.084,FALSE,NA,NA,"<= day","daily",NA,NA,NA
"2019-08-08",2.123,FALSE,NA,NA,"<= day","daily",NA,NA,NA
"2019-08-09",1.978,FALSE,NA,NA,"<= day","daily",NA,NA,NA
"2019-08-10",2.035,FALSE,NA,NA,"<= day","daily",NA,NA,NA
"2019-08-11",1.977,FALSE,NA,NA,"<= day","daily",NA,NA,NA
"2019-08-12",1.993,FALSE,NA,NA,"<= day","daily",NA,NA,NA
"2019-08-13",1.893,FALSE,NA,NA,"<= day","daily",NA,NA,NA
"2019-08-14",1.836,FALSE,NA,NA,"<= day","daily",NA,NA,NA
"2019-08-15",1.811,FALSE,NA,NA,"<= day","daily",NA,NA,NA
"2019-08-16",1.767,FALSE,NA,NA,"<= day","daily",NA,NA,NA
"2019-08-17",1.733,FALSE,NA,NA,"<= day","daily",NA,NA,NA
"2019-08-18",1.711,FALSE,NA,NA,"<= day","daily",NA,NA,NA
"2019-08-19",1.831,FALSE,NA,NA,"<= day","daily",NA,NA,NA
"2019-08-20",2.052,FALSE,NA,NA,"<= day","daily",NA,NA,NA
"2019-08-21",2.212,FALSE,NA,NA,"<= day","daily",NA,NA,NA
"2019-08-22",1.985,FALSE,NA,NA,"<= day","daily",NA,NA,NA
"2019-08-23",1.847,FALSE,NA,NA,"<= day","daily",NA,NA,NA
"2019-08-24",1.759,FALSE,NA,NA,"<= day","daily",NA,NA,NA
"2019-08-25",1.702,FALSE,NA,NA,"<= day","daily",NA,NA,NA
"2019-08-26",1.653,FALSE,NA,NA,"<= day","daily",NA,NA,NA
"2019-08-27",1.627,FALSE,NA,NA,"<= day","daily",NA,NA,NA
"2019-08-28",1.592,FALSE,NA,NA,"<= day","daily",NA,NA,NA
"2019-08-29",1.577,FALSE,NA,NA,"<= day","daily",NA,NA,NA
"2019-08-30",1.558,FALSE,NA,NA,"<= day","daily",NA,NA,NA
"2019-08-31",1.534,FALSE,NA,NA,"<= day","daily",NA,NA,NA
"2019-09-01",1.52,FALSE,NA,NA,"<= day","daily",NA,NA,NA
"2019-09-02",1.5,FALSE,NA,NA,"<= day","daily",NA,NA,NA
"2019-09-03",1.469,FALSE,NA,NA,"<= day","daily",NA,NA,NA
"2019-09-04",1.459,FALSE,NA,NA,"<= day","daily",NA,NA,NA
"2019-09-05",1.455,FALSE,NA,NA,"<= day","daily",NA,NA,NA
"2019-09-06",1.442,FALSE,NA,NA,"<= day","daily",NA,NA,NA
"2019-09-07",1.424,FALSE,NA,NA,"<= day","daily",NA,NA,NA
"2019-09-08",1.416,FALSE,NA,NA,"<= day","daily",NA,NA,NA
"2019-09-09",1.405,FALSE,NA,NA,"<= day","daily",NA,NA,NA
"2019-09-10",1.304,FALSE,NA,NA,"<= day","daily",NA,NA,NA
"2019-09-11",1.239,FALSE,NA,NA,"<= day","daily",NA,NA,NA
"2019-09-12",1.237,FALSE,NA,NA,"<= day","daily",NA,NA,NA
"2019-09-13",1.235,FALSE,NA,NA,"<= day","daily",NA,NA,NA
"2019-09-14",1.231,FALSE,NA,NA,"<= day","daily",NA,NA,NA
"2019-09-15",1.222,FALSE,NA,NA,"<= day","daily",NA,NA,NA
"2019-09-16",1.214,FALSE,NA,NA,"<= day","daily",NA,NA,NA
"2019-09-17",1.199,FALSE,NA,NA,"<= day","daily",NA,NA,NA
"2019-09-18",1.183,FALSE,NA,NA,"<= day","daily",NA,NA,NA
"2019-09-19",1.172,FALSE,NA,NA,"<= day","daily",NA,NA,NA
"2019-09-20",1.163,FALSE,NA,NA,"<= day","daily",NA,NA,NA
"2019-09-21",1.156,FALSE,NA,NA,"<= day","daily",NA,NA,NA
"2019-09-22",1.15,FALSE,NA,NA,"<= day","daily",NA,NA,NA
"2019-09-23",1.231,FALSE,NA,NA,"<= day","daily",NA,NA,NA
"2019-09-24",1.156,FALSE,NA,NA,"<= day","daily",NA,NA,NA
"2019-09-25",1.189,FALSE,NA,NA,"<= day","daily",NA,NA,NA
"2019-09-26",1.238,FALSE,NA,NA,"<= day","daily",NA,NA,NA
"2019-09-27",1.176,FALSE,NA,NA,"<= day","daily",NA,NA,NA
"2019-09-28",1.221,FALSE,NA,NA,"<= day","daily",NA,NA,NA
"2019-09-29",1.172,FALSE,NA,NA,"<= day","daily",NA,NA,NA
"2019-09-30",1.144,FALSE,NA,NA,"<= day","daily",NA,NA,NA
"2019-10-01",1.147,FALSE,NA,NA,"<= day","daily",NA,NA,NA
"2019-10-02",1.263,FALSE,NA,NA,"<= day","daily",NA,NA,NA
"2019-10-03",1.272,FALSE,NA,NA,"<= day","daily",NA,NA,NA
"2019-10-04",1.237,FALSE,NA,NA,"<= day","daily",NA,NA,NA
"2019-10-05",1.375,FALSE,NA,NA,"<= day","daily",NA,NA,NA
"2019-10-06",1.455,FALSE,NA,NA,"<= day","daily",NA,NA,NA
"2019-10-07",1.69,FALSE,NA,NA,"<= day","daily",NA,NA,NA
"2019-10-08",1.428,FALSE,NA,NA,"<= day","daily",NA,NA,NA
"2019-10-09",1.567,FALSE,NA,NA,"<= day","daily",NA,NA,NA
"2019-10-10",1.797,FALSE,NA,NA,"<= day","daily",NA,NA,NA
"2019-10-11",1.555,FALSE,NA,NA,"<= day","daily",NA,NA,NA
"2019-10-12",1.399,FALSE,NA,NA,"<= day","daily",NA,NA,NA
"2019-10-13",1.326,FALSE,NA,NA,"<= day","daily",NA,NA,NA
"2019-10-14",1.273,FALSE,NA,NA,"<= day","daily",NA,NA,NA
"2019-10-15",1.289,FALSE,NA,NA,"<= day","daily",NA,NA,NA
"2019-10-16",1.466,FALSE,NA,NA,"<= day","daily",NA,NA,NA
"2019-10-17",1.361,FALSE,NA,NA,"<= day","daily",NA,NA,NA
"2019-10-18",1.396,FALSE,NA,NA,"<= day","daily",NA,NA,NA
"2019-10-19",2.745,FALSE,NA,NA,"<= day","daily",NA,NA,NA
"2019-10-20",2.432,FALSE,NA,NA,"<= day","daily",NA,NA,NA
"2019-10-21",1.977,FALSE,NA,NA,"<= day","daily",NA,NA,NA
"2019-10-22",2.134,FALSE,NA,NA,"<= day","daily",NA,NA,NA
"2019-10-23",1.963,FALSE,NA,NA,"<= day","daily",NA,NA,NA
"2019-10-24",1.8,FALSE,NA,NA,"<= day","daily",NA,NA,NA
"2019-10-25",1.643,FALSE,NA,NA,"<= day","daily",NA,NA,NA
"2019-10-26",1.54,FALSE,NA,NA,"<= day","daily",NA,NA,NA
"2019-10-27",1.473,FALSE,NA,NA,"<= day","daily",NA,NA,NA
"2019-10-28",1.442,FALSE,NA,NA,"<= day","daily",NA,NA,NA
"2019-10-29",1.509,FALSE,NA,NA,"<= day","daily",NA,NA,NA
"2019-10-30",1.668,FALSE,NA,NA,"<= day","daily",NA,NA,NA
"2019-10-31",1.938,FALSE,NA,NA,"<= day","daily",NA,NA,NA
"2019-11-01",1.747,FALSE,NA,NA,"<= day","daily",NA,NA,NA
"2019-11-02",2.049,FALSE,NA,NA,"<= day","daily",NA,NA,NA
"2019-11-03",2.439,FALSE,NA,NA,"<= day","daily",NA,NA,NA
"2019-11-04",2.727,FALSE,NA,NA,"<= day","daily",NA,NA,NA
"2019-11-05",2.665,FALSE,NA,NA,"<= day","daily",NA,NA,NA
"2019-11-06",2.626,FALSE,NA,NA,"<= day","daily",NA,NA,NA
"2019-11-07",2.558,FALSE,NA,NA,"<= day","daily",NA,NA,NA
"2019-11-08",2.346,FALSE,NA,NA,"<= day","daily",NA,NA,NA
"2019-11-09",2.165,FALSE,NA,NA,"<= day","daily",NA,NA,NA
"2019-11-10",2.029,FALSE,NA,NA,"<= day","daily",NA,NA,NA
"2019-11-11",1.907,FALSE,NA,NA,"<= day","daily",NA,NA,NA
"2019-11-12",1.827,FALSE,NA,NA,"<= day","daily",NA,NA,NA
"2019-11-13",1.747,FALSE,NA,NA,"<= day","daily",NA,NA,NA
"2019-11-14",1.699,FALSE,NA,NA,"<= day","daily",NA,NA,NA
"2019-11-15",1.642,FALSE,NA,NA,"<= day","daily",NA,NA,NA
"2019-11-16",1.57,FALSE,NA,NA,"<= day","daily",NA,NA,NA
"2019-11-17",1.543,FALSE,NA,NA,"<= day","daily",NA,NA,NA
"2019-11-18",1.863,FALSE,NA,NA,"<= day","daily",NA,NA,NA
"2019-11-19",1.909,FALSE,NA,NA,"<= day","daily",NA,NA,NA
"2019-11-20",1.792,FALSE,NA,NA,"<= day","daily",NA,NA,NA
"2019-11-21",1.721,FALSE,NA,NA,"<= day","daily",NA,NA,NA
"2019-11-22",1.668,FALSE,NA,NA,"<= day","daily",NA,NA,NA
"2019-11-23",1.641,FALSE,NA,NA,"<= day","daily",NA,NA,NA
"2019-11-24",1.583,FALSE,NA,NA,"<= day","daily",NA,NA,NA
"2019-11-25",1.541,FALSE,NA,NA,"<= day","daily",NA,NA,NA
"2019-11-26",1.518,FALSE,NA,NA,"<= day","daily",NA,NA,NA
"2019-11-27",1.521,FALSE,NA,NA,"<= day","daily",NA,NA,NA
"2019-11-28",1.506,FALSE,NA,NA,"<= day","daily",NA,NA,NA
"2019-11-29",2.258,FALSE,NA,NA,"<= day","daily",NA,NA,NA
"2019-11-30",2.826,FALSE,NA,NA,"<= day","daily",NA,NA,NA
"2019-12-01",2.457,FALSE,NA,NA,"<= day","daily",NA,NA,NA
"2019-12-02",2.302,FALSE,NA,NA,"<= day","daily",NA,NA,NA
"2019-12-03",2.205,FALSE,NA,NA,"<= day","daily",NA,NA,NA
"2019-12-04",2.132,FALSE,NA,NA,"<= day","daily",NA,NA,NA
"2019-12-05",2.036,FALSE,NA,NA,"<= day","daily",NA,NA,NA
"2019-12-06",1.97,FALSE,NA,NA,"<= day","daily",NA,NA,NA
"2019-12-07",1.899,FALSE,NA,NA,"<= day","daily",NA,NA,NA
"2019-12-08",1.85,FALSE,NA,NA,"<= day","daily",NA,NA,NA
"2019-12-09",1.893,FALSE,NA,NA,"<= day","daily",NA,NA,NA
"2019-12-10",2.149,FALSE,NA,NA,"<= day","daily",NA,NA,NA
"2019-12-11",2.121,FALSE,NA,NA,"<= day","daily",NA,NA,NA
"2019-12-12",2.445,FALSE,NA,NA,"<= day","daily",NA,NA,NA
"2019-12-13",2.628,FALSE,NA,NA,"<= day","daily",NA,NA,NA
"2019-12-14",2.661,FALSE,NA,NA,"<= day","daily",NA,NA,NA
"2019-12-15",2.605,FALSE,NA,NA,"<= day","daily",NA,NA,NA
"2019-12-16",2.611,FALSE,NA,NA,"<= day","daily",NA,NA,NA
"2019-12-17",2.597,FALSE,NA,NA,"<= day","daily",NA,NA,NA
"2019-12-24",4.283,FALSE,NA,NA,"<= day","daily",NA,NA,NA
"2019-12-25",5.21,FALSE,NA,NA,"<= day","daily",NA,NA,NA
"2019-12-26",5.59,FALSE,NA,NA,"<= day","daily",NA,NA,NA
"2019-12-27",7.575,FALSE,NA,NA,"<= day","daily",NA,NA,NA
"2019-12-28",10.105,FALSE,NA,NA,"<= day","daily",NA,NA,NA
"2019-12-29",9.613,FALSE,NA,NA,"<= day","daily",NA,NA,NA
"2019-12-30",8.491,FALSE,NA,NA,"<= day","daily",NA,NA,NA
"2019-12-31",7.509,FALSE,NA,NA,"<= day","daily",NA,NA,NA
"2020-01-01",6.856,FALSE,NA,NA,"<= day","daily",NA,NA,NA
"2020-01-02",6.168,FALSE,NA,NA,"<= day","daily",NA,NA,NA
"2020-01-03",5.328,FALSE,NA,NA,"<= day","daily",NA,NA,NA
"2020-01-04",4.725,FALSE,NA,NA,"<= day","daily",NA,NA,NA
"2020-01-05",4.298,FALSE,NA,NA,"<= day","daily",NA,NA,NA
"2020-01-06",4.027,FALSE,NA,NA,"<= day","daily",NA,NA,NA
"2020-01-07",3.722,FALSE,NA,NA,"<= day","daily",NA,NA,NA
"2020-01-08",3.488,FALSE,NA,NA,"<= day","daily",NA,NA,NA
"2020-01-09",3.332,FALSE,NA,NA,"<= day","daily",NA,NA,NA
"2020-01-10",3.149,FALSE,NA,NA,"<= day","daily",NA,NA,NA
"2020-01-11",2.968,FALSE,NA,NA,"<= day","daily",NA,NA,NA
"2020-01-12",2.851,FALSE,NA,NA,"<= day","daily",NA,NA,NA
"2020-01-13",2.764,FALSE,NA,NA,"<= day","daily",NA,NA,NA
"2020-01-14",2.672,FALSE,NA,NA,"<= day","daily",NA,NA,NA
"2020-01-15",2.561,FALSE,NA,NA,"<= day","daily",NA,NA,NA
"2020-01-16",2.445,FALSE,NA,NA,"<= day","daily",NA,NA,NA
"2020-01-17",2.391,FALSE,NA,NA,"<= day","daily",NA,NA,NA
"2020-01-18",2.346,FALSE,NA,NA,"<= day","daily",NA,NA,NA
"2020-01-19",2.285,FALSE,NA,NA,"<= day","daily",NA,NA,NA
"2020-01-20",2.228,FALSE,NA,NA,"<= day","daily",NA,NA,NA
"2020-01-21",2.181,FALSE,NA,NA,"<= day","daily",NA,NA,NA
"2020-01-22",2.144,FALSE,NA,NA,"<= day","daily",NA,NA,NA
"2020-01-23",2.099,FALSE,NA,NA,"<= day","daily",NA,NA,NA
"2020-01-24",2.045,FALSE,NA,NA,"<= day","daily",NA,NA,NA
"2020-01-25",2.014,FALSE,NA,NA,"<= day","daily",NA,NA,NA
"2020-01-26",1.972,FALSE,NA,NA,"<= day","daily",NA,NA,NA
"2020-01-27",2.122,FALSE,NA,NA,"<= day","daily",NA,NA,NA
"2020-01-28",2.315,FALSE,NA,NA,"<= day","daily",NA,NA,NA
"2020-01-29",2.445,FALSE,NA,NA,"<= day","daily",NA,NA,NA
"2020-01-30",2.639,FALSE,NA,NA,"<= day","daily",NA,NA,NA
"2020-01-31",2.847,FALSE,NA,NA,"<= day","daily",NA,NA,NA
"2020-02-01",2.763,FALSE,NA,NA,"<= day","daily",NA,NA,NA
"2020-02-02",3.11,FALSE,NA,NA,"<= day","daily",NA,NA,NA
"2020-02-03",4.188,FALSE,NA,NA,"<= day","daily",NA,NA,NA
"2020-02-04",6.733,FALSE,NA,NA,"<= day","daily",NA,NA,NA
"2020-02-05",8.893,FALSE,NA,NA,"<= day","daily",NA,NA,NA
"2020-02-06",9.636,FALSE,NA,NA,"<= day","daily",NA,NA,NA
"2020-02-07",9.624,FALSE,NA,NA,"<= day","daily",NA,NA,NA
"2020-02-08",9.181,FALSE,NA,NA,"<= day","daily",NA,NA,NA
"2020-02-09",8.7,FALSE,NA,NA,"<= day","daily",NA,NA,NA
"2020-02-10",8.474,FALSE,NA,NA,"<= day","daily",NA,NA,NA
"2020-02-11",8.049,FALSE,NA,NA,"<= day","daily",NA,NA,NA
"2020-02-12",7.784,FALSE,NA,NA,"<= day","daily",NA,NA,NA
"2020-02-13",7.599,FALSE,NA,NA,"<= day","daily",NA,NA,NA
"2020-02-14",8.202,FALSE,NA,NA,"<= day","daily",NA,NA,NA
"2020-02-15",8.105,FALSE,NA,NA,"<= day","daily",NA,NA,NA
"2020-02-16",8.14,FALSE,NA,NA,"<= day","daily",NA,NA,NA
"2020-02-17",8.147,FALSE,NA,NA,"<= day","daily",NA,NA,NA
"2020-02-18",8.267,FALSE,NA,NA,"<= day","daily",NA,NA,NA
"2020-02-19",8.711,FALSE,NA,NA,"<= day","daily",NA,NA,NA
"2020-02-20",9.052,FALSE,NA,NA,"<= day","daily",NA,NA,NA
"2020-02-21",8.582,FALSE,NA,NA,"<= day","daily",NA,NA,NA
"2020-02-22",8.241,FALSE,NA,NA,"<= day","daily",NA,NA,NA
"2020-02-23",7.942,FALSE,NA,NA,"<= day","daily",NA,NA,NA
"2020-02-24",7.731,FALSE,NA,NA,"<= day","daily",NA,NA,NA
"2020-02-25",7.536,FALSE,NA,NA,"<= day","daily",NA,NA,NA
"2020-02-26",7.455,FALSE,NA,NA,"<= day","daily",NA,NA,NA
"2020-02-27",7.281,FALSE,NA,NA,"<= day","daily",NA,NA,NA
"2020-02-28",6.859,FALSE,NA,NA,"<= day","daily",NA,NA,NA
"2020-02-29",6.732,FALSE,NA,NA,"<= day","daily",NA,NA,NA
"2020-03-01",6.816,FALSE,NA,NA,"<= day","daily",NA,NA,NA
"2020-03-02",6.872,FALSE,NA,NA,"<= day","daily",NA,NA,NA
"2020-03-03",8.779,FALSE,NA,NA,"<= day","daily",NA,NA,NA
"2020-03-04",9.896,FALSE,NA,NA,"<= day","daily",NA,NA,NA
"2020-03-05",10.844,FALSE,NA,NA,"<= day","daily",NA,NA,NA
"2020-03-06",12.541,FALSE,NA,NA,"<= day","daily",NA,NA,NA
"2020-03-07",12.739,FALSE,NA,NA,"<= day","daily",NA,NA,NA
"2020-03-08",12.721,FALSE,NA,NA,"<= day","daily",NA,NA,NA
"2020-03-09",12.732,FALSE,NA,NA,"<= day","daily",NA,NA,NA
"2020-03-10",13.261,FALSE,NA,NA,"<= day","daily",NA,NA,NA
"2020-03-11",14.498,FALSE,NA,NA,"<= day","daily",NA,NA,NA
"2020-03-12",14.396,FALSE,NA,NA,"<= day","daily",NA,NA,NA
"2020-03-13",14.205,FALSE,NA,NA,"<= day","daily",NA,NA,NA
"2020-03-14",14.064,FALSE,NA,NA,"<= day","daily",NA,NA,NA
"2020-03-15",14.041,FALSE,NA,NA,"<= day","daily",NA,NA,NA
"2020-03-16",13.966,FALSE,NA,NA,"<= day","daily",NA,NA,NA
"2020-03-17",14.316,FALSE,NA,NA,"<= day","daily",NA,NA,NA
"2020-03-18",14.031,FALSE,NA,NA,"<= day","daily",NA,NA,NA
"2020-03-19",13.365,FALSE,NA,NA,"<= day","daily",NA,NA,NA
"2020-03-20",13.046,FALSE,NA,NA,"<= day","daily",NA,NA,NA
"2020-03-21",12.659,FALSE,NA,NA,"<= day","daily",NA,NA,NA
"2020-03-22",12.287,FALSE,NA,NA,"<= day","daily",NA,NA,NA
"2020-03-23",11.864,FALSE,NA,NA,"<= day","daily",NA,NA,NA
"2020-03-24",11.467,FALSE,NA,NA,"<= day","daily",NA,NA,NA
"2020-03-25",11.028,FALSE,NA,NA,"<= day","daily",NA,NA,NA
"2020-03-26",10.248,FALSE,NA,NA,"<= day","daily",NA,NA,NA
"2020-03-27",9.102,FALSE,NA,NA,"<= day","daily",NA,NA,NA
"2020-03-28",8.114,FALSE,NA,NA,"<= day","daily",NA,NA,NA
"2020-03-29",7.362,FALSE,NA,NA,"<= day","daily",NA,NA,NA
"2020-03-30",6.813,FALSE,NA,NA,"<= day","daily",NA,NA,NA
"2020-03-31",6.288,FALSE,NA,NA,"<= day","daily",NA,NA,NA
"2020-04-01",5.826,FALSE,NA,NA,"<= day","daily",NA,NA,NA
"2020-04-02",5.571,FALSE,NA,NA,"<= day","daily",NA,NA,NA
"2020-04-03",5.591,FALSE,NA,NA,"<= day","daily",NA,NA,NA
"2020-04-04",5.253,FALSE,NA,NA,"<= day","daily",NA,NA,NA
"2020-04-05",4.834,FALSE,NA,NA,"<= day","daily",NA,NA,NA
"2020-04-06",4.526,FALSE,NA,NA,"<= day","daily",NA,NA,NA
"2020-04-07",4.237,FALSE,NA,NA,"<= day","daily",NA,NA,NA
"2020-04-08",4.021,FALSE,NA,NA,"<= day","daily",NA,NA,NA
"2020-04-09",3.839,FALSE,NA,NA,"<= day","daily",NA,NA,NA
"2020-04-10",3.655,FALSE,NA,NA,"<= day","daily",NA,NA,NA
"2020-04-11",3.509,FALSE,NA,NA,"<= day","daily",NA,NA,NA
"2020-04-12",3.378,FALSE,NA,NA,"<= day","daily",NA,NA,NA
"2020-04-13",3.271,FALSE,NA,NA,"<= day","daily",NA,NA,NA
"2020-04-14",3.148,FALSE,NA,NA,"<= day","daily",NA,NA,NA
"2020-04-15",3.052,FALSE,NA,NA,"<= day","daily",NA,NA,NA
"2020-04-16",2.957,FALSE,NA,NA,"<= day","daily",NA,NA,NA
"2020-04-17",2.88,FALSE,NA,NA,"<= day","daily",NA,NA,NA
"2020-04-18",2.788,FALSE,NA,NA,"<= day","daily",NA,NA,NA
"2020-04-19",2.715,FALSE,NA,NA,"<= day","daily",NA,NA,NA
"2020-04-20",2.646,FALSE,NA,NA,"<= day","daily",NA,NA,NA
"2020-04-21",2.59,FALSE,NA,NA,"<= day","daily",NA,NA,NA
"2020-04-22",2.493,FALSE,NA,NA,"<= day","daily",NA,NA,NA
"2020-04-23",2.581,FALSE,NA,NA,"<= day","daily",NA,NA,NA
"2020-04-24",2.681,FALSE,NA,NA,"<= day","daily",NA,NA,NA
"2020-04-25",2.571,FALSE,NA,NA,"<= day","daily",NA,NA,NA
"2020-04-26",2.459,FALSE,NA,NA,"<= day","daily",NA,NA,NA
"2020-04-27",2.366,FALSE,NA,NA,"<= day","daily",NA,NA,NA
"2020-04-28",2.335,FALSE,NA,NA,"<= day","daily",NA,NA,NA
"2020-04-29",2.301,FALSE,NA,NA,"<= day","daily",NA,NA,NA
"2020-04-30",2.264,FALSE,NA,NA,"<= day","daily",NA,NA,NA
"2020-05-01",2.193,FALSE,NA,NA,"<= day","daily",NA,NA,NA
"2020-05-02",2.161,FALSE,NA,NA,"<= day","daily",NA,NA,NA
"2020-05-03",2.089,FALSE,NA,NA,"<= day","daily",NA,NA,NA
"2020-05-04",2.014,FALSE,NA,NA,"<= day","daily",NA,NA,NA
"2020-05-05",1.97,FALSE,NA,NA,"<= day","daily",NA,NA,NA
"2020-05-06",1.99,FALSE,NA,NA,"<= day","daily",NA,NA,NA
"2020-05-07",1.904,FALSE,NA,NA,"<= day","daily",NA,NA,NA
"2020-05-08",1.851,FALSE,NA,NA,"<= day","daily",NA,NA,NA
"2020-05-09",1.807,FALSE,NA,NA,"<= day","daily",NA,NA,NA
"2020-05-10",1.772,FALSE,NA,NA,"<= day","daily",NA,NA,NA
"2020-05-11",1.774,FALSE,NA,NA,"<= day","daily",NA,NA,NA
"2020-05-12",1.756,FALSE,NA,NA,"<= day","daily",NA,NA,NA
"2020-05-13",1.949,FALSE,NA,NA,"<= day","daily",NA,NA,NA
"2020-05-14",2.356,FALSE,NA,NA,"<= day","daily",NA,NA,NA
"2020-05-15",2.035,FALSE,NA,NA,"<= day","daily",NA,NA,NA
"2020-05-16",1.903,FALSE,NA,NA,"<= day","daily",NA,NA,NA
"2020-05-17",1.835,FALSE,NA,NA,"<= day","daily",NA,NA,NA
"2020-05-18",1.773,FALSE,NA,NA,"<= day","daily",NA,NA,NA
"2020-05-19",1.725,FALSE,NA,NA,"<= day","daily",NA,NA,NA
"2020-05-20",1.679,FALSE,NA,NA,"<= day","daily",NA,NA,NA
"2020-05-21",1.641,FALSE,NA,NA,"<= day","daily",NA,NA,NA
"2020-05-22",1.606,FALSE,NA,NA,"<= day","daily",NA,NA,NA
"2020-05-23",1.9,FALSE,NA,NA,"<= day","daily",NA,NA,NA
"2020-05-24",1.853,FALSE,NA,NA,"<= day","daily",NA,NA,NA
"2020-05-25",1.739,FALSE,NA,NA,"<= day","daily",NA,NA,NA
"2020-05-26",1.846,FALSE,NA,NA,"<= day","daily",NA,NA,NA
"2020-05-27",1.917,FALSE,NA,NA,"<= day","daily",NA,NA,NA
"2020-05-28",1.849,FALSE,NA,NA,"<= day","daily",NA,NA,NA
"2020-05-29",1.789,FALSE,NA,NA,"<= day","daily",NA,NA,NA
"2020-05-30",1.723,FALSE,NA,NA,"<= day","daily",NA,NA,NA
"2020-05-31",1.661,FALSE,NA,NA,"<= day","daily",NA,NA,NA
"2020-06-01",1.604,FALSE,NA,NA,"<= day","daily",NA,NA,NA
"2020-06-02",1.562,FALSE,NA,NA,"<= day","daily",NA,NA,NA
"2020-06-03",1.535,FALSE,NA,NA,"<= day","daily",NA,NA,NA
"2020-06-04",1.615,FALSE,NA,NA,"<= day","daily",NA,NA,NA
"2020-06-05",1.534,FALSE,NA,NA,"<= day","daily",NA,NA,NA
"2020-06-06",1.549,FALSE,NA,NA,"<= day","daily",NA,NA,NA
"2020-06-07",1.915,FALSE,NA,NA,"<= day","daily",NA,NA,NA
"2020-06-08",1.666,FALSE,NA,NA,"<= day","daily",NA,NA,NA
"2020-06-09",1.602,FALSE,NA,NA,"<= day","daily",NA,NA,NA
"2020-06-10",1.592,FALSE,NA,NA,"<= day","daily",NA,NA,NA
"2020-06-11",1.576,FALSE,NA,NA,"<= day","daily",NA,NA,NA
"2020-06-12",1.515,FALSE,NA,NA,"<= day","daily",NA,NA,NA
"2020-06-13",1.497,FALSE,NA,NA,"<= day","daily",NA,NA,NA
"2020-06-14",2.007,FALSE,NA,NA,"<= day","daily",NA,NA,NA
"2020-06-15",1.74,FALSE,NA,NA,"<= day","daily",NA,NA,NA
"2020-06-16",1.633,FALSE,NA,NA,"<= day","daily",NA,NA,NA
"2020-06-17",1.885,FALSE,NA,NA,"<= day","daily",NA,NA,NA
"2020-06-18",1.906,FALSE,NA,NA,"<= day","daily",NA,NA,NA
"2020-06-19",1.772,FALSE,NA,NA,"<= day","daily",NA,NA,NA
"2020-06-20",1.734,FALSE,NA,NA,"<= day","daily",NA,NA,NA
"2020-06-21",1.693,FALSE,NA,NA,"<= day","daily",NA,NA,NA
"2020-06-22",1.634,FALSE,NA,NA,"<= day","daily",NA,NA,NA
"2020-06-23",1.585,FALSE,NA,NA,"<= day","daily",NA,NA,NA
"2020-06-24",1.542,FALSE,NA,NA,"<= day","daily",NA,NA,NA
"2020-06-25",1.502,FALSE,NA,NA,"<= day","daily",NA,NA,NA
"2020-06-26",1.468,FALSE,NA,NA,"<= day","daily",NA,NA,NA
"2020-06-27",1.437,FALSE,NA,NA,"<= day","daily",NA,NA,NA
"2020-06-28",1.43,FALSE,NA,NA,"<= day","daily",NA,NA,NA
"2020-06-29",1.575,FALSE,NA,NA,"<= day","daily",NA,NA,NA
"2020-06-30",1.682,FALSE,NA,NA,"<= day","daily",NA,NA,NA
"2020-07-01",1.628,FALSE,NA,NA,"<= day","daily",NA,NA,NA
"2020-07-02",1.581,FALSE,NA,NA,"<= day","daily",NA,NA,NA
"2020-07-03",1.532,FALSE,NA,NA,"<= day","daily",NA,NA,NA
"2020-07-04",1.49,FALSE,NA,NA,"<= day","daily",NA,NA,NA
"2020-07-05",1.454,FALSE,NA,NA,"<= day","daily",NA,NA,NA
"2020-07-06",1.427,FALSE,NA,NA,"<= day","daily",NA,NA,NA
"2020-07-07",1.387,FALSE,NA,NA,"<= day","daily",NA,NA,NA
"2020-07-08",1.367,FALSE,NA,NA,"<= day","daily",NA,NA,NA
"2020-07-09",1.334,FALSE,NA,NA,"<= day","daily",NA,NA,NA
"2020-07-10",1.316,FALSE,NA,NA,"<= day","daily",NA,NA,NA
"2020-07-11",1.281,FALSE,NA,NA,"<= day","daily",NA,NA,NA
"2020-07-12",1.269,FALSE,NA,NA,"<= day","daily",NA,NA,NA
"2020-07-13",1.247,FALSE,NA,NA,"<= day","daily",NA,NA,NA
"2020-07-14",1.224,FALSE,NA,NA,"<= day","daily",NA,NA,NA
"2020-07-15",1.212,FALSE,NA,NA,"<= day","daily",NA,NA,NA
"2020-07-16",1.191,FALSE,NA,NA,"<= day","daily",NA,NA,NA
"2020-07-17",1.173,FALSE,NA,NA,"<= day","daily",NA,NA,NA
"2020-07-18",1.16,FALSE,NA,NA,"<= day","daily",NA,NA,NA
"2020-07-19",1.141,FALSE,NA,NA,"<= day","daily",NA,NA,NA
"2020-07-20",1.118,FALSE,NA,NA,"<= day","daily",NA,NA,NA
"2020-07-21",1.103,FALSE,NA,NA,"<= day","daily",NA,NA,NA
"2020-07-22",1.089,FALSE,NA,NA,"<= day","daily",NA,NA,NA
"2020-07-23",1.077,FALSE,NA,NA,"<= day","daily",NA,NA,NA
"2020-07-24",1.054,FALSE,NA,NA,"<= day","daily",NA,NA,NA
"2020-07-25",1.042,FALSE,NA,NA,"<= day","daily",NA,NA,NA
"2020-07-26",1.036,FALSE,NA,NA,"<= day","daily",NA,NA,NA
"2020-07-27",1.035,FALSE,NA,NA,"<= day","daily",NA,NA,NA
"2020-07-28",1.174,FALSE,NA,NA,"<= day","daily",NA,NA,NA
"2020-07-29",1.286,FALSE,NA,NA,"<= day","daily",NA,NA,NA
"2020-07-30",1.272,FALSE,NA,NA,"<= day","daily",NA,NA,NA
"2020-07-31",1.255,FALSE,NA,NA,"<= day","daily",NA,NA,NA
"2020-08-01",1.268,FALSE,NA,NA,"<= day","daily",NA,NA,NA
"2020-08-02",1.36,FALSE,NA,NA,"<= day","daily",NA,NA,NA
"2020-08-03",1.352,FALSE,NA,NA,"<= day","daily",NA,NA,NA
"2020-08-04",1.509,FALSE,NA,NA,"<= day","daily",NA,NA,NA
"2020-08-05",1.376,FALSE,NA,NA,"<= day","daily",NA,NA,NA
"2020-08-06",1.285,FALSE,NA,NA,"<= day","daily",NA,NA,NA
"2020-08-07",1.247,FALSE,NA,NA,"<= day","daily",NA,NA,NA
"2020-08-08",1.22,FALSE,NA,NA,"<= day","daily",NA,NA,NA
"2020-08-09",1.198,FALSE,NA,NA,"<= day","daily",NA,NA,NA
"2020-08-10",1.187,FALSE,NA,NA,"<= day","daily",NA,NA,NA
"2020-08-11",1.157,FALSE,NA,NA,"<= day","daily",NA,NA,NA
"2020-08-12",1.142,FALSE,NA,NA,"<= day","daily",NA,NA,NA
"2020-08-13",1.126,FALSE,NA,NA,"<= day","daily",NA,NA,NA
"2020-08-14",1.1,FALSE,NA,NA,"<= day","daily",NA,NA,NA
"2020-08-15",1.089,FALSE,NA,NA,"<= day","daily",NA,NA,NA
"2020-08-16",1.083,FALSE,NA,NA,"<= day","daily",NA,NA,NA
"2020-08-17",1.146,FALSE,NA,NA,"<= day","daily",NA,NA,NA
"2020-08-18",1.073,FALSE,NA,NA,"<= day","daily",NA,NA,NA
"2020-08-19",1.037,FALSE,NA,NA,"<= day","daily",NA,NA,NA
"2020-08-20",1.022,FALSE,NA,NA,"<= day","daily",NA,NA,NA
"2020-08-21",1.008,FALSE,NA,NA,"<= day","daily",NA,NA,NA
"2020-08-22",1.031,FALSE,NA,NA,"<= day","daily",NA,NA,NA
"2020-08-23",0.987,FALSE,NA,NA,"<= day","daily",NA,NA,NA
"2020-08-24",0.973,FALSE,NA,NA,"<= day","daily",NA,NA,NA
"2020-08-25",0.966,FALSE,NA,NA,"<= day","daily",NA,NA,NA
"2020-08-26",1.092,FALSE,NA,NA,"<= day","daily",NA,NA,NA
"2020-08-27",1.163,FALSE,NA,NA,"<= day","daily",NA,NA,NA
"2020-08-28",1.182,FALSE,NA,NA,"<= day","daily",NA,NA,NA
"2020-08-29",1.181,FALSE,NA,NA,"<= day","daily",NA,NA,NA
"2020-08-30",1.49,FALSE,NA,NA,"<= day","daily",NA,NA,NA
"2020-08-31",1.459,FALSE,NA,NA,"<= day","daily",NA,NA,NA
"2020-09-01",1.319,FALSE,NA,NA,"<= day","daily",NA,NA,NA
"2020-09-02",1.248,FALSE,NA,NA,"<= day","daily",NA,NA,NA
"2020-09-03",1.205,FALSE,NA,NA,"<= day","daily",NA,NA,NA
"2020-09-04",1.171,FALSE,NA,NA,"<= day","daily",NA,NA,NA
"2020-09-05",1.162,FALSE,NA,NA,"<= day","daily",NA,NA,NA
"2020-09-06",1.13,FALSE,NA,NA,"<= day","daily",NA,NA,NA
"2020-09-07",1.119,FALSE,NA,NA,"<= day","daily",NA,NA,NA
"2020-09-08",1.101,FALSE,NA,NA,"<= day","daily",NA,NA,NA
"2020-09-09",1.079,FALSE,NA,NA,"<= day","daily",NA,NA,NA
"2020-09-10",1.073,FALSE,NA,NA,"<= day","daily",NA,NA,NA
"2020-09-11",1.07,FALSE,NA,NA,"<= day","daily",NA,NA,NA
"2020-09-12",1.053,FALSE,NA,NA,"<= day","daily",NA,NA,NA
"2020-09-13",1.032,FALSE,NA,NA,"<= day","daily",NA,NA,NA
"2020-09-14",1.027,FALSE,NA,NA,"<= day","daily",NA,NA,NA
"2020-09-15",1.026,FALSE,NA,NA,"<= day","daily",NA,NA,NA
"2020-09-16",1.018,FALSE,NA,NA,"<= day","daily",NA,NA,NA
"2020-09-17",1.003,FALSE,NA,NA,"<= day","daily",NA,NA,NA
"2020-09-18",0.989,FALSE,NA,NA,"<= day","daily",NA,NA,NA
"2020-09-19",0.982,FALSE,NA,NA,"<= day","daily",NA,NA,NA
"2020-09-20",0.975,FALSE,NA,NA,"<= day","daily",NA,NA,NA
"2020-09-21",0.969,FALSE,NA,NA,"<= day","daily",NA,NA,NA
"2020-09-22",1.012,FALSE,NA,NA,"<= day","daily",NA,NA,NA
"2020-09-23",1.034,FALSE,NA,NA,"<= day","daily",NA,NA,NA
"2020-09-24",1.111,FALSE,NA,NA,"<= day","daily",NA,NA,NA
"2020-09-25",1.476,FALSE,NA,NA,"<= day","daily",NA,NA,NA
"2020-09-26",1.638,FALSE,NA,NA,"<= day","daily",NA,NA,NA
"2020-09-27",2.065,FALSE,NA,NA,"<= day","daily",NA,NA,NA
"2020-09-28",1.586,FALSE,NA,NA,"<= day","daily",NA,NA,NA
"2020-09-29",1.804,FALSE,NA,NA,"<= day","daily",NA,NA,NA
"2020-09-30",1.641,FALSE,NA,NA,"<= day","daily",NA,NA,NA
"2020-10-01",1.449,FALSE,NA,NA,"<= day","daily",NA,NA,NA
"2020-10-02",1.368,FALSE,NA,NA,"<= day","daily",NA,NA,NA
"2020-10-03",1.63,FALSE,NA,NA,"<= day","daily",NA,NA,NA
"2020-10-04",1.609,FALSE,NA,NA,"<= day","daily",NA,NA,NA
"2020-10-05",1.439,FALSE,NA,NA,"<= day","daily",NA,NA,NA
"2020-10-06",1.424,FALSE,NA,NA,"<= day","daily",NA,NA,NA
"2020-10-07",1.825,FALSE,NA,NA,"<= day","daily",NA,NA,NA
"2020-10-08",1.725,FALSE,NA,NA,"<= day","daily",NA,NA,NA
"2020-10-09",1.458,FALSE,NA,NA,"<= day","daily",NA,NA,NA
"2020-10-10",1.741,FALSE,NA,NA,"<= day","daily",NA,NA,NA
"2020-10-11",1.75,FALSE,NA,NA,"<= day","daily",NA,NA,NA
"2020-10-12",1.556,FALSE,NA,NA,"<= day","daily",NA,NA,NA
"2020-10-13",1.464,FALSE,NA,NA,"<= day","daily",NA,NA,NA
"2020-10-14",1.353,FALSE,NA,NA,"<= day","daily",NA,NA,NA
"2020-10-15",1.273,FALSE,NA,NA,"<= day","daily",NA,NA,NA
"2020-10-16",1.239,FALSE,NA,NA,"<= day","daily",NA,NA,NA
"2020-10-17",1.333,FALSE,NA,NA,"<= day","daily",NA,NA,NA
"2020-10-18",1.295,FALSE,NA,NA,"<= day","daily",NA,NA,NA
"2020-10-19",1.226,FALSE,NA,NA,"<= day","daily",NA,NA,NA
"2020-10-20",1.18,FALSE,NA,NA,"<= day","daily",NA,NA,NA
"2020-10-21",1.136,FALSE,NA,NA,"<= day","daily",NA,NA,NA
"2020-10-22",1.225,FALSE,NA,NA,"<= day","daily",NA,NA,NA
"2020-10-23",2.294,FALSE,NA,NA,"<= day","daily",NA,NA,NA
"2020-10-24",3.108,FALSE,NA,NA,"<= day","daily",NA,NA,NA
"2020-10-25",2.569,FALSE,NA,NA,"<= day","daily",NA,NA,NA
"2020-10-26",3.165,FALSE,NA,NA,"<= day","daily",NA,NA,NA
"2020-10-27",3.34,FALSE,NA,NA,"<= day","daily",NA,NA,NA
"2020-10-28",2.845,FALSE,NA,NA,"<= day","daily",NA,NA,NA
"2020-10-29",2.74,FALSE,NA,NA,"<= day","daily",NA,NA,NA
"2020-10-30",2.514,FALSE,NA,NA,"<= day","daily",NA,NA,NA
"2020-10-31",2.288,FALSE,NA,NA,"<= day","daily",NA,NA,NA
"2020-11-01",2.166,FALSE,NA,NA,"<= day","daily",NA,NA,NA
"2020-11-02",2.17,FALSE,NA,NA,"<= day","daily",NA,NA,NA
"2020-11-03",2.052,FALSE,NA,NA,"<= day","daily",NA,NA,NA
"2020-11-04",2.044,FALSE,NA,NA,"<= day","daily",NA,NA,NA
"2020-11-05",2.017,FALSE,NA,NA,"<= day","daily",NA,NA,NA
"2020-11-06",1.929,FALSE,NA,NA,"<= day","daily",NA,NA,NA
"2020-11-07",1.826,FALSE,NA,NA,"<= day","daily",NA,NA,NA
"2020-11-08",1.737,FALSE,NA,NA,"<= day","daily",NA,NA,NA
"2020-11-09",1.659,FALSE,NA,NA,"<= day","daily",NA,NA,NA
"2020-11-10",1.592,FALSE,NA,NA,"<= day","daily",NA,NA,NA
"2020-11-11",1.53,FALSE,NA,NA,"<= day","daily",NA,NA,NA
"2020-11-12",1.497,FALSE,NA,NA,"<= day","daily",NA,NA,NA
"2020-11-13",1.449,FALSE,NA,NA,"<= day","daily",NA,NA,NA
"2020-11-14",1.407,FALSE,NA,NA,"<= day","daily",NA,NA,NA
"2020-11-15",1.389,FALSE,NA,NA,"<= day","daily",NA,NA,NA
"2020-11-16",1.355,FALSE,NA,NA,"<= day","daily",NA,NA,NA
"2020-11-17",1.318,FALSE,NA,NA,"<= day","daily",NA,NA,NA
"2020-11-18",1.289,FALSE,NA,NA,"<= day","daily",NA,NA,NA
"2020-11-19",1.342,FALSE,NA,NA,"<= day","daily",NA,NA,NA
"2020-11-20",1.466,FALSE,NA,NA,"<= day","daily",NA,NA,NA
"2020-11-21",1.462,FALSE,NA,NA,"<= day","daily",NA,NA,NA
"2020-11-22",1.417,FALSE,NA,NA,"<= day","daily",NA,NA,NA
"2020-11-23",1.374,FALSE,NA,NA,"<= day","daily",NA,NA,NA
"2020-11-24",1.49,FALSE,NA,NA,"<= day","daily",NA,NA,NA
"2020-11-25",1.599,FALSE,NA,NA,"<= day","daily",NA,NA,NA
"2020-11-26",1.551,FALSE,NA,NA,"<= day","daily",NA,NA,NA
"2020-11-27",1.516,FALSE,NA,NA,"<= day","daily",NA,NA,NA
"2020-11-28",1.495,FALSE,NA,NA,"<= day","daily",NA,NA,NA
"2020-11-29",1.464,FALSE,NA,NA,"<= day","daily",NA,NA,NA
"2020-11-30",1.435,FALSE,NA,NA,"<= day","daily",NA,NA,NA
"2020-12-01",1.443,FALSE,NA,NA,"<= day","daily",NA,NA,NA
"2020-12-02",1.509,FALSE,NA,NA,"<= day","daily",NA,NA,NA
"2020-12-03",1.547,FALSE,NA,NA,"<= day","daily",NA,NA,NA
"2020-12-04",1.59,FALSE,NA,NA,"<= day","daily",NA,NA,NA
"2020-12-05",1.924,FALSE,NA,NA,"<= day","daily",NA,NA,NA
"2020-12-06",2.656,FALSE,NA,NA,"<= day","daily",NA,NA,NA
"2020-12-07",3.029,FALSE,NA,NA,"<= day","daily",NA,NA,NA
"2020-12-08",2.789,FALSE,NA,NA,"<= day","daily",NA,NA,NA
"2020-12-09",2.517,FALSE,NA,NA,"<= day","daily",NA,NA,NA
"2020-12-10",2.422,FALSE,NA,NA,"<= day","daily",NA,NA,NA
"2020-12-11",2.311,FALSE,NA,NA,"<= day","daily",NA,NA,NA
"2020-12-12",3.521,FALSE,NA,NA,"<= day","daily",NA,NA,NA
"2020-12-13",3.882,FALSE,NA,NA,"<= day","daily",NA,NA,NA
"2020-12-14",3.901,FALSE,NA,NA,"<= day","daily",NA,NA,NA
"2020-12-15",3.822,FALSE,NA,NA,"<= day","daily",NA,NA,NA
"2020-12-16",4.007,FALSE,NA,NA,"<= day","daily",NA,NA,NA
"2020-12-17",3.704,FALSE,NA,NA,"<= day","daily",NA,NA,NA
"2020-12-18",3.519,FALSE,NA,NA,"<= day","daily",NA,NA,NA
"2020-12-19",3.304,FALSE,NA,NA,"<= day","daily",NA,NA,NA
"2020-12-20",3.043,FALSE,NA,NA,"<= day","daily",NA,NA,NA
"2020-12-21",2.823,FALSE,NA,NA,"<= day","daily",NA,NA,NA
"2020-12-22",2.804,FALSE,NA,NA,"<= day","daily",NA,NA,NA
"2020-12-23",2.845,FALSE,NA,NA,"<= day","daily",NA,NA,NA
"2020-12-24",5.025,FALSE,NA,NA,"<= day","daily",NA,NA,NA
"2020-12-25",5.718,FALSE,NA,NA,"<= day","daily",NA,NA,NA
"2020-12-26",5.891,FALSE,NA,NA,"<= day","daily",NA,NA,NA
"2020-12-27",5.908,FALSE,NA,NA,"<= day","daily",NA,NA,NA
"2020-12-28",5.608,FALSE,NA,NA,"<= day","daily",NA,NA,NA
"2020-12-29",5.018,FALSE,NA,NA,"<= day","daily",NA,NA,NA
"2020-12-30",5.005,FALSE,NA,NA,"<= day","daily",NA,NA,NA
"2020-12-31",4.988,FALSE,NA,NA,"<= day","daily",NA,NA,NA
"2021-01-01",5.147,FALSE,NA,NA,"<= day","daily",NA,NA,NA
"2021-01-02",5.054,FALSE,NA,NA,"<= day","daily",NA,NA,NA
"2021-01-03",4.909,FALSE,NA,NA,"<= day","daily",NA,NA,NA
"2021-01-04",4.75,FALSE,NA,NA,"<= day","daily",NA,NA,NA
"2021-01-05",4.521,FALSE,NA,NA,"<= day","daily",NA,NA,NA
"2021-01-06",4.249,FALSE,NA,NA,"<= day","daily",NA,NA,NA
"2021-01-07",3.99,FALSE,NA,NA,"<= day","daily",NA,NA,NA
"2021-01-08",3.759,FALSE,NA,NA,"<= day","daily",NA,NA,NA
"2021-01-09",3.541,FALSE,NA,NA,"<= day","daily",NA,NA,NA
"2021-01-10",3.359,FALSE,NA,NA,"<= day","daily",NA,NA,NA
"2021-01-11",3.202,FALSE,NA,NA,"<= day","daily",NA,NA,NA
"2021-01-12",3.237,FALSE,NA,NA,"<= day","daily",NA,NA,NA
"2021-01-13",4.453,FALSE,NA,NA,"<= day","daily",NA,NA,NA
"2021-01-14",11.679,FALSE,NA,NA,"<= day","daily",NA,NA,NA
"2021-01-15",13.399,FALSE,NA,NA,"<= day","daily",NA,NA,NA
"2021-01-16",12.796,FALSE,NA,NA,"<= day","daily",NA,NA,NA
"2021-01-17",12.427,FALSE,NA,NA,"<= day","daily",NA,NA,NA
"2021-01-18",13.547,FALSE,NA,NA,"<= day","daily",NA,NA,NA
"2021-01-19",14.884,FALSE,NA,NA,"<= day","daily",NA,NA,NA
"2021-01-20",14.691,FALSE,NA,NA,"<= day","daily",NA,NA,NA
"2021-01-21",14.435,FALSE,NA,NA,"<= day","daily",NA,NA,NA
"2021-01-22",15.191,FALSE,NA,NA,"<= day","daily",NA,NA,NA
"2021-01-23",17.29,FALSE,NA,NA,"<= day","daily",NA,NA,NA
"2021-01-24",17.342,FALSE,NA,NA,"<= day","daily",NA,NA,NA
"2021-01-25",16.866,FALSE,NA,NA,"<= day","daily",NA,NA,NA
"2021-01-26",16.644,FALSE,NA,NA,"<= day","daily",NA,NA,NA
"2021-01-27",16.956,FALSE,NA,NA,"<= day","daily",NA,NA,NA
"2021-01-28",17.825,FALSE,NA,NA,"<= day","daily",NA,NA,NA
"2021-01-29",20.734,FALSE,NA,NA,"<= day","daily",NA,NA,NA
"2021-01-30",19.85,FALSE,NA,NA,"<= day","daily",NA,NA,NA
"2021-01-31",20.204,FALSE,NA,NA,"<= day","daily",NA,NA,NA
"2021-02-01",20.368,FALSE,NA,NA,"<= day","daily",NA,NA,NA
"2021-02-02",21.137,FALSE,NA,NA,"<= day","daily",NA,NA,NA
"2021-02-03",21.21,FALSE,NA,NA,"<= day","daily",NA,NA,NA
"2021-02-04",21.223,FALSE,NA,NA,"<= day","daily",NA,NA,NA
"2021-02-05",20.596,FALSE,NA,NA,"<= day","daily",NA,NA,NA
"2021-02-06",20.182,FALSE,NA,NA,"<= day","daily",NA,NA,NA
"2021-02-07",20.267,FALSE,NA,NA,"<= day","daily",NA,NA,NA
"2021-02-08",19.388,FALSE,NA,NA,"<= day","daily",NA,NA,NA
"2021-02-09",18.669,FALSE,NA,NA,"<= day","daily",NA,NA,NA
"2021-02-10",18.185,FALSE,NA,NA,"<= day","daily",NA,NA,NA
"2021-02-11",17.681,FALSE,NA,NA,"<= day","daily",NA,NA,NA
"2021-02-12",16.919,FALSE,NA,NA,"<= day","daily",NA,NA,NA
"2021-02-13",15.599,FALSE,NA,NA,"<= day","daily",NA,NA,NA
"2021-02-14",15.633,FALSE,NA,NA,"<= day","daily",NA,NA,NA
"2021-02-15",15.425,FALSE,NA,NA,"<= day","daily",NA,NA,NA
"2021-02-16",15.003,FALSE,NA,NA,"<= day","daily",NA,NA,NA
"2021-02-17",14.499,FALSE,NA,NA,"<= day","daily",NA,NA,NA
"2021-02-18",14.083,FALSE,NA,NA,"<= day","daily",NA,NA,NA
"2021-02-19",13.323,FALSE,NA,NA,"<= day","daily",NA,NA,NA
"2021-02-20",12.705,FALSE,NA,NA,"<= day","daily",NA,NA,NA
"2021-02-21",12.217,FALSE,NA,NA,"<= day","daily",NA,NA,NA
"2021-02-22",11.747,FALSE,NA,NA,"<= day","daily",NA,NA,NA
"2021-02-23",11.134,FALSE,NA,NA,"<= day","daily",NA,NA,NA
"2021-02-24",10.487,FALSE,NA,NA,"<= day","daily",NA,NA,NA
"2021-02-25",11.091,FALSE,NA,NA,"<= day","daily",NA,NA,NA
"2021-02-26",11.097,FALSE,NA,NA,"<= day","daily",NA,NA,NA
"2021-02-27",10.257,FALSE,NA,NA,"<= day","daily",NA,NA,NA
"2021-02-28",9.49,FALSE,NA,NA,"<= day","daily",NA,NA,NA
"2021-03-01",8.76,FALSE,NA,NA,"<= day","daily",NA,NA,NA
"2021-03-02",8.026,FALSE,NA,NA,"<= day","daily",NA,NA,NA
"2021-03-03",7.449,FALSE,NA,NA,"<= day","daily",NA,NA,NA
"2021-03-04",7.013,FALSE,NA,NA,"<= day","daily",NA,NA,NA
"2021-03-05",6.621,FALSE,NA,NA,"<= day","daily",NA,NA,NA
"2021-03-06",6.204,FALSE,NA,NA,"<= day","daily",NA,NA,NA
"2021-03-07",5.913,FALSE,NA,NA,"<= day","daily",NA,NA,NA
"2021-03-08",5.605,FALSE,NA,NA,"<= day","daily",NA,NA,NA
"2021-03-09",5.26,FALSE,NA,NA,"<= day","daily",NA,NA,NA
"2021-03-10",5.023,FALSE,NA,NA,"<= day","daily",NA,NA,NA
"2021-03-11",4.983,FALSE,NA,NA,"<= day","daily",NA,NA,NA
"2021-03-12",5.157,FALSE,NA,NA,"<= day","daily",NA,NA,NA
"2021-03-13",5.05,FALSE,NA,NA,"<= day","daily",NA,NA,NA
"2021-03-14",6.515,FALSE,NA,NA,"<= day","daily",NA,NA,NA
"2021-03-15",9.657,FALSE,NA,NA,"<= day","daily",NA,NA,NA
"2021-03-16",11.036,FALSE,NA,NA,"<= day","daily",NA,NA,NA
"2021-03-17",11.505,FALSE,NA,NA,"<= day","daily",NA,NA,NA
"2021-03-18",11.995,FALSE,NA,NA,"<= day","daily",NA,NA,NA
"2021-03-19",12.261,FALSE,NA,NA,"<= day","daily",NA,NA,NA
"2021-03-20",12.16,FALSE,NA,NA,"<= day","daily",NA,NA,NA
"2021-03-21",12.122,FALSE,NA,NA,"<= day","daily",NA,NA,NA
"2021-03-22",12.638,FALSE,NA,NA,"<= day","daily",NA,NA,NA
"2021-03-23",13.401,FALSE,NA,NA,"<= day","daily",NA,NA,NA
"2021-03-24",13.033,FALSE,NA,NA,"<= day","daily",NA,NA,NA
"2021-03-25",12.763,FALSE,NA,NA,"<= day","daily",NA,NA,NA
"2021-03-26",12.512,FALSE,NA,NA,"<= day","daily",NA,NA,NA
"2021-03-27",12.169,FALSE,NA,NA,"<= day","daily",NA,NA,NA
"2021-03-28",11.88,FALSE,NA,NA,"<= day","daily",NA,NA,NA
"2021-03-29",11.473,FALSE,NA,NA,"<= day","daily",NA,NA,NA
"2021-03-30",10.915,FALSE,NA,NA,"<= day","daily",NA,NA,NA
"2021-03-31",10.373,FALSE,NA,NA,"<= day","daily",NA,NA,NA
"2021-04-01",9.834,FALSE,NA,NA,"<= day","daily",NA,NA,NA
"2021-04-02",9.221,FALSE,NA,NA,"<= day","daily",NA,NA,NA
"2021-04-03",8.608,FALSE,NA,NA,"<= day","daily",NA,NA,NA
"2021-04-04",8.074,FALSE,NA,NA,"<= day","daily",NA,NA,NA
"2021-04-05",7.65,FALSE,NA,NA,"<= day","daily",NA,NA,NA
"2021-04-06",7.167,FALSE,NA,NA,"<= day","daily",NA,NA,NA
"2021-04-07",6.678,FALSE,NA,NA,"<= day","daily",NA,NA,NA
"2021-04-08",6.211,FALSE,NA,NA,"<= day","daily",NA,NA,NA
"2021-04-09",5.904,FALSE,NA,NA,"<= day","daily",NA,NA,NA
"2021-04-10",5.644,FALSE,NA,NA,"<= day","daily",NA,NA,NA
"2021-04-11",5.3,FALSE,NA,NA,"<= day","daily",NA,NA,NA
"2021-04-12",5.126,FALSE,NA,NA,"<= day","daily",NA,NA,NA
"2021-04-13",4.979,FALSE,NA,NA,"<= day","daily",NA,NA,NA
"2021-04-14",4.783,FALSE,NA,NA,"<= day","daily",NA,NA,NA
"2021-04-15",4.567,FALSE,NA,NA,"<= day","daily",NA,NA,NA
"2021-04-16",4.458,FALSE,NA,NA,"<= day","daily",NA,NA,NA
"2021-04-17",4.353,FALSE,NA,NA,"<= day","daily",NA,NA,NA
"2021-04-18",4.256,FALSE,NA,NA,"<= day","daily",NA,NA,NA
"2021-04-19",4.165,FALSE,NA,NA,"<= day","daily",NA,NA,NA
"2021-04-20",4.065,FALSE,NA,NA,"<= day","daily",NA,NA,NA
"2021-04-21",4.28,FALSE,NA,NA,"<= day","daily",NA,NA,NA
"2021-04-22",4.467,FALSE,NA,NA,"<= day","daily",NA,NA,NA
"2021-04-23",4.264,FALSE,NA,NA,"<= day","daily",NA,NA,NA
"2021-04-24",4.114,FALSE,NA,NA,"<= day","daily",NA,NA,NA
"2021-04-25",3.982,FALSE,NA,NA,"<= day","daily",NA,NA,NA
"2021-04-26",3.875,FALSE,NA,NA,"<= day","daily",NA,NA,NA
"2021-04-27",3.762,FALSE,NA,NA,"<= day","daily",NA,NA,NA
"2021-04-28",3.645,FALSE,NA,NA,"<= day","daily",NA,NA,NA
"2021-04-29",3.515,FALSE,NA,NA,"<= day","daily",NA,NA,NA
"2021-04-30",3.49,FALSE,NA,NA,"<= day","daily",NA,NA,NA
"2021-05-01",3.813,FALSE,NA,NA,"<= day","daily",NA,NA,NA
"2021-05-02",6.57,FALSE,NA,NA,"<= day","daily",NA,NA,NA
"2021-05-03",7.86,FALSE,NA,NA,"<= day","daily",NA,NA,NA
"2021-05-04",8.121,FALSE,NA,NA,"<= day","daily",NA,NA,NA
"2021-05-05",8.388,FALSE,NA,NA,"<= day","daily",NA,NA,NA
"2021-05-06",8.732,FALSE,NA,NA,"<= day","daily",NA,NA,NA
"2021-05-07",11.418,FALSE,NA,NA,"<= day","daily",NA,NA,NA
"2021-05-08",12.041,FALSE,NA,NA,"<= day","daily",NA,NA,NA
"2021-05-09",12.089,FALSE,NA,NA,"<= day","daily",NA,NA,NA
"2021-05-10",12.03,FALSE,NA,NA,"<= day","daily",NA,NA,NA
"2021-05-11",11.998,FALSE,NA,NA,"<= day","daily",NA,NA,NA
"2021-05-12",12.161,FALSE,NA,NA,"<= day","daily",NA,NA,NA
"2021-05-13",12.67,FALSE,NA,NA,"<= day","daily",NA,NA,NA
"2021-05-14",12.791,FALSE,NA,NA,"<= day","daily",NA,NA,NA
"2021-05-15",12.882,FALSE,NA,NA,"<= day","daily",NA,NA,NA
"2021-05-16",13.111,FALSE,NA,NA,"<= day","daily",NA,NA,NA
"2021-05-17",13.118,FALSE,NA,NA,"<= day","daily",NA,NA,NA
"2021-05-18",13.085,FALSE,NA,NA,"<= day","daily",NA,NA,NA
"2021-05-19",14.471,FALSE,NA,NA,"<= day","daily",NA,NA,NA
"2021-05-20",15.027,FALSE,NA,NA,"<= day","daily",NA,NA,NA
"2021-05-21",14.625,FALSE,NA,NA,"<= day","daily",NA,NA,NA
"2021-05-22",14.333,FALSE,NA,NA,"<= day","daily",NA,NA,NA
"2021-05-23",13.91,FALSE,NA,NA,"<= day","daily",NA,NA,NA
"2021-05-24",14.077,FALSE,NA,NA,"<= day","daily",NA,NA,NA
"2021-05-25",14.018,FALSE,NA,NA,"<= day","daily",NA,NA,NA
"2021-05-26",13.918,FALSE,NA,NA,"<= day","daily",NA,NA,NA
"2021-05-27",13.802,FALSE,NA,NA,"<= day","daily",NA,NA,NA
"2021-05-28",13.787,FALSE,NA,NA,"<= day","daily",NA,NA,NA
"2021-05-29",13.593,FALSE,NA,NA,"<= day","daily",NA,NA,NA
"2021-05-30",13.427,FALSE,NA,NA,"<= day","daily",NA,NA,NA
"2021-05-31",13.268,FALSE,NA,NA,"<= day","daily",NA,NA,NA
"2021-06-01",13.039,FALSE,NA,NA,"<= day","daily",NA,NA,NA
"2021-06-02",12.78,FALSE,NA,NA,"<= day","daily",NA,NA,NA
"2021-06-03",12.145,FALSE,NA,NA,"<= day","daily",NA,NA,NA
"2021-06-04",11.377,FALSE,NA,NA,"<= day","daily",NA,NA,NA
"2021-06-05",10.793,FALSE,NA,NA,"<= day","daily",NA,NA,NA
"2021-06-06",10.048,FALSE,NA,NA,"<= day","daily",NA,NA,NA
"2021-06-07",9.431,FALSE,NA,NA,"<= day","daily",NA,NA,NA
"2021-06-08",9.31,FALSE,NA,NA,"<= day","daily",NA,NA,NA
"2021-06-09",9.376,FALSE,NA,NA,"<= day","daily",NA,NA,NA
"2021-06-10",8.809,FALSE,NA,NA,"<= day","daily",NA,NA,NA
"2021-06-11",8.276,FALSE,NA,NA,"<= day","daily",NA,NA,NA
"2021-06-12",7.825,FALSE,NA,NA,"<= day","daily",NA,NA,NA
"2021-06-13",7.304,FALSE,NA,NA,"<= day","daily",NA,NA,NA
"2021-06-14",6.984,FALSE,NA,NA,"<= day","daily",NA,NA,NA
"2021-06-15",6.501,FALSE,NA,NA,"<= day","daily",NA,NA,NA
"2021-06-16",6.183,FALSE,NA,NA,"<= day","daily",NA,NA,NA
"2021-06-17",5.841,FALSE,NA,NA,"<= day","daily",NA,NA,NA
"2021-06-18",5.534,FALSE,NA,NA,"<= day","daily",NA,NA,NA
"2021-06-19",5.219,FALSE,NA,NA,"<= day","daily",NA,NA,NA
"2021-06-20",4.996,FALSE,NA,NA,"<= day","daily",NA,NA,NA
"2021-06-21",4.806,FALSE,NA,NA,"<= day","daily",NA,NA,NA
"2021-06-22",4.665,FALSE,NA,NA,"<= day","daily",NA,NA,NA
"2021-06-23",4.664,FALSE,NA,NA,"<= day","daily",NA,NA,NA
"2021-06-24",5.701,FALSE,NA,NA,"<= day","daily",NA,NA,NA
"2021-06-25",5.056,FALSE,NA,NA,"<= day","daily",NA,NA,NA
"2021-06-26",4.644,FALSE,NA,NA,"<= day","daily",NA,NA,NA
"2021-06-27",4.373,FALSE,NA,NA,"<= day","daily",NA,NA,NA
"2021-06-28",4.268,FALSE,NA,NA,"<= day","daily",NA,NA,NA
"2021-06-29",4.944,FALSE,NA,NA,"<= day","daily",NA,NA,NA
"2021-06-30",8.08,FALSE,NA,NA,"<= day","daily",NA,NA,NA
"2021-07-01",9.822,FALSE,NA,NA,"<= day","daily",NA,NA,NA
"2021-07-02",8.971,FALSE,NA,NA,"<= day","daily",NA,NA,NA
"2021-07-03",7.92,FALSE,NA,NA,"<= day","daily",NA,NA,NA
"2021-07-04",7.488,FALSE,NA,NA,"<= day","daily",NA,NA,NA
"2021-07-05",7.878,FALSE,NA,NA,"<= day","daily",NA,NA,NA
"2021-07-06",7.777,FALSE,NA,NA,"<= day","daily",NA,NA,NA
"2021-07-07",8.255,FALSE,NA,NA,"<= day","daily",NA,NA,NA
"2021-07-08",7.927,FALSE,NA,NA,"<= day","daily",NA,NA,NA
"2021-07-09",7.457,FALSE,NA,NA,"<= day","daily",NA,NA,NA
"2021-07-10",7.17,FALSE,NA,NA,"<= day","daily",NA,NA,NA
"2021-07-11",8.388,FALSE,NA,NA,"<= day","daily",NA,NA,NA
"2021-07-12",8.047,FALSE,NA,NA,"<= day","daily",NA,NA,NA
"2021-07-13",14.905,FALSE,NA,NA,"<= day","daily",NA,NA,NA
"2021-07-14",17.096,FALSE,NA,NA,"<= day","daily",NA,NA,NA
"2021-07-15",20.113,FALSE,NA,NA,"<= day","daily",NA,NA,NA
"2021-07-16",19.851,FALSE,NA,NA,"<= day","daily",NA,NA,NA
"2021-07-17",19.665,FALSE,NA,NA,"<= day","daily",NA,NA,NA
"2021-07-18",18.541,FALSE,NA,NA,"<= day","daily",NA,NA,NA
"2021-07-19",18.141,FALSE,NA,NA,"<= day","daily",NA,NA,NA
"2021-07-20",17.814,FALSE,NA,NA,"<= day","daily",NA,NA,NA
"2021-07-21",17.472,FALSE,NA,NA,"<= day","daily",NA,NA,NA
"2021-07-22",17.149,FALSE,NA,NA,"<= day","daily",NA,NA,NA
"2021-07-23",16.939,FALSE,NA,NA,"<= day","daily",NA,NA,NA
"2021-07-24",16.746,FALSE,NA,NA,"<= day","daily",NA,NA,NA
"2021-07-25",16.864,FALSE,NA,NA,"<= day","daily",NA,NA,NA
"2021-07-26",17.084,FALSE,NA,NA,"<= day","daily",NA,NA,NA
"2021-07-27",16.291,FALSE,NA,NA,"<= day","daily",NA,NA,NA
"2021-07-28",15.805,FALSE,NA,NA,"<= day","daily",NA,NA,NA
"2021-07-29",16.862,FALSE,NA,NA,"<= day","daily",NA,NA,NA
"2021-07-30",16.784,FALSE,NA,NA,"<= day","daily",NA,NA,NA
"2021-07-31",16.433,FALSE,NA,NA,"<= day","daily",NA,NA,NA
"2021-08-01",16.411,FALSE,NA,NA,"<= day","daily",NA,NA,NA
"2021-08-02",16.034,FALSE,NA,NA,"<= day","daily",NA,NA,NA
"2021-08-03",15.233,FALSE,NA,NA,"<= day","daily",NA,NA,NA
"2021-08-04",15.546,FALSE,NA,NA,"<= day","daily",NA,NA,NA
"2021-08-05",15.23,FALSE,NA,NA,"<= day","daily",NA,NA,NA
"2021-08-06",15.46,FALSE,NA,NA,"<= day","daily",NA,NA,NA
"2021-08-07",15.506,FALSE,NA,NA,"<= day","daily",NA,NA,NA
"2021-08-08",15.378,FALSE,NA,NA,"<= day","daily",NA,NA,NA
"2021-08-09",15.64,FALSE,NA,NA,"<= day","daily",NA,NA,NA
"2021-08-10",15.712,FALSE,NA,NA,"<= day","daily",NA,NA,NA
"2021-08-11",15.522,FALSE,NA,NA,"<= day","daily",NA,NA,NA
"2021-08-12",15.346,FALSE,NA,NA,"<= day","daily",NA,NA,NA
"2021-08-13",15.103,FALSE,NA,NA,"<= day","daily",NA,NA,NA
"2021-08-14",14.864,FALSE,NA,NA,"<= day","daily",NA,NA,NA
"2021-08-15",14.554,FALSE,NA,NA,"<= day","daily",NA,NA,NA
"2021-08-16",13.872,FALSE,NA,NA,"<= day","daily",NA,NA,NA
"2021-08-17",12.751,FALSE,NA,NA,"<= day","daily",NA,NA,NA
"2021-08-18",11.88,FALSE,NA,NA,"<= day","daily",NA,NA,NA
"2021-08-19",11.153,FALSE,NA,NA,"<= day","daily",NA,NA,NA
"2021-08-20",10.347,FALSE,NA,NA,"<= day","daily",NA,NA,NA
"2021-08-21",9.458,FALSE,NA,NA,"<= day","daily",NA,NA,NA
"2021-08-22",8.72,FALSE,NA,NA,"<= day","daily",NA,NA,NA
"2021-08-23",8.007,FALSE,NA,NA,"<= day","daily",NA,NA,NA
"2021-08-24",7.499,FALSE,NA,NA,"<= day","daily",NA,NA,NA
"2021-08-25",7.641,FALSE,NA,NA,"<= day","daily",NA,NA,NA
"2021-08-26",8.184,FALSE,NA,NA,"<= day","daily",NA,NA,NA
"2021-08-27",7.629,FALSE,NA,NA,"<= day","daily",NA,NA,NA
"2021-08-28",7.162,FALSE,NA,NA,"<= day","daily",NA,NA,NA
"2021-08-29",6.815,FALSE,NA,NA,"<= day","daily",NA,NA,NA
"2021-08-30",6.487,FALSE,NA,NA,"<= day","daily",NA,NA,NA
"2021-08-31",6.197,FALSE,NA,NA,"<= day","daily",NA,NA,NA
"2021-09-01",5.896,FALSE,NA,NA,"<= day","daily",NA,NA,NA
"2021-09-02",5.627,FALSE,NA,NA,"<= day","daily",NA,NA,NA
"2021-09-03",5.427,FALSE,NA,NA,"<= day","daily",NA,NA,NA
"2021-09-04",5.233,FALSE,NA,NA,"<= day","daily",NA,NA,NA
"2021-09-05",5.013,FALSE,NA,NA,"<= day","daily",NA,NA,NA
"2021-09-06",4.836,FALSE,NA,NA,"<= day","daily",NA,NA,NA
"2021-09-07",4.744,FALSE,NA,NA,"<= day","daily",NA,NA,NA
"2021-09-08",4.591,FALSE,NA,NA,"<= day","daily",NA,NA,NA
"2021-09-09",4.416,FALSE,NA,NA,"<= day","daily",NA,NA,NA
"2021-09-10",4.265,FALSE,NA,NA,"<= day","daily",NA,NA,NA
"2021-09-11",4.128,FALSE,NA,NA,"<= day","daily",NA,NA,NA
"2021-09-12",3.973,FALSE,NA,NA,"<= day","daily",NA,NA,NA
"2021-09-13",3.837,FALSE,NA,NA,"<= day","daily",NA,NA,NA
"2021-09-14",3.705,FALSE,NA,NA,"<= day","daily",NA,NA,NA
"2021-09-15",3.487,FALSE,NA,NA,"<= day","daily",NA,NA,NA
"2021-09-16",3.379,FALSE,NA,NA,"<= day","daily",NA,NA,NA
"2021-09-17",3.277,FALSE,NA,NA,"<= day","daily",NA,NA,NA
"2021-09-18",3.175,FALSE,NA,NA,"<= day","daily",NA,NA,NA
"2021-09-19",3.133,FALSE,NA,NA,"<= day","daily",NA,NA,NA
"2021-09-20",3.077,FALSE,NA,NA,"<= day","daily",NA,NA,NA
"2021-09-21",2.978,FALSE,NA,NA,"<= day","daily",NA,NA,NA
"2021-09-22",2.882,FALSE,NA,NA,"<= day","daily",NA,NA,NA
"2021-09-23",3.117,FALSE,NA,NA,"<= day","daily",NA,NA,NA
"2021-09-24",3.472,FALSE,NA,NA,"<= day","daily",NA,NA,NA
"2021-09-25",3.392,FALSE,NA,NA,"<= day","daily",NA,NA,NA
"2021-09-26",3.488,FALSE,NA,NA,"<= day","daily",NA,NA,NA
"2021-09-27",3.416,FALSE,NA,NA,"<= day","daily",NA,NA,NA
"2021-09-28",3.326,FALSE,NA,NA,"<= day","daily",NA,NA,NA
"2021-09-29",3.26,FALSE,NA,NA,"<= day","daily",NA,NA,NA
"2021-09-30",3.177,FALSE,NA,NA,"<= day","daily",NA,NA,NA
"2021-10-01",3.144,FALSE,NA,NA,"<= day","daily",NA,NA,NA
"2021-10-02",3.087,FALSE,NA,NA,"<= day","daily",NA,NA,NA
"2021-10-03",3.051,FALSE,NA,NA,"<= day","daily",NA,NA,NA
"2021-10-04",3.011,FALSE,NA,NA,"<= day","daily",NA,NA,NA
"2021-10-05",3.124,FALSE,NA,NA,"<= day","daily",NA,NA,NA
"2021-10-06",3.265,FALSE,NA,NA,"<= day","daily",NA,NA,NA
"2021-10-07",3.315,FALSE,NA,NA,"<= day","daily",NA,NA,NA
"2021-10-08",3.161,FALSE,NA,NA,"<= day","daily",NA,NA,NA
"2021-10-09",3.05,FALSE,NA,NA,"<= day","daily",NA,NA,NA
"2021-10-10",2.954,FALSE,NA,NA,"<= day","daily",NA,NA,NA
"2021-10-11",2.899,FALSE,NA,NA,"<= day","daily",NA,NA,NA
"2021-10-12",2.842,FALSE,NA,NA,"<= day","daily",NA,NA,NA
"2021-10-13",2.81,FALSE,NA,NA,"<= day","daily",NA,NA,NA
"2021-10-14",2.736,FALSE,NA,NA,"<= day","daily",NA,NA,NA
"2021-10-15",2.71,FALSE,NA,NA,"<= day","daily",NA,NA,NA
"2021-10-16",2.644,FALSE,NA,NA,"<= day","daily",NA,NA,NA
"2021-10-17",2.621,FALSE,NA,NA,"<= day","daily",NA,NA,NA
"2021-10-18",2.556,FALSE,NA,NA,"<= day","daily",NA,NA,NA
"2021-10-19",2.538,FALSE,NA,NA,"<= day","daily",NA,NA,NA
"2021-10-20",2.523,FALSE,NA,NA,"<= day","daily",NA,NA,NA
"2021-10-21",2.514,FALSE,NA,NA,"<= day","daily",NA,NA,NA
"2021-10-22",2.492,FALSE,NA,NA,"<= day","daily",NA,NA,NA
"2021-10-23",2.436,FALSE,NA,NA,"<= day","daily",NA,NA,NA
"2021-10-24",2.404,FALSE,NA,NA,"<= day","daily",NA,NA,NA
"2021-10-25",2.381,FALSE,NA,NA,"<= day","daily",NA,NA,NA
"2021-10-26",2.319,FALSE,NA,NA,"<= day","daily",NA,NA,NA
"2021-10-27",2.242,FALSE,NA,NA,"<= day","daily",NA,NA,NA
"2021-10-28",2.217,FALSE,NA,NA,"<= day","daily",NA,NA,NA
"2021-10-29",2.17,FALSE,NA,NA,"<= day","daily",NA,NA,NA
"2021-10-30",2.135,FALSE,NA,NA,"<= day","daily",NA,NA,NA
"2021-10-31",2.099,FALSE,NA,NA,"<= day","daily",NA,NA,NA
"2021-11-01",2.424,FALSE,NA,NA,"<= day","daily",NA,NA,NA
"2021-11-02",2.636,FALSE,NA,NA,"<= day","daily",NA,NA,NA
"2021-11-03",2.472,FALSE,NA,NA,"<= day","daily",NA,NA,NA
"2021-11-04",2.358,FALSE,NA,NA,"<= day","daily",NA,NA,NA
"2021-11-05",2.242,FALSE,NA,NA,"<= day","daily",NA,NA,NA
"2021-11-06",2.173,FALSE,NA,NA,"<= day","daily",NA,NA,NA
"2021-11-07",2.126,FALSE,NA,NA,"<= day","daily",NA,NA,NA
"2021-11-08",2.064,FALSE,NA,NA,"<= day","daily",NA,NA,NA
"2021-11-09",2.019,FALSE,NA,NA,"<= day","daily",NA,NA,NA
"2021-11-10",1.979,FALSE,NA,NA,"<= day","daily",NA,NA,NA
"2021-11-11",1.943,FALSE,NA,NA,"<= day","daily",NA,NA,NA
"2021-11-12",1.908,FALSE,NA,NA,"<= day","daily",NA,NA,NA
"2021-11-13",1.899,FALSE,NA,NA,"<= day","daily",NA,NA,NA
"2021-11-14",1.924,FALSE,NA,NA,"<= day","daily",NA,NA,NA
"2021-11-15",1.946,FALSE,NA,NA,"<= day","daily",NA,NA,NA
"2021-11-16",1.916,FALSE,NA,NA,"<= day","daily",NA,NA,NA
"2021-11-17",1.898,FALSE,NA,NA,"<= day","daily",NA,NA,NA
"2021-11-18",1.852,FALSE,NA,NA,"<= day","daily",NA,NA,NA
"2021-11-19",1.837,FALSE,NA,NA,"<= day","daily",NA,NA,NA
"2021-11-20",1.828,FALSE,NA,NA,"<= day","daily",NA,NA,NA
"2021-11-21",1.817,FALSE,NA,NA,"<= day","daily",NA,NA,NA
"2021-11-22",1.781,FALSE,NA,NA,"<= day","daily",NA,NA,NA
"2021-11-23",1.766,FALSE,NA,NA,"<= day","daily",NA,NA,NA
"2021-11-24",1.762,FALSE,NA,NA,"<= day","daily",NA,NA,NA
"2021-11-25",1.91,FALSE,NA,NA,"<= day","daily",NA,NA,NA
"2021-11-26",2.052,FALSE,NA,NA,"<= day","daily",NA,NA,NA
"2021-11-27",2.04,FALSE,NA,NA,"<= day","daily",NA,NA,NA
"2021-11-28",1.986,FALSE,NA,NA,"<= day","daily",NA,NA,NA
"2021-11-29",1.965,FALSE,NA,NA,"<= day","daily",NA,NA,NA
"2021-11-30",1.946,FALSE,NA,NA,"<= day","daily",NA,NA,NA
"2021-12-01",2.798,FALSE,NA,NA,"<= day","daily",NA,NA,NA
"2021-12-02",2.94,FALSE,NA,NA,"<= day","daily",NA,NA,NA
"2021-12-03",2.586,FALSE,NA,NA,"<= day","daily",NA,NA,NA
"2021-12-04",4.527,FALSE,NA,NA,"<= day","daily",NA,NA,NA
"2021-12-05",5.67,FALSE,NA,NA,"<= day","daily",NA,NA,NA
"2021-12-06",4.338,FALSE,NA,NA,"<= day","daily",NA,NA,NA
"2021-12-07",3.709,FALSE,NA,NA,"<= day","daily",NA,NA,NA
"2021-12-08",4.897,FALSE,NA,NA,"<= day","daily",NA,NA,NA
"2021-12-09",6.007,FALSE,NA,NA,"<= day","daily",NA,NA,NA
"2021-12-10",5.417,FALSE,NA,NA,"<= day","daily",NA,NA,NA
"2021-12-11",6.541,FALSE,NA,NA,"<= day","daily",NA,NA,NA
"2021-12-12",6.753,FALSE,NA,NA,"<= day","daily",NA,NA,NA
"2021-12-13",5.928,FALSE,NA,NA,"<= day","daily",NA,NA,NA
"2021-12-14",5.134,FALSE,NA,NA,"<= day","daily",NA,NA,NA
"2021-12-15",4.601,FALSE,NA,NA,"<= day","daily",NA,NA,NA
"2021-12-16",4.21,FALSE,NA,NA,"<= day","daily",NA,NA,NA
"2021-12-17",3.929,FALSE,NA,NA,"<= day","daily",NA,NA,NA
"2021-12-18",3.703,FALSE,NA,NA,"<= day","daily",NA,NA,NA
"2021-12-19",3.52,FALSE,NA,NA,"<= day","daily",NA,NA,NA
"2021-12-20",3.371,FALSE,NA,NA,"<= day","daily",NA,NA,NA
"2021-12-21",3.184,FALSE,NA,NA,"<= day","daily",NA,NA,NA
"2021-12-22",3.415,FALSE,NA,NA,"<= day","daily",NA,NA,NA
"2021-12-23",3.633,FALSE,NA,NA,"<= day","daily",NA,NA,NA
"2021-12-24",3.539,FALSE,NA,NA,"<= day","daily",NA,NA,NA
"2021-12-25",3.796,FALSE,NA,NA,"<= day","daily",NA,NA,NA
"2021-12-26",4.702,FALSE,NA,NA,"<= day","daily",NA,NA,NA
"2021-12-27",5.903,FALSE,NA,NA,"<= day","daily",NA,NA,NA
"2021-12-28",7.504,FALSE,NA,NA,"<= day","daily",NA,NA,NA
"2021-12-29",9.71,FALSE,NA,NA,"<= day","daily",NA,NA,NA
"2021-12-30",15.699,FALSE,NA,NA,"<= day","daily",NA,NA,NA
"2021-12-31",16.493,FALSE,NA,NA,"<= day","daily",NA,NA,NA
"2022-01-01",16.342,FALSE,NA,NA,"<= day","daily",NA,NA,NA
"2022-01-02",15.867,FALSE,NA,NA,"<= day","daily",NA,NA,NA
"2022-01-03",14.452,FALSE,NA,NA,"<= day","daily",NA,NA,NA
"2022-01-04",13.127,FALSE,NA,NA,"<= day","daily",NA,NA,NA
"2022-01-05",13.028,FALSE,NA,NA,"<= day","daily",NA,NA,NA
"2022-01-06",12.383,FALSE,NA,NA,"<= day","daily",NA,NA,NA
"2022-01-07",11.408,FALSE,NA,NA,"<= day","daily",NA,NA,NA
"2022-01-08",10.99,FALSE,NA,NA,"<= day","daily",NA,NA,NA
"2022-01-09",10.84,FALSE,NA,NA,"<= day","daily",NA,NA,NA
"2022-01-10",10.571,FALSE,NA,NA,"<= day","daily",NA,NA,NA
"2022-01-11",10.09,FALSE,NA,NA,"<= day","daily",NA,NA,NA
"2022-01-12",9.65,FALSE,NA,NA,"<= day","daily",NA,NA,NA
"2022-01-13",9.308,FALSE,NA,NA,"<= day","daily",NA,NA,NA
"2022-01-14",9.059,FALSE,NA,NA,"<= day","daily",NA,NA,NA
"2022-01-15",8.81,FALSE,NA,NA,"<= day","daily",NA,NA,NA
"2022-01-16",8.422,FALSE,NA,NA,"<= day","daily",NA,NA,NA
"2022-01-17",7.794,FALSE,NA,NA,"<= day","daily",NA,NA,NA
"2022-01-18",7.32,FALSE,NA,NA,"<= day","daily",NA,NA,NA
"2022-01-19",6.891,FALSE,NA,NA,"<= day","daily",NA,NA,NA
"2022-01-20",6.548,FALSE,NA,NA,"<= day","daily",NA,NA,NA
"2022-01-21",6.164,FALSE,NA,NA,"<= day","daily",NA,NA,NA
"2022-01-22",5.858,FALSE,NA,NA,"<= day","daily",NA,NA,NA
"2022-01-23",5.591,FALSE,NA,NA,"<= day","daily",NA,NA,NA
"2022-01-24",5.383,FALSE,NA,NA,"<= day","daily",NA,NA,NA
"2022-01-25",5.164,FALSE,NA,NA,"<= day","daily",NA,NA,NA
"2022-01-26",4.955,FALSE,NA,NA,"<= day","daily",NA,NA,NA
"2022-01-27",4.773,FALSE,NA,NA,"<= day","daily",NA,NA,NA
"2022-01-28",4.566,FALSE,NA,NA,"<= day","daily",NA,NA,NA
"2022-01-29",4.421,FALSE,NA,NA,"<= day","daily",NA,NA,NA
"2022-01-30",4.325,FALSE,NA,NA,"<= day","daily",NA,NA,NA
"2022-01-31",4.29,FALSE,NA,NA,"<= day","daily",NA,NA,NA
"2022-02-01",4.289,FALSE,NA,NA,"<= day","daily",NA,NA,NA
"2022-02-02",4.922,FALSE,NA,NA,"<= day","daily",NA,NA,NA
"2022-02-03",6.356,FALSE,NA,NA,"<= day","daily",NA,NA,NA
"2022-02-04",6.272,FALSE,NA,NA,"<= day","daily",NA,NA,NA
"2022-02-05",5.938,FALSE,NA,NA,"<= day","daily",NA,NA,NA
"2022-02-06",5.949,FALSE,NA,NA,"<= day","daily",NA,NA,NA
"2022-02-07",6.205,FALSE,NA,NA,"<= day","daily",NA,NA,NA
"2022-02-08",6.203,FALSE,NA,NA,"<= day","daily",NA,NA,NA
"2022-02-09",6.228,FALSE,NA,NA,"<= day","daily",NA,NA,NA
"2022-02-10",6.276,FALSE,NA,NA,"<= day","daily",NA,NA,NA
"2022-02-11",7.561,FALSE,NA,NA,"<= day","daily",NA,NA,NA
"2022-02-12",7.698,FALSE,NA,NA,"<= day","daily",NA,NA,NA
"2022-02-13",8.023,FALSE,NA,NA,"<= day","daily",NA,NA,NA
"2022-02-14",8.387,FALSE,NA,NA,"<= day","daily",NA,NA,NA
"2022-02-15",8.584,FALSE,NA,NA,"<= day","daily",NA,NA,NA
"2022-02-16",9.092,FALSE,NA,NA,"<= day","daily",NA,NA,NA
"2022-02-17",10.197,FALSE,NA,NA,"<= day","daily",NA,NA,NA
"2022-02-18",11.163,FALSE,NA,NA,"<= day","daily",NA,NA,NA
"2022-02-19",11.74,FALSE,NA,NA,"<= day","daily",NA,NA,NA
"2022-02-20",12.082,FALSE,NA,NA,"<= day","daily",NA,NA,NA
"2022-02-21",12.307,FALSE,NA,NA,"<= day","daily",NA,NA,NA
"2022-02-22",12.504,FALSE,NA,NA,"<= day","daily",NA,NA,NA
"2022-02-23",12.136,FALSE,NA,NA,"<= day","daily",NA,NA,NA
"2022-02-24",12.232,FALSE,NA,NA,"<= day","daily",NA,NA,NA
"2022-02-25",12.221,FALSE,NA,NA,"<= day","daily",NA,NA,NA
"2022-02-26",11.768,FALSE,NA,NA,"<= day","daily",NA,NA,NA
"2022-02-27",11.287,FALSE,NA,NA,"<= day","daily",NA,NA,NA
"2022-02-28",10.746,FALSE,NA,NA,"<= day","daily",NA,NA,NA
"2022-03-01",10.277,FALSE,NA,NA,"<= day","daily",NA,NA,NA
"2022-03-02",9.865,FALSE,NA,NA,"<= day","daily",NA,NA,NA
"2022-03-03",9.532,FALSE,NA,NA,"<= day","daily",NA,NA,NA
"2022-03-04",9.145,FALSE,NA,NA,"<= day","daily",NA,NA,NA
"2022-03-05",8.773,FALSE,NA,NA,"<= day","daily",NA,NA,NA
"2022-03-06",8.408,FALSE,NA,NA,"<= day","daily",NA,NA,NA
"2022-03-07",7.89,FALSE,NA,NA,"<= day","daily",NA,NA,NA
"2022-03-08",7.423,FALSE,NA,NA,"<= day","daily",NA,NA,NA
"2022-03-09",6.877,FALSE,NA,NA,"<= day","daily",NA,NA,NA
"2022-03-10",6.379,FALSE,NA,NA,"<= day","daily",NA,NA,NA
"2022-03-11",6.113,FALSE,NA,NA,"<= day","daily",NA,NA,NA
"2022-03-12",5.87,FALSE,NA,NA,"<= day","daily",NA,NA,NA
"2022-03-13",5.649,FALSE,NA,NA,"<= day","daily",NA,NA,NA
"2022-03-14",5.362,FALSE,NA,NA,"<= day","daily",NA,NA,NA
"2022-03-15",5.175,FALSE,NA,NA,"<= day","daily",NA,NA,NA
"2022-03-16",5.031,FALSE,NA,NA,"<= day","daily",NA,NA,NA
"2022-03-17",4.852,FALSE,NA,NA,"<= day","daily",NA,NA,NA
"2022-03-18",4.643,FALSE,NA,NA,"<= day","daily",NA,NA,NA
"2022-03-19",4.513,FALSE,NA,NA,"<= day","daily",NA,NA,NA
"2022-03-20",4.388,FALSE,NA,NA,"<= day","daily",NA,NA,NA
"2022-03-21",4.25,FALSE,NA,NA,"<= day","daily",NA,NA,NA
"2022-03-22",4.141,FALSE,NA,NA,"<= day","daily",NA,NA,NA
"2022-03-23",4.027,FALSE,NA,NA,"<= day","daily",NA,NA,NA
"2022-03-24",3.921,FALSE,NA,NA,"<= day","daily",NA,NA,NA
"2022-03-25",3.833,FALSE,NA,NA,"<= day","daily",NA,NA,NA
"2022-03-26",3.746,FALSE,NA,NA,"<= day","daily",NA,NA,NA
"2022-03-27",3.635,FALSE,NA,NA,"<= day","daily",NA,NA,NA
"2022-03-28",3.577,FALSE,NA,NA,"<= day","daily",NA,NA,NA
"2022-03-29",3.531,FALSE,NA,NA,"<= day","daily",NA,NA,NA
"2022-03-30",3.513,FALSE,NA,NA,"<= day","daily",NA,NA,NA
"2022-03-31",3.658,FALSE,NA,NA,"<= day","daily",NA,NA,NA
"2022-04-01",4.918,FALSE,NA,NA,"<= day","daily",NA,NA,NA
"2022-04-02",4.756,FALSE,NA,NA,"<= day","daily",NA,NA,NA
"2022-04-03",4.677,FALSE,NA,NA,"<= day","daily",NA,NA,NA
"2022-04-04",5.034,FALSE,NA,NA,"<= day","daily",NA,NA,NA
"2022-04-05",6.084,FALSE,NA,NA,"<= day","daily",NA,NA,NA
"2022-04-06",7.105,FALSE,NA,NA,"<= day","daily",NA,NA,NA
"2022-04-07",7.811,FALSE,NA,NA,"<= day","daily",NA,NA,NA
"2022-04-08",11.597,FALSE,NA,NA,"<= day","daily",NA,NA,NA
"2022-04-09",13.769,FALSE,NA,NA,"<= day","daily",NA,NA,NA
"2022-04-10",14.072,FALSE,NA,NA,"<= day","daily",NA,NA,NA
"2022-04-11",14.654,FALSE,NA,NA,"<= day","daily",NA,NA,NA
"2022-04-12",14.592,FALSE,NA,NA,"<= day","daily",NA,NA,NA
"2022-04-13",14.684,FALSE,NA,NA,"<= day","daily",NA,NA,NA
"2022-04-14",14.64,FALSE,NA,NA,"<= day","daily",NA,NA,NA
"2022-04-15",14.661,FALSE,NA,NA,"<= day","daily",NA,NA,NA
"2022-04-16",14.762,FALSE,NA,NA,"<= day","daily",NA,NA,NA
"2022-04-17",14.921,FALSE,NA,NA,"<= day","daily",NA,NA,NA
"2022-04-18",14.975,FALSE,NA,NA,"<= day","daily",NA,NA,NA
"2022-04-19",14.94,FALSE,NA,NA,"<= day","daily",NA,NA,NA
"2022-04-20",14.703,FALSE,NA,NA,"<= day","daily",NA,NA,NA
"2022-04-21",14.392,FALSE,NA,NA,"<= day","daily",NA,NA,NA
"2022-04-22",14.135,FALSE,NA,NA,"<= day","daily",NA,NA,NA
"2022-04-23",13.546,FALSE,NA,NA,"<= day","daily",NA,NA,NA
"2022-04-24",12.691,FALSE,NA,NA,"<= day","daily",NA,NA,NA
"2022-04-25",11.954,FALSE,NA,NA,"<= day","daily",NA,NA,NA
"2022-04-26",12.801,FALSE,NA,NA,"<= day","daily",NA,NA,NA
"2022-04-27",13.413,FALSE,NA,NA,"<= day","daily",NA,NA,NA
"2022-04-28",13.424,FALSE,NA,NA,"<= day","daily",NA,NA,NA
"2022-04-29",13.26,FALSE,NA,NA,"<= day","daily",NA,NA,NA
"2022-04-30",13.086,FALSE,NA,NA,"<= day","daily",NA,NA,NA
"2022-05-01",12.799,FALSE,NA,NA,"<= day","daily",NA,NA,NA
"2022-05-02",13.922,FALSE,NA,NA,"<= day","daily",NA,NA,NA
"2022-05-03",14.55,FALSE,NA,NA,"<= day","daily",NA,NA,NA
"2022-05-04",13.89,FALSE,NA,NA,"<= day","daily",NA,NA,NA
"2022-05-05",13.143,FALSE,NA,NA,"<= day","daily",NA,NA,NA
"2022-05-06",12.6,FALSE,NA,NA,"<= day","daily",NA,NA,NA
"2022-05-07",12.474,FALSE,NA,NA,"<= day","daily",NA,NA,NA
"2022-05-08",11.898,FALSE,NA,NA,"<= day","daily",NA,NA,NA
"2022-05-09",11.303,FALSE,NA,NA,"<= day","daily",NA,NA,NA
"2022-05-10",10.725,FALSE,NA,NA,"<= day","daily",NA,NA,NA
"2022-05-11",10.028,FALSE,NA,NA,"<= day","daily",NA,NA,NA
"2022-05-12",9.235,FALSE,NA,NA,"<= day","daily",NA,NA,NA
"2022-05-13",8.422,FALSE,NA,NA,"<= day","daily",NA,NA,NA
"2022-05-14",7.7,FALSE,NA,NA,"<= day","daily",NA,NA,NA
"2022-05-15",7.112,FALSE,NA,NA,"<= day","daily",NA,NA,NA
"2022-05-16",6.555,FALSE,NA,NA,"<= day","daily",NA,NA,NA
"2022-05-17",6.138,FALSE,NA,NA,"<= day","daily",NA,NA,NA
"2022-05-18",5.8,FALSE,NA,NA,"<= day","daily",NA,NA,NA
"2022-05-19",5.511,FALSE,NA,NA,"<= day","daily",NA,NA,NA
"2022-05-20",5.246,FALSE,NA,NA,"<= day","daily",NA,NA,NA
"2022-05-21",5.336,FALSE,NA,NA,"<= day","daily",NA,NA,NA
"2022-05-22",5.014,FALSE,NA,NA,"<= day","daily",NA,NA,NA
"2022-05-23",5.286,FALSE,NA,NA,"<= day","daily",NA,NA,NA
"2022-05-24",5.139,FALSE,NA,NA,"<= day","daily",NA,NA,NA
"2022-05-25",4.811,FALSE,NA,NA,"<= day","daily",NA,NA,NA
"2022-05-26",4.558,FALSE,NA,NA,"<= day","daily",NA,NA,NA
"2022-05-27",4.398,FALSE,NA,NA,"<= day","daily",NA,NA,NA
"2022-05-28",4.257,FALSE,NA,NA,"<= day","daily",NA,NA,NA
"2022-05-29",4.127,FALSE,NA,NA,"<= day","daily",NA,NA,NA
"2022-05-30",3.986,FALSE,NA,NA,"<= day","daily",NA,NA,NA
"2022-05-31",3.834,FALSE,NA,NA,"<= day","daily",NA,NA,NA
"2022-06-01",4.094,FALSE,NA,NA,"<= day","daily",NA,NA,NA
"2022-06-02",4.23,FALSE,NA,NA,"<= day","daily",NA,NA,NA
"2022-06-03",4.068,FALSE,NA,NA,"<= day","daily",NA,NA,NA
"2022-06-04",3.934,FALSE,NA,NA,"<= day","daily",NA,NA,NA
"2022-06-05",3.953,FALSE,NA,NA,"<= day","daily",NA,NA,NA
"2022-06-06",3.725,FALSE,NA,NA,"<= day","daily",NA,NA,NA
"2022-06-07",3.593,FALSE,NA,NA,"<= day","daily",NA,NA,NA
"2022-06-08",3.48,FALSE,NA,NA,"<= day","daily",NA,NA,NA
"2022-06-09",3.194,FALSE,NA,NA,"<= day","daily",NA,NA,NA
"2022-06-10",3.01,FALSE,NA,NA,"<= day","daily",NA,NA,NA
"2022-06-11",2.937,FALSE,NA,NA,"<= day","daily",NA,NA,NA
"2022-06-12",2.871,FALSE,NA,NA,"<= day","daily",NA,NA,NA
"2022-06-13",2.802,FALSE,NA,NA,"<= day","daily",NA,NA,NA
"2022-06-14",2.737,FALSE,NA,NA,"<= day","daily",NA,NA,NA
"2022-06-15",2.67,FALSE,NA,NA,"<= day","daily",NA,NA,NA
"2022-06-16",2.626,FALSE,NA,NA,"<= day","daily",NA,NA,NA
"2022-06-17",2.56,FALSE,NA,NA,"<= day","daily",NA,NA,NA
"2022-06-18",2.519,FALSE,NA,NA,"<= day","daily",NA,NA,NA
"2022-06-19",2.469,FALSE,NA,NA,"<= day","daily",NA,NA,NA
"2022-06-20",2.427,FALSE,NA,NA,"<= day","daily",NA,NA,NA
"2022-06-21",2.373,FALSE,NA,NA,"<= day","daily",NA,NA,NA
"2022-06-22",2.397,FALSE,NA,NA,"<= day","daily",NA,NA,NA
"2022-06-23",2.423,FALSE,NA,NA,"<= day","daily",NA,NA,NA
"2022-06-24",2.532,FALSE,NA,NA,"<= day","daily",NA,NA,NA
"2022-06-25",2.433,FALSE,NA,NA,"<= day","daily",NA,NA,NA
"2022-06-26",2.344,FALSE,NA,NA,"<= day","daily",NA,NA,NA
"2022-06-27",2.519,FALSE,NA,NA,"<= day","daily",NA,NA,NA
"2022-06-28",2.421,FALSE,NA,NA,"<= day","daily",NA,NA,NA
"2022-06-29",2.184,FALSE,NA,NA,"<= day","daily",NA,NA,NA
"2022-06-30",2.029,FALSE,NA,NA,"<= day","daily",NA,NA,NA
"2022-07-01",2.126,FALSE,NA,NA,"<= day","daily",NA,NA,NA
"2022-07-02",2.056,FALSE,NA,NA,"<= day","daily",NA,NA,NA
"2022-07-03",1.981,FALSE,NA,NA,"<= day","daily",NA,NA,NA
"2022-07-04",1.995,FALSE,NA,NA,"<= day","daily",NA,NA,NA
"2022-07-05",1.931,FALSE,NA,NA,"<= day","daily",NA,NA,NA
"2022-07-06",1.876,FALSE,NA,NA,"<= day","daily",NA,NA,NA
"2022-07-07",1.833,FALSE,NA,NA,"<= day","daily",NA,NA,NA
"2022-07-08",1.796,FALSE,NA,NA,"<= day","daily",NA,NA,NA
"2022-07-09",1.768,FALSE,NA,NA,"<= day","daily",NA,NA,NA
"2022-07-10",1.747,FALSE,NA,NA,"<= day","daily",NA,NA,NA
"2022-07-11",1.707,FALSE,NA,NA,"<= day","daily",NA,NA,NA
"2022-07-12",1.692,FALSE,NA,NA,"<= day","daily",NA,NA,NA
"2022-07-13",1.662,FALSE,NA,NA,"<= day","daily",NA,NA,NA
"2022-07-14",1.642,FALSE,NA,NA,"<= day","daily",NA,NA,NA
"2022-07-15",1.629,FALSE,NA,NA,"<= day","daily",NA,NA,NA
"2022-07-16",1.61,FALSE,NA,NA,"<= day","daily",NA,NA,NA
"2022-07-17",1.587,FALSE,NA,NA,"<= day","daily",NA,NA,NA
"2022-07-18",1.58,FALSE,NA,NA,"<= day","daily",NA,NA,NA
"2022-07-19",1.578,FALSE,NA,NA,"<= day","daily",NA,NA,NA
"2022-07-20",1.573,FALSE,NA,NA,"<= day","daily",NA,NA,NA
"2022-07-21",1.556,FALSE,NA,NA,"<= day","daily",NA,NA,NA
"2022-07-22",1.529,FALSE,NA,NA,"<= day","daily",NA,NA,NA
"2022-07-23",1.521,FALSE,NA,NA,"<= day","daily",NA,NA,NA
"2022-07-24",1.512,FALSE,NA,NA,"<= day","daily",NA,NA,NA
"2022-07-25",1.494,FALSE,NA,NA,"<= day","daily",NA,NA,NA
"2022-07-26",1.46,FALSE,NA,NA,"<= day","daily",NA,NA,NA
"2022-07-27",1.446,FALSE,NA,NA,"<= day","daily",NA,NA,NA
"2022-07-28",1.421,FALSE,NA,NA,"<= day","daily",NA,NA,NA
"2022-07-29",1.395,FALSE,NA,NA,"<= day","daily",NA,NA,NA
"2022-07-30",1.382,FALSE,NA,NA,"<= day","daily",NA,NA,NA
"2022-07-31",1.368,FALSE,NA,NA,"<= day","daily",NA,NA,NA
"2022-08-01",1.347,FALSE,NA,NA,"<= day","daily",NA,NA,NA
"2022-08-02",1.326,FALSE,NA,NA,"<= day","daily",NA,NA,NA
"2022-08-03",1.303,FALSE,NA,NA,"<= day","daily",NA,NA,NA
"2022-08-04",1.296,FALSE,NA,NA,"<= day","daily",NA,NA,NA
"2022-08-05",1.288,FALSE,NA,NA,"<= day","daily",NA,NA,NA
"2022-08-06",1.28,FALSE,NA,NA,"<= day","daily",NA,NA,NA
"2022-08-07",1.261,FALSE,NA,NA,"<= day","daily",NA,NA,NA
"2022-08-08",1.247,FALSE,NA,NA,"<= day","daily",NA,NA,NA
"2022-08-09",1.241,FALSE,NA,NA,"<= day","daily",NA,NA,NA
"2022-08-10",1.239,FALSE,NA,NA,"<= day","daily",NA,NA,NA
"2022-08-11",1.237,FALSE,NA,NA,"<= day","daily",NA,NA,NA
"2022-08-12",1.235,FALSE,NA,NA,"<= day","daily",NA,NA,NA
"2022-08-13",1.23,FALSE,NA,NA,"<= day","daily",NA,NA,NA
"2022-08-14",1.226,FALSE,NA,NA,"<= day","daily",NA,NA,NA
"2022-08-15",1.217,FALSE,NA,NA,"<= day","daily",NA,NA,NA
"2022-08-16",1.208,FALSE,NA,NA,"<= day","daily",NA,NA,NA
"2022-08-17",1.223,FALSE,NA,NA,"<= day","daily",NA,NA,NA
"2022-08-18",1.25,FALSE,NA,NA,"<= day","daily",NA,NA,NA
"2022-08-19",1.237,FALSE,NA,NA,"<= day","daily",NA,NA,NA
"2022-08-20",1.215,FALSE,NA,NA,"<= day","daily",NA,NA,NA
"2022-08-21",1.195,FALSE,NA,NA,"<= day","daily",NA,NA,NA
"2022-08-22",1.188,FALSE,NA,NA,"<= day","daily",NA,NA,NA
"2022-08-23",1.185,FALSE,NA,NA,"<= day","daily",NA,NA,NA
"2022-08-24",1.183,FALSE,NA,NA,"<= day","daily",NA,NA,NA
"2022-08-25",1.177,FALSE,NA,NA,"<= day","daily",NA,NA,NA
"2022-08-26",1.169,FALSE,NA,NA,"<= day","daily",NA,NA,NA
"2022-08-27",1.159,FALSE,NA,NA,"<= day","daily",NA,NA,NA
"2022-08-28",1.151,FALSE,NA,NA,"<= day","daily",NA,NA,NA
"2022-08-29",1.143,FALSE,NA,NA,"<= day","daily",NA,NA,NA
"2022-08-30",1.135,FALSE,NA,NA,"<= day","daily",NA,NA,NA
"2022-08-31",1.166,FALSE,NA,NA,"<= day","daily",NA,NA,NA
"2022-09-01",1.133,FALSE,NA,NA,"<= day","daily",NA,NA,NA
"2022-09-02",1.127,FALSE,NA,NA,"<= day","daily",NA,NA,NA
"2022-09-03",1.147,FALSE,NA,NA,"<= day","daily",NA,NA,NA
"2022-09-04",1.118,FALSE,NA,NA,"<= day","daily",NA,NA,NA
"2022-09-05",1.104,FALSE,NA,NA,"<= day","daily",NA,NA,NA
"2022-09-06",1.126,FALSE,NA,NA,"<= day","daily",NA,NA,NA
"2022-09-07",1.114,FALSE,NA,NA,"<= day","daily",NA,NA,NA
"2022-09-08",1.351,FALSE,NA,NA,"<= day","daily",NA,NA,NA
"2022-09-09",1.159,FALSE,NA,NA,"<= day","daily",NA,NA,NA
"2022-09-10",1.135,FALSE,NA,NA,"<= day","daily",NA,NA,NA
"2022-09-11",1.114,FALSE,NA,NA,"<= day","daily",NA,NA,NA
"2022-09-12",1.098,FALSE,NA,NA,"<= day","daily",NA,NA,NA
"2022-09-13",1.088,FALSE,NA,NA,"<= day","daily",NA,NA,NA
"2022-09-14",1.097,FALSE,NA,NA,"<= day","daily",NA,NA,NA
"2022-09-15",1.195,FALSE,NA,NA,"<= day","daily",NA,NA,NA
"2022-09-16",1.186,FALSE,NA,NA,"<= day","daily",NA,NA,NA
"2022-09-17",1.098,FALSE,NA,NA,"<= day","daily",NA,NA,NA
"2022-09-18",1.067,FALSE,NA,NA,"<= day","daily",NA,NA,NA
"2022-09-19",1.04,FALSE,NA,NA,"<= day","daily",NA,NA,NA
"2022-09-20",1.031,FALSE,NA,NA,"<= day","daily",NA,NA,NA
"2022-09-21",1.006,FALSE,NA,NA,"<= day","daily",NA,NA,NA
"2022-09-22",0.992,FALSE,NA,NA,"<= day","daily",NA,NA,NA
"2022-09-23",0.989,FALSE,NA,NA,"<= day","daily",NA,NA,NA
"2022-09-24",1.003,FALSE,NA,NA,"<= day","daily",NA,NA,NA
"2022-09-25",0.985,FALSE,NA,NA,"<= day","daily",NA,NA,NA
"2022-09-26",1.031,FALSE,NA,NA,"<= day","daily",NA,NA,NA
"2022-09-27",1.247,FALSE,NA,NA,"<= day","daily",NA,NA,NA
"2022-09-28",2.621,FALSE,NA,NA,"<= day","daily",NA,NA,NA
"2022-09-29",2.745,FALSE,NA,NA,"<= day","daily",NA,NA,NA
"2022-09-30",2.043,FALSE,NA,NA,"<= day","daily",NA,NA,NA
"2022-10-01",1.623,FALSE,NA,NA,"<= day","daily",NA,NA,NA
"2022-10-02",2.018,FALSE,NA,NA,"<= day","daily",NA,NA,NA
"2022-10-03",2.198,FALSE,NA,NA,"<= day","daily",NA,NA,NA
"2022-10-04",1.787,FALSE,NA,NA,"<= day","daily",NA,NA,NA
"2022-10-05",1.483,FALSE,NA,NA,"<= day","daily",NA,NA,NA
"2022-10-06",1.359,FALSE,NA,NA,"<= day","daily",NA,NA,NA
"2022-10-07",1.45,FALSE,NA,NA,"<= day","daily",NA,NA,NA
"2022-10-08",1.493,FALSE,NA,NA,"<= day","daily",NA,NA,NA
"2022-10-09",1.421,FALSE,NA,NA,"<= day","daily",NA,NA,NA
"2022-10-10",1.374,FALSE,NA,NA,"<= day","daily",NA,NA,NA
"2022-10-11",1.322,FALSE,NA,NA,"<= day","daily",NA,NA,NA
"2022-10-12",1.282,FALSE,NA,NA,"<= day","daily",NA,NA,NA
"2022-10-13",1.249,FALSE,NA,NA,"<= day","daily",NA,NA,NA
"2022-10-14",1.398,FALSE,NA,NA,"<= day","daily",NA,NA,NA
"2022-10-15",2.632,FALSE,NA,NA,"<= day","daily",NA,NA,NA
"2022-10-16",2.079,FALSE,NA,NA,"<= day","daily",NA,NA,NA
"2022-10-17",1.625,FALSE,NA,NA,"<= day","daily",NA,NA,NA
"2022-10-18",1.464,FALSE,NA,NA,"<= day","daily",NA,NA,NA
"2022-10-19",1.375,FALSE,NA,NA,"<= day","daily",NA,NA,NA
"2022-10-20",1.31,FALSE,NA,NA,"<= day","daily",NA,NA,NA
"2022-10-21",1.42,FALSE,NA,NA,"<= day","daily",NA,NA,NA
"2022-10-22",2.449,FALSE,NA,NA,"<= day","daily",NA,NA,NA
"2022-10-23",2.151,FALSE,NA,NA,"<= day","daily",NA,NA,NA
"2022-10-24",2.26,FALSE,NA,NA,"<= day","daily",NA,NA,NA
"2022-10-25",3.684,FALSE,NA,NA,"<= day","daily",NA,NA,NA
"2022-10-26",3.456,FALSE,NA,NA,"<= day","daily",NA,NA,NA
"2022-10-27",2.812,FALSE,NA,NA,"<= day","daily",NA,NA,NA
"2022-10-28",2.324,FALSE,NA,NA,"<= day","daily",NA,NA,NA
"2022-10-29",2.082,FALSE,NA,NA,"<= day","daily",NA,NA,NA
"2022-10-30",1.897,FALSE,NA,NA,"<= day","daily",NA,NA,NA
"2022-10-31",1.758,FALSE,NA,NA,"<= day","daily",NA,NA,NA
"2022-11-01",1.649,FALSE,NA,NA,"<= day","daily",NA,NA,NA
"2022-11-02",1.545,FALSE,NA,NA,"<= day","daily",NA,NA,NA
"2022-11-03",1.496,FALSE,NA,NA,"<= day","daily",NA,NA,NA
"2022-11-04",1.512,FALSE,NA,NA,"<= day","daily",NA,NA,NA
"2022-11-05",1.497,FALSE,NA,NA,"<= day","daily",NA,NA,NA
"2022-11-06",1.523,FALSE,NA,NA,"<= day","daily",NA,NA,NA
"2022-11-07",1.455,FALSE,NA,NA,"<= day","daily",NA,NA,NA
"2022-11-08",1.39,FALSE,NA,NA,"<= day","daily",NA,NA,NA
"2022-11-09",1.639,FALSE,NA,NA,"<= day","daily",NA,NA,NA
"2022-11-10",2.587,FALSE,NA,NA,"<= day","daily",NA,NA,NA
"2022-11-11",2.262,FALSE,NA,NA,"<= day","daily",NA,NA,NA
"2022-11-12",1.845,FALSE,NA,NA,"<= day","daily",NA,NA,NA
"2022-11-13",1.695,FALSE,NA,NA,"<= day","daily",NA,NA,NA
"2022-11-14",1.596,FALSE,NA,NA,"<= day","daily",NA,NA,NA
"2022-11-15",1.528,FALSE,NA,NA,"<= day","daily",NA,NA,NA
"2022-11-16",2.399,FALSE,NA,NA,"<= day","daily",NA,NA,NA
"2022-11-17",2.555,FALSE,NA,NA,"<= day","daily",NA,NA,NA
"2022-11-18",4.611,FALSE,NA,NA,"<= day","daily",NA,NA,NA
"2022-11-19",4.202,FALSE,NA,NA,"<= day","daily",NA,NA,NA
"2022-11-20",3.502,FALSE,NA,NA,"<= day","daily",NA,NA,NA
"2022-11-21",3.087,FALSE,NA,NA,"<= day","daily",NA,NA,NA
"2022-11-22",2.852,FALSE,NA,NA,"<= day","daily",NA,NA,NA
"2022-11-23",2.591,FALSE,NA,NA,"<= day","daily",NA,NA,NA
"2022-11-24",3.267,FALSE,NA,NA,"<= day","daily",NA,NA,NA
"2022-11-25",3.338,FALSE,NA,NA,"<= day","daily",NA,NA,NA
"2022-11-26",3.345,FALSE,NA,NA,"<= day","daily",NA,NA,NA
"2022-11-27",3.051,FALSE,NA,NA,"<= day","daily",NA,NA,NA
"2022-11-28",2.785,FALSE,NA,NA,"<= day","daily",NA,NA,NA
"2022-11-29",2.499,FALSE,NA,NA,"<= day","daily",NA,NA,NA
"2022-11-30",2.297,FALSE,NA,NA,"<= day","daily",NA,NA,NA
"2022-12-01",2.155,FALSE,NA,NA,"<= day","daily",NA,NA,NA
"2022-12-02",2.046,FALSE,NA,NA,"<= day","daily",NA,NA,NA
"2022-12-03",1.949,FALSE,NA,NA,"<= day","daily",NA,NA,NA
"2022-12-04",1.871,FALSE,NA,NA,"<= day","daily",NA,NA,NA
"2022-12-05",1.786,FALSE,NA,NA,"<= day","daily",NA,NA,NA
"2022-12-06",1.718,FALSE,NA,NA,"<= day","daily",NA,NA,NA
"2022-12-07",1.68,FALSE,NA,NA,"<= day","daily",NA,NA,NA
"2022-12-08",1.637,FALSE,NA,NA,"<= day","daily",NA,NA,NA
"2022-12-09",1.603,FALSE,NA,NA,"<= day","daily",NA,NA,NA
"2022-12-10",1.574,FALSE,NA,NA,"<= day","daily",NA,NA,NA
"2022-12-11",1.542,FALSE,NA,NA,"<= day","daily",NA,NA,NA
"2022-12-12",1.526,FALSE,NA,NA,"<= day","daily",NA,NA,NA
"2022-12-13",1.513,FALSE,NA,NA,"<= day","daily",NA,NA,NA
"2022-12-14",1.841,FALSE,NA,NA,"<= day","daily",NA,NA,NA
"2022-12-15",3.348,FALSE,NA,NA,"<= day","daily",NA,NA,NA
"2022-12-16",2.699,FALSE,NA,NA,"<= day","daily",NA,NA,NA
"2022-12-17",2.397,FALSE,NA,NA,"<= day","daily",NA,NA,NA
"2022-12-18",2.187,FALSE,NA,NA,"<= day","daily",NA,NA,NA
"2022-12-19",2.115,FALSE,NA,NA,"<= day","daily",NA,NA,NA
"2022-12-20",2.411,FALSE,NA,NA,"<= day","daily",NA,NA,NA
"2022-12-21",3.241,FALSE,NA,NA,"<= day","daily",NA,NA,NA
"2022-12-22",3.894,FALSE,NA,NA,"<= day","daily",NA,NA,NA
"2022-12-23",4.988,FALSE,NA,NA,"<= day","daily",NA,NA,NA
"2022-12-24",6.186,FALSE,NA,NA,"<= day","daily",NA,NA,NA
"2022-12-25",5.923,FALSE,NA,NA,"<= day","daily",NA,NA,NA
"2022-12-26",5.332,FALSE,NA,NA,"<= day","daily",NA,NA,NA
"2022-12-27",5.206,FALSE,NA,NA,"<= day","daily",NA,NA,NA
"2022-12-28",4.882,FALSE,NA,NA,"<= day","daily",NA,NA,NA
"2022-12-29",4.67,FALSE,NA,NA,"<= day","daily",NA,NA,NA
"2022-12-30",5.201,FALSE,NA,NA,"<= day","daily",NA,NA,NA
"2022-12-31",5.104,FALSE,NA,NA,"<= day","daily",NA,NA,NA
"2023-01-01",4.99,FALSE,NA,NA,"<= day","daily",NA,NA,NA
"2023-01-02",4.874,FALSE,NA,NA,"<= day","daily",NA,NA,NA
"2023-01-03",4.625,FALSE,NA,NA,"<= day","daily",NA,NA,NA
"2023-01-04",4.433,FALSE,NA,NA,"<= day","daily",NA,NA,NA
"2023-01-05",4.708,FALSE,NA,NA,"<= day","daily",NA,NA,NA
"2023-01-06",4.683,FALSE,NA,NA,"<= day","daily",NA,NA,NA
"2023-01-07",4.559,FALSE,NA,NA,"<= day","daily",NA,NA,NA
"2023-01-08",4.667,FALSE,NA,NA,"<= day","daily",NA,NA,NA
"2023-01-09",5.828,FALSE,NA,NA,"<= day","daily",NA,NA,NA
"2023-01-10",5.971,FALSE,NA,NA,"<= day","daily",NA,NA,NA
"2023-01-11",6.107,FALSE,NA,NA,"<= day","daily",NA,NA,NA
"2023-01-12",6.285,FALSE,NA,NA,"<= day","daily",NA,NA,NA
"2023-01-13",6.427,FALSE,NA,NA,"<= day","daily",NA,NA,NA
"2023-01-14",6.81,FALSE,NA,NA,"<= day","daily",NA,NA,NA
"2023-01-15",7.181,FALSE,NA,NA,"<= day","daily",NA,NA,NA
"2023-01-16",8.141,FALSE,NA,NA,"<= day","daily",NA,NA,NA
"2023-01-17",8.393,FALSE,NA,NA,"<= day","daily",NA,NA,NA
"2023-01-18",8.723,FALSE,NA,NA,"<= day","daily",NA,NA,NA
"2023-01-19",8.985,FALSE,NA,NA,"<= day","daily",NA,NA,NA
"2023-01-20",8.275,FALSE,NA,NA,"<= day","daily",NA,NA,NA
"2023-01-21",7.539,FALSE,NA,NA,"<= day","daily",NA,NA,NA
"2023-01-22",6.948,FALSE,NA,NA,"<= day","daily",NA,NA,NA
"2023-01-23",6.184,FALSE,NA,NA,"<= day","daily",NA,NA,NA
"2023-01-24",5.551,FALSE,NA,NA,"<= day","daily",NA,NA,NA
"2023-01-25",5.101,FALSE,NA,NA,"<= day","daily",NA,NA,NA
"2023-01-26",4.818,FALSE,NA,NA,"<= day","daily",NA,NA,NA
"2023-01-27",4.548,FALSE,NA,NA,"<= day","daily",NA,NA,NA
"2023-01-28",4.234,FALSE,NA,NA,"<= day","daily",NA,NA,NA
"2023-01-29",3.979,FALSE,NA,NA,"<= day","daily",NA,NA,NA
"2023-01-30",3.796,FALSE,NA,NA,"<= day","daily",NA,NA,NA
"2023-01-31",3.589,FALSE,NA,NA,"<= day","daily",NA,NA,NA
"2023-02-01",3.423,FALSE,NA,NA,"<= day","daily",NA,NA,NA
"2023-02-02",3.247,FALSE,NA,NA,"<= day","daily",NA,NA,NA
"2023-02-03",3.152,FALSE,NA,NA,"<= day","daily",NA,NA,NA
"2023-02-04",3.067,FALSE,NA,NA,"<= day","daily",NA,NA,NA
"2023-02-05",3.001,FALSE,NA,NA,"<= day","daily",NA,NA,NA
"2023-02-06",2.92,FALSE,NA,NA,"<= day","daily",NA,NA,NA
"2023-02-07",2.834,FALSE,NA,NA,"<= day","daily",NA,NA,NA
"2023-02-08",2.749,FALSE,NA,NA,"<= day","daily",NA,NA,NA
"2023-02-09",2.698,FALSE,NA,NA,"<= day","daily",NA,NA,NA
"2023-02-10",2.639,FALSE,NA,NA,"<= day","daily",NA,NA,NA
"2023-02-11",2.604,FALSE,NA,NA,"<= day","daily",NA,NA,NA
"2023-02-12",2.545,FALSE,NA,NA,"<= day","daily",NA,NA,NA
"2023-02-13",2.481,FALSE,NA,NA,"<= day","daily",NA,NA,NA
"2023-02-14",2.437,FALSE,NA,NA,"<= day","daily",NA,NA,NA
"2023-02-15",2.39,FALSE,NA,NA,"<= day","daily",NA,NA,NA
"2023-02-16",2.354,FALSE,NA,NA,"<= day","daily",NA,NA,NA
"2023-02-17",2.299,FALSE,NA,NA,"<= day","daily",NA,NA,NA
"2023-02-18",2.261,FALSE,NA,NA,"<= day","daily",NA,NA,NA
"2023-02-19",2.221,FALSE,NA,NA,"<= day","daily",NA,NA,NA
"2023-02-20",2.183,FALSE,NA,NA,"<= day","daily",NA,NA,NA
"2023-02-21",2.168,FALSE,NA,NA,"<= day","daily",NA,NA,NA
"2023-02-22",2.141,FALSE,NA,NA,"<= day","daily",NA,NA,NA
"2023-02-23",2.108,FALSE,NA,NA,"<= day","daily",NA,NA,NA
"2023-02-24",2.089,FALSE,NA,NA,"<= day","daily",NA,NA,NA
"2023-02-25",2.245,FALSE,NA,NA,"<= day","daily",NA,NA,NA
"2023-02-26",2.128,FALSE,NA,NA,"<= day","daily",NA,NA,NA
"2023-02-27",2.032,FALSE,NA,NA,"<= day","daily",NA,NA,NA
"2023-02-28",2.311,FALSE,NA,NA,"<= day","daily",NA,NA,NA
"2023-03-01",2.526,FALSE,NA,NA,"<= day","daily",NA,NA,NA
"2023-03-02",2.467,FALSE,NA,NA,"<= day","daily",NA,NA,NA
"2023-03-03",2.403,FALSE,NA,NA,"<= day","daily",NA,NA,NA
"2023-03-04",2.355,FALSE,NA,NA,"<= day","daily",NA,NA,NA
"2023-03-05",2.325,FALSE,NA,NA,"<= day","daily",NA,NA,NA
"2023-03-06",2.305,FALSE,NA,NA,"<= day","daily",NA,NA,NA
"2023-03-07",2.272,FALSE,NA,NA,"<= day","daily",NA,NA,NA
"2023-03-08",2.117,FALSE,NA,NA,"<= day","daily",NA,NA,NA
"2023-03-09",2.23,FALSE,NA,NA,"<= day","daily",NA,NA,NA
"2023-03-10",2.349,FALSE,NA,NA,"<= day","daily",NA,NA,NA
"2023-03-11",2.416,FALSE,NA,NA,"<= day","daily",NA,NA,NA
"2023-03-12",2.454,FALSE,NA,NA,"<= day","daily",NA,NA,NA
"2023-03-13",2.603,FALSE,NA,NA,"<= day","daily",NA,NA,NA
"2023-03-14",5.879,FALSE,NA,NA,"<= day","daily",NA,NA,NA
"2023-03-15",6.309,FALSE,NA,NA,"<= day","daily",NA,NA,NA
"2023-03-16",6.865,FALSE,NA,NA,"<= day","daily",NA,NA,NA
"2023-03-17",7.324,FALSE,NA,NA,"<= day","daily",NA,NA,NA
"2023-03-18",7.257,FALSE,NA,NA,"<= day","daily",NA,NA,NA
"2023-03-19",7.057,FALSE,NA,NA,"<= day","daily",NA,NA,NA
"2023-03-20",6.801,FALSE,NA,NA,"<= day","daily",NA,NA,NA
"2023-03-21",6.594,FALSE,NA,NA,"<= day","daily",NA,NA,NA
"2023-03-22",6.19,FALSE,NA,NA,"<= day","daily",NA,NA,NA
"2023-03-23",5.727,FALSE,NA,NA,"<= day","daily",NA,NA,NA
"2023-03-24",5.404,FALSE,NA,NA,"<= day","daily",NA,NA,NA
"2023-03-25",5.448,FALSE,NA,NA,"<= day","daily",NA,NA,NA
"2023-03-26",5.528,FALSE,NA,NA,"<= day","daily",NA,NA,NA
"2023-03-27",5.839,FALSE,NA,NA,"<= day","daily",NA,NA,NA
"2023-03-28",6.057,FALSE,NA,NA,"<= day","daily",NA,NA,NA
"2023-03-29",5.955,FALSE,NA,NA,"<= day","daily",NA,NA,NA
"2023-03-30",5.986,FALSE,NA,NA,"<= day","daily",NA,NA,NA
"2023-03-31",6.013,FALSE,NA,NA,"<= day","daily",NA,NA,NA
"2023-04-01",5.991,FALSE,NA,NA,"<= day","daily",NA,NA,NA
"2023-04-02",5.912,FALSE,NA,NA,"<= day","daily",NA,NA,NA
"2023-04-03",5.713,FALSE,NA,NA,"<= day","daily",NA,NA,NA
"2023-04-04",5.517,FALSE,NA,NA,"<= day","daily",NA,NA,NA
"2023-04-05",5.336,FALSE,NA,NA,"<= day","daily",NA,NA,NA
"2023-04-06",5.156,FALSE,NA,NA,"<= day","daily",NA,NA,NA
"2023-04-07",5.035,FALSE,NA,NA,"<= day","daily",NA,NA,NA
"2023-04-08",4.856,FALSE,NA,NA,"<= day","daily",NA,NA,NA
"2023-04-09",4.707,FALSE,NA,NA,"<= day","daily",NA,NA,NA
"2023-04-10",4.623,FALSE,NA,NA,"<= day","daily",NA,NA,NA
"2023-04-11",4.579,FALSE,NA,NA,"<= day","daily",NA,NA,NA
"2023-04-12",4.742,FALSE,NA,NA,"<= day","daily",NA,NA,NA
"2023-04-13",5.739,FALSE,NA,NA,"<= day","daily",NA,NA,NA
"2023-04-14",5.756,FALSE,NA,NA,"<= day","daily",NA,NA,NA
"2023-04-15",5.748,FALSE,NA,NA,"<= day","daily",NA,NA,NA
"2023-04-16",5.767,FALSE,NA,NA,"<= day","daily",NA,NA,NA
"2023-04-17",5.903,FALSE,NA,NA,"<= day","daily",NA,NA,NA
"2023-04-18",5.956,FALSE,NA,NA,"<= day","daily",NA,NA,NA
"2023-04-19",5.904,FALSE,NA,NA,"<= day","daily",NA,NA,NA
"2023-04-20",5.924,FALSE,NA,NA,"<= day","daily",NA,NA,NA
"2023-04-21",5.898,FALSE,NA,NA,"<= day","daily",NA,NA,NA
"2023-04-22",5.735,FALSE,NA,NA,"<= day","daily",NA,NA,NA
"2023-04-23",5.561,FALSE,NA,NA,"<= day","daily",NA,NA,NA
"2023-04-24",5.401,FALSE,NA,NA,"<= day","daily",NA,NA,NA
"2023-04-25",5.325,FALSE,NA,NA,"<= day","daily",NA,NA,NA
"2023-04-26",5.798,FALSE,NA,NA,"<= day","daily",NA,NA,NA
"2023-04-27",5.909,FALSE,NA,NA,"<= day","daily",NA,NA,NA
"2023-04-28",6.189,FALSE,NA,NA,"<= day","daily",NA,NA,NA
"2023-04-29",7.495,FALSE,NA,NA,"<= day","daily",NA,NA,NA
"2023-04-30",7.032,FALSE,NA,NA,"<= day","daily",NA,NA,NA
"2023-05-01",6.93,FALSE,NA,NA,"<= day","daily",NA,NA,NA
"2023-05-02",6.928,FALSE,NA,NA,"<= day","daily",NA,NA,NA
"2023-05-03",6.725,FALSE,NA,NA,"<= day","daily",NA,NA,NA
"2023-05-04",6.571,FALSE,NA,NA,"<= day","daily",NA,NA,NA
"2023-05-05",6.376,FALSE,NA,NA,"<= day","daily",NA,NA,NA
"2023-05-06",6.207,FALSE,NA,NA,"<= day","daily",NA,NA,NA
"2023-05-07",6.007,FALSE,NA,NA,"<= day","daily",NA,NA,NA
"2023-05-08",5.828,FALSE,NA,NA,"<= day","daily",NA,NA,NA
"2023-05-09",5.852,FALSE,NA,NA,"<= day","daily",NA,NA,NA
"2023-05-10",8.042,FALSE,NA,NA,"<= day","daily",NA,NA,NA
"2023-05-11",8.197,FALSE,NA,NA,"<= day","daily",NA,NA,NA
"2023-05-12",8.241,FALSE,NA,NA,"<= day","daily",NA,NA,NA
"2023-05-13",8.04,FALSE,NA,NA,"<= day","daily",NA,NA,NA
"2023-05-14",7.852,FALSE,NA,NA,"<= day","daily",NA,NA,NA
"2023-05-15",8.366,FALSE,NA,NA,"<= day","daily",NA,NA,NA
"2023-05-16",11.442,FALSE,NA,NA,"<= day","daily",NA,NA,NA
"2023-05-17",11.566,FALSE,NA,NA,"<= day","daily",NA,NA,NA
"2023-05-18",11.649,FALSE,NA,NA,"<= day","daily",NA,NA,NA
"2023-05-19",11.428,FALSE,NA,NA,"<= day","daily",NA,NA,NA
"2023-05-20",11.016,FALSE,NA,NA,"<= day","daily",NA,NA,NA
"2023-05-21",10.497,FALSE,NA,NA,"<= day","daily",NA,NA,NA
"2023-05-22",9.932,FALSE,NA,NA,"<= day","daily",NA,NA,NA
"2023-05-23",9.432,FALSE,NA,NA,"<= day","daily",NA,NA,NA
"2023-05-24",9.022,FALSE,NA,NA,"<= day","daily",NA,NA,NA
"2023-05-25",8.601,FALSE,NA,NA,"<= day","daily",NA,NA,NA
"2023-05-26",8.178,FALSE,NA,NA,"<= day","daily",NA,NA,NA
"2023-05-27",7.62,FALSE,NA,NA,"<= day","daily",NA,NA,NA
"2023-05-28",7.077,FALSE,NA,NA,"<= day","daily",NA,NA,NA
"2023-05-29",6.43,FALSE,NA,NA,"<= day","daily",NA,NA,NA
"2023-05-30",5.924,FALSE,NA,NA,"<= day","daily",NA,NA,NA
"2023-05-31",5.573,FALSE,NA,NA,"<= day","daily",NA,NA,NA
"2023-06-01",5.715,FALSE,NA,NA,"<= day","daily",NA,NA,NA
"2023-06-02",5.998,FALSE,NA,NA,"<= day","daily",NA,NA,NA
"2023-06-03",5.62,FALSE,NA,NA,"<= day","daily",NA,NA,NA
"2023-06-04",5.278,FALSE,NA,NA,"<= day","daily",NA,NA,NA
"2023-06-05",4.979,FALSE,NA,NA,"<= day","daily",NA,NA,NA
"2023-06-06",4.686,FALSE,NA,NA,"<= day","daily",NA,NA,NA
"2023-06-07",4.303,FALSE,NA,NA,"<= day","daily",NA,NA,NA
"2023-06-08",4.084,FALSE,NA,NA,"<= day","daily",NA,NA,NA
"2023-06-09",3.945,FALSE,NA,NA,"<= day","daily",NA,NA,NA
"2023-06-10",3.805,FALSE,NA,NA,"<= day","daily",NA,NA,NA
"2023-06-11",3.666,FALSE,NA,NA,"<= day","daily",NA,NA,NA
"2023-06-12",3.507,FALSE,NA,NA,"<= day","daily",NA,NA,NA
"2023-06-13",3.388,FALSE,NA,NA,"<= day","daily",NA,NA,NA
"2023-06-14",3.278,FALSE,NA,NA,"<= day","daily",NA,NA,NA
"2023-06-15",3.171,FALSE,NA,NA,"<= day","daily",NA,NA,NA
"2023-06-16",3.089,FALSE,NA,NA,"<= day","daily",NA,NA,NA
"2023-06-17",3.017,FALSE,NA,NA,"<= day","daily",NA,NA,NA
"2023-06-18",2.949,FALSE,NA,NA,"<= day","daily",NA,NA,NA
"2023-06-19",2.892,FALSE,NA,NA,"<= day","daily",NA,NA,NA
"2023-06-20",3.024,FALSE,NA,NA,"<= day","daily",NA,NA,NA
"2023-06-21",3.409,FALSE,NA,NA,"<= day","daily",NA,NA,NA
"2023-06-22",3.439,FALSE,NA,NA,"<= day","daily",NA,NA,NA
"2023-06-23",3.323,FALSE,NA,NA,"<= day","daily",NA,NA,NA
"2023-06-24",3.117,FALSE,NA,NA,"<= day","daily",NA,NA,NA
"2023-06-25",2.99,FALSE,NA,NA,"<= day","daily",NA,NA,NA
"2023-06-26",2.891,FALSE,NA,NA,"<= day","daily",NA,NA,NA
"2023-06-27",2.803,FALSE,NA,NA,"<= day","daily",NA,NA,NA
"2023-06-28",2.737,FALSE,NA,NA,"<= day","daily",NA,NA,NA
"2023-06-29",2.685,FALSE,NA,NA,"<= day","daily",NA,NA,NA
"2023-06-30",2.676,FALSE,NA,NA,"<= day","daily",NA,NA,NA
"2023-07-01",2.64,FALSE,NA,NA,"<= day","daily",NA,NA,NA
"2023-07-02",2.593,FALSE,NA,NA,"<= day","daily",NA,NA,NA
"2023-07-03",2.543,FALSE,NA,NA,"<= day","daily",NA,NA,NA
"2023-07-04",2.503,FALSE,NA,NA,"<= day","daily",NA,NA,NA
"2023-07-05",2.505,FALSE,NA,NA,"<= day","daily",NA,NA,NA
"2023-07-06",2.458,FALSE,NA,NA,"<= day","daily",NA,NA,NA
"2023-07-07",2.43,FALSE,NA,NA,"<= day","daily",NA,NA,NA
"2023-07-08",2.826,FALSE,NA,NA,"<= day","daily",NA,NA,NA
"2023-07-09",2.678,FALSE,NA,NA,"<= day","daily",NA,NA,NA
"2023-07-10",2.496,FALSE,NA,NA,"<= day","daily",NA,NA,NA
"2023-07-11",2.423,FALSE,NA,NA,"<= day","daily",NA,NA,NA
"2023-07-12",2.411,FALSE,NA,NA,"<= day","daily",NA,NA,NA
"2023-07-13",2.347,FALSE,NA,NA,"<= day","daily",NA,NA,NA
"2023-07-14",2.303,FALSE,NA,NA,"<= day","daily",NA,NA,NA
"2023-07-15",2.294,FALSE,NA,NA,"<= day","daily",NA,NA,NA
"2023-07-16",2.318,FALSE,NA,NA,"<= day","daily",NA,NA,NA
"2023-07-17",2.27,FALSE,NA,NA,"<= day","daily",NA,NA,NA
"2023-07-18",2.255,FALSE,NA,NA,"<= day","daily",NA,NA,NA
"2023-07-19",2.234,FALSE,NA,NA,"<= day","daily",NA,NA,NA
"2023-07-20",2.212,FALSE,NA,NA,"<= day","daily",NA,NA,NA
"2023-07-21",2.206,FALSE,NA,NA,"<= day","daily",NA,NA,NA
"2023-07-22",2.202,FALSE,NA,NA,"<= day","daily",NA,NA,NA
"2023-07-23",2.203,FALSE,NA,NA,"<= day","daily",NA,NA,NA
"2023-07-24",2.3,FALSE,NA,NA,"<= day","daily",NA,NA,NA
"2023-07-25",2.338,FALSE,NA,NA,"<= day","daily",NA,NA,NA
"2023-07-26",2.394,FALSE,NA,NA,"<= day","daily",NA,NA,NA
"2023-07-27",2.313,FALSE,NA,NA,"<= day","daily",NA,NA,NA
"2023-07-28",2.191,FALSE,NA,NA,"<= day","daily",NA,NA,NA
"2023-07-29",2.132,FALSE,NA,NA,"<= day","daily",NA,NA,NA
"2023-07-30",2.104,FALSE,NA,NA,"<= day","daily",NA,NA,NA
"2023-07-31",2.048,FALSE,NA,NA,"<= day","daily",NA,NA,NA
"2023-08-01",2.06,FALSE,NA,NA,"<= day","daily",NA,NA,NA
"2023-08-02",2.055,FALSE,NA,NA,"<= day","daily",NA,NA,NA
"2023-08-03",2.022,FALSE,NA,NA,"<= day","daily",NA,NA,NA
"2023-08-04",1.968,FALSE,NA,NA,"<= day","daily",NA,NA,NA
"2023-08-05",1.943,FALSE,NA,NA,"<= day","daily",NA,NA,NA
"2023-08-06",1.958,FALSE,NA,NA,"<= day","daily",NA,NA,NA
"2023-08-07",1.962,FALSE,NA,NA,"<= day","daily",NA,NA,NA
"2023-08-08",1.927,FALSE,NA,NA,"<= day","daily",NA,NA,NA
"2023-08-09",1.866,FALSE,NA,NA,"<= day","daily",NA,NA,NA
"2023-08-10",1.838,FALSE,NA,NA,"<= day","daily",NA,NA,NA
"2023-08-11",1.801,FALSE,NA,NA,"<= day","daily",NA,NA,NA
"2023-08-12",1.786,FALSE,NA,NA,"<= day","daily",NA,NA,NA
"2023-08-13",1.776,FALSE,NA,NA,"<= day","daily",NA,NA,NA
"2023-08-14",1.765,FALSE,NA,NA,"<= day","daily",NA,NA,NA
"2023-08-15",1.758,FALSE,NA,NA,"<= day","daily",NA,NA,NA
"2023-08-16",1.751,FALSE,NA,NA,"<= day","daily",NA,NA,NA
"2023-08-17",1.743,FALSE,NA,NA,"<= day","daily",NA,NA,NA
"2023-08-18",1.73,FALSE,NA,NA,"<= day","daily",NA,NA,NA
"2023-08-19",1.736,FALSE,NA,NA,"<= day","daily",NA,NA,NA
"2023-08-20",1.746,FALSE,NA,NA,"<= day","daily",NA,NA,NA
"2023-08-21",1.747,FALSE,NA,NA,"<= day","daily",NA,NA,NA
"2023-08-22",1.741,FALSE,NA,NA,"<= day","daily",NA,NA,NA
"2023-08-23",1.742,FALSE,NA,NA,"<= day","daily",NA,NA,NA
"2023-08-24",1.939,FALSE,NA,NA,"<= day","daily",NA,NA,NA
"2023-08-25",2.222,FALSE,NA,NA,"<= day","daily",NA,NA,NA
"2023-08-26",2.488,FALSE,NA,NA,"<= day","daily",NA,NA,NA
"2023-08-27",2.962,FALSE,NA,NA,"<= day","daily",NA,NA,NA
"2023-08-28",2.602,FALSE,NA,NA,"<= day","daily",NA,NA,NA
"2023-08-29",3.007,FALSE,NA,NA,"<= day","daily",NA,NA,NA
"2023-08-30",2.76,FALSE,NA,NA,"<= day","daily",NA,NA,NA
"2023-08-31",2.48,FALSE,NA,NA,"<= day","daily",NA,NA,NA
"2023-09-01",2.34,FALSE,NA,NA,"<= day","daily",NA,NA,NA
"2023-09-02",2.236,FALSE,NA,NA,"<= day","daily",NA,NA,NA
"2023-09-03",2.171,FALSE,NA,NA,"<= day","daily",NA,NA,NA
"2023-09-04",2.131,FALSE,NA,NA,"<= day","daily",NA,NA,NA
"2023-09-05",2.077,FALSE,NA,NA,"<= day","daily",NA,NA,NA
"2023-09-06",2.027,FALSE,NA,NA,"<= day","daily",NA,NA,NA
"2023-09-07",2.01,FALSE,NA,NA,"<= day","daily",NA,NA,NA
"2023-09-08",1.991,FALSE,NA,NA,"<= day","daily",NA,NA,NA
"2023-09-09",1.958,FALSE,NA,NA,"<= day","daily",NA,NA,NA
"2023-09-10",1.934,FALSE,NA,NA,"<= day","daily",NA,NA,NA
"2023-09-11",1.919,FALSE,NA,NA,"<= day","daily",NA,NA,NA
"2023-09-12",1.921,FALSE,NA,NA,"<= day","daily",NA,NA,NA
"2023-09-13",1.927,FALSE,NA,NA,"<= day","daily",NA,NA,NA
"2023-09-14",1.897,FALSE,NA,NA,"<= day","daily",NA,NA,NA
"2023-09-15",1.868,FALSE,NA,NA,"<= day","daily",NA,NA,NA
"2023-09-16",1.878,FALSE,NA,NA,"<= day","daily",NA,NA,NA
"2023-09-17",1.889,FALSE,NA,NA,"<= day","daily",NA,NA,NA
"2023-09-18",1.963,FALSE,NA,NA,"<= day","daily",NA,NA,NA
"2023-09-19",1.926,FALSE,NA,NA,"<= day","daily",NA,NA,NA
"2023-09-20",1.9,FALSE,NA,NA,"<= day","daily",NA,NA,NA
"2023-09-21",1.913,FALSE,NA,NA,"<= day","daily",NA,NA,NA
"2023-09-22",2.136,FALSE,NA,NA,"<= day","daily",NA,NA,NA
"2023-09-23",2.323,FALSE,NA,NA,"<= day","daily",NA,NA,NA
"2023-09-24",2.119,FALSE,NA,NA,"<= day","daily",NA,NA,NA
"2023-09-25",2.047,FALSE,NA,NA,"<= day","daily",NA,NA,NA
"2023-09-26",2.006,FALSE,NA,NA,"<= day","daily",NA,NA,NA
"2023-09-27",1.981,FALSE,NA,NA,"<= day","daily",NA,NA,NA
"2023-09-28",1.976,FALSE,NA,NA,"<= day","daily",NA,NA,NA
"2023-09-29",1.976,FALSE,NA,NA,"<= day","daily",NA,NA,NA
"2023-09-30",1.974,FALSE,NA,NA,"<= day","daily",NA,NA,NA
"2023-10-01",1.974,FALSE,NA,NA,"<= day","daily",NA,NA,NA
"2023-10-02",2.205,FALSE,NA,NA,"<= day","daily",NA,NA,NA
"2023-10-03",2.317,FALSE,NA,NA,"<= day","daily",NA,NA,NA
"2023-10-04",2.278,FALSE,NA,NA,"<= day","daily",NA,NA,NA
"2023-10-05",2.263,FALSE,NA,NA,"<= day","daily",NA,NA,NA
"2023-10-06",2.234,FALSE,NA,NA,"<= day","daily",NA,NA,NA
"2023-10-07",2.2,FALSE,NA,NA,"<= day","daily",NA,NA,NA
"2023-10-08",2.16,FALSE,NA,NA,"<= day","daily",NA,NA,NA
"2023-10-09",2.156,FALSE,NA,NA,"<= day","daily",NA,NA,NA
"2023-10-10",2.141,FALSE,NA,NA,"<= day","daily",NA,NA,NA
"2023-10-11",2.119,FALSE,NA,NA,"<= day","daily",NA,NA,NA
"2023-10-12",2.096,FALSE,NA,NA,"<= day","daily",NA,NA,NA
"2023-10-13",2.076,FALSE,NA,NA,"<= day","daily",NA,NA,NA
"2023-10-14",2.075,FALSE,NA,NA,"<= day","daily",NA,NA,NA
"2023-10-15",2.059,FALSE,NA,NA,"<= day","daily",NA,NA,NA
"2023-10-16",2.056,FALSE,NA,NA,"<= day","daily",NA,NA,NA
"2023-10-17",2.053,FALSE,NA,NA,"<= day","daily",NA,NA,NA
"2023-10-18",2.052,FALSE,NA,NA,"<= day","daily",NA,NA,NA
"2023-10-19",2.053,FALSE,NA,NA,"<= day","daily",NA,NA,NA
"2023-10-20",2.145,FALSE,NA,NA,"<= day","daily",NA,NA,NA
"2023-10-21",2.09,FALSE,NA,NA,"<= day","daily",NA,NA,NA
"2023-10-22",2.056,FALSE,NA,NA,"<= day","daily",NA,NA,NA
"2023-10-23",2.053,FALSE,NA,NA,"<= day","daily",NA,NA,NA
"2023-10-24",2.99,FALSE,NA,NA,"<= day","daily",NA,NA,NA
"2023-10-25",3.361,FALSE,NA,NA,"<= day","daily",NA,NA,NA
"2023-10-26",4.07,FALSE,NA,NA,"<= day","daily",NA,NA,NA
"2023-10-27",6.924,FALSE,NA,NA,"<= day","daily",NA,NA,NA
"2023-10-28",6.083,FALSE,NA,NA,"<= day","daily",NA,NA,NA
"2023-10-29",4.458,FALSE,NA,NA,"<= day","daily",NA,NA,NA
"2023-10-30",3.841,FALSE,NA,NA,"<= day","daily",NA,NA,NA
"2023-10-31",5.477,FALSE,NA,NA,"<= day","daily",NA,NA,NA
"2023-11-01",5.043,FALSE,NA,NA,"<= day","daily",NA,NA,NA
"2023-11-02",5.546,FALSE,NA,NA,"<= day","daily",NA,NA,NA
"2023-11-03",6.081,FALSE,NA,NA,"<= day","daily",NA,NA,NA
"2023-11-04",4.932,FALSE,NA,NA,"<= day","daily",NA,NA,NA
"2023-11-05",5.493,FALSE,NA,NA,"<= day","daily",NA,NA,NA
"2023-11-06",5.537,FALSE,NA,NA,"<= day","daily",NA,NA,NA
"2023-11-07",5.277,FALSE,NA,NA,"<= day","daily",NA,NA,NA
"2023-11-08",4.477,FALSE,NA,NA,"<= day","daily",NA,NA,NA
"2023-11-09",4.056,FALSE,NA,NA,"<= day","daily",NA,NA,NA
"2023-11-10",4.983,FALSE,NA,NA,"<= day","daily",NA,NA,NA
"2023-11-11",5.184,FALSE,NA,NA,"<= day","daily",NA,NA,NA
"2023-11-12",6.381,FALSE,NA,NA,"<= day","daily",NA,NA,NA
"2023-11-13",8.982,FALSE,NA,NA,"<= day","daily",NA,NA,NA
"2023-11-14",13.564,FALSE,NA,NA,"<= day","daily",NA,NA,NA
"2023-11-15",16.012,FALSE,NA,NA,"<= day","daily",NA,NA,NA
"2023-11-16",12.053,FALSE,NA,NA,"<= day","daily",NA,NA,NA
"2023-11-17",9.116,FALSE,NA,NA,"<= day","daily",NA,NA,NA
"2023-11-18",7.54,FALSE,NA,NA,"<= day","daily",NA,NA,NA
"2023-11-19",9.253,FALSE,NA,NA,"<= day","daily",NA,NA,NA
"2023-11-20",9.581,FALSE,NA,NA,"<= day","daily",NA,NA,NA
"2023-11-21",8.604,FALSE,NA,NA,"<= day","daily",NA,NA,NA
"2023-11-22",7.607,FALSE,NA,NA,"<= day","daily",NA,NA,NA
"2023-11-23",6.964,FALSE,NA,NA,"<= day","daily",NA,NA,NA
"2023-11-24",6.512,FALSE,NA,NA,"<= day","daily",NA,NA,NA
"2023-11-25",6.336,FALSE,NA,NA,"<= day","daily",NA,NA,NA
"2023-11-26",6.235,FALSE,NA,NA,"<= day","daily",NA,NA,NA
"2023-11-27",5.978,FALSE,NA,NA,"<= day","daily",NA,NA,NA
"2023-11-28",8.148,FALSE,NA,NA,"<= day","daily",NA,NA,NA
"2023-11-29",8.063,FALSE,NA,NA,"<= day","daily",NA,NA,NA
"2023-11-30",7.653,FALSE,NA,NA,"<= day","daily",NA,NA,NA
"2023-12-01",14.943,FALSE,NA,NA,"<= day","daily",NA,NA,NA
"2023-12-02",20.323,FALSE,NA,NA,"<= day","daily",NA,NA,NA
"2023-12-03",16.303,FALSE,NA,NA,"<= day","daily",NA,NA,NA
"2023-12-04",12.924,FALSE,NA,NA,"<= day","daily",NA,NA,NA
"2023-12-05",11.396,FALSE,NA,NA,"<= day","daily",NA,NA,NA
"2023-12-06",15.265,FALSE,NA,NA,"<= day","daily",NA,NA,NA
"2023-12-07",16.931,FALSE,NA,NA,"<= day","daily",NA,NA,NA
"2023-12-08",15.692,FALSE,NA,NA,"<= day","daily",NA,NA,NA
"2023-12-09",15.074,FALSE,NA,NA,"<= day","daily",NA,NA,NA
"2023-12-10",16.211,FALSE,NA,NA,"<= day","daily",NA,NA,NA
"2023-12-11",16.627,FALSE,NA,NA,"<= day","daily",NA,NA,NA
"2023-12-12",17.648,FALSE,NA,NA,"<= day","daily",NA,NA,NA
"2023-12-13",18.392,FALSE,NA,NA,"<= day","daily",NA,NA,NA
"2023-12-14",17.91,FALSE,NA,NA,"<= day","daily",NA,NA,NA
"2023-12-15",17.419,FALSE,NA,NA,"<= day","daily",NA,NA,NA
"2023-12-16",16.997,FALSE,NA,NA,"<= day","daily",NA,NA,NA
"2023-12-17",16.686,FALSE,NA,NA,"<= day","daily",NA,NA,NA
"2023-12-18",16.565,FALSE,NA,NA,"<= day","daily",NA,NA,NA
"2023-12-19",16.656,FALSE,NA,NA,"<= day","daily",NA,NA,NA
"2023-12-20",16.517,FALSE,NA,NA,"<= day","daily",NA,NA,NA
"2023-12-21",17.949,FALSE,NA,NA,"<= day","daily",NA,NA,NA
"2023-12-22",18.659,FALSE,NA,NA,"<= day","daily",NA,NA,NA
"2023-12-23",17.755,FALSE,NA,NA,"<= day","daily",NA,NA,NA
"2023-12-24",17.028,FALSE,NA,NA,"<= day","daily",NA,NA,NA
"2023-12-25",17.487,FALSE,NA,NA,"<= day","daily",NA,NA,NA
"2023-12-26",17.027,FALSE,NA,NA,"<= day","daily",NA,NA,NA
"2023-12-27",16.66,FALSE,NA,NA,"<= day","daily",NA,NA,NA
"2023-12-28",16.231,FALSE,NA,NA,"<= day","daily",NA,NA,NA
"2023-12-29",15.841,FALSE,NA,NA,"<= day","daily",NA,NA,NA
"2023-12-30",15.505,FALSE,NA,NA,"<= day","daily",NA,NA,NA
"2023-12-31",15.168,FALSE,NA,NA,"<= day","daily",NA,NA,NA
"2024-01-01",14.708,FALSE,NA,NA,"<= day","daily",NA,NA,NA
"2024-01-02",14.086,FALSE,NA,NA,"<= day","daily",NA,NA,NA
"2024-01-03",14.322,FALSE,NA,NA,"<= day","daily",NA,NA,NA
"2024-01-04",14.189,FALSE,NA,NA,"<= day","daily",NA,NA,NA
"2024-01-05",13.72,FALSE,NA,NA,"<= day","daily",NA,NA,NA
"2024-01-06",12.834,FALSE,NA,NA,"<= day","daily",NA,NA,NA
"2024-01-07",12.417,FALSE,NA,NA,"<= day","daily",NA,NA,NA
"2024-01-08",12.08,FALSE,NA,NA,"<= day","daily",NA,NA,NA
"2024-01-09",11.788,FALSE,NA,NA,"<= day","daily",NA,NA,NA
"2024-01-10",11.313,FALSE,NA,NA,"<= day","daily",NA,NA,NA
"2024-01-11",10.582,FALSE,NA,NA,"<= day","daily",NA,NA,NA
"2024-01-12",9.938,FALSE,NA,NA,"<= day","daily",NA,NA,NA
"2024-01-13",9.367,FALSE,NA,NA,"<= day","daily",NA,NA,NA
"2024-01-14",8.988,FALSE,NA,NA,"<= day","daily",NA,NA,NA
"2024-01-15",8.545,FALSE,NA,NA,"<= day","daily",NA,NA,NA
"2024-01-16",8.081,FALSE,NA,NA,"<= day","daily",NA,NA,NA
"2024-01-17",8.917,FALSE,NA,NA,"<= day","daily",NA,NA,NA
"2024-01-18",12.251,FALSE,NA,NA,"<= day","daily",NA,NA,NA
"2024-01-19",12.858,FALSE,NA,NA,"<= day","daily",NA,NA,NA
"2024-01-20",12.871,FALSE,NA,NA,"<= day","daily",NA,NA,NA
"2024-01-21",13.197,FALSE,NA,NA,"<= day","daily",NA,NA,NA
"2024-01-22",13.612,FALSE,NA,NA,"<= day","daily",NA,NA,NA
"2024-01-23",14.95,FALSE,NA,NA,"<= day","daily",NA,NA,NA
"2024-01-24",15.605,FALSE,NA,NA,"<= day","daily",NA,NA,NA
"2024-01-25",15.498,FALSE,NA,NA,"<= day","daily",NA,NA,NA
"2024-01-26",14.841,FALSE,NA,NA,"<= day","daily",NA,NA,NA
"2024-01-27",15.256,FALSE,NA,NA,"<= day","daily",NA,NA,NA
"2024-01-28",15.589,FALSE,NA,NA,"<= day","daily",NA,NA,NA
"2024-01-29",15.741,FALSE,NA,NA,"<= day","daily",NA,NA,NA
"2024-01-30",15.34,FALSE,NA,NA,"<= day","daily",NA,NA,NA
"2024-01-31",14.682,FALSE,NA,NA,"<= day","daily",NA,NA,NA
"2024-02-01",14.321,FALSE,NA,NA,"<= day","daily",NA,NA,NA
"2024-02-02",13.852,FALSE,NA,NA,"<= day","daily",NA,NA,NA
"2024-02-03",13.391,FALSE,NA,NA,"<= day","daily",NA,NA,NA
"2024-02-04",12.918,FALSE,NA,NA,"<= day","daily",NA,NA,NA
"2024-02-05",12.505,FALSE,NA,NA,"<= day","daily",NA,NA,NA
"2024-02-06",12.287,FALSE,NA,NA,"<= day","daily",NA,NA,NA
"2024-02-07",12.056,FALSE,NA,NA,"<= day","daily",NA,NA,NA
"2024-02-08",11.846,FALSE,NA,NA,"<= day","daily",NA,NA,NA
"2024-02-09",11.685,FALSE,NA,NA,"<= day","daily",NA,NA,NA
"2024-02-10",11.498,FALSE,NA,NA,"<= day","daily",NA,NA,NA
"2024-02-11",11.22,FALSE,NA,NA,"<= day","daily",NA,NA,NA
"2024-02-12",11.02,FALSE,NA,NA,"<= day","daily",NA,NA,NA
"2024-02-13",10.754,FALSE,NA,NA,"<= day","daily",NA,NA,NA
"2024-02-14",10.493,FALSE,NA,NA,"<= day","daily",NA,NA,NA
"2024-02-15",10.347,FALSE,NA,NA,"<= day","daily",NA,NA,NA
"2024-02-16",9.745,FALSE,NA,NA,"<= day","daily",NA,NA,NA
"2024-02-17",9.38,FALSE,NA,NA,"<= day","daily",NA,NA,NA
"2024-02-18",9.23,FALSE,NA,NA,"<= day","daily",NA,NA,NA
"2024-02-19",9.318,FALSE,NA,NA,"<= day","daily",NA,NA,NA
"2024-02-20",9.715,FALSE,NA,NA,"<= day","daily",NA,NA,NA
"2024-02-21",10.224,FALSE,NA,NA,"<= day","daily",NA,NA,NA
"2024-02-22",10.987,FALSE,NA,NA,"<= day","daily",NA,NA,NA
"2024-02-23",11.452,FALSE,NA,NA,"<= day","daily",NA,NA,NA
"2024-02-24",11.307,FALSE,NA,NA,"<= day","daily",NA,NA,NA
"2024-02-25",11.287,FALSE,NA,NA,"<= day","daily",NA,NA,NA
"2024-02-26",11.677,FALSE,NA,NA,"<= day","daily",NA,NA,NA
"2024-02-27",11.825,FALSE,NA,NA,"<= day","daily",NA,NA,NA
"2024-02-28",11.818,FALSE,NA,NA,"<= day","daily",NA,NA,NA
"2024-02-29",11.943,FALSE,NA,NA,"<= day","daily",NA,NA,NA
"2024-03-01",12.004,FALSE,NA,NA,"<= day","daily",NA,NA,NA
"2024-03-02",12.006,FALSE,NA,NA,"<= day","daily",NA,NA,NA
"2024-03-03",12.046,FALSE,NA,NA,"<= day","daily",NA,NA,NA
"2024-03-04",11.811,FALSE,NA,NA,"<= day","daily",NA,NA,NA
"2024-03-05",11.59,FALSE,NA,NA,"<= day","daily",NA,NA,NA
"2024-03-06",11.3,FALSE,NA,NA,"<= day","daily",NA,NA,NA
"2024-03-07",11.234,FALSE,NA,NA,"<= day","daily",NA,NA,NA
"2024-03-08",11.047,FALSE,NA,NA,"<= day","daily",NA,NA,NA
"2024-03-09",10.413,FALSE,NA,NA,"<= day","daily",NA,NA,NA
"2024-03-10",9.975,FALSE,NA,NA,"<= day","daily",NA,NA,NA
"2024-03-11",9.752,FALSE,NA,NA,"<= day","daily",NA,NA,NA
"2024-03-12",9.34,FALSE,NA,NA,"<= day","daily",NA,NA,NA
"2024-03-13",11.272,FALSE,NA,NA,"<= day","daily",NA,NA,NA
"2024-03-14",12.379,FALSE,NA,NA,"<= day","daily",NA,NA,NA
"2024-03-15",12.056,FALSE,NA,NA,"<= day","daily",NA,NA,NA
"2024-03-16",12.298,FALSE,NA,NA,"<= day","daily",NA,NA,NA
"2024-03-17",12.515,FALSE,NA,NA,"<= day","daily",NA,NA,NA
"2024-03-18",13.074,FALSE,NA,NA,"<= day","daily",NA,NA,NA
"2024-03-19",14.056,FALSE,NA,NA,"<= day","daily",NA,NA,NA
"2024-03-20",14.846,FALSE,NA,NA,"<= day","daily",NA,NA,NA
"2024-03-21",15.821,FALSE,NA,NA,"<= day","daily",NA,NA,NA
"2024-03-22",17.573,FALSE,NA,NA,"<= day","daily",NA,NA,NA
"2024-03-23",17.824,FALSE,NA,NA,"<= day","daily",NA,NA,NA
"2024-03-24",17.765,FALSE,NA,NA,"<= day","daily",NA,NA,NA
"2024-03-25",17.706,FALSE,NA,NA,"<= day","daily",NA,NA,NA
"2024-03-26",17.45,FALSE,NA,NA,"<= day","daily",NA,NA,NA
"2024-03-27",17.111,FALSE,NA,NA,"<= day","daily",NA,NA,NA
"2024-03-28",16.789,FALSE,NA,NA,"<= day","daily",NA,NA,NA
"2024-03-29",16.809,FALSE,NA,NA,"<= day","daily",NA,NA,NA
"2024-03-30",16.434,FALSE,NA,NA,"<= day","daily",NA,NA,NA
"2024-03-31",16.283,FALSE,NA,NA,"<= day","daily",NA,NA,NA
"2024-04-01",16.078,FALSE,NA,NA,"<= day","daily",NA,NA,NA
"2024-04-02",16.226,FALSE,NA,NA,"<= day","daily",NA,NA,NA
"2024-04-03",16.926,FALSE,NA,NA,"<= day","daily",NA,NA,NA
"2024-04-04",16.965,FALSE,NA,NA,"<= day","daily",NA,NA,NA
"2024-04-05",16.664,FALSE,NA,NA,"<= day","daily",NA,NA,NA
"2024-04-06",16.319,FALSE,NA,NA,"<= day","daily",NA,NA,NA
"2024-04-07",15.793,FALSE,NA,NA,"<= day","daily",NA,NA,NA
"2024-04-08",15.239,FALSE,NA,NA,"<= day","daily",NA,NA,NA
"2024-04-09",13.104,FALSE,NA,NA,"<= day","daily",NA,NA,NA
"2024-04-10",12.181,FALSE,NA,NA,"<= day","daily",NA,NA,NA
"2024-04-11",11.701,FALSE,NA,NA,"<= day","daily",NA,NA,NA
"2024-04-12",11.244,FALSE,NA,NA,"<= day","daily",NA,NA,NA
"2024-04-13",10.828,FALSE,NA,NA,"<= day","daily",NA,NA,NA
"2024-04-14",10.516,FALSE,NA,NA,"<= day","daily",NA,NA,NA
"2024-04-15",10.152,FALSE,NA,NA,"<= day","daily",NA,NA,NA
"2024-04-16",9.701,FALSE,NA,NA,"<= day","daily",NA,NA,NA
"2024-04-17",9.382,FALSE,NA,NA,"<= day","daily",NA,NA,NA
"2024-04-18",9.073,FALSE,NA,NA,"<= day","daily",NA,NA,NA
"2024-04-19",8.684,FALSE,NA,NA,"<= day","daily",NA,NA,NA
"2024-04-20",8.681,FALSE,NA,NA,"<= day","daily",NA,NA,NA
"2024-04-21",8.349,FALSE,NA,NA,"<= day","daily",NA,NA,NA
"2024-04-22",8.192,FALSE,NA,NA,"<= day","daily",NA,NA,NA
"2024-04-23",8.013,FALSE,NA,NA,"<= day","daily",NA,NA,NA
"2024-04-24",7.816,FALSE,NA,NA,"<= day","daily",NA,NA,NA
"2024-04-25",8.204,FALSE,NA,NA,"<= day","daily",NA,NA,NA
"2024-04-26",8.428,FALSE,NA,NA,"<= day","daily",NA,NA,NA
"2024-04-27",8.004,FALSE,NA,NA,"<= day","daily",NA,NA,NA
"2024-04-28",7.549,FALSE,NA,NA,"<= day","daily",NA,NA,NA
"2024-04-29",7.186,FALSE,NA,NA,"<= day","daily",NA,NA,NA
"2024-04-30",6.943,FALSE,NA,NA,"<= day","daily",NA,NA,NA
"2024-05-01",6.758,FALSE,NA,NA,"<= day","daily",NA,NA,NA
"2024-05-02",6.583,FALSE,NA,NA,"<= day","daily",NA,NA,NA
"2024-05-03",6.238,FALSE,NA,NA,"<= day","daily",NA,NA,NA
"2024-05-04",5.991,FALSE,NA,NA,"<= day","daily",NA,NA,NA
"2024-05-05",5.817,FALSE,NA,NA,"<= day","daily",NA,NA,NA
"2024-05-06",7.605,FALSE,NA,NA,"<= day","daily",NA,NA,NA
"2024-05-07",9.134,FALSE,NA,NA,"<= day","daily",NA,NA,NA
"2024-05-08",9.37,FALSE,NA,NA,"<= day","daily",NA,NA,NA
"2024-05-09",9.212,FALSE,NA,NA,"<= day","daily",NA,NA,NA
"2024-05-10",9.17,FALSE,NA,NA,"<= day","daily",NA,NA,NA
"2024-05-11",9.051,FALSE,NA,NA,"<= day","daily",NA,NA,NA
"2024-05-12",8.868,FALSE,NA,NA,"<= day","daily",NA,NA,NA
"2024-05-13",8.687,FALSE,NA,NA,"<= day","daily",NA,NA,NA
"2024-05-14",8.502,FALSE,NA,NA,"<= day","daily",NA,NA,NA
"2024-05-15",8.158,FALSE,NA,NA,"<= day","daily",NA,NA,NA
"2024-05-16",7.824,FALSE,NA,NA,"<= day","daily",NA,NA,NA
"2024-05-17",9.673,FALSE,NA,NA,"<= day","daily",NA,NA,NA
"2024-05-18",9.821,FALSE,NA,NA,"<= day","daily",NA,NA,NA
"2024-05-19",9.266,FALSE,NA,NA,"<= day","daily",NA,NA,NA
"2024-05-20",9.048,FALSE,NA,NA,"<= day","daily",NA,NA,NA
"2024-05-21",10.254,FALSE,NA,NA,"<= day","daily",NA,NA,NA
"2024-05-22",12.66,FALSE,NA,NA,"<= day","daily",NA,NA,NA
"2024-05-23",14.013,FALSE,NA,NA,"<= day","daily",NA,NA,NA
"2024-05-24",14.417,FALSE,NA,NA,"<= day","daily",NA,NA,NA
"2024-05-25",14.137,FALSE,NA,NA,"<= day","daily",NA,NA,NA
"2024-05-26",13.667,FALSE,NA,NA,"<= day","daily",NA,NA,NA
"2024-05-27",13.254,FALSE,NA,NA,"<= day","daily",NA,NA,NA
"2024-05-28",13.029,FALSE,NA,NA,"<= day","daily",NA,NA,NA
"2024-05-29",12.677,FALSE,NA,NA,"<= day","daily",NA,NA,NA
"2024-05-30",13.507,FALSE,NA,NA,"<= day","daily",NA,NA,NA
"2024-05-31",14.051,FALSE,NA,NA,"<= day","daily",NA,NA,NA
"2024-06-01",13.894,FALSE,NA,NA,"<= day","daily",NA,NA,NA
"2024-06-02",14.15,FALSE,NA,NA,"<= day","daily",NA,NA,NA
"2024-06-03",15.204,FALSE,NA,NA,"<= day","daily",NA,NA,NA
"2024-06-04",15.811,FALSE,NA,NA,"<= day","daily",NA,NA,NA
"2024-06-05",16.045,FALSE,NA,NA,"<= day","daily",NA,NA,NA
"2024-06-06",15.851,FALSE,NA,NA,"<= day","daily",NA,NA,NA
"2024-06-07",15.504,FALSE,NA,NA,"<= day","daily",NA,NA,NA
"2024-06-08",15.179,FALSE,NA,NA,"<= day","daily",NA,NA,NA
"2024-06-09",15.504,FALSE,NA,NA,"<= day","daily",NA,NA,NA
"2024-06-10",15.337,FALSE,NA,NA,"<= day","daily",NA,NA,NA
"2024-06-11",14.631,FALSE,NA,NA,"<= day","daily",NA,NA,NA
"2024-06-12",13.97,FALSE,NA,NA,"<= day","daily",NA,NA,NA
"2024-06-13",13.474,FALSE,NA,NA,"<= day","daily",NA,NA,NA
"2024-06-14",13.044,FALSE,NA,NA,"<= day","daily",NA,NA,NA
"2024-06-15",13.158,FALSE,NA,NA,"<= day","daily",NA,NA,NA
"2024-06-16",12.664,FALSE,NA,NA,"<= day","daily",NA,NA,NA
"2024-06-17",11.98,FALSE,NA,NA,"<= day","daily",NA,NA,NA
"2024-06-18",11.351,FALSE,NA,NA,"<= day","daily",NA,NA,NA
"2024-06-19",10.594,FALSE,NA,NA,"<= day","daily",NA,NA,NA
"2024-06-20",9.807,FALSE,NA,NA,"<= day","daily",NA,NA,NA
"2024-06-21",9.557,FALSE,NA,NA,"<= day","daily",NA,NA,NA
"2024-06-22",10.257,FALSE,NA,NA,"<= day","daily",NA,NA,NA
"2024-06-23",10.665,FALSE,NA,NA,"<= day","daily",NA,NA,NA
"2024-06-24",9.925,FALSE,NA,NA,"<= day","daily",NA,NA,NA
"2024-06-25",9.79,FALSE,NA,NA,"<= day","daily",NA,NA,NA
"2024-06-26",11.046,FALSE,NA,NA,"<= day","daily",NA,NA,NA
"2024-06-27",11.212,FALSE,NA,NA,"<= day","daily",NA,NA,NA
"2024-06-28",11.215,FALSE,NA,NA,"<= day","daily",NA,NA,NA
"2024-06-29",10.54,FALSE,NA,NA,"<= day","daily",NA,NA,NA
"2024-06-30",9.862,FALSE,NA,NA,"<= day","daily",NA,NA,NA
"2024-07-01",9.24,FALSE,NA,NA,"<= day","daily",NA,NA,NA
"2024-07-02",8.775,FALSE,NA,NA,"<= day","daily",NA,NA,NA
"2024-07-03",9.014,FALSE,NA,NA,"<= day","daily",NA,NA,NA
"2024-07-04",9.36,FALSE,NA,NA,"<= day","daily",NA,NA,NA
"2024-07-05",8.616,FALSE,NA,NA,"<= day","daily",NA,NA,NA
"2024-07-06",9.659,FALSE,NA,NA,"<= day","daily",NA,NA,NA
"2024-07-07",14.364,FALSE,NA,NA,"<= day","daily",NA,NA,NA
"2024-07-08",12.747,FALSE,NA,NA,"<= day","daily",NA,NA,NA
"2024-07-09",11.876,FALSE,NA,NA,"<= day","daily",NA,NA,NA
"2024-07-30",2.44,FALSE,NA,NA,"<= day","daily",NA,NA,NA
"2024-07-31",2.368,FALSE,NA,NA,"<= day","daily",NA,NA,NA
"2024-08-01",2.318,FALSE,NA,NA,"<= day","daily",NA,NA,NA
"2024-08-02",2.27,FALSE,NA,NA,"<= day","daily",NA,NA,NA
"2024-08-03",2.212,FALSE,NA,NA,"<= day","daily",NA,NA,NA
"2024-08-04",2.153,FALSE,NA,NA,"<= day","daily",NA,NA,NA
"2024-08-05",2.117,FALSE,NA,NA,"<= day","daily",NA,NA,NA
"2024-08-06",2.069,FALSE,NA,NA,"<= day","daily",NA,NA,NA
"2024-08-07",2.064,FALSE,NA,NA,"<= day","daily",NA,NA,NA
"2024-08-08",2.012,FALSE,NA,NA,"<= day","daily",NA,NA,NA
"2024-08-09",1.959,FALSE,NA,NA,"<= day","daily",NA,NA,NA
"2024-08-10",1.918,FALSE,NA,NA,"<= day","daily",NA,NA,NA
"2024-08-11",1.9,FALSE,NA,NA,"<= day","daily",NA,NA,NA
"2024-08-12",1.874,FALSE,NA,NA,"<= day","daily",NA,NA,NA
"2024-08-13",1.842,FALSE,NA,NA,"<= day","daily",NA,NA,NA
"2024-08-14",1.799,FALSE,NA,NA,"<= day","daily",NA,NA,NA
"2024-08-15",1.771,FALSE,NA,NA,"<= day","daily",NA,NA,NA
"2024-08-16",1.744,FALSE,NA,NA,"<= day","daily",NA,NA,NA
"2024-08-17",1.753,FALSE,NA,NA,"<= day","daily",NA,NA,NA
"2024-08-18",1.775,FALSE,NA,NA,"<= day","daily",NA,NA,NA
"2024-08-19",1.778,FALSE,NA,NA,"<= day","daily",NA,NA,NA
"2024-08-20",1.719,FALSE,NA,NA,"<= day","daily",NA,NA,NA
"2024-08-21",1.821,FALSE,NA,NA,"<= day","daily",NA,NA,NA
"2024-08-22",1.934,FALSE,NA,NA,"<= day","daily",NA,NA,NA
"2024-08-23",1.858,FALSE,NA,NA,"<= day","daily",NA,NA,NA
"2024-08-24",1.794,FALSE,NA,NA,"<= day","daily",NA,NA,NA
"2024-08-25",1.754,FALSE,NA,NA,"<= day","daily",NA,NA,NA
"2024-08-26",1.688,FALSE,NA,NA,"<= day","daily",NA,NA,NA
"2024-08-27",1.644,FALSE,NA,NA,"<= day","daily",NA,NA,NA
"2024-08-28",1.6,FALSE,NA,NA,"<= day","daily",NA,NA,NA
"2024-08-29",1.558,FALSE,NA,NA,"<= day","daily",NA,NA,NA
"2024-08-30",1.522,FALSE,NA,NA,"<= day","daily",NA,NA,NA
"2024-08-31",1.488,FALSE,NA,NA,"<= day","daily",NA,NA,NA
"2024-09-01",1.458,FALSE,NA,NA,"<= day","daily",NA,NA,NA
"2024-09-02",1.441,FALSE,NA,NA,"<= day","daily",NA,NA,NA
"2024-09-03",1.409,FALSE,NA,NA,"<= day","daily",NA,NA,NA
"2024-09-04",1.403,FALSE,NA,NA,"<= day","daily",NA,NA,NA
"2024-09-05",1.398,FALSE,NA,NA,"<= day","daily",NA,NA,NA
"2024-09-06",1.387,FALSE,NA,NA,"<= day","daily",NA,NA,NA
"2024-09-07",1.353,FALSE,NA,NA,"<= day","daily",NA,NA,NA
"2024-09-08",1.344,FALSE,NA,NA,"<= day","daily",NA,NA,NA
"2024-09-09",1.45,FALSE,NA,NA,"<= day","daily",NA,NA,NA
"2024-09-10",1.555,FALSE,NA,NA,"<= day","daily",NA,NA,NA
"2024-09-11",1.555,FALSE,NA,NA,"<= day","daily",NA,NA,NA
"2024-09-12",1.712,FALSE,NA,NA,"<= day","daily",NA,NA,NA
"2024-09-13",1.519,FALSE,NA,NA,"<= day","daily",NA,NA,NA
"2024-09-14",1.427,FALSE,NA,NA,"<= day","daily",NA,NA,NA
"2024-09-15",1.405,FALSE,NA,NA,"<= day","daily",NA,NA,NA
"2024-09-16",1.385,FALSE,NA,NA,"<= day","daily",NA,NA,NA
"2024-09-17",1.369,FALSE,NA,NA,"<= day","daily",NA,NA,NA
"2024-09-18",1.336,FALSE,NA,NA,"<= day","daily",NA,NA,NA
"2024-09-19",1.311,FALSE,NA,NA,"<= day","daily",NA,NA,NA
"2024-09-20",1.29,FALSE,NA,NA,"<= day","daily",NA,NA,NA
"2024-09-21",1.276,FALSE,NA,NA,"<= day","daily",NA,NA,NA
"2024-09-22",1.266,FALSE,NA,NA,"<= day","daily",NA,NA,NA
"2024-09-23",1.442,FALSE,NA,NA,"<= day","daily",NA,NA,NA
"2024-09-24",1.717,FALSE,NA,NA,"<= day","daily",NA,NA,NA
"2024-09-25",1.696,FALSE,NA,NA,"<= day","daily",NA,NA,NA
"2024-09-26",2.512,FALSE,NA,NA,"<= day","daily",NA,NA,NA
"2024-09-27",2.725,FALSE,NA,NA,"<= day","daily",NA,NA,NA
"2024-09-28",2.343,FALSE,NA,NA,"<= day","daily",NA,NA,NA
"2024-09-29",2.291,FALSE,NA,NA,"<= day","daily",NA,NA,NA
"2024-09-30",2.141,FALSE,NA,NA,"<= day","daily",NA,NA,NA
"2024-10-01",2.417,FALSE,NA,NA,"<= day","daily",NA,NA,NA
"2024-10-02",6.46,FALSE,NA,NA,"<= day","daily",NA,NA,NA
"2024-10-03",4.378,FALSE,NA,NA,"<= day","daily",NA,NA,NA
"2024-10-04",3.283,FALSE,NA,NA,"<= day","daily",NA,NA,NA
"2024-10-05",2.822,FALSE,NA,NA,"<= day","daily",NA,NA,NA
"2024-10-06",2.559,FALSE,NA,NA,"<= day","daily",NA,NA,NA
"2024-10-07",2.368,FALSE,NA,NA,"<= day","daily",NA,NA,NA
"2024-10-08",2.446,FALSE,NA,NA,"<= day","daily",NA,NA,NA
"2024-10-09",2.541,FALSE,NA,NA,"<= day","daily",NA,NA,NA
"2024-10-10",2.252,FALSE,NA,NA,"<= day","daily",NA,NA,NA
"2024-10-11",2.106,FALSE,NA,NA,"<= day","daily",NA,NA,NA
"2024-10-12",2.066,FALSE,NA,NA,"<= day","daily",NA,NA,NA
"2024-10-13",2.508,FALSE,NA,NA,"<= day","daily",NA,NA,NA
"2024-10-14",2.336,FALSE,NA,NA,"<= day","daily",NA,NA,NA
"2024-10-15",2.223,FALSE,NA,NA,"<= day","daily",NA,NA,NA
"2024-10-16",2.222,FALSE,NA,NA,"<= day","daily",NA,NA,NA
"2024-10-17",2.133,FALSE,NA,NA,"<= day","daily",NA,NA,NA
"2024-10-18",2.041,FALSE,NA,NA,"<= day","daily",NA,NA,NA
"2024-10-19",1.956,FALSE,NA,NA,"<= day","daily",NA,NA,NA
"2024-10-20",1.877,FALSE,NA,NA,"<= day","daily",NA,NA,NA
"2024-10-21",1.822,FALSE,NA,NA,"<= day","daily",NA,NA,NA
"2024-10-22",2.227,FALSE,NA,NA,"<= day","daily",NA,NA,NA
"2024-10-23",2.461,FALSE,NA,NA,"<= day","daily",NA,NA,NA
"2024-10-24",2.408,FALSE,NA,NA,"<= day","daily",NA,NA,NA
"2024-10-25",2.367,FALSE,NA,NA,"<= day","daily",NA,NA,NA
"2024-10-26",2.308,FALSE,NA,NA,"<= day","daily",NA,NA,NA
"2024-10-27",2.241,FALSE,NA,NA,"<= day","daily",NA,NA,NA
"2024-10-28",2.173,FALSE,NA,NA,"<= day","daily",NA,NA,NA
"2024-10-29",2.131,FALSE,NA,NA,"<= day","daily",NA,NA,NA
"2024-10-30",2.09,FALSE,NA,NA,"<= day","daily",NA,NA,NA
"2024-10-31",2.044,FALSE,NA,NA,"<= day","daily",NA,NA,NA
"2024-11-01",2.016,FALSE,NA,NA,"<= day","daily",NA,NA,NA
"2024-11-02",1.977,FALSE,NA,NA,"<= day","daily",NA,NA,NA
"2024-11-03",1.935,FALSE,NA,NA,"<= day","daily",NA,NA,NA
"2024-11-04",1.903,FALSE,NA,NA,"<= day","daily",NA,NA,NA
"2024-11-05",1.88,FALSE,NA,NA,"<= day","daily",NA,NA,NA
"2024-11-06",1.848,FALSE,NA,NA,"<= day","daily",NA,NA,NA
"2024-11-07",1.829,FALSE,NA,NA,"<= day","daily",NA,NA,NA
"2024-11-08",1.813,FALSE,NA,NA,"<= day","daily",NA,NA,NA
"2024-11-09",1.782,FALSE,NA,NA,"<= day","daily",NA,NA,NA
"2024-11-10",1.763,FALSE,NA,NA,"<= day","daily",NA,NA,NA
"2024-11-11",1.748,FALSE,NA,NA,"<= day","daily",NA,NA,NA
"2024-11-12",1.761,FALSE,NA,NA,"<= day","daily",NA,NA,NA
"2024-11-13",1.725,FALSE,NA,NA,"<= day","daily",NA,NA,NA
"2024-11-14",1.699,FALSE,NA,NA,"<= day","daily",NA,NA,NA
"2024-11-15",1.68,FALSE,NA,NA,"<= day","daily",NA,NA,NA
"2024-11-16",1.657,FALSE,NA,NA,"<= day","daily",NA,NA,NA
"2024-11-17",1.647,FALSE,NA,NA,"<= day","daily",NA,NA,NA
"2024-11-18",1.631,FALSE,NA,NA,"<= day","daily",NA,NA,NA
"2024-11-19",1.591,FALSE,NA,NA,"<= day","daily",NA,NA,NA
"2024-11-20",2.095,FALSE,NA,NA,"<= day","daily",NA,NA,NA
"2024-11-21",1.869,FALSE,NA,NA,"<= day","daily",NA,NA,NA
"2024-11-22",1.711,FALSE,NA,NA,"<= day","daily",NA,NA,NA
"2024-11-23",1.78,FALSE,NA,NA,"<= day","daily",NA,NA,NA
"2024-11-24",2.303,FALSE,NA,NA,"<= day","daily",NA,NA,NA
"2024-11-25",3.644,FALSE,NA,NA,"<= day","daily",NA,NA,NA
"2024-11-26",6.426,FALSE,NA,NA,"<= day","daily",NA,NA,NA
"2024-11-27",5.543,FALSE,NA,NA,"<= day","daily",NA,NA,NA
"2024-11-28",4.643,FALSE,NA,NA,"<= day","daily",NA,NA,NA
"2024-11-29",4.363,FALSE,NA,NA,"<= day","daily",NA,NA,NA
"2024-11-30",4.034,FALSE,NA,NA,"<= day","daily",NA,NA,NA
"2024-12-01",3.797,FALSE,NA,NA,"<= day","daily",NA,NA,NA
"2024-12-02",3.734,FALSE,NA,NA,"<= day","daily",NA,NA,NA
"2024-12-03",5.199,FALSE,NA,NA,"<= day","daily",NA,NA,NA
"2024-12-04",4.804,FALSE,NA,NA,"<= day","daily",NA,NA,NA
"2024-12-05",4.658,FALSE,NA,NA,"<= day","daily",NA,NA,NA
"2024-12-06",5.889,FALSE,NA,NA,"<= day","daily",NA,NA,NA
"2024-12-07",6.596,FALSE,NA,NA,"<= day","daily",NA,NA,NA
"2024-12-08",7.901,FALSE,NA,NA,"<= day","daily",NA,NA,NA
"2024-12-09",8.223,FALSE,NA,NA,"<= day","daily",NA,NA,NA
"2024-12-10",7.95,FALSE,NA,NA,"<= day","daily",NA,NA,NA
"2024-12-11",7.709,FALSE,NA,NA,"<= day","daily",NA,NA,NA
"2024-12-12",7.429,FALSE,NA,NA,"<= day","daily",NA,NA,NA
"2024-12-13",7.038,FALSE,NA,NA,"<= day","daily",NA,NA,NA
"2024-12-14",6.706,FALSE,NA,NA,"<= day","daily",NA,NA,NA
"2024-12-15",6.284,FALSE,NA,NA,"<= day","daily",NA,NA,NA
"2024-12-16",5.737,FALSE,NA,NA,"<= day","daily",NA,NA,NA
"2024-12-17",5.312,FALSE,NA,NA,"<= day","daily",NA,NA,NA
"2024-12-18",6.444,FALSE,NA,NA,"<= day","daily",NA,NA,NA
"2024-12-19",7.68,FALSE,NA,NA,"<= day","daily",NA,NA,NA
"2024-12-20",7.114,FALSE,NA,NA,"<= day","daily",NA,NA,NA
"2024-12-21",6.839,FALSE,NA,NA,"<= day","daily",NA,NA,NA
"2024-12-22",10.971,FALSE,NA,NA,"<= day","daily",NA,NA,NA
"2024-12-23",13.927,FALSE,NA,NA,"<= day","daily",NA,NA,NA
"2024-12-24",16.313,FALSE,NA,NA,"<= day","daily",NA,NA,NA
"2024-12-25",16.742,FALSE,NA,NA,"<= day","daily",NA,NA,NA
"2024-12-26",16.772,FALSE,NA,NA,"<= day","daily",NA,NA,NA
"2024-12-27",16.757,FALSE,NA,NA,"<= day","daily",NA,NA,NA
"2024-12-28",16.643,FALSE,NA,NA,"<= day","daily",NA,NA,NA
"2024-12-29",15.793,FALSE,NA,NA,"<= day","daily",NA,NA,NA
"2024-12-30",14.624,FALSE,NA,NA,"<= day","daily",NA,NA,NA
"2024-12-31",13.458,FALSE,NA,NA,"<= day","daily",NA,NA,NA
