"date","discharge","qc_flag","qc_type","qc_detect_method","temp_res","temp_res_dom","dq_issue","cpd_segment_id","cpd_segment_main"
"1959-01-01",4710,FALSE,NA,NA,"<= day","daily",NA,NA,NA
"1959-01-02",4590,FALSE,NA,NA,"<= day","daily",NA,NA,NA
"1959-01-03",4470,FALSE,NA,NA,"<= day","daily",NA,NA,NA
"1959-01-04",4350,FALSE,NA,NA,"<= day","daily",NA,NA,NA
"1959-01-05",4350,FALSE,NA,NA,"<= day","daily",NA,NA,NA
"1959-01-06",4240,FALSE,NA,NA,"<= day","daily",NA,NA,NA
"1959-01-07",4240,FALSE,NA,NA,"<= day","daily",NA,NA,NA
"1959-01-08",5690,FALSE,NA,NA,"<= day","daily",NA,NA,NA
"1959-01-09",10500,FALSE,NA,NA,"<= day","daily",NA,NA,NA
"1959-01-10",10600,FALSE,NA,NA,"<= day","daily",NA,NA,NA
"1959-01-11",8350,FALSE,NA,NA,"<= day","daily",NA,NA,NA
"1959-01-12",6110,FALSE,NA,NA,"<= day","daily",NA,NA,NA
"1959-01-13",5310,FALSE,NA,NA,"<= day","daily",NA,NA,NA
"1959-01-14",4830,FALSE,NA,NA,"<= day","daily",NA,NA,NA
"1959-01-15",4710,FALSE,NA,NA,"<= day","daily",NA,NA,NA
"1959-01-16",6250,FALSE,NA,NA,"<= day","daily",NA,NA,NA
"1959-01-17",5970,FALSE,NA,NA,"<= day","daily",NA,NA,NA
"1959-01-18",4710,FALSE,NA,NA,"<= day","daily",NA,NA,NA
"1959-01-19",4590,FALSE,NA,NA,"<= day","daily",NA,NA,NA
"1959-01-20",4350,FALSE,NA,NA,"<= day","daily",NA,NA,NA
"1959-01-21",4350,FALSE,NA,NA,"<= day","daily",NA,NA,NA
"1959-01-22",6110,FALSE,NA,NA,"<= day","daily",NA,NA,NA
"1959-01-23",8490,FALSE,NA,NA,"<= day","daily",NA,NA,NA
"1959-01-24",7790,FALSE,NA,NA,"<= day","daily",NA,NA,NA
"1959-01-25",6530,FALSE,NA,NA,"<= day","daily",NA,NA,NA
"1959-01-26",5190,FALSE,NA,NA,"<= day","daily",NA,NA,NA
"1959-01-27",4710,FALSE,NA,NA,"<= day","daily",NA,NA,NA
"1959-01-28",4590,FALSE,NA,NA,"<= day","daily",NA,NA,NA
"1959-01-29",4470,FALSE,NA,NA,"<= day","daily",NA,NA,NA
"1959-01-30",4350,FALSE,NA,NA,"<= day","daily",NA,NA,NA
"1959-01-31",4130,FALSE,NA,NA,"<= day","daily",NA,NA,NA
"1959-02-01",4130,FALSE,NA,NA,"<= day","daily",NA,NA,NA
"1959-02-02",4130,FALSE,NA,NA,"<= day","daily",NA,NA,NA
"1959-02-03",3690,FALSE,NA,NA,"<= day","daily",NA,NA,NA
"1959-02-04",3470,FALSE,NA,NA,"<= day","daily",NA,NA,NA
"1959-02-05",3250,FALSE,NA,NA,"<= day","daily",NA,NA,NA
"1959-02-06",3030,FALSE,NA,NA,"<= day","daily",NA,NA,NA
"1959-02-07",3030,FALSE,NA,NA,"<= day","daily",NA,NA,NA
"1959-02-08",2810,FALSE,NA,NA,"<= day","daily",NA,NA,NA
"1959-02-09",2700,FALSE,NA,NA,"<= day","daily",NA,NA,NA
"1959-02-10",2610,FALSE,NA,NA,"<= day","daily",NA,NA,NA
"1959-02-11",2520,FALSE,NA,NA,"<= day","daily",NA,NA,NA
"1959-02-12",2430,FALSE,NA,NA,"<= day","daily",NA,NA,NA
"1959-02-13",2340,FALSE,NA,NA,"<= day","daily",NA,NA,NA
"1959-02-14",2250,FALSE,NA,NA,"<= day","daily",NA,NA,NA
"1959-02-15",2250,FALSE,NA,NA,"<= day","daily",NA,NA,NA
"1959-02-16",2160,FALSE,NA,NA,"<= day","daily",NA,NA,NA
"1959-02-17",2160,FALSE,NA,NA,"<= day","daily",NA,NA,NA
"1959-02-18",2160,FALSE,NA,NA,"<= day","daily",NA,NA,NA
"1959-02-19",2160,FALSE,NA,NA,"<= day","daily",NA,NA,NA
"1959-02-20",2160,FALSE,NA,NA,"<= day","daily",NA,NA,NA
"1959-02-21",2160,FALSE,NA,NA,"<= day","daily",NA,NA,NA
"1959-02-22",2160,FALSE,NA,NA,"<= day","daily",NA,NA,NA
"1959-02-23",2250,FALSE,NA,NA,"<= day","daily",NA,NA,NA
"1959-02-24",2160,FALSE,NA,NA,"<= day","daily",NA,NA,NA
"1959-02-25",2160,FALSE,NA,NA,"<= day","daily",NA,NA,NA
"1959-02-26",2070,FALSE,NA,NA,"<= day","daily",NA,NA,NA
"1959-02-27",2070,FALSE,NA,NA,"<= day","daily",NA,NA,NA
"1959-02-28",2070,FALSE,NA,NA,"<= day","daily",NA,NA,NA
"1959-03-01",2070,FALSE,NA,NA,"<= day","daily",NA,NA,NA
"1959-03-02",1980,FALSE,NA,NA,"<= day","daily",NA,NA,NA
"1959-03-03",1980,FALSE,NA,NA,"<= day","daily",NA,NA,NA
"1959-03-04",1980,FALSE,NA,NA,"<= day","daily",NA,NA,NA
"1959-03-05",1980,FALSE,NA,NA,"<= day","daily",NA,NA,NA
"1959-03-06",2160,FALSE,NA,NA,"<= day","daily",NA,NA,NA
"1959-03-07",2160,FALSE,NA,NA,"<= day","daily",NA,NA,NA
"1959-03-08",2070,FALSE,NA,NA,"<= day","daily",NA,NA,NA
"1959-03-09",2340,FALSE,NA,NA,"<= day","daily",NA,NA,NA
"1959-03-10",2340,FALSE,NA,NA,"<= day","daily",NA,NA,NA
"1959-03-11",2250,FALSE,NA,NA,"<= day","daily",NA,NA,NA
"1959-03-12",2340,FALSE,NA,NA,"<= day","daily",NA,NA,NA
"1959-03-13",2430,FALSE,NA,NA,"<= day","daily",NA,NA,NA
"1959-03-14",2700,FALSE,NA,NA,"<= day","daily",NA,NA,NA
"1959-03-15",3030,FALSE,NA,NA,"<= day","daily",NA,NA,NA
"1959-03-16",3030,FALSE,NA,NA,"<= day","daily",NA,NA,NA
"1959-03-17",3030,FALSE,NA,NA,"<= day","daily",NA,NA,NA
"1959-03-18",2700,FALSE,NA,NA,"<= day","daily",NA,NA,NA
"1959-03-19",2610,FALSE,NA,NA,"<= day","daily",NA,NA,NA
"1959-03-20",2610,FALSE,NA,NA,"<= day","daily",NA,NA,NA
"1959-03-21",3360,FALSE,NA,NA,"<= day","daily",NA,NA,NA
"1959-03-22",3580,FALSE,NA,NA,"<= day","daily",NA,NA,NA
"1959-03-23",3360,FALSE,NA,NA,"<= day","daily",NA,NA,NA
"1959-03-24",3140,FALSE,NA,NA,"<= day","daily",NA,NA,NA
"1959-03-25",2810,FALSE,NA,NA,"<= day","daily",NA,NA,NA
"1959-03-26",2700,FALSE,NA,NA,"<= day","daily",NA,NA,NA
"1959-03-27",2810,FALSE,NA,NA,"<= day","daily",NA,NA,NA
"1959-03-28",8490,FALSE,NA,NA,"<= day","daily",NA,NA,NA
"1959-03-29",6110,FALSE,NA,NA,"<= day","daily",NA,NA,NA
"1959-03-30",5310,FALSE,NA,NA,"<= day","daily",NA,NA,NA
"1959-03-31",7650,FALSE,NA,NA,"<= day","daily",NA,NA,NA
"1959-04-01",9850,FALSE,NA,NA,"<= day","daily",NA,NA,NA
"1959-04-02",9850,FALSE,NA,NA,"<= day","daily",NA,NA,NA
"1959-04-03",5430,FALSE,NA,NA,"<= day","daily",NA,NA,NA
"1959-04-04",5310,FALSE,NA,NA,"<= day","daily",NA,NA,NA
"1959-04-05",4830,FALSE,NA,NA,"<= day","daily",NA,NA,NA
"1959-04-06",4590,FALSE,NA,NA,"<= day","daily",NA,NA,NA
"1959-04-07",4470,FALSE,NA,NA,"<= day","daily",NA,NA,NA
"1959-04-08",4350,FALSE,NA,NA,"<= day","daily",NA,NA,NA
"1959-04-09",4470,FALSE,NA,NA,"<= day","daily",NA,NA,NA
"1959-04-10",4590,FALSE,NA,NA,"<= day","daily",NA,NA,NA
"1959-04-11",5430,FALSE,NA,NA,"<= day","daily",NA,NA,NA
"1959-04-12",5550,FALSE,NA,NA,"<= day","daily",NA,NA,NA
"1959-04-13",4710,FALSE,NA,NA,"<= day","daily",NA,NA,NA
"1959-04-14",4240,FALSE,NA,NA,"<= day","daily",NA,NA,NA
"1959-04-15",4020,FALSE,NA,NA,"<= day","daily",NA,NA,NA
"1959-04-16",3690,FALSE,NA,NA,"<= day","daily",NA,NA,NA
"1959-04-17",3470,FALSE,NA,NA,"<= day","daily",NA,NA,NA
"1959-04-18",4470,FALSE,NA,NA,"<= day","daily",NA,NA,NA
"1959-04-19",14600,FALSE,NA,NA,"<= day","daily",NA,NA,NA
"1959-04-20",14900,FALSE,NA,NA,"<= day","daily",NA,NA,NA
"1959-04-21",12700,FALSE,NA,NA,"<= day","daily",NA,NA,NA
"1959-04-22",8070,FALSE,NA,NA,"<= day","daily",NA,NA,NA
"1959-04-23",5830,FALSE,NA,NA,"<= day","daily",NA,NA,NA
"1959-04-24",5070,FALSE,NA,NA,"<= day","daily",NA,NA,NA
"1959-04-25",4830,FALSE,NA,NA,"<= day","daily",NA,NA,NA
"1959-04-26",4590,FALSE,NA,NA,"<= day","daily",NA,NA,NA
"1959-04-27",4350,FALSE,NA,NA,"<= day","daily",NA,NA,NA
"1959-04-28",4130,FALSE,NA,NA,"<= day","daily",NA,NA,NA
"1959-04-29",4020,FALSE,NA,NA,"<= day","daily",NA,NA,NA
"1959-04-30",3800,FALSE,NA,NA,"<= day","daily",NA,NA,NA
"1959-05-01",16000,FALSE,NA,NA,"<= day","daily",NA,NA,NA
"1959-05-02",33600,FALSE,NA,NA,"<= day","daily",NA,NA,NA
"1959-05-03",30400,FALSE,NA,NA,"<= day","daily",NA,NA,NA
"1959-05-04",15600,FALSE,NA,NA,"<= day","daily",NA,NA,NA
"1959-05-05",11100,FALSE,NA,NA,"<= day","daily",NA,NA,NA
"1959-05-06",7790,FALSE,NA,NA,"<= day","daily",NA,NA,NA
"1959-05-07",6110,FALSE,NA,NA,"<= day","daily",NA,NA,NA
"1959-05-08",5190,FALSE,NA,NA,"<= day","daily",NA,NA,NA
"1959-05-09",4830,FALSE,NA,NA,"<= day","daily",NA,NA,NA
"1959-05-10",4590,FALSE,NA,NA,"<= day","daily",NA,NA,NA
"1959-05-11",4470,FALSE,NA,NA,"<= day","daily",NA,NA,NA
"1959-05-12",4710,FALSE,NA,NA,"<= day","daily",NA,NA,NA
"1959-05-13",4590,FALSE,NA,NA,"<= day","daily",NA,NA,NA
"1959-05-14",4350,FALSE,NA,NA,"<= day","daily",NA,NA,NA
"1959-05-15",4350,FALSE,NA,NA,"<= day","daily",NA,NA,NA
"1959-05-16",4130,FALSE,NA,NA,"<= day","daily",NA,NA,NA
"1959-05-17",4130,FALSE,NA,NA,"<= day","daily",NA,NA,NA
"1959-05-18",4350,FALSE,NA,NA,"<= day","daily",NA,NA,NA
"1959-05-19",4470,FALSE,NA,NA,"<= day","daily",NA,NA,NA
"1959-05-20",4350,FALSE,NA,NA,"<= day","daily",NA,NA,NA
"1959-05-21",4240,FALSE,NA,NA,"<= day","daily",NA,NA,NA
"1959-05-22",3910,FALSE,NA,NA,"<= day","daily",NA,NA,NA
"1959-05-23",4590,FALSE,NA,NA,"<= day","daily",NA,NA,NA
"1959-05-24",12600,FALSE,NA,NA,"<= day","daily",NA,NA,NA
"1959-05-25",7790,FALSE,NA,NA,"<= day","daily",NA,NA,NA
"1959-05-26",5310,FALSE,NA,NA,"<= day","daily",NA,NA,NA
"1959-05-27",4590,FALSE,NA,NA,"<= day","daily",NA,NA,NA
"1959-05-28",4470,FALSE,NA,NA,"<= day","daily",NA,NA,NA
"1959-05-29",5550,FALSE,NA,NA,"<= day","daily",NA,NA,NA
"1959-05-30",5830,FALSE,NA,NA,"<= day","daily",NA,NA,NA
"1959-05-31",7230,FALSE,NA,NA,"<= day","daily",NA,NA,NA
"1959-06-01",10500,FALSE,NA,NA,"<= day","daily",NA,NA,NA
"1959-06-02",11500,FALSE,NA,NA,"<= day","daily",NA,NA,NA
"1959-06-03",8770,FALSE,NA,NA,"<= day","daily",NA,NA,NA
"1959-06-04",6250,FALSE,NA,NA,"<= day","daily",NA,NA,NA
"1959-06-05",5190,FALSE,NA,NA,"<= day","daily",NA,NA,NA
"1959-06-06",4830,FALSE,NA,NA,"<= day","daily",NA,NA,NA
"1959-06-07",4590,FALSE,NA,NA,"<= day","daily",NA,NA,NA
"1959-06-08",4350,FALSE,NA,NA,"<= day","daily",NA,NA,NA
"1959-06-09",3910,FALSE,NA,NA,"<= day","daily",NA,NA,NA
"1959-06-10",4020,FALSE,NA,NA,"<= day","daily",NA,NA,NA
"1959-06-11",10300,FALSE,NA,NA,"<= day","daily",NA,NA,NA
"1959-06-12",8070,FALSE,NA,NA,"<= day","daily",NA,NA,NA
"1959-06-13",6810,FALSE,NA,NA,"<= day","daily",NA,NA,NA
"1959-06-14",6670,FALSE,NA,NA,"<= day","daily",NA,NA,NA
"1959-06-15",8070,FALSE,NA,NA,"<= day","daily",NA,NA,NA
"1959-06-16",7510,FALSE,NA,NA,"<= day","daily",NA,NA,NA
"1959-06-17",7370,FALSE,NA,NA,"<= day","daily",NA,NA,NA
"1959-06-18",5190,FALSE,NA,NA,"<= day","daily",NA,NA,NA
"1959-06-19",4830,FALSE,NA,NA,"<= day","daily",NA,NA,NA
"1959-06-20",5070,FALSE,NA,NA,"<= day","daily",NA,NA,NA
"1959-06-21",4590,FALSE,NA,NA,"<= day","daily",NA,NA,NA
"1959-06-22",4830,FALSE,NA,NA,"<= day","daily",NA,NA,NA
"1959-06-23",4830,FALSE,NA,NA,"<= day","daily",NA,NA,NA
"1959-06-24",4590,FALSE,NA,NA,"<= day","daily",NA,NA,NA
"1959-06-25",4590,FALSE,NA,NA,"<= day","daily",NA,NA,NA
"1959-06-26",4240,FALSE,NA,NA,"<= day","daily",NA,NA,NA
"1959-06-27",4020,FALSE,NA,NA,"<= day","daily",NA,NA,NA
"1959-06-28",4350,FALSE,NA,NA,"<= day","daily",NA,NA,NA
"1959-06-29",4350,FALSE,NA,NA,"<= day","daily",NA,NA,NA
"1959-06-30",12000,FALSE,NA,NA,"<= day","daily",NA,NA,NA
"1959-07-01",28600,FALSE,NA,NA,"<= day","daily",NA,NA,NA
"1959-07-02",28600,FALSE,NA,NA,"<= day","daily",NA,NA,NA
"1959-07-03",15300,FALSE,NA,NA,"<= day","daily",NA,NA,NA
"1959-07-04",9050,FALSE,NA,NA,"<= day","daily",NA,NA,NA
"1959-07-05",6390,FALSE,NA,NA,"<= day","daily",NA,NA,NA
"1959-07-06",5190,FALSE,NA,NA,"<= day","daily",NA,NA,NA
"1959-07-07",4830,FALSE,NA,NA,"<= day","daily",NA,NA,NA
"1959-07-08",4710,FALSE,NA,NA,"<= day","daily",NA,NA,NA
"1959-07-09",4470,FALSE,NA,NA,"<= day","daily",NA,NA,NA
"1959-07-10",4020,FALSE,NA,NA,"<= day","daily",NA,NA,NA
"1959-07-11",3800,FALSE,NA,NA,"<= day","daily",NA,NA,NA
"1959-07-12",3690,FALSE,NA,NA,"<= day","daily",NA,NA,NA
"1959-07-13",3580,FALSE,NA,NA,"<= day","daily",NA,NA,NA
"1959-07-14",3470,FALSE,NA,NA,"<= day","daily",NA,NA,NA
"1959-07-15",3360,FALSE,NA,NA,"<= day","daily",NA,NA,NA
"1959-07-16",4470,FALSE,NA,NA,"<= day","daily",NA,NA,NA
"1959-07-17",5830,FALSE,NA,NA,"<= day","daily",NA,NA,NA
"1959-07-18",4350,FALSE,NA,NA,"<= day","daily",NA,NA,NA
"1959-07-19",3910,FALSE,NA,NA,"<= day","daily",NA,NA,NA
"1959-07-20",3690,FALSE,NA,NA,"<= day","daily",NA,NA,NA
"1959-07-21",3690,FALSE,NA,NA,"<= day","daily",NA,NA,NA
"1959-07-22",3580,FALSE,NA,NA,"<= day","daily",NA,NA,NA
"1959-07-23",3470,FALSE,NA,NA,"<= day","daily",NA,NA,NA
"1959-07-24",3470,FALSE,NA,NA,"<= day","daily",NA,NA,NA
"1959-07-25",3300,FALSE,NA,NA,"<= day","daily",NA,NA,NA
"1959-07-26",3250,FALSE,NA,NA,"<= day","daily",NA,NA,NA
"1959-07-27",3030,FALSE,NA,NA,"<= day","daily",NA,NA,NA
"1959-07-28",2920,FALSE,NA,NA,"<= day","daily",NA,NA,NA
"1959-07-29",2700,FALSE,NA,NA,"<= day","daily",NA,NA,NA
"1959-07-30",2610,FALSE,NA,NA,"<= day","daily",NA,NA,NA
"1959-07-31",2700,FALSE,NA,NA,"<= day","daily",NA,NA,NA
"1959-08-01",4830,FALSE,NA,NA,"<= day","daily",NA,NA,NA
"1959-08-02",4350,FALSE,NA,NA,"<= day","daily",NA,NA,NA
"1959-08-03",4350,FALSE,NA,NA,"<= day","daily",NA,NA,NA
"1959-08-04",4590,FALSE,NA,NA,"<= day","daily",NA,NA,NA
"1959-08-05",4130,FALSE,NA,NA,"<= day","daily",NA,NA,NA
"1959-08-06",3800,FALSE,NA,NA,"<= day","daily",NA,NA,NA
"1959-08-07",4130,FALSE,NA,NA,"<= day","daily",NA,NA,NA
"1959-08-08",3470,FALSE,NA,NA,"<= day","daily",NA,NA,NA
"1959-08-09",3250,FALSE,NA,NA,"<= day","daily",NA,NA,NA
"1959-08-10",3030,FALSE,NA,NA,"<= day","daily",NA,NA,NA
"1959-08-11",2610,FALSE,NA,NA,"<= day","daily",NA,NA,NA
"1959-08-12",2700,FALSE,NA,NA,"<= day","daily",NA,NA,NA
"1959-08-13",3030,FALSE,NA,NA,"<= day","daily",NA,NA,NA
"1959-08-14",3140,FALSE,NA,NA,"<= day","daily",NA,NA,NA
"1959-08-15",3910,FALSE,NA,NA,"<= day","daily",NA,NA,NA
"1959-08-16",2610,FALSE,NA,NA,"<= day","daily",NA,NA,NA
"1959-08-17",4470,FALSE,NA,NA,"<= day","daily",NA,NA,NA
"1959-08-18",9850,FALSE,NA,NA,"<= day","daily",NA,NA,NA
"1959-08-19",7510,FALSE,NA,NA,"<= day","daily",NA,NA,NA
"1959-08-20",5070,FALSE,NA,NA,"<= day","daily",NA,NA,NA
"1959-08-21",5190,FALSE,NA,NA,"<= day","daily",NA,NA,NA
"1959-08-22",5190,FALSE,NA,NA,"<= day","daily",NA,NA,NA
"1959-08-23",4950,FALSE,NA,NA,"<= day","daily",NA,NA,NA
"1959-08-24",4830,FALSE,NA,NA,"<= day","daily",NA,NA,NA
"1959-08-25",4590,FALSE,NA,NA,"<= day","daily",NA,NA,NA
"1959-08-26",4130,FALSE,NA,NA,"<= day","daily",NA,NA,NA
"1959-08-27",3800,FALSE,NA,NA,"<= day","daily",NA,NA,NA
"1959-08-28",3580,FALSE,NA,NA,"<= day","daily",NA,NA,NA
"1959-08-29",3800,FALSE,NA,NA,"<= day","daily",NA,NA,NA
"1959-08-30",3910,FALSE,NA,NA,"<= day","daily",NA,NA,NA
"1959-08-31",3580,FALSE,NA,NA,"<= day","daily",NA,NA,NA
"1959-09-01",3690,FALSE,NA,NA,"<= day","daily",NA,NA,NA
"1959-09-02",3250,FALSE,NA,NA,"<= day","daily",NA,NA,NA
"1959-09-03",2920,FALSE,NA,NA,"<= day","daily",NA,NA,NA
"1959-09-04",2700,FALSE,NA,NA,"<= day","daily",NA,NA,NA
"1959-09-05",2810,FALSE,NA,NA,"<= day","daily",NA,NA,NA
"1959-09-06",2520,FALSE,NA,NA,"<= day","daily",NA,NA,NA
"1959-09-07",2430,FALSE,NA,NA,"<= day","daily",NA,NA,NA
"1959-09-08",2340,FALSE,NA,NA,"<= day","daily",NA,NA,NA
"1959-09-09",2250,FALSE,NA,NA,"<= day","daily",NA,NA,NA
"1959-09-10",2160,FALSE,NA,NA,"<= day","daily",NA,NA,NA
"1959-09-11",2070,FALSE,NA,NA,"<= day","daily",NA,NA,NA
"1959-09-12",1980,FALSE,NA,NA,"<= day","daily",NA,NA,NA
"1959-09-13",1980,FALSE,NA,NA,"<= day","daily",NA,NA,NA
"1959-09-14",1980,FALSE,NA,NA,"<= day","daily",NA,NA,NA
"1959-09-15",1890,FALSE,NA,NA,"<= day","daily",NA,NA,NA
"1959-09-16",1890,FALSE,NA,NA,"<= day","daily",NA,NA,NA
"1959-09-17",1890,FALSE,NA,NA,"<= day","daily",NA,NA,NA
"1959-09-18",1980,FALSE,NA,NA,"<= day","daily",NA,NA,NA
"1959-09-19",2160,FALSE,NA,NA,"<= day","daily",NA,NA,NA
"1959-09-20",2070,FALSE,NA,NA,"<= day","daily",NA,NA,NA
"1959-09-21",2070,FALSE,NA,NA,"<= day","daily",NA,NA,NA
"1959-09-22",1980,FALSE,NA,NA,"<= day","daily",NA,NA,NA
"1959-09-23",1890,FALSE,NA,NA,"<= day","daily",NA,NA,NA
"1959-09-24",1800,FALSE,NA,NA,"<= day","daily",NA,NA,NA
"1959-09-25",1800,FALSE,NA,NA,"<= day","daily",NA,NA,NA
"1959-09-26",1800,FALSE,NA,NA,"<= day","daily",NA,NA,NA
"1959-09-27",2070,FALSE,NA,NA,"<= day","daily",NA,NA,NA
"1959-09-28",2070,FALSE,NA,NA,"<= day","daily",NA,NA,NA
"1959-09-29",3250,FALSE,NA,NA,"<= day","daily",NA,NA,NA
"1959-09-30",2520,FALSE,NA,NA,"<= day","daily",NA,NA,NA
"1959-10-01",2340,FALSE,NA,NA,"<= day","daily",NA,NA,NA
"1959-10-02",2250,FALSE,NA,NA,"<= day","daily",NA,NA,NA
"1959-10-03",2160,FALSE,NA,NA,"<= day","daily",NA,NA,NA
"1959-10-04",2070,FALSE,NA,NA,"<= day","daily",NA,NA,NA
"1959-10-05",1980,FALSE,NA,NA,"<= day","daily",NA,NA,NA
"1959-10-06",1980,FALSE,NA,NA,"<= day","daily",NA,NA,NA
"1959-10-07",1890,FALSE,NA,NA,"<= day","daily",NA,NA,NA
"1959-10-08",1800,FALSE,NA,NA,"<= day","daily",NA,NA,NA
"1959-10-09",1800,FALSE,NA,NA,"<= day","daily",NA,NA,NA
"1959-10-10",1720,FALSE,NA,NA,"<= day","daily",NA,NA,NA
"1959-10-11",1720,FALSE,NA,NA,"<= day","daily",NA,NA,NA
"1959-10-12",1640,FALSE,NA,NA,"<= day","daily",NA,NA,NA
"1959-10-13",1640,FALSE,NA,NA,"<= day","daily",NA,NA,NA
"1959-10-14",1560,FALSE,NA,NA,"<= day","daily",NA,NA,NA
"1959-10-15",1560,FALSE,NA,NA,"<= day","daily",NA,NA,NA
"1959-10-16",1560,FALSE,NA,NA,"<= day","daily",NA,NA,NA
"1959-10-17",1480,FALSE,NA,NA,"<= day","daily",NA,NA,NA
"1959-10-18",1480,FALSE,NA,NA,"<= day","daily",NA,NA,NA
"1959-10-19",1480,FALSE,NA,NA,"<= day","daily",NA,NA,NA
"1959-10-20",1480,FALSE,NA,NA,"<= day","daily",NA,NA,NA
"1959-10-21",1480,FALSE,NA,NA,"<= day","daily",NA,NA,NA
"1959-10-22",1480,FALSE,NA,NA,"<= day","daily",NA,NA,NA
"1959-10-23",1400,FALSE,NA,NA,"<= day","daily",NA,NA,NA
"1959-10-24",1400,FALSE,NA,NA,"<= day","daily",NA,NA,NA
"1959-10-25",1400,FALSE,NA,NA,"<= day","daily",NA,NA,NA
"1959-10-26",1400,FALSE,NA,NA,"<= day","daily",NA,NA,NA
"1959-10-27",1400,FALSE,NA,NA,"<= day","daily",NA,NA,NA
"1959-10-28",1400,FALSE,NA,NA,"<= day","daily",NA,NA,NA
"1959-10-29",14200,FALSE,NA,NA,"<= day","daily",NA,NA,NA
"1959-10-30",31400,FALSE,NA,NA,"<= day","daily",NA,NA,NA
"1959-10-31",29200,FALSE,NA,NA,"<= day","daily",NA,NA,NA
"1959-11-01",12700,FALSE,NA,NA,"<= day","daily",NA,NA,NA
"1959-11-02",6670,FALSE,NA,NA,"<= day","daily",NA,NA,NA
"1959-11-03",5070,FALSE,NA,NA,"<= day","daily",NA,NA,NA
"1959-11-04",4710,FALSE,NA,NA,"<= day","daily",NA,NA,NA
"1959-11-05",4470,FALSE,NA,NA,"<= day","daily",NA,NA,NA
"1959-11-06",3910,FALSE,NA,NA,"<= day","daily",NA,NA,NA
"1959-11-07",4710,FALSE,NA,NA,"<= day","daily",NA,NA,NA
"1959-11-08",7090,FALSE,NA,NA,"<= day","daily",NA,NA,NA
"1959-11-09",6670,FALSE,NA,NA,"<= day","daily",NA,NA,NA
"1959-11-10",5190,FALSE,NA,NA,"<= day","daily",NA,NA,NA
"1959-11-11",4710,FALSE,NA,NA,"<= day","daily",NA,NA,NA
"1959-11-12",4830,FALSE,NA,NA,"<= day","daily",NA,NA,NA
"1959-11-13",6530,FALSE,NA,NA,"<= day","daily",NA,NA,NA
"1959-11-14",7230,FALSE,NA,NA,"<= day","daily",NA,NA,NA
"1959-11-15",6110,FALSE,NA,NA,"<= day","daily",NA,NA,NA
"1959-11-16",7230,FALSE,NA,NA,"<= day","daily",NA,NA,NA
"1959-11-17",14800,FALSE,NA,NA,"<= day","daily",NA,NA,NA
"1959-11-18",14400,FALSE,NA,NA,"<= day","daily",NA,NA,NA
"1959-11-19",14200,FALSE,NA,NA,"<= day","daily",NA,NA,NA
"1959-11-20",21100,FALSE,NA,NA,"<= day","daily",NA,NA,NA
"1959-11-21",15700,FALSE,NA,NA,"<= day","daily",NA,NA,NA
"1959-11-22",9850,FALSE,NA,NA,"<= day","daily",NA,NA,NA
"1959-11-23",7230,FALSE,NA,NA,"<= day","daily",NA,NA,NA
"1959-11-24",5550,FALSE,NA,NA,"<= day","daily",NA,NA,NA
"1959-11-25",5070,FALSE,NA,NA,"<= day","daily",NA,NA,NA
"1959-11-26",4830,FALSE,NA,NA,"<= day","daily",NA,NA,NA
"1959-11-27",4590,FALSE,NA,NA,"<= day","daily",NA,NA,NA
"1959-11-28",4470,FALSE,NA,NA,"<= day","daily",NA,NA,NA
"1959-11-29",4130,FALSE,NA,NA,"<= day","daily",NA,NA,NA
"1959-11-30",5190,FALSE,NA,NA,"<= day","daily",NA,NA,NA
"1959-12-01",14900,FALSE,NA,NA,"<= day","daily",NA,NA,NA
"1959-12-02",33000,FALSE,NA,NA,"<= day","daily",NA,NA,NA
"1959-12-03",33000,FALSE,NA,NA,"<= day","daily",NA,NA,NA
"1959-12-04",17500,FALSE,NA,NA,"<= day","daily",NA,NA,NA
"1959-12-05",10300,FALSE,NA,NA,"<= day","daily",NA,NA,NA
"1959-12-06",8630,FALSE,NA,NA,"<= day","daily",NA,NA,NA
"1959-12-07",7510,FALSE,NA,NA,"<= day","daily",NA,NA,NA
"1959-12-08",7790,FALSE,NA,NA,"<= day","daily",NA,NA,NA
"1959-12-09",12700,FALSE,NA,NA,"<= day","daily",NA,NA,NA
"1959-12-10",15800,FALSE,NA,NA,"<= day","daily",NA,NA,NA
"1959-12-11",14200,FALSE,NA,NA,"<= day","daily",NA,NA,NA
"1959-12-12",12700,FALSE,NA,NA,"<= day","daily",NA,NA,NA
"1959-12-13",11200,FALSE,NA,NA,"<= day","daily",NA,NA,NA
"1959-12-14",18600,FALSE,NA,NA,"<= day","daily",NA,NA,NA
"1959-12-15",18300,FALSE,NA,NA,"<= day","daily",NA,NA,NA
"1959-12-16",14400,FALSE,NA,NA,"<= day","daily",NA,NA,NA
"1959-12-17",10000,FALSE,NA,NA,"<= day","daily",NA,NA,NA
"1959-12-18",7510,FALSE,NA,NA,"<= day","daily",NA,NA,NA
"1959-12-19",6390,FALSE,NA,NA,"<= day","daily",NA,NA,NA
"1959-12-20",6530,FALSE,NA,NA,"<= day","daily",NA,NA,NA
"1959-12-21",5970,FALSE,NA,NA,"<= day","daily",NA,NA,NA
"1959-12-22",6110,FALSE,NA,NA,"<= day","daily",NA,NA,NA
"1959-12-23",8910,FALSE,NA,NA,"<= day","daily",NA,NA,NA
"1959-12-24",8910,FALSE,NA,NA,"<= day","daily",NA,NA,NA
"1959-12-25",17500,FALSE,NA,NA,"<= day","daily",NA,NA,NA
"1959-12-26",31900,FALSE,NA,NA,"<= day","daily",NA,NA,NA
"1959-12-27",27400,FALSE,NA,NA,"<= day","daily",NA,NA,NA
"1959-12-28",33600,FALSE,NA,NA,"<= day","daily",NA,NA,NA
"1959-12-29",35300,FALSE,NA,NA,"<= day","daily",NA,NA,NA
"1959-12-30",35300,FALSE,NA,NA,"<= day","daily",NA,NA,NA
"1959-12-31",32500,FALSE,NA,NA,"<= day","daily",NA,NA,NA
"1960-01-01",14000,FALSE,NA,NA,"<= day","daily",NA,NA,NA
"1960-01-02",9300,FALSE,NA,NA,"<= day","daily",NA,NA,NA
"1960-01-03",7080,FALSE,NA,NA,"<= day","daily",NA,NA,NA
"1960-01-04",6250,FALSE,NA,NA,"<= day","daily",NA,NA,NA
"1960-01-05",5360,FALSE,NA,NA,"<= day","daily",NA,NA,NA
"1960-01-06",4850,FALSE,NA,NA,"<= day","daily",NA,NA,NA
"1960-01-07",4600,FALSE,NA,NA,"<= day","daily",NA,NA,NA
"1960-01-08",4370,FALSE,NA,NA,"<= day","daily",NA,NA,NA
"1960-01-09",4370,FALSE,NA,NA,"<= day","daily",NA,NA,NA
"1960-01-10",4250,FALSE,NA,NA,"<= day","daily",NA,NA,NA
"1960-01-11",4140,FALSE,NA,NA,"<= day","daily",NA,NA,NA
"1960-01-12",4020,FALSE,NA,NA,"<= day","daily",NA,NA,NA
"1960-01-13",4020,FALSE,NA,NA,"<= day","daily",NA,NA,NA
"1960-01-14",4020,FALSE,NA,NA,"<= day","daily",NA,NA,NA
"1960-01-15",3910,FALSE,NA,NA,"<= day","daily",NA,NA,NA
"1960-01-16",3790,FALSE,NA,NA,"<= day","daily",NA,NA,NA
"1960-01-17",3790,FALSE,NA,NA,"<= day","daily",NA,NA,NA
"1960-01-18",3680,FALSE,NA,NA,"<= day","daily",NA,NA,NA
"1960-01-19",3560,FALSE,NA,NA,"<= day","daily",NA,NA,NA
"1960-01-20",3340,FALSE,NA,NA,"<= day","daily",NA,NA,NA
"1960-01-21",3340,FALSE,NA,NA,"<= day","daily",NA,NA,NA
"1960-01-22",3340,FALSE,NA,NA,"<= day","daily",NA,NA,NA
"1960-01-23",3340,FALSE,NA,NA,"<= day","daily",NA,NA,NA
"1960-01-24",3230,FALSE,NA,NA,"<= day","daily",NA,NA,NA
"1960-01-25",4730,FALSE,NA,NA,"<= day","daily",NA,NA,NA
"1960-01-26",10200,FALSE,NA,NA,"<= day","daily",NA,NA,NA
"1960-01-27",12800,FALSE,NA,NA,"<= day","daily",NA,NA,NA
"1960-01-28",14100,FALSE,NA,NA,"<= day","daily",NA,NA,NA
"1960-01-29",12800,FALSE,NA,NA,"<= day","daily",NA,NA,NA
"1960-01-30",11900,FALSE,NA,NA,"<= day","daily",NA,NA,NA
"1960-01-31",12300,FALSE,NA,NA,"<= day","daily",NA,NA,NA
"1960-02-01",9150,FALSE,NA,NA,"<= day","daily",NA,NA,NA
"1960-02-02",6790,FALSE,NA,NA,"<= day","daily",NA,NA,NA
"1960-02-03",5360,FALSE,NA,NA,"<= day","daily",NA,NA,NA
"1960-02-04",4730,FALSE,NA,NA,"<= day","daily",NA,NA,NA
"1960-02-05",4370,FALSE,NA,NA,"<= day","daily",NA,NA,NA
"1960-02-06",4140,FALSE,NA,NA,"<= day","daily",NA,NA,NA
"1960-02-07",4020,FALSE,NA,NA,"<= day","daily",NA,NA,NA
"1960-02-08",3790,FALSE,NA,NA,"<= day","daily",NA,NA,NA
"1960-02-09",3680,FALSE,NA,NA,"<= day","daily",NA,NA,NA
"1960-02-10",3560,FALSE,NA,NA,"<= day","daily",NA,NA,NA
"1960-02-11",3560,FALSE,NA,NA,"<= day","daily",NA,NA,NA
"1960-02-12",3450,FALSE,NA,NA,"<= day","daily",NA,NA,NA
"1960-02-13",3450,FALSE,NA,NA,"<= day","daily",NA,NA,NA
"1960-02-14",3680,FALSE,NA,NA,"<= day","daily",NA,NA,NA
"1960-02-15",3230,FALSE,NA,NA,"<= day","daily",NA,NA,NA
"1960-02-16",4480,FALSE,NA,NA,"<= day","daily",NA,NA,NA
"1960-02-17",4020,FALSE,NA,NA,"<= day","daily",NA,NA,NA
"1960-02-18",4140,FALSE,NA,NA,"<= day","daily",NA,NA,NA
"1960-02-19",6650,FALSE,NA,NA,"<= day","daily",NA,NA,NA
"1960-02-20",15400,FALSE,NA,NA,"<= day","daily",NA,NA,NA
"1960-02-21",30500,FALSE,NA,NA,"<= day","daily",NA,NA,NA
"1960-02-22",28700,FALSE,NA,NA,"<= day","daily",NA,NA,NA
"1960-02-23",26900,FALSE,NA,NA,"<= day","daily",NA,NA,NA
"1960-02-24",35100,FALSE,NA,NA,"<= day","daily",NA,NA,NA
"1960-02-25",34500,FALSE,NA,NA,"<= day","daily",NA,NA,NA
"1960-02-26",31000,FALSE,NA,NA,"<= day","daily",NA,NA,NA
"1960-02-27",16200,FALSE,NA,NA,"<= day","daily",NA,NA,NA
"1960-02-28",9740,FALSE,NA,NA,"<= day","daily",NA,NA,NA
"1960-02-29",7370,FALSE,NA,NA,"<= day","daily",NA,NA,NA
"1960-03-01",6120,FALSE,NA,NA,"<= day","daily",NA,NA,NA
"1960-03-02",5360,FALSE,NA,NA,"<= day","daily",NA,NA,NA
"1960-03-03",5480,FALSE,NA,NA,"<= day","daily",NA,NA,NA
"1960-03-04",5360,FALSE,NA,NA,"<= day","daily",NA,NA,NA
"1960-03-05",4980,FALSE,NA,NA,"<= day","daily",NA,NA,NA
"1960-03-06",4600,FALSE,NA,NA,"<= day","daily",NA,NA,NA
"1960-03-07",4370,FALSE,NA,NA,"<= day","daily",NA,NA,NA
"1960-03-08",4250,FALSE,NA,NA,"<= day","daily",NA,NA,NA
"1960-03-09",4140,FALSE,NA,NA,"<= day","daily",NA,NA,NA
"1960-03-10",4140,FALSE,NA,NA,"<= day","daily",NA,NA,NA
"1960-03-11",4020,FALSE,NA,NA,"<= day","daily",NA,NA,NA
"1960-03-12",4020,FALSE,NA,NA,"<= day","daily",NA,NA,NA
"1960-03-13",3910,FALSE,NA,NA,"<= day","daily",NA,NA,NA
"1960-03-14",4020,FALSE,NA,NA,"<= day","daily",NA,NA,NA
"1960-03-15",6940,FALSE,NA,NA,"<= day","daily",NA,NA,NA
"1960-03-16",12400,FALSE,NA,NA,"<= day","daily",NA,NA,NA
"1960-03-17",32200,FALSE,NA,NA,"<= day","daily",NA,NA,NA
"1960-03-18",32800,FALSE,NA,NA,"<= day","daily",NA,NA,NA
"1960-03-19",32800,FALSE,NA,NA,"<= day","daily",NA,NA,NA
"1960-03-20",16400,FALSE,NA,NA,"<= day","daily",NA,NA,NA
"1960-03-21",10600,FALSE,NA,NA,"<= day","daily",NA,NA,NA
"1960-03-22",7520,FALSE,NA,NA,"<= day","daily",NA,NA,NA
"1960-03-23",6120,FALSE,NA,NA,"<= day","daily",NA,NA,NA
"1960-03-24",5230,FALSE,NA,NA,"<= day","daily",NA,NA,NA
"1960-03-25",5230,FALSE,NA,NA,"<= day","daily",NA,NA,NA
"1960-03-26",4250,FALSE,NA,NA,"<= day","daily",NA,NA,NA
"1960-03-27",4250,FALSE,NA,NA,"<= day","daily",NA,NA,NA
"1960-03-28",4140,FALSE,NA,NA,"<= day","daily",NA,NA,NA
"1960-03-29",4020,FALSE,NA,NA,"<= day","daily",NA,NA,NA
"1960-03-30",4020,FALSE,NA,NA,"<= day","daily",NA,NA,NA
"1960-03-31",4250,FALSE,NA,NA,"<= day","daily",NA,NA,NA
"1960-04-01",4480,FALSE,NA,NA,"<= day","daily",NA,NA,NA
"1960-04-02",4600,FALSE,NA,NA,"<= day","daily",NA,NA,NA
"1960-04-03",4250,FALSE,NA,NA,"<= day","daily",NA,NA,NA
"1960-04-04",4140,FALSE,NA,NA,"<= day","daily",NA,NA,NA
"1960-04-05",4020,FALSE,NA,NA,"<= day","daily",NA,NA,NA
"1960-04-06",3910,FALSE,NA,NA,"<= day","daily",NA,NA,NA
"1960-04-07",3790,FALSE,NA,NA,"<= day","daily",NA,NA,NA
"1960-04-08",3680,FALSE,NA,NA,"<= day","daily",NA,NA,NA
"1960-04-09",3560,FALSE,NA,NA,"<= day","daily",NA,NA,NA
"1960-04-10",3560,FALSE,NA,NA,"<= day","daily",NA,NA,NA
"1960-04-11",3450,FALSE,NA,NA,"<= day","daily",NA,NA,NA
"1960-04-12",3340,FALSE,NA,NA,"<= day","daily",NA,NA,NA
"1960-04-13",3230,FALSE,NA,NA,"<= day","daily",NA,NA,NA
"1960-04-14",3120,FALSE,NA,NA,"<= day","daily",NA,NA,NA
"1960-04-15",3120,FALSE,NA,NA,"<= day","daily",NA,NA,NA
"1960-04-16",3340,FALSE,NA,NA,"<= day","daily",NA,NA,NA
"1960-04-17",3680,FALSE,NA,NA,"<= day","daily",NA,NA,NA
"1960-04-18",4140,FALSE,NA,NA,"<= day","daily",NA,NA,NA
"1960-04-19",4140,FALSE,NA,NA,"<= day","daily",NA,NA,NA
"1960-04-20",4020,FALSE,NA,NA,"<= day","daily",NA,NA,NA
"1960-04-21",7370,FALSE,NA,NA,"<= day","daily",NA,NA,NA
"1960-04-22",7080,FALSE,NA,NA,"<= day","daily",NA,NA,NA
"1960-04-23",5360,FALSE,NA,NA,"<= day","daily",NA,NA,NA
"1960-04-24",4250,FALSE,NA,NA,"<= day","daily",NA,NA,NA
"1960-04-25",4370,FALSE,NA,NA,"<= day","daily",NA,NA,NA
"1960-04-26",6120,FALSE,NA,NA,"<= day","daily",NA,NA,NA
"1960-04-27",6250,FALSE,NA,NA,"<= day","daily",NA,NA,NA
"1960-04-28",4850,FALSE,NA,NA,"<= day","daily",NA,NA,NA
"1960-04-29",4370,FALSE,NA,NA,"<= day","daily",NA,NA,NA
"1960-04-30",4250,FALSE,NA,NA,"<= day","daily",NA,NA,NA
"1960-05-01",6370,FALSE,NA,NA,"<= day","daily",NA,NA,NA
"1960-05-02",7370,FALSE,NA,NA,"<= day","daily",NA,NA,NA
"1960-05-03",5990,FALSE,NA,NA,"<= day","daily",NA,NA,NA
"1960-05-04",4850,FALSE,NA,NA,"<= day","daily",NA,NA,NA
"1960-05-05",4370,FALSE,NA,NA,"<= day","daily",NA,NA,NA
"1960-05-06",4480,FALSE,NA,NA,"<= day","daily",NA,NA,NA
"1960-05-07",5740,FALSE,NA,NA,"<= day","daily",NA,NA,NA
"1960-05-08",5480,FALSE,NA,NA,"<= day","daily",NA,NA,NA
"1960-05-09",5100,FALSE,NA,NA,"<= day","daily",NA,NA,NA
"1960-05-10",4480,FALSE,NA,NA,"<= day","daily",NA,NA,NA
"1960-05-11",4250,FALSE,NA,NA,"<= day","daily",NA,NA,NA
"1960-05-12",4140,FALSE,NA,NA,"<= day","daily",NA,NA,NA
"1960-05-13",4020,FALSE,NA,NA,"<= day","daily",NA,NA,NA
"1960-05-14",3790,FALSE,NA,NA,"<= day","daily",NA,NA,NA
"1960-05-15",3680,FALSE,NA,NA,"<= day","daily",NA,NA,NA
"1960-05-16",3680,FALSE,NA,NA,"<= day","daily",NA,NA,NA
"1960-05-17",3680,FALSE,NA,NA,"<= day","daily",NA,NA,NA
"1960-05-18",3560,FALSE,NA,NA,"<= day","daily",NA,NA,NA
"1960-05-19",3230,FALSE,NA,NA,"<= day","daily",NA,NA,NA
"1960-05-20",3010,FALSE,NA,NA,"<= day","daily",NA,NA,NA
"1960-05-21",2800,FALSE,NA,NA,"<= day","daily",NA,NA,NA
"1960-05-22",2600,FALSE,NA,NA,"<= day","daily",NA,NA,NA
"1960-05-23",2500,FALSE,NA,NA,"<= day","daily",NA,NA,NA
"1960-05-24",2700,FALSE,NA,NA,"<= day","daily",NA,NA,NA
"1960-05-25",2500,FALSE,NA,NA,"<= day","daily",NA,NA,NA
"1960-05-26",2400,FALSE,NA,NA,"<= day","daily",NA,NA,NA
"1960-05-27",2310,FALSE,NA,NA,"<= day","daily",NA,NA,NA
"1960-05-28",2310,FALSE,NA,NA,"<= day","daily",NA,NA,NA
"1960-05-29",2220,FALSE,NA,NA,"<= day","daily",NA,NA,NA
"1960-05-30",2130,FALSE,NA,NA,"<= day","daily",NA,NA,NA
"1960-05-31",1950,FALSE,NA,NA,"<= day","daily",NA,NA,NA
"1960-06-01",1950,FALSE,NA,NA,"<= day","daily",NA,NA,NA
"1960-06-02",1710,FALSE,NA,NA,"<= day","daily",NA,NA,NA
"1960-06-03",1790,FALSE,NA,NA,"<= day","daily",NA,NA,NA
"1960-06-04",1950,FALSE,NA,NA,"<= day","daily",NA,NA,NA
"1960-06-05",1950,FALSE,NA,NA,"<= day","daily",NA,NA,NA
"1960-06-06",1790,FALSE,NA,NA,"<= day","daily",NA,NA,NA
"1960-06-07",1790,FALSE,NA,NA,"<= day","daily",NA,NA,NA
"1960-06-08",1790,FALSE,NA,NA,"<= day","daily",NA,NA,NA
"1960-06-09",1710,FALSE,NA,NA,"<= day","daily",NA,NA,NA
"1960-06-10",1790,FALSE,NA,NA,"<= day","daily",NA,NA,NA
"1960-06-11",1710,FALSE,NA,NA,"<= day","daily",NA,NA,NA
"1960-06-12",1870,FALSE,NA,NA,"<= day","daily",NA,NA,NA
"1960-06-13",1630,FALSE,NA,NA,"<= day","daily",NA,NA,NA
"1960-06-14",1550,FALSE,NA,NA,"<= day","daily",NA,NA,NA
"1960-06-15",1550,FALSE,NA,NA,"<= day","daily",NA,NA,NA
"1960-06-16",1550,FALSE,NA,NA,"<= day","daily",NA,NA,NA
"1960-06-17",1790,FALSE,NA,NA,"<= day","daily",NA,NA,NA
"1960-06-18",1630,FALSE,NA,NA,"<= day","daily",NA,NA,NA
"1960-06-19",1550,FALSE,NA,NA,"<= day","daily",NA,NA,NA
"1960-06-20",1480,FALSE,NA,NA,"<= day","daily",NA,NA,NA
"1960-06-21",1480,FALSE,NA,NA,"<= day","daily",NA,NA,NA
"1960-06-22",1480,FALSE,NA,NA,"<= day","daily",NA,NA,NA
"1960-06-23",1480,FALSE,NA,NA,"<= day","daily",NA,NA,NA
"1960-06-24",1410,FALSE,NA,NA,"<= day","daily",NA,NA,NA
"1960-06-25",1410,FALSE,NA,NA,"<= day","daily",NA,NA,NA
"1960-06-26",1410,FALSE,NA,NA,"<= day","daily",NA,NA,NA
"1960-06-27",1340,FALSE,NA,NA,"<= day","daily",NA,NA,NA
"1960-06-28",1340,FALSE,NA,NA,"<= day","daily",NA,NA,NA
"1960-06-29",1340,FALSE,NA,NA,"<= day","daily",NA,NA,NA
"1960-06-30",1550,FALSE,NA,NA,"<= day","daily",NA,NA,NA
"1960-07-01",2700,FALSE,NA,NA,"<= day","daily",NA,NA,NA
"1960-07-02",2500,FALSE,NA,NA,"<= day","daily",NA,NA,NA
"1960-07-03",2220,FALSE,NA,NA,"<= day","daily",NA,NA,NA
"1960-07-04",3120,FALSE,NA,NA,"<= day","daily",NA,NA,NA
"1960-07-05",2500,FALSE,NA,NA,"<= day","daily",NA,NA,NA
"1960-07-06",2040,FALSE,NA,NA,"<= day","daily",NA,NA,NA
"1960-07-07",1950,FALSE,NA,NA,"<= day","daily",NA,NA,NA
"1960-07-08",1870,FALSE,NA,NA,"<= day","daily",NA,NA,NA
"1960-07-09",1710,FALSE,NA,NA,"<= day","daily",NA,NA,NA
"1960-07-10",1790,FALSE,NA,NA,"<= day","daily",NA,NA,NA
"1960-07-11",1710,FALSE,NA,NA,"<= day","daily",NA,NA,NA
"1960-07-12",1630,FALSE,NA,NA,"<= day","daily",NA,NA,NA
"1960-07-13",1950,FALSE,NA,NA,"<= day","daily",NA,NA,NA
"1960-07-14",2700,FALSE,NA,NA,"<= day","daily",NA,NA,NA
"1960-07-15",2040,FALSE,NA,NA,"<= day","daily",NA,NA,NA
"1960-07-16",1870,FALSE,NA,NA,"<= day","daily",NA,NA,NA
"1960-07-17",2310,FALSE,NA,NA,"<= day","daily",NA,NA,NA
"1960-07-18",2310,FALSE,NA,NA,"<= day","daily",NA,NA,NA
"1960-07-19",2130,FALSE,NA,NA,"<= day","daily",NA,NA,NA
"1960-07-20",1950,FALSE,NA,NA,"<= day","daily",NA,NA,NA
"1960-07-21",1870,FALSE,NA,NA,"<= day","daily",NA,NA,NA
"1960-07-22",1790,FALSE,NA,NA,"<= day","daily",NA,NA,NA
"1960-07-23",1630,FALSE,NA,NA,"<= day","daily",NA,NA,NA
"1960-07-24",3120,FALSE,NA,NA,"<= day","daily",NA,NA,NA
"1960-07-25",4730,FALSE,NA,NA,"<= day","daily",NA,NA,NA
"1960-07-26",4140,FALSE,NA,NA,"<= day","daily",NA,NA,NA
"1960-07-27",3230,FALSE,NA,NA,"<= day","daily",NA,NA,NA
"1960-07-28",3910,FALSE,NA,NA,"<= day","daily",NA,NA,NA
"1960-07-29",4600,FALSE,NA,NA,"<= day","daily",NA,NA,NA
"1960-07-30",4250,FALSE,NA,NA,"<= day","daily",NA,NA,NA
"1960-07-31",3340,FALSE,NA,NA,"<= day","daily",NA,NA,NA
"1960-08-01",2800,FALSE,NA,NA,"<= day","daily",NA,NA,NA
"1960-08-02",2500,FALSE,NA,NA,"<= day","daily",NA,NA,NA
"1960-08-03",2400,FALSE,NA,NA,"<= day","daily",NA,NA,NA
"1960-08-04",2310,FALSE,NA,NA,"<= day","daily",NA,NA,NA
"1960-08-05",2130,FALSE,NA,NA,"<= day","daily",NA,NA,NA
"1960-08-06",2040,FALSE,NA,NA,"<= day","daily",NA,NA,NA
"1960-08-07",4730,FALSE,NA,NA,"<= day","daily",NA,NA,NA
"1960-08-08",4020,FALSE,NA,NA,"<= day","daily",NA,NA,NA
"1960-08-09",6940,FALSE,NA,NA,"<= day","daily",NA,NA,NA
"1960-08-10",8100,FALSE,NA,NA,"<= day","daily",NA,NA,NA
"1960-08-11",5230,FALSE,NA,NA,"<= day","daily",NA,NA,NA
"1960-08-12",4730,FALSE,NA,NA,"<= day","daily",NA,NA,NA
"1960-08-13",4140,FALSE,NA,NA,"<= day","daily",NA,NA,NA
"1960-08-14",4370,FALSE,NA,NA,"<= day","daily",NA,NA,NA
"1960-08-15",4140,FALSE,NA,NA,"<= day","daily",NA,NA,NA
"1960-08-16",3790,FALSE,NA,NA,"<= day","daily",NA,NA,NA
"1960-08-17",4020,FALSE,NA,NA,"<= day","daily",NA,NA,NA
"1960-08-18",3790,FALSE,NA,NA,"<= day","daily",NA,NA,NA
"1960-08-19",3560,FALSE,NA,NA,"<= day","daily",NA,NA,NA
"1960-08-20",4020,FALSE,NA,NA,"<= day","daily",NA,NA,NA
"1960-08-21",4020,FALSE,NA,NA,"<= day","daily",NA,NA,NA
"1960-08-22",3560,FALSE,NA,NA,"<= day","daily",NA,NA,NA
"1960-08-23",3120,FALSE,NA,NA,"<= day","daily",NA,NA,NA
"1960-08-24",2700,FALSE,NA,NA,"<= day","daily",NA,NA,NA
"1960-08-25",2500,FALSE,NA,NA,"<= day","daily",NA,NA,NA
"1960-08-26",2310,FALSE,NA,NA,"<= day","daily",NA,NA,NA
"1960-08-27",2220,FALSE,NA,NA,"<= day","daily",NA,NA,NA
"1960-08-28",2040,FALSE,NA,NA,"<= day","daily",NA,NA,NA
"1960-08-29",1950,FALSE,NA,NA,"<= day","daily",NA,NA,NA
"1960-08-30",1790,FALSE,NA,NA,"<= day","daily",NA,NA,NA
"1960-08-31",4020,FALSE,NA,NA,"<= day","daily",NA,NA,NA
"1960-09-01",5610,FALSE,NA,NA,"<= day","daily",NA,NA,NA
"1960-09-02",4480,FALSE,NA,NA,"<= day","daily",NA,NA,NA
"1960-09-03",3560,FALSE,NA,NA,"<= day","daily",NA,NA,NA
"1960-09-04",3450,FALSE,NA,NA,"<= day","daily",NA,NA,NA
"1960-09-05",3450,FALSE,NA,NA,"<= day","daily",NA,NA,NA
"1960-09-06",4250,FALSE,NA,NA,"<= day","daily",NA,NA,NA
"1960-09-07",11200,FALSE,NA,NA,"<= day","daily",NA,NA,NA
"1960-09-08",13300,FALSE,NA,NA,"<= day","daily",NA,NA,NA
"1960-09-09",11900,FALSE,NA,NA,"<= day","daily",NA,NA,NA
"1960-09-10",10000,FALSE,NA,NA,"<= day","daily",NA,NA,NA
"1960-09-11",6250,FALSE,NA,NA,"<= day","daily",NA,NA,NA
"1960-09-12",5100,FALSE,NA,NA,"<= day","daily",NA,NA,NA
"1960-09-13",4600,FALSE,NA,NA,"<= day","daily",NA,NA,NA
"1960-09-14",4250,FALSE,NA,NA,"<= day","daily",NA,NA,NA
"1960-09-15",3680,FALSE,NA,NA,"<= day","daily",NA,NA,NA
"1960-09-16",3560,FALSE,NA,NA,"<= day","daily",NA,NA,NA
"1960-09-17",3340,FALSE,NA,NA,"<= day","daily",NA,NA,NA
"1960-09-18",4140,FALSE,NA,NA,"<= day","daily",NA,NA,NA
"1960-09-19",16900,FALSE,NA,NA,"<= day","daily",NA,NA,NA
"1960-09-20",35800,FALSE,NA,NA,"<= day","daily",NA,NA,NA
"1960-09-21",37700,FALSE,NA,NA,"<= day","daily",NA,NA,NA
"1960-09-22",37700,FALSE,NA,NA,"<= day","daily",NA,NA,NA
"1960-09-23",37700,FALSE,NA,NA,"<= day","daily",NA,NA,NA
"1960-09-24",37700,FALSE,NA,NA,"<= day","daily",NA,NA,NA
"1960-09-25",29300,FALSE,NA,NA,"<= day","daily",NA,NA,NA
"1960-09-26",15800,FALSE,NA,NA,"<= day","daily",NA,NA,NA
"1960-09-27",7810,FALSE,NA,NA,"<= day","daily",NA,NA,NA
"1960-09-28",6940,FALSE,NA,NA,"<= day","daily",NA,NA,NA
"1960-09-29",12600,FALSE,NA,NA,"<= day","daily",NA,NA,NA
"1960-09-30",18700,FALSE,NA,NA,"<= day","daily",NA,NA,NA
"1960-10-01",30500,FALSE,NA,NA,"<= day","daily",NA,NA,NA
"1960-10-02",27500,FALSE,NA,NA,"<= day","daily",NA,NA,NA
"1960-10-03",16400,FALSE,NA,NA,"<= day","daily",NA,NA,NA
"1960-10-04",11200,FALSE,NA,NA,"<= day","daily",NA,NA,NA
"1960-10-05",8100,FALSE,NA,NA,"<= day","daily",NA,NA,NA
"1960-10-06",6500,FALSE,NA,NA,"<= day","daily",NA,NA,NA
"1960-10-07",7810,FALSE,NA,NA,"<= day","daily",NA,NA,NA
"1960-10-08",16400,FALSE,NA,NA,"<= day","daily",NA,NA,NA
"1960-10-09",14700,FALSE,NA,NA,"<= day","daily",NA,NA,NA
"1960-10-10",10900,FALSE,NA,NA,"<= day","daily",NA,NA,NA
"1960-10-11",8400,FALSE,NA,NA,"<= day","daily",NA,NA,NA
"1960-10-12",15800,FALSE,NA,NA,"<= day","daily",NA,NA,NA
"1960-10-13",22400,FALSE,NA,NA,"<= day","daily",NA,NA,NA
"1960-10-14",22400,FALSE,NA,NA,"<= day","daily",NA,NA,NA
"1960-10-15",15600,FALSE,NA,NA,"<= day","daily",NA,NA,NA
"1960-10-16",12800,FALSE,NA,NA,"<= day","daily",NA,NA,NA
"1960-10-17",14300,FALSE,NA,NA,"<= day","daily",NA,NA,NA
"1960-10-18",12600,FALSE,NA,NA,"<= day","daily",NA,NA,NA
"1960-10-19",9450,FALSE,NA,NA,"<= day","daily",NA,NA,NA
"1960-10-20",7660,FALSE,NA,NA,"<= day","daily",NA,NA,NA
"1960-10-21",6370,FALSE,NA,NA,"<= day","daily",NA,NA,NA
"1960-10-22",7370,FALSE,NA,NA,"<= day","daily",NA,NA,NA
"1960-10-23",9150,FALSE,NA,NA,"<= day","daily",NA,NA,NA
"1960-10-24",7810,FALSE,NA,NA,"<= day","daily",NA,NA,NA
"1960-10-25",6500,FALSE,NA,NA,"<= day","daily",NA,NA,NA
"1960-10-26",10500,FALSE,NA,NA,"<= day","daily",NA,NA,NA
"1960-10-27",20700,FALSE,NA,NA,"<= day","daily",NA,NA,NA
"1960-10-28",18500,FALSE,NA,NA,"<= day","daily",NA,NA,NA
"1960-10-29",12900,FALSE,NA,NA,"<= day","daily",NA,NA,NA
"1960-10-30",8250,FALSE,NA,NA,"<= day","daily",NA,NA,NA
"1960-10-31",7230,FALSE,NA,NA,"<= day","daily",NA,NA,NA
"1960-11-01",6120,FALSE,NA,NA,"<= day","daily",NA,NA,NA
"1960-11-02",5360,FALSE,NA,NA,"<= day","daily",NA,NA,NA
"1960-11-03",5480,FALSE,NA,NA,"<= day","daily",NA,NA,NA
"1960-11-04",8550,FALSE,NA,NA,"<= day","daily",NA,NA,NA
"1960-11-05",7370,FALSE,NA,NA,"<= day","daily",NA,NA,NA
"1960-11-06",8400,FALSE,NA,NA,"<= day","daily",NA,NA,NA
"1960-11-07",10000,FALSE,NA,NA,"<= day","daily",NA,NA,NA
"1960-11-08",8550,FALSE,NA,NA,"<= day","daily",NA,NA,NA
"1960-11-09",7080,FALSE,NA,NA,"<= day","daily",NA,NA,NA
"1960-11-10",6120,FALSE,NA,NA,"<= day","daily",NA,NA,NA
"1960-11-11",5480,FALSE,NA,NA,"<= day","daily",NA,NA,NA
"1960-11-12",4980,FALSE,NA,NA,"<= day","daily",NA,NA,NA
"1960-11-13",4730,FALSE,NA,NA,"<= day","daily",NA,NA,NA
"1960-11-14",5870,FALSE,NA,NA,"<= day","daily",NA,NA,NA
"1960-11-15",12600,FALSE,NA,NA,"<= day","daily",NA,NA,NA
"1960-11-16",12300,FALSE,NA,NA,"<= day","daily",NA,NA,NA
"1960-11-17",9450,FALSE,NA,NA,"<= day","daily",NA,NA,NA
"1960-11-18",8850,FALSE,NA,NA,"<= day","daily",NA,NA,NA
"1960-11-19",7660,FALSE,NA,NA,"<= day","daily",NA,NA,NA
"1960-11-20",16900,FALSE,NA,NA,"<= day","daily",NA,NA,NA
"1960-11-21",29900,FALSE,NA,NA,"<= day","daily",NA,NA,NA
"1960-11-22",20700,FALSE,NA,NA,"<= day","daily",NA,NA,NA
"1960-11-23",13300,FALSE,NA,NA,"<= day","daily",NA,NA,NA
"1960-11-24",9000,FALSE,NA,NA,"<= day","daily",NA,NA,NA
"1960-11-25",6790,FALSE,NA,NA,"<= day","daily",NA,NA,NA
"1960-11-26",5740,FALSE,NA,NA,"<= day","daily",NA,NA,NA
"1960-11-27",5100,FALSE,NA,NA,"<= day","daily",NA,NA,NA
"1960-11-28",4480,FALSE,NA,NA,"<= day","daily",NA,NA,NA
"1960-11-29",13300,FALSE,NA,NA,"<= day","daily",NA,NA,NA
"1960-11-30",35100,FALSE,NA,NA,"<= day","daily",NA,NA,NA
"1960-12-01",34500,FALSE,NA,NA,"<= day","daily",NA,NA,NA
"1960-12-02",34500,FALSE,NA,NA,"<= day","daily",NA,NA,NA
"1960-12-03",17700,FALSE,NA,NA,"<= day","daily",NA,NA,NA
"1960-12-04",9600,FALSE,NA,NA,"<= day","daily",NA,NA,NA
"1960-12-05",7370,FALSE,NA,NA,"<= day","daily",NA,NA,NA
"1960-12-06",6120,FALSE,NA,NA,"<= day","daily",NA,NA,NA
"1960-12-07",5360,FALSE,NA,NA,"<= day","daily",NA,NA,NA
"1960-12-08",12400,FALSE,NA,NA,"<= day","daily",NA,NA,NA
"1960-12-09",19000,FALSE,NA,NA,"<= day","daily",NA,NA,NA
"1960-12-10",32800,FALSE,NA,NA,"<= day","daily",NA,NA,NA
"1960-12-11",35100,FALSE,NA,NA,"<= day","daily",NA,NA,NA
"1960-12-12",35800,FALSE,NA,NA,"<= day","daily",NA,NA,NA
"1960-12-13",35100,FALSE,NA,NA,"<= day","daily",NA,NA,NA
"1960-12-14",30500,FALSE,NA,NA,"<= day","daily",NA,NA,NA
"1960-12-15",14700,FALSE,NA,NA,"<= day","daily",NA,NA,NA
"1960-12-16",11100,FALSE,NA,NA,"<= day","daily",NA,NA,NA
"1960-12-17",9740,FALSE,NA,NA,"<= day","daily",NA,NA,NA
"1960-12-18",9450,FALSE,NA,NA,"<= day","daily",NA,NA,NA
"1960-12-19",13600,FALSE,NA,NA,"<= day","daily",NA,NA,NA
"1960-12-20",16000,FALSE,NA,NA,"<= day","daily",NA,NA,NA
"1960-12-21",15600,FALSE,NA,NA,"<= day","daily",NA,NA,NA
"1960-12-22",35100,FALSE,NA,NA,"<= day","daily",NA,NA,NA
"1960-12-23",36400,FALSE,NA,NA,"<= day","daily",NA,NA,NA
"1960-12-24",35800,FALSE,NA,NA,"<= day","daily",NA,NA,NA
"1960-12-25",18500,FALSE,NA,NA,"<= day","daily",NA,NA,NA
"1960-12-26",12900,FALSE,NA,NA,"<= day","daily",NA,NA,NA
"1960-12-27",9000,FALSE,NA,NA,"<= day","daily",NA,NA,NA
"1960-12-28",7520,FALSE,NA,NA,"<= day","daily",NA,NA,NA
"1960-12-29",6650,FALSE,NA,NA,"<= day","daily",NA,NA,NA
"1960-12-30",5990,FALSE,NA,NA,"<= day","daily",NA,NA,NA
"1960-12-31",5360,FALSE,NA,NA,"<= day","daily",NA,NA,NA
"1961-01-01",4980,FALSE,NA,NA,"<= day","daily",NA,NA,NA
"1961-01-02",4850,FALSE,NA,NA,"<= day","daily",NA,NA,NA
"1961-01-03",4600,FALSE,NA,NA,"<= day","daily",NA,NA,NA
"1961-01-04",5230,FALSE,NA,NA,"<= day","daily",NA,NA,NA
"1961-01-05",15400,FALSE,NA,NA,"<= day","daily",NA,NA,NA
"1961-01-06",18700,FALSE,NA,NA,"<= day","daily",NA,NA,NA
"1961-01-07",14300,FALSE,NA,NA,"<= day","daily",NA,NA,NA
"1961-01-08",10900,FALSE,NA,NA,"<= day","daily",NA,NA,NA
"1961-01-09",8550,FALSE,NA,NA,"<= day","daily",NA,NA,NA
"1961-01-10",7520,FALSE,NA,NA,"<= day","daily",NA,NA,NA
"1961-01-11",6650,FALSE,NA,NA,"<= day","daily",NA,NA,NA
"1961-01-12",6500,FALSE,NA,NA,"<= day","daily",NA,NA,NA
"1961-01-13",9000,FALSE,NA,NA,"<= day","daily",NA,NA,NA
"1961-01-14",9000,FALSE,NA,NA,"<= day","daily",NA,NA,NA
"1961-01-15",8550,FALSE,NA,NA,"<= day","daily",NA,NA,NA
"1961-01-16",6500,FALSE,NA,NA,"<= day","daily",NA,NA,NA
"1961-01-17",5480,FALSE,NA,NA,"<= day","daily",NA,NA,NA
"1961-01-18",5100,FALSE,NA,NA,"<= day","daily",NA,NA,NA
"1961-01-19",4020,FALSE,NA,NA,"<= day","daily",NA,NA,NA
"1961-01-20",4250,FALSE,NA,NA,"<= day","daily",NA,NA,NA
"1961-01-21",4140,FALSE,NA,NA,"<= day","daily",NA,NA,NA
"1961-01-22",4020,FALSE,NA,NA,"<= day","daily",NA,NA,NA
"1961-01-23",3910,FALSE,NA,NA,"<= day","daily",NA,NA,NA
"1961-01-24",3910,FALSE,NA,NA,"<= day","daily",NA,NA,NA
"1961-01-25",3790,FALSE,NA,NA,"<= day","daily",NA,NA,NA
"1961-01-26",3680,FALSE,NA,NA,"<= day","daily",NA,NA,NA
"1961-01-27",3560,FALSE,NA,NA,"<= day","daily",NA,NA,NA
"1961-01-28",3450,FALSE,NA,NA,"<= day","daily",NA,NA,NA
"1961-01-29",3340,FALSE,NA,NA,"<= day","daily",NA,NA,NA
"1961-01-30",3340,FALSE,NA,NA,"<= day","daily",NA,NA,NA
"1961-01-31",3230,FALSE,NA,NA,"<= day","daily",NA,NA,NA
"1961-02-01",3340,FALSE,NA,NA,"<= day","daily",NA,NA,NA
"1961-02-02",9890,FALSE,NA,NA,"<= day","daily",NA,NA,NA
"1961-02-03",10600,FALSE,NA,NA,"<= day","daily",NA,NA,NA
"1961-02-04",7810,FALSE,NA,NA,"<= day","daily",NA,NA,NA
"1961-02-05",7080,FALSE,NA,NA,"<= day","daily",NA,NA,NA
"1961-02-06",4730,FALSE,NA,NA,"<= day","daily",NA,NA,NA
"1961-02-07",4250,FALSE,NA,NA,"<= day","daily",NA,NA,NA
"1961-02-08",4140,FALSE,NA,NA,"<= day","daily",NA,NA,NA
"1961-02-09",4020,FALSE,NA,NA,"<= day","daily",NA,NA,NA
"1961-02-10",3910,FALSE,NA,NA,"<= day","daily",NA,NA,NA
"1961-02-11",3790,FALSE,NA,NA,"<= day","daily",NA,NA,NA
"1961-02-12",3790,FALSE,NA,NA,"<= day","daily",NA,NA,NA
"1961-02-13",3790,FALSE,NA,NA,"<= day","daily",NA,NA,NA
"1961-02-14",3790,FALSE,NA,NA,"<= day","daily",NA,NA,NA
"1961-02-15",3790,FALSE,NA,NA,"<= day","daily",NA,NA,NA
"1961-02-16",3790,FALSE,NA,NA,"<= day","daily",NA,NA,NA
"1961-02-17",3790,FALSE,NA,NA,"<= day","daily",NA,NA,NA
"1961-02-18",3790,FALSE,NA,NA,"<= day","daily",NA,NA,NA
"1961-02-19",3790,FALSE,NA,NA,"<= day","daily",NA,NA,NA
"1961-02-20",3790,FALSE,NA,NA,"<= day","daily",NA,NA,NA
"1961-02-21",3680,FALSE,NA,NA,"<= day","daily",NA,NA,NA
"1961-02-22",3680,FALSE,NA,NA,"<= day","daily",NA,NA,NA
"1961-02-23",3560,FALSE,NA,NA,"<= day","daily",NA,NA,NA
"1961-02-24",3560,FALSE,NA,NA,"<= day","daily",NA,NA,NA
"1961-02-25",3560,FALSE,NA,NA,"<= day","daily",NA,NA,NA
"1961-02-26",3450,FALSE,NA,NA,"<= day","daily",NA,NA,NA
"1961-02-27",3340,FALSE,NA,NA,"<= day","daily",NA,NA,NA
"1961-02-28",3230,FALSE,NA,NA,"<= day","daily",NA,NA,NA
"1961-03-01",3120,FALSE,NA,NA,"<= day","daily",NA,NA,NA
"1961-03-02",3790,FALSE,NA,NA,"<= day","daily",NA,NA,NA
"1961-03-03",3790,FALSE,NA,NA,"<= day","daily",NA,NA,NA
"1961-03-04",3680,FALSE,NA,NA,"<= day","daily",NA,NA,NA
"1961-03-05",3340,FALSE,NA,NA,"<= day","daily",NA,NA,NA
"1961-03-06",3120,FALSE,NA,NA,"<= day","daily",NA,NA,NA
"1961-03-07",3010,FALSE,NA,NA,"<= day","daily",NA,NA,NA
"1961-03-08",2900,FALSE,NA,NA,"<= day","daily",NA,NA,NA
"1961-03-09",2700,FALSE,NA,NA,"<= day","daily",NA,NA,NA
"1961-03-10",2600,FALSE,NA,NA,"<= day","daily",NA,NA,NA
"1961-03-11",2500,FALSE,NA,NA,"<= day","daily",NA,NA,NA
"1961-03-12",2400,FALSE,NA,NA,"<= day","daily",NA,NA,NA
"1961-03-13",2310,FALSE,NA,NA,"<= day","daily",NA,NA,NA
"1961-03-14",2220,FALSE,NA,NA,"<= day","daily",NA,NA,NA
"1961-03-15",2220,FALSE,NA,NA,"<= day","daily",NA,NA,NA
"1961-03-16",2130,FALSE,NA,NA,"<= day","daily",NA,NA,NA
"1961-03-17",2130,FALSE,NA,NA,"<= day","daily",NA,NA,NA
"1961-03-18",2130,FALSE,NA,NA,"<= day","daily",NA,NA,NA
"1961-03-19",1950,FALSE,NA,NA,"<= day","daily",NA,NA,NA
"1961-03-20",2310,FALSE,NA,NA,"<= day","daily",NA,NA,NA
"1961-03-21",3120,FALSE,NA,NA,"<= day","daily",NA,NA,NA
"1961-03-22",3910,FALSE,NA,NA,"<= day","daily",NA,NA,NA
"1961-03-23",4140,FALSE,NA,NA,"<= day","daily",NA,NA,NA
"1961-03-24",4480,FALSE,NA,NA,"<= day","daily",NA,NA,NA
"1961-03-25",4980,FALSE,NA,NA,"<= day","daily",NA,NA,NA
"1961-03-26",4600,FALSE,NA,NA,"<= day","daily",NA,NA,NA
"1961-03-27",4250,FALSE,NA,NA,"<= day","daily",NA,NA,NA
"1961-03-28",4140,FALSE,NA,NA,"<= day","daily",NA,NA,NA
"1961-03-29",4020,FALSE,NA,NA,"<= day","daily",NA,NA,NA
"1961-03-30",3910,FALSE,NA,NA,"<= day","daily",NA,NA,NA
"1961-03-31",3560,FALSE,NA,NA,"<= day","daily",NA,NA,NA
"1961-04-01",3340,FALSE,NA,NA,"<= day","daily",NA,NA,NA
"1961-04-02",3120,FALSE,NA,NA,"<= day","daily",NA,NA,NA
"1961-04-03",2900,FALSE,NA,NA,"<= day","daily",NA,NA,NA
"1961-04-04",2800,FALSE,NA,NA,"<= day","daily",NA,NA,NA
"1961-04-05",2700,FALSE,NA,NA,"<= day","daily",NA,NA,NA
"1961-04-06",2500,FALSE,NA,NA,"<= day","daily",NA,NA,NA
"1961-04-07",2400,FALSE,NA,NA,"<= day","daily",NA,NA,NA
"1961-04-08",2220,FALSE,NA,NA,"<= day","daily",NA,NA,NA
"1961-04-09",2130,FALSE,NA,NA,"<= day","daily",NA,NA,NA
"1961-04-10",2040,FALSE,NA,NA,"<= day","daily",NA,NA,NA
"1961-04-11",1870,FALSE,NA,NA,"<= day","daily",NA,NA,NA
"1961-04-12",1790,FALSE,NA,NA,"<= day","daily",NA,NA,NA
"1961-04-13",1790,FALSE,NA,NA,"<= day","daily",NA,NA,NA
"1961-04-14",1870,FALSE,NA,NA,"<= day","daily",NA,NA,NA
"1961-04-15",1630,FALSE,NA,NA,"<= day","daily",NA,NA,NA
"1961-04-16",1630,FALSE,NA,NA,"<= day","daily",NA,NA,NA
"1961-04-17",1630,FALSE,NA,NA,"<= day","daily",NA,NA,NA
"1961-04-18",2040,FALSE,NA,NA,"<= day","daily",NA,NA,NA
"1961-04-19",2310,FALSE,NA,NA,"<= day","daily",NA,NA,NA
"1961-04-20",3120,FALSE,NA,NA,"<= day","daily",NA,NA,NA
"1961-04-21",3230,FALSE,NA,NA,"<= day","daily",NA,NA,NA
"1961-04-22",2900,FALSE,NA,NA,"<= day","daily",NA,NA,NA
"1961-04-23",2310,FALSE,NA,NA,"<= day","daily",NA,NA,NA
"1961-04-24",2700,FALSE,NA,NA,"<= day","daily",NA,NA,NA
"1961-04-25",6790,FALSE,NA,NA,"<= day","daily",NA,NA,NA
"1961-04-26",9740,FALSE,NA,NA,"<= day","daily",NA,NA,NA
"1961-04-27",5870,FALSE,NA,NA,"<= day","daily",NA,NA,NA
"1961-04-28",4980,FALSE,NA,NA,"<= day","daily",NA,NA,NA
"1961-04-29",4020,FALSE,NA,NA,"<= day","daily",NA,NA,NA
"1961-04-30",3910,FALSE,NA,NA,"<= day","daily",NA,NA,NA
"1961-05-01",7660,FALSE,NA,NA,"<= day","daily",NA,NA,NA
"1961-05-02",6500,FALSE,NA,NA,"<= day","daily",NA,NA,NA
"1961-05-03",4730,FALSE,NA,NA,"<= day","daily",NA,NA,NA
"1961-05-04",3560,FALSE,NA,NA,"<= day","daily",NA,NA,NA
"1961-05-05",3560,FALSE,NA,NA,"<= day","daily",NA,NA,NA
"1961-05-06",3340,FALSE,NA,NA,"<= day","daily",NA,NA,NA
"1961-05-07",2900,FALSE,NA,NA,"<= day","daily",NA,NA,NA
"1961-05-08",2900,FALSE,NA,NA,"<= day","daily",NA,NA,NA
"1961-05-09",2800,FALSE,NA,NA,"<= day","daily",NA,NA,NA
"1961-05-10",2900,FALSE,NA,NA,"<= day","daily",NA,NA,NA
"1961-05-11",3560,FALSE,NA,NA,"<= day","daily",NA,NA,NA
"1961-05-12",3340,FALSE,NA,NA,"<= day","daily",NA,NA,NA
"1961-05-13",2800,FALSE,NA,NA,"<= day","daily",NA,NA,NA
"1961-05-14",2700,FALSE,NA,NA,"<= day","daily",NA,NA,NA
"1961-05-15",2400,FALSE,NA,NA,"<= day","daily",NA,NA,NA
"1961-05-16",6790,FALSE,NA,NA,"<= day","daily",NA,NA,NA
"1961-05-17",16000,FALSE,NA,NA,"<= day","daily",NA,NA,NA
"1961-05-18",16000,FALSE,NA,NA,"<= day","daily",NA,NA,NA
"1961-05-19",11800,FALSE,NA,NA,"<= day","daily",NA,NA,NA
"1961-05-20",7080,FALSE,NA,NA,"<= day","daily",NA,NA,NA
"1961-05-21",5230,FALSE,NA,NA,"<= day","daily",NA,NA,NA
"1961-05-22",4600,FALSE,NA,NA,"<= day","daily",NA,NA,NA
"1961-05-23",4370,FALSE,NA,NA,"<= day","daily",NA,NA,NA
"1961-05-24",4250,FALSE,NA,NA,"<= day","daily",NA,NA,NA
"1961-05-25",4020,FALSE,NA,NA,"<= day","daily",NA,NA,NA
"1961-05-26",3910,FALSE,NA,NA,"<= day","daily",NA,NA,NA
"1961-05-27",3680,FALSE,NA,NA,"<= day","daily",NA,NA,NA
"1961-05-28",3450,FALSE,NA,NA,"<= day","daily",NA,NA,NA
"1961-05-29",3790,FALSE,NA,NA,"<= day","daily",NA,NA,NA
"1961-05-30",7520,FALSE,NA,NA,"<= day","daily",NA,NA,NA
"1961-05-31",4980,FALSE,NA,NA,"<= day","daily",NA,NA,NA
"1961-06-01",4370,FALSE,NA,NA,"<= day","daily",NA,NA,NA
"1961-06-02",4140,FALSE,NA,NA,"<= day","daily",NA,NA,NA
"1961-06-03",3790,FALSE,NA,NA,"<= day","daily",NA,NA,NA
"1961-06-04",3560,FALSE,NA,NA,"<= day","daily",NA,NA,NA
"1961-06-05",3340,FALSE,NA,NA,"<= day","daily",NA,NA,NA
"1961-06-06",3010,FALSE,NA,NA,"<= day","daily",NA,NA,NA
"1961-06-07",3450,FALSE,NA,NA,"<= day","daily",NA,NA,NA
"1961-06-08",9450,FALSE,NA,NA,"<= day","daily",NA,NA,NA
"1961-06-09",15800,FALSE,NA,NA,"<= day","daily",NA,NA,NA
"1961-06-10",16000,FALSE,NA,NA,"<= day","daily",NA,NA,NA
"1961-06-11",15400,FALSE,NA,NA,"<= day","daily",NA,NA,NA
"1961-06-12",22600,FALSE,NA,NA,"<= day","daily",NA,NA,NA
"1961-06-13",19200,FALSE,NA,NA,"<= day","daily",NA,NA,NA
"1961-06-14",14400,FALSE,NA,NA,"<= day","daily",NA,NA,NA
"1961-06-15",12300,FALSE,NA,NA,"<= day","daily",NA,NA,NA
"1961-06-16",10200,FALSE,NA,NA,"<= day","daily",NA,NA,NA
"1961-06-17",7660,FALSE,NA,NA,"<= day","daily",NA,NA,NA
"1961-06-18",5990,FALSE,NA,NA,"<= day","daily",NA,NA,NA
"1961-06-19",5230,FALSE,NA,NA,"<= day","daily",NA,NA,NA
"1961-06-20",4600,FALSE,NA,NA,"<= day","daily",NA,NA,NA
"1961-06-21",4480,FALSE,NA,NA,"<= day","daily",NA,NA,NA
"1961-06-22",4250,FALSE,NA,NA,"<= day","daily",NA,NA,NA
"1961-06-23",4250,FALSE,NA,NA,"<= day","daily",NA,NA,NA
"1961-06-24",3790,FALSE,NA,NA,"<= day","daily",NA,NA,NA
"1961-06-25",3450,FALSE,NA,NA,"<= day","daily",NA,NA,NA
"1961-06-26",3340,FALSE,NA,NA,"<= day","daily",NA,NA,NA
"1961-06-27",3340,FALSE,NA,NA,"<= day","daily",NA,NA,NA
"1961-06-28",3010,FALSE,NA,NA,"<= day","daily",NA,NA,NA
"1961-06-29",3010,FALSE,NA,NA,"<= day","daily",NA,NA,NA
"1961-06-30",3010,FALSE,NA,NA,"<= day","daily",NA,NA,NA
"1961-07-01",2900,FALSE,NA,NA,"<= day","daily",NA,NA,NA
"1961-07-02",2600,FALSE,NA,NA,"<= day","daily",NA,NA,NA
"1961-07-03",2310,FALSE,NA,NA,"<= day","daily",NA,NA,NA
"1961-07-04",2220,FALSE,NA,NA,"<= day","daily",NA,NA,NA
"1961-07-05",2220,FALSE,NA,NA,"<= day","daily",NA,NA,NA
"1961-07-06",3010,FALSE,NA,NA,"<= day","daily",NA,NA,NA
"1961-07-07",2900,FALSE,NA,NA,"<= day","daily",NA,NA,NA
"1961-07-08",2600,FALSE,NA,NA,"<= day","daily",NA,NA,NA
"1961-07-09",2500,FALSE,NA,NA,"<= day","daily",NA,NA,NA
"1961-07-10",2400,FALSE,NA,NA,"<= day","daily",NA,NA,NA
"1961-07-11",2310,FALSE,NA,NA,"<= day","daily",NA,NA,NA
"1961-07-12",2310,FALSE,NA,NA,"<= day","daily",NA,NA,NA
"1961-07-13",2310,FALSE,NA,NA,"<= day","daily",NA,NA,NA
"1961-07-14",2600,FALSE,NA,NA,"<= day","daily",NA,NA,NA
"1961-07-15",3010,FALSE,NA,NA,"<= day","daily",NA,NA,NA
"1961-07-16",2400,FALSE,NA,NA,"<= day","daily",NA,NA,NA
"1961-07-17",2310,FALSE,NA,NA,"<= day","daily",NA,NA,NA
"1961-07-18",2700,FALSE,NA,NA,"<= day","daily",NA,NA,NA
"1961-07-19",3230,FALSE,NA,NA,"<= day","daily",NA,NA,NA
"1961-07-20",3680,FALSE,NA,NA,"<= day","daily",NA,NA,NA
"1961-07-21",2900,FALSE,NA,NA,"<= day","daily",NA,NA,NA
"1961-07-22",3120,FALSE,NA,NA,"<= day","daily",NA,NA,NA
"1961-07-23",7080,FALSE,NA,NA,"<= day","daily",NA,NA,NA
"1961-07-24",14600,FALSE,NA,NA,"<= day","daily",NA,NA,NA
"1961-07-25",13700,FALSE,NA,NA,"<= day","daily",NA,NA,NA
"1961-07-26",8100,FALSE,NA,NA,"<= day","daily",NA,NA,NA
"1961-07-27",5480,FALSE,NA,NA,"<= day","daily",NA,NA,NA
"1961-07-28",4600,FALSE,NA,NA,"<= day","daily",NA,NA,NA
"1961-07-29",7230,FALSE,NA,NA,"<= day","daily",NA,NA,NA
"1961-07-30",23700,FALSE,NA,NA,"<= day","daily",NA,NA,NA
"1961-07-31",31200,FALSE,NA,NA,"<= day","daily",NA,NA,NA
"1961-08-01",27900,FALSE,NA,NA,"<= day","daily",NA,NA,NA
"1961-08-02",13300,FALSE,NA,NA,"<= day","daily",NA,NA,NA
"1961-08-03",6370,FALSE,NA,NA,"<= day","daily",NA,NA,NA
"1961-08-04",5230,FALSE,NA,NA,"<= day","daily",NA,NA,NA
"1961-08-05",4480,FALSE,NA,NA,"<= day","daily",NA,NA,NA
"1961-08-06",4370,FALSE,NA,NA,"<= day","daily",NA,NA,NA
"1961-08-07",3910,FALSE,NA,NA,"<= day","daily",NA,NA,NA
"1961-08-08",3450,FALSE,NA,NA,"<= day","daily",NA,NA,NA
"1961-08-09",3340,FALSE,NA,NA,"<= day","daily",NA,NA,NA
"1961-08-10",3120,FALSE,NA,NA,"<= day","daily",NA,NA,NA
"1961-08-11",3120,FALSE,NA,NA,"<= day","daily",NA,NA,NA
"1961-08-12",2900,FALSE,NA,NA,"<= day","daily",NA,NA,NA
"1961-08-13",2800,FALSE,NA,NA,"<= day","daily",NA,NA,NA
"1961-08-14",2600,FALSE,NA,NA,"<= day","daily",NA,NA,NA
"1961-08-15",2400,FALSE,NA,NA,"<= day","daily",NA,NA,NA
"1961-08-16",2220,FALSE,NA,NA,"<= day","daily",NA,NA,NA
"1961-08-17",2310,FALSE,NA,NA,"<= day","daily",NA,NA,NA
"1961-08-18",2130,FALSE,NA,NA,"<= day","daily",NA,NA,NA
"1961-08-19",2130,FALSE,NA,NA,"<= day","daily",NA,NA,NA
"1961-08-20",1950,FALSE,NA,NA,"<= day","daily",NA,NA,NA
"1961-08-21",2220,FALSE,NA,NA,"<= day","daily",NA,NA,NA
"1961-08-22",2220,FALSE,NA,NA,"<= day","daily",NA,NA,NA
"1961-08-23",2130,FALSE,NA,NA,"<= day","daily",NA,NA,NA
"1961-08-24",2700,FALSE,NA,NA,"<= day","daily",NA,NA,NA
"1961-08-25",2310,FALSE,NA,NA,"<= day","daily",NA,NA,NA
"1961-08-26",1950,FALSE,NA,NA,"<= day","daily",NA,NA,NA
"1961-08-27",1950,FALSE,NA,NA,"<= day","daily",NA,NA,NA
"1961-08-28",1950,FALSE,NA,NA,"<= day","daily",NA,NA,NA
"1961-08-29",1870,FALSE,NA,NA,"<= day","daily",NA,NA,NA
"1961-08-30",1790,FALSE,NA,NA,"<= day","daily",NA,NA,NA
"1961-08-31",1710,FALSE,NA,NA,"<= day","daily",NA,NA,NA
"1961-09-01",1710,FALSE,NA,NA,"<= day","daily",NA,NA,NA
"1961-09-02",1630,FALSE,NA,NA,"<= day","daily",NA,NA,NA
"1961-09-03",1630,FALSE,NA,NA,"<= day","daily",NA,NA,NA
"1961-09-04",1630,FALSE,NA,NA,"<= day","daily",NA,NA,NA
"1961-09-05",1630,FALSE,NA,NA,"<= day","daily",NA,NA,NA
"1961-09-06",1550,FALSE,NA,NA,"<= day","daily",NA,NA,NA
"1961-09-07",1790,FALSE,NA,NA,"<= day","daily",NA,NA,NA
"1961-09-08",2130,FALSE,NA,NA,"<= day","daily",NA,NA,NA
"1961-09-09",2130,FALSE,NA,NA,"<= day","daily",NA,NA,NA
"1961-09-10",3560,FALSE,NA,NA,"<= day","daily",NA,NA,NA
"1961-09-11",2600,FALSE,NA,NA,"<= day","daily",NA,NA,NA
"1961-09-12",2310,FALSE,NA,NA,"<= day","daily",NA,NA,NA
"1961-09-13",2130,FALSE,NA,NA,"<= day","daily",NA,NA,NA
"1961-09-14",1950,FALSE,NA,NA,"<= day","daily",NA,NA,NA
"1961-09-15",1870,FALSE,NA,NA,"<= day","daily",NA,NA,NA
"1961-09-16",1790,FALSE,NA,NA,"<= day","daily",NA,NA,NA
"1961-09-17",1710,FALSE,NA,NA,"<= day","daily",NA,NA,NA
"1961-09-18",1630,FALSE,NA,NA,"<= day","daily",NA,NA,NA
"1961-09-19",1550,FALSE,NA,NA,"<= day","daily",NA,NA,NA
"1961-09-20",1550,FALSE,NA,NA,"<= day","daily",NA,NA,NA
"1961-09-21",1550,FALSE,NA,NA,"<= day","daily",NA,NA,NA
"1961-09-22",1480,FALSE,NA,NA,"<= day","daily",NA,NA,NA
"1961-09-23",1480,FALSE,NA,NA,"<= day","daily",NA,NA,NA
"1961-09-24",1480,FALSE,NA,NA,"<= day","daily",NA,NA,NA
"1961-09-25",1410,FALSE,NA,NA,"<= day","daily",NA,NA,NA
"1961-09-26",1340,FALSE,NA,NA,"<= day","daily",NA,NA,NA
"1961-09-27",1340,FALSE,NA,NA,"<= day","daily",NA,NA,NA
"1961-09-28",1340,FALSE,NA,NA,"<= day","daily",NA,NA,NA
"1961-09-29",1340,FALSE,NA,NA,"<= day","daily",NA,NA,NA
"1961-09-30",1340,FALSE,NA,NA,"<= day","daily",NA,NA,NA
"1961-10-01",1270,FALSE,NA,NA,"<= day","daily",NA,NA,NA
"1961-10-02",1270,FALSE,NA,NA,"<= day","daily",NA,NA,NA
"1961-10-03",1270,FALSE,NA,NA,"<= day","daily",NA,NA,NA
"1961-10-04",1270,FALSE,NA,NA,"<= day","daily",NA,NA,NA
"1961-10-05",1270,FALSE,NA,NA,"<= day","daily",NA,NA,NA
"1961-10-06",1270,FALSE,NA,NA,"<= day","daily",NA,NA,NA
"1961-10-07",1270,FALSE,NA,NA,"<= day","daily",NA,NA,NA
"1961-10-08",1480,FALSE,NA,NA,"<= day","daily",NA,NA,NA
"1961-10-09",1790,FALSE,NA,NA,"<= day","daily",NA,NA,NA
"1961-10-10",1870,FALSE,NA,NA,"<= day","daily",NA,NA,NA
"1961-10-11",1550,FALSE,NA,NA,"<= day","daily",NA,NA,NA
"1961-10-12",1480,FALSE,NA,NA,"<= day","daily",NA,NA,NA
"1961-10-13",1410,FALSE,NA,NA,"<= day","daily",NA,NA,NA
"1961-10-14",1340,FALSE,NA,NA,"<= day","daily",NA,NA,NA
"1961-10-15",1270,FALSE,NA,NA,"<= day","daily",NA,NA,NA
"1961-10-16",1270,FALSE,NA,NA,"<= day","daily",NA,NA,NA
"1961-10-17",1270,FALSE,NA,NA,"<= day","daily",NA,NA,NA
"1961-10-18",1550,FALSE,NA,NA,"<= day","daily",NA,NA,NA
"1961-10-19",7660,FALSE,NA,NA,"<= day","daily",NA,NA,NA
"1961-10-20",12800,FALSE,NA,NA,"<= day","daily",NA,NA,NA
"1961-10-21",5230,FALSE,NA,NA,"<= day","daily",NA,NA,NA
"1961-10-22",4850,FALSE,NA,NA,"<= day","daily",NA,NA,NA
"1961-10-23",4140,FALSE,NA,NA,"<= day","daily",NA,NA,NA
"1961-10-24",3680,FALSE,NA,NA,"<= day","daily",NA,NA,NA
"1961-10-25",3230,FALSE,NA,NA,"<= day","daily",NA,NA,NA
"1961-10-26",3010,FALSE,NA,NA,"<= day","daily",NA,NA,NA
"1961-10-27",3010,FALSE,NA,NA,"<= day","daily",NA,NA,NA
"1961-10-28",2700,FALSE,NA,NA,"<= day","daily",NA,NA,NA
"1961-10-29",2400,FALSE,NA,NA,"<= day","daily",NA,NA,NA
"1961-10-30",2220,FALSE,NA,NA,"<= day","daily",NA,NA,NA
"1961-10-31",7660,FALSE,NA,NA,"<= day","daily",NA,NA,NA
"1961-11-01",7660,FALSE,NA,NA,"<= day","daily",NA,NA,NA
"1961-11-02",4480,FALSE,NA,NA,"<= day","daily",NA,NA,NA
"1961-11-03",4140,FALSE,NA,NA,"<= day","daily",NA,NA,NA
"1961-11-04",6250,FALSE,NA,NA,"<= day","daily",NA,NA,NA
"1961-11-05",13700,FALSE,NA,NA,"<= day","daily",NA,NA,NA
"1961-11-06",16200,FALSE,NA,NA,"<= day","daily",NA,NA,NA
"1961-11-07",13900,FALSE,NA,NA,"<= day","daily",NA,NA,NA
"1961-11-08",13300,FALSE,NA,NA,"<= day","daily",NA,NA,NA
"1961-11-09",12400,FALSE,NA,NA,"<= day","daily",NA,NA,NA
"1961-11-10",11800,FALSE,NA,NA,"<= day","daily",NA,NA,NA
"1961-11-11",11800,FALSE,NA,NA,"<= day","daily",NA,NA,NA
"1961-11-12",8850,FALSE,NA,NA,"<= day","daily",NA,NA,NA
"1961-11-13",14300,FALSE,NA,NA,"<= day","daily",NA,NA,NA
"1961-11-14",20500,FALSE,NA,NA,"<= day","daily",NA,NA,NA
"1961-11-15",16800,FALSE,NA,NA,"<= day","daily",NA,NA,NA
"1961-11-16",12800,FALSE,NA,NA,"<= day","daily",NA,NA,NA
"1961-11-17",8400,FALSE,NA,NA,"<= day","daily",NA,NA,NA
"1961-11-18",6120,FALSE,NA,NA,"<= day","daily",NA,NA,NA
"1961-11-19",4980,FALSE,NA,NA,"<= day","daily",NA,NA,NA
"1961-11-20",4600,FALSE,NA,NA,"<= day","daily",NA,NA,NA
"1961-11-21",4370,FALSE,NA,NA,"<= day","daily",NA,NA,NA
"1961-11-22",4250,FALSE,NA,NA,"<= day","daily",NA,NA,NA
"1961-11-23",4020,FALSE,NA,NA,"<= day","daily",NA,NA,NA
"1961-11-24",3790,FALSE,NA,NA,"<= day","daily",NA,NA,NA
"1961-11-25",3560,FALSE,NA,NA,"<= day","daily",NA,NA,NA
"1961-11-26",3450,FALSE,NA,NA,"<= day","daily",NA,NA,NA
"1961-11-27",3450,FALSE,NA,NA,"<= day","daily",NA,NA,NA
"1961-11-28",9600,FALSE,NA,NA,"<= day","daily",NA,NA,NA
"1961-11-29",8850,FALSE,NA,NA,"<= day","daily",NA,NA,NA
"1961-11-30",7370,FALSE,NA,NA,"<= day","daily",NA,NA,NA
"1961-12-01",6790,FALSE,NA,NA,"<= day","daily",NA,NA,NA
"1961-12-02",5990,FALSE,NA,NA,"<= day","daily",NA,NA,NA
"1961-12-03",4980,FALSE,NA,NA,"<= day","daily",NA,NA,NA
"1961-12-04",4480,FALSE,NA,NA,"<= day","daily",NA,NA,NA
"1961-12-05",4250,FALSE,NA,NA,"<= day","daily",NA,NA,NA
"1961-12-06",4250,FALSE,NA,NA,"<= day","daily",NA,NA,NA
"1961-12-07",5990,FALSE,NA,NA,"<= day","daily",NA,NA,NA
"1961-12-08",9000,FALSE,NA,NA,"<= day","daily",NA,NA,NA
"1961-12-09",7950,FALSE,NA,NA,"<= day","daily",NA,NA,NA
"1961-12-10",6370,FALSE,NA,NA,"<= day","daily",NA,NA,NA
"1961-12-11",5230,FALSE,NA,NA,"<= day","daily",NA,NA,NA
"1961-12-12",4600,FALSE,NA,NA,"<= day","daily",NA,NA,NA
"1961-12-13",4600,FALSE,NA,NA,"<= day","daily",NA,NA,NA
"1961-12-14",5230,FALSE,NA,NA,"<= day","daily",NA,NA,NA
"1961-12-15",5360,FALSE,NA,NA,"<= day","daily",NA,NA,NA
"1961-12-16",4730,FALSE,NA,NA,"<= day","daily",NA,NA,NA
"1961-12-17",4370,FALSE,NA,NA,"<= day","daily",NA,NA,NA
"1961-12-18",4250,FALSE,NA,NA,"<= day","daily",NA,NA,NA
"1961-12-19",4140,FALSE,NA,NA,"<= day","daily",NA,NA,NA
"1961-12-20",3910,FALSE,NA,NA,"<= day","daily",NA,NA,NA
"1961-12-21",3790,FALSE,NA,NA,"<= day","daily",NA,NA,NA
"1961-12-22",3680,FALSE,NA,NA,"<= day","daily",NA,NA,NA
"1961-12-23",3560,FALSE,NA,NA,"<= day","daily",NA,NA,NA
"1961-12-24",3230,FALSE,NA,NA,"<= day","daily",NA,NA,NA
"1961-12-25",3120,FALSE,NA,NA,"<= day","daily",NA,NA,NA
"1961-12-26",2800,FALSE,NA,NA,"<= day","daily",NA,NA,NA
"1961-12-27",2700,FALSE,NA,NA,"<= day","daily",NA,NA,NA
"1961-12-28",2700,FALSE,NA,NA,"<= day","daily",NA,NA,NA
"1961-12-29",2800,FALSE,NA,NA,"<= day","daily",NA,NA,NA
"1961-12-30",3340,FALSE,NA,NA,"<= day","daily",NA,NA,NA
"1961-12-31",3790,FALSE,NA,NA,"<= day","daily",NA,NA,NA
"1962-01-01",10900,FALSE,NA,NA,"<= day","daily",NA,NA,NA
"1962-01-02",16800,FALSE,NA,NA,"<= day","daily",NA,NA,NA
"1962-01-03",17800,FALSE,NA,NA,"<= day","daily",NA,NA,NA
"1962-01-04",12900,FALSE,NA,NA,"<= day","daily",NA,NA,NA
"1962-01-05",9000,FALSE,NA,NA,"<= day","daily",NA,NA,NA
"1962-01-06",6500,FALSE,NA,NA,"<= day","daily",NA,NA,NA
"1962-01-07",5230,FALSE,NA,NA,"<= day","daily",NA,NA,NA
"1962-01-08",4600,FALSE,NA,NA,"<= day","daily",NA,NA,NA
"1962-01-09",4370,FALSE,NA,NA,"<= day","daily",NA,NA,NA
"1962-01-10",4250,FALSE,NA,NA,"<= day","daily",NA,NA,NA
"1962-01-11",4140,FALSE,NA,NA,"<= day","daily",NA,NA,NA
"1962-01-12",3790,FALSE,NA,NA,"<= day","daily",NA,NA,NA
"1962-01-13",10600,FALSE,NA,NA,"<= day","daily",NA,NA,NA
"1962-01-14",13700,FALSE,NA,NA,"<= day","daily",NA,NA,NA
"1962-01-15",18200,FALSE,NA,NA,"<= day","daily",NA,NA,NA
"1962-01-16",16000,FALSE,NA,NA,"<= day","daily",NA,NA,NA
"1962-01-17",11200,FALSE,NA,NA,"<= day","daily",NA,NA,NA
"1962-01-18",7660,FALSE,NA,NA,"<= day","daily",NA,NA,NA
"1962-01-19",5610,FALSE,NA,NA,"<= day","daily",NA,NA,NA
"1962-01-20",5610,FALSE,NA,NA,"<= day","daily",NA,NA,NA
"1962-01-21",5610,FALSE,NA,NA,"<= day","daily",NA,NA,NA
"1962-01-22",5100,FALSE,NA,NA,"<= day","daily",NA,NA,NA
"1962-01-23",5480,FALSE,NA,NA,"<= day","daily",NA,NA,NA
"1962-01-24",9450,FALSE,NA,NA,"<= day","daily",NA,NA,NA
"1962-01-25",8400,FALSE,NA,NA,"<= day","daily",NA,NA,NA
"1962-01-26",7080,FALSE,NA,NA,"<= day","daily",NA,NA,NA
"1962-01-27",5990,FALSE,NA,NA,"<= day","daily",NA,NA,NA
"1962-01-28",5480,FALSE,NA,NA,"<= day","daily",NA,NA,NA
"1962-01-29",5230,FALSE,NA,NA,"<= day","daily",NA,NA,NA
"1962-01-30",4730,FALSE,NA,NA,"<= day","daily",NA,NA,NA
"1962-01-31",4370,FALSE,NA,NA,"<= day","daily",NA,NA,NA
"1962-02-01",4370,FALSE,NA,NA,"<= day","daily",NA,NA,NA
"1962-02-02",4250,FALSE,NA,NA,"<= day","daily",NA,NA,NA
"1962-02-03",4140,FALSE,NA,NA,"<= day","daily",NA,NA,NA
"1962-02-04",4020,FALSE,NA,NA,"<= day","daily",NA,NA,NA
"1962-02-05",3790,FALSE,NA,NA,"<= day","daily",NA,NA,NA
"1962-02-06",3680,FALSE,NA,NA,"<= day","daily",NA,NA,NA
"1962-02-07",3790,FALSE,NA,NA,"<= day","daily",NA,NA,NA
"1962-02-08",3450,FALSE,NA,NA,"<= day","daily",NA,NA,NA
"1962-02-09",3560,FALSE,NA,NA,"<= day","daily",NA,NA,NA
"1962-02-10",4370,FALSE,NA,NA,"<= day","daily",NA,NA,NA
"1962-02-11",4600,FALSE,NA,NA,"<= day","daily",NA,NA,NA
"1962-02-12",4250,FALSE,NA,NA,"<= day","daily",NA,NA,NA
"1962-02-13",4020,FALSE,NA,NA,"<= day","daily",NA,NA,NA
"1962-02-14",5610,FALSE,NA,NA,"<= day","daily",NA,NA,NA
"1962-02-15",8250,FALSE,NA,NA,"<= day","daily",NA,NA,NA
"1962-02-16",5610,FALSE,NA,NA,"<= day","daily",NA,NA,NA
"1962-02-17",4730,FALSE,NA,NA,"<= day","daily",NA,NA,NA
"1962-02-18",4370,FALSE,NA,NA,"<= day","daily",NA,NA,NA
"1962-02-19",4250,FALSE,NA,NA,"<= day","daily",NA,NA,NA
"1962-02-20",4140,FALSE,NA,NA,"<= day","daily",NA,NA,NA
"1962-02-21",4020,FALSE,NA,NA,"<= day","daily",NA,NA,NA
"1962-02-22",3910,FALSE,NA,NA,"<= day","daily",NA,NA,NA
"1962-02-23",3910,FALSE,NA,NA,"<= day","daily",NA,NA,NA
"1962-02-24",3790,FALSE,NA,NA,"<= day","daily",NA,NA,NA
"1962-02-25",3680,FALSE,NA,NA,"<= day","daily",NA,NA,NA
"1962-02-26",3560,FALSE,NA,NA,"<= day","daily",NA,NA,NA
"1962-02-27",3450,FALSE,NA,NA,"<= day","daily",NA,NA,NA
"1962-02-28",3230,FALSE,NA,NA,"<= day","daily",NA,NA,NA
"1962-03-01",3120,FALSE,NA,NA,"<= day","daily",NA,NA,NA
"1962-03-02",3010,FALSE,NA,NA,"<= day","daily",NA,NA,NA
"1962-03-03",2900,FALSE,NA,NA,"<= day","daily",NA,NA,NA
"1962-03-04",2800,FALSE,NA,NA,"<= day","daily",NA,NA,NA
"1962-03-05",4020,FALSE,NA,NA,"<= day","daily",NA,NA,NA
"1962-03-06",15400,FALSE,NA,NA,"<= day","daily",NA,NA,NA
"1962-03-07",23000,FALSE,NA,NA,"<= day","daily",NA,NA,NA
"1962-03-08",16600,FALSE,NA,NA,"<= day","daily",NA,NA,NA
"1962-03-09",12600,FALSE,NA,NA,"<= day","daily",NA,NA,NA
"1962-03-10",7950,FALSE,NA,NA,"<= day","daily",NA,NA,NA
"1962-03-11",6500,FALSE,NA,NA,"<= day","daily",NA,NA,NA
"1962-03-12",9740,FALSE,NA,NA,"<= day","daily",NA,NA,NA
"1962-03-13",14300,FALSE,NA,NA,"<= day","daily",NA,NA,NA
"1962-03-14",12400,FALSE,NA,NA,"<= day","daily",NA,NA,NA
"1962-03-15",9600,FALSE,NA,NA,"<= day","daily",NA,NA,NA
"1962-03-16",5870,FALSE,NA,NA,"<= day","daily",NA,NA,NA
"1962-03-17",5740,FALSE,NA,NA,"<= day","daily",NA,NA,NA
"1962-03-18",5100,FALSE,NA,NA,"<= day","daily",NA,NA,NA
"1962-03-19",4730,FALSE,NA,NA,"<= day","daily",NA,NA,NA
"1962-03-20",4480,FALSE,NA,NA,"<= day","daily",NA,NA,NA
"1962-03-21",4370,FALSE,NA,NA,"<= day","daily",NA,NA,NA
"1962-03-22",4250,FALSE,NA,NA,"<= day","daily",NA,NA,NA
"1962-03-23",4140,FALSE,NA,NA,"<= day","daily",NA,NA,NA
"1962-03-24",4020,FALSE,NA,NA,"<= day","daily",NA,NA,NA
"1962-03-25",3910,FALSE,NA,NA,"<= day","daily",NA,NA,NA
"1962-03-26",3790,FALSE,NA,NA,"<= day","daily",NA,NA,NA
"1962-03-27",3790,FALSE,NA,NA,"<= day","daily",NA,NA,NA
"1962-03-28",4020,FALSE,NA,NA,"<= day","daily",NA,NA,NA
"1962-03-29",4600,FALSE,NA,NA,"<= day","daily",NA,NA,NA
"1962-03-30",7370,FALSE,NA,NA,"<= day","daily",NA,NA,NA
"1962-03-31",11900,FALSE,NA,NA,"<= day","daily",NA,NA,NA
"1962-04-01",13500,FALSE,NA,NA,"<= day","daily",NA,NA,NA
"1962-04-02",15200,FALSE,NA,NA,"<= day","daily",NA,NA,NA
"1962-04-03",13500,FALSE,NA,NA,"<= day","daily",NA,NA,NA
"1962-04-04",11900,FALSE,NA,NA,"<= day","daily",NA,NA,NA
"1962-04-05",11800,FALSE,NA,NA,"<= day","daily",NA,NA,NA
"1962-04-06",24100,FALSE,NA,NA,"<= day","daily",NA,NA,NA
"1962-04-07",24500,FALSE,NA,NA,"<= day","daily",NA,NA,NA
"1962-04-08",15200,FALSE,NA,NA,"<= day","daily",NA,NA,NA
"1962-04-09",10900,FALSE,NA,NA,"<= day","daily",NA,NA,NA
"1962-04-10",8400,FALSE,NA,NA,"<= day","daily",NA,NA,NA
"1962-04-11",13700,FALSE,NA,NA,"<= day","daily",NA,NA,NA
"1962-04-12",18700,FALSE,NA,NA,"<= day","daily",NA,NA,NA
"1962-04-13",25700,FALSE,NA,NA,"<= day","daily",NA,NA,NA
"1962-04-14",27500,FALSE,NA,NA,"<= day","daily",NA,NA,NA
"1962-04-15",27100,FALSE,NA,NA,"<= day","daily",NA,NA,NA
"1962-04-16",24500,FALSE,NA,NA,"<= day","daily",NA,NA,NA
"1962-04-17",22200,FALSE,NA,NA,"<= day","daily",NA,NA,NA
"1962-04-18",17600,FALSE,NA,NA,"<= day","daily",NA,NA,NA
"1962-04-19",13300,FALSE,NA,NA,"<= day","daily",NA,NA,NA
"1962-04-20",10500,FALSE,NA,NA,"<= day","daily",NA,NA,NA
"1962-04-21",8100,FALSE,NA,NA,"<= day","daily",NA,NA,NA
"1962-04-22",6500,FALSE,NA,NA,"<= day","daily",NA,NA,NA
"1962-04-23",5360,FALSE,NA,NA,"<= day","daily",NA,NA,NA
"1962-04-24",4850,FALSE,NA,NA,"<= day","daily",NA,NA,NA
"1962-04-25",4480,FALSE,NA,NA,"<= day","daily",NA,NA,NA
"1962-04-26",4370,FALSE,NA,NA,"<= day","daily",NA,NA,NA
"1962-04-27",4250,FALSE,NA,NA,"<= day","daily",NA,NA,NA
"1962-04-28",4250,FALSE,NA,NA,"<= day","daily",NA,NA,NA
"1962-04-29",4140,FALSE,NA,NA,"<= day","daily",NA,NA,NA
"1962-04-30",4020,FALSE,NA,NA,"<= day","daily",NA,NA,NA
"1962-05-01",3790,FALSE,NA,NA,"<= day","daily",NA,NA,NA
"1962-05-02",3790,FALSE,NA,NA,"<= day","daily",NA,NA,NA
"1962-05-03",3790,FALSE,NA,NA,"<= day","daily",NA,NA,NA
"1962-05-04",3680,FALSE,NA,NA,"<= day","daily",NA,NA,NA
"1962-05-05",3560,FALSE,NA,NA,"<= day","daily",NA,NA,NA
"1962-05-06",3450,FALSE,NA,NA,"<= day","daily",NA,NA,NA
"1962-05-07",3340,FALSE,NA,NA,"<= day","daily",NA,NA,NA
"1962-05-08",3120,FALSE,NA,NA,"<= day","daily",NA,NA,NA
"1962-05-09",2900,FALSE,NA,NA,"<= day","daily",NA,NA,NA
"1962-05-10",2700,FALSE,NA,NA,"<= day","daily",NA,NA,NA
"1962-05-11",2700,FALSE,NA,NA,"<= day","daily",NA,NA,NA
"1962-05-12",3010,FALSE,NA,NA,"<= day","daily",NA,NA,NA
"1962-05-13",2900,FALSE,NA,NA,"<= day","daily",NA,NA,NA
"1962-05-14",3910,FALSE,NA,NA,"<= day","daily",NA,NA,NA
"1962-05-15",8700,FALSE,NA,NA,"<= day","daily",NA,NA,NA
"1962-05-16",14300,FALSE,NA,NA,"<= day","daily",NA,NA,NA
"1962-05-17",13300,FALSE,NA,NA,"<= day","daily",NA,NA,NA
"1962-05-18",8850,FALSE,NA,NA,"<= day","daily",NA,NA,NA
"1962-05-19",5870,FALSE,NA,NA,"<= day","daily",NA,NA,NA
"1962-05-20",4980,FALSE,NA,NA,"<= day","daily",NA,NA,NA
"1962-05-21",15800,FALSE,NA,NA,"<= day","daily",NA,NA,NA
"1962-05-22",19200,FALSE,NA,NA,"<= day","daily",NA,NA,NA
"1962-05-23",14100,FALSE,NA,NA,"<= day","daily",NA,NA,NA
"1962-05-24",9890,FALSE,NA,NA,"<= day","daily",NA,NA,NA
"1962-05-25",6500,FALSE,NA,NA,"<= day","daily",NA,NA,NA
"1962-05-26",5740,FALSE,NA,NA,"<= day","daily",NA,NA,NA
"1962-05-27",5740,FALSE,NA,NA,"<= day","daily",NA,NA,NA
"1962-05-28",7080,FALSE,NA,NA,"<= day","daily",NA,NA,NA
"1962-05-29",6500,FALSE,NA,NA,"<= day","daily",NA,NA,NA
"1962-05-30",5480,FALSE,NA,NA,"<= day","daily",NA,NA,NA
"1962-05-31",4980,FALSE,NA,NA,"<= day","daily",NA,NA,NA
"1962-06-01",4730,FALSE,NA,NA,"<= day","daily",NA,NA,NA
"1962-06-02",4480,FALSE,NA,NA,"<= day","daily",NA,NA,NA
"1962-06-03",5230,FALSE,NA,NA,"<= day","daily",NA,NA,NA
"1962-06-04",9150,FALSE,NA,NA,"<= day","daily",NA,NA,NA
"1962-06-05",7080,FALSE,NA,NA,"<= day","daily",NA,NA,NA
"1962-06-06",5230,FALSE,NA,NA,"<= day","daily",NA,NA,NA
"1962-06-07",4730,FALSE,NA,NA,"<= day","daily",NA,NA,NA
"1962-06-08",4480,FALSE,NA,NA,"<= day","daily",NA,NA,NA
"1962-06-09",4250,FALSE,NA,NA,"<= day","daily",NA,NA,NA
"1962-06-10",4020,FALSE,NA,NA,"<= day","daily",NA,NA,NA
"1962-06-11",4020,FALSE,NA,NA,"<= day","daily",NA,NA,NA
"1962-06-12",3910,FALSE,NA,NA,"<= day","daily",NA,NA,NA
"1962-06-13",4020,FALSE,NA,NA,"<= day","daily",NA,NA,NA
"1962-06-14",4020,FALSE,NA,NA,"<= day","daily",NA,NA,NA
"1962-06-15",3680,FALSE,NA,NA,"<= day","daily",NA,NA,NA
"1962-06-16",3560,FALSE,NA,NA,"<= day","daily",NA,NA,NA
"1962-06-17",3340,FALSE,NA,NA,"<= day","daily",NA,NA,NA
"1962-06-18",3340,FALSE,NA,NA,"<= day","daily",NA,NA,NA
"1962-06-19",3450,FALSE,NA,NA,"<= day","daily",NA,NA,NA
"1962-06-20",3230,FALSE,NA,NA,"<= day","daily",NA,NA,NA
"1962-06-21",3010,FALSE,NA,NA,"<= day","daily",NA,NA,NA
"1962-06-22",2700,FALSE,NA,NA,"<= day","daily",NA,NA,NA
"1962-06-23",2500,FALSE,NA,NA,"<= day","daily",NA,NA,NA
"1962-06-24",2400,FALSE,NA,NA,"<= day","daily",NA,NA,NA
"1962-06-25",2310,FALSE,NA,NA,"<= day","daily",NA,NA,NA
"1962-06-26",2220,FALSE,NA,NA,"<= day","daily",NA,NA,NA
"1962-06-27",2310,FALSE,NA,NA,"<= day","daily",NA,NA,NA
"1962-06-28",2400,FALSE,NA,NA,"<= day","daily",NA,NA,NA
"1962-06-29",2900,FALSE,NA,NA,"<= day","daily",NA,NA,NA
"1962-06-30",2800,FALSE,NA,NA,"<= day","daily",NA,NA,NA
"1962-07-01",3340,FALSE,NA,NA,"<= day","daily",NA,NA,NA
"1962-07-02",3560,FALSE,NA,NA,"<= day","daily",NA,NA,NA
"1962-07-03",3910,FALSE,NA,NA,"<= day","daily",NA,NA,NA
"1962-07-04",6940,FALSE,NA,NA,"<= day","daily",NA,NA,NA
"1962-07-05",28300,FALSE,NA,NA,"<= day","daily",NA,NA,NA
"1962-07-06",29700,FALSE,NA,NA,"<= day","daily",NA,NA,NA
"1962-07-07",29700,FALSE,NA,NA,"<= day","daily",NA,NA,NA
"1962-07-08",29700,FALSE,NA,NA,"<= day","daily",NA,NA,NA
"1962-07-09",22600,FALSE,NA,NA,"<= day","daily",NA,NA,NA
"1962-07-10",13600,FALSE,NA,NA,"<= day","daily",NA,NA,NA
"1962-07-11",8350,FALSE,NA,NA,"<= day","daily",NA,NA,NA
"1962-07-12",5830,FALSE,NA,NA,"<= day","daily",NA,NA,NA
"1962-07-13",5310,FALSE,NA,NA,"<= day","daily",NA,NA,NA
"1962-07-14",5830,FALSE,NA,NA,"<= day","daily",NA,NA,NA
"1962-07-15",4830,FALSE,NA,NA,"<= day","daily",NA,NA,NA
"1962-07-16",5550,FALSE,NA,NA,"<= day","daily",NA,NA,NA
"1962-07-17",14100,FALSE,NA,NA,"<= day","daily",NA,NA,NA
"1962-07-18",9690,FALSE,NA,NA,"<= day","daily",NA,NA,NA
"1962-07-19",8770,FALSE,NA,NA,"<= day","daily",NA,NA,NA
"1962-07-20",6950,FALSE,NA,NA,"<= day","daily",NA,NA,NA
"1962-07-21",5430,FALSE,NA,NA,"<= day","daily",NA,NA,NA
"1962-07-22",4830,FALSE,NA,NA,"<= day","daily",NA,NA,NA
"1962-07-23",4590,FALSE,NA,NA,"<= day","daily",NA,NA,NA
"1962-07-24",4350,FALSE,NA,NA,"<= day","daily",NA,NA,NA
"1962-07-25",4020,FALSE,NA,NA,"<= day","daily",NA,NA,NA
"1962-07-26",3910,FALSE,NA,NA,"<= day","daily",NA,NA,NA
"1962-07-27",3910,FALSE,NA,NA,"<= day","daily",NA,NA,NA
"1962-07-28",3580,FALSE,NA,NA,"<= day","daily",NA,NA,NA
"1962-07-29",3580,FALSE,NA,NA,"<= day","daily",NA,NA,NA
"1962-07-30",3800,FALSE,NA,NA,"<= day","daily",NA,NA,NA
"1962-07-31",3470,FALSE,NA,NA,"<= day","daily",NA,NA,NA
"1962-08-01",3360,FALSE,NA,NA,"<= day","daily",NA,NA,NA
"1962-08-02",3030,FALSE,NA,NA,"<= day","daily",NA,NA,NA
"1962-08-03",2810,FALSE,NA,NA,"<= day","daily",NA,NA,NA
"1962-08-04",2610,FALSE,NA,NA,"<= day","daily",NA,NA,NA
"1962-08-05",2610,FALSE,NA,NA,"<= day","daily",NA,NA,NA
"1962-08-06",2520,FALSE,NA,NA,"<= day","daily",NA,NA,NA
"1962-08-07",2250,FALSE,NA,NA,"<= day","daily",NA,NA,NA
"1962-08-08",2250,FALSE,NA,NA,"<= day","daily",NA,NA,NA
"1962-08-09",2250,FALSE,NA,NA,"<= day","daily",NA,NA,NA
"1962-08-10",2160,FALSE,NA,NA,"<= day","daily",NA,NA,NA
"1962-08-11",2160,FALSE,NA,NA,"<= day","daily",NA,NA,NA
"1962-08-12",2070,FALSE,NA,NA,"<= day","daily",NA,NA,NA
"1962-08-13",1980,FALSE,NA,NA,"<= day","daily",NA,NA,NA
"1962-08-14",1890,FALSE,NA,NA,"<= day","daily",NA,NA,NA
"1962-08-15",1800,FALSE,NA,NA,"<= day","daily",NA,NA,NA
"1962-08-16",1800,FALSE,NA,NA,"<= day","daily",NA,NA,NA
"1962-08-17",1800,FALSE,NA,NA,"<= day","daily",NA,NA,NA
"1962-08-18",1800,FALSE,NA,NA,"<= day","daily",NA,NA,NA
"1962-08-19",1890,FALSE,NA,NA,"<= day","daily",NA,NA,NA
"1962-08-20",1890,FALSE,NA,NA,"<= day","daily",NA,NA,NA
"1962-08-21",1800,FALSE,NA,NA,"<= day","daily",NA,NA,NA
"1962-08-22",1720,FALSE,NA,NA,"<= day","daily",NA,NA,NA
"1962-08-23",1720,FALSE,NA,NA,"<= day","daily",NA,NA,NA
"1962-08-24",1720,FALSE,NA,NA,"<= day","daily",NA,NA,NA
"1962-08-25",1720,FALSE,NA,NA,"<= day","daily",NA,NA,NA
"1962-08-26",1720,FALSE,NA,NA,"<= day","daily",NA,NA,NA
"1962-08-27",1720,FALSE,NA,NA,"<= day","daily",NA,NA,NA
"1962-08-28",1640,FALSE,NA,NA,"<= day","daily",NA,NA,NA
"1962-08-29",1640,FALSE,NA,NA,"<= day","daily",NA,NA,NA
"1962-08-30",1640,FALSE,NA,NA,"<= day","daily",NA,NA,NA
"1962-08-31",1640,FALSE,NA,NA,"<= day","daily",NA,NA,NA
"1962-09-01",1640,FALSE,NA,NA,"<= day","daily",NA,NA,NA
"1962-09-02",1640,FALSE,NA,NA,"<= day","daily",NA,NA,NA
"1962-09-03",1560,FALSE,NA,NA,"<= day","daily",NA,NA,NA
"1962-09-04",1480,FALSE,NA,NA,"<= day","daily",NA,NA,NA
"1962-09-05",1480,FALSE,NA,NA,"<= day","daily",NA,NA,NA
"1962-09-06",1640,FALSE,NA,NA,"<= day","daily",NA,NA,NA
"1962-09-07",1720,FALSE,NA,NA,"<= day","daily",NA,NA,NA
"1962-09-08",1720,FALSE,NA,NA,"<= day","daily",NA,NA,NA
"1962-09-09",1800,FALSE,NA,NA,"<= day","daily",NA,NA,NA
"1962-09-10",1980,FALSE,NA,NA,"<= day","daily",NA,NA,NA
"1962-09-11",1890,FALSE,NA,NA,"<= day","daily",NA,NA,NA
"1962-09-12",1800,FALSE,NA,NA,"<= day","daily",NA,NA,NA
"1962-09-13",1800,FALSE,NA,NA,"<= day","daily",NA,NA,NA
"1962-09-14",1890,FALSE,NA,NA,"<= day","daily",NA,NA,NA
"1962-09-15",1800,FALSE,NA,NA,"<= day","daily",NA,NA,NA
"1962-09-16",1800,FALSE,NA,NA,"<= day","daily",NA,NA,NA
"1962-09-17",1800,FALSE,NA,NA,"<= day","daily",NA,NA,NA
"1962-09-18",4950,FALSE,NA,NA,"<= day","daily",NA,NA,NA
"1962-09-19",14200,FALSE,NA,NA,"<= day","daily",NA,NA,NA
"1962-09-20",12900,FALSE,NA,NA,"<= day","daily",NA,NA,NA
"1962-09-21",7230,FALSE,NA,NA,"<= day","daily",NA,NA,NA
"1962-09-22",4950,FALSE,NA,NA,"<= day","daily",NA,NA,NA
"1962-09-23",4470,FALSE,NA,NA,"<= day","daily",NA,NA,NA
"1962-09-24",3690,FALSE,NA,NA,"<= day","daily",NA,NA,NA
"1962-09-25",3470,FALSE,NA,NA,"<= day","daily",NA,NA,NA
"1962-09-26",3250,FALSE,NA,NA,"<= day","daily",NA,NA,NA
"1962-09-27",3250,FALSE,NA,NA,"<= day","daily",NA,NA,NA
"1962-09-28",3030,FALSE,NA,NA,"<= day","daily",NA,NA,NA
"1962-09-29",2810,FALSE,NA,NA,"<= day","daily",NA,NA,NA
"1962-09-30",2430,FALSE,NA,NA,"<= day","daily",NA,NA,NA
"1962-10-01",2340,FALSE,NA,NA,"<= day","daily",NA,NA,NA
"1962-10-02",2250,FALSE,NA,NA,"<= day","daily",NA,NA,NA
"1962-10-03",2070,FALSE,NA,NA,"<= day","daily",NA,NA,NA
"1962-10-04",2070,FALSE,NA,NA,"<= day","daily",NA,NA,NA
"1962-10-05",1890,FALSE,NA,NA,"<= day","daily",NA,NA,NA
"1962-10-06",1890,FALSE,NA,NA,"<= day","daily",NA,NA,NA
"1962-10-07",1720,FALSE,NA,NA,"<= day","daily",NA,NA,NA
"1962-10-08",1720,FALSE,NA,NA,"<= day","daily",NA,NA,NA
"1962-10-09",1720,FALSE,NA,NA,"<= day","daily",NA,NA,NA
"1962-10-10",1720,FALSE,NA,NA,"<= day","daily",NA,NA,NA
"1962-10-11",1640,FALSE,NA,NA,"<= day","daily",NA,NA,NA
"1962-10-12",1560,FALSE,NA,NA,"<= day","daily",NA,NA,NA
"1962-10-13",1560,FALSE,NA,NA,"<= day","daily",NA,NA,NA
"1962-10-14",1560,FALSE,NA,NA,"<= day","daily",NA,NA,NA
"1962-10-15",1720,FALSE,NA,NA,"<= day","daily",NA,NA,NA
"1962-10-16",1720,FALSE,NA,NA,"<= day","daily",NA,NA,NA
"1962-10-17",1720,FALSE,NA,NA,"<= day","daily",NA,NA,NA
"1962-10-18",1560,FALSE,NA,NA,"<= day","daily",NA,NA,NA
"1962-10-19",1560,FALSE,NA,NA,"<= day","daily",NA,NA,NA
"1962-10-20",1480,FALSE,NA,NA,"<= day","daily",NA,NA,NA
"1962-10-21",1480,FALSE,NA,NA,"<= day","daily",NA,NA,NA
"1962-10-22",1480,FALSE,NA,NA,"<= day","daily",NA,NA,NA
"1962-10-23",1400,FALSE,NA,NA,"<= day","daily",NA,NA,NA
"1962-10-24",1400,FALSE,NA,NA,"<= day","daily",NA,NA,NA
"1962-10-25",1400,FALSE,NA,NA,"<= day","daily",NA,NA,NA
"1962-10-26",1400,FALSE,NA,NA,"<= day","daily",NA,NA,NA
"1962-10-27",1400,FALSE,NA,NA,"<= day","daily",NA,NA,NA
"1962-10-28",1400,FALSE,NA,NA,"<= day","daily",NA,NA,NA
"1962-10-29",1400,FALSE,NA,NA,"<= day","daily",NA,NA,NA
"1962-10-30",1400,FALSE,NA,NA,"<= day","daily",NA,NA,NA
"1962-10-31",2810,FALSE,NA,NA,"<= day","daily",NA,NA,NA
"1962-11-01",4830,FALSE,NA,NA,"<= day","daily",NA,NA,NA
"1962-11-02",8490,FALSE,NA,NA,"<= day","daily",NA,NA,NA
"1962-11-03",5550,FALSE,NA,NA,"<= day","daily",NA,NA,NA
"1962-11-04",4590,FALSE,NA,NA,"<= day","daily",NA,NA,NA
"1962-11-05",4350,FALSE,NA,NA,"<= day","daily",NA,NA,NA
"1962-11-06",4240,FALSE,NA,NA,"<= day","daily",NA,NA,NA
"1962-11-07",15600,FALSE,NA,NA,"<= day","daily",NA,NA,NA
"1962-11-08",21500,FALSE,NA,NA,"<= day","daily",NA,NA,NA
"1962-11-09",16700,FALSE,NA,NA,"<= day","daily",NA,NA,NA
"1962-11-10",13100,FALSE,NA,NA,"<= day","daily",NA,NA,NA
"1962-11-11",11500,FALSE,NA,NA,"<= day","daily",NA,NA,NA
"1962-11-12",10600,FALSE,NA,NA,"<= day","daily",NA,NA,NA
"1962-11-13",12700,FALSE,NA,NA,"<= day","daily",NA,NA,NA
"1962-11-14",12700,FALSE,NA,NA,"<= day","daily",NA,NA,NA
"1962-11-15",12600,FALSE,NA,NA,"<= day","daily",NA,NA,NA
"1962-11-16",22600,FALSE,NA,NA,"<= day","daily",NA,NA,NA
"1962-11-17",28300,FALSE,NA,NA,"<= day","daily",NA,NA,NA
"1962-11-18",27500,FALSE,NA,NA,"<= day","daily",NA,NA,NA
"1962-11-19",17900,FALSE,NA,NA,"<= day","daily",NA,NA,NA
"1962-11-20",13900,FALSE,NA,NA,"<= day","daily",NA,NA,NA
"1962-11-21",13100,FALSE,NA,NA,"<= day","daily",NA,NA,NA
"1962-11-22",13100,FALSE,NA,NA,"<= day","daily",NA,NA,NA
"1962-11-23",25800,FALSE,NA,NA,"<= day","daily",NA,NA,NA
"1962-11-24",28300,FALSE,NA,NA,"<= day","daily",NA,NA,NA
"1962-11-25",27900,FALSE,NA,NA,"<= day","daily",NA,NA,NA
"1962-11-26",17300,FALSE,NA,NA,"<= day","daily",NA,NA,NA
"1962-11-27",13100,FALSE,NA,NA,"<= day","daily",NA,NA,NA
"1962-11-28",9690,FALSE,NA,NA,"<= day","daily",NA,NA,NA
"1962-11-29",8210,FALSE,NA,NA,"<= day","daily",NA,NA,NA
"1962-11-30",7510,FALSE,NA,NA,"<= day","daily",NA,NA,NA
"1962-12-01",6670,FALSE,NA,NA,"<= day","daily",NA,NA,NA
"1962-12-02",5970,FALSE,NA,NA,"<= day","daily",NA,NA,NA
"1962-12-03",5550,FALSE,NA,NA,"<= day","daily",NA,NA,NA
"1962-12-04",5070,FALSE,NA,NA,"<= day","daily",NA,NA,NA
"1962-12-05",4950,FALSE,NA,NA,"<= day","daily",NA,NA,NA
"1962-12-06",4710,FALSE,NA,NA,"<= day","daily",NA,NA,NA
"1962-12-07",4590,FALSE,NA,NA,"<= day","daily",NA,NA,NA
"1962-12-08",4470,FALSE,NA,NA,"<= day","daily",NA,NA,NA
"1962-12-09",4350,FALSE,NA,NA,"<= day","daily",NA,NA,NA
"1962-12-10",4240,FALSE,NA,NA,"<= day","daily",NA,NA,NA
"1962-12-11",4240,FALSE,NA,NA,"<= day","daily",NA,NA,NA
"1962-12-12",4020,FALSE,NA,NA,"<= day","daily",NA,NA,NA
"1962-12-13",4590,FALSE,NA,NA,"<= day","daily",NA,NA,NA
"1962-12-14",15100,FALSE,NA,NA,"<= day","daily",NA,NA,NA
"1962-12-15",22600,FALSE,NA,NA,"<= day","daily",NA,NA,NA
"1962-12-16",16700,FALSE,NA,NA,"<= day","daily",NA,NA,NA
"1962-12-17",14400,FALSE,NA,NA,"<= day","daily",NA,NA,NA
"1962-12-18",11100,FALSE,NA,NA,"<= day","daily",NA,NA,NA
"1962-12-19",8910,FALSE,NA,NA,"<= day","daily",NA,NA,NA
"1962-12-20",7230,FALSE,NA,NA,"<= day","daily",NA,NA,NA
"1962-12-21",5690,FALSE,NA,NA,"<= day","daily",NA,NA,NA
"1962-12-22",5070,FALSE,NA,NA,"<= day","daily",NA,NA,NA
"1962-12-23",4710,FALSE,NA,NA,"<= day","daily",NA,NA,NA
"1962-12-24",4590,FALSE,NA,NA,"<= day","daily",NA,NA,NA
"1962-12-25",4470,FALSE,NA,NA,"<= day","daily",NA,NA,NA
"1962-12-26",4240,FALSE,NA,NA,"<= day","daily",NA,NA,NA
"1962-12-27",4130,FALSE,NA,NA,"<= day","daily",NA,NA,NA
"1962-12-28",3800,FALSE,NA,NA,"<= day","daily",NA,NA,NA
"1962-12-29",3910,FALSE,NA,NA,"<= day","daily",NA,NA,NA
"1962-12-30",4240,FALSE,NA,NA,"<= day","daily",NA,NA,NA
"1962-12-31",4130,FALSE,NA,NA,"<= day","daily",NA,NA,NA
"1963-01-01",3910,FALSE,NA,NA,"<= day","daily",NA,NA,NA
"1963-01-02",4020,FALSE,NA,NA,"<= day","daily",NA,NA,NA
"1963-01-03",3910,FALSE,NA,NA,"<= day","daily",NA,NA,NA
"1963-01-04",3800,FALSE,NA,NA,"<= day","daily",NA,NA,NA
"1963-01-05",5070,FALSE,NA,NA,"<= day","daily",NA,NA,NA
"1963-01-06",12900,FALSE,NA,NA,"<= day","daily",NA,NA,NA
"1963-01-07",24500,FALSE,NA,NA,"<= day","daily",NA,NA,NA
"1963-01-08",27900,FALSE,NA,NA,"<= day","daily",NA,NA,NA
"1963-01-09",27900,FALSE,NA,NA,"<= day","daily",NA,NA,NA
"1963-01-10",14600,FALSE,NA,NA,"<= day","daily",NA,NA,NA
"1963-01-11",12900,FALSE,NA,NA,"<= day","daily",NA,NA,NA
"1963-01-12",10300,FALSE,NA,NA,"<= day","daily",NA,NA,NA
"1963-01-13",7930,FALSE,NA,NA,"<= day","daily",NA,NA,NA
"1963-01-14",6670,FALSE,NA,NA,"<= day","daily",NA,NA,NA
"1963-01-15",6110,FALSE,NA,NA,"<= day","daily",NA,NA,NA
"1963-01-16",5310,FALSE,NA,NA,"<= day","daily",NA,NA,NA
"1963-01-17",4950,FALSE,NA,NA,"<= day","daily",NA,NA,NA
"1963-01-18",4830,FALSE,NA,NA,"<= day","daily",NA,NA,NA
"1963-01-19",4830,FALSE,NA,NA,"<= day","daily",NA,NA,NA
"1963-01-20",4710,FALSE,NA,NA,"<= day","daily",NA,NA,NA
"1963-01-21",4590,FALSE,NA,NA,"<= day","daily",NA,NA,NA
"1963-01-22",4350,FALSE,NA,NA,"<= day","daily",NA,NA,NA
"1963-01-23",4240,FALSE,NA,NA,"<= day","daily",NA,NA,NA
"1963-01-24",4130,FALSE,NA,NA,"<= day","daily",NA,NA,NA
"1963-01-25",4130,FALSE,NA,NA,"<= day","daily",NA,NA,NA
"1963-01-26",4020,FALSE,NA,NA,"<= day","daily",NA,NA,NA
"1963-01-27",4020,FALSE,NA,NA,"<= day","daily",NA,NA,NA
"1963-01-28",4020,FALSE,NA,NA,"<= day","daily",NA,NA,NA
"1963-01-29",3690,FALSE,NA,NA,"<= day","daily",NA,NA,NA
"1963-01-30",3580,FALSE,NA,NA,"<= day","daily",NA,NA,NA
"1963-01-31",3470,FALSE,NA,NA,"<= day","daily",NA,NA,NA
"1963-02-01",3470,FALSE,NA,NA,"<= day","daily",NA,NA,NA
"1963-02-02",3250,FALSE,NA,NA,"<= day","daily",NA,NA,NA
"1963-02-03",3030,FALSE,NA,NA,"<= day","daily",NA,NA,NA
"1963-02-04",3030,FALSE,NA,NA,"<= day","daily",NA,NA,NA
"1963-02-05",3030,FALSE,NA,NA,"<= day","daily",NA,NA,NA
"1963-02-06",2920,FALSE,NA,NA,"<= day","daily",NA,NA,NA
"1963-02-07",2920,FALSE,NA,NA,"<= day","daily",NA,NA,NA
"1963-02-08",2810,FALSE,NA,NA,"<= day","daily",NA,NA,NA
"1963-02-09",2610,FALSE,NA,NA,"<= day","daily",NA,NA,NA
"1963-02-10",2520,FALSE,NA,NA,"<= day","daily",NA,NA,NA
"1963-02-11",2430,FALSE,NA,NA,"<= day","daily",NA,NA,NA
"1963-02-12",2430,FALSE,NA,NA,"<= day","daily",NA,NA,NA
"1963-02-13",2700,FALSE,NA,NA,"<= day","daily",NA,NA,NA
"1963-02-14",2610,FALSE,NA,NA,"<= day","daily",NA,NA,NA
"1963-02-15",2610,FALSE,NA,NA,"<= day","daily",NA,NA,NA
"1963-02-16",2610,FALSE,NA,NA,"<= day","daily",NA,NA,NA
"1963-02-17",2610,FALSE,NA,NA,"<= day","daily",NA,NA,NA
"1963-02-18",2610,FALSE,NA,NA,"<= day","daily",NA,NA,NA
"1963-02-19",2610,FALSE,NA,NA,"<= day","daily",NA,NA,NA
"1963-02-20",3910,FALSE,NA,NA,"<= day","daily",NA,NA,NA
"1963-02-21",6950,FALSE,NA,NA,"<= day","daily",NA,NA,NA
"1963-02-22",6110,FALSE,NA,NA,"<= day","daily",NA,NA,NA
"1963-02-23",5070,FALSE,NA,NA,"<= day","daily",NA,NA,NA
"1963-02-24",4950,FALSE,NA,NA,"<= day","daily",NA,NA,NA
"1963-02-25",4470,FALSE,NA,NA,"<= day","daily",NA,NA,NA
"1963-02-26",4470,FALSE,NA,NA,"<= day","daily",NA,NA,NA
"1963-02-27",4350,FALSE,NA,NA,"<= day","daily",NA,NA,NA
"1963-02-28",4350,FALSE,NA,NA,"<= day","daily",NA,NA,NA
"1963-03-01",4130,FALSE,NA,NA,"<= day","daily",NA,NA,NA
"1963-03-02",3910,FALSE,NA,NA,"<= day","daily",NA,NA,NA
"1963-03-03",3800,FALSE,NA,NA,"<= day","daily",NA,NA,NA
"1963-03-04",3690,FALSE,NA,NA,"<= day","daily",NA,NA,NA
"1963-03-05",3690,FALSE,NA,NA,"<= day","daily",NA,NA,NA
"1963-03-06",3470,FALSE,NA,NA,"<= day","daily",NA,NA,NA
"1963-03-07",3910,FALSE,NA,NA,"<= day","daily",NA,NA,NA
"1963-03-08",3690,FALSE,NA,NA,"<= day","daily",NA,NA,NA
"1963-03-09",5430,FALSE,NA,NA,"<= day","daily",NA,NA,NA
"1963-03-10",13300,FALSE,NA,NA,"<= day","daily",NA,NA,NA
"1963-03-11",17100,FALSE,NA,NA,"<= day","daily",NA,NA,NA
"1963-03-12",25800,FALSE,NA,NA,"<= day","daily",NA,NA,NA
"1963-03-13",28700,FALSE,NA,NA,"<= day","daily",NA,NA,NA
"1963-03-14",28700,FALSE,NA,NA,"<= day","daily",NA,NA,NA
"1963-03-15",28700,FALSE,NA,NA,"<= day","daily",NA,NA,NA
"1963-03-16",27900,FALSE,NA,NA,"<= day","daily",NA,NA,NA
"1963-03-17",23700,FALSE,NA,NA,"<= day","daily",NA,NA,NA
"1963-03-18",12800,FALSE,NA,NA,"<= day","daily",NA,NA,NA
"1963-03-19",10300,FALSE,NA,NA,"<= day","daily",NA,NA,NA
"1963-03-20",9450,FALSE,NA,NA,"<= day","daily",NA,NA,NA
"1963-03-21",11900,FALSE,NA,NA,"<= day","daily",NA,NA,NA
"1963-03-22",13500,FALSE,NA,NA,"<= day","daily",NA,NA,NA
"1963-03-23",12900,FALSE,NA,NA,"<= day","daily",NA,NA,NA
"1963-03-24",9740,FALSE,NA,NA,"<= day","daily",NA,NA,NA
"1963-03-25",7660,FALSE,NA,NA,"<= day","daily",NA,NA,NA
"1963-03-26",6120,FALSE,NA,NA,"<= day","daily",NA,NA,NA
"1963-03-27",5360,FALSE,NA,NA,"<= day","daily",NA,NA,NA
"1963-03-28",5360,FALSE,NA,NA,"<= day","daily",NA,NA,NA
"1963-03-29",5610,FALSE,NA,NA,"<= day","daily",NA,NA,NA
"1963-03-30",5480,FALSE,NA,NA,"<= day","daily",NA,NA,NA
"1963-03-31",5480,FALSE,NA,NA,"<= day","daily",NA,NA,NA
"1963-04-01",5870,FALSE,NA,NA,"<= day","daily",NA,NA,NA
"1963-04-02",6250,FALSE,NA,NA,"<= day","daily",NA,NA,NA
"1963-04-03",5230,FALSE,NA,NA,"<= day","daily",NA,NA,NA
"1963-04-04",4730,FALSE,NA,NA,"<= day","daily",NA,NA,NA
"1963-04-05",4250,FALSE,NA,NA,"<= day","daily",NA,NA,NA
"1963-04-06",4250,FALSE,NA,NA,"<= day","daily",NA,NA,NA
"1963-04-07",4370,FALSE,NA,NA,"<= day","daily",NA,NA,NA
"1963-04-08",5610,FALSE,NA,NA,"<= day","daily",NA,NA,NA
"1963-04-09",5360,FALSE,NA,NA,"<= day","daily",NA,NA,NA
"1963-04-10",4730,FALSE,NA,NA,"<= day","daily",NA,NA,NA
"1963-04-11",4480,FALSE,NA,NA,"<= day","daily",NA,NA,NA
"1963-04-12",4250,FALSE,NA,NA,"<= day","daily",NA,NA,NA
"1963-04-13",4140,FALSE,NA,NA,"<= day","daily",NA,NA,NA
"1963-04-14",4020,FALSE,NA,NA,"<= day","daily",NA,NA,NA
"1963-04-15",4140,FALSE,NA,NA,"<= day","daily",NA,NA,NA
"1963-04-16",4480,FALSE,NA,NA,"<= day","daily",NA,NA,NA
"1963-04-17",4480,FALSE,NA,NA,"<= day","daily",NA,NA,NA
"1963-04-18",4480,FALSE,NA,NA,"<= day","daily",NA,NA,NA
"1963-04-19",4250,FALSE,NA,NA,"<= day","daily",NA,NA,NA
"1963-04-20",4020,FALSE,NA,NA,"<= day","daily",NA,NA,NA
"1963-04-21",4020,FALSE,NA,NA,"<= day","daily",NA,NA,NA
"1963-04-22",3790,FALSE,NA,NA,"<= day","daily",NA,NA,NA
"1963-04-23",3680,FALSE,NA,NA,"<= day","daily",NA,NA,NA
"1963-04-24",3790,FALSE,NA,NA,"<= day","daily",NA,NA,NA
"1963-04-25",4140,FALSE,NA,NA,"<= day","daily",NA,NA,NA
"1963-04-26",7950,FALSE,NA,NA,"<= day","daily",NA,NA,NA
"1963-04-27",5480,FALSE,NA,NA,"<= day","daily",NA,NA,NA
"1963-04-28",5230,FALSE,NA,NA,"<= day","daily",NA,NA,NA
"1963-04-29",4250,FALSE,NA,NA,"<= day","daily",NA,NA,NA
"1963-04-30",4020,FALSE,NA,NA,"<= day","daily",NA,NA,NA
"1963-05-01",4020,FALSE,NA,NA,"<= day","daily",NA,NA,NA
"1963-05-02",3680,FALSE,NA,NA,"<= day","daily",NA,NA,NA
"1963-05-03",3560,FALSE,NA,NA,"<= day","daily",NA,NA,NA
"1963-05-04",11100,FALSE,NA,NA,"<= day","daily",NA,NA,NA
"1963-05-05",18200,FALSE,NA,NA,"<= day","daily",NA,NA,NA
"1963-05-06",18000,FALSE,NA,NA,"<= day","daily",NA,NA,NA
"1963-05-07",13100,FALSE,NA,NA,"<= day","daily",NA,NA,NA
"1963-05-08",8550,FALSE,NA,NA,"<= day","daily",NA,NA,NA
"1963-05-09",5990,FALSE,NA,NA,"<= day","daily",NA,NA,NA
"1963-05-10",4980,FALSE,NA,NA,"<= day","daily",NA,NA,NA
"1963-05-11",4480,FALSE,NA,NA,"<= day","daily",NA,NA,NA
"1963-05-12",4480,FALSE,NA,NA,"<= day","daily",NA,NA,NA
"1963-05-13",6790,FALSE,NA,NA,"<= day","daily",NA,NA,NA
"1963-05-14",9450,FALSE,NA,NA,"<= day","daily",NA,NA,NA
"1963-05-15",7660,FALSE,NA,NA,"<= day","daily",NA,NA,NA
"1963-05-16",6250,FALSE,NA,NA,"<= day","daily",NA,NA,NA
"1963-05-17",5230,FALSE,NA,NA,"<= day","daily",NA,NA,NA
"1963-05-18",4850,FALSE,NA,NA,"<= day","daily",NA,NA,NA
"1963-05-19",4600,FALSE,NA,NA,"<= day","daily",NA,NA,NA
"1963-05-20",5230,FALSE,NA,NA,"<= day","daily",NA,NA,NA
"1963-05-21",12900,FALSE,NA,NA,"<= day","daily",NA,NA,NA
"1963-05-22",12600,FALSE,NA,NA,"<= day","daily",NA,NA,NA
"1963-05-23",8400,FALSE,NA,NA,"<= day","daily",NA,NA,NA
"1963-05-24",5990,FALSE,NA,NA,"<= day","daily",NA,NA,NA
"1963-05-25",4850,FALSE,NA,NA,"<= day","daily",NA,NA,NA
"1963-05-26",4480,FALSE,NA,NA,"<= day","daily",NA,NA,NA
"1963-05-27",4480,FALSE,NA,NA,"<= day","daily",NA,NA,NA
"1963-05-28",4480,FALSE,NA,NA,"<= day","daily",NA,NA,NA
"1963-05-29",4020,FALSE,NA,NA,"<= day","daily",NA,NA,NA
"1963-05-30",4250,FALSE,NA,NA,"<= day","daily",NA,NA,NA
"1963-05-31",4600,FALSE,NA,NA,"<= day","daily",NA,NA,NA
"1963-06-01",7950,FALSE,NA,NA,"<= day","daily",NA,NA,NA
"1963-06-02",13500,FALSE,NA,NA,"<= day","daily",NA,NA,NA
"1963-06-03",7950,FALSE,NA,NA,"<= day","daily",NA,NA,NA
"1963-06-04",5990,FALSE,NA,NA,"<= day","daily",NA,NA,NA
"1963-06-05",5230,FALSE,NA,NA,"<= day","daily",NA,NA,NA
"1963-06-06",5100,FALSE,NA,NA,"<= day","daily",NA,NA,NA
"1963-06-07",9150,FALSE,NA,NA,"<= day","daily",NA,NA,NA
"1963-06-08",9450,FALSE,NA,NA,"<= day","daily",NA,NA,NA
"1963-06-09",7080,FALSE,NA,NA,"<= day","daily",NA,NA,NA
"1963-06-10",5610,FALSE,NA,NA,"<= day","daily",NA,NA,NA
"1963-06-11",4850,FALSE,NA,NA,"<= day","daily",NA,NA,NA
"1963-06-12",4480,FALSE,NA,NA,"<= day","daily",NA,NA,NA
"1963-06-13",4250,FALSE,NA,NA,"<= day","daily",NA,NA,NA
"1963-06-14",4140,FALSE,NA,NA,"<= day","daily",NA,NA,NA
"1963-06-15",6370,FALSE,NA,NA,"<= day","daily",NA,NA,NA
"1963-06-16",12400,FALSE,NA,NA,"<= day","daily",NA,NA,NA
"1963-06-17",8850,FALSE,NA,NA,"<= day","daily",NA,NA,NA
"1963-06-18",6500,FALSE,NA,NA,"<= day","daily",NA,NA,NA
"1963-06-19",5610,FALSE,NA,NA,"<= day","daily",NA,NA,NA
"1963-06-20",4980,FALSE,NA,NA,"<= day","daily",NA,NA,NA
"1963-06-21",4480,FALSE,NA,NA,"<= day","daily",NA,NA,NA
"1963-06-22",4370,FALSE,NA,NA,"<= day","daily",NA,NA,NA
"1963-06-23",4020,FALSE,NA,NA,"<= day","daily",NA,NA,NA
"1963-06-24",3790,FALSE,NA,NA,"<= day","daily",NA,NA,NA
"1963-06-25",4020,FALSE,NA,NA,"<= day","daily",NA,NA,NA
"1963-06-26",4140,FALSE,NA,NA,"<= day","daily",NA,NA,NA
"1963-06-27",3560,FALSE,NA,NA,"<= day","daily",NA,NA,NA
"1963-06-28",3340,FALSE,NA,NA,"<= day","daily",NA,NA,NA
"1963-06-29",3230,FALSE,NA,NA,"<= day","daily",NA,NA,NA
"1963-06-30",3120,FALSE,NA,NA,"<= day","daily",NA,NA,NA
"1963-07-01",3120,FALSE,NA,NA,"<= day","daily",NA,NA,NA
"1963-07-02",2900,FALSE,NA,NA,"<= day","daily",NA,NA,NA
"1963-07-03",2700,FALSE,NA,NA,"<= day","daily",NA,NA,NA
"1963-07-04",2700,FALSE,NA,NA,"<= day","daily",NA,NA,NA
"1963-07-05",2500,FALSE,NA,NA,"<= day","daily",NA,NA,NA
"1963-07-06",2500,FALSE,NA,NA,"<= day","daily",NA,NA,NA
"1963-07-07",2310,FALSE,NA,NA,"<= day","daily",NA,NA,NA
"1963-07-08",2220,FALSE,NA,NA,"<= day","daily",NA,NA,NA
"1963-07-09",2220,FALSE,NA,NA,"<= day","daily",NA,NA,NA
"1963-07-10",2400,FALSE,NA,NA,"<= day","daily",NA,NA,NA
"1963-07-11",2130,FALSE,NA,NA,"<= day","daily",NA,NA,NA
"1963-07-12",2220,FALSE,NA,NA,"<= day","daily",NA,NA,NA
"1963-07-13",2220,FALSE,NA,NA,"<= day","daily",NA,NA,NA
"1963-07-14",2310,FALSE,NA,NA,"<= day","daily",NA,NA,NA
"1963-07-15",3560,FALSE,NA,NA,"<= day","daily",NA,NA,NA
"1963-07-16",5610,FALSE,NA,NA,"<= day","daily",NA,NA,NA
"1963-07-17",3560,FALSE,NA,NA,"<= day","daily",NA,NA,NA
"1963-07-18",2900,FALSE,NA,NA,"<= day","daily",NA,NA,NA
"1963-07-19",2400,FALSE,NA,NA,"<= day","daily",NA,NA,NA
"1963-07-20",2220,FALSE,NA,NA,"<= day","daily",NA,NA,NA
"1963-07-21",2400,FALSE,NA,NA,"<= day","daily",NA,NA,NA
"1963-07-22",1950,FALSE,NA,NA,"<= day","daily",NA,NA,NA
"1963-07-23",1790,FALSE,NA,NA,"<= day","daily",NA,NA,NA
"1963-07-24",1790,FALSE,NA,NA,"<= day","daily",NA,NA,NA
"1963-07-25",1710,FALSE,NA,NA,"<= day","daily",NA,NA,NA
"1963-07-26",1550,FALSE,NA,NA,"<= day","daily",NA,NA,NA
"1963-07-27",1550,FALSE,NA,NA,"<= day","daily",NA,NA,NA
"1963-07-28",1550,FALSE,NA,NA,"<= day","daily",NA,NA,NA
"1963-07-29",1550,FALSE,NA,NA,"<= day","daily",NA,NA,NA
"1963-07-30",1480,FALSE,NA,NA,"<= day","daily",NA,NA,NA
"1963-07-31",1480,FALSE,NA,NA,"<= day","daily",NA,NA,NA
"1963-08-01",1480,FALSE,NA,NA,"<= day","daily",NA,NA,NA
"1963-08-02",1410,FALSE,NA,NA,"<= day","daily",NA,NA,NA
"1963-08-03",1410,FALSE,NA,NA,"<= day","daily",NA,NA,NA
"1963-08-04",1410,FALSE,NA,NA,"<= day","daily",NA,NA,NA
"1963-08-05",1340,FALSE,NA,NA,"<= day","daily",NA,NA,NA
"1963-08-06",1340,FALSE,NA,NA,"<= day","daily",NA,NA,NA
"1963-08-07",1340,FALSE,NA,NA,"<= day","daily",NA,NA,NA
"1963-08-08",1340,FALSE,NA,NA,"<= day","daily",NA,NA,NA
"1963-08-09",1480,FALSE,NA,NA,"<= day","daily",NA,NA,NA
"1963-08-10",1480,FALSE,NA,NA,"<= day","daily",NA,NA,NA
"1963-08-11",1950,FALSE,NA,NA,"<= day","daily",NA,NA,NA
"1963-08-12",1870,FALSE,NA,NA,"<= day","daily",NA,NA,NA
"1963-08-13",1630,FALSE,NA,NA,"<= day","daily",NA,NA,NA
"1963-08-14",1630,FALSE,NA,NA,"<= day","daily",NA,NA,NA
"1963-08-15",3010,FALSE,NA,NA,"<= day","daily",NA,NA,NA
"1963-08-16",3560,FALSE,NA,NA,"<= day","daily",NA,NA,NA
"1963-08-17",3790,FALSE,NA,NA,"<= day","daily",NA,NA,NA
"1963-08-18",3010,FALSE,NA,NA,"<= day","daily",NA,NA,NA
"1963-08-19",2700,FALSE,NA,NA,"<= day","daily",NA,NA,NA
"1963-08-20",2500,FALSE,NA,NA,"<= day","daily",NA,NA,NA
"1963-08-21",2310,FALSE,NA,NA,"<= day","daily",NA,NA,NA
"1963-08-22",2040,FALSE,NA,NA,"<= day","daily",NA,NA,NA
"1963-08-23",2310,FALSE,NA,NA,"<= day","daily",NA,NA,NA
"1963-08-24",1950,FALSE,NA,NA,"<= day","daily",NA,NA,NA
"1963-08-25",1790,FALSE,NA,NA,"<= day","daily",NA,NA,NA
"1963-08-26",1550,FALSE,NA,NA,"<= day","daily",NA,NA,NA
"1963-08-27",1550,FALSE,NA,NA,"<= day","daily",NA,NA,NA
"1963-08-28",1480,FALSE,NA,NA,"<= day","daily",NA,NA,NA
"1963-08-29",1480,FALSE,NA,NA,"<= day","daily",NA,NA,NA
"1963-08-30",2700,FALSE,NA,NA,"<= day","daily",NA,NA,NA
"1963-08-31",5610,FALSE,NA,NA,"<= day","daily",NA,NA,NA
"1963-09-01",4020,FALSE,NA,NA,"<= day","daily",NA,NA,NA
"1963-09-02",3340,FALSE,NA,NA,"<= day","daily",NA,NA,NA
"1963-09-03",3230,FALSE,NA,NA,"<= day","daily",NA,NA,NA
"1963-09-04",2900,FALSE,NA,NA,"<= day","daily",NA,NA,NA
"1963-09-05",3120,FALSE,NA,NA,"<= day","daily",NA,NA,NA
"1963-09-06",3010,FALSE,NA,NA,"<= day","daily",NA,NA,NA
"1963-09-07",2700,FALSE,NA,NA,"<= day","daily",NA,NA,NA
"1963-09-08",4250,FALSE,NA,NA,"<= day","daily",NA,NA,NA
"1963-09-09",20500,FALSE,NA,NA,"<= day","daily",NA,NA,NA
"1963-09-10",27900,FALSE,NA,NA,"<= day","daily",NA,NA,NA
"1963-09-11",27500,FALSE,NA,NA,"<= day","daily",NA,NA,NA
"1963-09-12",17800,FALSE,NA,NA,"<= day","daily",NA,NA,NA
"1963-09-13",9300,FALSE,NA,NA,"<= day","daily",NA,NA,NA
"1963-09-14",5230,FALSE,NA,NA,"<= day","daily",NA,NA,NA
"1963-09-15",4020,FALSE,NA,NA,"<= day","daily",NA,NA,NA
"1963-09-16",4020,FALSE,NA,NA,"<= day","daily",NA,NA,NA
"1963-09-17",3910,FALSE,NA,NA,"<= day","daily",NA,NA,NA
"1963-09-18",3680,FALSE,NA,NA,"<= day","daily",NA,NA,NA
"1963-09-19",3450,FALSE,NA,NA,"<= day","daily",NA,NA,NA
"1963-09-20",3340,FALSE,NA,NA,"<= day","daily",NA,NA,NA
"1963-09-21",3450,FALSE,NA,NA,"<= day","daily",NA,NA,NA
"1963-09-22",3120,FALSE,NA,NA,"<= day","daily",NA,NA,NA
"1963-09-23",3120,FALSE,NA,NA,"<= day","daily",NA,NA,NA
"1963-09-24",3010,FALSE,NA,NA,"<= day","daily",NA,NA,NA
"1963-09-25",2400,FALSE,NA,NA,"<= day","daily",NA,NA,NA
"1963-09-26",3010,FALSE,NA,NA,"<= day","daily",NA,NA,NA
"1963-09-27",6500,FALSE,NA,NA,"<= day","daily",NA,NA,NA
"1963-09-28",4140,FALSE,NA,NA,"<= day","daily",NA,NA,NA
"1963-09-29",3790,FALSE,NA,NA,"<= day","daily",NA,NA,NA
"1963-09-30",3340,FALSE,NA,NA,"<= day","daily",NA,NA,NA
"1963-10-01",2900,FALSE,NA,NA,"<= day","daily",NA,NA,NA
"1963-10-02",2700,FALSE,NA,NA,"<= day","daily",NA,NA,NA
"1963-10-03",2500,FALSE,NA,NA,"<= day","daily",NA,NA,NA
"1963-10-04",2600,FALSE,NA,NA,"<= day","daily",NA,NA,NA
"1963-10-05",6650,FALSE,NA,NA,"<= day","daily",NA,NA,NA
"1963-10-06",20500,FALSE,NA,NA,"<= day","daily",NA,NA,NA
"1963-10-07",24900,FALSE,NA,NA,"<= day","daily",NA,NA,NA
"1963-10-08",16400,FALSE,NA,NA,"<= day","daily",NA,NA,NA
"1963-10-09",13500,FALSE,NA,NA,"<= day","daily",NA,NA,NA
"1963-10-10",11600,FALSE,NA,NA,"<= day","daily",NA,NA,NA
"1963-10-11",7950,FALSE,NA,NA,"<= day","daily",NA,NA,NA
"1963-10-12",5740,FALSE,NA,NA,"<= day","daily",NA,NA,NA
"1963-10-13",4730,FALSE,NA,NA,"<= day","daily",NA,NA,NA
"1963-10-14",4480,FALSE,NA,NA,"<= day","daily",NA,NA,NA
"1963-10-15",4370,FALSE,NA,NA,"<= day","daily",NA,NA,NA
"1963-10-16",4140,FALSE,NA,NA,"<= day","daily",NA,NA,NA
"1963-10-17",3790,FALSE,NA,NA,"<= day","daily",NA,NA,NA
"1963-10-18",3790,FALSE,NA,NA,"<= day","daily",NA,NA,NA
"1963-10-19",3560,FALSE,NA,NA,"<= day","daily",NA,NA,NA
"1963-10-20",3910,FALSE,NA,NA,"<= day","daily",NA,NA,NA
"1963-10-21",3230,FALSE,NA,NA,"<= day","daily",NA,NA,NA
"1963-10-22",2900,FALSE,NA,NA,"<= day","daily",NA,NA,NA
"1963-10-23",2700,FALSE,NA,NA,"<= day","daily",NA,NA,NA
"1963-10-24",2500,FALSE,NA,NA,"<= day","daily",NA,NA,NA
"1963-10-25",2400,FALSE,NA,NA,"<= day","daily",NA,NA,NA
"1963-10-26",2310,FALSE,NA,NA,"<= day","daily",NA,NA,NA
"1963-10-27",2310,FALSE,NA,NA,"<= day","daily",NA,NA,NA
"1963-10-28",2130,FALSE,NA,NA,"<= day","daily",NA,NA,NA
"1963-10-29",2040,FALSE,NA,NA,"<= day","daily",NA,NA,NA
"1963-10-30",2040,FALSE,NA,NA,"<= day","daily",NA,NA,NA
"1963-10-31",1950,FALSE,NA,NA,"<= day","daily",NA,NA,NA
"1963-11-01",1870,FALSE,NA,NA,"<= day","daily",NA,NA,NA
"1963-11-02",2900,FALSE,NA,NA,"<= day","daily",NA,NA,NA
"1963-11-03",11800,FALSE,NA,NA,"<= day","daily",NA,NA,NA
"1963-11-04",9890,FALSE,NA,NA,"<= day","daily",NA,NA,NA
"1963-11-05",4980,FALSE,NA,NA,"<= day","daily",NA,NA,NA
"1963-11-06",4370,FALSE,NA,NA,"<= day","daily",NA,NA,NA
"1963-11-07",6940,FALSE,NA,NA,"<= day","daily",NA,NA,NA
"1963-11-08",7230,FALSE,NA,NA,"<= day","daily",NA,NA,NA
"1963-11-09",7080,FALSE,NA,NA,"<= day","daily",NA,NA,NA
"1963-11-10",5230,FALSE,NA,NA,"<= day","daily",NA,NA,NA
"1963-11-11",4480,FALSE,NA,NA,"<= day","daily",NA,NA,NA
"1963-11-12",4250,FALSE,NA,NA,"<= day","daily",NA,NA,NA
"1963-11-13",4480,FALSE,NA,NA,"<= day","daily",NA,NA,NA
"1963-11-14",6250,FALSE,NA,NA,"<= day","daily",NA,NA,NA
"1963-11-15",5230,FALSE,NA,NA,"<= day","daily",NA,NA,NA
"1963-11-16",4480,FALSE,NA,NA,"<= day","daily",NA,NA,NA
"1963-11-17",6370,FALSE,NA,NA,"<= day","daily",NA,NA,NA
"1963-11-18",12400,FALSE,NA,NA,"<= day","daily",NA,NA,NA
"1963-11-19",10300,FALSE,NA,NA,"<= day","daily",NA,NA,NA
"1963-11-20",6650,FALSE,NA,NA,"<= day","daily",NA,NA,NA
"1963-11-21",5230,FALSE,NA,NA,"<= day","daily",NA,NA,NA
"1963-11-22",4480,FALSE,NA,NA,"<= day","daily",NA,NA,NA
"1963-11-23",4370,FALSE,NA,NA,"<= day","daily",NA,NA,NA
"1963-11-24",4140,FALSE,NA,NA,"<= day","daily",NA,NA,NA
"1963-11-25",4020,FALSE,NA,NA,"<= day","daily",NA,NA,NA
"1963-11-26",4250,FALSE,NA,NA,"<= day","daily",NA,NA,NA
"1963-11-27",10900,FALSE,NA,NA,"<= day","daily",NA,NA,NA
"1963-11-28",12900,FALSE,NA,NA,"<= day","daily",NA,NA,NA
"1963-11-29",16600,FALSE,NA,NA,"<= day","daily",NA,NA,NA
"1963-11-30",15000,FALSE,NA,NA,"<= day","daily",NA,NA,NA
"1963-12-01",10600,FALSE,NA,NA,"<= day","daily",NA,NA,NA
"1963-12-02",7520,FALSE,NA,NA,"<= day","daily",NA,NA,NA
"1963-12-03",5740,FALSE,NA,NA,"<= day","daily",NA,NA,NA
"1963-12-04",4980,FALSE,NA,NA,"<= day","daily",NA,NA,NA
"1963-12-05",5480,FALSE,NA,NA,"<= day","daily",NA,NA,NA
"1963-12-06",12300,FALSE,NA,NA,"<= day","daily",NA,NA,NA
"1963-12-07",9890,FALSE,NA,NA,"<= day","daily",NA,NA,NA
"1963-12-08",7520,FALSE,NA,NA,"<= day","daily",NA,NA,NA
"1963-12-09",5870,FALSE,NA,NA,"<= day","daily",NA,NA,NA
"1963-12-10",4600,FALSE,NA,NA,"<= day","daily",NA,NA,NA
"1963-12-11",4480,FALSE,NA,NA,"<= day","daily",NA,NA,NA
"1963-12-12",4370,FALSE,NA,NA,"<= day","daily",NA,NA,NA
"1963-12-13",4370,FALSE,NA,NA,"<= day","daily",NA,NA,NA
"1963-12-14",4140,FALSE,NA,NA,"<= day","daily",NA,NA,NA
"1963-12-15",4020,FALSE,NA,NA,"<= day","daily",NA,NA,NA
"1963-12-16",3910,FALSE,NA,NA,"<= day","daily",NA,NA,NA
"1963-12-17",3910,FALSE,NA,NA,"<= day","daily",NA,NA,NA
"1963-12-18",3790,FALSE,NA,NA,"<= day","daily",NA,NA,NA
"1963-12-19",3790,FALSE,NA,NA,"<= day","daily",NA,NA,NA
"1963-12-20",3450,FALSE,NA,NA,"<= day","daily",NA,NA,NA
"1963-12-21",3450,FALSE,NA,NA,"<= day","daily",NA,NA,NA
"1963-12-22",3230,FALSE,NA,NA,"<= day","daily",NA,NA,NA
"1963-12-23",3010,FALSE,NA,NA,"<= day","daily",NA,NA,NA
"1963-12-24",2900,FALSE,NA,NA,"<= day","daily",NA,NA,NA
"1963-12-25",2800,FALSE,NA,NA,"<= day","daily",NA,NA,NA
"1963-12-26",2800,FALSE,NA,NA,"<= day","daily",NA,NA,NA
"1963-12-27",2800,FALSE,NA,NA,"<= day","daily",NA,NA,NA
"1963-12-28",3010,FALSE,NA,NA,"<= day","daily",NA,NA,NA
"1963-12-29",3120,FALSE,NA,NA,"<= day","daily",NA,NA,NA
"1963-12-30",3340,FALSE,NA,NA,"<= day","daily",NA,NA,NA
"1963-12-31",3340,FALSE,NA,NA,"<= day","daily",NA,NA,NA
"1964-01-01",3340,FALSE,NA,NA,"<= day","daily",NA,NA,NA
"1964-01-02",3230,FALSE,NA,NA,"<= day","daily",NA,NA,NA
"1964-01-03",3010,FALSE,NA,NA,"<= day","daily",NA,NA,NA
"1964-01-04",2900,FALSE,NA,NA,"<= day","daily",NA,NA,NA
"1964-01-05",2700,FALSE,NA,NA,"<= day","daily",NA,NA,NA
"1964-01-06",2500,FALSE,NA,NA,"<= day","daily",NA,NA,NA
"1964-01-07",2400,FALSE,NA,NA,"<= day","daily",NA,NA,NA
"1964-01-08",2400,FALSE,NA,NA,"<= day","daily",NA,NA,NA
"1964-01-09",2310,FALSE,NA,NA,"<= day","daily",NA,NA,NA
"1964-01-10",2310,FALSE,NA,NA,"<= day","daily",NA,NA,NA
"1964-01-11",2310,FALSE,NA,NA,"<= day","daily",NA,NA,NA
"1964-01-12",2130,FALSE,NA,NA,"<= day","daily",NA,NA,NA
"1964-01-13",2040,FALSE,NA,NA,"<= day","daily",NA,NA,NA
"1964-01-14",1950,FALSE,NA,NA,"<= day","daily",NA,NA,NA
"1964-01-15",2220,FALSE,NA,NA,"<= day","daily",NA,NA,NA
"1964-01-16",2220,FALSE,NA,NA,"<= day","daily",NA,NA,NA
"1964-01-17",2040,FALSE,NA,NA,"<= day","daily",NA,NA,NA
"1964-01-18",1870,FALSE,NA,NA,"<= day","daily",NA,NA,NA
"1964-01-19",1870,FALSE,NA,NA,"<= day","daily",NA,NA,NA
"1964-01-20",1790,FALSE,NA,NA,"<= day","daily",NA,NA,NA
"1964-01-21",1710,FALSE,NA,NA,"<= day","daily",NA,NA,NA
"1964-01-22",1710,FALSE,NA,NA,"<= day","daily",NA,NA,NA
"1964-01-23",1630,FALSE,NA,NA,"<= day","daily",NA,NA,NA
"1964-01-24",1630,FALSE,NA,NA,"<= day","daily",NA,NA,NA
"1964-01-25",1550,FALSE,NA,NA,"<= day","daily",NA,NA,NA
"1964-01-26",1550,FALSE,NA,NA,"<= day","daily",NA,NA,NA
"1964-01-27",1550,FALSE,NA,NA,"<= day","daily",NA,NA,NA
"1964-01-28",1480,FALSE,NA,NA,"<= day","daily",NA,NA,NA
"1964-01-29",1480,FALSE,NA,NA,"<= day","daily",NA,NA,NA
"1964-01-30",1480,FALSE,NA,NA,"<= day","daily",NA,NA,NA
"1964-01-31",1480,FALSE,NA,NA,"<= day","daily",NA,NA,NA
"1964-02-01",1480,FALSE,NA,NA,"<= day","daily",NA,NA,NA
"1964-02-02",1480,FALSE,NA,NA,"<= day","daily",NA,NA,NA
"1964-02-03",1480,FALSE,NA,NA,"<= day","daily",NA,NA,NA
"1964-02-04",1480,FALSE,NA,NA,"<= day","daily",NA,NA,NA
"1964-02-05",1480,FALSE,NA,NA,"<= day","daily",NA,NA,NA
"1964-02-06",1550,FALSE,NA,NA,"<= day","daily",NA,NA,NA
"1964-02-07",1550,FALSE,NA,NA,"<= day","daily",NA,NA,NA
"1964-02-08",1480,FALSE,NA,NA,"<= day","daily",NA,NA,NA
"1964-02-09",1480,FALSE,NA,NA,"<= day","daily",NA,NA,NA
"1964-02-10",1410,FALSE,NA,NA,"<= day","daily",NA,NA,NA
"1964-02-11",1410,FALSE,NA,NA,"<= day","daily",NA,NA,NA
"1964-02-12",1410,FALSE,NA,NA,"<= day","daily",NA,NA,NA
"1964-02-13",1480,FALSE,NA,NA,"<= day","daily",NA,NA,NA
"1964-02-14",1480,FALSE,NA,NA,"<= day","daily",NA,NA,NA
"1964-02-15",1480,FALSE,NA,NA,"<= day","daily",NA,NA,NA
"1964-02-16",1410,FALSE,NA,NA,"<= day","daily",NA,NA,NA
"1964-02-17",1410,FALSE,NA,NA,"<= day","daily",NA,NA,NA
"1964-02-18",1710,FALSE,NA,NA,"<= day","daily",NA,NA,NA
"1964-02-19",4020,FALSE,NA,NA,"<= day","daily",NA,NA,NA
"1964-02-20",4730,FALSE,NA,NA,"<= day","daily",NA,NA,NA
"1964-02-21",5100,FALSE,NA,NA,"<= day","daily",NA,NA,NA
"1964-02-22",4020,FALSE,NA,NA,"<= day","daily",NA,NA,NA
"1964-02-23",3680,FALSE,NA,NA,"<= day","daily",NA,NA,NA
"1964-02-24",3230,FALSE,NA,NA,"<= day","daily",NA,NA,NA
"1964-02-25",2800,FALSE,NA,NA,"<= day","daily",NA,NA,NA
"1964-02-26",2700,FALSE,NA,NA,"<= day","daily",NA,NA,NA
"1964-02-27",4020,FALSE,NA,NA,"<= day","daily",NA,NA,NA
"1964-02-28",8550,FALSE,NA,NA,"<= day","daily",NA,NA,NA
"1964-02-29",9300,FALSE,NA,NA,"<= day","daily",NA,NA,NA
"1964-03-01",9450,FALSE,NA,NA,"<= day","daily",NA,NA,NA
"1964-03-02",8550,FALSE,NA,NA,"<= day","daily",NA,NA,NA
"1964-03-03",5740,FALSE,NA,NA,"<= day","daily",NA,NA,NA
"1964-03-04",4850,FALSE,NA,NA,"<= day","daily",NA,NA,NA
"1964-03-05",4480,FALSE,NA,NA,"<= day","daily",NA,NA,NA
"1964-03-06",4370,FALSE,NA,NA,"<= day","daily",NA,NA,NA
"1964-03-07",4370,FALSE,NA,NA,"<= day","daily",NA,NA,NA
"1964-03-08",4020,FALSE,NA,NA,"<= day","daily",NA,NA,NA
"1964-03-09",3790,FALSE,NA,NA,"<= day","daily",NA,NA,NA
"1964-03-10",3560,FALSE,NA,NA,"<= day","daily",NA,NA,NA
"1964-03-11",3340,FALSE,NA,NA,"<= day","daily",NA,NA,NA
"1964-03-12",3010,FALSE,NA,NA,"<= day","daily",NA,NA,NA
"1964-03-13",3010,FALSE,NA,NA,"<= day","daily",NA,NA,NA
"1964-03-14",2800,FALSE,NA,NA,"<= day","daily",NA,NA,NA
"1964-03-15",3230,FALSE,NA,NA,"<= day","daily",NA,NA,NA
"1964-03-16",4020,FALSE,NA,NA,"<= day","daily",NA,NA,NA
"1964-03-17",4370,FALSE,NA,NA,"<= day","daily",NA,NA,NA
"1964-03-18",4250,FALSE,NA,NA,"<= day","daily",NA,NA,NA
"1964-03-19",5100,FALSE,NA,NA,"<= day","daily",NA,NA,NA
"1964-03-20",3910,FALSE,NA,NA,"<= day","daily",NA,NA,NA
"1964-03-21",5230,FALSE,NA,NA,"<= day","daily",NA,NA,NA
"1964-03-22",16000,FALSE,NA,NA,"<= day","daily",NA,NA,NA
"1964-03-23",26200,FALSE,NA,NA,"<= day","daily",NA,NA,NA
"1964-03-24",19000,FALSE,NA,NA,"<= day","daily",NA,NA,NA
"1964-03-25",13900,FALSE,NA,NA,"<= day","daily",NA,NA,NA
"1964-03-26",9150,FALSE,NA,NA,"<= day","daily",NA,NA,NA
"1964-03-27",7520,FALSE,NA,NA,"<= day","daily",NA,NA,NA
"1964-03-28",10200,FALSE,NA,NA,"<= day","daily",NA,NA,NA
"1964-03-29",10500,FALSE,NA,NA,"<= day","daily",NA,NA,NA
"1964-03-30",12600,FALSE,NA,NA,"<= day","daily",NA,NA,NA
"1964-03-31",14400,FALSE,NA,NA,"<= day","daily",NA,NA,NA
"1964-04-01",13400,FALSE,NA,NA,"<= day","daily",NA,NA,NA
"1964-04-02",9740,FALSE,NA,NA,"<= day","daily",NA,NA,NA
"1964-04-03",6500,FALSE,NA,NA,"<= day","daily",NA,NA,NA
"1964-04-04",5230,FALSE,NA,NA,"<= day","daily",NA,NA,NA
"1964-04-05",6940,FALSE,NA,NA,"<= day","daily",NA,NA,NA
"1964-04-06",8850,FALSE,NA,NA,"<= day","daily",NA,NA,NA
"1964-04-07",8100,FALSE,NA,NA,"<= day","daily",NA,NA,NA
"1964-04-08",16200,FALSE,NA,NA,"<= day","daily",NA,NA,NA
"1964-04-09",17400,FALSE,NA,NA,"<= day","daily",NA,NA,NA
"1964-04-10",12900,FALSE,NA,NA,"<= day","daily",NA,NA,NA
"1964-04-11",11100,FALSE,NA,NA,"<= day","daily",NA,NA,NA
"1964-04-12",9740,FALSE,NA,NA,"<= day","daily",NA,NA,NA
"1964-04-13",7230,FALSE,NA,NA,"<= day","daily",NA,NA,NA
"1964-04-14",5480,FALSE,NA,NA,"<= day","daily",NA,NA,NA
"1964-04-15",4980,FALSE,NA,NA,"<= day","daily",NA,NA,NA
"1964-04-16",4480,FALSE,NA,NA,"<= day","daily",NA,NA,NA
"1964-04-17",4480,FALSE,NA,NA,"<= day","daily",NA,NA,NA
"1964-04-18",4480,FALSE,NA,NA,"<= day","daily",NA,NA,NA
"1964-04-19",4370,FALSE,NA,NA,"<= day","daily",NA,NA,NA
"1964-04-20",4250,FALSE,NA,NA,"<= day","daily",NA,NA,NA
"1964-04-21",4020,FALSE,NA,NA,"<= day","daily",NA,NA,NA
"1964-04-22",4250,FALSE,NA,NA,"<= day","daily",NA,NA,NA
"1964-04-23",4370,FALSE,NA,NA,"<= day","daily",NA,NA,NA
"1964-04-24",4600,FALSE,NA,NA,"<= day","daily",NA,NA,NA
"1964-04-25",16600,FALSE,NA,NA,"<= day","daily",NA,NA,NA
"1964-04-26",21900,FALSE,NA,NA,"<= day","daily",NA,NA,NA
"1964-04-27",13900,FALSE,NA,NA,"<= day","daily",NA,NA,NA
"1964-04-28",9690,FALSE,NA,NA,"<= day","daily",NA,NA,NA
"1964-04-29",6950,FALSE,NA,NA,"<= day","daily",NA,NA,NA
"1964-04-30",5550,FALSE,NA,NA,"<= day","daily",NA,NA,NA
"1964-05-01",6390,FALSE,NA,NA,"<= day","daily",NA,NA,NA
"1964-05-02",5550,FALSE,NA,NA,"<= day","daily",NA,NA,NA
"1964-05-03",5310,FALSE,NA,NA,"<= day","daily",NA,NA,NA
"1964-05-04",5070,FALSE,NA,NA,"<= day","daily",NA,NA,NA
"1964-05-05",4830,FALSE,NA,NA,"<= day","daily",NA,NA,NA
"1964-05-06",12200,FALSE,NA,NA,"<= day","daily",NA,NA,NA
"1964-05-07",10200,FALSE,NA,NA,"<= day","daily",NA,NA,NA
"1964-05-08",7510,FALSE,NA,NA,"<= day","daily",NA,NA,NA
"1964-05-09",5830,FALSE,NA,NA,"<= day","daily",NA,NA,NA
"1964-05-10",5310,FALSE,NA,NA,"<= day","daily",NA,NA,NA
"1964-05-11",4950,FALSE,NA,NA,"<= day","daily",NA,NA,NA
"1964-05-12",4830,FALSE,NA,NA,"<= day","daily",NA,NA,NA
"1964-05-13",4730,FALSE,NA,NA,"<= day","daily",NA,NA,NA
"1964-05-14",4350,FALSE,NA,NA,"<= day","daily",NA,NA,NA
"1964-05-15",4130,FALSE,NA,NA,"<= day","daily",NA,NA,NA
"1964-05-16",4130,FALSE,NA,NA,"<= day","daily",NA,NA,NA
"1964-05-17",4020,FALSE,NA,NA,"<= day","daily",NA,NA,NA
"1964-05-18",3910,FALSE,NA,NA,"<= day","daily",NA,NA,NA
"1964-05-19",3690,FALSE,NA,NA,"<= day","daily",NA,NA,NA
"1964-05-20",3690,FALSE,NA,NA,"<= day","daily",NA,NA,NA
"1964-05-21",4020,FALSE,NA,NA,"<= day","daily",NA,NA,NA
"1964-05-22",4830,FALSE,NA,NA,"<= day","daily",NA,NA,NA
"1964-05-23",4710,FALSE,NA,NA,"<= day","daily",NA,NA,NA
"1964-05-24",3470,FALSE,NA,NA,"<= day","daily",NA,NA,NA
"1964-05-25",3250,FALSE,NA,NA,"<= day","daily",NA,NA,NA
"1964-05-26",3140,FALSE,NA,NA,"<= day","daily",NA,NA,NA
"1964-05-27",3140,FALSE,NA,NA,"<= day","daily",NA,NA,NA
"1964-05-28",3360,FALSE,NA,NA,"<= day","daily",NA,NA,NA
"1964-05-29",4020,FALSE,NA,NA,"<= day","daily",NA,NA,NA
"1964-05-30",6250,FALSE,NA,NA,"<= day","daily",NA,NA,NA
"1964-05-31",14600,FALSE,NA,NA,"<= day","daily",NA,NA,NA
"1964-06-01",9530,FALSE,NA,NA,"<= day","daily",NA,NA,NA
"1964-06-02",5550,FALSE,NA,NA,"<= day","daily",NA,NA,NA
"1964-06-03",4950,FALSE,NA,NA,"<= day","daily",NA,NA,NA
"1964-06-04",5070,FALSE,NA,NA,"<= day","daily",NA,NA,NA
"1964-06-05",4590,FALSE,NA,NA,"<= day","daily",NA,NA,NA
"1964-06-06",4130,FALSE,NA,NA,"<= day","daily",NA,NA,NA
"1964-06-07",3470,FALSE,NA,NA,"<= day","daily",NA,NA,NA
"1964-06-08",3360,FALSE,NA,NA,"<= day","daily",NA,NA,NA
"1964-06-09",3250,FALSE,NA,NA,"<= day","daily",NA,NA,NA
"1964-06-10",2920,FALSE,NA,NA,"<= day","daily",NA,NA,NA
"1964-06-11",2610,FALSE,NA,NA,"<= day","daily",NA,NA,NA
"1964-06-12",2610,FALSE,NA,NA,"<= day","daily",NA,NA,NA
"1964-06-13",2520,FALSE,NA,NA,"<= day","daily",NA,NA,NA
"1964-06-14",2430,FALSE,NA,NA,"<= day","daily",NA,NA,NA
"1964-06-15",2250,FALSE,NA,NA,"<= day","daily",NA,NA,NA
"1964-06-16",2920,FALSE,NA,NA,"<= day","daily",NA,NA,NA
"1964-06-17",3690,FALSE,NA,NA,"<= day","daily",NA,NA,NA
"1964-06-18",3250,FALSE,NA,NA,"<= day","daily",NA,NA,NA
"1964-06-19",3030,FALSE,NA,NA,"<= day","daily",NA,NA,NA
"1964-06-20",2920,FALSE,NA,NA,"<= day","daily",NA,NA,NA
"1964-06-21",2810,FALSE,NA,NA,"<= day","daily",NA,NA,NA
"1964-06-22",2610,FALSE,NA,NA,"<= day","daily",NA,NA,NA
"1964-06-23",2250,FALSE,NA,NA,"<= day","daily",NA,NA,NA
"1964-06-24",2070,FALSE,NA,NA,"<= day","daily",NA,NA,NA
"1964-06-25",2250,FALSE,NA,NA,"<= day","daily",NA,NA,NA
"1964-06-26",2250,FALSE,NA,NA,"<= day","daily",NA,NA,NA
"1964-06-27",2250,FALSE,NA,NA,"<= day","daily",NA,NA,NA
"1964-06-28",2160,FALSE,NA,NA,"<= day","daily",NA,NA,NA
"1964-06-29",2160,FALSE,NA,NA,"<= day","daily",NA,NA,NA
"1964-06-30",2160,FALSE,NA,NA,"<= day","daily",NA,NA,NA
"1964-07-01",2810,FALSE,NA,NA,"<= day","daily",NA,NA,NA
"1964-07-02",2810,FALSE,NA,NA,"<= day","daily",NA,NA,NA
"1964-07-03",2610,FALSE,NA,NA,"<= day","daily",NA,NA,NA
"1964-07-04",2070,FALSE,NA,NA,"<= day","daily",NA,NA,NA
"1964-07-05",5430,FALSE,NA,NA,"<= day","daily",NA,NA,NA
"1964-07-06",14800,FALSE,NA,NA,"<= day","daily",NA,NA,NA
"1964-07-07",16500,FALSE,NA,NA,"<= day","daily",NA,NA,NA
"1964-07-08",12000,FALSE,NA,NA,"<= day","daily",NA,NA,NA
"1964-07-09",6670,FALSE,NA,NA,"<= day","daily",NA,NA,NA
"1964-07-10",7370,FALSE,NA,NA,"<= day","daily",NA,NA,NA
"1964-07-11",15200,FALSE,NA,NA,"<= day","daily",NA,NA,NA
"1964-07-12",18500,FALSE,NA,NA,"<= day","daily",NA,NA,NA
"1964-07-13",14400,FALSE,NA,NA,"<= day","daily",NA,NA,NA
"1964-07-14",8350,FALSE,NA,NA,"<= day","daily",NA,NA,NA
"1964-07-15",6110,FALSE,NA,NA,"<= day","daily",NA,NA,NA
"1964-07-16",5070,FALSE,NA,NA,"<= day","daily",NA,NA,NA
"1964-07-17",5070,FALSE,NA,NA,"<= day","daily",NA,NA,NA
"1964-07-18",4240,FALSE,NA,NA,"<= day","daily",NA,NA,NA
"1964-07-19",4020,FALSE,NA,NA,"<= day","daily",NA,NA,NA
"1964-07-20",3910,FALSE,NA,NA,"<= day","daily",NA,NA,NA
"1964-07-21",3690,FALSE,NA,NA,"<= day","daily",NA,NA,NA
"1964-07-22",3470,FALSE,NA,NA,"<= day","daily",NA,NA,NA
"1964-07-23",3250,FALSE,NA,NA,"<= day","daily",NA,NA,NA
"1964-07-24",3250,FALSE,NA,NA,"<= day","daily",NA,NA,NA
"1964-07-25",3030,FALSE,NA,NA,"<= day","daily",NA,NA,NA
"1964-07-26",2920,FALSE,NA,NA,"<= day","daily",NA,NA,NA
"1964-07-27",2700,FALSE,NA,NA,"<= day","daily",NA,NA,NA
"1964-07-28",2520,FALSE,NA,NA,"<= day","daily",NA,NA,NA
"1964-07-29",2340,FALSE,NA,NA,"<= day","daily",NA,NA,NA
"1964-07-30",2340,FALSE,NA,NA,"<= day","daily",NA,NA,NA
"1964-07-31",2250,FALSE,NA,NA,"<= day","daily",NA,NA,NA
"1964-08-01",2070,FALSE,NA,NA,"<= day","daily",NA,NA,NA
"1964-08-02",2070,FALSE,NA,NA,"<= day","daily",NA,NA,NA
"1964-08-03",2070,FALSE,NA,NA,"<= day","daily",NA,NA,NA
"1964-08-04",2160,FALSE,NA,NA,"<= day","daily",NA,NA,NA
"1964-08-05",2070,FALSE,NA,NA,"<= day","daily",NA,NA,NA
"1964-08-06",1890,FALSE,NA,NA,"<= day","daily",NA,NA,NA
"1964-08-07",1890,FALSE,NA,NA,"<= day","daily",NA,NA,NA
"1964-08-08",1890,FALSE,NA,NA,"<= day","daily",NA,NA,NA
"1964-08-09",1890,FALSE,NA,NA,"<= day","daily",NA,NA,NA
"1964-08-10",2250,FALSE,NA,NA,"<= day","daily",NA,NA,NA
"1964-08-11",3250,FALSE,NA,NA,"<= day","daily",NA,NA,NA
"1964-08-12",2250,FALSE,NA,NA,"<= day","daily",NA,NA,NA
"1964-08-13",2160,FALSE,NA,NA,"<= day","daily",NA,NA,NA
"1964-08-14",1980,FALSE,NA,NA,"<= day","daily",NA,NA,NA
"1964-08-15",1890,FALSE,NA,NA,"<= day","daily",NA,NA,NA
"1964-08-16",1890,FALSE,NA,NA,"<= day","daily",NA,NA,NA
"1964-08-17",1890,FALSE,NA,NA,"<= day","daily",NA,NA,NA
"1964-08-18",1890,FALSE,NA,NA,"<= day","daily",NA,NA,NA
"1964-08-19",1890,FALSE,NA,NA,"<= day","daily",NA,NA,NA
"1964-08-20",7370,FALSE,NA,NA,"<= day","daily",NA,NA,NA
"1964-08-21",4020,FALSE,NA,NA,"<= day","daily",NA,NA,NA
"1964-08-22",2920,FALSE,NA,NA,"<= day","daily",NA,NA,NA
"1964-08-23",3030,FALSE,NA,NA,"<= day","daily",NA,NA,NA
"1964-08-24",3250,FALSE,NA,NA,"<= day","daily",NA,NA,NA
"1964-08-25",3470,FALSE,NA,NA,"<= day","daily",NA,NA,NA
"1964-08-26",3250,FALSE,NA,NA,"<= day","daily",NA,NA,NA
"1964-08-27",3140,FALSE,NA,NA,"<= day","daily",NA,NA,NA
"1964-08-28",2920,FALSE,NA,NA,"<= day","daily",NA,NA,NA
"1964-08-29",2810,FALSE,NA,NA,"<= day","daily",NA,NA,NA
"1964-08-30",1980,FALSE,NA,NA,"<= day","daily",NA,NA,NA
"1964-08-31",1980,FALSE,NA,NA,"<= day","daily",NA,NA,NA
"1964-09-01",1890,FALSE,NA,NA,"<= day","daily",NA,NA,NA
"1964-09-02",1890,FALSE,NA,NA,"<= day","daily",NA,NA,NA
"1964-09-03",1800,FALSE,NA,NA,"<= day","daily",NA,NA,NA
"1964-09-04",1800,FALSE,NA,NA,"<= day","daily",NA,NA,NA
"1964-09-05",1800,FALSE,NA,NA,"<= day","daily",NA,NA,NA
"1964-09-06",1800,FALSE,NA,NA,"<= day","daily",NA,NA,NA
"1964-09-07",1800,FALSE,NA,NA,"<= day","daily",NA,NA,NA
"1964-09-08",2250,FALSE,NA,NA,"<= day","daily",NA,NA,NA
"1964-09-09",2250,FALSE,NA,NA,"<= day","daily",NA,NA,NA
"1964-09-10",2160,FALSE,NA,NA,"<= day","daily",NA,NA,NA
"1964-09-11",1980,FALSE,NA,NA,"<= day","daily",NA,NA,NA
"1964-09-12",1890,FALSE,NA,NA,"<= day","daily",NA,NA,NA
"1964-09-13",1890,FALSE,NA,NA,"<= day","daily",NA,NA,NA
"1964-09-14",1720,FALSE,NA,NA,"<= day","daily",NA,NA,NA
"1964-09-15",1720,FALSE,NA,NA,"<= day","daily",NA,NA,NA
"1964-09-16",1720,FALSE,NA,NA,"<= day","daily",NA,NA,NA
"1964-09-17",1640,FALSE,NA,NA,"<= day","daily",NA,NA,NA
"1964-09-18",2070,FALSE,NA,NA,"<= day","daily",NA,NA,NA
"1964-09-19",2250,FALSE,NA,NA,"<= day","daily",NA,NA,NA
"1964-09-20",2340,FALSE,NA,NA,"<= day","daily",NA,NA,NA
"1964-09-21",4130,FALSE,NA,NA,"<= day","daily",NA,NA,NA
"1964-09-22",13100,FALSE,NA,NA,"<= day","daily",NA,NA,NA
"1964-09-23",7510,FALSE,NA,NA,"<= day","daily",NA,NA,NA
"1964-09-24",4590,FALSE,NA,NA,"<= day","daily",NA,NA,NA
"1964-09-25",4350,FALSE,NA,NA,"<= day","daily",NA,NA,NA
"1964-09-26",3800,FALSE,NA,NA,"<= day","daily",NA,NA,NA
"1964-09-27",3030,FALSE,NA,NA,"<= day","daily",NA,NA,NA
"1964-09-28",2920,FALSE,NA,NA,"<= day","daily",NA,NA,NA
"1964-09-29",2610,FALSE,NA,NA,"<= day","daily",NA,NA,NA
"1964-09-30",2340,FALSE,NA,NA,"<= day","daily",NA,NA,NA
"1964-10-01",2250,FALSE,NA,NA,"<= day","daily",NA,NA,NA
"1964-10-02",2160,FALSE,NA,NA,"<= day","daily",NA,NA,NA
"1964-10-03",1890,FALSE,NA,NA,"<= day","daily",NA,NA,NA
"1964-10-04",2070,FALSE,NA,NA,"<= day","daily",NA,NA,NA
"1964-10-05",1890,FALSE,NA,NA,"<= day","daily",NA,NA,NA
"1964-10-06",1890,FALSE,NA,NA,"<= day","daily",NA,NA,NA
"1964-10-07",1800,FALSE,NA,NA,"<= day","daily",NA,NA,NA
"1964-10-08",1800,FALSE,NA,NA,"<= day","daily",NA,NA,NA
"1964-10-09",2430,FALSE,NA,NA,"<= day","daily",NA,NA,NA
"1964-10-10",8910,FALSE,NA,NA,"<= day","daily",NA,NA,NA
"1964-10-11",5550,FALSE,NA,NA,"<= day","daily",NA,NA,NA
"1964-10-12",4830,FALSE,NA,NA,"<= day","daily",NA,NA,NA
"1964-10-13",5430,FALSE,NA,NA,"<= day","daily",NA,NA,NA
"1964-10-14",8630,FALSE,NA,NA,"<= day","daily",NA,NA,NA
"1964-10-15",20300,FALSE,NA,NA,"<= day","daily",NA,NA,NA
"1964-10-16",24500,FALSE,NA,NA,"<= day","daily",NA,NA,NA
"1964-10-17",15600,FALSE,NA,NA,"<= day","daily",NA,NA,NA
"1964-10-18",10800,FALSE,NA,NA,"<= day","daily",NA,NA,NA
"1964-10-19",7370,FALSE,NA,NA,"<= day","daily",NA,NA,NA
"1964-10-20",5690,FALSE,NA,NA,"<= day","daily",NA,NA,NA
"1964-10-21",5190,FALSE,NA,NA,"<= day","daily",NA,NA,NA
"1964-10-22",5070,FALSE,NA,NA,"<= day","daily",NA,NA,NA
"1964-10-23",5310,FALSE,NA,NA,"<= day","daily",NA,NA,NA
"1964-10-24",7370,FALSE,NA,NA,"<= day","daily",NA,NA,NA
"1964-10-25",22200,FALSE,NA,NA,"<= day","daily",NA,NA,NA
"1964-10-26",27900,FALSE,NA,NA,"<= day","daily",NA,NA,NA
"1964-10-27",29200,FALSE,NA,NA,"<= day","daily",NA,NA,NA
"1964-10-28",29200,FALSE,NA,NA,"<= day","daily",NA,NA,NA
"1964-10-29",29200,FALSE,NA,NA,"<= day","daily",NA,NA,NA
"1964-10-30",27500,FALSE,NA,NA,"<= day","daily",NA,NA,NA
"1964-10-31",16100,FALSE,NA,NA,"<= day","daily",NA,NA,NA
"1964-11-01",11400,FALSE,NA,NA,"<= day","daily",NA,NA,NA
"1964-11-02",8350,FALSE,NA,NA,"<= day","daily",NA,NA,NA
"1964-11-03",5310,FALSE,NA,NA,"<= day","daily",NA,NA,NA
"1964-11-04",4590,FALSE,NA,NA,"<= day","daily",NA,NA,NA
"1964-11-05",3690,FALSE,NA,NA,"<= day","daily",NA,NA,NA
"1964-11-06",3690,FALSE,NA,NA,"<= day","daily",NA,NA,NA
"1964-11-07",3250,FALSE,NA,NA,"<= day","daily",NA,NA,NA
"1964-11-08",3250,FALSE,NA,NA,"<= day","daily",NA,NA,NA
"1964-11-09",3250,FALSE,NA,NA,"<= day","daily",NA,NA,NA
"1964-11-10",3250,FALSE,NA,NA,"<= day","daily",NA,NA,NA
"1964-11-11",5070,FALSE,NA,NA,"<= day","daily",NA,NA,NA
"1964-11-12",12000,FALSE,NA,NA,"<= day","daily",NA,NA,NA
"1964-11-13",13700,FALSE,NA,NA,"<= day","daily",NA,NA,NA
"1964-11-14",11400,FALSE,NA,NA,"<= day","daily",NA,NA,NA
"1964-11-15",8350,FALSE,NA,NA,"<= day","daily",NA,NA,NA
"1964-11-16",6670,FALSE,NA,NA,"<= day","daily",NA,NA,NA
"1964-11-17",5310,FALSE,NA,NA,"<= day","daily",NA,NA,NA
"1964-11-18",4950,FALSE,NA,NA,"<= day","daily",NA,NA,NA
"1964-11-19",4830,FALSE,NA,NA,"<= day","daily",NA,NA,NA
"1964-11-20",4830,FALSE,NA,NA,"<= day","daily",NA,NA,NA
"1964-11-21",4470,FALSE,NA,NA,"<= day","daily",NA,NA,NA
"1964-11-22",4130,FALSE,NA,NA,"<= day","daily",NA,NA,NA
"1964-11-23",3910,FALSE,NA,NA,"<= day","daily",NA,NA,NA
"1964-11-24",3580,FALSE,NA,NA,"<= day","daily",NA,NA,NA
"1964-11-25",3470,FALSE,NA,NA,"<= day","daily",NA,NA,NA
"1964-11-26",3360,FALSE,NA,NA,"<= day","daily",NA,NA,NA
"1964-11-27",3140,FALSE,NA,NA,"<= day","daily",NA,NA,NA
"1964-11-28",3140,FALSE,NA,NA,"<= day","daily",NA,NA,NA
"1964-11-29",3250,FALSE,NA,NA,"<= day","daily",NA,NA,NA
"1964-11-30",3250,FALSE,NA,NA,"<= day","daily",NA,NA,NA
"1964-12-01",4240,FALSE,NA,NA,"<= day","daily",NA,NA,NA
"1964-12-02",3690,FALSE,NA,NA,"<= day","daily",NA,NA,NA
"1964-12-03",3800,FALSE,NA,NA,"<= day","daily",NA,NA,NA
"1964-12-04",3800,FALSE,NA,NA,"<= day","daily",NA,NA,NA
"1964-12-05",4020,FALSE,NA,NA,"<= day","daily",NA,NA,NA
"1964-12-06",3690,FALSE,NA,NA,"<= day","daily",NA,NA,NA
"1964-12-07",3580,FALSE,NA,NA,"<= day","daily",NA,NA,NA
"1964-12-08",3360,FALSE,NA,NA,"<= day","daily",NA,NA,NA
"1964-12-09",3250,FALSE,NA,NA,"<= day","daily",NA,NA,NA
"1964-12-10",3250,FALSE,NA,NA,"<= day","daily",NA,NA,NA
"1964-12-11",3030,FALSE,NA,NA,"<= day","daily",NA,NA,NA
"1964-12-12",3030,FALSE,NA,NA,"<= day","daily",NA,NA,NA
"1964-12-13",2810,FALSE,NA,NA,"<= day","daily",NA,NA,NA
"1964-12-14",2810,FALSE,NA,NA,"<= day","daily",NA,NA,NA
"1964-12-15",2810,FALSE,NA,NA,"<= day","daily",NA,NA,NA
"1964-12-16",3360,FALSE,NA,NA,"<= day","daily",NA,NA,NA
"1964-12-17",3580,FALSE,NA,NA,"<= day","daily",NA,NA,NA
"1964-12-18",5830,FALSE,NA,NA,"<= day","daily",NA,NA,NA
"1964-12-19",9370,FALSE,NA,NA,"<= day","daily",NA,NA,NA
"1964-12-20",16000,FALSE,NA,NA,"<= day","daily",NA,NA,NA
"1964-12-21",17900,FALSE,NA,NA,"<= day","daily",NA,NA,NA
"1964-12-22",15200,FALSE,NA,NA,"<= day","daily",NA,NA,NA
"1964-12-23",10000,FALSE,NA,NA,"<= day","daily",NA,NA,NA
"1964-12-24",7370,FALSE,NA,NA,"<= day","daily",NA,NA,NA
"1964-12-25",5830,FALSE,NA,NA,"<= day","daily",NA,NA,NA
"1964-12-26",5310,FALSE,NA,NA,"<= day","daily",NA,NA,NA
"1964-12-27",5310,FALSE,NA,NA,"<= day","daily",NA,NA,NA
"1964-12-28",4830,FALSE,NA,NA,"<= day","daily",NA,NA,NA
"1964-12-29",5690,FALSE,NA,NA,"<= day","daily",NA,NA,NA
"1964-12-30",9850,FALSE,NA,NA,"<= day","daily",NA,NA,NA
"1964-12-31",8070,FALSE,NA,NA,"<= day","daily",NA,NA,NA
"1965-01-01",6950,FALSE,NA,NA,"<= day","daily",NA,NA,NA
"1965-01-02",5830,FALSE,NA,NA,"<= day","daily",NA,NA,NA
"1965-01-03",6950,FALSE,NA,NA,"<= day","daily",NA,NA,NA
"1965-01-04",16100,FALSE,NA,NA,"<= day","daily",NA,NA,NA
"1965-01-05",13100,FALSE,NA,NA,"<= day","daily",NA,NA,NA
"1965-01-06",8630,FALSE,NA,NA,"<= day","daily",NA,NA,NA
"1965-01-07",7370,FALSE,NA,NA,"<= day","daily",NA,NA,NA
"1965-01-08",6390,FALSE,NA,NA,"<= day","daily",NA,NA,NA
"1965-01-09",5550,FALSE,NA,NA,"<= day","daily",NA,NA,NA
"1965-01-10",5690,FALSE,NA,NA,"<= day","daily",NA,NA,NA
"1965-01-11",5070,FALSE,NA,NA,"<= day","daily",NA,NA,NA
"1965-01-12",5690,FALSE,NA,NA,"<= day","daily",NA,NA,NA
"1965-01-13",5310,FALSE,NA,NA,"<= day","daily",NA,NA,NA
"1965-01-14",4950,FALSE,NA,NA,"<= day","daily",NA,NA,NA
"1965-01-15",4830,FALSE,NA,NA,"<= day","daily",NA,NA,NA
"1965-01-16",6250,FALSE,NA,NA,"<= day","daily",NA,NA,NA
"1965-01-17",6110,FALSE,NA,NA,"<= day","daily",NA,NA,NA
"1965-01-18",6670,FALSE,NA,NA,"<= day","daily",NA,NA,NA
"1965-01-19",11400,FALSE,NA,NA,"<= day","daily",NA,NA,NA
"1965-01-20",11900,FALSE,NA,NA,"<= day","daily",NA,NA,NA
"1965-01-21",12200,FALSE,NA,NA,"<= day","daily",NA,NA,NA
"1965-01-22",8910,FALSE,NA,NA,"<= day","daily",NA,NA,NA
"1965-01-23",6390,FALSE,NA,NA,"<= day","daily",NA,NA,NA
"1965-01-24",5830,FALSE,NA,NA,"<= day","daily",NA,NA,NA
"1965-01-25",5190,FALSE,NA,NA,"<= day","daily",NA,NA,NA
"1965-01-26",4830,FALSE,NA,NA,"<= day","daily",NA,NA,NA
"1965-01-27",4830,FALSE,NA,NA,"<= day","daily",NA,NA,NA
"1965-01-28",4830,FALSE,NA,NA,"<= day","daily",NA,NA,NA
"1965-01-29",4710,FALSE,NA,NA,"<= day","daily",NA,NA,NA
"1965-01-30",4830,FALSE,NA,NA,"<= day","daily",NA,NA,NA
"1965-01-31",5070,FALSE,NA,NA,"<= day","daily",NA,NA,NA
"1965-02-01",21500,FALSE,NA,NA,"<= day","daily",NA,NA,NA
"1965-02-02",30200,FALSE,NA,NA,"<= day","daily",NA,NA,NA
"1965-02-03",29200,FALSE,NA,NA,"<= day","daily",NA,NA,NA
"1965-02-04",28300,FALSE,NA,NA,"<= day","daily",NA,NA,NA
"1965-02-05",14900,FALSE,NA,NA,"<= day","daily",NA,NA,NA
"1965-02-06",9530,FALSE,NA,NA,"<= day","daily",NA,NA,NA
"1965-02-07",7230,FALSE,NA,NA,"<= day","daily",NA,NA,NA
"1965-02-08",5970,FALSE,NA,NA,"<= day","daily",NA,NA,NA
"1965-02-09",5310,FALSE,NA,NA,"<= day","daily",NA,NA,NA
"1965-02-10",4830,FALSE,NA,NA,"<= day","daily",NA,NA,NA
"1965-02-11",4710,FALSE,NA,NA,"<= day","daily",NA,NA,NA
"1965-02-12",4470,FALSE,NA,NA,"<= day","daily",NA,NA,NA
"1965-02-13",4350,FALSE,NA,NA,"<= day","daily",NA,NA,NA
"1965-02-14",4240,FALSE,NA,NA,"<= day","daily",NA,NA,NA
"1965-02-15",4130,FALSE,NA,NA,"<= day","daily",NA,NA,NA
"1965-02-16",4020,FALSE,NA,NA,"<= day","daily",NA,NA,NA
"1965-02-17",3910,FALSE,NA,NA,"<= day","daily",NA,NA,NA
"1965-02-18",3800,FALSE,NA,NA,"<= day","daily",NA,NA,NA
"1965-02-19",3690,FALSE,NA,NA,"<= day","daily",NA,NA,NA
"1965-02-20",3580,FALSE,NA,NA,"<= day","daily",NA,NA,NA
"1965-02-21",3580,FALSE,NA,NA,"<= day","daily",NA,NA,NA
"1965-02-22",3470,FALSE,NA,NA,"<= day","daily",NA,NA,NA
"1965-02-23",3250,FALSE,NA,NA,"<= day","daily",NA,NA,NA
"1965-02-24",3030,FALSE,NA,NA,"<= day","daily",NA,NA,NA
"1965-02-25",2810,FALSE,NA,NA,"<= day","daily",NA,NA,NA
"1965-02-26",2810,FALSE,NA,NA,"<= day","daily",NA,NA,NA
"1965-02-27",2610,FALSE,NA,NA,"<= day","daily",NA,NA,NA
"1965-02-28",2610,FALSE,NA,NA,"<= day","daily",NA,NA,NA
"1965-03-01",2430,FALSE,NA,NA,"<= day","daily",NA,NA,NA
"1965-03-02",2520,FALSE,NA,NA,"<= day","daily",NA,NA,NA
"1965-03-03",5830,FALSE,NA,NA,"<= day","daily",NA,NA,NA
"1965-03-04",14600,FALSE,NA,NA,"<= day","daily",NA,NA,NA
"1965-03-05",11500,FALSE,NA,NA,"<= day","daily",NA,NA,NA
"1965-03-06",9530,FALSE,NA,NA,"<= day","daily",NA,NA,NA
"1965-03-07",13700,FALSE,NA,NA,"<= day","daily",NA,NA,NA
"1965-03-08",12200,FALSE,NA,NA,"<= day","daily",NA,NA,NA
"1965-03-09",8630,FALSE,NA,NA,"<= day","daily",NA,NA,NA
"1965-03-10",6670,FALSE,NA,NA,"<= day","daily",NA,NA,NA
"1965-03-11",5690,FALSE,NA,NA,"<= day","daily",NA,NA,NA
"1965-03-12",5310,FALSE,NA,NA,"<= day","daily",NA,NA,NA
"1965-03-13",5190,FALSE,NA,NA,"<= day","daily",NA,NA,NA
"1965-03-14",6110,FALSE,NA,NA,"<= day","daily",NA,NA,NA
"1965-03-15",10500,FALSE,NA,NA,"<= day","daily",NA,NA,NA
"1965-03-16",16100,FALSE,NA,NA,"<= day","daily",NA,NA,NA
"1965-03-17",16100,FALSE,NA,NA,"<= day","daily",NA,NA,NA
"1965-03-18",15800,FALSE,NA,NA,"<= day","daily",NA,NA,NA
"1965-03-19",14200,FALSE,NA,NA,"<= day","daily",NA,NA,NA
"1965-03-20",11700,FALSE,NA,NA,"<= day","daily",NA,NA,NA
"1965-03-21",9530,FALSE,NA,NA,"<= day","daily",NA,NA,NA
"1965-03-22",9210,FALSE,NA,NA,"<= day","daily",NA,NA,NA
"1965-03-23",7790,FALSE,NA,NA,"<= day","daily",NA,NA,NA
"1965-03-24",6950,FALSE,NA,NA,"<= day","daily",NA,NA,NA
"1965-03-25",10800,FALSE,NA,NA,"<= day","daily",NA,NA,NA
"1965-03-26",10200,FALSE,NA,NA,"<= day","daily",NA,NA,NA
"1965-03-27",10200,FALSE,NA,NA,"<= day","daily",NA,NA,NA
"1965-03-28",7650,FALSE,NA,NA,"<= day","daily",NA,NA,NA
"1965-03-29",6390,FALSE,NA,NA,"<= day","daily",NA,NA,NA
"1965-03-30",5550,FALSE,NA,NA,"<= day","daily",NA,NA,NA
"1965-03-31",5070,FALSE,NA,NA,"<= day","daily",NA,NA,NA
"1965-04-01",5070,FALSE,NA,NA,"<= day","daily",NA,NA,NA
"1965-04-02",4830,FALSE,NA,NA,"<= day","daily",NA,NA,NA
"1965-04-03",4830,FALSE,NA,NA,"<= day","daily",NA,NA,NA
"1965-04-04",4710,FALSE,NA,NA,"<= day","daily",NA,NA,NA
"1965-04-05",4590,FALSE,NA,NA,"<= day","daily",NA,NA,NA
"1965-04-06",4350,FALSE,NA,NA,"<= day","daily",NA,NA,NA
"1965-04-07",4130,FALSE,NA,NA,"<= day","daily",NA,NA,NA
"1965-04-08",4020,FALSE,NA,NA,"<= day","daily",NA,NA,NA
"1965-04-09",3910,FALSE,NA,NA,"<= day","daily",NA,NA,NA
"1965-04-10",4350,FALSE,NA,NA,"<= day","daily",NA,NA,NA
"1965-04-11",8210,FALSE,NA,NA,"<= day","daily",NA,NA,NA
"1965-04-12",5970,FALSE,NA,NA,"<= day","daily",NA,NA,NA
"1965-04-13",5430,FALSE,NA,NA,"<= day","daily",NA,NA,NA
"1965-04-14",5430,FALSE,NA,NA,"<= day","daily",NA,NA,NA
"1965-04-15",10800,FALSE,NA,NA,"<= day","daily",NA,NA,NA
"1965-04-16",11700,FALSE,NA,NA,"<= day","daily",NA,NA,NA
"1965-04-17",7930,FALSE,NA,NA,"<= day","daily",NA,NA,NA
"1965-04-18",8770,FALSE,NA,NA,"<= day","daily",NA,NA,NA
"1965-04-19",5830,FALSE,NA,NA,"<= day","daily",NA,NA,NA
"1965-04-20",7510,FALSE,NA,NA,"<= day","daily",NA,NA,NA
"1965-04-21",11400,FALSE,NA,NA,"<= day","daily",NA,NA,NA
"1965-04-22",14800,FALSE,NA,NA,"<= day","daily",NA,NA,NA
"1965-04-23",19700,FALSE,NA,NA,"<= day","daily",NA,NA,NA
"1965-04-24",21200,FALSE,NA,NA,"<= day","daily",NA,NA,NA
"1965-04-25",14800,FALSE,NA,NA,"<= day","daily",NA,NA,NA
"1965-04-26",9690,FALSE,NA,NA,"<= day","daily",NA,NA,NA
"1965-04-27",8630,FALSE,NA,NA,"<= day","daily",NA,NA,NA
"1965-04-28",11700,FALSE,NA,NA,"<= day","daily",NA,NA,NA
"1965-04-29",16000,FALSE,NA,NA,"<= day","daily",NA,NA,NA
"1965-04-30",21900,FALSE,NA,NA,"<= day","daily",NA,NA,NA
"1965-05-01",15400,FALSE,NA,NA,"<= day","daily",NA,NA,NA
"1965-05-02",9850,FALSE,NA,NA,"<= day","daily",NA,NA,NA
"1965-05-03",8630,FALSE,NA,NA,"<= day","daily",NA,NA,NA
"1965-05-04",6810,FALSE,NA,NA,"<= day","daily",NA,NA,NA
"1965-05-05",6850,FALSE,NA,NA,"<= day","daily",NA,NA,NA
"1965-05-06",18700,FALSE,NA,NA,"<= day","daily",NA,NA,NA
"1965-05-07",19900,FALSE,NA,NA,"<= day","daily",NA,NA,NA
"1965-05-08",13700,FALSE,NA,NA,"<= day","daily",NA,NA,NA
"1965-05-09",13100,FALSE,NA,NA,"<= day","daily",NA,NA,NA
"1965-05-10",5430,FALSE,NA,NA,"<= day","daily",NA,NA,NA
"1965-05-11",5830,FALSE,NA,NA,"<= day","daily",NA,NA,NA
"1965-05-12",5310,FALSE,NA,NA,"<= day","daily",NA,NA,NA
"1965-05-13",4950,FALSE,NA,NA,"<= day","daily",NA,NA,NA
"1965-05-14",4950,FALSE,NA,NA,"<= day","daily",NA,NA,NA
"1965-05-15",4470,FALSE,NA,NA,"<= day","daily",NA,NA,NA
"1965-05-16",4130,FALSE,NA,NA,"<= day","daily",NA,NA,NA
"1965-05-17",4130,FALSE,NA,NA,"<= day","daily",NA,NA,NA
"1965-05-18",4130,FALSE,NA,NA,"<= day","daily",NA,NA,NA
"1965-05-19",4020,FALSE,NA,NA,"<= day","daily",NA,NA,NA
"1965-05-20",3910,FALSE,NA,NA,"<= day","daily",NA,NA,NA
"1965-05-21",3910,FALSE,NA,NA,"<= day","daily",NA,NA,NA
"1965-05-22",3910,FALSE,NA,NA,"<= day","daily",NA,NA,NA
"1965-05-23",4830,FALSE,NA,NA,"<= day","daily",NA,NA,NA
"1965-05-24",6250,FALSE,NA,NA,"<= day","daily",NA,NA,NA
"1965-05-25",4590,FALSE,NA,NA,"<= day","daily",NA,NA,NA
"1965-05-26",4590,FALSE,NA,NA,"<= day","daily",NA,NA,NA
"1965-05-27",4350,FALSE,NA,NA,"<= day","daily",NA,NA,NA
"1965-05-28",5310,FALSE,NA,NA,"<= day","daily",NA,NA,NA
"1965-05-29",15400,FALSE,NA,NA,"<= day","daily",NA,NA,NA
"1965-05-30",16700,FALSE,NA,NA,"<= day","daily",NA,NA,NA
"1965-05-31",13400,FALSE,NA,NA,"<= day","daily",NA,NA,NA
"1965-06-01",23000,FALSE,NA,NA,"<= day","daily",NA,NA,NA
"1965-06-02",27100,FALSE,NA,NA,"<= day","daily",NA,NA,NA
"1965-06-03",17500,FALSE,NA,NA,"<= day","daily",NA,NA,NA
"1965-06-04",11100,FALSE,NA,NA,"<= day","daily",NA,NA,NA
"1965-06-05",11700,FALSE,NA,NA,"<= day","daily",NA,NA,NA
"1965-06-06",11500,FALSE,NA,NA,"<= day","daily",NA,NA,NA
"1965-06-07",9850,FALSE,NA,NA,"<= day","daily",NA,NA,NA
"1965-06-08",7510,FALSE,NA,NA,"<= day","daily",NA,NA,NA
"1965-06-09",6250,FALSE,NA,NA,"<= day","daily",NA,NA,NA
"1965-06-10",5830,FALSE,NA,NA,"<= day","daily",NA,NA,NA
"1965-06-11",5830,FALSE,NA,NA,"<= day","daily",NA,NA,NA
"1965-06-12",5310,FALSE,NA,NA,"<= day","daily",NA,NA,NA
"1965-06-13",5070,FALSE,NA,NA,"<= day","daily",NA,NA,NA
"1965-06-14",4830,FALSE,NA,NA,"<= day","daily",NA,NA,NA
"1965-06-15",4710,FALSE,NA,NA,"<= day","daily",NA,NA,NA
"1965-06-16",4640,FALSE,NA,NA,"<= day","daily",NA,NA,NA
"1965-06-17",4470,FALSE,NA,NA,"<= day","daily",NA,NA,NA
"1965-06-18",4470,FALSE,NA,NA,"<= day","daily",NA,NA,NA
"1965-06-19",4590,FALSE,NA,NA,"<= day","daily",NA,NA,NA
"1965-06-20",4710,FALSE,NA,NA,"<= day","daily",NA,NA,NA
"1965-06-21",4470,FALSE,NA,NA,"<= day","daily",NA,NA,NA
"1965-06-22",3910,FALSE,NA,NA,"<= day","daily",NA,NA,NA
"1965-06-23",3800,FALSE,NA,NA,"<= day","daily",NA,NA,NA
"1965-06-24",3690,FALSE,NA,NA,"<= day","daily",NA,NA,NA
"1965-06-25",3690,FALSE,NA,NA,"<= day","daily",NA,NA,NA
"1965-06-26",3580,FALSE,NA,NA,"<= day","daily",NA,NA,NA
"1965-06-27",3470,FALSE,NA,NA,"<= day","daily",NA,NA,NA
"1965-06-28",3250,FALSE,NA,NA,"<= day","daily",NA,NA,NA
"1965-06-29",3470,FALSE,NA,NA,"<= day","daily",NA,NA,NA
"1965-06-30",3250,FALSE,NA,NA,"<= day","daily",NA,NA,NA
"1965-07-01",2920,FALSE,NA,NA,"<= day","daily",NA,NA,NA
"1965-07-02",2610,FALSE,NA,NA,"<= day","daily",NA,NA,NA
"1965-07-03",2810,FALSE,NA,NA,"<= day","daily",NA,NA,NA
"1965-07-04",5550,FALSE,NA,NA,"<= day","daily",NA,NA,NA
"1965-07-05",21500,FALSE,NA,NA,"<= day","daily",NA,NA,NA
"1965-07-06",29200,FALSE,NA,NA,"<= day","daily",NA,NA,NA
"1965-07-07",29700,FALSE,NA,NA,"<= day","daily",NA,NA,NA
"1965-07-08",28300,FALSE,NA,NA,"<= day","daily",NA,NA,NA
"1965-07-09",18100,FALSE,NA,NA,"<= day","daily",NA,NA,NA
"1965-07-10",11100,FALSE,NA,NA,"<= day","daily",NA,NA,NA
"1965-07-11",11200,FALSE,NA,NA,"<= day","daily",NA,NA,NA
"1965-07-12",7090,FALSE,NA,NA,"<= day","daily",NA,NA,NA
"1965-07-13",5430,FALSE,NA,NA,"<= day","daily",NA,NA,NA
"1965-07-14",5310,FALSE,NA,NA,"<= day","daily",NA,NA,NA
"1965-07-15",4830,FALSE,NA,NA,"<= day","daily",NA,NA,NA
"1965-07-16",4710,FALSE,NA,NA,"<= day","daily",NA,NA,NA
"1965-07-17",4590,FALSE,NA,NA,"<= day","daily",NA,NA,NA
"1965-07-18",4350,FALSE,NA,NA,"<= day","daily",NA,NA,NA
"1965-07-19",4130,FALSE,NA,NA,"<= day","daily",NA,NA,NA
"1965-07-20",3910,FALSE,NA,NA,"<= day","daily",NA,NA,NA
"1965-07-21",3800,FALSE,NA,NA,"<= day","daily",NA,NA,NA
"1965-07-22",3580,FALSE,NA,NA,"<= day","daily",NA,NA,NA
"1965-07-23",3800,FALSE,NA,NA,"<= day","daily",NA,NA,NA
"1965-07-24",3910,FALSE,NA,NA,"<= day","daily",NA,NA,NA
"1965-07-25",3800,FALSE,NA,NA,"<= day","daily",NA,NA,NA
"1965-07-26",3470,FALSE,NA,NA,"<= day","daily",NA,NA,NA
"1965-07-27",4350,FALSE,NA,NA,"<= day","daily",NA,NA,NA
"1965-07-28",5310,FALSE,NA,NA,"<= day","daily",NA,NA,NA
"1965-07-29",4240,FALSE,NA,NA,"<= day","daily",NA,NA,NA
"1965-07-30",4130,FALSE,NA,NA,"<= day","daily",NA,NA,NA
"1965-07-31",3910,FALSE,NA,NA,"<= day","daily",NA,NA,NA
"1965-08-01",3690,FALSE,NA,NA,"<= day","daily",NA,NA,NA
"1965-08-02",6110,FALSE,NA,NA,"<= day","daily",NA,NA,NA
"1965-08-03",14900,FALSE,NA,NA,"<= day","daily",NA,NA,NA
"1965-08-04",11400,FALSE,NA,NA,"<= day","daily",NA,NA,NA
"1965-08-05",6390,FALSE,NA,NA,"<= day","daily",NA,NA,NA
"1965-08-06",5070,FALSE,NA,NA,"<= day","daily",NA,NA,NA
"1965-08-07",4710,FALSE,NA,NA,"<= day","daily",NA,NA,NA
"1965-08-08",4470,FALSE,NA,NA,"<= day","daily",NA,NA,NA
"1965-08-09",4020,FALSE,NA,NA,"<= day","daily",NA,NA,NA
"1965-08-10",4130,FALSE,NA,NA,"<= day","daily",NA,NA,NA
"1965-08-11",4130,FALSE,NA,NA,"<= day","daily",NA,NA,NA
"1965-08-12",3910,FALSE,NA,NA,"<= day","daily",NA,NA,NA
"1965-08-13",3690,FALSE,NA,NA,"<= day","daily",NA,NA,NA
"1965-08-14",3470,FALSE,NA,NA,"<= day","daily",NA,NA,NA
"1965-08-15",3360,FALSE,NA,NA,"<= day","daily",NA,NA,NA
"1965-08-16",3250,FALSE,NA,NA,"<= day","daily",NA,NA,NA
"1965-08-17",3030,FALSE,NA,NA,"<= day","daily",NA,NA,NA
"1965-08-18",2810,FALSE,NA,NA,"<= day","daily",NA,NA,NA
"1965-08-19",2610,FALSE,NA,NA,"<= day","daily",NA,NA,NA
"1965-08-20",2520,FALSE,NA,NA,"<= day","daily",NA,NA,NA
"1965-08-21",2430,FALSE,NA,NA,"<= day","daily",NA,NA,NA
"1965-08-22",2430,FALSE,NA,NA,"<= day","daily",NA,NA,NA
"1965-08-23",2430,FALSE,NA,NA,"<= day","daily",NA,NA,NA
"1965-08-24",2430,FALSE,NA,NA,"<= day","daily",NA,NA,NA
"1965-08-25",4350,FALSE,NA,NA,"<= day","daily",NA,NA,NA
"1965-08-26",8910,FALSE,NA,NA,"<= day","daily",NA,NA,NA
"1965-08-27",5550,FALSE,NA,NA,"<= day","daily",NA,NA,NA
"1965-08-28",4590,FALSE,NA,NA,"<= day","daily",NA,NA,NA
"1965-08-29",4020,FALSE,NA,NA,"<= day","daily",NA,NA,NA
"1965-08-30",3690,FALSE,NA,NA,"<= day","daily",NA,NA,NA
"1965-08-31",3690,FALSE,NA,NA,"<= day","daily",NA,NA,NA
"1965-09-01",4350,FALSE,NA,NA,"<= day","daily",NA,NA,NA
"1965-09-02",13600,FALSE,NA,NA,"<= day","daily",NA,NA,NA
"1965-09-03",25800,FALSE,NA,NA,"<= day","daily",NA,NA,NA
"1965-09-04",29700,FALSE,NA,NA,"<= day","daily",NA,NA,NA
"1965-09-05",27500,FALSE,NA,NA,"<= day","daily",NA,NA,NA
"1965-09-06",16300,FALSE,NA,NA,"<= day","daily",NA,NA,NA
"1965-09-07",10500,FALSE,NA,NA,"<= day","daily",NA,NA,NA
"1965-09-08",7510,FALSE,NA,NA,"<= day","daily",NA,NA,NA
"1965-09-09",5550,FALSE,NA,NA,"<= day","daily",NA,NA,NA
"1965-09-10",5070,FALSE,NA,NA,"<= day","daily",NA,NA,NA
"1965-09-11",4830,FALSE,NA,NA,"<= day","daily",NA,NA,NA
"1965-09-12",4710,FALSE,NA,NA,"<= day","daily",NA,NA,NA
"1965-09-13",4470,FALSE,NA,NA,"<= day","daily",NA,NA,NA
"1965-09-14",4130,FALSE,NA,NA,"<= day","daily",NA,NA,NA
"1965-09-15",4020,FALSE,NA,NA,"<= day","daily",NA,NA,NA
"1965-09-16",3800,FALSE,NA,NA,"<= day","daily",NA,NA,NA
"1965-09-17",3690,FALSE,NA,NA,"<= day","daily",NA,NA,NA
"1965-09-18",3690,FALSE,NA,NA,"<= day","daily",NA,NA,NA
"1965-09-19",3470,FALSE,NA,NA,"<= day","daily",NA,NA,NA
"1965-09-20",10000,FALSE,NA,NA,"<= day","daily",NA,NA,NA
"1965-09-21",12700,FALSE,NA,NA,"<= day","daily",NA,NA,NA
"1965-09-22",8770,FALSE,NA,NA,"<= day","daily",NA,NA,NA
"1965-09-23",5310,FALSE,NA,NA,"<= day","daily",NA,NA,NA
"1965-09-24",4830,FALSE,NA,NA,"<= day","daily",NA,NA,NA
"1965-09-25",4590,FALSE,NA,NA,"<= day","daily",NA,NA,NA
"1965-09-26",4470,FALSE,NA,NA,"<= day","daily",NA,NA,NA
"1965-09-27",4350,FALSE,NA,NA,"<= day","daily",NA,NA,NA
"1965-09-28",5190,FALSE,NA,NA,"<= day","daily",NA,NA,NA
"1965-09-29",8070,FALSE,NA,NA,"<= day","daily",NA,NA,NA
"1965-09-30",10000,FALSE,NA,NA,"<= day","daily",NA,NA,NA
"1965-10-01",6810,FALSE,NA,NA,"<= day","daily",NA,NA,NA
"1965-10-02",5310,FALSE,NA,NA,"<= day","daily",NA,NA,NA
"1965-10-03",4830,FALSE,NA,NA,"<= day","daily",NA,NA,NA
"1965-10-04",4710,FALSE,NA,NA,"<= day","daily",NA,NA,NA
"1965-10-05",4470,FALSE,NA,NA,"<= day","daily",NA,NA,NA
"1965-10-06",4130,FALSE,NA,NA,"<= day","daily",NA,NA,NA
"1965-10-07",3910,FALSE,NA,NA,"<= day","daily",NA,NA,NA
"1965-10-08",3690,FALSE,NA,NA,"<= day","daily",NA,NA,NA
"1965-10-09",3690,FALSE,NA,NA,"<= day","daily",NA,NA,NA
"1965-10-10",3580,FALSE,NA,NA,"<= day","daily",NA,NA,NA
"1965-10-11",3470,FALSE,NA,NA,"<= day","daily",NA,NA,NA
"1965-10-12",3250,FALSE,NA,NA,"<= day","daily",NA,NA,NA
"1965-10-13",3030,FALSE,NA,NA,"<= day","daily",NA,NA,NA
"1965-10-14",3030,FALSE,NA,NA,"<= day","daily",NA,NA,NA
"1965-10-15",3030,FALSE,NA,NA,"<= day","daily",NA,NA,NA
"1965-10-16",2610,FALSE,NA,NA,"<= day","daily",NA,NA,NA
"1965-10-17",2610,FALSE,NA,NA,"<= day","daily",NA,NA,NA
"1965-10-18",2520,FALSE,NA,NA,"<= day","daily",NA,NA,NA
"1965-10-19",2430,FALSE,NA,NA,"<= day","daily",NA,NA,NA
"1965-10-20",2430,FALSE,NA,NA,"<= day","daily",NA,NA,NA
"1965-10-21",2340,FALSE,NA,NA,"<= day","daily",NA,NA,NA
"1965-10-22",2250,FALSE,NA,NA,"<= day","daily",NA,NA,NA
"1965-10-23",2250,FALSE,NA,NA,"<= day","daily",NA,NA,NA
"1965-10-24",2250,FALSE,NA,NA,"<= day","daily",NA,NA,NA
"1965-10-25",2250,FALSE,NA,NA,"<= day","daily",NA,NA,NA
"1965-10-26",2250,FALSE,NA,NA,"<= day","daily",NA,NA,NA
"1965-10-27",2160,FALSE,NA,NA,"<= day","daily",NA,NA,NA
"1965-10-28",2070,FALSE,NA,NA,"<= day","daily",NA,NA,NA
"1965-10-29",2070,FALSE,NA,NA,"<= day","daily",NA,NA,NA
"1965-10-30",2070,FALSE,NA,NA,"<= day","daily",NA,NA,NA
"1965-10-31",2070,FALSE,NA,NA,"<= day","daily",NA,NA,NA
"1965-11-01",2070,FALSE,NA,NA,"<= day","daily",NA,NA,NA
"1965-11-02",2070,FALSE,NA,NA,"<= day","daily",NA,NA,NA
"1965-11-03",1980,FALSE,NA,NA,"<= day","daily",NA,NA,NA
"1965-11-04",1890,FALSE,NA,NA,"<= day","daily",NA,NA,NA
"1965-11-05",2610,FALSE,NA,NA,"<= day","daily",NA,NA,NA
"1965-11-06",4830,FALSE,NA,NA,"<= day","daily",NA,NA,NA
"1965-11-07",4590,FALSE,NA,NA,"<= day","daily",NA,NA,NA
"1965-11-08",4020,FALSE,NA,NA,"<= day","daily",NA,NA,NA
"1965-11-09",3140,FALSE,NA,NA,"<= day","daily",NA,NA,NA
"1965-11-10",2810,FALSE,NA,NA,"<= day","daily",NA,NA,NA
"1965-11-11",3470,FALSE,NA,NA,"<= day","daily",NA,NA,NA
"1965-11-12",5430,FALSE,NA,NA,"<= day","daily",NA,NA,NA
"1965-11-13",4950,FALSE,NA,NA,"<= day","daily",NA,NA,NA
"1965-11-14",4950,FALSE,NA,NA,"<= day","daily",NA,NA,NA
"1965-11-15",4830,FALSE,NA,NA,"<= day","daily",NA,NA,NA
"1965-11-16",4590,FALSE,NA,NA,"<= day","daily",NA,NA,NA
"1965-11-17",4470,FALSE,NA,NA,"<= day","daily",NA,NA,NA
"1965-11-18",5070,FALSE,NA,NA,"<= day","daily",NA,NA,NA
"1965-11-19",7650,FALSE,NA,NA,"<= day","daily",NA,NA,NA
"1965-11-20",9050,FALSE,NA,NA,"<= day","daily",NA,NA,NA
"1965-11-21",14800,FALSE,NA,NA,"<= day","daily",NA,NA,NA
"1965-11-22",18300,FALSE,NA,NA,"<= day","daily",NA,NA,NA
"1965-11-23",18100,FALSE,NA,NA,"<= day","daily",NA,NA,NA
"1965-11-24",14900,FALSE,NA,NA,"<= day","daily",NA,NA,NA
"1965-11-25",11100,FALSE,NA,NA,"<= day","daily",NA,NA,NA
"1965-11-26",8070,FALSE,NA,NA,"<= day","daily",NA,NA,NA
"1965-11-27",9530,FALSE,NA,NA,"<= day","daily",NA,NA,NA
"1965-11-28",23700,FALSE,NA,NA,"<= day","daily",NA,NA,NA
"1965-11-29",27100,FALSE,NA,NA,"<= day","daily",NA,NA,NA
"1965-11-30",24500,FALSE,NA,NA,"<= day","daily",NA,NA,NA
"1965-12-01",19000,FALSE,NA,NA,"<= day","daily",NA,NA,NA
"1965-12-02",16000,FALSE,NA,NA,"<= day","daily",NA,NA,NA
"1965-12-03",11700,FALSE,NA,NA,"<= day","daily",NA,NA,NA
"1965-12-04",9050,FALSE,NA,NA,"<= day","daily",NA,NA,NA
"1965-12-05",6950,FALSE,NA,NA,"<= day","daily",NA,NA,NA
"1965-12-06",6530,FALSE,NA,NA,"<= day","daily",NA,NA,NA
"1965-12-07",8350,FALSE,NA,NA,"<= day","daily",NA,NA,NA
"1965-12-08",14800,FALSE,NA,NA,"<= day","daily",NA,NA,NA
"1965-12-09",27100,FALSE,NA,NA,"<= day","daily",NA,NA,NA
"1965-12-10",27100,FALSE,NA,NA,"<= day","daily",NA,NA,NA
"1965-12-11",27900,FALSE,NA,NA,"<= day","daily",NA,NA,NA
"1965-12-12",27900,FALSE,NA,NA,"<= day","daily",NA,NA,NA
"1965-12-13",19900,FALSE,NA,NA,"<= day","daily",NA,NA,NA
"1965-12-14",17900,FALSE,NA,NA,"<= day","daily",NA,NA,NA
"1965-12-15",12700,FALSE,NA,NA,"<= day","daily",NA,NA,NA
"1965-12-16",9050,FALSE,NA,NA,"<= day","daily",NA,NA,NA
"1965-12-17",7650,FALSE,NA,NA,"<= day","daily",NA,NA,NA
"1965-12-18",6810,FALSE,NA,NA,"<= day","daily",NA,NA,NA
"1965-12-19",10200,FALSE,NA,NA,"<= day","daily",NA,NA,NA
"1965-12-20",14400,FALSE,NA,NA,"<= day","daily",NA,NA,NA
"1965-12-21",16700,FALSE,NA,NA,"<= day","daily",NA,NA,NA
"1965-12-22",15100,FALSE,NA,NA,"<= day","daily",NA,NA,NA
"1965-12-23",11700,FALSE,NA,NA,"<= day","daily",NA,NA,NA
"1965-12-24",8910,FALSE,NA,NA,"<= day","daily",NA,NA,NA
"1965-12-25",7650,FALSE,NA,NA,"<= day","daily",NA,NA,NA
"1965-12-26",6950,FALSE,NA,NA,"<= day","daily",NA,NA,NA
"1965-12-27",6110,FALSE,NA,NA,"<= day","daily",NA,NA,NA
"1965-12-28",6810,FALSE,NA,NA,"<= day","daily",NA,NA,NA
"1965-12-29",10600,FALSE,NA,NA,"<= day","daily",NA,NA,NA
"1965-12-30",9210,FALSE,NA,NA,"<= day","daily",NA,NA,NA
"1965-12-31",7790,FALSE,NA,NA,"<= day","daily",NA,NA,NA
"1966-01-01",7650,FALSE,NA,NA,"<= day","daily",NA,NA,NA
"1966-01-02",6110,FALSE,NA,NA,"<= day","daily",NA,NA,NA
"1966-01-03",5550,FALSE,NA,NA,"<= day","daily",NA,NA,NA
"1966-01-04",5190,FALSE,NA,NA,"<= day","daily",NA,NA,NA
"1966-01-05",4950,FALSE,NA,NA,"<= day","daily",NA,NA,NA
"1966-01-06",4830,FALSE,NA,NA,"<= day","daily",NA,NA,NA
"1966-01-07",4710,FALSE,NA,NA,"<= day","daily",NA,NA,NA
"1966-01-08",4590,FALSE,NA,NA,"<= day","daily",NA,NA,NA
"1966-01-09",4470,FALSE,NA,NA,"<= day","daily",NA,NA,NA
"1966-01-10",5550,FALSE,NA,NA,"<= day","daily",NA,NA,NA
"1966-01-11",4130,FALSE,NA,NA,"<= day","daily",NA,NA,NA
"1966-01-12",4350,FALSE,NA,NA,"<= day","daily",NA,NA,NA
"1966-01-13",4020,FALSE,NA,NA,"<= day","daily",NA,NA,NA
"1966-01-14",3910,FALSE,NA,NA,"<= day","daily",NA,NA,NA
"1966-01-15",3800,FALSE,NA,NA,"<= day","daily",NA,NA,NA
"1966-01-16",3800,FALSE,NA,NA,"<= day","daily",NA,NA,NA
"1966-01-17",3690,FALSE,NA,NA,"<= day","daily",NA,NA,NA
"1966-01-18",3580,FALSE,NA,NA,"<= day","daily",NA,NA,NA
"1966-01-19",3360,FALSE,NA,NA,"<= day","daily",NA,NA,NA
"1966-01-20",3250,FALSE,NA,NA,"<= day","daily",NA,NA,NA
"1966-01-21",3030,FALSE,NA,NA,"<= day","daily",NA,NA,NA
"1966-01-22",2920,FALSE,NA,NA,"<= day","daily",NA,NA,NA
"1966-01-23",2920,FALSE,NA,NA,"<= day","daily",NA,NA,NA
"1966-01-24",2920,FALSE,NA,NA,"<= day","daily",NA,NA,NA
"1966-01-25",3360,FALSE,NA,NA,"<= day","daily",NA,NA,NA
"1966-01-26",3360,FALSE,NA,NA,"<= day","daily",NA,NA,NA
"1966-01-27",3250,FALSE,NA,NA,"<= day","daily",NA,NA,NA
"1966-01-28",3030,FALSE,NA,NA,"<= day","daily",NA,NA,NA
"1966-01-29",2810,FALSE,NA,NA,"<= day","daily",NA,NA,NA
"1966-01-30",2810,FALSE,NA,NA,"<= day","daily",NA,NA,NA
"1966-01-31",2920,FALSE,NA,NA,"<= day","daily",NA,NA,NA
"1966-02-01",2810,FALSE,NA,NA,"<= day","daily",NA,NA,NA
"1966-02-02",3470,FALSE,NA,NA,"<= day","daily",NA,NA,NA
"1966-02-03",3800,FALSE,NA,NA,"<= day","daily",NA,NA,NA
"1966-02-04",4020,FALSE,NA,NA,"<= day","daily",NA,NA,NA
"1966-02-05",5310,FALSE,NA,NA,"<= day","daily",NA,NA,NA
"1966-02-06",5070,FALSE,NA,NA,"<= day","daily",NA,NA,NA
"1966-02-07",6810,FALSE,NA,NA,"<= day","daily",NA,NA,NA
"1966-02-08",9370,FALSE,NA,NA,"<= day","daily",NA,NA,NA
"1966-02-09",7090,FALSE,NA,NA,"<= day","daily",NA,NA,NA
"1966-02-10",6530,FALSE,NA,NA,"<= day","daily",NA,NA,NA
"1966-02-11",7510,FALSE,NA,NA,"<= day","daily",NA,NA,NA
"1966-02-12",6950,FALSE,NA,NA,"<= day","daily",NA,NA,NA
"1966-02-13",19900,FALSE,NA,NA,"<= day","daily",NA,NA,NA
"1966-02-14",16500,FALSE,NA,NA,"<= day","daily",NA,NA,NA
"1966-02-15",15100,FALSE,NA,NA,"<= day","daily",NA,NA,NA
"1966-02-16",13700,FALSE,NA,NA,"<= day","daily",NA,NA,NA
"1966-02-17",10000,FALSE,NA,NA,"<= day","daily",NA,NA,NA
"1966-02-18",7090,FALSE,NA,NA,"<= day","daily",NA,NA,NA
"1966-02-19",5830,FALSE,NA,NA,"<= day","daily",NA,NA,NA
"1966-02-20",5310,FALSE,NA,NA,"<= day","daily",NA,NA,NA
"1966-02-21",4950,FALSE,NA,NA,"<= day","daily",NA,NA,NA
"1966-02-22",4830,FALSE,NA,NA,"<= day","daily",NA,NA,NA
"1966-02-23",5190,FALSE,NA,NA,"<= day","daily",NA,NA,NA
"1966-02-24",7790,FALSE,NA,NA,"<= day","daily",NA,NA,NA
"1966-02-25",8070,FALSE,NA,NA,"<= day","daily",NA,NA,NA
"1966-02-26",5830,FALSE,NA,NA,"<= day","daily",NA,NA,NA
"1966-02-27",4950,FALSE,NA,NA,"<= day","daily",NA,NA,NA
"1966-02-28",4830,FALSE,NA,NA,"<= day","daily",NA,NA,NA
"1966-03-01",4830,FALSE,NA,NA,"<= day","daily",NA,NA,NA
"1966-03-02",4710,FALSE,NA,NA,"<= day","daily",NA,NA,NA
"1966-03-03",4590,FALSE,NA,NA,"<= day","daily",NA,NA,NA
"1966-03-04",4470,FALSE,NA,NA,"<= day","daily",NA,NA,NA
"1966-03-05",4590,FALSE,NA,NA,"<= day","daily",NA,NA,NA
"1966-03-06",3910,FALSE,NA,NA,"<= day","daily",NA,NA,NA
"1966-03-07",3800,FALSE,NA,NA,"<= day","daily",NA,NA,NA
"1966-03-08",3800,FALSE,NA,NA,"<= day","daily",NA,NA,NA
"1966-03-09",3690,FALSE,NA,NA,"<= day","daily",NA,NA,NA
"1966-03-10",3690,FALSE,NA,NA,"<= day","daily",NA,NA,NA
"1966-03-11",3250,FALSE,NA,NA,"<= day","daily",NA,NA,NA
"1966-03-12",3140,FALSE,NA,NA,"<= day","daily",NA,NA,NA
"1966-03-13",4130,FALSE,NA,NA,"<= day","daily",NA,NA,NA
"1966-03-14",4240,FALSE,NA,NA,"<= day","daily",NA,NA,NA
"1966-03-15",4470,FALSE,NA,NA,"<= day","daily",NA,NA,NA
"1966-03-16",4470,FALSE,NA,NA,"<= day","daily",NA,NA,NA
"1966-03-17",4350,FALSE,NA,NA,"<= day","daily",NA,NA,NA
"1966-03-18",4350,FALSE,NA,NA,"<= day","daily",NA,NA,NA
"1966-03-19",4470,FALSE,NA,NA,"<= day","daily",NA,NA,NA
"1966-03-20",4350,FALSE,NA,NA,"<= day","daily",NA,NA,NA
"1966-03-21",5070,FALSE,NA,NA,"<= day","daily",NA,NA,NA
"1966-03-22",4350,FALSE,NA,NA,"<= day","daily",NA,NA,NA
"1966-03-23",4130,FALSE,NA,NA,"<= day","daily",NA,NA,NA
"1966-03-24",4130,FALSE,NA,NA,"<= day","daily",NA,NA,NA
"1966-03-25",4130,FALSE,NA,NA,"<= day","daily",NA,NA,NA
"1966-03-26",4240,FALSE,NA,NA,"<= day","daily",NA,NA,NA
"1966-03-27",4350,FALSE,NA,NA,"<= day","daily",NA,NA,NA
"1966-03-28",4830,FALSE,NA,NA,"<= day","daily",NA,NA,NA
"1966-03-29",15100,FALSE,NA,NA,"<= day","daily",NA,NA,NA
"1966-03-30",19000,FALSE,NA,NA,"<= day","daily",NA,NA,NA
"1966-03-31",14900,FALSE,NA,NA,"<= day","daily",NA,NA,NA
"1966-04-01",10500,FALSE,NA,NA,"<= day","daily",NA,NA,NA
"1966-04-02",8210,FALSE,NA,NA,"<= day","daily",NA,NA,NA
"1966-04-03",7090,FALSE,NA,NA,"<= day","daily",NA,NA,NA
"1966-04-04",5550,FALSE,NA,NA,"<= day","daily",NA,NA,NA
"1966-04-05",5070,FALSE,NA,NA,"<= day","daily",NA,NA,NA
"1966-04-06",4830,FALSE,NA,NA,"<= day","daily",NA,NA,NA
"1966-04-07",4710,FALSE,NA,NA,"<= day","daily",NA,NA,NA
"1966-04-08",4590,FALSE,NA,NA,"<= day","daily",NA,NA,NA
"1966-04-09",4470,FALSE,NA,NA,"<= day","daily",NA,NA,NA
"1966-04-10",4240,FALSE,NA,NA,"<= day","daily",NA,NA,NA
"1966-04-11",4240,FALSE,NA,NA,"<= day","daily",NA,NA,NA
"1966-04-12",4240,FALSE,NA,NA,"<= day","daily",NA,NA,NA
"1966-04-13",4020,FALSE,NA,NA,"<= day","daily",NA,NA,NA
"1966-04-14",3800,FALSE,NA,NA,"<= day","daily",NA,NA,NA
"1966-04-15",3470,FALSE,NA,NA,"<= day","daily",NA,NA,NA
"1966-04-16",3360,FALSE,NA,NA,"<= day","daily",NA,NA,NA
"1966-04-17",4350,FALSE,NA,NA,"<= day","daily",NA,NA,NA
"1966-04-18",5070,FALSE,NA,NA,"<= day","daily",NA,NA,NA
"1966-04-19",4470,FALSE,NA,NA,"<= day","daily",NA,NA,NA
"1966-04-20",4240,FALSE,NA,NA,"<= day","daily",NA,NA,NA
"1966-04-21",4020,FALSE,NA,NA,"<= day","daily",NA,NA,NA
"1966-04-22",4950,FALSE,NA,NA,"<= day","daily",NA,NA,NA
"1966-04-23",9050,FALSE,NA,NA,"<= day","daily",NA,NA,NA
"1966-04-24",6810,FALSE,NA,NA,"<= day","daily",NA,NA,NA
"1966-04-25",5310,FALSE,NA,NA,"<= day","daily",NA,NA,NA
"1966-04-26",4950,FALSE,NA,NA,"<= day","daily",NA,NA,NA
"1966-04-27",4830,FALSE,NA,NA,"<= day","daily",NA,NA,NA
"1966-04-28",4590,FALSE,NA,NA,"<= day","daily",NA,NA,NA
"1966-04-29",4350,FALSE,NA,NA,"<= day","daily",NA,NA,NA
"1966-04-30",4130,FALSE,NA,NA,"<= day","daily",NA,NA,NA
"1966-05-01",4130,FALSE,NA,NA,"<= day","daily",NA,NA,NA
"1966-05-02",3470,FALSE,NA,NA,"<= day","daily",NA,NA,NA
"1966-05-03",3250,FALSE,NA,NA,"<= day","daily",NA,NA,NA
"1966-05-04",3140,FALSE,NA,NA,"<= day","daily",NA,NA,NA
"1966-05-05",2920,FALSE,NA,NA,"<= day","daily",NA,NA,NA
"1966-05-06",2810,FALSE,NA,NA,"<= day","daily",NA,NA,NA
"1966-05-07",3030,FALSE,NA,NA,"<= day","daily",NA,NA,NA
"1966-05-08",3250,FALSE,NA,NA,"<= day","daily",NA,NA,NA
"1966-05-09",3690,FALSE,NA,NA,"<= day","daily",NA,NA,NA
"1966-05-10",4590,FALSE,NA,NA,"<= day","daily",NA,NA,NA
"1966-05-11",5970,FALSE,NA,NA,"<= day","daily",NA,NA,NA
"1966-05-12",8350,FALSE,NA,NA,"<= day","daily",NA,NA,NA
"1966-05-13",5310,FALSE,NA,NA,"<= day","daily",NA,NA,NA
"1966-05-14",4470,FALSE,NA,NA,"<= day","daily",NA,NA,NA
"1966-05-15",4240,FALSE,NA,NA,"<= day","daily",NA,NA,NA
"1966-05-16",3800,FALSE,NA,NA,"<= day","daily",NA,NA,NA
"1966-05-17",3360,FALSE,NA,NA,"<= day","daily",NA,NA,NA
"1966-05-18",3250,FALSE,NA,NA,"<= day","daily",NA,NA,NA
"1966-05-19",3140,FALSE,NA,NA,"<= day","daily",NA,NA,NA
"1966-05-20",2810,FALSE,NA,NA,"<= day","daily",NA,NA,NA
"1966-05-21",2700,FALSE,NA,NA,"<= day","daily",NA,NA,NA
"1966-05-22",3030,FALSE,NA,NA,"<= day","daily",NA,NA,NA
"1966-05-23",3470,FALSE,NA,NA,"<= day","daily",NA,NA,NA
"1966-05-24",3030,FALSE,NA,NA,"<= day","daily",NA,NA,NA
"1966-05-25",2810,FALSE,NA,NA,"<= day","daily",NA,NA,NA
"1966-05-26",4470,FALSE,NA,NA,"<= day","daily",NA,NA,NA
"1966-05-27",3910,FALSE,NA,NA,"<= day","daily",NA,NA,NA
"1966-05-28",3690,FALSE,NA,NA,"<= day","daily",NA,NA,NA
"1966-05-29",3030,FALSE,NA,NA,"<= day","daily",NA,NA,NA
"1966-05-30",3030,FALSE,NA,NA,"<= day","daily",NA,NA,NA
"1966-05-31",3030,FALSE,NA,NA,"<= day","daily",NA,NA,NA
"1966-06-01",2520,FALSE,NA,NA,"<= day","daily",NA,NA,NA
"1966-06-02",2430,FALSE,NA,NA,"<= day","daily",NA,NA,NA
"1966-06-03",2250,FALSE,NA,NA,"<= day","daily",NA,NA,NA
"1966-06-04",2070,FALSE,NA,NA,"<= day","daily",NA,NA,NA
"1966-06-05",2070,FALSE,NA,NA,"<= day","daily",NA,NA,NA
"1966-06-06",1980,FALSE,NA,NA,"<= day","daily",NA,NA,NA
"1966-06-07",1980,FALSE,NA,NA,"<= day","daily",NA,NA,NA
"1966-06-08",1980,FALSE,NA,NA,"<= day","daily",NA,NA,NA
"1966-06-09",1890,FALSE,NA,NA,"<= day","daily",NA,NA,NA
"1966-06-10",1890,FALSE,NA,NA,"<= day","daily",NA,NA,NA
"1966-06-11",1890,FALSE,NA,NA,"<= day","daily",NA,NA,NA
"1966-06-12",1890,FALSE,NA,NA,"<= day","daily",NA,NA,NA
"1966-06-13",1800,FALSE,NA,NA,"<= day","daily",NA,NA,NA
"1966-06-14",1720,FALSE,NA,NA,"<= day","daily",NA,NA,NA
"1966-06-15",5190,FALSE,NA,NA,"<= day","daily",NA,NA,NA
"1966-06-16",4130,FALSE,NA,NA,"<= day","daily",NA,NA,NA
"1966-06-17",3250,FALSE,NA,NA,"<= day","daily",NA,NA,NA
"1966-06-18",2340,FALSE,NA,NA,"<= day","daily",NA,NA,NA
"1966-06-19",2250,FALSE,NA,NA,"<= day","daily",NA,NA,NA
"1966-06-20",1980,FALSE,NA,NA,"<= day","daily",NA,NA,NA
"1966-06-21",2070,FALSE,NA,NA,"<= day","daily",NA,NA,NA
"1966-06-22",2810,FALSE,NA,NA,"<= day","daily",NA,NA,NA
"1966-06-23",2160,FALSE,NA,NA,"<= day","daily",NA,NA,NA
"1966-06-24",2070,FALSE,NA,NA,"<= day","daily",NA,NA,NA
"1966-06-25",1980,FALSE,NA,NA,"<= day","daily",NA,NA,NA
"1966-06-26",3580,FALSE,NA,NA,"<= day","daily",NA,NA,NA
"1966-06-27",3140,FALSE,NA,NA,"<= day","daily",NA,NA,NA
"1966-06-28",2160,FALSE,NA,NA,"<= day","daily",NA,NA,NA
"1966-06-29",3910,FALSE,NA,NA,"<= day","daily",NA,NA,NA
"1966-06-30",9210,FALSE,NA,NA,"<= day","daily",NA,NA,NA
"1966-07-01",4250,FALSE,NA,NA,"<= day","daily",NA,NA,NA
"1966-07-02",3800,FALSE,NA,NA,"<= day","daily",NA,NA,NA
"1966-07-03",2810,FALSE,NA,NA,"<= day","daily",NA,NA,NA
"1966-07-04",2610,FALSE,NA,NA,"<= day","daily",NA,NA,NA
"1966-07-05",2430,FALSE,NA,NA,"<= day","daily",NA,NA,NA
"1966-07-06",2340,FALSE,NA,NA,"<= day","daily",NA,NA,NA
"1966-07-07",2070,FALSE,NA,NA,"<= day","daily",NA,NA,NA
"1966-07-08",2160,FALSE,NA,NA,"<= day","daily",NA,NA,NA
"1966-07-09",2250,FALSE,NA,NA,"<= day","daily",NA,NA,NA
"1966-07-10",1980,FALSE,NA,NA,"<= day","daily",NA,NA,NA
"1966-07-11",1980,FALSE,NA,NA,"<= day","daily",NA,NA,NA
"1966-07-12",1800,FALSE,NA,NA,"<= day","daily",NA,NA,NA
"1966-07-13",1720,FALSE,NA,NA,"<= day","daily",NA,NA,NA
"1966-07-14",1720,FALSE,NA,NA,"<= day","daily",NA,NA,NA
"1966-07-15",1640,FALSE,NA,NA,"<= day","daily",NA,NA,NA
"1966-07-16",3470,FALSE,NA,NA,"<= day","daily",NA,NA,NA
"1966-07-17",4130,FALSE,NA,NA,"<= day","daily",NA,NA,NA
"1966-07-18",3690,FALSE,NA,NA,"<= day","daily",NA,NA,NA
"1966-07-19",3690,FALSE,NA,NA,"<= day","daily",NA,NA,NA
"1966-07-20",3250,FALSE,NA,NA,"<= day","daily",NA,NA,NA
"1966-07-21",3140,FALSE,NA,NA,"<= day","daily",NA,NA,NA
"1966-07-22",3250,FALSE,NA,NA,"<= day","daily",NA,NA,NA
"1966-07-23",3360,FALSE,NA,NA,"<= day","daily",NA,NA,NA
"1966-07-24",3030,FALSE,NA,NA,"<= day","daily",NA,NA,NA
"1966-07-25",3030,FALSE,NA,NA,"<= day","daily",NA,NA,NA
"1966-07-26",3030,FALSE,NA,NA,"<= day","daily",NA,NA,NA
"1966-07-27",3030,FALSE,NA,NA,"<= day","daily",NA,NA,NA
"1966-07-28",2920,FALSE,NA,NA,"<= day","daily",NA,NA,NA
"1966-07-29",10800,FALSE,NA,NA,"<= day","daily",NA,NA,NA
"1966-07-30",8350,FALSE,NA,NA,"<= day","daily",NA,NA,NA
"1966-07-31",6670,FALSE,NA,NA,"<= day","daily",NA,NA,NA
"1966-08-01",4830,FALSE,NA,NA,"<= day","daily",NA,NA,NA
"1966-08-02",4590,FALSE,NA,NA,"<= day","daily",NA,NA,NA
"1966-08-03",4710,FALSE,NA,NA,"<= day","daily",NA,NA,NA
"1966-08-04",3800,FALSE,NA,NA,"<= day","daily",NA,NA,NA
"1966-08-05",3030,FALSE,NA,NA,"<= day","daily",NA,NA,NA
"1966-08-06",2700,FALSE,NA,NA,"<= day","daily",NA,NA,NA
"1966-08-07",2610,FALSE,NA,NA,"<= day","daily",NA,NA,NA
"1966-08-08",2250,FALSE,NA,NA,"<= day","daily",NA,NA,NA
"1966-08-09",2250,FALSE,NA,NA,"<= day","daily",NA,NA,NA
"1966-08-10",2340,FALSE,NA,NA,"<= day","daily",NA,NA,NA
"1966-08-11",2340,FALSE,NA,NA,"<= day","daily",NA,NA,NA
"1966-08-12",2070,FALSE,NA,NA,"<= day","daily",NA,NA,NA
"1966-08-13",2070,FALSE,NA,NA,"<= day","daily",NA,NA,NA
"1966-08-14",1980,FALSE,NA,NA,"<= day","daily",NA,NA,NA
"1966-08-15",1980,FALSE,NA,NA,"<= day","daily",NA,NA,NA
"1966-08-16",1890,FALSE,NA,NA,"<= day","daily",NA,NA,NA
"1966-08-17",1800,FALSE,NA,NA,"<= day","daily",NA,NA,NA
"1966-08-18",1800,FALSE,NA,NA,"<= day","daily",NA,NA,NA
"1966-08-19",1800,FALSE,NA,NA,"<= day","daily",NA,NA,NA
"1966-08-20",2700,FALSE,NA,NA,"<= day","daily",NA,NA,NA
"1966-08-21",2810,FALSE,NA,NA,"<= day","daily",NA,NA,NA
"1966-08-22",1890,FALSE,NA,NA,"<= day","daily",NA,NA,NA
"1966-08-23",2160,FALSE,NA,NA,"<= day","daily",NA,NA,NA
"1966-08-24",4590,FALSE,NA,NA,"<= day","daily",NA,NA,NA
"1966-08-25",10000,FALSE,NA,NA,"<= day","daily",NA,NA,NA
"1966-08-26",16800,FALSE,NA,NA,"<= day","daily",NA,NA,NA
"1966-08-27",17000,FALSE,NA,NA,"<= day","daily",NA,NA,NA
"1966-08-28",11100,FALSE,NA,NA,"<= day","daily",NA,NA,NA
"1966-08-29",6250,FALSE,NA,NA,"<= day","daily",NA,NA,NA
"1966-08-30",4730,FALSE,NA,NA,"<= day","daily",NA,NA,NA
"1966-08-31",4600,FALSE,NA,NA,"<= day","daily",NA,NA,NA
"1966-09-01",8850,FALSE,NA,NA,"<= day","daily",NA,NA,NA
"1966-09-02",7230,FALSE,NA,NA,"<= day","daily",NA,NA,NA
"1966-09-03",4730,FALSE,NA,NA,"<= day","daily",NA,NA,NA
"1966-09-04",4480,FALSE,NA,NA,"<= day","daily",NA,NA,NA
"1966-09-05",4140,FALSE,NA,NA,"<= day","daily",NA,NA,NA
"1966-09-06",3790,FALSE,NA,NA,"<= day","daily",NA,NA,NA
"1966-09-07",3790,FALSE,NA,NA,"<= day","daily",NA,NA,NA
"1966-09-08",3120,FALSE,NA,NA,"<= day","daily",NA,NA,NA
"1966-09-09",3010,FALSE,NA,NA,"<= day","daily",NA,NA,NA
"1966-09-10",2700,FALSE,NA,NA,"<= day","daily",NA,NA,NA
"1966-09-11",2700,FALSE,NA,NA,"<= day","daily",NA,NA,NA
"1966-09-12",2310,FALSE,NA,NA,"<= day","daily",NA,NA,NA
"1966-09-13",2130,FALSE,NA,NA,"<= day","daily",NA,NA,NA
"1966-09-14",2700,FALSE,NA,NA,"<= day","daily",NA,NA,NA
"1966-09-15",3340,FALSE,NA,NA,"<= day","daily",NA,NA,NA
"1966-09-16",2900,FALSE,NA,NA,"<= day","daily",NA,NA,NA
"1966-09-17",2500,FALSE,NA,NA,"<= day","daily",NA,NA,NA
"1966-09-18",2600,FALSE,NA,NA,"<= day","daily",NA,NA,NA
"1966-09-19",2310,FALSE,NA,NA,"<= day","daily",NA,NA,NA
"1966-09-20",2040,FALSE,NA,NA,"<= day","daily",NA,NA,NA
"1966-09-21",1950,FALSE,NA,NA,"<= day","daily",NA,NA,NA
"1966-09-22",1870,FALSE,NA,NA,"<= day","daily",NA,NA,NA
"1966-09-23",1790,FALSE,NA,NA,"<= day","daily",NA,NA,NA
"1966-09-24",1790,FALSE,NA,NA,"<= day","daily",NA,NA,NA
"1966-09-25",1790,FALSE,NA,NA,"<= day","daily",NA,NA,NA
"1966-09-26",1790,FALSE,NA,NA,"<= day","daily",NA,NA,NA
"1966-09-27",1790,FALSE,NA,NA,"<= day","daily",NA,NA,NA
"1966-09-28",1410,FALSE,NA,NA,"<= day","daily",NA,NA,NA
"1966-09-29",1550,FALSE,NA,NA,"<= day","daily",NA,NA,NA
"1966-09-30",1630,FALSE,NA,NA,"<= day","daily",NA,NA,NA
"1966-10-01",3790,FALSE,NA,NA,"<= day","daily",NA,NA,NA
"1966-10-02",3790,FALSE,NA,NA,"<= day","daily",NA,NA,NA
"1966-10-03",3560,FALSE,NA,NA,"<= day","daily",NA,NA,NA
"1966-10-04",3450,FALSE,NA,NA,"<= day","daily",NA,NA,NA
"1966-10-05",2700,FALSE,NA,NA,"<= day","daily",NA,NA,NA
"1966-10-06",2700,FALSE,NA,NA,"<= day","daily",NA,NA,NA
"1966-10-07",2310,FALSE,NA,NA,"<= day","daily",NA,NA,NA
"1966-10-08",2130,FALSE,NA,NA,"<= day","daily",NA,NA,NA
"1966-10-09",1950,FALSE,NA,NA,"<= day","daily",NA,NA,NA
"1966-10-10",2220,FALSE,NA,NA,"<= day","daily",NA,NA,NA
"1966-10-11",3010,FALSE,NA,NA,"<= day","daily",NA,NA,NA
"1966-10-12",2700,FALSE,NA,NA,"<= day","daily",NA,NA,NA
"1966-10-13",2130,FALSE,NA,NA,"<= day","daily",NA,NA,NA
"1966-10-14",2700,FALSE,NA,NA,"<= day","daily",NA,NA,NA
"1966-10-15",3790,FALSE,NA,NA,"<= day","daily",NA,NA,NA
"1966-10-16",3340,FALSE,NA,NA,"<= day","daily",NA,NA,NA
"1966-10-17",2700,FALSE,NA,NA,"<= day","daily",NA,NA,NA
"1966-10-18",2500,FALSE,NA,NA,"<= day","daily",NA,NA,NA
"1966-10-19",7660,FALSE,NA,NA,"<= day","daily",NA,NA,NA
"1966-10-20",5100,FALSE,NA,NA,"<= day","daily",NA,NA,NA
"1966-10-21",4480,FALSE,NA,NA,"<= day","daily",NA,NA,NA
"1966-10-22",4020,FALSE,NA,NA,"<= day","daily",NA,NA,NA
"1966-10-23",3790,FALSE,NA,NA,"<= day","daily",NA,NA,NA
"1966-10-24",3120,FALSE,NA,NA,"<= day","daily",NA,NA,NA
"1966-10-25",2900,FALSE,NA,NA,"<= day","daily",NA,NA,NA
"1966-10-26",3450,FALSE,NA,NA,"<= day","daily",NA,NA,NA
"1966-10-27",9740,FALSE,NA,NA,"<= day","daily",NA,NA,NA
"1966-10-28",8100,FALSE,NA,NA,"<= day","daily",NA,NA,NA
"1966-10-29",7810,FALSE,NA,NA,"<= day","daily",NA,NA,NA
"1966-10-30",12100,FALSE,NA,NA,"<= day","daily",NA,NA,NA
"1966-10-31",12600,FALSE,NA,NA,"<= day","daily",NA,NA,NA
"1966-11-01",8250,FALSE,NA,NA,"<= day","daily",NA,NA,NA
"1966-11-02",5740,FALSE,NA,NA,"<= day","daily",NA,NA,NA
"1966-11-03",4980,FALSE,NA,NA,"<= day","daily",NA,NA,NA
"1966-11-04",4730,FALSE,NA,NA,"<= day","daily",NA,NA,NA
"1966-11-05",7370,FALSE,NA,NA,"<= day","daily",NA,NA,NA
"1966-11-06",10900,FALSE,NA,NA,"<= day","daily",NA,NA,NA
"1966-11-07",7370,FALSE,NA,NA,"<= day","daily",NA,NA,NA
"1966-11-08",5480,FALSE,NA,NA,"<= day","daily",NA,NA,NA
"1966-11-09",4850,FALSE,NA,NA,"<= day","daily",NA,NA,NA
"1966-11-10",4730,FALSE,NA,NA,"<= day","daily",NA,NA,NA
"1966-11-11",4600,FALSE,NA,NA,"<= day","daily",NA,NA,NA
"1966-11-12",7950,FALSE,NA,NA,"<= day","daily",NA,NA,NA
"1966-11-13",12900,FALSE,NA,NA,"<= day","daily",NA,NA,NA
"1966-11-14",11900,FALSE,NA,NA,"<= day","daily",NA,NA,NA
"1966-11-15",8700,FALSE,NA,NA,"<= day","daily",NA,NA,NA
"1966-11-16",6500,FALSE,NA,NA,"<= day","daily",NA,NA,NA
"1966-11-17",6370,FALSE,NA,NA,"<= day","daily",NA,NA,NA
"1966-11-18",5480,FALSE,NA,NA,"<= day","daily",NA,NA,NA
"1966-11-19",6790,FALSE,NA,NA,"<= day","daily",NA,NA,NA
"1966-11-20",5990,FALSE,NA,NA,"<= day","daily",NA,NA,NA
"1966-11-21",7080,FALSE,NA,NA,"<= day","daily",NA,NA,NA
"1966-11-22",7660,FALSE,NA,NA,"<= day","daily",NA,NA,NA
"1966-11-23",7950,FALSE,NA,NA,"<= day","daily",NA,NA,NA
"1966-11-24",9450,FALSE,NA,NA,"<= day","daily",NA,NA,NA
"1966-11-25",12400,FALSE,NA,NA,"<= day","daily",NA,NA,NA
"1966-11-26",13300,FALSE,NA,NA,"<= day","daily",NA,NA,NA
"1966-11-27",11600,FALSE,NA,NA,"<= day","daily",NA,NA,NA
"1966-11-28",9450,FALSE,NA,NA,"<= day","daily",NA,NA,NA
"1966-11-29",8100,FALSE,NA,NA,"<= day","daily",NA,NA,NA
"1966-11-30",7520,FALSE,NA,NA,"<= day","daily",NA,NA,NA
"1966-12-01",6370,FALSE,NA,NA,"<= day","daily",NA,NA,NA
"1966-12-02",6370,FALSE,NA,NA,"<= day","daily",NA,NA,NA
"1966-12-03",27900,FALSE,NA,NA,"<= day","daily",NA,NA,NA
"1966-12-04",29200,FALSE,NA,NA,"<= day","daily",NA,NA,NA
"1966-12-05",28700,FALSE,NA,NA,"<= day","daily",NA,NA,NA
"1966-12-06",28700,FALSE,NA,NA,"<= day","daily",NA,NA,NA
"1966-12-07",27900,FALSE,NA,NA,"<= day","daily",NA,NA,NA
"1966-12-08",27900,FALSE,NA,NA,"<= day","daily",NA,NA,NA
"1966-12-09",14800,FALSE,NA,NA,"<= day","daily",NA,NA,NA
"1966-12-10",9530,FALSE,NA,NA,"<= day","daily",NA,NA,NA
"1966-12-11",8350,FALSE,NA,NA,"<= day","daily",NA,NA,NA
"1966-12-12",8070,FALSE,NA,NA,"<= day","daily",NA,NA,NA
"1966-12-13",8770,FALSE,NA,NA,"<= day","daily",NA,NA,NA
"1966-12-14",16100,FALSE,NA,NA,"<= day","daily",NA,NA,NA
"1966-12-15",16500,FALSE,NA,NA,"<= day","daily",NA,NA,NA
"1966-12-16",12000,FALSE,NA,NA,"<= day","daily",NA,NA,NA
"1966-12-17",9370,FALSE,NA,NA,"<= day","daily",NA,NA,NA
"1966-12-18",7930,FALSE,NA,NA,"<= day","daily",NA,NA,NA
"1966-12-19",6390,FALSE,NA,NA,"<= day","daily",NA,NA,NA
"1966-12-20",5690,FALSE,NA,NA,"<= day","daily",NA,NA,NA
"1966-12-21",5310,FALSE,NA,NA,"<= day","daily",NA,NA,NA
"1966-12-22",5190,FALSE,NA,NA,"<= day","daily",NA,NA,NA
"1966-12-23",5070,FALSE,NA,NA,"<= day","daily",NA,NA,NA
"1966-12-24",4950,FALSE,NA,NA,"<= day","daily",NA,NA,NA
"1966-12-25",4830,FALSE,NA,NA,"<= day","daily",NA,NA,NA
"1966-12-26",4830,FALSE,NA,NA,"<= day","daily",NA,NA,NA
"1966-12-27",4710,FALSE,NA,NA,"<= day","daily",NA,NA,NA
"1966-12-28",4590,FALSE,NA,NA,"<= day","daily",NA,NA,NA
"1966-12-29",4590,FALSE,NA,NA,"<= day","daily",NA,NA,NA
"1966-12-30",4590,FALSE,NA,NA,"<= day","daily",NA,NA,NA
"1966-12-31",4950,FALSE,NA,NA,"<= day","daily",NA,NA,NA
"1967-01-01",5650,FALSE,NA,NA,"<= day","daily",NA,NA,NA
"1967-01-02",5000,FALSE,NA,NA,"<= day","daily",NA,NA,NA
"1967-01-03",5000,FALSE,NA,NA,"<= day","daily",NA,NA,NA
"1967-01-04",5910,FALSE,NA,NA,"<= day","daily",NA,NA,NA
"1967-01-05",5390,FALSE,NA,NA,"<= day","daily",NA,NA,NA
"1967-01-06",5000,FALSE,NA,NA,"<= day","daily",NA,NA,NA
"1967-01-07",4880,FALSE,NA,NA,"<= day","daily",NA,NA,NA
"1967-01-08",4640,FALSE,NA,NA,"<= day","daily",NA,NA,NA
"1967-01-09",4520,FALSE,NA,NA,"<= day","daily",NA,NA,NA
"1967-01-10",4400,FALSE,NA,NA,"<= day","daily",NA,NA,NA
"1967-01-11",4040,FALSE,NA,NA,"<= day","daily",NA,NA,NA
"1967-01-12",4160,FALSE,NA,NA,"<= day","daily",NA,NA,NA
"1967-01-13",4040,FALSE,NA,NA,"<= day","daily",NA,NA,NA
"1967-01-14",3800,FALSE,NA,NA,"<= day","daily",NA,NA,NA
"1967-01-15",3580,FALSE,NA,NA,"<= day","daily",NA,NA,NA
"1967-01-16",3250,FALSE,NA,NA,"<= day","daily",NA,NA,NA
"1967-01-17",3140,FALSE,NA,NA,"<= day","daily",NA,NA,NA
"1967-01-18",3030,FALSE,NA,NA,"<= day","daily",NA,NA,NA
"1967-01-19",2810,FALSE,NA,NA,"<= day","daily",NA,NA,NA
"1967-01-20",2810,FALSE,NA,NA,"<= day","daily",NA,NA,NA
"1967-01-21",2810,FALSE,NA,NA,"<= day","daily",NA,NA,NA
"1967-01-22",2810,FALSE,NA,NA,"<= day","daily",NA,NA,NA
"1967-01-23",3250,FALSE,NA,NA,"<= day","daily",NA,NA,NA
"1967-01-24",4400,FALSE,NA,NA,"<= day","daily",NA,NA,NA
"1967-01-25",7170,FALSE,NA,NA,"<= day","daily",NA,NA,NA
"1967-01-26",8060,FALSE,NA,NA,"<= day","daily",NA,NA,NA
"1967-01-27",8370,FALSE,NA,NA,"<= day","daily",NA,NA,NA
"1967-01-28",8520,FALSE,NA,NA,"<= day","daily",NA,NA,NA
"1967-01-29",8990,FALSE,NA,NA,"<= day","daily",NA,NA,NA
"1967-01-30",9760,FALSE,NA,NA,"<= day","daily",NA,NA,NA
"1967-01-31",8890,FALSE,NA,NA,"<= day","daily",NA,NA,NA
"1967-02-01",8040,FALSE,NA,NA,"<= day","daily",NA,NA,NA
"1967-02-02",6940,FALSE,NA,NA,"<= day","daily",NA,NA,NA
"1967-02-03",6940,FALSE,NA,NA,"<= day","daily",NA,NA,NA
"1967-02-04",6810,FALSE,NA,NA,"<= day","daily",NA,NA,NA
"1967-02-05",7070,FALSE,NA,NA,"<= day","daily",NA,NA,NA
"1967-02-06",7200,FALSE,NA,NA,"<= day","daily",NA,NA,NA
"1967-02-07",6680,FALSE,NA,NA,"<= day","daily",NA,NA,NA
"1967-02-08",6030,FALSE,NA,NA,"<= day","daily",NA,NA,NA
"1967-02-09",5520,FALSE,NA,NA,"<= day","daily",NA,NA,NA
"1967-02-10",5270,FALSE,NA,NA,"<= day","daily",NA,NA,NA
"1967-02-11",5020,FALSE,NA,NA,"<= day","daily",NA,NA,NA
"1967-02-12",4900,FALSE,NA,NA,"<= day","daily",NA,NA,NA
"1967-02-13",4650,FALSE,NA,NA,"<= day","daily",NA,NA,NA
"1967-02-14",4650,FALSE,NA,NA,"<= day","daily",NA,NA,NA
"1967-02-15",4210,FALSE,NA,NA,"<= day","daily",NA,NA,NA
"1967-02-16",4100,FALSE,NA,NA,"<= day","daily",NA,NA,NA
"1967-02-17",3880,FALSE,NA,NA,"<= day","daily",NA,NA,NA
"1967-02-18",3770,FALSE,NA,NA,"<= day","daily",NA,NA,NA
"1967-02-19",3770,FALSE,NA,NA,"<= day","daily",NA,NA,NA
"1967-02-20",4210,FALSE,NA,NA,"<= day","daily",NA,NA,NA
"1967-02-21",5150,FALSE,NA,NA,"<= day","daily",NA,NA,NA
"1967-02-22",9760,FALSE,NA,NA,"<= day","daily",NA,NA,NA
"1967-02-23",9030,FALSE,NA,NA,"<= day","daily",NA,NA,NA
"1967-02-24",9320,FALSE,NA,NA,"<= day","daily",NA,NA,NA
"1967-02-25",10800,FALSE,NA,NA,"<= day","daily",NA,NA,NA
"1967-02-26",8460,FALSE,NA,NA,"<= day","daily",NA,NA,NA
"1967-02-27",8740,FALSE,NA,NA,"<= day","daily",NA,NA,NA
"1967-02-28",10700,FALSE,NA,NA,"<= day","daily",NA,NA,NA
"1967-03-01",10700,FALSE,NA,NA,"<= day","daily",NA,NA,NA
"1967-03-02",9610,FALSE,NA,NA,"<= day","daily",NA,NA,NA
"1967-03-03",8890,FALSE,NA,NA,"<= day","daily",NA,NA,NA
"1967-03-04",7200,FALSE,NA,NA,"<= day","daily",NA,NA,NA
"1967-03-05",6160,FALSE,NA,NA,"<= day","daily",NA,NA,NA
"1967-03-06",5770,FALSE,NA,NA,"<= day","daily",NA,NA,NA
"1967-03-07",5400,FALSE,NA,NA,"<= day","daily",NA,NA,NA
"1967-03-08",5270,FALSE,NA,NA,"<= day","daily",NA,NA,NA
"1967-03-09",4900,FALSE,NA,NA,"<= day","daily",NA,NA,NA
"1967-03-10",5020,FALSE,NA,NA,"<= day","daily",NA,NA,NA
"1967-03-11",4900,FALSE,NA,NA,"<= day","daily",NA,NA,NA
"1967-03-12",4770,FALSE,NA,NA,"<= day","daily",NA,NA,NA
"1967-03-13",5900,FALSE,NA,NA,"<= day","daily",NA,NA,NA
"1967-03-14",6290,FALSE,NA,NA,"<= day","daily",NA,NA,NA
"1967-03-15",4770,FALSE,NA,NA,"<= day","daily",NA,NA,NA
"1967-03-16",4650,FALSE,NA,NA,"<= day","daily",NA,NA,NA
"1967-03-17",3660,FALSE,NA,NA,"<= day","daily",NA,NA,NA
"1967-03-18",3550,FALSE,NA,NA,"<= day","daily",NA,NA,NA
"1967-03-19",4320,FALSE,NA,NA,"<= day","daily",NA,NA,NA
"1967-03-20",3990,FALSE,NA,NA,"<= day","daily",NA,NA,NA
"1967-03-21",3660,FALSE,NA,NA,"<= day","daily",NA,NA,NA
"1967-03-22",3660,FALSE,NA,NA,"<= day","daily",NA,NA,NA
"1967-03-23",3550,FALSE,NA,NA,"<= day","daily",NA,NA,NA
"1967-03-24",3550,FALSE,NA,NA,"<= day","daily",NA,NA,NA
"1967-03-25",3360,FALSE,NA,NA,"<= day","daily",NA,NA,NA
"1967-03-26",3260,FALSE,NA,NA,"<= day","daily",NA,NA,NA
"1967-03-27",3170,FALSE,NA,NA,"<= day","daily",NA,NA,NA
"1967-03-28",3070,FALSE,NA,NA,"<= day","daily",NA,NA,NA
"1967-03-29",3660,FALSE,NA,NA,"<= day","daily",NA,NA,NA
"1967-03-30",8320,FALSE,NA,NA,"<= day","daily",NA,NA,NA
"1967-03-31",9320,FALSE,NA,NA,"<= day","daily",NA,NA,NA
"1967-04-01",10300,FALSE,NA,NA,"<= day","daily",NA,NA,NA
"1967-04-02",13300,FALSE,NA,NA,"<= day","daily",NA,NA,NA
"1967-04-03",12600,FALSE,NA,NA,"<= day","daily",NA,NA,NA
"1967-04-04",8460,FALSE,NA,NA,"<= day","daily",NA,NA,NA
"1967-04-05",7070,FALSE,NA,NA,"<= day","daily",NA,NA,NA
"1967-04-06",6420,FALSE,NA,NA,"<= day","daily",NA,NA,NA
"1967-04-07",7760,FALSE,NA,NA,"<= day","daily",NA,NA,NA
"1967-04-08",18700,FALSE,NA,NA,"<= day","daily",NA,NA,NA
"1967-04-09",28800,FALSE,NA,NA,"<= day","daily",NA,NA,NA
"1967-04-10",29300,FALSE,NA,NA,"<= day","daily",NA,NA,NA
"1967-04-11",27900,FALSE,NA,NA,"<= day","daily",NA,NA,NA
"1967-04-12",18500,FALSE,NA,NA,"<= day","daily",NA,NA,NA
"1967-04-13",10800,FALSE,NA,NA,"<= day","daily",NA,NA,NA
"1967-04-14",7650,FALSE,NA,NA,"<= day","daily",NA,NA,NA
"1967-04-15",7230,FALSE,NA,NA,"<= day","daily",NA,NA,NA
"1967-04-16",8490,FALSE,NA,NA,"<= day","daily",NA,NA,NA
"1967-04-17",6810,FALSE,NA,NA,"<= day","daily",NA,NA,NA
"1967-04-18",5690,FALSE,NA,NA,"<= day","daily",NA,NA,NA
"1967-04-19",5550,FALSE,NA,NA,"<= day","daily",NA,NA,NA
"1967-04-20",7230,FALSE,NA,NA,"<= day","daily",NA,NA,NA
"1967-04-21",5550,FALSE,NA,NA,"<= day","daily",NA,NA,NA
"1967-04-22",5690,FALSE,NA,NA,"<= day","daily",NA,NA,NA
"1967-04-23",12600,FALSE,NA,NA,"<= day","daily",NA,NA,NA
"1967-04-24",10900,FALSE,NA,NA,"<= day","daily",NA,NA,NA
"1967-04-25",7370,FALSE,NA,NA,"<= day","daily",NA,NA,NA
"1967-04-26",7090,FALSE,NA,NA,"<= day","daily",NA,NA,NA
"1967-04-27",5830,FALSE,NA,NA,"<= day","daily",NA,NA,NA
"1967-04-28",5310,FALSE,NA,NA,"<= day","daily",NA,NA,NA
"1967-04-29",4830,FALSE,NA,NA,"<= day","daily",NA,NA,NA
"1967-04-30",4830,FALSE,NA,NA,"<= day","daily",NA,NA,NA
"1967-05-01",4830,FALSE,NA,NA,"<= day","daily",NA,NA,NA
"1967-05-02",4830,FALSE,NA,NA,"<= day","daily",NA,NA,NA
"1967-05-03",4710,FALSE,NA,NA,"<= day","daily",NA,NA,NA
"1967-05-04",4710,FALSE,NA,NA,"<= day","daily",NA,NA,NA
"1967-05-05",4470,FALSE,NA,NA,"<= day","daily",NA,NA,NA
"1967-05-06",4590,FALSE,NA,NA,"<= day","daily",NA,NA,NA
"1967-05-07",4470,FALSE,NA,NA,"<= day","daily",NA,NA,NA
"1967-05-08",4240,FALSE,NA,NA,"<= day","daily",NA,NA,NA
"1967-05-09",3800,FALSE,NA,NA,"<= day","daily",NA,NA,NA
"1967-05-10",3690,FALSE,NA,NA,"<= day","daily",NA,NA,NA
"1967-05-11",3360,FALSE,NA,NA,"<= day","daily",NA,NA,NA
"1967-05-12",3250,FALSE,NA,NA,"<= day","daily",NA,NA,NA
"1967-05-13",3140,FALSE,NA,NA,"<= day","daily",NA,NA,NA
"1967-05-14",3030,FALSE,NA,NA,"<= day","daily",NA,NA,NA
"1967-05-15",2920,FALSE,NA,NA,"<= day","daily",NA,NA,NA
"1967-05-16",2920,FALSE,NA,NA,"<= day","daily",NA,NA,NA
"1967-05-17",2920,FALSE,NA,NA,"<= day","daily",NA,NA,NA
"1967-05-18",3690,FALSE,NA,NA,"<= day","daily",NA,NA,NA
"1967-05-19",3580,FALSE,NA,NA,"<= day","daily",NA,NA,NA
"1967-05-20",3250,FALSE,NA,NA,"<= day","daily",NA,NA,NA
"1967-05-21",2920,FALSE,NA,NA,"<= day","daily",NA,NA,NA
"1967-05-22",2700,FALSE,NA,NA,"<= day","daily",NA,NA,NA
"1967-05-23",2610,FALSE,NA,NA,"<= day","daily",NA,NA,NA
"1967-05-24",2610,FALSE,NA,NA,"<= day","daily",NA,NA,NA
"1967-05-25",2520,FALSE,NA,NA,"<= day","daily",NA,NA,NA
"1967-05-26",2430,FALSE,NA,NA,"<= day","daily",NA,NA,NA
"1967-05-27",2520,FALSE,NA,NA,"<= day","daily",NA,NA,NA
"1967-05-28",2430,FALSE,NA,NA,"<= day","daily",NA,NA,NA
"1967-05-29",2250,FALSE,NA,NA,"<= day","daily",NA,NA,NA
"1967-05-30",2250,FALSE,NA,NA,"<= day","daily",NA,NA,NA
"1967-05-31",2160,FALSE,NA,NA,"<= day","daily",NA,NA,NA
"1967-06-01",2160,FALSE,NA,NA,"<= day","daily",NA,NA,NA
"1967-06-02",2340,FALSE,NA,NA,"<= day","daily",NA,NA,NA
"1967-06-03",2160,FALSE,NA,NA,"<= day","daily",NA,NA,NA
"1967-06-04",2070,FALSE,NA,NA,"<= day","daily",NA,NA,NA
"1967-06-05",2070,FALSE,NA,NA,"<= day","daily",NA,NA,NA
"1967-06-06",2070,FALSE,NA,NA,"<= day","daily",NA,NA,NA
"1967-06-07",2070,FALSE,NA,NA,"<= day","daily",NA,NA,NA
"1967-06-08",1890,FALSE,NA,NA,"<= day","daily",NA,NA,NA
"1967-06-09",1890,FALSE,NA,NA,"<= day","daily",NA,NA,NA
"1967-06-10",3140,FALSE,NA,NA,"<= day","daily",NA,NA,NA
"1967-06-11",6110,FALSE,NA,NA,"<= day","daily",NA,NA,NA
"1967-06-12",8770,FALSE,NA,NA,"<= day","daily",NA,NA,NA
"1967-06-13",4160,FALSE,NA,NA,"<= day","daily",NA,NA,NA
"1967-06-14",4280,FALSE,NA,NA,"<= day","daily",NA,NA,NA
"1967-06-15",4160,FALSE,NA,NA,"<= day","daily",NA,NA,NA
"1967-06-16",3690,FALSE,NA,NA,"<= day","daily",NA,NA,NA
"1967-06-17",3140,FALSE,NA,NA,"<= day","daily",NA,NA,NA
"1967-06-18",2700,FALSE,NA,NA,"<= day","daily",NA,NA,NA
"1967-06-19",2510,FALSE,NA,NA,"<= day","daily",NA,NA,NA
"1967-06-20",2220,FALSE,NA,NA,"<= day","daily",NA,NA,NA
"1967-06-21",3250,FALSE,NA,NA,"<= day","daily",NA,NA,NA
"1967-06-22",3140,FALSE,NA,NA,"<= day","daily",NA,NA,NA
"1967-06-23",3030,FALSE,NA,NA,"<= day","daily",NA,NA,NA
"1967-06-24",2920,FALSE,NA,NA,"<= day","daily",NA,NA,NA
"1967-06-25",2810,FALSE,NA,NA,"<= day","daily",NA,NA,NA
"1967-06-26",1750,FALSE,NA,NA,"<= day","daily",NA,NA,NA
"1967-06-27",1600,FALSE,NA,NA,"<= day","daily",NA,NA,NA
"1967-06-28",1520,FALSE,NA,NA,"<= day","daily",NA,NA,NA
"1967-06-29",1450,FALSE,NA,NA,"<= day","daily",NA,NA,NA
"1967-06-30",1450,FALSE,NA,NA,"<= day","daily",NA,NA,NA
"1967-07-01",1450,FALSE,NA,NA,"<= day","daily",NA,NA,NA
"1967-07-02",1450,FALSE,NA,NA,"<= day","daily",NA,NA,NA
"1967-07-03",1370,FALSE,NA,NA,"<= day","daily",NA,NA,NA
"1967-07-04",1450,FALSE,NA,NA,"<= day","daily",NA,NA,NA
"1967-07-05",1450,FALSE,NA,NA,"<= day","daily",NA,NA,NA
"1967-07-06",1450,FALSE,NA,NA,"<= day","daily",NA,NA,NA
"1967-07-07",1370,FALSE,NA,NA,"<= day","daily",NA,NA,NA
"1967-07-08",1370,FALSE,NA,NA,"<= day","daily",NA,NA,NA
"1967-07-09",1370,FALSE,NA,NA,"<= day","daily",NA,NA,NA
"1967-07-10",1450,FALSE,NA,NA,"<= day","daily",NA,NA,NA
"1967-07-11",2320,FALSE,NA,NA,"<= day","daily",NA,NA,NA
"1967-07-12",1750,FALSE,NA,NA,"<= day","daily",NA,NA,NA
"1967-07-13",1600,FALSE,NA,NA,"<= day","daily",NA,NA,NA
"1967-07-14",1450,FALSE,NA,NA,"<= day","daily",NA,NA,NA
"1967-07-15",1450,FALSE,NA,NA,"<= day","daily",NA,NA,NA
"1967-07-16",1450,FALSE,NA,NA,"<= day","daily",NA,NA,NA
"1967-07-17",1300,FALSE,NA,NA,"<= day","daily",NA,NA,NA
"1967-07-18",1300,FALSE,NA,NA,"<= day","daily",NA,NA,NA
"1967-07-19",1300,FALSE,NA,NA,"<= day","daily",NA,NA,NA
"1967-07-20",1300,FALSE,NA,NA,"<= day","daily",NA,NA,NA
"1967-07-21",1300,FALSE,NA,NA,"<= day","daily",NA,NA,NA
"1967-07-22",1300,FALSE,NA,NA,"<= day","daily",NA,NA,NA
"1967-07-23",1300,FALSE,NA,NA,"<= day","daily",NA,NA,NA
"1967-07-24",1300,FALSE,NA,NA,"<= day","daily",NA,NA,NA
"1967-07-25",1220,FALSE,NA,NA,"<= day","daily",NA,NA,NA
"1967-07-26",1300,FALSE,NA,NA,"<= day","daily",NA,NA,NA
"1967-07-27",1370,FALSE,NA,NA,"<= day","daily",NA,NA,NA
"1967-07-28",1370,FALSE,NA,NA,"<= day","daily",NA,NA,NA
"1967-07-29",1300,FALSE,NA,NA,"<= day","daily",NA,NA,NA
"1967-07-30",1300,FALSE,NA,NA,"<= day","daily",NA,NA,NA
"1967-07-31",1300,FALSE,NA,NA,"<= day","daily",NA,NA,NA
"1967-08-01",1300,FALSE,NA,NA,"<= day","daily",NA,NA,NA
"1967-08-02",1220,FALSE,NA,NA,"<= day","daily",NA,NA,NA
"1967-08-03",1220,FALSE,NA,NA,"<= day","daily",NA,NA,NA
"1967-08-04",1070,FALSE,NA,NA,"<= day","daily",NA,NA,NA
"1967-08-05",1070,FALSE,NA,NA,"<= day","daily",NA,NA,NA
"1967-08-06",1070,FALSE,NA,NA,"<= day","daily",NA,NA,NA
"1967-08-07",1300,FALSE,NA,NA,"<= day","daily",NA,NA,NA
"1967-08-08",1220,FALSE,NA,NA,"<= day","daily",NA,NA,NA
"1967-08-09",1220,FALSE,NA,NA,"<= day","daily",NA,NA,NA
"1967-08-10",1220,FALSE,NA,NA,"<= day","daily",NA,NA,NA
"1967-08-11",1220,FALSE,NA,NA,"<= day","daily",NA,NA,NA
"1967-08-12",1220,FALSE,NA,NA,"<= day","daily",NA,NA,NA
"1967-08-13",1220,FALSE,NA,NA,"<= day","daily",NA,NA,NA
"1967-08-14",1150,FALSE,NA,NA,"<= day","daily",NA,NA,NA
"1967-08-15",1150,FALSE,NA,NA,"<= day","daily",NA,NA,NA
"1967-08-16",1150,FALSE,NA,NA,"<= day","daily",NA,NA,NA
"1967-08-17",1150,FALSE,NA,NA,"<= day","daily",NA,NA,NA
"1967-08-18",1070,FALSE,NA,NA,"<= day","daily",NA,NA,NA
"1967-08-19",1070,FALSE,NA,NA,"<= day","daily",NA,NA,NA
"1967-08-20",1070,FALSE,NA,NA,"<= day","daily",NA,NA,NA
"1967-08-21",1000,FALSE,NA,NA,"<= day","daily",NA,NA,NA
"1967-08-22",970,FALSE,NA,NA,"<= day","daily",NA,NA,NA
"1967-08-23",970,FALSE,NA,NA,"<= day","daily",NA,NA,NA
"1967-08-24",970,FALSE,NA,NA,"<= day","daily",NA,NA,NA
"1967-08-25",970,FALSE,NA,NA,"<= day","daily",NA,NA,NA
"1967-08-26",970,FALSE,NA,NA,"<= day","daily",NA,NA,NA
"1967-08-27",970,FALSE,NA,NA,"<= day","daily",NA,NA,NA
"1967-08-28",970,FALSE,NA,NA,"<= day","daily",NA,NA,NA
"1967-08-29",970,FALSE,NA,NA,"<= day","daily",NA,NA,NA
"1967-08-30",970,FALSE,NA,NA,"<= day","daily",NA,NA,NA
"1967-08-31",970,FALSE,NA,NA,"<= day","daily",NA,NA,NA
"1967-09-01",970,FALSE,NA,NA,"<= day","daily",NA,NA,NA
"1967-09-02",970,FALSE,NA,NA,"<= day","daily",NA,NA,NA
"1967-09-03",970,FALSE,NA,NA,"<= day","daily",NA,NA,NA
"1967-09-04",1070,FALSE,NA,NA,"<= day","daily",NA,NA,NA
"1967-09-05",1000,FALSE,NA,NA,"<= day","daily",NA,NA,NA
"1967-09-06",1000,FALSE,NA,NA,"<= day","daily",NA,NA,NA
"1967-09-07",1000,FALSE,NA,NA,"<= day","daily",NA,NA,NA
"1967-09-08",1000,FALSE,NA,NA,"<= day","daily",NA,NA,NA
"1967-09-09",1070,FALSE,NA,NA,"<= day","daily",NA,NA,NA
"1967-09-10",1840,FALSE,NA,NA,"<= day","daily",NA,NA,NA
"1967-09-11",3250,FALSE,NA,NA,"<= day","daily",NA,NA,NA
"1967-09-12",3140,FALSE,NA,NA,"<= day","daily",NA,NA,NA
"1967-09-13",3250,FALSE,NA,NA,"<= day","daily",NA,NA,NA
"1967-09-14",3360,FALSE,NA,NA,"<= day","daily",NA,NA,NA
"1967-09-15",3250,FALSE,NA,NA,"<= day","daily",NA,NA,NA
"1967-09-16",3580,FALSE,NA,NA,"<= day","daily",NA,NA,NA
"1967-09-17",3250,FALSE,NA,NA,"<= day","daily",NA,NA,NA
"1967-09-18",2700,FALSE,NA,NA,"<= day","daily",NA,NA,NA
"1967-09-19",2130,FALSE,NA,NA,"<= day","daily",NA,NA,NA
"1967-09-20",1840,FALSE,NA,NA,"<= day","daily",NA,NA,NA
"1967-09-21",1600,FALSE,NA,NA,"<= day","daily",NA,NA,NA
"1967-09-22",1450,FALSE,NA,NA,"<= day","daily",NA,NA,NA
"1967-09-23",1450,FALSE,NA,NA,"<= day","daily",NA,NA,NA
"1967-09-24",2220,FALSE,NA,NA,"<= day","daily",NA,NA,NA
"1967-09-25",1670,FALSE,NA,NA,"<= day","daily",NA,NA,NA
"1967-09-26",1220,FALSE,NA,NA,"<= day","daily",NA,NA,NA
"1967-09-27",1220,FALSE,NA,NA,"<= day","daily",NA,NA,NA
"1967-09-28",1220,FALSE,NA,NA,"<= day","daily",NA,NA,NA
"1967-09-29",1220,FALSE,NA,NA,"<= day","daily",NA,NA,NA
"1967-09-30",1220,FALSE,NA,NA,"<= day","daily",NA,NA,NA
"1967-10-01",1220,FALSE,NA,NA,"<= day","daily",NA,NA,NA
"1967-10-02",1220,FALSE,NA,NA,"<= day","daily",NA,NA,NA
"1967-10-03",1220,FALSE,NA,NA,"<= day","daily",NA,NA,NA
"1967-10-04",1220,FALSE,NA,NA,"<= day","daily",NA,NA,NA
"1967-10-05",2320,FALSE,NA,NA,"<= day","daily",NA,NA,NA
"1967-10-06",4400,FALSE,NA,NA,"<= day","daily",NA,NA,NA
"1967-10-07",4280,FALSE,NA,NA,"<= day","daily",NA,NA,NA
"1967-10-08",3360,FALSE,NA,NA,"<= day","daily",NA,NA,NA
"1967-10-09",2510,FALSE,NA,NA,"<= day","daily",NA,NA,NA
"1967-10-10",2130,FALSE,NA,NA,"<= day","daily",NA,NA,NA
"1967-10-11",1750,FALSE,NA,NA,"<= day","daily",NA,NA,NA
"1967-10-12",1600,FALSE,NA,NA,"<= day","daily",NA,NA,NA
"1967-10-13",1520,FALSE,NA,NA,"<= day","daily",NA,NA,NA
"1967-10-14",1450,FALSE,NA,NA,"<= day","daily",NA,NA,NA
"1967-10-15",1450,FALSE,NA,NA,"<= day","daily",NA,NA,NA
"1967-10-16",1370,FALSE,NA,NA,"<= day","daily",NA,NA,NA
"1967-10-17",1300,FALSE,NA,NA,"<= day","daily",NA,NA,NA
"1967-10-18",1300,FALSE,NA,NA,"<= day","daily",NA,NA,NA
"1967-10-19",1300,FALSE,NA,NA,"<= day","daily",NA,NA,NA
"1967-10-20",2510,FALSE,NA,NA,"<= day","daily",NA,NA,NA
"1967-10-21",1940,FALSE,NA,NA,"<= day","daily",NA,NA,NA
"1967-10-22",1670,FALSE,NA,NA,"<= day","daily",NA,NA,NA
"1967-10-23",1520,FALSE,NA,NA,"<= day","daily",NA,NA,NA
"1967-10-24",1370,FALSE,NA,NA,"<= day","daily",NA,NA,NA
"1967-10-25",1370,FALSE,NA,NA,"<= day","daily",NA,NA,NA
"1967-10-26",1300,FALSE,NA,NA,"<= day","daily",NA,NA,NA
"1967-10-27",1300,FALSE,NA,NA,"<= day","daily",NA,NA,NA
"1967-10-28",1300,FALSE,NA,NA,"<= day","daily",NA,NA,NA
"1967-10-29",1300,FALSE,NA,NA,"<= day","daily",NA,NA,NA
"1967-10-30",1520,FALSE,NA,NA,"<= day","daily",NA,NA,NA
"1967-10-31",2510,FALSE,NA,NA,"<= day","daily",NA,NA,NA
"1967-11-01",2510,FALSE,NA,NA,"<= day","daily",NA,NA,NA
"1967-11-02",2130,FALSE,NA,NA,"<= day","daily",NA,NA,NA
"1967-11-03",1840,FALSE,NA,NA,"<= day","daily",NA,NA,NA
"1967-11-04",1940,FALSE,NA,NA,"<= day","daily",NA,NA,NA
"1967-11-05",2810,FALSE,NA,NA,"<= day","daily",NA,NA,NA
"1967-11-06",2920,FALSE,NA,NA,"<= day","daily",NA,NA,NA
"1967-11-07",7460,FALSE,NA,NA,"<= day","daily",NA,NA,NA
"1967-11-08",5000,FALSE,NA,NA,"<= day","daily",NA,NA,NA
"1967-11-09",8680,FALSE,NA,NA,"<= day","daily",NA,NA,NA
"1967-11-10",13400,FALSE,NA,NA,"<= day","daily",NA,NA,NA
"1967-11-11",7310,FALSE,NA,NA,"<= day","daily",NA,NA,NA
"1967-11-12",6300,FALSE,NA,NA,"<= day","daily",NA,NA,NA
"1967-11-13",4880,FALSE,NA,NA,"<= day","daily",NA,NA,NA
"1967-11-14",4760,FALSE,NA,NA,"<= day","daily",NA,NA,NA
"1967-11-15",4400,FALSE,NA,NA,"<= day","daily",NA,NA,NA
"1967-11-16",3800,FALSE,NA,NA,"<= day","daily",NA,NA,NA
"1967-11-17",3250,FALSE,NA,NA,"<= day","daily",NA,NA,NA
"1967-11-18",2920,FALSE,NA,NA,"<= day","daily",NA,NA,NA
"1967-11-19",2700,FALSE,NA,NA,"<= day","daily",NA,NA,NA
"1967-11-20",2510,FALSE,NA,NA,"<= day","daily",NA,NA,NA
"1967-11-21",2220,FALSE,NA,NA,"<= day","daily",NA,NA,NA
"1967-11-22",1940,FALSE,NA,NA,"<= day","daily",NA,NA,NA
"1967-11-23",1750,FALSE,NA,NA,"<= day","daily",NA,NA,NA
"1967-11-24",1670,FALSE,NA,NA,"<= day","daily",NA,NA,NA
"1967-11-25",1670,FALSE,NA,NA,"<= day","daily",NA,NA,NA
"1967-11-26",1600,FALSE,NA,NA,"<= day","daily",NA,NA,NA
"1967-11-27",1600,FALSE,NA,NA,"<= day","daily",NA,NA,NA
"1967-11-28",1600,FALSE,NA,NA,"<= day","daily",NA,NA,NA
"1967-11-29",1750,FALSE,NA,NA,"<= day","daily",NA,NA,NA
"1967-11-30",1750,FALSE,NA,NA,"<= day","daily",NA,NA,NA
"1967-12-01",2700,FALSE,NA,NA,"<= day","daily",NA,NA,NA
"1967-12-02",3250,FALSE,NA,NA,"<= day","daily",NA,NA,NA
"1967-12-03",3580,FALSE,NA,NA,"<= day","daily",NA,NA,NA
"1967-12-04",3250,FALSE,NA,NA,"<= day","daily",NA,NA,NA
"1967-12-05",2920,FALSE,NA,NA,"<= day","daily",NA,NA,NA
"1967-12-06",2700,FALSE,NA,NA,"<= day","daily",NA,NA,NA
"1967-12-07",2810,FALSE,NA,NA,"<= day","daily",NA,NA,NA
"1967-12-08",3470,FALSE,NA,NA,"<= day","daily",NA,NA,NA
"1967-12-09",3800,FALSE,NA,NA,"<= day","daily",NA,NA,NA
"1967-12-10",3470,FALSE,NA,NA,"<= day","daily",NA,NA,NA
"1967-12-11",3250,FALSE,NA,NA,"<= day","daily",NA,NA,NA
"1967-12-12",2810,FALSE,NA,NA,"<= day","daily",NA,NA,NA
"1967-12-13",2700,FALSE,NA,NA,"<= day","daily",NA,NA,NA
"1967-12-14",2600,FALSE,NA,NA,"<= day","daily",NA,NA,NA
"1967-12-15",2410,FALSE,NA,NA,"<= day","daily",NA,NA,NA
"1967-12-16",2320,FALSE,NA,NA,"<= day","daily",NA,NA,NA
"1967-12-17",2220,FALSE,NA,NA,"<= day","daily",NA,NA,NA
"1967-12-18",2130,FALSE,NA,NA,"<= day","daily",NA,NA,NA
"1967-12-19",1940,FALSE,NA,NA,"<= day","daily",NA,NA,NA
"1967-12-20",1840,FALSE,NA,NA,"<= day","daily",NA,NA,NA
"1967-12-21",1750,FALSE,NA,NA,"<= day","daily",NA,NA,NA
"1967-12-22",1600,FALSE,NA,NA,"<= day","daily",NA,NA,NA
"1967-12-23",1670,FALSE,NA,NA,"<= day","daily",NA,NA,NA
"1967-12-24",3470,FALSE,NA,NA,"<= day","daily",NA,NA,NA
"1967-12-25",12400,FALSE,NA,NA,"<= day","daily",NA,NA,NA
"1967-12-26",14400,FALSE,NA,NA,"<= day","daily",NA,NA,NA
"1967-12-27",13100,FALSE,NA,NA,"<= day","daily",NA,NA,NA
"1967-12-28",12700,FALSE,NA,NA,"<= day","daily",NA,NA,NA
"1967-12-29",8630,FALSE,NA,NA,"<= day","daily",NA,NA,NA
"1967-12-30",6390,FALSE,NA,NA,"<= day","daily",NA,NA,NA
"1967-12-31",5690,FALSE,NA,NA,"<= day","daily",NA,NA,NA
"1968-01-01",5020,FALSE,NA,NA,"<= day","daily",NA,NA,NA
"1968-01-02",4790,FALSE,NA,NA,"<= day","daily",NA,NA,NA
"1968-01-03",4670,FALSE,NA,NA,"<= day","daily",NA,NA,NA
"1968-01-04",4330,FALSE,NA,NA,"<= day","daily",NA,NA,NA
"1968-01-05",4100,FALSE,NA,NA,"<= day","daily",NA,NA,NA
"1968-01-06",3380,FALSE,NA,NA,"<= day","daily",NA,NA,NA
"1968-01-07",3500,FALSE,NA,NA,"<= day","daily",NA,NA,NA
"1968-01-08",4330,FALSE,NA,NA,"<= day","daily",NA,NA,NA
"1968-01-09",3980,FALSE,NA,NA,"<= day","daily",NA,NA,NA
"1968-01-10",3500,FALSE,NA,NA,"<= day","daily",NA,NA,NA
"1968-01-11",3380,FALSE,NA,NA,"<= day","daily",NA,NA,NA
"1968-01-12",3140,FALSE,NA,NA,"<= day","daily",NA,NA,NA
"1968-01-13",3140,FALSE,NA,NA,"<= day","daily",NA,NA,NA
"1968-01-14",2900,FALSE,NA,NA,"<= day","daily",NA,NA,NA
"1968-01-15",2540,FALSE,NA,NA,"<= day","daily",NA,NA,NA
"1968-01-16",2450,FALSE,NA,NA,"<= day","daily",NA,NA,NA
"1968-01-17",2540,FALSE,NA,NA,"<= day","daily",NA,NA,NA
"1968-01-18",2720,FALSE,NA,NA,"<= day","daily",NA,NA,NA
"1968-01-19",3260,FALSE,NA,NA,"<= day","daily",NA,NA,NA
"1968-01-20",3620,FALSE,NA,NA,"<= day","daily",NA,NA,NA
"1968-01-21",3500,FALSE,NA,NA,"<= day","daily",NA,NA,NA
"1968-01-22",3380,FALSE,NA,NA,"<= day","daily",NA,NA,NA
"1968-01-23",3140,FALSE,NA,NA,"<= day","daily",NA,NA,NA
"1968-01-24",3020,FALSE,NA,NA,"<= day","daily",NA,NA,NA
"1968-01-25",2900,FALSE,NA,NA,"<= day","daily",NA,NA,NA
"1968-01-26",2900,FALSE,NA,NA,"<= day","daily",NA,NA,NA
"1968-01-27",2810,FALSE,NA,NA,"<= day","daily",NA,NA,NA
"1968-01-28",2540,FALSE,NA,NA,"<= day","daily",NA,NA,NA
"1968-01-29",2450,FALSE,NA,NA,"<= day","daily",NA,NA,NA
"1968-01-30",2360,FALSE,NA,NA,"<= day","daily",NA,NA,NA
"1968-01-31",2360,FALSE,NA,NA,"<= day","daily",NA,NA,NA
"1968-02-01",2450,FALSE,NA,NA,"<= day","daily",NA,NA,NA
"1968-02-02",2810,FALSE,NA,NA,"<= day","daily",NA,NA,NA
"1968-02-03",3260,FALSE,NA,NA,"<= day","daily",NA,NA,NA
"1968-02-04",3500,FALSE,NA,NA,"<= day","daily",NA,NA,NA
"1968-02-05",9250,FALSE,NA,NA,"<= day","daily",NA,NA,NA
"1968-02-06",8650,FALSE,NA,NA,"<= day","daily",NA,NA,NA
"1968-02-07",8350,FALSE,NA,NA,"<= day","daily",NA,NA,NA
"1968-02-08",10300,FALSE,NA,NA,"<= day","daily",NA,NA,NA
"1968-02-09",15600,FALSE,NA,NA,"<= day","daily",NA,NA,NA
"1968-02-10",16800,FALSE,NA,NA,"<= day","daily",NA,NA,NA
"1968-02-11",19900,FALSE,NA,NA,"<= day","daily",NA,NA,NA
"1968-02-12",16000,FALSE,NA,NA,"<= day","daily",NA,NA,NA
"1968-02-13",10500,FALSE,NA,NA,"<= day","daily",NA,NA,NA
"1968-02-14",7380,FALSE,NA,NA,"<= day","daily",NA,NA,NA
"1968-02-15",6060,FALSE,NA,NA,"<= day","daily",NA,NA,NA
"1968-02-16",8650,FALSE,NA,NA,"<= day","daily",NA,NA,NA
"1968-02-17",10600,FALSE,NA,NA,"<= day","daily",NA,NA,NA
"1968-02-18",10300,FALSE,NA,NA,"<= day","daily",NA,NA,NA
"1968-02-19",7900,FALSE,NA,NA,"<= day","daily",NA,NA,NA
"1968-02-20",6060,FALSE,NA,NA,"<= day","daily",NA,NA,NA
"1968-02-21",5380,FALSE,NA,NA,"<= day","daily",NA,NA,NA
"1968-02-22",5520,FALSE,NA,NA,"<= day","daily",NA,NA,NA
"1968-02-23",14300,FALSE,NA,NA,"<= day","daily",NA,NA,NA
"1968-02-24",17000,FALSE,NA,NA,"<= day","daily",NA,NA,NA
"1968-02-25",17400,FALSE,NA,NA,"<= day","daily",NA,NA,NA
"1968-02-26",21300,FALSE,NA,NA,"<= day","daily",NA,NA,NA
"1968-02-27",15100,FALSE,NA,NA,"<= day","daily",NA,NA,NA
"1968-02-28",9400,FALSE,NA,NA,"<= day","daily",NA,NA,NA
"1968-02-29",5520,FALSE,NA,NA,"<= day","daily",NA,NA,NA
"1968-03-01",5520,FALSE,NA,NA,"<= day","daily",NA,NA,NA
"1968-03-02",5130,FALSE,NA,NA,"<= day","daily",NA,NA,NA
"1968-03-03",4670,FALSE,NA,NA,"<= day","daily",NA,NA,NA
"1968-03-04",4670,FALSE,NA,NA,"<= day","daily",NA,NA,NA
"1968-03-05",4560,FALSE,NA,NA,"<= day","daily",NA,NA,NA
"1968-03-06",4440,FALSE,NA,NA,"<= day","daily",NA,NA,NA
"1968-03-07",4210,FALSE,NA,NA,"<= day","daily",NA,NA,NA
"1968-03-08",4100,FALSE,NA,NA,"<= day","daily",NA,NA,NA
"1968-03-09",3740,FALSE,NA,NA,"<= day","daily",NA,NA,NA
"1968-03-10",3620,FALSE,NA,NA,"<= day","daily",NA,NA,NA
"1968-03-11",3380,FALSE,NA,NA,"<= day","daily",NA,NA,NA
"1968-03-12",3140,FALSE,NA,NA,"<= day","daily",NA,NA,NA
"1968-03-13",2810,FALSE,NA,NA,"<= day","daily",NA,NA,NA
"1968-03-14",2720,FALSE,NA,NA,"<= day","daily",NA,NA,NA
"1968-03-15",2630,FALSE,NA,NA,"<= day","daily",NA,NA,NA
"1968-03-16",2540,FALSE,NA,NA,"<= day","daily",NA,NA,NA
"1968-03-17",2720,FALSE,NA,NA,"<= day","daily",NA,NA,NA
"1968-03-18",2720,FALSE,NA,NA,"<= day","daily",NA,NA,NA
"1968-03-19",2540,FALSE,NA,NA,"<= day","daily",NA,NA,NA
"1968-03-20",2360,FALSE,NA,NA,"<= day","daily",NA,NA,NA
"1968-03-21",2360,FALSE,NA,NA,"<= day","daily",NA,NA,NA
"1968-03-22",2180,FALSE,NA,NA,"<= day","daily",NA,NA,NA
"1968-03-23",2450,FALSE,NA,NA,"<= day","daily",NA,NA,NA
"1968-03-24",2360,FALSE,NA,NA,"<= day","daily",NA,NA,NA
"1968-03-25",2180,FALSE,NA,NA,"<= day","daily",NA,NA,NA
"1968-03-26",2000,FALSE,NA,NA,"<= day","daily",NA,NA,NA
"1968-03-27",1920,FALSE,NA,NA,"<= day","daily",NA,NA,NA
"1968-03-28",1920,FALSE,NA,NA,"<= day","daily",NA,NA,NA
"1968-03-29",1920,FALSE,NA,NA,"<= day","daily",NA,NA,NA
"1968-03-30",1920,FALSE,NA,NA,"<= day","daily",NA,NA,NA
"1968-03-31",1920,FALSE,NA,NA,"<= day","daily",NA,NA,NA
"1968-04-01",1840,FALSE,NA,NA,"<= day","daily",NA,NA,NA
"1968-04-02",1760,FALSE,NA,NA,"<= day","daily",NA,NA,NA
"1968-04-03",1760,FALSE,NA,NA,"<= day","daily",NA,NA,NA
"1968-04-04",1760,FALSE,NA,NA,"<= day","daily",NA,NA,NA
"1968-04-05",1760,FALSE,NA,NA,"<= day","daily",NA,NA,NA
"1968-04-06",1760,FALSE,NA,NA,"<= day","daily",NA,NA,NA
"1968-04-07",1680,FALSE,NA,NA,"<= day","daily",NA,NA,NA
"1968-04-08",1680,FALSE,NA,NA,"<= day","daily",NA,NA,NA
"1968-04-09",1680,FALSE,NA,NA,"<= day","daily",NA,NA,NA
"1968-04-10",1680,FALSE,NA,NA,"<= day","daily",NA,NA,NA
"1968-04-11",1760,FALSE,NA,NA,"<= day","daily",NA,NA,NA
"1968-04-12",1680,FALSE,NA,NA,"<= day","daily",NA,NA,NA
"1968-04-13",1600,FALSE,NA,NA,"<= day","daily",NA,NA,NA
"1968-04-14",1600,FALSE,NA,NA,"<= day","daily",NA,NA,NA
"1968-04-15",1520,FALSE,NA,NA,"<= day","daily",NA,NA,NA
"1968-04-16",1520,FALSE,NA,NA,"<= day","daily",NA,NA,NA
"1968-04-17",1520,FALSE,NA,NA,"<= day","daily",NA,NA,NA
"1968-04-18",1520,FALSE,NA,NA,"<= day","daily",NA,NA,NA
"1968-04-19",1520,FALSE,NA,NA,"<= day","daily",NA,NA,NA
"1968-04-20",1520,FALSE,NA,NA,"<= day","daily",NA,NA,NA
"1968-04-21",1520,FALSE,NA,NA,"<= day","daily",NA,NA,NA
"1968-04-22",1360,FALSE,NA,NA,"<= day","daily",NA,NA,NA
"1968-04-23",1280,FALSE,NA,NA,"<= day","daily",NA,NA,NA
"1968-04-24",1280,FALSE,NA,NA,"<= day","daily",NA,NA,NA
"1968-04-25",1280,FALSE,NA,NA,"<= day","daily",NA,NA,NA
"1968-04-26",1280,FALSE,NA,NA,"<= day","daily",NA,NA,NA
"1968-04-27",1280,FALSE,NA,NA,"<= day","daily",NA,NA,NA
"1968-04-28",1280,FALSE,NA,NA,"<= day","daily",NA,NA,NA
"1968-04-29",1280,FALSE,NA,NA,"<= day","daily",NA,NA,NA
"1968-04-30",1520,FALSE,NA,NA,"<= day","daily",NA,NA,NA
"1968-05-01",1520,FALSE,NA,NA,"<= day","daily",NA,NA,NA
"1968-05-02",1520,FALSE,NA,NA,"<= day","daily",NA,NA,NA
"1968-05-03",1440,FALSE,NA,NA,"<= day","daily",NA,NA,NA
"1968-05-04",1440,FALSE,NA,NA,"<= day","daily",NA,NA,NA
"1968-05-05",1440,FALSE,NA,NA,"<= day","daily",NA,NA,NA
"1968-05-06",1360,FALSE,NA,NA,"<= day","daily",NA,NA,NA
"1968-05-07",1360,FALSE,NA,NA,"<= day","daily",NA,NA,NA
"1968-05-08",1360,FALSE,NA,NA,"<= day","daily",NA,NA,NA
"1968-05-09",1360,FALSE,NA,NA,"<= day","daily",NA,NA,NA
"1968-05-10",1280,FALSE,NA,NA,"<= day","daily",NA,NA,NA
"1968-05-11",1280,FALSE,NA,NA,"<= day","daily",NA,NA,NA
"1968-05-12",1280,FALSE,NA,NA,"<= day","daily",NA,NA,NA
"1968-05-13",1280,FALSE,NA,NA,"<= day","daily",NA,NA,NA
"1968-05-14",1360,FALSE,NA,NA,"<= day","daily",NA,NA,NA
"1968-05-15",1280,FALSE,NA,NA,"<= day","daily",NA,NA,NA
"1968-05-16",1280,FALSE,NA,NA,"<= day","daily",NA,NA,NA
"1968-05-17",1280,FALSE,NA,NA,"<= day","daily",NA,NA,NA
"1968-05-18",1280,FALSE,NA,NA,"<= day","daily",NA,NA,NA
"1968-05-19",1360,FALSE,NA,NA,"<= day","daily",NA,NA,NA
"1968-05-20",1440,FALSE,NA,NA,"<= day","daily",NA,NA,NA
"1968-05-21",1760,FALSE,NA,NA,"<= day","daily",NA,NA,NA
"1968-05-22",4100,FALSE,NA,NA,"<= day","daily",NA,NA,NA
"1968-05-23",5020,FALSE,NA,NA,"<= day","daily",NA,NA,NA
"1968-05-24",3980,FALSE,NA,NA,"<= day","daily",NA,NA,NA
"1968-05-25",3500,FALSE,NA,NA,"<= day","daily",NA,NA,NA
"1968-05-26",2900,FALSE,NA,NA,"<= day","daily",NA,NA,NA
"1968-05-27",2630,FALSE,NA,NA,"<= day","daily",NA,NA,NA
"1968-05-28",2180,FALSE,NA,NA,"<= day","daily",NA,NA,NA
"1968-05-29",2000,FALSE,NA,NA,"<= day","daily",NA,NA,NA
"1968-05-30",1840,FALSE,NA,NA,"<= day","daily",NA,NA,NA
"1968-05-31",1840,FALSE,NA,NA,"<= day","daily",NA,NA,NA
"1968-06-01",2450,FALSE,NA,NA,"<= day","daily",NA,NA,NA
"1968-06-02",2180,FALSE,NA,NA,"<= day","daily",NA,NA,NA
"1968-06-03",3380,FALSE,NA,NA,"<= day","daily",NA,NA,NA
"1968-06-04",3740,FALSE,NA,NA,"<= day","daily",NA,NA,NA
"1968-06-05",10000,FALSE,NA,NA,"<= day","daily",NA,NA,NA
"1968-06-06",21700,FALSE,NA,NA,"<= day","daily",NA,NA,NA
"1968-06-07",26800,FALSE,NA,NA,"<= day","daily",NA,NA,NA
"1968-06-08",17200,FALSE,NA,NA,"<= day","daily",NA,NA,NA
"1968-06-09",15200,FALSE,NA,NA,"<= day","daily",NA,NA,NA
"1968-06-10",27900,FALSE,NA,NA,"<= day","daily",NA,NA,NA
"1968-06-11",30800,FALSE,NA,NA,"<= day","daily",NA,NA,NA
"1968-06-12",18700,FALSE,NA,NA,"<= day","daily",NA,NA,NA
"1968-06-13",7640,FALSE,NA,NA,"<= day","daily",NA,NA,NA
"1968-06-14",6600,FALSE,NA,NA,"<= day","daily",NA,NA,NA
"1968-06-15",6330,FALSE,NA,NA,"<= day","daily",NA,NA,NA
"1968-06-16",16400,FALSE,NA,NA,"<= day","daily",NA,NA,NA
"1968-06-17",15600,FALSE,NA,NA,"<= day","daily",NA,NA,NA
"1968-06-18",10300,FALSE,NA,NA,"<= day","daily",NA,NA,NA
"1968-06-19",9400,FALSE,NA,NA,"<= day","daily",NA,NA,NA
"1968-06-20",7640,FALSE,NA,NA,"<= day","daily",NA,NA,NA
"1968-06-21",5920,FALSE,NA,NA,"<= day","daily",NA,NA,NA
"1968-06-22",5380,FALSE,NA,NA,"<= day","daily",NA,NA,NA
"1968-06-23",5020,FALSE,NA,NA,"<= day","daily",NA,NA,NA
"1968-06-24",4790,FALSE,NA,NA,"<= day","daily",NA,NA,NA
"1968-06-25",4560,FALSE,NA,NA,"<= day","daily",NA,NA,NA
"1968-06-26",4100,FALSE,NA,NA,"<= day","daily",NA,NA,NA
"1968-06-27",3740,FALSE,NA,NA,"<= day","daily",NA,NA,NA
"1968-06-28",3380,FALSE,NA,NA,"<= day","daily",NA,NA,NA
"1968-06-29",3140,FALSE,NA,NA,"<= day","daily",NA,NA,NA
"1968-06-30",2900,FALSE,NA,NA,"<= day","daily",NA,NA,NA
"1968-07-01",2720,FALSE,NA,NA,"<= day","daily",NA,NA,NA
"1968-07-02",2630,FALSE,NA,NA,"<= day","daily",NA,NA,NA
"1968-07-03",2540,FALSE,NA,NA,"<= day","daily",NA,NA,NA
"1968-07-04",2450,FALSE,NA,NA,"<= day","daily",NA,NA,NA
"1968-07-05",2360,FALSE,NA,NA,"<= day","daily",NA,NA,NA
"1968-07-06",2000,FALSE,NA,NA,"<= day","daily",NA,NA,NA
"1968-07-07",2000,FALSE,NA,NA,"<= day","daily",NA,NA,NA
"1968-07-08",1840,FALSE,NA,NA,"<= day","daily",NA,NA,NA
"1968-07-09",1760,FALSE,NA,NA,"<= day","daily",NA,NA,NA
"1968-07-10",1760,FALSE,NA,NA,"<= day","daily",NA,NA,NA
"1968-07-11",1680,FALSE,NA,NA,"<= day","daily",NA,NA,NA
"1968-07-12",1680,FALSE,NA,NA,"<= day","daily",NA,NA,NA
"1968-07-13",1680,FALSE,NA,NA,"<= day","daily",NA,NA,NA
"1968-07-14",1680,FALSE,NA,NA,"<= day","daily",NA,NA,NA
"1968-07-15",1680,FALSE,NA,NA,"<= day","daily",NA,NA,NA
"1968-07-16",1680,FALSE,NA,NA,"<= day","daily",NA,NA,NA
"1968-07-17",1840,FALSE,NA,NA,"<= day","daily",NA,NA,NA
"1968-07-18",2000,FALSE,NA,NA,"<= day","daily",NA,NA,NA
"1968-07-19",2180,FALSE,NA,NA,"<= day","daily",NA,NA,NA
"1968-07-20",1840,FALSE,NA,NA,"<= day","daily",NA,NA,NA
"1968-07-21",1840,FALSE,NA,NA,"<= day","daily",NA,NA,NA
"1968-07-22",2180,FALSE,NA,NA,"<= day","daily",NA,NA,NA
"1968-07-23",1840,FALSE,NA,NA,"<= day","daily",NA,NA,NA
"1968-07-24",1840,FALSE,NA,NA,"<= day","daily",NA,NA,NA
"1968-07-25",1840,FALSE,NA,NA,"<= day","daily",NA,NA,NA
"1968-07-26",1840,FALSE,NA,NA,"<= day","daily",NA,NA,NA
"1968-07-27",3500,FALSE,NA,NA,"<= day","daily",NA,NA,NA
"1968-07-28",3860,FALSE,NA,NA,"<= day","daily",NA,NA,NA
"1968-07-29",2720,FALSE,NA,NA,"<= day","daily",NA,NA,NA
"1968-07-30",2090,FALSE,NA,NA,"<= day","daily",NA,NA,NA
"1968-07-31",2000,FALSE,NA,NA,"<= day","daily",NA,NA,NA
"1968-08-01",1840,FALSE,NA,NA,"<= day","daily",NA,NA,NA
"1968-08-02",1680,FALSE,NA,NA,"<= day","daily",NA,NA,NA
"1968-08-03",1840,FALSE,NA,NA,"<= day","daily",NA,NA,NA
"1968-08-04",2180,FALSE,NA,NA,"<= day","daily",NA,NA,NA
"1968-08-05",1840,FALSE,NA,NA,"<= day","daily",NA,NA,NA
"1968-08-06",1760,FALSE,NA,NA,"<= day","daily",NA,NA,NA
"1968-08-07",1680,FALSE,NA,NA,"<= day","daily",NA,NA,NA
"1968-08-08",1840,FALSE,NA,NA,"<= day","daily",NA,NA,NA
"1968-08-09",2900,FALSE,NA,NA,"<= day","daily",NA,NA,NA
"1968-08-10",2270,FALSE,NA,NA,"<= day","daily",NA,NA,NA
"1968-08-11",2270,FALSE,NA,NA,"<= day","daily",NA,NA,NA
"1968-08-12",2090,FALSE,NA,NA,"<= day","daily",NA,NA,NA
"1968-08-13",2000,FALSE,NA,NA,"<= day","daily",NA,NA,NA
"1968-08-14",2000,FALSE,NA,NA,"<= day","daily",NA,NA,NA
"1968-08-15",2000,FALSE,NA,NA,"<= day","daily",NA,NA,NA
"1968-08-16",1920,FALSE,NA,NA,"<= day","daily",NA,NA,NA
"1968-08-17",1920,FALSE,NA,NA,"<= day","daily",NA,NA,NA
"1968-08-18",2360,FALSE,NA,NA,"<= day","daily",NA,NA,NA
"1968-08-19",11300,FALSE,NA,NA,"<= day","daily",NA,NA,NA
"1968-08-20",16200,FALSE,NA,NA,"<= day","daily",NA,NA,NA
"1968-08-21",7770,FALSE,NA,NA,"<= day","daily",NA,NA,NA
"1968-08-22",5020,FALSE,NA,NA,"<= day","daily",NA,NA,NA
"1968-08-23",4670,FALSE,NA,NA,"<= day","daily",NA,NA,NA
"1968-08-24",4560,FALSE,NA,NA,"<= day","daily",NA,NA,NA
"1968-08-25",4560,FALSE,NA,NA,"<= day","daily",NA,NA,NA
"1968-08-26",3080,FALSE,NA,NA,"<= day","daily",NA,NA,NA
"1968-08-27",3620,FALSE,NA,NA,"<= day","daily",NA,NA,NA
"1968-08-28",3380,FALSE,NA,NA,"<= day","daily",NA,NA,NA
"1968-08-29",3140,FALSE,NA,NA,"<= day","daily",NA,NA,NA
"1968-08-30",2720,FALSE,NA,NA,"<= day","daily",NA,NA,NA
"1968-08-31",2630,FALSE,NA,NA,"<= day","daily",NA,NA,NA
"1968-09-01",2540,FALSE,NA,NA,"<= day","daily",NA,NA,NA
"1968-09-02",2360,FALSE,NA,NA,"<= day","daily",NA,NA,NA
"1968-09-03",2180,FALSE,NA,NA,"<= day","daily",NA,NA,NA
"1968-09-04",1920,FALSE,NA,NA,"<= day","daily",NA,NA,NA
"1968-09-05",2000,FALSE,NA,NA,"<= day","daily",NA,NA,NA
"1968-09-06",3140,FALSE,NA,NA,"<= day","daily",NA,NA,NA
"1968-09-07",2900,FALSE,NA,NA,"<= day","daily",NA,NA,NA
"1968-09-08",2720,FALSE,NA,NA,"<= day","daily",NA,NA,NA
"1968-09-09",2450,FALSE,NA,NA,"<= day","daily",NA,NA,NA
"1968-09-10",2360,FALSE,NA,NA,"<= day","daily",NA,NA,NA
"1968-09-11",2180,FALSE,NA,NA,"<= day","daily",NA,NA,NA
"1968-09-12",2000,FALSE,NA,NA,"<= day","daily",NA,NA,NA
"1968-09-13",2000,FALSE,NA,NA,"<= day","daily",NA,NA,NA
"1968-09-14",2000,FALSE,NA,NA,"<= day","daily",NA,NA,NA
"1968-09-15",2000,FALSE,NA,NA,"<= day","daily",NA,NA,NA
"1968-09-16",2090,FALSE,NA,NA,"<= day","daily",NA,NA,NA
"1968-09-17",3500,FALSE,NA,NA,"<= day","daily",NA,NA,NA
"1968-09-18",4100,FALSE,NA,NA,"<= day","daily",NA,NA,NA
"1968-09-19",4100,FALSE,NA,NA,"<= day","daily",NA,NA,NA
"1968-09-20",4560,FALSE,NA,NA,"<= day","daily",NA,NA,NA
"1968-09-21",4560,FALSE,NA,NA,"<= day","daily",NA,NA,NA
"1968-09-22",3980,FALSE,NA,NA,"<= day","daily",NA,NA,NA
"1968-09-23",11500,FALSE,NA,NA,"<= day","daily",NA,NA,NA
"1968-09-24",9400,FALSE,NA,NA,"<= day","daily",NA,NA,NA
"1968-09-25",13300,FALSE,NA,NA,"<= day","daily",NA,NA,NA
"1968-09-26",18200,FALSE,NA,NA,"<= day","daily",NA,NA,NA
"1968-09-27",11800,FALSE,NA,NA,"<= day","daily",NA,NA,NA
"1968-09-28",6460,FALSE,NA,NA,"<= day","daily",NA,NA,NA
"1968-09-29",5250,FALSE,NA,NA,"<= day","daily",NA,NA,NA
"1968-09-30",5130,FALSE,NA,NA,"<= day","daily",NA,NA,NA
"1968-10-01",5520,FALSE,NA,NA,"<= day","daily",NA,NA,NA
"1968-10-02",5020,FALSE,NA,NA,"<= day","daily",NA,NA,NA
"1968-10-03",4790,FALSE,NA,NA,"<= day","daily",NA,NA,NA
"1968-10-04",4440,FALSE,NA,NA,"<= day","daily",NA,NA,NA
"1968-10-05",4100,FALSE,NA,NA,"<= day","daily",NA,NA,NA
"1968-10-06",3860,FALSE,NA,NA,"<= day","daily",NA,NA,NA
"1968-10-07",3740,FALSE,NA,NA,"<= day","daily",NA,NA,NA
"1968-10-08",3380,FALSE,NA,NA,"<= day","daily",NA,NA,NA
"1968-10-09",3020,FALSE,NA,NA,"<= day","daily",NA,NA,NA
"1968-10-10",3020,FALSE,NA,NA,"<= day","daily",NA,NA,NA
"1968-10-11",3020,FALSE,NA,NA,"<= day","daily",NA,NA,NA
"1968-10-12",2810,FALSE,NA,NA,"<= day","daily",NA,NA,NA
"1968-10-13",2720,FALSE,NA,NA,"<= day","daily",NA,NA,NA
"1968-10-14",2450,FALSE,NA,NA,"<= day","daily",NA,NA,NA
"1968-10-15",2360,FALSE,NA,NA,"<= day","daily",NA,NA,NA
"1968-10-16",2270,FALSE,NA,NA,"<= day","daily",NA,NA,NA
"1968-10-17",2180,FALSE,NA,NA,"<= day","daily",NA,NA,NA
"1968-10-18",2090,FALSE,NA,NA,"<= day","daily",NA,NA,NA
"1968-10-19",2000,FALSE,NA,NA,"<= day","daily",NA,NA,NA
"1968-10-20",2000,FALSE,NA,NA,"<= day","daily",NA,NA,NA
"1968-10-21",2000,FALSE,NA,NA,"<= day","daily",NA,NA,NA
"1968-10-22",1840,FALSE,NA,NA,"<= day","daily",NA,NA,NA
"1968-10-23",1840,FALSE,NA,NA,"<= day","daily",NA,NA,NA
"1968-10-24",1840,FALSE,NA,NA,"<= day","daily",NA,NA,NA
"1968-10-25",1840,FALSE,NA,NA,"<= day","daily",NA,NA,NA
"1968-10-26",1840,FALSE,NA,NA,"<= day","daily",NA,NA,NA
"1968-10-27",1760,FALSE,NA,NA,"<= day","daily",NA,NA,NA
"1968-10-28",1680,FALSE,NA,NA,"<= day","daily",NA,NA,NA
"1968-10-29",1680,FALSE,NA,NA,"<= day","daily",NA,NA,NA
"1968-10-30",1600,FALSE,NA,NA,"<= day","daily",NA,NA,NA
"1968-10-31",1600,FALSE,NA,NA,"<= day","daily",NA,NA,NA
"1968-11-01",1600,FALSE,NA,NA,"<= day","daily",NA,NA,NA
"1968-11-02",1600,FALSE,NA,NA,"<= day","daily",NA,NA,NA
"1968-11-03",1600,FALSE,NA,NA,"<= day","daily",NA,NA,NA
"1968-11-04",1840,FALSE,NA,NA,"<= day","daily",NA,NA,NA
"1968-11-05",4210,FALSE,NA,NA,"<= day","daily",NA,NA,NA
"1968-11-06",7250,FALSE,NA,NA,"<= day","daily",NA,NA,NA
"1968-11-07",7380,FALSE,NA,NA,"<= day","daily",NA,NA,NA
"1968-11-08",5020,FALSE,NA,NA,"<= day","daily",NA,NA,NA
"1968-11-09",4670,FALSE,NA,NA,"<= day","daily",NA,NA,NA
"1968-11-10",4670,FALSE,NA,NA,"<= day","daily",NA,NA,NA
"1968-11-11",6330,FALSE,NA,NA,"<= day","daily",NA,NA,NA
"1968-11-12",5130,FALSE,NA,NA,"<= day","daily",NA,NA,NA
"1968-11-13",4560,FALSE,NA,NA,"<= day","daily",NA,NA,NA
"1968-11-14",4560,FALSE,NA,NA,"<= day","daily",NA,NA,NA
"1968-11-15",3980,FALSE,NA,NA,"<= day","daily",NA,NA,NA
"1968-11-16",4790,FALSE,NA,NA,"<= day","daily",NA,NA,NA
"1968-11-17",4790,FALSE,NA,NA,"<= day","daily",NA,NA,NA
"1968-11-18",13300,FALSE,NA,NA,"<= day","daily",NA,NA,NA
"1968-11-19",28800,FALSE,NA,NA,"<= day","daily",NA,NA,NA
"1968-11-20",28800,FALSE,NA,NA,"<= day","daily",NA,NA,NA
"1968-11-21",25800,FALSE,NA,NA,"<= day","daily",NA,NA,NA
"1968-11-22",17800,FALSE,NA,NA,"<= day","daily",NA,NA,NA
"1968-11-23",14100,FALSE,NA,NA,"<= day","daily",NA,NA,NA
"1968-11-24",10000,FALSE,NA,NA,"<= day","daily",NA,NA,NA
"1968-11-25",8200,FALSE,NA,NA,"<= day","daily",NA,NA,NA
"1968-11-26",7250,FALSE,NA,NA,"<= day","daily",NA,NA,NA
"1968-11-27",5380,FALSE,NA,NA,"<= day","daily",NA,NA,NA
"1968-11-28",4790,FALSE,NA,NA,"<= day","daily",NA,NA,NA
"1968-11-29",5020,FALSE,NA,NA,"<= day","daily",NA,NA,NA
"1968-11-30",4900,FALSE,NA,NA,"<= day","daily",NA,NA,NA
"1968-12-01",4670,FALSE,NA,NA,"<= day","daily",NA,NA,NA
"1968-12-02",4670,FALSE,NA,NA,"<= day","daily",NA,NA,NA
"1968-12-03",4440,FALSE,NA,NA,"<= day","daily",NA,NA,NA
"1968-12-04",4210,FALSE,NA,NA,"<= day","daily",NA,NA,NA
"1968-12-05",3980,FALSE,NA,NA,"<= day","daily",NA,NA,NA
"1968-12-06",3740,FALSE,NA,NA,"<= day","daily",NA,NA,NA
"1968-12-07",3620,FALSE,NA,NA,"<= day","daily",NA,NA,NA
"1968-12-08",3380,FALSE,NA,NA,"<= day","daily",NA,NA,NA
"1968-12-09",3140,FALSE,NA,NA,"<= day","daily",NA,NA,NA
"1968-12-10",3020,FALSE,NA,NA,"<= day","daily",NA,NA,NA
"1968-12-11",2810,FALSE,NA,NA,"<= day","daily",NA,NA,NA
"1968-12-12",2720,FALSE,NA,NA,"<= day","daily",NA,NA,NA
"1968-12-13",2630,FALSE,NA,NA,"<= day","daily",NA,NA,NA
"1968-12-14",2450,FALSE,NA,NA,"<= day","daily",NA,NA,NA
"1968-12-15",2450,FALSE,NA,NA,"<= day","daily",NA,NA,NA
"1968-12-16",2360,FALSE,NA,NA,"<= day","daily",NA,NA,NA
"1968-12-17",2360,FALSE,NA,NA,"<= day","daily",NA,NA,NA
"1968-12-18",2360,FALSE,NA,NA,"<= day","daily",NA,NA,NA
"1968-12-19",13500,FALSE,NA,NA,"<= day","daily",NA,NA,NA
"1968-12-20",24500,FALSE,NA,NA,"<= day","daily",NA,NA,NA
"1968-12-21",15400,FALSE,NA,NA,"<= day","daily",NA,NA,NA
"1968-12-22",8350,FALSE,NA,NA,"<= day","daily",NA,NA,NA
"1968-12-23",6190,FALSE,NA,NA,"<= day","daily",NA,NA,NA
"1968-12-24",5250,FALSE,NA,NA,"<= day","daily",NA,NA,NA
"1968-12-25",5020,FALSE,NA,NA,"<= day","daily",NA,NA,NA
"1968-12-26",4670,FALSE,NA,NA,"<= day","daily",NA,NA,NA
"1968-12-27",4670,FALSE,NA,NA,"<= day","daily",NA,NA,NA
"1968-12-28",4440,FALSE,NA,NA,"<= day","daily",NA,NA,NA
"1968-12-29",4100,FALSE,NA,NA,"<= day","daily",NA,NA,NA
"1968-12-30",3860,FALSE,NA,NA,"<= day","daily",NA,NA,NA
"1968-12-31",3620,FALSE,NA,NA,"<= day","daily",NA,NA,NA
"1969-01-01",3010,FALSE,NA,NA,"<= day","daily",NA,NA,NA
"1969-01-02",2920,FALSE,NA,NA,"<= day","daily",NA,NA,NA
"1969-01-03",2750,FALSE,NA,NA,"<= day","daily",NA,NA,NA
"1969-01-04",2750,FALSE,NA,NA,"<= day","daily",NA,NA,NA
"1969-01-05",2750,FALSE,NA,NA,"<= day","daily",NA,NA,NA
"1969-01-06",2570,FALSE,NA,NA,"<= day","daily",NA,NA,NA
"1969-01-07",2260,FALSE,NA,NA,"<= day","daily",NA,NA,NA
"1969-01-08",2260,FALSE,NA,NA,"<= day","daily",NA,NA,NA
"1969-01-09",2260,FALSE,NA,NA,"<= day","daily",NA,NA,NA
"1969-01-10",2110,FALSE,NA,NA,"<= day","daily",NA,NA,NA
"1969-01-11",2030,FALSE,NA,NA,"<= day","daily",NA,NA,NA
"1969-01-12",1950,FALSE,NA,NA,"<= day","daily",NA,NA,NA
"1969-01-13",1950,FALSE,NA,NA,"<= day","daily",NA,NA,NA
"1969-01-14",1950,FALSE,NA,NA,"<= day","daily",NA,NA,NA
"1969-01-15",2110,FALSE,NA,NA,"<= day","daily",NA,NA,NA
"1969-01-16",4500,FALSE,NA,NA,"<= day","daily",NA,NA,NA
"1969-01-17",4750,FALSE,NA,NA,"<= day","daily",NA,NA,NA
"1969-01-18",5520,FALSE,NA,NA,"<= day","daily",NA,NA,NA
"1969-01-19",5260,FALSE,NA,NA,"<= day","daily",NA,NA,NA
"1969-01-20",4630,FALSE,NA,NA,"<= day","daily",NA,NA,NA
"1969-01-21",4630,FALSE,NA,NA,"<= day","daily",NA,NA,NA
"1969-01-22",4500,FALSE,NA,NA,"<= day","daily",NA,NA,NA
"1969-01-23",4290,FALSE,NA,NA,"<= day","daily",NA,NA,NA
"1969-01-24",4080,FALSE,NA,NA,"<= day","daily",NA,NA,NA
"1969-01-25",3870,FALSE,NA,NA,"<= day","daily",NA,NA,NA
"1969-01-26",3770,FALSE,NA,NA,"<= day","daily",NA,NA,NA
"1969-01-27",3660,FALSE,NA,NA,"<= day","daily",NA,NA,NA
"1969-01-28",3660,FALSE,NA,NA,"<= day","daily",NA,NA,NA
"1969-01-29",3660,FALSE,NA,NA,"<= day","daily",NA,NA,NA
"1969-01-30",6870,FALSE,NA,NA,"<= day","daily",NA,NA,NA
"1969-01-31",10300,FALSE,NA,NA,"<= day","daily",NA,NA,NA
"1969-02-01",7740,FALSE,NA,NA,"<= day","daily",NA,NA,NA
"1969-02-02",6730,FALSE,NA,NA,"<= day","daily",NA,NA,NA
"1969-02-03",7140,FALSE,NA,NA,"<= day","daily",NA,NA,NA
"1969-02-04",25000,FALSE,NA,NA,"<= day","daily",NA,NA,NA
"1969-02-05",22100,FALSE,NA,NA,"<= day","daily",NA,NA,NA
"1969-02-06",15500,FALSE,NA,NA,"<= day","daily",NA,NA,NA
"1969-02-07",8960,FALSE,NA,NA,"<= day","daily",NA,NA,NA
"1969-02-08",6590,FALSE,NA,NA,"<= day","daily",NA,NA,NA
"1969-02-09",6040,FALSE,NA,NA,"<= day","daily",NA,NA,NA
"1969-02-10",5260,FALSE,NA,NA,"<= day","daily",NA,NA,NA
"1969-02-11",4880,FALSE,NA,NA,"<= day","daily",NA,NA,NA
"1969-02-12",4750,FALSE,NA,NA,"<= day","daily",NA,NA,NA
"1969-02-13",4630,FALSE,NA,NA,"<= day","daily",NA,NA,NA
"1969-02-14",4400,FALSE,NA,NA,"<= day","daily",NA,NA,NA
"1969-02-15",4400,FALSE,NA,NA,"<= day","daily",NA,NA,NA
"1969-02-16",4400,FALSE,NA,NA,"<= day","daily",NA,NA,NA
"1969-02-17",4750,FALSE,NA,NA,"<= day","daily",NA,NA,NA
"1969-02-18",4500,FALSE,NA,NA,"<= day","daily",NA,NA,NA
"1969-02-19",4400,FALSE,NA,NA,"<= day","daily",NA,NA,NA
"1969-02-20",3980,FALSE,NA,NA,"<= day","daily",NA,NA,NA
"1969-02-21",6460,FALSE,NA,NA,"<= day","daily",NA,NA,NA
"1969-02-22",15700,FALSE,NA,NA,"<= day","daily",NA,NA,NA
"1969-02-23",15700,FALSE,NA,NA,"<= day","daily",NA,NA,NA
"1969-02-24",15500,FALSE,NA,NA,"<= day","daily",NA,NA,NA
"1969-02-25",18700,FALSE,NA,NA,"<= day","daily",NA,NA,NA
"1969-02-26",18700,FALSE,NA,NA,"<= day","daily",NA,NA,NA
"1969-02-27",16800,FALSE,NA,NA,"<= day","daily",NA,NA,NA
"1969-02-28",15100,FALSE,NA,NA,"<= day","daily",NA,NA,NA
"1969-03-01",11900,FALSE,NA,NA,"<= day","daily",NA,NA,NA
"1969-03-02",11300,FALSE,NA,NA,"<= day","daily",NA,NA,NA
"1969-03-03",9970,FALSE,NA,NA,"<= day","daily",NA,NA,NA
"1969-03-04",9470,FALSE,NA,NA,"<= day","daily",NA,NA,NA
"1969-03-05",9630,FALSE,NA,NA,"<= day","daily",NA,NA,NA
"1969-03-06",7440,FALSE,NA,NA,"<= day","daily",NA,NA,NA
"1969-03-07",7440,FALSE,NA,NA,"<= day","daily",NA,NA,NA
"1969-03-08",6590,FALSE,NA,NA,"<= day","daily",NA,NA,NA
"1969-03-09",6460,FALSE,NA,NA,"<= day","daily",NA,NA,NA
"1969-03-10",6730,FALSE,NA,NA,"<= day","daily",NA,NA,NA
"1969-03-11",7590,FALSE,NA,NA,"<= day","daily",NA,NA,NA
"1969-03-12",8180,FALSE,NA,NA,"<= day","daily",NA,NA,NA
"1969-03-13",12700,FALSE,NA,NA,"<= day","daily",NA,NA,NA
"1969-03-14",26300,FALSE,NA,NA,"<= day","daily",NA,NA,NA
"1969-03-15",29400,FALSE,NA,NA,"<= day","daily",NA,NA,NA
"1969-03-16",27900,FALSE,NA,NA,"<= day","daily",NA,NA,NA
"1969-03-17",22500,FALSE,NA,NA,"<= day","daily",NA,NA,NA
"1969-03-18",16400,FALSE,NA,NA,"<= day","daily",NA,NA,NA
"1969-03-19",27900,FALSE,NA,NA,"<= day","daily",NA,NA,NA
"1969-03-20",13600,FALSE,NA,NA,"<= day","daily",NA,NA,NA
"1969-03-21",12700,FALSE,NA,NA,"<= day","daily",NA,NA,NA
"1969-03-22",7140,FALSE,NA,NA,"<= day","daily",NA,NA,NA
"1969-03-23",5770,FALSE,NA,NA,"<= day","daily",NA,NA,NA
"1969-03-24",5260,FALSE,NA,NA,"<= day","daily",NA,NA,NA
"1969-03-25",6180,FALSE,NA,NA,"<= day","daily",NA,NA,NA
"1969-03-26",7140,FALSE,NA,NA,"<= day","daily",NA,NA,NA
"1969-03-27",9300,FALSE,NA,NA,"<= day","daily",NA,NA,NA
"1969-03-28",9970,FALSE,NA,NA,"<= day","daily",NA,NA,NA
"1969-03-29",9630,FALSE,NA,NA,"<= day","daily",NA,NA,NA
"1969-03-30",7890,FALSE,NA,NA,"<= day","daily",NA,NA,NA
"1969-03-31",6590,FALSE,NA,NA,"<= day","daily",NA,NA,NA
"1969-04-01",6040,FALSE,NA,NA,"<= day","daily",NA,NA,NA
"1969-04-02",6460,FALSE,NA,NA,"<= day","daily",NA,NA,NA
"1969-04-03",7290,FALSE,NA,NA,"<= day","daily",NA,NA,NA
"1969-04-04",8330,FALSE,NA,NA,"<= day","daily",NA,NA,NA
"1969-04-05",7890,FALSE,NA,NA,"<= day","daily",NA,NA,NA
"1969-04-06",11300,FALSE,NA,NA,"<= day","daily",NA,NA,NA
"1969-04-07",10900,FALSE,NA,NA,"<= day","daily",NA,NA,NA
"1969-04-08",9300,FALSE,NA,NA,"<= day","daily",NA,NA,NA
"1969-04-09",8030,FALSE,NA,NA,"<= day","daily",NA,NA,NA
"1969-04-10",6590,FALSE,NA,NA,"<= day","daily",NA,NA,NA
"1969-04-11",5640,FALSE,NA,NA,"<= day","daily",NA,NA,NA
"1969-04-12",5260,FALSE,NA,NA,"<= day","daily",NA,NA,NA
"1969-04-13",5140,FALSE,NA,NA,"<= day","daily",NA,NA,NA
"1969-04-14",5140,FALSE,NA,NA,"<= day","daily",NA,NA,NA
"1969-04-15",6460,FALSE,NA,NA,"<= day","daily",NA,NA,NA
"1969-04-16",9630,FALSE,NA,NA,"<= day","daily",NA,NA,NA
"1969-04-17",11900,FALSE,NA,NA,"<= day","daily",NA,NA,NA
"1969-04-18",11900,FALSE,NA,NA,"<= day","daily",NA,NA,NA
"1969-04-19",9470,FALSE,NA,NA,"<= day","daily",NA,NA,NA
"1969-04-20",7000,FALSE,NA,NA,"<= day","daily",NA,NA,NA
"1969-04-21",5910,FALSE,NA,NA,"<= day","daily",NA,NA,NA
"1969-04-22",5390,FALSE,NA,NA,"<= day","daily",NA,NA,NA
"1969-04-23",5390,FALSE,NA,NA,"<= day","daily",NA,NA,NA
"1969-04-24",5640,FALSE,NA,NA,"<= day","daily",NA,NA,NA
"1969-04-25",5260,FALSE,NA,NA,"<= day","daily",NA,NA,NA
"1969-04-26",4880,FALSE,NA,NA,"<= day","daily",NA,NA,NA
"1969-04-27",4750,FALSE,NA,NA,"<= day","daily",NA,NA,NA
"1969-04-28",4750,FALSE,NA,NA,"<= day","daily",NA,NA,NA
"1969-04-29",4630,FALSE,NA,NA,"<= day","daily",NA,NA,NA
"1969-04-30",4500,FALSE,NA,NA,"<= day","daily",NA,NA,NA
"1969-05-01",4400,FALSE,NA,NA,"<= day","daily",NA,NA,NA
"1969-05-02",4290,FALSE,NA,NA,"<= day","daily",NA,NA,NA
"1969-05-03",4080,FALSE,NA,NA,"<= day","daily",NA,NA,NA
"1969-05-04",3870,FALSE,NA,NA,"<= day","daily",NA,NA,NA
"1969-05-05",3560,FALSE,NA,NA,"<= day","daily",NA,NA,NA
"1969-05-06",3450,FALSE,NA,NA,"<= day","daily",NA,NA,NA
"1969-05-07",3270,FALSE,NA,NA,"<= day","daily",NA,NA,NA
"1969-05-08",3450,FALSE,NA,NA,"<= day","daily",NA,NA,NA
"1969-05-09",3980,FALSE,NA,NA,"<= day","daily",NA,NA,NA
"1969-05-10",4080,FALSE,NA,NA,"<= day","daily",NA,NA,NA
"1969-05-11",4080,FALSE,NA,NA,"<= day","daily",NA,NA,NA
"1969-05-12",3980,FALSE,NA,NA,"<= day","daily",NA,NA,NA
"1969-05-13",3450,FALSE,NA,NA,"<= day","daily",NA,NA,NA
"1969-05-14",2920,FALSE,NA,NA,"<= day","daily",NA,NA,NA
"1969-05-15",2920,FALSE,NA,NA,"<= day","daily",NA,NA,NA
"1969-05-16",2830,FALSE,NA,NA,"<= day","daily",NA,NA,NA
"1969-05-17",2750,FALSE,NA,NA,"<= day","daily",NA,NA,NA
"1969-05-18",2750,FALSE,NA,NA,"<= day","daily",NA,NA,NA
"1969-05-19",2570,FALSE,NA,NA,"<= day","daily",NA,NA,NA
"1969-05-20",9470,FALSE,NA,NA,"<= day","daily",NA,NA,NA
"1969-05-21",24200,FALSE,NA,NA,"<= day","daily",NA,NA,NA
"1969-05-22",19700,FALSE,NA,NA,"<= day","daily",NA,NA,NA
"1969-05-23",15100,FALSE,NA,NA,"<= day","daily",NA,NA,NA
"1969-05-24",7140,FALSE,NA,NA,"<= day","daily",NA,NA,NA
"1969-05-25",5140,FALSE,NA,NA,"<= day","daily",NA,NA,NA
"1969-05-26",4500,FALSE,NA,NA,"<= day","daily",NA,NA,NA
"1969-05-27",4290,FALSE,NA,NA,"<= day","daily",NA,NA,NA
"1969-05-28",4080,FALSE,NA,NA,"<= day","daily",NA,NA,NA
"1969-05-29",3870,FALSE,NA,NA,"<= day","daily",NA,NA,NA
"1969-05-30",3450,FALSE,NA,NA,"<= day","daily",NA,NA,NA
"1969-05-31",3270,FALSE,NA,NA,"<= day","daily",NA,NA,NA
"1969-06-01",3190,FALSE,NA,NA,"<= day","daily",NA,NA,NA
"1969-06-02",3010,FALSE,NA,NA,"<= day","daily",NA,NA,NA
"1969-06-03",3360,FALSE,NA,NA,"<= day","daily",NA,NA,NA
"1969-06-04",2920,FALSE,NA,NA,"<= day","daily",NA,NA,NA
"1969-06-05",3010,FALSE,NA,NA,"<= day","daily",NA,NA,NA
"1969-06-06",10100,FALSE,NA,NA,"<= day","daily",NA,NA,NA
"1969-06-07",18200,FALSE,NA,NA,"<= day","daily",NA,NA,NA
"1969-06-08",27900,FALSE,NA,NA,"<= day","daily",NA,NA,NA
"1969-06-09",23900,FALSE,NA,NA,"<= day","daily",NA,NA,NA
"1969-06-10",13400,FALSE,NA,NA,"<= day","daily",NA,NA,NA
"1969-06-11",10100,FALSE,NA,NA,"<= day","daily",NA,NA,NA
"1969-06-12",5640,FALSE,NA,NA,"<= day","daily",NA,NA,NA
"1969-06-13",5140,FALSE,NA,NA,"<= day","daily",NA,NA,NA
"1969-06-14",4750,FALSE,NA,NA,"<= day","daily",NA,NA,NA
"1969-06-15",4500,FALSE,NA,NA,"<= day","daily",NA,NA,NA
"1969-06-16",4290,FALSE,NA,NA,"<= day","daily",NA,NA,NA
"1969-06-17",4080,FALSE,NA,NA,"<= day","daily",NA,NA,NA
"1969-06-18",3980,FALSE,NA,NA,"<= day","daily",NA,NA,NA
"1969-06-19",3660,FALSE,NA,NA,"<= day","daily",NA,NA,NA
"1969-06-20",3660,FALSE,NA,NA,"<= day","daily",NA,NA,NA
"1969-06-21",3450,FALSE,NA,NA,"<= day","daily",NA,NA,NA
"1969-06-22",3270,FALSE,NA,NA,"<= day","daily",NA,NA,NA
"1969-06-23",2920,FALSE,NA,NA,"<= day","daily",NA,NA,NA
"1969-06-24",2830,FALSE,NA,NA,"<= day","daily",NA,NA,NA
"1969-06-25",2750,FALSE,NA,NA,"<= day","daily",NA,NA,NA
"1969-06-26",2570,FALSE,NA,NA,"<= day","daily",NA,NA,NA
"1969-06-27",2570,FALSE,NA,NA,"<= day","daily",NA,NA,NA
"1969-06-28",2420,FALSE,NA,NA,"<= day","daily",NA,NA,NA
"1969-06-29",2340,FALSE,NA,NA,"<= day","daily",NA,NA,NA
"1969-06-30",2260,FALSE,NA,NA,"<= day","daily",NA,NA,NA
"1969-07-01",2190,FALSE,NA,NA,"<= day","daily",NA,NA,NA
"1969-07-02",2190,FALSE,NA,NA,"<= day","daily",NA,NA,NA
"1969-07-03",2030,FALSE,NA,NA,"<= day","daily",NA,NA,NA
"1969-07-04",1950,FALSE,NA,NA,"<= day","daily",NA,NA,NA
"1969-07-05",1950,FALSE,NA,NA,"<= day","daily",NA,NA,NA
"1969-07-06",1880,FALSE,NA,NA,"<= day","daily",NA,NA,NA
"1969-07-07",2750,FALSE,NA,NA,"<= day","daily",NA,NA,NA
"1969-07-08",2190,FALSE,NA,NA,"<= day","daily",NA,NA,NA
"1969-07-09",5520,FALSE,NA,NA,"<= day","daily",NA,NA,NA
"1969-07-10",7140,FALSE,NA,NA,"<= day","daily",NA,NA,NA
"1969-07-11",17100,FALSE,NA,NA,"<= day","daily",NA,NA,NA
"1969-07-12",11900,FALSE,NA,NA,"<= day","daily",NA,NA,NA
"1969-07-13",5640,FALSE,NA,NA,"<= day","daily",NA,NA,NA
"1969-07-14",4500,FALSE,NA,NA,"<= day","daily",NA,NA,NA
"1969-07-15",4400,FALSE,NA,NA,"<= day","daily",NA,NA,NA
"1969-07-16",3980,FALSE,NA,NA,"<= day","daily",NA,NA,NA
"1969-07-17",3560,FALSE,NA,NA,"<= day","daily",NA,NA,NA
"1969-07-18",3270,FALSE,NA,NA,"<= day","daily",NA,NA,NA
"1969-07-19",3360,FALSE,NA,NA,"<= day","daily",NA,NA,NA
"1969-07-20",3450,FALSE,NA,NA,"<= day","daily",NA,NA,NA
"1969-07-21",2920,FALSE,NA,NA,"<= day","daily",NA,NA,NA
"1969-07-22",2660,FALSE,NA,NA,"<= day","daily",NA,NA,NA
"1969-07-23",2490,FALSE,NA,NA,"<= day","daily",NA,NA,NA
"1969-07-24",2340,FALSE,NA,NA,"<= day","daily",NA,NA,NA
"1969-07-25",2260,FALSE,NA,NA,"<= day","daily",NA,NA,NA
"1969-07-26",2110,FALSE,NA,NA,"<= day","daily",NA,NA,NA
"1969-07-27",1950,FALSE,NA,NA,"<= day","daily",NA,NA,NA
"1969-07-28",1880,FALSE,NA,NA,"<= day","daily",NA,NA,NA
"1969-07-29",1880,FALSE,NA,NA,"<= day","daily",NA,NA,NA
"1969-07-30",1880,FALSE,NA,NA,"<= day","daily",NA,NA,NA
"1969-07-31",1880,FALSE,NA,NA,"<= day","daily",NA,NA,NA
"1969-08-01",11300,FALSE,NA,NA,"<= day","daily",NA,NA,NA
"1969-08-02",5640,FALSE,NA,NA,"<= day","daily",NA,NA,NA
"1969-08-03",5010,FALSE,NA,NA,"<= day","daily",NA,NA,NA
"1969-08-04",4500,FALSE,NA,NA,"<= day","daily",NA,NA,NA
"1969-08-05",3560,FALSE,NA,NA,"<= day","daily",NA,NA,NA
"1969-08-06",3360,FALSE,NA,NA,"<= day","daily",NA,NA,NA
"1969-08-07",3270,FALSE,NA,NA,"<= day","daily",NA,NA,NA
"1969-08-08",3190,FALSE,NA,NA,"<= day","daily",NA,NA,NA
"1969-08-09",2830,FALSE,NA,NA,"<= day","daily",NA,NA,NA
"1969-08-10",3100,FALSE,NA,NA,"<= day","daily",NA,NA,NA
"1969-08-11",3360,FALSE,NA,NA,"<= day","daily",NA,NA,NA
"1969-08-12",3100,FALSE,NA,NA,"<= day","daily",NA,NA,NA
"1969-08-13",2750,FALSE,NA,NA,"<= day","daily",NA,NA,NA
"1969-08-14",2570,FALSE,NA,NA,"<= day","daily",NA,NA,NA
"1969-08-15",2570,FALSE,NA,NA,"<= day","daily",NA,NA,NA
"1969-08-16",2490,FALSE,NA,NA,"<= day","daily",NA,NA,NA
"1969-08-17",5770,FALSE,NA,NA,"<= day","daily",NA,NA,NA
"1969-08-18",5640,FALSE,NA,NA,"<= day","daily",NA,NA,NA
"1969-08-19",4080,FALSE,NA,NA,"<= day","daily",NA,NA,NA
"1969-08-20",3770,FALSE,NA,NA,"<= day","daily",NA,NA,NA
"1969-08-21",3560,FALSE,NA,NA,"<= day","daily",NA,NA,NA
"1969-08-22",3270,FALSE,NA,NA,"<= day","daily",NA,NA,NA
"1969-08-23",17500,FALSE,NA,NA,"<= day","daily",NA,NA,NA
"1969-08-24",28800,FALSE,NA,NA,"<= day","daily",NA,NA,NA
"1969-08-25",28800,FALSE,NA,NA,"<= day","daily",NA,NA,NA
"1969-08-26",34200,FALSE,NA,NA,"<= day","daily",NA,NA,NA
"1969-08-27",34200,FALSE,NA,NA,"<= day","daily",NA,NA,NA
"1969-08-28",32000,FALSE,NA,NA,"<= day","daily",NA,NA,NA
"1969-08-29",20500,FALSE,NA,NA,"<= day","daily",NA,NA,NA
"1969-08-30",14000,FALSE,NA,NA,"<= day","daily",NA,NA,NA
"1969-08-31",13400,FALSE,NA,NA,"<= day","daily",NA,NA,NA
"1969-09-01",5910,FALSE,NA,NA,"<= day","daily",NA,NA,NA
"1969-09-02",5010,FALSE,NA,NA,"<= day","daily",NA,NA,NA
"1969-09-03",4500,FALSE,NA,NA,"<= day","daily",NA,NA,NA
"1969-09-04",4190,FALSE,NA,NA,"<= day","daily",NA,NA,NA
"1969-09-05",4630,FALSE,NA,NA,"<= day","daily",NA,NA,NA
"1969-09-06",4290,FALSE,NA,NA,"<= day","daily",NA,NA,NA
"1969-09-07",5010,FALSE,NA,NA,"<= day","daily",NA,NA,NA
"1969-09-08",4500,FALSE,NA,NA,"<= day","daily",NA,NA,NA
"1969-09-09",4080,FALSE,NA,NA,"<= day","daily",NA,NA,NA
"1969-09-10",3560,FALSE,NA,NA,"<= day","daily",NA,NA,NA
"1969-09-11",3450,FALSE,NA,NA,"<= day","daily",NA,NA,NA
"1969-09-12",3450,FALSE,NA,NA,"<= day","daily",NA,NA,NA
"1969-09-13",3270,FALSE,NA,NA,"<= day","daily",NA,NA,NA
"1969-09-14",3190,FALSE,NA,NA,"<= day","daily",NA,NA,NA
"1969-09-15",4500,FALSE,NA,NA,"<= day","daily",NA,NA,NA
"1969-09-16",18200,FALSE,NA,NA,"<= day","daily",NA,NA,NA
"1969-09-17",23500,FALSE,NA,NA,"<= day","daily",NA,NA,NA
"1969-09-18",14600,FALSE,NA,NA,"<= day","daily",NA,NA,NA
"1969-09-19",7740,FALSE,NA,NA,"<= day","daily",NA,NA,NA
"1969-09-20",5140,FALSE,NA,NA,"<= day","daily",NA,NA,NA
"1969-09-21",5010,FALSE,NA,NA,"<= day","daily",NA,NA,NA
"1969-09-22",4880,FALSE,NA,NA,"<= day","daily",NA,NA,NA
"1969-09-23",4500,FALSE,NA,NA,"<= day","daily",NA,NA,NA
"1969-09-24",4290,FALSE,NA,NA,"<= day","daily",NA,NA,NA
"1969-09-25",3980,FALSE,NA,NA,"<= day","daily",NA,NA,NA
"1969-09-26",3770,FALSE,NA,NA,"<= day","daily",NA,NA,NA
"1969-09-27",3560,FALSE,NA,NA,"<= day","daily",NA,NA,NA
"1969-09-28",3360,FALSE,NA,NA,"<= day","daily",NA,NA,NA
"1969-09-29",3270,FALSE,NA,NA,"<= day","daily",NA,NA,NA
"1969-09-30",3270,FALSE,NA,NA,"<= day","daily",NA,NA,NA
"1969-10-01",3270,FALSE,NA,NA,"<= day","daily",NA,NA,NA
"1969-10-02",3190,FALSE,NA,NA,"<= day","daily",NA,NA,NA
"1969-10-03",3100,FALSE,NA,NA,"<= day","daily",NA,NA,NA
"1969-10-04",2920,FALSE,NA,NA,"<= day","daily",NA,NA,NA
"1969-10-05",2750,FALSE,NA,NA,"<= day","daily",NA,NA,NA
"1969-10-06",2570,FALSE,NA,NA,"<= day","daily",NA,NA,NA
"1969-10-07",2420,FALSE,NA,NA,"<= day","daily",NA,NA,NA
"1969-10-08",2420,FALSE,NA,NA,"<= day","daily",NA,NA,NA
"1969-10-09",2260,FALSE,NA,NA,"<= day","daily",NA,NA,NA
"1969-10-10",2260,FALSE,NA,NA,"<= day","daily",NA,NA,NA
"1969-10-11",2190,FALSE,NA,NA,"<= day","daily",NA,NA,NA
"1969-10-12",2110,FALSE,NA,NA,"<= day","daily",NA,NA,NA
"1969-10-13",2110,FALSE,NA,NA,"<= day","daily",NA,NA,NA
"1969-10-14",2030,FALSE,NA,NA,"<= day","daily",NA,NA,NA
"1969-10-15",2030,FALSE,NA,NA,"<= day","daily",NA,NA,NA
"1969-10-16",1950,FALSE,NA,NA,"<= day","daily",NA,NA,NA
"1969-10-17",1950,FALSE,NA,NA,"<= day","daily",NA,NA,NA
"1969-10-18",1880,FALSE,NA,NA,"<= day","daily",NA,NA,NA
"1969-10-19",1880,FALSE,NA,NA,"<= day","daily",NA,NA,NA
"1969-10-20",1880,FALSE,NA,NA,"<= day","daily",NA,NA,NA
"1969-10-21",1800,FALSE,NA,NA,"<= day","daily",NA,NA,NA
"1969-10-22",1800,FALSE,NA,NA,"<= day","daily",NA,NA,NA
"1969-10-23",1740,FALSE,NA,NA,"<= day","daily",NA,NA,NA
"1969-10-24",1740,FALSE,NA,NA,"<= day","daily",NA,NA,NA
"1969-10-25",1740,FALSE,NA,NA,"<= day","daily",NA,NA,NA
"1969-10-26",1740,FALSE,NA,NA,"<= day","daily",NA,NA,NA
"1969-10-27",1800,FALSE,NA,NA,"<= day","daily",NA,NA,NA
"1969-10-28",1800,FALSE,NA,NA,"<= day","daily",NA,NA,NA
"1969-10-29",1740,FALSE,NA,NA,"<= day","daily",NA,NA,NA
"1969-10-30",1740,FALSE,NA,NA,"<= day","daily",NA,NA,NA
"1969-10-31",1740,FALSE,NA,NA,"<= day","daily",NA,NA,NA
"1969-11-01",1680,FALSE,NA,NA,"<= day","daily",NA,NA,NA
"1969-11-02",1680,FALSE,NA,NA,"<= day","daily",NA,NA,NA
"1969-11-03",1680,FALSE,NA,NA,"<= day","daily",NA,NA,NA
"1969-11-04",1680,FALSE,NA,NA,"<= day","daily",NA,NA,NA
"1969-11-05",1680,FALSE,NA,NA,"<= day","daily",NA,NA,NA
"1969-11-06",1680,FALSE,NA,NA,"<= day","daily",NA,NA,NA
"1969-11-07",1680,FALSE,NA,NA,"<= day","daily",NA,NA,NA
"1969-11-08",1680,FALSE,NA,NA,"<= day","daily",NA,NA,NA
"1969-11-09",2190,FALSE,NA,NA,"<= day","daily",NA,NA,NA
"1969-11-10",2340,FALSE,NA,NA,"<= day","daily",NA,NA,NA
"1969-11-11",2420,FALSE,NA,NA,"<= day","daily",NA,NA,NA
"1969-11-12",2490,FALSE,NA,NA,"<= day","daily",NA,NA,NA
"1969-11-13",2490,FALSE,NA,NA,"<= day","daily",NA,NA,NA
"1969-11-14",2490,FALSE,NA,NA,"<= day","daily",NA,NA,NA
"1969-11-15",13400,FALSE,NA,NA,"<= day","daily",NA,NA,NA
"1969-11-16",17300,FALSE,NA,NA,"<= day","daily",NA,NA,NA
"1969-11-17",11900,FALSE,NA,NA,"<= day","daily",NA,NA,NA
"1969-11-18",6590,FALSE,NA,NA,"<= day","daily",NA,NA,NA
"1969-11-19",17300,FALSE,NA,NA,"<= day","daily",NA,NA,NA
"1969-11-20",13400,FALSE,NA,NA,"<= day","daily",NA,NA,NA
"1969-11-21",7290,FALSE,NA,NA,"<= day","daily",NA,NA,NA
"1969-11-22",5010,FALSE,NA,NA,"<= day","daily",NA,NA,NA
"1969-11-23",4500,FALSE,NA,NA,"<= day","daily",NA,NA,NA
"1969-11-24",4290,FALSE,NA,NA,"<= day","daily",NA,NA,NA
"1969-11-25",5260,FALSE,NA,NA,"<= day","daily",NA,NA,NA
"1969-11-26",14200,FALSE,NA,NA,"<= day","daily",NA,NA,NA
"1969-11-27",28800,FALSE,NA,NA,"<= day","daily",NA,NA,NA
"1969-11-28",28800,FALSE,NA,NA,"<= day","daily",NA,NA,NA
"1969-11-29",27100,FALSE,NA,NA,"<= day","daily",NA,NA,NA
"1969-11-30",26700,FALSE,NA,NA,"<= day","daily",NA,NA,NA
"1969-12-01",9300,FALSE,NA,NA,"<= day","daily",NA,NA,NA
"1969-12-02",7140,FALSE,NA,NA,"<= day","daily",NA,NA,NA
"1969-12-03",5770,FALSE,NA,NA,"<= day","daily",NA,NA,NA
"1969-12-04",5010,FALSE,NA,NA,"<= day","daily",NA,NA,NA
"1969-12-05",4750,FALSE,NA,NA,"<= day","daily",NA,NA,NA
"1969-12-06",4750,FALSE,NA,NA,"<= day","daily",NA,NA,NA
"1969-12-07",4500,FALSE,NA,NA,"<= day","daily",NA,NA,NA
"1969-12-08",4400,FALSE,NA,NA,"<= day","daily",NA,NA,NA
"1969-12-09",4400,FALSE,NA,NA,"<= day","daily",NA,NA,NA
"1969-12-10",4500,FALSE,NA,NA,"<= day","daily",NA,NA,NA
"1969-12-11",4290,FALSE,NA,NA,"<= day","daily",NA,NA,NA
"1969-12-12",4290,FALSE,NA,NA,"<= day","daily",NA,NA,NA
"1969-12-13",4290,FALSE,NA,NA,"<= day","daily",NA,NA,NA
"1969-12-14",4290,FALSE,NA,NA,"<= day","daily",NA,NA,NA
"1969-12-15",4290,FALSE,NA,NA,"<= day","daily",NA,NA,NA
"1969-12-16",4290,FALSE,NA,NA,"<= day","daily",NA,NA,NA
"1969-12-17",4290,FALSE,NA,NA,"<= day","daily",NA,NA,NA
"1969-12-18",4190,FALSE,NA,NA,"<= day","daily",NA,NA,NA
"1969-12-19",4400,FALSE,NA,NA,"<= day","daily",NA,NA,NA
"1969-12-20",7140,FALSE,NA,NA,"<= day","daily",NA,NA,NA
"1969-12-21",6040,FALSE,NA,NA,"<= day","daily",NA,NA,NA
"1969-12-22",5390,FALSE,NA,NA,"<= day","daily",NA,NA,NA
"1969-12-23",4880,FALSE,NA,NA,"<= day","daily",NA,NA,NA
"1969-12-24",4500,FALSE,NA,NA,"<= day","daily",NA,NA,NA
"1969-12-25",4400,FALSE,NA,NA,"<= day","daily",NA,NA,NA
"1969-12-26",4290,FALSE,NA,NA,"<= day","daily",NA,NA,NA
"1969-12-27",4190,FALSE,NA,NA,"<= day","daily",NA,NA,NA
"1969-12-28",4190,FALSE,NA,NA,"<= day","daily",NA,NA,NA
"1969-12-29",4080,FALSE,NA,NA,"<= day","daily",NA,NA,NA
"1969-12-30",3980,FALSE,NA,NA,"<= day","daily",NA,NA,NA
"1969-12-31",3870,FALSE,NA,NA,"<= day","daily",NA,NA,NA
"1970-01-01",4590,FALSE,NA,NA,"<= day","daily",NA,NA,NA
"1970-01-02",4470,FALSE,NA,NA,"<= day","daily",NA,NA,NA
"1970-01-03",4360,FALSE,NA,NA,"<= day","daily",NA,NA,NA
"1970-01-04",4030,FALSE,NA,NA,"<= day","daily",NA,NA,NA
"1970-01-05",4140,FALSE,NA,NA,"<= day","daily",NA,NA,NA
"1970-01-06",13800,FALSE,NA,NA,"<= day","daily",NA,NA,NA
"1970-01-07",26900,FALSE,NA,NA,"<= day","daily",NA,NA,NA
"1970-01-08",22200,FALSE,NA,NA,"<= day","daily",NA,NA,NA
"1970-01-09",17800,FALSE,NA,NA,"<= day","daily",NA,NA,NA
"1970-01-10",10500,FALSE,NA,NA,"<= day","daily",NA,NA,NA
"1970-01-11",7480,FALSE,NA,NA,"<= day","daily",NA,NA,NA
"1970-01-12",6950,FALSE,NA,NA,"<= day","daily",NA,NA,NA
"1970-01-13",8420,FALSE,NA,NA,"<= day","daily",NA,NA,NA
"1970-01-14",9790,FALSE,NA,NA,"<= day","daily",NA,NA,NA
"1970-01-15",10700,FALSE,NA,NA,"<= day","daily",NA,NA,NA
"1970-01-16",13300,FALSE,NA,NA,"<= day","daily",NA,NA,NA
"1970-01-17",16200,FALSE,NA,NA,"<= day","daily",NA,NA,NA
"1970-01-18",14300,FALSE,NA,NA,"<= day","daily",NA,NA,NA
"1970-01-19",11000,FALSE,NA,NA,"<= day","daily",NA,NA,NA
"1970-01-20",8290,FALSE,NA,NA,"<= day","daily",NA,NA,NA
"1970-01-21",6470,FALSE,NA,NA,"<= day","daily",NA,NA,NA
"1970-01-22",5930,FALSE,NA,NA,"<= day","daily",NA,NA,NA
"1970-01-23",5390,FALSE,NA,NA,"<= day","daily",NA,NA,NA
"1970-01-24",5160,FALSE,NA,NA,"<= day","daily",NA,NA,NA
"1970-01-25",4920,FALSE,NA,NA,"<= day","daily",NA,NA,NA
"1970-01-26",4800,FALSE,NA,NA,"<= day","daily",NA,NA,NA
"1970-01-27",4690,FALSE,NA,NA,"<= day","daily",NA,NA,NA
"1970-01-28",4690,FALSE,NA,NA,"<= day","daily",NA,NA,NA
"1970-01-29",4800,FALSE,NA,NA,"<= day","daily",NA,NA,NA
"1970-01-30",4920,FALSE,NA,NA,"<= day","daily",NA,NA,NA
"1970-01-31",4920,FALSE,NA,NA,"<= day","daily",NA,NA,NA
"1970-02-01",4800,FALSE,NA,NA,"<= day","daily",NA,NA,NA
"1970-02-02",4690,FALSE,NA,NA,"<= day","daily",NA,NA,NA
"1970-02-03",4570,FALSE,NA,NA,"<= day","daily",NA,NA,NA
"1970-02-04",4450,FALSE,NA,NA,"<= day","daily",NA,NA,NA
"1970-02-05",4340,FALSE,NA,NA,"<= day","daily",NA,NA,NA
"1970-02-06",4970,FALSE,NA,NA,"<= day","daily",NA,NA,NA
"1970-02-07",7500,FALSE,NA,NA,"<= day","daily",NA,NA,NA
"1970-02-08",5990,FALSE,NA,NA,"<= day","daily",NA,NA,NA
"1970-02-09",5320,FALSE,NA,NA,"<= day","daily",NA,NA,NA
"1970-02-10",5200,FALSE,NA,NA,"<= day","daily",NA,NA,NA
"1970-02-11",5850,FALSE,NA,NA,"<= day","daily",NA,NA,NA
"1970-02-12",5570,FALSE,NA,NA,"<= day","daily",NA,NA,NA
"1970-02-13",5720,FALSE,NA,NA,"<= day","daily",NA,NA,NA
"1970-02-14",5570,FALSE,NA,NA,"<= day","daily",NA,NA,NA
"1970-02-15",5720,FALSE,NA,NA,"<= day","daily",NA,NA,NA
"1970-02-16",5720,FALSE,NA,NA,"<= day","daily",NA,NA,NA
"1970-02-17",5440,FALSE,NA,NA,"<= day","daily",NA,NA,NA
"1970-02-18",5080,FALSE,NA,NA,"<= day","daily",NA,NA,NA
"1970-02-19",5320,FALSE,NA,NA,"<= day","daily",NA,NA,NA
"1970-02-20",5320,FALSE,NA,NA,"<= day","daily",NA,NA,NA
"1970-02-21",4740,FALSE,NA,NA,"<= day","daily",NA,NA,NA
"1970-02-22",4740,FALSE,NA,NA,"<= day","daily",NA,NA,NA
"1970-02-23",4780,FALSE,NA,NA,"<= day","daily",NA,NA,NA
"1970-02-24",5260,FALSE,NA,NA,"<= day","daily",NA,NA,NA
"1970-02-25",6320,FALSE,NA,NA,"<= day","daily",NA,NA,NA
"1970-02-26",6600,FALSE,NA,NA,"<= day","daily",NA,NA,NA
"1970-02-27",6460,FALSE,NA,NA,"<= day","daily",NA,NA,NA
"1970-02-28",6190,FALSE,NA,NA,"<= day","daily",NA,NA,NA
"1970-03-01",5770,FALSE,NA,NA,"<= day","daily",NA,NA,NA
"1970-03-02",5260,FALSE,NA,NA,"<= day","daily",NA,NA,NA
"1970-03-03",5260,FALSE,NA,NA,"<= day","daily",NA,NA,NA
"1970-03-04",5260,FALSE,NA,NA,"<= day","daily",NA,NA,NA
"1970-03-05",5020,FALSE,NA,NA,"<= day","daily",NA,NA,NA
"1970-03-06",5020,FALSE,NA,NA,"<= day","daily",NA,NA,NA
"1970-03-07",4900,FALSE,NA,NA,"<= day","daily",NA,NA,NA
"1970-03-08",4780,FALSE,NA,NA,"<= day","daily",NA,NA,NA
"1970-03-09",4710,FALSE,NA,NA,"<= day","daily",NA,NA,NA
"1970-03-10",4710,FALSE,NA,NA,"<= day","daily",NA,NA,NA
"1970-03-11",4710,FALSE,NA,NA,"<= day","daily",NA,NA,NA
"1970-03-12",4830,FALSE,NA,NA,"<= day","daily",NA,NA,NA
"1970-03-13",4830,FALSE,NA,NA,"<= day","daily",NA,NA,NA
"1970-03-14",5070,FALSE,NA,NA,"<= day","daily",NA,NA,NA
"1970-03-15",5190,FALSE,NA,NA,"<= day","daily",NA,NA,NA
"1970-03-16",5430,FALSE,NA,NA,"<= day","daily",NA,NA,NA
"1970-03-17",6950,FALSE,NA,NA,"<= day","daily",NA,NA,NA
"1970-03-18",7230,FALSE,NA,NA,"<= day","daily",NA,NA,NA
"1970-03-19",8350,FALSE,NA,NA,"<= day","daily",NA,NA,NA
"1970-03-20",12400,FALSE,NA,NA,"<= day","daily",NA,NA,NA
"1970-03-21",12700,FALSE,NA,NA,"<= day","daily",NA,NA,NA
"1970-03-22",14200,FALSE,NA,NA,"<= day","daily",NA,NA,NA
"1970-03-23",18300,FALSE,NA,NA,"<= day","daily",NA,NA,NA
"1970-03-24",25800,FALSE,NA,NA,"<= day","daily",NA,NA,NA
"1970-03-25",28300,FALSE,NA,NA,"<= day","daily",NA,NA,NA
"1970-03-26",31200,FALSE,NA,NA,"<= day","daily",NA,NA,NA
"1970-03-27",31200,FALSE,NA,NA,"<= day","daily",NA,NA,NA
"1970-03-28",31200,FALSE,NA,NA,"<= day","daily",NA,NA,NA
"1970-03-29",31200,FALSE,NA,NA,"<= day","daily",NA,NA,NA
"1970-03-30",31200,FALSE,NA,NA,"<= day","daily",NA,NA,NA
"1970-03-31",30700,FALSE,NA,NA,"<= day","daily",NA,NA,NA
"1970-04-01",28700,FALSE,NA,NA,"<= day","daily",NA,NA,NA
"1970-04-02",21900,FALSE,NA,NA,"<= day","daily",NA,NA,NA
"1970-04-03",17500,FALSE,NA,NA,"<= day","daily",NA,NA,NA
"1970-04-04",16100,FALSE,NA,NA,"<= day","daily",NA,NA,NA
"1970-04-05",14400,FALSE,NA,NA,"<= day","daily",NA,NA,NA
"1970-04-06",12900,FALSE,NA,NA,"<= day","daily",NA,NA,NA
"1970-04-07",11100,FALSE,NA,NA,"<= day","daily",NA,NA,NA
"1970-04-08",12900,FALSE,NA,NA,"<= day","daily",NA,NA,NA
"1970-04-09",16300,FALSE,NA,NA,"<= day","daily",NA,NA,NA
"1970-04-10",29700,FALSE,NA,NA,"<= day","daily",NA,NA,NA
"1970-04-11",30200,FALSE,NA,NA,"<= day","daily",NA,NA,NA
"1970-04-12",29200,FALSE,NA,NA,"<= day","daily",NA,NA,NA
"1970-04-13",27900,FALSE,NA,NA,"<= day","daily",NA,NA,NA
"1970-04-14",20100,FALSE,NA,NA,"<= day","daily",NA,NA,NA
"1970-04-15",20800,FALSE,NA,NA,"<= day","daily",NA,NA,NA
"1970-04-16",17700,FALSE,NA,NA,"<= day","daily",NA,NA,NA
"1970-04-17",13300,FALSE,NA,NA,"<= day","daily",NA,NA,NA
"1970-04-18",11400,FALSE,NA,NA,"<= day","daily",NA,NA,NA
"1970-04-19",10800,FALSE,NA,NA,"<= day","daily",NA,NA,NA
"1970-04-20",9850,FALSE,NA,NA,"<= day","daily",NA,NA,NA
"1970-04-21",16900,FALSE,NA,NA,"<= day","daily",NA,NA,NA
"1970-04-22",27900,FALSE,NA,NA,"<= day","daily",NA,NA,NA
"1970-04-23",28700,FALSE,NA,NA,"<= day","daily",NA,NA,NA
"1970-04-24",22600,FALSE,NA,NA,"<= day","daily",NA,NA,NA
"1970-04-25",14100,FALSE,NA,NA,"<= day","daily",NA,NA,NA
"1970-04-26",9370,FALSE,NA,NA,"<= day","daily",NA,NA,NA
"1970-04-27",8070,FALSE,NA,NA,"<= day","daily",NA,NA,NA
"1970-04-28",7230,FALSE,NA,NA,"<= day","daily",NA,NA,NA
"1970-04-29",14800,FALSE,NA,NA,"<= day","daily",NA,NA,NA
"1970-04-30",19200,FALSE,NA,NA,"<= day","daily",NA,NA,NA
"1970-05-01",26200,FALSE,NA,NA,"<= day","daily",NA,NA,NA
"1970-05-02",21200,FALSE,NA,NA,"<= day","daily",NA,NA,NA
"1970-05-03",14400,FALSE,NA,NA,"<= day","daily",NA,NA,NA
"1970-05-04",10800,FALSE,NA,NA,"<= day","daily",NA,NA,NA
"1970-05-05",8630,FALSE,NA,NA,"<= day","daily",NA,NA,NA
"1970-05-06",7510,FALSE,NA,NA,"<= day","daily",NA,NA,NA
"1970-05-07",7090,FALSE,NA,NA,"<= day","daily",NA,NA,NA
"1970-05-08",7090,FALSE,NA,NA,"<= day","daily",NA,NA,NA
"1970-05-09",7230,FALSE,NA,NA,"<= day","daily",NA,NA,NA
"1970-05-10",6390,FALSE,NA,NA,"<= day","daily",NA,NA,NA
"1970-05-11",6110,FALSE,NA,NA,"<= day","daily",NA,NA,NA
"1970-05-12",5690,FALSE,NA,NA,"<= day","daily",NA,NA,NA
"1970-05-13",5430,FALSE,NA,NA,"<= day","daily",NA,NA,NA
"1970-05-14",4350,FALSE,NA,NA,"<= day","daily",NA,NA,NA
"1970-05-15",5190,FALSE,NA,NA,"<= day","daily",NA,NA,NA
"1970-05-16",5070,FALSE,NA,NA,"<= day","daily",NA,NA,NA
"1970-05-17",4950,FALSE,NA,NA,"<= day","daily",NA,NA,NA
"1970-05-18",4950,FALSE,NA,NA,"<= day","daily",NA,NA,NA
"1970-05-19",4830,FALSE,NA,NA,"<= day","daily",NA,NA,NA
"1970-05-20",4470,FALSE,NA,NA,"<= day","daily",NA,NA,NA
"1970-05-21",4350,FALSE,NA,NA,"<= day","daily",NA,NA,NA
"1970-05-22",4350,FALSE,NA,NA,"<= day","daily",NA,NA,NA
"1970-05-23",6810,FALSE,NA,NA,"<= day","daily",NA,NA,NA
"1970-05-24",5310,FALSE,NA,NA,"<= day","daily",NA,NA,NA
"1970-05-25",5070,FALSE,NA,NA,"<= day","daily",NA,NA,NA
"1970-05-26",4900,FALSE,NA,NA,"<= day","daily",NA,NA,NA
"1970-05-27",4780,FALSE,NA,NA,"<= day","daily",NA,NA,NA
"1970-05-28",4780,FALSE,NA,NA,"<= day","daily",NA,NA,NA
"1970-05-29",4550,FALSE,NA,NA,"<= day","daily",NA,NA,NA
"1970-05-30",4310,FALSE,NA,NA,"<= day","daily",NA,NA,NA
"1970-05-31",4090,FALSE,NA,NA,"<= day","daily",NA,NA,NA
"1970-06-01",4200,FALSE,NA,NA,"<= day","daily",NA,NA,NA
"1970-06-02",4090,FALSE,NA,NA,"<= day","daily",NA,NA,NA
"1970-06-03",4090,FALSE,NA,NA,"<= day","daily",NA,NA,NA
"1970-06-04",3990,FALSE,NA,NA,"<= day","daily",NA,NA,NA
"1970-06-05",3540,FALSE,NA,NA,"<= day","daily",NA,NA,NA
"1970-06-06",3330,FALSE,NA,NA,"<= day","daily",NA,NA,NA
"1970-06-07",3220,FALSE,NA,NA,"<= day","daily",NA,NA,NA
"1970-06-08",3110,FALSE,NA,NA,"<= day","daily",NA,NA,NA
"1970-06-09",3220,FALSE,NA,NA,"<= day","daily",NA,NA,NA
"1970-06-10",3220,FALSE,NA,NA,"<= day","daily",NA,NA,NA
"1970-06-11",3180,FALSE,NA,NA,"<= day","daily",NA,NA,NA
"1970-06-12",2970,FALSE,NA,NA,"<= day","daily",NA,NA,NA
"1970-06-13",2970,FALSE,NA,NA,"<= day","daily",NA,NA,NA
"1970-06-14",2860,FALSE,NA,NA,"<= day","daily",NA,NA,NA
"1970-06-15",3180,FALSE,NA,NA,"<= day","daily",NA,NA,NA
"1970-06-16",3620,FALSE,NA,NA,"<= day","daily",NA,NA,NA
"1970-06-17",3400,FALSE,NA,NA,"<= day","daily",NA,NA,NA
"1970-06-18",3080,FALSE,NA,NA,"<= day","daily",NA,NA,NA
"1970-06-19",12000,FALSE,NA,NA,"<= day","daily",NA,NA,NA
"1970-06-20",13000,FALSE,NA,NA,"<= day","daily",NA,NA,NA
"1970-06-21",6680,FALSE,NA,NA,"<= day","daily",NA,NA,NA
"1970-06-22",5660,FALSE,NA,NA,"<= day","daily",NA,NA,NA
"1970-06-23",5040,FALSE,NA,NA,"<= day","daily",NA,NA,NA
"1970-06-24",4220,FALSE,NA,NA,"<= day","daily",NA,NA,NA
"1970-06-25",3900,FALSE,NA,NA,"<= day","daily",NA,NA,NA
"1970-06-26",3690,FALSE,NA,NA,"<= day","daily",NA,NA,NA
"1970-06-27",3470,FALSE,NA,NA,"<= day","daily",NA,NA,NA
"1970-06-28",3370,FALSE,NA,NA,"<= day","daily",NA,NA,NA
"1970-06-29",3370,FALSE,NA,NA,"<= day","daily",NA,NA,NA
"1970-06-30",3580,FALSE,NA,NA,"<= day","daily",NA,NA,NA
"1970-07-01",7010,FALSE,NA,NA,"<= day","daily",NA,NA,NA
"1970-07-02",7550,FALSE,NA,NA,"<= day","daily",NA,NA,NA
"1970-07-03",6810,FALSE,NA,NA,"<= day","daily",NA,NA,NA
"1970-07-04",10900,FALSE,NA,NA,"<= day","daily",NA,NA,NA
"1970-07-05",14800,FALSE,NA,NA,"<= day","daily",NA,NA,NA
"1970-07-06",11500,FALSE,NA,NA,"<= day","daily",NA,NA,NA
"1970-07-07",7470,FALSE,NA,NA,"<= day","daily",NA,NA,NA
"1970-07-08",5860,FALSE,NA,NA,"<= day","daily",NA,NA,NA
"1970-07-09",5460,FALSE,NA,NA,"<= day","daily",NA,NA,NA
"1970-07-10",5100,FALSE,NA,NA,"<= day","daily",NA,NA,NA
"1970-07-11",4400,FALSE,NA,NA,"<= day","daily",NA,NA,NA
"1970-07-12",4180,FALSE,NA,NA,"<= day","daily",NA,NA,NA
"1970-07-13",3960,FALSE,NA,NA,"<= day","daily",NA,NA,NA
"1970-07-14",3860,FALSE,NA,NA,"<= day","daily",NA,NA,NA
"1970-07-15",3710,FALSE,NA,NA,"<= day","daily",NA,NA,NA
"1970-07-16",3610,FALSE,NA,NA,"<= day","daily",NA,NA,NA
"1970-07-17",6070,FALSE,NA,NA,"<= day","daily",NA,NA,NA
"1970-07-18",5050,FALSE,NA,NA,"<= day","daily",NA,NA,NA
"1970-07-19",4700,FALSE,NA,NA,"<= day","daily",NA,NA,NA
"1970-07-20",4130,FALSE,NA,NA,"<= day","daily",NA,NA,NA
"1970-07-21",3610,FALSE,NA,NA,"<= day","daily",NA,NA,NA
"1970-07-22",3500,FALSE,NA,NA,"<= day","daily",NA,NA,NA
"1970-07-23",3370,FALSE,NA,NA,"<= day","daily",NA,NA,NA
"1970-07-24",3060,FALSE,NA,NA,"<= day","daily",NA,NA,NA
"1970-07-25",2850,FALSE,NA,NA,"<= day","daily",NA,NA,NA
"1970-07-26",2850,FALSE,NA,NA,"<= day","daily",NA,NA,NA
"1970-07-27",2850,FALSE,NA,NA,"<= day","daily",NA,NA,NA
"1970-07-28",2640,FALSE,NA,NA,"<= day","daily",NA,NA,NA
"1970-07-29",2450,FALSE,NA,NA,"<= day","daily",NA,NA,NA
"1970-07-30",2450,FALSE,NA,NA,"<= day","daily",NA,NA,NA
"1970-07-31",2440,FALSE,NA,NA,"<= day","daily",NA,NA,NA
"1970-08-01",2260,FALSE,NA,NA,"<= day","daily",NA,NA,NA
"1970-08-02",2170,FALSE,NA,NA,"<= day","daily",NA,NA,NA
"1970-08-03",2090,FALSE,NA,NA,"<= day","daily",NA,NA,NA
"1970-08-04",2090,FALSE,NA,NA,"<= day","daily",NA,NA,NA
"1970-08-05",2090,FALSE,NA,NA,"<= day","daily",NA,NA,NA
"1970-08-06",2170,FALSE,NA,NA,"<= day","daily",NA,NA,NA
"1970-08-07",2090,FALSE,NA,NA,"<= day","daily",NA,NA,NA
"1970-08-08",2010,FALSE,NA,NA,"<= day","daily",NA,NA,NA
"1970-08-09",1970,FALSE,NA,NA,"<= day","daily",NA,NA,NA
"1970-08-10",2150,FALSE,NA,NA,"<= day","daily",NA,NA,NA
"1970-08-11",2400,FALSE,NA,NA,"<= day","daily",NA,NA,NA
"1970-08-12",2400,FALSE,NA,NA,"<= day","daily",NA,NA,NA
"1970-08-13",2320,FALSE,NA,NA,"<= day","daily",NA,NA,NA
"1970-08-14",2230,FALSE,NA,NA,"<= day","daily",NA,NA,NA
"1970-08-15",2070,FALSE,NA,NA,"<= day","daily",NA,NA,NA
"1970-08-16",2050,FALSE,NA,NA,"<= day","daily",NA,NA,NA
"1970-08-17",1970,FALSE,NA,NA,"<= day","daily",NA,NA,NA
"1970-08-18",2560,FALSE,NA,NA,"<= day","daily",NA,NA,NA
"1970-08-19",2660,FALSE,NA,NA,"<= day","daily",NA,NA,NA
"1970-08-20",2760,FALSE,NA,NA,"<= day","daily",NA,NA,NA
"1970-08-21",2460,FALSE,NA,NA,"<= day","daily",NA,NA,NA
"1970-08-22",3060,FALSE,NA,NA,"<= day","daily",NA,NA,NA
"1970-08-23",2960,FALSE,NA,NA,"<= day","daily",NA,NA,NA
"1970-08-24",2730,FALSE,NA,NA,"<= day","daily",NA,NA,NA
"1970-08-25",5000,FALSE,NA,NA,"<= day","daily",NA,NA,NA
"1970-08-26",5630,FALSE,NA,NA,"<= day","daily",NA,NA,NA
"1970-08-27",4460,FALSE,NA,NA,"<= day","daily",NA,NA,NA
"1970-08-28",3120,FALSE,NA,NA,"<= day","daily",NA,NA,NA
"1970-08-29",2930,FALSE,NA,NA,"<= day","daily",NA,NA,NA
"1970-08-30",2730,FALSE,NA,NA,"<= day","daily",NA,NA,NA
"1970-08-31",6760,FALSE,NA,NA,"<= day","daily",NA,NA,NA
"1970-09-01",15600,FALSE,NA,NA,"<= day","daily",NA,NA,NA
"1970-09-02",11200,FALSE,NA,NA,"<= day","daily",NA,NA,NA
"1970-09-03",5440,FALSE,NA,NA,"<= day","daily",NA,NA,NA
"1970-09-04",4840,FALSE,NA,NA,"<= day","daily",NA,NA,NA
"1970-09-05",4520,FALSE,NA,NA,"<= day","daily",NA,NA,NA
"1970-09-06",3980,FALSE,NA,NA,"<= day","daily",NA,NA,NA
"1970-09-07",3780,FALSE,NA,NA,"<= day","daily",NA,NA,NA
"1970-09-08",3580,FALSE,NA,NA,"<= day","daily",NA,NA,NA
"1970-09-09",3290,FALSE,NA,NA,"<= day","daily",NA,NA,NA
"1970-09-10",2960,FALSE,NA,NA,"<= day","daily",NA,NA,NA
"1970-09-11",2670,FALSE,NA,NA,"<= day","daily",NA,NA,NA
"1970-09-12",2570,FALSE,NA,NA,"<= day","daily",NA,NA,NA
"1970-09-13",2380,FALSE,NA,NA,"<= day","daily",NA,NA,NA
"1970-09-14",2300,FALSE,NA,NA,"<= day","daily",NA,NA,NA
"1970-09-15",2220,FALSE,NA,NA,"<= day","daily",NA,NA,NA
"1970-09-16",2140,FALSE,NA,NA,"<= day","daily",NA,NA,NA
"1970-09-17",2060,FALSE,NA,NA,"<= day","daily",NA,NA,NA
"1970-09-18",2040,FALSE,NA,NA,"<= day","daily",NA,NA,NA
"1970-09-19",1960,FALSE,NA,NA,"<= day","daily",NA,NA,NA
"1970-09-20",1960,FALSE,NA,NA,"<= day","daily",NA,NA,NA
"1970-09-21",1960,FALSE,NA,NA,"<= day","daily",NA,NA,NA
"1970-09-22",1880,FALSE,NA,NA,"<= day","daily",NA,NA,NA
"1970-09-23",1800,FALSE,NA,NA,"<= day","daily",NA,NA,NA
"1970-09-24",1800,FALSE,NA,NA,"<= day","daily",NA,NA,NA
"1970-09-25",1800,FALSE,NA,NA,"<= day","daily",NA,NA,NA
"1970-09-26",1800,FALSE,NA,NA,"<= day","daily",NA,NA,NA
"1970-09-27",1800,FALSE,NA,NA,"<= day","daily",NA,NA,NA
"1970-09-28",1800,FALSE,NA,NA,"<= day","daily",NA,NA,NA
"1970-09-29",1720,FALSE,NA,NA,"<= day","daily",NA,NA,NA
"1970-09-30",1700,FALSE,NA,NA,"<= day","daily",NA,NA,NA
"1970-10-01",1700,FALSE,NA,NA,"<= day","daily",NA,NA,NA
"1970-10-02",1940,FALSE,NA,NA,"<= day","daily",NA,NA,NA
"1970-10-03",3080,FALSE,NA,NA,"<= day","daily",NA,NA,NA
"1970-10-04",6580,FALSE,NA,NA,"<= day","daily",NA,NA,NA
"1970-10-05",4260,FALSE,NA,NA,"<= day","daily",NA,NA,NA
"1970-10-06",2980,FALSE,NA,NA,"<= day","daily",NA,NA,NA
"1970-10-07",2620,FALSE,NA,NA,"<= day","daily",NA,NA,NA
"1970-10-08",2420,FALSE,NA,NA,"<= day","daily",NA,NA,NA
"1970-10-09",2250,FALSE,NA,NA,"<= day","daily",NA,NA,NA
"1970-10-10",2090,FALSE,NA,NA,"<= day","daily",NA,NA,NA
"1970-10-11",2010,FALSE,NA,NA,"<= day","daily",NA,NA,NA
"1970-10-12",1940,FALSE,NA,NA,"<= day","daily",NA,NA,NA
"1970-10-13",1860,FALSE,NA,NA,"<= day","daily",NA,NA,NA
"1970-10-14",1760,FALSE,NA,NA,"<= day","daily",NA,NA,NA
"1970-10-15",1760,FALSE,NA,NA,"<= day","daily",NA,NA,NA
"1970-10-16",1760,FALSE,NA,NA,"<= day","daily",NA,NA,NA
"1970-10-17",1760,FALSE,NA,NA,"<= day","daily",NA,NA,NA
"1970-10-18",1760,FALSE,NA,NA,"<= day","daily",NA,NA,NA
"1970-10-19",1760,FALSE,NA,NA,"<= day","daily",NA,NA,NA
"1970-10-20",1680,FALSE,NA,NA,"<= day","daily",NA,NA,NA
"1970-10-21",1840,FALSE,NA,NA,"<= day","daily",NA,NA,NA
"1970-10-22",2950,FALSE,NA,NA,"<= day","daily",NA,NA,NA
"1970-10-23",3510,FALSE,NA,NA,"<= day","daily",NA,NA,NA
"1970-10-24",2760,FALSE,NA,NA,"<= day","daily",NA,NA,NA
"1970-10-25",2290,FALSE,NA,NA,"<= day","daily",NA,NA,NA
"1970-10-26",2140,FALSE,NA,NA,"<= day","daily",NA,NA,NA
"1970-10-27",2070,FALSE,NA,NA,"<= day","daily",NA,NA,NA
"1970-10-28",1990,FALSE,NA,NA,"<= day","daily",NA,NA,NA
"1970-10-29",1910,FALSE,NA,NA,"<= day","daily",NA,NA,NA
"1970-10-30",1840,FALSE,NA,NA,"<= day","daily",NA,NA,NA
"1970-10-31",1760,FALSE,NA,NA,"<= day","daily",NA,NA,NA
"1970-11-01",1760,FALSE,NA,NA,"<= day","daily",NA,NA,NA
"1970-11-02",1760,FALSE,NA,NA,"<= day","daily",NA,NA,NA
"1970-11-03",1760,FALSE,NA,NA,"<= day","daily",NA,NA,NA
"1970-11-04",1680,FALSE,NA,NA,"<= day","daily",NA,NA,NA
"1970-11-05",1610,FALSE,NA,NA,"<= day","daily",NA,NA,NA
"1970-11-06",1610,FALSE,NA,NA,"<= day","daily",NA,NA,NA
"1970-11-07",1610,FALSE,NA,NA,"<= day","daily",NA,NA,NA
"1970-11-08",1610,FALSE,NA,NA,"<= day","daily",NA,NA,NA
"1970-11-09",1680,FALSE,NA,NA,"<= day","daily",NA,NA,NA
"1970-11-10",1680,FALSE,NA,NA,"<= day","daily",NA,NA,NA
"1970-11-11",1610,FALSE,NA,NA,"<= day","daily",NA,NA,NA
"1970-11-12",1610,FALSE,NA,NA,"<= day","daily",NA,NA,NA
"1970-11-13",1610,FALSE,NA,NA,"<= day","daily",NA,NA,NA
"1970-11-14",1530,FALSE,NA,NA,"<= day","daily",NA,NA,NA
"1970-11-15",1910,FALSE,NA,NA,"<= day","daily",NA,NA,NA
"1970-11-16",4960,FALSE,NA,NA,"<= day","daily",NA,NA,NA
"1970-11-17",6990,FALSE,NA,NA,"<= day","daily",NA,NA,NA
"1970-11-18",4520,FALSE,NA,NA,"<= day","daily",NA,NA,NA
"1970-11-19",3620,FALSE,NA,NA,"<= day","daily",NA,NA,NA
"1970-11-20",3420,FALSE,NA,NA,"<= day","daily",NA,NA,NA
"1970-11-21",4010,FALSE,NA,NA,"<= day","daily",NA,NA,NA
"1970-11-22",8230,FALSE,NA,NA,"<= day","daily",NA,NA,NA
"1970-11-23",12600,FALSE,NA,NA,"<= day","daily",NA,NA,NA
"1970-11-24",7970,FALSE,NA,NA,"<= day","daily",NA,NA,NA
"1970-11-25",5900,FALSE,NA,NA,"<= day","daily",NA,NA,NA
"1970-11-26",5790,FALSE,NA,NA,"<= day","daily",NA,NA,NA
"1970-11-27",4510,FALSE,NA,NA,"<= day","daily",NA,NA,NA
"1970-11-28",4110,FALSE,NA,NA,"<= day","daily",NA,NA,NA
"1970-11-29",3800,FALSE,NA,NA,"<= day","daily",NA,NA,NA
"1970-11-30",3700,FALSE,NA,NA,"<= day","daily",NA,NA,NA
"1970-12-01",3420,FALSE,NA,NA,"<= day","daily",NA,NA,NA
"1970-12-02",3420,FALSE,NA,NA,"<= day","daily",NA,NA,NA
"1970-12-03",3230,FALSE,NA,NA,"<= day","daily",NA,NA,NA
"1970-12-04",3040,FALSE,NA,NA,"<= day","daily",NA,NA,NA
"1970-12-05",2860,FALSE,NA,NA,"<= day","daily",NA,NA,NA
"1970-12-06",2700,FALSE,NA,NA,"<= day","daily",NA,NA,NA
"1970-12-07",2700,FALSE,NA,NA,"<= day","daily",NA,NA,NA
"1970-12-08",2700,FALSE,NA,NA,"<= day","daily",NA,NA,NA
"1970-12-09",4150,FALSE,NA,NA,"<= day","daily",NA,NA,NA
"1970-12-10",4460,FALSE,NA,NA,"<= day","daily",NA,NA,NA
"1970-12-11",4260,FALSE,NA,NA,"<= day","daily",NA,NA,NA
"1970-12-12",4260,FALSE,NA,NA,"<= day","daily",NA,NA,NA
"1970-12-13",3740,FALSE,NA,NA,"<= day","daily",NA,NA,NA
"1970-12-14",3450,FALSE,NA,NA,"<= day","daily",NA,NA,NA
"1970-12-15",3270,FALSE,NA,NA,"<= day","daily",NA,NA,NA
"1970-12-16",2890,FALSE,NA,NA,"<= day","daily",NA,NA,NA
"1970-12-17",2790,FALSE,NA,NA,"<= day","daily",NA,NA,NA
"1970-12-18",2730,FALSE,NA,NA,"<= day","daily",NA,NA,NA
"1970-12-19",2540,FALSE,NA,NA,"<= day","daily",NA,NA,NA
"1970-12-20",2450,FALSE,NA,NA,"<= day","daily",NA,NA,NA
"1970-12-21",2350,FALSE,NA,NA,"<= day","daily",NA,NA,NA
"1970-12-22",2270,FALSE,NA,NA,"<= day","daily",NA,NA,NA
"1970-12-23",2270,FALSE,NA,NA,"<= day","daily",NA,NA,NA
"1970-12-24",2270,FALSE,NA,NA,"<= day","daily",NA,NA,NA
"1970-12-25",2270,FALSE,NA,NA,"<= day","daily",NA,NA,NA
"1970-12-26",2300,FALSE,NA,NA,"<= day","daily",NA,NA,NA
"1970-12-27",2300,FALSE,NA,NA,"<= day","daily",NA,NA,NA
"1970-12-28",2220,FALSE,NA,NA,"<= day","daily",NA,NA,NA
"1970-12-29",2220,FALSE,NA,NA,"<= day","daily",NA,NA,NA
"1970-12-30",2960,FALSE,NA,NA,"<= day","daily",NA,NA,NA
"1970-12-31",11100,FALSE,NA,NA,"<= day","daily",NA,NA,NA
"1971-01-01",9560,FALSE,NA,NA,"<= day","daily",NA,NA,NA
"1971-01-02",6560,FALSE,NA,NA,"<= day","daily",NA,NA,NA
"1971-01-03",5750,FALSE,NA,NA,"<= day","daily",NA,NA,NA
"1971-01-04",5620,FALSE,NA,NA,"<= day","daily",NA,NA,NA
"1971-01-05",5500,FALSE,NA,NA,"<= day","daily",NA,NA,NA
"1971-01-06",5370,FALSE,NA,NA,"<= day","daily",NA,NA,NA
"1971-01-07",5250,FALSE,NA,NA,"<= day","daily",NA,NA,NA
"1971-01-08",5000,FALSE,NA,NA,"<= day","daily",NA,NA,NA
"1971-01-09",4500,FALSE,NA,NA,"<= day","daily",NA,NA,NA
"1971-01-10",4020,FALSE,NA,NA,"<= day","daily",NA,NA,NA
"1971-01-11",4020,FALSE,NA,NA,"<= day","daily",NA,NA,NA
"1971-01-12",3900,FALSE,NA,NA,"<= day","daily",NA,NA,NA
"1971-01-13",3660,FALSE,NA,NA,"<= day","daily",NA,NA,NA
"1971-01-14",3540,FALSE,NA,NA,"<= day","daily",NA,NA,NA
"1971-01-15",3420,FALSE,NA,NA,"<= day","daily",NA,NA,NA
"1971-01-16",3300,FALSE,NA,NA,"<= day","daily",NA,NA,NA
"1971-01-17",3190,FALSE,NA,NA,"<= day","daily",NA,NA,NA
"1971-01-18",3080,FALSE,NA,NA,"<= day","daily",NA,NA,NA
"1971-01-19",3190,FALSE,NA,NA,"<= day","daily",NA,NA,NA
"1971-01-20",3420,FALSE,NA,NA,"<= day","daily",NA,NA,NA
"1971-01-21",8920,FALSE,NA,NA,"<= day","daily",NA,NA,NA
"1971-01-22",10700,FALSE,NA,NA,"<= day","daily",NA,NA,NA
"1971-01-23",18900,FALSE,NA,NA,"<= day","daily",NA,NA,NA
"1971-01-24",20000,FALSE,NA,NA,"<= day","daily",NA,NA,NA
"1971-01-25",20800,FALSE,NA,NA,"<= day","daily",NA,NA,NA
"1971-01-26",22400,FALSE,NA,NA,"<= day","daily",NA,NA,NA
"1971-01-27",17700,FALSE,NA,NA,"<= day","daily",NA,NA,NA
"1971-01-28",21100,FALSE,NA,NA,"<= day","daily",NA,NA,NA
"1971-01-29",22700,FALSE,NA,NA,"<= day","daily",NA,NA,NA
"1971-01-30",14600,FALSE,NA,NA,"<= day","daily",NA,NA,NA
"1971-01-31",12600,FALSE,NA,NA,"<= day","daily",NA,NA,NA
"1971-02-01",22100,FALSE,NA,NA,"<= day","daily",NA,NA,NA
"1971-02-02",26800,FALSE,NA,NA,"<= day","daily",NA,NA,NA
"1971-02-03",27300,FALSE,NA,NA,"<= day","daily",NA,NA,NA
"1971-02-04",16800,FALSE,NA,NA,"<= day","daily",NA,NA,NA
"1971-02-05",10200,FALSE,NA,NA,"<= day","daily",NA,NA,NA
"1971-02-06",6960,FALSE,NA,NA,"<= day","daily",NA,NA,NA
"1971-02-07",11900,FALSE,NA,NA,"<= day","daily",NA,NA,NA
"1971-02-08",5000,FALSE,NA,NA,"<= day","daily",NA,NA,NA
"1971-02-09",4500,FALSE,NA,NA,"<= day","daily",NA,NA,NA
"1971-02-10",4380,FALSE,NA,NA,"<= day","daily",NA,NA,NA
"1971-02-11",4260,FALSE,NA,NA,"<= day","daily",NA,NA,NA
"1971-02-12",4140,FALSE,NA,NA,"<= day","daily",NA,NA,NA
"1971-02-13",4020,FALSE,NA,NA,"<= day","daily",NA,NA,NA
"1971-02-14",4500,FALSE,NA,NA,"<= day","daily",NA,NA,NA
"1971-02-15",4020,FALSE,NA,NA,"<= day","daily",NA,NA,NA
"1971-02-16",4140,FALSE,NA,NA,"<= day","daily",NA,NA,NA
"1971-02-17",8600,FALSE,NA,NA,"<= day","daily",NA,NA,NA
"1971-02-18",16100,FALSE,NA,NA,"<= day","daily",NA,NA,NA
"1971-02-19",17000,FALSE,NA,NA,"<= day","daily",NA,NA,NA
"1971-02-20",11500,FALSE,NA,NA,"<= day","daily",NA,NA,NA
"1971-02-21",8000,FALSE,NA,NA,"<= day","daily",NA,NA,NA
"1971-02-22",5880,FALSE,NA,NA,"<= day","daily",NA,NA,NA
"1971-02-23",4870,FALSE,NA,NA,"<= day","daily",NA,NA,NA
"1971-02-24",4500,FALSE,NA,NA,"<= day","daily",NA,NA,NA
"1971-02-25",4260,FALSE,NA,NA,"<= day","daily",NA,NA,NA
"1971-02-26",4260,FALSE,NA,NA,"<= day","daily",NA,NA,NA
"1971-02-27",4140,FALSE,NA,NA,"<= day","daily",NA,NA,NA
"1971-02-28",4020,FALSE,NA,NA,"<= day","daily",NA,NA,NA
"1971-03-01",3780,FALSE,NA,NA,"<= day","daily",NA,NA,NA
"1971-03-02",3420,FALSE,NA,NA,"<= day","daily",NA,NA,NA
"1971-03-03",4260,FALSE,NA,NA,"<= day","daily",NA,NA,NA
"1971-03-04",3080,FALSE,NA,NA,"<= day","daily",NA,NA,NA
"1971-03-05",2750,FALSE,NA,NA,"<= day","daily",NA,NA,NA
"1971-03-06",2530,FALSE,NA,NA,"<= day","daily",NA,NA,NA
"1971-03-07",2420,FALSE,NA,NA,"<= day","daily",NA,NA,NA
"1971-03-08",2310,FALSE,NA,NA,"<= day","daily",NA,NA,NA
"1971-03-09",2200,FALSE,NA,NA,"<= day","daily",NA,NA,NA
"1971-03-10",2110,FALSE,NA,NA,"<= day","daily",NA,NA,NA
"1971-03-11",2020,FALSE,NA,NA,"<= day","daily",NA,NA,NA
"1971-03-12",2020,FALSE,NA,NA,"<= day","daily",NA,NA,NA
"1971-03-13",2020,FALSE,NA,NA,"<= day","daily",NA,NA,NA
"1971-03-14",1930,FALSE,NA,NA,"<= day","daily",NA,NA,NA
"1971-03-15",1930,FALSE,NA,NA,"<= day","daily",NA,NA,NA
"1971-03-16",1930,FALSE,NA,NA,"<= day","daily",NA,NA,NA
"1971-03-17",1930,FALSE,NA,NA,"<= day","daily",NA,NA,NA
"1971-03-18",3420,FALSE,NA,NA,"<= day","daily",NA,NA,NA
"1971-03-19",4620,FALSE,NA,NA,"<= day","daily",NA,NA,NA
"1971-03-20",13400,FALSE,NA,NA,"<= day","daily",NA,NA,NA
"1971-03-21",28200,FALSE,NA,NA,"<= day","daily",NA,NA,NA
"1971-03-22",28200,FALSE,NA,NA,"<= day","daily",NA,NA,NA
"1971-03-23",21400,FALSE,NA,NA,"<= day","daily",NA,NA,NA
"1971-03-24",22700,FALSE,NA,NA,"<= day","daily",NA,NA,NA
"1971-03-25",13000,FALSE,NA,NA,"<= day","daily",NA,NA,NA
"1971-03-26",9400,FALSE,NA,NA,"<= day","daily",NA,NA,NA
"1971-03-27",8300,FALSE,NA,NA,"<= day","daily",NA,NA,NA
"1971-03-28",13800,FALSE,NA,NA,"<= day","daily",NA,NA,NA
"1971-03-29",12800,FALSE,NA,NA,"<= day","daily",NA,NA,NA
"1971-03-30",9240,FALSE,NA,NA,"<= day","daily",NA,NA,NA
"1971-03-31",6830,FALSE,NA,NA,"<= day","daily",NA,NA,NA
"1971-04-01",5000,FALSE,NA,NA,"<= day","daily",NA,NA,NA
"1971-04-02",4750,FALSE,NA,NA,"<= day","daily",NA,NA,NA
"1971-04-03",9080,FALSE,NA,NA,"<= day","daily",NA,NA,NA
"1971-04-04",12000,FALSE,NA,NA,"<= day","daily",NA,NA,NA
"1971-04-05",12200,FALSE,NA,NA,"<= day","daily",NA,NA,NA
"1971-04-06",20200,FALSE,NA,NA,"<= day","daily",NA,NA,NA
"1971-04-07",14200,FALSE,NA,NA,"<= day","daily",NA,NA,NA
"1971-04-08",12400,FALSE,NA,NA,"<= day","daily",NA,NA,NA
"1971-04-09",6020,FALSE,NA,NA,"<= day","daily",NA,NA,NA
"1971-04-10",4750,FALSE,NA,NA,"<= day","daily",NA,NA,NA
"1971-04-11",4620,FALSE,NA,NA,"<= day","daily",NA,NA,NA
"1971-04-12",4260,FALSE,NA,NA,"<= day","daily",NA,NA,NA
"1971-04-13",4020,FALSE,NA,NA,"<= day","daily",NA,NA,NA
"1971-04-14",4020,FALSE,NA,NA,"<= day","daily",NA,NA,NA
"1971-04-15",3660,FALSE,NA,NA,"<= day","daily",NA,NA,NA
"1971-04-16",3780,FALSE,NA,NA,"<= day","daily",NA,NA,NA
"1971-04-17",3540,FALSE,NA,NA,"<= day","daily",NA,NA,NA
"1971-04-18",3300,FALSE,NA,NA,"<= day","daily",NA,NA,NA
"1971-04-19",3300,FALSE,NA,NA,"<= day","daily",NA,NA,NA
"1971-04-20",3300,FALSE,NA,NA,"<= day","daily",NA,NA,NA
"1971-04-21",2970,FALSE,NA,NA,"<= day","daily",NA,NA,NA
"1971-04-22",2750,FALSE,NA,NA,"<= day","daily",NA,NA,NA
"1971-04-23",2530,FALSE,NA,NA,"<= day","daily",NA,NA,NA
"1971-04-24",2420,FALSE,NA,NA,"<= day","daily",NA,NA,NA
"1971-04-25",2420,FALSE,NA,NA,"<= day","daily",NA,NA,NA
"1971-04-26",2420,FALSE,NA,NA,"<= day","daily",NA,NA,NA
"1971-04-27",2310,FALSE,NA,NA,"<= day","daily",NA,NA,NA
"1971-04-28",2310,FALSE,NA,NA,"<= day","daily",NA,NA,NA
"1971-04-29",2530,FALSE,NA,NA,"<= day","daily",NA,NA,NA
"1971-04-30",3420,FALSE,NA,NA,"<= day","daily",NA,NA,NA
"1971-05-01",4260,FALSE,NA,NA,"<= day","daily",NA,NA,NA
"1971-05-02",4620,FALSE,NA,NA,"<= day","daily",NA,NA,NA
"1971-05-03",4750,FALSE,NA,NA,"<= day","daily",NA,NA,NA
"1971-05-04",6830,FALSE,NA,NA,"<= day","daily",NA,NA,NA
"1971-05-05",6020,FALSE,NA,NA,"<= day","daily",NA,NA,NA
"1971-05-06",4500,FALSE,NA,NA,"<= day","daily",NA,NA,NA
"1971-05-07",4260,FALSE,NA,NA,"<= day","daily",NA,NA,NA
"1971-05-08",3900,FALSE,NA,NA,"<= day","daily",NA,NA,NA
"1971-05-09",3900,FALSE,NA,NA,"<= day","daily",NA,NA,NA
"1971-05-10",3540,FALSE,NA,NA,"<= day","daily",NA,NA,NA
"1971-05-11",3190,FALSE,NA,NA,"<= day","daily",NA,NA,NA
"1971-05-12",2860,FALSE,NA,NA,"<= day","daily",NA,NA,NA
"1971-05-13",2640,FALSE,NA,NA,"<= day","daily",NA,NA,NA
"1971-05-14",2420,FALSE,NA,NA,"<= day","daily",NA,NA,NA
"1971-05-15",2200,FALSE,NA,NA,"<= day","daily",NA,NA,NA
"1971-05-16",2110,FALSE,NA,NA,"<= day","daily",NA,NA,NA
"1971-05-17",2020,FALSE,NA,NA,"<= day","daily",NA,NA,NA
"1971-05-18",1930,FALSE,NA,NA,"<= day","daily",NA,NA,NA
"1971-05-19",1840,FALSE,NA,NA,"<= day","daily",NA,NA,NA
"1971-05-20",1750,FALSE,NA,NA,"<= day","daily",NA,NA,NA
"1971-05-21",1660,FALSE,NA,NA,"<= day","daily",NA,NA,NA
"1971-05-22",1570,FALSE,NA,NA,"<= day","daily",NA,NA,NA
"1971-05-23",1570,FALSE,NA,NA,"<= day","daily",NA,NA,NA
"1971-05-24",1570,FALSE,NA,NA,"<= day","daily",NA,NA,NA
"1971-05-25",1570,FALSE,NA,NA,"<= day","daily",NA,NA,NA
"1971-05-26",1570,FALSE,NA,NA,"<= day","daily",NA,NA,NA
"1971-05-27",1480,FALSE,NA,NA,"<= day","daily",NA,NA,NA
"1971-05-28",1480,FALSE,NA,NA,"<= day","daily",NA,NA,NA
"1971-05-29",1480,FALSE,NA,NA,"<= day","daily",NA,NA,NA
"1971-05-30",1480,FALSE,NA,NA,"<= day","daily",NA,NA,NA
"1971-05-31",2420,FALSE,NA,NA,"<= day","daily",NA,NA,NA
"1971-06-01",2020,FALSE,NA,NA,"<= day","daily",NA,NA,NA
"1971-06-02",1840,FALSE,NA,NA,"<= day","daily",NA,NA,NA
"1971-06-03",1660,FALSE,NA,NA,"<= day","daily",NA,NA,NA
"1971-06-04",1570,FALSE,NA,NA,"<= day","daily",NA,NA,NA
"1971-06-05",1480,FALSE,NA,NA,"<= day","daily",NA,NA,NA
"1971-06-06",1480,FALSE,NA,NA,"<= day","daily",NA,NA,NA
"1971-06-07",1480,FALSE,NA,NA,"<= day","daily",NA,NA,NA
"1971-06-08",1480,FALSE,NA,NA,"<= day","daily",NA,NA,NA
"1971-06-09",1480,FALSE,NA,NA,"<= day","daily",NA,NA,NA
"1971-06-10",1480,FALSE,NA,NA,"<= day","daily",NA,NA,NA
"1971-06-11",1480,FALSE,NA,NA,"<= day","daily",NA,NA,NA
"1971-06-12",1390,FALSE,NA,NA,"<= day","daily",NA,NA,NA
"1971-06-13",1480,FALSE,NA,NA,"<= day","daily",NA,NA,NA
"1971-06-14",1930,FALSE,NA,NA,"<= day","daily",NA,NA,NA
"1971-06-15",1840,FALSE,NA,NA,"<= day","daily",NA,NA,NA
"1971-06-16",1390,FALSE,NA,NA,"<= day","daily",NA,NA,NA
"1971-06-17",1300,FALSE,NA,NA,"<= day","daily",NA,NA,NA
"1971-06-18",1230,FALSE,NA,NA,"<= day","daily",NA,NA,NA
"1971-06-19",1230,FALSE,NA,NA,"<= day","daily",NA,NA,NA
"1971-06-20",1230,FALSE,NA,NA,"<= day","daily",NA,NA,NA
"1971-06-21",1150,FALSE,NA,NA,"<= day","daily",NA,NA,NA
"1971-06-22",1080,FALSE,NA,NA,"<= day","daily",NA,NA,NA
"1971-06-23",1000,FALSE,NA,NA,"<= day","daily",NA,NA,NA
"1971-06-24",1390,FALSE,NA,NA,"<= day","daily",NA,NA,NA
"1971-06-25",1390,FALSE,NA,NA,"<= day","daily",NA,NA,NA
"1971-06-26",1480,FALSE,NA,NA,"<= day","daily",NA,NA,NA
"1971-06-27",1390,FALSE,NA,NA,"<= day","daily",NA,NA,NA
"1971-06-28",1390,FALSE,NA,NA,"<= day","daily",NA,NA,NA
"1971-06-29",2110,FALSE,NA,NA,"<= day","daily",NA,NA,NA
"1971-06-30",2420,FALSE,NA,NA,"<= day","daily",NA,NA,NA
"1971-07-01",2020,FALSE,NA,NA,"<= day","daily",NA,NA,NA
"1971-07-02",1930,FALSE,NA,NA,"<= day","daily",NA,NA,NA
"1971-07-03",1930,FALSE,NA,NA,"<= day","daily",NA,NA,NA
"1971-07-04",1480,FALSE,NA,NA,"<= day","daily",NA,NA,NA
"1971-07-05",1300,FALSE,NA,NA,"<= day","daily",NA,NA,NA
"1971-07-06",1300,FALSE,NA,NA,"<= day","daily",NA,NA,NA
"1971-07-07",1150,FALSE,NA,NA,"<= day","daily",NA,NA,NA
"1971-07-08",1150,FALSE,NA,NA,"<= day","daily",NA,NA,NA
"1971-07-09",1080,FALSE,NA,NA,"<= day","daily",NA,NA,NA
"1971-07-10",1080,FALSE,NA,NA,"<= day","daily",NA,NA,NA
"1971-07-11",1080,FALSE,NA,NA,"<= day","daily",NA,NA,NA
"1971-07-12",1080,FALSE,NA,NA,"<= day","daily",NA,NA,NA
"1971-07-13",1080,FALSE,NA,NA,"<= day","daily",NA,NA,NA
"1971-07-14",1000,FALSE,NA,NA,"<= day","daily",NA,NA,NA
"1971-07-15",1000,FALSE,NA,NA,"<= day","daily",NA,NA,NA
"1971-07-16",1000,FALSE,NA,NA,"<= day","daily",NA,NA,NA
"1971-07-17",1000,FALSE,NA,NA,"<= day","daily",NA,NA,NA
"1971-07-18",1000,FALSE,NA,NA,"<= day","daily",NA,NA,NA
"1971-07-19",1000,FALSE,NA,NA,"<= day","daily",NA,NA,NA
"1971-07-20",1000,FALSE,NA,NA,"<= day","daily",NA,NA,NA
"1971-07-21",1000,FALSE,NA,NA,"<= day","daily",NA,NA,NA
"1971-07-22",1000,FALSE,NA,NA,"<= day","daily",NA,NA,NA
"1971-07-23",930,FALSE,NA,NA,"<= day","daily",NA,NA,NA
"1971-07-24",930,FALSE,NA,NA,"<= day","daily",NA,NA,NA
"1971-07-25",1000,FALSE,NA,NA,"<= day","daily",NA,NA,NA
"1971-07-26",930,FALSE,NA,NA,"<= day","daily",NA,NA,NA
"1971-07-27",930,FALSE,NA,NA,"<= day","daily",NA,NA,NA
"1971-07-28",850,FALSE,NA,NA,"<= day","daily",NA,NA,NA
"1971-07-29",850,FALSE,NA,NA,"<= day","daily",NA,NA,NA
"1971-07-30",850,FALSE,NA,NA,"<= day","daily",NA,NA,NA
"1971-07-31",850,FALSE,NA,NA,"<= day","daily",NA,NA,NA
"1971-08-01",850,FALSE,NA,NA,"<= day","daily",NA,NA,NA
"1971-08-02",850,FALSE,NA,NA,"<= day","daily",NA,NA,NA
"1971-08-03",850,FALSE,NA,NA,"<= day","daily",NA,NA,NA
"1971-08-04",850,FALSE,NA,NA,"<= day","daily",NA,NA,NA
"1971-08-05",850,FALSE,NA,NA,"<= day","daily",NA,NA,NA
"1971-08-06",850,FALSE,NA,NA,"<= day","daily",NA,NA,NA
"1971-08-07",850,FALSE,NA,NA,"<= day","daily",NA,NA,NA
"1971-08-08",780,FALSE,NA,NA,"<= day","daily",NA,NA,NA
"1971-08-09",780,FALSE,NA,NA,"<= day","daily",NA,NA,NA
"1971-08-10",930,FALSE,NA,NA,"<= day","daily",NA,NA,NA
"1971-08-11",850,FALSE,NA,NA,"<= day","daily",NA,NA,NA
"1971-08-12",780,FALSE,NA,NA,"<= day","daily",NA,NA,NA
"1971-08-13",1150,FALSE,NA,NA,"<= day","daily",NA,NA,NA
"1971-08-14",2420,FALSE,NA,NA,"<= day","daily",NA,NA,NA
"1971-08-15",1300,FALSE,NA,NA,"<= day","daily",NA,NA,NA
"1971-08-16",1230,FALSE,NA,NA,"<= day","daily",NA,NA,NA
"1971-08-17",1390,FALSE,NA,NA,"<= day","daily",NA,NA,NA
"1971-08-18",1750,FALSE,NA,NA,"<= day","daily",NA,NA,NA
"1971-08-19",1390,FALSE,NA,NA,"<= day","daily",NA,NA,NA
"1971-08-20",1300,FALSE,NA,NA,"<= day","daily",NA,NA,NA
"1971-08-21",1300,FALSE,NA,NA,"<= day","daily",NA,NA,NA
"1971-08-22",1230,FALSE,NA,NA,"<= day","daily",NA,NA,NA
"1971-08-23",1230,FALSE,NA,NA,"<= day","daily",NA,NA,NA
"1971-08-24",1230,FALSE,NA,NA,"<= day","daily",NA,NA,NA
"1971-08-25",1150,FALSE,NA,NA,"<= day","daily",NA,NA,NA
"1971-08-26",1150,FALSE,NA,NA,"<= day","daily",NA,NA,NA
"1971-08-27",1150,FALSE,NA,NA,"<= day","daily",NA,NA,NA
"1971-08-28",1390,FALSE,NA,NA,"<= day","daily",NA,NA,NA
"1971-08-29",1300,FALSE,NA,NA,"<= day","daily",NA,NA,NA
"1971-08-30",1230,FALSE,NA,NA,"<= day","daily",NA,NA,NA
"1971-08-31",1230,FALSE,NA,NA,"<= day","daily",NA,NA,NA
"1971-09-01",1660,FALSE,NA,NA,"<= day","daily",NA,NA,NA
"1971-09-02",2640,FALSE,NA,NA,"<= day","daily",NA,NA,NA
"1971-09-03",1660,FALSE,NA,NA,"<= day","daily",NA,NA,NA
"1971-09-04",1300,FALSE,NA,NA,"<= day","daily",NA,NA,NA
"1971-09-05",1300,FALSE,NA,NA,"<= day","daily",NA,NA,NA
"1971-09-06",1230,FALSE,NA,NA,"<= day","daily",NA,NA,NA
"1971-09-07",1150,FALSE,NA,NA,"<= day","daily",NA,NA,NA
"1971-09-08",1080,FALSE,NA,NA,"<= day","daily",NA,NA,NA
"1971-09-09",1080,FALSE,NA,NA,"<= day","daily",NA,NA,NA
"1971-09-10",1000,FALSE,NA,NA,"<= day","daily",NA,NA,NA
"1971-09-11",1000,FALSE,NA,NA,"<= day","daily",NA,NA,NA
"1971-09-12",930,FALSE,NA,NA,"<= day","daily",NA,NA,NA
"1971-09-13",1080,FALSE,NA,NA,"<= day","daily",NA,NA,NA
"1971-09-14",1150,FALSE,NA,NA,"<= day","daily",NA,NA,NA
"1971-09-15",1150,FALSE,NA,NA,"<= day","daily",NA,NA,NA
"1971-09-16",1150,FALSE,NA,NA,"<= day","daily",NA,NA,NA
"1971-09-17",1080,FALSE,NA,NA,"<= day","daily",NA,NA,NA
"1971-09-18",1000,FALSE,NA,NA,"<= day","daily",NA,NA,NA
"1971-09-19",1000,FALSE,NA,NA,"<= day","daily",NA,NA,NA
"1971-09-20",1000,FALSE,NA,NA,"<= day","daily",NA,NA,NA
"1971-09-21",1000,FALSE,NA,NA,"<= day","daily",NA,NA,NA
"1971-09-22",930,FALSE,NA,NA,"<= day","daily",NA,NA,NA
"1971-09-23",930,FALSE,NA,NA,"<= day","daily",NA,NA,NA
"1971-09-24",850,FALSE,NA,NA,"<= day","daily",NA,NA,NA
"1971-09-25",850,FALSE,NA,NA,"<= day","daily",NA,NA,NA
"1971-09-26",850,FALSE,NA,NA,"<= day","daily",NA,NA,NA
"1971-09-27",850,FALSE,NA,NA,"<= day","daily",NA,NA,NA
"1971-09-28",850,FALSE,NA,NA,"<= day","daily",NA,NA,NA
"1971-09-29",850,FALSE,NA,NA,"<= day","daily",NA,NA,NA
"1971-09-30",930,FALSE,NA,NA,"<= day","daily",NA,NA,NA
"1971-10-01",930,FALSE,NA,NA,"<= day","daily",NA,NA,NA
"1971-10-02",930,FALSE,NA,NA,"<= day","daily",NA,NA,NA
"1971-10-03",930,FALSE,NA,NA,"<= day","daily",NA,NA,NA
"1971-10-04",850,FALSE,NA,NA,"<= day","daily",NA,NA,NA
"1971-10-05",850,FALSE,NA,NA,"<= day","daily",NA,NA,NA
"1971-10-06",850,FALSE,NA,NA,"<= day","daily",NA,NA,NA
"1971-10-07",780,FALSE,NA,NA,"<= day","daily",NA,NA,NA
"1971-10-08",700,FALSE,NA,NA,"<= day","daily",NA,NA,NA
"1971-10-09",700,FALSE,NA,NA,"<= day","daily",NA,NA,NA
"1971-10-10",630,FALSE,NA,NA,"<= day","daily",NA,NA,NA
"1971-10-11",630,FALSE,NA,NA,"<= day","daily",NA,NA,NA
"1971-10-12",630,FALSE,NA,NA,"<= day","daily",NA,NA,NA
"1971-10-13",630,FALSE,NA,NA,"<= day","daily",NA,NA,NA
"1971-10-14",550,FALSE,NA,NA,"<= day","daily",NA,NA,NA
"1971-10-15",930,FALSE,NA,NA,"<= day","daily",NA,NA,NA
"1971-10-16",5250,FALSE,NA,NA,"<= day","daily",NA,NA,NA
"1971-10-17",3900,FALSE,NA,NA,"<= day","daily",NA,NA,NA
"1971-10-18",2020,FALSE,NA,NA,"<= day","daily",NA,NA,NA
"1971-10-19",1390,FALSE,NA,NA,"<= day","daily",NA,NA,NA
"1971-10-20",1300,FALSE,NA,NA,"<= day","daily",NA,NA,NA
"1971-10-21",930,FALSE,NA,NA,"<= day","daily",NA,NA,NA
"1971-10-22",930,FALSE,NA,NA,"<= day","daily",NA,NA,NA
"1971-10-23",930,FALSE,NA,NA,"<= day","daily",NA,NA,NA
"1971-10-24",930,FALSE,NA,NA,"<= day","daily",NA,NA,NA
"1971-10-25",850,FALSE,NA,NA,"<= day","daily",NA,NA,NA
"1971-10-26",850,FALSE,NA,NA,"<= day","daily",NA,NA,NA
"1971-10-27",780,FALSE,NA,NA,"<= day","daily",NA,NA,NA
"1971-10-28",780,FALSE,NA,NA,"<= day","daily",NA,NA,NA
"1971-10-29",780,FALSE,NA,NA,"<= day","daily",NA,NA,NA
"1971-10-30",780,FALSE,NA,NA,"<= day","daily",NA,NA,NA
"1971-10-31",780,FALSE,NA,NA,"<= day","daily",NA,NA,NA
"1971-11-01",780,FALSE,NA,NA,"<= day","daily",NA,NA,NA
"1971-11-02",700,FALSE,NA,NA,"<= day","daily",NA,NA,NA
"1971-11-03",700,FALSE,NA,NA,"<= day","daily",NA,NA,NA
"1971-11-04",630,FALSE,NA,NA,"<= day","daily",NA,NA,NA
"1971-11-05",630,FALSE,NA,NA,"<= day","daily",NA,NA,NA
"1971-11-06",630,FALSE,NA,NA,"<= day","daily",NA,NA,NA
"1971-11-07",550,FALSE,NA,NA,"<= day","daily",NA,NA,NA
"1971-11-08",550,FALSE,NA,NA,"<= day","daily",NA,NA,NA
"1971-11-09",550,FALSE,NA,NA,"<= day","daily",NA,NA,NA
"1971-11-10",550,FALSE,NA,NA,"<= day","daily",NA,NA,NA
"1971-11-11",630,FALSE,NA,NA,"<= day","daily",NA,NA,NA
"1971-11-12",850,FALSE,NA,NA,"<= day","daily",NA,NA,NA
"1971-11-13",3190,FALSE,NA,NA,"<= day","daily",NA,NA,NA
"1971-11-14",3190,FALSE,NA,NA,"<= day","daily",NA,NA,NA
"1971-11-15",1660,FALSE,NA,NA,"<= day","daily",NA,NA,NA
"1971-11-16",1300,FALSE,NA,NA,"<= day","daily",NA,NA,NA
"1971-11-17",1150,FALSE,NA,NA,"<= day","daily",NA,NA,NA
"1971-11-18",1000,FALSE,NA,NA,"<= day","daily",NA,NA,NA
"1971-11-19",1000,FALSE,NA,NA,"<= day","daily",NA,NA,NA
"1971-11-20",1300,FALSE,NA,NA,"<= day","daily",NA,NA,NA
"1971-11-21",2420,FALSE,NA,NA,"<= day","daily",NA,NA,NA
"1971-11-22",2200,FALSE,NA,NA,"<= day","daily",NA,NA,NA
"1971-11-23",2310,FALSE,NA,NA,"<= day","daily",NA,NA,NA
"1971-11-24",2200,FALSE,NA,NA,"<= day","daily",NA,NA,NA
"1971-11-25",2200,FALSE,NA,NA,"<= day","daily",NA,NA,NA
"1971-11-26",2200,FALSE,NA,NA,"<= day","daily",NA,NA,NA
"1971-11-27",2200,FALSE,NA,NA,"<= day","daily",NA,NA,NA
"1971-11-28",2200,FALSE,NA,NA,"<= day","daily",NA,NA,NA
"1971-11-29",2750,FALSE,NA,NA,"<= day","daily",NA,NA,NA
"1971-11-30",2420,FALSE,NA,NA,"<= day","daily",NA,NA,NA
"1971-12-01",3780,FALSE,NA,NA,"<= day","daily",NA,NA,NA
"1971-12-02",2750,FALSE,NA,NA,"<= day","daily",NA,NA,NA
"1971-12-03",3900,FALSE,NA,NA,"<= day","daily",NA,NA,NA
"1971-12-04",3900,FALSE,NA,NA,"<= day","daily",NA,NA,NA
"1971-12-05",4260,FALSE,NA,NA,"<= day","daily",NA,NA,NA
"1971-12-06",4380,FALSE,NA,NA,"<= day","daily",NA,NA,NA
"1971-12-07",4380,FALSE,NA,NA,"<= day","daily",NA,NA,NA
"1971-12-08",4380,FALSE,NA,NA,"<= day","daily",NA,NA,NA
"1971-12-09",4260,FALSE,NA,NA,"<= day","daily",NA,NA,NA
"1971-12-10",4260,FALSE,NA,NA,"<= day","daily",NA,NA,NA
"1971-12-11",3780,FALSE,NA,NA,"<= day","daily",NA,NA,NA
"1971-12-12",3080,FALSE,NA,NA,"<= day","daily",NA,NA,NA
"1971-12-13",2640,FALSE,NA,NA,"<= day","daily",NA,NA,NA
"1971-12-14",2200,FALSE,NA,NA,"<= day","daily",NA,NA,NA
"1971-12-15",2200,FALSE,NA,NA,"<= day","daily",NA,NA,NA
"1971-12-16",2110,FALSE,NA,NA,"<= day","daily",NA,NA,NA
"1971-12-17",2110,FALSE,NA,NA,"<= day","daily",NA,NA,NA
"1971-12-18",2110,FALSE,NA,NA,"<= day","daily",NA,NA,NA
"1971-12-19",2020,FALSE,NA,NA,"<= day","daily",NA,NA,NA
"1971-12-20",1840,FALSE,NA,NA,"<= day","daily",NA,NA,NA
"1971-12-21",1840,FALSE,NA,NA,"<= day","daily",NA,NA,NA
"1971-12-22",1840,FALSE,NA,NA,"<= day","daily",NA,NA,NA
"1971-12-23",1750,FALSE,NA,NA,"<= day","daily",NA,NA,NA
"1971-12-24",2310,FALSE,NA,NA,"<= day","daily",NA,NA,NA
"1971-12-25",2970,FALSE,NA,NA,"<= day","daily",NA,NA,NA
"1971-12-26",2750,FALSE,NA,NA,"<= day","daily",NA,NA,NA
"1971-12-27",2420,FALSE,NA,NA,"<= day","daily",NA,NA,NA
"1971-12-28",1930,FALSE,NA,NA,"<= day","daily",NA,NA,NA
"1971-12-29",1750,FALSE,NA,NA,"<= day","daily",NA,NA,NA
"1971-12-30",1660,FALSE,NA,NA,"<= day","daily",NA,NA,NA
"1971-12-31",1570,FALSE,NA,NA,"<= day","daily",NA,NA,NA
"1972-01-01",1960,FALSE,NA,NA,"<= day","daily",NA,NA,NA
"1972-01-02",1960,FALSE,NA,NA,"<= day","daily",NA,NA,NA
"1972-01-03",1860,FALSE,NA,NA,"<= day","daily",NA,NA,NA
"1972-01-04",1960,FALSE,NA,NA,"<= day","daily",NA,NA,NA
"1972-01-05",2150,FALSE,NA,NA,"<= day","daily",NA,NA,NA
"1972-01-06",2240,FALSE,NA,NA,"<= day","daily",NA,NA,NA
"1972-01-07",2340,FALSE,NA,NA,"<= day","daily",NA,NA,NA
"1972-01-08",2530,FALSE,NA,NA,"<= day","daily",NA,NA,NA
"1972-01-09",2720,FALSE,NA,NA,"<= day","daily",NA,NA,NA
"1972-01-10",3060,FALSE,NA,NA,"<= day","daily",NA,NA,NA
"1972-01-11",3750,FALSE,NA,NA,"<= day","daily",NA,NA,NA
"1972-01-12",4360,FALSE,NA,NA,"<= day","daily",NA,NA,NA
"1972-01-13",5490,FALSE,NA,NA,"<= day","daily",NA,NA,NA
"1972-01-14",4850,FALSE,NA,NA,"<= day","daily",NA,NA,NA
"1972-01-15",4600,FALSE,NA,NA,"<= day","daily",NA,NA,NA
"1972-01-16",3640,FALSE,NA,NA,"<= day","daily",NA,NA,NA
"1972-01-17",3640,FALSE,NA,NA,"<= day","daily",NA,NA,NA
"1972-01-18",2950,FALSE,NA,NA,"<= day","daily",NA,NA,NA
"1972-01-19",2950,FALSE,NA,NA,"<= day","daily",NA,NA,NA
"1972-01-20",2530,FALSE,NA,NA,"<= day","daily",NA,NA,NA
"1972-01-21",2340,FALSE,NA,NA,"<= day","daily",NA,NA,NA
"1972-01-22",2150,FALSE,NA,NA,"<= day","daily",NA,NA,NA
"1972-01-23",2050,FALSE,NA,NA,"<= day","daily",NA,NA,NA
"1972-01-24",1860,FALSE,NA,NA,"<= day","daily",NA,NA,NA
"1972-01-25",1770,FALSE,NA,NA,"<= day","daily",NA,NA,NA
"1972-01-26",1770,FALSE,NA,NA,"<= day","daily",NA,NA,NA
"1972-01-27",1770,FALSE,NA,NA,"<= day","daily",NA,NA,NA
"1972-01-28",1700,FALSE,NA,NA,"<= day","daily",NA,NA,NA
"1972-01-29",1700,FALSE,NA,NA,"<= day","daily",NA,NA,NA
"1972-01-30",1770,FALSE,NA,NA,"<= day","daily",NA,NA,NA
"1972-01-31",1770,FALSE,NA,NA,"<= day","daily",NA,NA,NA
"1972-02-01",1700,FALSE,NA,NA,"<= day","daily",NA,NA,NA
"1972-02-02",1700,FALSE,NA,NA,"<= day","daily",NA,NA,NA
"1972-02-03",1630,FALSE,NA,NA,"<= day","daily",NA,NA,NA
"1972-02-04",1630,FALSE,NA,NA,"<= day","daily",NA,NA,NA
"1972-02-05",1700,FALSE,NA,NA,"<= day","daily",NA,NA,NA
"1972-02-06",1630,FALSE,NA,NA,"<= day","daily",NA,NA,NA
"1972-02-07",1630,FALSE,NA,NA,"<= day","daily",NA,NA,NA
"1972-02-08",1700,FALSE,NA,NA,"<= day","daily",NA,NA,NA
"1972-02-09",10800,FALSE,NA,NA,"<= day","daily",NA,NA,NA
"1972-02-10",13400,FALSE,NA,NA,"<= day","daily",NA,NA,NA
"1972-02-11",22700,FALSE,NA,NA,"<= day","daily",NA,NA,NA
"1972-02-12",21700,FALSE,NA,NA,"<= day","daily",NA,NA,NA
"1972-02-13",36700,FALSE,NA,NA,"<= day","daily",NA,NA,NA
"1972-02-14",36700,FALSE,NA,NA,"<= day","daily",NA,NA,NA
"1972-02-15",20200,FALSE,NA,NA,"<= day","daily",NA,NA,NA
"1972-02-16",13600,FALSE,NA,NA,"<= day","daily",NA,NA,NA
"1972-02-17",12400,FALSE,NA,NA,"<= day","daily",NA,NA,NA
"1972-02-18",7970,FALSE,NA,NA,"<= day","daily",NA,NA,NA
"1972-02-19",6840,FALSE,NA,NA,"<= day","daily",NA,NA,NA
"1972-02-20",9320,FALSE,NA,NA,"<= day","daily",NA,NA,NA
"1972-02-21",17000,FALSE,NA,NA,"<= day","daily",NA,NA,NA
"1972-02-22",16800,FALSE,NA,NA,"<= day","daily",NA,NA,NA
"1972-02-23",13600,FALSE,NA,NA,"<= day","daily",NA,NA,NA
"1972-02-24",13400,FALSE,NA,NA,"<= day","daily",NA,NA,NA
"1972-02-25",11200,FALSE,NA,NA,"<= day","daily",NA,NA,NA
"1972-02-26",16400,FALSE,NA,NA,"<= day","daily",NA,NA,NA
"1972-02-27",17200,FALSE,NA,NA,"<= day","daily",NA,NA,NA
"1972-02-28",16800,FALSE,NA,NA,"<= day","daily",NA,NA,NA
"1972-02-29",22000,FALSE,NA,NA,"<= day","daily",NA,NA,NA
"1972-03-01",20500,FALSE,NA,NA,"<= day","daily",NA,NA,NA
"1972-03-02",16800,FALSE,NA,NA,"<= day","daily",NA,NA,NA
"1972-03-03",11400,FALSE,NA,NA,"<= day","daily",NA,NA,NA
"1972-03-04",9320,FALSE,NA,NA,"<= day","daily",NA,NA,NA
"1972-03-05",7970,FALSE,NA,NA,"<= day","daily",NA,NA,NA
"1972-03-06",11100,FALSE,NA,NA,"<= day","daily",NA,NA,NA
"1972-03-07",17800,FALSE,NA,NA,"<= day","daily",NA,NA,NA
"1972-03-08",16400,FALSE,NA,NA,"<= day","daily",NA,NA,NA
"1972-03-09",15200,FALSE,NA,NA,"<= day","daily",NA,NA,NA
"1972-03-10",17800,FALSE,NA,NA,"<= day","daily",NA,NA,NA
"1972-03-11",15000,FALSE,NA,NA,"<= day","daily",NA,NA,NA
"1972-03-12",9910,FALSE,NA,NA,"<= day","daily",NA,NA,NA
"1972-03-13",18000,FALSE,NA,NA,"<= day","daily",NA,NA,NA
"1972-03-14",6980,FALSE,NA,NA,"<= day","daily",NA,NA,NA
"1972-03-15",5360,FALSE,NA,NA,"<= day","daily",NA,NA,NA
"1972-03-16",5100,FALSE,NA,NA,"<= day","daily",NA,NA,NA
"1972-03-17",4970,FALSE,NA,NA,"<= day","daily",NA,NA,NA
"1972-03-18",4600,FALSE,NA,NA,"<= day","daily",NA,NA,NA
"1972-03-19",4970,FALSE,NA,NA,"<= day","daily",NA,NA,NA
"1972-03-20",4600,FALSE,NA,NA,"<= day","daily",NA,NA,NA
"1972-03-21",4110,FALSE,NA,NA,"<= day","daily",NA,NA,NA
"1972-03-22",3990,FALSE,NA,NA,"<= day","daily",NA,NA,NA
"1972-03-23",3990,FALSE,NA,NA,"<= day","daily",NA,NA,NA
"1972-03-24",3990,FALSE,NA,NA,"<= day","daily",NA,NA,NA
"1972-03-25",3290,FALSE,NA,NA,"<= day","daily",NA,NA,NA
"1972-03-26",2950,FALSE,NA,NA,"<= day","daily",NA,NA,NA
"1972-03-27",2950,FALSE,NA,NA,"<= day","daily",NA,NA,NA
"1972-03-28",2830,FALSE,NA,NA,"<= day","daily",NA,NA,NA
"1972-03-29",2950,FALSE,NA,NA,"<= day","daily",NA,NA,NA
"1972-03-30",2830,FALSE,NA,NA,"<= day","daily",NA,NA,NA
"1972-03-31",2720,FALSE,NA,NA,"<= day","daily",NA,NA,NA
"1972-04-01",2620,FALSE,NA,NA,"<= day","daily",NA,NA,NA
"1972-04-02",2620,FALSE,NA,NA,"<= day","daily",NA,NA,NA
"1972-04-03",2430,FALSE,NA,NA,"<= day","daily",NA,NA,NA
"1972-04-04",2430,FALSE,NA,NA,"<= day","daily",NA,NA,NA
"1972-04-05",2430,FALSE,NA,NA,"<= day","daily",NA,NA,NA
"1972-04-06",2530,FALSE,NA,NA,"<= day","daily",NA,NA,NA
"1972-04-07",3640,FALSE,NA,NA,"<= day","daily",NA,NA,NA
"1972-04-08",3520,FALSE,NA,NA,"<= day","daily",NA,NA,NA
"1972-04-09",3180,FALSE,NA,NA,"<= day","daily",NA,NA,NA
"1972-04-10",9320,FALSE,NA,NA,"<= day","daily",NA,NA,NA
"1972-04-11",7400,FALSE,NA,NA,"<= day","daily",NA,NA,NA
"1972-04-12",5360,FALSE,NA,NA,"<= day","daily",NA,NA,NA
"1972-04-13",5100,FALSE,NA,NA,"<= day","daily",NA,NA,NA
"1972-04-14",6840,FALSE,NA,NA,"<= day","daily",NA,NA,NA
"1972-04-15",8720,FALSE,NA,NA,"<= day","daily",NA,NA,NA
"1972-04-16",6420,FALSE,NA,NA,"<= day","daily",NA,NA,NA
"1972-04-17",25300,FALSE,NA,NA,"<= day","daily",NA,NA,NA
"1972-04-18",32600,FALSE,NA,NA,"<= day","daily",NA,NA,NA
"1972-04-19",32600,FALSE,NA,NA,"<= day","daily",NA,NA,NA
"1972-04-20",30500,FALSE,NA,NA,"<= day","daily",NA,NA,NA
"1972-04-21",17600,FALSE,NA,NA,"<= day","daily",NA,NA,NA
"1972-04-22",31100,FALSE,NA,NA,"<= day","daily",NA,NA,NA
"1972-04-23",29000,FALSE,NA,NA,"<= day","daily",NA,NA,NA
"1972-04-24",17400,FALSE,NA,NA,"<= day","daily",NA,NA,NA
"1972-04-25",11200,FALSE,NA,NA,"<= day","daily",NA,NA,NA
"1972-04-26",13400,FALSE,NA,NA,"<= day","daily",NA,NA,NA
"1972-04-27",12800,FALSE,NA,NA,"<= day","daily",NA,NA,NA
"1972-04-28",9460,FALSE,NA,NA,"<= day","daily",NA,NA,NA
"1972-04-29",7540,FALSE,NA,NA,"<= day","daily",NA,NA,NA
"1972-04-30",7120,FALSE,NA,NA,"<= day","daily",NA,NA,NA
"1972-05-01",6420,FALSE,NA,NA,"<= day","daily",NA,NA,NA
"1972-05-02",4970,FALSE,NA,NA,"<= day","daily",NA,NA,NA
"1972-05-03",4850,FALSE,NA,NA,"<= day","daily",NA,NA,NA
"1972-05-04",4730,FALSE,NA,NA,"<= day","daily",NA,NA,NA
"1972-05-05",4850,FALSE,NA,NA,"<= day","daily",NA,NA,NA
"1972-05-06",6560,FALSE,NA,NA,"<= day","daily",NA,NA,NA
"1972-05-07",5760,FALSE,NA,NA,"<= day","daily",NA,NA,NA
"1972-05-08",5100,FALSE,NA,NA,"<= day","daily",NA,NA,NA
"1972-05-09",4850,FALSE,NA,NA,"<= day","daily",NA,NA,NA
"1972-05-10",5100,FALSE,NA,NA,"<= day","daily",NA,NA,NA
"1972-05-11",7970,FALSE,NA,NA,"<= day","daily",NA,NA,NA
"1972-05-12",17400,FALSE,NA,NA,"<= day","daily",NA,NA,NA
"1972-05-13",18000,FALSE,NA,NA,"<= day","daily",NA,NA,NA
"1972-05-14",18500,FALSE,NA,NA,"<= day","daily",NA,NA,NA
"1972-05-15",28500,FALSE,NA,NA,"<= day","daily",NA,NA,NA
"1972-05-16",37900,FALSE,NA,NA,"<= day","daily",NA,NA,NA
"1972-05-17",39800,FALSE,NA,NA,"<= day","daily",NA,NA,NA
"1972-05-18",39800,FALSE,NA,NA,"<= day","daily",NA,NA,NA
"1972-05-19",38500,FALSE,NA,NA,"<= day","daily",NA,NA,NA
"1972-05-20",33700,FALSE,NA,NA,"<= day","daily",NA,NA,NA
"1972-05-21",15600,FALSE,NA,NA,"<= day","daily",NA,NA,NA
"1972-05-22",9320,FALSE,NA,NA,"<= day","daily",NA,NA,NA
"1972-05-23",6980,FALSE,NA,NA,"<= day","daily",NA,NA,NA
"1972-05-24",5760,FALSE,NA,NA,"<= day","daily",NA,NA,NA
"1972-05-25",5100,FALSE,NA,NA,"<= day","daily",NA,NA,NA
"1972-05-26",4860,FALSE,NA,NA,"<= day","daily",NA,NA,NA
"1972-05-27",4600,FALSE,NA,NA,"<= day","daily",NA,NA,NA
"1972-05-28",4970,FALSE,NA,NA,"<= day","daily",NA,NA,NA
"1972-05-29",7400,FALSE,NA,NA,"<= day","daily",NA,NA,NA
"1972-05-30",6150,FALSE,NA,NA,"<= day","daily",NA,NA,NA
"1972-05-31",5100,FALSE,NA,NA,"<= day","daily",NA,NA,NA
"1972-06-01",4850,FALSE,NA,NA,"<= day","daily",NA,NA,NA
"1972-06-02",7820,FALSE,NA,NA,"<= day","daily",NA,NA,NA
"1972-06-03",9020,FALSE,NA,NA,"<= day","daily",NA,NA,NA
"1972-06-04",23100,FALSE,NA,NA,"<= day","daily",NA,NA,NA
"1972-06-05",15200,FALSE,NA,NA,"<= day","daily",NA,NA,NA
"1972-06-06",8570,FALSE,NA,NA,"<= day","daily",NA,NA,NA
"1972-06-07",7540,FALSE,NA,NA,"<= day","daily",NA,NA,NA
"1972-06-08",5760,FALSE,NA,NA,"<= day","daily",NA,NA,NA
"1972-06-09",5100,FALSE,NA,NA,"<= day","daily",NA,NA,NA
"1972-06-10",4600,FALSE,NA,NA,"<= day","daily",NA,NA,NA
"1972-06-11",4480,FALSE,NA,NA,"<= day","daily",NA,NA,NA
"1972-06-12",4600,FALSE,NA,NA,"<= day","daily",NA,NA,NA
"1972-06-13",4480,FALSE,NA,NA,"<= day","daily",NA,NA,NA
"1972-06-14",4230,FALSE,NA,NA,"<= day","daily",NA,NA,NA
"1972-06-15",3990,FALSE,NA,NA,"<= day","daily",NA,NA,NA
"1972-06-16",3870,FALSE,NA,NA,"<= day","daily",NA,NA,NA
"1972-06-17",3870,FALSE,NA,NA,"<= day","daily",NA,NA,NA
"1972-06-18",3750,FALSE,NA,NA,"<= day","daily",NA,NA,NA
"1972-06-19",3640,FALSE,NA,NA,"<= day","daily",NA,NA,NA
"1972-06-20",3640,FALSE,NA,NA,"<= day","daily",NA,NA,NA
"1972-06-21",3410,FALSE,NA,NA,"<= day","daily",NA,NA,NA
"1972-06-22",3290,FALSE,NA,NA,"<= day","daily",NA,NA,NA
"1972-06-23",3410,FALSE,NA,NA,"<= day","daily",NA,NA,NA
"1972-06-24",3290,FALSE,NA,NA,"<= day","daily",NA,NA,NA
"1972-06-25",3180,FALSE,NA,NA,"<= day","daily",NA,NA,NA
"1972-06-26",3060,FALSE,NA,NA,"<= day","daily",NA,NA,NA
"1972-06-27",2950,FALSE,NA,NA,"<= day","daily",NA,NA,NA
"1972-06-28",2720,FALSE,NA,NA,"<= day","daily",NA,NA,NA
"1972-06-29",2720,FALSE,NA,NA,"<= day","daily",NA,NA,NA
"1972-06-30",2720,FALSE,NA,NA,"<= day","daily",NA,NA,NA
"1972-07-01",2720,FALSE,NA,NA,"<= day","daily",NA,NA,NA
"1972-07-02",2720,FALSE,NA,NA,"<= day","daily",NA,NA,NA
"1972-07-03",2620,FALSE,NA,NA,"<= day","daily",NA,NA,NA
"1972-07-04",2530,FALSE,NA,NA,"<= day","daily",NA,NA,NA
"1972-07-05",2530,FALSE,NA,NA,"<= day","daily",NA,NA,NA
"1972-07-06",2430,FALSE,NA,NA,"<= day","daily",NA,NA,NA
"1972-07-07",2530,FALSE,NA,NA,"<= day","daily",NA,NA,NA
"1972-07-08",2530,FALSE,NA,NA,"<= day","daily",NA,NA,NA
"1972-07-09",2340,FALSE,NA,NA,"<= day","daily",NA,NA,NA
"1972-07-10",2240,FALSE,NA,NA,"<= day","daily",NA,NA,NA
"1972-07-11",3060,FALSE,NA,NA,"<= day","daily",NA,NA,NA
"1972-07-12",5760,FALSE,NA,NA,"<= day","daily",NA,NA,NA
"1972-07-13",7400,FALSE,NA,NA,"<= day","daily",NA,NA,NA
"1972-07-14",16400,FALSE,NA,NA,"<= day","daily",NA,NA,NA
"1972-07-15",17400,FALSE,NA,NA,"<= day","daily",NA,NA,NA
"1972-07-16",14400,FALSE,NA,NA,"<= day","daily",NA,NA,NA
"1972-07-17",25700,FALSE,NA,NA,"<= day","daily",NA,NA,NA
"1972-07-18",17400,FALSE,NA,NA,"<= day","daily",NA,NA,NA
"1972-07-19",10200,FALSE,NA,NA,"<= day","daily",NA,NA,NA
"1972-07-20",7120,FALSE,NA,NA,"<= day","daily",NA,NA,NA
"1972-07-21",10500,FALSE,NA,NA,"<= day","daily",NA,NA,NA
"1972-07-22",12400,FALSE,NA,NA,"<= day","daily",NA,NA,NA
"1972-07-23",8120,FALSE,NA,NA,"<= day","daily",NA,NA,NA
"1972-07-24",7540,FALSE,NA,NA,"<= day","daily",NA,NA,NA
"1972-07-25",5890,FALSE,NA,NA,"<= day","daily",NA,NA,NA
"1972-07-26",6150,FALSE,NA,NA,"<= day","daily",NA,NA,NA
"1972-07-27",7970,FALSE,NA,NA,"<= day","daily",NA,NA,NA
"1972-07-28",6700,FALSE,NA,NA,"<= day","daily",NA,NA,NA
"1972-07-29",7680,FALSE,NA,NA,"<= day","daily",NA,NA,NA
"1972-07-30",4850,FALSE,NA,NA,"<= day","daily",NA,NA,NA
"1972-07-31",4850,FALSE,NA,NA,"<= day","daily",NA,NA,NA
"1972-08-01",4600,FALSE,NA,NA,"<= day","daily",NA,NA,NA
"1972-08-02",4730,FALSE,NA,NA,"<= day","daily",NA,NA,NA
"1972-08-03",5100,FALSE,NA,NA,"<= day","daily",NA,NA,NA
"1972-08-04",6840,FALSE,NA,NA,"<= day","daily",NA,NA,NA
"1972-08-05",6560,FALSE,NA,NA,"<= day","daily",NA,NA,NA
"1972-08-06",5490,FALSE,NA,NA,"<= day","daily",NA,NA,NA
"1972-08-07",4600,FALSE,NA,NA,"<= day","daily",NA,NA,NA
"1972-08-08",4480,FALSE,NA,NA,"<= day","daily",NA,NA,NA
"1972-08-09",3990,FALSE,NA,NA,"<= day","daily",NA,NA,NA
"1972-08-10",3870,FALSE,NA,NA,"<= day","daily",NA,NA,NA
"1972-08-11",3750,FALSE,NA,NA,"<= day","daily",NA,NA,NA
"1972-08-12",3750,FALSE,NA,NA,"<= day","daily",NA,NA,NA
"1972-08-13",3180,FALSE,NA,NA,"<= day","daily",NA,NA,NA
"1972-08-14",3290,FALSE,NA,NA,"<= day","daily",NA,NA,NA
"1972-08-15",3180,FALSE,NA,NA,"<= day","daily",NA,NA,NA
"1972-08-16",3060,FALSE,NA,NA,"<= day","daily",NA,NA,NA
"1972-08-17",3180,FALSE,NA,NA,"<= day","daily",NA,NA,NA
"1972-08-18",3520,FALSE,NA,NA,"<= day","daily",NA,NA,NA
"1972-08-19",5760,FALSE,NA,NA,"<= day","daily",NA,NA,NA
"1972-08-20",18700,FALSE,NA,NA,"<= day","daily",NA,NA,NA
"1972-08-21",29000,FALSE,NA,NA,"<= day","daily",NA,NA,NA
"1972-08-22",18500,FALSE,NA,NA,"<= day","daily",NA,NA,NA
"1972-08-23",20000,FALSE,NA,NA,"<= day","daily",NA,NA,NA
"1972-08-24",7400,FALSE,NA,NA,"<= day","daily",NA,NA,NA
"1972-08-25",6700,FALSE,NA,NA,"<= day","daily",NA,NA,NA
"1972-08-26",6280,FALSE,NA,NA,"<= day","daily",NA,NA,NA
"1972-08-27",5230,FALSE,NA,NA,"<= day","daily",NA,NA,NA
"1972-08-28",3990,FALSE,NA,NA,"<= day","daily",NA,NA,NA
"1972-08-29",3990,FALSE,NA,NA,"<= day","daily",NA,NA,NA
"1972-08-30",3870,FALSE,NA,NA,"<= day","daily",NA,NA,NA
"1972-08-31",3870,FALSE,NA,NA,"<= day","daily",NA,NA,NA
"1972-09-01",3640,FALSE,NA,NA,"<= day","daily",NA,NA,NA
"1972-09-02",3410,FALSE,NA,NA,"<= day","daily",NA,NA,NA
"1972-09-03",3410,FALSE,NA,NA,"<= day","daily",NA,NA,NA
"1972-09-04",3290,FALSE,NA,NA,"<= day","daily",NA,NA,NA
"1972-09-05",3060,FALSE,NA,NA,"<= day","daily",NA,NA,NA
"1972-09-06",3060,FALSE,NA,NA,"<= day","daily",NA,NA,NA
"1972-09-07",2950,FALSE,NA,NA,"<= day","daily",NA,NA,NA
"1972-09-08",2830,FALSE,NA,NA,"<= day","daily",NA,NA,NA
"1972-09-09",2830,FALSE,NA,NA,"<= day","daily",NA,NA,NA
"1972-09-10",9760,FALSE,NA,NA,"<= day","daily",NA,NA,NA
"1972-09-11",6560,FALSE,NA,NA,"<= day","daily",NA,NA,NA
"1972-09-12",20000,FALSE,NA,NA,"<= day","daily",NA,NA,NA
"1972-09-13",22700,FALSE,NA,NA,"<= day","daily",NA,NA,NA
"1972-09-14",10200,FALSE,NA,NA,"<= day","daily",NA,NA,NA
"1972-09-15",7120,FALSE,NA,NA,"<= day","daily",NA,NA,NA
"1972-09-16",6420,FALSE,NA,NA,"<= day","daily",NA,NA,NA
"1972-09-17",11700,FALSE,NA,NA,"<= day","daily",NA,NA,NA
"1972-09-18",11700,FALSE,NA,NA,"<= day","daily",NA,NA,NA
"1972-09-19",9460,FALSE,NA,NA,"<= day","daily",NA,NA,NA
"1972-09-20",7820,FALSE,NA,NA,"<= day","daily",NA,NA,NA
"1972-09-21",6420,FALSE,NA,NA,"<= day","daily",NA,NA,NA
"1972-09-22",5620,FALSE,NA,NA,"<= day","daily",NA,NA,NA
"1972-09-23",5100,FALSE,NA,NA,"<= day","daily",NA,NA,NA
"1972-09-24",5100,FALSE,NA,NA,"<= day","daily",NA,NA,NA
"1972-09-25",4850,FALSE,NA,NA,"<= day","daily",NA,NA,NA
"1972-09-26",4600,FALSE,NA,NA,"<= day","daily",NA,NA,NA
"1972-09-27",4360,FALSE,NA,NA,"<= day","daily",NA,NA,NA
"1972-09-28",3990,FALSE,NA,NA,"<= day","daily",NA,NA,NA
"1972-09-29",3870,FALSE,NA,NA,"<= day","daily",NA,NA,NA
"1972-09-30",3870,FALSE,NA,NA,"<= day","daily",NA,NA,NA
"1972-10-01",3750,FALSE,NA,NA,"<= day","daily",NA,NA,NA
"1972-10-02",3520,FALSE,NA,NA,"<= day","daily",NA,NA,NA
"1972-10-03",3180,FALSE,NA,NA,"<= day","daily",NA,NA,NA
"1972-10-04",2950,FALSE,NA,NA,"<= day","daily",NA,NA,NA
"1972-10-05",2720,FALSE,NA,NA,"<= day","daily",NA,NA,NA
"1972-10-06",2720,FALSE,NA,NA,"<= day","daily",NA,NA,NA
"1972-10-07",2720,FALSE,NA,NA,"<= day","daily",NA,NA,NA
"1972-10-08",2620,FALSE,NA,NA,"<= day","daily",NA,NA,NA
"1972-10-09",2620,FALSE,NA,NA,"<= day","daily",NA,NA,NA
"1972-10-10",2720,FALSE,NA,NA,"<= day","daily",NA,NA,NA
"1972-10-11",2830,FALSE,NA,NA,"<= day","daily",NA,NA,NA
"1972-10-12",2530,FALSE,NA,NA,"<= day","daily",NA,NA,NA
"1972-10-13",2530,FALSE,NA,NA,"<= day","daily",NA,NA,NA
"1972-10-14",2430,FALSE,NA,NA,"<= day","daily",NA,NA,NA
"1972-10-15",2340,FALSE,NA,NA,"<= day","daily",NA,NA,NA
"1972-10-16",2240,FALSE,NA,NA,"<= day","daily",NA,NA,NA
"1972-10-17",2240,FALSE,NA,NA,"<= day","daily",NA,NA,NA
"1972-10-18",2150,FALSE,NA,NA,"<= day","daily",NA,NA,NA
"1972-10-19",2150,FALSE,NA,NA,"<= day","daily",NA,NA,NA
"1972-10-20",2150,FALSE,NA,NA,"<= day","daily",NA,NA,NA
"1972-10-21",2150,FALSE,NA,NA,"<= day","daily",NA,NA,NA
"1972-10-22",2150,FALSE,NA,NA,"<= day","daily",NA,NA,NA
"1972-10-23",2240,FALSE,NA,NA,"<= day","daily",NA,NA,NA
"1972-10-24",2150,FALSE,NA,NA,"<= day","daily",NA,NA,NA
"1972-10-25",2050,FALSE,NA,NA,"<= day","daily",NA,NA,NA
"1972-10-26",1960,FALSE,NA,NA,"<= day","daily",NA,NA,NA
"1972-10-27",1960,FALSE,NA,NA,"<= day","daily",NA,NA,NA
"1972-10-28",1860,FALSE,NA,NA,"<= day","daily",NA,NA,NA
"1972-10-29",2050,FALSE,NA,NA,"<= day","daily",NA,NA,NA
"1972-10-30",14800,FALSE,NA,NA,"<= day","daily",NA,NA,NA
"1972-10-31",12600,FALSE,NA,NA,"<= day","daily",NA,NA,NA
"1972-11-01",5760,FALSE,NA,NA,"<= day","daily",NA,NA,NA
"1972-11-02",5230,FALSE,NA,NA,"<= day","daily",NA,NA,NA
"1972-11-03",4850,FALSE,NA,NA,"<= day","daily",NA,NA,NA
"1972-11-04",4110,FALSE,NA,NA,"<= day","daily",NA,NA,NA
"1972-11-05",3870,FALSE,NA,NA,"<= day","daily",NA,NA,NA
"1972-11-06",3640,FALSE,NA,NA,"<= day","daily",NA,NA,NA
"1972-11-07",3180,FALSE,NA,NA,"<= day","daily",NA,NA,NA
"1972-11-08",2830,FALSE,NA,NA,"<= day","daily",NA,NA,NA
"1972-11-09",2720,FALSE,NA,NA,"<= day","daily",NA,NA,NA
"1972-11-10",2720,FALSE,NA,NA,"<= day","daily",NA,NA,NA
"1972-11-11",2720,FALSE,NA,NA,"<= day","daily",NA,NA,NA
"1972-11-12",2720,FALSE,NA,NA,"<= day","daily",NA,NA,NA
"1972-11-13",5620,FALSE,NA,NA,"<= day","daily",NA,NA,NA
"1972-11-14",7120,FALSE,NA,NA,"<= day","daily",NA,NA,NA
"1972-11-15",8270,FALSE,NA,NA,"<= day","daily",NA,NA,NA
"1972-11-16",16200,FALSE,NA,NA,"<= day","daily",NA,NA,NA
"1972-11-17",22000,FALSE,NA,NA,"<= day","daily",NA,NA,NA
"1972-11-18",17600,FALSE,NA,NA,"<= day","daily",NA,NA,NA
"1972-11-19",22000,FALSE,NA,NA,"<= day","daily",NA,NA,NA
"1972-11-20",22400,FALSE,NA,NA,"<= day","daily",NA,NA,NA
"1972-11-21",20200,FALSE,NA,NA,"<= day","daily",NA,NA,NA
"1972-11-22",23100,FALSE,NA,NA,"<= day","daily",NA,NA,NA
"1972-11-23",22400,FALSE,NA,NA,"<= day","daily",NA,NA,NA
"1972-11-24",27700,FALSE,NA,NA,"<= day","daily",NA,NA,NA
"1972-11-25",28500,FALSE,NA,NA,"<= day","daily",NA,NA,NA
"1972-11-26",19500,FALSE,NA,NA,"<= day","daily",NA,NA,NA
"1972-11-27",15400,FALSE,NA,NA,"<= day","daily",NA,NA,NA
"1972-11-28",10900,FALSE,NA,NA,"<= day","daily",NA,NA,NA
"1972-11-29",8720,FALSE,NA,NA,"<= day","daily",NA,NA,NA
"1972-11-30",7820,FALSE,NA,NA,"<= day","daily",NA,NA,NA
"1972-12-01",7540,FALSE,NA,NA,"<= day","daily",NA,NA,NA
"1972-12-02",11200,FALSE,NA,NA,"<= day","daily",NA,NA,NA
"1972-12-03",17000,FALSE,NA,NA,"<= day","daily",NA,NA,NA
"1972-12-04",21700,FALSE,NA,NA,"<= day","daily",NA,NA,NA
"1972-12-05",27700,FALSE,NA,NA,"<= day","daily",NA,NA,NA
"1972-12-06",24500,FALSE,NA,NA,"<= day","daily",NA,NA,NA
"1972-12-07",19000,FALSE,NA,NA,"<= day","daily",NA,NA,NA
"1972-12-08",15600,FALSE,NA,NA,"<= day","daily",NA,NA,NA
"1972-12-09",10200,FALSE,NA,NA,"<= day","daily",NA,NA,NA
"1972-12-10",11900,FALSE,NA,NA,"<= day","daily",NA,NA,NA
"1972-12-11",23400,FALSE,NA,NA,"<= day","daily",NA,NA,NA
"1972-12-12",17800,FALSE,NA,NA,"<= day","daily",NA,NA,NA
"1972-12-13",11900,FALSE,NA,NA,"<= day","daily",NA,NA,NA
"1972-12-14",8870,FALSE,NA,NA,"<= day","daily",NA,NA,NA
"1972-12-15",7260,FALSE,NA,NA,"<= day","daily",NA,NA,NA
"1972-12-16",6420,FALSE,NA,NA,"<= day","daily",NA,NA,NA
"1972-12-17",5890,FALSE,NA,NA,"<= day","daily",NA,NA,NA
"1972-12-18",5490,FALSE,NA,NA,"<= day","daily",NA,NA,NA
"1972-12-19",5100,FALSE,NA,NA,"<= day","daily",NA,NA,NA
"1972-12-20",5100,FALSE,NA,NA,"<= day","daily",NA,NA,NA
"1972-12-21",5100,FALSE,NA,NA,"<= day","daily",NA,NA,NA
"1972-12-22",4850,FALSE,NA,NA,"<= day","daily",NA,NA,NA
"1972-12-23",4600,FALSE,NA,NA,"<= day","daily",NA,NA,NA
"1972-12-24",4480,FALSE,NA,NA,"<= day","daily",NA,NA,NA
"1972-12-25",4360,FALSE,NA,NA,"<= day","daily",NA,NA,NA
"1972-12-26",4230,FALSE,NA,NA,"<= day","daily",NA,NA,NA
"1972-12-27",4110,FALSE,NA,NA,"<= day","daily",NA,NA,NA
"1972-12-28",3990,FALSE,NA,NA,"<= day","daily",NA,NA,NA
"1972-12-29",3870,FALSE,NA,NA,"<= day","daily",NA,NA,NA
"1972-12-30",3640,FALSE,NA,NA,"<= day","daily",NA,NA,NA
"1972-12-31",3410,FALSE,NA,NA,"<= day","daily",NA,NA,NA
"1976-01-01",3200,FALSE,NA,NA,"<= day","daily",NA,NA,NA
"1976-01-02",3000,FALSE,NA,NA,"<= day","daily",NA,NA,NA
"1976-01-03",3000,FALSE,NA,NA,"<= day","daily",NA,NA,NA
"1976-01-04",2900,FALSE,NA,NA,"<= day","daily",NA,NA,NA
"1976-01-05",2900,FALSE,NA,NA,"<= day","daily",NA,NA,NA
"1976-01-06",2710,FALSE,NA,NA,"<= day","daily",NA,NA,NA
"1976-01-07",2620,FALSE,NA,NA,"<= day","daily",NA,NA,NA
"1976-01-08",2520,FALSE,NA,NA,"<= day","daily",NA,NA,NA
"1976-01-09",2340,FALSE,NA,NA,"<= day","daily",NA,NA,NA
"1976-01-10",2250,FALSE,NA,NA,"<= day","daily",NA,NA,NA
"1976-01-11",2170,FALSE,NA,NA,"<= day","daily",NA,NA,NA
"1976-01-12",2170,FALSE,NA,NA,"<= day","daily",NA,NA,NA
"1976-01-13",2170,FALSE,NA,NA,"<= day","daily",NA,NA,NA
"1976-01-14",2170,FALSE,NA,NA,"<= day","daily",NA,NA,NA
"1976-01-15",2080,FALSE,NA,NA,"<= day","daily",NA,NA,NA
"1976-01-16",2000,FALSE,NA,NA,"<= day","daily",NA,NA,NA
"1976-01-17",1920,FALSE,NA,NA,"<= day","daily",NA,NA,NA
"1976-01-18",1830,FALSE,NA,NA,"<= day","daily",NA,NA,NA
"1976-01-19",2080,FALSE,NA,NA,"<= day","daily",NA,NA,NA
"1976-01-20",1920,FALSE,NA,NA,"<= day","daily",NA,NA,NA
"1976-01-21",1750,FALSE,NA,NA,"<= day","daily",NA,NA,NA
"1976-01-22",1750,FALSE,NA,NA,"<= day","daily",NA,NA,NA
"1976-01-23",1750,FALSE,NA,NA,"<= day","daily",NA,NA,NA
"1976-01-24",1750,FALSE,NA,NA,"<= day","daily",NA,NA,NA
"1976-01-25",1750,FALSE,NA,NA,"<= day","daily",NA,NA,NA
"1976-01-26",1750,FALSE,NA,NA,"<= day","daily",NA,NA,NA
"1976-01-27",1750,FALSE,NA,NA,"<= day","daily",NA,NA,NA
"1976-01-28",1750,FALSE,NA,NA,"<= day","daily",NA,NA,NA
"1976-01-29",1680,FALSE,NA,NA,"<= day","daily",NA,NA,NA
"1976-01-30",1680,FALSE,NA,NA,"<= day","daily",NA,NA,NA
"1976-01-31",1600,FALSE,NA,NA,"<= day","daily",NA,NA,NA
"1976-02-01",1600,FALSE,NA,NA,"<= day","daily",NA,NA,NA
"1976-02-02",1600,FALSE,NA,NA,"<= day","daily",NA,NA,NA
"1976-02-03",1600,FALSE,NA,NA,"<= day","daily",NA,NA,NA
"1976-02-04",1600,FALSE,NA,NA,"<= day","daily",NA,NA,NA
"1976-02-05",1600,FALSE,NA,NA,"<= day","daily",NA,NA,NA
"1976-02-06",1600,FALSE,NA,NA,"<= day","daily",NA,NA,NA
"1976-02-07",1600,FALSE,NA,NA,"<= day","daily",NA,NA,NA
"1976-02-08",1600,FALSE,NA,NA,"<= day","daily",NA,NA,NA
"1976-02-09",1600,FALSE,NA,NA,"<= day","daily",NA,NA,NA
"1976-02-10",1600,FALSE,NA,NA,"<= day","daily",NA,NA,NA
"1976-02-11",1600,FALSE,NA,NA,"<= day","daily",NA,NA,NA
"1976-02-12",1600,FALSE,NA,NA,"<= day","daily",NA,NA,NA
"1976-02-13",1600,FALSE,NA,NA,"<= day","daily",NA,NA,NA
"1976-02-14",1600,FALSE,NA,NA,"<= day","daily",NA,NA,NA
"1976-02-15",1600,FALSE,NA,NA,"<= day","daily",NA,NA,NA
"1976-02-16",1600,FALSE,NA,NA,"<= day","daily",NA,NA,NA
"1976-02-17",1680,FALSE,NA,NA,"<= day","daily",NA,NA,NA
"1976-02-18",1830,FALSE,NA,NA,"<= day","daily",NA,NA,NA
"1976-02-19",1920,FALSE,NA,NA,"<= day","daily",NA,NA,NA
"1976-02-20",1920,FALSE,NA,NA,"<= day","daily",NA,NA,NA
"1976-02-21",1830,FALSE,NA,NA,"<= day","daily",NA,NA,NA
"1976-02-22",1920,FALSE,NA,NA,"<= day","daily",NA,NA,NA
"1976-02-23",2000,FALSE,NA,NA,"<= day","daily",NA,NA,NA
"1976-02-24",2080,FALSE,NA,NA,"<= day","daily",NA,NA,NA
"1976-02-25",2340,FALSE,NA,NA,"<= day","daily",NA,NA,NA
"1976-02-26",2620,FALSE,NA,NA,"<= day","daily",NA,NA,NA
"1976-02-27",2430,FALSE,NA,NA,"<= day","daily",NA,NA,NA
"1976-02-28",3830,FALSE,NA,NA,"<= day","daily",NA,NA,NA
"1976-03-01",5700,FALSE,NA,NA,"<= day","daily",NA,NA,NA
"1976-03-02",7280,FALSE,NA,NA,"<= day","daily",NA,NA,NA
"1976-03-03",9860,FALSE,NA,NA,"<= day","daily",NA,NA,NA
"1976-03-04",8820,FALSE,NA,NA,"<= day","daily",NA,NA,NA
"1976-03-05",6740,FALSE,NA,NA,"<= day","daily",NA,NA,NA
"1976-03-06",5090,FALSE,NA,NA,"<= day","daily",NA,NA,NA
"1976-03-07",4730,FALSE,NA,NA,"<= day","daily",NA,NA,NA
"1976-03-08",4500,FALSE,NA,NA,"<= day","daily",NA,NA,NA
"1976-03-09",4620,FALSE,NA,NA,"<= day","daily",NA,NA,NA
"1976-03-10",4160,FALSE,NA,NA,"<= day","daily",NA,NA,NA
"1976-03-11",3940,FALSE,NA,NA,"<= day","daily",NA,NA,NA
"1976-03-12",4160,FALSE,NA,NA,"<= day","daily",NA,NA,NA
"1976-03-13",3610,FALSE,NA,NA,"<= day","daily",NA,NA,NA
"1976-03-14",3410,FALSE,NA,NA,"<= day","daily",NA,NA,NA
"1976-03-15",3200,FALSE,NA,NA,"<= day","daily",NA,NA,NA
"1976-03-16",3000,FALSE,NA,NA,"<= day","daily",NA,NA,NA
"1976-03-17",3200,FALSE,NA,NA,"<= day","daily",NA,NA,NA
"1976-03-18",4390,FALSE,NA,NA,"<= day","daily",NA,NA,NA
"1976-03-19",5700,FALSE,NA,NA,"<= day","daily",NA,NA,NA
"1976-03-20",7970,FALSE,NA,NA,"<= day","daily",NA,NA,NA
"1976-03-21",11700,FALSE,NA,NA,"<= day","daily",NA,NA,NA
"1976-03-22",10200,FALSE,NA,NA,"<= day","daily",NA,NA,NA
"1976-03-23",7280,FALSE,NA,NA,"<= day","daily",NA,NA,NA
"1976-03-24",6340,FALSE,NA,NA,"<= day","daily",NA,NA,NA
"1976-03-25",5700,FALSE,NA,NA,"<= day","daily",NA,NA,NA
"1976-03-26",5700,FALSE,NA,NA,"<= day","daily",NA,NA,NA
"1976-03-27",7970,FALSE,NA,NA,"<= day","daily",NA,NA,NA
"1976-03-28",14000,FALSE,NA,NA,"<= day","daily",NA,NA,NA
"1976-03-29",17600,FALSE,NA,NA,"<= day","daily",NA,NA,NA
"1976-03-30",17800,FALSE,NA,NA,"<= day","daily",NA,NA,NA
"1976-03-31",17500,FALSE,NA,NA,"<= day","daily",NA,NA,NA
"1976-04-01",17500,FALSE,NA,NA,"<= day","daily",NA,NA,NA
"1976-04-02",16700,FALSE,NA,NA,"<= day","daily",NA,NA,NA
"1976-04-03",15700,FALSE,NA,NA,"<= day","daily",NA,NA,NA
"1976-04-04",14700,FALSE,NA,NA,"<= day","daily",NA,NA,NA
"1976-04-05",12500,FALSE,NA,NA,"<= day","daily",NA,NA,NA
"1976-04-06",9410,FALSE,NA,NA,"<= day","daily",NA,NA,NA
"1976-04-07",7690,FALSE,NA,NA,"<= day","daily",NA,NA,NA
"1976-04-08",7280,FALSE,NA,NA,"<= day","daily",NA,NA,NA
"1976-04-09",12200,FALSE,NA,NA,"<= day","daily",NA,NA,NA
"1976-04-10",9710,FALSE,NA,NA,"<= day","daily",NA,NA,NA
"1976-04-11",6340,FALSE,NA,NA,"<= day","daily",NA,NA,NA
"1976-04-12",5450,FALSE,NA,NA,"<= day","daily",NA,NA,NA
"1976-04-13",4970,FALSE,NA,NA,"<= day","daily",NA,NA,NA
"1976-04-14",4850,FALSE,NA,NA,"<= day","daily",NA,NA,NA
"1976-04-15",4620,FALSE,NA,NA,"<= day","daily",NA,NA,NA
"1976-04-16",4500,FALSE,NA,NA,"<= day","daily",NA,NA,NA
"1976-04-17",4620,FALSE,NA,NA,"<= day","daily",NA,NA,NA
"1976-04-18",4620,FALSE,NA,NA,"<= day","daily",NA,NA,NA
"1976-04-19",4620,FALSE,NA,NA,"<= day","daily",NA,NA,NA
"1976-04-20",4390,FALSE,NA,NA,"<= day","daily",NA,NA,NA
"1976-04-21",4050,FALSE,NA,NA,"<= day","daily",NA,NA,NA
"1976-04-22",3940,FALSE,NA,NA,"<= day","daily",NA,NA,NA
"1976-04-23",4160,FALSE,NA,NA,"<= day","daily",NA,NA,NA
"1976-04-24",14500,FALSE,NA,NA,"<= day","daily",NA,NA,NA
"1976-04-25",19500,FALSE,NA,NA,"<= day","daily",NA,NA,NA
"1976-04-26",16000,FALSE,NA,NA,"<= day","daily",NA,NA,NA
"1976-04-27",17100,FALSE,NA,NA,"<= day","daily",NA,NA,NA
"1976-04-28",23500,FALSE,NA,NA,"<= day","daily",NA,NA,NA
"1976-04-29",15500,FALSE,NA,NA,"<= day","daily",NA,NA,NA
"1976-04-30",12500,FALSE,NA,NA,"<= day","daily",NA,NA,NA
"1976-05-01",11100,FALSE,NA,NA,"<= day","daily",NA,NA,NA
"1976-05-02",9260,FALSE,NA,NA,"<= day","daily",NA,NA,NA
"1976-05-03",8110,FALSE,NA,NA,"<= day","daily",NA,NA,NA
"1976-05-04",6080,FALSE,NA,NA,"<= day","daily",NA,NA,NA
"1976-05-05",5330,FALSE,NA,NA,"<= day","daily",NA,NA,NA
"1976-05-06",4730,FALSE,NA,NA,"<= day","daily",NA,NA,NA
"1976-05-07",4620,FALSE,NA,NA,"<= day","daily",NA,NA,NA
"1976-05-08",4620,FALSE,NA,NA,"<= day","daily",NA,NA,NA
"1976-05-09",4390,FALSE,NA,NA,"<= day","daily",NA,NA,NA
"1976-05-10",4270,FALSE,NA,NA,"<= day","daily",NA,NA,NA
"1976-05-11",4050,FALSE,NA,NA,"<= day","daily",NA,NA,NA
"1976-05-12",3830,FALSE,NA,NA,"<= day","daily",NA,NA,NA
"1976-05-13",3610,FALSE,NA,NA,"<= day","daily",NA,NA,NA
"1976-05-14",3510,FALSE,NA,NA,"<= day","daily",NA,NA,NA
"1976-05-15",3410,FALSE,NA,NA,"<= day","daily",NA,NA,NA
"1976-05-16",3100,FALSE,NA,NA,"<= day","daily",NA,NA,NA
"1976-05-17",2900,FALSE,NA,NA,"<= day","daily",NA,NA,NA
"1976-05-18",2810,FALSE,NA,NA,"<= day","daily",NA,NA,NA
"1976-05-19",2810,FALSE,NA,NA,"<= day","daily",NA,NA,NA
"1976-05-20",2710,FALSE,NA,NA,"<= day","daily",NA,NA,NA
"1976-05-21",2520,FALSE,NA,NA,"<= day","daily",NA,NA,NA
"1976-05-22",2430,FALSE,NA,NA,"<= day","daily",NA,NA,NA
"1976-05-23",2430,FALSE,NA,NA,"<= day","daily",NA,NA,NA
"1976-05-24",2340,FALSE,NA,NA,"<= day","daily",NA,NA,NA
"1976-05-25",2340,FALSE,NA,NA,"<= day","daily",NA,NA,NA
"1976-05-26",2250,FALSE,NA,NA,"<= day","daily",NA,NA,NA
"1976-05-27",2250,FALSE,NA,NA,"<= day","daily",NA,NA,NA
"1976-05-28",2620,FALSE,NA,NA,"<= day","daily",NA,NA,NA
"1976-05-29",5830,FALSE,NA,NA,"<= day","daily",NA,NA,NA
"1976-05-30",4500,FALSE,NA,NA,"<= day","daily",NA,NA,NA
"1976-05-31",3940,FALSE,NA,NA,"<= day","daily",NA,NA,NA
"1976-06-01",3410,FALSE,NA,NA,"<= day","daily",NA,NA,NA
"1976-06-02",3510,FALSE,NA,NA,"<= day","daily",NA,NA,NA
"1976-06-03",13700,FALSE,NA,NA,"<= day","daily",NA,NA,NA
"1976-06-04",13200,FALSE,NA,NA,"<= day","daily",NA,NA,NA
"1976-06-05",8680,FALSE,NA,NA,"<= day","daily",NA,NA,NA
"1976-06-06",7000,FALSE,NA,NA,"<= day","daily",NA,NA,NA
"1976-06-07",5090,FALSE,NA,NA,"<= day","daily",NA,NA,NA
"1976-06-08",4620,FALSE,NA,NA,"<= day","daily",NA,NA,NA
"1976-06-09",4500,FALSE,NA,NA,"<= day","daily",NA,NA,NA
"1976-06-10",4050,FALSE,NA,NA,"<= day","daily",NA,NA,NA
"1976-06-11",3720,FALSE,NA,NA,"<= day","daily",NA,NA,NA
"1976-06-12",3940,FALSE,NA,NA,"<= day","daily",NA,NA,NA
"1976-06-13",3720,FALSE,NA,NA,"<= day","daily",NA,NA,NA
"1976-06-14",3610,FALSE,NA,NA,"<= day","daily",NA,NA,NA
"1976-06-15",3510,FALSE,NA,NA,"<= day","daily",NA,NA,NA
"1976-06-16",3200,FALSE,NA,NA,"<= day","daily",NA,NA,NA
"1976-06-17",4050,FALSE,NA,NA,"<= day","daily",NA,NA,NA
"1976-06-18",6470,FALSE,NA,NA,"<= day","daily",NA,NA,NA
"1976-06-19",4390,FALSE,NA,NA,"<= day","daily",NA,NA,NA
"1976-06-20",4050,FALSE,NA,NA,"<= day","daily",NA,NA,NA
"1976-06-21",3300,FALSE,NA,NA,"<= day","daily",NA,NA,NA
"1976-06-22",3410,FALSE,NA,NA,"<= day","daily",NA,NA,NA
"1976-06-23",3410,FALSE,NA,NA,"<= day","daily",NA,NA,NA
"1976-06-24",2810,FALSE,NA,NA,"<= day","daily",NA,NA,NA
"1976-06-25",2710,FALSE,NA,NA,"<= day","daily",NA,NA,NA
"1976-06-26",2520,FALSE,NA,NA,"<= day","daily",NA,NA,NA
"1976-06-27",2250,FALSE,NA,NA,"<= day","daily",NA,NA,NA
"1976-06-28",2170,FALSE,NA,NA,"<= day","daily",NA,NA,NA
"1976-06-29",2080,FALSE,NA,NA,"<= day","daily",NA,NA,NA
"1976-06-30",2080,FALSE,NA,NA,"<= day","daily",NA,NA,NA
"1976-07-01",2080,FALSE,NA,NA,"<= day","daily",NA,NA,NA
"1976-07-02",1920,FALSE,NA,NA,"<= day","daily",NA,NA,NA
"1976-07-03",1680,FALSE,NA,NA,"<= day","daily",NA,NA,NA
"1976-07-04",1680,FALSE,NA,NA,"<= day","daily",NA,NA,NA
"1976-07-05",1680,FALSE,NA,NA,"<= day","daily",NA,NA,NA
"1976-07-06",1680,FALSE,NA,NA,"<= day","daily",NA,NA,NA
"1976-07-07",1680,FALSE,NA,NA,"<= day","daily",NA,NA,NA
"1976-07-08",1680,FALSE,NA,NA,"<= day","daily",NA,NA,NA
"1976-07-09",1680,FALSE,NA,NA,"<= day","daily",NA,NA,NA
"1976-07-10",1750,FALSE,NA,NA,"<= day","daily",NA,NA,NA
"1976-07-11",1680,FALSE,NA,NA,"<= day","daily",NA,NA,NA
"1976-07-12",1680,FALSE,NA,NA,"<= day","daily",NA,NA,NA
"1976-07-13",5330,FALSE,NA,NA,"<= day","daily",NA,NA,NA
"1976-07-14",5210,FALSE,NA,NA,"<= day","daily",NA,NA,NA
"1976-07-15",4160,FALSE,NA,NA,"<= day","daily",NA,NA,NA
"1976-07-16",3000,FALSE,NA,NA,"<= day","daily",NA,NA,NA
"1976-07-17",2620,FALSE,NA,NA,"<= day","daily",NA,NA,NA
"1976-07-18",2430,FALSE,NA,NA,"<= day","daily",NA,NA,NA
"1976-07-19",2900,FALSE,NA,NA,"<= day","daily",NA,NA,NA
"1976-07-20",1920,FALSE,NA,NA,"<= day","daily",NA,NA,NA
"1976-07-21",1830,FALSE,NA,NA,"<= day","daily",NA,NA,NA
"1976-07-22",1750,FALSE,NA,NA,"<= day","daily",NA,NA,NA
"1976-07-23",2620,FALSE,NA,NA,"<= day","daily",NA,NA,NA
"1976-07-24",8540,FALSE,NA,NA,"<= day","daily",NA,NA,NA
"1976-07-25",7830,FALSE,NA,NA,"<= day","daily",NA,NA,NA
"1976-07-26",4970,FALSE,NA,NA,"<= day","daily",NA,NA,NA
"1976-07-27",10200,FALSE,NA,NA,"<= day","daily",NA,NA,NA
"1976-07-28",9260,FALSE,NA,NA,"<= day","daily",NA,NA,NA
"1976-07-29",12400,FALSE,NA,NA,"<= day","daily",NA,NA,NA
"1976-07-30",10900,FALSE,NA,NA,"<= day","daily",NA,NA,NA
"1976-07-31",5960,FALSE,NA,NA,"<= day","daily",NA,NA,NA
"1976-08-01",6340,FALSE,NA,NA,"<= day","daily",NA,NA,NA
"1976-08-02",13500,FALSE,NA,NA,"<= day","daily",NA,NA,NA
"1976-08-03",11400,FALSE,NA,NA,"<= day","daily",NA,NA,NA
"1976-08-04",7140,FALSE,NA,NA,"<= day","daily",NA,NA,NA
"1976-08-05",5830,FALSE,NA,NA,"<= day","daily",NA,NA,NA
"1976-08-06",4850,FALSE,NA,NA,"<= day","daily",NA,NA,NA
"1976-08-07",4620,FALSE,NA,NA,"<= day","daily",NA,NA,NA
"1976-08-08",3940,FALSE,NA,NA,"<= day","daily",NA,NA,NA
"1976-08-09",3940,FALSE,NA,NA,"<= day","daily",NA,NA,NA
"1976-08-10",3940,FALSE,NA,NA,"<= day","daily",NA,NA,NA
"1976-08-11",8110,FALSE,NA,NA,"<= day","daily",NA,NA,NA
"1976-08-12",10500,FALSE,NA,NA,"<= day","daily",NA,NA,NA
"1976-08-13",6600,FALSE,NA,NA,"<= day","daily",NA,NA,NA
"1976-08-14",5580,FALSE,NA,NA,"<= day","daily",NA,NA,NA
"1976-08-15",5210,FALSE,NA,NA,"<= day","daily",NA,NA,NA
"1976-08-16",4850,FALSE,NA,NA,"<= day","daily",NA,NA,NA
"1976-08-17",5830,FALSE,NA,NA,"<= day","daily",NA,NA,NA
"1976-08-18",9710,FALSE,NA,NA,"<= day","daily",NA,NA,NA
"1976-08-19",9410,FALSE,NA,NA,"<= day","daily",NA,NA,NA
"1976-08-20",7970,FALSE,NA,NA,"<= day","daily",NA,NA,NA
"1976-08-21",6740,FALSE,NA,NA,"<= day","daily",NA,NA,NA
"1976-08-22",5700,FALSE,NA,NA,"<= day","daily",NA,NA,NA
"1976-08-23",5330,FALSE,NA,NA,"<= day","daily",NA,NA,NA
"1976-08-24",5090,FALSE,NA,NA,"<= day","daily",NA,NA,NA
"1976-08-25",5090,FALSE,NA,NA,"<= day","daily",NA,NA,NA
"1976-08-26",4050,FALSE,NA,NA,"<= day","daily",NA,NA,NA
"1976-08-27",4050,FALSE,NA,NA,"<= day","daily",NA,NA,NA
"1976-08-28",3830,FALSE,NA,NA,"<= day","daily",NA,NA,NA
"1976-08-29",3610,FALSE,NA,NA,"<= day","daily",NA,NA,NA
"1976-08-30",3610,FALSE,NA,NA,"<= day","daily",NA,NA,NA
"1976-08-31",3410,FALSE,NA,NA,"<= day","daily",NA,NA,NA
"1976-09-01",4160,FALSE,NA,NA,"<= day","daily",NA,NA,NA
"1976-09-02",4390,FALSE,NA,NA,"<= day","daily",NA,NA,NA
"1976-09-03",4730,FALSE,NA,NA,"<= day","daily",NA,NA,NA
"1976-09-04",6340,FALSE,NA,NA,"<= day","daily",NA,NA,NA
"1976-09-05",15700,FALSE,NA,NA,"<= day","daily",NA,NA,NA
"1976-09-06",15400,FALSE,NA,NA,"<= day","daily",NA,NA,NA
"1976-09-07",9860,FALSE,NA,NA,"<= day","daily",NA,NA,NA
"1976-09-08",6210,FALSE,NA,NA,"<= day","daily",NA,NA,NA
"1976-09-09",5210,FALSE,NA,NA,"<= day","daily",NA,NA,NA
"1976-09-10",4620,FALSE,NA,NA,"<= day","daily",NA,NA,NA
"1976-09-11",5700,FALSE,NA,NA,"<= day","daily",NA,NA,NA
"1976-09-12",7140,FALSE,NA,NA,"<= day","daily",NA,NA,NA
"1976-09-13",5580,FALSE,NA,NA,"<= day","daily",NA,NA,NA
"1976-09-14",4970,FALSE,NA,NA,"<= day","daily",NA,NA,NA
"1976-09-15",4730,FALSE,NA,NA,"<= day","daily",NA,NA,NA
"1976-09-16",4730,FALSE,NA,NA,"<= day","daily",NA,NA,NA
"1976-09-17",7140,FALSE,NA,NA,"<= day","daily",NA,NA,NA
"1976-09-18",7140,FALSE,NA,NA,"<= day","daily",NA,NA,NA
"1976-09-19",5700,FALSE,NA,NA,"<= day","daily",NA,NA,NA
"1976-09-20",4970,FALSE,NA,NA,"<= day","daily",NA,NA,NA
"1976-09-21",4620,FALSE,NA,NA,"<= day","daily",NA,NA,NA
"1976-09-22",4500,FALSE,NA,NA,"<= day","daily",NA,NA,NA
"1976-09-23",4050,FALSE,NA,NA,"<= day","daily",NA,NA,NA
"1976-09-24",4050,FALSE,NA,NA,"<= day","daily",NA,NA,NA
"1976-09-25",3830,FALSE,NA,NA,"<= day","daily",NA,NA,NA
"1976-09-26",3610,FALSE,NA,NA,"<= day","daily",NA,NA,NA
"1976-09-27",3410,FALSE,NA,NA,"<= day","daily",NA,NA,NA
"1976-09-28",3200,FALSE,NA,NA,"<= day","daily",NA,NA,NA
"1976-09-29",3000,FALSE,NA,NA,"<= day","daily",NA,NA,NA
"1976-09-30",2810,FALSE,NA,NA,"<= day","daily",NA,NA,NA
"1976-10-01",2620,FALSE,NA,NA,"<= day","daily",NA,NA,NA
"1976-10-02",2620,FALSE,NA,NA,"<= day","daily",NA,NA,NA
"1976-10-03",2520,FALSE,NA,NA,"<= day","daily",NA,NA,NA
"1976-10-04",2520,FALSE,NA,NA,"<= day","daily",NA,NA,NA
"1976-10-05",2250,FALSE,NA,NA,"<= day","daily",NA,NA,NA
"1976-10-06",2520,FALSE,NA,NA,"<= day","daily",NA,NA,NA
"1976-10-07",2520,FALSE,NA,NA,"<= day","daily",NA,NA,NA
"1976-10-08",2250,FALSE,NA,NA,"<= day","daily",NA,NA,NA
"1976-10-09",2080,FALSE,NA,NA,"<= day","daily",NA,NA,NA
"1976-10-10",2080,FALSE,NA,NA,"<= day","daily",NA,NA,NA
"1976-10-11",2000,FALSE,NA,NA,"<= day","daily",NA,NA,NA
"1976-10-12",1920,FALSE,NA,NA,"<= day","daily",NA,NA,NA
"1976-10-13",1920,FALSE,NA,NA,"<= day","daily",NA,NA,NA
"1976-10-14",2080,FALSE,NA,NA,"<= day","daily",NA,NA,NA
"1976-10-15",2250,FALSE,NA,NA,"<= day","daily",NA,NA,NA
"1976-10-16",2430,FALSE,NA,NA,"<= day","daily",NA,NA,NA
"1976-10-17",3940,FALSE,NA,NA,"<= day","daily",NA,NA,NA
"1976-10-18",8390,FALSE,NA,NA,"<= day","daily",NA,NA,NA
"1976-10-19",4620,FALSE,NA,NA,"<= day","daily",NA,NA,NA
"1976-10-20",3610,FALSE,NA,NA,"<= day","daily",NA,NA,NA
"1976-10-21",4160,FALSE,NA,NA,"<= day","daily",NA,NA,NA
"1976-10-22",3830,FALSE,NA,NA,"<= day","daily",NA,NA,NA
"1976-10-23",3200,FALSE,NA,NA,"<= day","daily",NA,NA,NA
"1976-10-24",3000,FALSE,NA,NA,"<= day","daily",NA,NA,NA
"1976-10-25",2810,FALSE,NA,NA,"<= day","daily",NA,NA,NA
"1976-10-26",2710,FALSE,NA,NA,"<= day","daily",NA,NA,NA
"1976-10-27",2520,FALSE,NA,NA,"<= day","daily",NA,NA,NA
"1976-10-28",2430,FALSE,NA,NA,"<= day","daily",NA,NA,NA
"1976-10-29",2340,FALSE,NA,NA,"<= day","daily",NA,NA,NA
"1976-10-30",9860,FALSE,NA,NA,"<= day","daily",NA,NA,NA
"1976-10-31",12800,FALSE,NA,NA,"<= day","daily",NA,NA,NA
"1976-11-01",17300,FALSE,NA,NA,"<= day","daily",NA,NA,NA
"1976-11-02",14700,FALSE,NA,NA,"<= day","daily",NA,NA,NA
"1976-11-03",7280,FALSE,NA,NA,"<= day","daily",NA,NA,NA
"1976-11-04",6340,FALSE,NA,NA,"<= day","daily",NA,NA,NA
"1976-11-05",7280,FALSE,NA,NA,"<= day","daily",NA,NA,NA
"1976-11-06",7410,FALSE,NA,NA,"<= day","daily",NA,NA,NA
"1976-11-07",6080,FALSE,NA,NA,"<= day","daily",NA,NA,NA
"1976-11-08",7140,FALSE,NA,NA,"<= day","daily",NA,NA,NA
"1976-11-09",12200,FALSE,NA,NA,"<= day","daily",NA,NA,NA
"1976-11-10",8820,FALSE,NA,NA,"<= day","daily",NA,NA,NA
"1976-11-11",7280,FALSE,NA,NA,"<= day","daily",NA,NA,NA
"1976-11-12",6870,FALSE,NA,NA,"<= day","daily",NA,NA,NA
"1976-11-13",15400,FALSE,NA,NA,"<= day","daily",NA,NA,NA
"1976-11-14",20400,FALSE,NA,NA,"<= day","daily",NA,NA,NA
"1976-11-15",27100,FALSE,NA,NA,"<= day","daily",NA,NA,NA
"1976-11-16",22700,FALSE,NA,NA,"<= day","daily",NA,NA,NA
"1976-11-17",14000,FALSE,NA,NA,"<= day","daily",NA,NA,NA
"1976-11-18",8680,FALSE,NA,NA,"<= day","daily",NA,NA,NA
"1976-11-19",6470,FALSE,NA,NA,"<= day","daily",NA,NA,NA
"1976-11-20",5830,FALSE,NA,NA,"<= day","daily",NA,NA,NA
"1976-11-21",5090,FALSE,NA,NA,"<= day","daily",NA,NA,NA
"1976-11-22",6340,FALSE,NA,NA,"<= day","daily",NA,NA,NA
"1976-11-23",5960,FALSE,NA,NA,"<= day","daily",NA,NA,NA
"1976-11-24",5960,FALSE,NA,NA,"<= day","daily",NA,NA,NA
"1976-11-25",5450,FALSE,NA,NA,"<= day","daily",NA,NA,NA
"1976-11-26",4850,FALSE,NA,NA,"<= day","daily",NA,NA,NA
"1976-11-27",4620,FALSE,NA,NA,"<= day","daily",NA,NA,NA
"1976-11-28",4500,FALSE,NA,NA,"<= day","daily",NA,NA,NA
"1976-11-29",4500,FALSE,NA,NA,"<= day","daily",NA,NA,NA
"1976-11-30",4390,FALSE,NA,NA,"<= day","daily",NA,NA,NA
"1976-12-01",4390,FALSE,NA,NA,"<= day","daily",NA,NA,NA
"1976-12-02",4970,FALSE,NA,NA,"<= day","daily",NA,NA,NA
"1976-12-03",12700,FALSE,NA,NA,"<= day","daily",NA,NA,NA
"1976-12-04",12800,FALSE,NA,NA,"<= day","daily",NA,NA,NA
"1976-12-05",9710,FALSE,NA,NA,"<= day","daily",NA,NA,NA
"1976-12-06",8390,FALSE,NA,NA,"<= day","daily",NA,NA,NA
"1976-12-07",7280,FALSE,NA,NA,"<= day","daily",NA,NA,NA
"1976-12-08",29400,FALSE,NA,NA,"<= day","daily",NA,NA,NA
"1976-12-09",30700,FALSE,NA,NA,"<= day","daily",NA,NA,NA
"1976-12-10",32100,FALSE,NA,NA,"<= day","daily",NA,NA,NA
"1976-12-11",33500,FALSE,NA,NA,"<= day","daily",NA,NA,NA
"1976-12-12",34900,FALSE,NA,NA,"<= day","daily",NA,NA,NA
"1976-12-13",33500,FALSE,NA,NA,"<= day","daily",NA,NA,NA
"1976-12-14",32100,FALSE,NA,NA,"<= day","daily",NA,NA,NA
"1976-12-15",28800,FALSE,NA,NA,"<= day","daily",NA,NA,NA
"1976-12-16",13000,FALSE,NA,NA,"<= day","daily",NA,NA,NA
"1976-12-17",7690,FALSE,NA,NA,"<= day","daily",NA,NA,NA
"1976-12-18",7000,FALSE,NA,NA,"<= day","daily",NA,NA,NA
"1976-12-19",12200,FALSE,NA,NA,"<= day","daily",NA,NA,NA
"1976-12-20",15000,FALSE,NA,NA,"<= day","daily",NA,NA,NA
"1976-12-21",15000,FALSE,NA,NA,"<= day","daily",NA,NA,NA
"1976-12-22",13300,FALSE,NA,NA,"<= day","daily",NA,NA,NA
"1976-12-23",11200,FALSE,NA,NA,"<= day","daily",NA,NA,NA
"1976-12-24",8970,FALSE,NA,NA,"<= day","daily",NA,NA,NA
"1976-12-25",7690,FALSE,NA,NA,"<= day","daily",NA,NA,NA
"1976-12-26",6210,FALSE,NA,NA,"<= day","daily",NA,NA,NA
"1976-12-27",5830,FALSE,NA,NA,"<= day","daily",NA,NA,NA
"1976-12-28",5210,FALSE,NA,NA,"<= day","daily",NA,NA,NA
"1976-12-29",5090,FALSE,NA,NA,"<= day","daily",NA,NA,NA
"1976-12-30",4730,FALSE,NA,NA,"<= day","daily",NA,NA,NA
"1976-12-31",4620,FALSE,NA,NA,"<= day","daily",NA,NA,NA
