"date","discharge","qc_flag","qc_type","qc_detect_method","temp_res","temp_res_dom","dq_issue","cpd_segment_id","cpd_segment_main"
"2015-01-17",18.549,FALSE,NA,NA,"<= day","daily",NA,NA,NA
"2015-01-18",16.152,FALSE,NA,NA,"<= day","daily",NA,NA,NA
"2015-01-19",13.742,FALSE,NA,NA,"<= day","daily",NA,NA,NA
"2015-01-20",12.09,FALSE,NA,NA,"<= day","daily",NA,NA,NA
"2015-01-21",10.398,FALSE,NA,NA,"<= day","daily",NA,NA,NA
"2015-01-22",9.798,FALSE,NA,NA,"<= day","daily",NA,NA,NA
"2015-01-23",8.48,FALSE,NA,NA,"<= day","daily",NA,NA,NA
"2015-01-24",8.129,FALSE,NA,NA,"<= day","daily",NA,NA,NA
"2015-01-25",6.95,FALSE,NA,NA,"<= day","daily",NA,NA,NA
"2015-01-26",6.95,FALSE,NA,NA,"<= day","daily",NA,NA,NA
"2015-01-27",6.643,FALSE,NA,NA,"<= day","daily",NA,NA,NA
"2015-01-28",6.099,FALSE,NA,NA,"<= day","daily",NA,NA,NA
"2015-01-29",6.775,FALSE,NA,NA,"<= day","daily",NA,NA,NA
"2015-01-30",6.643,FALSE,NA,NA,"<= day","daily",NA,NA,NA
"2015-01-31",5.61,FALSE,NA,NA,"<= day","daily",NA,NA,NA
"2015-02-01",5.61,FALSE,NA,NA,"<= day","daily",NA,NA,NA
"2015-02-02",4.621,FALSE,NA,NA,"<= day","daily",NA,NA,NA
"2015-02-03",4.43,FALSE,NA,NA,"<= day","daily",NA,NA,NA
"2015-02-04",4.43,FALSE,NA,NA,"<= day","daily",NA,NA,NA
"2015-02-05",4.43,FALSE,NA,NA,"<= day","daily",NA,NA,NA
"2015-02-06",4.43,FALSE,NA,NA,"<= day","daily",NA,NA,NA
"2015-02-07",4.011,FALSE,NA,NA,"<= day","daily",NA,NA,NA
"2015-02-08",3.41,FALSE,NA,NA,"<= day","daily",NA,NA,NA
"2015-02-09",3.41,FALSE,NA,NA,"<= day","daily",NA,NA,NA
"2015-02-10",3.41,FALSE,NA,NA,"<= day","daily",NA,NA,NA
"2015-02-11",4.429,FALSE,NA,NA,"<= day","daily",NA,NA,NA
"2015-02-12",6.182,FALSE,NA,NA,"<= day","daily",NA,NA,NA
"2015-02-13",6.567,FALSE,NA,NA,"<= day","daily",NA,NA,NA
"2015-02-14",6.643,FALSE,NA,NA,"<= day","daily",NA,NA,NA
"2015-02-15",5.862,FALSE,NA,NA,"<= day","daily",NA,NA,NA
"2015-02-16",6.061,FALSE,NA,NA,"<= day","daily",NA,NA,NA
"2015-02-17",6.567,FALSE,NA,NA,"<= day","daily",NA,NA,NA
"2015-02-18",6.399,FALSE,NA,NA,"<= day","daily",NA,NA,NA
"2015-02-19",5.728,FALSE,NA,NA,"<= day","daily",NA,NA,NA
"2015-02-20",6.95,FALSE,NA,NA,"<= day","daily",NA,NA,NA
"2015-02-21",6.643,FALSE,NA,NA,"<= day","daily",NA,NA,NA
"2015-02-22",5.61,FALSE,NA,NA,"<= day","daily",NA,NA,NA
"2015-02-25",4.43,FALSE,NA,NA,"<= day","daily",NA,NA,NA
"2015-02-26",4.43,FALSE,NA,NA,"<= day","daily",NA,NA,NA
"2015-02-27",4.43,FALSE,NA,NA,"<= day","daily",NA,NA,NA
"2015-02-28",4.17,FALSE,NA,NA,"<= day","daily",NA,NA,NA
"2015-03-01",6.606,FALSE,NA,NA,"<= day","daily",NA,NA,NA
"2015-03-02",30.664,FALSE,NA,NA,"<= day","daily",NA,NA,NA
"2015-03-03",25.003,FALSE,NA,NA,"<= day","daily",NA,NA,NA
"2015-03-04",12.127,FALSE,NA,NA,"<= day","daily",NA,NA,NA
"2015-03-05",9.113,FALSE,NA,NA,"<= day","daily",NA,NA,NA
"2015-03-06",7.532,FALSE,NA,NA,"<= day","daily",NA,NA,NA
"2015-03-07",6.95,FALSE,NA,NA,"<= day","daily",NA,NA,NA
"2015-03-09",10.19,FALSE,NA,NA,"<= week","daily",NA,NA,NA
"2015-03-11",13.825,FALSE,NA,NA,"<= day","daily",NA,NA,NA
"2015-03-12",11.18,FALSE,NA,NA,"<= day","daily",NA,NA,NA
"2015-03-13",8.757,FALSE,NA,NA,"<= day","daily",NA,NA,NA
"2015-03-14",8.48,FALSE,NA,NA,"<= day","daily",NA,NA,NA
"2015-03-15",8.916,FALSE,NA,NA,"<= day","daily",NA,NA,NA
"2015-03-16",11.1,FALSE,NA,NA,"<= day","daily",NA,NA,NA
"2015-03-17",15.709,FALSE,NA,NA,"<= day","daily",NA,NA,NA
"2015-03-18",31.112,FALSE,NA,NA,"<= day","daily",NA,NA,NA
"2015-03-19",41.241,FALSE,NA,NA,"<= day","daily",NA,NA,NA
"2015-03-20",34.385,FALSE,NA,NA,"<= day","daily",NA,NA,NA
"2015-03-21",30.644,FALSE,NA,NA,"<= day","daily",NA,NA,NA
"2015-03-22",30.305,FALSE,NA,NA,"<= day","daily",NA,NA,NA
"2015-03-23",22.812,FALSE,NA,NA,"<= day","daily",NA,NA,NA
"2015-03-24",26.497,FALSE,NA,NA,"<= day","daily",NA,NA,NA
"2015-03-25",33.981,FALSE,NA,NA,"<= day","daily",NA,NA,NA
"2015-03-26",42.049,FALSE,NA,NA,"<= day","daily",NA,NA,NA
"2015-03-27",31.637,FALSE,NA,NA,"<= day","daily",NA,NA,NA
"2015-03-28",23.175,FALSE,NA,NA,"<= day","daily",NA,NA,NA
"2015-03-29",31.946,FALSE,NA,NA,"<= day","daily",NA,NA,NA
"2015-03-30",72.101,FALSE,NA,NA,"<= day","daily",NA,NA,NA
"2015-03-31",63.332,FALSE,NA,NA,"<= day","daily",NA,NA,NA
"2015-04-01",51.291,FALSE,NA,NA,"<= day","daily",NA,NA,NA
"2015-04-02",35.872,FALSE,NA,NA,"<= day","daily",NA,NA,NA
"2015-04-03",28.647,FALSE,NA,NA,"<= day","daily",NA,NA,NA
"2015-04-04",25.232,FALSE,NA,NA,"<= day","daily",NA,NA,NA
"2015-04-05",18.962,FALSE,NA,NA,"<= day","daily",NA,NA,NA
"2015-04-06",14.804,FALSE,NA,NA,"<= day","daily",NA,NA,NA
"2015-04-07",13.227,FALSE,NA,NA,"<= day","daily",NA,NA,NA
"2015-04-08",14.364,FALSE,NA,NA,"<= day","daily",NA,NA,NA
"2015-04-09",20.847,FALSE,NA,NA,"<= day","daily",NA,NA,NA
"2015-04-10",38.811,FALSE,NA,NA,"<= day","daily",NA,NA,NA
"2015-04-11",46.145,FALSE,NA,NA,"<= day","daily",NA,NA,NA
"2015-04-12",48.688,FALSE,NA,NA,"<= day","daily",NA,NA,NA
"2015-04-13",50.641,FALSE,NA,NA,"<= day","daily",NA,NA,NA
"2015-04-14",51.118,FALSE,NA,NA,"<= day","daily",NA,NA,NA
"2015-04-16",49.827,FALSE,NA,NA,"<= day","daily",NA,NA,NA
"2015-04-17",56.863,FALSE,NA,NA,"<= day","daily",NA,NA,NA
"2015-04-18",57.426,FALSE,NA,NA,"<= day","daily",NA,NA,NA
"2015-04-19",39.475,FALSE,NA,NA,"<= day","daily",NA,NA,NA
"2015-04-20",33.897,FALSE,NA,NA,"<= day","daily",NA,NA,NA
"2015-04-21",35.086,FALSE,NA,NA,"<= day","daily",NA,NA,NA
"2015-04-22",35.962,FALSE,NA,NA,"<= day","daily",NA,NA,NA
"2015-04-23",34.579,FALSE,NA,NA,"<= day","daily",NA,NA,NA
"2015-04-24",32.441,FALSE,NA,NA,"<= day","daily",NA,NA,NA
"2015-04-25",32.765,FALSE,NA,NA,"<= day","daily",NA,NA,NA
"2015-04-26",34.95,FALSE,NA,NA,"<= day","daily",NA,NA,NA
"2015-04-27",34.95,FALSE,NA,NA,"<= day","daily",NA,NA,NA
"2015-04-28",38.762,FALSE,NA,NA,"<= day","daily",NA,NA,NA
"2015-04-29",35.029,FALSE,NA,NA,"<= day","daily",NA,NA,NA
"2015-04-30",31.3,FALSE,NA,NA,"<= day","daily",NA,NA,NA
"2015-05-01",35.578,FALSE,NA,NA,"<= day","daily",NA,NA,NA
"2015-05-02",46.641,FALSE,NA,NA,"<= day","daily",NA,NA,NA
"2015-05-03",53.144,FALSE,NA,NA,"<= day","daily",NA,NA,NA
"2015-05-04",38.757,FALSE,NA,NA,"<= day","daily",NA,NA,NA
"2015-05-05",31.815,FALSE,NA,NA,"<= day","daily",NA,NA,NA
"2015-05-06",38.807,FALSE,NA,NA,"<= day","daily",NA,NA,NA
"2015-05-07",38.18,FALSE,NA,NA,"<= day","daily",NA,NA,NA
"2015-05-08",30.516,FALSE,NA,NA,"<= day","daily",NA,NA,NA
"2015-05-09",27.151,FALSE,NA,NA,"<= day","daily",NA,NA,NA
"2015-05-10",25.462,FALSE,NA,NA,"<= day","daily",NA,NA,NA
"2015-05-11",23.421,FALSE,NA,NA,"<= day","daily",NA,NA,NA
"2015-05-12",21.851,FALSE,NA,NA,"<= day","daily",NA,NA,NA
"2015-05-13",19.782,FALSE,NA,NA,"<= day","daily",NA,NA,NA
"2015-05-14",27.989,FALSE,NA,NA,"<= day","daily",NA,NA,NA
"2015-05-15",41.003,FALSE,NA,NA,"<= day","daily",NA,NA,NA
"2015-05-16",37.488,FALSE,NA,NA,"<= day","daily",NA,NA,NA
"2015-05-17",29.346,FALSE,NA,NA,"<= day","daily",NA,NA,NA
"2015-05-18",22.439,FALSE,NA,NA,"<= day","daily",NA,NA,NA
"2015-05-19",27.858,FALSE,NA,NA,"<= day","daily",NA,NA,NA
"2015-05-20",73.606,FALSE,NA,NA,"<= day","daily",NA,NA,NA
"2015-05-21",59.26,FALSE,NA,NA,"<= day","daily",NA,NA,NA
"2015-05-22",50.998,FALSE,NA,NA,"<= day","daily",NA,NA,NA
"2015-05-23",38.13,FALSE,NA,NA,"<= day","daily",NA,NA,NA
"2015-05-24",39.305,FALSE,NA,NA,"<= day","daily",NA,NA,NA
"2015-05-25",33.708,FALSE,NA,NA,"<= day","daily",NA,NA,NA
"2015-05-26",36.523,FALSE,NA,NA,"<= day","daily",NA,NA,NA
"2015-05-27",40.112,FALSE,NA,NA,"<= day","daily",NA,NA,NA
"2015-05-28",32.697,FALSE,NA,NA,"<= day","daily",NA,NA,NA
"2015-05-29",27.762,FALSE,NA,NA,"<= day","daily",NA,NA,NA
"2015-05-30",24.501,FALSE,NA,NA,"<= day","daily",NA,NA,NA
"2015-05-31",19.488,FALSE,NA,NA,"<= day","daily",NA,NA,NA
"2015-06-01",16.444,FALSE,NA,NA,"<= day","daily",NA,NA,NA
"2015-06-02",18.038,FALSE,NA,NA,"<= day","daily",NA,NA,NA
"2015-06-03",13.826,FALSE,NA,NA,"<= day","daily",NA,NA,NA
"2015-06-04",11.952,FALSE,NA,NA,"<= day","daily",NA,NA,NA
"2015-06-05",10.762,FALSE,NA,NA,"<= day","daily",NA,NA,NA
"2015-06-06",11.868,FALSE,NA,NA,"<= day","daily",NA,NA,NA
"2015-06-07",17.401,FALSE,NA,NA,"<= day","daily",NA,NA,NA
"2015-06-08",21.02,FALSE,NA,NA,"<= day","daily",NA,NA,NA
"2015-06-09",31.729,FALSE,NA,NA,"<= day","daily",NA,NA,NA
"2015-06-10",23.852,FALSE,NA,NA,"<= day","daily",NA,NA,NA
"2015-06-11",17.307,FALSE,NA,NA,"<= day","daily",NA,NA,NA
"2015-06-12",15.781,FALSE,NA,NA,"<= day","daily",NA,NA,NA
"2015-06-13",13.082,FALSE,NA,NA,"<= day","daily",NA,NA,NA
"2015-06-14",20.786,FALSE,NA,NA,"<= day","daily",NA,NA,NA
"2015-06-15",39.721,FALSE,NA,NA,"<= day","daily",NA,NA,NA
"2015-06-16",47.296,FALSE,NA,NA,"<= day","daily",NA,NA,NA
"2015-06-17",29.075,FALSE,NA,NA,"<= day","daily",NA,NA,NA
"2015-06-18",22.528,FALSE,NA,NA,"<= day","daily",NA,NA,NA
"2015-06-19",34.621,FALSE,NA,NA,"<= day","daily",NA,NA,NA
"2015-06-20",57.002,FALSE,NA,NA,"<= day","daily",NA,NA,NA
"2015-06-21",48.43,FALSE,NA,NA,"<= day","daily",NA,NA,NA
"2015-06-22",33.796,FALSE,NA,NA,"<= day","daily",NA,NA,NA
"2015-06-23",40.8,FALSE,NA,NA,"<= day","daily",NA,NA,NA
"2015-06-24",30.765,FALSE,NA,NA,"<= day","daily",NA,NA,NA
"2015-06-25",24.719,FALSE,NA,NA,"<= day","daily",NA,NA,NA
"2015-06-26",20.888,FALSE,NA,NA,"<= day","daily",NA,NA,NA
"2015-06-27",19.419,FALSE,NA,NA,"<= day","daily",NA,NA,NA
"2015-06-28",22.686,FALSE,NA,NA,"<= day","daily",NA,NA,NA
"2015-06-29",17.003,FALSE,NA,NA,"<= day","daily",NA,NA,NA
"2015-06-30",13.77,FALSE,NA,NA,"<= day","daily",NA,NA,NA
"2015-07-01",11.749,FALSE,NA,NA,"<= day","daily",NA,NA,NA
"2015-07-02",10.141,FALSE,NA,NA,"<= day","daily",NA,NA,NA
"2015-07-03",9.145,FALSE,NA,NA,"<= day","daily",NA,NA,NA
"2015-07-04",8.101,FALSE,NA,NA,"<= day","daily",NA,NA,NA
"2015-07-05",7.308,FALSE,NA,NA,"<= day","daily",NA,NA,NA
"2015-07-06",11.175,FALSE,NA,NA,"<= day","daily",NA,NA,NA
"2015-07-07",7.307,FALSE,NA,NA,"<= day","daily",NA,NA,NA
"2015-07-08",7.397,FALSE,NA,NA,"<= day","daily",NA,NA,NA
"2015-07-09",6.33,FALSE,NA,NA,"<= day","daily",NA,NA,NA
"2015-07-10",5.568,FALSE,NA,NA,"<= day","daily",NA,NA,NA
"2015-07-11",5.179,FALSE,NA,NA,"<= day","daily",NA,NA,NA
"2015-07-12",4.789,FALSE,NA,NA,"<= day","daily",NA,NA,NA
"2015-07-13",4.696,FALSE,NA,NA,"<= day","daily",NA,NA,NA
"2015-07-14",4.29,FALSE,NA,NA,"<= day","daily",NA,NA,NA
"2015-07-15",3.907,FALSE,NA,NA,"<= day","daily",NA,NA,NA
"2015-07-16",3.606,FALSE,NA,NA,"<= day","daily",NA,NA,NA
"2015-07-17",3.313,FALSE,NA,NA,"<= day","daily",NA,NA,NA
"2015-07-18",3.182,FALSE,NA,NA,"<= day","daily",NA,NA,NA
"2015-07-19",3.55,FALSE,NA,NA,"<= day","daily",NA,NA,NA
"2015-07-20",4.408,FALSE,NA,NA,"<= day","daily",NA,NA,NA
"2015-07-21",2.972,FALSE,NA,NA,"<= day","daily",NA,NA,NA
"2015-07-22",17.247,FALSE,NA,NA,"<= day","daily",NA,NA,NA
"2015-07-23",27.917,FALSE,NA,NA,"<= day","daily",NA,NA,NA
"2015-07-24",10.406,FALSE,NA,NA,"<= day","daily",NA,NA,NA
"2015-07-25",7.018,FALSE,NA,NA,"<= day","daily",NA,NA,NA
"2015-07-26",5.54,FALSE,NA,NA,"<= day","daily",NA,NA,NA
"2015-07-27",19.828,FALSE,NA,NA,"<= day","daily",NA,NA,NA
"2015-07-28",9.36,FALSE,NA,NA,"<= day","daily",NA,NA,NA
"2015-07-29",13.356,FALSE,NA,NA,"<= day","daily",NA,NA,NA
"2015-07-30",25.293,FALSE,NA,NA,"<= day","daily",NA,NA,NA
"2015-07-31",11.21,FALSE,NA,NA,"<= day","daily",NA,NA,NA
"2015-08-01",7.568,FALSE,NA,NA,"<= day","daily",NA,NA,NA
"2015-08-02",7.474,FALSE,NA,NA,"<= day","daily",NA,NA,NA
"2015-08-03",6.187,FALSE,NA,NA,"<= day","daily",NA,NA,NA
"2015-08-04",5.076,FALSE,NA,NA,"<= day","daily",NA,NA,NA
"2015-08-05",4.389,FALSE,NA,NA,"<= day","daily",NA,NA,NA
"2015-08-06",3.867,FALSE,NA,NA,"<= day","daily",NA,NA,NA
"2015-08-07",4.755,FALSE,NA,NA,"<= day","daily",NA,NA,NA
"2015-08-08",5.155,FALSE,NA,NA,"<= day","daily",NA,NA,NA
"2015-08-09",10.115,FALSE,NA,NA,"<= day","daily",NA,NA,NA
"2015-08-10",43.837,FALSE,NA,NA,"<= day","daily",NA,NA,NA
"2015-08-11",21.075,FALSE,NA,NA,"<= day","daily",NA,NA,NA
"2015-08-12",10.896,FALSE,NA,NA,"<= day","daily",NA,NA,NA
"2015-08-13",7.817,FALSE,NA,NA,"<= day","daily",NA,NA,NA
"2015-08-14",6.646,FALSE,NA,NA,"<= day","daily",NA,NA,NA
"2015-08-15",25.283,FALSE,NA,NA,"<= day","daily",NA,NA,NA
"2015-08-16",42.099,FALSE,NA,NA,"<= day","daily",NA,NA,NA
"2015-08-17",46.448,FALSE,NA,NA,"<= day","daily",NA,NA,NA
"2015-08-18",35.801,FALSE,NA,NA,"<= day","daily",NA,NA,NA
"2015-08-19",42.88,FALSE,NA,NA,"<= day","daily",NA,NA,NA
"2015-08-20",37.53,FALSE,NA,NA,"<= day","daily",NA,NA,NA
"2015-08-21",37.616,FALSE,NA,NA,"<= day","daily",NA,NA,NA
"2015-08-22",26.28,FALSE,NA,NA,"<= day","daily",NA,NA,NA
"2015-08-23",17.098,FALSE,NA,NA,"<= day","daily",NA,NA,NA
"2015-08-24",12.501,FALSE,NA,NA,"<= day","daily",NA,NA,NA
"2015-08-25",22.984,FALSE,NA,NA,"<= day","daily",NA,NA,NA
"2015-08-26",16.465,FALSE,NA,NA,"<= day","daily",NA,NA,NA
"2015-08-27",11.393,FALSE,NA,NA,"<= day","daily",NA,NA,NA
"2015-08-28",8.92,FALSE,NA,NA,"<= day","daily",NA,NA,NA
"2015-08-29",7.486,FALSE,NA,NA,"<= day","daily",NA,NA,NA
"2015-08-30",6.622,FALSE,NA,NA,"<= day","daily",NA,NA,NA
"2015-08-31",6.008,FALSE,NA,NA,"<= day","daily",NA,NA,NA
"2015-09-01",6.077,FALSE,NA,NA,"<= day","daily",NA,NA,NA
"2015-09-02",32.39,FALSE,NA,NA,"<= day","daily",NA,NA,NA
"2015-09-03",31.757,FALSE,NA,NA,"<= day","daily",NA,NA,NA
"2015-09-04",39.423,FALSE,NA,NA,"<= day","daily",NA,NA,NA
"2015-09-05",32.994,FALSE,NA,NA,"<= day","daily",NA,NA,NA
"2015-09-06",41.19,FALSE,NA,NA,"<= day","daily",NA,NA,NA
"2015-09-07",36.587,FALSE,NA,NA,"<= day","daily",NA,NA,NA
"2015-09-08",23.722,FALSE,NA,NA,"<= day","daily",NA,NA,NA
"2015-09-09",15.39,FALSE,NA,NA,"<= day","daily",NA,NA,NA
"2015-09-10",11.626,FALSE,NA,NA,"<= day","daily",NA,NA,NA
"2015-09-11",9.395,FALSE,NA,NA,"<= day","daily",NA,NA,NA
"2015-09-12",7.868,FALSE,NA,NA,"<= day","daily",NA,NA,NA
"2015-09-13",6.938,FALSE,NA,NA,"<= day","daily",NA,NA,NA
"2015-09-14",10.304,FALSE,NA,NA,"<= day","daily",NA,NA,NA
"2015-09-15",8.355,FALSE,NA,NA,"<= day","daily",NA,NA,NA
"2015-09-16",6.5,FALSE,NA,NA,"<= day","daily",NA,NA,NA
"2015-09-17",5.744,FALSE,NA,NA,"<= day","daily",NA,NA,NA
"2015-09-18",5.243,FALSE,NA,NA,"<= day","daily",NA,NA,NA
"2015-09-19",6.126,FALSE,NA,NA,"<= day","daily",NA,NA,NA
"2015-09-20",24.601,FALSE,NA,NA,"<= day","daily",NA,NA,NA
"2015-09-21",12.477,FALSE,NA,NA,"<= day","daily",NA,NA,NA
"2015-09-22",8.534,FALSE,NA,NA,"<= day","daily",NA,NA,NA
"2015-09-23",28.678,FALSE,NA,NA,"<= day","daily",NA,NA,NA
"2015-09-24",23.955,FALSE,NA,NA,"<= day","daily",NA,NA,NA
"2015-09-25",13.62,FALSE,NA,NA,"<= day","daily",NA,NA,NA
"2015-09-26",9.626,FALSE,NA,NA,"<= day","daily",NA,NA,NA
"2015-09-27",7.569,FALSE,NA,NA,"<= day","daily",NA,NA,NA
"2015-09-28",6.334,FALSE,NA,NA,"<= day","daily",NA,NA,NA
"2015-09-29",5.729,FALSE,NA,NA,"<= day","daily",NA,NA,NA
"2015-09-30",5.112,FALSE,NA,NA,"<= day","daily",NA,NA,NA
"2015-10-01",4.624,FALSE,NA,NA,"<= day","daily",NA,NA,NA
"2015-10-02",4.207,FALSE,NA,NA,"<= day","daily",NA,NA,NA
"2015-10-03",3.846,FALSE,NA,NA,"<= day","daily",NA,NA,NA
"2015-10-04",3.996,FALSE,NA,NA,"<= day","daily",NA,NA,NA
"2015-10-05",3.592,FALSE,NA,NA,"<= day","daily",NA,NA,NA
"2015-10-06",6.91,FALSE,NA,NA,"<= day","daily",NA,NA,NA
"2015-10-07",31.283,FALSE,NA,NA,"<= day","daily",NA,NA,NA
"2015-10-08",21.903,FALSE,NA,NA,"<= day","daily",NA,NA,NA
"2015-10-09",10.82,FALSE,NA,NA,"<= day","daily",NA,NA,NA
"2015-10-10",7.868,FALSE,NA,NA,"<= day","daily",NA,NA,NA
"2015-10-11",7.704,FALSE,NA,NA,"<= day","daily",NA,NA,NA
"2015-10-12",6.772,FALSE,NA,NA,"<= day","daily",NA,NA,NA
"2015-10-13",7.384,FALSE,NA,NA,"<= day","daily",NA,NA,NA
"2015-10-14",38.93,FALSE,NA,NA,"<= day","daily",NA,NA,NA
"2015-10-15",29.799,FALSE,NA,NA,"<= day","daily",NA,NA,NA
"2015-10-16",25.79,FALSE,NA,NA,"<= day","daily",NA,NA,NA
"2015-10-17",26.285,FALSE,NA,NA,"<= day","daily",NA,NA,NA
"2015-10-18",33.41,FALSE,NA,NA,"<= day","daily",NA,NA,NA
"2015-10-19",36.762,FALSE,NA,NA,"<= day","daily",NA,NA,NA
"2015-10-20",30.673,FALSE,NA,NA,"<= day","daily",NA,NA,NA
"2015-10-21",20.036,FALSE,NA,NA,"<= day","daily",NA,NA,NA
"2015-10-22",15.862,FALSE,NA,NA,"<= day","daily",NA,NA,NA
"2015-10-23",18.557,FALSE,NA,NA,"<= day","daily",NA,NA,NA
"2015-10-24",20.415,FALSE,NA,NA,"<= day","daily",NA,NA,NA
"2015-10-25",13.757,FALSE,NA,NA,"<= day","daily",NA,NA,NA
"2015-10-26",10.372,FALSE,NA,NA,"<= day","daily",NA,NA,NA
"2015-10-27",8.19,FALSE,NA,NA,"<= day","daily",NA,NA,NA
"2015-10-28",6.788,FALSE,NA,NA,"<= day","daily",NA,NA,NA
"2015-10-29",6.212,FALSE,NA,NA,"<= day","daily",NA,NA,NA
"2015-10-30",5.464,FALSE,NA,NA,"<= day","daily",NA,NA,NA
"2015-10-31",4.885,FALSE,NA,NA,"<= day","daily",NA,NA,NA
"2015-11-01",4.366,FALSE,NA,NA,"<= day","daily",NA,NA,NA
"2015-11-02",4.017,FALSE,NA,NA,"<= day","daily",NA,NA,NA
"2015-11-03",3.746,FALSE,NA,NA,"<= day","daily",NA,NA,NA
"2015-11-04",3.517,FALSE,NA,NA,"<= day","daily",NA,NA,NA
"2015-11-05",3.298,FALSE,NA,NA,"<= day","daily",NA,NA,NA
"2015-11-06",3.062,FALSE,NA,NA,"<= day","daily",NA,NA,NA
"2015-11-07",2.856,FALSE,NA,NA,"<= day","daily",NA,NA,NA
"2015-11-08",2.7,FALSE,NA,NA,"<= day","daily",NA,NA,NA
"2015-11-09",2.563,FALSE,NA,NA,"<= day","daily",NA,NA,NA
"2015-11-10",2.404,FALSE,NA,NA,"<= day","daily",NA,NA,NA
"2015-11-11",2.254,FALSE,NA,NA,"<= day","daily",NA,NA,NA
"2015-11-12",2.228,FALSE,NA,NA,"<= day","daily",NA,NA,NA
"2015-11-13",2.286,FALSE,NA,NA,"<= day","daily",NA,NA,NA
"2015-11-14",2.632,FALSE,NA,NA,"<= day","daily",NA,NA,NA
"2015-11-15",2.429,FALSE,NA,NA,"<= day","daily",NA,NA,NA
"2015-11-16",2.352,FALSE,NA,NA,"<= day","daily",NA,NA,NA
"2015-11-17",2.362,FALSE,NA,NA,"<= day","daily",NA,NA,NA
"2015-11-18",2.102,FALSE,NA,NA,"<= day","daily",NA,NA,NA
"2015-11-19",1.571,FALSE,NA,NA,"<= day","daily",NA,NA,NA
"2015-11-20",13.554,FALSE,NA,NA,"<= day","daily",NA,NA,NA
"2015-11-21",40.18,FALSE,NA,NA,"<= day","daily",NA,NA,NA
"2015-11-22",16.514,FALSE,NA,NA,"<= day","daily",NA,NA,NA
"2015-11-23",9.828,FALSE,NA,NA,"<= day","daily",NA,NA,NA
"2015-11-24",7.998,FALSE,NA,NA,"<= day","daily",NA,NA,NA
"2015-11-25",8.7,FALSE,NA,NA,"<= day","daily",NA,NA,NA
"2015-11-26",8.541,FALSE,NA,NA,"<= day","daily",NA,NA,NA
"2015-11-27",7.927,FALSE,NA,NA,"<= day","daily",NA,NA,NA
"2015-11-28",6.738,FALSE,NA,NA,"<= day","daily",NA,NA,NA
"2015-11-29",6.439,FALSE,NA,NA,"<= day","daily",NA,NA,NA
"2015-11-30",23.975,FALSE,NA,NA,"<= day","daily",NA,NA,NA
"2015-12-01",43.292,FALSE,NA,NA,"<= day","daily",NA,NA,NA
"2015-12-02",46.685,FALSE,NA,NA,"<= day","daily",NA,NA,NA
"2015-12-03",31.157,FALSE,NA,NA,"<= day","daily",NA,NA,NA
"2015-12-04",19.564,FALSE,NA,NA,"<= day","daily",NA,NA,NA
"2015-12-05",17.793,FALSE,NA,NA,"<= day","daily",NA,NA,NA
"2015-12-06",13.475,FALSE,NA,NA,"<= day","daily",NA,NA,NA
"2015-12-07",10.345,FALSE,NA,NA,"<= day","daily",NA,NA,NA
"2015-12-08",8.798,FALSE,NA,NA,"<= day","daily",NA,NA,NA
"2015-12-09",9.559,FALSE,NA,NA,"<= day","daily",NA,NA,NA
"2015-12-10",9.664,FALSE,NA,NA,"<= day","daily",NA,NA,NA
"2015-12-11",7.751,FALSE,NA,NA,"<= day","daily",NA,NA,NA
"2015-12-12",6.642,FALSE,NA,NA,"<= day","daily",NA,NA,NA
"2015-12-13",5.793,FALSE,NA,NA,"<= day","daily",NA,NA,NA
"2015-12-14",5.075,FALSE,NA,NA,"<= day","daily",NA,NA,NA
"2015-12-15",4.605,FALSE,NA,NA,"<= day","daily",NA,NA,NA
"2015-12-16",9.848,FALSE,NA,NA,"<= day","daily",NA,NA,NA
"2015-12-17",54.285,FALSE,NA,NA,"<= day","daily",NA,NA,NA
"2015-12-18",32.381,FALSE,NA,NA,"<= day","daily",NA,NA,NA
"2015-12-19",22.258,FALSE,NA,NA,"<= day","daily",NA,NA,NA
"2015-12-20",15.616,FALSE,NA,NA,"<= day","daily",NA,NA,NA
"2015-12-21",11.997,FALSE,NA,NA,"<= day","daily",NA,NA,NA
"2015-12-22",10.105,FALSE,NA,NA,"<= day","daily",NA,NA,NA
"2015-12-23",8.004,FALSE,NA,NA,"<= day","daily",NA,NA,NA
"2015-12-24",6.769,FALSE,NA,NA,"<= day","daily",NA,NA,NA
"2015-12-25",5.807,FALSE,NA,NA,"<= day","daily",NA,NA,NA
"2015-12-26",5.141,FALSE,NA,NA,"<= day","daily",NA,NA,NA
"2015-12-27",4.645,FALSE,NA,NA,"<= day","daily",NA,NA,NA
"2015-12-28",4.199,FALSE,NA,NA,"<= day","daily",NA,NA,NA
"2015-12-29",3.872,FALSE,NA,NA,"<= day","daily",NA,NA,NA
"2015-12-30",3.568,FALSE,NA,NA,"<= day","daily",NA,NA,NA
"2015-12-31",3.651,FALSE,NA,NA,"<= day","daily",NA,NA,NA
"2016-01-01",5.794,FALSE,NA,NA,"<= day","daily",NA,NA,NA
"2016-01-02",4.713,FALSE,NA,NA,"<= day","daily",NA,NA,NA
"2016-01-03",4.278,FALSE,NA,NA,"<= day","daily",NA,NA,NA
"2016-01-04",4.09,FALSE,NA,NA,"<= day","daily",NA,NA,NA
"2016-01-05",3.701,FALSE,NA,NA,"<= day","daily",NA,NA,NA
"2016-01-06",3.426,FALSE,NA,NA,"<= day","daily",NA,NA,NA
"2016-01-07",3.431,FALSE,NA,NA,"<= day","daily",NA,NA,NA
"2016-01-08",7.481,FALSE,NA,NA,"<= day","daily",NA,NA,NA
"2016-01-09",47.311,FALSE,NA,NA,"<= day","daily",NA,NA,NA
"2016-01-10",42.839,FALSE,NA,NA,"<= day","daily",NA,NA,NA
"2016-01-11",36.345,FALSE,NA,NA,"<= day","daily",NA,NA,NA
"2016-01-12",32.743,FALSE,NA,NA,"<= day","daily",NA,NA,NA
"2016-01-13",15.743,FALSE,NA,NA,"<= day","daily",NA,NA,NA
"2016-01-14",10.902,FALSE,NA,NA,"<= day","daily",NA,NA,NA
"2016-01-15",9.014,FALSE,NA,NA,"<= day","daily",NA,NA,NA
"2016-01-16",7.408,FALSE,NA,NA,"<= day","daily",NA,NA,NA
"2016-01-17",6.568,FALSE,NA,NA,"<= day","daily",NA,NA,NA
"2016-01-18",5.902,FALSE,NA,NA,"<= day","daily",NA,NA,NA
"2016-01-19",5.58,FALSE,NA,NA,"<= day","daily",NA,NA,NA
"2016-01-20",5.226,FALSE,NA,NA,"<= day","daily",NA,NA,NA
"2016-01-21",4.758,FALSE,NA,NA,"<= day","daily",NA,NA,NA
"2016-01-22",4.367,FALSE,NA,NA,"<= day","daily",NA,NA,NA
"2016-01-23",4.922,FALSE,NA,NA,"<= day","daily",NA,NA,NA
"2016-01-24",4.599,FALSE,NA,NA,"<= day","daily",NA,NA,NA
"2016-01-25",6.37,FALSE,NA,NA,"<= day","daily",NA,NA,NA
"2016-01-26",26.052,FALSE,NA,NA,"<= day","daily",NA,NA,NA
"2016-01-27",37.689,FALSE,NA,NA,"<= day","daily",NA,NA,NA
"2016-01-28",43.227,FALSE,NA,NA,"<= day","daily",NA,NA,NA
"2016-01-29",51.147,FALSE,NA,NA,"<= day","daily",NA,NA,NA
"2016-01-30",38.329,FALSE,NA,NA,"<= day","daily",NA,NA,NA
"2016-01-31",44.073,FALSE,NA,NA,"<= day","daily",NA,NA,NA
"2016-02-01",70.095,FALSE,NA,NA,"<= day","daily",NA,NA,NA
"2016-02-02",51.61,FALSE,NA,NA,"<= day","daily",NA,NA,NA
"2016-02-03",38.388,FALSE,NA,NA,"<= day","daily",NA,NA,NA
"2016-02-04",27.32,FALSE,NA,NA,"<= day","daily",NA,NA,NA
"2016-02-05",20.49,FALSE,NA,NA,"<= day","daily",NA,NA,NA
"2016-02-06",17.283,FALSE,NA,NA,"<= day","daily",NA,NA,NA
"2016-02-07",22.661,FALSE,NA,NA,"<= day","daily",NA,NA,NA
"2016-02-08",23.191,FALSE,NA,NA,"<= day","daily",NA,NA,NA
"2016-02-09",31.675,FALSE,NA,NA,"<= day","daily",NA,NA,NA
"2016-02-10",30.895,FALSE,NA,NA,"<= day","daily",NA,NA,NA
"2016-02-11",19.11,FALSE,NA,NA,"<= day","daily",NA,NA,NA
"2016-02-12",15.17,FALSE,NA,NA,"<= day","daily",NA,NA,NA
"2016-02-13",13.283,FALSE,NA,NA,"<= day","daily",NA,NA,NA
"2016-02-14",11.454,FALSE,NA,NA,"<= day","daily",NA,NA,NA
"2016-02-15",9.756,FALSE,NA,NA,"<= day","daily",NA,NA,NA
"2016-02-16",8.809,FALSE,NA,NA,"<= day","daily",NA,NA,NA
"2016-02-17",8.619,FALSE,NA,NA,"<= day","daily",NA,NA,NA
"2016-02-18",8.076,FALSE,NA,NA,"<= day","daily",NA,NA,NA
"2016-02-19",7.744,FALSE,NA,NA,"<= day","daily",NA,NA,NA
"2016-02-20",10.474,FALSE,NA,NA,"<= day","daily",NA,NA,NA
"2016-02-21",74.731,FALSE,NA,NA,"<= day","daily",NA,NA,NA
"2016-02-22",55.167,FALSE,NA,NA,"<= day","daily",NA,NA,NA
"2016-02-23",50.899,FALSE,NA,NA,"<= day","daily",NA,NA,NA
"2016-02-24",41.426,FALSE,NA,NA,"<= day","daily",NA,NA,NA
"2016-02-25",29.987,FALSE,NA,NA,"<= day","daily",NA,NA,NA
"2016-02-26",21.752,FALSE,NA,NA,"<= day","daily",NA,NA,NA
"2016-02-27",17.522,FALSE,NA,NA,"<= day","daily",NA,NA,NA
"2016-02-28",15.192,FALSE,NA,NA,"<= day","daily",NA,NA,NA
"2016-02-29",15.405,FALSE,NA,NA,"<= day","daily",NA,NA,NA
"2016-03-01",13.25,FALSE,NA,NA,"<= day","daily",NA,NA,NA
"2016-03-02",14.761,FALSE,NA,NA,"<= day","daily",NA,NA,NA
"2016-03-03",19.36,FALSE,NA,NA,"<= day","daily",NA,NA,NA
"2016-03-04",14.203,FALSE,NA,NA,"<= day","daily",NA,NA,NA
"2016-03-05",12.606,FALSE,NA,NA,"<= day","daily",NA,NA,NA
"2016-03-06",10.763,FALSE,NA,NA,"<= day","daily",NA,NA,NA
"2016-03-07",9.601,FALSE,NA,NA,"<= day","daily",NA,NA,NA
"2016-03-08",8.619,FALSE,NA,NA,"<= day","daily",NA,NA,NA
"2016-03-09",8.171,FALSE,NA,NA,"<= day","daily",NA,NA,NA
"2016-03-10",8.364,FALSE,NA,NA,"<= day","daily",NA,NA,NA
"2016-03-11",8.592,FALSE,NA,NA,"<= day","daily",NA,NA,NA
"2016-03-12",7.573,FALSE,NA,NA,"<= day","daily",NA,NA,NA
"2016-03-13",6.92,FALSE,NA,NA,"<= day","daily",NA,NA,NA
"2016-03-14",6.446,FALSE,NA,NA,"<= day","daily",NA,NA,NA
"2016-03-15",6.064,FALSE,NA,NA,"<= day","daily",NA,NA,NA
"2016-03-16",6.029,FALSE,NA,NA,"<= day","daily",NA,NA,NA
"2016-03-17",6.143,FALSE,NA,NA,"<= day","daily",NA,NA,NA
"2016-03-18",8.984,FALSE,NA,NA,"<= day","daily",NA,NA,NA
"2016-03-19",12.328,FALSE,NA,NA,"<= day","daily",NA,NA,NA
"2016-03-20",15.522,FALSE,NA,NA,"<= day","daily",NA,NA,NA
"2016-03-21",15.66,FALSE,NA,NA,"<= day","daily",NA,NA,NA
"2016-03-22",10.49,FALSE,NA,NA,"<= day","daily",NA,NA,NA
"2016-03-23",8.552,FALSE,NA,NA,"<= day","daily",NA,NA,NA
"2016-03-24",7.282,FALSE,NA,NA,"<= day","daily",NA,NA,NA
"2016-03-25",7.461,FALSE,NA,NA,"<= day","daily",NA,NA,NA
"2016-03-26",23.819,FALSE,NA,NA,"<= day","daily",NA,NA,NA
"2016-03-27",25.67,FALSE,NA,NA,"<= day","daily",NA,NA,NA
"2016-03-28",34.717,FALSE,NA,NA,"<= day","daily",NA,NA,NA
"2016-03-29",39.725,FALSE,NA,NA,"<= day","daily",NA,NA,NA
"2016-03-30",45.879,FALSE,NA,NA,"<= day","daily",NA,NA,NA
"2016-03-31",58.145,FALSE,NA,NA,"<= day","daily",NA,NA,NA
"2016-04-01",60.751,FALSE,NA,NA,"<= day","daily",NA,NA,NA
"2016-04-02",52.642,FALSE,NA,NA,"<= day","daily",NA,NA,NA
"2016-04-03",57.926,FALSE,NA,NA,"<= day","daily",NA,NA,NA
"2016-04-04",61.034,FALSE,NA,NA,"<= day","daily",NA,NA,NA
"2016-04-05",53.061,FALSE,NA,NA,"<= day","daily",NA,NA,NA
"2016-04-06",52.458,FALSE,NA,NA,"<= day","daily",NA,NA,NA
"2016-04-07",41.949,FALSE,NA,NA,"<= day","daily",NA,NA,NA
"2016-04-08",37.637,FALSE,NA,NA,"<= day","daily",NA,NA,NA
"2016-04-09",27.18,FALSE,NA,NA,"<= day","daily",NA,NA,NA
"2016-04-10",25.809,FALSE,NA,NA,"<= day","daily",NA,NA,NA
"2016-04-11",31.224,FALSE,NA,NA,"<= day","daily",NA,NA,NA
"2016-04-12",33.836,FALSE,NA,NA,"<= day","daily",NA,NA,NA
"2016-04-13",33.371,FALSE,NA,NA,"<= day","daily",NA,NA,NA
"2016-04-14",38.462,FALSE,NA,NA,"<= day","daily",NA,NA,NA
"2016-04-15",33.489,FALSE,NA,NA,"<= day","daily",NA,NA,NA
"2016-04-16",31.862,FALSE,NA,NA,"<= day","daily",NA,NA,NA
"2016-04-17",35.69,FALSE,NA,NA,"<= day","daily",NA,NA,NA
"2016-04-18",53.542,FALSE,NA,NA,"<= day","daily",NA,NA,NA
"2016-04-19",55.607,FALSE,NA,NA,"<= day","daily",NA,NA,NA
"2016-04-20",40.667,FALSE,NA,NA,"<= day","daily",NA,NA,NA
"2016-04-21",35.091,FALSE,NA,NA,"<= day","daily",NA,NA,NA
"2016-04-22",33.542,FALSE,NA,NA,"<= day","daily",NA,NA,NA
"2016-04-23",32.039,FALSE,NA,NA,"<= day","daily",NA,NA,NA
"2016-04-24",30.565,FALSE,NA,NA,"<= day","daily",NA,NA,NA
"2016-04-25",24.671,FALSE,NA,NA,"<= day","daily",NA,NA,NA
"2016-04-26",20.26,FALSE,NA,NA,"<= day","daily",NA,NA,NA
"2016-04-27",18.711,FALSE,NA,NA,"<= day","daily",NA,NA,NA
"2016-04-28",16.177,FALSE,NA,NA,"<= day","daily",NA,NA,NA
"2016-04-29",20.324,FALSE,NA,NA,"<= day","daily",NA,NA,NA
"2016-04-30",30.044,FALSE,NA,NA,"<= day","daily",NA,NA,NA
"2016-05-01",36.962,FALSE,NA,NA,"<= day","daily",NA,NA,NA
"2016-05-02",52.304,FALSE,NA,NA,"<= day","daily",NA,NA,NA
"2016-05-03",38.33,FALSE,NA,NA,"<= day","daily",NA,NA,NA
"2016-05-04",41.004,FALSE,NA,NA,"<= day","daily",NA,NA,NA
"2016-05-05",33.444,FALSE,NA,NA,"<= day","daily",NA,NA,NA
"2016-05-06",31.264,FALSE,NA,NA,"<= day","daily",NA,NA,NA
"2016-05-07",31.602,FALSE,NA,NA,"<= day","daily",NA,NA,NA
"2016-05-08",30.965,FALSE,NA,NA,"<= day","daily",NA,NA,NA
"2016-05-09",30.021,FALSE,NA,NA,"<= day","daily",NA,NA,NA
"2016-05-10",29.175,FALSE,NA,NA,"<= day","daily",NA,NA,NA
"2016-05-11",27.083,FALSE,NA,NA,"<= day","daily",NA,NA,NA
"2016-05-12",26.427,FALSE,NA,NA,"<= day","daily",NA,NA,NA
"2016-05-13",31.021,FALSE,NA,NA,"<= day","daily",NA,NA,NA
"2016-05-14",45.138,FALSE,NA,NA,"<= day","daily",NA,NA,NA
"2016-05-15",44.123,FALSE,NA,NA,"<= day","daily",NA,NA,NA
"2016-05-16",32.444,FALSE,NA,NA,"<= day","daily",NA,NA,NA
"2016-05-17",33.3,FALSE,NA,NA,"<= day","daily",NA,NA,NA
"2016-05-18",32.31,FALSE,NA,NA,"<= day","daily",NA,NA,NA
"2016-05-19",35.578,FALSE,NA,NA,"<= day","daily",NA,NA,NA
"2016-05-20",44.002,FALSE,NA,NA,"<= day","daily",NA,NA,NA
"2016-05-21",33.115,FALSE,NA,NA,"<= day","daily",NA,NA,NA
"2016-05-22",28.106,FALSE,NA,NA,"<= day","daily",NA,NA,NA
"2016-05-23",27.24,FALSE,NA,NA,"<= day","daily",NA,NA,NA
"2016-05-24",49.681,FALSE,NA,NA,"<= day","daily",NA,NA,NA
"2016-05-25",35.841,FALSE,NA,NA,"<= day","daily",NA,NA,NA
"2016-05-26",28.411,FALSE,NA,NA,"<= day","daily",NA,NA,NA
"2016-05-27",22.159,FALSE,NA,NA,"<= day","daily",NA,NA,NA
"2016-05-28",22.125,FALSE,NA,NA,"<= day","daily",NA,NA,NA
"2016-05-29",16.71,FALSE,NA,NA,"<= day","daily",NA,NA,NA
"2016-05-30",26.942,FALSE,NA,NA,"<= day","daily",NA,NA,NA
"2016-05-31",30.335,FALSE,NA,NA,"<= day","daily",NA,NA,NA
"2016-06-01",35.051,FALSE,NA,NA,"<= day","daily",NA,NA,NA
"2016-06-02",30.654,FALSE,NA,NA,"<= day","daily",NA,NA,NA
"2016-06-03",31.947,FALSE,NA,NA,"<= day","daily",NA,NA,NA
"2016-06-04",32.662,FALSE,NA,NA,"<= day","daily",NA,NA,NA
"2016-06-05",38.893,FALSE,NA,NA,"<= day","daily",NA,NA,NA
"2016-06-06",35.814,FALSE,NA,NA,"<= day","daily",NA,NA,NA
"2016-06-07",26.454,FALSE,NA,NA,"<= day","daily",NA,NA,NA
"2016-06-08",19.919,FALSE,NA,NA,"<= day","daily",NA,NA,NA
"2016-06-09",51.211,FALSE,NA,NA,"<= day","daily",NA,NA,NA
"2016-06-10",40.438,FALSE,NA,NA,"<= day","daily",NA,NA,NA
"2016-06-11",27.697,FALSE,NA,NA,"<= day","daily",NA,NA,NA
"2016-06-12",23.846,FALSE,NA,NA,"<= day","daily",NA,NA,NA
"2016-06-13",20.766,FALSE,NA,NA,"<= day","daily",NA,NA,NA
"2016-06-14",29.747,FALSE,NA,NA,"<= day","daily",NA,NA,NA
"2016-06-15",32.494,FALSE,NA,NA,"<= day","daily",NA,NA,NA
"2016-06-16",32.789,FALSE,NA,NA,"<= day","daily",NA,NA,NA
"2016-06-17",44.016,FALSE,NA,NA,"<= day","daily",NA,NA,NA
"2016-06-18",30.859,FALSE,NA,NA,"<= day","daily",NA,NA,NA
"2016-06-19",41.509,FALSE,NA,NA,"<= day","daily",NA,NA,NA
"2016-06-20",36.601,FALSE,NA,NA,"<= day","daily",NA,NA,NA
"2016-06-21",27.539,FALSE,NA,NA,"<= day","daily",NA,NA,NA
"2016-06-22",22.981,FALSE,NA,NA,"<= day","daily",NA,NA,NA
"2016-06-23",18.714,FALSE,NA,NA,"<= day","daily",NA,NA,NA
"2016-06-24",15.207,FALSE,NA,NA,"<= day","daily",NA,NA,NA
"2016-06-25",25.077,FALSE,NA,NA,"<= day","daily",NA,NA,NA
"2016-06-26",30.593,FALSE,NA,NA,"<= day","daily",NA,NA,NA
"2016-06-27",39.93,FALSE,NA,NA,"<= day","daily",NA,NA,NA
"2016-06-28",27.288,FALSE,NA,NA,"<= day","daily",NA,NA,NA
"2016-06-29",21.11,FALSE,NA,NA,"<= day","daily",NA,NA,NA
"2016-06-30",23.289,FALSE,NA,NA,"<= day","daily",NA,NA,NA
"2016-07-01",35.217,FALSE,NA,NA,"<= day","daily",NA,NA,NA
"2016-07-02",24.14,FALSE,NA,NA,"<= day","daily",NA,NA,NA
"2016-07-03",25.826,FALSE,NA,NA,"<= day","daily",NA,NA,NA
"2016-07-04",20.916,FALSE,NA,NA,"<= day","daily",NA,NA,NA
"2016-07-05",17.708,FALSE,NA,NA,"<= day","daily",NA,NA,NA
"2016-07-06",14.283,FALSE,NA,NA,"<= day","daily",NA,NA,NA
"2016-07-07",12.024,FALSE,NA,NA,"<= day","daily",NA,NA,NA
"2016-07-08",10.427,FALSE,NA,NA,"<= day","daily",NA,NA,NA
"2016-07-09",9.288,FALSE,NA,NA,"<= day","daily",NA,NA,NA
"2016-07-10",8.283,FALSE,NA,NA,"<= day","daily",NA,NA,NA
"2016-07-11",16.447,FALSE,NA,NA,"<= day","daily",NA,NA,NA
"2016-07-12",44.184,FALSE,NA,NA,"<= day","daily",NA,NA,NA
"2016-07-13",56.684,FALSE,NA,NA,"<= day","daily",NA,NA,NA
"2016-07-14",55.039,FALSE,NA,NA,"<= day","daily",NA,NA,NA
"2016-07-15",43.909,FALSE,NA,NA,"<= day","daily",NA,NA,NA
"2016-07-16",34.913,FALSE,NA,NA,"<= day","daily",NA,NA,NA
"2016-07-17",24.828,FALSE,NA,NA,"<= day","daily",NA,NA,NA
"2016-07-18",20.909,FALSE,NA,NA,"<= day","daily",NA,NA,NA
"2016-07-19",18.006,FALSE,NA,NA,"<= day","daily",NA,NA,NA
"2016-07-20",14.857,FALSE,NA,NA,"<= day","daily",NA,NA,NA
"2016-07-21",12.677,FALSE,NA,NA,"<= day","daily",NA,NA,NA
"2016-07-22",12.049,FALSE,NA,NA,"<= day","daily",NA,NA,NA
"2016-07-23",10.985,FALSE,NA,NA,"<= day","daily",NA,NA,NA
"2016-07-24",9.428,FALSE,NA,NA,"<= day","daily",NA,NA,NA
"2016-07-25",14.261,FALSE,NA,NA,"<= day","daily",NA,NA,NA
"2016-07-26",17.259,FALSE,NA,NA,"<= day","daily",NA,NA,NA
"2016-07-27",21.831,FALSE,NA,NA,"<= day","daily",NA,NA,NA
"2016-07-28",15.93,FALSE,NA,NA,"<= day","daily",NA,NA,NA
"2016-07-29",12.594,FALSE,NA,NA,"<= day","daily",NA,NA,NA
"2016-07-30",10.236,FALSE,NA,NA,"<= day","daily",NA,NA,NA
"2016-07-31",15.659,FALSE,NA,NA,"<= day","daily",NA,NA,NA
"2016-08-01",35.651,FALSE,NA,NA,"<= day","daily",NA,NA,NA
"2016-08-02",23.54,FALSE,NA,NA,"<= day","daily",NA,NA,NA
"2016-08-03",17.709,FALSE,NA,NA,"<= day","daily",NA,NA,NA
"2016-08-04",13.031,FALSE,NA,NA,"<= day","daily",NA,NA,NA
"2016-08-05",64.029,FALSE,NA,NA,"<= day","daily",NA,NA,NA
"2016-08-06",41.318,FALSE,NA,NA,"<= day","daily",NA,NA,NA
"2016-08-07",25.288,FALSE,NA,NA,"<= day","daily",NA,NA,NA
"2016-08-08",20.425,FALSE,NA,NA,"<= day","daily",NA,NA,NA
"2016-08-09",22.544,FALSE,NA,NA,"<= day","daily",NA,NA,NA
"2016-08-10",28.319,FALSE,NA,NA,"<= day","daily",NA,NA,NA
"2016-08-11",33.085,FALSE,NA,NA,"<= day","daily",NA,NA,NA
"2016-08-12",24,FALSE,NA,NA,"<= day","daily",NA,NA,NA
"2016-08-13",19.618,FALSE,NA,NA,"<= day","daily",NA,NA,NA
"2016-08-14",16.802,FALSE,NA,NA,"<= day","daily",NA,NA,NA
"2016-08-15",13.739,FALSE,NA,NA,"<= day","daily",NA,NA,NA
"2016-08-16",11.786,FALSE,NA,NA,"<= day","daily",NA,NA,NA
"2016-08-17",10.785,FALSE,NA,NA,"<= day","daily",NA,NA,NA
"2016-08-18",11.8,FALSE,NA,NA,"<= day","daily",NA,NA,NA
"2016-08-19",11.506,FALSE,NA,NA,"<= day","daily",NA,NA,NA
"2016-08-20",9.6,FALSE,NA,NA,"<= day","daily",NA,NA,NA
"2016-08-21",22.36,FALSE,NA,NA,"<= day","daily",NA,NA,NA
"2016-08-22",21.159,FALSE,NA,NA,"<= day","daily",NA,NA,NA
"2016-08-23",14.256,FALSE,NA,NA,"<= day","daily",NA,NA,NA
"2016-08-24",10.829,FALSE,NA,NA,"<= day","daily",NA,NA,NA
"2016-08-25",8.863,FALSE,NA,NA,"<= day","daily",NA,NA,NA
"2016-08-26",7.555,FALSE,NA,NA,"<= day","daily",NA,NA,NA
"2016-08-27",6.576,FALSE,NA,NA,"<= day","daily",NA,NA,NA
"2016-08-28",5.938,FALSE,NA,NA,"<= day","daily",NA,NA,NA
"2016-08-29",6.695,FALSE,NA,NA,"<= day","daily",NA,NA,NA
"2016-08-30",22.408,FALSE,NA,NA,"<= day","daily",NA,NA,NA
"2016-08-31",10.401,FALSE,NA,NA,"<= day","daily",NA,NA,NA
"2016-09-01",16.566,FALSE,NA,NA,"<= day","daily",NA,NA,NA
"2016-09-02",13.003,FALSE,NA,NA,"<= day","daily",NA,NA,NA
"2016-09-03",8.861,FALSE,NA,NA,"<= day","daily",NA,NA,NA
"2016-09-04",7.396,FALSE,NA,NA,"<= day","daily",NA,NA,NA
"2016-09-05",36.627,FALSE,NA,NA,"<= day","daily",NA,NA,NA
"2016-09-06",27.205,FALSE,NA,NA,"<= day","daily",NA,NA,NA
"2016-09-07",21.793,FALSE,NA,NA,"<= day","daily",NA,NA,NA
"2016-09-08",13.945,FALSE,NA,NA,"<= day","daily",NA,NA,NA
"2016-09-09",9.994,FALSE,NA,NA,"<= day","daily",NA,NA,NA
"2016-09-10",8.034,FALSE,NA,NA,"<= day","daily",NA,NA,NA
"2016-09-11",6.723,FALSE,NA,NA,"<= day","daily",NA,NA,NA
"2016-09-12",5.8,FALSE,NA,NA,"<= day","daily",NA,NA,NA
"2016-09-13",5.163,FALSE,NA,NA,"<= day","daily",NA,NA,NA
"2016-09-14",4.736,FALSE,NA,NA,"<= day","daily",NA,NA,NA
"2016-09-15",4.318,FALSE,NA,NA,"<= day","daily",NA,NA,NA
"2016-09-16",4.188,FALSE,NA,NA,"<= day","daily",NA,NA,NA
"2016-09-17",27.326,FALSE,NA,NA,"<= day","daily",NA,NA,NA
"2016-09-18",22.583,FALSE,NA,NA,"<= day","daily",NA,NA,NA
"2016-09-19",41.959,FALSE,NA,NA,"<= day","daily",NA,NA,NA
"2016-09-20",32.625,FALSE,NA,NA,"<= day","daily",NA,NA,NA
"2016-09-21",22.096,FALSE,NA,NA,"<= day","daily",NA,NA,NA
"2016-09-22",13.98,FALSE,NA,NA,"<= day","daily",NA,NA,NA
"2016-09-23",10.356,FALSE,NA,NA,"<= day","daily",NA,NA,NA
"2016-09-24",8.42,FALSE,NA,NA,"<= day","daily",NA,NA,NA
"2016-09-25",7.199,FALSE,NA,NA,"<= day","daily",NA,NA,NA
"2016-09-26",6.192,FALSE,NA,NA,"<= day","daily",NA,NA,NA
"2016-09-27",5.476,FALSE,NA,NA,"<= day","daily",NA,NA,NA
"2016-09-28",4.899,FALSE,NA,NA,"<= day","daily",NA,NA,NA
"2016-09-29",4.538,FALSE,NA,NA,"<= day","daily",NA,NA,NA
"2016-09-30",4.271,FALSE,NA,NA,"<= day","daily",NA,NA,NA
"2016-10-01",3.955,FALSE,NA,NA,"<= day","daily",NA,NA,NA
"2016-10-02",5.941,FALSE,NA,NA,"<= day","daily",NA,NA,NA
"2016-10-03",6.766,FALSE,NA,NA,"<= day","daily",NA,NA,NA
"2016-10-04",7.171,FALSE,NA,NA,"<= day","daily",NA,NA,NA
"2016-10-05",7.36,FALSE,NA,NA,"<= day","daily",NA,NA,NA
"2016-10-06",5.583,FALSE,NA,NA,"<= day","daily",NA,NA,NA
"2016-10-07",4.625,FALSE,NA,NA,"<= day","daily",NA,NA,NA
"2016-10-08",5.395,FALSE,NA,NA,"<= day","daily",NA,NA,NA
"2016-10-09",7.061,FALSE,NA,NA,"<= day","daily",NA,NA,NA
"2016-10-10",5.618,FALSE,NA,NA,"<= day","daily",NA,NA,NA
"2016-10-11",4.902,FALSE,NA,NA,"<= day","daily",NA,NA,NA
"2016-10-12",4.546,FALSE,NA,NA,"<= day","daily",NA,NA,NA
"2016-10-13",4.221,FALSE,NA,NA,"<= day","daily",NA,NA,NA
"2016-10-14",3.839,FALSE,NA,NA,"<= day","daily",NA,NA,NA
"2016-10-15",3.458,FALSE,NA,NA,"<= day","daily",NA,NA,NA
"2016-10-16",3.125,FALSE,NA,NA,"<= day","daily",NA,NA,NA
"2016-10-17",2.889,FALSE,NA,NA,"<= day","daily",NA,NA,NA
"2016-10-18",6.518,FALSE,NA,NA,"<= day","daily",NA,NA,NA
"2016-10-19",7.267,FALSE,NA,NA,"<= day","daily",NA,NA,NA
"2016-10-20",5.669,FALSE,NA,NA,"<= day","daily",NA,NA,NA
"2016-10-21",4.68,FALSE,NA,NA,"<= day","daily",NA,NA,NA
"2016-10-22",4.604,FALSE,NA,NA,"<= day","daily",NA,NA,NA
"2016-10-23",4.269,FALSE,NA,NA,"<= day","daily",NA,NA,NA
"2016-10-24",4.065,FALSE,NA,NA,"<= day","daily",NA,NA,NA
"2016-10-25",5.106,FALSE,NA,NA,"<= day","daily",NA,NA,NA
"2016-10-26",30.219,FALSE,NA,NA,"<= day","daily",NA,NA,NA
"2016-10-27",19.455,FALSE,NA,NA,"<= day","daily",NA,NA,NA
"2016-10-28",11.457,FALSE,NA,NA,"<= day","daily",NA,NA,NA
"2016-10-29",8.259,FALSE,NA,NA,"<= day","daily",NA,NA,NA
"2016-10-30",6.482,FALSE,NA,NA,"<= day","daily",NA,NA,NA
"2016-10-31",5.376,FALSE,NA,NA,"<= day","daily",NA,NA,NA
"2016-11-01",4.611,FALSE,NA,NA,"<= day","daily",NA,NA,NA
"2016-11-02",4.189,FALSE,NA,NA,"<= day","daily",NA,NA,NA
"2016-11-03",4.024,FALSE,NA,NA,"<= day","daily",NA,NA,NA
"2016-11-04",3.608,FALSE,NA,NA,"<= day","daily",NA,NA,NA
"2016-11-05",3.398,FALSE,NA,NA,"<= day","daily",NA,NA,NA
"2016-11-06",9.802,FALSE,NA,NA,"<= day","daily",NA,NA,NA
"2016-11-07",9.434,FALSE,NA,NA,"<= day","daily",NA,NA,NA
"2016-11-08",7.953,FALSE,NA,NA,"<= day","daily",NA,NA,NA
"2016-11-09",7.051,FALSE,NA,NA,"<= day","daily",NA,NA,NA
"2016-11-10",6.512,FALSE,NA,NA,"<= day","daily",NA,NA,NA
"2016-11-11",6.803,FALSE,NA,NA,"<= day","daily",NA,NA,NA
"2016-11-12",7.086,FALSE,NA,NA,"<= day","daily",NA,NA,NA
"2016-11-13",7.224,FALSE,NA,NA,"<= day","daily",NA,NA,NA
"2016-11-14",6.736,FALSE,NA,NA,"<= day","daily",NA,NA,NA
"2016-11-15",6.646,FALSE,NA,NA,"<= day","daily",NA,NA,NA
"2016-11-16",32.076,FALSE,NA,NA,"<= day","daily",NA,NA,NA
"2016-11-17",50.488,FALSE,NA,NA,"<= day","daily",NA,NA,NA
"2016-11-18",39.459,FALSE,NA,NA,"<= day","daily",NA,NA,NA
"2016-11-19",33.741,FALSE,NA,NA,"<= day","daily",NA,NA,NA
"2016-11-20",24.295,FALSE,NA,NA,"<= day","daily",NA,NA,NA
"2016-11-21",19.792,FALSE,NA,NA,"<= day","daily",NA,NA,NA
"2016-11-22",22.349,FALSE,NA,NA,"<= day","daily",NA,NA,NA
"2016-11-23",15.355,FALSE,NA,NA,"<= day","daily",NA,NA,NA
"2016-11-24",10.654,FALSE,NA,NA,"<= day","daily",NA,NA,NA
"2016-11-25",8.134,FALSE,NA,NA,"<= day","daily",NA,NA,NA
"2016-11-26",6.603,FALSE,NA,NA,"<= day","daily",NA,NA,NA
"2016-11-27",5.787,FALSE,NA,NA,"<= day","daily",NA,NA,NA
"2016-11-28",5.064,FALSE,NA,NA,"<= day","daily",NA,NA,NA
"2016-11-29",3.916,FALSE,NA,NA,"<= day","daily",NA,NA,NA
"2016-11-30",3.592,FALSE,NA,NA,"<= day","daily",NA,NA,NA
"2016-12-01",3.543,FALSE,NA,NA,"<= day","daily",NA,NA,NA
"2016-12-02",3.335,FALSE,NA,NA,"<= day","daily",NA,NA,NA
"2016-12-03",2.96,FALSE,NA,NA,"<= day","daily",NA,NA,NA
"2016-12-04",2.596,FALSE,NA,NA,"<= day","daily",NA,NA,NA
"2016-12-05",2.384,FALSE,NA,NA,"<= day","daily",NA,NA,NA
"2016-12-06",2.255,FALSE,NA,NA,"<= day","daily",NA,NA,NA
"2016-12-07",2.076,FALSE,NA,NA,"<= day","daily",NA,NA,NA
"2016-12-08",1.968,FALSE,NA,NA,"<= day","daily",NA,NA,NA
"2016-12-09",1.947,FALSE,NA,NA,"<= day","daily",NA,NA,NA
"2016-12-10",1.899,FALSE,NA,NA,"<= day","daily",NA,NA,NA
"2016-12-11",1.874,FALSE,NA,NA,"<= day","daily",NA,NA,NA
"2016-12-12",1.987,FALSE,NA,NA,"<= day","daily",NA,NA,NA
"2016-12-13",1.664,FALSE,NA,NA,"<= day","daily",NA,NA,NA
"2016-12-14",1.616,FALSE,NA,NA,"<= day","daily",NA,NA,NA
"2016-12-15",1.573,FALSE,NA,NA,"<= day","daily",NA,NA,NA
"2016-12-16",1.44,FALSE,NA,NA,"<= day","daily",NA,NA,NA
"2016-12-17",1.316,FALSE,NA,NA,"<= day","daily",NA,NA,NA
"2016-12-18",1.314,FALSE,NA,NA,"<= day","daily",NA,NA,NA
"2016-12-19",1.349,FALSE,NA,NA,"<= day","daily",NA,NA,NA
"2016-12-20",1.304,FALSE,NA,NA,"<= day","daily",NA,NA,NA
"2016-12-21",1.367,FALSE,NA,NA,"<= day","daily",NA,NA,NA
"2016-12-22",1.325,FALSE,NA,NA,"<= day","daily",NA,NA,NA
"2016-12-23",1.258,FALSE,NA,NA,"<= day","daily",NA,NA,NA
"2016-12-24",1.205,FALSE,NA,NA,"<= day","daily",NA,NA,NA
"2016-12-25",1.637,FALSE,NA,NA,"<= day","daily",NA,NA,NA
"2016-12-26",4.608,FALSE,NA,NA,"<= day","daily",NA,NA,NA
"2016-12-27",15.626,FALSE,NA,NA,"<= day","daily",NA,NA,NA
"2016-12-28",4.708,FALSE,NA,NA,"<= day","daily",NA,NA,NA
"2016-12-29",2.654,FALSE,NA,NA,"<= day","daily",NA,NA,NA
"2016-12-30",2.027,FALSE,NA,NA,"<= day","daily",NA,NA,NA
"2016-12-31",1.717,FALSE,NA,NA,"<= day","daily",NA,NA,NA
"2017-01-01",1.566,FALSE,NA,NA,"<= day","daily",NA,NA,NA
"2017-01-02",1.408,FALSE,NA,NA,"<= day","daily",NA,NA,NA
"2017-01-03",1.333,FALSE,NA,NA,"<= day","daily",NA,NA,NA
"2017-01-04",1.261,FALSE,NA,NA,"<= day","daily",NA,NA,NA
"2017-01-05",1.208,FALSE,NA,NA,"<= day","daily",NA,NA,NA
"2017-01-06",1.062,FALSE,NA,NA,"<= day","daily",NA,NA,NA
"2017-01-07",1.011,FALSE,NA,NA,"<= day","daily",NA,NA,NA
"2017-01-08",1.053,FALSE,NA,NA,"<= day","daily",NA,NA,NA
"2017-01-09",1.011,FALSE,NA,NA,"<= day","daily",NA,NA,NA
"2017-01-10",1.032,FALSE,NA,NA,"<= day","daily",NA,NA,NA
"2017-01-11",1.022,FALSE,NA,NA,"<= day","daily",NA,NA,NA
"2017-01-12",1.01,FALSE,NA,NA,"<= day","daily",NA,NA,NA
"2017-01-13",1.137,FALSE,NA,NA,"<= day","daily",NA,NA,NA
"2017-01-14",1.028,FALSE,NA,NA,"<= day","daily",NA,NA,NA
"2017-01-15",0.937,FALSE,NA,NA,"<= day","daily",NA,NA,NA
"2017-01-16",0.9,FALSE,NA,NA,"<= day","daily",NA,NA,NA
"2017-01-17",0.871,FALSE,NA,NA,"<= day","daily",NA,NA,NA
"2017-01-18",0.838,FALSE,NA,NA,"<= day","daily",NA,NA,NA
"2017-01-19",0.815,FALSE,NA,NA,"<= day","daily",NA,NA,NA
"2017-01-20",0.83,FALSE,NA,NA,"<= day","daily",NA,NA,NA
"2017-01-21",0.859,FALSE,NA,NA,"<= day","daily",NA,NA,NA
"2017-01-22",0.951,FALSE,NA,NA,"<= day","daily",NA,NA,NA
"2017-01-23",0.989,FALSE,NA,NA,"<= day","daily",NA,NA,NA
"2017-01-24",1.054,FALSE,NA,NA,"<= day","daily",NA,NA,NA
"2017-01-25",0.928,FALSE,NA,NA,"<= day","daily",NA,NA,NA
"2017-01-26",0.924,FALSE,NA,NA,"<= day","daily",NA,NA,NA
"2017-01-27",0.988,FALSE,NA,NA,"<= day","daily",NA,NA,NA
"2017-01-28",1.119,FALSE,NA,NA,"<= day","daily",NA,NA,NA
"2017-01-29",1.278,FALSE,NA,NA,"<= day","daily",NA,NA,NA
"2017-01-30",1.387,FALSE,NA,NA,"<= day","daily",NA,NA,NA
"2017-01-31",14.091,FALSE,NA,NA,"<= day","daily",NA,NA,NA
"2017-02-01",56.682,FALSE,NA,NA,"<= day","daily",NA,NA,NA
"2017-02-02",34.285,FALSE,NA,NA,"<= day","daily",NA,NA,NA
"2017-02-03",34.56,FALSE,NA,NA,"<= day","daily",NA,NA,NA
"2017-02-04",24.983,FALSE,NA,NA,"<= day","daily",NA,NA,NA
"2017-02-05",14.701,FALSE,NA,NA,"<= day","daily",NA,NA,NA
"2017-02-06",9.37,FALSE,NA,NA,"<= day","daily",NA,NA,NA
"2017-02-07",6.838,FALSE,NA,NA,"<= day","daily",NA,NA,NA
"2017-02-08",5.881,FALSE,NA,NA,"<= day","daily",NA,NA,NA
"2017-02-09",4.947,FALSE,NA,NA,"<= day","daily",NA,NA,NA
"2017-02-10",4.336,FALSE,NA,NA,"<= day","daily",NA,NA,NA
"2017-02-11",3.93,FALSE,NA,NA,"<= day","daily",NA,NA,NA
"2017-02-12",3.736,FALSE,NA,NA,"<= day","daily",NA,NA,NA
"2017-02-13",3.408,FALSE,NA,NA,"<= day","daily",NA,NA,NA
"2017-02-14",3.602,FALSE,NA,NA,"<= day","daily",NA,NA,NA
"2017-02-15",4.13,FALSE,NA,NA,"<= day","daily",NA,NA,NA
"2017-02-16",4.923,FALSE,NA,NA,"<= day","daily",NA,NA,NA
"2017-02-17",10.807,FALSE,NA,NA,"<= day","daily",NA,NA,NA
"2017-02-18",8.469,FALSE,NA,NA,"<= day","daily",NA,NA,NA
"2017-02-19",5.832,FALSE,NA,NA,"<= day","daily",NA,NA,NA
"2017-02-20",5.706,FALSE,NA,NA,"<= day","daily",NA,NA,NA
"2017-02-21",35.36,FALSE,NA,NA,"<= day","daily",NA,NA,NA
"2017-02-22",82.036,FALSE,NA,NA,"<= day","daily",NA,NA,NA
"2017-02-23",58.402,FALSE,NA,NA,"<= day","daily",NA,NA,NA
"2017-02-24",45.566,FALSE,NA,NA,"<= day","daily",NA,NA,NA
"2017-02-25",25.609,FALSE,NA,NA,"<= day","daily",NA,NA,NA
"2017-02-26",17.252,FALSE,NA,NA,"<= day","daily",NA,NA,NA
"2017-02-27",14.077,FALSE,NA,NA,"<= day","daily",NA,NA,NA
"2017-02-28",15.186,FALSE,NA,NA,"<= day","daily",NA,NA,NA
"2017-03-01",11.917,FALSE,NA,NA,"<= day","daily",NA,NA,NA
"2017-03-02",16.301,FALSE,NA,NA,"<= day","daily",NA,NA,NA
"2017-03-03",17.036,FALSE,NA,NA,"<= day","daily",NA,NA,NA
"2017-03-04",24.487,FALSE,NA,NA,"<= day","daily",NA,NA,NA
"2017-03-05",26.813,FALSE,NA,NA,"<= day","daily",NA,NA,NA
"2017-03-06",15.538,FALSE,NA,NA,"<= day","daily",NA,NA,NA
"2017-03-07",11.554,FALSE,NA,NA,"<= day","daily",NA,NA,NA
"2017-03-08",8.992,FALSE,NA,NA,"<= day","daily",NA,NA,NA
"2017-03-09",82.361,FALSE,NA,NA,"<= day","daily",NA,NA,NA
"2017-03-10",77.613,FALSE,NA,NA,"<= day","daily",NA,NA,NA
"2017-03-11",45.569,FALSE,NA,NA,"<= day","daily",NA,NA,NA
"2017-03-12",30.013,FALSE,NA,NA,"<= day","daily",NA,NA,NA
"2017-03-13",22.344,FALSE,NA,NA,"<= day","daily",NA,NA,NA
"2017-03-14",18.974,FALSE,NA,NA,"<= day","daily",NA,NA,NA
"2017-03-15",19.532,FALSE,NA,NA,"<= day","daily",NA,NA,NA
"2017-03-16",24.661,FALSE,NA,NA,"<= day","daily",NA,NA,NA
"2017-03-17",33.006,FALSE,NA,NA,"<= day","daily",NA,NA,NA
"2017-03-18",58.597,FALSE,NA,NA,"<= day","daily",NA,NA,NA
"2017-03-19",84.465,FALSE,NA,NA,"<= day","daily",NA,NA,NA
"2017-03-20",68.315,FALSE,NA,NA,"<= day","daily",NA,NA,NA
"2017-03-21",52.497,FALSE,NA,NA,"<= day","daily",NA,NA,NA
"2017-03-22",51.777,FALSE,NA,NA,"<= day","daily",NA,NA,NA
"2017-03-23",43.836,FALSE,NA,NA,"<= day","daily",NA,NA,NA
"2017-03-24",38.815,FALSE,NA,NA,"<= day","daily",NA,NA,NA
"2017-03-25",39.108,FALSE,NA,NA,"<= day","daily",NA,NA,NA
"2017-03-26",34.141,FALSE,NA,NA,"<= day","daily",NA,NA,NA
"2017-03-27",26.162,FALSE,NA,NA,"<= day","daily",NA,NA,NA
"2017-03-28",23.911,FALSE,NA,NA,"<= day","daily",NA,NA,NA
"2017-03-29",25.68,FALSE,NA,NA,"<= day","daily",NA,NA,NA
"2017-03-30",27.826,FALSE,NA,NA,"<= day","daily",NA,NA,NA
"2017-03-31",29.619,FALSE,NA,NA,"<= day","daily",NA,NA,NA
"2017-04-01",29.388,FALSE,NA,NA,"<= day","daily",NA,NA,NA
"2017-04-02",24.355,FALSE,NA,NA,"<= day","daily",NA,NA,NA
"2017-04-03",26.141,FALSE,NA,NA,"<= day","daily",NA,NA,NA
"2017-04-04",36.394,FALSE,NA,NA,"<= day","daily",NA,NA,NA
"2017-04-05",21.528,FALSE,NA,NA,"<= day","daily",NA,NA,NA
"2017-04-06",14.442,FALSE,NA,NA,"<= day","daily",NA,NA,NA
"2017-04-07",11.429,FALSE,NA,NA,"<= day","daily",NA,NA,NA
"2017-04-08",11.201,FALSE,NA,NA,"<= day","daily",NA,NA,NA
"2017-04-09",13.812,FALSE,NA,NA,"<= day","daily",NA,NA,NA
"2017-04-10",15.64,FALSE,NA,NA,"<= day","daily",NA,NA,NA
"2017-04-11",17.546,FALSE,NA,NA,"<= day","daily",NA,NA,NA
"2017-04-12",12.436,FALSE,NA,NA,"<= day","daily",NA,NA,NA
"2017-04-13",10.337,FALSE,NA,NA,"<= day","daily",NA,NA,NA
"2017-04-14",8.383,FALSE,NA,NA,"<= day","daily",NA,NA,NA
"2017-04-15",8.312,FALSE,NA,NA,"<= day","daily",NA,NA,NA
"2017-04-16",40.107,FALSE,NA,NA,"<= day","daily",NA,NA,NA
"2017-04-17",29.227,FALSE,NA,NA,"<= day","daily",NA,NA,NA
"2017-04-18",28.816,FALSE,NA,NA,"<= day","daily",NA,NA,NA
"2017-04-19",20.93,FALSE,NA,NA,"<= day","daily",NA,NA,NA
"2017-04-20",14.384,FALSE,NA,NA,"<= day","daily",NA,NA,NA
"2017-04-21",14.488,FALSE,NA,NA,"<= day","daily",NA,NA,NA
"2017-04-22",27.083,FALSE,NA,NA,"<= day","daily",NA,NA,NA
"2017-04-23",39.01,FALSE,NA,NA,"<= day","daily",NA,NA,NA
"2017-04-24",41.701,FALSE,NA,NA,"<= day","daily",NA,NA,NA
"2017-04-25",72.218,FALSE,NA,NA,"<= day","daily",NA,NA,NA
"2017-04-26",80.83,FALSE,NA,NA,"<= day","daily",NA,NA,NA
"2017-04-27",57.446,FALSE,NA,NA,"<= day","daily",NA,NA,NA
"2017-04-28",38.132,FALSE,NA,NA,"<= day","daily",NA,NA,NA
"2017-04-29",30.639,FALSE,NA,NA,"<= day","daily",NA,NA,NA
"2017-04-30",45.464,FALSE,NA,NA,"<= day","daily",NA,NA,NA
"2017-05-01",62.528,FALSE,NA,NA,"<= day","daily",NA,NA,NA
"2017-05-02",60.334,FALSE,NA,NA,"<= day","daily",NA,NA,NA
"2017-05-03",68.702,FALSE,NA,NA,"<= day","daily",NA,NA,NA
"2017-05-04",74.478,FALSE,NA,NA,"<= day","daily",NA,NA,NA
"2017-05-05",80.653,FALSE,NA,NA,"<= day","daily",NA,NA,NA
"2017-05-06",76.996,FALSE,NA,NA,"<= day","daily",NA,NA,NA
"2017-05-07",75.481,FALSE,NA,NA,"<= day","daily",NA,NA,NA
"2017-05-08",73.632,FALSE,NA,NA,"<= day","daily",NA,NA,NA
"2017-05-09",72.308,FALSE,NA,NA,"<= day","daily",NA,NA,NA
"2017-05-10",46.18,FALSE,NA,NA,"<= day","daily",NA,NA,NA
"2017-05-11",43.056,FALSE,NA,NA,"<= day","daily",NA,NA,NA
"2017-05-12",41.9,FALSE,NA,NA,"<= day","daily",NA,NA,NA
"2017-05-13",38.701,FALSE,NA,NA,"<= day","daily",NA,NA,NA
"2017-05-14",44.339,FALSE,NA,NA,"<= day","daily",NA,NA,NA
"2017-05-15",51.675,FALSE,NA,NA,"<= day","daily",NA,NA,NA
"2017-05-16",40.386,FALSE,NA,NA,"<= day","daily",NA,NA,NA
"2017-05-17",31.867,FALSE,NA,NA,"<= day","daily",NA,NA,NA
"2017-05-18",25.542,FALSE,NA,NA,"<= day","daily",NA,NA,NA
"2017-05-19",20.097,FALSE,NA,NA,"<= day","daily",NA,NA,NA
"2017-05-20",16.735,FALSE,NA,NA,"<= day","daily",NA,NA,NA
"2017-05-21",13.344,FALSE,NA,NA,"<= day","daily",NA,NA,NA
"2017-05-22",11.342,FALSE,NA,NA,"<= day","daily",NA,NA,NA
"2017-05-23",9.655,FALSE,NA,NA,"<= day","daily",NA,NA,NA
"2017-05-24",8.575,FALSE,NA,NA,"<= day","daily",NA,NA,NA
"2017-05-25",9.515,FALSE,NA,NA,"<= day","daily",NA,NA,NA
"2017-05-26",7.577,FALSE,NA,NA,"<= day","daily",NA,NA,NA
"2017-05-27",6.634,FALSE,NA,NA,"<= day","daily",NA,NA,NA
"2017-05-28",5.944,FALSE,NA,NA,"<= day","daily",NA,NA,NA
"2017-05-29",5.483,FALSE,NA,NA,"<= day","daily",NA,NA,NA
"2017-05-30",5.085,FALSE,NA,NA,"<= day","daily",NA,NA,NA
"2017-05-31",56.312,FALSE,NA,NA,"<= day","daily",NA,NA,NA
"2017-06-01",44.366,FALSE,NA,NA,"<= day","daily",NA,NA,NA
"2017-06-02",43.456,FALSE,NA,NA,"<= day","daily",NA,NA,NA
"2017-06-03",38.065,FALSE,NA,NA,"<= day","daily",NA,NA,NA
"2017-06-04",32.376,FALSE,NA,NA,"<= day","daily",NA,NA,NA
"2017-06-05",31.815,FALSE,NA,NA,"<= day","daily",NA,NA,NA
"2017-06-06",41.467,FALSE,NA,NA,"<= day","daily",NA,NA,NA
"2017-06-07",40.84,FALSE,NA,NA,"<= day","daily",NA,NA,NA
"2017-06-08",25.753,FALSE,NA,NA,"<= day","daily",NA,NA,NA
"2017-06-09",15.961,FALSE,NA,NA,"<= day","daily",NA,NA,NA
"2017-06-10",12.835,FALSE,NA,NA,"<= day","daily",NA,NA,NA
"2017-06-11",9.737,FALSE,NA,NA,"<= day","daily",NA,NA,NA
"2017-06-12",8.24,FALSE,NA,NA,"<= day","daily",NA,NA,NA
"2017-06-13",7.088,FALSE,NA,NA,"<= day","daily",NA,NA,NA
"2017-06-14",6.342,FALSE,NA,NA,"<= day","daily",NA,NA,NA
"2017-06-15",5.735,FALSE,NA,NA,"<= day","daily",NA,NA,NA
"2017-06-16",15.205,FALSE,NA,NA,"<= day","daily",NA,NA,NA
"2017-06-17",8.705,FALSE,NA,NA,"<= day","daily",NA,NA,NA
"2017-06-18",6.305,FALSE,NA,NA,"<= day","daily",NA,NA,NA
"2017-06-19",5.427,FALSE,NA,NA,"<= day","daily",NA,NA,NA
"2017-06-20",4.863,FALSE,NA,NA,"<= day","daily",NA,NA,NA
"2017-06-21",4.401,FALSE,NA,NA,"<= day","daily",NA,NA,NA
"2017-06-22",4.002,FALSE,NA,NA,"<= day","daily",NA,NA,NA
"2017-06-23",3.648,FALSE,NA,NA,"<= day","daily",NA,NA,NA
"2017-06-24",3.371,FALSE,NA,NA,"<= day","daily",NA,NA,NA
"2017-06-25",4.35,FALSE,NA,NA,"<= day","daily",NA,NA,NA
"2017-06-26",3.58,FALSE,NA,NA,"<= day","daily",NA,NA,NA
"2017-06-27",19.395,FALSE,NA,NA,"<= day","daily",NA,NA,NA
"2017-06-28",8.257,FALSE,NA,NA,"<= day","daily",NA,NA,NA
"2017-06-29",11.098,FALSE,NA,NA,"<= day","daily",NA,NA,NA
"2017-06-30",18.257,FALSE,NA,NA,"<= day","daily",NA,NA,NA
"2017-07-01",8.775,FALSE,NA,NA,"<= day","daily",NA,NA,NA
"2017-07-02",6.231,FALSE,NA,NA,"<= day","daily",NA,NA,NA
"2017-07-03",24.069,FALSE,NA,NA,"<= day","daily",NA,NA,NA
"2017-07-04",14.679,FALSE,NA,NA,"<= day","daily",NA,NA,NA
"2017-07-05",7.881,FALSE,NA,NA,"<= day","daily",NA,NA,NA
"2017-07-06",5.547,FALSE,NA,NA,"<= day","daily",NA,NA,NA
"2017-07-07",4.489,FALSE,NA,NA,"<= day","daily",NA,NA,NA
"2017-07-08",5.418,FALSE,NA,NA,"<= day","daily",NA,NA,NA
"2017-07-09",4.738,FALSE,NA,NA,"<= day","daily",NA,NA,NA
"2017-07-10",6.18,FALSE,NA,NA,"<= day","daily",NA,NA,NA
"2017-07-11",12.212,FALSE,NA,NA,"<= day","daily",NA,NA,NA
"2017-07-12",7.124,FALSE,NA,NA,"<= day","daily",NA,NA,NA
"2017-07-13",34.493,FALSE,NA,NA,"<= day","daily",NA,NA,NA
"2017-07-14",27.233,FALSE,NA,NA,"<= day","daily",NA,NA,NA
"2017-07-15",42.189,FALSE,NA,NA,"<= day","daily",NA,NA,NA
"2017-07-16",23.091,FALSE,NA,NA,"<= day","daily",NA,NA,NA
"2017-07-17",11.652,FALSE,NA,NA,"<= day","daily",NA,NA,NA
"2017-07-18",8.043,FALSE,NA,NA,"<= day","daily",NA,NA,NA
"2017-07-19",7.373,FALSE,NA,NA,"<= day","daily",NA,NA,NA
"2017-07-20",22.102,FALSE,NA,NA,"<= day","daily",NA,NA,NA
"2017-07-21",24.896,FALSE,NA,NA,"<= day","daily",NA,NA,NA
"2017-07-22",20.011,FALSE,NA,NA,"<= day","daily",NA,NA,NA
"2017-07-23",36.124,FALSE,NA,NA,"<= day","daily",NA,NA,NA
"2017-07-24",38.515,FALSE,NA,NA,"<= day","daily",NA,NA,NA
"2017-07-25",64.255,FALSE,NA,NA,"<= day","daily",NA,NA,NA
"2017-07-26",84.477,FALSE,NA,NA,"<= day","daily",NA,NA,NA
"2017-07-27",64.699,FALSE,NA,NA,"<= day","daily",NA,NA,NA
"2017-07-28",43.405,FALSE,NA,NA,"<= day","daily",NA,NA,NA
"2017-07-29",37.293,FALSE,NA,NA,"<= day","daily",NA,NA,NA
"2017-07-30",27.888,FALSE,NA,NA,"<= day","daily",NA,NA,NA
"2017-07-31",22.898,FALSE,NA,NA,"<= day","daily",NA,NA,NA
"2017-08-01",19.672,FALSE,NA,NA,"<= day","daily",NA,NA,NA
"2017-08-02",35.018,FALSE,NA,NA,"<= day","daily",NA,NA,NA
"2017-08-03",22.47,FALSE,NA,NA,"<= day","daily",NA,NA,NA
"2017-08-04",16.673,FALSE,NA,NA,"<= day","daily",NA,NA,NA
"2017-08-05",13.35,FALSE,NA,NA,"<= day","daily",NA,NA,NA
"2017-08-06",26.435,FALSE,NA,NA,"<= day","daily",NA,NA,NA
"2017-08-07",25.569,FALSE,NA,NA,"<= day","daily",NA,NA,NA
"2017-08-08",17.317,FALSE,NA,NA,"<= day","daily",NA,NA,NA
"2017-08-09",51.739,FALSE,NA,NA,"<= day","daily",NA,NA,NA
"2017-08-10",40.076,FALSE,NA,NA,"<= day","daily",NA,NA,NA
"2017-08-11",62.048,FALSE,NA,NA,"<= day","daily",NA,NA,NA
"2017-08-12",38.765,FALSE,NA,NA,"<= day","daily",NA,NA,NA
"2017-08-13",31.257,FALSE,NA,NA,"<= day","daily",NA,NA,NA
"2017-08-14",23.264,FALSE,NA,NA,"<= day","daily",NA,NA,NA
"2017-08-15",17.439,FALSE,NA,NA,"<= day","daily",NA,NA,NA
"2017-08-16",32.732,FALSE,NA,NA,"<= day","daily",NA,NA,NA
"2017-08-17",22.985,FALSE,NA,NA,"<= day","daily",NA,NA,NA
"2017-08-18",19.341,FALSE,NA,NA,"<= day","daily",NA,NA,NA
"2017-08-19",46.805,FALSE,NA,NA,"<= day","daily",NA,NA,NA
"2017-08-20",38.08,FALSE,NA,NA,"<= day","daily",NA,NA,NA
"2017-08-21",27.775,FALSE,NA,NA,"<= day","daily",NA,NA,NA
"2017-08-22",19.792,FALSE,NA,NA,"<= day","daily",NA,NA,NA
"2017-08-23",15.078,FALSE,NA,NA,"<= day","daily",NA,NA,NA
"2017-08-24",16.37,FALSE,NA,NA,"<= day","daily",NA,NA,NA
"2017-08-25",30.347,FALSE,NA,NA,"<= day","daily",NA,NA,NA
"2017-08-26",18.576,FALSE,NA,NA,"<= day","daily",NA,NA,NA
"2017-08-27",13.565,FALSE,NA,NA,"<= day","daily",NA,NA,NA
"2017-08-28",11.09,FALSE,NA,NA,"<= day","daily",NA,NA,NA
"2017-08-29",9.461,FALSE,NA,NA,"<= day","daily",NA,NA,NA
"2017-08-30",8.277,FALSE,NA,NA,"<= day","daily",NA,NA,NA
"2017-08-31",9.707,FALSE,NA,NA,"<= day","daily",NA,NA,NA
"2017-09-01",62.375,FALSE,NA,NA,"<= day","daily",NA,NA,NA
"2017-09-02",89.131,FALSE,NA,NA,"<= day","daily",NA,NA,NA
"2017-09-03",72.594,FALSE,NA,NA,"<= day","daily",NA,NA,NA
"2017-09-04",42.148,FALSE,NA,NA,"<= day","daily",NA,NA,NA
"2017-09-05",33.051,FALSE,NA,NA,"<= day","daily",NA,NA,NA
"2017-09-06",29.961,FALSE,NA,NA,"<= day","daily",NA,NA,NA
"2017-09-07",33.923,FALSE,NA,NA,"<= day","daily",NA,NA,NA
"2017-09-08",27.699,FALSE,NA,NA,"<= day","daily",NA,NA,NA
"2017-09-09",21.819,FALSE,NA,NA,"<= day","daily",NA,NA,NA
"2017-09-10",35.288,FALSE,NA,NA,"<= day","daily",NA,NA,NA
"2017-09-11",31.737,FALSE,NA,NA,"<= day","daily",NA,NA,NA
"2017-09-12",25.878,FALSE,NA,NA,"<= day","daily",NA,NA,NA
"2017-09-13",21.845,FALSE,NA,NA,"<= day","daily",NA,NA,NA
"2017-09-14",20.117,FALSE,NA,NA,"<= day","daily",NA,NA,NA
"2017-09-15",19.734,FALSE,NA,NA,"<= day","daily",NA,NA,NA
"2017-09-16",28.417,FALSE,NA,NA,"<= day","daily",NA,NA,NA
"2017-09-17",30.447,FALSE,NA,NA,"<= day","daily",NA,NA,NA
"2017-09-18",27.706,FALSE,NA,NA,"<= day","daily",NA,NA,NA
"2017-09-19",23.535,FALSE,NA,NA,"<= day","daily",NA,NA,NA
"2017-09-20",30.91,FALSE,NA,NA,"<= day","daily",NA,NA,NA
"2017-09-21",26.182,FALSE,NA,NA,"<= day","daily",NA,NA,NA
"2017-09-22",18.305,FALSE,NA,NA,"<= day","daily",NA,NA,NA
"2017-09-23",13.769,FALSE,NA,NA,"<= day","daily",NA,NA,NA
"2017-09-24",11.765,FALSE,NA,NA,"<= day","daily",NA,NA,NA
"2017-09-25",10.283,FALSE,NA,NA,"<= day","daily",NA,NA,NA
"2017-09-26",8.969,FALSE,NA,NA,"<= day","daily",NA,NA,NA
"2017-09-27",8.568,FALSE,NA,NA,"<= day","daily",NA,NA,NA
"2017-09-28",7.592,FALSE,NA,NA,"<= day","daily",NA,NA,NA
"2017-09-29",6.976,FALSE,NA,NA,"<= day","daily",NA,NA,NA
"2017-09-30",7.137,FALSE,NA,NA,"<= day","daily",NA,NA,NA
"2017-10-01",45.569,FALSE,NA,NA,"<= day","daily",NA,NA,NA
"2017-10-02",32.796,FALSE,NA,NA,"<= day","daily",NA,NA,NA
"2017-10-03",39.625,FALSE,NA,NA,"<= day","daily",NA,NA,NA
"2017-10-04",35.959,FALSE,NA,NA,"<= day","daily",NA,NA,NA
"2017-10-05",25.756,FALSE,NA,NA,"<= day","daily",NA,NA,NA
"2017-10-06",43.554,FALSE,NA,NA,"<= day","daily",NA,NA,NA
"2017-10-07",42.421,FALSE,NA,NA,"<= day","daily",NA,NA,NA
"2017-10-08",33.728,FALSE,NA,NA,"<= day","daily",NA,NA,NA
"2017-10-09",32.373,FALSE,NA,NA,"<= day","daily",NA,NA,NA
"2017-10-10",28.105,FALSE,NA,NA,"<= day","daily",NA,NA,NA
"2017-10-11",20.746,FALSE,NA,NA,"<= day","daily",NA,NA,NA
"2017-10-12",15.519,FALSE,NA,NA,"<= day","daily",NA,NA,NA
"2017-10-13",12.488,FALSE,NA,NA,"<= day","daily",NA,NA,NA
"2017-10-14",10.59,FALSE,NA,NA,"<= day","daily",NA,NA,NA
"2017-10-15",9.169,FALSE,NA,NA,"<= day","daily",NA,NA,NA
"2017-10-16",8.096,FALSE,NA,NA,"<= day","daily",NA,NA,NA
"2017-10-17",7.286,FALSE,NA,NA,"<= day","daily",NA,NA,NA
"2017-10-18",6.733,FALSE,NA,NA,"<= day","daily",NA,NA,NA
"2017-10-19",6.176,FALSE,NA,NA,"<= day","daily",NA,NA,NA
"2017-10-20",5.641,FALSE,NA,NA,"<= day","daily",NA,NA,NA
"2017-10-21",5.232,FALSE,NA,NA,"<= day","daily",NA,NA,NA
"2017-10-22",5.475,FALSE,NA,NA,"<= day","daily",NA,NA,NA
"2017-10-23",11.229,FALSE,NA,NA,"<= day","daily",NA,NA,NA
"2017-10-24",21.529,FALSE,NA,NA,"<= day","daily",NA,NA,NA
"2017-10-25",20.064,FALSE,NA,NA,"<= day","daily",NA,NA,NA
"2017-10-26",16.686,FALSE,NA,NA,"<= day","daily",NA,NA,NA
"2017-10-27",31.468,FALSE,NA,NA,"<= day","daily",NA,NA,NA
"2017-10-28",33.916,FALSE,NA,NA,"<= day","daily",NA,NA,NA
"2017-10-29",28.499,FALSE,NA,NA,"<= day","daily",NA,NA,NA
"2017-10-30",33.748,FALSE,NA,NA,"<= day","daily",NA,NA,NA
"2017-10-31",22.768,FALSE,NA,NA,"<= day","daily",NA,NA,NA
"2017-11-01",16.039,FALSE,NA,NA,"<= day","daily",NA,NA,NA
"2017-11-02",13.753,FALSE,NA,NA,"<= day","daily",NA,NA,NA
"2017-11-03",15.663,FALSE,NA,NA,"<= day","daily",NA,NA,NA
"2017-11-04",14.309,FALSE,NA,NA,"<= day","daily",NA,NA,NA
"2017-11-05",16.967,FALSE,NA,NA,"<= day","daily",NA,NA,NA
"2017-11-06",25.185,FALSE,NA,NA,"<= day","daily",NA,NA,NA
"2017-11-07",19.916,FALSE,NA,NA,"<= day","daily",NA,NA,NA
"2017-11-08",18.78,FALSE,NA,NA,"<= day","daily",NA,NA,NA
"2017-11-09",19.179,FALSE,NA,NA,"<= day","daily",NA,NA,NA
"2017-11-10",17.421,FALSE,NA,NA,"<= day","daily",NA,NA,NA
"2017-11-11",41.044,FALSE,NA,NA,"<= day","daily",NA,NA,NA
"2017-11-12",75.376,FALSE,NA,NA,"<= day","daily",NA,NA,NA
"2017-11-13",44.216,FALSE,NA,NA,"<= day","daily",NA,NA,NA
"2017-11-14",31.662,FALSE,NA,NA,"<= day","daily",NA,NA,NA
"2017-11-15",25.754,FALSE,NA,NA,"<= day","daily",NA,NA,NA
"2017-11-16",21.822,FALSE,NA,NA,"<= day","daily",NA,NA,NA
"2017-11-17",18.764,FALSE,NA,NA,"<= day","daily",NA,NA,NA
"2017-11-18",15.791,FALSE,NA,NA,"<= day","daily",NA,NA,NA
"2017-11-19",14.381,FALSE,NA,NA,"<= day","daily",NA,NA,NA
"2017-11-20",12.513,FALSE,NA,NA,"<= day","daily",NA,NA,NA
"2017-11-21",21.114,FALSE,NA,NA,"<= day","daily",NA,NA,NA
"2017-11-22",34.556,FALSE,NA,NA,"<= day","daily",NA,NA,NA
"2017-11-23",31.634,FALSE,NA,NA,"<= day","daily",NA,NA,NA
"2017-11-24",30.743,FALSE,NA,NA,"<= day","daily",NA,NA,NA
"2017-11-25",31.208,FALSE,NA,NA,"<= day","daily",NA,NA,NA
"2017-11-26",26.121,FALSE,NA,NA,"<= day","daily",NA,NA,NA
"2017-11-27",18.854,FALSE,NA,NA,"<= day","daily",NA,NA,NA
"2017-11-28",16.272,FALSE,NA,NA,"<= day","daily",NA,NA,NA
"2017-11-29",14.235,FALSE,NA,NA,"<= day","daily",NA,NA,NA
"2017-11-30",12.546,FALSE,NA,NA,"<= day","daily",NA,NA,NA
"2017-12-01",11.125,FALSE,NA,NA,"<= day","daily",NA,NA,NA
"2017-12-02",9.623,FALSE,NA,NA,"<= day","daily",NA,NA,NA
"2017-12-03",8.928,FALSE,NA,NA,"<= day","daily",NA,NA,NA
"2017-12-04",8.385,FALSE,NA,NA,"<= day","daily",NA,NA,NA
"2017-12-05",7.837,FALSE,NA,NA,"<= day","daily",NA,NA,NA
"2017-12-06",7.438,FALSE,NA,NA,"<= day","daily",NA,NA,NA
"2017-12-07",7.674,FALSE,NA,NA,"<= day","daily",NA,NA,NA
"2017-12-08",8.128,FALSE,NA,NA,"<= day","daily",NA,NA,NA
"2017-12-09",7.431,FALSE,NA,NA,"<= day","daily",NA,NA,NA
"2017-12-10",7.237,FALSE,NA,NA,"<= day","daily",NA,NA,NA
"2017-12-11",9.683,FALSE,NA,NA,"<= day","daily",NA,NA,NA
"2017-12-12",17.541,FALSE,NA,NA,"<= day","daily",NA,NA,NA
"2017-12-13",12.545,FALSE,NA,NA,"<= day","daily",NA,NA,NA
"2017-12-14",11.375,FALSE,NA,NA,"<= day","daily",NA,NA,NA
"2017-12-15",10.104,FALSE,NA,NA,"<= day","daily",NA,NA,NA
"2017-12-16",8.985,FALSE,NA,NA,"<= day","daily",NA,NA,NA
"2017-12-17",8.273,FALSE,NA,NA,"<= day","daily",NA,NA,NA
"2017-12-18",7.999,FALSE,NA,NA,"<= day","daily",NA,NA,NA
"2017-12-19",7.527,FALSE,NA,NA,"<= day","daily",NA,NA,NA
"2017-12-20",7.292,FALSE,NA,NA,"<= day","daily",NA,NA,NA
"2017-12-21",8.288,FALSE,NA,NA,"<= day","daily",NA,NA,NA
"2017-12-22",27.218,FALSE,NA,NA,"<= day","daily",NA,NA,NA
"2017-12-23",56.405,FALSE,NA,NA,"<= day","daily",NA,NA,NA
"2017-12-24",30.696,FALSE,NA,NA,"<= day","daily",NA,NA,NA
"2017-12-25",21.392,FALSE,NA,NA,"<= day","daily",NA,NA,NA
"2017-12-26",20.781,FALSE,NA,NA,"<= day","daily",NA,NA,NA
"2017-12-27",19.121,FALSE,NA,NA,"<= day","daily",NA,NA,NA
"2017-12-28",15.705,FALSE,NA,NA,"<= day","daily",NA,NA,NA
"2017-12-29",11.666,FALSE,NA,NA,"<= day","daily",NA,NA,NA
"2017-12-30",13.807,FALSE,NA,NA,"<= day","daily",NA,NA,NA
"2017-12-31",55.636,FALSE,NA,NA,"<= day","daily",NA,NA,NA
"2018-01-01",39.939,FALSE,NA,NA,"<= day","daily",NA,NA,NA
"2018-01-02",28.651,FALSE,NA,NA,"<= day","daily",NA,NA,NA
"2018-01-03",42.011,FALSE,NA,NA,"<= day","daily",NA,NA,NA
"2018-01-04",65.127,FALSE,NA,NA,"<= day","daily",NA,NA,NA
"2018-01-05",76.09,FALSE,NA,NA,"<= day","daily",NA,NA,NA
"2018-01-06",44.76,FALSE,NA,NA,"<= day","daily",NA,NA,NA
"2018-01-07",37.417,FALSE,NA,NA,"<= day","daily",NA,NA,NA
"2018-01-08",36.97,FALSE,NA,NA,"<= day","daily",NA,NA,NA
"2018-01-09",36.405,FALSE,NA,NA,"<= day","daily",NA,NA,NA
"2018-01-10",34.771,FALSE,NA,NA,"<= day","daily",NA,NA,NA
"2018-01-11",28.981,FALSE,NA,NA,"<= day","daily",NA,NA,NA
"2018-01-12",23.124,FALSE,NA,NA,"<= day","daily",NA,NA,NA
"2018-01-13",19.55,FALSE,NA,NA,"<= day","daily",NA,NA,NA
"2018-01-14",16.741,FALSE,NA,NA,"<= day","daily",NA,NA,NA
"2018-01-15",14.212,FALSE,NA,NA,"<= day","daily",NA,NA,NA
"2018-01-16",14.188,FALSE,NA,NA,"<= day","daily",NA,NA,NA
"2018-01-17",12.353,FALSE,NA,NA,"<= day","daily",NA,NA,NA
"2018-01-18",12.212,FALSE,NA,NA,"<= day","daily",NA,NA,NA
"2018-01-19",15.238,FALSE,NA,NA,"<= day","daily",NA,NA,NA
"2018-01-20",12.933,FALSE,NA,NA,"<= day","daily",NA,NA,NA
"2018-01-21",12.443,FALSE,NA,NA,"<= day","daily",NA,NA,NA
"2018-01-22",42.065,FALSE,NA,NA,"<= day","daily",NA,NA,NA
"2018-01-23",77.947,FALSE,NA,NA,"<= day","daily",NA,NA,NA
"2018-01-24",38.48,FALSE,NA,NA,"<= day","daily",NA,NA,NA
"2018-01-25",37.311,FALSE,NA,NA,"<= day","daily",NA,NA,NA
"2018-01-26",33.646,FALSE,NA,NA,"<= day","daily",NA,NA,NA
"2018-01-27",28.057,FALSE,NA,NA,"<= day","daily",NA,NA,NA
"2018-01-28",23.706,FALSE,NA,NA,"<= day","daily",NA,NA,NA
"2018-01-29",27.166,FALSE,NA,NA,"<= day","daily",NA,NA,NA
"2018-01-30",33.3,FALSE,NA,NA,"<= day","daily",NA,NA,NA
"2018-01-31",29.232,FALSE,NA,NA,"<= day","daily",NA,NA,NA
"2018-02-01",25.789,FALSE,NA,NA,"<= day","daily",NA,NA,NA
"2018-02-02",21.117,FALSE,NA,NA,"<= day","daily",NA,NA,NA
"2018-02-03",18.138,FALSE,NA,NA,"<= day","daily",NA,NA,NA
"2018-02-04",15.416,FALSE,NA,NA,"<= day","daily",NA,NA,NA
"2018-02-05",13.401,FALSE,NA,NA,"<= day","daily",NA,NA,NA
"2018-02-06",12.728,FALSE,NA,NA,"<= day","daily",NA,NA,NA
"2018-02-07",11.909,FALSE,NA,NA,"<= day","daily",NA,NA,NA
"2018-02-08",10.806,FALSE,NA,NA,"<= day","daily",NA,NA,NA
"2018-02-09",10.082,FALSE,NA,NA,"<= day","daily",NA,NA,NA
"2018-02-10",9.546,FALSE,NA,NA,"<= day","daily",NA,NA,NA
"2018-02-11",9.167,FALSE,NA,NA,"<= day","daily",NA,NA,NA
"2018-02-12",8.682,FALSE,NA,NA,"<= day","daily",NA,NA,NA
"2018-02-13",7.906,FALSE,NA,NA,"<= day","daily",NA,NA,NA
"2018-02-14",7.384,FALSE,NA,NA,"<= day","daily",NA,NA,NA
"2018-02-15",8.857,FALSE,NA,NA,"<= day","daily",NA,NA,NA
"2018-02-16",48.139,FALSE,NA,NA,"<= day","daily",NA,NA,NA
"2018-02-17",35.636,FALSE,NA,NA,"<= day","daily",NA,NA,NA
"2018-02-18",27.655,FALSE,NA,NA,"<= day","daily",NA,NA,NA
"2018-02-19",20.432,FALSE,NA,NA,"<= day","daily",NA,NA,NA
"2018-02-20",16.175,FALSE,NA,NA,"<= day","daily",NA,NA,NA
"2018-02-21",13.302,FALSE,NA,NA,"<= day","daily",NA,NA,NA
"2018-02-22",11.643,FALSE,NA,NA,"<= day","daily",NA,NA,NA
"2018-02-23",10.365,FALSE,NA,NA,"<= day","daily",NA,NA,NA
"2018-02-24",9.312,FALSE,NA,NA,"<= day","daily",NA,NA,NA
"2018-02-25",8.296,FALSE,NA,NA,"<= day","daily",NA,NA,NA
"2018-02-26",7.399,FALSE,NA,NA,"<= day","daily",NA,NA,NA
"2018-02-27",6.882,FALSE,NA,NA,"<= day","daily",NA,NA,NA
"2018-02-28",6.228,FALSE,NA,NA,"<= day","daily",NA,NA,NA
"2018-03-01",6.312,FALSE,NA,NA,"<= day","daily",NA,NA,NA
"2018-03-02",6.36,FALSE,NA,NA,"<= day","daily",NA,NA,NA
"2018-03-03",6.33,FALSE,NA,NA,"<= day","daily",NA,NA,NA
"2018-03-04",6.523,FALSE,NA,NA,"<= day","daily",NA,NA,NA
"2018-03-05",7.983,FALSE,NA,NA,"<= day","daily",NA,NA,NA
"2018-03-06",8.842,FALSE,NA,NA,"<= day","daily",NA,NA,NA
"2018-03-07",7.228,FALSE,NA,NA,"<= day","daily",NA,NA,NA
"2018-03-08",6.567,FALSE,NA,NA,"<= day","daily",NA,NA,NA
"2018-03-09",7.247,FALSE,NA,NA,"<= day","daily",NA,NA,NA
"2018-03-10",13.194,FALSE,NA,NA,"<= day","daily",NA,NA,NA
"2018-03-11",34.839,FALSE,NA,NA,"<= day","daily",NA,NA,NA
"2018-03-12",54.115,FALSE,NA,NA,"<= day","daily",NA,NA,NA
"2018-03-13",53.545,FALSE,NA,NA,"<= day","daily",NA,NA,NA
"2018-03-15",27.655,FALSE,NA,NA,"<= day","daily",NA,NA,NA
"2018-03-16",30.954,FALSE,NA,NA,"<= day","daily",NA,NA,NA
"2018-03-17",31.283,FALSE,NA,NA,"<= day","daily",NA,NA,NA
"2018-03-18",23.717,FALSE,NA,NA,"<= day","daily",NA,NA,NA
"2018-03-19",17.36,FALSE,NA,NA,"<= day","daily",NA,NA,NA
"2018-03-20",13.808,FALSE,NA,NA,"<= day","daily",NA,NA,NA
"2018-03-21",12.29,FALSE,NA,NA,"<= day","daily",NA,NA,NA
"2018-03-22",10.5,FALSE,NA,NA,"<= day","daily",NA,NA,NA
"2018-03-23",10.136,FALSE,NA,NA,"<= day","daily",NA,NA,NA
"2018-03-24",9.678,FALSE,NA,NA,"<= day","daily",NA,NA,NA
"2018-03-25",10.033,FALSE,NA,NA,"<= day","daily",NA,NA,NA
"2018-03-26",10.282,FALSE,NA,NA,"<= day","daily",NA,NA,NA
"2018-03-27",8.761,FALSE,NA,NA,"<= day","daily",NA,NA,NA
"2018-03-28",15,FALSE,NA,NA,"<= day","daily",NA,NA,NA
"2018-03-29",30.215,FALSE,NA,NA,"<= day","daily",NA,NA,NA
"2018-03-30",24.384,FALSE,NA,NA,"<= day","daily",NA,NA,NA
"2018-03-31",25.634,FALSE,NA,NA,"<= day","daily",NA,NA,NA
"2018-04-01",19.316,FALSE,NA,NA,"<= day","daily",NA,NA,NA
"2018-04-02",17.102,FALSE,NA,NA,"<= day","daily",NA,NA,NA
"2018-04-03",42.948,FALSE,NA,NA,"<= day","daily",NA,NA,NA
"2018-04-04",89.156,FALSE,NA,NA,"<= day","daily",NA,NA,NA
"2018-04-05",79.182,FALSE,NA,NA,"<= day","daily",NA,NA,NA
"2018-04-06",69.386,FALSE,NA,NA,"<= day","daily",NA,NA,NA
"2018-04-07",65.917,FALSE,NA,NA,"<= day","daily",NA,NA,NA
"2018-04-08",77.596,FALSE,NA,NA,"<= day","daily",NA,NA,NA
"2018-04-09",80.4,FALSE,NA,NA,"<= day","daily",NA,NA,NA
"2018-04-10",77.293,FALSE,NA,NA,"<= day","daily",NA,NA,NA
"2018-04-11",72.605,FALSE,NA,NA,"<= day","daily",NA,NA,NA
"2018-04-12",67.93,FALSE,NA,NA,"<= day","daily",NA,NA,NA
"2018-04-13",65.739,FALSE,NA,NA,"<= day","daily",NA,NA,NA
"2018-04-14",59.758,FALSE,NA,NA,"<= day","daily",NA,NA,NA
"2018-04-15",58.486,FALSE,NA,NA,"<= day","daily",NA,NA,NA
"2018-04-16",72.944,FALSE,NA,NA,"<= day","daily",NA,NA,NA
"2018-04-17",65.839,FALSE,NA,NA,"<= day","daily",NA,NA,NA
"2018-04-18",59.833,FALSE,NA,NA,"<= day","daily",NA,NA,NA
"2018-04-19",58.464,FALSE,NA,NA,"<= day","daily",NA,NA,NA
"2018-04-20",58.037,FALSE,NA,NA,"<= day","daily",NA,NA,NA
"2018-04-21",57.298,FALSE,NA,NA,"<= day","daily",NA,NA,NA
"2018-04-22",54.38,FALSE,NA,NA,"<= day","daily",NA,NA,NA
"2018-04-23",50.12,FALSE,NA,NA,"<= day","daily",NA,NA,NA
"2018-04-24",48.464,FALSE,NA,NA,"<= day","daily",NA,NA,NA
"2018-04-25",42.336,FALSE,NA,NA,"<= day","daily",NA,NA,NA
"2018-04-26",39.827,FALSE,NA,NA,"<= day","daily",NA,NA,NA
"2018-04-27",34.402,FALSE,NA,NA,"<= day","daily",NA,NA,NA
"2018-04-28",33.757,FALSE,NA,NA,"<= day","daily",NA,NA,NA
"2018-04-29",33.969,FALSE,NA,NA,"<= day","daily",NA,NA,NA
"2018-04-30",32.314,FALSE,NA,NA,"<= day","daily",NA,NA,NA
"2018-05-01",27.112,FALSE,NA,NA,"<= day","daily",NA,NA,NA
"2018-05-02",20.119,FALSE,NA,NA,"<= day","daily",NA,NA,NA
"2018-05-03",22.598,FALSE,NA,NA,"<= day","daily",NA,NA,NA
"2018-05-04",25.139,FALSE,NA,NA,"<= day","daily",NA,NA,NA
"2018-05-05",23.981,FALSE,NA,NA,"<= day","daily",NA,NA,NA
"2018-05-06",23.402,FALSE,NA,NA,"<= day","daily",NA,NA,NA
"2018-05-07",18.543,FALSE,NA,NA,"<= day","daily",NA,NA,NA
"2018-05-08",14.786,FALSE,NA,NA,"<= day","daily",NA,NA,NA
"2018-05-09",11.846,FALSE,NA,NA,"<= day","daily",NA,NA,NA
"2018-05-10",9.174,FALSE,NA,NA,"<= day","daily",NA,NA,NA
"2018-05-11",8.341,FALSE,NA,NA,"<= day","daily",NA,NA,NA
"2018-05-12",7.493,FALSE,NA,NA,"<= day","daily",NA,NA,NA
"2018-05-13",7.55,FALSE,NA,NA,"<= day","daily",NA,NA,NA
"2018-05-14",12.88,FALSE,NA,NA,"<= day","daily",NA,NA,NA
"2018-05-15",41.955,FALSE,NA,NA,"<= day","daily",NA,NA,NA
"2018-05-16",32.553,FALSE,NA,NA,"<= day","daily",NA,NA,NA
"2018-05-17",36.083,FALSE,NA,NA,"<= day","daily",NA,NA,NA
"2018-05-18",28.536,FALSE,NA,NA,"<= day","daily",NA,NA,NA
"2018-05-19",31.177,FALSE,NA,NA,"<= day","daily",NA,NA,NA
"2018-05-20",35.066,FALSE,NA,NA,"<= day","daily",NA,NA,NA
"2018-05-21",31.341,FALSE,NA,NA,"<= day","daily",NA,NA,NA
"2018-05-22",32.048,FALSE,NA,NA,"<= day","daily",NA,NA,NA
"2018-05-23",41.308,FALSE,NA,NA,"<= day","daily",NA,NA,NA
"2018-05-24",30.633,FALSE,NA,NA,"<= day","daily",NA,NA,NA
"2018-05-25",21.923,FALSE,NA,NA,"<= day","daily",NA,NA,NA
"2018-05-26",15.034,FALSE,NA,NA,"<= day","daily",NA,NA,NA
"2018-05-27",11.381,FALSE,NA,NA,"<= day","daily",NA,NA,NA
"2018-05-28",9.262,FALSE,NA,NA,"<= day","daily",NA,NA,NA
"2018-05-29",7.87,FALSE,NA,NA,"<= day","daily",NA,NA,NA
"2018-05-30",10.329,FALSE,NA,NA,"<= day","daily",NA,NA,NA
"2018-05-31",12.487,FALSE,NA,NA,"<= day","daily",NA,NA,NA
"2018-06-01",27.063,FALSE,NA,NA,"<= day","daily",NA,NA,NA
"2018-06-02",20.219,FALSE,NA,NA,"<= day","daily",NA,NA,NA
"2018-06-03",18.641,FALSE,NA,NA,"<= day","daily",NA,NA,NA
"2018-06-04",11.866,FALSE,NA,NA,"<= day","daily",NA,NA,NA
"2018-06-05",8.889,FALSE,NA,NA,"<= day","daily",NA,NA,NA
"2018-06-06",8.789,FALSE,NA,NA,"<= day","daily",NA,NA,NA
"2018-06-07",7.853,FALSE,NA,NA,"<= day","daily",NA,NA,NA
"2018-06-08",8.56,FALSE,NA,NA,"<= day","daily",NA,NA,NA
"2018-06-09",10.477,FALSE,NA,NA,"<= day","daily",NA,NA,NA
"2018-06-10",7.665,FALSE,NA,NA,"<= day","daily",NA,NA,NA
"2018-06-11",7.029,FALSE,NA,NA,"<= day","daily",NA,NA,NA
"2018-06-12",29.646,FALSE,NA,NA,"<= day","daily",NA,NA,NA
"2018-06-13",65.511,FALSE,NA,NA,"<= day","daily",NA,NA,NA
"2018-06-14",49.939,FALSE,NA,NA,"<= day","daily",NA,NA,NA
"2018-06-15",31.198,FALSE,NA,NA,"<= day","daily",NA,NA,NA
"2018-06-16",23.722,FALSE,NA,NA,"<= day","daily",NA,NA,NA
"2018-06-17",19.035,FALSE,NA,NA,"<= day","daily",NA,NA,NA
"2018-06-18",34.854,FALSE,NA,NA,"<= day","daily",NA,NA,NA
"2018-06-19",26.627,FALSE,NA,NA,"<= day","daily",NA,NA,NA
"2018-06-20",19.526,FALSE,NA,NA,"<= day","daily",NA,NA,NA
"2018-06-21",14.584,FALSE,NA,NA,"<= day","daily",NA,NA,NA
"2018-06-22",36.852,FALSE,NA,NA,"<= day","daily",NA,NA,NA
"2018-06-23",25.258,FALSE,NA,NA,"<= day","daily",NA,NA,NA
"2018-06-24",18.665,FALSE,NA,NA,"<= day","daily",NA,NA,NA
"2018-06-25",20,FALSE,NA,NA,"<= day","daily",NA,NA,NA
"2018-06-26",17.28,FALSE,NA,NA,"<= day","daily",NA,NA,NA
"2018-06-27",13.242,FALSE,NA,NA,"<= day","daily",NA,NA,NA
"2018-06-28",18.471,FALSE,NA,NA,"<= day","daily",NA,NA,NA
"2018-06-29",37.029,FALSE,NA,NA,"<= day","daily",NA,NA,NA
"2018-06-30",25.804,FALSE,NA,NA,"<= day","daily",NA,NA,NA
"2018-07-01",17.497,FALSE,NA,NA,"<= day","daily",NA,NA,NA
"2018-07-02",12.901,FALSE,NA,NA,"<= day","daily",NA,NA,NA
"2018-07-03",10.474,FALSE,NA,NA,"<= day","daily",NA,NA,NA
"2018-07-04",9.001,FALSE,NA,NA,"<= day","daily",NA,NA,NA
"2018-07-05",8.194,FALSE,NA,NA,"<= day","daily",NA,NA,NA
"2018-07-06",23.183,FALSE,NA,NA,"<= day","daily",NA,NA,NA
"2018-07-07",32.767,FALSE,NA,NA,"<= day","daily",NA,NA,NA
"2018-07-08",19.506,FALSE,NA,NA,"<= day","daily",NA,NA,NA
"2018-07-09",12.713,FALSE,NA,NA,"<= day","daily",NA,NA,NA
"2018-07-10",10.006,FALSE,NA,NA,"<= day","daily",NA,NA,NA
"2018-07-11",13.52,FALSE,NA,NA,"<= day","daily",NA,NA,NA
"2018-07-12",9.192,FALSE,NA,NA,"<= day","daily",NA,NA,NA
"2018-07-13",7.484,FALSE,NA,NA,"<= day","daily",NA,NA,NA
"2018-07-14",6.563,FALSE,NA,NA,"<= day","daily",NA,NA,NA
"2018-07-15",8.512,FALSE,NA,NA,"<= day","daily",NA,NA,NA
"2018-07-16",9.893,FALSE,NA,NA,"<= day","daily",NA,NA,NA
"2018-07-17",6.733,FALSE,NA,NA,"<= day","daily",NA,NA,NA
"2018-07-18",5.824,FALSE,NA,NA,"<= day","daily",NA,NA,NA
"2018-07-19",5.251,FALSE,NA,NA,"<= day","daily",NA,NA,NA
"2018-07-20",4.787,FALSE,NA,NA,"<= day","daily",NA,NA,NA
"2018-07-21",10.157,FALSE,NA,NA,"<= day","daily",NA,NA,NA
"2018-07-22",24.664,FALSE,NA,NA,"<= day","daily",NA,NA,NA
"2018-07-23",40.419,FALSE,NA,NA,"<= day","daily",NA,NA,NA
"2018-07-24",26.208,FALSE,NA,NA,"<= day","daily",NA,NA,NA
"2018-07-25",13.311,FALSE,NA,NA,"<= day","daily",NA,NA,NA
"2018-07-26",9.318,FALSE,NA,NA,"<= day","daily",NA,NA,NA
"2018-07-27",7.435,FALSE,NA,NA,"<= day","daily",NA,NA,NA
"2018-07-28",6.352,FALSE,NA,NA,"<= day","daily",NA,NA,NA
"2018-07-29",5.609,FALSE,NA,NA,"<= day","daily",NA,NA,NA
"2018-07-30",4.99,FALSE,NA,NA,"<= day","daily",NA,NA,NA
"2018-07-31",4.499,FALSE,NA,NA,"<= day","daily",NA,NA,NA
"2018-08-01",4.072,FALSE,NA,NA,"<= day","daily",NA,NA,NA
"2018-08-02",3.813,FALSE,NA,NA,"<= day","daily",NA,NA,NA
"2018-08-03",5.883,FALSE,NA,NA,"<= day","daily",NA,NA,NA
"2018-08-04",3.928,FALSE,NA,NA,"<= day","daily",NA,NA,NA
"2018-08-05",3.43,FALSE,NA,NA,"<= day","daily",NA,NA,NA
"2018-08-06",3.159,FALSE,NA,NA,"<= day","daily",NA,NA,NA
"2018-08-07",2.92,FALSE,NA,NA,"<= day","daily",NA,NA,NA
"2018-08-08",2.765,FALSE,NA,NA,"<= day","daily",NA,NA,NA
"2018-08-09",2.672,FALSE,NA,NA,"<= day","daily",NA,NA,NA
"2018-08-10",7.013,FALSE,NA,NA,"<= day","daily",NA,NA,NA
"2018-08-11",4.569,FALSE,NA,NA,"<= day","daily",NA,NA,NA
"2018-08-12",3.14,FALSE,NA,NA,"<= day","daily",NA,NA,NA
"2018-08-13",12.769,FALSE,NA,NA,"<= day","daily",NA,NA,NA
"2018-08-14",15.009,FALSE,NA,NA,"<= day","daily",NA,NA,NA
"2018-08-15",7.561,FALSE,NA,NA,"<= day","daily",NA,NA,NA
"2018-08-16",5.066,FALSE,NA,NA,"<= day","daily",NA,NA,NA
"2018-08-17",4.012,FALSE,NA,NA,"<= day","daily",NA,NA,NA
"2018-08-18",3.361,FALSE,NA,NA,"<= day","daily",NA,NA,NA
"2018-08-19",2.982,FALSE,NA,NA,"<= day","daily",NA,NA,NA
"2018-08-20",2.741,FALSE,NA,NA,"<= day","daily",NA,NA,NA
"2018-08-21",2.549,FALSE,NA,NA,"<= day","daily",NA,NA,NA
"2018-08-22",2.384,FALSE,NA,NA,"<= day","daily",NA,NA,NA
"2018-08-23",6.853,FALSE,NA,NA,"<= day","daily",NA,NA,NA
"2018-08-24",19.03,FALSE,NA,NA,"<= day","daily",NA,NA,NA
"2018-08-25",10.234,FALSE,NA,NA,"<= day","daily",NA,NA,NA
"2018-08-26",15.109,FALSE,NA,NA,"<= day","daily",NA,NA,NA
"2018-08-27",8.119,FALSE,NA,NA,"<= day","daily",NA,NA,NA
"2018-08-28",5.475,FALSE,NA,NA,"<= day","daily",NA,NA,NA
"2018-08-29",5.121,FALSE,NA,NA,"<= day","daily",NA,NA,NA
"2018-08-30",27.012,FALSE,NA,NA,"<= day","daily",NA,NA,NA
"2018-08-31",41.449,FALSE,NA,NA,"<= day","daily",NA,NA,NA
"2018-09-01",88.34,FALSE,NA,NA,"<= day","daily",NA,NA,NA
"2018-09-02",62.605,FALSE,NA,NA,"<= day","daily",NA,NA,NA
"2018-09-03",35.589,FALSE,NA,NA,"<= day","daily",NA,NA,NA
"2018-09-04",20.306,FALSE,NA,NA,"<= day","daily",NA,NA,NA
"2018-09-05",14.184,FALSE,NA,NA,"<= day","daily",NA,NA,NA
"2018-09-06",26.481,FALSE,NA,NA,"<= day","daily",NA,NA,NA
"2018-09-07",75.024,FALSE,NA,NA,"<= day","daily",NA,NA,NA
"2018-09-08",44.97,FALSE,NA,NA,"<= day","daily",NA,NA,NA
"2018-09-09",27.109,FALSE,NA,NA,"<= day","daily",NA,NA,NA
"2018-09-10",17.867,FALSE,NA,NA,"<= day","daily",NA,NA,NA
"2018-09-11",13.581,FALSE,NA,NA,"<= day","daily",NA,NA,NA
"2018-09-12",10.834,FALSE,NA,NA,"<= day","daily",NA,NA,NA
"2018-09-13",9.551,FALSE,NA,NA,"<= day","daily",NA,NA,NA
"2018-09-14",11.3,FALSE,NA,NA,"<= day","daily",NA,NA,NA
"2018-09-15",26.295,FALSE,NA,NA,"<= day","daily",NA,NA,NA
"2018-09-16",18.866,FALSE,NA,NA,"<= day","daily",NA,NA,NA
"2018-09-17",11.737,FALSE,NA,NA,"<= day","daily",NA,NA,NA
"2018-09-18",13.643,FALSE,NA,NA,"<= day","daily",NA,NA,NA
"2018-09-19",16.959,FALSE,NA,NA,"<= day","daily",NA,NA,NA
"2018-09-20",10.461,FALSE,NA,NA,"<= day","daily",NA,NA,NA
"2018-09-21",8.702,FALSE,NA,NA,"<= day","daily",NA,NA,NA
"2018-09-22",8.407,FALSE,NA,NA,"<= day","daily",NA,NA,NA
"2018-09-23",10.536,FALSE,NA,NA,"<= day","daily",NA,NA,NA
"2018-09-24",66.597,FALSE,NA,NA,"<= day","daily",NA,NA,NA
"2018-09-25",42.24,FALSE,NA,NA,"<= day","daily",NA,NA,NA
"2018-09-26",23.489,FALSE,NA,NA,"<= day","daily",NA,NA,NA
"2018-09-27",14.851,FALSE,NA,NA,"<= day","daily",NA,NA,NA
"2018-09-28",11.37,FALSE,NA,NA,"<= day","daily",NA,NA,NA
"2018-09-29",9.283,FALSE,NA,NA,"<= day","daily",NA,NA,NA
"2018-09-30",8.132,FALSE,NA,NA,"<= day","daily",NA,NA,NA
"2018-10-01",32.164,FALSE,NA,NA,"<= day","daily",NA,NA,NA
"2018-10-02",46.047,FALSE,NA,NA,"<= day","daily",NA,NA,NA
"2018-10-03",30.855,FALSE,NA,NA,"<= day","daily",NA,NA,NA
"2018-10-04",19.659,FALSE,NA,NA,"<= day","daily",NA,NA,NA
"2018-10-05",13.854,FALSE,NA,NA,"<= day","daily",NA,NA,NA
"2018-10-06",10.932,FALSE,NA,NA,"<= day","daily",NA,NA,NA
"2018-10-07",9.081,FALSE,NA,NA,"<= day","daily",NA,NA,NA
"2018-10-08",7.77,FALSE,NA,NA,"<= day","daily",NA,NA,NA
"2018-10-09",6.909,FALSE,NA,NA,"<= day","daily",NA,NA,NA
"2018-10-10",6.251,FALSE,NA,NA,"<= day","daily",NA,NA,NA
"2018-10-11",5.722,FALSE,NA,NA,"<= day","daily",NA,NA,NA
"2018-10-12",5.145,FALSE,NA,NA,"<= day","daily",NA,NA,NA
"2018-10-13",4.746,FALSE,NA,NA,"<= day","daily",NA,NA,NA
"2018-10-14",4.463,FALSE,NA,NA,"<= day","daily",NA,NA,NA
"2018-10-15",4.117,FALSE,NA,NA,"<= day","daily",NA,NA,NA
"2018-10-16",3.789,FALSE,NA,NA,"<= day","daily",NA,NA,NA
"2018-10-17",3.532,FALSE,NA,NA,"<= day","daily",NA,NA,NA
"2018-10-18",3.354,FALSE,NA,NA,"<= day","daily",NA,NA,NA
"2018-10-19",3.151,FALSE,NA,NA,"<= day","daily",NA,NA,NA
"2018-10-20",2.946,FALSE,NA,NA,"<= day","daily",NA,NA,NA
"2018-10-21",2.813,FALSE,NA,NA,"<= day","daily",NA,NA,NA
"2018-10-22",2.666,FALSE,NA,NA,"<= day","daily",NA,NA,NA
"2018-10-23",2.54,FALSE,NA,NA,"<= day","daily",NA,NA,NA
"2018-10-24",14.299,FALSE,NA,NA,"<= day","daily",NA,NA,NA
"2018-10-25",21.519,FALSE,NA,NA,"<= day","daily",NA,NA,NA
"2018-10-26",7.933,FALSE,NA,NA,"<= day","daily",NA,NA,NA
"2018-10-27",9.062,FALSE,NA,NA,"<= day","daily",NA,NA,NA
"2018-10-28",11.531,FALSE,NA,NA,"<= day","daily",NA,NA,NA
"2018-10-29",25.768,FALSE,NA,NA,"<= day","daily",NA,NA,NA
"2018-10-30",31.237,FALSE,NA,NA,"<= day","daily",NA,NA,NA
"2018-10-31",12.145,FALSE,NA,NA,"<= day","daily",NA,NA,NA
"2018-11-01",8.224,FALSE,NA,NA,"<= day","daily",NA,NA,NA
"2018-11-02",6.946,FALSE,NA,NA,"<= day","daily",NA,NA,NA
"2018-11-03",6.27,FALSE,NA,NA,"<= day","daily",NA,NA,NA
"2018-11-04",6.018,FALSE,NA,NA,"<= day","daily",NA,NA,NA
"2018-11-05",5.632,FALSE,NA,NA,"<= day","daily",NA,NA,NA
"2018-11-06",4.891,FALSE,NA,NA,"<= day","daily",NA,NA,NA
"2018-11-07",3.394,FALSE,NA,NA,"<= day","daily",NA,NA,NA
"2018-11-08",3.042,FALSE,NA,NA,"<= day","daily",NA,NA,NA
"2018-11-09",2.833,FALSE,NA,NA,"<= day","daily",NA,NA,NA
"2018-11-10",2.658,FALSE,NA,NA,"<= day","daily",NA,NA,NA
"2018-11-11",2.47,FALSE,NA,NA,"<= day","daily",NA,NA,NA
"2018-11-12",2.261,FALSE,NA,NA,"<= day","daily",NA,NA,NA
"2018-11-13",2.128,FALSE,NA,NA,"<= day","daily",NA,NA,NA
"2018-11-14",2.033,FALSE,NA,NA,"<= day","daily",NA,NA,NA
"2018-11-15",1.975,FALSE,NA,NA,"<= day","daily",NA,NA,NA
"2018-11-16",1.89,FALSE,NA,NA,"<= day","daily",NA,NA,NA
"2018-11-17",1.789,FALSE,NA,NA,"<= day","daily",NA,NA,NA
"2018-11-18",1.712,FALSE,NA,NA,"<= day","daily",NA,NA,NA
"2018-11-19",1.7,FALSE,NA,NA,"<= day","daily",NA,NA,NA
"2018-11-20",1.692,FALSE,NA,NA,"<= day","daily",NA,NA,NA
"2018-11-21",1.601,FALSE,NA,NA,"<= day","daily",NA,NA,NA
"2018-11-22",1.522,FALSE,NA,NA,"<= day","daily",NA,NA,NA
"2018-11-23",1.511,FALSE,NA,NA,"<= day","daily",NA,NA,NA
"2018-11-24",1.645,FALSE,NA,NA,"<= day","daily",NA,NA,NA
"2018-11-25",1.613,FALSE,NA,NA,"<= day","daily",NA,NA,NA
"2018-11-26",1.477,FALSE,NA,NA,"<= day","daily",NA,NA,NA
"2018-11-27",1.448,FALSE,NA,NA,"<= day","daily",NA,NA,NA
"2018-11-28",1.311,FALSE,NA,NA,"<= day","daily",NA,NA,NA
"2018-11-29",1.317,FALSE,NA,NA,"<= day","daily",NA,NA,NA
"2018-11-30",1.899,FALSE,NA,NA,"<= day","daily",NA,NA,NA
"2018-12-01",2.375,FALSE,NA,NA,"<= day","daily",NA,NA,NA
"2018-12-02",3.049,FALSE,NA,NA,"<= day","daily",NA,NA,NA
"2018-12-03",24.036,FALSE,NA,NA,"<= day","daily",NA,NA,NA
"2018-12-04",28.923,FALSE,NA,NA,"<= day","daily",NA,NA,NA
"2018-12-05",28.547,FALSE,NA,NA,"<= day","daily",NA,NA,NA
"2018-12-06",48.545,FALSE,NA,NA,"<= day","daily",NA,NA,NA
"2018-12-07",33.56,FALSE,NA,NA,"<= day","daily",NA,NA,NA
"2018-12-08",23.283,FALSE,NA,NA,"<= day","daily",NA,NA,NA
"2018-12-09",26.875,FALSE,NA,NA,"<= day","daily",NA,NA,NA
"2018-12-10",21.023,FALSE,NA,NA,"<= day","daily",NA,NA,NA
"2018-12-11",13.093,FALSE,NA,NA,"<= day","daily",NA,NA,NA
"2018-12-12",9.876,FALSE,NA,NA,"<= day","daily",NA,NA,NA
"2018-12-13",8.291,FALSE,NA,NA,"<= day","daily",NA,NA,NA
"2018-12-14",6.675,FALSE,NA,NA,"<= day","daily",NA,NA,NA
"2018-12-15",5.45,FALSE,NA,NA,"<= day","daily",NA,NA,NA
"2018-12-16",5.15,FALSE,NA,NA,"<= day","daily",NA,NA,NA
"2018-12-17",4.583,FALSE,NA,NA,"<= day","daily",NA,NA,NA
"2018-12-18",3.99,FALSE,NA,NA,"<= day","daily",NA,NA,NA
"2018-12-19",3.952,FALSE,NA,NA,"<= day","daily",NA,NA,NA
"2018-12-20",3.945,FALSE,NA,NA,"<= day","daily",NA,NA,NA
"2018-12-21",7.999,FALSE,NA,NA,"<= day","daily",NA,NA,NA
"2018-12-22",76.832,FALSE,NA,NA,"<= day","daily",NA,NA,NA
"2018-12-23",90.078,FALSE,NA,NA,"<= day","daily",NA,NA,NA
"2018-12-24",89.622,FALSE,NA,NA,"<= day","daily",NA,NA,NA
"2018-12-25",52.652,FALSE,NA,NA,"<= day","daily",NA,NA,NA
"2018-12-26",29.836,FALSE,NA,NA,"<= day","daily",NA,NA,NA
"2018-12-27",20.52,FALSE,NA,NA,"<= day","daily",NA,NA,NA
"2018-12-28",17.433,FALSE,NA,NA,"<= day","daily",NA,NA,NA
"2018-12-29",12.86,FALSE,NA,NA,"<= day","daily",NA,NA,NA
"2018-12-30",10.937,FALSE,NA,NA,"<= day","daily",NA,NA,NA
"2018-12-31",9.813,FALSE,NA,NA,"<= day","daily",NA,NA,NA
"2019-01-01",9.294,FALSE,NA,NA,"<= day","daily",NA,NA,NA
"2019-01-02",8.712,FALSE,NA,NA,"<= day","daily",NA,NA,NA
"2019-01-03",7.98,FALSE,NA,NA,"<= day","daily",NA,NA,NA
"2019-01-04",7.364,FALSE,NA,NA,"<= day","daily",NA,NA,NA
"2019-01-05",7.121,FALSE,NA,NA,"<= day","daily",NA,NA,NA
"2019-01-06",6.809,FALSE,NA,NA,"<= day","daily",NA,NA,NA
"2019-01-07",6.414,FALSE,NA,NA,"<= day","daily",NA,NA,NA
"2019-01-08",6.568,FALSE,NA,NA,"<= day","daily",NA,NA,NA
"2019-01-09",6.689,FALSE,NA,NA,"<= day","daily",NA,NA,NA
"2019-01-10",6.462,FALSE,NA,NA,"<= day","daily",NA,NA,NA
"2019-01-11",6.241,FALSE,NA,NA,"<= day","daily",NA,NA,NA
"2019-01-12",6.28,FALSE,NA,NA,"<= day","daily",NA,NA,NA
"2019-01-13",8.06,FALSE,NA,NA,"<= day","daily",NA,NA,NA
"2019-01-14",24.498,FALSE,NA,NA,"<= day","daily",NA,NA,NA
"2019-01-15",12.207,FALSE,NA,NA,"<= day","daily",NA,NA,NA
"2019-01-16",9.647,FALSE,NA,NA,"<= day","daily",NA,NA,NA
"2019-01-17",9.324,FALSE,NA,NA,"<= day","daily",NA,NA,NA
"2019-01-18",8.386,FALSE,NA,NA,"<= day","daily",NA,NA,NA
"2019-01-19",7.923,FALSE,NA,NA,"<= day","daily",NA,NA,NA
"2019-01-20",7.587,FALSE,NA,NA,"<= day","daily",NA,NA,NA
"2019-01-21",7.223,FALSE,NA,NA,"<= day","daily",NA,NA,NA
"2019-01-22",7.229,FALSE,NA,NA,"<= day","daily",NA,NA,NA
"2019-01-23",7.458,FALSE,NA,NA,"<= day","daily",NA,NA,NA
"2019-01-24",6.834,FALSE,NA,NA,"<= day","daily",NA,NA,NA
"2019-01-25",6.309,FALSE,NA,NA,"<= day","daily",NA,NA,NA
"2019-01-26",6.215,FALSE,NA,NA,"<= day","daily",NA,NA,NA
"2019-01-27",6.487,FALSE,NA,NA,"<= day","daily",NA,NA,NA
"2019-01-28",6.26,FALSE,NA,NA,"<= day","daily",NA,NA,NA
"2019-01-29",5.727,FALSE,NA,NA,"<= day","daily",NA,NA,NA
"2019-01-30",5.78,FALSE,NA,NA,"<= day","daily",NA,NA,NA
"2019-01-31",5.544,FALSE,NA,NA,"<= day","daily",NA,NA,NA
"2019-02-01",5.557,FALSE,NA,NA,"<= day","daily",NA,NA,NA
"2019-02-02",5.504,FALSE,NA,NA,"<= day","daily",NA,NA,NA
"2019-02-03",5.235,FALSE,NA,NA,"<= day","daily",NA,NA,NA
"2019-02-04",4.796,FALSE,NA,NA,"<= day","daily",NA,NA,NA
"2019-02-05",4.878,FALSE,NA,NA,"<= day","daily",NA,NA,NA
"2019-02-06",5.145,FALSE,NA,NA,"<= day","daily",NA,NA,NA
"2019-02-07",5.683,FALSE,NA,NA,"<= day","daily",NA,NA,NA
"2019-02-08",5.529,FALSE,NA,NA,"<= day","daily",NA,NA,NA
"2019-02-09",5.671,FALSE,NA,NA,"<= day","daily",NA,NA,NA
"2019-02-10",5.829,FALSE,NA,NA,"<= day","daily",NA,NA,NA
"2019-02-11",6.809,FALSE,NA,NA,"<= day","daily",NA,NA,NA
"2019-02-12",5.996,FALSE,NA,NA,"<= day","daily",NA,NA,NA
"2019-02-13",5.743,FALSE,NA,NA,"<= day","daily",NA,NA,NA
"2019-02-14",6.26,FALSE,NA,NA,"<= day","daily",NA,NA,NA
"2019-02-15",7.814,FALSE,NA,NA,"<= day","daily",NA,NA,NA
"2019-02-16",9.7,FALSE,NA,NA,"<= day","daily",NA,NA,NA
"2019-02-17",11.867,FALSE,NA,NA,"<= day","daily",NA,NA,NA
"2019-02-18",13.564,FALSE,NA,NA,"<= day","daily",NA,NA,NA
"2019-02-19",14.126,FALSE,NA,NA,"<= day","daily",NA,NA,NA
"2019-02-20",14.134,FALSE,NA,NA,"<= day","daily",NA,NA,NA
"2019-02-21",14.481,FALSE,NA,NA,"<= day","daily",NA,NA,NA
"2019-02-22",30.788,FALSE,NA,NA,"<= day","daily",NA,NA,NA
"2019-02-23",44.434,FALSE,NA,NA,"<= day","daily",NA,NA,NA
"2019-02-24",24.574,FALSE,NA,NA,"<= day","daily",NA,NA,NA
"2019-02-25",20.01,FALSE,NA,NA,"<= day","daily",NA,NA,NA
"2019-02-26",23.998,FALSE,NA,NA,"<= day","daily",NA,NA,NA
"2019-02-27",29.185,FALSE,NA,NA,"<= day","daily",NA,NA,NA
"2019-02-28",46.681,FALSE,NA,NA,"<= day","daily",NA,NA,NA
"2019-03-01",56.854,FALSE,NA,NA,"<= day","daily",NA,NA,NA
"2019-03-02",41.578,FALSE,NA,NA,"<= day","daily",NA,NA,NA
"2019-03-03",30.459,FALSE,NA,NA,"<= day","daily",NA,NA,NA
"2019-03-04",32.246,FALSE,NA,NA,"<= day","daily",NA,NA,NA
"2019-03-05",32.829,FALSE,NA,NA,"<= day","daily",NA,NA,NA
"2019-03-06",25.083,FALSE,NA,NA,"<= day","daily",NA,NA,NA
"2019-03-07",41.121,FALSE,NA,NA,"<= day","daily",NA,NA,NA
"2019-03-08",39.85,FALSE,NA,NA,"<= day","daily",NA,NA,NA
"2019-03-09",29.119,FALSE,NA,NA,"<= day","daily",NA,NA,NA
"2019-03-10",60.93,FALSE,NA,NA,"<= day","daily",NA,NA,NA
"2019-03-11",70.862,FALSE,NA,NA,"<= day","daily",NA,NA,NA
"2019-03-12",39.121,FALSE,NA,NA,"<= day","daily",NA,NA,NA
"2019-03-13",27.911,FALSE,NA,NA,"<= day","daily",NA,NA,NA
"2019-03-14",21.186,FALSE,NA,NA,"<= day","daily",NA,NA,NA
"2019-03-15",35.114,FALSE,NA,NA,"<= day","daily",NA,NA,NA
"2019-03-16",74.761,FALSE,NA,NA,"<= day","daily",NA,NA,NA
"2019-03-17",66.357,FALSE,NA,NA,"<= day","daily",NA,NA,NA
"2019-03-18",56.947,FALSE,NA,NA,"<= day","daily",NA,NA,NA
"2019-03-19",35.688,FALSE,NA,NA,"<= day","daily",NA,NA,NA
"2019-03-20",26,FALSE,NA,NA,"<= day","daily",NA,NA,NA
"2019-03-21",22.215,FALSE,NA,NA,"<= day","daily",NA,NA,NA
"2019-03-22",24.067,FALSE,NA,NA,"<= day","daily",NA,NA,NA
"2019-03-23",36.59,FALSE,NA,NA,"<= day","daily",NA,NA,NA
"2019-03-24",52.468,FALSE,NA,NA,"<= day","daily",NA,NA,NA
"2019-03-25",54.865,FALSE,NA,NA,"<= day","daily",NA,NA,NA
"2019-03-26",36.467,FALSE,NA,NA,"<= day","daily",NA,NA,NA
"2019-03-27",26.746,FALSE,NA,NA,"<= day","daily",NA,NA,NA
"2019-03-28",22.099,FALSE,NA,NA,"<= day","daily",NA,NA,NA
"2019-03-29",24.688,FALSE,NA,NA,"<= day","daily",NA,NA,NA
"2019-03-30",35.453,FALSE,NA,NA,"<= day","daily",NA,NA,NA
"2019-03-31",48.891,FALSE,NA,NA,"<= day","daily",NA,NA,NA
"2019-04-01",56.393,FALSE,NA,NA,"<= day","daily",NA,NA,NA
"2019-04-02",64.003,FALSE,NA,NA,"<= day","daily",NA,NA,NA
"2019-04-03",68.234,FALSE,NA,NA,"<= day","daily",NA,NA,NA
"2019-04-04",62.202,FALSE,NA,NA,"<= day","daily",NA,NA,NA
"2019-04-05",44.662,FALSE,NA,NA,"<= day","daily",NA,NA,NA
"2019-04-06",38.148,FALSE,NA,NA,"<= day","daily",NA,NA,NA
"2019-04-07",52.281,FALSE,NA,NA,"<= day","daily",NA,NA,NA
"2019-04-08",62.856,FALSE,NA,NA,"<= day","daily",NA,NA,NA
"2019-04-09",61.326,FALSE,NA,NA,"<= day","daily",NA,NA,NA
"2019-04-10",76.689,FALSE,NA,NA,"<= day","daily",NA,NA,NA
"2019-04-11",69.893,FALSE,NA,NA,"<= day","daily",NA,NA,NA
"2019-04-12",55.449,FALSE,NA,NA,"<= day","daily",NA,NA,NA
"2019-04-13",39.021,FALSE,NA,NA,"<= day","daily",NA,NA,NA
"2019-04-14",30.809,FALSE,NA,NA,"<= day","daily",NA,NA,NA
"2019-04-15",26.201,FALSE,NA,NA,"<= day","daily",NA,NA,NA
"2019-04-16",35.688,FALSE,NA,NA,"<= day","daily",NA,NA,NA
"2019-04-17",48.22,FALSE,NA,NA,"<= day","daily",NA,NA,NA
"2019-04-18",55.071,FALSE,NA,NA,"<= day","daily",NA,NA,NA
"2019-04-19",59.618,FALSE,NA,NA,"<= day","daily",NA,NA,NA
"2019-04-20",59.932,FALSE,NA,NA,"<= day","daily",NA,NA,NA
"2019-04-21",59.671,FALSE,NA,NA,"<= day","daily",NA,NA,NA
"2019-04-22",59.078,FALSE,NA,NA,"<= day","daily",NA,NA,NA
"2019-04-23",62.205,FALSE,NA,NA,"<= day","daily",NA,NA,NA
"2019-04-24",61.184,FALSE,NA,NA,"<= day","daily",NA,NA,NA
"2019-04-25",60.001,FALSE,NA,NA,"<= day","daily",NA,NA,NA
"2019-04-26",54.396,FALSE,NA,NA,"<= day","daily",NA,NA,NA
"2019-04-27",44.033,FALSE,NA,NA,"<= day","daily",NA,NA,NA
"2019-04-28",41.535,FALSE,NA,NA,"<= day","daily",NA,NA,NA
"2019-04-29",33.693,FALSE,NA,NA,"<= day","daily",NA,NA,NA
"2019-04-30",37.738,FALSE,NA,NA,"<= day","daily",NA,NA,NA
"2019-05-01",39.124,FALSE,NA,NA,"<= day","daily",NA,NA,NA
"2019-05-02",40.312,FALSE,NA,NA,"<= day","daily",NA,NA,NA
"2019-05-03",49.837,FALSE,NA,NA,"<= day","daily",NA,NA,NA
"2019-05-04",43.27,FALSE,NA,NA,"<= day","daily",NA,NA,NA
"2019-05-05",37.903,FALSE,NA,NA,"<= day","daily",NA,NA,NA
"2019-05-06",28.763,FALSE,NA,NA,"<= day","daily",NA,NA,NA
"2019-05-07",28.56,FALSE,NA,NA,"<= day","daily",NA,NA,NA
"2019-05-08",40.415,FALSE,NA,NA,"<= day","daily",NA,NA,NA
"2019-05-09",51.443,FALSE,NA,NA,"<= day","daily",NA,NA,NA
"2019-05-10",48.962,FALSE,NA,NA,"<= day","daily",NA,NA,NA
"2019-05-11",48.33,FALSE,NA,NA,"<= day","daily",NA,NA,NA
"2019-05-12",57.873,FALSE,NA,NA,"<= day","daily",NA,NA,NA
"2019-05-13",48.006,FALSE,NA,NA,"<= day","daily",NA,NA,NA
"2019-05-14",41.299,FALSE,NA,NA,"<= day","daily",NA,NA,NA
"2019-05-15",32.74,FALSE,NA,NA,"<= day","daily",NA,NA,NA
"2019-05-16",31.513,FALSE,NA,NA,"<= day","daily",NA,NA,NA
"2019-05-17",43.764,FALSE,NA,NA,"<= day","daily",NA,NA,NA
"2019-05-18",44.917,FALSE,NA,NA,"<= day","daily",NA,NA,NA
"2019-05-19",43.372,FALSE,NA,NA,"<= day","daily",NA,NA,NA
"2019-05-20",75.509,FALSE,NA,NA,"<= day","daily",NA,NA,NA
"2019-05-21",97.946,FALSE,NA,NA,"<= day","daily",NA,NA,NA
"2019-05-22",67.73,FALSE,NA,NA,"<= day","daily",NA,NA,NA
"2019-05-23",51.13,FALSE,NA,NA,"<= day","daily",NA,NA,NA
"2019-05-24",44.604,FALSE,NA,NA,"<= day","daily",NA,NA,NA
"2019-05-25",42.138,FALSE,NA,NA,"<= day","daily",NA,NA,NA
"2019-05-26",48.963,FALSE,NA,NA,"<= day","daily",NA,NA,NA
"2019-05-27",41.06,FALSE,NA,NA,"<= day","daily",NA,NA,NA
"2019-05-28",58.618,FALSE,NA,NA,"<= day","daily",NA,NA,NA
"2019-05-29",79.784,FALSE,NA,NA,"<= day","daily",NA,NA,NA
"2019-05-30",60.339,FALSE,NA,NA,"<= day","daily",NA,NA,NA
"2019-05-31",43.246,FALSE,NA,NA,"<= day","daily",NA,NA,NA
"2019-06-01",38.186,FALSE,NA,NA,"<= day","daily",NA,NA,NA
"2019-06-02",37.012,FALSE,NA,NA,"<= day","daily",NA,NA,NA
"2019-06-03",35.898,FALSE,NA,NA,"<= day","daily",NA,NA,NA
"2019-06-04",34.792,FALSE,NA,NA,"<= day","daily",NA,NA,NA
"2019-06-05",32.772,FALSE,NA,NA,"<= day","daily",NA,NA,NA
"2019-06-06",28.899,FALSE,NA,NA,"<= day","daily",NA,NA,NA
"2019-06-07",22.402,FALSE,NA,NA,"<= day","daily",NA,NA,NA
"2019-06-08",19.237,FALSE,NA,NA,"<= day","daily",NA,NA,NA
"2019-06-09",15.048,FALSE,NA,NA,"<= day","daily",NA,NA,NA
"2019-06-10",14.753,FALSE,NA,NA,"<= day","daily",NA,NA,NA
"2019-06-11",12.744,FALSE,NA,NA,"<= day","daily",NA,NA,NA
"2019-06-12",10.911,FALSE,NA,NA,"<= day","daily",NA,NA,NA
"2019-06-13",9.06,FALSE,NA,NA,"<= day","daily",NA,NA,NA
"2019-06-14",7.954,FALSE,NA,NA,"<= day","daily",NA,NA,NA
"2019-06-15",7.343,FALSE,NA,NA,"<= day","daily",NA,NA,NA
"2019-06-16",8.869,FALSE,NA,NA,"<= day","daily",NA,NA,NA
"2019-06-17",6.748,FALSE,NA,NA,"<= day","daily",NA,NA,NA
"2019-06-18",6.121,FALSE,NA,NA,"<= day","daily",NA,NA,NA
"2019-06-19",7.071,FALSE,NA,NA,"<= day","daily",NA,NA,NA
"2019-06-20",9.219,FALSE,NA,NA,"<= day","daily",NA,NA,NA
"2019-06-21",39.718,FALSE,NA,NA,"<= day","daily",NA,NA,NA
"2019-06-22",56.516,FALSE,NA,NA,"<= day","daily",NA,NA,NA
"2019-06-23",37.472,FALSE,NA,NA,"<= day","daily",NA,NA,NA
"2019-06-24",26.006,FALSE,NA,NA,"<= day","daily",NA,NA,NA
"2019-06-25",17.29,FALSE,NA,NA,"<= day","daily",NA,NA,NA
"2019-06-26",12.75,FALSE,NA,NA,"<= day","daily",NA,NA,NA
"2019-06-27",10.071,FALSE,NA,NA,"<= day","daily",NA,NA,NA
"2019-06-28",8.664,FALSE,NA,NA,"<= day","daily",NA,NA,NA
"2019-06-29",7.613,FALSE,NA,NA,"<= day","daily",NA,NA,NA
"2019-06-30",6.828,FALSE,NA,NA,"<= day","daily",NA,NA,NA
"2019-07-01",6.747,FALSE,NA,NA,"<= day","daily",NA,NA,NA
"2019-07-02",9.438,FALSE,NA,NA,"<= day","daily",NA,NA,NA
"2019-07-03",6.286,FALSE,NA,NA,"<= day","daily",NA,NA,NA
"2019-07-04",5.497,FALSE,NA,NA,"<= day","daily",NA,NA,NA
"2019-07-05",4.99,FALSE,NA,NA,"<= day","daily",NA,NA,NA
"2019-07-06",4.649,FALSE,NA,NA,"<= day","daily",NA,NA,NA
"2019-07-07",6.476,FALSE,NA,NA,"<= day","daily",NA,NA,NA
"2019-07-08",7.838,FALSE,NA,NA,"<= day","daily",NA,NA,NA
"2019-07-09",6.71,FALSE,NA,NA,"<= day","daily",NA,NA,NA
"2019-07-10",4.879,FALSE,NA,NA,"<= day","daily",NA,NA,NA
"2019-07-11",4.738,FALSE,NA,NA,"<= day","daily",NA,NA,NA
"2019-07-12",10.272,FALSE,NA,NA,"<= day","daily",NA,NA,NA
"2019-07-13",43.613,FALSE,NA,NA,"<= day","daily",NA,NA,NA
"2019-07-14",27.017,FALSE,NA,NA,"<= day","daily",NA,NA,NA
"2019-07-15",18.299,FALSE,NA,NA,"<= day","daily",NA,NA,NA
"2019-07-16",10.525,FALSE,NA,NA,"<= day","daily",NA,NA,NA
"2019-07-17",7.571,FALSE,NA,NA,"<= day","daily",NA,NA,NA
"2019-07-18",6.212,FALSE,NA,NA,"<= day","daily",NA,NA,NA
"2019-07-19",5.307,FALSE,NA,NA,"<= day","daily",NA,NA,NA
"2019-07-20",4.8,FALSE,NA,NA,"<= day","daily",NA,NA,NA
"2019-07-21",8.364,FALSE,NA,NA,"<= day","daily",NA,NA,NA
"2019-07-22",5.627,FALSE,NA,NA,"<= day","daily",NA,NA,NA
"2019-07-23",4.532,FALSE,NA,NA,"<= day","daily",NA,NA,NA
"2019-07-24",3.996,FALSE,NA,NA,"<= day","daily",NA,NA,NA
"2019-07-25",3.575,FALSE,NA,NA,"<= day","daily",NA,NA,NA
"2019-07-26",3.313,FALSE,NA,NA,"<= day","daily",NA,NA,NA
"2019-07-27",19.748,FALSE,NA,NA,"<= day","daily",NA,NA,NA
"2019-07-28",33.91,FALSE,NA,NA,"<= day","daily",NA,NA,NA
"2019-07-29",71.004,FALSE,NA,NA,"<= day","daily",NA,NA,NA
"2019-07-30",35.966,FALSE,NA,NA,"<= day","daily",NA,NA,NA
"2019-07-31",20.294,FALSE,NA,NA,"<= day","daily",NA,NA,NA
"2019-08-01",14.774,FALSE,NA,NA,"<= day","daily",NA,NA,NA
"2019-08-02",19.181,FALSE,NA,NA,"<= day","daily",NA,NA,NA
"2019-08-03",28.474,FALSE,NA,NA,"<= day","daily",NA,NA,NA
"2019-08-04",14.889,FALSE,NA,NA,"<= day","daily",NA,NA,NA
"2019-08-05",10.53,FALSE,NA,NA,"<= day","daily",NA,NA,NA
"2019-08-06",32.569,FALSE,NA,NA,"<= day","daily",NA,NA,NA
"2019-08-07",30.872,FALSE,NA,NA,"<= day","daily",NA,NA,NA
"2019-08-08",36.393,FALSE,NA,NA,"<= day","daily",NA,NA,NA
"2019-08-09",19.611,FALSE,NA,NA,"<= day","daily",NA,NA,NA
"2019-08-10",12.384,FALSE,NA,NA,"<= day","daily",NA,NA,NA
"2019-08-11",9.844,FALSE,NA,NA,"<= day","daily",NA,NA,NA
"2019-08-12",56.355,FALSE,NA,NA,"<= day","daily",NA,NA,NA
"2019-08-13",64.727,FALSE,NA,NA,"<= day","daily",NA,NA,NA
"2019-08-14",46.781,FALSE,NA,NA,"<= day","daily",NA,NA,NA
"2019-08-15",35.175,FALSE,NA,NA,"<= day","daily",NA,NA,NA
"2019-08-16",41.504,FALSE,NA,NA,"<= day","daily",NA,NA,NA
"2019-08-17",26.96,FALSE,NA,NA,"<= day","daily",NA,NA,NA
"2019-08-18",16.88,FALSE,NA,NA,"<= day","daily",NA,NA,NA
"2019-08-19",18.394,FALSE,NA,NA,"<= day","daily",NA,NA,NA
"2019-08-20",33.498,FALSE,NA,NA,"<= day","daily",NA,NA,NA
"2019-08-21",60.157,FALSE,NA,NA,"<= day","daily",NA,NA,NA
"2019-08-22",37.373,FALSE,NA,NA,"<= day","daily",NA,NA,NA
"2019-08-23",25.36,FALSE,NA,NA,"<= day","daily",NA,NA,NA
"2019-08-24",17.421,FALSE,NA,NA,"<= day","daily",NA,NA,NA
"2019-08-25",13.135,FALSE,NA,NA,"<= day","daily",NA,NA,NA
"2019-08-26",10.788,FALSE,NA,NA,"<= day","daily",NA,NA,NA
"2019-08-27",9.101,FALSE,NA,NA,"<= day","daily",NA,NA,NA
"2019-08-28",8.361,FALSE,NA,NA,"<= day","daily",NA,NA,NA
"2019-08-29",24.505,FALSE,NA,NA,"<= day","daily",NA,NA,NA
"2019-08-30",11.074,FALSE,NA,NA,"<= day","daily",NA,NA,NA
"2019-08-31",8.809,FALSE,NA,NA,"<= day","daily",NA,NA,NA
"2019-09-01",15.032,FALSE,NA,NA,"<= day","daily",NA,NA,NA
"2019-09-02",57.741,FALSE,NA,NA,"<= day","daily",NA,NA,NA
"2019-09-03",41.481,FALSE,NA,NA,"<= day","daily",NA,NA,NA
"2019-09-04",26.058,FALSE,NA,NA,"<= day","daily",NA,NA,NA
"2019-09-05",27.854,FALSE,NA,NA,"<= day","daily",NA,NA,NA
"2019-09-06",45.07,FALSE,NA,NA,"<= day","daily",NA,NA,NA
"2019-09-07",43.273,FALSE,NA,NA,"<= day","daily",NA,NA,NA
"2019-09-08",49.749,FALSE,NA,NA,"<= day","daily",NA,NA,NA
"2019-09-09",56.75,FALSE,NA,NA,"<= day","daily",NA,NA,NA
"2019-09-10",42.013,FALSE,NA,NA,"<= day","daily",NA,NA,NA
"2019-09-11",30.963,FALSE,NA,NA,"<= day","daily",NA,NA,NA
"2019-09-12",29.114,FALSE,NA,NA,"<= day","daily",NA,NA,NA
"2019-09-13",20.022,FALSE,NA,NA,"<= day","daily",NA,NA,NA
"2019-09-14",15.073,FALSE,NA,NA,"<= day","daily",NA,NA,NA
"2019-09-15",12.437,FALSE,NA,NA,"<= day","daily",NA,NA,NA
"2019-09-16",10.617,FALSE,NA,NA,"<= day","daily",NA,NA,NA
"2019-09-17",9.287,FALSE,NA,NA,"<= day","daily",NA,NA,NA
"2019-09-18",8.242,FALSE,NA,NA,"<= day","daily",NA,NA,NA
"2019-09-19",7.426,FALSE,NA,NA,"<= day","daily",NA,NA,NA
"2019-09-20",6.804,FALSE,NA,NA,"<= day","daily",NA,NA,NA
"2019-09-21",6.347,FALSE,NA,NA,"<= day","daily",NA,NA,NA
"2019-09-22",5.973,FALSE,NA,NA,"<= day","daily",NA,NA,NA
"2019-09-23",6.251,FALSE,NA,NA,"<= day","daily",NA,NA,NA
"2019-09-24",5.743,FALSE,NA,NA,"<= day","daily",NA,NA,NA
"2019-09-25",5.854,FALSE,NA,NA,"<= day","daily",NA,NA,NA
"2019-09-26",6.871,FALSE,NA,NA,"<= day","daily",NA,NA,NA
"2019-09-27",6.808,FALSE,NA,NA,"<= day","daily",NA,NA,NA
"2019-09-28",18.428,FALSE,NA,NA,"<= day","daily",NA,NA,NA
"2019-09-29",9.627,FALSE,NA,NA,"<= day","daily",NA,NA,NA
"2019-09-30",6.779,FALSE,NA,NA,"<= day","daily",NA,NA,NA
"2019-10-01",5.663,FALSE,NA,NA,"<= day","daily",NA,NA,NA
"2019-10-02",15.999,FALSE,NA,NA,"<= day","daily",NA,NA,NA
"2019-10-03",36.89,FALSE,NA,NA,"<= day","daily",NA,NA,NA
"2019-10-04",23.115,FALSE,NA,NA,"<= day","daily",NA,NA,NA
"2019-10-05",51.599,FALSE,NA,NA,"<= day","daily",NA,NA,NA
"2019-10-06",45.725,FALSE,NA,NA,"<= day","daily",NA,NA,NA
"2019-10-07",51.818,FALSE,NA,NA,"<= day","daily",NA,NA,NA
"2019-10-08",36.073,FALSE,NA,NA,"<= day","daily",NA,NA,NA
"2019-10-09",31.272,FALSE,NA,NA,"<= day","daily",NA,NA,NA
"2019-10-10",40.945,FALSE,NA,NA,"<= day","daily",NA,NA,NA
"2019-10-11",30.001,FALSE,NA,NA,"<= day","daily",NA,NA,NA
"2019-10-12",18.474,FALSE,NA,NA,"<= day","daily",NA,NA,NA
"2019-10-13",13.159,FALSE,NA,NA,"<= day","daily",NA,NA,NA
"2019-10-14",10.522,FALSE,NA,NA,"<= day","daily",NA,NA,NA
"2019-10-15",8.942,FALSE,NA,NA,"<= day","daily",NA,NA,NA
"2019-10-16",8.645,FALSE,NA,NA,"<= day","daily",NA,NA,NA
"2019-10-17",7.24,FALSE,NA,NA,"<= day","daily",NA,NA,NA
"2019-10-18",6.596,FALSE,NA,NA,"<= day","daily",NA,NA,NA
"2019-10-19",6.101,FALSE,NA,NA,"<= day","daily",NA,NA,NA
"2019-10-20",5.596,FALSE,NA,NA,"<= day","daily",NA,NA,NA
"2019-10-21",5.095,FALSE,NA,NA,"<= day","daily",NA,NA,NA
"2019-10-22",4.683,FALSE,NA,NA,"<= day","daily",NA,NA,NA
"2019-10-23",4.37,FALSE,NA,NA,"<= day","daily",NA,NA,NA
"2019-10-24",4.066,FALSE,NA,NA,"<= day","daily",NA,NA,NA
"2019-10-25",3.791,FALSE,NA,NA,"<= day","daily",NA,NA,NA
"2019-10-26",3.504,FALSE,NA,NA,"<= day","daily",NA,NA,NA
"2019-10-27",3.278,FALSE,NA,NA,"<= day","daily",NA,NA,NA
"2019-10-28",3.57,FALSE,NA,NA,"<= day","daily",NA,NA,NA
"2019-10-29",5.72,FALSE,NA,NA,"<= day","daily",NA,NA,NA
"2019-10-30",27.443,FALSE,NA,NA,"<= day","daily",NA,NA,NA
"2019-10-31",47.739,FALSE,NA,NA,"<= day","daily",NA,NA,NA
"2019-11-01",26.004,FALSE,NA,NA,"<= day","daily",NA,NA,NA
"2019-11-02",13.83,FALSE,NA,NA,"<= day","daily",NA,NA,NA
"2019-11-03",9.914,FALSE,NA,NA,"<= day","daily",NA,NA,NA
"2019-11-04",8.481,FALSE,NA,NA,"<= day","daily",NA,NA,NA
"2019-11-05",28.456,FALSE,NA,NA,"<= day","daily",NA,NA,NA
"2019-11-06",26.87,FALSE,NA,NA,"<= day","daily",NA,NA,NA
"2019-11-07",14.745,FALSE,NA,NA,"<= day","daily",NA,NA,NA
"2019-11-08",10.3,FALSE,NA,NA,"<= day","daily",NA,NA,NA
"2019-11-09",8.147,FALSE,NA,NA,"<= day","daily",NA,NA,NA
"2019-11-10",6.759,FALSE,NA,NA,"<= day","daily",NA,NA,NA
"2019-11-11",5.872,FALSE,NA,NA,"<= day","daily",NA,NA,NA
"2019-11-12",5.633,FALSE,NA,NA,"<= day","daily",NA,NA,NA
"2019-11-13",5.484,FALSE,NA,NA,"<= day","daily",NA,NA,NA
"2019-11-14",5.086,FALSE,NA,NA,"<= day","daily",NA,NA,NA
"2019-11-15",6.771,FALSE,NA,NA,"<= day","daily",NA,NA,NA
"2019-11-16",9.778,FALSE,NA,NA,"<= day","daily",NA,NA,NA
"2019-11-17",15.307,FALSE,NA,NA,"<= day","daily",NA,NA,NA
"2019-11-18",25.249,FALSE,NA,NA,"<= day","daily",NA,NA,NA
"2019-11-19",14.042,FALSE,NA,NA,"<= day","daily",NA,NA,NA
"2019-11-20",9.722,FALSE,NA,NA,"<= day","daily",NA,NA,NA
"2019-11-21",8.632,FALSE,NA,NA,"<= day","daily",NA,NA,NA
"2019-11-22",8.454,FALSE,NA,NA,"<= day","daily",NA,NA,NA
"2019-11-23",12.728,FALSE,NA,NA,"<= day","daily",NA,NA,NA
"2019-11-24",21.484,FALSE,NA,NA,"<= day","daily",NA,NA,NA
"2019-11-25",16.294,FALSE,NA,NA,"<= day","daily",NA,NA,NA
"2019-11-26",11.277,FALSE,NA,NA,"<= day","daily",NA,NA,NA
"2019-11-27",9.296,FALSE,NA,NA,"<= day","daily",NA,NA,NA
"2019-11-28",8.091,FALSE,NA,NA,"<= day","daily",NA,NA,NA
"2019-11-29",8.467,FALSE,NA,NA,"<= day","daily",NA,NA,NA
"2019-11-30",10.031,FALSE,NA,NA,"<= day","daily",NA,NA,NA
"2019-12-01",7.983,FALSE,NA,NA,"<= day","daily",NA,NA,NA
"2019-12-02",6.888,FALSE,NA,NA,"<= day","daily",NA,NA,NA
"2019-12-03",5.712,FALSE,NA,NA,"<= day","daily",NA,NA,NA
"2019-12-04",5.435,FALSE,NA,NA,"<= day","daily",NA,NA,NA
"2019-12-05",5.277,FALSE,NA,NA,"<= day","daily",NA,NA,NA
"2019-12-06",4.963,FALSE,NA,NA,"<= day","daily",NA,NA,NA
"2019-12-07",4.763,FALSE,NA,NA,"<= day","daily",NA,NA,NA
"2019-12-08",4.769,FALSE,NA,NA,"<= day","daily",NA,NA,NA
"2019-12-09",5.1,FALSE,NA,NA,"<= day","daily",NA,NA,NA
"2019-12-10",5.02,FALSE,NA,NA,"<= day","daily",NA,NA,NA
"2019-12-11",4.68,FALSE,NA,NA,"<= day","daily",NA,NA,NA
"2019-12-12",4.656,FALSE,NA,NA,"<= day","daily",NA,NA,NA
"2019-12-13",4.572,FALSE,NA,NA,"<= day","daily",NA,NA,NA
"2019-12-14",4.754,FALSE,NA,NA,"<= day","daily",NA,NA,NA
"2019-12-15",6.131,FALSE,NA,NA,"<= day","daily",NA,NA,NA
"2019-12-16",18.044,FALSE,NA,NA,"<= day","daily",NA,NA,NA
"2019-12-17",51.597,FALSE,NA,NA,"<= day","daily",NA,NA,NA
"2019-12-18",35.224,FALSE,NA,NA,"<= day","daily",NA,NA,NA
"2019-12-19",22.013,FALSE,NA,NA,"<= day","daily",NA,NA,NA
"2019-12-20",17.104,FALSE,NA,NA,"<= day","daily",NA,NA,NA
"2019-12-21",19.899,FALSE,NA,NA,"<= day","daily",NA,NA,NA
"2019-12-22",16.75,FALSE,NA,NA,"<= day","daily",NA,NA,NA
"2019-12-23",13.35,FALSE,NA,NA,"<= day","daily",NA,NA,NA
"2019-12-24",17.949,FALSE,NA,NA,"<= day","daily",NA,NA,NA
"2019-12-25",37.217,FALSE,NA,NA,"<= day","daily",NA,NA,NA
"2019-12-26",23.471,FALSE,NA,NA,"<= day","daily",NA,NA,NA
"2019-12-27",18.527,FALSE,NA,NA,"<= day","daily",NA,NA,NA
"2019-12-28",16.029,FALSE,NA,NA,"<= day","daily",NA,NA,NA
"2019-12-29",11.557,FALSE,NA,NA,"<= day","daily",NA,NA,NA
"2019-12-30",9.845,FALSE,NA,NA,"<= day","daily",NA,NA,NA
"2019-12-31",9.517,FALSE,NA,NA,"<= day","daily",NA,NA,NA
"2020-01-01",9.868,FALSE,NA,NA,"<= day","daily",NA,NA,NA
"2020-01-02",9.123,FALSE,NA,NA,"<= day","daily",NA,NA,NA
"2020-01-03",8.665,FALSE,NA,NA,"<= day","daily",NA,NA,NA
"2020-01-04",13.721,FALSE,NA,NA,"<= day","daily",NA,NA,NA
"2020-01-05",13.446,FALSE,NA,NA,"<= day","daily",NA,NA,NA
"2020-01-06",10.183,FALSE,NA,NA,"<= day","daily",NA,NA,NA
"2020-01-07",8.816,FALSE,NA,NA,"<= day","daily",NA,NA,NA
"2020-01-08",7.464,FALSE,NA,NA,"<= day","daily",NA,NA,NA
"2020-01-09",7.004,FALSE,NA,NA,"<= day","daily",NA,NA,NA
"2020-01-10",7.207,FALSE,NA,NA,"<= day","daily",NA,NA,NA
"2020-01-11",7.12,FALSE,NA,NA,"<= day","daily",NA,NA,NA
"2020-01-12",6.445,FALSE,NA,NA,"<= day","daily",NA,NA,NA
"2020-01-13",6.008,FALSE,NA,NA,"<= day","daily",NA,NA,NA
"2020-01-14",5.536,FALSE,NA,NA,"<= day","daily",NA,NA,NA
"2020-01-15",5.141,FALSE,NA,NA,"<= day","daily",NA,NA,NA
"2020-01-16",4.936,FALSE,NA,NA,"<= day","daily",NA,NA,NA
"2020-01-17",4.971,FALSE,NA,NA,"<= day","daily",NA,NA,NA
"2020-01-18",4.96,FALSE,NA,NA,"<= day","daily",NA,NA,NA
"2020-01-19",4.535,FALSE,NA,NA,"<= day","daily",NA,NA,NA
"2020-01-20",4.054,FALSE,NA,NA,"<= day","daily",NA,NA,NA
"2020-01-21",3.937,FALSE,NA,NA,"<= day","daily",NA,NA,NA
"2020-01-22",4.123,FALSE,NA,NA,"<= day","daily",NA,NA,NA
"2020-01-23",4.15,FALSE,NA,NA,"<= day","daily",NA,NA,NA
"2020-01-24",4.304,FALSE,NA,NA,"<= day","daily",NA,NA,NA
"2020-01-25",4.275,FALSE,NA,NA,"<= day","daily",NA,NA,NA
"2020-01-26",4.109,FALSE,NA,NA,"<= day","daily",NA,NA,NA
"2020-01-27",3.92,FALSE,NA,NA,"<= day","daily",NA,NA,NA
"2020-01-28",4.037,FALSE,NA,NA,"<= day","daily",NA,NA,NA
"2020-01-29",3.965,FALSE,NA,NA,"<= day","daily",NA,NA,NA
"2020-01-30",3.657,FALSE,NA,NA,"<= day","daily",NA,NA,NA
"2020-01-31",24.538,FALSE,NA,NA,"<= day","daily",NA,NA,NA
"2020-02-01",35.851,FALSE,NA,NA,"<= day","daily",NA,NA,NA
"2020-02-02",67.464,FALSE,NA,NA,"<= day","daily",NA,NA,NA
"2020-02-03",99.786,FALSE,NA,NA,"<= day","daily",NA,NA,NA
"2020-02-04",73.55,FALSE,NA,NA,"<= day","daily",NA,NA,NA
"2020-02-05",45.544,FALSE,NA,NA,"<= day","daily",NA,NA,NA
"2020-02-06",31.305,FALSE,NA,NA,"<= day","daily",NA,NA,NA
"2020-02-07",22.807,FALSE,NA,NA,"<= day","daily",NA,NA,NA
"2020-02-08",18.343,FALSE,NA,NA,"<= day","daily",NA,NA,NA
"2020-02-09",15.596,FALSE,NA,NA,"<= day","daily",NA,NA,NA
"2020-02-10",37.106,FALSE,NA,NA,"<= day","daily",NA,NA,NA
"2020-02-11",47.91,FALSE,NA,NA,"<= day","daily",NA,NA,NA
"2020-02-12",29.684,FALSE,NA,NA,"<= day","daily",NA,NA,NA
"2020-02-13",21.225,FALSE,NA,NA,"<= day","daily",NA,NA,NA
"2020-02-14",17.13,FALSE,NA,NA,"<= day","daily",NA,NA,NA
"2020-02-15",14.565,FALSE,NA,NA,"<= day","daily",NA,NA,NA
"2020-02-16",17.433,FALSE,NA,NA,"<= day","daily",NA,NA,NA
"2020-02-17",42.572,FALSE,NA,NA,"<= day","daily",NA,NA,NA
"2020-02-18",44.676,FALSE,NA,NA,"<= day","daily",NA,NA,NA
"2020-02-19",29.965,FALSE,NA,NA,"<= day","daily",NA,NA,NA
"2020-02-20",21.195,FALSE,NA,NA,"<= day","daily",NA,NA,NA
"2020-02-21",16.533,FALSE,NA,NA,"<= day","daily",NA,NA,NA
"2020-02-22",14.643,FALSE,NA,NA,"<= day","daily",NA,NA,NA
"2020-02-23",37.27,FALSE,NA,NA,"<= day","daily",NA,NA,NA
"2020-02-24",74.095,FALSE,NA,NA,"<= day","daily",NA,NA,NA
"2020-02-25",52.743,FALSE,NA,NA,"<= day","daily",NA,NA,NA
"2020-02-26",38.673,FALSE,NA,NA,"<= day","daily",NA,NA,NA
"2020-02-27",28.052,FALSE,NA,NA,"<= day","daily",NA,NA,NA
"2020-02-28",20.338,FALSE,NA,NA,"<= day","daily",NA,NA,NA
"2020-02-29",18.44,FALSE,NA,NA,"<= day","daily",NA,NA,NA
"2020-03-01",20.831,FALSE,NA,NA,"<= day","daily",NA,NA,NA
"2020-03-02",21.027,FALSE,NA,NA,"<= day","daily",NA,NA,NA
"2020-03-03",17.665,FALSE,NA,NA,"<= day","daily",NA,NA,NA
"2020-03-04",14.546,FALSE,NA,NA,"<= day","daily",NA,NA,NA
"2020-03-05",13.666,FALSE,NA,NA,"<= day","daily",NA,NA,NA
"2020-03-06",13.974,FALSE,NA,NA,"<= day","daily",NA,NA,NA
"2020-03-07",12.679,FALSE,NA,NA,"<= day","daily",NA,NA,NA
"2020-03-08",11.558,FALSE,NA,NA,"<= day","daily",NA,NA,NA
"2020-03-09",11.741,FALSE,NA,NA,"<= day","daily",NA,NA,NA
"2020-03-10",19.235,FALSE,NA,NA,"<= day","daily",NA,NA,NA
"2020-03-11",57.813,FALSE,NA,NA,"<= day","daily",NA,NA,NA
"2020-03-12",53.814,FALSE,NA,NA,"<= day","daily",NA,NA,NA
"2020-03-13",55.114,FALSE,NA,NA,"<= day","daily",NA,NA,NA
"2020-03-14",39.947,FALSE,NA,NA,"<= day","daily",NA,NA,NA
"2020-03-15",28.221,FALSE,NA,NA,"<= day","daily",NA,NA,NA
"2020-03-16",24.272,FALSE,NA,NA,"<= day","daily",NA,NA,NA
"2020-03-17",26.953,FALSE,NA,NA,"<= day","daily",NA,NA,NA
"2020-03-18",35.671,FALSE,NA,NA,"<= day","daily",NA,NA,NA
"2020-03-19",39.382,FALSE,NA,NA,"<= day","daily",NA,NA,NA
"2020-03-20",42.98,FALSE,NA,NA,"<= day","daily",NA,NA,NA
"2020-03-21",52.37,FALSE,NA,NA,"<= day","daily",NA,NA,NA
"2020-03-22",39.733,FALSE,NA,NA,"<= day","daily",NA,NA,NA
"2020-03-23",25.804,FALSE,NA,NA,"<= day","daily",NA,NA,NA
"2020-03-24",17.524,FALSE,NA,NA,"<= day","daily",NA,NA,NA
"2020-03-25",14.243,FALSE,NA,NA,"<= day","daily",NA,NA,NA
"2020-03-26",11.955,FALSE,NA,NA,"<= day","daily",NA,NA,NA
"2020-03-27",10.927,FALSE,NA,NA,"<= day","daily",NA,NA,NA
"2020-03-28",12.799,FALSE,NA,NA,"<= day","daily",NA,NA,NA
"2020-03-29",13.718,FALSE,NA,NA,"<= day","daily",NA,NA,NA
"2020-03-30",10.065,FALSE,NA,NA,"<= day","daily",NA,NA,NA
"2020-03-31",8.36,FALSE,NA,NA,"<= day","daily",NA,NA,NA
"2020-04-01",7.955,FALSE,NA,NA,"<= day","daily",NA,NA,NA
"2020-04-02",8.483,FALSE,NA,NA,"<= day","daily",NA,NA,NA
"2020-04-03",8.831,FALSE,NA,NA,"<= day","daily",NA,NA,NA
"2020-04-04",9.464,FALSE,NA,NA,"<= day","daily",NA,NA,NA
"2020-04-05",13.573,FALSE,NA,NA,"<= day","daily",NA,NA,NA
"2020-04-06",20.219,FALSE,NA,NA,"<= day","daily",NA,NA,NA
"2020-04-07",25.558,FALSE,NA,NA,"<= day","daily",NA,NA,NA
"2020-04-08",30.02,FALSE,NA,NA,"<= day","daily",NA,NA,NA
"2020-04-09",30.158,FALSE,NA,NA,"<= day","daily",NA,NA,NA
"2020-04-10",27.601,FALSE,NA,NA,"<= day","daily",NA,NA,NA
"2020-04-11",28.957,FALSE,NA,NA,"<= day","daily",NA,NA,NA
"2020-04-12",28.523,FALSE,NA,NA,"<= day","daily",NA,NA,NA
"2020-04-13",30.613,FALSE,NA,NA,"<= day","daily",NA,NA,NA
"2020-04-14",41.854,FALSE,NA,NA,"<= day","daily",NA,NA,NA
"2020-04-15",21.089,FALSE,NA,NA,"<= day","daily",NA,NA,NA
"2020-04-16",17.916,FALSE,NA,NA,"<= day","daily",NA,NA,NA
"2020-04-17",23.637,FALSE,NA,NA,"<= day","daily",NA,NA,NA
"2020-04-18",26.446,FALSE,NA,NA,"<= day","daily",NA,NA,NA
"2020-04-19",26.842,FALSE,NA,NA,"<= day","daily",NA,NA,NA
"2020-04-20",25.53,FALSE,NA,NA,"<= day","daily",NA,NA,NA
"2020-04-21",19.769,FALSE,NA,NA,"<= day","daily",NA,NA,NA
"2020-04-22",14.766,FALSE,NA,NA,"<= day","daily",NA,NA,NA
"2020-04-23",11.421,FALSE,NA,NA,"<= day","daily",NA,NA,NA
"2020-04-24",10.292,FALSE,NA,NA,"<= day","daily",NA,NA,NA
"2020-04-25",9.666,FALSE,NA,NA,"<= day","daily",NA,NA,NA
"2020-04-26",8.472,FALSE,NA,NA,"<= day","daily",NA,NA,NA
"2020-04-27",7.733,FALSE,NA,NA,"<= day","daily",NA,NA,NA
"2020-04-28",12.491,FALSE,NA,NA,"<= day","daily",NA,NA,NA
"2020-04-29",46.359,FALSE,NA,NA,"<= day","daily",NA,NA,NA
"2020-04-30",30.831,FALSE,NA,NA,"<= day","daily",NA,NA,NA
"2020-05-01",39.248,FALSE,NA,NA,"<= day","daily",NA,NA,NA
"2020-05-02",47.263,FALSE,NA,NA,"<= day","daily",NA,NA,NA
"2020-05-03",45.607,FALSE,NA,NA,"<= day","daily",NA,NA,NA
"2020-05-04",32.243,FALSE,NA,NA,"<= day","daily",NA,NA,NA
"2020-05-05",41.646,FALSE,NA,NA,"<= day","daily",NA,NA,NA
"2020-05-06",47.492,FALSE,NA,NA,"<= day","daily",NA,NA,NA
"2020-05-07",26.486,FALSE,NA,NA,"<= day","daily",NA,NA,NA
"2020-05-08",15.933,FALSE,NA,NA,"<= day","daily",NA,NA,NA
"2020-05-09",11.966,FALSE,NA,NA,"<= day","daily",NA,NA,NA
"2020-05-10",10.054,FALSE,NA,NA,"<= day","daily",NA,NA,NA
"2020-05-11",8.717,FALSE,NA,NA,"<= day","daily",NA,NA,NA
"2020-05-12",9.105,FALSE,NA,NA,"<= day","daily",NA,NA,NA
"2020-05-13",9.076,FALSE,NA,NA,"<= day","daily",NA,NA,NA
"2020-05-14",7.799,FALSE,NA,NA,"<= day","daily",NA,NA,NA
"2020-05-15",30.796,FALSE,NA,NA,"<= day","daily",NA,NA,NA
"2020-05-16",34.334,FALSE,NA,NA,"<= day","daily",NA,NA,NA
"2020-05-17",17.533,FALSE,NA,NA,"<= day","daily",NA,NA,NA
"2020-05-18",11.71,FALSE,NA,NA,"<= day","daily",NA,NA,NA
"2020-05-19",9.113,FALSE,NA,NA,"<= day","daily",NA,NA,NA
"2020-05-20",7.616,FALSE,NA,NA,"<= day","daily",NA,NA,NA
"2020-05-21",6.539,FALSE,NA,NA,"<= day","daily",NA,NA,NA
"2020-05-22",5.748,FALSE,NA,NA,"<= day","daily",NA,NA,NA
"2020-05-23",6.326,FALSE,NA,NA,"<= day","daily",NA,NA,NA
"2020-05-24",11.613,FALSE,NA,NA,"<= day","daily",NA,NA,NA
"2020-05-25",6.263,FALSE,NA,NA,"<= day","daily",NA,NA,NA
"2020-05-26",5.527,FALSE,NA,NA,"<= day","daily",NA,NA,NA
"2020-05-27",4.855,FALSE,NA,NA,"<= day","daily",NA,NA,NA
"2020-05-28",4.604,FALSE,NA,NA,"<= day","daily",NA,NA,NA
"2020-05-29",4.397,FALSE,NA,NA,"<= day","daily",NA,NA,NA
"2020-05-30",3.999,FALSE,NA,NA,"<= day","daily",NA,NA,NA
"2020-05-31",3.661,FALSE,NA,NA,"<= day","daily",NA,NA,NA
"2020-06-01",3.345,FALSE,NA,NA,"<= day","daily",NA,NA,NA
"2020-06-02",3.085,FALSE,NA,NA,"<= day","daily",NA,NA,NA
"2020-06-03",3.234,FALSE,NA,NA,"<= day","daily",NA,NA,NA
"2020-06-04",3.365,FALSE,NA,NA,"<= day","daily",NA,NA,NA
"2020-06-05",4.682,FALSE,NA,NA,"<= day","daily",NA,NA,NA
"2020-06-06",7.231,FALSE,NA,NA,"<= day","daily",NA,NA,NA
"2020-06-07",29.232,FALSE,NA,NA,"<= day","daily",NA,NA,NA
"2020-06-08",38.569,FALSE,NA,NA,"<= day","daily",NA,NA,NA
"2020-06-09",23.642,FALSE,NA,NA,"<= day","daily",NA,NA,NA
"2020-06-10",66.933,FALSE,NA,NA,"<= day","daily",NA,NA,NA
"2020-06-11",92.506,FALSE,NA,NA,"<= day","daily",NA,NA,NA
"2020-06-12",49.614,FALSE,NA,NA,"<= day","daily",NA,NA,NA
"2020-06-13",40.05,FALSE,NA,NA,"<= day","daily",NA,NA,NA
"2020-06-14",68.981,FALSE,NA,NA,"<= day","daily",NA,NA,NA
"2020-06-15",53.423,FALSE,NA,NA,"<= day","daily",NA,NA,NA
"2020-06-16",63.396,FALSE,NA,NA,"<= day","daily",NA,NA,NA
"2020-06-17",46.322,FALSE,NA,NA,"<= day","daily",NA,NA,NA
"2020-06-18",42.931,FALSE,NA,NA,"<= day","daily",NA,NA,NA
"2020-06-19",54.566,FALSE,NA,NA,"<= day","daily",NA,NA,NA
"2020-06-20",46.014,FALSE,NA,NA,"<= day","daily",NA,NA,NA
"2020-06-21",34.032,FALSE,NA,NA,"<= day","daily",NA,NA,NA
"2020-06-22",23.914,FALSE,NA,NA,"<= day","daily",NA,NA,NA
"2020-06-23",18.428,FALSE,NA,NA,"<= day","daily",NA,NA,NA
"2020-06-24",14.913,FALSE,NA,NA,"<= day","daily",NA,NA,NA
"2020-06-25",12.424,FALSE,NA,NA,"<= day","daily",NA,NA,NA
"2020-06-26",13.016,FALSE,NA,NA,"<= day","daily",NA,NA,NA
"2020-06-27",36.08,FALSE,NA,NA,"<= day","daily",NA,NA,NA
"2020-06-28",59.129,FALSE,NA,NA,"<= day","daily",NA,NA,NA
"2020-06-29",69.174,FALSE,NA,NA,"<= day","daily",NA,NA,NA
"2020-06-30",43.787,FALSE,NA,NA,"<= day","daily",NA,NA,NA
"2020-07-01",31.805,FALSE,NA,NA,"<= day","daily",NA,NA,NA
"2020-07-02",28.579,FALSE,NA,NA,"<= day","daily",NA,NA,NA
"2020-07-03",53.594,FALSE,NA,NA,"<= day","daily",NA,NA,NA
"2020-07-04",39.496,FALSE,NA,NA,"<= day","daily",NA,NA,NA
"2020-07-05",28.566,FALSE,NA,NA,"<= day","daily",NA,NA,NA
"2020-07-06",23.37,FALSE,NA,NA,"<= day","daily",NA,NA,NA
"2020-07-07",26.986,FALSE,NA,NA,"<= day","daily",NA,NA,NA
"2020-07-08",18.361,FALSE,NA,NA,"<= day","daily",NA,NA,NA
"2020-07-09",14.559,FALSE,NA,NA,"<= day","daily",NA,NA,NA
"2020-07-10",12.501,FALSE,NA,NA,"<= day","daily",NA,NA,NA
"2020-07-11",35.462,FALSE,NA,NA,"<= day","daily",NA,NA,NA
"2020-07-12",36.348,FALSE,NA,NA,"<= day","daily",NA,NA,NA
"2020-07-13",23.569,FALSE,NA,NA,"<= day","daily",NA,NA,NA
"2020-07-14",16.566,FALSE,NA,NA,"<= day","daily",NA,NA,NA
"2020-07-15",18.03,FALSE,NA,NA,"<= day","daily",NA,NA,NA
"2020-07-16",36.314,FALSE,NA,NA,"<= day","daily",NA,NA,NA
"2020-07-17",71.034,FALSE,NA,NA,"<= day","daily",NA,NA,NA
"2020-07-18",45.633,FALSE,NA,NA,"<= day","daily",NA,NA,NA
"2020-07-19",32.503,FALSE,NA,NA,"<= day","daily",NA,NA,NA
"2020-07-20",23.467,FALSE,NA,NA,"<= day","daily",NA,NA,NA
"2020-07-21",17.747,FALSE,NA,NA,"<= day","daily",NA,NA,NA
"2020-07-22",15.986,FALSE,NA,NA,"<= day","daily",NA,NA,NA
"2020-07-23",19.671,FALSE,NA,NA,"<= day","daily",NA,NA,NA
"2020-07-24",21.849,FALSE,NA,NA,"<= day","daily",NA,NA,NA
"2020-07-25",16.97,FALSE,NA,NA,"<= day","daily",NA,NA,NA
"2020-07-26",18.937,FALSE,NA,NA,"<= day","daily",NA,NA,NA
"2020-07-27",21.864,FALSE,NA,NA,"<= day","daily",NA,NA,NA
"2020-07-28",14.352,FALSE,NA,NA,"<= day","daily",NA,NA,NA
"2020-07-29",18.896,FALSE,NA,NA,"<= day","daily",NA,NA,NA
"2020-07-30",13.105,FALSE,NA,NA,"<= day","daily",NA,NA,NA
"2020-07-31",10.41,FALSE,NA,NA,"<= day","daily",NA,NA,NA
"2020-08-01",8.933,FALSE,NA,NA,"<= day","daily",NA,NA,NA
"2020-08-02",14.748,FALSE,NA,NA,"<= day","daily",NA,NA,NA
"2020-08-03",59.949,FALSE,NA,NA,"<= day","daily",NA,NA,NA
"2020-08-04",104.838,FALSE,NA,NA,"<= day","daily",NA,NA,NA
"2020-08-05",57.045,FALSE,NA,NA,"<= day","daily",NA,NA,NA
"2020-08-06",40.444,FALSE,NA,NA,"<= day","daily",NA,NA,NA
"2020-08-07",27.551,FALSE,NA,NA,"<= day","daily",NA,NA,NA
"2020-08-08",21.112,FALSE,NA,NA,"<= day","daily",NA,NA,NA
"2020-08-09",17.355,FALSE,NA,NA,"<= day","daily",NA,NA,NA
"2020-08-10",14.565,FALSE,NA,NA,"<= day","daily",NA,NA,NA
"2020-08-11",12.585,FALSE,NA,NA,"<= day","daily",NA,NA,NA
"2020-08-12",11.069,FALSE,NA,NA,"<= day","daily",NA,NA,NA
"2020-08-13",15.672,FALSE,NA,NA,"<= day","daily",NA,NA,NA
"2020-08-14",16.903,FALSE,NA,NA,"<= day","daily",NA,NA,NA
"2020-08-15",10.839,FALSE,NA,NA,"<= day","daily",NA,NA,NA
"2020-08-16",9.524,FALSE,NA,NA,"<= day","daily",NA,NA,NA
"2020-08-17",9.074,FALSE,NA,NA,"<= day","daily",NA,NA,NA
"2020-08-18",12.585,FALSE,NA,NA,"<= day","daily",NA,NA,NA
"2020-08-19",12.981,FALSE,NA,NA,"<= day","daily",NA,NA,NA
"2020-08-20",10.45,FALSE,NA,NA,"<= day","daily",NA,NA,NA
"2020-08-21",9.342,FALSE,NA,NA,"<= day","daily",NA,NA,NA
"2020-08-22",8.576,FALSE,NA,NA,"<= day","daily",NA,NA,NA
"2020-08-23",8.198,FALSE,NA,NA,"<= day","daily",NA,NA,NA
"2020-08-24",7.162,FALSE,NA,NA,"<= day","daily",NA,NA,NA
"2020-08-25",6.445,FALSE,NA,NA,"<= day","daily",NA,NA,NA
"2020-08-26",5.824,FALSE,NA,NA,"<= day","daily",NA,NA,NA
"2020-08-27",5.341,FALSE,NA,NA,"<= day","daily",NA,NA,NA
"2020-08-28",5.762,FALSE,NA,NA,"<= day","daily",NA,NA,NA
"2020-08-29",59.902,FALSE,NA,NA,"<= day","daily",NA,NA,NA
"2020-08-30",56.352,FALSE,NA,NA,"<= day","daily",NA,NA,NA
"2020-08-31",42.974,FALSE,NA,NA,"<= day","daily",NA,NA,NA
"2020-09-01",37.306,FALSE,NA,NA,"<= day","daily",NA,NA,NA
"2020-09-02",35.119,FALSE,NA,NA,"<= day","daily",NA,NA,NA
"2020-09-03",20.839,FALSE,NA,NA,"<= day","daily",NA,NA,NA
"2020-09-04",14.227,FALSE,NA,NA,"<= day","daily",NA,NA,NA
"2020-09-05",11.313,FALSE,NA,NA,"<= day","daily",NA,NA,NA
"2020-09-06",19.367,FALSE,NA,NA,"<= day","daily",NA,NA,NA
"2020-09-07",49.298,FALSE,NA,NA,"<= day","daily",NA,NA,NA
"2020-09-08",25.699,FALSE,NA,NA,"<= day","daily",NA,NA,NA
"2020-09-09",15.637,FALSE,NA,NA,"<= day","daily",NA,NA,NA
"2020-09-10",11.967,FALSE,NA,NA,"<= day","daily",NA,NA,NA
"2020-09-11",9.917,FALSE,NA,NA,"<= day","daily",NA,NA,NA
"2020-09-12",8.449,FALSE,NA,NA,"<= day","daily",NA,NA,NA
"2020-09-13",7.332,FALSE,NA,NA,"<= day","daily",NA,NA,NA
"2020-09-14",6.574,FALSE,NA,NA,"<= day","daily",NA,NA,NA
"2020-09-15",6.047,FALSE,NA,NA,"<= day","daily",NA,NA,NA
"2020-09-16",5.577,FALSE,NA,NA,"<= day","daily",NA,NA,NA
"2020-09-17",5.211,FALSE,NA,NA,"<= day","daily",NA,NA,NA
"2020-09-18",4.871,FALSE,NA,NA,"<= day","daily",NA,NA,NA
"2020-09-19",4.509,FALSE,NA,NA,"<= day","daily",NA,NA,NA
"2020-09-20",4.203,FALSE,NA,NA,"<= day","daily",NA,NA,NA
"2020-09-21",4.096,FALSE,NA,NA,"<= day","daily",NA,NA,NA
"2020-09-22",4.364,FALSE,NA,NA,"<= day","daily",NA,NA,NA
"2020-09-23",4.5,FALSE,NA,NA,"<= day","daily",NA,NA,NA
"2020-09-24",3.76,FALSE,NA,NA,"<= day","daily",NA,NA,NA
"2020-09-25",32.353,FALSE,NA,NA,"<= day","daily",NA,NA,NA
"2020-09-26",58.42,FALSE,NA,NA,"<= day","daily",NA,NA,NA
"2020-09-27",36.063,FALSE,NA,NA,"<= day","daily",NA,NA,NA
"2020-09-28",33.473,FALSE,NA,NA,"<= day","daily",NA,NA,NA
"2020-09-29",39.934,FALSE,NA,NA,"<= day","daily",NA,NA,NA
"2020-09-30",36.248,FALSE,NA,NA,"<= day","daily",NA,NA,NA
"2020-10-01",20.775,FALSE,NA,NA,"<= day","daily",NA,NA,NA
"2020-10-02",13.334,FALSE,NA,NA,"<= day","daily",NA,NA,NA
"2020-10-03",10.778,FALSE,NA,NA,"<= day","daily",NA,NA,NA
"2020-10-04",9.019,FALSE,NA,NA,"<= day","daily",NA,NA,NA
"2020-10-05",8.368,FALSE,NA,NA,"<= day","daily",NA,NA,NA
"2020-10-06",7.781,FALSE,NA,NA,"<= day","daily",NA,NA,NA
"2020-10-07",13.321,FALSE,NA,NA,"<= day","daily",NA,NA,NA
"2020-10-08",23.204,FALSE,NA,NA,"<= day","daily",NA,NA,NA
"2020-10-09",12.494,FALSE,NA,NA,"<= day","daily",NA,NA,NA
"2020-10-10",10.501,FALSE,NA,NA,"<= day","daily",NA,NA,NA
"2020-10-11",19.657,FALSE,NA,NA,"<= day","daily",NA,NA,NA
"2020-10-12",16.688,FALSE,NA,NA,"<= day","daily",NA,NA,NA
"2020-10-13",15.374,FALSE,NA,NA,"<= day","daily",NA,NA,NA
"2020-10-14",13.452,FALSE,NA,NA,"<= day","daily",NA,NA,NA
"2020-10-15",10.788,FALSE,NA,NA,"<= day","daily",NA,NA,NA
"2020-10-16",25.656,FALSE,NA,NA,"<= day","daily",NA,NA,NA
"2020-10-17",53.185,FALSE,NA,NA,"<= day","daily",NA,NA,NA
"2020-10-18",31.534,FALSE,NA,NA,"<= day","daily",NA,NA,NA
"2020-10-19",23.39,FALSE,NA,NA,"<= day","daily",NA,NA,NA
"2020-10-20",18.961,FALSE,NA,NA,"<= day","daily",NA,NA,NA
"2020-10-21",19.001,FALSE,NA,NA,"<= day","daily",NA,NA,NA
"2020-10-22",16.354,FALSE,NA,NA,"<= day","daily",NA,NA,NA
"2020-10-23",11.498,FALSE,NA,NA,"<= day","daily",NA,NA,NA
"2020-10-24",16.393,FALSE,NA,NA,"<= day","daily",NA,NA,NA
"2020-10-25",14.936,FALSE,NA,NA,"<= day","daily",NA,NA,NA
"2020-10-26",13.758,FALSE,NA,NA,"<= day","daily",NA,NA,NA
"2020-10-27",37.003,FALSE,NA,NA,"<= day","daily",NA,NA,NA
"2020-10-28",36.799,FALSE,NA,NA,"<= day","daily",NA,NA,NA
"2020-10-29",51.439,FALSE,NA,NA,"<= day","daily",NA,NA,NA
"2020-10-30",62.283,FALSE,NA,NA,"<= day","daily",NA,NA,NA
"2020-10-31",40.214,FALSE,NA,NA,"<= day","daily",NA,NA,NA
"2020-11-01",24.655,FALSE,NA,NA,"<= day","daily",NA,NA,NA
"2020-11-02",16.44,FALSE,NA,NA,"<= day","daily",NA,NA,NA
"2020-11-03",13.182,FALSE,NA,NA,"<= day","daily",NA,NA,NA
"2020-11-04",29.502,FALSE,NA,NA,"<= day","daily",NA,NA,NA
"2020-11-05",24.178,FALSE,NA,NA,"<= day","daily",NA,NA,NA
"2020-11-06",18.442,FALSE,NA,NA,"<= day","daily",NA,NA,NA
"2020-11-07",14.12,FALSE,NA,NA,"<= day","daily",NA,NA,NA
"2020-11-08",11.39,FALSE,NA,NA,"<= day","daily",NA,NA,NA
"2020-11-09",9.631,FALSE,NA,NA,"<= day","daily",NA,NA,NA
"2020-11-10",8.376,FALSE,NA,NA,"<= day","daily",NA,NA,NA
"2020-11-11",7.532,FALSE,NA,NA,"<= day","daily",NA,NA,NA
"2020-11-12",6.849,FALSE,NA,NA,"<= day","daily",NA,NA,NA
"2020-11-13",6.179,FALSE,NA,NA,"<= day","daily",NA,NA,NA
"2020-11-14",5.65,FALSE,NA,NA,"<= day","daily",NA,NA,NA
"2020-11-15",5.244,FALSE,NA,NA,"<= day","daily",NA,NA,NA
"2020-11-16",5.105,FALSE,NA,NA,"<= day","daily",NA,NA,NA
"2020-11-17",4.556,FALSE,NA,NA,"<= day","daily",NA,NA,NA
"2020-11-18",4.24,FALSE,NA,NA,"<= day","daily",NA,NA,NA
"2020-11-19",5.214,FALSE,NA,NA,"<= day","daily",NA,NA,NA
"2020-11-20",6.943,FALSE,NA,NA,"<= day","daily",NA,NA,NA
"2020-11-21",5.217,FALSE,NA,NA,"<= day","daily",NA,NA,NA
"2020-11-22",4.647,FALSE,NA,NA,"<= day","daily",NA,NA,NA
"2020-11-23",4.491,FALSE,NA,NA,"<= day","daily",NA,NA,NA
"2020-11-24",4.117,FALSE,NA,NA,"<= day","daily",NA,NA,NA
"2020-11-25",3.932,FALSE,NA,NA,"<= day","daily",NA,NA,NA
"2020-11-26",3.63,FALSE,NA,NA,"<= day","daily",NA,NA,NA
"2020-11-27",3.336,FALSE,NA,NA,"<= day","daily",NA,NA,NA
"2020-11-28",3.125,FALSE,NA,NA,"<= day","daily",NA,NA,NA
"2020-11-29",2.792,FALSE,NA,NA,"<= day","daily",NA,NA,NA
"2020-11-30",2.447,FALSE,NA,NA,"<= day","daily",NA,NA,NA
"2020-12-01",2.418,FALSE,NA,NA,"<= day","daily",NA,NA,NA
"2020-12-02",2.46,FALSE,NA,NA,"<= day","daily",NA,NA,NA
"2020-12-03",2.283,FALSE,NA,NA,"<= day","daily",NA,NA,NA
"2020-12-04",2.272,FALSE,NA,NA,"<= day","daily",NA,NA,NA
"2020-12-05",2.238,FALSE,NA,NA,"<= day","daily",NA,NA,NA
"2020-12-06",2.219,FALSE,NA,NA,"<= day","daily",NA,NA,NA
"2020-12-07",2.065,FALSE,NA,NA,"<= day","daily",NA,NA,NA
"2020-12-08",1.907,FALSE,NA,NA,"<= day","daily",NA,NA,NA
"2020-12-09",1.847,FALSE,NA,NA,"<= day","daily",NA,NA,NA
"2020-12-10",1.771,FALSE,NA,NA,"<= day","daily",NA,NA,NA
"2020-12-11",1.701,FALSE,NA,NA,"<= day","daily",NA,NA,NA
"2020-12-12",1.7,FALSE,NA,NA,"<= day","daily",NA,NA,NA
"2020-12-13",1.765,FALSE,NA,NA,"<= day","daily",NA,NA,NA
"2020-12-14",1.732,FALSE,NA,NA,"<= day","daily",NA,NA,NA
"2020-12-15",2.745,FALSE,NA,NA,"<= day","daily",NA,NA,NA
"2020-12-16",4.659,FALSE,NA,NA,"<= day","daily",NA,NA,NA
"2020-12-17",4,FALSE,NA,NA,"<= day","daily",NA,NA,NA
"2020-12-18",3.194,FALSE,NA,NA,"<= day","daily",NA,NA,NA
"2020-12-19",2.681,FALSE,NA,NA,"<= day","daily",NA,NA,NA
"2020-12-20",2.35,FALSE,NA,NA,"<= day","daily",NA,NA,NA
"2020-12-21",2.192,FALSE,NA,NA,"<= day","daily",NA,NA,NA
"2020-12-22",14.134,FALSE,NA,NA,"<= day","daily",NA,NA,NA
"2020-12-23",20.198,FALSE,NA,NA,"<= day","daily",NA,NA,NA
"2020-12-24",15.918,FALSE,NA,NA,"<= day","daily",NA,NA,NA
"2020-12-25",9.306,FALSE,NA,NA,"<= day","daily",NA,NA,NA
"2020-12-26",6.007,FALSE,NA,NA,"<= day","daily",NA,NA,NA
"2020-12-27",4.952,FALSE,NA,NA,"<= day","daily",NA,NA,NA
"2020-12-28",4.626,FALSE,NA,NA,"<= day","daily",NA,NA,NA
"2020-12-29",3.722,FALSE,NA,NA,"<= day","daily",NA,NA,NA
"2020-12-30",2.968,FALSE,NA,NA,"<= day","daily",NA,NA,NA
"2020-12-31",2.59,FALSE,NA,NA,"<= day","daily",NA,NA,NA
"2021-01-01",2.411,FALSE,NA,NA,"<= day","daily",NA,NA,NA
"2021-01-02",2.208,FALSE,NA,NA,"<= day","daily",NA,NA,NA
"2021-01-03",2.052,FALSE,NA,NA,"<= day","daily",NA,NA,NA
"2021-01-04",1.88,FALSE,NA,NA,"<= day","daily",NA,NA,NA
"2021-01-05",1.714,FALSE,NA,NA,"<= day","daily",NA,NA,NA
"2021-01-06",1.654,FALSE,NA,NA,"<= day","daily",NA,NA,NA
"2021-01-07",1.584,FALSE,NA,NA,"<= day","daily",NA,NA,NA
"2021-01-08",1.505,FALSE,NA,NA,"<= day","daily",NA,NA,NA
"2021-01-09",1.379,FALSE,NA,NA,"<= day","daily",NA,NA,NA
"2021-01-10",1.242,FALSE,NA,NA,"<= day","daily",NA,NA,NA
"2021-01-11",1.131,FALSE,NA,NA,"<= day","daily",NA,NA,NA
"2021-01-12",1.175,FALSE,NA,NA,"<= day","daily",NA,NA,NA
"2021-01-13",1.3,FALSE,NA,NA,"<= day","daily",NA,NA,NA
"2021-01-14",1.287,FALSE,NA,NA,"<= day","daily",NA,NA,NA
"2021-01-15",1.226,FALSE,NA,NA,"<= day","daily",NA,NA,NA
"2021-01-16",1.162,FALSE,NA,NA,"<= day","daily",NA,NA,NA
"2021-01-17",1.186,FALSE,NA,NA,"<= day","daily",NA,NA,NA
"2021-01-18",1.194,FALSE,NA,NA,"<= day","daily",NA,NA,NA
"2021-01-19",1.181,FALSE,NA,NA,"<= day","daily",NA,NA,NA
"2021-01-20",1.254,FALSE,NA,NA,"<= day","daily",NA,NA,NA
"2021-01-21",1.386,FALSE,NA,NA,"<= day","daily",NA,NA,NA
"2021-01-22",1.554,FALSE,NA,NA,"<= day","daily",NA,NA,NA
"2021-01-23",1.859,FALSE,NA,NA,"<= day","daily",NA,NA,NA
"2021-01-24",1.726,FALSE,NA,NA,"<= day","daily",NA,NA,NA
"2021-01-25",1.611,FALSE,NA,NA,"<= day","daily",NA,NA,NA
"2021-01-26",1.536,FALSE,NA,NA,"<= day","daily",NA,NA,NA
"2021-01-27",1.525,FALSE,NA,NA,"<= day","daily",NA,NA,NA
"2021-01-28",14.214,FALSE,NA,NA,"<= day","daily",NA,NA,NA
"2021-01-29",66.377,FALSE,NA,NA,"<= day","daily",NA,NA,NA
"2021-01-30",41.202,FALSE,NA,NA,"<= day","daily",NA,NA,NA
"2021-01-31",35.411,FALSE,NA,NA,"<= day","daily",NA,NA,NA
"2021-02-01",24.353,FALSE,NA,NA,"<= day","daily",NA,NA,NA
"2021-02-02",28.71,FALSE,NA,NA,"<= day","daily",NA,NA,NA
"2021-02-03",67.337,FALSE,NA,NA,"<= day","daily",NA,NA,NA
"2021-02-04",67.449,FALSE,NA,NA,"<= day","daily",NA,NA,NA
"2021-02-05",36.859,FALSE,NA,NA,"<= day","daily",NA,NA,NA
"2021-02-06",38.063,FALSE,NA,NA,"<= day","daily",NA,NA,NA
"2021-02-07",60.335,FALSE,NA,NA,"<= day","daily",NA,NA,NA
"2021-02-08",44.906,FALSE,NA,NA,"<= day","daily",NA,NA,NA
"2021-02-09",26.988,FALSE,NA,NA,"<= day","daily",NA,NA,NA
"2021-02-10",18.629,FALSE,NA,NA,"<= day","daily",NA,NA,NA
"2021-02-11",13.151,FALSE,NA,NA,"<= day","daily",NA,NA,NA
"2021-02-12",10.701,FALSE,NA,NA,"<= day","daily",NA,NA,NA
"2021-02-13",9.116,FALSE,NA,NA,"<= day","daily",NA,NA,NA
"2021-02-14",7.887,FALSE,NA,NA,"<= day","daily",NA,NA,NA
"2021-02-15",7.528,FALSE,NA,NA,"<= day","daily",NA,NA,NA
"2021-02-16",10.337,FALSE,NA,NA,"<= day","daily",NA,NA,NA
"2021-02-17",24.51,FALSE,NA,NA,"<= day","daily",NA,NA,NA
"2021-02-18",22.905,FALSE,NA,NA,"<= day","daily",NA,NA,NA
"2021-02-19",18.181,FALSE,NA,NA,"<= day","daily",NA,NA,NA
"2021-02-20",22.55,FALSE,NA,NA,"<= day","daily",NA,NA,NA
"2021-02-21",30.928,FALSE,NA,NA,"<= day","daily",NA,NA,NA
"2021-02-22",36.602,FALSE,NA,NA,"<= day","daily",NA,NA,NA
"2021-02-23",38.281,FALSE,NA,NA,"<= day","daily",NA,NA,NA
"2021-02-24",48.521,FALSE,NA,NA,"<= day","daily",NA,NA,NA
"2021-02-25",49.892,FALSE,NA,NA,"<= day","daily",NA,NA,NA
"2021-02-26",44.229,FALSE,NA,NA,"<= day","daily",NA,NA,NA
"2021-02-27",40.636,FALSE,NA,NA,"<= day","daily",NA,NA,NA
"2021-02-28",27.018,FALSE,NA,NA,"<= day","daily",NA,NA,NA
"2021-03-01",19.267,FALSE,NA,NA,"<= day","daily",NA,NA,NA
"2021-03-02",15.934,FALSE,NA,NA,"<= day","daily",NA,NA,NA
"2021-03-03",14.741,FALSE,NA,NA,"<= day","daily",NA,NA,NA
"2021-03-04",13.47,FALSE,NA,NA,"<= day","daily",NA,NA,NA
"2021-03-05",16.081,FALSE,NA,NA,"<= day","daily",NA,NA,NA
"2021-03-06",12.773,FALSE,NA,NA,"<= day","daily",NA,NA,NA
"2021-03-07",11.273,FALSE,NA,NA,"<= day","daily",NA,NA,NA
"2021-03-08",10.521,FALSE,NA,NA,"<= day","daily",NA,NA,NA
"2021-03-09",9.041,FALSE,NA,NA,"<= day","daily",NA,NA,NA
"2021-03-10",8.006,FALSE,NA,NA,"<= day","daily",NA,NA,NA
"2021-03-11",9.308,FALSE,NA,NA,"<= day","daily",NA,NA,NA
"2021-03-12",51.914,FALSE,NA,NA,"<= day","daily",NA,NA,NA
"2021-03-13",26.149,FALSE,NA,NA,"<= day","daily",NA,NA,NA
"2021-03-14",18.967,FALSE,NA,NA,"<= day","daily",NA,NA,NA
"2021-03-15",14.165,FALSE,NA,NA,"<= day","daily",NA,NA,NA
"2021-03-16",11.124,FALSE,NA,NA,"<= day","daily",NA,NA,NA
"2021-03-17",10.091,FALSE,NA,NA,"<= day","daily",NA,NA,NA
"2021-03-18",8.792,FALSE,NA,NA,"<= day","daily",NA,NA,NA
"2021-03-19",7.961,FALSE,NA,NA,"<= day","daily",NA,NA,NA
"2021-03-20",7.056,FALSE,NA,NA,"<= day","daily",NA,NA,NA
"2021-03-21",6.528,FALSE,NA,NA,"<= day","daily",NA,NA,NA
"2021-03-22",6.253,FALSE,NA,NA,"<= day","daily",NA,NA,NA
"2021-03-23",5.768,FALSE,NA,NA,"<= day","daily",NA,NA,NA
"2021-03-24",6.685,FALSE,NA,NA,"<= day","daily",NA,NA,NA
"2021-03-25",10.25,FALSE,NA,NA,"<= day","daily",NA,NA,NA
"2021-03-26",15.78,FALSE,NA,NA,"<= day","daily",NA,NA,NA
"2021-03-27",20.684,FALSE,NA,NA,"<= day","daily",NA,NA,NA
"2021-03-28",18.665,FALSE,NA,NA,"<= day","daily",NA,NA,NA
"2021-03-29",23.031,FALSE,NA,NA,"<= day","daily",NA,NA,NA
"2021-03-30",45.91,FALSE,NA,NA,"<= day","daily",NA,NA,NA
"2021-03-31",72.839,FALSE,NA,NA,"<= day","daily",NA,NA,NA
"2021-04-01",83.348,FALSE,NA,NA,"<= day","daily",NA,NA,NA
"2021-04-02",84.084,FALSE,NA,NA,"<= day","daily",NA,NA,NA
"2021-04-03",63.065,FALSE,NA,NA,"<= day","daily",NA,NA,NA
"2021-04-04",33.605,FALSE,NA,NA,"<= day","daily",NA,NA,NA
"2021-04-05",25.13,FALSE,NA,NA,"<= day","daily",NA,NA,NA
"2021-04-06",23.691,FALSE,NA,NA,"<= day","daily",NA,NA,NA
"2021-04-07",17.33,FALSE,NA,NA,"<= day","daily",NA,NA,NA
"2021-04-08",13.555,FALSE,NA,NA,"<= day","daily",NA,NA,NA
"2021-04-09",14.716,FALSE,NA,NA,"<= day","daily",NA,NA,NA
"2021-04-10",21.526,FALSE,NA,NA,"<= day","daily",NA,NA,NA
"2021-04-11",43.014,FALSE,NA,NA,"<= day","daily",NA,NA,NA
"2021-04-12",44.895,FALSE,NA,NA,"<= day","daily",NA,NA,NA
"2021-04-13",27.457,FALSE,NA,NA,"<= day","daily",NA,NA,NA
"2021-04-14",18.624,FALSE,NA,NA,"<= day","daily",NA,NA,NA
"2021-04-15",14.678,FALSE,NA,NA,"<= day","daily",NA,NA,NA
"2021-04-16",12.428,FALSE,NA,NA,"<= day","daily",NA,NA,NA
"2021-04-17",10.988,FALSE,NA,NA,"<= day","daily",NA,NA,NA
"2021-04-18",10.22,FALSE,NA,NA,"<= day","daily",NA,NA,NA
"2021-04-19",9.801,FALSE,NA,NA,"<= day","daily",NA,NA,NA
"2021-04-20",12.266,FALSE,NA,NA,"<= day","daily",NA,NA,NA
"2021-04-21",16.883,FALSE,NA,NA,"<= day","daily",NA,NA,NA
"2021-04-22",28.909,FALSE,NA,NA,"<= day","daily",NA,NA,NA
"2021-04-23",38.846,FALSE,NA,NA,"<= day","daily",NA,NA,NA
"2021-04-24",41.764,FALSE,NA,NA,"<= day","daily",NA,NA,NA
"2021-04-25",48.598,FALSE,NA,NA,"<= day","daily",NA,NA,NA
"2021-04-26",45.892,FALSE,NA,NA,"<= day","daily",NA,NA,NA
"2021-04-27",44.158,FALSE,NA,NA,"<= day","daily",NA,NA,NA
"2021-04-28",54.063,FALSE,NA,NA,"<= day","daily",NA,NA,NA
"2021-04-29",61.337,FALSE,NA,NA,"<= day","daily",NA,NA,NA
"2021-04-30",77.515,FALSE,NA,NA,"<= day","daily",NA,NA,NA
"2021-05-01",73.859,FALSE,NA,NA,"<= day","daily",NA,NA,NA
"2021-05-02",76.554,FALSE,NA,NA,"<= day","daily",NA,NA,NA
"2021-05-03",46.654,FALSE,NA,NA,"<= day","daily",NA,NA,NA
"2021-05-04",39.337,FALSE,NA,NA,"<= day","daily",NA,NA,NA
"2021-05-05",53.648,FALSE,NA,NA,"<= day","daily",NA,NA,NA
"2021-05-06",41.57,FALSE,NA,NA,"<= day","daily",NA,NA,NA
"2021-05-07",50.566,FALSE,NA,NA,"<= day","daily",NA,NA,NA
"2021-05-08",49.093,FALSE,NA,NA,"<= day","daily",NA,NA,NA
"2021-05-09",55.666,FALSE,NA,NA,"<= day","daily",NA,NA,NA
"2021-05-10",67.742,FALSE,NA,NA,"<= day","daily",NA,NA,NA
"2021-05-11",65.347,FALSE,NA,NA,"<= day","daily",NA,NA,NA
"2021-05-12",68.423,FALSE,NA,NA,"<= day","daily",NA,NA,NA
"2021-05-13",59.452,FALSE,NA,NA,"<= day","daily",NA,NA,NA
"2021-05-14",45.781,FALSE,NA,NA,"<= day","daily",NA,NA,NA
"2021-05-15",39.281,FALSE,NA,NA,"<= day","daily",NA,NA,NA
"2021-05-16",44.057,FALSE,NA,NA,"<= day","daily",NA,NA,NA
"2021-05-17",58.38,FALSE,NA,NA,"<= day","daily",NA,NA,NA
"2021-05-18",53.606,FALSE,NA,NA,"<= day","daily",NA,NA,NA
"2021-05-19",57.632,FALSE,NA,NA,"<= day","daily",NA,NA,NA
"2021-05-20",59.877,FALSE,NA,NA,"<= day","daily",NA,NA,NA
"2021-05-21",43.796,FALSE,NA,NA,"<= day","daily",NA,NA,NA
"2021-05-22",44.27,FALSE,NA,NA,"<= day","daily",NA,NA,NA
"2021-05-23",66.656,FALSE,NA,NA,"<= day","daily",NA,NA,NA
"2021-05-24",55.273,FALSE,NA,NA,"<= day","daily",NA,NA,NA
"2021-05-25",60.883,FALSE,NA,NA,"<= day","daily",NA,NA,NA
"2021-05-26",42.473,FALSE,NA,NA,"<= day","daily",NA,NA,NA
"2021-05-27",44.081,FALSE,NA,NA,"<= day","daily",NA,NA,NA
"2021-05-28",39.406,FALSE,NA,NA,"<= day","daily",NA,NA,NA
"2021-05-29",34.258,FALSE,NA,NA,"<= day","daily",NA,NA,NA
"2021-05-30",26.822,FALSE,NA,NA,"<= day","daily",NA,NA,NA
"2021-05-31",22.767,FALSE,NA,NA,"<= day","daily",NA,NA,NA
"2021-06-01",21.382,FALSE,NA,NA,"<= day","daily",NA,NA,NA
"2021-06-02",20.136,FALSE,NA,NA,"<= day","daily",NA,NA,NA
"2021-06-03",18.211,FALSE,NA,NA,"<= day","daily",NA,NA,NA
"2021-06-04",15.866,FALSE,NA,NA,"<= day","daily",NA,NA,NA
"2021-06-05",16.862,FALSE,NA,NA,"<= day","daily",NA,NA,NA
"2021-06-06",40.142,FALSE,NA,NA,"<= day","daily",NA,NA,NA
"2021-06-07",32.804,FALSE,NA,NA,"<= day","daily",NA,NA,NA
"2021-06-08",18.61,FALSE,NA,NA,"<= day","daily",NA,NA,NA
"2021-06-09",13.904,FALSE,NA,NA,"<= day","daily",NA,NA,NA
"2021-06-10",37.293,FALSE,NA,NA,"<= day","daily",NA,NA,NA
"2021-06-11",32.6,FALSE,NA,NA,"<= day","daily",NA,NA,NA
"2021-06-12",17.813,FALSE,NA,NA,"<= day","daily",NA,NA,NA
"2021-06-13",13.055,FALSE,NA,NA,"<= day","daily",NA,NA,NA
"2021-06-14",10.424,FALSE,NA,NA,"<= day","daily",NA,NA,NA
"2021-06-15",8.799,FALSE,NA,NA,"<= day","daily",NA,NA,NA
"2021-06-16",7.666,FALSE,NA,NA,"<= day","daily",NA,NA,NA
"2021-06-17",6.788,FALSE,NA,NA,"<= day","daily",NA,NA,NA
"2021-06-18",6.093,FALSE,NA,NA,"<= day","daily",NA,NA,NA
"2021-06-19",5.612,FALSE,NA,NA,"<= day","daily",NA,NA,NA
"2021-06-20",5.208,FALSE,NA,NA,"<= day","daily",NA,NA,NA
"2021-06-21",4.816,FALSE,NA,NA,"<= day","daily",NA,NA,NA
"2021-06-22",5.965,FALSE,NA,NA,"<= day","daily",NA,NA,NA
"2021-06-23",27.208,FALSE,NA,NA,"<= day","daily",NA,NA,NA
"2021-06-24",19.651,FALSE,NA,NA,"<= day","daily",NA,NA,NA
"2021-06-25",56.732,FALSE,NA,NA,"<= day","daily",NA,NA,NA
"2021-06-26",26.855,FALSE,NA,NA,"<= day","daily",NA,NA,NA
"2021-06-27",14.102,FALSE,NA,NA,"<= day","daily",NA,NA,NA
"2021-06-28",9.954,FALSE,NA,NA,"<= day","daily",NA,NA,NA
"2021-06-29",8.361,FALSE,NA,NA,"<= day","daily",NA,NA,NA
"2021-06-30",10.252,FALSE,NA,NA,"<= day","daily",NA,NA,NA
"2021-07-01",13.823,FALSE,NA,NA,"<= day","daily",NA,NA,NA
"2021-07-02",10.595,FALSE,NA,NA,"<= day","daily",NA,NA,NA
"2021-07-03",7.599,FALSE,NA,NA,"<= day","daily",NA,NA,NA
"2021-07-04",7.553,FALSE,NA,NA,"<= day","daily",NA,NA,NA
"2021-07-05",7.857,FALSE,NA,NA,"<= day","daily",NA,NA,NA
"2021-07-06",6.21,FALSE,NA,NA,"<= day","daily",NA,NA,NA
"2021-07-07",20.559,FALSE,NA,NA,"<= day","daily",NA,NA,NA
"2021-07-08",26.725,FALSE,NA,NA,"<= day","daily",NA,NA,NA
"2021-07-09",64.51,FALSE,NA,NA,"<= day","daily",NA,NA,NA
"2021-07-10",34.437,FALSE,NA,NA,"<= day","daily",NA,NA,NA
"2021-07-11",64.119,FALSE,NA,NA,"<= day","daily",NA,NA,NA
"2021-07-12",37.67,FALSE,NA,NA,"<= day","daily",NA,NA,NA
"2021-07-13",24.128,FALSE,NA,NA,"<= day","daily",NA,NA,NA
"2021-07-14",27.641,FALSE,NA,NA,"<= day","daily",NA,NA,NA
"2021-07-15",45.28,FALSE,NA,NA,"<= day","daily",NA,NA,NA
"2021-07-16",63.84,FALSE,NA,NA,"<= day","daily",NA,NA,NA
"2021-07-17",59.407,FALSE,NA,NA,"<= day","daily",NA,NA,NA
"2021-07-18",94.21,FALSE,NA,NA,"<= day","daily",NA,NA,NA
"2021-07-19",59.951,FALSE,NA,NA,"<= day","daily",NA,NA,NA
"2021-07-20",39.855,FALSE,NA,NA,"<= day","daily",NA,NA,NA
"2021-07-21",26.654,FALSE,NA,NA,"<= day","daily",NA,NA,NA
"2021-07-22",19.393,FALSE,NA,NA,"<= day","daily",NA,NA,NA
"2021-07-23",15.625,FALSE,NA,NA,"<= day","daily",NA,NA,NA
"2021-07-24",21.63,FALSE,NA,NA,"<= day","daily",NA,NA,NA
"2021-07-25",43.227,FALSE,NA,NA,"<= day","daily",NA,NA,NA
"2021-07-26",29.138,FALSE,NA,NA,"<= day","daily",NA,NA,NA
"2021-07-27",32.09,FALSE,NA,NA,"<= day","daily",NA,NA,NA
"2021-07-28",28.654,FALSE,NA,NA,"<= day","daily",NA,NA,NA
"2021-07-29",26.769,FALSE,NA,NA,"<= day","daily",NA,NA,NA
"2021-07-30",18.735,FALSE,NA,NA,"<= day","daily",NA,NA,NA
"2021-07-31",27.112,FALSE,NA,NA,"<= day","daily",NA,NA,NA
"2021-08-01",40.232,FALSE,NA,NA,"<= day","daily",NA,NA,NA
"2021-08-02",41.855,FALSE,NA,NA,"<= day","daily",NA,NA,NA
"2021-08-03",27.139,FALSE,NA,NA,"<= day","daily",NA,NA,NA
"2021-08-04",28.695,FALSE,NA,NA,"<= day","daily",NA,NA,NA
"2021-08-05",58.889,FALSE,NA,NA,"<= day","daily",NA,NA,NA
"2021-08-06",40.972,FALSE,NA,NA,"<= day","daily",NA,NA,NA
"2021-08-07",31.229,FALSE,NA,NA,"<= day","daily",NA,NA,NA
"2021-08-08",51.698,FALSE,NA,NA,"<= day","daily",NA,NA,NA
"2021-08-09",37.836,FALSE,NA,NA,"<= day","daily",NA,NA,NA
"2021-08-10",26.15,FALSE,NA,NA,"<= day","daily",NA,NA,NA
"2021-08-11",18.001,FALSE,NA,NA,"<= day","daily",NA,NA,NA
"2021-08-12",14.096,FALSE,NA,NA,"<= day","daily",NA,NA,NA
"2021-08-13",11.575,FALSE,NA,NA,"<= day","daily",NA,NA,NA
"2021-08-14",10.025,FALSE,NA,NA,"<= day","daily",NA,NA,NA
"2021-08-15",9.211,FALSE,NA,NA,"<= day","daily",NA,NA,NA
"2021-08-16",21.774,FALSE,NA,NA,"<= day","daily",NA,NA,NA
"2021-08-17",45.361,FALSE,NA,NA,"<= day","daily",NA,NA,NA
"2021-08-18",31.305,FALSE,NA,NA,"<= day","daily",NA,NA,NA
"2021-08-19",19.386,FALSE,NA,NA,"<= day","daily",NA,NA,NA
"2021-08-20",14.206,FALSE,NA,NA,"<= day","daily",NA,NA,NA
"2021-08-21",11.329,FALSE,NA,NA,"<= day","daily",NA,NA,NA
"2021-08-22",29.781,FALSE,NA,NA,"<= day","daily",NA,NA,NA
"2021-08-23",45.472,FALSE,NA,NA,"<= day","daily",NA,NA,NA
"2021-08-24",41.834,FALSE,NA,NA,"<= day","daily",NA,NA,NA
"2021-08-25",35.188,FALSE,NA,NA,"<= day","daily",NA,NA,NA
"2021-08-26",27.286,FALSE,NA,NA,"<= day","daily",NA,NA,NA
"2021-08-27",32.894,FALSE,NA,NA,"<= day","daily",NA,NA,NA
"2021-08-28",42.739,FALSE,NA,NA,"<= day","daily",NA,NA,NA
"2021-08-29",46.107,FALSE,NA,NA,"<= day","daily",NA,NA,NA
"2021-08-30",69.954,FALSE,NA,NA,"<= day","daily",NA,NA,NA
"2021-08-31",77.905,FALSE,NA,NA,"<= day","daily",NA,NA,NA
"2021-09-01",57.093,FALSE,NA,NA,"<= day","daily",NA,NA,NA
"2021-09-02",37.536,FALSE,NA,NA,"<= day","daily",NA,NA,NA
"2021-09-03",29.288,FALSE,NA,NA,"<= day","daily",NA,NA,NA
"2021-09-04",22.744,FALSE,NA,NA,"<= day","daily",NA,NA,NA
"2021-09-05",17.824,FALSE,NA,NA,"<= day","daily",NA,NA,NA
"2021-09-06",14.762,FALSE,NA,NA,"<= day","daily",NA,NA,NA
"2021-09-07",12.481,FALSE,NA,NA,"<= day","daily",NA,NA,NA
"2021-09-08",11.03,FALSE,NA,NA,"<= day","daily",NA,NA,NA
"2021-09-09",9.849,FALSE,NA,NA,"<= day","daily",NA,NA,NA
"2021-09-10",9.495,FALSE,NA,NA,"<= day","daily",NA,NA,NA
"2021-09-11",9.368,FALSE,NA,NA,"<= day","daily",NA,NA,NA
"2021-09-12",7.986,FALSE,NA,NA,"<= day","daily",NA,NA,NA
"2021-09-13",7.248,FALSE,NA,NA,"<= day","daily",NA,NA,NA
"2021-09-14",6.672,FALSE,NA,NA,"<= day","daily",NA,NA,NA
"2021-09-15",7.757,FALSE,NA,NA,"<= day","daily",NA,NA,NA
"2021-09-16",13.605,FALSE,NA,NA,"<= day","daily",NA,NA,NA
"2021-09-17",21.581,FALSE,NA,NA,"<= day","daily",NA,NA,NA
"2021-09-18",11.653,FALSE,NA,NA,"<= day","daily",NA,NA,NA
"2021-09-19",9.834,FALSE,NA,NA,"<= day","daily",NA,NA,NA
"2021-09-20",34.955,FALSE,NA,NA,"<= day","daily",NA,NA,NA
"2021-09-21",20.009,FALSE,NA,NA,"<= day","daily",NA,NA,NA
"2021-09-22",12.357,FALSE,NA,NA,"<= day","daily",NA,NA,NA
"2021-09-23",9.552,FALSE,NA,NA,"<= day","daily",NA,NA,NA
"2021-09-24",7.835,FALSE,NA,NA,"<= day","daily",NA,NA,NA
"2021-09-25",6.777,FALSE,NA,NA,"<= day","daily",NA,NA,NA
"2021-09-26",6.927,FALSE,NA,NA,"<= day","daily",NA,NA,NA
"2021-09-27",32.505,FALSE,NA,NA,"<= day","daily",NA,NA,NA
"2021-09-28",16.063,FALSE,NA,NA,"<= day","daily",NA,NA,NA
"2021-09-29",11.27,FALSE,NA,NA,"<= day","daily",NA,NA,NA
"2021-09-30",12.165,FALSE,NA,NA,"<= day","daily",NA,NA,NA
"2021-10-01",9.637,FALSE,NA,NA,"<= day","daily",NA,NA,NA
"2021-10-02",7.818,FALSE,NA,NA,"<= day","daily",NA,NA,NA
"2021-10-03",6.599,FALSE,NA,NA,"<= day","daily",NA,NA,NA
"2021-10-04",5.796,FALSE,NA,NA,"<= day","daily",NA,NA,NA
"2021-10-05",6.017,FALSE,NA,NA,"<= day","daily",NA,NA,NA
"2021-10-06",19.528,FALSE,NA,NA,"<= day","daily",NA,NA,NA
"2021-10-07",13.191,FALSE,NA,NA,"<= day","daily",NA,NA,NA
"2021-10-08",11.473,FALSE,NA,NA,"<= day","daily",NA,NA,NA
"2021-10-09",8.747,FALSE,NA,NA,"<= day","daily",NA,NA,NA
"2021-10-10",7.034,FALSE,NA,NA,"<= day","daily",NA,NA,NA
"2021-10-11",5.985,FALSE,NA,NA,"<= day","daily",NA,NA,NA
"2021-10-12",5.607,FALSE,NA,NA,"<= day","daily",NA,NA,NA
"2021-10-13",25.541,FALSE,NA,NA,"<= day","daily",NA,NA,NA
"2021-10-14",17.92,FALSE,NA,NA,"<= day","daily",NA,NA,NA
"2021-10-15",16.093,FALSE,NA,NA,"<= day","daily",NA,NA,NA
"2021-10-16",14.128,FALSE,NA,NA,"<= day","daily",NA,NA,NA
"2021-10-17",11.495,FALSE,NA,NA,"<= day","daily",NA,NA,NA
"2021-10-18",8.376,FALSE,NA,NA,"<= day","daily",NA,NA,NA
"2021-10-19",6.786,FALSE,NA,NA,"<= day","daily",NA,NA,NA
"2021-10-20",7.149,FALSE,NA,NA,"<= day","daily",NA,NA,NA
"2021-10-21",5.914,FALSE,NA,NA,"<= day","daily",NA,NA,NA
"2021-10-22",4.967,FALSE,NA,NA,"<= day","daily",NA,NA,NA
"2021-10-23",4.323,FALSE,NA,NA,"<= day","daily",NA,NA,NA
"2021-10-24",3.92,FALSE,NA,NA,"<= day","daily",NA,NA,NA
"2021-10-25",3.639,FALSE,NA,NA,"<= day","daily",NA,NA,NA
"2021-10-26",3.373,FALSE,NA,NA,"<= day","daily",NA,NA,NA
"2021-10-27",3.122,FALSE,NA,NA,"<= day","daily",NA,NA,NA
"2021-10-28",2.925,FALSE,NA,NA,"<= day","daily",NA,NA,NA
"2021-10-29",2.753,FALSE,NA,NA,"<= day","daily",NA,NA,NA
"2021-10-30",2.546,FALSE,NA,NA,"<= day","daily",NA,NA,NA
"2021-10-31",2.37,FALSE,NA,NA,"<= day","daily",NA,NA,NA
"2021-11-01",9.795,FALSE,NA,NA,"<= day","daily",NA,NA,NA
"2021-11-02",22.331,FALSE,NA,NA,"<= day","daily",NA,NA,NA
"2021-11-03",11.788,FALSE,NA,NA,"<= day","daily",NA,NA,NA
"2021-11-04",9.978,FALSE,NA,NA,"<= day","daily",NA,NA,NA
"2021-11-05",8.448,FALSE,NA,NA,"<= day","daily",NA,NA,NA
"2021-11-06",6.73,FALSE,NA,NA,"<= day","daily",NA,NA,NA
"2021-11-07",5.835,FALSE,NA,NA,"<= day","daily",NA,NA,NA
"2021-11-08",7.674,FALSE,NA,NA,"<= day","daily",NA,NA,NA
"2021-11-09",8.258,FALSE,NA,NA,"<= day","daily",NA,NA,NA
"2021-11-10",10.279,FALSE,NA,NA,"<= day","daily",NA,NA,NA
"2021-11-11",13.382,FALSE,NA,NA,"<= day","daily",NA,NA,NA
"2021-11-12",9.708,FALSE,NA,NA,"<= day","daily",NA,NA,NA
"2021-11-13",10.929,FALSE,NA,NA,"<= day","daily",NA,NA,NA
"2021-11-14",25.479,FALSE,NA,NA,"<= day","daily",NA,NA,NA
"2021-11-15",15.418,FALSE,NA,NA,"<= day","daily",NA,NA,NA
"2021-11-16",9.518,FALSE,NA,NA,"<= day","daily",NA,NA,NA
"2021-11-17",7.16,FALSE,NA,NA,"<= day","daily",NA,NA,NA
"2021-11-18",5.783,FALSE,NA,NA,"<= day","daily",NA,NA,NA
"2021-11-19",4.968,FALSE,NA,NA,"<= day","daily",NA,NA,NA
"2021-11-20",4.477,FALSE,NA,NA,"<= day","daily",NA,NA,NA
"2021-11-21",4.122,FALSE,NA,NA,"<= day","daily",NA,NA,NA
"2021-11-22",3.695,FALSE,NA,NA,"<= day","daily",NA,NA,NA
"2021-11-23",3.346,FALSE,NA,NA,"<= day","daily",NA,NA,NA
"2021-11-24",3.139,FALSE,NA,NA,"<= day","daily",NA,NA,NA
"2021-11-25",3.111,FALSE,NA,NA,"<= day","daily",NA,NA,NA
"2021-11-26",2.98,FALSE,NA,NA,"<= day","daily",NA,NA,NA
"2021-11-27",2.796,FALSE,NA,NA,"<= day","daily",NA,NA,NA
"2021-11-28",2.595,FALSE,NA,NA,"<= day","daily",NA,NA,NA
"2021-11-29",2.314,FALSE,NA,NA,"<= day","daily",NA,NA,NA
"2021-11-30",2.371,FALSE,NA,NA,"<= day","daily",NA,NA,NA
"2021-12-01",9.885,FALSE,NA,NA,"<= day","daily",NA,NA,NA
"2021-12-02",7.258,FALSE,NA,NA,"<= day","daily",NA,NA,NA
"2021-12-03",5.056,FALSE,NA,NA,"<= day","daily",NA,NA,NA
"2021-12-04",28.661,FALSE,NA,NA,"<= day","daily",NA,NA,NA
"2021-12-05",37.257,FALSE,NA,NA,"<= day","daily",NA,NA,NA
"2021-12-06",13.607,FALSE,NA,NA,"<= day","daily",NA,NA,NA
"2021-12-07",9.159,FALSE,NA,NA,"<= day","daily",NA,NA,NA
"2021-12-08",7.781,FALSE,NA,NA,"<= day","daily",NA,NA,NA
"2021-12-09",6.599,FALSE,NA,NA,"<= day","daily",NA,NA,NA
"2021-12-10",6.051,FALSE,NA,NA,"<= day","daily",NA,NA,NA
"2021-12-11",5.502,FALSE,NA,NA,"<= day","daily",NA,NA,NA
"2021-12-12",4.997,FALSE,NA,NA,"<= day","daily",NA,NA,NA
"2021-12-13",19.153,FALSE,NA,NA,"<= day","daily",NA,NA,NA
"2021-12-14",26.764,FALSE,NA,NA,"<= day","daily",NA,NA,NA
"2021-12-15",23.297,FALSE,NA,NA,"<= day","daily",NA,NA,NA
"2021-12-16",18.691,FALSE,NA,NA,"<= day","daily",NA,NA,NA
"2021-12-17",13.966,FALSE,NA,NA,"<= day","daily",NA,NA,NA
"2021-12-18",11.324,FALSE,NA,NA,"<= day","daily",NA,NA,NA
"2021-12-19",9.861,FALSE,NA,NA,"<= day","daily",NA,NA,NA
"2021-12-20",8.884,FALSE,NA,NA,"<= day","daily",NA,NA,NA
"2021-12-21",7.426,FALSE,NA,NA,"<= day","daily",NA,NA,NA
"2021-12-22",6.716,FALSE,NA,NA,"<= day","daily",NA,NA,NA
"2021-12-23",6.22,FALSE,NA,NA,"<= day","daily",NA,NA,NA
"2021-12-24",10.638,FALSE,NA,NA,"<= day","daily",NA,NA,NA
"2021-12-25",31.816,FALSE,NA,NA,"<= day","daily",NA,NA,NA
"2021-12-26",40.941,FALSE,NA,NA,"<= day","daily",NA,NA,NA
"2021-12-27",31.795,FALSE,NA,NA,"<= day","daily",NA,NA,NA
"2021-12-28",25.435,FALSE,NA,NA,"<= day","daily",NA,NA,NA
"2021-12-29",50.817,FALSE,NA,NA,"<= day","daily",NA,NA,NA
"2021-12-30",86.456,FALSE,NA,NA,"<= day","daily",NA,NA,NA
"2021-12-31",63.39,FALSE,NA,NA,"<= day","daily",NA,NA,NA
"2022-01-01",47.318,FALSE,NA,NA,"<= day","daily",NA,NA,NA
"2022-01-02",37.463,FALSE,NA,NA,"<= day","daily",NA,NA,NA
"2022-01-03",37.832,FALSE,NA,NA,"<= day","daily",NA,NA,NA
"2022-01-04",37.268,FALSE,NA,NA,"<= day","daily",NA,NA,NA
"2022-01-05",38.682,FALSE,NA,NA,"<= day","daily",NA,NA,NA
"2022-01-06",22.283,FALSE,NA,NA,"<= day","daily",NA,NA,NA
"2022-01-07",15.315,FALSE,NA,NA,"<= day","daily",NA,NA,NA
"2022-01-08",12.645,FALSE,NA,NA,"<= day","daily",NA,NA,NA
"2022-01-09",11.133,FALSE,NA,NA,"<= day","daily",NA,NA,NA
"2022-01-10",9.122,FALSE,NA,NA,"<= day","daily",NA,NA,NA
"2022-01-11",7.865,FALSE,NA,NA,"<= day","daily",NA,NA,NA
"2022-01-12",6.906,FALSE,NA,NA,"<= day","daily",NA,NA,NA
"2022-01-13",6.576,FALSE,NA,NA,"<= day","daily",NA,NA,NA
"2022-01-14",6.684,FALSE,NA,NA,"<= day","daily",NA,NA,NA
"2022-01-15",8.03,FALSE,NA,NA,"<= day","daily",NA,NA,NA
"2022-01-16",9.257,FALSE,NA,NA,"<= day","daily",NA,NA,NA
"2022-01-17",7.573,FALSE,NA,NA,"<= day","daily",NA,NA,NA
"2022-01-18",6.471,FALSE,NA,NA,"<= day","daily",NA,NA,NA
"2022-01-19",5.975,FALSE,NA,NA,"<= day","daily",NA,NA,NA
"2022-01-20",5.649,FALSE,NA,NA,"<= day","daily",NA,NA,NA
"2022-01-21",5.184,FALSE,NA,NA,"<= day","daily",NA,NA,NA
"2022-01-22",4.877,FALSE,NA,NA,"<= day","daily",NA,NA,NA
"2022-01-23",4.646,FALSE,NA,NA,"<= day","daily",NA,NA,NA
"2022-01-24",4.405,FALSE,NA,NA,"<= day","daily",NA,NA,NA
"2022-01-25",4.435,FALSE,NA,NA,"<= day","daily",NA,NA,NA
"2022-01-26",4.598,FALSE,NA,NA,"<= day","daily",NA,NA,NA
"2022-01-27",4.428,FALSE,NA,NA,"<= day","daily",NA,NA,NA
"2022-01-28",4.234,FALSE,NA,NA,"<= day","daily",NA,NA,NA
"2022-01-29",3.942,FALSE,NA,NA,"<= day","daily",NA,NA,NA
"2022-01-30",4.457,FALSE,NA,NA,"<= day","daily",NA,NA,NA
"2022-01-31",4.215,FALSE,NA,NA,"<= day","daily",NA,NA,NA
"2022-02-01",4.148,FALSE,NA,NA,"<= day","daily",NA,NA,NA
"2022-02-02",3.911,FALSE,NA,NA,"<= day","daily",NA,NA,NA
"2022-02-03",4.46,FALSE,NA,NA,"<= day","daily",NA,NA,NA
"2022-02-04",7.778,FALSE,NA,NA,"<= day","daily",NA,NA,NA
"2022-02-05",5.773,FALSE,NA,NA,"<= day","daily",NA,NA,NA
"2022-02-06",5.328,FALSE,NA,NA,"<= day","daily",NA,NA,NA
"2022-02-07",9.155,FALSE,NA,NA,"<= day","daily",NA,NA,NA
"2022-02-08",6.845,FALSE,NA,NA,"<= day","daily",NA,NA,NA
"2022-02-09",6.163,FALSE,NA,NA,"<= day","daily",NA,NA,NA
"2022-02-10",6.983,FALSE,NA,NA,"<= day","daily",NA,NA,NA
"2022-02-11",7.278,FALSE,NA,NA,"<= day","daily",NA,NA,NA
"2022-02-12",6.293,FALSE,NA,NA,"<= day","daily",NA,NA,NA
"2022-02-13",6.164,FALSE,NA,NA,"<= day","daily",NA,NA,NA
"2022-02-14",6.448,FALSE,NA,NA,"<= day","daily",NA,NA,NA
"2022-02-15",6.212,FALSE,NA,NA,"<= day","daily",NA,NA,NA
"2022-02-16",6.358,FALSE,NA,NA,"<= day","daily",NA,NA,NA
"2022-02-17",49.899,FALSE,NA,NA,"<= day","daily",NA,NA,NA
"2022-02-18",63.982,FALSE,NA,NA,"<= day","daily",NA,NA,NA
"2022-02-19",51.267,FALSE,NA,NA,"<= day","daily",NA,NA,NA
"2022-02-20",29.899,FALSE,NA,NA,"<= day","daily",NA,NA,NA
"2022-02-21",20.045,FALSE,NA,NA,"<= day","daily",NA,NA,NA
"2022-02-22",14.956,FALSE,NA,NA,"<= day","daily",NA,NA,NA
"2022-02-23",13.591,FALSE,NA,NA,"<= day","daily",NA,NA,NA
"2022-02-24",13.738,FALSE,NA,NA,"<= day","daily",NA,NA,NA
"2022-02-25",12.78,FALSE,NA,NA,"<= day","daily",NA,NA,NA
"2022-02-26",11.19,FALSE,NA,NA,"<= day","daily",NA,NA,NA
"2022-02-27",9.975,FALSE,NA,NA,"<= day","daily",NA,NA,NA
"2022-02-28",9.234,FALSE,NA,NA,"<= day","daily",NA,NA,NA
"2022-03-01",8.838,FALSE,NA,NA,"<= day","daily",NA,NA,NA
"2022-03-02",8.682,FALSE,NA,NA,"<= day","daily",NA,NA,NA
"2022-03-03",8.703,FALSE,NA,NA,"<= day","daily",NA,NA,NA
"2022-03-04",8.729,FALSE,NA,NA,"<= day","daily",NA,NA,NA
"2022-03-05",7.975,FALSE,NA,NA,"<= day","daily",NA,NA,NA
"2022-03-06",7.401,FALSE,NA,NA,"<= day","daily",NA,NA,NA
"2022-03-07",6.689,FALSE,NA,NA,"<= day","daily",NA,NA,NA
"2022-03-08",6.069,FALSE,NA,NA,"<= day","daily",NA,NA,NA
"2022-03-09",6.01,FALSE,NA,NA,"<= day","daily",NA,NA,NA
"2022-03-10",6.632,FALSE,NA,NA,"<= day","daily",NA,NA,NA
"2022-03-11",7.844,FALSE,NA,NA,"<= day","daily",NA,NA,NA
"2022-03-12",8.824,FALSE,NA,NA,"<= day","daily",NA,NA,NA
"2022-03-13",10.231,FALSE,NA,NA,"<= day","daily",NA,NA,NA
"2022-03-14",14.133,FALSE,NA,NA,"<= day","daily",NA,NA,NA
"2022-03-15",19.462,FALSE,NA,NA,"<= day","daily",NA,NA,NA
"2022-03-16",51.834,FALSE,NA,NA,"<= day","daily",NA,NA,NA
"2022-03-17",61.474,FALSE,NA,NA,"<= day","daily",NA,NA,NA
"2022-03-18",56.666,FALSE,NA,NA,"<= day","daily",NA,NA,NA
"2022-03-19",43.184,FALSE,NA,NA,"<= day","daily",NA,NA,NA
"2022-03-20",36.567,FALSE,NA,NA,"<= day","daily",NA,NA,NA
"2022-03-21",34.185,FALSE,NA,NA,"<= day","daily",NA,NA,NA
"2022-03-22",33.872,FALSE,NA,NA,"<= day","daily",NA,NA,NA
"2022-03-23",35.904,FALSE,NA,NA,"<= day","daily",NA,NA,NA
"2022-03-24",40.96,FALSE,NA,NA,"<= day","daily",NA,NA,NA
"2022-03-25",44.912,FALSE,NA,NA,"<= day","daily",NA,NA,NA
"2022-03-26",46.024,FALSE,NA,NA,"<= day","daily",NA,NA,NA
"2022-03-27",48.987,FALSE,NA,NA,"<= day","daily",NA,NA,NA
"2022-03-28",52.491,FALSE,NA,NA,"<= day","daily",NA,NA,NA
"2022-03-29",52.242,FALSE,NA,NA,"<= day","daily",NA,NA,NA
"2022-03-30",50.872,FALSE,NA,NA,"<= day","daily",NA,NA,NA
"2022-03-31",50.586,FALSE,NA,NA,"<= day","daily",NA,NA,NA
"2022-04-01",43.004,FALSE,NA,NA,"<= day","daily",NA,NA,NA
"2022-04-02",25.838,FALSE,NA,NA,"<= day","daily",NA,NA,NA
"2022-04-03",17.303,FALSE,NA,NA,"<= day","daily",NA,NA,NA
"2022-04-04",13.857,FALSE,NA,NA,"<= day","daily",NA,NA,NA
"2022-04-05",17.434,FALSE,NA,NA,"<= day","daily",NA,NA,NA
"2022-04-06",46.426,FALSE,NA,NA,"<= day","daily",NA,NA,NA
"2022-04-07",57.599,FALSE,NA,NA,"<= day","daily",NA,NA,NA
"2022-04-08",76.895,FALSE,NA,NA,"<= day","daily",NA,NA,NA
"2022-04-09",61.148,FALSE,NA,NA,"<= day","daily",NA,NA,NA
"2022-04-10",41.604,FALSE,NA,NA,"<= day","daily",NA,NA,NA
"2022-04-11",32.645,FALSE,NA,NA,"<= day","daily",NA,NA,NA
"2022-04-12",38.815,FALSE,NA,NA,"<= day","daily",NA,NA,NA
"2022-04-13",50.724,FALSE,NA,NA,"<= day","daily",NA,NA,NA
"2022-04-14",53.418,FALSE,NA,NA,"<= day","daily",NA,NA,NA
"2022-04-15",53.263,FALSE,NA,NA,"<= day","daily",NA,NA,NA
"2022-04-16",45.461,FALSE,NA,NA,"<= day","daily",NA,NA,NA
"2022-04-17",31.829,FALSE,NA,NA,"<= day","daily",NA,NA,NA
"2022-04-18",26.726,FALSE,NA,NA,"<= day","daily",NA,NA,NA
"2022-04-19",25.57,FALSE,NA,NA,"<= day","daily",NA,NA,NA
"2022-04-20",26.956,FALSE,NA,NA,"<= day","daily",NA,NA,NA
"2022-04-21",24.708,FALSE,NA,NA,"<= day","daily",NA,NA,NA
"2022-04-22",23.011,FALSE,NA,NA,"<= day","daily",NA,NA,NA
"2022-04-23",24.294,FALSE,NA,NA,"<= day","daily",NA,NA,NA
"2022-04-24",30.597,FALSE,NA,NA,"<= day","daily",NA,NA,NA
"2022-04-25",35.729,FALSE,NA,NA,"<= day","daily",NA,NA,NA
"2022-04-26",33.192,FALSE,NA,NA,"<= day","daily",NA,NA,NA
"2022-04-27",30.359,FALSE,NA,NA,"<= day","daily",NA,NA,NA
"2022-04-28",23.632,FALSE,NA,NA,"<= day","daily",NA,NA,NA
"2022-04-29",23.443,FALSE,NA,NA,"<= day","daily",NA,NA,NA
"2022-04-30",25.354,FALSE,NA,NA,"<= day","daily",NA,NA,NA
"2022-05-01",31.278,FALSE,NA,NA,"<= day","daily",NA,NA,NA
"2022-05-02",26.05,FALSE,NA,NA,"<= day","daily",NA,NA,NA
"2022-05-03",32.308,FALSE,NA,NA,"<= day","daily",NA,NA,NA
"2022-05-04",39.206,FALSE,NA,NA,"<= day","daily",NA,NA,NA
"2022-05-05",33.64,FALSE,NA,NA,"<= day","daily",NA,NA,NA
"2022-05-06",46.952,FALSE,NA,NA,"<= day","daily",NA,NA,NA
"2022-05-07",69.06,FALSE,NA,NA,"<= day","daily",NA,NA,NA
"2022-05-08",52.077,FALSE,NA,NA,"<= day","daily",NA,NA,NA
"2022-05-09",39.293,FALSE,NA,NA,"<= day","daily",NA,NA,NA
"2022-05-10",31.561,FALSE,NA,NA,"<= day","daily",NA,NA,NA
"2022-05-11",23.349,FALSE,NA,NA,"<= day","daily",NA,NA,NA
"2022-05-12",17.574,FALSE,NA,NA,"<= day","daily",NA,NA,NA
"2022-05-13",17.002,FALSE,NA,NA,"<= day","daily",NA,NA,NA
"2022-05-14",14.138,FALSE,NA,NA,"<= day","daily",NA,NA,NA
"2022-05-15",11.349,FALSE,NA,NA,"<= day","daily",NA,NA,NA
"2022-05-16",14.193,FALSE,NA,NA,"<= day","daily",NA,NA,NA
"2022-05-17",28.323,FALSE,NA,NA,"<= day","daily",NA,NA,NA
"2022-05-18",15.393,FALSE,NA,NA,"<= day","daily",NA,NA,NA
"2022-05-19",12.672,FALSE,NA,NA,"<= day","daily",NA,NA,NA
"2022-05-20",13.471,FALSE,NA,NA,"<= day","daily",NA,NA,NA
"2022-05-21",35.612,FALSE,NA,NA,"<= day","daily",NA,NA,NA
"2022-05-22",26.446,FALSE,NA,NA,"<= day","daily",NA,NA,NA
"2022-05-23",22.33,FALSE,NA,NA,"<= day","daily",NA,NA,NA
"2022-05-24",39.554,FALSE,NA,NA,"<= day","daily",NA,NA,NA
"2022-05-25",40.298,FALSE,NA,NA,"<= day","daily",NA,NA,NA
"2022-05-26",34.341,FALSE,NA,NA,"<= day","daily",NA,NA,NA
"2022-05-27",22.536,FALSE,NA,NA,"<= day","daily",NA,NA,NA
"2022-05-28",25.02,FALSE,NA,NA,"<= day","daily",NA,NA,NA
"2022-05-29",22.972,FALSE,NA,NA,"<= day","daily",NA,NA,NA
"2022-05-30",17.994,FALSE,NA,NA,"<= day","daily",NA,NA,NA
"2022-05-31",14.052,FALSE,NA,NA,"<= day","daily",NA,NA,NA
"2022-06-01",13.455,FALSE,NA,NA,"<= day","daily",NA,NA,NA
"2022-06-02",16.494,FALSE,NA,NA,"<= day","daily",NA,NA,NA
"2022-06-03",13.019,FALSE,NA,NA,"<= day","daily",NA,NA,NA
"2022-06-04",10.267,FALSE,NA,NA,"<= day","daily",NA,NA,NA
"2022-06-05",12.314,FALSE,NA,NA,"<= day","daily",NA,NA,NA
"2022-06-06",14.164,FALSE,NA,NA,"<= day","daily",NA,NA,NA
"2022-06-07",15.494,FALSE,NA,NA,"<= day","daily",NA,NA,NA
"2022-06-08",20.48,FALSE,NA,NA,"<= day","daily",NA,NA,NA
"2022-06-09",36.418,FALSE,NA,NA,"<= day","daily",NA,NA,NA
"2022-06-10",27.416,FALSE,NA,NA,"<= day","daily",NA,NA,NA
"2022-06-11",16.369,FALSE,NA,NA,"<= day","daily",NA,NA,NA
"2022-06-12",11.576,FALSE,NA,NA,"<= day","daily",NA,NA,NA
"2022-06-13",11.603,FALSE,NA,NA,"<= day","daily",NA,NA,NA
"2022-06-14",8.933,FALSE,NA,NA,"<= day","daily",NA,NA,NA
"2022-06-15",7.355,FALSE,NA,NA,"<= day","daily",NA,NA,NA
"2022-06-16",16.808,FALSE,NA,NA,"<= day","daily",NA,NA,NA
"2022-06-17",22.275,FALSE,NA,NA,"<= day","daily",NA,NA,NA
"2022-06-18",11.056,FALSE,NA,NA,"<= day","daily",NA,NA,NA
"2022-06-19",8.418,FALSE,NA,NA,"<= day","daily",NA,NA,NA
"2022-06-20",6.862,FALSE,NA,NA,"<= day","daily",NA,NA,NA
"2022-06-21",5.887,FALSE,NA,NA,"<= day","daily",NA,NA,NA
"2022-06-22",5.497,FALSE,NA,NA,"<= day","daily",NA,NA,NA
"2022-06-23",6.331,FALSE,NA,NA,"<= day","daily",NA,NA,NA
"2022-06-24",22.866,FALSE,NA,NA,"<= day","daily",NA,NA,NA
"2022-06-25",30.323,FALSE,NA,NA,"<= day","daily",NA,NA,NA
"2022-06-26",14.179,FALSE,NA,NA,"<= day","daily",NA,NA,NA
"2022-06-27",14.228,FALSE,NA,NA,"<= day","daily",NA,NA,NA
"2022-06-28",39.762,FALSE,NA,NA,"<= day","daily",NA,NA,NA
"2022-06-29",29.637,FALSE,NA,NA,"<= day","daily",NA,NA,NA
"2022-06-30",20.508,FALSE,NA,NA,"<= day","daily",NA,NA,NA
"2022-07-01",20.305,FALSE,NA,NA,"<= day","daily",NA,NA,NA
"2022-07-02",21.459,FALSE,NA,NA,"<= day","daily",NA,NA,NA
"2022-07-03",13.047,FALSE,NA,NA,"<= day","daily",NA,NA,NA
"2022-07-04",13.256,FALSE,NA,NA,"<= day","daily",NA,NA,NA
"2022-07-05",23.657,FALSE,NA,NA,"<= day","daily",NA,NA,NA
"2022-07-06",13.917,FALSE,NA,NA,"<= day","daily",NA,NA,NA
"2022-07-07",11.376,FALSE,NA,NA,"<= day","daily",NA,NA,NA
"2022-07-08",17.542,FALSE,NA,NA,"<= day","daily",NA,NA,NA
"2022-07-09",11.541,FALSE,NA,NA,"<= day","daily",NA,NA,NA
"2022-07-10",9.325,FALSE,NA,NA,"<= day","daily",NA,NA,NA
"2022-07-11",7.528,FALSE,NA,NA,"<= day","daily",NA,NA,NA
"2022-07-12",6.337,FALSE,NA,NA,"<= day","daily",NA,NA,NA
"2022-07-13",5.471,FALSE,NA,NA,"<= day","daily",NA,NA,NA
"2022-07-14",4.863,FALSE,NA,NA,"<= day","daily",NA,NA,NA
"2022-07-15",4.46,FALSE,NA,NA,"<= day","daily",NA,NA,NA
"2022-07-16",4.009,FALSE,NA,NA,"<= day","daily",NA,NA,NA
"2022-07-17",3.621,FALSE,NA,NA,"<= day","daily",NA,NA,NA
"2022-07-18",3.341,FALSE,NA,NA,"<= day","daily",NA,NA,NA
"2022-07-19",3.122,FALSE,NA,NA,"<= day","daily",NA,NA,NA
"2022-07-20",2.924,FALSE,NA,NA,"<= day","daily",NA,NA,NA
"2022-07-21",2.856,FALSE,NA,NA,"<= day","daily",NA,NA,NA
"2022-07-22",2.646,FALSE,NA,NA,"<= day","daily",NA,NA,NA
"2022-07-23",2.781,FALSE,NA,NA,"<= day","daily",NA,NA,NA
"2022-07-24",2.365,FALSE,NA,NA,"<= day","daily",NA,NA,NA
"2022-07-25",2.164,FALSE,NA,NA,"<= day","daily",NA,NA,NA
"2022-07-26",57.973,FALSE,NA,NA,"<= day","daily",NA,NA,NA
"2022-07-27",29.148,FALSE,NA,NA,"<= day","daily",NA,NA,NA
"2022-07-28",14.248,FALSE,NA,NA,"<= day","daily",NA,NA,NA
"2022-07-29",11.043,FALSE,NA,NA,"<= day","daily",NA,NA,NA
"2022-07-30",25.143,FALSE,NA,NA,"<= day","daily",NA,NA,NA
"2022-07-31",14.428,FALSE,NA,NA,"<= day","daily",NA,NA,NA
"2022-08-01",9.263,FALSE,NA,NA,"<= day","daily",NA,NA,NA
"2022-08-02",8.263,FALSE,NA,NA,"<= day","daily",NA,NA,NA
"2022-08-03",6.345,FALSE,NA,NA,"<= day","daily",NA,NA,NA
"2022-08-04",5.351,FALSE,NA,NA,"<= day","daily",NA,NA,NA
"2022-08-05",4.738,FALSE,NA,NA,"<= day","daily",NA,NA,NA
"2022-08-06",4.769,FALSE,NA,NA,"<= day","daily",NA,NA,NA
"2022-08-07",4.117,FALSE,NA,NA,"<= day","daily",NA,NA,NA
"2022-08-08",3.752,FALSE,NA,NA,"<= day","daily",NA,NA,NA
"2022-08-09",3.355,FALSE,NA,NA,"<= day","daily",NA,NA,NA
"2022-08-10",3.069,FALSE,NA,NA,"<= day","daily",NA,NA,NA
"2022-08-11",2.869,FALSE,NA,NA,"<= day","daily",NA,NA,NA
"2022-08-12",2.635,FALSE,NA,NA,"<= day","daily",NA,NA,NA
"2022-08-13",2.45,FALSE,NA,NA,"<= day","daily",NA,NA,NA
"2022-08-14",2.304,FALSE,NA,NA,"<= day","daily",NA,NA,NA
"2022-08-15",2.245,FALSE,NA,NA,"<= day","daily",NA,NA,NA
"2022-08-16",2.13,FALSE,NA,NA,"<= day","daily",NA,NA,NA
"2022-08-17",1.928,FALSE,NA,NA,"<= day","daily",NA,NA,NA
"2022-08-18",2.164,FALSE,NA,NA,"<= day","daily",NA,NA,NA
"2022-08-19",6.368,FALSE,NA,NA,"<= day","daily",NA,NA,NA
"2022-08-20",47.471,FALSE,NA,NA,"<= day","daily",NA,NA,NA
"2022-08-21",29.517,FALSE,NA,NA,"<= day","daily",NA,NA,NA
"2022-08-22",11.683,FALSE,NA,NA,"<= day","daily",NA,NA,NA
"2022-08-23",6.994,FALSE,NA,NA,"<= day","daily",NA,NA,NA
"2022-08-24",5.344,FALSE,NA,NA,"<= day","daily",NA,NA,NA
"2022-08-25",4.54,FALSE,NA,NA,"<= day","daily",NA,NA,NA
"2022-08-26",3.959,FALSE,NA,NA,"<= day","daily",NA,NA,NA
"2022-08-27",30.625,FALSE,NA,NA,"<= day","daily",NA,NA,NA
"2022-08-28",37.998,FALSE,NA,NA,"<= day","daily",NA,NA,NA
"2022-08-29",26.164,FALSE,NA,NA,"<= day","daily",NA,NA,NA
"2022-08-30",13.455,FALSE,NA,NA,"<= day","daily",NA,NA,NA
"2022-08-31",36.734,FALSE,NA,NA,"<= day","daily",NA,NA,NA
"2022-09-01",39.814,FALSE,NA,NA,"<= day","daily",NA,NA,NA
"2022-09-02",23.12,FALSE,NA,NA,"<= day","daily",NA,NA,NA
"2022-09-03",16.054,FALSE,NA,NA,"<= day","daily",NA,NA,NA
"2022-09-04",14.794,FALSE,NA,NA,"<= day","daily",NA,NA,NA
"2022-09-05",10.194,FALSE,NA,NA,"<= day","daily",NA,NA,NA
"2022-09-06",8.136,FALSE,NA,NA,"<= day","daily",NA,NA,NA
"2022-09-07",6.796,FALSE,NA,NA,"<= day","daily",NA,NA,NA
"2022-09-08",6.821,FALSE,NA,NA,"<= day","daily",NA,NA,NA
"2022-09-09",5.994,FALSE,NA,NA,"<= day","daily",NA,NA,NA
"2022-09-10",14.568,FALSE,NA,NA,"<= day","daily",NA,NA,NA
"2022-09-11",19.619,FALSE,NA,NA,"<= day","daily",NA,NA,NA
"2022-09-12",14.499,FALSE,NA,NA,"<= day","daily",NA,NA,NA
"2022-09-13",8.885,FALSE,NA,NA,"<= day","daily",NA,NA,NA
"2022-09-14",7.441,FALSE,NA,NA,"<= day","daily",NA,NA,NA
"2022-09-15",14.068,FALSE,NA,NA,"<= day","daily",NA,NA,NA
"2022-09-16",30.209,FALSE,NA,NA,"<= day","daily",NA,NA,NA
"2022-09-17",44.717,FALSE,NA,NA,"<= day","daily",NA,NA,NA
"2022-09-18",57.494,FALSE,NA,NA,"<= day","daily",NA,NA,NA
"2022-09-19",54.601,FALSE,NA,NA,"<= day","daily",NA,NA,NA
"2022-09-20",35.937,FALSE,NA,NA,"<= day","daily",NA,NA,NA
"2022-09-21",24.336,FALSE,NA,NA,"<= day","daily",NA,NA,NA
"2022-09-22",16.7,FALSE,NA,NA,"<= day","daily",NA,NA,NA
"2022-09-23",12.142,FALSE,NA,NA,"<= day","daily",NA,NA,NA
"2022-09-24",9.941,FALSE,NA,NA,"<= day","daily",NA,NA,NA
"2022-09-25",9.047,FALSE,NA,NA,"<= day","daily",NA,NA,NA
"2022-09-26",9.917,FALSE,NA,NA,"<= day","daily",NA,NA,NA
"2022-09-27",12.272,FALSE,NA,NA,"<= day","daily",NA,NA,NA
"2022-09-28",32.672,FALSE,NA,NA,"<= day","daily",NA,NA,NA
"2022-09-29",39.25,FALSE,NA,NA,"<= day","daily",NA,NA,NA
"2022-09-30",34.847,FALSE,NA,NA,"<= day","daily",NA,NA,NA
"2022-10-01",28.343,FALSE,NA,NA,"<= day","daily",NA,NA,NA
"2022-10-02",51.993,FALSE,NA,NA,"<= day","daily",NA,NA,NA
"2022-10-03",70.273,FALSE,NA,NA,"<= day","daily",NA,NA,NA
"2022-10-04",36.296,FALSE,NA,NA,"<= day","daily",NA,NA,NA
"2022-10-05",26.771,FALSE,NA,NA,"<= day","daily",NA,NA,NA
"2022-10-06",19.896,FALSE,NA,NA,"<= day","daily",NA,NA,NA
"2022-10-07",15.624,FALSE,NA,NA,"<= day","daily",NA,NA,NA
"2022-10-08",12.977,FALSE,NA,NA,"<= day","daily",NA,NA,NA
"2022-10-09",11.507,FALSE,NA,NA,"<= day","daily",NA,NA,NA
"2022-10-10",9.778,FALSE,NA,NA,"<= day","daily",NA,NA,NA
"2022-10-11",8.521,FALSE,NA,NA,"<= day","daily",NA,NA,NA
"2022-10-12",7.672,FALSE,NA,NA,"<= day","daily",NA,NA,NA
"2022-10-13",6.971,FALSE,NA,NA,"<= day","daily",NA,NA,NA
"2022-10-14",7.132,FALSE,NA,NA,"<= day","daily",NA,NA,NA
"2022-10-15",27.353,FALSE,NA,NA,"<= day","daily",NA,NA,NA
"2022-10-16",17.408,FALSE,NA,NA,"<= day","daily",NA,NA,NA
"2022-10-17",10.99,FALSE,NA,NA,"<= day","daily",NA,NA,NA
"2022-10-18",8.75,FALSE,NA,NA,"<= day","daily",NA,NA,NA
"2022-10-19",7.597,FALSE,NA,NA,"<= day","daily",NA,NA,NA
"2022-10-20",6.709,FALSE,NA,NA,"<= day","daily",NA,NA,NA
"2022-10-21",5.989,FALSE,NA,NA,"<= day","daily",NA,NA,NA
"2022-10-22",8.747,FALSE,NA,NA,"<= day","daily",NA,NA,NA
"2022-10-23",7.038,FALSE,NA,NA,"<= day","daily",NA,NA,NA
"2022-10-24",26.665,FALSE,NA,NA,"<= day","daily",NA,NA,NA
"2022-10-25",32.293,FALSE,NA,NA,"<= day","daily",NA,NA,NA
"2022-10-26",18.334,FALSE,NA,NA,"<= day","daily",NA,NA,NA
"2022-10-27",12.109,FALSE,NA,NA,"<= day","daily",NA,NA,NA
"2022-10-28",9.405,FALSE,NA,NA,"<= day","daily",NA,NA,NA
"2022-10-29",7.844,FALSE,NA,NA,"<= day","daily",NA,NA,NA
"2022-10-30",6.742,FALSE,NA,NA,"<= day","daily",NA,NA,NA
"2022-10-31",5.907,FALSE,NA,NA,"<= day","daily",NA,NA,NA
"2022-11-01",5.264,FALSE,NA,NA,"<= day","daily",NA,NA,NA
"2022-11-02",4.719,FALSE,NA,NA,"<= day","daily",NA,NA,NA
"2022-11-03",4.402,FALSE,NA,NA,"<= day","daily",NA,NA,NA
"2022-11-04",5.057,FALSE,NA,NA,"<= day","daily",NA,NA,NA
"2022-11-05",5.704,FALSE,NA,NA,"<= day","daily",NA,NA,NA
"2022-11-06",7.315,FALSE,NA,NA,"<= day","daily",NA,NA,NA
"2022-11-07",5.255,FALSE,NA,NA,"<= day","daily",NA,NA,NA
"2022-11-08",4.835,FALSE,NA,NA,"<= day","daily",NA,NA,NA
"2022-11-09",4.275,FALSE,NA,NA,"<= day","daily",NA,NA,NA
"2022-11-10",9.431,FALSE,NA,NA,"<= day","daily",NA,NA,NA
"2022-11-11",7.674,FALSE,NA,NA,"<= day","daily",NA,NA,NA
"2022-11-12",5.611,FALSE,NA,NA,"<= day","daily",NA,NA,NA
"2022-11-13",4.775,FALSE,NA,NA,"<= day","daily",NA,NA,NA
"2022-11-14",4.146,FALSE,NA,NA,"<= day","daily",NA,NA,NA
"2022-11-15",3.67,FALSE,NA,NA,"<= day","daily",NA,NA,NA
"2022-11-16",3.827,FALSE,NA,NA,"<= day","daily",NA,NA,NA
"2022-11-17",3.563,FALSE,NA,NA,"<= day","daily",NA,NA,NA
"2022-11-18",12.769,FALSE,NA,NA,"<= day","daily",NA,NA,NA
"2022-11-19",15.015,FALSE,NA,NA,"<= day","daily",NA,NA,NA
"2022-11-20",9.35,FALSE,NA,NA,"<= day","daily",NA,NA,NA
"2022-11-21",6.976,FALSE,NA,NA,"<= day","daily",NA,NA,NA
"2022-11-22",6.105,FALSE,NA,NA,"<= day","daily",NA,NA,NA
"2022-11-23",5.681,FALSE,NA,NA,"<= day","daily",NA,NA,NA
"2022-11-24",8.937,FALSE,NA,NA,"<= day","daily",NA,NA,NA
"2022-11-25",9.192,FALSE,NA,NA,"<= day","daily",NA,NA,NA
"2022-11-26",11.238,FALSE,NA,NA,"<= day","daily",NA,NA,NA
"2022-11-27",9.756,FALSE,NA,NA,"<= day","daily",NA,NA,NA
"2022-11-28",8.211,FALSE,NA,NA,"<= day","daily",NA,NA,NA
"2022-11-29",13.674,FALSE,NA,NA,"<= day","daily",NA,NA,NA
"2022-11-30",15.498,FALSE,NA,NA,"<= day","daily",NA,NA,NA
"2022-12-01",10.961,FALSE,NA,NA,"<= day","daily",NA,NA,NA
"2022-12-02",8.605,FALSE,NA,NA,"<= day","daily",NA,NA,NA
"2022-12-03",7.069,FALSE,NA,NA,"<= day","daily",NA,NA,NA
"2022-12-04",8.524,FALSE,NA,NA,"<= day","daily",NA,NA,NA
"2022-12-05",11.863,FALSE,NA,NA,"<= day","daily",NA,NA,NA
"2022-12-06",9.059,FALSE,NA,NA,"<= day","daily",NA,NA,NA
"2022-12-07",6.754,FALSE,NA,NA,"<= day","daily",NA,NA,NA
"2022-12-08",5.276,FALSE,NA,NA,"<= day","daily",NA,NA,NA
"2022-12-09",4.862,FALSE,NA,NA,"<= day","daily",NA,NA,NA
"2022-12-10",4.315,FALSE,NA,NA,"<= day","daily",NA,NA,NA
"2022-12-11",3.745,FALSE,NA,NA,"<= day","daily",NA,NA,NA
"2022-12-12",3.184,FALSE,NA,NA,"<= day","daily",NA,NA,NA
"2022-12-13",2.948,FALSE,NA,NA,"<= day","daily",NA,NA,NA
"2022-12-14",3.414,FALSE,NA,NA,"<= day","daily",NA,NA,NA
"2022-12-15",9.815,FALSE,NA,NA,"<= day","daily",NA,NA,NA
"2022-12-16",11.438,FALSE,NA,NA,"<= day","daily",NA,NA,NA
"2022-12-17",7.814,FALSE,NA,NA,"<= day","daily",NA,NA,NA
"2022-12-18",6.13,FALSE,NA,NA,"<= day","daily",NA,NA,NA
"2022-12-19",5.64,FALSE,NA,NA,"<= day","daily",NA,NA,NA
"2022-12-20",11.367,FALSE,NA,NA,"<= day","daily",NA,NA,NA
"2022-12-21",27.12,FALSE,NA,NA,"<= day","daily",NA,NA,NA
"2022-12-22",26.402,FALSE,NA,NA,"<= day","daily",NA,NA,NA
"2022-12-23",52.05,FALSE,NA,NA,"<= day","daily",NA,NA,NA
"2022-12-24",56.881,FALSE,NA,NA,"<= day","daily",NA,NA,NA
"2022-12-25",50.273,FALSE,NA,NA,"<= day","daily",NA,NA,NA
"2022-12-26",35.698,FALSE,NA,NA,"<= day","daily",NA,NA,NA
"2022-12-27",37.955,FALSE,NA,NA,"<= day","daily",NA,NA,NA
"2022-12-28",27.499,FALSE,NA,NA,"<= day","daily",NA,NA,NA
"2022-12-29",17.756,FALSE,NA,NA,"<= day","daily",NA,NA,NA
"2022-12-30",14.083,FALSE,NA,NA,"<= day","daily",NA,NA,NA
"2022-12-31",18.917,FALSE,NA,NA,"<= day","daily",NA,NA,NA
"2023-01-01",18.368,FALSE,NA,NA,"<= day","daily",NA,NA,NA
"2023-01-02",14.601,FALSE,NA,NA,"<= day","daily",NA,NA,NA
"2023-01-03",12.002,FALSE,NA,NA,"<= day","daily",NA,NA,NA
"2023-01-04",10.851,FALSE,NA,NA,"<= day","daily",NA,NA,NA
"2023-01-05",9.258,FALSE,NA,NA,"<= day","daily",NA,NA,NA
"2023-01-06",9.161,FALSE,NA,NA,"<= day","daily",NA,NA,NA
"2023-01-07",7.468,FALSE,NA,NA,"<= day","daily",NA,NA,NA
"2023-01-08",6.476,FALSE,NA,NA,"<= day","daily",NA,NA,NA
"2023-01-09",6.132,FALSE,NA,NA,"<= day","daily",NA,NA,NA
"2023-01-10",5.239,FALSE,NA,NA,"<= day","daily",NA,NA,NA
"2023-01-11",5.352,FALSE,NA,NA,"<= day","daily",NA,NA,NA
"2023-01-12",15.166,FALSE,NA,NA,"<= day","daily",NA,NA,NA
"2023-01-13",12.238,FALSE,NA,NA,"<= day","daily",NA,NA,NA
"2023-01-14",15.118,FALSE,NA,NA,"<= day","daily",NA,NA,NA
"2023-01-15",16.117,FALSE,NA,NA,"<= day","daily",NA,NA,NA
"2023-01-16",16.02,FALSE,NA,NA,"<= day","daily",NA,NA,NA
"2023-01-17",10.401,FALSE,NA,NA,"<= day","daily",NA,NA,NA
"2023-01-18",7.221,FALSE,NA,NA,"<= day","daily",NA,NA,NA
"2023-01-19",5.471,FALSE,NA,NA,"<= day","daily",NA,NA,NA
"2023-01-20",4.62,FALSE,NA,NA,"<= day","daily",NA,NA,NA
"2023-01-21",4.373,FALSE,NA,NA,"<= day","daily",NA,NA,NA
"2023-01-22",4.108,FALSE,NA,NA,"<= day","daily",NA,NA,NA
"2023-01-23",3.789,FALSE,NA,NA,"<= day","daily",NA,NA,NA
"2023-01-24",3.541,FALSE,NA,NA,"<= day","daily",NA,NA,NA
"2023-01-25",3.353,FALSE,NA,NA,"<= day","daily",NA,NA,NA
"2023-01-26",3.362,FALSE,NA,NA,"<= day","daily",NA,NA,NA
"2023-01-27",3.164,FALSE,NA,NA,"<= day","daily",NA,NA,NA
"2023-01-28",2.914,FALSE,NA,NA,"<= day","daily",NA,NA,NA
"2023-01-29",2.638,FALSE,NA,NA,"<= day","daily",NA,NA,NA
"2023-01-30",2.531,FALSE,NA,NA,"<= day","daily",NA,NA,NA
"2023-01-31",2.525,FALSE,NA,NA,"<= day","daily",NA,NA,NA
"2023-02-01",2.467,FALSE,NA,NA,"<= day","daily",NA,NA,NA
"2023-02-02",2.385,FALSE,NA,NA,"<= day","daily",NA,NA,NA
"2023-02-03",2.325,FALSE,NA,NA,"<= day","daily",NA,NA,NA
"2023-02-04",2.797,FALSE,NA,NA,"<= day","daily",NA,NA,NA
"2023-02-05",2.455,FALSE,NA,NA,"<= day","daily",NA,NA,NA
"2023-02-06",2.358,FALSE,NA,NA,"<= day","daily",NA,NA,NA
"2023-02-07",2.257,FALSE,NA,NA,"<= day","daily",NA,NA,NA
"2023-02-08",2.189,FALSE,NA,NA,"<= day","daily",NA,NA,NA
"2023-02-09",2.157,FALSE,NA,NA,"<= day","daily",NA,NA,NA
"2023-02-10",2.081,FALSE,NA,NA,"<= day","daily",NA,NA,NA
"2023-02-11",2.082,FALSE,NA,NA,"<= day","daily",NA,NA,NA
"2023-02-12",2.046,FALSE,NA,NA,"<= day","daily",NA,NA,NA
"2023-02-13",2.621,FALSE,NA,NA,"<= day","daily",NA,NA,NA
"2023-02-14",4.278,FALSE,NA,NA,"<= day","daily",NA,NA,NA
"2023-02-15",6.349,FALSE,NA,NA,"<= day","daily",NA,NA,NA
"2023-02-16",7.672,FALSE,NA,NA,"<= day","daily",NA,NA,NA
"2023-02-17",10.201,FALSE,NA,NA,"<= day","daily",NA,NA,NA
"2023-02-18",41.859,FALSE,NA,NA,"<= day","daily",NA,NA,NA
"2023-02-19",52.2,FALSE,NA,NA,"<= day","daily",NA,NA,NA
"2023-02-20",42.098,FALSE,NA,NA,"<= day","daily",NA,NA,NA
"2023-02-21",30.666,FALSE,NA,NA,"<= day","daily",NA,NA,NA
"2023-02-22",24.864,FALSE,NA,NA,"<= day","daily",NA,NA,NA
"2023-02-23",23.279,FALSE,NA,NA,"<= day","daily",NA,NA,NA
"2023-02-24",23.803,FALSE,NA,NA,"<= day","daily",NA,NA,NA
"2023-02-25",52.227,FALSE,NA,NA,"<= day","daily",NA,NA,NA
"2023-02-26",24.879,FALSE,NA,NA,"<= day","daily",NA,NA,NA
"2023-02-27",15.658,FALSE,NA,NA,"<= day","daily",NA,NA,NA
"2023-02-28",11.643,FALSE,NA,NA,"<= day","daily",NA,NA,NA
"2023-03-01",10.163,FALSE,NA,NA,"<= day","daily",NA,NA,NA
"2023-03-02",10.899,FALSE,NA,NA,"<= day","daily",NA,NA,NA
"2023-03-03",12.437,FALSE,NA,NA,"<= day","daily",NA,NA,NA
"2023-03-04",10.066,FALSE,NA,NA,"<= day","daily",NA,NA,NA
"2023-03-05",9.864,FALSE,NA,NA,"<= day","daily",NA,NA,NA
"2023-03-06",8.616,FALSE,NA,NA,"<= day","daily",NA,NA,NA
"2023-03-07",7.583,FALSE,NA,NA,"<= day","daily",NA,NA,NA
"2023-03-08",7.8,FALSE,NA,NA,"<= day","daily",NA,NA,NA
"2023-03-09",53.694,FALSE,NA,NA,"<= day","daily",NA,NA,NA
"2023-03-10",46.651,FALSE,NA,NA,"<= day","daily",NA,NA,NA
"2023-03-11",34.951,FALSE,NA,NA,"<= day","daily",NA,NA,NA
"2023-03-12",24.564,FALSE,NA,NA,"<= day","daily",NA,NA,NA
"2023-03-13",31.728,FALSE,NA,NA,"<= day","daily",NA,NA,NA
"2023-03-14",71.928,FALSE,NA,NA,"<= day","daily",NA,NA,NA
"2023-03-15",48.562,FALSE,NA,NA,"<= day","daily",NA,NA,NA
"2023-03-16",32.044,FALSE,NA,NA,"<= day","daily",NA,NA,NA
"2023-03-17",26.733,FALSE,NA,NA,"<= day","daily",NA,NA,NA
"2023-03-18",37.995,FALSE,NA,NA,"<= day","daily",NA,NA,NA
"2023-03-19",43.442,FALSE,NA,NA,"<= day","daily",NA,NA,NA
"2023-03-20",47.68,FALSE,NA,NA,"<= day","daily",NA,NA,NA
"2023-03-21",44.937,FALSE,NA,NA,"<= day","daily",NA,NA,NA
"2023-03-22",46.096,FALSE,NA,NA,"<= day","daily",NA,NA,NA
"2023-03-23",47.061,FALSE,NA,NA,"<= day","daily",NA,NA,NA
"2023-03-24",53.989,FALSE,NA,NA,"<= day","daily",NA,NA,NA
"2023-03-25",50.57,FALSE,NA,NA,"<= day","daily",NA,NA,NA
"2023-03-26",36.028,FALSE,NA,NA,"<= day","daily",NA,NA,NA
"2023-03-27",28.686,FALSE,NA,NA,"<= day","daily",NA,NA,NA
"2023-03-28",19.894,FALSE,NA,NA,"<= day","daily",NA,NA,NA
"2023-03-29",20.691,FALSE,NA,NA,"<= day","daily",NA,NA,NA
"2023-03-30",55.365,FALSE,NA,NA,"<= day","daily",NA,NA,NA
"2023-03-31",52.954,FALSE,NA,NA,"<= day","daily",NA,NA,NA
"2023-04-01",42.225,FALSE,NA,NA,"<= day","daily",NA,NA,NA
"2023-04-02",34.858,FALSE,NA,NA,"<= day","daily",NA,NA,NA
"2023-04-03",31.481,FALSE,NA,NA,"<= day","daily",NA,NA,NA
"2023-04-04",23.735,FALSE,NA,NA,"<= day","daily",NA,NA,NA
"2023-04-05",18.767,FALSE,NA,NA,"<= day","daily",NA,NA,NA
"2023-04-06",15.879,FALSE,NA,NA,"<= day","daily",NA,NA,NA
"2023-04-07",14.349,FALSE,NA,NA,"<= day","daily",NA,NA,NA
"2023-04-08",14.264,FALSE,NA,NA,"<= day","daily",NA,NA,NA
"2023-04-09",15.44,FALSE,NA,NA,"<= day","daily",NA,NA,NA
"2023-04-10",18.093,FALSE,NA,NA,"<= day","daily",NA,NA,NA
"2023-04-11",33.743,FALSE,NA,NA,"<= day","daily",NA,NA,NA
"2023-04-12",43.796,FALSE,NA,NA,"<= day","daily",NA,NA,NA
"2023-04-13",64.426,FALSE,NA,NA,"<= day","daily",NA,NA,NA
"2023-04-14",39.952,FALSE,NA,NA,"<= day","daily",NA,NA,NA
"2023-04-15",30.351,FALSE,NA,NA,"<= day","daily",NA,NA,NA
"2023-04-16",35.529,FALSE,NA,NA,"<= day","daily",NA,NA,NA
"2023-04-17",42.975,FALSE,NA,NA,"<= day","daily",NA,NA,NA
"2023-04-18",44.59,FALSE,NA,NA,"<= day","daily",NA,NA,NA
"2023-04-19",55.099,FALSE,NA,NA,"<= day","daily",NA,NA,NA
"2023-04-20",52.993,FALSE,NA,NA,"<= day","daily",NA,NA,NA
"2023-04-21",53.492,FALSE,NA,NA,"<= day","daily",NA,NA,NA
"2023-04-22",58.43,FALSE,NA,NA,"<= day","daily",NA,NA,NA
"2023-04-23",56.623,FALSE,NA,NA,"<= day","daily",NA,NA,NA
"2023-04-24",60.531,FALSE,NA,NA,"<= day","daily",NA,NA,NA
"2023-04-25",42.712,FALSE,NA,NA,"<= day","daily",NA,NA,NA
"2023-04-26",36.291,FALSE,NA,NA,"<= day","daily",NA,NA,NA
"2023-04-27",35.942,FALSE,NA,NA,"<= day","daily",NA,NA,NA
"2023-04-28",49.615,FALSE,NA,NA,"<= day","daily",NA,NA,NA
"2023-04-29",66.288,FALSE,NA,NA,"<= day","daily",NA,NA,NA
"2023-04-30",47.894,FALSE,NA,NA,"<= day","daily",NA,NA,NA
"2023-05-01",50.134,FALSE,NA,NA,"<= day","daily",NA,NA,NA
"2023-05-02",61.7,FALSE,NA,NA,"<= day","daily",NA,NA,NA
"2023-05-03",46.231,FALSE,NA,NA,"<= day","daily",NA,NA,NA
"2023-05-04",37.942,FALSE,NA,NA,"<= day","daily",NA,NA,NA
"2023-05-05",37.813,FALSE,NA,NA,"<= day","daily",NA,NA,NA
"2023-05-06",46.763,FALSE,NA,NA,"<= day","daily",NA,NA,NA
"2023-05-07",41.706,FALSE,NA,NA,"<= day","daily",NA,NA,NA
"2023-05-08",57.871,FALSE,NA,NA,"<= day","daily",NA,NA,NA
"2023-05-09",54.903,FALSE,NA,NA,"<= day","daily",NA,NA,NA
"2023-05-10",62.073,FALSE,NA,NA,"<= day","daily",NA,NA,NA
"2023-05-11",82.559,FALSE,NA,NA,"<= day","daily",NA,NA,NA
"2023-05-12",46.505,FALSE,NA,NA,"<= day","daily",NA,NA,NA
"2023-05-13",35.315,FALSE,NA,NA,"<= day","daily",NA,NA,NA
"2023-05-14",37.042,FALSE,NA,NA,"<= day","daily",NA,NA,NA
"2023-05-15",39.381,FALSE,NA,NA,"<= day","daily",NA,NA,NA
"2023-05-16",53.111,FALSE,NA,NA,"<= day","daily",NA,NA,NA
"2023-05-17",86.022,FALSE,NA,NA,"<= day","daily",NA,NA,NA
"2023-05-18",43.849,FALSE,NA,NA,"<= day","daily",NA,NA,NA
"2023-05-19",34.7,FALSE,NA,NA,"<= day","daily",NA,NA,NA
"2023-05-20",28.901,FALSE,NA,NA,"<= day","daily",NA,NA,NA
"2023-05-21",26.982,FALSE,NA,NA,"<= day","daily",NA,NA,NA
"2023-05-22",24.707,FALSE,NA,NA,"<= day","daily",NA,NA,NA
"2023-05-23",23.465,FALSE,NA,NA,"<= day","daily",NA,NA,NA
"2023-05-24",29.029,FALSE,NA,NA,"<= day","daily",NA,NA,NA
"2023-05-25",28.805,FALSE,NA,NA,"<= day","daily",NA,NA,NA
"2023-05-26",24.834,FALSE,NA,NA,"<= day","daily",NA,NA,NA
"2023-05-27",20.394,FALSE,NA,NA,"<= day","daily",NA,NA,NA
"2023-05-28",16.849,FALSE,NA,NA,"<= day","daily",NA,NA,NA
"2023-05-29",14.262,FALSE,NA,NA,"<= day","daily",NA,NA,NA
"2023-05-30",12.37,FALSE,NA,NA,"<= day","daily",NA,NA,NA
"2023-05-31",10.994,FALSE,NA,NA,"<= day","daily",NA,NA,NA
"2023-06-01",10.012,FALSE,NA,NA,"<= day","daily",NA,NA,NA
"2023-06-02",9.054,FALSE,NA,NA,"<= day","daily",NA,NA,NA
"2023-06-03",8.251,FALSE,NA,NA,"<= day","daily",NA,NA,NA
"2023-06-04",7.535,FALSE,NA,NA,"<= day","daily",NA,NA,NA
"2023-06-05",7.165,FALSE,NA,NA,"<= day","daily",NA,NA,NA
"2023-06-06",6.731,FALSE,NA,NA,"<= day","daily",NA,NA,NA
"2023-06-07",6.024,FALSE,NA,NA,"<= day","daily",NA,NA,NA
"2023-06-08",5.601,FALSE,NA,NA,"<= day","daily",NA,NA,NA
"2023-06-09",5.322,FALSE,NA,NA,"<= day","daily",NA,NA,NA
"2023-06-10",5.041,FALSE,NA,NA,"<= day","daily",NA,NA,NA
"2023-06-11",4.764,FALSE,NA,NA,"<= day","daily",NA,NA,NA
"2023-06-12",4.313,FALSE,NA,NA,"<= day","daily",NA,NA,NA
"2023-06-13",4.013,FALSE,NA,NA,"<= day","daily",NA,NA,NA
"2023-06-14",3.712,FALSE,NA,NA,"<= day","daily",NA,NA,NA
"2023-06-15",3.433,FALSE,NA,NA,"<= day","daily",NA,NA,NA
"2023-06-16",3.283,FALSE,NA,NA,"<= day","daily",NA,NA,NA
"2023-06-17",3.045,FALSE,NA,NA,"<= day","daily",NA,NA,NA
"2023-06-18",2.818,FALSE,NA,NA,"<= day","daily",NA,NA,NA
"2023-06-19",2.655,FALSE,NA,NA,"<= day","daily",NA,NA,NA
"2023-06-20",3.271,FALSE,NA,NA,"<= day","daily",NA,NA,NA
"2023-06-21",2.552,FALSE,NA,NA,"<= day","daily",NA,NA,NA
"2023-06-22",2.264,FALSE,NA,NA,"<= day","daily",NA,NA,NA
"2023-06-23",2.578,FALSE,NA,NA,"<= day","daily",NA,NA,NA
"2023-06-24",2.239,FALSE,NA,NA,"<= day","daily",NA,NA,NA
"2023-06-25",1.992,FALSE,NA,NA,"<= day","daily",NA,NA,NA
"2023-06-26",1.84,FALSE,NA,NA,"<= day","daily",NA,NA,NA
"2023-06-27",1.813,FALSE,NA,NA,"<= day","daily",NA,NA,NA
"2023-06-28",1.808,FALSE,NA,NA,"<= day","daily",NA,NA,NA
"2023-06-29",1.642,FALSE,NA,NA,"<= day","daily",NA,NA,NA
"2023-06-30",3.009,FALSE,NA,NA,"<= day","daily",NA,NA,NA
"2023-07-01",21.51,FALSE,NA,NA,"<= day","daily",NA,NA,NA
"2023-07-02",13.322,FALSE,NA,NA,"<= day","daily",NA,NA,NA
"2023-07-03",6.783,FALSE,NA,NA,"<= day","daily",NA,NA,NA
"2023-07-04",4.127,FALSE,NA,NA,"<= day","daily",NA,NA,NA
"2023-07-05",3.532,FALSE,NA,NA,"<= day","daily",NA,NA,NA
"2023-07-06",3.724,FALSE,NA,NA,"<= day","daily",NA,NA,NA
"2023-07-07",3.024,FALSE,NA,NA,"<= day","daily",NA,NA,NA
"2023-07-08",2.552,FALSE,NA,NA,"<= day","daily",NA,NA,NA
"2023-07-09",2.237,FALSE,NA,NA,"<= day","daily",NA,NA,NA
"2023-07-10",1.924,FALSE,NA,NA,"<= day","daily",NA,NA,NA
"2023-07-11",1.755,FALSE,NA,NA,"<= day","daily",NA,NA,NA
"2023-07-12",2.33,FALSE,NA,NA,"<= day","daily",NA,NA,NA
"2023-07-13",12.11,FALSE,NA,NA,"<= day","daily",NA,NA,NA
"2023-07-14",5.873,FALSE,NA,NA,"<= day","daily",NA,NA,NA
"2023-07-15",3.367,FALSE,NA,NA,"<= day","daily",NA,NA,NA
"2023-07-16",2.572,FALSE,NA,NA,"<= day","daily",NA,NA,NA
"2023-07-17",4.887,FALSE,NA,NA,"<= day","daily",NA,NA,NA
"2023-07-18",3.306,FALSE,NA,NA,"<= day","daily",NA,NA,NA
"2023-07-19",41.709,FALSE,NA,NA,"<= day","daily",NA,NA,NA
"2023-07-20",18.02,FALSE,NA,NA,"<= day","daily",NA,NA,NA
"2023-07-21",17.312,FALSE,NA,NA,"<= day","daily",NA,NA,NA
"2023-07-22",14.355,FALSE,NA,NA,"<= day","daily",NA,NA,NA
"2023-07-23",8.158,FALSE,NA,NA,"<= day","daily",NA,NA,NA
"2023-07-24",9.357,FALSE,NA,NA,"<= day","daily",NA,NA,NA
"2023-07-25",43.706,FALSE,NA,NA,"<= day","daily",NA,NA,NA
"2023-07-26",63.154,FALSE,NA,NA,"<= day","daily",NA,NA,NA
"2023-07-27",37.446,FALSE,NA,NA,"<= day","daily",NA,NA,NA
"2023-07-28",19.766,FALSE,NA,NA,"<= day","daily",NA,NA,NA
"2023-07-29",22.366,FALSE,NA,NA,"<= day","daily",NA,NA,NA
"2023-07-30",27.702,FALSE,NA,NA,"<= day","daily",NA,NA,NA
"2023-07-31",21.861,FALSE,NA,NA,"<= day","daily",NA,NA,NA
"2023-08-01",13.195,FALSE,NA,NA,"<= day","daily",NA,NA,NA
"2023-08-02",9.827,FALSE,NA,NA,"<= day","daily",NA,NA,NA
"2023-08-03",8.569,FALSE,NA,NA,"<= day","daily",NA,NA,NA
"2023-08-04",33.094,FALSE,NA,NA,"<= day","daily",NA,NA,NA
"2023-08-05",58.687,FALSE,NA,NA,"<= day","daily",NA,NA,NA
"2023-08-06",47.236,FALSE,NA,NA,"<= day","daily",NA,NA,NA
"2023-08-07",70.825,FALSE,NA,NA,"<= day","daily",NA,NA,NA
"2023-08-08",38.734,FALSE,NA,NA,"<= day","daily",NA,NA,NA
"2023-08-09",26.231,FALSE,NA,NA,"<= day","daily",NA,NA,NA
"2023-08-10",18.002,FALSE,NA,NA,"<= day","daily",NA,NA,NA
"2023-08-11",12.944,FALSE,NA,NA,"<= day","daily",NA,NA,NA
"2023-08-12",10.23,FALSE,NA,NA,"<= day","daily",NA,NA,NA
"2023-08-13",16.156,FALSE,NA,NA,"<= day","daily",NA,NA,NA
"2023-08-14",42.623,FALSE,NA,NA,"<= day","daily",NA,NA,NA
"2023-08-15",26.031,FALSE,NA,NA,"<= day","daily",NA,NA,NA
"2023-08-16",16.552,FALSE,NA,NA,"<= day","daily",NA,NA,NA
"2023-08-17",12.134,FALSE,NA,NA,"<= day","daily",NA,NA,NA
"2023-08-18",9.946,FALSE,NA,NA,"<= day","daily",NA,NA,NA
"2023-08-19",8.191,FALSE,NA,NA,"<= day","daily",NA,NA,NA
"2023-08-20",6.93,FALSE,NA,NA,"<= day","daily",NA,NA,NA
"2023-08-21",6.125,FALSE,NA,NA,"<= day","daily",NA,NA,NA
"2023-08-22",5.527,FALSE,NA,NA,"<= day","daily",NA,NA,NA
"2023-08-23",5.041,FALSE,NA,NA,"<= day","daily",NA,NA,NA
"2023-08-24",4.623,FALSE,NA,NA,"<= day","daily",NA,NA,NA
"2023-08-25",6.087,FALSE,NA,NA,"<= day","daily",NA,NA,NA
"2023-08-26",22.417,FALSE,NA,NA,"<= day","daily",NA,NA,NA
"2023-08-27",41.134,FALSE,NA,NA,"<= day","daily",NA,NA,NA
"2023-08-28",85.95,FALSE,NA,NA,"<= day","daily",NA,NA,NA
"2023-08-29",92.737,FALSE,NA,NA,"<= day","daily",NA,NA,NA
"2023-08-30",56.132,FALSE,NA,NA,"<= day","daily",NA,NA,NA
"2023-08-31",35.348,FALSE,NA,NA,"<= day","daily",NA,NA,NA
"2023-09-01",28.049,FALSE,NA,NA,"<= day","daily",NA,NA,NA
"2023-09-02",21.508,FALSE,NA,NA,"<= day","daily",NA,NA,NA
"2023-09-03",16.955,FALSE,NA,NA,"<= day","daily",NA,NA,NA
"2023-09-04",13.873,FALSE,NA,NA,"<= day","daily",NA,NA,NA
"2023-09-05",12.023,FALSE,NA,NA,"<= day","daily",NA,NA,NA
"2023-09-06",10.374,FALSE,NA,NA,"<= day","daily",NA,NA,NA
"2023-09-07",8.931,FALSE,NA,NA,"<= day","daily",NA,NA,NA
"2023-09-08",8.048,FALSE,NA,NA,"<= day","daily",NA,NA,NA
"2023-09-09",7.285,FALSE,NA,NA,"<= day","daily",NA,NA,NA
"2023-09-10",6.632,FALSE,NA,NA,"<= day","daily",NA,NA,NA
"2023-09-11",6.111,FALSE,NA,NA,"<= day","daily",NA,NA,NA
"2023-09-12",5.657,FALSE,NA,NA,"<= day","daily",NA,NA,NA
"2023-09-13",8.152,FALSE,NA,NA,"<= day","daily",NA,NA,NA
"2023-09-14",42.517,FALSE,NA,NA,"<= day","daily",NA,NA,NA
"2023-09-15",27.186,FALSE,NA,NA,"<= day","daily",NA,NA,NA
"2023-09-16",15.124,FALSE,NA,NA,"<= day","daily",NA,NA,NA
"2023-09-17",10.628,FALSE,NA,NA,"<= day","daily",NA,NA,NA
"2023-09-18",9.849,FALSE,NA,NA,"<= day","daily",NA,NA,NA
"2023-09-19",8.551,FALSE,NA,NA,"<= day","daily",NA,NA,NA
"2023-09-20",7.152,FALSE,NA,NA,"<= day","daily",NA,NA,NA
"2023-09-21",6.411,FALSE,NA,NA,"<= day","daily",NA,NA,NA
"2023-09-22",29.601,FALSE,NA,NA,"<= day","daily",NA,NA,NA
"2023-09-23",39.109,FALSE,NA,NA,"<= day","daily",NA,NA,NA
"2023-09-24",23.234,FALSE,NA,NA,"<= day","daily",NA,NA,NA
"2023-09-25",14.333,FALSE,NA,NA,"<= day","daily",NA,NA,NA
"2023-09-26",10.747,FALSE,NA,NA,"<= day","daily",NA,NA,NA
"2023-09-27",8.839,FALSE,NA,NA,"<= day","daily",NA,NA,NA
"2023-09-28",7.47,FALSE,NA,NA,"<= day","daily",NA,NA,NA
"2023-09-29",6.41,FALSE,NA,NA,"<= day","daily",NA,NA,NA
"2023-09-30",5.711,FALSE,NA,NA,"<= day","daily",NA,NA,NA
"2023-10-01",5.156,FALSE,NA,NA,"<= day","daily",NA,NA,NA
"2023-10-02",4.631,FALSE,NA,NA,"<= day","daily",NA,NA,NA
"2023-10-03",4.498,FALSE,NA,NA,"<= day","daily",NA,NA,NA
"2023-10-04",5.74,FALSE,NA,NA,"<= day","daily",NA,NA,NA
"2023-10-05",4.319,FALSE,NA,NA,"<= day","daily",NA,NA,NA
"2023-10-06",3.908,FALSE,NA,NA,"<= day","daily",NA,NA,NA
"2023-10-07",3.551,FALSE,NA,NA,"<= day","daily",NA,NA,NA
"2023-10-08",3.272,FALSE,NA,NA,"<= day","daily",NA,NA,NA
"2023-10-09",3.057,FALSE,NA,NA,"<= day","daily",NA,NA,NA
"2023-10-10",2.88,FALSE,NA,NA,"<= day","daily",NA,NA,NA
"2023-10-11",2.693,FALSE,NA,NA,"<= day","daily",NA,NA,NA
"2023-10-12",2.529,FALSE,NA,NA,"<= day","daily",NA,NA,NA
"2023-10-13",2.359,FALSE,NA,NA,"<= day","daily",NA,NA,NA
"2023-10-14",2.905,FALSE,NA,NA,"<= day","daily",NA,NA,NA
"2023-10-15",7.178,FALSE,NA,NA,"<= day","daily",NA,NA,NA
"2023-10-16",3.993,FALSE,NA,NA,"<= day","daily",NA,NA,NA
"2023-10-17",3.123,FALSE,NA,NA,"<= day","daily",NA,NA,NA
"2023-10-18",2.723,FALSE,NA,NA,"<= day","daily",NA,NA,NA
"2023-10-19",2.545,FALSE,NA,NA,"<= day","daily",NA,NA,NA
"2023-10-20",2.452,FALSE,NA,NA,"<= day","daily",NA,NA,NA
"2023-10-21",4.418,FALSE,NA,NA,"<= day","daily",NA,NA,NA
"2023-10-22",15.124,FALSE,NA,NA,"<= day","daily",NA,NA,NA
"2023-10-23",5.352,FALSE,NA,NA,"<= day","daily",NA,NA,NA
"2023-10-24",4.175,FALSE,NA,NA,"<= day","daily",NA,NA,NA
"2023-10-25",9.339,FALSE,NA,NA,"<= day","daily",NA,NA,NA
"2023-10-26",7.911,FALSE,NA,NA,"<= day","daily",NA,NA,NA
"2023-10-27",32.383,FALSE,NA,NA,"<= day","daily",NA,NA,NA
"2023-10-28",18.386,FALSE,NA,NA,"<= day","daily",NA,NA,NA
"2023-10-29",9.198,FALSE,NA,NA,"<= day","daily",NA,NA,NA
"2023-10-30",6.219,FALSE,NA,NA,"<= day","daily",NA,NA,NA
"2023-10-31",33.314,FALSE,NA,NA,"<= day","daily",NA,NA,NA
"2023-11-01",23.17,FALSE,NA,NA,"<= day","daily",NA,NA,NA
"2023-11-02",17.902,FALSE,NA,NA,"<= day","daily",NA,NA,NA
"2023-11-03",37.964,FALSE,NA,NA,"<= day","daily",NA,NA,NA
"2023-11-04",22.18,FALSE,NA,NA,"<= day","daily",NA,NA,NA
"2023-11-05",14.809,FALSE,NA,NA,"<= day","daily",NA,NA,NA
"2023-11-06",11.647,FALSE,NA,NA,"<= day","daily",NA,NA,NA
"2023-11-07",9.818,FALSE,NA,NA,"<= day","daily",NA,NA,NA
"2023-11-08",12.179,FALSE,NA,NA,"<= day","daily",NA,NA,NA
"2023-11-09",9.877,FALSE,NA,NA,"<= day","daily",NA,NA,NA
"2023-11-10",8.114,FALSE,NA,NA,"<= day","daily",NA,NA,NA
"2023-11-11",6.759,FALSE,NA,NA,"<= day","daily",NA,NA,NA
"2023-11-12",6.56,FALSE,NA,NA,"<= day","daily",NA,NA,NA
"2023-11-13",37.985,FALSE,NA,NA,"<= day","daily",NA,NA,NA
"2023-11-14",74.247,FALSE,NA,NA,"<= day","daily",NA,NA,NA
"2023-11-15",56.435,FALSE,NA,NA,"<= day","daily",NA,NA,NA
"2023-11-16",35.675,FALSE,NA,NA,"<= day","daily",NA,NA,NA
"2023-11-17",49.61,FALSE,NA,NA,"<= day","daily",NA,NA,NA
"2023-11-18",35.134,FALSE,NA,NA,"<= day","daily",NA,NA,NA
"2023-11-19",88.961,FALSE,NA,NA,"<= day","daily",NA,NA,NA
"2023-11-20",60.099,FALSE,NA,NA,"<= day","daily",NA,NA,NA
"2023-11-21",38.315,FALSE,NA,NA,"<= day","daily",NA,NA,NA
"2023-11-22",31.918,FALSE,NA,NA,"<= day","daily",NA,NA,NA
"2023-11-23",27.933,FALSE,NA,NA,"<= day","daily",NA,NA,NA
"2023-11-24",29.975,FALSE,NA,NA,"<= day","daily",NA,NA,NA
"2023-11-25",31.901,FALSE,NA,NA,"<= day","daily",NA,NA,NA
"2023-11-26",25.11,FALSE,NA,NA,"<= day","daily",NA,NA,NA
"2023-11-27",21.504,FALSE,NA,NA,"<= day","daily",NA,NA,NA
"2023-11-28",19.424,FALSE,NA,NA,"<= day","daily",NA,NA,NA
"2023-11-29",16.883,FALSE,NA,NA,"<= day","daily",NA,NA,NA
"2023-11-30",20.925,FALSE,NA,NA,"<= day","daily",NA,NA,NA
"2023-12-01",47.702,FALSE,NA,NA,"<= day","daily",NA,NA,NA
"2023-12-02",37.192,FALSE,NA,NA,"<= day","daily",NA,NA,NA
"2023-12-03",25.066,FALSE,NA,NA,"<= day","daily",NA,NA,NA
"2023-12-04",22.201,FALSE,NA,NA,"<= day","daily",NA,NA,NA
"2023-12-05",19.973,FALSE,NA,NA,"<= day","daily",NA,NA,NA
"2023-12-06",17.781,FALSE,NA,NA,"<= day","daily",NA,NA,NA
"2023-12-07",16.354,FALSE,NA,NA,"<= day","daily",NA,NA,NA
"2023-12-08",16.215,FALSE,NA,NA,"<= day","daily",NA,NA,NA
"2023-12-09",17.532,FALSE,NA,NA,"<= day","daily",NA,NA,NA
"2023-12-10",49.987,FALSE,NA,NA,"<= day","daily",NA,NA,NA
"2023-12-11",67.446,FALSE,NA,NA,"<= day","daily",NA,NA,NA
"2023-12-12",64.33,FALSE,NA,NA,"<= day","daily",NA,NA,NA
"2023-12-13",66.542,FALSE,NA,NA,"<= day","daily",NA,NA,NA
"2023-12-14",48.857,FALSE,NA,NA,"<= day","daily",NA,NA,NA
"2023-12-15",35.096,FALSE,NA,NA,"<= day","daily",NA,NA,NA
"2023-12-16",29.408,FALSE,NA,NA,"<= day","daily",NA,NA,NA
"2023-12-17",26.47,FALSE,NA,NA,"<= day","daily",NA,NA,NA
"2023-12-18",30.036,FALSE,NA,NA,"<= day","daily",NA,NA,NA
"2023-12-19",32.313,FALSE,NA,NA,"<= day","daily",NA,NA,NA
"2023-12-20",33.601,FALSE,NA,NA,"<= day","daily",NA,NA,NA
"2023-12-21",32.606,FALSE,NA,NA,"<= day","daily",NA,NA,NA
"2023-12-22",66.294,FALSE,NA,NA,"<= day","daily",NA,NA,NA
"2023-12-23",76.944,FALSE,NA,NA,"<= day","daily",NA,NA,NA
"2023-12-24",47.916,FALSE,NA,NA,"<= day","daily",NA,NA,NA
"2023-12-25",63.948,FALSE,NA,NA,"<= day","daily",NA,NA,NA
"2023-12-26",46.749,FALSE,NA,NA,"<= day","daily",NA,NA,NA
"2023-12-27",36.443,FALSE,NA,NA,"<= day","daily",NA,NA,NA
"2023-12-28",31.469,FALSE,NA,NA,"<= day","daily",NA,NA,NA
"2023-12-29",30.037,FALSE,NA,NA,"<= day","daily",NA,NA,NA
"2023-12-30",30.145,FALSE,NA,NA,"<= day","daily",NA,NA,NA
"2023-12-31",28.175,FALSE,NA,NA,"<= day","daily",NA,NA,NA
"2024-01-01",25.297,FALSE,NA,NA,"<= day","daily",NA,NA,NA
"2024-01-02",22.387,FALSE,NA,NA,"<= day","daily",NA,NA,NA
"2024-01-03",29.512,FALSE,NA,NA,"<= day","daily",NA,NA,NA
"2024-01-04",31.18,FALSE,NA,NA,"<= day","daily",NA,NA,NA
"2024-01-05",28.639,FALSE,NA,NA,"<= day","daily",NA,NA,NA
"2024-01-06",24.395,FALSE,NA,NA,"<= day","daily",NA,NA,NA
"2024-01-07",19.288,FALSE,NA,NA,"<= day","daily",NA,NA,NA
"2024-01-08",16.199,FALSE,NA,NA,"<= day","daily",NA,NA,NA
"2024-01-09",14.198,FALSE,NA,NA,"<= day","daily",NA,NA,NA
"2024-01-10",13.524,FALSE,NA,NA,"<= day","daily",NA,NA,NA
"2024-01-11",12.419,FALSE,NA,NA,"<= day","daily",NA,NA,NA
"2024-01-12",11.428,FALSE,NA,NA,"<= day","daily",NA,NA,NA
"2024-01-13",10.744,FALSE,NA,NA,"<= day","daily",NA,NA,NA
"2024-01-14",10.454,FALSE,NA,NA,"<= day","daily",NA,NA,NA
"2024-01-15",10.121,FALSE,NA,NA,"<= day","daily",NA,NA,NA
"2024-01-16",9.027,FALSE,NA,NA,"<= day","daily",NA,NA,NA
"2024-01-17",9.722,FALSE,NA,NA,"<= day","daily",NA,NA,NA
"2024-01-18",28.276,FALSE,NA,NA,"<= day","daily",NA,NA,NA
"2024-01-19",35.608,FALSE,NA,NA,"<= day","daily",NA,NA,NA
"2024-01-20",19.36,FALSE,NA,NA,"<= day","daily",NA,NA,NA
"2024-01-21",15.602,FALSE,NA,NA,"<= day","daily",NA,NA,NA
"2024-01-22",13.656,FALSE,NA,NA,"<= day","daily",NA,NA,NA
"2024-01-23",17.037,FALSE,NA,NA,"<= day","daily",NA,NA,NA
"2024-01-24",47.784,FALSE,NA,NA,"<= day","daily",NA,NA,NA
"2024-01-25",108.994,FALSE,NA,NA,"<= day","daily",NA,NA,NA
"2024-01-26",72.693,FALSE,NA,NA,"<= day","daily",NA,NA,NA
"2024-01-27",66.814,FALSE,NA,NA,"<= day","daily",NA,NA,NA
"2024-01-28",42.829,FALSE,NA,NA,"<= day","daily",NA,NA,NA
"2024-01-29",34.44,FALSE,NA,NA,"<= day","daily",NA,NA,NA
"2024-01-30",30.706,FALSE,NA,NA,"<= day","daily",NA,NA,NA
"2024-01-31",29.459,FALSE,NA,NA,"<= day","daily",NA,NA,NA
"2024-02-01",30.607,FALSE,NA,NA,"<= day","daily",NA,NA,NA
"2024-02-02",44.348,FALSE,NA,NA,"<= day","daily",NA,NA,NA
"2024-02-03",37.803,FALSE,NA,NA,"<= day","daily",NA,NA,NA
"2024-02-04",37.121,FALSE,NA,NA,"<= day","daily",NA,NA,NA
"2024-02-05",37.115,FALSE,NA,NA,"<= day","daily",NA,NA,NA
"2024-02-06",35.003,FALSE,NA,NA,"<= day","daily",NA,NA,NA
"2024-02-07",29.469,FALSE,NA,NA,"<= day","daily",NA,NA,NA
"2024-02-08",32.097,FALSE,NA,NA,"<= day","daily",NA,NA,NA
"2024-02-09",36.332,FALSE,NA,NA,"<= day","daily",NA,NA,NA
"2024-02-10",37.139,FALSE,NA,NA,"<= day","daily",NA,NA,NA
"2024-02-11",41.989,FALSE,NA,NA,"<= day","daily",NA,NA,NA
"2024-02-12",35.011,FALSE,NA,NA,"<= day","daily",NA,NA,NA
"2024-02-13",25.389,FALSE,NA,NA,"<= day","daily",NA,NA,NA
"2024-02-14",18.964,FALSE,NA,NA,"<= day","daily",NA,NA,NA
"2024-02-15",20.413,FALSE,NA,NA,"<= day","daily",NA,NA,NA
"2024-02-16",29.039,FALSE,NA,NA,"<= day","daily",NA,NA,NA
"2024-02-17",44.398,FALSE,NA,NA,"<= day","daily",NA,NA,NA
"2024-02-18",40.571,FALSE,NA,NA,"<= day","daily",NA,NA,NA
"2024-02-19",52.277,FALSE,NA,NA,"<= day","daily",NA,NA,NA
"2024-02-20",49.964,FALSE,NA,NA,"<= day","daily",NA,NA,NA
"2024-02-21",36.158,FALSE,NA,NA,"<= day","daily",NA,NA,NA
"2024-02-22",32.267,FALSE,NA,NA,"<= day","daily",NA,NA,NA
"2024-02-23",34.658,FALSE,NA,NA,"<= day","daily",NA,NA,NA
"2024-02-24",27.927,FALSE,NA,NA,"<= day","daily",NA,NA,NA
"2024-02-25",22.142,FALSE,NA,NA,"<= day","daily",NA,NA,NA
"2024-02-26",18.993,FALSE,NA,NA,"<= day","daily",NA,NA,NA
"2024-02-27",15.992,FALSE,NA,NA,"<= day","daily",NA,NA,NA
"2024-02-28",14.445,FALSE,NA,NA,"<= day","daily",NA,NA,NA
"2024-02-29",14.454,FALSE,NA,NA,"<= day","daily",NA,NA,NA
"2024-03-01",16.96,FALSE,NA,NA,"<= day","daily",NA,NA,NA
"2024-03-02",17.135,FALSE,NA,NA,"<= day","daily",NA,NA,NA
"2024-03-03",16.515,FALSE,NA,NA,"<= day","daily",NA,NA,NA
"2024-03-04",15.279,FALSE,NA,NA,"<= day","daily",NA,NA,NA
"2024-03-05",15.756,FALSE,NA,NA,"<= day","daily",NA,NA,NA
"2024-03-06",16.182,FALSE,NA,NA,"<= day","daily",NA,NA,NA
"2024-03-07",12.361,FALSE,NA,NA,"<= day","daily",NA,NA,NA
"2024-03-08",11.958,FALSE,NA,NA,"<= day","daily",NA,NA,NA
"2024-03-09",13.987,FALSE,NA,NA,"<= day","daily",NA,NA,NA
"2024-03-10",18.156,FALSE,NA,NA,"<= day","daily",NA,NA,NA
"2024-03-11",21.166,FALSE,NA,NA,"<= day","daily",NA,NA,NA
"2024-03-12",18.251,FALSE,NA,NA,"<= day","daily",NA,NA,NA
"2024-03-13",20.091,FALSE,NA,NA,"<= day","daily",NA,NA,NA
"2024-03-14",27.276,FALSE,NA,NA,"<= day","daily",NA,NA,NA
"2024-03-15",28.953,FALSE,NA,NA,"<= day","daily",NA,NA,NA
"2024-03-16",31.976,FALSE,NA,NA,"<= day","daily",NA,NA,NA
"2024-03-17",35.086,FALSE,NA,NA,"<= day","daily",NA,NA,NA
"2024-03-18",41.995,FALSE,NA,NA,"<= day","daily",NA,NA,NA
"2024-03-19",49.227,FALSE,NA,NA,"<= day","daily",NA,NA,NA
"2024-03-20",34.511,FALSE,NA,NA,"<= day","daily",NA,NA,NA
"2024-03-21",31.727,FALSE,NA,NA,"<= day","daily",NA,NA,NA
"2024-03-22",34.792,FALSE,NA,NA,"<= day","daily",NA,NA,NA
"2024-03-23",31.45,FALSE,NA,NA,"<= day","daily",NA,NA,NA
"2024-03-24",27.941,FALSE,NA,NA,"<= day","daily",NA,NA,NA
"2024-03-25",24.78,FALSE,NA,NA,"<= day","daily",NA,NA,NA
"2024-03-26",24.36,FALSE,NA,NA,"<= day","daily",NA,NA,NA
"2024-03-27",28.575,FALSE,NA,NA,"<= day","daily",NA,NA,NA
"2024-03-28",27.473,FALSE,NA,NA,"<= day","daily",NA,NA,NA
"2024-03-29",23.657,FALSE,NA,NA,"<= day","daily",NA,NA,NA
"2024-03-30",28.439,FALSE,NA,NA,"<= day","daily",NA,NA,NA
"2024-03-31",28.096,FALSE,NA,NA,"<= day","daily",NA,NA,NA
"2024-04-01",27.233,FALSE,NA,NA,"<= day","daily",NA,NA,NA
"2024-04-02",23.288,FALSE,NA,NA,"<= day","daily",NA,NA,NA
"2024-04-03",18.033,FALSE,NA,NA,"<= day","daily",NA,NA,NA
"2024-04-04",20.375,FALSE,NA,NA,"<= day","daily",NA,NA,NA
"2024-04-05",25.008,FALSE,NA,NA,"<= day","daily",NA,NA,NA
"2024-04-06",26.678,FALSE,NA,NA,"<= day","daily",NA,NA,NA
"2024-04-07",26.482,FALSE,NA,NA,"<= day","daily",NA,NA,NA
"2024-04-08",26.806,FALSE,NA,NA,"<= day","daily",NA,NA,NA
"2024-04-09",25.774,FALSE,NA,NA,"<= day","daily",NA,NA,NA
"2024-04-10",22.563,FALSE,NA,NA,"<= day","daily",NA,NA,NA
"2024-04-11",16.716,FALSE,NA,NA,"<= day","daily",NA,NA,NA
"2024-04-12",17.317,FALSE,NA,NA,"<= day","daily",NA,NA,NA
"2024-04-13",21.614,FALSE,NA,NA,"<= day","daily",NA,NA,NA
"2024-04-14",22.609,FALSE,NA,NA,"<= day","daily",NA,NA,NA
"2024-04-15",23.082,FALSE,NA,NA,"<= day","daily",NA,NA,NA
"2024-04-16",22.096,FALSE,NA,NA,"<= day","daily",NA,NA,NA
"2024-04-17",17.522,FALSE,NA,NA,"<= day","daily",NA,NA,NA
"2024-04-18",13.657,FALSE,NA,NA,"<= day","daily",NA,NA,NA
"2024-04-19",12.599,FALSE,NA,NA,"<= day","daily",NA,NA,NA
"2024-04-20",12.462,FALSE,NA,NA,"<= day","daily",NA,NA,NA
"2024-04-21",11.526,FALSE,NA,NA,"<= day","daily",NA,NA,NA
"2024-04-22",10.599,FALSE,NA,NA,"<= day","daily",NA,NA,NA
"2024-04-23",10.189,FALSE,NA,NA,"<= day","daily",NA,NA,NA
"2024-04-24",9.789,FALSE,NA,NA,"<= day","daily",NA,NA,NA
"2024-04-25",9.368,FALSE,NA,NA,"<= day","daily",NA,NA,NA
"2024-04-26",14.943,FALSE,NA,NA,"<= day","daily",NA,NA,NA
"2024-04-27",31.059,FALSE,NA,NA,"<= day","daily",NA,NA,NA
"2024-04-28",55.49,FALSE,NA,NA,"<= day","daily",NA,NA,NA
"2024-04-29",54.4,FALSE,NA,NA,"<= day","daily",NA,NA,NA
"2024-04-30",52.323,FALSE,NA,NA,"<= day","daily",NA,NA,NA
"2024-05-01",42.782,FALSE,NA,NA,"<= day","daily",NA,NA,NA
"2024-05-02",31.98,FALSE,NA,NA,"<= day","daily",NA,NA,NA
"2024-05-03",26.51,FALSE,NA,NA,"<= day","daily",NA,NA,NA
"2024-05-04",23.477,FALSE,NA,NA,"<= day","daily",NA,NA,NA
"2024-05-05",22.851,FALSE,NA,NA,"<= day","daily",NA,NA,NA
"2024-05-06",22.032,FALSE,NA,NA,"<= day","daily",NA,NA,NA
"2024-05-07",23.893,FALSE,NA,NA,"<= day","daily",NA,NA,NA
"2024-05-08",63.893,FALSE,NA,NA,"<= day","daily",NA,NA,NA
"2024-05-09",41.993,FALSE,NA,NA,"<= day","daily",NA,NA,NA
"2024-05-10",28.997,FALSE,NA,NA,"<= day","daily",NA,NA,NA
"2024-05-11",24.293,FALSE,NA,NA,"<= day","daily",NA,NA,NA
"2024-05-12",21.563,FALSE,NA,NA,"<= day","daily",NA,NA,NA
"2024-05-13",19.378,FALSE,NA,NA,"<= day","daily",NA,NA,NA
"2024-05-14",16.638,FALSE,NA,NA,"<= day","daily",NA,NA,NA
"2024-05-15",13.878,FALSE,NA,NA,"<= day","daily",NA,NA,NA
"2024-05-16",11.454,FALSE,NA,NA,"<= day","daily",NA,NA,NA
"2024-05-17",24.602,FALSE,NA,NA,"<= day","daily",NA,NA,NA
"2024-05-18",18.904,FALSE,NA,NA,"<= day","daily",NA,NA,NA
"2024-05-19",29.108,FALSE,NA,NA,"<= day","daily",NA,NA,NA
"2024-05-20",20.595,FALSE,NA,NA,"<= day","daily",NA,NA,NA
"2024-05-21",18.792,FALSE,NA,NA,"<= day","daily",NA,NA,NA
"2024-05-22",20.013,FALSE,NA,NA,"<= day","daily",NA,NA,NA
"2024-05-23",17.283,FALSE,NA,NA,"<= day","daily",NA,NA,NA
"2024-05-24",23.784,FALSE,NA,NA,"<= day","daily",NA,NA,NA
"2024-05-25",29.154,FALSE,NA,NA,"<= day","daily",NA,NA,NA
"2024-05-26",21.064,FALSE,NA,NA,"<= day","daily",NA,NA,NA
"2024-05-27",17.263,FALSE,NA,NA,"<= day","daily",NA,NA,NA
"2024-05-28",42.754,FALSE,NA,NA,"<= day","daily",NA,NA,NA
"2024-05-29",28.293,FALSE,NA,NA,"<= day","daily",NA,NA,NA
"2024-05-30",33.256,FALSE,NA,NA,"<= day","daily",NA,NA,NA
"2024-05-31",62.456,FALSE,NA,NA,"<= day","daily",NA,NA,NA
"2024-06-01",79.274,FALSE,NA,NA,"<= day","daily",NA,NA,NA
"2024-06-02",49.641,FALSE,NA,NA,"<= day","daily",NA,NA,NA
"2024-06-03",82.854,FALSE,NA,NA,"<= day","daily",NA,NA,NA
"2024-06-04",56.247,FALSE,NA,NA,"<= day","daily",NA,NA,NA
"2024-06-05",32.636,FALSE,NA,NA,"<= day","daily",NA,NA,NA
"2024-06-06",24.396,FALSE,NA,NA,"<= day","daily",NA,NA,NA
"2024-06-07",22.708,FALSE,NA,NA,"<= day","daily",NA,NA,NA
"2024-06-08",33.908,FALSE,NA,NA,"<= day","daily",NA,NA,NA
"2024-06-09",38.523,FALSE,NA,NA,"<= day","daily",NA,NA,NA
"2024-06-10",49.085,FALSE,NA,NA,"<= day","daily",NA,NA,NA
"2024-06-11",35.677,FALSE,NA,NA,"<= day","daily",NA,NA,NA
"2024-06-12",25.085,FALSE,NA,NA,"<= day","daily",NA,NA,NA
"2024-06-13",22.146,FALSE,NA,NA,"<= day","daily",NA,NA,NA
"2024-06-14",21.36,FALSE,NA,NA,"<= day","daily",NA,NA,NA
"2024-06-15",19.444,FALSE,NA,NA,"<= day","daily",NA,NA,NA
"2024-06-16",23.399,FALSE,NA,NA,"<= day","daily",NA,NA,NA
"2024-06-17",20.53,FALSE,NA,NA,"<= day","daily",NA,NA,NA
"2024-06-18",18.113,FALSE,NA,NA,"<= day","daily",NA,NA,NA
"2024-06-19",15.274,FALSE,NA,NA,"<= day","daily",NA,NA,NA
"2024-06-20",13.251,FALSE,NA,NA,"<= day","daily",NA,NA,NA
"2024-06-21",12.386,FALSE,NA,NA,"<= day","daily",NA,NA,NA
"2024-06-22",20.156,FALSE,NA,NA,"<= day","daily",NA,NA,NA
"2024-06-23",37.649,FALSE,NA,NA,"<= day","daily",NA,NA,NA
"2024-06-24",22.586,FALSE,NA,NA,"<= day","daily",NA,NA,NA
"2024-06-25",27.145,FALSE,NA,NA,"<= day","daily",NA,NA,NA
"2024-06-26",67.001,FALSE,NA,NA,"<= day","daily",NA,NA,NA
"2024-06-27",51.681,FALSE,NA,NA,"<= day","daily",NA,NA,NA
"2024-06-28",43.038,FALSE,NA,NA,"<= day","daily",NA,NA,NA
"2024-06-29",32.323,FALSE,NA,NA,"<= day","daily",NA,NA,NA
"2024-06-30",25.469,FALSE,NA,NA,"<= day","daily",NA,NA,NA
"2024-07-01",31.209,FALSE,NA,NA,"<= day","daily",NA,NA,NA
"2024-07-02",36.84,FALSE,NA,NA,"<= day","daily",NA,NA,NA
"2024-07-03",29.861,FALSE,NA,NA,"<= day","daily",NA,NA,NA
"2024-07-04",37.005,FALSE,NA,NA,"<= day","daily",NA,NA,NA
"2024-07-05",26.426,FALSE,NA,NA,"<= day","daily",NA,NA,NA
"2024-07-06",21.699,FALSE,NA,NA,"<= day","daily",NA,NA,NA
"2024-07-07",55.281,FALSE,NA,NA,"<= day","daily",NA,NA,NA
"2024-07-08",39.877,FALSE,NA,NA,"<= day","daily",NA,NA,NA
"2024-07-09",30.475,FALSE,NA,NA,"<= day","daily",NA,NA,NA
"2024-07-10",50.433,FALSE,NA,NA,"<= day","daily",NA,NA,NA
"2024-07-11",47.202,FALSE,NA,NA,"<= day","daily",NA,NA,NA
"2024-07-12",31.708,FALSE,NA,NA,"<= day","daily",NA,NA,NA
"2024-07-13",31.36,FALSE,NA,NA,"<= day","daily",NA,NA,NA
"2024-07-14",27.06,FALSE,NA,NA,"<= day","daily",NA,NA,NA
"2024-07-15",21.878,FALSE,NA,NA,"<= day","daily",NA,NA,NA
"2024-07-16",17.504,FALSE,NA,NA,"<= day","daily",NA,NA,NA
"2024-07-17",14.458,FALSE,NA,NA,"<= day","daily",NA,NA,NA
"2024-07-18",12.393,FALSE,NA,NA,"<= day","daily",NA,NA,NA
"2024-07-19",10.851,FALSE,NA,NA,"<= day","daily",NA,NA,NA
"2024-07-20",9.798,FALSE,NA,NA,"<= day","daily",NA,NA,NA
"2024-07-21",10.912,FALSE,NA,NA,"<= day","daily",NA,NA,NA
"2024-07-22",32.347,FALSE,NA,NA,"<= day","daily",NA,NA,NA
"2024-07-23",24.248,FALSE,NA,NA,"<= day","daily",NA,NA,NA
"2024-07-24",40.066,FALSE,NA,NA,"<= day","daily",NA,NA,NA
"2024-07-25",29.289,FALSE,NA,NA,"<= day","daily",NA,NA,NA
"2024-07-26",19.336,FALSE,NA,NA,"<= day","daily",NA,NA,NA
"2024-07-27",13.74,FALSE,NA,NA,"<= day","daily",NA,NA,NA
"2024-07-28",22.214,FALSE,NA,NA,"<= day","daily",NA,NA,NA
"2024-07-29",18.233,FALSE,NA,NA,"<= day","daily",NA,NA,NA
"2024-07-30",13.079,FALSE,NA,NA,"<= day","daily",NA,NA,NA
"2024-07-31",12.438,FALSE,NA,NA,"<= day","daily",NA,NA,NA
"2024-08-01",25.831,FALSE,NA,NA,"<= day","daily",NA,NA,NA
"2024-08-02",24.485,FALSE,NA,NA,"<= day","daily",NA,NA,NA
"2024-08-03",23.024,FALSE,NA,NA,"<= day","daily",NA,NA,NA
"2024-08-04",20.614,FALSE,NA,NA,"<= day","daily",NA,NA,NA
"2024-08-05",13.562,FALSE,NA,NA,"<= day","daily",NA,NA,NA
"2024-08-06",10.552,FALSE,NA,NA,"<= day","daily",NA,NA,NA
"2024-08-07",8.829,FALSE,NA,NA,"<= day","daily",NA,NA,NA
"2024-08-08",7.84,FALSE,NA,NA,"<= day","daily",NA,NA,NA
"2024-08-09",6.906,FALSE,NA,NA,"<= day","daily",NA,NA,NA
"2024-08-10",6.194,FALSE,NA,NA,"<= day","daily",NA,NA,NA
"2024-08-11",5.731,FALSE,NA,NA,"<= day","daily",NA,NA,NA
"2024-08-12",5.325,FALSE,NA,NA,"<= day","daily",NA,NA,NA
"2024-08-13",5.39,FALSE,NA,NA,"<= day","daily",NA,NA,NA
"2024-08-14",6.737,FALSE,NA,NA,"<= day","daily",NA,NA,NA
"2024-08-15",6.506,FALSE,NA,NA,"<= day","daily",NA,NA,NA
"2024-08-16",5.231,FALSE,NA,NA,"<= day","daily",NA,NA,NA
"2024-08-17",27.16,FALSE,NA,NA,"<= day","daily",NA,NA,NA
"2024-08-18",38.334,FALSE,NA,NA,"<= day","daily",NA,NA,NA
"2024-08-19",61.294,FALSE,NA,NA,"<= day","daily",NA,NA,NA
"2024-08-20",37.226,FALSE,NA,NA,"<= day","daily",NA,NA,NA
"2024-08-21",21.619,FALSE,NA,NA,"<= day","daily",NA,NA,NA
"2024-08-22",14.159,FALSE,NA,NA,"<= day","daily",NA,NA,NA
"2024-08-23",10.405,FALSE,NA,NA,"<= day","daily",NA,NA,NA
"2024-08-24",8.678,FALSE,NA,NA,"<= day","daily",NA,NA,NA
"2024-08-25",16.953,FALSE,NA,NA,"<= day","daily",NA,NA,NA
"2024-08-26",20.649,FALSE,NA,NA,"<= day","daily",NA,NA,NA
"2024-08-27",19.828,FALSE,NA,NA,"<= day","daily",NA,NA,NA
"2024-08-28",10.716,FALSE,NA,NA,"<= day","daily",NA,NA,NA
"2024-08-29",8.624,FALSE,NA,NA,"<= day","daily",NA,NA,NA
"2024-08-30",7.394,FALSE,NA,NA,"<= day","daily",NA,NA,NA
"2024-08-31",6.508,FALSE,NA,NA,"<= day","daily",NA,NA,NA
"2024-09-01",5.87,FALSE,NA,NA,"<= day","daily",NA,NA,NA
"2024-09-02",5.462,FALSE,NA,NA,"<= day","daily",NA,NA,NA
"2024-09-03",12.038,FALSE,NA,NA,"<= day","daily",NA,NA,NA
"2024-09-04",20.531,FALSE,NA,NA,"<= day","daily",NA,NA,NA
"2024-09-05",33.257,FALSE,NA,NA,"<= day","daily",NA,NA,NA
"2024-09-06",13.874,FALSE,NA,NA,"<= day","daily",NA,NA,NA
"2024-09-07",9.374,FALSE,NA,NA,"<= day","daily",NA,NA,NA
"2024-09-08",8.325,FALSE,NA,NA,"<= day","daily",NA,NA,NA
"2024-09-09",32.536,FALSE,NA,NA,"<= day","daily",NA,NA,NA
"2024-09-10",57.971,FALSE,NA,NA,"<= day","daily",NA,NA,NA
"2024-09-11",41.365,FALSE,NA,NA,"<= day","daily",NA,NA,NA
"2024-09-12",39.482,FALSE,NA,NA,"<= day","daily",NA,NA,NA
"2024-09-13",58.151,FALSE,NA,NA,"<= day","daily",NA,NA,NA
"2024-09-14",98.854,FALSE,NA,NA,"<= day","daily",NA,NA,NA
"2024-09-15",74.161,FALSE,NA,NA,"<= day","daily",NA,NA,NA
"2024-09-16",75.86,FALSE,NA,NA,"<= day","daily",NA,NA,NA
"2024-09-17",90.27,FALSE,NA,NA,"<= day","daily",NA,NA,NA
"2024-09-18",60.254,FALSE,NA,NA,"<= day","daily",NA,NA,NA
"2024-09-19",44.875,FALSE,NA,NA,"<= day","daily",NA,NA,NA
"2024-09-20",37.432,FALSE,NA,NA,"<= day","daily",NA,NA,NA
"2024-09-21",34.295,FALSE,NA,NA,"<= day","daily",NA,NA,NA
"2024-09-22",29.419,FALSE,NA,NA,"<= day","daily",NA,NA,NA
"2024-09-23",22.811,FALSE,NA,NA,"<= day","daily",NA,NA,NA
"2024-09-24",25.194,FALSE,NA,NA,"<= day","daily",NA,NA,NA
"2024-09-25",20.106,FALSE,NA,NA,"<= day","daily",NA,NA,NA
"2024-09-26",17.068,FALSE,NA,NA,"<= day","daily",NA,NA,NA
"2024-09-27",28.277,FALSE,NA,NA,"<= day","daily",NA,NA,NA
"2024-09-28",49.995,FALSE,NA,NA,"<= day","daily",NA,NA,NA
"2024-09-29",51.15,FALSE,NA,NA,"<= day","daily",NA,NA,NA
"2024-09-30",34.006,FALSE,NA,NA,"<= day","daily",NA,NA,NA
"2024-10-01",24.821,FALSE,NA,NA,"<= day","daily",NA,NA,NA
"2024-10-02",27.716,FALSE,NA,NA,"<= day","daily",NA,NA,NA
"2024-10-03",26.207,FALSE,NA,NA,"<= day","daily",NA,NA,NA
"2024-10-04",58.775,FALSE,NA,NA,"<= day","daily",NA,NA,NA
"2024-10-05",53.943,FALSE,NA,NA,"<= day","daily",NA,NA,NA
"2024-10-06",42.143,FALSE,NA,NA,"<= day","daily",NA,NA,NA
"2024-10-07",33.917,FALSE,NA,NA,"<= day","daily",NA,NA,NA
"2024-10-08",28.737,FALSE,NA,NA,"<= day","daily",NA,NA,NA
"2024-10-09",35.51,FALSE,NA,NA,"<= day","daily",NA,NA,NA
"2024-10-10",33.452,FALSE,NA,NA,"<= day","daily",NA,NA,NA
"2024-10-11",36.396,FALSE,NA,NA,"<= day","daily",NA,NA,NA
"2024-10-12",31.855,FALSE,NA,NA,"<= day","daily",NA,NA,NA
"2024-10-13",30.31,FALSE,NA,NA,"<= day","daily",NA,NA,NA
"2024-10-14",30.91,FALSE,NA,NA,"<= day","daily",NA,NA,NA
"2024-10-15",22.607,FALSE,NA,NA,"<= day","daily",NA,NA,NA
"2024-10-16",17.321,FALSE,NA,NA,"<= day","daily",NA,NA,NA
"2024-10-17",13.933,FALSE,NA,NA,"<= day","daily",NA,NA,NA
"2024-10-18",15.127,FALSE,NA,NA,"<= day","daily",NA,NA,NA
"2024-10-19",18.002,FALSE,NA,NA,"<= day","daily",NA,NA,NA
"2024-10-20",13.077,FALSE,NA,NA,"<= day","daily",NA,NA,NA
"2024-10-21",10.98,FALSE,NA,NA,"<= day","daily",NA,NA,NA
"2024-10-22",9.692,FALSE,NA,NA,"<= day","daily",NA,NA,NA
"2024-10-23",9.692,FALSE,NA,NA,"<= day","daily",NA,NA,NA
"2024-10-24",9.966,FALSE,NA,NA,"<= day","daily",NA,NA,NA
"2024-10-25",8.78,FALSE,NA,NA,"<= day","daily",NA,NA,NA
"2024-10-26",7.966,FALSE,NA,NA,"<= day","daily",NA,NA,NA
"2024-10-27",7.173,FALSE,NA,NA,"<= day","daily",NA,NA,NA
"2024-10-28",6.509,FALSE,NA,NA,"<= day","daily",NA,NA,NA
"2024-10-29",6.041,FALSE,NA,NA,"<= day","daily",NA,NA,NA
"2024-10-30",5.668,FALSE,NA,NA,"<= day","daily",NA,NA,NA
"2024-10-31",5.288,FALSE,NA,NA,"<= day","daily",NA,NA,NA
"2024-11-01",4.918,FALSE,NA,NA,"<= day","daily",NA,NA,NA
"2024-11-02",4.584,FALSE,NA,NA,"<= day","daily",NA,NA,NA
"2024-11-03",4.307,FALSE,NA,NA,"<= day","daily",NA,NA,NA
"2024-11-04",4.017,FALSE,NA,NA,"<= day","daily",NA,NA,NA
"2024-11-05",3.8,FALSE,NA,NA,"<= day","daily",NA,NA,NA
"2024-11-06",3.547,FALSE,NA,NA,"<= day","daily",NA,NA,NA
"2024-11-07",3.337,FALSE,NA,NA,"<= day","daily",NA,NA,NA
"2024-11-08",3.154,FALSE,NA,NA,"<= day","daily",NA,NA,NA
"2024-11-09",2.953,FALSE,NA,NA,"<= day","daily",NA,NA,NA
"2024-11-10",2.783,FALSE,NA,NA,"<= day","daily",NA,NA,NA
"2024-11-11",2.622,FALSE,NA,NA,"<= day","daily",NA,NA,NA
"2024-11-12",2.554,FALSE,NA,NA,"<= day","daily",NA,NA,NA
"2024-11-13",2.422,FALSE,NA,NA,"<= day","daily",NA,NA,NA
"2024-11-14",2.366,FALSE,NA,NA,"<= day","daily",NA,NA,NA
"2024-11-15",2.253,FALSE,NA,NA,"<= day","daily",NA,NA,NA
"2024-11-16",2.171,FALSE,NA,NA,"<= day","daily",NA,NA,NA
"2024-11-17",2.123,FALSE,NA,NA,"<= day","daily",NA,NA,NA
"2024-11-18",2.309,FALSE,NA,NA,"<= day","daily",NA,NA,NA
"2024-11-19",2.057,FALSE,NA,NA,"<= day","daily",NA,NA,NA
"2024-11-20",4.743,FALSE,NA,NA,"<= day","daily",NA,NA,NA
"2024-11-21",3.364,FALSE,NA,NA,"<= day","daily",NA,NA,NA
"2024-11-22",3.017,FALSE,NA,NA,"<= day","daily",NA,NA,NA
"2024-11-23",2.683,FALSE,NA,NA,"<= day","daily",NA,NA,NA
"2024-11-24",6.787,FALSE,NA,NA,"<= day","daily",NA,NA,NA
"2024-11-25",25.316,FALSE,NA,NA,"<= day","daily",NA,NA,NA
"2024-11-26",34.338,FALSE,NA,NA,"<= day","daily",NA,NA,NA
"2024-11-27",15.907,FALSE,NA,NA,"<= day","daily",NA,NA,NA
"2024-11-28",15.924,FALSE,NA,NA,"<= day","daily",NA,NA,NA
"2024-11-29",13.738,FALSE,NA,NA,"<= day","daily",NA,NA,NA
"2024-11-30",8.804,FALSE,NA,NA,"<= day","daily",NA,NA,NA
"2024-12-01",6.765,FALSE,NA,NA,"<= day","daily",NA,NA,NA
"2024-12-02",6.291,FALSE,NA,NA,"<= day","daily",NA,NA,NA
"2024-12-03",16.197,FALSE,NA,NA,"<= day","daily",NA,NA,NA
"2024-12-04",12.162,FALSE,NA,NA,"<= day","daily",NA,NA,NA
"2024-12-05",8.817,FALSE,NA,NA,"<= day","daily",NA,NA,NA
"2024-12-06",30.441,FALSE,NA,NA,"<= day","daily",NA,NA,NA
"2024-12-07",24.884,FALSE,NA,NA,"<= day","daily",NA,NA,NA
"2024-12-08",15.322,FALSE,NA,NA,"<= day","daily",NA,NA,NA
"2024-12-09",9.603,FALSE,NA,NA,"<= day","daily",NA,NA,NA
"2024-12-10",7.691,FALSE,NA,NA,"<= day","daily",NA,NA,NA
"2024-12-11",6.534,FALSE,NA,NA,"<= day","daily",NA,NA,NA
"2024-12-12",5.693,FALSE,NA,NA,"<= day","daily",NA,NA,NA
"2024-12-13",5.38,FALSE,NA,NA,"<= day","daily",NA,NA,NA
"2024-12-14",5.095,FALSE,NA,NA,"<= day","daily",NA,NA,NA
"2024-12-15",4.656,FALSE,NA,NA,"<= day","daily",NA,NA,NA
"2024-12-16",6.92,FALSE,NA,NA,"<= day","daily",NA,NA,NA
"2024-12-17",18.838,FALSE,NA,NA,"<= day","daily",NA,NA,NA
"2024-12-18",18.881,FALSE,NA,NA,"<= day","daily",NA,NA,NA
"2024-12-19",28.598,FALSE,NA,NA,"<= day","daily",NA,NA,NA
"2024-12-20",28.77,FALSE,NA,NA,"<= day","daily",NA,NA,NA
"2024-12-21",15.153,FALSE,NA,NA,"<= day","daily",NA,NA,NA
"2024-12-22",45.456,FALSE,NA,NA,"<= day","daily",NA,NA,NA
"2024-12-23",31.797,FALSE,NA,NA,"<= day","daily",NA,NA,NA
"2024-12-24",16.362,FALSE,NA,NA,"<= day","daily",NA,NA,NA
"2024-12-25",11.871,FALSE,NA,NA,"<= day","daily",NA,NA,NA
"2024-12-26",10.014,FALSE,NA,NA,"<= day","daily",NA,NA,NA
"2024-12-27",9.231,FALSE,NA,NA,"<= day","daily",NA,NA,NA
"2024-12-28",9.519,FALSE,NA,NA,"<= day","daily",NA,NA,NA
"2024-12-29",9.992,FALSE,NA,NA,"<= day","daily",NA,NA,NA
"2024-12-30",9.733,FALSE,NA,NA,"<= day","daily",NA,NA,NA
"2024-12-31",9.333,FALSE,NA,NA,"<= day","daily",NA,NA,NA
