"date","discharge","qc_flag","qc_type","qc_detect_method","temp_res","temp_res_dom","dq_issue","cpd_segment_id","cpd_segment_main"
"2014-01-01",941.01,FALSE,NA,NA,"<= day","daily",NA,1,FALSE
"2014-01-02",839.267,FALSE,NA,NA,"<= day","daily",NA,1,FALSE
"2014-01-03",836.285,FALSE,NA,NA,"<= day","daily",NA,1,FALSE
"2014-01-04",1050.691,FALSE,NA,NA,"<= day","daily",NA,1,FALSE
"2014-01-07",970.25,FALSE,NA,NA,"<= day","daily",NA,1,FALSE
"2014-01-08",819.25,FALSE,NA,NA,"<= day","daily",NA,1,FALSE
"2014-01-09",664.208,FALSE,NA,NA,"<= day","daily",NA,1,FALSE
"2014-01-10",588.972,FALSE,NA,NA,"<= day","daily",NA,1,FALSE
"2014-01-11",517.528,FALSE,NA,NA,"<= day","daily",NA,1,FALSE
"2014-01-12",451.997,FALSE,NA,NA,"<= day","daily",NA,1,FALSE
"2014-01-13",422.285,FALSE,NA,NA,"<= day","daily",NA,1,FALSE
"2014-01-14",424.583,FALSE,NA,NA,"<= day","daily",NA,1,FALSE
"2014-01-15",470.712,FALSE,NA,NA,"<= day","daily",NA,1,FALSE
"2014-01-16",624.392,FALSE,NA,NA,"<= day","daily",NA,1,FALSE
"2014-01-17",878.455,FALSE,NA,NA,"<= day","daily",NA,1,FALSE
"2014-01-18",675.438,FALSE,NA,NA,"<= day","daily",NA,1,FALSE
"2014-01-19",608.67,FALSE,NA,NA,"<= day","daily",NA,1,FALSE
"2014-01-20",541.896,FALSE,NA,NA,"<= day","daily",NA,1,FALSE
"2014-01-21",530.201,FALSE,NA,NA,"<= day","daily",NA,1,FALSE
"2014-01-22",500.229,FALSE,NA,NA,"<= day","daily",NA,1,FALSE
"2014-01-23",454.691,FALSE,NA,NA,"<= day","daily",NA,1,FALSE
"2014-01-24",968.812,FALSE,NA,NA,"<= day","daily",NA,1,FALSE
"2014-01-25",812.535,FALSE,NA,NA,"<= day","daily",NA,1,FALSE
"2014-01-26",764.691,FALSE,NA,NA,"<= day","daily",NA,1,FALSE
"2014-01-27",871.344,FALSE,NA,NA,"<= day","daily",NA,1,FALSE
"2014-01-28",740.76,FALSE,NA,NA,"<= day","daily",NA,1,FALSE
"2014-01-29",685.122,FALSE,NA,NA,"<= day","daily",NA,1,FALSE
"2014-01-30",643.139,FALSE,NA,NA,"<= day","daily",NA,1,FALSE
"2014-01-31",606.781,FALSE,NA,NA,"<= day","daily",NA,1,FALSE
"2014-02-01",575.948,FALSE,NA,NA,"<= day","daily",NA,1,FALSE
"2014-02-02",549.382,FALSE,NA,NA,"<= day","daily",NA,1,FALSE
"2014-02-03",527.09,FALSE,NA,NA,"<= day","daily",NA,1,FALSE
"2014-02-04",508.132,FALSE,NA,NA,"<= day","daily",NA,1,FALSE
"2014-02-05",493.649,FALSE,NA,NA,"<= day","daily",NA,1,FALSE
"2014-02-06",481.149,FALSE,NA,NA,"<= day","daily",NA,1,FALSE
"2014-02-07",470.316,FALSE,NA,NA,"<= day","daily",NA,1,FALSE
"2014-02-08",462.191,FALSE,NA,NA,"<= day","daily",NA,1,FALSE
"2014-02-09",460,FALSE,NA,NA,"<= day","daily",NA,1,FALSE
"2014-02-10",450.316,FALSE,NA,NA,"<= day","daily",NA,1,FALSE
"2014-02-11",450,FALSE,NA,NA,"<= day","daily",NA,1,FALSE
"2014-02-12",450,FALSE,NA,NA,"<= day","daily",NA,1,FALSE
"2014-02-13",450,FALSE,NA,NA,"<= day","daily",NA,1,FALSE
"2014-02-14",450,FALSE,NA,NA,"<= day","daily",NA,1,FALSE
"2014-02-15",450,FALSE,NA,NA,"<= day","daily",NA,1,FALSE
"2014-02-18",440,FALSE,NA,NA,"<= day","daily",NA,1,FALSE
"2014-02-19",439.691,FALSE,NA,NA,"<= day","daily",NA,1,FALSE
"2014-02-20",430,FALSE,NA,NA,"<= day","daily",NA,1,FALSE
"2014-02-21",425.941,FALSE,NA,NA,"<= day","daily",NA,1,FALSE
"2014-02-22",417.191,FALSE,NA,NA,"<= day","daily",NA,1,FALSE
"2014-02-23",406.358,FALSE,NA,NA,"<= day","daily",NA,1,FALSE
"2014-02-24",393.858,FALSE,NA,NA,"<= day","daily",NA,1,FALSE
"2014-02-25",377.09,FALSE,NA,NA,"<= day","daily",NA,1,FALSE
"2014-02-26",358.965,FALSE,NA,NA,"<= day","daily",NA,1,FALSE
"2014-02-27",337.507,FALSE,NA,NA,"<= day","daily",NA,1,FALSE
"2014-02-28",311.781,FALSE,NA,NA,"<= day","daily",NA,1,FALSE
"2014-03-01",284.073,FALSE,NA,NA,"<= day","daily",NA,1,FALSE
"2014-03-02",252.615,FALSE,NA,NA,"<= day","daily",NA,1,FALSE
"2014-03-03",217.306,FALSE,NA,NA,"<= day","daily",NA,1,FALSE
"2014-03-04",190.524,FALSE,NA,NA,"<= day","daily",NA,1,FALSE
"2014-03-05",190,FALSE,NA,NA,"<= day","daily",NA,1,FALSE
"2014-03-06",190,FALSE,NA,NA,"<= day","daily",NA,1,FALSE
"2014-03-07",190,FALSE,NA,NA,"<= day","daily",NA,1,FALSE
"2014-03-08",190,FALSE,NA,NA,"<= day","daily",NA,1,FALSE
"2014-03-09",190,FALSE,NA,NA,"<= day","daily",NA,1,FALSE
"2014-03-10",190,FALSE,NA,NA,"<= day","daily",NA,1,FALSE
"2014-03-11",190,FALSE,NA,NA,"<= day","daily",NA,1,FALSE
"2014-03-12",190,FALSE,NA,NA,"<= day","daily",NA,1,FALSE
"2014-03-13",190,FALSE,NA,NA,"<= day","daily",NA,1,FALSE
"2014-03-14",190,FALSE,NA,NA,"<= day","daily",NA,1,FALSE
"2014-03-15",190,FALSE,NA,NA,"<= day","daily",NA,1,FALSE
"2014-03-16",190,FALSE,NA,NA,"<= day","daily",NA,1,FALSE
"2014-03-17",190,FALSE,NA,NA,"<= day","daily",NA,1,FALSE
"2014-03-18",190,FALSE,NA,NA,"<= day","daily",NA,1,FALSE
"2014-03-19",190,FALSE,NA,NA,"<= day","daily",NA,1,FALSE
"2014-03-20",190,FALSE,NA,NA,"<= day","daily",NA,1,FALSE
"2014-03-21",190,FALSE,NA,NA,"<= day","daily",NA,1,FALSE
"2014-03-22",190,FALSE,NA,NA,"<= day","daily",NA,1,FALSE
"2014-03-23",190,FALSE,NA,NA,"<= day","daily",NA,1,FALSE
"2014-03-24",188.024,FALSE,NA,NA,"<= day","daily",NA,1,FALSE
"2014-03-25",180,FALSE,NA,NA,"<= day","daily",NA,1,FALSE
"2014-03-26",180,FALSE,NA,NA,"<= day","daily",NA,1,FALSE
"2014-03-27",180,FALSE,NA,NA,"<= day","daily",NA,1,FALSE
"2014-03-28",180,FALSE,NA,NA,"<= day","daily",NA,1,FALSE
"2014-03-29",180,FALSE,NA,NA,"<= day","daily",NA,1,FALSE
"2014-03-30",180,FALSE,NA,NA,"<= day","daily",NA,1,FALSE
"2014-03-31",180,FALSE,NA,NA,"<= day","daily",NA,1,FALSE
"2014-04-01",180,FALSE,NA,NA,"<= day","daily",NA,1,FALSE
"2014-04-02",180,FALSE,NA,NA,"<= day","daily",NA,1,FALSE
"2014-04-03",179.691,FALSE,NA,NA,"<= day","daily",NA,1,FALSE
"2014-04-04",174.167,FALSE,NA,NA,"<= day","daily",NA,1,FALSE
"2014-04-05",166.358,FALSE,NA,NA,"<= day","daily",NA,1,FALSE
"2014-04-06",157.191,FALSE,NA,NA,"<= day","daily",NA,1,FALSE
"2014-04-07",152.708,FALSE,NA,NA,"<= day","daily",NA,1,FALSE
"2014-04-08",152.708,FALSE,NA,NA,"<= day","daily",NA,1,FALSE
"2014-04-09",144.274,FALSE,NA,NA,"<= day","daily",NA,1,FALSE
"2014-04-10",143.958,FALSE,NA,NA,"<= day","daily",NA,1,FALSE
"2014-04-11",142.5,FALSE,NA,NA,"<= day","daily",NA,1,FALSE
"2014-04-12",135.524,FALSE,NA,NA,"<= day","daily",NA,1,FALSE
"2014-04-13",126.983,FALSE,NA,NA,"<= day","daily",NA,1,FALSE
"2014-04-14",120.417,FALSE,NA,NA,"<= day","daily",NA,1,FALSE
"2014-04-15",113.233,FALSE,NA,NA,"<= day","daily",NA,1,FALSE
"2014-04-16",112.917,FALSE,NA,NA,"<= day","daily",NA,1,FALSE
"2014-04-17",111.875,FALSE,NA,NA,"<= day","daily",NA,1,FALSE
"2014-04-18",109.792,FALSE,NA,NA,"<= day","daily",NA,1,FALSE
"2014-04-19",110,FALSE,NA,NA,"<= day","daily",NA,1,FALSE
"2014-04-20",110,FALSE,NA,NA,"<= day","daily",NA,1,FALSE
"2014-04-21",115.101,FALSE,NA,NA,"<= day","daily",NA,1,FALSE
"2014-04-22",109.59,FALSE,NA,NA,"<= day","daily",NA,1,FALSE
"2014-04-23",103.125,FALSE,NA,NA,"<= day","daily",NA,1,FALSE
"2014-04-24",102.708,FALSE,NA,NA,"<= day","daily",NA,1,FALSE
"2014-04-25",100,FALSE,NA,NA,"<= day","daily",NA,1,FALSE
"2014-04-26",100,FALSE,NA,NA,"<= day","daily",NA,1,FALSE
"2014-04-27",100,FALSE,NA,NA,"<= day","daily",NA,1,FALSE
"2014-04-28",96.774,FALSE,NA,NA,"<= day","daily",NA,1,FALSE
"2014-04-29",94.684,FALSE,NA,NA,"<= day","daily",NA,1,FALSE
"2014-04-30",93.649,FALSE,NA,NA,"<= day","daily",NA,1,FALSE
"2014-05-01",97.392,FALSE,NA,NA,"<= day","daily",NA,1,FALSE
"2014-05-02",119.885,FALSE,NA,NA,"<= day","daily",NA,1,FALSE
"2014-05-03",119.174,FALSE,NA,NA,"<= day","daily",NA,1,FALSE
"2014-05-04",104.59,FALSE,NA,NA,"<= day","daily",NA,1,FALSE
"2014-05-05",93.333,FALSE,NA,NA,"<= day","daily",NA,1,FALSE
"2014-05-06",90.208,FALSE,NA,NA,"<= day","daily",NA,1,FALSE
"2014-05-07",95.833,FALSE,NA,NA,"<= day","daily",NA,1,FALSE
"2014-05-08",95.625,FALSE,NA,NA,"<= day","daily",NA,1,FALSE
"2014-05-09",91.875,FALSE,NA,NA,"<= day","daily",NA,1,FALSE
"2014-05-10",92.708,FALSE,NA,NA,"<= day","daily",NA,1,FALSE
"2014-05-11",98.219,FALSE,NA,NA,"<= day","daily",NA,1,FALSE
"2014-05-12",151.014,FALSE,NA,NA,"<= day","daily",NA,1,FALSE
"2014-05-13",202.896,FALSE,NA,NA,"<= day","daily",NA,1,FALSE
"2014-05-14",268.972,FALSE,NA,NA,"<= day","daily",NA,1,FALSE
"2014-05-15",205.948,FALSE,NA,NA,"<= day","daily",NA,1,FALSE
"2014-05-16",176.365,FALSE,NA,NA,"<= day","daily",NA,1,FALSE
"2014-05-17",156.774,FALSE,NA,NA,"<= day","daily",NA,1,FALSE
"2014-05-18",143.34,FALSE,NA,NA,"<= day","daily",NA,1,FALSE
"2014-05-19",133.542,FALSE,NA,NA,"<= day","daily",NA,1,FALSE
"2014-05-20",127.191,FALSE,NA,NA,"<= day","daily",NA,1,FALSE
"2014-05-21",168.615,FALSE,NA,NA,"<= day","daily",NA,1,FALSE
"2014-05-22",218.521,FALSE,NA,NA,"<= day","daily",NA,1,FALSE
"2014-05-23",443.795,FALSE,NA,NA,"<= day","daily",NA,1,FALSE
"2014-05-24",663.951,FALSE,NA,NA,"<= day","daily",NA,1,FALSE
"2014-05-25",388.24,FALSE,NA,NA,"<= day","daily",NA,1,FALSE
"2014-05-26",1191.993,FALSE,NA,NA,"<= day","daily",NA,1,FALSE
"2014-05-27",1348.962,FALSE,NA,NA,"<= day","daily",NA,1,FALSE
"2014-05-28",767.517,FALSE,NA,NA,"<= day","daily",NA,1,FALSE
"2014-05-29",559.215,FALSE,NA,NA,"<= day","daily",NA,1,FALSE
"2014-05-30",456.903,FALSE,NA,NA,"<= day","daily",NA,1,FALSE
"2014-05-31",396.372,FALSE,NA,NA,"<= day","daily",NA,1,FALSE
"2014-06-01",354.49,FALSE,NA,NA,"<= day","daily",NA,1,FALSE
"2014-06-02",327.299,FALSE,NA,NA,"<= day","daily",NA,1,FALSE
"2014-06-03",311.774,FALSE,NA,NA,"<= day","daily",NA,1,FALSE
"2014-06-04",294.691,FALSE,NA,NA,"<= day","daily",NA,1,FALSE
"2014-06-05",297.924,FALSE,NA,NA,"<= day","daily",NA,1,FALSE
"2014-06-06",270.108,FALSE,NA,NA,"<= day","daily",NA,1,FALSE
"2014-06-07",262.399,FALSE,NA,NA,"<= day","daily",NA,1,FALSE
"2014-06-08",250.733,FALSE,NA,NA,"<= day","daily",NA,1,FALSE
"2014-06-09",246.042,FALSE,NA,NA,"<= day","daily",NA,1,FALSE
"2014-06-10",233.34,FALSE,NA,NA,"<= day","daily",NA,1,FALSE
"2014-06-11",228.024,FALSE,NA,NA,"<= day","daily",NA,1,FALSE
"2014-06-12",221.458,FALSE,NA,NA,"<= day","daily",NA,1,FALSE
"2014-06-13",217.292,FALSE,NA,NA,"<= day","daily",NA,1,FALSE
"2014-06-14",211.358,FALSE,NA,NA,"<= day","daily",NA,1,FALSE
"2014-06-15",205.833,FALSE,NA,NA,"<= day","daily",NA,1,FALSE
"2014-06-16",202.399,FALSE,NA,NA,"<= day","daily",NA,1,FALSE
"2014-06-17",195.833,FALSE,NA,NA,"<= day","daily",NA,1,FALSE
"2014-06-18",193.858,FALSE,NA,NA,"<= day","daily",NA,1,FALSE
"2014-06-19",187.083,FALSE,NA,NA,"<= day","daily",NA,1,FALSE
"2014-06-20",183.233,FALSE,NA,NA,"<= day","daily",NA,1,FALSE
"2014-06-21",178.75,FALSE,NA,NA,"<= day","daily",NA,1,FALSE
"2014-06-22",176.042,FALSE,NA,NA,"<= day","daily",NA,1,FALSE
"2014-06-23",171.458,FALSE,NA,NA,"<= day","daily",NA,1,FALSE
"2014-06-24",178.434,FALSE,NA,NA,"<= day","daily",NA,1,FALSE
"2014-06-25",171.674,FALSE,NA,NA,"<= day","daily",NA,1,FALSE
"2014-06-26",169.167,FALSE,NA,NA,"<= day","daily",NA,1,FALSE
"2014-06-27",165.208,FALSE,NA,NA,"<= day","daily",NA,1,FALSE
"2014-06-28",162.083,FALSE,NA,NA,"<= day","daily",NA,1,FALSE
"2014-06-29",218.844,FALSE,NA,NA,"<= day","daily",NA,1,FALSE
"2014-06-30",192.191,FALSE,NA,NA,"<= day","daily",NA,1,FALSE
"2014-07-01",171.674,FALSE,NA,NA,"<= day","daily",NA,1,FALSE
"2014-07-02",179.958,FALSE,NA,NA,"<= day","daily",NA,1,FALSE
"2014-07-03",206.809,FALSE,NA,NA,"<= day","daily",NA,1,FALSE
"2014-07-04",178.427,FALSE,NA,NA,"<= day","daily",NA,1,FALSE
"2014-07-05",253.958,FALSE,NA,NA,"<= day","daily",NA,1,FALSE
"2014-07-06",186.573,FALSE,NA,NA,"<= day","daily",NA,1,FALSE
"2014-07-07",175.719,FALSE,NA,NA,"<= day","daily",NA,1,FALSE
"2014-07-08",380.729,FALSE,NA,NA,"<= day","daily",NA,1,FALSE
"2014-07-09",614.955,FALSE,NA,NA,"<= day","daily",NA,1,FALSE
"2014-07-10",1782.667,FALSE,NA,NA,"<= day","daily",NA,1,FALSE
"2014-07-12",2025.708,FALSE,NA,NA,"<= week","daily",NA,1,FALSE
"2014-07-14",997.99,FALSE,NA,NA,"<= day","daily",NA,1,FALSE
"2014-07-15",696.649,FALSE,NA,NA,"<= day","daily",NA,1,FALSE
"2014-07-16",524.51,FALSE,NA,NA,"<= day","daily",NA,1,FALSE
"2014-07-17",449.503,FALSE,NA,NA,"<= day","daily",NA,1,FALSE
"2014-07-18",394.08,FALSE,NA,NA,"<= day","daily",NA,1,FALSE
"2014-07-19",350.74,FALSE,NA,NA,"<= day","daily",NA,1,FALSE
"2014-07-20",284.087,FALSE,NA,NA,"<= day","daily",NA,1,FALSE
"2014-07-21",320.528,FALSE,NA,NA,"<= day","daily",NA,1,FALSE
"2014-07-22",1123.446,FALSE,NA,NA,"<= day","daily",NA,1,FALSE
"2014-07-24",843.25,FALSE,NA,NA,"<= day","daily",NA,1,FALSE
"2014-07-25",506.354,FALSE,NA,NA,"<= day","daily",NA,1,FALSE
"2014-07-26",435.639,FALSE,NA,NA,"<= day","daily",NA,1,FALSE
"2014-07-27",369.604,FALSE,NA,NA,"<= day","daily",NA,1,FALSE
"2014-07-28",432.5,FALSE,NA,NA,"<= day","daily",NA,1,FALSE
"2014-07-29",1589.868,FALSE,NA,NA,"<= day","daily",NA,1,FALSE
"2014-07-30",5347.067,FALSE,NA,NA,"<= day","daily",NA,1,FALSE
"2014-08-02",874.08,FALSE,NA,NA,"<= day","daily",NA,1,FALSE
"2014-08-03",601.028,FALSE,NA,NA,"<= day","daily",NA,1,FALSE
"2014-08-04",638.865,FALSE,NA,NA,"<= day","daily",NA,1,FALSE
"2014-08-05",608.92,FALSE,NA,NA,"<= day","daily",NA,1,FALSE
"2014-08-06",453.26,FALSE,NA,NA,"<= day","daily",NA,1,FALSE
"2014-08-07",372.212,FALSE,NA,NA,"<= day","daily",NA,1,FALSE
"2014-08-08",325.323,FALSE,NA,NA,"<= day","daily",NA,1,FALSE
"2014-08-09",421.403,FALSE,NA,NA,"<= day","daily",NA,1,FALSE
"2014-08-10",542.955,FALSE,NA,NA,"<= day","daily",NA,1,FALSE
"2014-08-11",774.36,FALSE,NA,NA,"<= day","daily",NA,1,FALSE
"2014-08-12",652.237,FALSE,NA,NA,"<= day","daily",NA,1,FALSE
"2014-08-13",534.365,FALSE,NA,NA,"<= day","daily",NA,1,FALSE
"2014-08-14",664.927,FALSE,NA,NA,"<= day","daily",NA,1,FALSE
"2014-08-15",662.076,FALSE,NA,NA,"<= day","daily",NA,1,FALSE
"2014-08-16",622.233,FALSE,NA,NA,"<= day","daily",NA,1,FALSE
"2014-08-17",525.767,FALSE,NA,NA,"<= day","daily",NA,1,FALSE
"2014-08-18",448.146,FALSE,NA,NA,"<= day","daily",NA,1,FALSE
"2014-08-19",381.271,FALSE,NA,NA,"<= day","daily",NA,1,FALSE
"2014-08-20",327.938,FALSE,NA,NA,"<= day","daily",NA,1,FALSE
"2014-08-21",285.74,FALSE,NA,NA,"<= day","daily",NA,1,FALSE
"2014-08-22",261.882,FALSE,NA,NA,"<= day","daily",NA,1,FALSE
"2014-08-23",234.49,FALSE,NA,NA,"<= day","daily",NA,1,FALSE
"2014-08-24",214.899,FALSE,NA,NA,"<= day","daily",NA,1,FALSE
"2014-08-25",204.691,FALSE,NA,NA,"<= day","daily",NA,1,FALSE
"2014-08-26",243.944,FALSE,NA,NA,"<= day","daily",NA,1,FALSE
"2014-08-27",215.639,FALSE,NA,NA,"<= day","daily",NA,1,FALSE
"2014-08-28",189.799,FALSE,NA,NA,"<= day","daily",NA,1,FALSE
"2014-08-29",215.785,FALSE,NA,NA,"<= day","daily",NA,1,FALSE
"2014-08-30",282.326,FALSE,NA,NA,"<= day","daily",NA,1,FALSE
"2014-08-31",203.757,FALSE,NA,NA,"<= day","daily",NA,1,FALSE
"2014-09-01",200.833,FALSE,NA,NA,"<= day","daily",NA,1,FALSE
"2014-09-02",183.031,FALSE,NA,NA,"<= day","daily",NA,1,FALSE
"2014-09-03",165.524,FALSE,NA,NA,"<= day","daily",NA,1,FALSE
"2014-09-04",161.667,FALSE,NA,NA,"<= day","daily",NA,1,FALSE
"2014-09-05",153.441,FALSE,NA,NA,"<= day","daily",NA,1,FALSE
"2014-09-06",147.917,FALSE,NA,NA,"<= day","daily",NA,1,FALSE
"2014-09-07",144.174,FALSE,NA,NA,"<= day","daily",NA,1,FALSE
"2014-09-08",135.208,FALSE,NA,NA,"<= day","daily",NA,1,FALSE
"2014-09-09",126.257,FALSE,NA,NA,"<= day","daily",NA,1,FALSE
"2014-09-10",119.792,FALSE,NA,NA,"<= day","daily",NA,1,FALSE
"2014-09-11",113.125,FALSE,NA,NA,"<= day","daily",NA,1,FALSE
"2014-09-12",110.833,FALSE,NA,NA,"<= day","daily",NA,1,FALSE
"2014-09-13",110.417,FALSE,NA,NA,"<= day","daily",NA,1,FALSE
"2014-09-14",107.5,FALSE,NA,NA,"<= day","daily",NA,1,FALSE
"2014-09-15",104.691,FALSE,NA,NA,"<= day","daily",NA,1,FALSE
"2014-09-16",102.292,FALSE,NA,NA,"<= day","daily",NA,1,FALSE
"2014-09-17",98.958,FALSE,NA,NA,"<= day","daily",NA,1,FALSE
"2014-09-18",96.566,FALSE,NA,NA,"<= day","daily",NA,1,FALSE
"2014-09-19",96.351,FALSE,NA,NA,"<= day","daily",NA,1,FALSE
"2014-09-20",96.774,FALSE,NA,NA,"<= day","daily",NA,1,FALSE
"2014-09-21",96.976,FALSE,NA,NA,"<= day","daily",NA,1,FALSE
"2014-09-22",107.083,FALSE,NA,NA,"<= day","daily",NA,1,FALSE
"2014-09-23",94.274,FALSE,NA,NA,"<= day","daily",NA,1,FALSE
"2014-09-24",90,FALSE,NA,NA,"<= day","daily",NA,1,FALSE
"2014-09-25",90.833,FALSE,NA,NA,"<= day","daily",NA,1,FALSE
"2014-09-26",91.149,FALSE,NA,NA,"<= day","daily",NA,1,FALSE
"2014-09-27",86.458,FALSE,NA,NA,"<= day","daily",NA,1,FALSE
"2014-09-28",84.167,FALSE,NA,NA,"<= day","daily",NA,1,FALSE
"2014-09-29",83.333,FALSE,NA,NA,"<= day","daily",NA,1,FALSE
"2014-09-30",82.292,FALSE,NA,NA,"<= day","daily",NA,1,FALSE
"2014-10-01",82.917,FALSE,NA,NA,"<= day","daily",NA,1,FALSE
"2014-10-02",82.708,FALSE,NA,NA,"<= day","daily",NA,1,FALSE
"2014-10-03",82.083,FALSE,NA,NA,"<= day","daily",NA,1,FALSE
"2014-10-04",81.25,FALSE,NA,NA,"<= day","daily",NA,1,FALSE
"2014-10-05",129.156,FALSE,NA,NA,"<= day","daily",NA,1,FALSE
"2014-10-06",256.865,FALSE,NA,NA,"<= day","daily",NA,1,FALSE
"2014-10-07",227.917,FALSE,NA,NA,"<= day","daily",NA,1,FALSE
"2014-10-08",444.844,FALSE,NA,NA,"<= day","daily",NA,1,FALSE
"2014-10-09",227.628,FALSE,NA,NA,"<= day","daily",NA,1,FALSE
"2014-10-10",486.74,FALSE,NA,NA,"<= day","daily",NA,1,FALSE
"2014-10-11",3463.118,FALSE,NA,NA,"<= day","daily",NA,1,FALSE
"2014-10-12",977.785,FALSE,NA,NA,"<= day","daily",NA,1,FALSE
"2014-10-13",2504.701,FALSE,NA,NA,"<= day","daily",NA,1,FALSE
"2014-10-14",1470.941,FALSE,NA,NA,"<= day","daily",NA,1,FALSE
"2014-10-15",733.049,FALSE,NA,NA,"<= day","daily",NA,1,FALSE
"2014-10-16",540.747,FALSE,NA,NA,"<= day","daily",NA,1,FALSE
"2014-10-17",696.948,FALSE,NA,NA,"<= day","daily",NA,1,FALSE
"2014-10-18",511.521,FALSE,NA,NA,"<= day","daily",NA,1,FALSE
"2014-10-19",397.944,FALSE,NA,NA,"<= day","daily",NA,1,FALSE
"2014-10-20",344.469,FALSE,NA,NA,"<= day","daily",NA,1,FALSE
"2014-10-21",2239.618,FALSE,NA,NA,"<= day","daily",NA,1,FALSE
"2014-10-22",1745.83,FALSE,NA,NA,"<= day","daily",NA,1,FALSE
"2014-10-23",1024.306,FALSE,NA,NA,"<= day","daily",NA,1,FALSE
"2014-10-24",702.253,FALSE,NA,NA,"<= day","daily",NA,1,FALSE
"2014-10-25",523.181,FALSE,NA,NA,"<= day","daily",NA,1,FALSE
"2014-10-26",413.153,FALSE,NA,NA,"<= day","daily",NA,1,FALSE
"2014-10-27",347.205,FALSE,NA,NA,"<= day","daily",NA,1,FALSE
"2014-10-28",305.948,FALSE,NA,NA,"<= day","daily",NA,1,FALSE
"2014-10-29",273.031,FALSE,NA,NA,"<= day","daily",NA,1,FALSE
"2014-10-30",242.514,FALSE,NA,NA,"<= day","daily",NA,1,FALSE
"2014-10-31",217.399,FALSE,NA,NA,"<= day","daily",NA,1,FALSE
"2014-11-01",200.215,FALSE,NA,NA,"<= day","daily",NA,1,FALSE
"2014-11-02",188.333,FALSE,NA,NA,"<= day","daily",NA,1,FALSE
"2014-11-03",184.684,FALSE,NA,NA,"<= day","daily",NA,1,FALSE
"2014-11-04",259.375,FALSE,NA,NA,"<= day","daily",NA,1,FALSE
"2014-11-05",3303.649,FALSE,NA,NA,"<= day","daily",NA,1,FALSE
"2014-11-06",1781.427,FALSE,NA,NA,"<= day","daily",NA,1,FALSE
"2014-11-07",944.924,FALSE,NA,NA,"<= day","daily",NA,1,FALSE
"2014-11-08",647.986,FALSE,NA,NA,"<= day","daily",NA,1,FALSE
"2014-11-09",516.378,FALSE,NA,NA,"<= day","daily",NA,1,FALSE
"2014-11-10",765.347,FALSE,NA,NA,"<= day","daily",NA,1,FALSE
"2014-11-11",612.649,FALSE,NA,NA,"<= day","daily",NA,1,FALSE
"2014-11-12",613.278,FALSE,NA,NA,"<= day","daily",NA,1,FALSE
"2014-11-13",807.198,FALSE,NA,NA,"<= day","daily",NA,1,FALSE
"2014-11-14",655.653,FALSE,NA,NA,"<= day","daily",NA,1,FALSE
"2014-11-15",888.948,FALSE,NA,NA,"<= day","daily",NA,1,FALSE
"2014-11-16",1288.531,FALSE,NA,NA,"<= day","daily",NA,1,FALSE
"2014-11-18",905.345,FALSE,NA,NA,"<= day","daily",NA,1,FALSE
"2014-11-19",622.764,FALSE,NA,NA,"<= day","daily",NA,1,FALSE
"2014-11-20",491.076,FALSE,NA,NA,"<= day","daily",NA,1,FALSE
"2014-11-21",418.562,FALSE,NA,NA,"<= day","daily",NA,1,FALSE
"2014-11-22",362.83,FALSE,NA,NA,"<= day","daily",NA,1,FALSE
"2014-11-23",321.056,FALSE,NA,NA,"<= day","daily",NA,1,FALSE
"2014-11-24",287.823,FALSE,NA,NA,"<= day","daily",NA,1,FALSE
"2014-11-25",260.941,FALSE,NA,NA,"<= day","daily",NA,1,FALSE
"2014-11-26",247.507,FALSE,NA,NA,"<= day","daily",NA,1,FALSE
"2014-11-27",231.882,FALSE,NA,NA,"<= day","daily",NA,1,FALSE
"2014-11-28",215.941,FALSE,NA,NA,"<= day","daily",NA,1,FALSE
"2014-11-29",198.965,FALSE,NA,NA,"<= day","daily",NA,1,FALSE
"2014-11-30",185.733,FALSE,NA,NA,"<= day","daily",NA,1,FALSE
"2014-12-01",176.358,FALSE,NA,NA,"<= day","daily",NA,1,FALSE
"2014-12-02",167.816,FALSE,NA,NA,"<= day","daily",NA,1,FALSE
"2014-12-03",158.649,FALSE,NA,NA,"<= day","daily",NA,1,FALSE
"2014-12-04",150.208,FALSE,NA,NA,"<= day","daily",NA,1,FALSE
"2014-12-05",142.816,FALSE,NA,NA,"<= day","daily",NA,1,FALSE
"2014-12-06",140.625,FALSE,NA,NA,"<= day","daily",NA,1,FALSE
"2014-12-07",133.233,FALSE,NA,NA,"<= day","daily",NA,1,FALSE
"2014-12-08",130,FALSE,NA,NA,"<= day","daily",NA,1,FALSE
"2014-12-09",143.118,FALSE,NA,NA,"<= day","daily",NA,1,FALSE
"2014-12-10",146.042,FALSE,NA,NA,"<= day","daily",NA,1,FALSE
"2014-12-11",169.16,FALSE,NA,NA,"<= day","daily",NA,1,FALSE
"2014-12-12",167.399,FALSE,NA,NA,"<= day","daily",NA,1,FALSE
"2014-12-13",154.066,FALSE,NA,NA,"<= day","daily",NA,1,FALSE
"2014-12-14",164.146,FALSE,NA,NA,"<= day","daily",NA,1,FALSE
"2014-12-15",663.628,FALSE,NA,NA,"<= day","daily",NA,1,FALSE
"2014-12-16",621.267,FALSE,NA,NA,"<= day","daily",NA,1,FALSE
"2014-12-17",814.625,FALSE,NA,NA,"<= day","daily",NA,1,FALSE
"2014-12-18",3939.194,FALSE,NA,NA,"<= day","daily",NA,1,FALSE
"2014-12-19",3255.566,FALSE,NA,NA,"<= day","daily",NA,1,FALSE
"2014-12-20",1737.924,FALSE,NA,NA,"<= day","daily",NA,1,FALSE
"2014-12-21",1136.812,FALSE,NA,NA,"<= day","daily",NA,1,FALSE
"2014-12-22",806.549,FALSE,NA,NA,"<= day","daily",NA,1,FALSE
"2014-12-23",631.809,FALSE,NA,NA,"<= day","daily",NA,1,FALSE
"2014-12-24",516.701,FALSE,NA,NA,"<= day","daily",NA,1,FALSE
"2014-12-25",468.549,FALSE,NA,NA,"<= day","daily",NA,1,FALSE
"2014-12-26",412.729,FALSE,NA,NA,"<= day","daily",NA,1,FALSE
"2014-12-27",755.344,FALSE,NA,NA,"<= day","daily",NA,1,FALSE
"2014-12-28",1010.472,FALSE,NA,NA,"<= day","daily",NA,1,FALSE
"2014-12-29",642.757,FALSE,NA,NA,"<= day","daily",NA,1,FALSE
"2014-12-30",576.58,FALSE,NA,NA,"<= day","daily",NA,1,FALSE
"2014-12-31",529.08,FALSE,NA,NA,"<= day","daily",NA,1,FALSE
"2015-01-01",470.229,FALSE,NA,NA,"<= day","daily",NA,1,FALSE
"2015-01-02",474.604,FALSE,NA,NA,"<= day","daily",NA,1,FALSE
"2015-01-03",1433.226,FALSE,NA,NA,"<= day","daily",NA,1,FALSE
"2015-01-04",2890.361,FALSE,NA,NA,"<= day","daily",NA,1,FALSE
"2015-01-07",1085.667,FALSE,NA,NA,"<= day","daily",NA,1,FALSE
"2015-01-08",701.389,FALSE,NA,NA,"<= day","daily",NA,1,FALSE
"2015-01-09",688.837,FALSE,NA,NA,"<= day","daily",NA,1,FALSE
"2015-01-10",786.431,FALSE,NA,NA,"<= day","daily",NA,1,FALSE
"2015-01-11",1311.815,FALSE,NA,NA,"<= day","daily",NA,1,FALSE
"2015-01-13",1411.773,FALSE,NA,NA,"<= day","daily",NA,1,FALSE
"2015-01-14",1259.639,FALSE,NA,NA,"<= day","daily",NA,1,FALSE
"2015-01-15",1191.58,FALSE,NA,NA,"<= day","daily",NA,1,FALSE
"2015-01-16",1753.544,FALSE,NA,NA,"<= day","daily",NA,1,FALSE
"2015-01-19",1984.75,FALSE,NA,NA,"<= day","daily",NA,1,FALSE
"2015-01-20",1616.66,FALSE,NA,NA,"<= day","daily",NA,1,FALSE
"2015-01-21",1187.073,FALSE,NA,NA,"<= day","daily",NA,1,FALSE
"2015-01-22",944.351,FALSE,NA,NA,"<= day","daily",NA,1,FALSE
"2015-01-23",759.431,FALSE,NA,NA,"<= day","daily",NA,1,FALSE
"2015-01-24",638.986,FALSE,NA,NA,"<= day","daily",NA,1,FALSE
"2015-01-25",547.219,FALSE,NA,NA,"<= day","daily",NA,1,FALSE
"2015-01-26",492.493,FALSE,NA,NA,"<= day","daily",NA,1,FALSE
"2015-01-27",1000.781,FALSE,NA,NA,"<= day","daily",NA,1,FALSE
"2015-01-28",876.184,FALSE,NA,NA,"<= day","daily",NA,1,FALSE
"2015-01-29",2014.708,FALSE,NA,NA,"<= day","daily",NA,1,FALSE
"2015-01-30",6512.237,FALSE,NA,NA,"<= day","daily",NA,1,FALSE
"2015-01-31",3104.259,FALSE,NA,NA,"<= day","daily",NA,1,FALSE
"2015-02-01",1613.483,FALSE,NA,NA,"<= day","daily",NA,1,FALSE
"2015-02-02",1165.514,FALSE,NA,NA,"<= day","daily",NA,1,FALSE
"2015-02-03",1001.299,FALSE,NA,NA,"<= day","daily",NA,1,FALSE
"2015-02-04",842.771,FALSE,NA,NA,"<= day","daily",NA,1,FALSE
"2015-02-05",693.368,FALSE,NA,NA,"<= day","daily",NA,1,FALSE
"2015-02-06",600.444,FALSE,NA,NA,"<= day","daily",NA,1,FALSE
"2015-02-07",514.194,FALSE,NA,NA,"<= day","daily",NA,1,FALSE
"2015-02-08",448.872,FALSE,NA,NA,"<= day","daily",NA,1,FALSE
"2015-02-09",398.247,FALSE,NA,NA,"<= day","daily",NA,1,FALSE
"2015-02-10",360.316,FALSE,NA,NA,"<= day","daily",NA,1,FALSE
"2015-02-11",351.875,FALSE,NA,NA,"<= day","daily",NA,1,FALSE
"2015-02-12",361.236,FALSE,NA,NA,"<= day","daily",NA,1,FALSE
"2015-02-13",433.007,FALSE,NA,NA,"<= day","daily",NA,1,FALSE
"2015-02-14",833.656,FALSE,NA,NA,"<= day","daily",NA,1,FALSE
"2015-02-15",1099.694,FALSE,NA,NA,"<= day","daily",NA,1,FALSE
"2015-02-16",845.09,FALSE,NA,NA,"<= day","daily",NA,1,FALSE
"2015-02-17",660.573,FALSE,NA,NA,"<= day","daily",NA,1,FALSE
"2015-02-18",557.104,FALSE,NA,NA,"<= day","daily",NA,1,FALSE
"2015-02-19",494.396,FALSE,NA,NA,"<= day","daily",NA,1,FALSE
"2015-02-20",444.698,FALSE,NA,NA,"<= day","daily",NA,1,FALSE
"2015-02-21",618.733,FALSE,NA,NA,"<= day","daily",NA,1,FALSE
"2015-02-22",606.448,FALSE,NA,NA,"<= day","daily",NA,1,FALSE
"2015-02-23",1055.896,FALSE,NA,NA,"<= day","daily",NA,1,FALSE
"2015-02-24",1657.76,FALSE,NA,NA,"<= day","daily",NA,1,FALSE
"2015-02-25",1280.837,FALSE,NA,NA,"<= day","daily",NA,1,FALSE
"2015-02-26",893.302,FALSE,NA,NA,"<= day","daily",NA,1,FALSE
"2015-02-27",2207.635,FALSE,NA,NA,"<= day","daily",NA,1,FALSE
"2015-02-28",2663.778,FALSE,NA,NA,"<= day","daily",NA,1,FALSE
"2015-03-01",1945.823,FALSE,NA,NA,"<= day","daily",NA,1,FALSE
"2015-03-02",1869.19,FALSE,NA,NA,"<= day","daily",NA,1,FALSE
"2015-03-06",930.083,FALSE,NA,NA,"<= day","daily",NA,1,FALSE
"2015-03-07",713.073,FALSE,NA,NA,"<= day","daily",NA,1,FALSE
"2015-03-08",598.885,FALSE,NA,NA,"<= day","daily",NA,1,FALSE
"2015-03-09",503.677,FALSE,NA,NA,"<= day","daily",NA,1,FALSE
"2015-03-10",426.688,FALSE,NA,NA,"<= day","daily",NA,1,FALSE
"2015-03-11",372.622,FALSE,NA,NA,"<= day","daily",NA,1,FALSE
"2015-03-12",336.781,FALSE,NA,NA,"<= day","daily",NA,1,FALSE
"2015-03-13",307.715,FALSE,NA,NA,"<= day","daily",NA,1,FALSE
"2015-03-14",283.24,FALSE,NA,NA,"<= day","daily",NA,1,FALSE
"2015-03-15",262.608,FALSE,NA,NA,"<= day","daily",NA,1,FALSE
"2015-03-16",244.799,FALSE,NA,NA,"<= day","daily",NA,1,FALSE
"2015-03-17",232.608,FALSE,NA,NA,"<= day","daily",NA,1,FALSE
"2015-03-18",221.149,FALSE,NA,NA,"<= day","daily",NA,1,FALSE
"2015-03-19",211.149,FALSE,NA,NA,"<= day","daily",NA,1,FALSE
"2015-03-20",210,FALSE,NA,NA,"<= day","daily",NA,1,FALSE
"2015-03-21",203.441,FALSE,NA,NA,"<= day","daily",NA,1,FALSE
"2015-03-22",198.233,FALSE,NA,NA,"<= day","daily",NA,1,FALSE
"2015-03-23",190,FALSE,NA,NA,"<= day","daily",NA,1,FALSE
"2015-03-24",190,FALSE,NA,NA,"<= day","daily",NA,1,FALSE
"2015-03-25",190,FALSE,NA,NA,"<= day","daily",NA,1,FALSE
"2015-03-26",184.066,FALSE,NA,NA,"<= day","daily",NA,1,FALSE
"2015-03-27",167.299,FALSE,NA,NA,"<= day","daily",NA,1,FALSE
"2015-03-28",157.608,FALSE,NA,NA,"<= day","daily",NA,1,FALSE
"2015-03-29",164.979,FALSE,NA,NA,"<= day","daily",NA,1,FALSE
"2015-03-30",425.589,FALSE,NA,NA,"<= day","daily",NA,1,FALSE
"2015-04-07",961.53,FALSE,NA,NA,"<= day","daily",NA,1,FALSE
"2015-04-08",668.087,FALSE,NA,NA,"<= day","daily",NA,1,FALSE
"2015-04-09",526.809,FALSE,NA,NA,"<= day","daily",NA,1,FALSE
"2015-04-10",435.444,FALSE,NA,NA,"<= day","daily",NA,1,FALSE
"2015-04-11",366.896,FALSE,NA,NA,"<= day","daily",NA,1,FALSE
"2015-04-12",318.347,FALSE,NA,NA,"<= day","daily",NA,1,FALSE
"2015-04-13",286.781,FALSE,NA,NA,"<= day","daily",NA,1,FALSE
"2015-04-14",263.024,FALSE,NA,NA,"<= day","daily",NA,1,FALSE
"2015-04-15",250.632,FALSE,NA,NA,"<= day","daily",NA,1,FALSE
"2015-04-16",235.941,FALSE,NA,NA,"<= day","daily",NA,1,FALSE
"2015-04-17",236.444,FALSE,NA,NA,"<= day","daily",NA,1,FALSE
"2015-04-18",272.722,FALSE,NA,NA,"<= day","daily",NA,1,FALSE
"2015-04-19",223.441,FALSE,NA,NA,"<= day","daily",NA,1,FALSE
"2015-04-20",208.549,FALSE,NA,NA,"<= day","daily",NA,1,FALSE
"2015-04-21",197.608,FALSE,NA,NA,"<= day","daily",NA,1,FALSE
"2015-04-22",190.208,FALSE,NA,NA,"<= day","daily",NA,1,FALSE
"2015-04-23",190.833,FALSE,NA,NA,"<= day","daily",NA,1,FALSE
"2015-04-24",190.417,FALSE,NA,NA,"<= day","daily",NA,1,FALSE
"2015-04-25",180.941,FALSE,NA,NA,"<= day","daily",NA,1,FALSE
"2015-04-26",178.441,FALSE,NA,NA,"<= day","daily",NA,1,FALSE
"2015-04-27",193.823,FALSE,NA,NA,"<= day","daily",NA,1,FALSE
"2015-04-28",321.094,FALSE,NA,NA,"<= day","daily",NA,1,FALSE
"2015-04-29",371.872,FALSE,NA,NA,"<= day","daily",NA,1,FALSE
"2015-04-30",179.375,FALSE,NA,NA,"<= day","daily",NA,1,FALSE
"2015-05-01",642.025,FALSE,NA,NA,"<= day","daily",NA,1,FALSE
"2015-05-07",985.5,FALSE,NA,NA,"<= day","daily",NA,1,FALSE
"2015-05-08",638.594,FALSE,NA,NA,"<= day","daily",NA,1,FALSE
"2015-05-09",461.701,FALSE,NA,NA,"<= day","daily",NA,1,FALSE
"2015-05-10",377.42,FALSE,NA,NA,"<= day","daily",NA,1,FALSE
"2015-05-11",332.722,FALSE,NA,NA,"<= day","daily",NA,1,FALSE
"2015-05-12",293.031,FALSE,NA,NA,"<= day","daily",NA,1,FALSE
"2015-05-13",263.656,FALSE,NA,NA,"<= day","daily",NA,1,FALSE
"2015-05-14",243.233,FALSE,NA,NA,"<= day","daily",NA,1,FALSE
"2015-05-15",262.58,FALSE,NA,NA,"<= day","daily",NA,1,FALSE
"2015-05-16",250.035,FALSE,NA,NA,"<= day","daily",NA,1,FALSE
"2015-05-17",203.649,FALSE,NA,NA,"<= day","daily",NA,1,FALSE
"2015-05-18",193.858,FALSE,NA,NA,"<= day","daily",NA,1,FALSE
"2015-05-19",181.358,FALSE,NA,NA,"<= day","daily",NA,1,FALSE
"2015-05-20",176.875,FALSE,NA,NA,"<= day","daily",NA,1,FALSE
"2015-05-21",162.715,FALSE,NA,NA,"<= day","daily",NA,1,FALSE
"2015-05-22",157.083,FALSE,NA,NA,"<= day","daily",NA,1,FALSE
"2015-05-23",150.316,FALSE,NA,NA,"<= day","daily",NA,1,FALSE
"2015-05-24",150,FALSE,NA,NA,"<= day","daily",NA,1,FALSE
"2015-05-25",150,FALSE,NA,NA,"<= day","daily",NA,1,FALSE
"2015-05-26",144.066,FALSE,NA,NA,"<= day","daily",NA,1,FALSE
"2015-05-27",136.149,FALSE,NA,NA,"<= day","daily",NA,1,FALSE
"2015-05-28",130,FALSE,NA,NA,"<= day","daily",NA,1,FALSE
"2015-05-29",130,FALSE,NA,NA,"<= day","daily",NA,1,FALSE
"2015-05-30",127.191,FALSE,NA,NA,"<= day","daily",NA,1,FALSE
"2015-05-31",120,FALSE,NA,NA,"<= day","daily",NA,1,FALSE
"2015-06-01",120,FALSE,NA,NA,"<= day","daily",NA,1,FALSE
"2015-06-02",111.566,FALSE,NA,NA,"<= day","daily",NA,1,FALSE
"2015-06-03",110,FALSE,NA,NA,"<= day","daily",NA,1,FALSE
"2015-06-04",103.649,FALSE,NA,NA,"<= day","daily",NA,1,FALSE
"2015-06-05",100,FALSE,NA,NA,"<= day","daily",NA,1,FALSE
"2015-06-06",100,FALSE,NA,NA,"<= day","daily",NA,1,FALSE
"2015-06-07",100,FALSE,NA,NA,"<= day","daily",NA,1,FALSE
"2015-06-08",93.024,FALSE,NA,NA,"<= day","daily",NA,1,FALSE
"2015-06-09",90.417,FALSE,NA,NA,"<= day","daily",NA,1,FALSE
"2015-06-10",90,FALSE,NA,NA,"<= day","daily",NA,1,FALSE
"2015-06-11",90,FALSE,NA,NA,"<= day","daily",NA,1,FALSE
"2015-06-12",85.625,FALSE,NA,NA,"<= day","daily",NA,1,FALSE
"2015-06-13",96.667,FALSE,NA,NA,"<= day","daily",NA,1,FALSE
"2015-06-14",90.309,FALSE,NA,NA,"<= day","daily",NA,1,FALSE
"2015-06-15",539.472,FALSE,NA,NA,"<= day","daily",NA,1,FALSE
"2015-06-16",224.156,FALSE,NA,NA,"<= day","daily",NA,1,FALSE
"2015-06-17",135.323,FALSE,NA,NA,"<= day","daily",NA,1,FALSE
"2015-06-18",106.458,FALSE,NA,NA,"<= day","daily",NA,1,FALSE
"2015-06-19",241.444,FALSE,NA,NA,"<= day","daily",NA,1,FALSE
"2015-06-20",128.455,FALSE,NA,NA,"<= day","daily",NA,1,FALSE
"2015-06-21",103.649,FALSE,NA,NA,"<= day","daily",NA,1,FALSE
"2015-06-22",92.608,FALSE,NA,NA,"<= day","daily",NA,1,FALSE
"2015-06-23",92.083,FALSE,NA,NA,"<= day","daily",NA,1,FALSE
"2015-06-24",83.858,FALSE,NA,NA,"<= day","daily",NA,1,FALSE
"2015-06-25",80,FALSE,NA,NA,"<= day","daily",NA,1,FALSE
"2015-06-26",76.25,FALSE,NA,NA,"<= day","daily",NA,1,FALSE
"2015-06-27",74.899,FALSE,NA,NA,"<= day","daily",NA,1,FALSE
"2015-06-28",70.833,FALSE,NA,NA,"<= day","daily",NA,1,FALSE
"2015-06-29",70,FALSE,NA,NA,"<= day","daily",NA,1,FALSE
"2015-06-30",70,FALSE,NA,NA,"<= day","daily",NA,1,FALSE
"2015-07-01",70,FALSE,NA,NA,"<= day","daily",NA,1,FALSE
"2015-07-02",70,FALSE,NA,NA,"<= day","daily",NA,1,FALSE
"2015-07-03",70,FALSE,NA,NA,"<= day","daily",NA,1,FALSE
"2015-07-04",70,FALSE,NA,NA,"<= day","daily",NA,1,FALSE
"2015-07-05",70,FALSE,NA,NA,"<= day","daily",NA,1,FALSE
"2015-07-06",70,FALSE,NA,NA,"<= day","daily",NA,1,FALSE
"2015-07-07",70,FALSE,NA,NA,"<= day","daily",NA,1,FALSE
"2015-07-08",77.809,FALSE,NA,NA,"<= day","daily",NA,1,FALSE
"2015-07-09",80,FALSE,NA,NA,"<= day","daily",NA,1,FALSE
"2015-07-10",79.792,FALSE,NA,NA,"<= day","daily",NA,1,FALSE
"2015-07-11",80,FALSE,NA,NA,"<= day","daily",NA,1,FALSE
"2015-07-12",80,FALSE,NA,NA,"<= day","daily",NA,1,FALSE
"2015-07-13",80.833,FALSE,NA,NA,"<= day","daily",NA,1,FALSE
"2015-07-14",86.767,FALSE,NA,NA,"<= day","daily",NA,1,FALSE
"2015-07-15",86.25,FALSE,NA,NA,"<= day","daily",NA,1,FALSE
"2015-07-16",88.333,FALSE,NA,NA,"<= day","daily",NA,1,FALSE
"2015-07-17",90,FALSE,NA,NA,"<= day","daily",NA,1,FALSE
"2015-07-18",89.792,FALSE,NA,NA,"<= day","daily",NA,1,FALSE
"2015-07-19",93.851,FALSE,NA,NA,"<= day","daily",NA,1,FALSE
"2015-07-20",89.174,FALSE,NA,NA,"<= day","daily",NA,1,FALSE
"2015-07-21",78.958,FALSE,NA,NA,"<= day","daily",NA,1,FALSE
"2015-07-22",74.375,FALSE,NA,NA,"<= day","daily",NA,1,FALSE
"2015-07-23",90.934,FALSE,NA,NA,"<= day","daily",NA,1,FALSE
"2015-07-24",77.715,FALSE,NA,NA,"<= day","daily",NA,1,FALSE
"2015-07-25",70,FALSE,NA,NA,"<= day","daily",NA,1,FALSE
"2015-07-26",63.858,FALSE,NA,NA,"<= day","daily",NA,1,FALSE
"2015-07-27",62.392,FALSE,NA,NA,"<= day","daily",NA,1,FALSE
"2015-07-28",61.774,FALSE,NA,NA,"<= day","daily",NA,1,FALSE
"2015-07-29",60.726,FALSE,NA,NA,"<= day","daily",NA,1,FALSE
"2015-07-30",64.483,FALSE,NA,NA,"<= day","daily",NA,1,FALSE
"2015-07-31",60,FALSE,NA,NA,"<= day","daily",NA,1,FALSE
"2015-08-01",60,FALSE,NA,NA,"<= day","daily",NA,1,FALSE
"2015-08-02",59.583,FALSE,NA,NA,"<= day","daily",NA,1,FALSE
"2015-08-03",59.375,FALSE,NA,NA,"<= day","daily",NA,1,FALSE
"2015-08-04",60,FALSE,NA,NA,"<= day","daily",NA,1,FALSE
"2015-08-05",60,FALSE,NA,NA,"<= day","daily",NA,1,FALSE
"2015-08-06",54.691,FALSE,NA,NA,"<= day","daily",NA,1,FALSE
"2015-08-07",51.767,FALSE,NA,NA,"<= day","daily",NA,1,FALSE
"2015-08-08",69.785,FALSE,NA,NA,"<= day","daily",NA,1,FALSE
"2015-08-09",73.858,FALSE,NA,NA,"<= day","daily",NA,1,FALSE
"2015-08-10",67.917,FALSE,NA,NA,"<= day","daily",NA,1,FALSE
"2015-08-11",63.441,FALSE,NA,NA,"<= day","daily",NA,1,FALSE
"2015-08-12",57.191,FALSE,NA,NA,"<= day","daily",NA,1,FALSE
"2015-08-13",51.559,FALSE,NA,NA,"<= day","daily",NA,1,FALSE
"2015-08-14",62.601,FALSE,NA,NA,"<= day","daily",NA,1,FALSE
"2015-08-15",89.576,FALSE,NA,NA,"<= day","daily",NA,1,FALSE
"2015-08-16",70.323,FALSE,NA,NA,"<= day","daily",NA,1,FALSE
"2015-08-17",60,FALSE,NA,NA,"<= day","daily",NA,1,FALSE
"2015-08-18",50.108,FALSE,NA,NA,"<= day","daily",NA,1,FALSE
"2015-08-19",50,FALSE,NA,NA,"<= day","daily",NA,1,FALSE
"2015-08-20",50,FALSE,NA,NA,"<= day","daily",NA,1,FALSE
"2015-08-21",49.167,FALSE,NA,NA,"<= day","daily",NA,1,FALSE
"2015-08-22",49.792,FALSE,NA,NA,"<= day","daily",NA,1,FALSE
"2015-08-23",50,FALSE,NA,NA,"<= day","daily",NA,1,FALSE
"2015-08-24",57.91,FALSE,NA,NA,"<= day","daily",NA,1,FALSE
"2015-08-25",65.941,FALSE,NA,NA,"<= day","daily",NA,1,FALSE
"2015-08-26",53.233,FALSE,NA,NA,"<= day","daily",NA,1,FALSE
"2015-08-27",49.792,FALSE,NA,NA,"<= day","daily",NA,1,FALSE
"2015-08-28",45.833,FALSE,NA,NA,"<= day","daily",NA,1,FALSE
"2015-08-29",44.792,FALSE,NA,NA,"<= day","daily",NA,1,FALSE
"2015-08-30",45.625,FALSE,NA,NA,"<= day","daily",NA,1,FALSE
"2015-08-31",43.649,FALSE,NA,NA,"<= day","daily",NA,1,FALSE
"2015-09-01",40.833,FALSE,NA,NA,"<= day","daily",NA,1,FALSE
"2015-09-02",48.642,FALSE,NA,NA,"<= day","daily",NA,1,FALSE
"2015-09-03",43.441,FALSE,NA,NA,"<= day","daily",NA,1,FALSE
"2015-09-04",40,FALSE,NA,NA,"<= day","daily",NA,1,FALSE
"2015-09-05",40,FALSE,NA,NA,"<= day","daily",NA,1,FALSE
"2015-09-06",40,FALSE,NA,NA,"<= day","daily",NA,1,FALSE
"2015-09-07",40,FALSE,NA,NA,"<= day","daily",NA,1,FALSE
"2015-09-08",40,FALSE,NA,NA,"<= day","daily",NA,1,FALSE
"2015-09-09",40,FALSE,NA,NA,"<= day","daily",NA,1,FALSE
"2015-09-10",40,FALSE,NA,NA,"<= day","daily",NA,1,FALSE
"2015-09-11",40,FALSE,NA,NA,"<= day","daily",NA,1,FALSE
"2015-09-12",40,FALSE,NA,NA,"<= day","daily",NA,1,FALSE
"2015-09-13",41.868,FALSE,NA,NA,"<= day","daily",NA,1,FALSE
"2015-09-14",88.535,FALSE,NA,NA,"<= day","daily",NA,1,FALSE
"2015-09-15",65.74,FALSE,NA,NA,"<= day","daily",NA,1,FALSE
"2015-09-16",50,FALSE,NA,NA,"<= day","daily",NA,1,FALSE
"2015-09-17",598.097,FALSE,NA,NA,"<= day","daily",NA,1,FALSE
"2015-09-18",277.392,FALSE,NA,NA,"<= day","daily",NA,1,FALSE
"2015-09-19",120.108,FALSE,NA,NA,"<= day","daily",NA,1,FALSE
"2015-09-20",116.882,FALSE,NA,NA,"<= day","daily",NA,1,FALSE
"2015-09-21",95.632,FALSE,NA,NA,"<= day","daily",NA,1,FALSE
"2015-09-22",84.792,FALSE,NA,NA,"<= day","daily",NA,1,FALSE
"2015-09-23",117.701,FALSE,NA,NA,"<= day","daily",NA,1,FALSE
"2015-09-24",102.924,FALSE,NA,NA,"<= day","daily",NA,1,FALSE
"2015-09-25",89.274,FALSE,NA,NA,"<= day","daily",NA,1,FALSE
"2015-09-26",79.483,FALSE,NA,NA,"<= day","daily",NA,1,FALSE
"2015-09-27",70,FALSE,NA,NA,"<= day","daily",NA,1,FALSE
"2015-09-28",63.441,FALSE,NA,NA,"<= day","daily",NA,1,FALSE
"2015-09-29",60,FALSE,NA,NA,"<= day","daily",NA,1,FALSE
"2015-09-30",60,FALSE,NA,NA,"<= day","daily",NA,1,FALSE
"2015-10-01",58.542,FALSE,NA,NA,"<= day","daily",NA,1,FALSE
"2015-10-02",53.024,FALSE,NA,NA,"<= day","daily",NA,1,FALSE
"2015-10-03",50,FALSE,NA,NA,"<= day","daily",NA,1,FALSE
"2015-10-04",50,FALSE,NA,NA,"<= day","daily",NA,1,FALSE
"2015-10-05",50,FALSE,NA,NA,"<= day","daily",NA,1,FALSE
"2015-10-06",51.351,FALSE,NA,NA,"<= day","daily",NA,1,FALSE
"2015-10-07",63.542,FALSE,NA,NA,"<= day","daily",NA,1,FALSE
"2015-10-08",55.108,FALSE,NA,NA,"<= day","daily",NA,1,FALSE
"2015-10-09",50,FALSE,NA,NA,"<= day","daily",NA,1,FALSE
"2015-10-10",50,FALSE,NA,NA,"<= day","daily",NA,1,FALSE
"2015-10-11",50,FALSE,NA,NA,"<= day","daily",NA,1,FALSE
"2015-10-12",50,FALSE,NA,NA,"<= day","daily",NA,1,FALSE
"2015-10-13",50,FALSE,NA,NA,"<= day","daily",NA,1,FALSE
"2015-10-14",49.792,FALSE,NA,NA,"<= day","daily",NA,1,FALSE
"2015-10-15",48.858,FALSE,NA,NA,"<= day","daily",NA,1,FALSE
"2015-10-16",41.042,FALSE,NA,NA,"<= day","daily",NA,1,FALSE
"2015-10-17",40,FALSE,NA,NA,"<= day","daily",NA,1,FALSE
"2015-10-18",40,FALSE,NA,NA,"<= day","daily",NA,1,FALSE
"2015-10-19",40,FALSE,NA,NA,"<= day","daily",NA,1,FALSE
"2015-10-20",40,FALSE,NA,NA,"<= day","daily",NA,1,FALSE
"2015-10-21",40,FALSE,NA,NA,"<= day","daily",NA,1,FALSE
"2015-10-22",40,FALSE,NA,NA,"<= day","daily",NA,1,FALSE
"2015-10-23",40,FALSE,NA,NA,"<= day","daily",NA,1,FALSE
"2015-10-24",40,FALSE,NA,NA,"<= day","daily",NA,1,FALSE
"2015-10-25",40,FALSE,NA,NA,"<= day","daily",NA,1,FALSE
"2015-10-26",40,FALSE,NA,NA,"<= day","daily",NA,1,FALSE
"2015-10-27",40,FALSE,NA,NA,"<= day","daily",NA,1,FALSE
"2015-10-28",40,FALSE,NA,NA,"<= day","daily",NA,1,FALSE
"2015-10-29",51.767,FALSE,NA,NA,"<= day","daily",NA,1,FALSE
"2015-10-30",50,FALSE,NA,NA,"<= day","daily",NA,1,FALSE
"2015-10-31",41.774,FALSE,NA,NA,"<= day","daily",NA,1,FALSE
"2015-11-01",40,FALSE,NA,NA,"<= day","daily",NA,1,FALSE
"2015-11-02",40,FALSE,NA,NA,"<= day","daily",NA,1,FALSE
"2015-11-03",40,FALSE,NA,NA,"<= day","daily",NA,1,FALSE
"2015-11-04",40,FALSE,NA,NA,"<= day","daily",NA,1,FALSE
"2015-11-05",40,FALSE,NA,NA,"<= day","daily",NA,1,FALSE
"2015-11-06",40,FALSE,NA,NA,"<= day","daily",NA,1,FALSE
"2015-11-07",40,FALSE,NA,NA,"<= day","daily",NA,1,FALSE
"2015-11-08",40,FALSE,NA,NA,"<= day","daily",NA,1,FALSE
"2015-11-09",40,FALSE,NA,NA,"<= day","daily",NA,1,FALSE
"2015-11-10",40,FALSE,NA,NA,"<= day","daily",NA,1,FALSE
"2015-11-11",40,FALSE,NA,NA,"<= day","daily",NA,1,FALSE
"2015-11-12",39.583,FALSE,NA,NA,"<= day","daily",NA,1,FALSE
"2015-11-13",40,FALSE,NA,NA,"<= day","daily",NA,1,FALSE
"2015-11-14",35.316,FALSE,NA,NA,"<= day","daily",NA,1,FALSE
"2015-11-15",35.934,FALSE,NA,NA,"<= day","daily",NA,1,FALSE
"2015-11-16",35.316,FALSE,NA,NA,"<= day","daily",NA,1,FALSE
"2015-11-17",30,FALSE,NA,NA,"<= day","daily",NA,1,FALSE
"2015-11-18",31.767,FALSE,NA,NA,"<= day","daily",NA,1,FALSE
"2015-11-19",39.167,FALSE,NA,NA,"<= day","daily",NA,1,FALSE
"2015-11-20",83.149,FALSE,NA,NA,"<= day","daily",NA,1,FALSE
"2015-11-21",4041.052,FALSE,NA,NA,"<= day","daily",NA,1,FALSE
"2015-11-22",1865.382,FALSE,NA,NA,"<= day","daily",NA,1,FALSE
"2015-11-23",458.74,FALSE,NA,NA,"<= day","daily",NA,1,FALSE
"2015-11-24",307.75,FALSE,NA,NA,"<= day","daily",NA,1,FALSE
"2015-11-25",499.045,FALSE,NA,NA,"<= day","daily",NA,1,FALSE
"2015-11-26",789.177,FALSE,NA,NA,"<= day","daily",NA,1,FALSE
"2015-11-27",495.326,FALSE,NA,NA,"<= day","daily",NA,1,FALSE
"2016-08-24",70,FALSE,NA,NA,"<= day","daily",NA,1,FALSE
"2016-08-25",70,FALSE,NA,NA,"<= day","daily",NA,1,FALSE
"2016-08-26",69.375,FALSE,NA,NA,"<= day","daily",NA,1,FALSE
"2016-08-27",66.25,FALSE,NA,NA,"<= day","daily",NA,1,FALSE
"2016-08-28",65,FALSE,NA,NA,"<= day","daily",NA,1,FALSE
"2016-08-29",63.958,FALSE,NA,NA,"<= day","daily",NA,1,FALSE
"2016-08-30",64.375,FALSE,NA,NA,"<= day","daily",NA,1,FALSE
"2016-08-31",63.958,FALSE,NA,NA,"<= day","daily",NA,1,FALSE
"2016-09-01",62.399,FALSE,NA,NA,"<= day","daily",NA,1,FALSE
"2016-09-02",60,FALSE,NA,NA,"<= day","daily",NA,1,FALSE
"2016-09-03",60,FALSE,NA,NA,"<= day","daily",NA,1,FALSE
"2016-09-04",60,FALSE,NA,NA,"<= day","daily",NA,1,FALSE
"2016-09-05",75.302,FALSE,NA,NA,"<= day","daily",NA,1,FALSE
"2016-09-06",81.465,FALSE,NA,NA,"<= day","daily",NA,1,FALSE
"2016-09-07",68.958,FALSE,NA,NA,"<= day","daily",NA,1,FALSE
"2016-09-08",62.191,FALSE,NA,NA,"<= day","daily",NA,1,FALSE
"2016-09-09",60,FALSE,NA,NA,"<= day","daily",NA,1,FALSE
"2016-09-10",60,FALSE,NA,NA,"<= day","daily",NA,1,FALSE
"2016-09-11",60,FALSE,NA,NA,"<= day","daily",NA,1,FALSE
"2016-09-12",60,FALSE,NA,NA,"<= day","daily",NA,1,FALSE
"2016-09-13",57.917,FALSE,NA,NA,"<= day","daily",NA,1,FALSE
"2016-09-14",57.292,FALSE,NA,NA,"<= day","daily",NA,1,FALSE
"2016-09-15",60,FALSE,NA,NA,"<= day","daily",NA,1,FALSE
"2016-09-16",60,FALSE,NA,NA,"<= day","daily",NA,1,FALSE
"2016-09-17",69.476,FALSE,NA,NA,"<= day","daily",NA,1,FALSE
"2016-09-18",203.33,FALSE,NA,NA,"<= day","daily",NA,1,FALSE
"2016-09-19",192.799,FALSE,NA,NA,"<= day","daily",NA,1,FALSE
"2016-09-20",103.24,FALSE,NA,NA,"<= day","daily",NA,1,FALSE
"2016-09-21",83.649,FALSE,NA,NA,"<= day","daily",NA,1,FALSE
"2016-09-22",73.024,FALSE,NA,NA,"<= day","daily",NA,1,FALSE
"2016-09-23",67.708,FALSE,NA,NA,"<= day","daily",NA,1,FALSE
"2016-09-24",60.941,FALSE,NA,NA,"<= day","daily",NA,1,FALSE
"2016-09-25",60,FALSE,NA,NA,"<= day","daily",NA,1,FALSE
"2016-09-26",60,FALSE,NA,NA,"<= day","daily",NA,1,FALSE
"2016-09-27",57.917,FALSE,NA,NA,"<= day","daily",NA,1,FALSE
"2016-09-28",56.458,FALSE,NA,NA,"<= day","daily",NA,1,FALSE
"2016-09-29",56.458,FALSE,NA,NA,"<= day","daily",NA,1,FALSE
"2016-09-30",60,FALSE,NA,NA,"<= day","daily",NA,1,FALSE
"2016-10-01",83.326,FALSE,NA,NA,"<= day","daily",NA,1,FALSE
"2016-10-02",69.59,FALSE,NA,NA,"<= day","daily",NA,1,FALSE
"2016-10-03",59.167,FALSE,NA,NA,"<= day","daily",NA,1,FALSE
"2016-10-04",55.625,FALSE,NA,NA,"<= day","daily",NA,1,FALSE
"2016-10-05",55.417,FALSE,NA,NA,"<= day","daily",NA,1,FALSE
"2016-10-06",54.066,FALSE,NA,NA,"<= day","daily",NA,1,FALSE
"2016-10-07",51.25,FALSE,NA,NA,"<= day","daily",NA,1,FALSE
"2016-10-08",50,FALSE,NA,NA,"<= day","daily",NA,1,FALSE
"2016-10-09",50,FALSE,NA,NA,"<= day","daily",NA,1,FALSE
"2016-10-10",47.917,FALSE,NA,NA,"<= day","daily",NA,1,FALSE
"2016-10-11",50,FALSE,NA,NA,"<= day","daily",NA,1,FALSE
"2016-10-12",50,FALSE,NA,NA,"<= day","daily",NA,1,FALSE
"2016-10-13",50,FALSE,NA,NA,"<= day","daily",NA,1,FALSE
"2016-10-14",55.101,FALSE,NA,NA,"<= day","daily",NA,1,FALSE
"2016-10-15",58.441,FALSE,NA,NA,"<= day","daily",NA,1,FALSE
"2016-10-16",50,FALSE,NA,NA,"<= day","daily",NA,1,FALSE
"2016-10-17",52.392,FALSE,NA,NA,"<= day","daily",NA,1,FALSE
"2016-10-18",75.826,FALSE,NA,NA,"<= day","daily",NA,1,FALSE
"2016-10-19",72.608,FALSE,NA,NA,"<= day","daily",NA,1,FALSE
"2016-10-20",70,FALSE,NA,NA,"<= day","daily",NA,1,FALSE
"2016-10-21",73.951,FALSE,NA,NA,"<= day","daily",NA,1,FALSE
"2016-10-22",86.983,FALSE,NA,NA,"<= day","daily",NA,1,FALSE
"2016-10-23",74.274,FALSE,NA,NA,"<= day","daily",NA,1,FALSE
"2016-10-24",70.309,FALSE,NA,NA,"<= day","daily",NA,1,FALSE
"2016-10-25",586.528,FALSE,NA,NA,"<= day","daily",NA,1,FALSE
"2016-10-26",242.288,FALSE,NA,NA,"<= day","daily",NA,1,FALSE
"2016-10-27",139.503,FALSE,NA,NA,"<= day","daily",NA,1,FALSE
"2016-10-28",106.882,FALSE,NA,NA,"<= day","daily",NA,1,FALSE
"2016-10-29",93.024,FALSE,NA,NA,"<= day","daily",NA,1,FALSE
"2016-10-30",83.441,FALSE,NA,NA,"<= day","daily",NA,1,FALSE
"2016-10-31",76.149,FALSE,NA,NA,"<= day","daily",NA,1,FALSE
"2016-11-01",70,FALSE,NA,NA,"<= day","daily",NA,1,FALSE
"2016-11-02",70,FALSE,NA,NA,"<= day","daily",NA,1,FALSE
"2016-11-03",69.375,FALSE,NA,NA,"<= day","daily",NA,1,FALSE
"2016-11-04",63.233,FALSE,NA,NA,"<= day","daily",NA,1,FALSE
"2016-11-05",68.528,FALSE,NA,NA,"<= day","daily",NA,1,FALSE
"2016-11-06",438.767,FALSE,NA,NA,"<= day","daily",NA,1,FALSE
"2016-11-07",456.934,FALSE,NA,NA,"<= day","daily",NA,1,FALSE
"2016-11-08",299.035,FALSE,NA,NA,"<= day","daily",NA,1,FALSE
"2016-11-09",329.983,FALSE,NA,NA,"<= day","daily",NA,1,FALSE
"2016-11-10",749.09,FALSE,NA,NA,"<= day","daily",NA,1,FALSE
"2016-11-11",2853.674,FALSE,NA,NA,"<= day","daily",NA,1,FALSE
"2016-11-12",3295.031,FALSE,NA,NA,"<= day","daily",NA,1,FALSE
"2016-11-13",756.91,FALSE,NA,NA,"<= day","daily",NA,1,FALSE
"2016-11-14",493.899,FALSE,NA,NA,"<= day","daily",NA,1,FALSE
"2016-11-15",383.986,FALSE,NA,NA,"<= day","daily",NA,1,FALSE
"2016-11-16",320.215,FALSE,NA,NA,"<= day","daily",NA,1,FALSE
"2016-11-17",467.819,FALSE,NA,NA,"<= day","daily",NA,1,FALSE
"2016-11-18",721.309,FALSE,NA,NA,"<= day","daily",NA,1,FALSE
"2016-11-19",1844.302,FALSE,NA,NA,"<= day","daily",NA,1,FALSE
"2016-11-20",2342.038,FALSE,NA,NA,"<= day","daily",NA,1,FALSE
"2016-11-21",764.017,FALSE,NA,NA,"<= day","daily",NA,1,FALSE
"2016-11-22",604.153,FALSE,NA,NA,"<= day","daily",NA,1,FALSE
"2016-11-23",584.208,FALSE,NA,NA,"<= day","daily",NA,1,FALSE
"2016-11-24",494.92,FALSE,NA,NA,"<= day","daily",NA,1,FALSE
"2016-11-25",432.42,FALSE,NA,NA,"<= day","daily",NA,1,FALSE
"2016-11-26",368.139,FALSE,NA,NA,"<= day","daily",NA,1,FALSE
"2016-11-27",323.764,FALSE,NA,NA,"<= day","daily",NA,1,FALSE
"2016-11-28",284.705,FALSE,NA,NA,"<= day","daily",NA,1,FALSE
"2016-11-29",243.448,FALSE,NA,NA,"<= day","daily",NA,1,FALSE
"2016-11-30",209.49,FALSE,NA,NA,"<= day","daily",NA,1,FALSE
"2016-12-01",192.191,FALSE,NA,NA,"<= day","daily",NA,1,FALSE
"2016-12-02",175.014,FALSE,NA,NA,"<= day","daily",NA,1,FALSE
"2016-12-03",149.483,FALSE,NA,NA,"<= day","daily",NA,1,FALSE
"2016-12-04",136.149,FALSE,NA,NA,"<= day","daily",NA,1,FALSE
"2016-12-05",126.566,FALSE,NA,NA,"<= day","daily",NA,1,FALSE
"2016-12-06",120.208,FALSE,NA,NA,"<= day","daily",NA,1,FALSE
"2016-12-07",90.74,FALSE,NA,NA,"<= day","daily",NA,1,FALSE
"2016-12-08",98.851,FALSE,NA,NA,"<= day","daily",NA,1,FALSE
"2016-12-09",100,FALSE,NA,NA,"<= day","daily",NA,1,FALSE
"2016-12-10",98.333,FALSE,NA,NA,"<= day","daily",NA,1,FALSE
"2016-12-11",90.316,FALSE,NA,NA,"<= day","daily",NA,1,FALSE
"2016-12-12",90,FALSE,NA,NA,"<= day","daily",NA,1,FALSE
"2016-12-13",83.441,FALSE,NA,NA,"<= day","daily",NA,1,FALSE
"2016-12-14",80.417,FALSE,NA,NA,"<= day","daily",NA,1,FALSE
"2016-12-15",80,FALSE,NA,NA,"<= day","daily",NA,1,FALSE
"2016-12-16",80,FALSE,NA,NA,"<= day","daily",NA,1,FALSE
"2016-12-17",74.483,FALSE,NA,NA,"<= day","daily",NA,1,FALSE
"2016-12-18",70,FALSE,NA,NA,"<= day","daily",NA,1,FALSE
"2016-12-19",70,FALSE,NA,NA,"<= day","daily",NA,1,FALSE
"2016-12-20",70,FALSE,NA,NA,"<= day","daily",NA,1,FALSE
"2016-12-21",70.208,FALSE,NA,NA,"<= day","daily",NA,1,FALSE
"2016-12-22",70,FALSE,NA,NA,"<= day","daily",NA,1,FALSE
"2016-12-23",69.375,FALSE,NA,NA,"<= day","daily",NA,1,FALSE
"2016-12-24",68.958,FALSE,NA,NA,"<= day","daily",NA,1,FALSE
"2016-12-25",70,FALSE,NA,NA,"<= day","daily",NA,1,FALSE
"2016-12-26",70,FALSE,NA,NA,"<= day","daily",NA,1,FALSE
"2016-12-27",68.542,FALSE,NA,NA,"<= day","daily",NA,1,FALSE
"2016-12-28",62.191,FALSE,NA,NA,"<= day","daily",NA,1,FALSE
"2016-12-29",60.417,FALSE,NA,NA,"<= day","daily",NA,1,FALSE
"2016-12-30",60,FALSE,NA,NA,"<= day","daily",NA,1,FALSE
"2016-12-31",60,FALSE,NA,NA,"<= day","daily",NA,1,FALSE
"2017-01-01",60,FALSE,NA,NA,"<= day","daily",NA,1,FALSE
"2017-01-02",60,FALSE,NA,NA,"<= day","daily",NA,1,FALSE
"2017-01-03",60,FALSE,NA,NA,"<= day","daily",NA,1,FALSE
"2017-01-04",60,FALSE,NA,NA,"<= day","daily",NA,1,FALSE
"2017-01-05",60,FALSE,NA,NA,"<= day","daily",NA,1,FALSE
"2017-01-06",57.191,FALSE,NA,NA,"<= day","daily",NA,1,FALSE
"2017-01-07",50.417,FALSE,NA,NA,"<= day","daily",NA,1,FALSE
"2017-01-08",50.833,FALSE,NA,NA,"<= day","daily",NA,1,FALSE
"2017-01-09",51.458,FALSE,NA,NA,"<= day","daily",NA,1,FALSE
"2017-01-10",57.076,FALSE,NA,NA,"<= day","daily",NA,1,FALSE
"2017-01-11",122.559,FALSE,NA,NA,"<= day","daily",NA,1,FALSE
"2017-01-12",512.208,FALSE,NA,NA,"<= day","daily",NA,1,FALSE
"2017-01-13",396.896,FALSE,NA,NA,"<= day","daily",NA,1,FALSE
"2017-01-14",332.219,FALSE,NA,NA,"<= day","daily",NA,1,FALSE
"2017-01-15",269.806,FALSE,NA,NA,"<= day","daily",NA,1,FALSE
"2017-01-16",238.34,FALSE,NA,NA,"<= day","daily",NA,1,FALSE
"2017-01-17",163.878,FALSE,NA,NA,"<= day","daily",NA,1,FALSE
"2017-01-18",156.774,FALSE,NA,NA,"<= day","daily",NA,1,FALSE
"2017-01-19",192.917,FALSE,NA,NA,"<= day","daily",NA,1,FALSE
"2017-01-20",138.34,FALSE,NA,NA,"<= day","daily",NA,1,FALSE
"2017-01-21",130.417,FALSE,NA,NA,"<= day","daily",NA,1,FALSE
"2017-01-22",124.066,FALSE,NA,NA,"<= day","daily",NA,1,FALSE
"2017-01-23",95.323,FALSE,NA,NA,"<= day","daily",NA,1,FALSE
"2017-01-24",98.434,FALSE,NA,NA,"<= day","daily",NA,1,FALSE
"2017-01-25",100,FALSE,NA,NA,"<= day","daily",NA,1,FALSE
"2017-01-26",95.316,FALSE,NA,NA,"<= day","daily",NA,1,FALSE
"2017-01-27",92.5,FALSE,NA,NA,"<= day","daily",NA,1,FALSE
"2017-01-28",90,FALSE,NA,NA,"<= day","daily",NA,1,FALSE
"2017-01-29",90,FALSE,NA,NA,"<= day","daily",NA,1,FALSE
"2017-01-30",215.347,FALSE,NA,NA,"<= day","daily",NA,1,FALSE
"2017-01-31",1253.101,FALSE,NA,NA,"<= day","daily",NA,1,FALSE
"2017-02-01",2016.059,FALSE,NA,NA,"<= day","daily",NA,1,FALSE
"2017-02-02",1085.917,FALSE,NA,NA,"<= day","daily",NA,1,FALSE
"2017-02-03",671.472,FALSE,NA,NA,"<= day","daily",NA,1,FALSE
"2017-02-04",696.292,FALSE,NA,NA,"<= day","daily",NA,1,FALSE
"2017-02-05",1029.281,FALSE,NA,NA,"<= day","daily",NA,1,FALSE
"2017-02-06",2346.479,FALSE,NA,NA,"<= day","daily",NA,1,FALSE
"2017-02-07",2456.639,FALSE,NA,NA,"<= day","daily",NA,1,FALSE
"2017-02-08",1558.889,FALSE,NA,NA,"<= day","daily",NA,1,FALSE
"2017-02-09",1142.181,FALSE,NA,NA,"<= day","daily",NA,1,FALSE
"2017-02-10",896.118,FALSE,NA,NA,"<= day","daily",NA,1,FALSE
"2017-02-11",726.083,FALSE,NA,NA,"<= day","daily",NA,1,FALSE
"2017-02-12",616.212,FALSE,NA,NA,"<= day","daily",NA,1,FALSE
"2018-09-18",70,FALSE,NA,NA,"<= day","daily",NA,1,FALSE
"2018-09-19",70,FALSE,NA,NA,"<= day","daily",NA,1,FALSE
"2018-09-20",70,FALSE,NA,NA,"<= day","daily",NA,1,FALSE
"2018-09-21",70,FALSE,NA,NA,"<= day","daily",NA,1,FALSE
"2018-09-22",73.75,FALSE,NA,NA,"<= day","daily",NA,1,FALSE
"2018-09-23",75.41,FALSE,NA,NA,"<= day","daily",NA,1,FALSE
"2018-09-24",100.208,FALSE,NA,NA,"<= day","daily",NA,1,FALSE
"2018-09-25",88.125,FALSE,NA,NA,"<= day","daily",NA,1,FALSE
"2018-09-26",84.174,FALSE,NA,NA,"<= day","daily",NA,1,FALSE
"2018-09-27",70,FALSE,NA,NA,"<= day","daily",NA,1,FALSE
"2018-09-28",70,FALSE,NA,NA,"<= day","daily",NA,1,FALSE
"2018-09-29",70.625,FALSE,NA,NA,"<= day","daily",NA,1,FALSE
"2018-09-30",71.25,FALSE,NA,NA,"<= day","daily",NA,1,FALSE
"2018-10-01",72.5,FALSE,NA,NA,"<= day","daily",NA,1,FALSE
"2018-10-02",95.201,FALSE,NA,NA,"<= day","daily",NA,1,FALSE
"2018-10-03",77.715,FALSE,NA,NA,"<= day","daily",NA,1,FALSE
"2018-10-04",70,FALSE,NA,NA,"<= day","daily",NA,1,FALSE
"2018-10-05",70,FALSE,NA,NA,"<= day","daily",NA,1,FALSE
"2018-10-06",70,FALSE,NA,NA,"<= day","daily",NA,1,FALSE
"2018-10-07",70,FALSE,NA,NA,"<= day","daily",NA,1,FALSE
"2018-10-08",70,FALSE,NA,NA,"<= day","daily",NA,1,FALSE
"2018-10-09",70,FALSE,NA,NA,"<= day","daily",NA,1,FALSE
"2018-10-10",70,FALSE,NA,NA,"<= day","daily",NA,1,FALSE
"2018-10-11",70,FALSE,NA,NA,"<= day","daily",NA,1,FALSE
"2018-10-12",70,FALSE,NA,NA,"<= day","daily",NA,1,FALSE
"2018-10-13",70,FALSE,NA,NA,"<= day","daily",NA,1,FALSE
"2018-10-14",70,FALSE,NA,NA,"<= day","daily",NA,1,FALSE
"2018-10-15",70,FALSE,NA,NA,"<= day","daily",NA,1,FALSE
"2018-10-16",70,FALSE,NA,NA,"<= day","daily",NA,1,FALSE
"2018-10-17",70,FALSE,NA,NA,"<= day","daily",NA,1,FALSE
"2018-10-18",70,FALSE,NA,NA,"<= day","daily",NA,1,FALSE
"2018-10-19",70,FALSE,NA,NA,"<= day","daily",NA,1,FALSE
"2018-10-20",70,FALSE,NA,NA,"<= day","daily",NA,1,FALSE
"2018-10-21",70,FALSE,NA,NA,"<= day","daily",NA,1,FALSE
"2018-10-22",70,FALSE,NA,NA,"<= day","daily",NA,1,FALSE
"2018-10-23",70,FALSE,NA,NA,"<= day","daily",NA,1,FALSE
"2018-10-24",70,FALSE,NA,NA,"<= day","daily",NA,1,FALSE
"2018-10-25",70,FALSE,NA,NA,"<= day","daily",NA,1,FALSE
"2018-10-26",70,FALSE,NA,NA,"<= day","daily",NA,1,FALSE
"2018-10-27",70,FALSE,NA,NA,"<= day","daily",NA,1,FALSE
"2018-10-28",81.451,FALSE,NA,NA,"<= day","daily",NA,1,FALSE
"2018-10-29",90,FALSE,NA,NA,"<= day","daily",NA,1,FALSE
"2018-10-30",90,FALSE,NA,NA,"<= day","daily",NA,1,FALSE
"2018-10-31",90,FALSE,NA,NA,"<= day","daily",NA,1,FALSE
"2018-11-01",90,FALSE,NA,NA,"<= day","daily",NA,1,FALSE
"2018-11-02",80.007,FALSE,NA,NA,"<= day","daily",NA,1,FALSE
"2018-11-03",70,FALSE,NA,NA,"<= day","daily",NA,1,FALSE
"2018-11-04",70,FALSE,NA,NA,"<= day","daily",NA,1,FALSE
"2018-11-05",70,FALSE,NA,NA,"<= day","daily",NA,1,FALSE
"2018-11-06",72.701,FALSE,NA,NA,"<= day","daily",NA,1,FALSE
"2018-11-07",87.5,FALSE,NA,NA,"<= day","daily",NA,1,FALSE
"2018-11-08",96.868,FALSE,NA,NA,"<= day","daily",NA,1,FALSE
"2018-11-09",94.382,FALSE,NA,NA,"<= day","daily",NA,1,FALSE
"2018-11-10",90,FALSE,NA,NA,"<= day","daily",NA,1,FALSE
"2018-11-11",104.569,FALSE,NA,NA,"<= day","daily",NA,1,FALSE
"2018-11-12",111.882,FALSE,NA,NA,"<= day","daily",NA,1,FALSE
"2018-11-13",114.368,FALSE,NA,NA,"<= day","daily",NA,1,FALSE
"2018-11-14",131.875,FALSE,NA,NA,"<= day","daily",NA,1,FALSE
"2018-11-15",113.549,FALSE,NA,NA,"<= day","daily",NA,1,FALSE
"2018-11-16",110,FALSE,NA,NA,"<= day","daily",NA,1,FALSE
"2018-11-17",99.59,FALSE,NA,NA,"<= day","daily",NA,1,FALSE
"2018-11-18",90.625,FALSE,NA,NA,"<= day","daily",NA,1,FALSE
"2018-11-19",90,FALSE,NA,NA,"<= day","daily",NA,1,FALSE
"2018-11-20",90,FALSE,NA,NA,"<= day","daily",NA,1,FALSE
"2018-11-21",90,FALSE,NA,NA,"<= day","daily",NA,1,FALSE
"2018-11-22",90,FALSE,NA,NA,"<= day","daily",NA,1,FALSE
"2018-11-23",90.101,FALSE,NA,NA,"<= day","daily",NA,1,FALSE
"2018-11-24",153.219,FALSE,NA,NA,"<= day","daily",NA,1,FALSE
"2018-11-25",118.132,FALSE,NA,NA,"<= day","daily",NA,1,FALSE
"2018-11-26",110,FALSE,NA,NA,"<= day","daily",NA,1,FALSE
"2018-11-27",96.465,FALSE,NA,NA,"<= day","daily",NA,1,FALSE
"2018-11-28",90,FALSE,NA,NA,"<= day","daily",NA,1,FALSE
"2018-11-29",90,FALSE,NA,NA,"<= day","daily",NA,1,FALSE
"2018-11-30",95.618,FALSE,NA,NA,"<= day","daily",NA,1,FALSE
"2018-12-01",136.66,FALSE,NA,NA,"<= day","daily",NA,1,FALSE
"2018-12-02",246.083,FALSE,NA,NA,"<= day","daily",NA,1,FALSE
"2018-12-03",739.396,FALSE,NA,NA,"<= day","daily",NA,1,FALSE
"2018-12-04",1131.802,FALSE,NA,NA,"<= day","daily",NA,1,FALSE
"2018-12-05",651.243,FALSE,NA,NA,"<= day","daily",NA,1,FALSE
"2018-12-06",508.889,FALSE,NA,NA,"<= day","daily",NA,1,FALSE
"2018-12-07",617.535,FALSE,NA,NA,"<= day","daily",NA,1,FALSE
"2018-12-08",685.92,FALSE,NA,NA,"<= day","daily",NA,1,FALSE
"2018-12-09",888.462,FALSE,NA,NA,"<= day","daily",NA,1,FALSE
"2018-12-10",2904.576,FALSE,NA,NA,"<= day","daily",NA,1,FALSE
"2018-12-11",2390.139,FALSE,NA,NA,"<= day","daily",NA,1,FALSE
"2018-12-12",945.524,FALSE,NA,NA,"<= day","daily",NA,1,FALSE
"2018-12-13",732.965,FALSE,NA,NA,"<= day","daily",NA,1,FALSE
"2018-12-14",567.535,FALSE,NA,NA,"<= day","daily",NA,1,FALSE
"2018-12-15",464.618,FALSE,NA,NA,"<= day","daily",NA,1,FALSE
"2018-12-16",430,FALSE,NA,NA,"<= day","daily",NA,1,FALSE
"2018-12-17",361.594,FALSE,NA,NA,"<= day","daily",NA,1,FALSE
"2018-12-18",365.503,FALSE,NA,NA,"<= day","daily",NA,1,FALSE
"2018-12-19",351.997,FALSE,NA,NA,"<= day","daily",NA,1,FALSE
"2018-12-20",378.542,FALSE,NA,NA,"<= day","daily",NA,1,FALSE
"2018-12-21",468.299,FALSE,NA,NA,"<= day","daily",NA,1,FALSE
"2018-12-22",1569.889,FALSE,NA,NA,"<= day","daily",NA,2,TRUE
"2018-12-23",2887.326,FALSE,NA,NA,"<= day","daily",NA,2,TRUE
"2018-12-24",4873.358,FALSE,NA,NA,"<= day","daily",NA,2,TRUE
"2018-12-25",10227.236,FALSE,NA,NA,"<= day","daily",NA,2,TRUE
"2018-12-26",4932.965,FALSE,NA,NA,"<= day","daily",NA,2,TRUE
"2018-12-27",1187.139,FALSE,NA,NA,"<= day","daily",NA,2,TRUE
"2018-12-28",687.333,FALSE,NA,NA,"<= day","daily",NA,2,TRUE
"2018-12-29",591.069,FALSE,NA,NA,"<= day","daily",NA,2,TRUE
"2018-12-30",515.128,FALSE,NA,NA,"<= day","daily",NA,2,TRUE
"2018-12-31",467.622,FALSE,NA,NA,"<= day","daily",NA,2,TRUE
"2019-01-01",430,FALSE,NA,NA,"<= day","daily",NA,2,TRUE
"2019-01-02",401.264,FALSE,NA,NA,"<= day","daily",NA,2,TRUE
"2019-01-03",390,FALSE,NA,NA,"<= day","daily",NA,2,TRUE
"2019-01-04",343.663,FALSE,NA,NA,"<= day","daily",NA,2,TRUE
"2019-01-05",340,FALSE,NA,NA,"<= day","daily",NA,2,TRUE
"2019-01-06",340,FALSE,NA,NA,"<= day","daily",NA,2,TRUE
"2019-01-07",341.25,FALSE,NA,NA,"<= day","daily",NA,2,TRUE
"2019-01-08",346.753,FALSE,NA,NA,"<= day","daily",NA,2,TRUE
"2019-01-09",407.694,FALSE,NA,NA,"<= day","daily",NA,2,TRUE
"2019-01-10",453.542,FALSE,NA,NA,"<= day","daily",NA,2,TRUE
"2019-01-11",427.198,FALSE,NA,NA,"<= day","daily",NA,2,TRUE
"2019-01-12",393.844,FALSE,NA,NA,"<= day","daily",NA,2,TRUE
"2019-01-13",1436.319,FALSE,NA,NA,"<= day","daily",NA,2,TRUE
"2019-01-14",4501.549,FALSE,NA,NA,"<= day","daily",NA,2,TRUE
"2019-01-15",5726.344,FALSE,NA,NA,"<= day","daily",NA,2,TRUE
"2019-01-16",1777.542,FALSE,NA,NA,"<= day","daily",NA,2,TRUE
"2019-01-17",978.188,FALSE,NA,NA,"<= day","daily",NA,2,TRUE
"2019-01-18",847.434,FALSE,NA,NA,"<= day","daily",NA,2,TRUE
"2019-01-19",759.705,FALSE,NA,NA,"<= day","daily",NA,2,TRUE
"2019-01-20",672.642,FALSE,NA,NA,"<= day","daily",NA,2,TRUE
"2019-01-21",554.288,FALSE,NA,NA,"<= day","daily",NA,2,TRUE
"2019-01-22",539.497,FALSE,NA,NA,"<= day","daily",NA,2,TRUE
"2019-01-23",530,FALSE,NA,NA,"<= day","daily",NA,2,TRUE
"2019-01-24",495.122,FALSE,NA,NA,"<= day","daily",NA,2,TRUE
"2019-01-25",439.288,FALSE,NA,NA,"<= day","daily",NA,2,TRUE
"2019-01-26",430,FALSE,NA,NA,"<= day","daily",NA,2,TRUE
"2019-01-27",576.184,FALSE,NA,NA,"<= day","daily",NA,2,TRUE
"2019-01-28",1134.34,FALSE,NA,NA,"<= day","daily",NA,2,TRUE
"2019-01-29",1028.104,FALSE,NA,NA,"<= day","daily",NA,2,TRUE
"2019-01-30",1013.792,FALSE,NA,NA,"<= day","daily",NA,2,TRUE
"2019-01-31",960.201,FALSE,NA,NA,"<= day","daily",NA,2,TRUE
"2019-02-01",1834.007,FALSE,NA,NA,"<= day","daily",NA,2,TRUE
"2019-02-02",2229.674,FALSE,NA,NA,"<= day","daily",NA,2,TRUE
"2019-02-03",1515.778,FALSE,NA,NA,"<= day","daily",NA,2,TRUE
"2019-02-04",1172.59,FALSE,NA,NA,"<= day","daily",NA,2,TRUE
"2019-02-05",1018.792,FALSE,NA,NA,"<= day","daily",NA,2,TRUE
"2019-02-06",897.226,FALSE,NA,NA,"<= day","daily",NA,2,TRUE
"2019-02-07",881.962,FALSE,NA,NA,"<= day","daily",NA,2,TRUE
"2019-02-08",822.622,FALSE,NA,NA,"<= day","daily",NA,2,TRUE
"2019-02-09",837.938,FALSE,NA,NA,"<= day","daily",NA,2,TRUE
"2019-02-10",799.455,FALSE,NA,NA,"<= day","daily",NA,2,TRUE
"2019-02-11",1279.604,FALSE,NA,NA,"<= day","daily",NA,2,TRUE
"2019-02-12",1351.003,FALSE,NA,NA,"<= day","daily",NA,2,TRUE
"2019-02-13",1146.191,FALSE,NA,NA,"<= day","daily",NA,2,TRUE
"2019-02-14",964.417,FALSE,NA,NA,"<= day","daily",NA,2,TRUE
"2019-02-15",883.892,FALSE,NA,NA,"<= day","daily",NA,2,TRUE
"2019-02-16",793.684,FALSE,NA,NA,"<= day","daily",NA,2,TRUE
"2019-02-17",715.646,FALSE,NA,NA,"<= day","daily",NA,2,TRUE
"2019-02-18",657.83,FALSE,NA,NA,"<= day","daily",NA,2,TRUE
"2019-02-19",605.747,FALSE,NA,NA,"<= day","daily",NA,2,TRUE
"2019-02-20",558.663,FALSE,NA,NA,"<= day","daily",NA,2,TRUE
"2019-02-21",579.583,FALSE,NA,NA,"<= day","daily",NA,2,TRUE
"2019-02-22",439.08,FALSE,NA,NA,"<= day","daily",NA,2,TRUE
"2019-02-23",453.455,FALSE,NA,NA,"<= day","daily",NA,2,TRUE
"2019-02-24",430,FALSE,NA,NA,"<= day","daily",NA,2,TRUE
"2019-02-25",417.514,FALSE,NA,NA,"<= day","daily",NA,2,TRUE
"2019-02-26",390,FALSE,NA,NA,"<= day","daily",NA,2,TRUE
"2019-02-27",390,FALSE,NA,NA,"<= day","daily",NA,2,TRUE
"2019-02-28",390,FALSE,NA,NA,"<= day","daily",NA,2,TRUE
"2019-03-01",429.292,FALSE,NA,NA,"<= day","daily",NA,2,TRUE
"2019-03-02",573.281,FALSE,NA,NA,"<= day","daily",NA,2,TRUE
"2019-03-03",465.122,FALSE,NA,NA,"<= day","daily",NA,2,TRUE
"2019-03-04",430,FALSE,NA,NA,"<= day","daily",NA,2,TRUE
"2019-03-05",430,FALSE,NA,NA,"<= day","daily",NA,2,TRUE
"2019-03-06",429.375,FALSE,NA,NA,"<= day","daily",NA,2,TRUE
"2019-03-07",561.389,FALSE,NA,NA,"<= day","daily",NA,2,TRUE
"2019-03-08",656.545,FALSE,NA,NA,"<= day","daily",NA,2,TRUE
"2019-03-09",619.712,FALSE,NA,NA,"<= day","daily",NA,2,TRUE
"2019-03-10",859.583,FALSE,NA,NA,"<= day","daily",NA,2,TRUE
"2019-03-11",1115.17,FALSE,NA,NA,"<= day","daily",NA,2,TRUE
"2019-03-12",936.493,FALSE,NA,NA,"<= day","daily",NA,2,TRUE
"2019-03-13",1135.271,FALSE,NA,NA,"<= day","daily",NA,2,TRUE
"2019-03-14",2036.941,FALSE,NA,NA,"<= day","daily",NA,2,TRUE
"2019-03-15",15026.583,FALSE,NA,NA,"<= day","daily",NA,2,TRUE
"2019-03-16",21994.622,FALSE,NA,NA,"<= day","daily",NA,2,TRUE
"2019-03-17",15706.819,FALSE,NA,NA,"<= day","daily",NA,2,TRUE
"2019-03-18",8289.559,FALSE,NA,NA,"<= day","daily",NA,2,TRUE
"2019-03-19",3546.031,FALSE,NA,NA,"<= day","daily",NA,2,TRUE
"2019-03-20",1395.806,FALSE,NA,NA,"<= day","daily",NA,2,TRUE
"2019-03-21",940.042,FALSE,NA,NA,"<= day","daily",NA,2,TRUE
"2019-03-22",847.226,FALSE,NA,NA,"<= day","daily",NA,2,TRUE
"2019-03-23",770.33,FALSE,NA,NA,"<= day","daily",NA,2,TRUE
"2019-03-24",714.396,FALSE,NA,NA,"<= day","daily",NA,2,TRUE
"2019-03-25",657.83,FALSE,NA,NA,"<= day","daily",NA,2,TRUE
"2019-03-26",604.705,FALSE,NA,NA,"<= day","daily",NA,2,TRUE
"2019-03-27",575.33,FALSE,NA,NA,"<= day","daily",NA,2,TRUE
"2019-03-28",530,FALSE,NA,NA,"<= day","daily",NA,2,TRUE
"2019-03-29",515.122,FALSE,NA,NA,"<= day","daily",NA,2,TRUE
"2019-03-30",480,FALSE,NA,NA,"<= day","daily",NA,2,TRUE
"2019-03-31",480,FALSE,NA,NA,"<= day","daily",NA,2,TRUE
"2019-04-01",448.872,FALSE,NA,NA,"<= day","daily",NA,2,TRUE
"2019-04-02",432.5,FALSE,NA,NA,"<= day","daily",NA,2,TRUE
"2019-04-03",489.844,FALSE,NA,NA,"<= day","daily",NA,2,TRUE
"2019-04-04",630.361,FALSE,NA,NA,"<= day","daily",NA,2,TRUE
"2019-04-05",615.767,FALSE,NA,NA,"<= day","daily",NA,2,TRUE
"2019-04-06",630,FALSE,NA,NA,"<= day","daily",NA,2,TRUE
"2019-04-07",626.372,FALSE,NA,NA,"<= day","daily",NA,2,TRUE
"2019-04-08",580,FALSE,NA,NA,"<= day","daily",NA,2,TRUE
"2019-04-09",573.872,FALSE,NA,NA,"<= day","daily",NA,2,TRUE
"2019-04-10",530,FALSE,NA,NA,"<= day","daily",NA,2,TRUE
"2019-04-11",514.913,FALSE,NA,NA,"<= day","daily",NA,2,TRUE
"2019-04-12",480,FALSE,NA,NA,"<= day","daily",NA,2,TRUE
"2019-04-13",468.038,FALSE,NA,NA,"<= day","daily",NA,2,TRUE
"2019-04-14",430,FALSE,NA,NA,"<= day","daily",NA,2,TRUE
"2019-04-15",430,FALSE,NA,NA,"<= day","daily",NA,2,TRUE
"2019-04-16",430,FALSE,NA,NA,"<= day","daily",NA,2,TRUE
"2019-04-17",411.056,FALSE,NA,NA,"<= day","daily",NA,2,TRUE
"2019-04-18",390,FALSE,NA,NA,"<= day","daily",NA,2,TRUE
"2019-04-19",390,FALSE,NA,NA,"<= day","daily",NA,2,TRUE
"2019-04-20",390,FALSE,NA,NA,"<= day","daily",NA,2,TRUE
"2019-04-21",415.208,FALSE,NA,NA,"<= day","daily",NA,2,TRUE
"2019-04-22",390,FALSE,NA,NA,"<= day","daily",NA,2,TRUE
"2019-04-23",307.844,FALSE,NA,NA,"<= day","daily",NA,2,TRUE
"2019-04-24",337.069,FALSE,NA,NA,"<= day","daily",NA,2,TRUE
"2019-04-25",344.878,FALSE,NA,NA,"<= day","daily",NA,2,TRUE
"2019-04-26",406.458,FALSE,NA,NA,"<= day","daily",NA,2,TRUE
"2019-04-27",363.111,FALSE,NA,NA,"<= day","daily",NA,2,TRUE
"2019-04-28",511.302,FALSE,NA,NA,"<= day","daily",NA,2,TRUE
"2019-04-29",489.201,FALSE,NA,NA,"<= day","daily",NA,2,TRUE
"2019-04-30",445.955,FALSE,NA,NA,"<= day","daily",NA,2,TRUE
"2019-05-01",430,FALSE,NA,NA,"<= day","daily",NA,2,TRUE
"2019-05-02",467.795,FALSE,NA,NA,"<= day","daily",NA,2,TRUE
"2019-05-03",732.007,FALSE,NA,NA,"<= day","daily",NA,2,TRUE
"2019-05-04",782.552,FALSE,NA,NA,"<= day","daily",NA,2,TRUE
"2019-05-05",1314.021,FALSE,NA,NA,"<= day","daily",NA,2,TRUE
"2019-05-06",1163.503,FALSE,NA,NA,"<= day","daily",NA,2,TRUE
"2019-05-07",961.938,FALSE,NA,NA,"<= day","daily",NA,2,TRUE
"2019-05-08",862.486,FALSE,NA,NA,"<= day","daily",NA,2,TRUE
"2019-05-09",904.719,FALSE,NA,NA,"<= day","daily",NA,2,TRUE
"2019-05-10",781.392,FALSE,NA,NA,"<= day","daily",NA,2,TRUE
"2019-05-11",733.75,FALSE,NA,NA,"<= day","daily",NA,2,TRUE
"2019-05-12",736.896,FALSE,NA,NA,"<= day","daily",NA,2,TRUE
"2019-05-13",680,FALSE,NA,NA,"<= day","daily",NA,2,TRUE
"2019-05-14",635.955,FALSE,NA,NA,"<= day","daily",NA,2,TRUE
"2019-05-15",630,FALSE,NA,NA,"<= day","daily",NA,2,TRUE
"2019-05-16",630,FALSE,NA,NA,"<= day","daily",NA,2,TRUE
"2019-05-17",625.33,FALSE,NA,NA,"<= day","daily",NA,2,TRUE
"2019-05-18",580,FALSE,NA,NA,"<= day","daily",NA,2,TRUE
"2019-05-19",595.625,FALSE,NA,NA,"<= day","daily",NA,2,TRUE
"2019-05-20",478.038,FALSE,NA,NA,"<= day","daily",NA,2,TRUE
"2019-05-21",496.372,FALSE,NA,NA,"<= day","daily",NA,2,TRUE
"2019-05-22",479.375,FALSE,NA,NA,"<= day","daily",NA,2,TRUE
"2019-05-23",434.913,FALSE,NA,NA,"<= day","daily",NA,2,TRUE
"2019-05-24",430,FALSE,NA,NA,"<= day","daily",NA,2,TRUE
"2019-05-25",430,FALSE,NA,NA,"<= day","daily",NA,2,TRUE
"2019-05-26",411.681,FALSE,NA,NA,"<= day","daily",NA,2,TRUE
"2019-05-27",390,FALSE,NA,NA,"<= day","daily",NA,2,TRUE
"2019-05-28",398.736,FALSE,NA,NA,"<= day","daily",NA,2,TRUE
"2019-05-29",415.344,FALSE,NA,NA,"<= day","daily",NA,2,TRUE
"2019-05-30",329.181,FALSE,NA,NA,"<= day","daily",NA,2,TRUE
"2019-05-31",300.625,FALSE,NA,NA,"<= day","daily",NA,2,TRUE
"2019-06-01",300,FALSE,NA,NA,"<= day","daily",NA,2,TRUE
"2019-06-02",300,FALSE,NA,NA,"<= day","daily",NA,2,TRUE
"2019-06-03",247.722,FALSE,NA,NA,"<= day","daily",NA,2,TRUE
"2019-06-04",208.056,FALSE,NA,NA,"<= day","daily",NA,2,TRUE
"2019-06-05",203.521,FALSE,NA,NA,"<= day","daily",NA,2,TRUE
"2019-06-06",220,FALSE,NA,NA,"<= day","daily",NA,2,TRUE
"2019-06-07",205.115,FALSE,NA,NA,"<= day","daily",NA,2,TRUE
"2019-06-08",168.031,FALSE,NA,NA,"<= day","daily",NA,2,TRUE
"2019-06-09",160,FALSE,NA,NA,"<= day","daily",NA,2,TRUE
"2019-06-10",293.688,FALSE,NA,NA,"<= day","daily",NA,2,TRUE
"2019-06-11",219.618,FALSE,NA,NA,"<= day","daily",NA,2,TRUE
"2019-06-12",634.552,FALSE,NA,NA,"<= day","daily",NA,2,TRUE
"2019-06-13",514.781,FALSE,NA,NA,"<= day","daily",NA,2,TRUE
"2019-06-14",339.59,FALSE,NA,NA,"<= day","daily",NA,2,TRUE
"2019-06-15",316.056,FALSE,NA,NA,"<= day","daily",NA,2,TRUE
"2019-06-16",813.604,FALSE,NA,NA,"<= day","daily",NA,2,TRUE
"2019-06-17",564.25,FALSE,NA,NA,"<= day","daily",NA,2,TRUE
"2019-06-18",431.177,FALSE,NA,NA,"<= day","daily",NA,2,TRUE
"2019-06-19",371.58,FALSE,NA,NA,"<= day","daily",NA,2,TRUE
"2019-06-20",324.389,FALSE,NA,NA,"<= day","daily",NA,2,TRUE
"2019-06-21",300,FALSE,NA,NA,"<= day","daily",NA,2,TRUE
"2019-06-22",288.556,FALSE,NA,NA,"<= day","daily",NA,2,TRUE
"2019-06-23",260,FALSE,NA,NA,"<= day","daily",NA,2,TRUE
"2019-06-24",185.451,FALSE,NA,NA,"<= day","daily",NA,2,TRUE
"2019-06-25",211.229,FALSE,NA,NA,"<= day","daily",NA,2,TRUE
"2019-06-26",218.549,FALSE,NA,NA,"<= day","daily",NA,2,TRUE
"2019-06-27",170.014,FALSE,NA,NA,"<= day","daily",NA,2,TRUE
"2019-06-28",160,FALSE,NA,NA,"<= day","daily",NA,2,TRUE
"2019-06-29",160,FALSE,NA,NA,"<= day","daily",NA,2,TRUE
"2019-06-30",160,FALSE,NA,NA,"<= day","daily",NA,2,TRUE
"2019-07-01",160,FALSE,NA,NA,"<= day","daily",NA,2,TRUE
"2019-07-02",160,FALSE,NA,NA,"<= day","daily",NA,2,TRUE
"2019-07-03",159.375,FALSE,NA,NA,"<= day","daily",NA,2,TRUE
"2019-07-04",152.5,FALSE,NA,NA,"<= day","daily",NA,2,TRUE
"2019-07-05",189.066,FALSE,NA,NA,"<= day","daily",NA,2,TRUE
"2019-07-06",131.674,FALSE,NA,NA,"<= day","daily",NA,2,TRUE
"2019-07-07",150.302,FALSE,NA,NA,"<= day","daily",NA,2,TRUE
"2019-07-08",123.764,FALSE,NA,NA,"<= day","daily",NA,2,TRUE
"2019-07-09",125.108,FALSE,NA,NA,"<= day","daily",NA,2,TRUE
"2019-07-10",118.535,FALSE,NA,NA,"<= day","daily",NA,2,TRUE
"2019-07-11",127.083,FALSE,NA,NA,"<= day","daily",NA,2,TRUE
"2019-07-12",128.958,FALSE,NA,NA,"<= day","daily",NA,2,TRUE
"2019-07-13",125.316,FALSE,NA,NA,"<= day","daily",NA,2,TRUE
"2019-07-14",121.774,FALSE,NA,NA,"<= day","daily",NA,2,TRUE
"2019-07-15",118.951,FALSE,NA,NA,"<= day","daily",NA,2,TRUE
"2019-07-16",130,FALSE,NA,NA,"<= day","daily",NA,2,TRUE
"2019-07-17",128.75,FALSE,NA,NA,"<= day","daily",NA,2,TRUE
"2019-07-18",128.024,FALSE,NA,NA,"<= day","daily",NA,2,TRUE
"2019-07-19",117.399,FALSE,NA,NA,"<= day","daily",NA,2,TRUE
"2019-07-20",111.458,FALSE,NA,NA,"<= day","daily",NA,2,TRUE
"2019-07-21",122.285,FALSE,NA,NA,"<= day","daily",NA,2,TRUE
"2019-07-22",126.358,FALSE,NA,NA,"<= day","daily",NA,2,TRUE
"2019-07-23",114.274,FALSE,NA,NA,"<= day","daily",NA,2,TRUE
"2019-07-24",114.375,FALSE,NA,NA,"<= day","daily",NA,2,TRUE
"2019-07-25",110.726,FALSE,NA,NA,"<= day","daily",NA,2,TRUE
"2019-07-26",121.351,FALSE,NA,NA,"<= day","daily",NA,2,TRUE
"2019-07-27",130,FALSE,NA,NA,"<= day","daily",NA,2,TRUE
"2019-07-28",162.99,FALSE,NA,NA,"<= day","daily",NA,2,TRUE
"2019-07-29",203.979,FALSE,NA,NA,"<= day","daily",NA,2,TRUE
"2019-07-30",137.823,FALSE,NA,NA,"<= day","daily",NA,2,TRUE
"2019-07-31",128.441,FALSE,NA,NA,"<= day","daily",NA,2,TRUE
"2019-08-01",111.149,FALSE,NA,NA,"<= day","daily",NA,2,TRUE
"2019-08-02",110,FALSE,NA,NA,"<= day","daily",NA,2,TRUE
"2019-08-03",110,FALSE,NA,NA,"<= day","daily",NA,2,TRUE
"2019-08-04",110,FALSE,NA,NA,"<= day","daily",NA,2,TRUE
"2019-08-05",110,FALSE,NA,NA,"<= day","daily",NA,2,TRUE
"2019-08-06",110,FALSE,NA,NA,"<= day","daily",NA,2,TRUE
"2019-08-07",111.451,FALSE,NA,NA,"<= day","daily",NA,2,TRUE
"2019-08-08",130,FALSE,NA,NA,"<= day","daily",NA,2,TRUE
"2019-08-09",117.299,FALSE,NA,NA,"<= day","daily",NA,2,TRUE
"2019-08-10",131.753,FALSE,NA,NA,"<= day","daily",NA,2,TRUE
"2019-08-11",145.323,FALSE,NA,NA,"<= day","daily",NA,2,TRUE
"2019-08-12",143.125,FALSE,NA,NA,"<= day","daily",NA,2,TRUE
"2019-08-13",128.132,FALSE,NA,NA,"<= day","daily",NA,2,TRUE
"2019-08-14",126.875,FALSE,NA,NA,"<= day","daily",NA,2,TRUE
"2019-08-15",110,FALSE,NA,NA,"<= day","daily",NA,2,TRUE
"2019-08-16",110,FALSE,NA,NA,"<= day","daily",NA,2,TRUE
"2019-08-17",110,FALSE,NA,NA,"<= day","daily",NA,2,TRUE
"2019-08-18",115.389,FALSE,NA,NA,"<= day","daily",NA,2,TRUE
"2019-08-19",473.17,FALSE,NA,NA,"<= day","daily",NA,2,TRUE
"2019-08-20",233.194,FALSE,NA,NA,"<= day","daily",NA,2,TRUE
"2019-08-21",155.948,FALSE,NA,NA,"<= day","daily",NA,2,TRUE
"2019-08-22",122.715,FALSE,NA,NA,"<= day","daily",NA,2,TRUE
"2019-08-23",110,FALSE,NA,NA,"<= day","daily",NA,2,TRUE
"2019-08-24",107.5,FALSE,NA,NA,"<= day","daily",NA,2,TRUE
"2019-08-25",110,FALSE,NA,NA,"<= day","daily",NA,2,TRUE
"2019-08-26",110,FALSE,NA,NA,"<= day","daily",NA,2,TRUE
"2019-08-27",87.514,FALSE,NA,NA,"<= day","daily",NA,2,TRUE
"2019-08-28",70.625,FALSE,NA,NA,"<= day","daily",NA,2,TRUE
"2019-08-29",70,FALSE,NA,NA,"<= day","daily",NA,2,TRUE
"2019-08-30",70,FALSE,NA,NA,"<= day","daily",NA,2,TRUE
"2019-08-31",76.25,FALSE,NA,NA,"<= day","daily",NA,2,TRUE
"2019-09-01",70,FALSE,NA,NA,"<= day","daily",NA,2,TRUE
"2019-09-02",70,FALSE,NA,NA,"<= day","daily",NA,2,TRUE
"2019-09-03",70,FALSE,NA,NA,"<= day","daily",NA,2,TRUE
"2019-09-04",70,FALSE,NA,NA,"<= day","daily",NA,2,TRUE
"2019-09-05",70,FALSE,NA,NA,"<= day","daily",NA,2,TRUE
"2019-09-06",70,FALSE,NA,NA,"<= day","daily",NA,2,TRUE
"2019-09-07",70,FALSE,NA,NA,"<= day","daily",NA,2,TRUE
"2019-09-08",71.667,FALSE,NA,NA,"<= day","daily",NA,2,TRUE
"2019-09-09",70,FALSE,NA,NA,"<= day","daily",NA,2,TRUE
"2019-09-10",70,FALSE,NA,NA,"<= day","daily",NA,2,TRUE
"2019-09-11",70,FALSE,NA,NA,"<= day","daily",NA,2,TRUE
"2019-09-12",70,FALSE,NA,NA,"<= day","daily",NA,2,TRUE
"2019-09-13",70,FALSE,NA,NA,"<= day","daily",NA,2,TRUE
"2019-09-14",70,FALSE,NA,NA,"<= day","daily",NA,2,TRUE
"2019-09-15",70,FALSE,NA,NA,"<= day","daily",NA,2,TRUE
"2019-09-16",70,FALSE,NA,NA,"<= day","daily",NA,2,TRUE
"2019-09-17",70,FALSE,NA,NA,"<= day","daily",NA,2,TRUE
"2019-09-18",70,FALSE,NA,NA,"<= day","daily",NA,2,TRUE
"2019-09-19",70,FALSE,NA,NA,"<= day","daily",NA,2,TRUE
"2019-09-20",64.691,FALSE,NA,NA,"<= day","daily",NA,2,TRUE
"2019-09-21",60,FALSE,NA,NA,"<= day","daily",NA,2,TRUE
"2019-09-22",60.934,FALSE,NA,NA,"<= day","daily",NA,2,TRUE
"2019-09-23",70,FALSE,NA,NA,"<= day","daily",NA,2,TRUE
"2019-09-24",70,FALSE,NA,NA,"<= day","daily",NA,2,TRUE
"2019-09-25",83.427,FALSE,NA,NA,"<= day","daily",NA,2,TRUE
"2019-09-26",93.017,FALSE,NA,NA,"<= day","daily",NA,2,TRUE
"2019-09-27",91.781,FALSE,NA,NA,"<= day","daily",NA,2,TRUE
"2019-09-28",77.601,FALSE,NA,NA,"<= day","daily",NA,2,TRUE
"2019-09-29",70.424,FALSE,NA,NA,"<= day","daily",NA,2,TRUE
"2019-09-30",70,FALSE,NA,NA,"<= day","daily",NA,2,TRUE
"2019-10-01",70,FALSE,NA,NA,"<= day","daily",NA,2,TRUE
"2019-10-02",107.062,FALSE,NA,NA,"<= day","daily",NA,2,TRUE
"2019-10-03",140.014,FALSE,NA,NA,"<= day","daily",NA,2,TRUE
"2019-10-04",81.257,FALSE,NA,NA,"<= day","daily",NA,2,TRUE
"2019-10-05",102.479,FALSE,NA,NA,"<= day","daily",NA,2,TRUE
"2019-10-06",137.5,FALSE,NA,NA,"<= day","daily",NA,2,TRUE
"2019-10-07",171.566,FALSE,NA,NA,"<= day","daily",NA,2,TRUE
"2019-10-08",128.958,FALSE,NA,NA,"<= day","daily",NA,2,TRUE
"2019-10-09",345.01,FALSE,NA,NA,"<= day","daily",NA,2,TRUE
"2019-10-10",330.344,FALSE,NA,NA,"<= day","daily",NA,2,TRUE
"2019-10-11",217.34,FALSE,NA,NA,"<= day","daily",NA,2,TRUE
"2019-10-12",142.823,FALSE,NA,NA,"<= day","daily",NA,2,TRUE
"2019-10-13",120.424,FALSE,NA,NA,"<= day","daily",NA,2,TRUE
"2019-10-14",109.274,FALSE,NA,NA,"<= day","daily",NA,2,TRUE
"2019-10-15",101.559,FALSE,NA,NA,"<= day","daily",NA,2,TRUE
"2019-10-16",152.903,FALSE,NA,NA,"<= day","daily",NA,2,TRUE
"2019-10-17",129.49,FALSE,NA,NA,"<= day","daily",NA,2,TRUE
"2019-10-18",116.976,FALSE,NA,NA,"<= day","daily",NA,2,TRUE
"2019-10-19",1391.969,FALSE,NA,NA,"<= day","daily",NA,2,TRUE
"2019-10-20",11455.566,FALSE,NA,NA,"<= day","daily",NA,2,TRUE
"2019-10-21",4127.042,FALSE,NA,NA,"<= day","daily",NA,2,TRUE
"2019-10-22",2916.146,FALSE,NA,NA,"<= day","daily",NA,2,TRUE
"2019-10-23",1432.382,FALSE,NA,NA,"<= day","daily",NA,2,TRUE
"2019-10-24",639.257,FALSE,NA,NA,"<= day","daily",NA,2,TRUE
"2019-10-25",481.285,FALSE,NA,NA,"<= day","daily",NA,2,TRUE
"2019-10-26",402.722,FALSE,NA,NA,"<= day","daily",NA,2,TRUE
"2019-10-27",336.385,FALSE,NA,NA,"<= day","daily",NA,2,TRUE
"2019-10-28",300,FALSE,NA,NA,"<= day","daily",NA,2,TRUE
"2019-10-29",204.323,FALSE,NA,NA,"<= day","daily",NA,2,TRUE
"2019-10-30",204.455,FALSE,NA,NA,"<= day","daily",NA,2,TRUE
"2019-10-31",218.75,FALSE,NA,NA,"<= day","daily",NA,2,TRUE
"2019-11-01",215.08,FALSE,NA,NA,"<= day","daily",NA,2,TRUE
"2019-11-02",330.948,FALSE,NA,NA,"<= day","daily",NA,2,TRUE
"2019-11-03",1429.774,FALSE,NA,NA,"<= day","daily",NA,2,TRUE
"2019-11-04",1475.965,FALSE,NA,NA,"<= day","daily",NA,2,TRUE
"2019-11-05",1841.076,FALSE,NA,NA,"<= day","daily",NA,2,TRUE
"2019-11-06",2359.972,FALSE,NA,NA,"<= day","daily",NA,2,TRUE
"2019-11-07",1646.924,FALSE,NA,NA,"<= day","daily",NA,2,TRUE
"2019-11-08",1043.149,FALSE,NA,NA,"<= day","daily",NA,2,TRUE
"2019-11-09",846.514,FALSE,NA,NA,"<= day","daily",NA,2,TRUE
"2019-11-10",659.847,FALSE,NA,NA,"<= day","daily",NA,2,TRUE
"2019-11-11",558.663,FALSE,NA,NA,"<= day","daily",NA,2,TRUE
"2019-11-12",449.188,FALSE,NA,NA,"<= day","daily",NA,2,TRUE
"2019-11-13",426.278,FALSE,NA,NA,"<= day","daily",NA,2,TRUE
"2019-11-14",437.594,FALSE,NA,NA,"<= day","daily",NA,2,TRUE
"2019-11-15",336.365,FALSE,NA,NA,"<= day","daily",NA,2,TRUE
"2019-11-16",358.038,FALSE,NA,NA,"<= day","daily",NA,2,TRUE
"2019-11-17",364.448,FALSE,NA,NA,"<= day","daily",NA,2,TRUE
"2019-11-18",1458.59,FALSE,NA,NA,"<= day","daily",NA,2,TRUE
"2019-11-19",1700.552,FALSE,NA,NA,"<= day","daily",NA,2,TRUE
"2019-11-20",1243.236,FALSE,NA,NA,"<= day","daily",NA,2,TRUE
"2019-11-21",971.938,FALSE,NA,NA,"<= day","daily",NA,2,TRUE
"2019-11-22",967.903,FALSE,NA,NA,"<= day","daily",NA,2,TRUE
"2019-11-23",846.628,FALSE,NA,NA,"<= day","daily",NA,2,TRUE
"2019-11-24",690.875,FALSE,NA,NA,"<= day","daily",NA,2,TRUE
"2019-11-25",609.705,FALSE,NA,NA,"<= day","daily",NA,2,TRUE
"2019-11-26",551.372,FALSE,NA,NA,"<= day","daily",NA,2,TRUE
"2019-11-27",532.5,FALSE,NA,NA,"<= day","daily",NA,2,TRUE
"2019-11-28",501.458,FALSE,NA,NA,"<= day","daily",NA,2,TRUE
"2019-11-29",1235.139,FALSE,NA,NA,"<= day","daily",NA,2,TRUE
"2019-11-30",3116.774,FALSE,NA,NA,"<= day","daily",NA,2,TRUE
"2019-12-01",2025.812,FALSE,NA,NA,"<= day","daily",NA,2,TRUE
"2019-12-02",1187.604,FALSE,NA,NA,"<= day","daily",NA,2,TRUE
"2019-12-03",994.438,FALSE,NA,NA,"<= day","daily",NA,2,TRUE
"2019-12-04",964.104,FALSE,NA,NA,"<= day","daily",NA,2,TRUE
"2019-12-05",987.556,FALSE,NA,NA,"<= day","daily",NA,2,TRUE
"2019-12-06",884.92,FALSE,NA,NA,"<= day","daily",NA,2,TRUE
"2019-12-07",843.146,FALSE,NA,NA,"<= day","daily",NA,2,TRUE
"2019-12-08",755.955,FALSE,NA,NA,"<= day","daily",NA,2,TRUE
"2019-12-09",914.861,FALSE,NA,NA,"<= day","daily",NA,2,TRUE
"2019-12-10",983.833,FALSE,NA,NA,"<= day","daily",NA,2,TRUE
"2019-12-11",865.201,FALSE,NA,NA,"<= day","daily",NA,2,TRUE
"2019-12-12",1125.42,FALSE,NA,NA,"<= day","daily",NA,2,TRUE
"2019-12-13",1368.66,FALSE,NA,NA,"<= day","daily",NA,2,TRUE
"2019-12-14",1441.587,FALSE,NA,NA,"<= day","daily",NA,2,TRUE
"2019-12-15",1693.757,FALSE,NA,NA,"<= day","daily",NA,2,TRUE
"2019-12-16",1877.854,FALSE,NA,NA,"<= day","daily",NA,2,TRUE
"2019-12-17",1297.25,FALSE,NA,NA,"<= day","daily",NA,2,TRUE
"2019-12-18",1012.542,FALSE,NA,NA,"<= day","daily",NA,2,TRUE
"2019-12-19",901.184,FALSE,NA,NA,"<= day","daily",NA,2,TRUE
"2019-12-20",1281.378,FALSE,NA,NA,"<= day","daily",NA,2,TRUE
"2019-12-21",2070.753,FALSE,NA,NA,"<= day","daily",NA,2,TRUE
"2019-12-22",2123.09,FALSE,NA,NA,"<= day","daily",NA,2,TRUE
"2019-12-23",4483.726,FALSE,NA,NA,"<= day","daily",NA,2,TRUE
"2019-12-24",7627.858,FALSE,NA,NA,"<= day","daily",NA,2,TRUE
"2019-12-25",11391.076,FALSE,NA,NA,"<= day","daily",NA,2,TRUE
"2019-12-26",7929.438,FALSE,NA,NA,"<= day","daily",NA,2,TRUE
"2019-12-27",9621.708,FALSE,NA,NA,"<= day","daily",NA,2,TRUE
"2019-12-28",15660.181,FALSE,NA,NA,"<= day","daily",NA,2,TRUE
"2019-12-29",7437.84,FALSE,NA,NA,"<= day","daily",NA,2,TRUE
"2019-12-30",2394.201,FALSE,NA,NA,"<= day","daily",NA,2,TRUE
"2019-12-31",1134.434,FALSE,NA,NA,"<= day","daily",NA,2,TRUE
"2020-01-01",905.149,FALSE,NA,NA,"<= day","daily",NA,2,TRUE
"2020-01-02",749.675,FALSE,NA,NA,"<= day","daily",NA,2,TRUE
"2020-01-03",686.601,FALSE,NA,NA,"<= day","daily",NA,2,TRUE
"2020-01-04",677.17,FALSE,NA,NA,"<= day","daily",NA,2,TRUE
"2020-01-05",630.035,FALSE,NA,NA,"<= day","daily",NA,2,TRUE
"2020-01-06",573.038,FALSE,NA,NA,"<= day","daily",NA,2,TRUE
"2020-01-07",530,FALSE,NA,NA,"<= day","daily",NA,2,TRUE
"2020-01-08",482.622,FALSE,NA,NA,"<= day","daily",NA,2,TRUE
"2020-01-09",480,FALSE,NA,NA,"<= day","daily",NA,2,TRUE
"2020-01-10",472.205,FALSE,NA,NA,"<= day","daily",NA,2,TRUE
"2020-01-11",431.25,FALSE,NA,NA,"<= day","daily",NA,2,TRUE
"2020-01-12",423.865,FALSE,NA,NA,"<= day","daily",NA,2,TRUE
"2020-01-13",338.441,FALSE,NA,NA,"<= day","daily",NA,2,TRUE
"2020-01-14",390,FALSE,NA,NA,"<= day","daily",NA,2,TRUE
"2020-01-15",354.288,FALSE,NA,NA,"<= day","daily",NA,2,TRUE
"2020-01-16",336.042,FALSE,NA,NA,"<= day","daily",NA,2,TRUE
"2020-01-17",374.167,FALSE,NA,NA,"<= day","daily",NA,2,TRUE
"2020-01-18",316.264,FALSE,NA,NA,"<= day","daily",NA,2,TRUE
"2020-01-19",300,FALSE,NA,NA,"<= day","daily",NA,2,TRUE
"2020-01-20",223.764,FALSE,NA,NA,"<= day","daily",NA,2,TRUE
"2020-01-21",260,FALSE,NA,NA,"<= day","daily",NA,2,TRUE
"2020-01-22",260,FALSE,NA,NA,"<= day","daily",NA,2,TRUE
"2020-01-23",260,FALSE,NA,NA,"<= day","daily",NA,2,TRUE
"2020-01-24",248.556,FALSE,NA,NA,"<= day","daily",NA,2,TRUE
"2020-01-25",220.625,FALSE,NA,NA,"<= day","daily",NA,2,TRUE
"2020-01-26",220,FALSE,NA,NA,"<= day","daily",NA,2,TRUE
"2020-01-27",220,FALSE,NA,NA,"<= day","daily",NA,2,TRUE
"2020-01-28",314.837,FALSE,NA,NA,"<= day","daily",NA,2,TRUE
"2020-01-29",786.816,FALSE,NA,NA,"<= day","daily",NA,2,TRUE
"2020-01-30",818.295,FALSE,NA,NA,"<= day","daily",NA,2,TRUE
"2020-01-31",964.858,FALSE,NA,NA,"<= day","daily",NA,2,TRUE
"2020-02-01",895.632,FALSE,NA,NA,"<= day","daily",NA,2,TRUE
"2020-02-02",1150.611,FALSE,NA,NA,"<= day","daily",NA,2,TRUE
"2020-02-03",3103.844,FALSE,NA,NA,"<= day","daily",NA,2,TRUE
"2020-02-04",8207.285,FALSE,NA,NA,"<= day","daily",NA,2,TRUE
"2020-02-05",8901.288,FALSE,NA,NA,"<= day","daily",NA,2,TRUE
"2020-02-06",3907.583,FALSE,NA,NA,"<= day","daily",NA,2,TRUE
"2020-02-07",1427.667,FALSE,NA,NA,"<= day","daily",NA,2,TRUE
"2020-02-08",942.052,FALSE,NA,NA,"<= day","daily",NA,2,TRUE
"2020-02-09",813.146,FALSE,NA,NA,"<= day","daily",NA,2,TRUE
"2020-02-10",740.226,FALSE,NA,NA,"<= day","daily",NA,2,TRUE
"2020-02-11",748.958,FALSE,NA,NA,"<= day","daily",NA,2,TRUE
"2020-02-12",791.042,FALSE,NA,NA,"<= day","daily",NA,2,TRUE
"2020-02-13",685.698,FALSE,NA,NA,"<= day","daily",NA,2,TRUE
"2020-02-14",1654.184,FALSE,NA,NA,"<= day","daily",NA,2,TRUE
"2020-02-15",2392.34,FALSE,NA,NA,"<= day","daily",NA,2,TRUE
"2020-02-16",1073.885,FALSE,NA,NA,"<= day","daily",NA,2,TRUE
"2020-02-17",845.434,FALSE,NA,NA,"<= day","daily",NA,2,TRUE
"2020-02-18",1156.472,FALSE,NA,NA,"<= day","daily",NA,2,TRUE
"2020-02-19",1063.951,FALSE,NA,NA,"<= day","daily",NA,2,TRUE
"2020-02-20",1032.542,FALSE,NA,NA,"<= day","daily",NA,2,TRUE
"2020-02-21",886.392,FALSE,NA,NA,"<= day","daily",NA,2,TRUE
"2020-02-22",787.851,FALSE,NA,NA,"<= day","daily",NA,2,TRUE
"2020-02-23",711.896,FALSE,NA,NA,"<= day","daily",NA,2,TRUE
"2020-02-24",602.413,FALSE,NA,NA,"<= day","daily",NA,2,TRUE
"2020-02-25",729.177,FALSE,NA,NA,"<= day","daily",NA,2,TRUE
"2020-02-26",987.705,FALSE,NA,NA,"<= day","daily",NA,2,TRUE
"2020-02-27",1103.288,FALSE,NA,NA,"<= day","daily",NA,2,TRUE
"2020-02-28",991.882,FALSE,NA,NA,"<= day","daily",NA,2,TRUE
"2020-02-29",1001.91,FALSE,NA,NA,"<= day","daily",NA,2,TRUE
"2020-03-01",920.257,FALSE,NA,NA,"<= day","daily",NA,2,TRUE
"2020-03-02",1596.878,FALSE,NA,NA,"<= day","daily",NA,2,TRUE
"2020-03-03",5321.347,FALSE,NA,NA,"<= day","daily",NA,2,TRUE
"2020-03-04",3515.403,FALSE,NA,NA,"<= day","daily",NA,2,TRUE
"2020-03-05",2667.444,FALSE,NA,NA,"<= day","daily",NA,2,TRUE
"2020-03-06",14231.826,FALSE,NA,NA,"<= day","daily",NA,2,TRUE
"2020-03-07",18178.181,FALSE,NA,NA,"<= day","daily",NA,2,TRUE
"2020-03-08",7115.601,FALSE,NA,NA,"<= day","daily",NA,2,TRUE
"2020-03-09",3410.049,FALSE,NA,NA,"<= day","daily",NA,2,TRUE
"2020-03-10",4077.024,FALSE,NA,NA,"<= day","daily",NA,2,TRUE
"2020-03-11",7147.413,FALSE,NA,NA,"<= day","daily",NA,2,TRUE
"2020-03-12",5937.181,FALSE,NA,NA,"<= day","daily",NA,2,TRUE
"2020-03-13",2758.649,FALSE,NA,NA,"<= day","daily",NA,2,TRUE
"2020-03-14",1291.17,FALSE,NA,NA,"<= day","daily",NA,2,TRUE
"2020-03-15",979.007,FALSE,NA,NA,"<= day","daily",NA,2,TRUE
"2020-03-16",845.559,FALSE,NA,NA,"<= day","daily",NA,2,TRUE
"2020-03-17",747.226,FALSE,NA,NA,"<= day","daily",NA,2,TRUE
"2020-03-18",670.955,FALSE,NA,NA,"<= day","daily",NA,2,TRUE
"2020-03-19",619.08,FALSE,NA,NA,"<= day","daily",NA,2,TRUE
"2020-03-20",578.132,FALSE,NA,NA,"<= day","daily",NA,2,TRUE
"2020-03-21",531.156,FALSE,NA,NA,"<= day","daily",NA,2,TRUE
"2020-03-22",493.038,FALSE,NA,NA,"<= day","daily",NA,2,TRUE
"2020-03-23",458.663,FALSE,NA,NA,"<= day","daily",NA,2,TRUE
"2020-03-24",430,FALSE,NA,NA,"<= day","daily",NA,2,TRUE
"2020-03-25",420.524,FALSE,NA,NA,"<= day","daily",NA,2,TRUE
"2020-03-26",390.74,FALSE,NA,NA,"<= day","daily",NA,2,TRUE
"2020-03-27",390,FALSE,NA,NA,"<= day","daily",NA,2,TRUE
"2020-03-28",360.955,FALSE,NA,NA,"<= day","daily",NA,2,TRUE
"2020-03-29",341.458,FALSE,NA,NA,"<= day","daily",NA,2,TRUE
"2020-03-30",353.542,FALSE,NA,NA,"<= day","daily",NA,2,TRUE
"2020-03-31",340,FALSE,NA,NA,"<= day","daily",NA,2,TRUE
"2020-04-01",336.875,FALSE,NA,NA,"<= day","daily",NA,2,TRUE
"2020-04-02",322.931,FALSE,NA,NA,"<= day","daily",NA,2,TRUE
"2020-04-03",300,FALSE,NA,NA,"<= day","daily",NA,2,TRUE
"2020-04-04",300,FALSE,NA,NA,"<= day","daily",NA,2,TRUE
"2020-04-05",299.375,FALSE,NA,NA,"<= day","daily",NA,2,TRUE
"2020-04-06",297.615,FALSE,NA,NA,"<= day","daily",NA,2,TRUE
"2020-04-07",261.358,FALSE,NA,NA,"<= day","daily",NA,2,TRUE
"2020-04-08",260,FALSE,NA,NA,"<= day","daily",NA,2,TRUE
"2020-04-09",260.625,FALSE,NA,NA,"<= day","daily",NA,2,TRUE
"2020-04-10",260,FALSE,NA,NA,"<= day","daily",NA,2,TRUE
"2020-04-11",237.931,FALSE,NA,NA,"<= day","daily",NA,2,TRUE
"2020-04-12",220,FALSE,NA,NA,"<= day","daily",NA,2,TRUE
"2020-04-13",220,FALSE,NA,NA,"<= day","daily",NA,2,TRUE
"2020-04-14",215.208,FALSE,NA,NA,"<= day","daily",NA,2,TRUE
"2020-04-15",175.854,FALSE,NA,NA,"<= day","daily",NA,2,TRUE
"2020-04-16",160,FALSE,NA,NA,"<= day","daily",NA,2,TRUE
"2020-04-17",160,FALSE,NA,NA,"<= day","daily",NA,2,TRUE
"2020-04-18",159.375,FALSE,NA,NA,"<= day","daily",NA,2,TRUE
"2020-04-19",160,FALSE,NA,NA,"<= day","daily",NA,2,TRUE
"2020-04-20",140.323,FALSE,NA,NA,"<= day","daily",NA,2,TRUE
"2020-04-21",130,FALSE,NA,NA,"<= day","daily",NA,2,TRUE
"2020-04-22",130,FALSE,NA,NA,"<= day","daily",NA,2,TRUE
"2020-04-23",130,FALSE,NA,NA,"<= day","daily",NA,2,TRUE
"2020-04-24",130,FALSE,NA,NA,"<= day","daily",NA,2,TRUE
"2020-04-25",130,FALSE,NA,NA,"<= day","daily",NA,2,TRUE
"2020-04-26",130,FALSE,NA,NA,"<= day","daily",NA,2,TRUE
"2020-04-27",130,FALSE,NA,NA,"<= day","daily",NA,2,TRUE
"2020-04-28",130,FALSE,NA,NA,"<= day","daily",NA,2,TRUE
"2020-04-29",130,FALSE,NA,NA,"<= day","daily",NA,2,TRUE
"2020-04-30",130,FALSE,NA,NA,"<= day","daily",NA,2,TRUE
"2020-05-01",130,FALSE,NA,NA,"<= day","daily",NA,2,TRUE
"2020-05-02",130.101,FALSE,NA,NA,"<= day","daily",NA,2,TRUE
"2020-05-03",155.941,FALSE,NA,NA,"<= day","daily",NA,2,TRUE
"2020-05-04",130,FALSE,NA,NA,"<= day","daily",NA,2,TRUE
"2020-05-05",232.115,FALSE,NA,NA,"<= day","daily",NA,2,TRUE
"2020-05-06",159.969,FALSE,NA,NA,"<= day","daily",NA,2,TRUE
"2020-05-07",130,FALSE,NA,NA,"<= day","daily",NA,2,TRUE
"2020-05-08",128.441,FALSE,NA,NA,"<= day","daily",NA,2,TRUE
"2020-05-09",111.358,FALSE,NA,NA,"<= day","daily",NA,2,TRUE
"2020-05-10",110,FALSE,NA,NA,"<= day","daily",NA,2,TRUE
"2020-05-11",736.233,FALSE,NA,NA,"<= day","daily",NA,2,TRUE
"2020-05-12",676.955,FALSE,NA,NA,"<= day","daily",NA,2,TRUE
"2020-05-13",500.323,FALSE,NA,NA,"<= day","daily",NA,2,TRUE
"2020-05-14",520.226,FALSE,NA,NA,"<= day","daily",NA,2,TRUE
"2020-05-15",451.809,FALSE,NA,NA,"<= day","daily",NA,2,TRUE
"2020-05-16",373.872,FALSE,NA,NA,"<= day","daily",NA,2,TRUE
"2020-05-17",319.389,FALSE,NA,NA,"<= day","daily",NA,2,TRUE
"2020-05-18",276.264,FALSE,NA,NA,"<= day","daily",NA,2,TRUE
"2020-05-19",258.75,FALSE,NA,NA,"<= day","daily",NA,2,TRUE
"2020-05-20",223.972,FALSE,NA,NA,"<= day","daily",NA,2,TRUE
"2020-05-21",197.521,FALSE,NA,NA,"<= day","daily",NA,2,TRUE
"2020-05-22",160,FALSE,NA,NA,"<= day","daily",NA,2,TRUE
"2020-05-23",231.16,FALSE,NA,NA,"<= day","daily",NA,2,TRUE
"2020-05-24",268.819,FALSE,NA,NA,"<= day","daily",NA,2,TRUE
"2020-05-25",170.854,FALSE,NA,NA,"<= day","daily",NA,2,TRUE
"2020-05-26",160,FALSE,NA,NA,"<= day","daily",NA,2,TRUE
"2020-05-27",144.073,FALSE,NA,NA,"<= day","daily",NA,2,TRUE
"2020-05-28",130,FALSE,NA,NA,"<= day","daily",NA,2,TRUE
"2020-05-29",130,FALSE,NA,NA,"<= day","daily",NA,2,TRUE
"2020-05-30",130,FALSE,NA,NA,"<= day","daily",NA,2,TRUE
"2020-05-31",130,FALSE,NA,NA,"<= day","daily",NA,2,TRUE
"2020-06-01",130,FALSE,NA,NA,"<= day","daily",NA,2,TRUE
"2020-06-02",121.257,FALSE,NA,NA,"<= day","daily",NA,2,TRUE
"2020-06-03",113.326,FALSE,NA,NA,"<= day","daily",NA,2,TRUE
"2020-06-04",196.115,FALSE,NA,NA,"<= day","daily",NA,2,TRUE
"2020-06-05",192.104,FALSE,NA,NA,"<= day","daily",NA,2,TRUE
"2020-06-06",226.993,FALSE,NA,NA,"<= day","daily",NA,2,TRUE
"2020-06-07",462.319,FALSE,NA,NA,"<= day","daily",NA,2,TRUE
"2020-06-08",201.938,FALSE,NA,NA,"<= day","daily",NA,2,TRUE
"2020-06-09",215.812,FALSE,NA,NA,"<= day","daily",NA,2,TRUE
"2020-06-10",195.021,FALSE,NA,NA,"<= day","daily",NA,2,TRUE
"2020-06-11",172.292,FALSE,NA,NA,"<= day","daily",NA,2,TRUE
"2020-06-12",160,FALSE,NA,NA,"<= day","daily",NA,2,TRUE
"2020-06-13",665.531,FALSE,NA,NA,"<= day","daily",NA,2,TRUE
"2020-06-14",1264.212,FALSE,NA,NA,"<= day","daily",NA,2,TRUE
"2020-06-15",741.24,FALSE,NA,NA,"<= day","daily",NA,2,TRUE
"2020-06-16",591.872,FALSE,NA,NA,"<= day","daily",NA,2,TRUE
"2020-06-17",3427.413,FALSE,NA,NA,"<= day","daily",NA,2,TRUE
"2020-06-18",4193.108,FALSE,NA,NA,"<= day","daily",NA,2,TRUE
"2020-06-19",1657.451,FALSE,NA,NA,"<= day","daily",NA,2,TRUE
"2020-06-20",1304.292,FALSE,NA,NA,"<= day","daily",NA,2,TRUE
"2020-06-21",903.517,FALSE,NA,NA,"<= day","daily",NA,2,TRUE
"2020-06-22",656.844,FALSE,NA,NA,"<= day","daily",NA,2,TRUE
"2020-06-23",593.924,FALSE,NA,NA,"<= day","daily",NA,2,TRUE
"2020-06-24",515.962,FALSE,NA,NA,"<= day","daily",NA,2,TRUE
"2020-06-25",501.372,FALSE,NA,NA,"<= day","daily",NA,2,TRUE
"2020-06-26",418.139,FALSE,NA,NA,"<= day","daily",NA,2,TRUE
"2020-06-27",376.788,FALSE,NA,NA,"<= day","daily",NA,2,TRUE
"2020-06-28",272.097,FALSE,NA,NA,"<= day","daily",NA,2,TRUE
"2020-06-29",338.333,FALSE,NA,NA,"<= day","daily",NA,2,TRUE
"2020-06-30",300,FALSE,NA,NA,"<= day","daily",NA,2,TRUE
"2020-07-01",267.514,FALSE,NA,NA,"<= day","daily",NA,2,TRUE
"2020-07-02",260,FALSE,NA,NA,"<= day","daily",NA,2,TRUE
"2020-07-03",260,FALSE,NA,NA,"<= day","daily",NA,2,TRUE
"2020-07-04",222.514,FALSE,NA,NA,"<= day","daily",NA,2,TRUE
"2020-07-05",220,FALSE,NA,NA,"<= day","daily",NA,2,TRUE
"2020-07-06",220,FALSE,NA,NA,"<= day","daily",NA,2,TRUE
"2020-07-07",220,FALSE,NA,NA,"<= day","daily",NA,2,TRUE
"2020-07-08",220,FALSE,NA,NA,"<= day","daily",NA,2,TRUE
"2020-07-09",220,FALSE,NA,NA,"<= day","daily",NA,2,TRUE
"2020-07-10",220,FALSE,NA,NA,"<= day","daily",NA,2,TRUE
"2020-07-11",220,FALSE,NA,NA,"<= day","daily",NA,2,TRUE
"2020-07-12",205.84,FALSE,NA,NA,"<= day","daily",NA,2,TRUE
"2020-07-13",176.889,FALSE,NA,NA,"<= day","daily",NA,2,TRUE
"2020-07-14",161.875,FALSE,NA,NA,"<= day","daily",NA,2,TRUE
"2020-07-15",160,FALSE,NA,NA,"<= day","daily",NA,2,TRUE
"2020-07-16",181.236,FALSE,NA,NA,"<= day","daily",NA,2,TRUE
"2020-07-17",180.639,FALSE,NA,NA,"<= day","daily",NA,2,TRUE
"2020-07-18",160,FALSE,NA,NA,"<= day","daily",NA,2,TRUE
"2020-07-19",160,FALSE,NA,NA,"<= day","daily",NA,2,TRUE
"2020-07-20",160,FALSE,NA,NA,"<= day","daily",NA,2,TRUE
"2020-07-21",159.375,FALSE,NA,NA,"<= day","daily",NA,2,TRUE
"2020-07-22",158.75,FALSE,NA,NA,"<= day","daily",NA,2,TRUE
"2020-07-23",156.25,FALSE,NA,NA,"<= day","daily",NA,2,TRUE
"2020-07-24",155,FALSE,NA,NA,"<= day","daily",NA,2,TRUE
"2020-07-25",134.073,FALSE,NA,NA,"<= day","daily",NA,2,TRUE
"2020-07-26",130.625,FALSE,NA,NA,"<= day","daily",NA,2,TRUE
"2020-07-27",130,FALSE,NA,NA,"<= day","daily",NA,2,TRUE
"2020-07-28",130,FALSE,NA,NA,"<= day","daily",NA,2,TRUE
"2020-07-29",130,FALSE,NA,NA,"<= day","daily",NA,2,TRUE
"2020-07-30",130,FALSE,NA,NA,"<= day","daily",NA,2,TRUE
"2020-07-31",129.375,FALSE,NA,NA,"<= day","daily",NA,2,TRUE
"2020-08-01",127.292,FALSE,NA,NA,"<= day","daily",NA,2,TRUE
"2020-08-02",130,FALSE,NA,NA,"<= day","daily",NA,2,TRUE
"2020-08-03",130,FALSE,NA,NA,"<= day","daily",NA,2,TRUE
"2020-08-04",127.5,FALSE,NA,NA,"<= day","daily",NA,2,TRUE
"2020-08-05",124.375,FALSE,NA,NA,"<= day","daily",NA,2,TRUE
"2020-08-06",128.542,FALSE,NA,NA,"<= day","daily",NA,2,TRUE
"2020-08-07",114.799,FALSE,NA,NA,"<= day","daily",NA,2,TRUE
"2020-08-08",110,FALSE,NA,NA,"<= day","daily",NA,2,TRUE
"2020-08-09",110,FALSE,NA,NA,"<= day","daily",NA,2,TRUE
"2020-08-10",110,FALSE,NA,NA,"<= day","daily",NA,2,TRUE
"2020-08-11",110,FALSE,NA,NA,"<= day","daily",NA,2,TRUE
"2020-08-12",110,FALSE,NA,NA,"<= day","daily",NA,2,TRUE
"2020-08-13",110,FALSE,NA,NA,"<= day","daily",NA,2,TRUE
"2020-08-14",110,FALSE,NA,NA,"<= day","daily",NA,2,TRUE
"2020-08-15",110,FALSE,NA,NA,"<= day","daily",NA,2,TRUE
"2020-08-16",110,FALSE,NA,NA,"<= day","daily",NA,2,TRUE
"2020-08-17",110,FALSE,NA,NA,"<= day","daily",NA,2,TRUE
"2020-08-18",110,FALSE,NA,NA,"<= day","daily",NA,2,TRUE
"2020-08-19",110,FALSE,NA,NA,"<= day","daily",NA,2,TRUE
"2020-08-20",110,FALSE,NA,NA,"<= day","daily",NA,2,TRUE
"2020-08-21",110,FALSE,NA,NA,"<= day","daily",NA,2,TRUE
"2020-08-22",110,FALSE,NA,NA,"<= day","daily",NA,2,TRUE
"2020-08-23",110,FALSE,NA,NA,"<= day","daily",NA,2,TRUE
"2020-08-24",110,FALSE,NA,NA,"<= day","daily",NA,2,TRUE
"2020-08-25",108.125,FALSE,NA,NA,"<= day","daily",NA,2,TRUE
"2020-08-26",108.542,FALSE,NA,NA,"<= day","daily",NA,2,TRUE
"2020-08-27",109.375,FALSE,NA,NA,"<= day","daily",NA,2,TRUE
"2020-08-28",110,FALSE,NA,NA,"<= day","daily",NA,2,TRUE
"2020-08-29",128.951,FALSE,NA,NA,"<= day","daily",NA,2,TRUE
"2020-08-30",121.257,FALSE,NA,NA,"<= day","daily",NA,2,TRUE
"2020-08-31",127.285,FALSE,NA,NA,"<= day","daily",NA,2,TRUE
"2020-09-01",121.257,FALSE,NA,NA,"<= day","daily",NA,2,TRUE
"2020-09-02",110,FALSE,NA,NA,"<= day","daily",NA,2,TRUE
"2020-09-03",106.566,FALSE,NA,NA,"<= day","daily",NA,2,TRUE
"2020-09-04",93.858,FALSE,NA,NA,"<= day","daily",NA,2,TRUE
"2020-09-05",90,FALSE,NA,NA,"<= day","daily",NA,2,TRUE
"2020-09-06",90,FALSE,NA,NA,"<= day","daily",NA,2,TRUE
"2020-09-07",90,FALSE,NA,NA,"<= day","daily",NA,2,TRUE
"2020-09-08",90,FALSE,NA,NA,"<= day","daily",NA,2,TRUE
"2020-09-09",90,FALSE,NA,NA,"<= day","daily",NA,2,TRUE
"2020-09-10",90,FALSE,NA,NA,"<= day","daily",NA,2,TRUE
"2020-09-11",90,FALSE,NA,NA,"<= day","daily",NA,2,TRUE
"2020-09-12",90,FALSE,NA,NA,"<= day","daily",NA,2,TRUE
"2020-09-13",90,FALSE,NA,NA,"<= day","daily",NA,2,TRUE
"2020-09-14",90,FALSE,NA,NA,"<= day","daily",NA,2,TRUE
"2020-09-15",90,FALSE,NA,NA,"<= day","daily",NA,2,TRUE
"2020-09-16",90,FALSE,NA,NA,"<= day","daily",NA,2,TRUE
"2020-09-17",90,FALSE,NA,NA,"<= day","daily",NA,2,TRUE
"2020-09-18",90,FALSE,NA,NA,"<= day","daily",NA,2,TRUE
"2020-09-19",90,FALSE,NA,NA,"<= day","daily",NA,2,TRUE
"2020-09-20",90,FALSE,NA,NA,"<= day","daily",NA,2,TRUE
"2020-09-21",90,FALSE,NA,NA,"<= day","daily",NA,2,TRUE
"2020-09-22",90,FALSE,NA,NA,"<= day","daily",NA,2,TRUE
"2020-09-23",166.122,FALSE,NA,NA,"<= day","daily",NA,2,TRUE
"2020-09-24",115.747,FALSE,NA,NA,"<= day","daily",NA,2,TRUE
"2020-09-25",147.802,FALSE,NA,NA,"<= day","daily",NA,2,TRUE
"2020-09-26",123.656,FALSE,NA,NA,"<= day","daily",NA,2,TRUE
"2020-09-27",179.278,FALSE,NA,NA,"<= day","daily",NA,2,TRUE
"2020-09-28",200.507,FALSE,NA,NA,"<= day","daily",NA,2,TRUE
"2020-09-29",239.528,FALSE,NA,NA,"<= day","daily",NA,2,TRUE
"2020-09-30",204.524,FALSE,NA,NA,"<= day","daily",NA,2,TRUE
"2020-10-01",142.198,FALSE,NA,NA,"<= day","daily",NA,2,TRUE
"2020-10-02",130,FALSE,NA,NA,"<= day","daily",NA,2,TRUE
"2020-10-03",687.111,FALSE,NA,NA,"<= day","daily",NA,2,TRUE
"2020-10-04",490.809,FALSE,NA,NA,"<= day","daily",NA,2,TRUE
"2020-10-05",333.792,FALSE,NA,NA,"<= day","daily",NA,2,TRUE
"2020-10-06",353.809,FALSE,NA,NA,"<= day","daily",NA,2,TRUE
"2020-10-07",466.875,FALSE,NA,NA,"<= day","daily",NA,2,TRUE
"2020-10-08",364.733,FALSE,NA,NA,"<= day","daily",NA,2,TRUE
"2020-10-09",280.431,FALSE,NA,NA,"<= day","daily",NA,2,TRUE
"2020-10-10",553.517,FALSE,NA,NA,"<= day","daily",NA,2,TRUE
"2020-10-11",516.736,FALSE,NA,NA,"<= day","daily",NA,2,TRUE
"2020-10-12",370.76,FALSE,NA,NA,"<= day","daily",NA,2,TRUE
"2020-10-13",224.41,FALSE,NA,NA,"<= day","daily",NA,2,TRUE
"2020-10-14",239.59,FALSE,NA,NA,"<= day","daily",NA,2,TRUE
"2020-10-15",213.354,FALSE,NA,NA,"<= day","daily",NA,2,TRUE
"2020-10-16",160,FALSE,NA,NA,"<= day","daily",NA,2,TRUE
"2020-10-17",160,FALSE,NA,NA,"<= day","daily",NA,2,TRUE
"2020-10-18",142.823,FALSE,NA,NA,"<= day","daily",NA,2,TRUE
"2020-10-19",130,FALSE,NA,NA,"<= day","daily",NA,2,TRUE
"2020-10-20",130,FALSE,NA,NA,"<= day","daily",NA,2,TRUE
"2020-10-21",130,FALSE,NA,NA,"<= day","daily",NA,2,TRUE
"2020-10-22",143.75,FALSE,NA,NA,"<= day","daily",NA,2,TRUE
"2020-10-23",183.451,FALSE,NA,NA,"<= day","daily",NA,2,TRUE
"2020-10-24",679.118,FALSE,NA,NA,"<= day","daily",NA,2,TRUE
"2020-10-25",436.09,FALSE,NA,NA,"<= day","daily",NA,2,TRUE
"2020-10-26",1282.469,FALSE,NA,NA,"<= day","daily",NA,2,TRUE
"2020-10-27",1189.104,FALSE,NA,NA,"<= day","daily",NA,2,TRUE
"2020-10-28",788.632,FALSE,NA,NA,"<= day","daily",NA,2,TRUE
"2020-10-29",797.208,FALSE,NA,NA,"<= day","daily",NA,2,TRUE
"2020-10-30",804.674,FALSE,NA,NA,"<= day","daily",NA,2,TRUE
"2020-10-31",635.243,FALSE,NA,NA,"<= day","daily",NA,2,TRUE
"2020-11-01",542.205,FALSE,NA,NA,"<= day","daily",NA,2,TRUE
"2020-11-02",502.413,FALSE,NA,NA,"<= day","daily",NA,2,TRUE
"2020-11-03",471.927,FALSE,NA,NA,"<= day","daily",NA,2,TRUE
"2020-11-04",619.08,FALSE,NA,NA,"<= day","daily",NA,2,TRUE
"2020-11-05",535.243,FALSE,NA,NA,"<= day","daily",NA,2,TRUE
"2020-11-06",477.622,FALSE,NA,NA,"<= day","daily",NA,2,TRUE
"2020-11-07",430,FALSE,NA,NA,"<= day","daily",NA,2,TRUE
"2020-11-08",391.062,FALSE,NA,NA,"<= day","daily",NA,2,TRUE
"2020-11-09",340.74,FALSE,NA,NA,"<= day","daily",NA,2,TRUE
"2020-11-10",309.597,FALSE,NA,NA,"<= day","daily",NA,2,TRUE
"2020-11-11",283.139,FALSE,NA,NA,"<= day","daily",NA,2,TRUE
"2020-11-12",260,FALSE,NA,NA,"<= day","daily",NA,2,TRUE
"2020-11-13",258.965,FALSE,NA,NA,"<= day","daily",NA,2,TRUE
"2020-11-14",220.84,FALSE,NA,NA,"<= day","daily",NA,2,TRUE
"2020-11-15",220,FALSE,NA,NA,"<= day","daily",NA,2,TRUE
"2020-11-16",227.917,FALSE,NA,NA,"<= day","daily",NA,2,TRUE
"2020-11-17",220,FALSE,NA,NA,"<= day","daily",NA,2,TRUE
"2020-11-18",186.479,FALSE,NA,NA,"<= day","daily",NA,2,TRUE
"2020-11-19",174.562,FALSE,NA,NA,"<= day","daily",NA,2,TRUE
"2020-11-20",252.694,FALSE,NA,NA,"<= day","daily",NA,2,TRUE
"2020-11-21",249.181,FALSE,NA,NA,"<= day","daily",NA,2,TRUE
"2020-11-22",220,FALSE,NA,NA,"<= day","daily",NA,2,TRUE
"2020-11-23",184.188,FALSE,NA,NA,"<= day","daily",NA,2,TRUE
"2020-11-24",184.583,FALSE,NA,NA,"<= day","daily",NA,2,TRUE
"2020-11-25",160,FALSE,NA,NA,"<= day","daily",NA,2,TRUE
"2020-11-26",160,FALSE,NA,NA,"<= day","daily",NA,2,TRUE
"2020-11-27",160,FALSE,NA,NA,"<= day","daily",NA,2,TRUE
"2020-11-28",160,FALSE,NA,NA,"<= day","daily",NA,2,TRUE
"2020-11-29",160,FALSE,NA,NA,"<= day","daily",NA,2,TRUE
"2020-11-30",153.75,FALSE,NA,NA,"<= day","daily",NA,2,TRUE
"2020-12-01",152.5,FALSE,NA,NA,"<= day","daily",NA,2,TRUE
"2020-12-02",206.424,FALSE,NA,NA,"<= day","daily",NA,2,TRUE
"2020-12-03",300.806,FALSE,NA,NA,"<= day","daily",NA,2,TRUE
"2020-12-04",984.622,FALSE,NA,NA,"<= day","daily",NA,2,TRUE
"2020-12-05",1427.392,FALSE,NA,NA,"<= day","daily",NA,2,TRUE
"2020-12-06",989.372,FALSE,NA,NA,"<= day","daily",NA,2,TRUE
"2020-12-07",701.316,FALSE,NA,NA,"<= day","daily",NA,2,TRUE
"2020-12-08",595.358,FALSE,NA,NA,"<= day","daily",NA,2,TRUE
"2020-12-09",527.413,FALSE,NA,NA,"<= day","daily",NA,2,TRUE
"2020-12-10",476.58,FALSE,NA,NA,"<= day","daily",NA,2,TRUE
"2020-12-11",484.757,FALSE,NA,NA,"<= day","daily",NA,2,TRUE
"2020-12-12",1138.299,FALSE,NA,NA,"<= day","daily",NA,2,TRUE
"2020-12-13",1914.139,FALSE,NA,NA,"<= day","daily",NA,2,TRUE
"2020-12-14",1427.038,FALSE,NA,NA,"<= day","daily",NA,2,TRUE
"2020-12-15",1011.938,FALSE,NA,NA,"<= day","daily",NA,2,TRUE
"2020-12-16",931.392,FALSE,NA,NA,"<= day","daily",NA,2,TRUE
"2020-12-17",796.809,FALSE,NA,NA,"<= day","daily",NA,2,TRUE
"2020-12-18",706.896,FALSE,NA,NA,"<= day","daily",NA,2,TRUE
"2020-12-19",649.288,FALSE,NA,NA,"<= day","daily",NA,2,TRUE
"2020-12-20",849.747,FALSE,NA,NA,"<= day","daily",NA,2,TRUE
"2020-12-21",933.389,FALSE,NA,NA,"<= day","daily",NA,2,TRUE
"2020-12-22",952.458,FALSE,NA,NA,"<= day","daily",NA,2,TRUE
"2020-12-23",969.396,FALSE,NA,NA,"<= day","daily",NA,2,TRUE
"2020-12-24",1241.799,FALSE,NA,NA,"<= day","daily",NA,2,TRUE
"2020-12-25",1698.705,FALSE,NA,NA,"<= day","daily",NA,2,TRUE
"2020-12-26",1271.747,FALSE,NA,NA,"<= day","daily",NA,2,TRUE
"2020-12-27",1036.292,FALSE,NA,NA,"<= day","daily",NA,2,TRUE
"2020-12-28",970.604,FALSE,NA,NA,"<= day","daily",NA,2,TRUE
"2020-12-29",1102.694,FALSE,NA,NA,"<= day","daily",NA,2,TRUE
"2020-12-30",968.389,FALSE,NA,NA,"<= day","daily",NA,2,TRUE
"2020-12-31",900,FALSE,NA,NA,"<= day","daily",NA,2,TRUE
"2021-01-01",974.354,FALSE,NA,NA,"<= day","daily",NA,2,TRUE
"2021-01-02",869.934,FALSE,NA,NA,"<= day","daily",NA,2,TRUE
"2021-01-03",815.646,FALSE,NA,NA,"<= day","daily",NA,2,TRUE
"2021-01-04",755.337,FALSE,NA,NA,"<= day","daily",NA,2,TRUE
"2021-01-05",643.677,FALSE,NA,NA,"<= day","daily",NA,2,TRUE
"2021-01-06",590.451,FALSE,NA,NA,"<= day","daily",NA,2,TRUE
"2021-01-07",530,FALSE,NA,NA,"<= day","daily",NA,2,TRUE
"2021-01-08",481.58,FALSE,NA,NA,"<= day","daily",NA,2,TRUE
"2021-01-09",439.08,FALSE,NA,NA,"<= day","daily",NA,2,TRUE
"2021-01-10",408.556,FALSE,NA,NA,"<= day","daily",NA,2,TRUE
"2021-01-11",375.122,FALSE,NA,NA,"<= day","daily",NA,2,TRUE
"2021-01-12",395.267,FALSE,NA,NA,"<= day","daily",NA,2,TRUE
"2021-01-13",979.76,FALSE,NA,NA,"<= day","daily",NA,2,TRUE
"2021-01-14",5911.681,FALSE,NA,NA,"<= day","daily",NA,2,TRUE
"2021-01-15",30442.955,FALSE,NA,NA,"<= day","daily",NA,2,TRUE
"2021-01-16",18729.517,FALSE,NA,NA,"<= day","daily",NA,2,TRUE
"2021-01-17",4919.955,FALSE,NA,NA,"<= day","daily",NA,2,TRUE
"2021-01-18",1800.503,FALSE,NA,NA,"<= day","daily",NA,2,TRUE
"2021-01-19",1222.247,FALSE,NA,NA,"<= day","daily",NA,2,TRUE
"2021-01-20",1127.635,FALSE,NA,NA,"<= day","daily",NA,2,TRUE
"2021-01-21",1041.924,FALSE,NA,NA,"<= day","daily",NA,2,TRUE
"2021-01-22",1403.438,FALSE,NA,NA,"<= day","daily",NA,2,TRUE
"2021-01-23",8793.993,FALSE,NA,NA,"<= day","daily",NA,2,TRUE
"2021-01-24",9320.24,FALSE,NA,NA,"<= day","daily",NA,2,TRUE
"2021-01-25",3894.969,FALSE,NA,NA,"<= day","daily",NA,2,TRUE
"2021-01-26",1700.986,FALSE,NA,NA,"<= day","daily",NA,2,TRUE
"2021-01-27",1202.5,FALSE,NA,NA,"<= day","daily",NA,2,TRUE
"2021-01-28",4171.816,FALSE,NA,NA,"<= day","daily",NA,2,TRUE
"2021-01-29",27503.347,FALSE,NA,NA,"<= day","daily",NA,2,TRUE
"2021-01-30",43151.306,FALSE,NA,NA,"<= day","daily",NA,2,TRUE
"2021-01-31",44336.257,FALSE,NA,NA,"<= day","daily",NA,2,TRUE
"2021-02-01",38099.556,FALSE,NA,NA,"<= day","daily",NA,2,TRUE
"2021-02-02",29448.507,FALSE,NA,NA,"<= day","daily",NA,2,TRUE
"2021-02-03",24032.757,FALSE,NA,NA,"<= day","daily",NA,2,TRUE
"2021-02-04",24526.917,FALSE,NA,NA,"<= day","daily",NA,2,TRUE
"2021-02-05",14486.41,FALSE,NA,NA,"<= day","daily",NA,2,TRUE
"2021-02-06",6221.253,FALSE,NA,NA,"<= day","daily",NA,2,TRUE
"2021-02-07",2742.104,FALSE,NA,NA,"<= day","daily",NA,2,TRUE
"2021-02-08",1440.545,FALSE,NA,NA,"<= day","daily",NA,2,TRUE
"2021-02-09",1103.483,FALSE,NA,NA,"<= day","daily",NA,2,TRUE
"2021-02-10",1103.764,FALSE,NA,NA,"<= day","daily",NA,2,TRUE
"2021-02-11",990.028,FALSE,NA,NA,"<= day","daily",NA,2,TRUE
"2021-02-12",903.684,FALSE,NA,NA,"<= day","daily",NA,2,TRUE
"2021-02-13",806.392,FALSE,NA,NA,"<= day","daily",NA,2,TRUE
"2021-02-14",716.896,FALSE,NA,NA,"<= day","daily",NA,2,TRUE
"2021-02-15",661.788,FALSE,NA,NA,"<= day","daily",NA,2,TRUE
"2021-02-16",716.469,FALSE,NA,NA,"<= day","daily",NA,2,TRUE
"2021-02-17",902.83,FALSE,NA,NA,"<= day","daily",NA,2,TRUE
"2021-02-18",796.896,FALSE,NA,NA,"<= day","daily",NA,2,TRUE
"2021-02-19",906.941,FALSE,NA,NA,"<= day","daily",NA,2,TRUE
"2021-02-20",854.295,FALSE,NA,NA,"<= day","daily",NA,2,TRUE
"2021-02-21",791.681,FALSE,NA,NA,"<= day","daily",NA,2,TRUE
"2021-02-22",690.307,FALSE,NA,NA,"<= day","daily",NA,2,TRUE
"2021-02-23",637.622,FALSE,NA,NA,"<= day","daily",NA,2,TRUE
"2021-02-24",584.913,FALSE,NA,NA,"<= day","daily",NA,2,TRUE
"2021-02-25",548.455,FALSE,NA,NA,"<= day","daily",NA,2,TRUE
"2021-02-26",503.455,FALSE,NA,NA,"<= day","daily",NA,2,TRUE
"2021-02-27",480,FALSE,NA,NA,"<= day","daily",NA,2,TRUE
"2021-02-28",433.038,FALSE,NA,NA,"<= day","daily",NA,2,TRUE
"2021-03-01",419.389,FALSE,NA,NA,"<= day","daily",NA,2,TRUE
"2021-03-02",390,FALSE,NA,NA,"<= day","daily",NA,2,TRUE
"2021-03-03",374.497,FALSE,NA,NA,"<= day","daily",NA,2,TRUE
"2021-03-04",340,FALSE,NA,NA,"<= day","daily",NA,2,TRUE
"2021-03-05",321.365,FALSE,NA,NA,"<= day","daily",NA,2,TRUE
"2021-03-06",300.108,FALSE,NA,NA,"<= day","daily",NA,2,TRUE
"2021-03-07",300,FALSE,NA,NA,"<= day","daily",NA,2,TRUE
"2021-03-08",301.875,FALSE,NA,NA,"<= day","daily",NA,2,TRUE
"2021-03-09",282.514,FALSE,NA,NA,"<= day","daily",NA,2,TRUE
"2021-03-10",260,FALSE,NA,NA,"<= day","daily",NA,2,TRUE
"2021-03-11",274.247,FALSE,NA,NA,"<= day","daily",NA,2,TRUE
"2021-03-12",326.264,FALSE,NA,NA,"<= day","daily",NA,2,TRUE
"2021-03-13",294.385,FALSE,NA,NA,"<= day","daily",NA,2,TRUE
"2021-03-14",1228.257,FALSE,NA,NA,"<= day","daily",NA,2,TRUE
"2021-03-15",2313.375,FALSE,NA,NA,"<= day","daily",NA,2,TRUE
"2021-03-16",2519.542,FALSE,NA,NA,"<= day","daily",NA,2,TRUE
"2021-03-17",1869.688,FALSE,NA,NA,"<= day","daily",NA,2,TRUE
"2021-03-18",1537.389,FALSE,NA,NA,"<= day","daily",NA,2,TRUE
"2021-03-19",1255.715,FALSE,NA,NA,"<= day","daily",NA,2,TRUE
"2021-03-20",996.333,FALSE,NA,NA,"<= day","daily",NA,2,TRUE
"2021-03-21",848.476,FALSE,NA,NA,"<= day","daily",NA,2,TRUE
"2021-03-22",702.226,FALSE,NA,NA,"<= day","daily",NA,2,TRUE
"2021-03-23",651.58,FALSE,NA,NA,"<= day","daily",NA,2,TRUE
"2021-03-24",585.538,FALSE,NA,NA,"<= day","daily",NA,2,TRUE
"2021-03-25",532.83,FALSE,NA,NA,"<= day","daily",NA,2,TRUE
"2021-03-26",484.913,FALSE,NA,NA,"<= day","daily",NA,2,TRUE
"2021-03-27",463.455,FALSE,NA,NA,"<= day","daily",NA,2,TRUE
"2021-03-28",427.931,FALSE,NA,NA,"<= day","daily",NA,2,TRUE
"2021-03-29",389.375,FALSE,NA,NA,"<= day","daily",NA,2,TRUE
"2021-03-30",389.799,FALSE,NA,NA,"<= day","daily",NA,2,TRUE
"2021-03-31",343.031,FALSE,NA,NA,"<= day","daily",NA,2,TRUE
"2021-04-01",340,FALSE,NA,NA,"<= day","daily",NA,2,TRUE
"2021-04-02",340,FALSE,NA,NA,"<= day","daily",NA,2,TRUE
"2021-04-03",315.222,FALSE,NA,NA,"<= day","daily",NA,2,TRUE
"2021-04-04",300,FALSE,NA,NA,"<= day","daily",NA,2,TRUE
"2021-04-05",300,FALSE,NA,NA,"<= day","daily",NA,2,TRUE
"2021-04-06",300,FALSE,NA,NA,"<= day","daily",NA,2,TRUE
"2021-04-07",293.865,FALSE,NA,NA,"<= day","daily",NA,2,TRUE
"2021-04-08",264.274,FALSE,NA,NA,"<= day","daily",NA,2,TRUE
"2021-04-09",260,FALSE,NA,NA,"<= day","daily",NA,2,TRUE
"2021-04-10",260,FALSE,NA,NA,"<= day","daily",NA,2,TRUE
"2021-04-11",261.236,FALSE,NA,NA,"<= day","daily",NA,2,TRUE
"2021-04-12",328.125,FALSE,NA,NA,"<= day","daily",NA,2,TRUE
"2021-04-13",265.431,FALSE,NA,NA,"<= day","daily",NA,2,TRUE
"2021-04-14",258.549,FALSE,NA,NA,"<= day","daily",NA,2,TRUE
"2021-04-15",220.424,FALSE,NA,NA,"<= day","daily",NA,2,TRUE
"2021-04-16",220,FALSE,NA,NA,"<= day","daily",NA,2,TRUE
"2021-04-17",220,FALSE,NA,NA,"<= day","daily",NA,2,TRUE
"2021-04-18",220,FALSE,NA,NA,"<= day","daily",NA,2,TRUE
"2021-04-19",220,FALSE,NA,NA,"<= day","daily",NA,2,TRUE
"2021-04-20",220,FALSE,NA,NA,"<= day","daily",NA,2,TRUE
"2021-04-21",190.854,FALSE,NA,NA,"<= day","daily",NA,2,TRUE
"2021-04-22",160,FALSE,NA,NA,"<= day","daily",NA,2,TRUE
"2021-04-23",160,FALSE,NA,NA,"<= day","daily",NA,2,TRUE
"2021-04-24",160,FALSE,NA,NA,"<= day","daily",NA,2,TRUE
"2021-04-25",160,FALSE,NA,NA,"<= day","daily",NA,2,TRUE
"2021-04-26",160,FALSE,NA,NA,"<= day","daily",NA,2,TRUE
"2021-04-27",160,FALSE,NA,NA,"<= day","daily",NA,2,TRUE
"2021-04-28",160,FALSE,NA,NA,"<= day","daily",NA,2,TRUE
"2021-04-29",218.549,FALSE,NA,NA,"<= day","daily",NA,2,TRUE
"2021-04-30",187.875,FALSE,NA,NA,"<= day","daily",NA,2,TRUE
"2021-05-01",183.556,FALSE,NA,NA,"<= day","daily",NA,2,TRUE
"2021-05-02",229.698,FALSE,NA,NA,"<= day","daily",NA,2,TRUE
"2021-05-03",135.236,FALSE,NA,NA,"<= day","daily",NA,2,TRUE
"2021-05-04",127.385,FALSE,NA,NA,"<= day","daily",NA,2,TRUE
"2021-05-05",720.431,FALSE,NA,NA,"<= day","daily",NA,2,TRUE
"2021-05-06",664.458,FALSE,NA,NA,"<= day","daily",NA,2,TRUE
"2021-05-07",2033.927,FALSE,NA,NA,"<= day","daily",NA,2,TRUE
"2021-05-08",1836.288,FALSE,NA,NA,"<= day","daily",NA,2,TRUE
"2021-05-09",881.562,FALSE,NA,NA,"<= day","daily",NA,2,TRUE
"2021-05-10",1345.08,FALSE,NA,NA,"<= day","daily",NA,2,TRUE
"2021-05-11",8816.583,FALSE,NA,NA,"<= day","daily",NA,2,TRUE
"2021-05-12",12587.899,FALSE,NA,NA,"<= day","daily",NA,2,TRUE
"2021-05-13",5186.924,FALSE,NA,NA,"<= day","daily",NA,2,TRUE
"2021-05-14",1900.33,FALSE,NA,NA,"<= day","daily",NA,2,TRUE
"2021-05-15",1048.316,FALSE,NA,NA,"<= day","daily",NA,2,TRUE
"2021-05-16",922.069,FALSE,NA,NA,"<= day","daily",NA,2,TRUE
"2021-05-17",2319.177,FALSE,NA,NA,"<= day","daily",NA,2,TRUE
"2021-05-18",6334.031,FALSE,NA,NA,"<= day","daily",NA,2,TRUE
"2021-05-19",6229.174,FALSE,NA,NA,"<= day","daily",NA,2,TRUE
"2021-05-20",4093.306,FALSE,NA,NA,"<= day","daily",NA,2,TRUE
"2021-05-21",2762.594,FALSE,NA,NA,"<= day","daily",NA,2,TRUE
"2021-05-22",6510.354,FALSE,NA,NA,"<= day","daily",NA,2,TRUE
"2021-05-23",5229.493,FALSE,NA,NA,"<= day","daily",NA,2,TRUE
"2021-05-24",2005.49,FALSE,NA,NA,"<= day","daily",NA,2,TRUE
"2021-05-25",1099.417,FALSE,NA,NA,"<= day","daily",NA,2,TRUE
"2021-05-26",905.247,FALSE,NA,NA,"<= day","daily",NA,2,TRUE
"2021-05-27",766.809,FALSE,NA,NA,"<= day","daily",NA,2,TRUE
"2021-05-28",697.226,FALSE,NA,NA,"<= day","daily",NA,2,TRUE
"2021-05-29",612.622,FALSE,NA,NA,"<= day","daily",NA,2,TRUE
"2021-05-30",543.038,FALSE,NA,NA,"<= day","daily",NA,2,TRUE
"2021-05-31",496.163,FALSE,NA,NA,"<= day","daily",NA,2,TRUE
"2021-06-01",467.83,FALSE,NA,NA,"<= day","daily",NA,2,TRUE
"2021-06-02",424.597,FALSE,NA,NA,"<= day","daily",NA,2,TRUE
"2021-06-03",390,FALSE,NA,NA,"<= day","daily",NA,2,TRUE
"2021-06-04",366.458,FALSE,NA,NA,"<= day","daily",NA,2,TRUE
"2021-06-05",437.292,FALSE,NA,NA,"<= day","daily",NA,2,TRUE
"2021-06-06",369.705,FALSE,NA,NA,"<= day","daily",NA,2,TRUE
"2021-06-07",340,FALSE,NA,NA,"<= day","daily",NA,2,TRUE
"2021-06-08",326.667,FALSE,NA,NA,"<= day","daily",NA,2,TRUE
"2021-06-09",347.708,FALSE,NA,NA,"<= day","daily",NA,2,TRUE
"2021-06-10",302.931,FALSE,NA,NA,"<= day","daily",NA,2,TRUE
"2021-06-11",271.889,FALSE,NA,NA,"<= day","daily",NA,2,TRUE
"2021-06-12",260,FALSE,NA,NA,"<= day","daily",NA,2,TRUE
"2021-06-13",260,FALSE,NA,NA,"<= day","daily",NA,2,TRUE
"2021-06-14",235.431,FALSE,NA,NA,"<= day","daily",NA,2,TRUE
"2021-06-15",220,FALSE,NA,NA,"<= day","daily",NA,2,TRUE
"2021-06-16",220,FALSE,NA,NA,"<= day","daily",NA,2,TRUE
"2021-06-17",220,FALSE,NA,NA,"<= day","daily",NA,2,TRUE
"2021-06-18",220,FALSE,NA,NA,"<= day","daily",NA,2,TRUE
"2021-06-19",220,FALSE,NA,NA,"<= day","daily",NA,2,TRUE
"2021-06-20",233.983,FALSE,NA,NA,"<= day","daily",NA,2,TRUE
"2021-06-21",385.674,FALSE,NA,NA,"<= day","daily",NA,2,TRUE
"2021-06-22",453.427,FALSE,NA,NA,"<= day","daily",NA,2,TRUE
"2021-06-23",270.875,FALSE,NA,NA,"<= day","daily",NA,2,TRUE
"2021-06-24",308.292,FALSE,NA,NA,"<= day","daily",NA,2,TRUE
"2021-06-25",274.417,FALSE,NA,NA,"<= day","daily",NA,2,TRUE
"2021-06-26",220,FALSE,NA,NA,"<= day","daily",NA,2,TRUE
"2021-06-27",192.104,FALSE,NA,NA,"<= day","daily",NA,2,TRUE
"2021-06-28",160,FALSE,NA,NA,"<= day","daily",NA,2,TRUE
"2021-06-29",207.674,FALSE,NA,NA,"<= day","daily",NA,2,TRUE
"2021-06-30",238.674,FALSE,NA,NA,"<= day","daily",NA,2,TRUE
"2021-07-01",448.913,FALSE,NA,NA,"<= day","daily",NA,2,TRUE
"2021-07-02",258.26,FALSE,NA,NA,"<= day","daily",NA,2,TRUE
"2021-07-03",220,FALSE,NA,NA,"<= day","daily",NA,2,TRUE
"2021-07-04",220,FALSE,NA,NA,"<= day","daily",NA,2,TRUE
"2021-07-05",155.76,FALSE,NA,NA,"<= day","daily",NA,2,TRUE
"2021-07-06",591.826,FALSE,NA,NA,"<= day","daily",NA,2,TRUE
"2021-07-07",1290.253,FALSE,NA,NA,"<= day","daily",NA,2,TRUE
"2021-07-08",627.035,FALSE,NA,NA,"<= day","daily",NA,2,TRUE
"2021-07-09",687.948,FALSE,NA,NA,"<= day","daily",NA,2,TRUE
"2021-07-10",438.816,FALSE,NA,NA,"<= day","daily",NA,2,TRUE
"2021-07-11",289.806,FALSE,NA,NA,"<= day","daily",NA,2,TRUE
"2021-07-12",330.476,FALSE,NA,NA,"<= day","daily",NA,2,TRUE
"2021-07-13",9552.684,FALSE,NA,NA,"<= day","daily",NA,2,TRUE
"2021-07-14",18208.052,FALSE,NA,NA,"<= day","daily",NA,2,TRUE
"2021-07-15",26092.267,FALSE,NA,NA,"<= day","daily",NA,2,TRUE
"2021-07-16",42728.469,FALSE,NA,NA,"<= day","daily",NA,2,TRUE
"2021-07-17",35834.743,FALSE,NA,NA,"<= day","daily",NA,2,TRUE
"2021-07-18",14147.399,FALSE,NA,NA,"<= day","daily",NA,2,TRUE
"2021-07-19",4662.979,FALSE,NA,NA,"<= day","daily",NA,2,TRUE
"2021-07-20",1768.955,FALSE,NA,NA,"<= day","daily",NA,2,TRUE
"2021-07-21",1019.378,FALSE,NA,NA,"<= day","daily",NA,2,TRUE
"2021-07-22",861.392,FALSE,NA,NA,"<= day","daily",NA,2,TRUE
"2021-07-23",769.288,FALSE,NA,NA,"<= day","daily",NA,2,TRUE
"2021-07-24",766.128,FALSE,NA,NA,"<= day","daily",NA,2,TRUE
"2021-07-25",686.097,FALSE,NA,NA,"<= day","daily",NA,2,TRUE
"2021-07-26",598.455,FALSE,NA,NA,"<= day","daily",NA,2,TRUE
"2021-07-27",536.788,FALSE,NA,NA,"<= day","daily",NA,2,TRUE
"2021-07-28",504.497,FALSE,NA,NA,"<= day","daily",NA,2,TRUE
"2021-07-29",521.163,FALSE,NA,NA,"<= day","daily",NA,2,TRUE
"2021-07-30",430,FALSE,NA,NA,"<= day","daily",NA,2,TRUE
"2021-07-31",405.222,FALSE,NA,NA,"<= day","daily",NA,2,TRUE
"2021-08-01",465.191,FALSE,NA,NA,"<= day","daily",NA,2,TRUE
"2021-08-02",417.101,FALSE,NA,NA,"<= day","daily",NA,2,TRUE
"2021-08-03",433.701,FALSE,NA,NA,"<= day","daily",NA,2,TRUE
"2021-08-04",433.382,FALSE,NA,NA,"<= day","daily",NA,2,TRUE
"2021-08-05",422.868,FALSE,NA,NA,"<= day","daily",NA,2,TRUE
"2021-08-06",451.924,FALSE,NA,NA,"<= day","daily",NA,2,TRUE
"2021-08-07",696.174,FALSE,NA,NA,"<= day","daily",NA,2,TRUE
"2021-08-08",818.918,FALSE,NA,NA,"<= day","daily",NA,2,TRUE
"2021-08-09",558.698,FALSE,NA,NA,"<= day","daily",NA,2,TRUE
"2021-08-10",465.538,FALSE,NA,NA,"<= day","daily",NA,2,TRUE
"2021-08-11",413.556,FALSE,NA,NA,"<= day","daily",NA,2,TRUE
"2021-08-12",379.913,FALSE,NA,NA,"<= day","daily",NA,2,TRUE
"2021-08-13",340,FALSE,NA,NA,"<= day","daily",NA,2,TRUE
"2021-08-14",304.597,FALSE,NA,NA,"<= day","daily",NA,2,TRUE
"2021-08-15",300,FALSE,NA,NA,"<= day","daily",NA,2,TRUE
"2021-08-16",299.49,FALSE,NA,NA,"<= day","daily",NA,2,TRUE
"2021-08-17",260.733,FALSE,NA,NA,"<= day","daily",NA,2,TRUE
"2021-08-18",260,FALSE,NA,NA,"<= day","daily",NA,2,TRUE
"2021-08-19",260,FALSE,NA,NA,"<= day","daily",NA,2,TRUE
"2021-08-20",223.556,FALSE,NA,NA,"<= day","daily",NA,2,TRUE
"2021-08-21",220.41,FALSE,NA,NA,"<= day","daily",NA,2,TRUE
"2021-08-22",269.368,FALSE,NA,NA,"<= day","daily",NA,2,TRUE
"2021-08-23",236.056,FALSE,NA,NA,"<= day","daily",NA,2,TRUE
"2021-08-24",220,FALSE,NA,NA,"<= day","daily",NA,2,TRUE
"2021-08-25",220,FALSE,NA,NA,"<= day","daily",NA,2,TRUE
"2021-08-26",188.562,FALSE,NA,NA,"<= day","daily",NA,2,TRUE
"2021-08-27",160,FALSE,NA,NA,"<= day","daily",NA,2,TRUE
"2021-08-28",160,FALSE,NA,NA,"<= day","daily",NA,2,TRUE
"2021-08-29",160,FALSE,NA,NA,"<= day","daily",NA,2,TRUE
"2021-08-30",160,FALSE,NA,NA,"<= day","daily",NA,2,TRUE
"2021-08-31",159.375,FALSE,NA,NA,"<= day","daily",NA,2,TRUE
"2021-09-01",203.618,FALSE,NA,NA,"<= day","daily",NA,2,TRUE
"2021-09-02",160,FALSE,NA,NA,"<= day","daily",NA,2,TRUE
"2021-09-03",147.823,FALSE,NA,NA,"<= day","daily",NA,2,TRUE
"2021-09-04",131.875,FALSE,NA,NA,"<= day","daily",NA,2,TRUE
"2021-09-05",130,FALSE,NA,NA,"<= day","daily",NA,2,TRUE
"2021-09-06",130,FALSE,NA,NA,"<= day","daily",NA,2,TRUE
"2021-09-07",130,FALSE,NA,NA,"<= day","daily",NA,2,TRUE
"2021-09-08",130,FALSE,NA,NA,"<= day","daily",NA,2,TRUE
"2021-09-09",130,FALSE,NA,NA,"<= day","daily",NA,2,TRUE
"2021-09-10",142.802,FALSE,NA,NA,"<= day","daily",NA,2,TRUE
"2021-09-11",139.073,FALSE,NA,NA,"<= day","daily",NA,2,TRUE
"2021-09-12",130,FALSE,NA,NA,"<= day","daily",NA,2,TRUE
"2021-09-13",130,FALSE,NA,NA,"<= day","daily",NA,2,TRUE
"2021-09-14",127.5,FALSE,NA,NA,"<= day","daily",NA,2,TRUE
"2021-09-15",130,FALSE,NA,NA,"<= day","daily",NA,2,TRUE
"2021-09-16",138.427,FALSE,NA,NA,"<= day","daily",NA,2,TRUE
"2021-09-17",132.198,FALSE,NA,NA,"<= day","daily",NA,2,TRUE
"2021-09-18",125.941,FALSE,NA,NA,"<= day","daily",NA,2,TRUE
"2021-09-19",134.361,FALSE,NA,NA,"<= day","daily",NA,2,TRUE
"2021-09-20",154.698,FALSE,NA,NA,"<= day","daily",NA,2,TRUE
"2021-09-21",129.375,FALSE,NA,NA,"<= day","daily",NA,2,TRUE
"2021-09-22",103.556,FALSE,NA,NA,"<= day","daily",NA,2,TRUE
"2021-09-23",107.285,FALSE,NA,NA,"<= day","daily",NA,2,TRUE
"2021-09-24",110,FALSE,NA,NA,"<= day","daily",NA,2,TRUE
"2021-09-25",110,FALSE,NA,NA,"<= day","daily",NA,2,TRUE
"2021-09-26",110,FALSE,NA,NA,"<= day","daily",NA,2,TRUE
"2021-09-27",113.542,FALSE,NA,NA,"<= day","daily",NA,2,TRUE
"2021-09-28",110,FALSE,NA,NA,"<= day","daily",NA,2,TRUE
"2021-09-29",110,FALSE,NA,NA,"<= day","daily",NA,2,TRUE
"2021-09-30",137.292,FALSE,NA,NA,"<= day","daily",NA,2,TRUE
"2021-10-01",108.333,FALSE,NA,NA,"<= day","daily",NA,2,TRUE
"2021-10-02",107.5,FALSE,NA,NA,"<= day","daily",NA,2,TRUE
"2021-10-03",119.878,FALSE,NA,NA,"<= day","daily",NA,2,TRUE
"2021-10-04",438.33,FALSE,NA,NA,"<= day","daily",NA,2,TRUE
"2021-10-05",455.934,FALSE,NA,NA,"<= day","daily",NA,2,TRUE
"2021-10-06",516.479,FALSE,NA,NA,"<= day","daily",NA,2,TRUE
"2021-10-07",314.431,FALSE,NA,NA,"<= day","daily",NA,2,TRUE
"2021-10-08",226.681,FALSE,NA,NA,"<= day","daily",NA,2,TRUE
"2021-10-09",167.312,FALSE,NA,NA,"<= day","daily",NA,2,TRUE
"2021-10-10",152.198,FALSE,NA,NA,"<= day","daily",NA,2,TRUE
"2021-10-11",130,FALSE,NA,NA,"<= day","daily",NA,2,TRUE
"2021-10-12",130,FALSE,NA,NA,"<= day","daily",NA,2,TRUE
"2021-10-13",130,FALSE,NA,NA,"<= day","daily",NA,2,TRUE
"2021-10-14",115.84,FALSE,NA,NA,"<= day","daily",NA,2,TRUE
"2021-10-15",110,FALSE,NA,NA,"<= day","daily",NA,2,TRUE
"2021-10-16",110,FALSE,NA,NA,"<= day","daily",NA,2,TRUE
"2021-10-17",110,FALSE,NA,NA,"<= day","daily",NA,2,TRUE
"2021-10-18",110,FALSE,NA,NA,"<= day","daily",NA,2,TRUE
"2021-10-19",110,FALSE,NA,NA,"<= day","daily",NA,2,TRUE
"2021-10-20",110.618,FALSE,NA,NA,"<= day","daily",NA,2,TRUE
"2021-10-21",189.233,FALSE,NA,NA,"<= day","daily",NA,2,TRUE
"2021-10-22",222.09,FALSE,NA,NA,"<= day","daily",NA,2,TRUE
"2021-10-23",194.604,FALSE,NA,NA,"<= day","daily",NA,2,TRUE
"2021-10-24",144.698,FALSE,NA,NA,"<= day","daily",NA,2,TRUE
"2021-10-25",130,FALSE,NA,NA,"<= day","daily",NA,2,TRUE
"2021-10-26",130,FALSE,NA,NA,"<= day","daily",NA,2,TRUE
"2021-10-27",130,FALSE,NA,NA,"<= day","daily",NA,2,TRUE
"2021-10-28",130,FALSE,NA,NA,"<= day","daily",NA,2,TRUE
"2021-10-29",142.299,FALSE,NA,NA,"<= day","daily",NA,2,TRUE
"2021-10-30",112.285,FALSE,NA,NA,"<= day","daily",NA,2,TRUE
"2021-10-31",130.927,FALSE,NA,NA,"<= day","daily",NA,2,TRUE
"2021-11-01",1013.66,FALSE,NA,NA,"<= day","daily",NA,2,TRUE
"2021-11-02",996.292,FALSE,NA,NA,"<= day","daily",NA,2,TRUE
"2021-11-03",1284.358,FALSE,NA,NA,"<= day","daily",NA,2,TRUE
"2021-11-04",1147.736,FALSE,NA,NA,"<= day","daily",NA,2,TRUE
"2021-11-05",1058.122,FALSE,NA,NA,"<= day","daily",NA,2,TRUE
"2021-11-06",813.396,FALSE,NA,NA,"<= day","daily",NA,2,TRUE
"2021-11-07",650.264,FALSE,NA,NA,"<= day","daily",NA,2,TRUE
"2021-11-08",536.285,FALSE,NA,NA,"<= day","daily",NA,2,TRUE
"2021-11-09",359.719,FALSE,NA,NA,"<= day","daily",NA,2,TRUE
"2021-11-10",355.122,FALSE,NA,NA,"<= day","daily",NA,2,TRUE
"2021-11-11",311.264,FALSE,NA,NA,"<= day","daily",NA,2,TRUE
"2021-11-12",273.972,FALSE,NA,NA,"<= day","daily",NA,2,TRUE
"2021-11-13",260,FALSE,NA,NA,"<= day","daily",NA,2,TRUE
"2021-11-14",271.667,FALSE,NA,NA,"<= day","daily",NA,2,TRUE
"2021-11-15",244.181,FALSE,NA,NA,"<= day","daily",NA,2,TRUE
"2021-11-16",220,FALSE,NA,NA,"<= day","daily",NA,2,TRUE
"2021-11-17",181.062,FALSE,NA,NA,"<= day","daily",NA,2,TRUE
"2021-11-18",194.913,FALSE,NA,NA,"<= day","daily",NA,2,TRUE
"2021-11-19",127.493,FALSE,NA,NA,"<= day","daily",NA,2,TRUE
"2021-11-20",130,FALSE,NA,NA,"<= day","daily",NA,2,TRUE
"2021-11-21",130,FALSE,NA,NA,"<= day","daily",NA,2,TRUE
"2021-11-22",141.875,FALSE,NA,NA,"<= day","daily",NA,2,TRUE
"2021-11-23",130,FALSE,NA,NA,"<= day","daily",NA,2,TRUE
"2021-11-24",130,FALSE,NA,NA,"<= day","daily",NA,2,TRUE
"2021-11-25",130,FALSE,NA,NA,"<= day","daily",NA,2,TRUE
"2021-11-26",130,FALSE,NA,NA,"<= day","daily",NA,2,TRUE
"2021-11-27",176.698,FALSE,NA,NA,"<= day","daily",NA,2,TRUE
"2021-11-28",281.882,FALSE,NA,NA,"<= day","daily",NA,2,TRUE
"2021-11-29",347.09,FALSE,NA,NA,"<= day","daily",NA,2,TRUE
"2021-11-30",258.347,FALSE,NA,NA,"<= day","daily",NA,2,TRUE
"2021-12-01",270.267,FALSE,NA,NA,"<= day","daily",NA,2,TRUE
"2021-12-02",802.635,FALSE,NA,NA,"<= day","daily",NA,2,TRUE
"2021-12-03",711.031,FALSE,NA,NA,"<= day","daily",NA,2,TRUE
"2021-12-04",3199.316,FALSE,NA,NA,"<= day","daily",NA,2,TRUE
"2021-12-05",15023.222,FALSE,NA,NA,"<= day","daily",NA,2,TRUE
"2021-12-06",6640.885,FALSE,NA,NA,"<= day","daily",NA,2,TRUE
"2021-12-07",1665.878,FALSE,NA,NA,"<= day","daily",NA,2,TRUE
"2021-12-08",1284.722,FALSE,NA,NA,"<= day","daily",NA,2,TRUE
"2021-12-09",1265.507,FALSE,NA,NA,"<= day","daily",NA,2,TRUE
"2021-12-10",1946.458,FALSE,NA,NA,"<= day","daily",NA,2,TRUE
"2021-12-11",3640.486,FALSE,NA,NA,"<= day","daily",NA,2,TRUE
"2021-12-12",2377.08,FALSE,NA,NA,"<= day","daily",NA,2,TRUE
"2021-12-13",1429.878,FALSE,NA,NA,"<= day","daily",NA,2,TRUE
"2021-12-14",1085.097,FALSE,NA,NA,"<= day","daily",NA,2,TRUE
"2021-12-15",830.788,FALSE,NA,NA,"<= day","daily",NA,2,TRUE
"2021-12-16",720.142,FALSE,NA,NA,"<= day","daily",NA,2,TRUE
"2021-12-17",617.535,FALSE,NA,NA,"<= day","daily",NA,2,TRUE
"2021-12-18",542.205,FALSE,NA,NA,"<= day","daily",NA,2,TRUE
"2021-12-19",482.413,FALSE,NA,NA,"<= day","daily",NA,2,TRUE
"2021-12-20",437.83,FALSE,NA,NA,"<= day","daily",NA,2,TRUE
"2021-12-21",400.014,FALSE,NA,NA,"<= day","daily",NA,2,TRUE
"2021-12-22",356.788,FALSE,NA,NA,"<= day","daily",NA,2,TRUE
"2021-12-23",367.708,FALSE,NA,NA,"<= day","daily",NA,2,TRUE
"2021-12-24",338.333,FALSE,NA,NA,"<= day","daily",NA,2,TRUE
"2021-12-25",320.833,FALSE,NA,NA,"<= day","daily",NA,2,TRUE
"2021-12-26",993.514,FALSE,NA,NA,"<= day","daily",NA,2,TRUE
"2021-12-27",3204.094,FALSE,NA,NA,"<= day","daily",NA,2,TRUE
"2021-12-28",3113.146,FALSE,NA,NA,"<= day","daily",NA,2,TRUE
"2021-12-29",6776.889,FALSE,NA,NA,"<= day","daily",NA,2,TRUE
"2021-12-30",16384.951,FALSE,NA,NA,"<= day","daily",NA,2,TRUE
"2021-12-31",16410.906,FALSE,NA,NA,"<= day","daily",NA,2,TRUE
"2022-01-01",7469.677,FALSE,NA,NA,"<= day","daily",NA,2,TRUE
"2022-01-02",2645.271,FALSE,NA,NA,"<= day","daily",NA,2,TRUE
"2022-01-03",1089.899,FALSE,NA,NA,"<= day","daily",NA,2,TRUE
"2022-01-04",962.281,FALSE,NA,NA,"<= day","daily",NA,2,TRUE
"2022-01-05",3745.799,FALSE,NA,NA,"<= day","daily",NA,2,TRUE
"2022-01-06",2641.674,FALSE,NA,NA,"<= day","daily",NA,2,TRUE
"2022-01-07",1536.344,FALSE,NA,NA,"<= day","daily",NA,2,TRUE
"2022-01-08",1416.458,FALSE,NA,NA,"<= day","daily",NA,2,TRUE
"2022-01-09",2732.229,FALSE,NA,NA,"<= day","daily",NA,2,TRUE
"2022-01-10",3372.125,FALSE,NA,NA,"<= day","daily",NA,2,TRUE
"2022-01-11",2036.361,FALSE,NA,NA,"<= day","daily",NA,2,TRUE
"2022-01-12",1453.163,FALSE,NA,NA,"<= day","daily",NA,2,TRUE
"2022-01-13",1114.149,FALSE,NA,NA,"<= day","daily",NA,2,TRUE
"2022-01-14",945.99,FALSE,NA,NA,"<= day","daily",NA,2,TRUE
"2022-01-15",828.569,FALSE,NA,NA,"<= day","daily",NA,2,TRUE
"2022-01-16",716.184,FALSE,NA,NA,"<= day","daily",NA,2,TRUE
"2022-01-17",565.868,FALSE,NA,NA,"<= day","daily",NA,2,TRUE
"2022-01-18",548.247,FALSE,NA,NA,"<= day","daily",NA,2,TRUE
"2022-01-19",507.83,FALSE,NA,NA,"<= day","daily",NA,2,TRUE
"2022-01-20",477.5,FALSE,NA,NA,"<= day","daily",NA,2,TRUE
"2022-01-21",440.955,FALSE,NA,NA,"<= day","daily",NA,2,TRUE
"2022-01-22",394.181,FALSE,NA,NA,"<= day","daily",NA,2,TRUE
"2022-01-23",371.997,FALSE,NA,NA,"<= day","daily",NA,2,TRUE
"2022-01-24",340,FALSE,NA,NA,"<= day","daily",NA,2,TRUE
"2022-01-25",314.181,FALSE,NA,NA,"<= day","daily",NA,2,TRUE
"2022-01-26",300,FALSE,NA,NA,"<= day","daily",NA,2,TRUE
"2022-01-27",293.132,FALSE,NA,NA,"<= day","daily",NA,2,TRUE
"2022-01-28",260.215,FALSE,NA,NA,"<= day","daily",NA,2,TRUE
"2022-01-29",260,FALSE,NA,NA,"<= day","daily",NA,2,TRUE
"2022-01-30",260,FALSE,NA,NA,"<= day","daily",NA,2,TRUE
"2022-01-31",280.476,FALSE,NA,NA,"<= day","daily",NA,2,TRUE
"2022-02-01",392.837,FALSE,NA,NA,"<= day","daily",NA,2,TRUE
"2022-02-02",426.701,FALSE,NA,NA,"<= day","daily",NA,2,TRUE
"2022-02-03",853.75,FALSE,NA,NA,"<= day","daily",NA,2,TRUE
"2022-02-04",543.451,FALSE,NA,NA,"<= day","daily",NA,2,TRUE
"2022-02-05",465.955,FALSE,NA,NA,"<= day","daily",NA,2,TRUE
"2022-02-06",489.469,FALSE,NA,NA,"<= day","daily",NA,2,TRUE
"2022-02-07",643.646,FALSE,NA,NA,"<= day","daily",NA,2,TRUE
"2022-02-08",637.535,FALSE,NA,NA,"<= day","daily",NA,2,TRUE
"2022-02-09",531.997,FALSE,NA,NA,"<= day","daily",NA,2,TRUE
"2022-02-10",551.458,FALSE,NA,NA,"<= day","daily",NA,2,TRUE
"2022-02-11",1630.17,FALSE,NA,NA,"<= day","daily",NA,2,TRUE
"2022-02-12",1398.854,FALSE,NA,NA,"<= day","daily",NA,2,TRUE
"2022-02-13",1102.368,FALSE,NA,NA,"<= day","daily",NA,2,TRUE
"2022-02-14",919.122,FALSE,NA,NA,"<= day","daily",NA,2,TRUE
"2022-02-15",805.142,FALSE,NA,NA,"<= day","daily",NA,2,TRUE
"2022-02-16",795.736,FALSE,NA,NA,"<= day","daily",NA,2,TRUE
"2022-02-17",1615.882,FALSE,NA,NA,"<= day","daily",NA,2,TRUE
"2022-02-18",2790.451,FALSE,NA,NA,"<= day","daily",NA,2,TRUE
"2022-02-19",1704.712,FALSE,NA,NA,"<= day","daily",NA,2,TRUE
"2022-02-20",1481.434,FALSE,NA,NA,"<= day","daily",NA,2,TRUE
"2022-02-21",1275.038,FALSE,NA,NA,"<= day","daily",NA,2,TRUE
"2022-02-22",1263.75,FALSE,NA,NA,"<= day","daily",NA,2,TRUE
"2022-02-23",1214.941,FALSE,NA,NA,"<= day","daily",NA,2,TRUE
"2022-02-24",1026.01,FALSE,NA,NA,"<= day","daily",NA,2,TRUE
"2022-02-25",867.34,FALSE,NA,NA,"<= day","daily",NA,2,TRUE
"2022-02-26",764.497,FALSE,NA,NA,"<= day","daily",NA,2,TRUE
"2022-02-27",700.236,FALSE,NA,NA,"<= day","daily",NA,2,TRUE
"2022-02-28",573.45,FALSE,NA,NA,"<= day","daily",NA,2,TRUE
"2022-03-01",570.33,FALSE,NA,NA,"<= day","daily",NA,2,TRUE
"2022-03-02",530,FALSE,NA,NA,"<= day","daily",NA,2,TRUE
"2022-03-03",483.247,FALSE,NA,NA,"<= day","daily",NA,2,TRUE
"2022-03-04",458.663,FALSE,NA,NA,"<= day","daily",NA,2,TRUE
"2022-03-05",421.681,FALSE,NA,NA,"<= day","daily",NA,2,TRUE
"2022-03-06",390,FALSE,NA,NA,"<= day","daily",NA,2,TRUE
"2022-03-07",368.872,FALSE,NA,NA,"<= day","daily",NA,2,TRUE
"2022-03-08",340,FALSE,NA,NA,"<= day","daily",NA,2,TRUE
"2022-03-09",307.514,FALSE,NA,NA,"<= day","daily",NA,2,TRUE
"2022-03-10",300,FALSE,NA,NA,"<= day","daily",NA,2,TRUE
"2022-03-11",300,FALSE,NA,NA,"<= day","daily",NA,2,TRUE
"2022-03-12",265.014,FALSE,NA,NA,"<= day","daily",NA,2,TRUE
"2022-03-13",260,FALSE,NA,NA,"<= day","daily",NA,2,TRUE
"2022-03-14",260.833,FALSE,NA,NA,"<= day","daily",NA,2,TRUE
"2022-03-15",259.167,FALSE,NA,NA,"<= day","daily",NA,2,TRUE
"2022-03-16",236.681,FALSE,NA,NA,"<= day","daily",NA,2,TRUE
"2022-03-17",220,FALSE,NA,NA,"<= day","daily",NA,2,TRUE
"2022-03-18",220,FALSE,NA,NA,"<= day","daily",NA,2,TRUE
"2022-03-19",207.083,FALSE,NA,NA,"<= day","daily",NA,2,TRUE
"2022-03-20",187.312,FALSE,NA,NA,"<= day","daily",NA,2,TRUE
"2022-03-21",160,FALSE,NA,NA,"<= day","daily",NA,2,TRUE
"2022-03-22",160,FALSE,NA,NA,"<= day","daily",NA,2,TRUE
"2022-03-23",160,FALSE,NA,NA,"<= day","daily",NA,2,TRUE
"2022-03-24",160,FALSE,NA,NA,"<= day","daily",NA,2,TRUE
"2022-03-25",159.167,FALSE,NA,NA,"<= day","daily",NA,2,TRUE
"2022-03-26",145.115,FALSE,NA,NA,"<= day","daily",NA,2,TRUE
"2022-03-27",130,FALSE,NA,NA,"<= day","daily",NA,2,TRUE
"2022-03-28",130,FALSE,NA,NA,"<= day","daily",NA,2,TRUE
"2022-03-29",130,FALSE,NA,NA,"<= day","daily",NA,2,TRUE
"2022-03-30",139.052,FALSE,NA,NA,"<= day","daily",NA,2,TRUE
"2022-03-31",229.146,FALSE,NA,NA,"<= day","daily",NA,2,TRUE
"2022-04-01",181.667,FALSE,NA,NA,"<= day","daily",NA,2,TRUE
"2022-04-02",223.319,FALSE,NA,NA,"<= day","daily",NA,2,TRUE
"2022-04-03",272.701,FALSE,NA,NA,"<= day","daily",NA,2,TRUE
"2022-04-04",216.229,FALSE,NA,NA,"<= day","daily",NA,2,TRUE
"2022-04-05",287.528,FALSE,NA,NA,"<= day","daily",NA,2,TRUE
"2022-04-06",234.181,FALSE,NA,NA,"<= day","daily",NA,2,TRUE
"2022-04-07",229.153,FALSE,NA,NA,"<= day","daily",NA,2,TRUE
"2022-04-08",2131.385,FALSE,NA,NA,"<= day","daily",NA,2,TRUE
"2022-04-09",8780.865,FALSE,NA,NA,"<= day","daily",NA,2,TRUE
"2022-04-10",5395.601,FALSE,NA,NA,"<= day","daily",NA,2,TRUE
"2022-04-11",1462.74,FALSE,NA,NA,"<= day","daily",NA,2,TRUE
"2022-04-12",871.622,FALSE,NA,NA,"<= day","daily",NA,2,TRUE
"2022-04-13",709.014,FALSE,NA,NA,"<= day","daily",NA,2,TRUE
"2022-04-14",604.705,FALSE,NA,NA,"<= day","daily",NA,2,TRUE
"2022-04-15",534.201,FALSE,NA,NA,"<= day","daily",NA,2,TRUE
"2022-04-16",475.955,FALSE,NA,NA,"<= day","daily",NA,2,TRUE
"2022-04-17",430,FALSE,NA,NA,"<= day","daily",NA,2,TRUE
"2022-04-18",398.347,FALSE,NA,NA,"<= day","daily",NA,2,TRUE
"2022-04-19",312.622,FALSE,NA,NA,"<= day","daily",NA,2,TRUE
"2022-04-20",338.132,FALSE,NA,NA,"<= day","daily",NA,2,TRUE
"2022-04-21",301.882,FALSE,NA,NA,"<= day","daily",NA,2,TRUE
"2022-04-22",300,FALSE,NA,NA,"<= day","daily",NA,2,TRUE
"2022-04-23",300,FALSE,NA,NA,"<= day","daily",NA,2,TRUE
"2022-04-24",300.833,FALSE,NA,NA,"<= day","daily",NA,2,TRUE
"2022-04-25",527.83,FALSE,NA,NA,"<= day","daily",NA,2,TRUE
"2022-04-26",1928.472,FALSE,NA,NA,"<= day","daily",NA,2,TRUE
"2022-04-27",1839.253,FALSE,NA,NA,"<= day","daily",NA,2,TRUE
"2022-04-28",580.385,FALSE,NA,NA,"<= day","daily",NA,2,TRUE
"2022-04-29",492.83,FALSE,NA,NA,"<= day","daily",NA,2,TRUE
"2022-04-30",440.538,FALSE,NA,NA,"<= day","daily",NA,2,TRUE
"2022-05-01",400.014,FALSE,NA,NA,"<= day","daily",NA,2,TRUE
"2022-05-02",381.997,FALSE,NA,NA,"<= day","daily",NA,2,TRUE
"2022-05-03",340,FALSE,NA,NA,"<= day","daily",NA,2,TRUE
"2022-05-04",389.535,FALSE,NA,NA,"<= day","daily",NA,2,TRUE
"2022-05-05",405.755,FALSE,NA,NA,"<= day","daily",NA,2,TRUE
"2022-05-06",371.163,FALSE,NA,NA,"<= day","daily",NA,2,TRUE
"2022-05-07",340,FALSE,NA,NA,"<= day","daily",NA,2,TRUE
"2022-05-08",328.347,FALSE,NA,NA,"<= day","daily",NA,2,TRUE
"2022-05-09",300,FALSE,NA,NA,"<= day","daily",NA,2,TRUE
"2022-05-10",288.347,FALSE,NA,NA,"<= day","daily",NA,2,TRUE
"2022-05-11",260,FALSE,NA,NA,"<= day","daily",NA,2,TRUE
"2022-05-12",260,FALSE,NA,NA,"<= day","daily",NA,2,TRUE
"2022-05-13",225.847,FALSE,NA,NA,"<= day","daily",NA,2,TRUE
"2022-05-14",220,FALSE,NA,NA,"<= day","daily",NA,2,TRUE
"2022-05-15",220,FALSE,NA,NA,"<= day","daily",NA,2,TRUE
"2022-05-16",243.319,FALSE,NA,NA,"<= day","daily",NA,2,TRUE
"2022-05-17",260,FALSE,NA,NA,"<= day","daily",NA,2,TRUE
"2022-05-18",231.681,FALSE,NA,NA,"<= day","daily",NA,2,TRUE
"2022-05-19",220,FALSE,NA,NA,"<= day","daily",NA,2,TRUE
"2022-05-20",220,FALSE,NA,NA,"<= day","daily",NA,2,TRUE
"2022-05-21",230,FALSE,NA,NA,"<= day","daily",NA,2,TRUE
"2022-05-22",220,FALSE,NA,NA,"<= day","daily",NA,2,TRUE
"2022-05-23",220.833,FALSE,NA,NA,"<= day","daily",NA,2,TRUE
"2022-05-24",220,FALSE,NA,NA,"<= day","daily",NA,2,TRUE
"2022-05-25",217.917,FALSE,NA,NA,"<= day","daily",NA,2,TRUE
"2022-05-26",165.646,FALSE,NA,NA,"<= day","daily",NA,2,TRUE
"2022-05-27",160,FALSE,NA,NA,"<= day","daily",NA,2,TRUE
"2022-05-28",160,FALSE,NA,NA,"<= day","daily",NA,2,TRUE
"2022-05-29",160,FALSE,NA,NA,"<= day","daily",NA,2,TRUE
"2022-05-30",160,FALSE,NA,NA,"<= day","daily",NA,2,TRUE
"2022-05-31",160,FALSE,NA,NA,"<= day","daily",NA,2,TRUE
"2022-06-01",140.531,FALSE,NA,NA,"<= day","daily",NA,2,TRUE
"2022-06-02",130,FALSE,NA,NA,"<= day","daily",NA,2,TRUE
"2022-06-03",130,FALSE,NA,NA,"<= day","daily",NA,2,TRUE
"2022-06-04",130,FALSE,NA,NA,"<= day","daily",NA,2,TRUE
"2022-06-05",139.469,FALSE,NA,NA,"<= day","daily",NA,2,TRUE
"2022-06-06",248.729,FALSE,NA,NA,"<= day","daily",NA,2,TRUE
"2022-06-07",201.479,FALSE,NA,NA,"<= day","daily",NA,2,TRUE
"2022-06-08",160,FALSE,NA,NA,"<= day","daily",NA,2,TRUE
"2022-06-09",195.188,FALSE,NA,NA,"<= day","daily",NA,2,TRUE
"2022-06-10",170.646,FALSE,NA,NA,"<= day","daily",NA,2,TRUE
"2022-06-11",160,FALSE,NA,NA,"<= day","daily",NA,2,TRUE
"2022-06-12",140.531,FALSE,NA,NA,"<= day","daily",NA,2,TRUE
"2022-06-13",131.042,FALSE,NA,NA,"<= day","daily",NA,2,TRUE
"2022-06-14",130,FALSE,NA,NA,"<= day","daily",NA,2,TRUE
"2022-06-15",130,FALSE,NA,NA,"<= day","daily",NA,2,TRUE
"2022-06-16",130,FALSE,NA,NA,"<= day","daily",NA,2,TRUE
"2022-06-17",130,FALSE,NA,NA,"<= day","daily",NA,2,TRUE
"2022-06-18",130,FALSE,NA,NA,"<= day","daily",NA,2,TRUE
"2022-06-19",130,FALSE,NA,NA,"<= day","daily",NA,2,TRUE
"2022-06-20",130,FALSE,NA,NA,"<= day","daily",NA,2,TRUE
"2022-06-21",128.75,FALSE,NA,NA,"<= day","daily",NA,2,TRUE
"2022-06-22",133.01,FALSE,NA,NA,"<= day","daily",NA,2,TRUE
"2022-06-23",134.906,FALSE,NA,NA,"<= day","daily",NA,2,TRUE
"2022-06-24",130,FALSE,NA,NA,"<= day","daily",NA,2,TRUE
"2022-06-25",130,FALSE,NA,NA,"<= day","daily",NA,2,TRUE
"2022-06-26",130.417,FALSE,NA,NA,"<= day","daily",NA,2,TRUE
"2022-06-27",297.545,FALSE,NA,NA,"<= day","daily",NA,2,TRUE
"2022-06-28",215.257,FALSE,NA,NA,"<= day","daily",NA,2,TRUE
"2022-06-29",160,FALSE,NA,NA,"<= day","daily",NA,2,TRUE
"2022-06-30",132.406,FALSE,NA,NA,"<= day","daily",NA,2,TRUE
"2022-07-01",130,FALSE,NA,NA,"<= day","daily",NA,2,TRUE
"2022-07-02",129.167,FALSE,NA,NA,"<= day","daily",NA,2,TRUE
"2022-07-03",117.507,FALSE,NA,NA,"<= day","daily",NA,2,TRUE
"2022-07-04",118.743,FALSE,NA,NA,"<= day","daily",NA,2,TRUE
"2022-07-05",119.59,FALSE,NA,NA,"<= day","daily",NA,2,TRUE
"2022-07-06",110,FALSE,NA,NA,"<= day","daily",NA,2,TRUE
"2022-07-07",110,FALSE,NA,NA,"<= day","daily",NA,2,TRUE
"2022-07-08",110,FALSE,NA,NA,"<= day","daily",NA,2,TRUE
"2022-07-09",110,FALSE,NA,NA,"<= day","daily",NA,2,TRUE
"2022-07-10",110,FALSE,NA,NA,"<= day","daily",NA,2,TRUE
"2022-07-11",110,FALSE,NA,NA,"<= day","daily",NA,2,TRUE
"2022-07-12",110,FALSE,NA,NA,"<= day","daily",NA,2,TRUE
"2022-07-13",110,FALSE,NA,NA,"<= day","daily",NA,2,TRUE
"2022-07-14",109.583,FALSE,NA,NA,"<= day","daily",NA,2,TRUE
"2022-07-15",102.917,FALSE,NA,NA,"<= day","daily",NA,2,TRUE
"2022-07-16",97.917,FALSE,NA,NA,"<= day","daily",NA,2,TRUE
"2022-07-17",107.083,FALSE,NA,NA,"<= day","daily",NA,2,TRUE
"2022-07-18",109.167,FALSE,NA,NA,"<= day","daily",NA,2,TRUE
"2022-07-19",96.774,FALSE,NA,NA,"<= day","daily",NA,2,TRUE
"2022-07-20",100.826,FALSE,NA,NA,"<= day","daily",NA,2,TRUE
"2022-07-21",193.944,FALSE,NA,NA,"<= day","daily",NA,2,TRUE
"2022-07-22",120.955,FALSE,NA,NA,"<= day","daily",NA,2,TRUE
"2022-07-23",110,FALSE,NA,NA,"<= day","daily",NA,2,TRUE
"2022-07-24",103.34,FALSE,NA,NA,"<= day","daily",NA,2,TRUE
"2022-07-25",90,FALSE,NA,NA,"<= day","daily",NA,2,TRUE
"2022-07-26",90,FALSE,NA,NA,"<= day","daily",NA,2,TRUE
"2022-07-27",90,FALSE,NA,NA,"<= day","daily",NA,2,TRUE
"2022-07-28",90,FALSE,NA,NA,"<= day","daily",NA,2,TRUE
"2022-07-29",90,FALSE,NA,NA,"<= day","daily",NA,2,TRUE
"2022-07-30",90,FALSE,NA,NA,"<= day","daily",NA,2,TRUE
"2022-07-31",90,FALSE,NA,NA,"<= day","daily",NA,2,TRUE
"2022-08-01",90,FALSE,NA,NA,"<= day","daily",NA,2,TRUE
"2022-08-02",90,FALSE,NA,NA,"<= day","daily",NA,2,TRUE
"2022-08-03",90,FALSE,NA,NA,"<= day","daily",NA,2,TRUE
"2022-08-04",90,FALSE,NA,NA,"<= day","daily",NA,2,TRUE
"2022-08-05",90,FALSE,NA,NA,"<= day","daily",NA,2,TRUE
"2022-08-06",90,FALSE,NA,NA,"<= day","daily",NA,2,TRUE
"2022-08-07",90,FALSE,NA,NA,"<= day","daily",NA,2,TRUE
"2022-08-08",90,FALSE,NA,NA,"<= day","daily",NA,2,TRUE
"2022-08-09",90,FALSE,NA,NA,"<= day","daily",NA,2,TRUE
"2022-08-10",90,FALSE,NA,NA,"<= day","daily",NA,2,TRUE
"2022-08-11",90,FALSE,NA,NA,"<= day","daily",NA,2,TRUE
"2022-08-12",90,FALSE,NA,NA,"<= day","daily",NA,2,TRUE
"2022-08-13",90,FALSE,NA,NA,"<= day","daily",NA,2,TRUE
"2022-08-14",90,FALSE,NA,NA,"<= day","daily",NA,2,TRUE
"2022-08-15",100.41,FALSE,NA,NA,"<= day","daily",NA,2,TRUE
"2022-08-16",105.007,FALSE,NA,NA,"<= day","daily",NA,2,TRUE
"2022-08-17",90,FALSE,NA,NA,"<= day","daily",NA,2,TRUE
"2022-08-18",92.493,FALSE,NA,NA,"<= day","daily",NA,2,TRUE
"2022-08-19",110,FALSE,NA,NA,"<= day","daily",NA,2,TRUE
"2022-08-20",110,FALSE,NA,NA,"<= day","daily",NA,2,TRUE
"2022-08-21",105.007,FALSE,NA,NA,"<= day","daily",NA,2,TRUE
"2022-08-22",90,FALSE,NA,NA,"<= day","daily",NA,2,TRUE
"2022-08-23",90,FALSE,NA,NA,"<= day","daily",NA,2,TRUE
"2022-08-24",90,FALSE,NA,NA,"<= day","daily",NA,2,TRUE
"2022-08-25",84.59,FALSE,NA,NA,"<= day","daily",NA,2,TRUE
"2022-08-26",72.083,FALSE,NA,NA,"<= day","daily",NA,2,TRUE
"2022-08-27",70.417,FALSE,NA,NA,"<= day","daily",NA,2,TRUE
"2022-08-28",70.417,FALSE,NA,NA,"<= day","daily",NA,2,TRUE
"2022-08-29",70,FALSE,NA,NA,"<= day","daily",NA,2,TRUE
"2022-08-30",70,FALSE,NA,NA,"<= day","daily",NA,2,TRUE
"2022-08-31",70,FALSE,NA,NA,"<= day","daily",NA,2,TRUE
"2022-09-01",70,FALSE,NA,NA,"<= day","daily",NA,2,TRUE
"2022-09-02",70,FALSE,NA,NA,"<= day","daily",NA,2,TRUE
"2022-09-03",72.076,FALSE,NA,NA,"<= day","daily",NA,2,TRUE
"2022-09-04",89.583,FALSE,NA,NA,"<= day","daily",NA,2,TRUE
"2022-09-05",85.84,FALSE,NA,NA,"<= day","daily",NA,2,TRUE
"2022-09-06",73.333,FALSE,NA,NA,"<= day","daily",NA,2,TRUE
"2022-09-07",80.826,FALSE,NA,NA,"<= day","daily",NA,2,TRUE
"2022-09-08",109.576,FALSE,NA,NA,"<= day","daily",NA,2,TRUE
"2022-09-09",92.507,FALSE,NA,NA,"<= day","daily",NA,2,TRUE
"2022-09-10",90,FALSE,NA,NA,"<= day","daily",NA,2,TRUE
"2022-09-11",95.833,FALSE,NA,NA,"<= day","daily",NA,2,TRUE
"2022-09-12",90,FALSE,NA,NA,"<= day","daily",NA,2,TRUE
"2022-09-13",90,FALSE,NA,NA,"<= day","daily",NA,2,TRUE
"2022-09-14",87.083,FALSE,NA,NA,"<= day","daily",NA,2,TRUE
"2022-09-15",172.726,FALSE,NA,NA,"<= day","daily",NA,2,TRUE
"2022-09-16",256.01,FALSE,NA,NA,"<= day","daily",NA,2,TRUE
"2022-09-17",115.424,FALSE,NA,NA,"<= day","daily",NA,2,TRUE
"2022-09-18",102.09,FALSE,NA,NA,"<= day","daily",NA,2,TRUE
"2022-09-19",90,FALSE,NA,NA,"<= day","daily",NA,2,TRUE
"2022-09-20",90,FALSE,NA,NA,"<= day","daily",NA,2,TRUE
"2022-09-21",90,FALSE,NA,NA,"<= day","daily",NA,2,TRUE
"2022-09-22",90,FALSE,NA,NA,"<= day","daily",NA,2,TRUE
"2022-09-23",90,FALSE,NA,NA,"<= day","daily",NA,2,TRUE
"2022-09-24",143.392,FALSE,NA,NA,"<= day","daily",NA,2,TRUE
"2022-09-25",137.434,FALSE,NA,NA,"<= day","daily",NA,2,TRUE
"2022-09-26",110.41,FALSE,NA,NA,"<= day","daily",NA,2,TRUE
"2022-09-27",232.115,FALSE,NA,NA,"<= day","daily",NA,2,TRUE
"2022-09-28",1029.955,FALSE,NA,NA,"<= day","daily",NA,2,TRUE
"2022-09-29",947.701,FALSE,NA,NA,"<= day","daily",NA,2,TRUE
"2022-09-30",558.889,FALSE,NA,NA,"<= day","daily",NA,2,TRUE
"2022-10-01",329.375,FALSE,NA,NA,"<= day","daily",NA,2,TRUE
"2022-10-02",558.372,FALSE,NA,NA,"<= day","daily",NA,2,TRUE
"2022-10-03",603.75,FALSE,NA,NA,"<= day","daily",NA,2,TRUE
"2022-10-04",494.545,FALSE,NA,NA,"<= day","daily",NA,2,TRUE
"2022-10-05",344.302,FALSE,NA,NA,"<= day","daily",NA,2,TRUE
"2022-10-06",288.347,FALSE,NA,NA,"<= day","daily",NA,2,TRUE
"2022-10-07",221.681,FALSE,NA,NA,"<= day","daily",NA,2,TRUE
"2022-10-08",219.167,FALSE,NA,NA,"<= day","daily",NA,2,TRUE
"2022-10-09",181.896,FALSE,NA,NA,"<= day","daily",NA,2,TRUE
"2022-10-10",152.198,FALSE,NA,NA,"<= day","daily",NA,2,TRUE
"2022-10-11",130,FALSE,NA,NA,"<= day","daily",NA,2,TRUE
"2022-10-12",130,FALSE,NA,NA,"<= day","daily",NA,2,TRUE
"2022-10-13",130,FALSE,NA,NA,"<= day","daily",NA,2,TRUE
"2022-10-14",130.719,FALSE,NA,NA,"<= day","daily",NA,2,TRUE
"2022-10-15",255.59,FALSE,NA,NA,"<= day","daily",NA,2,TRUE
"2022-10-16",180.149,FALSE,NA,NA,"<= day","daily",NA,2,TRUE
"2022-10-17",130,FALSE,NA,NA,"<= day","daily",NA,2,TRUE
"2022-10-18",120.424,FALSE,NA,NA,"<= day","daily",NA,2,TRUE
"2022-10-19",111.25,FALSE,NA,NA,"<= day","daily",NA,2,TRUE
"2022-10-20",117.601,FALSE,NA,NA,"<= day","daily",NA,2,TRUE
"2022-10-21",1111.424,FALSE,NA,NA,"<= day","daily",NA,2,TRUE
"2022-10-22",1589.931,FALSE,NA,NA,"<= day","daily",NA,2,TRUE
"2022-10-23",821.583,FALSE,NA,NA,"<= day","daily",NA,2,TRUE
"2022-10-24",564.854,FALSE,NA,NA,"<= day","daily",NA,2,TRUE
"2022-10-25",428.052,FALSE,NA,NA,"<= day","daily",NA,2,TRUE
"2022-10-26",287.663,FALSE,NA,NA,"<= day","daily",NA,2,TRUE
"2022-10-27",255.819,FALSE,NA,NA,"<= day","daily",NA,2,TRUE
"2022-10-28",234.181,FALSE,NA,NA,"<= day","daily",NA,2,TRUE
"2022-10-29",220,FALSE,NA,NA,"<= day","daily",NA,2,TRUE
"2022-10-30",175.646,FALSE,NA,NA,"<= day","daily",NA,2,TRUE
"2022-10-31",160,FALSE,NA,NA,"<= day","daily",NA,2,TRUE
"2022-11-01",265.562,FALSE,NA,NA,"<= day","daily",NA,2,TRUE
"2022-11-02",282.528,FALSE,NA,NA,"<= day","daily",NA,2,TRUE
"2022-11-03",280.611,FALSE,NA,NA,"<= day","daily",NA,2,TRUE
"2022-11-04",649.958,FALSE,NA,NA,"<= day","daily",NA,2,TRUE
"2022-11-05",1035.042,FALSE,NA,NA,"<= day","daily",NA,2,TRUE
"2022-11-06",809.847,FALSE,NA,NA,"<= day","daily",NA,2,TRUE
"2022-11-07",558.071,FALSE,NA,NA,"<= day","daily",NA,2,TRUE
"2022-11-08",499.295,FALSE,NA,NA,"<= day","daily",NA,2,TRUE
"2022-11-09",770.944,FALSE,NA,NA,"<= day","daily",NA,2,TRUE
"2022-11-10",1323.101,FALSE,NA,NA,"<= day","daily",NA,2,TRUE
"2022-11-11",920.111,FALSE,NA,NA,"<= day","daily",NA,2,TRUE
"2022-11-12",716.931,FALSE,NA,NA,"<= day","daily",NA,2,TRUE
"2022-11-13",603.663,FALSE,NA,NA,"<= day","daily",NA,2,TRUE
"2022-11-14",484.323,FALSE,NA,NA,"<= day","daily",NA,2,TRUE
"2022-11-15",414.462,FALSE,NA,NA,"<= day","daily",NA,2,TRUE
"2022-11-16",1226.99,FALSE,NA,NA,"<= day","daily",NA,2,TRUE
"2022-11-17",1032.295,FALSE,NA,NA,"<= day","daily",NA,2,TRUE
"2022-11-18",1686.611,FALSE,NA,NA,"<= day","daily",NA,2,TRUE
"2022-11-19",2195.326,FALSE,NA,NA,"<= day","daily",NA,2,TRUE
"2022-11-20",1386.882,FALSE,NA,NA,"<= day","daily",NA,2,TRUE
"2022-11-21",1090,FALSE,NA,NA,"<= day","daily",NA,2,TRUE
"2022-11-22",1179,FALSE,NA,NA,"<= day","daily",NA,2,TRUE
"2022-11-23",966.271,FALSE,NA,NA,"<= day","daily",NA,2,TRUE
"2022-11-24",910.021,FALSE,NA,NA,"<= day","daily",NA,2,TRUE
"2022-11-25",875.833,FALSE,NA,NA,"<= day","daily",NA,2,TRUE
"2022-11-26",837.017,FALSE,NA,NA,"<= day","daily",NA,2,TRUE
"2022-11-27",768.663,FALSE,NA,NA,"<= day","daily",NA,2,TRUE
"2022-11-28",720,FALSE,NA,NA,"<= day","daily",NA,2,TRUE
"2022-11-29",717.521,FALSE,NA,NA,"<= day","daily",NA,2,TRUE
"2022-11-30",661.58,FALSE,NA,NA,"<= day","daily",NA,2,TRUE
"2022-12-01",594.288,FALSE,NA,NA,"<= day","daily",NA,2,TRUE
"2022-12-02",541.997,FALSE,NA,NA,"<= day","daily",NA,2,TRUE
"2022-12-03",507.413,FALSE,NA,NA,"<= day","daily",NA,2,TRUE
"2022-12-04",467.83,FALSE,NA,NA,"<= day","daily",NA,2,TRUE
"2022-12-05",415.014,FALSE,NA,NA,"<= day","daily",NA,2,TRUE
"2022-12-06",391.465,FALSE,NA,NA,"<= day","daily",NA,2,TRUE
"2022-12-07",344.073,FALSE,NA,NA,"<= day","daily",NA,2,TRUE
"2022-12-08",340,FALSE,NA,NA,"<= day","daily",NA,2,TRUE
"2022-12-09",323.347,FALSE,NA,NA,"<= day","daily",NA,2,TRUE
"2022-12-10",297.514,FALSE,NA,NA,"<= day","daily",NA,2,TRUE
"2022-12-11",260,FALSE,NA,NA,"<= day","daily",NA,2,TRUE
"2022-12-12",260,FALSE,NA,NA,"<= day","daily",NA,2,TRUE
"2022-12-13",254.181,FALSE,NA,NA,"<= day","daily",NA,2,TRUE
"2022-12-14",292.556,FALSE,NA,NA,"<= day","daily",NA,2,TRUE
"2022-12-15",1488.097,FALSE,NA,NA,"<= day","daily",NA,2,TRUE
"2022-12-16",1082.444,FALSE,NA,NA,"<= day","daily",NA,2,TRUE
"2022-12-17",820.681,FALSE,NA,NA,"<= day","daily",NA,2,TRUE
"2022-12-18",681.601,FALSE,NA,NA,"<= day","daily",NA,2,TRUE
"2022-12-19",602.622,FALSE,NA,NA,"<= day","daily",NA,2,TRUE
"2022-12-20",558.455,FALSE,NA,NA,"<= day","daily",NA,2,TRUE
"2022-12-21",561.128,FALSE,NA,NA,"<= day","daily",NA,2,TRUE
"2022-12-22",570.833,FALSE,NA,NA,"<= day","daily",NA,2,TRUE
"2022-12-23",1631.458,FALSE,NA,NA,"<= day","daily",NA,2,TRUE
"2022-12-24",4729.389,FALSE,NA,NA,"<= day","daily",NA,2,TRUE
"2022-12-25",3878.208,FALSE,NA,NA,"<= day","daily",NA,2,TRUE
"2022-12-26",2377.212,FALSE,NA,NA,"<= day","daily",NA,2,TRUE
"2022-12-27",4487.729,FALSE,NA,NA,"<= day","daily",NA,2,TRUE
"2022-12-28",3429.253,FALSE,NA,NA,"<= day","daily",NA,2,TRUE
"2022-12-29",1376.16,FALSE,NA,NA,"<= day","daily",NA,2,TRUE
"2022-12-30",1516.16,FALSE,NA,NA,"<= day","daily",NA,2,TRUE
"2022-12-31",1232.059,FALSE,NA,NA,"<= day","daily",NA,2,TRUE
"2023-01-01",1023.49,FALSE,NA,NA,"<= day","daily",NA,2,TRUE
"2023-01-02",870.163,FALSE,NA,NA,"<= day","daily",NA,2,TRUE
"2023-01-03",765.653,FALSE,NA,NA,"<= day","daily",NA,2,TRUE
"2023-01-04",665.236,FALSE,NA,NA,"<= day","daily",NA,2,TRUE
"2023-01-05",630,FALSE,NA,NA,"<= day","daily",NA,2,TRUE
"2023-01-06",614.167,FALSE,NA,NA,"<= day","daily",NA,2,TRUE
"2023-01-07",610.955,FALSE,NA,NA,"<= day","daily",NA,2,TRUE
"2023-01-08",696.208,FALSE,NA,NA,"<= day","daily",NA,2,TRUE
"2023-01-09",1895.146,FALSE,NA,NA,"<= day","daily",NA,2,TRUE
"2023-01-10",3890.552,FALSE,NA,NA,"<= day","daily",NA,2,TRUE
"2023-01-11",2398.024,FALSE,NA,NA,"<= day","daily",NA,2,TRUE
"2023-01-12",2026.795,FALSE,NA,NA,"<= day","daily",NA,2,TRUE
"2023-01-13",1563.635,FALSE,NA,NA,"<= day","daily",NA,2,TRUE
"2023-01-14",1353.542,FALSE,NA,NA,"<= day","daily",NA,2,TRUE
"2023-01-15",2128.372,FALSE,NA,NA,"<= day","daily",NA,2,TRUE
"2023-01-16",3409.802,FALSE,NA,NA,"<= day","daily",NA,2,TRUE
"2023-01-17",2437.826,FALSE,NA,NA,"<= day","daily",NA,2,TRUE
"2023-01-18",1947.188,FALSE,NA,NA,"<= day","daily",NA,2,TRUE
"2023-01-19",1560.125,FALSE,NA,NA,"<= day","daily",NA,2,TRUE
"2023-01-20",1271.965,FALSE,NA,NA,"<= day","daily",NA,2,TRUE
"2023-01-21",1042.562,FALSE,NA,NA,"<= day","daily",NA,2,TRUE
"2023-01-22",896.601,FALSE,NA,NA,"<= day","daily",NA,2,TRUE
"2023-01-23",784.309,FALSE,NA,NA,"<= day","daily",NA,2,TRUE
"2023-01-24",649.875,FALSE,NA,NA,"<= day","daily",NA,2,TRUE
"2023-01-25",651.875,FALSE,NA,NA,"<= day","daily",NA,2,TRUE
"2023-01-26",592.205,FALSE,NA,NA,"<= day","daily",NA,2,TRUE
"2023-01-27",541.372,FALSE,NA,NA,"<= day","daily",NA,2,TRUE
"2023-01-28",490.747,FALSE,NA,NA,"<= day","daily",NA,2,TRUE
"2023-01-29",439.497,FALSE,NA,NA,"<= day","daily",NA,2,TRUE
"2023-01-30",356.889,FALSE,NA,NA,"<= day","daily",NA,2,TRUE
"2023-01-31",373.038,FALSE,NA,NA,"<= day","daily",NA,2,TRUE
"2023-02-01",340,FALSE,NA,NA,"<= day","daily",NA,2,TRUE
"2023-02-02",339.167,FALSE,NA,NA,"<= day","daily",NA,2,TRUE
"2023-02-03",302.514,FALSE,NA,NA,"<= day","daily",NA,2,TRUE
"2023-02-04",300,FALSE,NA,NA,"<= day","daily",NA,2,TRUE
"2023-02-05",300,FALSE,NA,NA,"<= day","daily",NA,2,TRUE
"2023-02-06",300,FALSE,NA,NA,"<= day","daily",NA,2,TRUE
"2023-02-07",276.681,FALSE,NA,NA,"<= day","daily",NA,2,TRUE
"2023-02-08",260,FALSE,NA,NA,"<= day","daily",NA,2,TRUE
"2023-02-09",258.965,FALSE,NA,NA,"<= day","daily",NA,2,TRUE
"2023-02-10",223.549,FALSE,NA,NA,"<= day","daily",NA,2,TRUE
"2023-02-11",220,FALSE,NA,NA,"<= day","daily",NA,2,TRUE
"2023-02-12",220,FALSE,NA,NA,"<= day","daily",NA,2,TRUE
"2023-02-13",219.167,FALSE,NA,NA,"<= day","daily",NA,2,TRUE
"2023-02-14",219.167,FALSE,NA,NA,"<= day","daily",NA,2,TRUE
"2023-02-15",220,FALSE,NA,NA,"<= day","daily",NA,2,TRUE
"2023-02-16",191.062,FALSE,NA,NA,"<= day","daily",NA,2,TRUE
"2023-02-17",160,FALSE,NA,NA,"<= day","daily",NA,2,TRUE
"2023-02-18",160,FALSE,NA,NA,"<= day","daily",NA,2,TRUE
"2023-02-19",160,FALSE,NA,NA,"<= day","daily",NA,2,TRUE
"2023-02-20",160,FALSE,NA,NA,"<= day","daily",NA,2,TRUE
"2023-02-21",158.542,FALSE,NA,NA,"<= day","daily",NA,2,TRUE
"2023-02-22",160,FALSE,NA,NA,"<= day","daily",NA,2,TRUE
"2023-02-23",160,FALSE,NA,NA,"<= day","daily",NA,2,TRUE
"2023-02-24",160,FALSE,NA,NA,"<= day","daily",NA,2,TRUE
"2023-02-25",198.938,FALSE,NA,NA,"<= day","daily",NA,2,TRUE
"2023-02-26",199.167,FALSE,NA,NA,"<= day","daily",NA,2,TRUE
"2023-02-27",213.132,FALSE,NA,NA,"<= day","daily",NA,2,TRUE
"2023-02-28",162.097,FALSE,NA,NA,"<= day","daily",NA,2,TRUE
"2023-03-01",202.271,FALSE,NA,NA,"<= day","daily",NA,2,TRUE
"2023-03-02",188.333,FALSE,NA,NA,"<= day","daily",NA,2,TRUE
"2023-03-03",195.229,FALSE,NA,NA,"<= day","daily",NA,2,TRUE
"2023-03-04",161.667,FALSE,NA,NA,"<= day","daily",NA,2,TRUE
"2023-03-05",160,FALSE,NA,NA,"<= day","daily",NA,2,TRUE
"2023-03-06",181.438,FALSE,NA,NA,"<= day","daily",NA,2,TRUE
"2023-03-07",219.167,FALSE,NA,NA,"<= day","daily",NA,2,TRUE
"2023-03-08",220,FALSE,NA,NA,"<= day","daily",NA,2,TRUE
"2023-03-09",262.486,FALSE,NA,NA,"<= day","daily",NA,2,TRUE
"2023-03-10",320.097,FALSE,NA,NA,"<= day","daily",NA,2,TRUE
"2023-03-11",1005.545,FALSE,NA,NA,"<= day","daily",NA,2,TRUE
"2023-03-12",945.385,FALSE,NA,NA,"<= day","daily",NA,2,TRUE
"2023-03-13",938.017,FALSE,NA,NA,"<= day","daily",NA,2,TRUE
"2023-03-14",4198.087,FALSE,NA,NA,"<= day","daily",NA,2,TRUE
"2023-03-15",3884.052,FALSE,NA,NA,"<= day","daily",NA,2,TRUE
"2023-03-16",1741.601,FALSE,NA,NA,"<= day","daily",NA,2,TRUE
"2023-03-17",1078.014,FALSE,NA,NA,"<= day","daily",NA,2,TRUE
"2023-03-18",892.34,FALSE,NA,NA,"<= day","daily",NA,2,TRUE
"2023-03-19",761.903,FALSE,NA,NA,"<= day","daily",NA,2,TRUE
"2023-03-20",659.101,FALSE,NA,NA,"<= day","daily",NA,2,TRUE
"2023-03-21",620.538,FALSE,NA,NA,"<= day","daily",NA,2,TRUE
"2023-03-22",571.58,FALSE,NA,NA,"<= day","daily",NA,2,TRUE
"2023-03-23",530,FALSE,NA,NA,"<= day","daily",NA,2,TRUE
"2023-03-24",620.951,FALSE,NA,NA,"<= day","daily",NA,2,TRUE
"2023-03-25",930.67,FALSE,NA,NA,"<= day","daily",NA,2,TRUE
"2023-03-26",948.295,FALSE,NA,NA,"<= day","daily",NA,2,TRUE
"2023-03-27",1512.177,FALSE,NA,NA,"<= day","daily",NA,2,TRUE
"2023-03-28",1306.003,FALSE,NA,NA,"<= day","daily",NA,2,TRUE
"2023-03-29",1111.003,FALSE,NA,NA,"<= day","daily",NA,2,TRUE
"2023-03-30",945.372,FALSE,NA,NA,"<= day","daily",NA,2,TRUE
"2023-03-31",861.25,FALSE,NA,NA,"<= day","daily",NA,2,TRUE
"2023-04-01",852.503,FALSE,NA,NA,"<= day","daily",NA,2,TRUE
"2023-04-02",1350.646,FALSE,NA,NA,"<= day","daily",NA,2,TRUE
"2023-04-03",1531.333,FALSE,NA,NA,"<= day","daily",NA,2,TRUE
"2023-04-04",1298.948,FALSE,NA,NA,"<= day","daily",NA,2,TRUE
"2023-04-05",1066.635,FALSE,NA,NA,"<= day","daily",NA,2,TRUE
"2023-04-06",897.226,FALSE,NA,NA,"<= day","daily",NA,2,TRUE
"2023-04-07",909.462,FALSE,NA,NA,"<= day","daily",NA,2,TRUE
"2023-04-08",804.639,FALSE,NA,NA,"<= day","daily",NA,2,TRUE
"2023-04-09",715.021,FALSE,NA,NA,"<= day","daily",NA,2,TRUE
"2023-04-10",660.538,FALSE,NA,NA,"<= day","daily",NA,2,TRUE
"2023-04-11",630,FALSE,NA,NA,"<= day","daily",NA,2,TRUE
"2023-04-12",690.267,FALSE,NA,NA,"<= day","daily",NA,2,TRUE
"2023-04-13",812.09,FALSE,NA,NA,"<= day","daily",NA,2,TRUE
"2023-04-14",690.021,FALSE,NA,NA,"<= day","daily",NA,2,TRUE
"2023-04-15",756.757,FALSE,NA,NA,"<= day","daily",NA,2,TRUE
"2023-04-16",922.542,FALSE,NA,NA,"<= day","daily",NA,2,TRUE
"2023-04-17",840.33,FALSE,NA,NA,"<= day","daily",NA,2,TRUE
"2023-04-18",816.271,FALSE,NA,NA,"<= day","daily",NA,2,TRUE
"2023-04-19",737.736,FALSE,NA,NA,"<= day","daily",NA,2,TRUE
"2023-04-20",681.573,FALSE,NA,NA,"<= day","daily",NA,2,TRUE
"2023-04-21",632.205,FALSE,NA,NA,"<= day","daily",NA,2,TRUE
"2023-04-22",584.705,FALSE,NA,NA,"<= day","daily",NA,2,TRUE
"2023-04-23",560.33,FALSE,NA,NA,"<= day","daily",NA,2,TRUE
"2023-04-24",573.743,FALSE,NA,NA,"<= day","daily",NA,2,TRUE
"2023-04-25",697.066,FALSE,NA,NA,"<= day","daily",NA,2,TRUE
"2023-04-26",769.66,FALSE,NA,NA,"<= day","daily",NA,2,TRUE
"2023-04-27",666.788,FALSE,NA,NA,"<= day","daily",NA,2,TRUE
"2023-04-28",630,FALSE,NA,NA,"<= day","daily",NA,2,TRUE
"2023-04-29",605.33,FALSE,NA,NA,"<= day","daily",NA,2,TRUE
"2023-04-30",579.698,FALSE,NA,NA,"<= day","daily",NA,2,TRUE
"2023-05-01",533.965,FALSE,NA,NA,"<= day","daily",NA,2,TRUE
"2023-05-02",446.58,FALSE,NA,NA,"<= day","daily",NA,2,TRUE
"2023-05-03",480,FALSE,NA,NA,"<= day","daily",NA,2,TRUE
"2023-05-04",460.747,FALSE,NA,NA,"<= day","daily",NA,2,TRUE
"2023-05-05",430,FALSE,NA,NA,"<= day","daily",NA,2,TRUE
"2023-05-06",430,FALSE,NA,NA,"<= day","daily",NA,2,TRUE
"2023-05-07",431.25,FALSE,NA,NA,"<= day","daily",NA,2,TRUE
"2023-05-08",458.542,FALSE,NA,NA,"<= day","daily",NA,2,TRUE
"2023-05-09",491.302,FALSE,NA,NA,"<= day","daily",NA,2,TRUE
"2023-05-10",855.361,FALSE,NA,NA,"<= day","daily",NA,2,TRUE
"2023-05-11",696.271,FALSE,NA,NA,"<= day","daily",NA,2,TRUE
"2023-05-12",654.288,FALSE,NA,NA,"<= day","daily",NA,2,TRUE
"2023-05-13",615.33,FALSE,NA,NA,"<= day","daily",NA,2,TRUE
"2023-05-14",497.656,FALSE,NA,NA,"<= day","daily",NA,2,TRUE
"2023-05-15",354.045,FALSE,NA,NA,"<= day","daily",NA,2,TRUE
"2023-05-16",527.708,FALSE,NA,NA,"<= day","daily",NA,2,TRUE
"2023-05-17",446.788,FALSE,NA,NA,"<= day","daily",NA,2,TRUE
"2023-05-18",397.514,FALSE,NA,NA,"<= day","daily",NA,2,TRUE
"2023-05-19",390,FALSE,NA,NA,"<= day","daily",NA,2,TRUE
"2023-05-20",390,FALSE,NA,NA,"<= day","daily",NA,2,TRUE
"2023-05-21",376.875,FALSE,NA,NA,"<= day","daily",NA,2,TRUE
"2023-05-22",388.333,FALSE,NA,NA,"<= day","daily",NA,2,TRUE
"2023-05-23",341.163,FALSE,NA,NA,"<= day","daily",NA,2,TRUE
"2023-05-24",340,FALSE,NA,NA,"<= day","daily",NA,2,TRUE
"2023-05-25",340,FALSE,NA,NA,"<= day","daily",NA,2,TRUE
"2023-05-26",340,FALSE,NA,NA,"<= day","daily",NA,2,TRUE
"2023-05-27",340,FALSE,NA,NA,"<= day","daily",NA,2,TRUE
"2023-05-28",340,FALSE,NA,NA,"<= day","daily",NA,2,TRUE
"2023-05-29",338.965,FALSE,NA,NA,"<= day","daily",NA,2,TRUE
"2023-05-30",313.549,FALSE,NA,NA,"<= day","daily",NA,2,TRUE
"2023-05-31",303.333,FALSE,NA,NA,"<= day","daily",NA,2,TRUE
"2023-06-01",300,FALSE,NA,NA,"<= day","daily",NA,2,TRUE
"2023-06-02",300,FALSE,NA,NA,"<= day","daily",NA,2,TRUE
"2023-06-03",300,FALSE,NA,NA,"<= day","daily",NA,2,TRUE
"2023-06-04",300,FALSE,NA,NA,"<= day","daily",NA,2,TRUE
"2023-06-05",286.049,FALSE,NA,NA,"<= day","daily",NA,2,TRUE
"2023-06-06",274.785,FALSE,NA,NA,"<= day","daily",NA,2,TRUE
"2023-06-07",300,FALSE,NA,NA,"<= day","daily",NA,2,TRUE
"2023-06-08",300,FALSE,NA,NA,"<= day","daily",NA,2,TRUE
"2023-06-09",300,FALSE,NA,NA,"<= day","daily",NA,2,TRUE
"2023-06-10",283.347,FALSE,NA,NA,"<= day","daily",NA,2,TRUE
"2023-06-11",261.667,FALSE,NA,NA,"<= day","daily",NA,2,TRUE
"2023-06-12",260,FALSE,NA,NA,"<= day","daily",NA,2,TRUE
"2023-06-13",260,FALSE,NA,NA,"<= day","daily",NA,2,TRUE
"2023-06-14",260,FALSE,NA,NA,"<= day","daily",NA,2,TRUE
"2023-06-15",260,FALSE,NA,NA,"<= day","daily",NA,2,TRUE
"2023-06-16",238.347,FALSE,NA,NA,"<= day","daily",NA,2,TRUE
"2023-06-17",220,FALSE,NA,NA,"<= day","daily",NA,2,TRUE
"2023-06-18",220,FALSE,NA,NA,"<= day","daily",NA,2,TRUE
"2023-06-19",235.819,FALSE,NA,NA,"<= day","daily",NA,2,TRUE
"2023-06-20",260,FALSE,NA,NA,"<= day","daily",NA,2,TRUE
"2023-06-21",260,FALSE,NA,NA,"<= day","daily",NA,2,TRUE
"2023-06-22",260,FALSE,NA,NA,"<= day","daily",NA,2,TRUE
"2023-06-23",319.972,FALSE,NA,NA,"<= day","daily",NA,2,TRUE
"2023-06-24",290.028,FALSE,NA,NA,"<= day","daily",NA,2,TRUE
"2023-06-25",257.299,FALSE,NA,NA,"<= day","daily",NA,2,TRUE
"2023-06-26",221.049,FALSE,NA,NA,"<= day","daily",NA,2,TRUE
"2023-06-27",220,FALSE,NA,NA,"<= day","daily",NA,2,TRUE
"2023-06-28",220,FALSE,NA,NA,"<= day","daily",NA,2,TRUE
"2023-06-29",193.562,FALSE,NA,NA,"<= day","daily",NA,2,TRUE
"2023-06-30",974.66,FALSE,NA,NA,"<= day","daily",NA,2,TRUE
"2023-07-01",526.736,FALSE,NA,NA,"<= day","daily",NA,2,TRUE
"2023-07-02",276.493,FALSE,NA,NA,"<= day","daily",NA,2,TRUE
"2023-07-03",220.215,FALSE,NA,NA,"<= day","daily",NA,2,TRUE
"2023-07-04",168.146,FALSE,NA,NA,"<= day","daily",NA,2,TRUE
"2023-07-05",177.688,FALSE,NA,NA,"<= day","daily",NA,2,TRUE
"2023-07-06",200.646,FALSE,NA,NA,"<= day","daily",NA,2,TRUE
"2023-07-07",160,FALSE,NA,NA,"<= day","daily",NA,2,TRUE
"2023-07-08",135.531,FALSE,NA,NA,"<= day","daily",NA,2,TRUE
"2023-07-09",130,FALSE,NA,NA,"<= day","daily",NA,2,TRUE
"2023-07-10",130,FALSE,NA,NA,"<= day","daily",NA,2,TRUE
"2023-07-11",130,FALSE,NA,NA,"<= day","daily",NA,2,TRUE
"2023-07-12",306.309,FALSE,NA,NA,"<= day","daily",NA,2,TRUE
"2023-07-13",223.576,FALSE,NA,NA,"<= day","daily",NA,2,TRUE
"2023-07-14",160,FALSE,NA,NA,"<= day","daily",NA,2,TRUE
"2023-07-15",141.25,FALSE,NA,NA,"<= day","daily",NA,2,TRUE
"2023-07-16",376.396,FALSE,NA,NA,"<= day","daily",NA,2,TRUE
"2023-07-17",273.375,FALSE,NA,NA,"<= day","daily",NA,2,TRUE
"2023-07-18",220,FALSE,NA,NA,"<= day","daily",NA,2,TRUE
"2023-07-19",164.396,FALSE,NA,NA,"<= day","daily",NA,2,TRUE
"2023-07-20",160,FALSE,NA,NA,"<= day","daily",NA,2,TRUE
"2023-07-21",149.49,FALSE,NA,NA,"<= day","daily",NA,2,TRUE
"2023-07-22",130,FALSE,NA,NA,"<= day","daily",NA,2,TRUE
"2023-07-23",130,FALSE,NA,NA,"<= day","daily",NA,2,TRUE
"2023-07-24",133.01,FALSE,NA,NA,"<= day","daily",NA,2,TRUE
"2023-07-25",197.271,FALSE,NA,NA,"<= day","daily",NA,2,TRUE
"2023-07-26",255,FALSE,NA,NA,"<= day","daily",NA,2,TRUE
"2023-07-27",186.479,FALSE,NA,NA,"<= day","daily",NA,2,TRUE
"2023-07-28",150.115,FALSE,NA,NA,"<= day","daily",NA,2,TRUE
"2023-07-29",130,FALSE,NA,NA,"<= day","daily",NA,2,TRUE
"2023-07-30",130,FALSE,NA,NA,"<= day","daily",NA,2,TRUE
"2023-07-31",130,FALSE,NA,NA,"<= day","daily",NA,2,TRUE
"2023-08-01",134.26,FALSE,NA,NA,"<= day","daily",NA,2,TRUE
"2023-08-02",160,FALSE,NA,NA,"<= day","daily",NA,2,TRUE
"2023-08-03",210.625,FALSE,NA,NA,"<= day","daily",NA,2,TRUE
"2023-08-04",150.833,FALSE,NA,NA,"<= day","daily",NA,2,TRUE
"2023-08-05",160,FALSE,NA,NA,"<= day","daily",NA,2,TRUE
"2023-08-06",160,FALSE,NA,NA,"<= day","daily",NA,2,TRUE
"2023-08-07",159.281,FALSE,NA,NA,"<= day","daily",NA,2,TRUE
"2023-08-08",130,FALSE,NA,NA,"<= day","daily",NA,2,TRUE
"2023-08-09",130,FALSE,NA,NA,"<= day","daily",NA,2,TRUE
"2023-08-10",128.333,FALSE,NA,NA,"<= day","daily",NA,2,TRUE
"2023-08-11",113.757,FALSE,NA,NA,"<= day","daily",NA,2,TRUE
"2023-08-12",110,FALSE,NA,NA,"<= day","daily",NA,2,TRUE
"2023-08-13",110,FALSE,NA,NA,"<= day","daily",NA,2,TRUE
"2023-08-14",127.493,FALSE,NA,NA,"<= day","daily",NA,2,TRUE
"2023-08-15",118.757,FALSE,NA,NA,"<= day","daily",NA,2,TRUE
"2023-08-16",110,FALSE,NA,NA,"<= day","daily",NA,2,TRUE
"2023-08-17",110,FALSE,NA,NA,"<= day","daily",NA,2,TRUE
"2023-08-18",110,FALSE,NA,NA,"<= day","daily",NA,2,TRUE
"2023-08-19",110,FALSE,NA,NA,"<= day","daily",NA,2,TRUE
"2023-08-20",101.983,FALSE,NA,NA,"<= day","daily",NA,2,TRUE
"2023-08-21",97.608,FALSE,NA,NA,"<= day","daily",NA,2,TRUE
"2023-08-22",93.75,FALSE,NA,NA,"<= day","daily",NA,2,TRUE
"2023-08-23",97.292,FALSE,NA,NA,"<= day","daily",NA,2,TRUE
"2023-08-24",90,FALSE,NA,NA,"<= day","daily",NA,2,TRUE
"2023-08-25",131.726,FALSE,NA,NA,"<= day","daily",NA,2,TRUE
"2023-08-26",142.851,FALSE,NA,NA,"<= day","daily",NA,2,TRUE
"2023-08-27",110,FALSE,NA,NA,"<= day","daily",NA,2,TRUE
"2023-08-28",110,FALSE,NA,NA,"<= day","daily",NA,2,TRUE
"2023-08-29",110,FALSE,NA,NA,"<= day","daily",NA,2,TRUE
"2023-08-30",101.257,FALSE,NA,NA,"<= day","daily",NA,2,TRUE
"2023-08-31",92.917,FALSE,NA,NA,"<= day","daily",NA,2,TRUE
"2023-09-01",90,FALSE,NA,NA,"<= day","daily",NA,2,TRUE
"2023-09-02",90,FALSE,NA,NA,"<= day","daily",NA,2,TRUE
"2023-09-03",90,FALSE,NA,NA,"<= day","daily",NA,2,TRUE
"2023-09-04",90,FALSE,NA,NA,"<= day","daily",NA,2,TRUE
"2023-09-05",90,FALSE,NA,NA,"<= day","daily",NA,2,TRUE
"2023-09-06",90,FALSE,NA,NA,"<= day","daily",NA,2,TRUE
"2023-09-07",90,FALSE,NA,NA,"<= day","daily",NA,2,TRUE
"2023-09-08",89.583,FALSE,NA,NA,"<= day","daily",NA,2,TRUE
"2023-09-09",90,FALSE,NA,NA,"<= day","daily",NA,2,TRUE
"2023-09-10",87.917,FALSE,NA,NA,"<= day","daily",NA,2,TRUE
"2023-09-11",85,FALSE,NA,NA,"<= day","daily",NA,2,TRUE
"2023-09-12",87.917,FALSE,NA,NA,"<= day","daily",NA,2,TRUE
"2023-09-13",89.583,FALSE,NA,NA,"<= day","daily",NA,2,TRUE
"2023-09-14",84.583,FALSE,NA,NA,"<= day","daily",NA,2,TRUE
"2023-09-15",85.417,FALSE,NA,NA,"<= day","daily",NA,2,TRUE
"2023-09-16",80.316,FALSE,NA,NA,"<= day","daily",NA,2,TRUE
"2023-09-17",88.017,FALSE,NA,NA,"<= day","daily",NA,2,TRUE
"2023-09-18",90.826,FALSE,NA,NA,"<= day","daily",NA,2,TRUE
"2023-09-19",91.257,FALSE,NA,NA,"<= day","daily",NA,2,TRUE
"2023-09-20",84.274,FALSE,NA,NA,"<= day","daily",NA,2,TRUE
"2023-09-21",87.378,FALSE,NA,NA,"<= day","daily",NA,2,TRUE
"2023-09-22",211.25,FALSE,NA,NA,"<= day","daily",NA,2,TRUE
"2023-09-23",107.931,FALSE,NA,NA,"<= day","daily",NA,2,TRUE
"2023-09-24",90,FALSE,NA,NA,"<= day","daily",NA,2,TRUE
"2023-09-25",82.608,FALSE,NA,NA,"<= day","daily",NA,2,TRUE
"2023-09-26",71.566,FALSE,NA,NA,"<= day","daily",NA,2,TRUE
"2023-09-27",70,FALSE,NA,NA,"<= day","daily",NA,2,TRUE
"2023-09-28",70,FALSE,NA,NA,"<= day","daily",NA,2,TRUE
"2023-09-29",70,FALSE,NA,NA,"<= day","daily",NA,2,TRUE
"2023-09-30",70,FALSE,NA,NA,"<= day","daily",NA,2,TRUE
"2023-10-01",70,FALSE,NA,NA,"<= day","daily",NA,2,TRUE
"2023-10-02",70,FALSE,NA,NA,"<= day","daily",NA,2,TRUE
"2023-10-03",70,FALSE,NA,NA,"<= day","daily",NA,2,TRUE
"2023-10-04",70,FALSE,NA,NA,"<= day","daily",NA,2,TRUE
"2023-10-05",70,FALSE,NA,NA,"<= day","daily",NA,2,TRUE
"2023-10-06",70,FALSE,NA,NA,"<= day","daily",NA,2,TRUE
"2023-10-07",70,FALSE,NA,NA,"<= day","daily",NA,2,TRUE
"2023-10-08",70,FALSE,NA,NA,"<= day","daily",NA,2,TRUE
"2023-10-09",70,FALSE,NA,NA,"<= day","daily",NA,2,TRUE
"2023-10-10",70,FALSE,NA,NA,"<= day","daily",NA,2,TRUE
"2023-10-11",70,FALSE,NA,NA,"<= day","daily",NA,2,TRUE
"2023-10-12",70,FALSE,NA,NA,"<= day","daily",NA,2,TRUE
"2023-10-13",70,FALSE,NA,NA,"<= day","daily",NA,2,TRUE
"2023-10-14",70,FALSE,NA,NA,"<= day","daily",NA,2,TRUE
"2023-10-15",70,FALSE,NA,NA,"<= day","daily",NA,2,TRUE
"2023-10-16",70,FALSE,NA,NA,"<= day","daily",NA,2,TRUE
"2023-10-17",70,FALSE,NA,NA,"<= day","daily",NA,2,TRUE
"2023-10-18",70,FALSE,NA,NA,"<= day","daily",NA,2,TRUE
"2023-10-19",70,FALSE,NA,NA,"<= day","daily",NA,2,TRUE
"2023-10-20",176.691,FALSE,NA,NA,"<= day","daily",NA,2,TRUE
"2023-10-21",225.674,FALSE,NA,NA,"<= day","daily",NA,2,TRUE
"2023-10-22",124.497,FALSE,NA,NA,"<= day","daily",NA,2,TRUE
"2023-10-23",99.993,FALSE,NA,NA,"<= day","daily",NA,2,TRUE
"2023-10-24",1122.733,FALSE,NA,NA,"<= day","daily",NA,2,TRUE
"2023-10-25",645.75,FALSE,NA,NA,"<= day","daily",NA,2,TRUE
"2023-10-26",1544.573,FALSE,NA,NA,"<= day","daily",NA,2,TRUE
"2023-10-27",2536.309,FALSE,NA,NA,"<= day","daily",NA,2,TRUE
"2023-10-28",2087.705,FALSE,NA,NA,"<= day","daily",NA,2,TRUE
"2023-10-29",1068.514,FALSE,NA,NA,"<= day","daily",NA,2,TRUE
"2023-10-30",733.497,FALSE,NA,NA,"<= day","daily",NA,2,TRUE
"2023-10-31",758.521,FALSE,NA,NA,"<= day","daily",NA,2,TRUE
"2023-11-01",653.597,FALSE,NA,NA,"<= day","daily",NA,2,TRUE
"2023-11-02",868.823,FALSE,NA,NA,"<= day","daily",NA,2,TRUE
"2023-11-03",1063.566,FALSE,NA,NA,"<= day","daily",NA,2,TRUE
"2023-11-04",815.538,FALSE,NA,NA,"<= day","daily",NA,2,TRUE
"2023-11-05",829.253,FALSE,NA,NA,"<= day","daily",NA,2,TRUE
"2023-11-06",941.25,FALSE,NA,NA,"<= day","daily",NA,2,TRUE
"2023-11-07",902.438,FALSE,NA,NA,"<= day","daily",NA,2,TRUE
"2023-11-08",1001.312,FALSE,NA,NA,"<= day","daily",NA,2,TRUE
"2023-11-09",856.372,FALSE,NA,NA,"<= day","daily",NA,2,TRUE
"2023-11-10",1881.326,FALSE,NA,NA,"<= day","daily",NA,2,TRUE
"2023-11-11",1815.441,FALSE,NA,NA,"<= day","daily",NA,2,TRUE
"2023-11-12",2175.767,FALSE,NA,NA,"<= day","daily",NA,2,TRUE
"2023-11-13",4400.681,FALSE,NA,NA,"<= day","daily",NA,2,TRUE
"2023-11-14",14475.781,FALSE,NA,NA,"<= day","daily",NA,2,TRUE
"2023-11-15",32853.823,FALSE,NA,NA,"<= day","daily",NA,2,TRUE
"2023-11-16",29510.25,FALSE,NA,NA,"<= day","daily",NA,2,TRUE
"2023-11-17",17931.073,FALSE,NA,NA,"<= day","daily",NA,2,TRUE
"2023-11-18",13311.229,FALSE,NA,NA,"<= day","daily",NA,2,TRUE
"2023-11-19",8041.691,FALSE,NA,NA,"<= day","daily",NA,2,TRUE
"2023-11-20",6889.774,FALSE,NA,NA,"<= day","daily",NA,2,TRUE
"2023-11-21",3778.698,FALSE,NA,NA,"<= day","daily",NA,2,TRUE
"2023-11-22",2279.333,FALSE,NA,NA,"<= day","daily",NA,2,TRUE
"2023-11-23",1486.108,FALSE,NA,NA,"<= day","daily",NA,2,TRUE
"2023-11-24",1254.087,FALSE,NA,NA,"<= day","daily",NA,2,TRUE
"2023-11-25",1137.878,FALSE,NA,NA,"<= day","daily",NA,2,TRUE
"2023-11-26",1003.792,FALSE,NA,NA,"<= day","daily",NA,2,TRUE
"2023-11-27",960,FALSE,NA,NA,"<= day","daily",NA,2,TRUE
