"date","discharge","qc_flag","qc_type","qc_detect_method","temp_res","temp_res_dom","dq_issue","cpd_segment_id","cpd_segment_main"
"1997-07-01",457.33,FALSE,NA,NA,"<= day","daily",NA,NA,NA
"1997-07-02",441.971,FALSE,NA,NA,"<= day","daily",NA,NA,NA
"1997-07-03",425.571,FALSE,NA,NA,"<= day","daily",NA,NA,NA
"1997-07-04",414.454,FALSE,NA,NA,"<= day","daily",NA,NA,NA
"1997-07-05",436.596,FALSE,NA,NA,"<= day","daily",NA,NA,NA
"1997-07-06",737.138,FALSE,NA,NA,"<= day","daily",NA,NA,NA
"1997-07-07",961.617,FALSE,NA,NA,"<= day","daily",NA,NA,NA
"1997-07-08",1164.492,FALSE,NA,NA,"<= day","daily",NA,NA,NA
"1997-07-09",1141.983,FALSE,NA,NA,"<= day","daily",NA,NA,NA
"1997-07-10",1064.979,FALSE,NA,NA,"<= day","daily",NA,NA,NA
"1997-07-11",994.854,FALSE,NA,NA,"<= day","daily",NA,NA,NA
"1997-07-12",904,FALSE,NA,NA,"<= day","daily",NA,NA,NA
"1997-07-13",815.758,FALSE,NA,NA,"<= day","daily",NA,NA,NA
"1997-07-14",748.225,FALSE,NA,NA,"<= day","daily",NA,NA,NA
"1997-07-15",690.083,FALSE,NA,NA,"<= day","daily",NA,NA,NA
"1997-07-16",693.167,FALSE,NA,NA,"<= day","daily",NA,NA,NA
"1997-07-17",664.075,FALSE,NA,NA,"<= day","daily",NA,NA,NA
"1997-07-18",831.987,FALSE,NA,NA,"<= day","daily",NA,NA,NA
"1997-07-19",925.621,FALSE,NA,NA,"<= day","daily",NA,NA,NA
"1997-07-20",1021.763,FALSE,NA,NA,"<= day","daily",NA,NA,NA
"1997-07-21",960.279,FALSE,NA,NA,"<= day","daily",NA,NA,NA
"1997-07-22",986.225,FALSE,NA,NA,"<= day","daily",NA,NA,NA
"1997-07-23",989.742,FALSE,NA,NA,"<= day","daily",NA,NA,NA
"1997-07-24",905.3,FALSE,NA,NA,"<= day","daily",NA,NA,NA
"1997-07-25",819.696,FALSE,NA,NA,"<= day","daily",NA,NA,NA
"1997-07-26",744.038,FALSE,NA,NA,"<= day","daily",NA,NA,NA
"1997-07-27",696.279,FALSE,NA,NA,"<= day","daily",NA,NA,NA
"1997-07-28",646.954,FALSE,NA,NA,"<= day","daily",NA,NA,NA
"1997-07-29",707.788,FALSE,NA,NA,"<= day","daily",NA,NA,NA
"1997-07-30",783.754,FALSE,NA,NA,"<= day","daily",NA,NA,NA
"1997-07-31",700.733,FALSE,NA,NA,"<= day","daily",NA,NA,NA
"1997-08-01",917.067,FALSE,NA,NA,"<= day","daily",NA,NA,NA
"1997-08-02",932.888,FALSE,NA,NA,"<= day","daily",NA,NA,NA
"1997-08-03",874.058,FALSE,NA,NA,"<= day","daily",NA,NA,NA
"1997-08-04",793.975,FALSE,NA,NA,"<= day","daily",NA,NA,NA
"1997-08-05",707.254,FALSE,NA,NA,"<= day","daily",NA,NA,NA
"1997-08-06",644.912,FALSE,NA,NA,"<= day","daily",NA,NA,NA
"1997-08-07",601.296,FALSE,NA,NA,"<= day","daily",NA,NA,NA
"1997-08-08",573.571,FALSE,NA,NA,"<= day","daily",NA,NA,NA
"1997-08-09",551.925,FALSE,NA,NA,"<= day","daily",NA,NA,NA
"1997-08-10",543.458,FALSE,NA,NA,"<= day","daily",NA,NA,NA
"1997-08-11",531.025,FALSE,NA,NA,"<= day","daily",NA,NA,NA
"1997-08-12",509.821,FALSE,NA,NA,"<= day","daily",NA,NA,NA
"1997-08-13",492.837,FALSE,NA,NA,"<= day","daily",NA,NA,NA
"1997-08-14",477.742,FALSE,NA,NA,"<= day","daily",NA,NA,NA
"1997-08-15",497.467,FALSE,NA,NA,"<= day","daily",NA,NA,NA
"1997-08-16",579.254,FALSE,NA,NA,"<= day","daily",NA,NA,NA
"1997-08-17",534,FALSE,NA,NA,"<= day","daily",NA,NA,NA
"1997-08-18",493.683,FALSE,NA,NA,"<= day","daily",NA,NA,NA
"1997-08-19",663.588,FALSE,NA,NA,"<= day","daily",NA,NA,NA
"1997-08-20",672.133,FALSE,NA,NA,"<= day","daily",NA,NA,NA
"1997-08-21",562.092,FALSE,NA,NA,"<= day","daily",NA,NA,NA
"1997-08-22",502.1,FALSE,NA,NA,"<= day","daily",NA,NA,NA
"1997-08-23",471.4,FALSE,NA,NA,"<= day","daily",NA,NA,NA
"1997-08-24",450.492,FALSE,NA,NA,"<= day","daily",NA,NA,NA
"1997-08-25",434.712,FALSE,NA,NA,"<= day","daily",NA,NA,NA
"1997-08-26",422.642,FALSE,NA,NA,"<= day","daily",NA,NA,NA
"1997-08-27",406.688,FALSE,NA,NA,"<= day","daily",NA,NA,NA
"1997-08-28",398.45,FALSE,NA,NA,"<= day","daily",NA,NA,NA
"1997-08-29",401.979,FALSE,NA,NA,"<= day","daily",NA,NA,NA
"1997-08-30",394.875,FALSE,NA,NA,"<= day","daily",NA,NA,NA
"1997-08-31",379.896,FALSE,NA,NA,"<= day","daily",NA,NA,NA
"1997-09-01",370.979,FALSE,NA,NA,"<= day","daily",NA,NA,NA
"1997-09-02",359.717,FALSE,NA,NA,"<= day","daily",NA,NA,NA
"1997-09-03",354.871,FALSE,NA,NA,"<= day","daily",NA,NA,NA
"1997-09-04",349.696,FALSE,NA,NA,"<= day","daily",NA,NA,NA
"1997-09-05",348.733,FALSE,NA,NA,"<= day","daily",NA,NA,NA
"1997-09-06",344.546,FALSE,NA,NA,"<= day","daily",NA,NA,NA
"1997-09-07",341.783,FALSE,NA,NA,"<= day","daily",NA,NA,NA
"1997-09-08",333.321,FALSE,NA,NA,"<= day","daily",NA,NA,NA
"1997-09-09",325.775,FALSE,NA,NA,"<= day","daily",NA,NA,NA
"1997-09-10",320.529,FALSE,NA,NA,"<= day","daily",NA,NA,NA
"1997-09-11",317.558,FALSE,NA,NA,"<= day","daily",NA,NA,NA
"1997-09-12",312,FALSE,NA,NA,"<= day","daily",NA,NA,NA
"1997-09-13",307.242,FALSE,NA,NA,"<= day","daily",NA,NA,NA
"1997-09-14",319.062,FALSE,NA,NA,"<= day","daily",NA,NA,NA
"1997-09-15",304.7,FALSE,NA,NA,"<= day","daily",NA,NA,NA
"1997-09-16",292.833,FALSE,NA,NA,"<= day","daily",NA,NA,NA
"1997-09-17",289.929,FALSE,NA,NA,"<= day","daily",NA,NA,NA
"1997-09-18",286.858,FALSE,NA,NA,"<= day","daily",NA,NA,NA
"1997-09-19",283.938,FALSE,NA,NA,"<= day","daily",NA,NA,NA
"1997-09-20",280.858,FALSE,NA,NA,"<= day","daily",NA,NA,NA
"1997-09-21",276.083,FALSE,NA,NA,"<= day","daily",NA,NA,NA
"1997-09-22",273.608,FALSE,NA,NA,"<= day","daily",NA,NA,NA
"1997-09-23",272.167,FALSE,NA,NA,"<= day","daily",NA,NA,NA
"1997-09-24",270.996,FALSE,NA,NA,"<= day","daily",NA,NA,NA
"1997-09-25",265.475,FALSE,NA,NA,"<= day","daily",NA,NA,NA
"1997-09-26",262.038,FALSE,NA,NA,"<= day","daily",NA,NA,NA
"1997-09-27",259.85,FALSE,NA,NA,"<= day","daily",NA,NA,NA
"1997-09-28",257.058,FALSE,NA,NA,"<= day","daily",NA,NA,NA
"1997-09-29",254.254,FALSE,NA,NA,"<= day","daily",NA,NA,NA
"1997-09-30",252.483,FALSE,NA,NA,"<= day","daily",NA,NA,NA
"1997-10-01",283.025,FALSE,NA,NA,"<= day","daily",NA,NA,NA
"1997-10-02",480.658,FALSE,NA,NA,"<= day","daily",NA,NA,NA
"1997-10-03",671.075,FALSE,NA,NA,"<= day","daily",NA,NA,NA
"1997-10-04",481.296,FALSE,NA,NA,"<= day","daily",NA,NA,NA
"1997-10-05",378.262,FALSE,NA,NA,"<= day","daily",NA,NA,NA
"1997-10-06",341.337,FALSE,NA,NA,"<= day","daily",NA,NA,NA
"1997-10-07",321.183,FALSE,NA,NA,"<= day","daily",NA,NA,NA
"1997-10-08",307.408,FALSE,NA,NA,"<= day","daily",NA,NA,NA
"1997-10-09",300.825,FALSE,NA,NA,"<= day","daily",NA,NA,NA
"1997-10-10",297.008,FALSE,NA,NA,"<= day","daily",NA,NA,NA
"1997-10-11",294.65,FALSE,NA,NA,"<= day","daily",NA,NA,NA
"1997-10-12",286.858,FALSE,NA,NA,"<= day","daily",NA,NA,NA
"1997-10-13",293.638,FALSE,NA,NA,"<= day","daily",NA,NA,NA
"1997-10-14",288.554,FALSE,NA,NA,"<= day","daily",NA,NA,NA
"1997-10-15",286.471,FALSE,NA,NA,"<= day","daily",NA,NA,NA
"1997-10-16",287.329,FALSE,NA,NA,"<= day","daily",NA,NA,NA
"1997-10-17",290.587,FALSE,NA,NA,"<= day","daily",NA,NA,NA
"1997-10-18",310.146,FALSE,NA,NA,"<= day","daily",NA,NA,NA
"1997-10-19",345.033,FALSE,NA,NA,"<= day","daily",NA,NA,NA
"1997-10-20",350.408,FALSE,NA,NA,"<= day","daily",NA,NA,NA
"1997-10-21",317.833,FALSE,NA,NA,"<= day","daily",NA,NA,NA
"1997-10-22",294.762,FALSE,NA,NA,"<= day","daily",NA,NA,NA
"1997-10-23",283.638,FALSE,NA,NA,"<= day","daily",NA,NA,NA
"1997-10-24",275.075,FALSE,NA,NA,"<= day","daily",NA,NA,NA
"1997-10-25",267.654,FALSE,NA,NA,"<= day","daily",NA,NA,NA
"1997-10-26",265.092,FALSE,NA,NA,"<= day","daily",NA,NA,NA
"1997-10-27",259.842,FALSE,NA,NA,"<= day","daily",NA,NA,NA
"1997-10-28",255.012,FALSE,NA,NA,"<= day","daily",NA,NA,NA
"1997-10-29",251.754,FALSE,NA,NA,"<= day","daily",NA,NA,NA
"1997-10-30",249.158,FALSE,NA,NA,"<= day","daily",NA,NA,NA
"1997-10-31",248.046,FALSE,NA,NA,"<= day","daily",NA,NA,NA
"1997-11-01",246.896,FALSE,NA,NA,"<= day","daily",NA,NA,NA
"1997-11-02",247.354,FALSE,NA,NA,"<= day","daily",NA,NA,NA
"1997-11-03",249.463,FALSE,NA,NA,"<= day","daily",NA,NA,NA
"1997-11-04",249.942,FALSE,NA,NA,"<= day","daily",NA,NA,NA
"1997-11-05",248.338,FALSE,NA,NA,"<= day","daily",NA,NA,NA
"1997-11-06",251.887,FALSE,NA,NA,"<= day","daily",NA,NA,NA
"1997-11-07",248.088,FALSE,NA,NA,"<= day","daily",NA,NA,NA
"1997-11-08",333.846,FALSE,NA,NA,"<= day","daily",NA,NA,NA
"1997-11-09",405.192,FALSE,NA,NA,"<= day","daily",NA,NA,NA
"1997-11-10",330.95,FALSE,NA,NA,"<= day","daily",NA,NA,NA
"1997-11-11",296.408,FALSE,NA,NA,"<= day","daily",NA,NA,NA
"1997-11-12",275.167,FALSE,NA,NA,"<= day","daily",NA,NA,NA
"1997-11-13",264.475,FALSE,NA,NA,"<= day","daily",NA,NA,NA
"1997-11-14",268.054,FALSE,NA,NA,"<= day","daily",NA,NA,NA
"1997-11-15",268.867,FALSE,NA,NA,"<= day","daily",NA,NA,NA
"1997-11-16",265.112,FALSE,NA,NA,"<= day","daily",NA,NA,NA
"1997-11-17",262.446,FALSE,NA,NA,"<= day","daily",NA,NA,NA
"1997-11-18",262.038,FALSE,NA,NA,"<= day","daily",NA,NA,NA
"1997-11-19",258.738,FALSE,NA,NA,"<= day","daily",NA,NA,NA
"1997-11-20",255.117,FALSE,NA,NA,"<= day","daily",NA,NA,NA
"1997-11-21",250.346,FALSE,NA,NA,"<= day","daily",NA,NA,NA
"1997-11-22",248.196,FALSE,NA,NA,"<= day","daily",NA,NA,NA
"1997-11-23",245.633,FALSE,NA,NA,"<= day","daily",NA,NA,NA
"1997-11-24",243.679,FALSE,NA,NA,"<= day","daily",NA,NA,NA
"1997-11-25",242.442,FALSE,NA,NA,"<= day","daily",NA,NA,NA
"1997-11-26",242.167,FALSE,NA,NA,"<= day","daily",NA,NA,NA
"1997-11-27",249.762,FALSE,NA,NA,"<= day","daily",NA,NA,NA
"1997-11-28",254.092,FALSE,NA,NA,"<= day","daily",NA,NA,NA
"1997-11-29",256.192,FALSE,NA,NA,"<= day","daily",NA,NA,NA
"1997-11-30",275.179,FALSE,NA,NA,"<= day","daily",NA,NA,NA
"1997-12-01",308.05,FALSE,NA,NA,"<= day","daily",NA,NA,NA
"1997-12-02",302.062,FALSE,NA,NA,"<= day","daily",NA,NA,NA
"1997-12-03",291.854,FALSE,NA,NA,"<= day","daily",NA,NA,NA
"1997-12-04",280.754,FALSE,NA,NA,"<= day","daily",NA,NA,NA
"1997-12-05",269.471,FALSE,NA,NA,"<= day","daily",NA,NA,NA
"1997-12-06",261.871,FALSE,NA,NA,"<= day","daily",NA,NA,NA
"1997-12-07",255.492,FALSE,NA,NA,"<= day","daily",NA,NA,NA
"1997-12-08",254.442,FALSE,NA,NA,"<= day","daily",NA,NA,NA
"1997-12-09",264.454,FALSE,NA,NA,"<= day","daily",NA,NA,NA
"1997-12-10",266.358,FALSE,NA,NA,"<= day","daily",NA,NA,NA
"1997-12-11",307.608,FALSE,NA,NA,"<= day","daily",NA,NA,NA
"1997-12-12",520.721,FALSE,NA,NA,"<= day","daily",NA,NA,NA
"1997-12-13",481.225,FALSE,NA,NA,"<= day","daily",NA,NA,NA
"1997-12-14",399.908,FALSE,NA,NA,"<= day","daily",NA,NA,NA
"1997-12-15",359.012,FALSE,NA,NA,"<= day","daily",NA,NA,NA
"1997-12-16",329.404,FALSE,NA,NA,"<= day","daily",NA,NA,NA
"1997-12-17",311.4,FALSE,NA,NA,"<= day","daily",NA,NA,NA
"1997-12-18",298.158,FALSE,NA,NA,"<= day","daily",NA,NA,NA
"1997-12-19",319.087,FALSE,NA,NA,"<= day","daily",NA,NA,NA
"1997-12-20",382.917,FALSE,NA,NA,"<= day","daily",NA,NA,NA
"1997-12-21",538.013,FALSE,NA,NA,"<= day","daily",NA,NA,NA
"1997-12-22",446.521,FALSE,NA,NA,"<= day","daily",NA,NA,NA
"1997-12-23",390.383,FALSE,NA,NA,"<= day","daily",NA,NA,NA
"1997-12-24",357.546,FALSE,NA,NA,"<= day","daily",NA,NA,NA
"1997-12-25",341.538,FALSE,NA,NA,"<= day","daily",NA,NA,NA
"1997-12-26",374.862,FALSE,NA,NA,"<= day","daily",NA,NA,NA
"1997-12-27",388.579,FALSE,NA,NA,"<= day","daily",NA,NA,NA
"1997-12-28",356.271,FALSE,NA,NA,"<= day","daily",NA,NA,NA
"1997-12-29",332.629,FALSE,NA,NA,"<= day","daily",NA,NA,NA
"1997-12-30",314.8,FALSE,NA,NA,"<= day","daily",NA,NA,NA
"1997-12-31",301.792,FALSE,NA,NA,"<= day","daily",NA,NA,NA
"1998-01-01",291.708,FALSE,NA,NA,"<= day","daily",NA,NA,NA
"1998-01-02",287.2,FALSE,NA,NA,"<= day","daily",NA,NA,NA
"1998-01-03",280.867,FALSE,NA,NA,"<= day","daily",NA,NA,NA
"1998-01-04",274.504,FALSE,NA,NA,"<= day","daily",NA,NA,NA
"1998-01-05",270.217,FALSE,NA,NA,"<= day","daily",NA,NA,NA
"1998-01-06",264.913,FALSE,NA,NA,"<= day","daily",NA,NA,NA
"1998-01-07",258.096,FALSE,NA,NA,"<= day","daily",NA,NA,NA
"1998-01-08",251.967,FALSE,NA,NA,"<= day","daily",NA,NA,NA
"1998-01-09",247.025,FALSE,NA,NA,"<= day","daily",NA,NA,NA
"1998-01-10",243.408,FALSE,NA,NA,"<= day","daily",NA,NA,NA
"1998-01-11",243.7,FALSE,NA,NA,"<= day","daily",NA,NA,NA
"1998-01-12",245.321,FALSE,NA,NA,"<= day","daily",NA,NA,NA
"1998-01-13",252.6,FALSE,NA,NA,"<= day","daily",NA,NA,NA
"1998-01-14",256.421,FALSE,NA,NA,"<= day","daily",NA,NA,NA
"1998-01-15",246.863,FALSE,NA,NA,"<= day","daily",NA,NA,NA
"1998-01-16",240.871,FALSE,NA,NA,"<= day","daily",NA,NA,NA
"1998-01-17",234.2,FALSE,NA,NA,"<= day","daily",NA,NA,NA
"1998-01-18",228.963,FALSE,NA,NA,"<= day","daily",NA,NA,NA
"1998-01-19",226.308,FALSE,NA,NA,"<= day","daily",NA,NA,NA
"1998-01-20",221.95,FALSE,NA,NA,"<= day","daily",NA,NA,NA
"1998-01-21",214.875,FALSE,NA,NA,"<= day","daily",NA,NA,NA
"1998-01-22",209.75,FALSE,NA,NA,"<= day","daily",NA,NA,NA
"1998-01-23",204.871,FALSE,NA,NA,"<= day","daily",NA,NA,NA
"1998-01-24",201.438,FALSE,NA,NA,"<= day","daily",NA,NA,NA
"1998-01-25",198.442,FALSE,NA,NA,"<= day","daily",NA,NA,NA
"1998-01-26",194.354,FALSE,NA,NA,"<= day","daily",NA,NA,NA
"1998-01-27",191.262,FALSE,NA,NA,"<= day","daily",NA,NA,NA
"1998-01-28",191.725,FALSE,NA,NA,"<= day","daily",NA,NA,NA
"1998-01-29",185.75,FALSE,NA,NA,"<= day","daily",NA,NA,NA
"1998-01-30",179.379,FALSE,NA,NA,"<= day","daily",NA,NA,NA
"1998-01-31",180.683,FALSE,NA,NA,"<= day","daily",NA,NA,NA
"1998-02-01",179.575,FALSE,NA,NA,"<= day","daily",NA,NA,NA
"1998-02-02",176.133,FALSE,NA,NA,"<= day","daily",NA,NA,NA
"1998-02-03",171.125,FALSE,NA,NA,"<= day","daily",NA,NA,NA
"1998-02-04",163.275,FALSE,NA,NA,"<= day","daily",NA,NA,NA
"1998-02-05",166.892,FALSE,NA,NA,"<= day","daily",NA,NA,NA
"1998-02-06",169.633,FALSE,NA,NA,"<= day","daily",NA,NA,NA
"1998-02-07",165.479,FALSE,NA,NA,"<= day","daily",NA,NA,NA
"1998-02-08",159.046,FALSE,NA,NA,"<= day","daily",NA,NA,NA
"1998-02-09",153.65,FALSE,NA,NA,"<= day","daily",NA,NA,NA
"1998-02-10",152.863,FALSE,NA,NA,"<= day","daily",NA,NA,NA
"1998-02-11",158.342,FALSE,NA,NA,"<= day","daily",NA,NA,NA
"1998-02-12",168.733,FALSE,NA,NA,"<= day","daily",NA,NA,NA
"1998-02-13",189.717,FALSE,NA,NA,"<= day","daily",NA,NA,NA
"1998-02-14",323.812,FALSE,NA,NA,"<= day","daily",NA,NA,NA
"1998-02-15",360.825,FALSE,NA,NA,"<= day","daily",NA,NA,NA
"1998-02-16",410.2,FALSE,NA,NA,"<= day","daily",NA,NA,NA
"1998-02-17",418.888,FALSE,NA,NA,"<= day","daily",NA,NA,NA
"1998-02-18",321.837,FALSE,NA,NA,"<= day","daily",NA,NA,NA
"1998-02-19",282.921,FALSE,NA,NA,"<= day","daily",NA,NA,NA
"1998-02-20",287.5,FALSE,NA,NA,"<= day","daily",NA,NA,NA
"1998-02-21",283.221,FALSE,NA,NA,"<= day","daily",NA,NA,NA
"1998-02-22",287.071,FALSE,NA,NA,"<= day","daily",NA,NA,NA
"1998-02-23",279.158,FALSE,NA,NA,"<= day","daily",NA,NA,NA
"1998-02-24",259.646,FALSE,NA,NA,"<= day","daily",NA,NA,NA
"1998-02-25",259.1,FALSE,NA,NA,"<= day","daily",NA,NA,NA
"1998-02-26",279.85,FALSE,NA,NA,"<= day","daily",NA,NA,NA
"1998-02-27",286.837,FALSE,NA,NA,"<= day","daily",NA,NA,NA
"1998-02-28",295.688,FALSE,NA,NA,"<= day","daily",NA,NA,NA
"1998-03-01",284.096,FALSE,NA,NA,"<= day","daily",NA,NA,NA
"1998-03-02",253.983,FALSE,NA,NA,"<= day","daily",NA,NA,NA
"1998-03-03",236.329,FALSE,NA,NA,"<= day","daily",NA,NA,NA
"1998-03-04",245.6,FALSE,NA,NA,"<= day","daily",NA,NA,NA
"1998-03-05",275.2,FALSE,NA,NA,"<= day","daily",NA,NA,NA
"1998-03-06",253.417,FALSE,NA,NA,"<= day","daily",NA,NA,NA
"1998-03-07",254.754,FALSE,NA,NA,"<= day","daily",NA,NA,NA
"1998-03-08",281.408,FALSE,NA,NA,"<= day","daily",NA,NA,NA
"1998-03-09",279.725,FALSE,NA,NA,"<= day","daily",NA,NA,NA
"1998-03-10",254.883,FALSE,NA,NA,"<= day","daily",NA,NA,NA
"1998-03-11",235.996,FALSE,NA,NA,"<= day","daily",NA,NA,NA
"1998-03-12",218.887,FALSE,NA,NA,"<= day","daily",NA,NA,NA
"1998-03-13",216.662,FALSE,NA,NA,"<= day","daily",NA,NA,NA
"1998-03-14",213.508,FALSE,NA,NA,"<= day","daily",NA,NA,NA
"1998-03-15",213.408,FALSE,NA,NA,"<= day","daily",NA,NA,NA
"1998-03-16",190.325,FALSE,NA,NA,"<= day","daily",NA,NA,NA
"1998-03-17",248.137,FALSE,NA,NA,"<= day","daily",NA,NA,NA
"1998-03-18",319.087,FALSE,NA,NA,"<= day","daily",NA,NA,NA
"1998-03-19",313,FALSE,NA,NA,"<= day","daily",NA,NA,NA
"1998-03-20",286.467,FALSE,NA,NA,"<= day","daily",NA,NA,NA
"1998-03-21",257.462,FALSE,NA,NA,"<= day","daily",NA,NA,NA
"1998-03-22",246.921,FALSE,NA,NA,"<= day","daily",NA,NA,NA
"1998-03-23",215.692,FALSE,NA,NA,"<= day","daily",NA,NA,NA
"1998-03-24",222.713,FALSE,NA,NA,"<= day","daily",NA,NA,NA
"1998-03-25",211.358,FALSE,NA,NA,"<= day","daily",NA,NA,NA
"1998-03-26",215.571,FALSE,NA,NA,"<= day","daily",NA,NA,NA
"1998-03-27",202.458,FALSE,NA,NA,"<= day","daily",NA,NA,NA
"1998-03-28",209.363,FALSE,NA,NA,"<= day","daily",NA,NA,NA
"1998-03-29",223.1,FALSE,NA,NA,"<= day","daily",NA,NA,NA
"1998-03-30",267.521,FALSE,NA,NA,"<= day","daily",NA,NA,NA
"1998-03-31",369.646,FALSE,NA,NA,"<= day","daily",NA,NA,NA
"1998-04-01",541.788,FALSE,NA,NA,"<= day","daily",NA,NA,NA
"1998-04-02",702.583,FALSE,NA,NA,"<= day","daily",NA,NA,NA
"1998-04-03",724.625,FALSE,NA,NA,"<= day","daily",NA,NA,NA
"1998-04-04",792.838,FALSE,NA,NA,"<= day","daily",NA,NA,NA
"1998-04-05",846.496,FALSE,NA,NA,"<= day","daily",NA,NA,NA
"1998-04-06",850.129,FALSE,NA,NA,"<= day","daily",NA,NA,NA
"1998-04-07",785.092,FALSE,NA,NA,"<= day","daily",NA,NA,NA
"1998-04-08",710.571,FALSE,NA,NA,"<= day","daily",NA,NA,NA
"1998-04-09",645.438,FALSE,NA,NA,"<= day","daily",NA,NA,NA
"1998-04-10",569.158,FALSE,NA,NA,"<= day","daily",NA,NA,NA
"1998-04-11",559.967,FALSE,NA,NA,"<= day","daily",NA,NA,NA
"1998-04-12",579.138,FALSE,NA,NA,"<= day","daily",NA,NA,NA
"1998-04-13",508.658,FALSE,NA,NA,"<= day","daily",NA,NA,NA
"1998-04-14",449.446,FALSE,NA,NA,"<= day","daily",NA,NA,NA
"1998-04-15",402.708,FALSE,NA,NA,"<= day","daily",NA,NA,NA
"1998-04-16",380.396,FALSE,NA,NA,"<= day","daily",NA,NA,NA
"1998-04-17",367.95,FALSE,NA,NA,"<= day","daily",NA,NA,NA
"1998-04-18",362.4,FALSE,NA,NA,"<= day","daily",NA,NA,NA
"1998-04-19",359.8,FALSE,NA,NA,"<= day","daily",NA,NA,NA
"1998-04-20",343.971,FALSE,NA,NA,"<= day","daily",NA,NA,NA
"1998-04-21",334.933,FALSE,NA,NA,"<= day","daily",NA,NA,NA
"1998-04-22",400.442,FALSE,NA,NA,"<= day","daily",NA,NA,NA
"1998-04-23",444.875,FALSE,NA,NA,"<= day","daily",NA,NA,NA
"1998-04-24",500.692,FALSE,NA,NA,"<= day","daily",NA,NA,NA
"1998-04-25",592.858,FALSE,NA,NA,"<= day","daily",NA,NA,NA
"1998-04-26",642.996,FALSE,NA,NA,"<= day","daily",NA,NA,NA
"1998-04-27",746.383,FALSE,NA,NA,"<= day","daily",NA,NA,NA
"1998-04-28",812.708,FALSE,NA,NA,"<= day","daily",NA,NA,NA
"1998-04-29",813.592,FALSE,NA,NA,"<= day","daily",NA,NA,NA
"1998-04-30",813.608,FALSE,NA,NA,"<= day","daily",NA,NA,NA
"1998-05-01",797.392,FALSE,NA,NA,"<= day","daily",NA,NA,NA
"1998-05-02",750.508,FALSE,NA,NA,"<= day","daily",NA,NA,NA
"1998-05-03",700.817,FALSE,NA,NA,"<= day","daily",NA,NA,NA
"1998-05-04",658.608,FALSE,NA,NA,"<= day","daily",NA,NA,NA
"1998-05-05",629.796,FALSE,NA,NA,"<= day","daily",NA,NA,NA
"1998-05-06",570.533,FALSE,NA,NA,"<= day","daily",NA,NA,NA
"1998-05-07",541.562,FALSE,NA,NA,"<= day","daily",NA,NA,NA
"1998-05-08",558.162,FALSE,NA,NA,"<= day","daily",NA,NA,NA
"1998-05-09",589.388,FALSE,NA,NA,"<= day","daily",NA,NA,NA
"1998-05-10",589.108,FALSE,NA,NA,"<= day","daily",NA,NA,NA
"1998-05-11",593.138,FALSE,NA,NA,"<= day","daily",NA,NA,NA
"1998-05-12",574.458,FALSE,NA,NA,"<= day","daily",NA,NA,NA
"1998-05-13",539.392,FALSE,NA,NA,"<= day","daily",NA,NA,NA
"1998-05-14",514.708,FALSE,NA,NA,"<= day","daily",NA,NA,NA
"1998-05-15",489.546,FALSE,NA,NA,"<= day","daily",NA,NA,NA
"1998-05-16",448.975,FALSE,NA,NA,"<= day","daily",NA,NA,NA
"1998-05-17",441.779,FALSE,NA,NA,"<= day","daily",NA,NA,NA
"1998-05-18",459.808,FALSE,NA,NA,"<= day","daily",NA,NA,NA
"1998-05-19",690.912,FALSE,NA,NA,"<= day","daily",NA,NA,NA
"1998-05-20",797.854,FALSE,NA,NA,"<= day","daily",NA,NA,NA
"1998-05-21",707.079,FALSE,NA,NA,"<= day","daily",NA,NA,NA
"1998-05-22",683.779,FALSE,NA,NA,"<= day","daily",NA,NA,NA
"1998-05-23",624.392,FALSE,NA,NA,"<= day","daily",NA,NA,NA
"1998-05-24",552.404,FALSE,NA,NA,"<= day","daily",NA,NA,NA
"1998-05-25",499.163,FALSE,NA,NA,"<= day","daily",NA,NA,NA
"1998-05-26",480.954,FALSE,NA,NA,"<= day","daily",NA,NA,NA
"1998-05-27",472.142,FALSE,NA,NA,"<= day","daily",NA,NA,NA
"1998-05-28",454.442,FALSE,NA,NA,"<= day","daily",NA,NA,NA
"1998-05-29",430.025,FALSE,NA,NA,"<= day","daily",NA,NA,NA
"1998-05-30",397.208,FALSE,NA,NA,"<= day","daily",NA,NA,NA
"1998-05-31",403.625,FALSE,NA,NA,"<= day","daily",NA,NA,NA
"1998-06-01",390.829,FALSE,NA,NA,"<= day","daily",NA,NA,NA
"1998-06-02",366.221,FALSE,NA,NA,"<= day","daily",NA,NA,NA
"1998-06-03",360.388,FALSE,NA,NA,"<= day","daily",NA,NA,NA
"1998-06-04",436.138,FALSE,NA,NA,"<= day","daily",NA,NA,NA
"1998-06-05",399.929,FALSE,NA,NA,"<= day","daily",NA,NA,NA
"1998-06-06",396.725,FALSE,NA,NA,"<= day","daily",NA,NA,NA
"1998-06-07",367.467,FALSE,NA,NA,"<= day","daily",NA,NA,NA
"1998-06-08",353.438,FALSE,NA,NA,"<= day","daily",NA,NA,NA
"1998-06-09",314.258,FALSE,NA,NA,"<= day","daily",NA,NA,NA
"1998-06-10",323.675,FALSE,NA,NA,"<= day","daily",NA,NA,NA
"1998-06-11",438.329,FALSE,NA,NA,"<= day","daily",NA,NA,NA
"1998-06-12",626.129,FALSE,NA,NA,"<= day","daily",NA,NA,NA
"1998-06-13",630.433,FALSE,NA,NA,"<= day","daily",NA,NA,NA
"1998-06-14",596.529,FALSE,NA,NA,"<= day","daily",NA,NA,NA
"1998-06-15",527.425,FALSE,NA,NA,"<= day","daily",NA,NA,NA
"1998-06-16",494.383,FALSE,NA,NA,"<= day","daily",NA,NA,NA
"1998-06-17",458.925,FALSE,NA,NA,"<= day","daily",NA,NA,NA
"1998-06-18",448.629,FALSE,NA,NA,"<= day","daily",NA,NA,NA
"1998-06-19",442.233,FALSE,NA,NA,"<= day","daily",NA,NA,NA
"1998-06-20",447.625,FALSE,NA,NA,"<= day","daily",NA,NA,NA
"1998-06-21",431.583,FALSE,NA,NA,"<= day","daily",NA,NA,NA
"1998-06-22",401.546,FALSE,NA,NA,"<= day","daily",NA,NA,NA
"1998-06-23",368.996,FALSE,NA,NA,"<= day","daily",NA,NA,NA
"1998-06-24",362.208,FALSE,NA,NA,"<= day","daily",NA,NA,NA
"1998-06-25",319.138,FALSE,NA,NA,"<= day","daily",NA,NA,NA
"1998-06-26",325.479,FALSE,NA,NA,"<= day","daily",NA,NA,NA
"1998-06-27",335.771,FALSE,NA,NA,"<= day","daily",NA,NA,NA
"1998-06-28",326.308,FALSE,NA,NA,"<= day","daily",NA,NA,NA
"1998-06-29",315.392,FALSE,NA,NA,"<= day","daily",NA,NA,NA
"1998-06-30",302.462,FALSE,NA,NA,"<= day","daily",NA,NA,NA
"1998-07-01",319.112,FALSE,NA,NA,"<= day","daily",NA,NA,NA
"1998-07-02",390.95,FALSE,NA,NA,"<= day","daily",NA,NA,NA
"1998-07-03",390.929,FALSE,NA,NA,"<= day","daily",NA,NA,NA
"1998-07-04",405.633,FALSE,NA,NA,"<= day","daily",NA,NA,NA
"1998-07-05",361.292,FALSE,NA,NA,"<= day","daily",NA,NA,NA
"1998-07-06",338.708,FALSE,NA,NA,"<= day","daily",NA,NA,NA
"1998-07-07",341.738,FALSE,NA,NA,"<= day","daily",NA,NA,NA
"1998-07-08",395.592,FALSE,NA,NA,"<= day","daily",NA,NA,NA
"1998-07-09",753.304,FALSE,NA,NA,"<= day","daily",NA,NA,NA
"1998-07-10",862.062,FALSE,NA,NA,"<= day","daily",NA,NA,NA
"1998-07-11",762.096,FALSE,NA,NA,"<= day","daily",NA,NA,NA
"1998-07-12",628.192,FALSE,NA,NA,"<= day","daily",NA,NA,NA
"1998-07-13",535.796,FALSE,NA,NA,"<= day","daily",NA,NA,NA
"1998-07-14",530.117,FALSE,NA,NA,"<= day","daily",NA,NA,NA
"1998-07-15",553.15,FALSE,NA,NA,"<= day","daily",NA,NA,NA
"1998-07-16",480.8,FALSE,NA,NA,"<= day","daily",NA,NA,NA
"1998-07-17",446.971,FALSE,NA,NA,"<= day","daily",NA,NA,NA
"1998-07-18",432.467,FALSE,NA,NA,"<= day","daily",NA,NA,NA
"1998-07-19",404.875,FALSE,NA,NA,"<= day","daily",NA,NA,NA
"1998-07-20",394.146,FALSE,NA,NA,"<= day","daily",NA,NA,NA
"1998-07-21",373.496,FALSE,NA,NA,"<= day","daily",NA,NA,NA
"1998-07-22",348.942,FALSE,NA,NA,"<= day","daily",NA,NA,NA
"1998-07-23",338.862,FALSE,NA,NA,"<= day","daily",NA,NA,NA
"1998-07-24",328.529,FALSE,NA,NA,"<= day","daily",NA,NA,NA
"1998-07-25",431.658,FALSE,NA,NA,"<= day","daily",NA,NA,NA
"1998-07-26",525.371,FALSE,NA,NA,"<= day","daily",NA,NA,NA
"1998-07-27",435.117,FALSE,NA,NA,"<= day","daily",NA,NA,NA
"1998-07-28",561.517,FALSE,NA,NA,"<= day","daily",NA,NA,NA
"1998-07-29",493.6,FALSE,NA,NA,"<= day","daily",NA,NA,NA
"1998-07-30",423.071,FALSE,NA,NA,"<= day","daily",NA,NA,NA
"1998-07-31",385.583,FALSE,NA,NA,"<= day","daily",NA,NA,NA
"1998-08-01",364.45,FALSE,NA,NA,"<= day","daily",NA,NA,NA
"1998-08-02",346.992,FALSE,NA,NA,"<= day","daily",NA,NA,NA
"1998-08-03",332.85,FALSE,NA,NA,"<= day","daily",NA,NA,NA
"1998-08-04",316.925,FALSE,NA,NA,"<= day","daily",NA,NA,NA
"1998-08-05",324.683,FALSE,NA,NA,"<= day","daily",NA,NA,NA
"1998-08-06",322.533,FALSE,NA,NA,"<= day","daily",NA,NA,NA
"1998-08-07",308.587,FALSE,NA,NA,"<= day","daily",NA,NA,NA
"1998-08-08",298.221,FALSE,NA,NA,"<= day","daily",NA,NA,NA
"1998-08-09",294.354,FALSE,NA,NA,"<= day","daily",NA,NA,NA
"1998-08-10",288.942,FALSE,NA,NA,"<= day","daily",NA,NA,NA
"1998-08-11",284.367,FALSE,NA,NA,"<= day","daily",NA,NA,NA
"1998-08-12",276.008,FALSE,NA,NA,"<= day","daily",NA,NA,NA
"1998-08-13",291.733,FALSE,NA,NA,"<= day","daily",NA,NA,NA
"1998-08-14",407.808,FALSE,NA,NA,"<= day","daily",NA,NA,NA
"1998-08-15",314.438,FALSE,NA,NA,"<= day","daily",NA,NA,NA
"1998-08-16",291.446,FALSE,NA,NA,"<= day","daily",NA,NA,NA
"1998-08-17",280.742,FALSE,NA,NA,"<= day","daily",NA,NA,NA
"1998-08-18",285.771,FALSE,NA,NA,"<= day","daily",NA,NA,NA
"1998-08-19",291.967,FALSE,NA,NA,"<= day","daily",NA,NA,NA
"1998-08-20",278.7,FALSE,NA,NA,"<= day","daily",NA,NA,NA
"1998-08-21",270.004,FALSE,NA,NA,"<= day","daily",NA,NA,NA
"1998-08-22",274.746,FALSE,NA,NA,"<= day","daily",NA,NA,NA
"1998-08-23",306.396,FALSE,NA,NA,"<= day","daily",NA,NA,NA
"1998-08-24",288.7,FALSE,NA,NA,"<= day","daily",NA,NA,NA
"1998-08-25",288.767,FALSE,NA,NA,"<= day","daily",NA,NA,NA
"1998-08-26",283.7,FALSE,NA,NA,"<= day","daily",NA,NA,NA
"1998-08-27",268.233,FALSE,NA,NA,"<= day","daily",NA,NA,NA
"1998-08-28",261.825,FALSE,NA,NA,"<= day","daily",NA,NA,NA
"1998-08-29",256.158,FALSE,NA,NA,"<= day","daily",NA,NA,NA
"1998-08-30",250.958,FALSE,NA,NA,"<= day","daily",NA,NA,NA
"1998-08-31",245.279,FALSE,NA,NA,"<= day","daily",NA,NA,NA
"1998-09-01",238.912,FALSE,NA,NA,"<= day","daily",NA,NA,NA
"1998-09-02",233.312,FALSE,NA,NA,"<= day","daily",NA,NA,NA
"1998-09-03",249.804,FALSE,NA,NA,"<= day","daily",NA,NA,NA
"1998-09-04",496.125,FALSE,NA,NA,"<= day","daily",NA,NA,NA
"1998-09-05",395.708,FALSE,NA,NA,"<= day","daily",NA,NA,NA
"1998-09-06",771.608,FALSE,NA,NA,"<= day","daily",NA,NA,NA
"1998-09-07",662.617,FALSE,NA,NA,"<= day","daily",NA,NA,NA
"1998-09-08",501.179,FALSE,NA,NA,"<= day","daily",NA,NA,NA
"1998-09-09",412.067,FALSE,NA,NA,"<= day","daily",NA,NA,NA
"1998-09-10",362.75,FALSE,NA,NA,"<= day","daily",NA,NA,NA
"1998-09-11",333.558,FALSE,NA,NA,"<= day","daily",NA,NA,NA
"1998-09-12",388.004,FALSE,NA,NA,"<= day","daily",NA,NA,NA
"1998-09-13",705.033,FALSE,NA,NA,"<= day","daily",NA,NA,NA
"1998-09-14",659.233,FALSE,NA,NA,"<= day","daily",NA,NA,NA
"1998-09-15",581.2,FALSE,NA,NA,"<= day","daily",NA,NA,NA
"1998-09-16",587.208,FALSE,NA,NA,"<= day","daily",NA,NA,NA
"1998-09-17",526.8,FALSE,NA,NA,"<= day","daily",NA,NA,NA
"1998-09-18",609.892,FALSE,NA,NA,"<= day","daily",NA,NA,NA
"1998-09-19",662.367,FALSE,NA,NA,"<= day","daily",NA,NA,NA
"1998-09-20",603.867,FALSE,NA,NA,"<= day","daily",NA,NA,NA
"1998-09-21",531.362,FALSE,NA,NA,"<= day","daily",NA,NA,NA
"1998-09-22",479.325,FALSE,NA,NA,"<= day","daily",NA,NA,NA
"1998-09-23",438.008,FALSE,NA,NA,"<= day","daily",NA,NA,NA
"1998-09-24",404.362,FALSE,NA,NA,"<= day","daily",NA,NA,NA
"1998-09-25",382.204,FALSE,NA,NA,"<= day","daily",NA,NA,NA
"1998-09-26",362.246,FALSE,NA,NA,"<= day","daily",NA,NA,NA
"1998-09-27",346.837,FALSE,NA,NA,"<= day","daily",NA,NA,NA
"1998-09-28",494.542,FALSE,NA,NA,"<= day","daily",NA,NA,NA
"1998-09-29",624.933,FALSE,NA,NA,"<= day","daily",NA,NA,NA
"1998-09-30",515.442,FALSE,NA,NA,"<= day","daily",NA,NA,NA
"1998-10-01",443.288,FALSE,NA,NA,"<= day","daily",NA,NA,NA
"1998-10-02",398.533,FALSE,NA,NA,"<= day","daily",NA,NA,NA
"1998-10-03",374.671,FALSE,NA,NA,"<= day","daily",NA,NA,NA
"1998-10-04",361.567,FALSE,NA,NA,"<= day","daily",NA,NA,NA
"1998-10-05",353.638,FALSE,NA,NA,"<= day","daily",NA,NA,NA
"1998-10-06",357.217,FALSE,NA,NA,"<= day","daily",NA,NA,NA
"1998-10-07",379.158,FALSE,NA,NA,"<= day","daily",NA,NA,NA
"1998-10-08",576.737,FALSE,NA,NA,"<= day","daily",NA,NA,NA
"1998-10-09",481.154,FALSE,NA,NA,"<= day","daily",NA,NA,NA
"1998-10-10",418.521,FALSE,NA,NA,"<= day","daily",NA,NA,NA
"1998-10-11",375.717,FALSE,NA,NA,"<= day","daily",NA,NA,NA
"1998-10-12",362.033,FALSE,NA,NA,"<= day","daily",NA,NA,NA
"1998-10-13",398.138,FALSE,NA,NA,"<= day","daily",NA,NA,NA
"1998-10-14",414.562,FALSE,NA,NA,"<= day","daily",NA,NA,NA
"1998-10-15",504.262,FALSE,NA,NA,"<= day","daily",NA,NA,NA
"1998-10-16",467.942,FALSE,NA,NA,"<= day","daily",NA,NA,NA
"1998-10-17",423.179,FALSE,NA,NA,"<= day","daily",NA,NA,NA
"1998-10-18",383.438,FALSE,NA,NA,"<= day","daily",NA,NA,NA
"1998-10-19",362.458,FALSE,NA,NA,"<= day","daily",NA,NA,NA
"1998-10-20",398.017,FALSE,NA,NA,"<= day","daily",NA,NA,NA
"1998-10-21",389.358,FALSE,NA,NA,"<= day","daily",NA,NA,NA
"1998-10-22",377.546,FALSE,NA,NA,"<= day","daily",NA,NA,NA
"1998-10-23",364.775,FALSE,NA,NA,"<= day","daily",NA,NA,NA
"1998-10-24",345.271,FALSE,NA,NA,"<= day","daily",NA,NA,NA
"1998-10-25",336.683,FALSE,NA,NA,"<= day","daily",NA,NA,NA
"1998-10-26",327.962,FALSE,NA,NA,"<= day","daily",NA,NA,NA
"1998-10-27",316.038,FALSE,NA,NA,"<= day","daily",NA,NA,NA
"1998-10-28",333.929,FALSE,NA,NA,"<= day","daily",NA,NA,NA
"1998-10-29",490.696,FALSE,NA,NA,"<= day","daily",NA,NA,NA
"1998-10-30",469.45,FALSE,NA,NA,"<= day","daily",NA,NA,NA
"1998-10-31",407.479,FALSE,NA,NA,"<= day","daily",NA,NA,NA
"1998-11-01",391.871,FALSE,NA,NA,"<= day","daily",NA,NA,NA
"1998-11-02",432.079,FALSE,NA,NA,"<= day","daily",NA,NA,NA
"1998-11-03",393.571,FALSE,NA,NA,"<= day","daily",NA,NA,NA
"1998-11-04",405.117,FALSE,NA,NA,"<= day","daily",NA,NA,NA
"1998-11-05",395.608,FALSE,NA,NA,"<= day","daily",NA,NA,NA
"1998-11-06",361.258,FALSE,NA,NA,"<= day","daily",NA,NA,NA
"1998-11-07",341.867,FALSE,NA,NA,"<= day","daily",NA,NA,NA
"1998-11-08",325.875,FALSE,NA,NA,"<= day","daily",NA,NA,NA
"1998-11-09",320.992,FALSE,NA,NA,"<= day","daily",NA,NA,NA
"1998-11-10",618.525,FALSE,NA,NA,"<= day","daily",NA,NA,NA
"1998-11-11",779.079,FALSE,NA,NA,"<= day","daily",NA,NA,NA
"1998-11-12",692.433,FALSE,NA,NA,"<= day","daily",NA,NA,NA
"1998-11-13",556.533,FALSE,NA,NA,"<= day","daily",NA,NA,NA
"1998-11-14",482.054,FALSE,NA,NA,"<= day","daily",NA,NA,NA
"1998-11-15",435.508,FALSE,NA,NA,"<= day","daily",NA,NA,NA
"1998-11-16",399.908,FALSE,NA,NA,"<= day","daily",NA,NA,NA
"1998-11-17",370.221,FALSE,NA,NA,"<= day","daily",NA,NA,NA
"1998-11-18",349.979,FALSE,NA,NA,"<= day","daily",NA,NA,NA
"1998-11-19",336.425,FALSE,NA,NA,"<= day","daily",NA,NA,NA
"1998-11-20",321.508,FALSE,NA,NA,"<= day","daily",NA,NA,NA
"1998-11-21",311.258,FALSE,NA,NA,"<= day","daily",NA,NA,NA
"1998-11-22",306.142,FALSE,NA,NA,"<= day","daily",NA,NA,NA
"1998-11-23",302.342,FALSE,NA,NA,"<= day","daily",NA,NA,NA
"1998-11-24",298.958,FALSE,NA,NA,"<= day","daily",NA,NA,NA
"1998-11-25",294.9,FALSE,NA,NA,"<= day","daily",NA,NA,NA
"1998-11-26",287.071,FALSE,NA,NA,"<= day","daily",NA,NA,NA
"1998-11-27",281.121,FALSE,NA,NA,"<= day","daily",NA,NA,NA
"1998-11-28",278.842,FALSE,NA,NA,"<= day","daily",NA,NA,NA
"1998-11-29",277.021,FALSE,NA,NA,"<= day","daily",NA,NA,NA
"1998-11-30",273.308,FALSE,NA,NA,"<= day","daily",NA,NA,NA
"1998-12-01",267.913,FALSE,NA,NA,"<= day","daily",NA,NA,NA
"1998-12-02",262.167,FALSE,NA,NA,"<= day","daily",NA,NA,NA
"1998-12-03",259.45,FALSE,NA,NA,"<= day","daily",NA,NA,NA
"1998-12-04",258.337,FALSE,NA,NA,"<= day","daily",NA,NA,NA
"1998-12-05",256.771,FALSE,NA,NA,"<= day","daily",NA,NA,NA
"1998-12-06",253.275,FALSE,NA,NA,"<= day","daily",NA,NA,NA
"1998-12-07",249.317,FALSE,NA,NA,"<= day","daily",NA,NA,NA
"1998-12-08",245.617,FALSE,NA,NA,"<= day","daily",NA,NA,NA
"1998-12-09",239.412,FALSE,NA,NA,"<= day","daily",NA,NA,NA
"1998-12-10",231.338,FALSE,NA,NA,"<= day","daily",NA,NA,NA
"1998-12-11",229.829,FALSE,NA,NA,"<= day","daily",NA,NA,NA
"1998-12-12",229.042,FALSE,NA,NA,"<= day","daily",NA,NA,NA
"1998-12-13",257.158,FALSE,NA,NA,"<= day","daily",NA,NA,NA
"1998-12-14",297.392,FALSE,NA,NA,"<= day","daily",NA,NA,NA
"1998-12-15",387.938,FALSE,NA,NA,"<= day","daily",NA,NA,NA
"1998-12-16",455.825,FALSE,NA,NA,"<= day","daily",NA,NA,NA
"1998-12-17",398.342,FALSE,NA,NA,"<= day","daily",NA,NA,NA
"1998-12-18",356.742,FALSE,NA,NA,"<= day","daily",NA,NA,NA
"1998-12-19",335.6,FALSE,NA,NA,"<= day","daily",NA,NA,NA
"1998-12-20",319.729,FALSE,NA,NA,"<= day","daily",NA,NA,NA
"1998-12-21",301.837,FALSE,NA,NA,"<= day","daily",NA,NA,NA
"1998-12-22",286.821,FALSE,NA,NA,"<= day","daily",NA,NA,NA
"1998-12-23",275.283,FALSE,NA,NA,"<= day","daily",NA,NA,NA
"1998-12-24",269.087,FALSE,NA,NA,"<= day","daily",NA,NA,NA
"1998-12-25",263.188,FALSE,NA,NA,"<= day","daily",NA,NA,NA
"1998-12-26",258.988,FALSE,NA,NA,"<= day","daily",NA,NA,NA
"1998-12-27",255.512,FALSE,NA,NA,"<= day","daily",NA,NA,NA
"1998-12-28",251.637,FALSE,NA,NA,"<= day","daily",NA,NA,NA
"1998-12-29",247.883,FALSE,NA,NA,"<= day","daily",NA,NA,NA
"1998-12-30",246,FALSE,NA,NA,"<= day","daily",NA,NA,NA
"1998-12-31",243.742,FALSE,NA,NA,"<= day","daily",NA,NA,NA
"1999-01-01",240.863,FALSE,NA,NA,"<= day","daily",NA,NA,NA
"1999-01-02",239.658,FALSE,NA,NA,"<= day","daily",NA,NA,NA
"1999-01-03",238.104,FALSE,NA,NA,"<= day","daily",NA,NA,NA
"1999-01-04",235,FALSE,NA,NA,"<= day","daily",NA,NA,NA
"1999-01-05",285.233,FALSE,NA,NA,"<= day","daily",NA,NA,NA
"1999-01-06",345.729,FALSE,NA,NA,"<= day","daily",NA,NA,NA
"1999-01-07",367.892,FALSE,NA,NA,"<= day","daily",NA,NA,NA
"1999-01-08",359.142,FALSE,NA,NA,"<= day","daily",NA,NA,NA
"1999-01-09",337.375,FALSE,NA,NA,"<= day","daily",NA,NA,NA
"1999-01-10",308.425,FALSE,NA,NA,"<= day","daily",NA,NA,NA
"1999-01-11",290.896,FALSE,NA,NA,"<= day","daily",NA,NA,NA
"1999-01-12",276.538,FALSE,NA,NA,"<= day","daily",NA,NA,NA
"1999-01-13",260.925,FALSE,NA,NA,"<= day","daily",NA,NA,NA
"1999-01-14",254.121,FALSE,NA,NA,"<= day","daily",NA,NA,NA
"1999-01-15",247.254,FALSE,NA,NA,"<= day","daily",NA,NA,NA
"1999-01-16",242.742,FALSE,NA,NA,"<= day","daily",NA,NA,NA
"1999-01-17",238.779,FALSE,NA,NA,"<= day","daily",NA,NA,NA
"1999-01-18",235.387,FALSE,NA,NA,"<= day","daily",NA,NA,NA
"1999-01-19",231.804,FALSE,NA,NA,"<= day","daily",NA,NA,NA
"1999-01-20",230.583,FALSE,NA,NA,"<= day","daily",NA,NA,NA
"1999-01-21",231.933,FALSE,NA,NA,"<= day","daily",NA,NA,NA
"1999-01-22",233.821,FALSE,NA,NA,"<= day","daily",NA,NA,NA
"1999-01-23",232.646,FALSE,NA,NA,"<= day","daily",NA,NA,NA
"1999-01-24",232.246,FALSE,NA,NA,"<= day","daily",NA,NA,NA
"1999-01-25",228.213,FALSE,NA,NA,"<= day","daily",NA,NA,NA
"1999-01-26",226.738,FALSE,NA,NA,"<= day","daily",NA,NA,NA
"1999-01-27",231.079,FALSE,NA,NA,"<= day","daily",NA,NA,NA
"1999-01-28",229.062,FALSE,NA,NA,"<= day","daily",NA,NA,NA
"1999-01-29",223.167,FALSE,NA,NA,"<= day","daily",NA,NA,NA
"1999-01-30",216.354,FALSE,NA,NA,"<= day","daily",NA,NA,NA
"1999-01-31",211.988,FALSE,NA,NA,"<= day","daily",NA,NA,NA
"1999-02-01",210.575,FALSE,NA,NA,"<= day","daily",NA,NA,NA
"1999-02-02",207.417,FALSE,NA,NA,"<= day","daily",NA,NA,NA
"1999-02-03",202.358,FALSE,NA,NA,"<= day","daily",NA,NA,NA
"1999-02-04",200.588,FALSE,NA,NA,"<= day","daily",NA,NA,NA
"1999-02-05",206.858,FALSE,NA,NA,"<= day","daily",NA,NA,NA
"1999-02-06",207.175,FALSE,NA,NA,"<= day","daily",NA,NA,NA
"1999-02-07",205.363,FALSE,NA,NA,"<= day","daily",NA,NA,NA
"1999-02-08",203.317,FALSE,NA,NA,"<= day","daily",NA,NA,NA
"1999-02-09",203.75,FALSE,NA,NA,"<= day","daily",NA,NA,NA
"1999-02-10",199.946,FALSE,NA,NA,"<= day","daily",NA,NA,NA
"1999-02-11",198.421,FALSE,NA,NA,"<= day","daily",NA,NA,NA
"1999-02-12",194.625,FALSE,NA,NA,"<= day","daily",NA,NA,NA
"1999-02-13",192.488,FALSE,NA,NA,"<= day","daily",NA,NA,NA
"1999-02-14",188.9,FALSE,NA,NA,"<= day","daily",NA,NA,NA
"1999-02-15",185.171,FALSE,NA,NA,"<= day","daily",NA,NA,NA
"1999-02-16",182.883,FALSE,NA,NA,"<= day","daily",NA,NA,NA
"1999-02-17",183.471,FALSE,NA,NA,"<= day","daily",NA,NA,NA
"1999-02-18",181.717,FALSE,NA,NA,"<= day","daily",NA,NA,NA
"1999-02-19",180.967,FALSE,NA,NA,"<= day","daily",NA,NA,NA
"1999-02-20",184.558,FALSE,NA,NA,"<= day","daily",NA,NA,NA
"1999-02-21",193.529,FALSE,NA,NA,"<= day","daily",NA,NA,NA
"1999-02-22",197.713,FALSE,NA,NA,"<= day","daily",NA,NA,NA
"1999-02-23",196.254,FALSE,NA,NA,"<= day","daily",NA,NA,NA
"1999-02-24",191.387,FALSE,NA,NA,"<= day","daily",NA,NA,NA
"1999-02-25",186.967,FALSE,NA,NA,"<= day","daily",NA,NA,NA
"1999-02-26",184.867,FALSE,NA,NA,"<= day","daily",NA,NA,NA
"1999-02-27",191.596,FALSE,NA,NA,"<= day","daily",NA,NA,NA
"1999-02-28",208.708,FALSE,NA,NA,"<= day","daily",NA,NA,NA
"1999-03-01",203.542,FALSE,NA,NA,"<= day","daily",NA,NA,NA
"1999-03-02",232.6,FALSE,NA,NA,"<= day","daily",NA,NA,NA
"1999-03-03",337.638,FALSE,NA,NA,"<= day","daily",NA,NA,NA
"1999-03-04",427.929,FALSE,NA,NA,"<= day","daily",NA,NA,NA
"1999-03-05",443.442,FALSE,NA,NA,"<= day","daily",NA,NA,NA
"1999-03-06",401.429,FALSE,NA,NA,"<= day","daily",NA,NA,NA
"1999-03-07",347.988,FALSE,NA,NA,"<= day","daily",NA,NA,NA
"1999-03-08",309.446,FALSE,NA,NA,"<= day","daily",NA,NA,NA
"1999-03-09",275.371,FALSE,NA,NA,"<= day","daily",NA,NA,NA
"1999-03-10",260.692,FALSE,NA,NA,"<= day","daily",NA,NA,NA
"1999-03-11",262.521,FALSE,NA,NA,"<= day","daily",NA,NA,NA
"1999-03-12",276.867,FALSE,NA,NA,"<= day","daily",NA,NA,NA
"1999-03-13",321.617,FALSE,NA,NA,"<= day","daily",NA,NA,NA
"1999-03-14",413.125,FALSE,NA,NA,"<= day","daily",NA,NA,NA
"1999-03-15",448.554,FALSE,NA,NA,"<= day","daily",NA,NA,NA
"1999-03-16",423.325,FALSE,NA,NA,"<= day","daily",NA,NA,NA
"1999-03-17",377.612,FALSE,NA,NA,"<= day","daily",NA,NA,NA
"1999-03-18",336.9,FALSE,NA,NA,"<= day","daily",NA,NA,NA
"1999-03-19",313.933,FALSE,NA,NA,"<= day","daily",NA,NA,NA
"1999-03-20",301.717,FALSE,NA,NA,"<= day","daily",NA,NA,NA
"1999-03-21",288.571,FALSE,NA,NA,"<= day","daily",NA,NA,NA
"1999-03-22",278.392,FALSE,NA,NA,"<= day","daily",NA,NA,NA
"1999-03-23",268.979,FALSE,NA,NA,"<= day","daily",NA,NA,NA
"1999-03-24",263.258,FALSE,NA,NA,"<= day","daily",NA,NA,NA
"1999-03-25",282.446,FALSE,NA,NA,"<= day","daily",NA,NA,NA
"1999-03-26",402.171,FALSE,NA,NA,"<= day","daily",NA,NA,NA
"1999-03-27",516.392,FALSE,NA,NA,"<= day","daily",NA,NA,NA
"1999-03-28",621,FALSE,NA,NA,"<= day","daily",NA,NA,NA
"1999-03-29",566.196,FALSE,NA,NA,"<= day","daily",NA,NA,NA
"1999-03-30",486.208,FALSE,NA,NA,"<= day","daily",NA,NA,NA
"1999-03-31",474.033,FALSE,NA,NA,"<= day","daily",NA,NA,NA
"1999-04-01",547.571,FALSE,NA,NA,"<= day","daily",NA,NA,NA
"1999-04-02",586.833,FALSE,NA,NA,"<= day","daily",NA,NA,NA
"1999-04-03",588.554,FALSE,NA,NA,"<= day","daily",NA,NA,NA
"1999-04-04",600.867,FALSE,NA,NA,"<= day","daily",NA,NA,NA
"1999-04-05",631.825,FALSE,NA,NA,"<= day","daily",NA,NA,NA
"1999-04-06",651.938,FALSE,NA,NA,"<= day","daily",NA,NA,NA
"1999-04-07",725.612,FALSE,NA,NA,"<= day","daily",NA,NA,NA
"1999-04-08",774.775,FALSE,NA,NA,"<= day","daily",NA,NA,NA
"1999-04-09",690.588,FALSE,NA,NA,"<= day","daily",NA,NA,NA
"1999-04-10",593.05,FALSE,NA,NA,"<= day","daily",NA,NA,NA
"1999-04-11",599.154,FALSE,NA,NA,"<= day","daily",NA,NA,NA
"1999-04-12",673.379,FALSE,NA,NA,"<= day","daily",NA,NA,NA
"1999-04-13",693.688,FALSE,NA,NA,"<= day","daily",NA,NA,NA
"1999-04-14",651.242,FALSE,NA,NA,"<= day","daily",NA,NA,NA
"1999-04-15",584.575,FALSE,NA,NA,"<= day","daily",NA,NA,NA
"1999-04-16",623.467,FALSE,NA,NA,"<= day","daily",NA,NA,NA
"1999-04-17",780.55,FALSE,NA,NA,"<= day","daily",NA,NA,NA
"1999-04-18",713.388,FALSE,NA,NA,"<= day","daily",NA,NA,NA
"1999-04-19",592.604,FALSE,NA,NA,"<= day","daily",NA,NA,NA
"1999-04-20",516.217,FALSE,NA,NA,"<= day","daily",NA,NA,NA
"1999-04-21",478.029,FALSE,NA,NA,"<= day","daily",NA,NA,NA
"1999-04-22",548.925,FALSE,NA,NA,"<= day","daily",NA,NA,NA
"1999-04-23",659.592,FALSE,NA,NA,"<= day","daily",NA,NA,NA
"1999-04-24",675.992,FALSE,NA,NA,"<= day","daily",NA,NA,NA
"1999-04-25",728.138,FALSE,NA,NA,"<= day","daily",NA,NA,NA
"1999-04-26",797.625,FALSE,NA,NA,"<= day","daily",NA,NA,NA
"1999-04-27",818.25,FALSE,NA,NA,"<= day","daily",NA,NA,NA
"1999-04-28",867.604,FALSE,NA,NA,"<= day","daily",NA,NA,NA
"1999-04-29",869.312,FALSE,NA,NA,"<= day","daily",NA,NA,NA
"1999-04-30",888.417,FALSE,NA,NA,"<= day","daily",NA,NA,NA
"1999-05-01",894.546,FALSE,NA,NA,"<= day","daily",NA,NA,NA
"1999-05-02",927.379,FALSE,NA,NA,"<= day","daily",NA,NA,NA
"1999-05-03",943.667,FALSE,NA,NA,"<= day","daily",NA,NA,NA
"1999-05-04",944.958,FALSE,NA,NA,"<= day","daily",NA,NA,NA
"1999-05-05",957.592,FALSE,NA,NA,"<= day","daily",NA,NA,NA
"1999-05-06",942.483,FALSE,NA,NA,"<= day","daily",NA,NA,NA
"1999-05-07",901.6,FALSE,NA,NA,"<= day","daily",NA,NA,NA
"1999-05-08",878.429,FALSE,NA,NA,"<= day","daily",NA,NA,NA
"1999-05-09",961.671,FALSE,NA,NA,"<= day","daily",NA,NA,NA
"1999-05-10",978.829,FALSE,NA,NA,"<= day","daily",NA,NA,NA
"1999-05-11",972.604,FALSE,NA,NA,"<= day","daily",NA,NA,NA
"1999-05-12",957.483,FALSE,NA,NA,"<= day","daily",NA,NA,NA
"1999-05-13",952.346,FALSE,NA,NA,"<= day","daily",NA,NA,NA
"1999-05-14",939,FALSE,NA,NA,"<= day","daily",NA,NA,NA
"1999-05-15",920.662,FALSE,NA,NA,"<= day","daily",NA,NA,NA
"1999-05-16",896.75,FALSE,NA,NA,"<= day","daily",NA,NA,NA
"1999-05-17",858.583,FALSE,NA,NA,"<= day","daily",NA,NA,NA
"1999-05-18",825.188,FALSE,NA,NA,"<= day","daily",NA,NA,NA
"1999-05-19",792.375,FALSE,NA,NA,"<= day","daily",NA,NA,NA
"1999-05-20",769.133,FALSE,NA,NA,"<= day","daily",NA,NA,NA
"1999-05-21",833.112,FALSE,NA,NA,"<= day","daily",NA,NA,NA
"1999-05-22",843.471,FALSE,NA,NA,"<= day","daily",NA,NA,NA
"1999-05-23",786.95,FALSE,NA,NA,"<= day","daily",NA,NA,NA
"1999-05-24",739.408,FALSE,NA,NA,"<= day","daily",NA,NA,NA
"1999-05-25",706.35,FALSE,NA,NA,"<= day","daily",NA,NA,NA
"1999-05-26",681.367,FALSE,NA,NA,"<= day","daily",NA,NA,NA
"1999-05-27",655.479,FALSE,NA,NA,"<= day","daily",NA,NA,NA
"1999-05-28",631.121,FALSE,NA,NA,"<= day","daily",NA,NA,NA
"1999-05-29",603.525,FALSE,NA,NA,"<= day","daily",NA,NA,NA
"1999-05-30",577.979,FALSE,NA,NA,"<= day","daily",NA,NA,NA
"1999-05-31",559.438,FALSE,NA,NA,"<= day","daily",NA,NA,NA
"1999-06-01",548.588,FALSE,NA,NA,"<= day","daily",NA,NA,NA
"1999-06-02",520.508,FALSE,NA,NA,"<= day","daily",NA,NA,NA
"1999-06-03",501.238,FALSE,NA,NA,"<= day","daily",NA,NA,NA
"1999-06-04",482.85,FALSE,NA,NA,"<= day","daily",NA,NA,NA
"1999-06-05",468.192,FALSE,NA,NA,"<= day","daily",NA,NA,NA
"1999-06-06",457.629,FALSE,NA,NA,"<= day","daily",NA,NA,NA
"1999-06-07",446.896,FALSE,NA,NA,"<= day","daily",NA,NA,NA
"1999-06-08",429.746,FALSE,NA,NA,"<= day","daily",NA,NA,NA
"1999-06-09",421.612,FALSE,NA,NA,"<= day","daily",NA,NA,NA
"1999-06-10",410.425,FALSE,NA,NA,"<= day","daily",NA,NA,NA
"1999-06-11",407.1,FALSE,NA,NA,"<= day","daily",NA,NA,NA
"1999-06-12",435.625,FALSE,NA,NA,"<= day","daily",NA,NA,NA
"1999-06-13",414.212,FALSE,NA,NA,"<= day","daily",NA,NA,NA
"1999-06-14",397.196,FALSE,NA,NA,"<= day","daily",NA,NA,NA
"1999-06-15",385.629,FALSE,NA,NA,"<= day","daily",NA,NA,NA
"1999-06-16",469.038,FALSE,NA,NA,"<= day","daily",NA,NA,NA
"1999-06-17",539.004,FALSE,NA,NA,"<= day","daily",NA,NA,NA
"1999-06-18",470.917,FALSE,NA,NA,"<= day","daily",NA,NA,NA
"1999-06-19",440.229,FALSE,NA,NA,"<= day","daily",NA,NA,NA
"1999-06-20",408.163,FALSE,NA,NA,"<= day","daily",NA,NA,NA
"1999-06-21",462.138,FALSE,NA,NA,"<= day","daily",NA,NA,NA
"1999-06-22",785.525,FALSE,NA,NA,"<= day","daily",NA,NA,NA
"1999-06-23",778.567,FALSE,NA,NA,"<= day","daily",NA,NA,NA
"1999-06-24",655.658,FALSE,NA,NA,"<= day","daily",NA,NA,NA
"1999-06-25",538.108,FALSE,NA,NA,"<= day","daily",NA,NA,NA
"1999-06-26",474.058,FALSE,NA,NA,"<= day","daily",NA,NA,NA
"1999-06-27",440.562,FALSE,NA,NA,"<= day","daily",NA,NA,NA
"1999-06-28",419.546,FALSE,NA,NA,"<= day","daily",NA,NA,NA
"1999-06-29",403.779,FALSE,NA,NA,"<= day","daily",NA,NA,NA
"1999-06-30",390.283,FALSE,NA,NA,"<= day","daily",NA,NA,NA
"1999-07-01",377.083,FALSE,NA,NA,"<= day","daily",NA,NA,NA
"1999-07-02",368.95,FALSE,NA,NA,"<= day","daily",NA,NA,NA
"1999-07-03",355.075,FALSE,NA,NA,"<= day","daily",NA,NA,NA
"1999-07-04",341.65,FALSE,NA,NA,"<= day","daily",NA,NA,NA
"1999-07-05",330.275,FALSE,NA,NA,"<= day","daily",NA,NA,NA
"1999-07-06",325.175,FALSE,NA,NA,"<= day","daily",NA,NA,NA
"1999-07-07",318.646,FALSE,NA,NA,"<= day","daily",NA,NA,NA
"1999-07-08",320.492,FALSE,NA,NA,"<= day","daily",NA,NA,NA
"1999-07-09",337.621,FALSE,NA,NA,"<= day","daily",NA,NA,NA
"1999-07-10",487.679,FALSE,NA,NA,"<= day","daily",NA,NA,NA
"1999-07-11",662.467,FALSE,NA,NA,"<= day","daily",NA,NA,NA
"1999-07-12",616.796,FALSE,NA,NA,"<= day","daily",NA,NA,NA
"1999-07-13",494.975,FALSE,NA,NA,"<= day","daily",NA,NA,NA
"1999-07-14",517.062,FALSE,NA,NA,"<= day","daily",NA,NA,NA
"1999-07-15",455.671,FALSE,NA,NA,"<= day","daily",NA,NA,NA
"1999-07-16",404.442,FALSE,NA,NA,"<= day","daily",NA,NA,NA
"1999-07-17",374.192,FALSE,NA,NA,"<= day","daily",NA,NA,NA
"1999-07-18",356.533,FALSE,NA,NA,"<= day","daily",NA,NA,NA
"1999-07-19",342.721,FALSE,NA,NA,"<= day","daily",NA,NA,NA
"1999-07-20",328.304,FALSE,NA,NA,"<= day","daily",NA,NA,NA
"1999-07-21",318.233,FALSE,NA,NA,"<= day","daily",NA,NA,NA
"1999-07-22",431.913,FALSE,NA,NA,"<= day","daily",NA,NA,NA
"1999-07-23",858.017,FALSE,NA,NA,"<= day","daily",NA,NA,NA
"1999-07-24",818.171,FALSE,NA,NA,"<= day","daily",NA,NA,NA
"1999-07-25",725.125,FALSE,NA,NA,"<= day","daily",NA,NA,NA
"1999-07-26",609.054,FALSE,NA,NA,"<= day","daily",NA,NA,NA
"1999-07-27",523.675,FALSE,NA,NA,"<= day","daily",NA,NA,NA
"1999-07-28",466.821,FALSE,NA,NA,"<= day","daily",NA,NA,NA
"1999-07-29",431.512,FALSE,NA,NA,"<= day","daily",NA,NA,NA
"1999-07-30",405.587,FALSE,NA,NA,"<= day","daily",NA,NA,NA
"1999-07-31",385.042,FALSE,NA,NA,"<= day","daily",NA,NA,NA
"1999-08-01",369.388,FALSE,NA,NA,"<= day","daily",NA,NA,NA
"1999-08-02",358.025,FALSE,NA,NA,"<= day","daily",NA,NA,NA
"1999-08-03",342.783,FALSE,NA,NA,"<= day","daily",NA,NA,NA
"1999-08-04",331.342,FALSE,NA,NA,"<= day","daily",NA,NA,NA
"1999-08-05",325.425,FALSE,NA,NA,"<= day","daily",NA,NA,NA
"1999-08-06",360.329,FALSE,NA,NA,"<= day","daily",NA,NA,NA
"1999-08-07",438.521,FALSE,NA,NA,"<= day","daily",NA,NA,NA
"1999-08-08",560.229,FALSE,NA,NA,"<= day","daily",NA,NA,NA
"1999-08-09",434.875,FALSE,NA,NA,"<= day","daily",NA,NA,NA
"1999-08-10",439.238,FALSE,NA,NA,"<= day","daily",NA,NA,NA
"1999-08-11",497.933,FALSE,NA,NA,"<= day","daily",NA,NA,NA
"1999-08-12",422.771,FALSE,NA,NA,"<= day","daily",NA,NA,NA
"1999-08-13",392.454,FALSE,NA,NA,"<= day","daily",NA,NA,NA
"1999-08-14",375.942,FALSE,NA,NA,"<= day","daily",NA,NA,NA
"1999-08-15",357.913,FALSE,NA,NA,"<= day","daily",NA,NA,NA
"1999-08-16",369.829,FALSE,NA,NA,"<= day","daily",NA,NA,NA
"1999-08-17",652.625,FALSE,NA,NA,"<= day","daily",NA,NA,NA
"1999-08-18",541.75,FALSE,NA,NA,"<= day","daily",NA,NA,NA
"1999-08-19",456.212,FALSE,NA,NA,"<= day","daily",NA,NA,NA
"1999-08-20",492.175,FALSE,NA,NA,"<= day","daily",NA,NA,NA
"1999-08-21",590.896,FALSE,NA,NA,"<= day","daily",NA,NA,NA
"1999-08-22",487.75,FALSE,NA,NA,"<= day","daily",NA,NA,NA
"1999-08-23",429.917,FALSE,NA,NA,"<= day","daily",NA,NA,NA
"1999-08-24",392.617,FALSE,NA,NA,"<= day","daily",NA,NA,NA
"1999-08-25",368.913,FALSE,NA,NA,"<= day","daily",NA,NA,NA
"1999-08-26",352.671,FALSE,NA,NA,"<= day","daily",NA,NA,NA
"1999-08-27",339.092,FALSE,NA,NA,"<= day","daily",NA,NA,NA
"1999-08-28",368.704,FALSE,NA,NA,"<= day","daily",NA,NA,NA
"1999-08-29",578.721,FALSE,NA,NA,"<= day","daily",NA,NA,NA
"1999-08-30",673.325,FALSE,NA,NA,"<= day","daily",NA,NA,NA
"1999-08-31",633.221,FALSE,NA,NA,"<= day","daily",NA,NA,NA
"1999-09-01",553.254,FALSE,NA,NA,"<= day","daily",NA,NA,NA
"1999-09-02",724.308,FALSE,NA,NA,"<= day","daily",NA,NA,NA
"1999-09-03",918.992,FALSE,NA,NA,"<= day","daily",NA,NA,NA
"1999-09-04",902.604,FALSE,NA,NA,"<= day","daily",NA,NA,NA
"1999-09-05",812.583,FALSE,NA,NA,"<= day","daily",NA,NA,NA
"1999-09-06",704.883,FALSE,NA,NA,"<= day","daily",NA,NA,NA
"1999-09-07",606.475,FALSE,NA,NA,"<= day","daily",NA,NA,NA
"1999-09-08",546.267,FALSE,NA,NA,"<= day","daily",NA,NA,NA
"1999-09-09",507.196,FALSE,NA,NA,"<= day","daily",NA,NA,NA
"1999-09-10",476.779,FALSE,NA,NA,"<= day","daily",NA,NA,NA
"1999-09-11",448.4,FALSE,NA,NA,"<= day","daily",NA,NA,NA
"1999-09-12",425.792,FALSE,NA,NA,"<= day","daily",NA,NA,NA
"1999-09-13",409.208,FALSE,NA,NA,"<= day","daily",NA,NA,NA
"1999-09-14",397.221,FALSE,NA,NA,"<= day","daily",NA,NA,NA
"1999-09-15",384.504,FALSE,NA,NA,"<= day","daily",NA,NA,NA
"1999-09-16",368.142,FALSE,NA,NA,"<= day","daily",NA,NA,NA
"1999-09-17",358.512,FALSE,NA,NA,"<= day","daily",NA,NA,NA
"1999-09-18",351.179,FALSE,NA,NA,"<= day","daily",NA,NA,NA
"1999-09-19",344.25,FALSE,NA,NA,"<= day","daily",NA,NA,NA
"1999-09-20",335.462,FALSE,NA,NA,"<= day","daily",NA,NA,NA
"1999-09-21",328.004,FALSE,NA,NA,"<= day","daily",NA,NA,NA
"1999-09-22",324.996,FALSE,NA,NA,"<= day","daily",NA,NA,NA
"1999-09-23",320.562,FALSE,NA,NA,"<= day","daily",NA,NA,NA
"1999-09-24",314.567,FALSE,NA,NA,"<= day","daily",NA,NA,NA
"1999-09-25",312.312,FALSE,NA,NA,"<= day","daily",NA,NA,NA
"1999-09-26",313.917,FALSE,NA,NA,"<= day","daily",NA,NA,NA
"1999-09-27",316.417,FALSE,NA,NA,"<= day","daily",NA,NA,NA
"1999-09-28",310.833,FALSE,NA,NA,"<= day","daily",NA,NA,NA
"1999-09-29",314.304,FALSE,NA,NA,"<= day","daily",NA,NA,NA
"1999-09-30",306.954,FALSE,NA,NA,"<= day","daily",NA,NA,NA
"1999-10-01",302.1,FALSE,NA,NA,"<= day","daily",NA,NA,NA
"1999-10-02",299.562,FALSE,NA,NA,"<= day","daily",NA,NA,NA
"1999-10-03",299.962,FALSE,NA,NA,"<= day","daily",NA,NA,NA
"1999-10-04",336.692,FALSE,NA,NA,"<= day","daily",NA,NA,NA
"1999-10-05",393.938,FALSE,NA,NA,"<= day","daily",NA,NA,NA
"1999-10-06",414.646,FALSE,NA,NA,"<= day","daily",NA,NA,NA
"1999-10-07",382.525,FALSE,NA,NA,"<= day","daily",NA,NA,NA
"1999-10-08",361.842,FALSE,NA,NA,"<= day","daily",NA,NA,NA
"1999-10-09",357.012,FALSE,NA,NA,"<= day","daily",NA,NA,NA
"1999-10-10",366.896,FALSE,NA,NA,"<= day","daily",NA,NA,NA
"1999-10-11",346.908,FALSE,NA,NA,"<= day","daily",NA,NA,NA
"1999-10-12",319.858,FALSE,NA,NA,"<= day","daily",NA,NA,NA
"1999-10-13",307.229,FALSE,NA,NA,"<= day","daily",NA,NA,NA
"1999-10-14",299.471,FALSE,NA,NA,"<= day","daily",NA,NA,NA
"1999-10-15",313.867,FALSE,NA,NA,"<= day","daily",NA,NA,NA
"1999-10-16",321.817,FALSE,NA,NA,"<= day","daily",NA,NA,NA
"1999-10-17",305.333,FALSE,NA,NA,"<= day","daily",NA,NA,NA
"1999-10-18",294.175,FALSE,NA,NA,"<= day","daily",NA,NA,NA
"1999-10-19",286.638,FALSE,NA,NA,"<= day","daily",NA,NA,NA
"1999-10-20",278.262,FALSE,NA,NA,"<= day","daily",NA,NA,NA
"1999-10-21",270.946,FALSE,NA,NA,"<= day","daily",NA,NA,NA
"1999-10-22",266.146,FALSE,NA,NA,"<= day","daily",NA,NA,NA
"1999-10-23",264.279,FALSE,NA,NA,"<= day","daily",NA,NA,NA
"1999-10-24",263.167,FALSE,NA,NA,"<= day","daily",NA,NA,NA
"1999-10-25",261.079,FALSE,NA,NA,"<= day","daily",NA,NA,NA
"1999-10-26",256.729,FALSE,NA,NA,"<= day","daily",NA,NA,NA
"1999-10-27",251.213,FALSE,NA,NA,"<= day","daily",NA,NA,NA
"1999-10-28",246.696,FALSE,NA,NA,"<= day","daily",NA,NA,NA
"1999-10-29",244.296,FALSE,NA,NA,"<= day","daily",NA,NA,NA
"1999-10-30",243.133,FALSE,NA,NA,"<= day","daily",NA,NA,NA
"1999-10-31",239.521,FALSE,NA,NA,"<= day","daily",NA,NA,NA
"1999-11-01",236.175,FALSE,NA,NA,"<= day","daily",NA,NA,NA
"1999-11-02",233.604,FALSE,NA,NA,"<= day","daily",NA,NA,NA
"1999-11-03",230.671,FALSE,NA,NA,"<= day","daily",NA,NA,NA
"1999-11-04",229.742,FALSE,NA,NA,"<= day","daily",NA,NA,NA
"1999-11-05",228.221,FALSE,NA,NA,"<= day","daily",NA,NA,NA
"1999-11-06",228.525,FALSE,NA,NA,"<= day","daily",NA,NA,NA
"1999-11-07",226.458,FALSE,NA,NA,"<= day","daily",NA,NA,NA
"1999-11-08",223.996,FALSE,NA,NA,"<= day","daily",NA,NA,NA
"1999-11-09",223.846,FALSE,NA,NA,"<= day","daily",NA,NA,NA
"1999-11-10",223.425,FALSE,NA,NA,"<= day","daily",NA,NA,NA
"1999-11-11",223.546,FALSE,NA,NA,"<= day","daily",NA,NA,NA
"1999-11-12",224.229,FALSE,NA,NA,"<= day","daily",NA,NA,NA
"1999-11-13",228.583,FALSE,NA,NA,"<= day","daily",NA,NA,NA
"1999-11-14",233.258,FALSE,NA,NA,"<= day","daily",NA,NA,NA
"1999-11-15",229.567,FALSE,NA,NA,"<= day","daily",NA,NA,NA
"1999-11-16",226.012,FALSE,NA,NA,"<= day","daily",NA,NA,NA
"1999-11-17",221.129,FALSE,NA,NA,"<= day","daily",NA,NA,NA
"1999-11-18",216.592,FALSE,NA,NA,"<= day","daily",NA,NA,NA
"1999-11-19",215.154,FALSE,NA,NA,"<= day","daily",NA,NA,NA
"1999-11-20",211.537,FALSE,NA,NA,"<= day","daily",NA,NA,NA
"1999-11-21",210.708,FALSE,NA,NA,"<= day","daily",NA,NA,NA
"1999-11-22",209.062,FALSE,NA,NA,"<= day","daily",NA,NA,NA
"1999-11-23",207.679,FALSE,NA,NA,"<= day","daily",NA,NA,NA
"1999-11-24",205.883,FALSE,NA,NA,"<= day","daily",NA,NA,NA
"1999-11-25",203.346,FALSE,NA,NA,"<= day","daily",NA,NA,NA
"1999-11-26",204.346,FALSE,NA,NA,"<= day","daily",NA,NA,NA
"1999-11-27",207.258,FALSE,NA,NA,"<= day","daily",NA,NA,NA
"1999-11-28",201.529,FALSE,NA,NA,"<= day","daily",NA,NA,NA
"1999-11-29",201.713,FALSE,NA,NA,"<= day","daily",NA,NA,NA
"1999-11-30",202.596,FALSE,NA,NA,"<= day","daily",NA,NA,NA
"1999-12-01",204.746,FALSE,NA,NA,"<= day","daily",NA,NA,NA
"1999-12-02",214.442,FALSE,NA,NA,"<= day","daily",NA,NA,NA
"1999-12-03",221.188,FALSE,NA,NA,"<= day","daily",NA,NA,NA
"1999-12-04",222.367,FALSE,NA,NA,"<= day","daily",NA,NA,NA
"1999-12-05",218.912,FALSE,NA,NA,"<= day","daily",NA,NA,NA
"1999-12-06",212.238,FALSE,NA,NA,"<= day","daily",NA,NA,NA
"1999-12-07",206.85,FALSE,NA,NA,"<= day","daily",NA,NA,NA
"1999-12-08",203.271,FALSE,NA,NA,"<= day","daily",NA,NA,NA
"1999-12-09",201.779,FALSE,NA,NA,"<= day","daily",NA,NA,NA
"1999-12-10",201.146,FALSE,NA,NA,"<= day","daily",NA,NA,NA
"1999-12-11",200.75,FALSE,NA,NA,"<= day","daily",NA,NA,NA
"1999-12-12",202.221,FALSE,NA,NA,"<= day","daily",NA,NA,NA
"1999-12-13",200.667,FALSE,NA,NA,"<= day","daily",NA,NA,NA
"1999-12-14",198.758,FALSE,NA,NA,"<= day","daily",NA,NA,NA
"1999-12-15",198.371,FALSE,NA,NA,"<= day","daily",NA,NA,NA
"1999-12-16",195.379,FALSE,NA,NA,"<= day","daily",NA,NA,NA
"1999-12-17",190.467,FALSE,NA,NA,"<= day","daily",NA,NA,NA
"1999-12-18",188.742,FALSE,NA,NA,"<= day","daily",NA,NA,NA
"1999-12-19",188.996,FALSE,NA,NA,"<= day","daily",NA,NA,NA
"1999-12-20",188.471,FALSE,NA,NA,"<= day","daily",NA,NA,NA
"1999-12-21",184.029,FALSE,NA,NA,"<= day","daily",NA,NA,NA
"1999-12-22",180.108,FALSE,NA,NA,"<= day","daily",NA,NA,NA
"1999-12-23",180.125,FALSE,NA,NA,"<= day","daily",NA,NA,NA
"1999-12-24",180.892,FALSE,NA,NA,"<= day","daily",NA,NA,NA
"1999-12-25",179.637,FALSE,NA,NA,"<= day","daily",NA,NA,NA
"1999-12-26",179.171,FALSE,NA,NA,"<= day","daily",NA,NA,NA
"1999-12-27",178.537,FALSE,NA,NA,"<= day","daily",NA,NA,NA
"1999-12-28",178.996,FALSE,NA,NA,"<= day","daily",NA,NA,NA
"1999-12-29",175.238,FALSE,NA,NA,"<= day","daily",NA,NA,NA
"1999-12-30",172.454,FALSE,NA,NA,"<= day","daily",NA,NA,NA
"1999-12-31",171.688,FALSE,NA,NA,"<= day","daily",NA,NA,NA
"2000-01-01",171.071,FALSE,NA,NA,"<= day","daily",NA,NA,NA
"2000-01-02",170.454,FALSE,NA,NA,"<= day","daily",NA,NA,NA
"2000-01-03",169.279,FALSE,NA,NA,"<= day","daily",NA,NA,NA
"2000-01-04",168.792,FALSE,NA,NA,"<= day","daily",NA,NA,NA
"2000-01-05",169.575,FALSE,NA,NA,"<= day","daily",NA,NA,NA
"2000-01-06",170.533,FALSE,NA,NA,"<= day","daily",NA,NA,NA
"2000-01-07",170.688,FALSE,NA,NA,"<= day","daily",NA,NA,NA
"2000-01-08",169.35,FALSE,NA,NA,"<= day","daily",NA,NA,NA
"2000-01-09",170.729,FALSE,NA,NA,"<= day","daily",NA,NA,NA
"2000-01-10",168.287,FALSE,NA,NA,"<= day","daily",NA,NA,NA
"2000-01-11",166.292,FALSE,NA,NA,"<= day","daily",NA,NA,NA
"2000-01-12",165.908,FALSE,NA,NA,"<= day","daily",NA,NA,NA
"2000-01-13",165.254,FALSE,NA,NA,"<= day","daily",NA,NA,NA
"2000-01-14",165.358,FALSE,NA,NA,"<= day","daily",NA,NA,NA
"2000-01-15",164.642,FALSE,NA,NA,"<= day","daily",NA,NA,NA
"2000-01-16",163.821,FALSE,NA,NA,"<= day","daily",NA,NA,NA
"2000-01-17",163.083,FALSE,NA,NA,"<= day","daily",NA,NA,NA
"2000-01-18",165.812,FALSE,NA,NA,"<= day","daily",NA,NA,NA
"2000-01-19",163.183,FALSE,NA,NA,"<= day","daily",NA,NA,NA
"2000-01-20",162.817,FALSE,NA,NA,"<= day","daily",NA,NA,NA
"2000-01-21",163.963,FALSE,NA,NA,"<= day","daily",NA,NA,NA
"2000-01-22",158.929,FALSE,NA,NA,"<= day","daily",NA,NA,NA
"2000-01-23",159.137,FALSE,NA,NA,"<= day","daily",NA,NA,NA
"2000-01-24",157.762,FALSE,NA,NA,"<= day","daily",NA,NA,NA
"2000-01-25",156.067,FALSE,NA,NA,"<= day","daily",NA,NA,NA
"2000-01-26",153.525,FALSE,NA,NA,"<= day","daily",NA,NA,NA
"2000-01-27",151.996,FALSE,NA,NA,"<= day","daily",NA,NA,NA
"2000-01-28",152.296,FALSE,NA,NA,"<= day","daily",NA,NA,NA
"2000-01-29",154.6,FALSE,NA,NA,"<= day","daily",NA,NA,NA
"2000-01-30",185.771,FALSE,NA,NA,"<= day","daily",NA,NA,NA
"2000-01-31",240.821,FALSE,NA,NA,"<= day","daily",NA,NA,NA
"2000-02-01",293.792,FALSE,NA,NA,"<= day","daily",NA,NA,NA
"2000-02-02",295.625,FALSE,NA,NA,"<= day","daily",NA,NA,NA
"2000-02-03",280.696,FALSE,NA,NA,"<= day","daily",NA,NA,NA
"2000-02-04",256,FALSE,NA,NA,"<= day","daily",NA,NA,NA
"2000-02-05",235.133,FALSE,NA,NA,"<= day","daily",NA,NA,NA
"2000-02-06",239.871,FALSE,NA,NA,"<= day","daily",NA,NA,NA
"2000-02-07",279.388,FALSE,NA,NA,"<= day","daily",NA,NA,NA
"2000-02-08",295.462,FALSE,NA,NA,"<= day","daily",NA,NA,NA
"2000-02-09",445.688,FALSE,NA,NA,"<= day","daily",NA,NA,NA
"2000-02-10",401.771,FALSE,NA,NA,"<= day","daily",NA,NA,NA
"2000-02-11",334.542,FALSE,NA,NA,"<= day","daily",NA,NA,NA
"2000-02-12",295.288,FALSE,NA,NA,"<= day","daily",NA,NA,NA
"2000-02-13",266.529,FALSE,NA,NA,"<= day","daily",NA,NA,NA
"2000-02-14",253.438,FALSE,NA,NA,"<= day","daily",NA,NA,NA
"2000-02-15",242.95,FALSE,NA,NA,"<= day","daily",NA,NA,NA
"2000-02-16",236.371,FALSE,NA,NA,"<= day","daily",NA,NA,NA
"2000-02-17",229.992,FALSE,NA,NA,"<= day","daily",NA,NA,NA
"2000-02-18",221.588,FALSE,NA,NA,"<= day","daily",NA,NA,NA
"2000-02-19",219.312,FALSE,NA,NA,"<= day","daily",NA,NA,NA
"2000-02-20",214.071,FALSE,NA,NA,"<= day","daily",NA,NA,NA
"2000-02-21",209.429,FALSE,NA,NA,"<= day","daily",NA,NA,NA
"2000-02-22",207.558,FALSE,NA,NA,"<= day","daily",NA,NA,NA
"2000-02-23",204.537,FALSE,NA,NA,"<= day","daily",NA,NA,NA
"2000-02-24",202.675,FALSE,NA,NA,"<= day","daily",NA,NA,NA
"2000-02-25",205.525,FALSE,NA,NA,"<= day","daily",NA,NA,NA
"2000-02-26",226.142,FALSE,NA,NA,"<= day","daily",NA,NA,NA
"2000-02-27",224.488,FALSE,NA,NA,"<= day","daily",NA,NA,NA
"2000-02-28",220.25,FALSE,NA,NA,"<= day","daily",NA,NA,NA
"2000-02-29",211.438,FALSE,NA,NA,"<= day","daily",NA,NA,NA
"2000-03-01",213.908,FALSE,NA,NA,"<= day","daily",NA,NA,NA
"2000-03-02",213.896,FALSE,NA,NA,"<= day","daily",NA,NA,NA
"2000-03-03",209.963,FALSE,NA,NA,"<= day","daily",NA,NA,NA
"2000-03-04",205.146,FALSE,NA,NA,"<= day","daily",NA,NA,NA
"2000-03-05",198.771,FALSE,NA,NA,"<= day","daily",NA,NA,NA
"2000-03-06",194.846,FALSE,NA,NA,"<= day","daily",NA,NA,NA
"2000-03-07",194.463,FALSE,NA,NA,"<= day","daily",NA,NA,NA
"2000-03-08",202.692,FALSE,NA,NA,"<= day","daily",NA,NA,NA
"2000-03-09",461.229,FALSE,NA,NA,"<= day","daily",NA,NA,NA
"2000-03-10",781.092,FALSE,NA,NA,"<= day","daily",NA,NA,NA
"2000-03-11",682.396,FALSE,NA,NA,"<= day","daily",NA,NA,NA
"2000-03-12",662.279,FALSE,NA,NA,"<= day","daily",NA,NA,NA
"2000-03-13",548.033,FALSE,NA,NA,"<= day","daily",NA,NA,NA
"2000-03-14",472.512,FALSE,NA,NA,"<= day","daily",NA,NA,NA
"2000-03-15",451.717,FALSE,NA,NA,"<= day","daily",NA,NA,NA
"2000-03-16",426.783,FALSE,NA,NA,"<= day","daily",NA,NA,NA
"2000-03-17",386.375,FALSE,NA,NA,"<= day","daily",NA,NA,NA
"2000-03-18",359.75,FALSE,NA,NA,"<= day","daily",NA,NA,NA
"2000-03-19",339.542,FALSE,NA,NA,"<= day","daily",NA,NA,NA
"2000-03-20",321.971,FALSE,NA,NA,"<= day","daily",NA,NA,NA
"2000-03-21",307.167,FALSE,NA,NA,"<= day","daily",NA,NA,NA
"2000-03-22",296.067,FALSE,NA,NA,"<= day","daily",NA,NA,NA
"2000-03-23",317.279,FALSE,NA,NA,"<= day","daily",NA,NA,NA
"2000-03-24",348,FALSE,NA,NA,"<= day","daily",NA,NA,NA
"2000-03-25",451.033,FALSE,NA,NA,"<= day","daily",NA,NA,NA
"2000-03-26",510.092,FALSE,NA,NA,"<= day","daily",NA,NA,NA
"2000-03-27",564.246,FALSE,NA,NA,"<= day","daily",NA,NA,NA
"2000-03-28",567.888,FALSE,NA,NA,"<= day","daily",NA,NA,NA
"2000-03-29",544.275,FALSE,NA,NA,"<= day","daily",NA,NA,NA
"2000-03-30",670.496,FALSE,NA,NA,"<= day","daily",NA,NA,NA
"2000-03-31",593.146,FALSE,NA,NA,"<= day","daily",NA,NA,NA
"2000-04-01",517.129,FALSE,NA,NA,"<= day","daily",NA,NA,NA
"2000-04-02",511.546,FALSE,NA,NA,"<= day","daily",NA,NA,NA
"2000-04-03",548.75,FALSE,NA,NA,"<= day","daily",NA,NA,NA
"2000-04-04",634.562,FALSE,NA,NA,"<= day","daily",NA,NA,NA
"2000-04-05",692.558,FALSE,NA,NA,"<= day","daily",NA,NA,NA
"2000-04-06",684.471,FALSE,NA,NA,"<= day","daily",NA,NA,NA
"2000-04-07",624.8,FALSE,NA,NA,"<= day","daily",NA,NA,NA
"2000-04-08",545.342,FALSE,NA,NA,"<= day","daily",NA,NA,NA
"2000-04-09",492.725,FALSE,NA,NA,"<= day","daily",NA,NA,NA
"2000-04-10",467.392,FALSE,NA,NA,"<= day","daily",NA,NA,NA
"2000-04-11",498.104,FALSE,NA,NA,"<= day","daily",NA,NA,NA
"2000-04-12",542.55,FALSE,NA,NA,"<= day","daily",NA,NA,NA
"2000-04-13",596.404,FALSE,NA,NA,"<= day","daily",NA,NA,NA
"2000-04-14",665.846,FALSE,NA,NA,"<= day","daily",NA,NA,NA
"2000-04-15",755.004,FALSE,NA,NA,"<= day","daily",NA,NA,NA
"2000-04-16",827.604,FALSE,NA,NA,"<= day","daily",NA,NA,NA
"2000-04-17",851.333,FALSE,NA,NA,"<= day","daily",NA,NA,NA
"2000-04-18",874.867,FALSE,NA,NA,"<= day","daily",NA,NA,NA
"2000-04-19",917.675,FALSE,NA,NA,"<= day","daily",NA,NA,NA
"2000-04-20",949.733,FALSE,NA,NA,"<= day","daily",NA,NA,NA
"2000-04-21",968.004,FALSE,NA,NA,"<= day","daily",NA,NA,NA
"2000-04-22",996.525,FALSE,NA,NA,"<= day","daily",NA,NA,NA
"2000-04-23",1024.683,FALSE,NA,NA,"<= day","daily",NA,NA,NA
"2000-04-24",1046.779,FALSE,NA,NA,"<= day","daily",NA,NA,NA
"2000-04-25",1044.588,FALSE,NA,NA,"<= day","daily",NA,NA,NA
"2000-04-26",1046.638,FALSE,NA,NA,"<= day","daily",NA,NA,NA
"2000-04-27",1043.167,FALSE,NA,NA,"<= day","daily",NA,NA,NA
"2000-04-28",1052.383,FALSE,NA,NA,"<= day","daily",NA,NA,NA
"2000-04-29",1072.737,FALSE,NA,NA,"<= day","daily",NA,NA,NA
"2000-04-30",1079.904,FALSE,NA,NA,"<= day","daily",NA,NA,NA
"2000-05-01",1078.642,FALSE,NA,NA,"<= day","daily",NA,NA,NA
"2000-05-02",1081.596,FALSE,NA,NA,"<= day","daily",NA,NA,NA
"2000-05-03",1078.317,FALSE,NA,NA,"<= day","daily",NA,NA,NA
"2000-05-04",1074.558,FALSE,NA,NA,"<= day","daily",NA,NA,NA
"2000-05-05",1079.354,FALSE,NA,NA,"<= day","daily",NA,NA,NA
"2000-05-06",1073.133,FALSE,NA,NA,"<= day","daily",NA,NA,NA
"2000-05-07",1069.892,FALSE,NA,NA,"<= day","daily",NA,NA,NA
"2000-05-08",1055.062,FALSE,NA,NA,"<= day","daily",NA,NA,NA
"2000-05-09",1041.879,FALSE,NA,NA,"<= day","daily",NA,NA,NA
"2000-05-10",1030.096,FALSE,NA,NA,"<= day","daily",NA,NA,NA
"2000-05-11",1014.538,FALSE,NA,NA,"<= day","daily",NA,NA,NA
"2000-05-12",994.862,FALSE,NA,NA,"<= day","daily",NA,NA,NA
"2000-05-13",981.796,FALSE,NA,NA,"<= day","daily",NA,NA,NA
"2000-05-14",953.246,FALSE,NA,NA,"<= day","daily",NA,NA,NA
"2000-05-15",922.846,FALSE,NA,NA,"<= day","daily",NA,NA,NA
"2000-05-16",894.458,FALSE,NA,NA,"<= day","daily",NA,NA,NA
"2000-05-17",869.625,FALSE,NA,NA,"<= day","daily",NA,NA,NA
"2000-05-18",848.033,FALSE,NA,NA,"<= day","daily",NA,NA,NA
"2000-05-19",823.712,FALSE,NA,NA,"<= day","daily",NA,NA,NA
"2000-05-20",801.5,FALSE,NA,NA,"<= day","daily",NA,NA,NA
"2000-05-21",764.642,FALSE,NA,NA,"<= day","daily",NA,NA,NA
"2000-05-22",726.921,FALSE,NA,NA,"<= day","daily",NA,NA,NA
"2000-05-23",699.525,FALSE,NA,NA,"<= day","daily",NA,NA,NA
"2000-05-24",674.908,FALSE,NA,NA,"<= day","daily",NA,NA,NA
"2000-05-25",658.104,FALSE,NA,NA,"<= day","daily",NA,NA,NA
"2000-05-26",644.904,FALSE,NA,NA,"<= day","daily",NA,NA,NA
"2000-05-27",631.492,FALSE,NA,NA,"<= day","daily",NA,NA,NA
"2000-05-28",610.625,FALSE,NA,NA,"<= day","daily",NA,NA,NA
"2000-05-29",607.704,FALSE,NA,NA,"<= day","daily",NA,NA,NA
"2000-05-30",598.979,FALSE,NA,NA,"<= day","daily",NA,NA,NA
"2000-05-31",568.146,FALSE,NA,NA,"<= day","daily",NA,NA,NA
"2000-06-01",549.95,FALSE,NA,NA,"<= day","daily",NA,NA,NA
"2000-06-02",526.538,FALSE,NA,NA,"<= day","daily",NA,NA,NA
"2000-06-03",513.038,FALSE,NA,NA,"<= day","daily",NA,NA,NA
"2000-06-04",500.296,FALSE,NA,NA,"<= day","daily",NA,NA,NA
"2000-06-05",490.746,FALSE,NA,NA,"<= day","daily",NA,NA,NA
"2000-06-06",482.388,FALSE,NA,NA,"<= day","daily",NA,NA,NA
"2000-06-07",484.996,FALSE,NA,NA,"<= day","daily",NA,NA,NA
"2000-06-08",465.225,FALSE,NA,NA,"<= day","daily",NA,NA,NA
"2000-06-09",447.471,FALSE,NA,NA,"<= day","daily",NA,NA,NA
"2000-06-10",435.875,FALSE,NA,NA,"<= day","daily",NA,NA,NA
"2000-06-11",424.321,FALSE,NA,NA,"<= day","daily",NA,NA,NA
"2000-06-12",411.817,FALSE,NA,NA,"<= day","daily",NA,NA,NA
"2000-06-13",404.896,FALSE,NA,NA,"<= day","daily",NA,NA,NA
"2000-06-14",403.904,FALSE,NA,NA,"<= day","daily",NA,NA,NA
"2000-06-15",398.875,FALSE,NA,NA,"<= day","daily",NA,NA,NA
"2000-06-16",410.25,FALSE,NA,NA,"<= day","daily",NA,NA,NA
"2000-06-17",394.921,FALSE,NA,NA,"<= day","daily",NA,NA,NA
"2000-06-18",377.717,FALSE,NA,NA,"<= day","daily",NA,NA,NA
"2000-06-19",367.163,FALSE,NA,NA,"<= day","daily",NA,NA,NA
"2000-06-20",360.317,FALSE,NA,NA,"<= day","daily",NA,NA,NA
"2000-06-21",357.512,FALSE,NA,NA,"<= day","daily",NA,NA,NA
"2000-06-22",361.154,FALSE,NA,NA,"<= day","daily",NA,NA,NA
"2000-06-23",388.438,FALSE,NA,NA,"<= day","daily",NA,NA,NA
"2000-06-24",418.167,FALSE,NA,NA,"<= day","daily",NA,NA,NA
"2000-06-25",596.983,FALSE,NA,NA,"<= day","daily",NA,NA,NA
"2000-06-26",594.45,FALSE,NA,NA,"<= day","daily",NA,NA,NA
"2000-06-27",474.271,FALSE,NA,NA,"<= day","daily",NA,NA,NA
"2000-06-28",415.721,FALSE,NA,NA,"<= day","daily",NA,NA,NA
"2000-06-29",389.883,FALSE,NA,NA,"<= day","daily",NA,NA,NA
"2000-06-30",370.871,FALSE,NA,NA,"<= day","daily",NA,NA,NA
"2000-07-01",356.004,FALSE,NA,NA,"<= day","daily",NA,NA,NA
"2000-07-02",346.746,FALSE,NA,NA,"<= day","daily",NA,NA,NA
"2000-07-03",361.146,FALSE,NA,NA,"<= day","daily",NA,NA,NA
"2000-07-04",435.608,FALSE,NA,NA,"<= day","daily",NA,NA,NA
"2000-07-05",372.142,FALSE,NA,NA,"<= day","daily",NA,NA,NA
"2000-07-06",341.021,FALSE,NA,NA,"<= day","daily",NA,NA,NA
"2000-07-07",340.404,FALSE,NA,NA,"<= day","daily",NA,NA,NA
"2000-07-08",412.808,FALSE,NA,NA,"<= day","daily",NA,NA,NA
"2000-07-09",395.7,FALSE,NA,NA,"<= day","daily",NA,NA,NA
"2000-07-10",375.546,FALSE,NA,NA,"<= day","daily",NA,NA,NA
"2000-07-11",444.279,FALSE,NA,NA,"<= day","daily",NA,NA,NA
"2000-07-12",570.529,FALSE,NA,NA,"<= day","daily",NA,NA,NA
"2000-07-13",495.358,FALSE,NA,NA,"<= day","daily",NA,NA,NA
"2000-07-14",415.525,FALSE,NA,NA,"<= day","daily",NA,NA,NA
"2000-07-15",383.7,FALSE,NA,NA,"<= day","daily",NA,NA,NA
"2000-07-16",465.196,FALSE,NA,NA,"<= day","daily",NA,NA,NA
"2000-07-17",511.171,FALSE,NA,NA,"<= day","daily",NA,NA,NA
"2000-07-18",442.312,FALSE,NA,NA,"<= day","daily",NA,NA,NA
"2000-07-19",394.842,FALSE,NA,NA,"<= day","daily",NA,NA,NA
"2000-07-20",394.212,FALSE,NA,NA,"<= day","daily",NA,NA,NA
"2000-07-21",394.204,FALSE,NA,NA,"<= day","daily",NA,NA,NA
"2000-07-22",369.163,FALSE,NA,NA,"<= day","daily",NA,NA,NA
"2000-07-23",348.483,FALSE,NA,NA,"<= day","daily",NA,NA,NA
"2000-07-24",329.65,FALSE,NA,NA,"<= day","daily",NA,NA,NA
"2000-07-25",319.767,FALSE,NA,NA,"<= day","daily",NA,NA,NA
"2000-07-26",312.808,FALSE,NA,NA,"<= day","daily",NA,NA,NA
"2000-07-27",306.029,FALSE,NA,NA,"<= day","daily",NA,NA,NA
"2000-07-28",303.121,FALSE,NA,NA,"<= day","daily",NA,NA,NA
"2000-07-29",311.567,FALSE,NA,NA,"<= day","daily",NA,NA,NA
"2000-07-30",316.396,FALSE,NA,NA,"<= day","daily",NA,NA,NA
"2000-07-31",327.425,FALSE,NA,NA,"<= day","daily",NA,NA,NA
"2000-08-01",303.679,FALSE,NA,NA,"<= day","daily",NA,NA,NA
"2000-08-02",310.1,FALSE,NA,NA,"<= day","daily",NA,NA,NA
"2000-08-03",519.867,FALSE,NA,NA,"<= day","daily",NA,NA,NA
"2000-08-04",598.333,FALSE,NA,NA,"<= day","daily",NA,NA,NA
"2000-08-05",575.192,FALSE,NA,NA,"<= day","daily",NA,NA,NA
"2000-08-06",704.517,FALSE,NA,NA,"<= day","daily",NA,NA,NA
"2000-08-07",711.271,FALSE,NA,NA,"<= day","daily",NA,NA,NA
"2000-08-08",669.671,FALSE,NA,NA,"<= day","daily",NA,NA,NA
"2000-08-09",585.929,FALSE,NA,NA,"<= day","daily",NA,NA,NA
"2000-08-10",499.933,FALSE,NA,NA,"<= day","daily",NA,NA,NA
"2000-08-11",443.279,FALSE,NA,NA,"<= day","daily",NA,NA,NA
"2000-08-12",429.046,FALSE,NA,NA,"<= day","daily",NA,NA,NA
"2000-08-13",418.525,FALSE,NA,NA,"<= day","daily",NA,NA,NA
"2000-08-14",384.004,FALSE,NA,NA,"<= day","daily",NA,NA,NA
"2000-08-15",358.938,FALSE,NA,NA,"<= day","daily",NA,NA,NA
"2000-08-16",347.504,FALSE,NA,NA,"<= day","daily",NA,NA,NA
"2000-08-17",339.421,FALSE,NA,NA,"<= day","daily",NA,NA,NA
"2000-08-18",325.638,FALSE,NA,NA,"<= day","daily",NA,NA,NA
"2000-08-19",314.55,FALSE,NA,NA,"<= day","daily",NA,NA,NA
"2000-08-20",310.95,FALSE,NA,NA,"<= day","daily",NA,NA,NA
"2000-08-21",309.433,FALSE,NA,NA,"<= day","daily",NA,NA,NA
"2000-08-22",304.562,FALSE,NA,NA,"<= day","daily",NA,NA,NA
"2000-08-23",300.512,FALSE,NA,NA,"<= day","daily",NA,NA,NA
"2000-08-24",289.946,FALSE,NA,NA,"<= day","daily",NA,NA,NA
"2000-08-25",282.1,FALSE,NA,NA,"<= day","daily",NA,NA,NA
"2000-08-26",278.396,FALSE,NA,NA,"<= day","daily",NA,NA,NA
"2000-08-27",277.029,FALSE,NA,NA,"<= day","daily",NA,NA,NA
"2000-08-28",274.096,FALSE,NA,NA,"<= day","daily",NA,NA,NA
"2000-08-29",270.438,FALSE,NA,NA,"<= day","daily",NA,NA,NA
"2000-08-30",263.012,FALSE,NA,NA,"<= day","daily",NA,NA,NA
"2000-08-31",263.517,FALSE,NA,NA,"<= day","daily",NA,NA,NA
"2000-09-01",262.442,FALSE,NA,NA,"<= day","daily",NA,NA,NA
"2000-09-02",261.45,FALSE,NA,NA,"<= day","daily",NA,NA,NA
"2000-09-03",258.567,FALSE,NA,NA,"<= day","daily",NA,NA,NA
"2000-09-04",253.625,FALSE,NA,NA,"<= day","daily",NA,NA,NA
"2000-09-05",249.479,FALSE,NA,NA,"<= day","daily",NA,NA,NA
"2000-09-06",247.496,FALSE,NA,NA,"<= day","daily",NA,NA,NA
"2000-09-07",259.804,FALSE,NA,NA,"<= day","daily",NA,NA,NA
"2000-09-08",286.025,FALSE,NA,NA,"<= day","daily",NA,NA,NA
"2000-09-09",265.433,FALSE,NA,NA,"<= day","daily",NA,NA,NA
"2000-09-10",254.6,FALSE,NA,NA,"<= day","daily",NA,NA,NA
"2000-09-11",241.621,FALSE,NA,NA,"<= day","daily",NA,NA,NA
"2000-09-12",237.642,FALSE,NA,NA,"<= day","daily",NA,NA,NA
"2000-09-13",246.496,FALSE,NA,NA,"<= day","daily",NA,NA,NA
"2000-09-14",293.871,FALSE,NA,NA,"<= day","daily",NA,NA,NA
"2000-09-15",257.979,FALSE,NA,NA,"<= day","daily",NA,NA,NA
"2000-09-16",309.462,FALSE,NA,NA,"<= day","daily",NA,NA,NA
"2000-09-17",616.929,FALSE,NA,NA,"<= day","daily",NA,NA,NA
"2000-09-18",463.738,FALSE,NA,NA,"<= day","daily",NA,NA,NA
"2000-09-19",370.1,FALSE,NA,NA,"<= day","daily",NA,NA,NA
"2000-09-20",320.542,FALSE,NA,NA,"<= day","daily",NA,NA,NA
"2000-09-21",303.604,FALSE,NA,NA,"<= day","daily",NA,NA,NA
"2000-09-22",296.042,FALSE,NA,NA,"<= day","daily",NA,NA,NA
"2000-09-23",285.796,FALSE,NA,NA,"<= day","daily",NA,NA,NA
"2000-09-24",276.242,FALSE,NA,NA,"<= day","daily",NA,NA,NA
"2000-09-25",270.238,FALSE,NA,NA,"<= day","daily",NA,NA,NA
"2000-09-26",260.296,FALSE,NA,NA,"<= day","daily",NA,NA,NA
"2000-09-27",254.483,FALSE,NA,NA,"<= day","daily",NA,NA,NA
"2000-09-28",251.625,FALSE,NA,NA,"<= day","daily",NA,NA,NA
"2000-09-29",245.229,FALSE,NA,NA,"<= day","daily",NA,NA,NA
"2000-09-30",240.208,FALSE,NA,NA,"<= day","daily",NA,NA,NA
"2000-10-01",246.454,FALSE,NA,NA,"<= day","daily",NA,NA,NA
"2000-10-02",275.396,FALSE,NA,NA,"<= day","daily",NA,NA,NA
"2000-10-03",284.558,FALSE,NA,NA,"<= day","daily",NA,NA,NA
"2000-10-04",286.954,FALSE,NA,NA,"<= day","daily",NA,NA,NA
"2000-10-05",263.875,FALSE,NA,NA,"<= day","daily",NA,NA,NA
"2000-10-06",253.321,FALSE,NA,NA,"<= day","daily",NA,NA,NA
"2000-10-07",317.821,FALSE,NA,NA,"<= day","daily",NA,NA,NA
"2000-10-08",402.837,FALSE,NA,NA,"<= day","daily",NA,NA,NA
"2000-10-09",391.075,FALSE,NA,NA,"<= day","daily",NA,NA,NA
"2000-10-10",381.967,FALSE,NA,NA,"<= day","daily",NA,NA,NA
"2000-10-11",344.354,FALSE,NA,NA,"<= day","daily",NA,NA,NA
"2000-10-12",309.246,FALSE,NA,NA,"<= day","daily",NA,NA,NA
"2000-10-13",286.021,FALSE,NA,NA,"<= day","daily",NA,NA,NA
"2000-10-14",269.262,FALSE,NA,NA,"<= day","daily",NA,NA,NA
"2000-10-15",260.246,FALSE,NA,NA,"<= day","daily",NA,NA,NA
"2000-10-16",254.2,FALSE,NA,NA,"<= day","daily",NA,NA,NA
"2000-10-17",247.558,FALSE,NA,NA,"<= day","daily",NA,NA,NA
"2000-10-18",243.625,FALSE,NA,NA,"<= day","daily",NA,NA,NA
"2000-10-19",247.854,FALSE,NA,NA,"<= day","daily",NA,NA,NA
"2000-10-20",246.217,FALSE,NA,NA,"<= day","daily",NA,NA,NA
"2000-10-21",239.096,FALSE,NA,NA,"<= day","daily",NA,NA,NA
"2000-10-22",235.954,FALSE,NA,NA,"<= day","daily",NA,NA,NA
"2000-10-23",228.625,FALSE,NA,NA,"<= day","daily",NA,NA,NA
"2000-10-24",220.1,FALSE,NA,NA,"<= day","daily",NA,NA,NA
"2000-10-25",215.067,FALSE,NA,NA,"<= day","daily",NA,NA,NA
"2000-10-26",212.625,FALSE,NA,NA,"<= day","daily",NA,NA,NA
"2000-10-27",211.017,FALSE,NA,NA,"<= day","daily",NA,NA,NA
"2000-10-28",208.171,FALSE,NA,NA,"<= day","daily",NA,NA,NA
"2000-10-29",207.3,FALSE,NA,NA,"<= day","daily",NA,NA,NA
"2000-10-30",206.642,FALSE,NA,NA,"<= day","daily",NA,NA,NA
"2000-10-31",207.537,FALSE,NA,NA,"<= day","daily",NA,NA,NA
"2000-11-01",215.787,FALSE,NA,NA,"<= day","daily",NA,NA,NA
"2000-11-02",216.621,FALSE,NA,NA,"<= day","daily",NA,NA,NA
"2000-11-03",258.792,FALSE,NA,NA,"<= day","daily",NA,NA,NA
"2000-11-04",356.288,FALSE,NA,NA,"<= day","daily",NA,NA,NA
"2000-11-05",351.446,FALSE,NA,NA,"<= day","daily",NA,NA,NA
"2000-11-06",316.292,FALSE,NA,NA,"<= day","daily",NA,NA,NA
"2000-11-07",449.508,FALSE,NA,NA,"<= day","daily",NA,NA,NA
"2000-11-08",379.879,FALSE,NA,NA,"<= day","daily",NA,NA,NA
"2000-11-09",310.592,FALSE,NA,NA,"<= day","daily",NA,NA,NA
"2000-11-10",274.946,FALSE,NA,NA,"<= day","daily",NA,NA,NA
"2000-11-11",254.954,FALSE,NA,NA,"<= day","daily",NA,NA,NA
"2000-11-12",238.629,FALSE,NA,NA,"<= day","daily",NA,NA,NA
"2000-11-13",233.646,FALSE,NA,NA,"<= day","daily",NA,NA,NA
"2000-11-14",231.025,FALSE,NA,NA,"<= day","daily",NA,NA,NA
"2000-11-15",223.137,FALSE,NA,NA,"<= day","daily",NA,NA,NA
"2000-11-16",216.154,FALSE,NA,NA,"<= day","daily",NA,NA,NA
"2000-11-17",216.496,FALSE,NA,NA,"<= day","daily",NA,NA,NA
"2000-11-18",245.483,FALSE,NA,NA,"<= day","daily",NA,NA,NA
"2000-11-19",235.792,FALSE,NA,NA,"<= day","daily",NA,NA,NA
"2000-11-20",242.6,FALSE,NA,NA,"<= day","daily",NA,NA,NA
"2000-11-21",232.6,FALSE,NA,NA,"<= day","daily",NA,NA,NA
"2000-11-22",225.467,FALSE,NA,NA,"<= day","daily",NA,NA,NA
"2000-11-23",219.617,FALSE,NA,NA,"<= day","daily",NA,NA,NA
"2000-11-24",211.383,FALSE,NA,NA,"<= day","daily",NA,NA,NA
"2000-11-25",216.142,FALSE,NA,NA,"<= day","daily",NA,NA,NA
"2000-11-26",258.458,FALSE,NA,NA,"<= day","daily",NA,NA,NA
"2000-11-27",249.167,FALSE,NA,NA,"<= day","daily",NA,NA,NA
"2000-11-28",233.346,FALSE,NA,NA,"<= day","daily",NA,NA,NA
"2000-11-29",264.188,FALSE,NA,NA,"<= day","daily",NA,NA,NA
"2000-11-30",248.771,FALSE,NA,NA,"<= day","daily",NA,NA,NA
"2000-12-01",233.371,FALSE,NA,NA,"<= day","daily",NA,NA,NA
"2000-12-02",224.017,FALSE,NA,NA,"<= day","daily",NA,NA,NA
"2000-12-03",217.713,FALSE,NA,NA,"<= day","daily",NA,NA,NA
"2000-12-04",212.704,FALSE,NA,NA,"<= day","daily",NA,NA,NA
"2000-12-05",204.521,FALSE,NA,NA,"<= day","daily",NA,NA,NA
"2000-12-06",199.904,FALSE,NA,NA,"<= day","daily",NA,NA,NA
"2000-12-07",197.217,FALSE,NA,NA,"<= day","daily",NA,NA,NA
"2000-12-08",197.121,FALSE,NA,NA,"<= day","daily",NA,NA,NA
"2000-12-09",195.229,FALSE,NA,NA,"<= day","daily",NA,NA,NA
"2000-12-10",193.667,FALSE,NA,NA,"<= day","daily",NA,NA,NA
"2000-12-11",251.529,FALSE,NA,NA,"<= day","daily",NA,NA,NA
"2000-12-12",294.975,FALSE,NA,NA,"<= day","daily",NA,NA,NA
"2000-12-13",303.025,FALSE,NA,NA,"<= day","daily",NA,NA,NA
"2000-12-14",275.783,FALSE,NA,NA,"<= day","daily",NA,NA,NA
"2000-12-15",243.596,FALSE,NA,NA,"<= day","daily",NA,NA,NA
"2000-12-16",223.05,FALSE,NA,NA,"<= day","daily",NA,NA,NA
"2000-12-17",212.967,FALSE,NA,NA,"<= day","daily",NA,NA,NA
"2000-12-18",206.533,FALSE,NA,NA,"<= day","daily",NA,NA,NA
"2000-12-19",202.229,FALSE,NA,NA,"<= day","daily",NA,NA,NA
"2000-12-20",198.704,FALSE,NA,NA,"<= day","daily",NA,NA,NA
"2000-12-21",195.746,FALSE,NA,NA,"<= day","daily",NA,NA,NA
"2000-12-22",191.217,FALSE,NA,NA,"<= day","daily",NA,NA,NA
"2000-12-23",188.758,FALSE,NA,NA,"<= day","daily",NA,NA,NA
"2000-12-24",188.408,FALSE,NA,NA,"<= day","daily",NA,NA,NA
"2000-12-25",188.467,FALSE,NA,NA,"<= day","daily",NA,NA,NA
"2000-12-26",189.054,FALSE,NA,NA,"<= day","daily",NA,NA,NA
"2000-12-27",187.2,FALSE,NA,NA,"<= day","daily",NA,NA,NA
"2000-12-28",188.512,FALSE,NA,NA,"<= day","daily",NA,NA,NA
"2000-12-29",187.425,FALSE,NA,NA,"<= day","daily",NA,NA,NA
"2000-12-30",188.421,FALSE,NA,NA,"<= day","daily",NA,NA,NA
"2000-12-31",179.838,FALSE,NA,NA,"<= day","daily",NA,NA,NA
"2001-01-01",178.821,FALSE,NA,NA,"<= day","daily",NA,NA,NA
"2001-01-02",176.412,FALSE,NA,NA,"<= day","daily",NA,NA,NA
"2001-01-03",173.904,FALSE,NA,NA,"<= day","daily",NA,NA,NA
"2001-01-04",173.537,FALSE,NA,NA,"<= day","daily",NA,NA,NA
"2001-01-05",172.621,FALSE,NA,NA,"<= day","daily",NA,NA,NA
"2001-01-06",173.921,FALSE,NA,NA,"<= day","daily",NA,NA,NA
"2001-01-07",194.113,FALSE,NA,NA,"<= day","daily",NA,NA,NA
"2001-01-08",227.346,FALSE,NA,NA,"<= day","daily",NA,NA,NA
"2001-01-09",225.475,FALSE,NA,NA,"<= day","daily",NA,NA,NA
"2001-01-10",210.75,FALSE,NA,NA,"<= day","daily",NA,NA,NA
"2001-01-11",200.954,FALSE,NA,NA,"<= day","daily",NA,NA,NA
"2001-01-12",193.071,FALSE,NA,NA,"<= day","daily",NA,NA,NA
"2001-01-13",183.633,FALSE,NA,NA,"<= day","daily",NA,NA,NA
"2001-01-14",177.775,FALSE,NA,NA,"<= day","daily",NA,NA,NA
"2001-01-15",177.342,FALSE,NA,NA,"<= day","daily",NA,NA,NA
"2001-01-16",175.325,FALSE,NA,NA,"<= day","daily",NA,NA,NA
"2001-01-17",174.662,FALSE,NA,NA,"<= day","daily",NA,NA,NA
"2001-01-18",173.092,FALSE,NA,NA,"<= day","daily",NA,NA,NA
"2001-01-19",170.317,FALSE,NA,NA,"<= day","daily",NA,NA,NA
"2001-01-20",167.037,FALSE,NA,NA,"<= day","daily",NA,NA,NA
"2001-01-21",161.725,FALSE,NA,NA,"<= day","daily",NA,NA,NA
"2001-01-22",159.733,FALSE,NA,NA,"<= day","daily",NA,NA,NA
"2001-01-23",160.45,FALSE,NA,NA,"<= day","daily",NA,NA,NA
"2001-01-24",160.683,FALSE,NA,NA,"<= day","daily",NA,NA,NA
"2001-01-25",160.912,FALSE,NA,NA,"<= day","daily",NA,NA,NA
"2001-01-26",173.721,FALSE,NA,NA,"<= day","daily",NA,NA,NA
"2001-01-27",176.896,FALSE,NA,NA,"<= day","daily",NA,NA,NA
"2001-01-28",175.571,FALSE,NA,NA,"<= day","daily",NA,NA,NA
"2001-01-29",171.963,FALSE,NA,NA,"<= day","daily",NA,NA,NA
"2001-01-30",169.458,FALSE,NA,NA,"<= day","daily",NA,NA,NA
"2001-01-31",165.512,FALSE,NA,NA,"<= day","daily",NA,NA,NA
"2001-02-01",162.408,FALSE,NA,NA,"<= day","daily",NA,NA,NA
"2001-02-02",160.979,FALSE,NA,NA,"<= day","daily",NA,NA,NA
"2001-02-03",158.8,FALSE,NA,NA,"<= day","daily",NA,NA,NA
"2001-02-04",158.5,FALSE,NA,NA,"<= day","daily",NA,NA,NA
"2001-02-05",157.971,FALSE,NA,NA,"<= day","daily",NA,NA,NA
"2001-02-06",158.517,FALSE,NA,NA,"<= day","daily",NA,NA,NA
"2001-02-07",165.546,FALSE,NA,NA,"<= day","daily",NA,NA,NA
"2001-02-08",191.25,FALSE,NA,NA,"<= day","daily",NA,NA,NA
"2001-02-09",213.158,FALSE,NA,NA,"<= day","daily",NA,NA,NA
"2001-02-10",212.879,FALSE,NA,NA,"<= day","daily",NA,NA,NA
"2001-02-11",200.133,FALSE,NA,NA,"<= day","daily",NA,NA,NA
"2001-02-12",194.812,FALSE,NA,NA,"<= day","daily",NA,NA,NA
"2001-02-13",194.854,FALSE,NA,NA,"<= day","daily",NA,NA,NA
"2001-02-14",196.483,FALSE,NA,NA,"<= day","daily",NA,NA,NA
"2001-02-15",193.925,FALSE,NA,NA,"<= day","daily",NA,NA,NA
"2001-02-16",197.158,FALSE,NA,NA,"<= day","daily",NA,NA,NA
"2001-02-17",203.267,FALSE,NA,NA,"<= day","daily",NA,NA,NA
"2001-02-18",192.404,FALSE,NA,NA,"<= day","daily",NA,NA,NA
"2001-02-19",186,FALSE,NA,NA,"<= day","daily",NA,NA,NA
"2001-02-20",183.021,FALSE,NA,NA,"<= day","daily",NA,NA,NA
"2001-02-21",180.308,FALSE,NA,NA,"<= day","daily",NA,NA,NA
"2001-02-22",176.746,FALSE,NA,NA,"<= day","daily",NA,NA,NA
"2001-02-23",173.458,FALSE,NA,NA,"<= day","daily",NA,NA,NA
"2001-02-24",170.463,FALSE,NA,NA,"<= day","daily",NA,NA,NA
"2001-02-25",167.692,FALSE,NA,NA,"<= day","daily",NA,NA,NA
"2001-02-26",166.812,FALSE,NA,NA,"<= day","daily",NA,NA,NA
"2001-02-27",165.963,FALSE,NA,NA,"<= day","daily",NA,NA,NA
"2001-02-28",165.479,FALSE,NA,NA,"<= day","daily",NA,NA,NA
"2001-03-01",166.008,FALSE,NA,NA,"<= day","daily",NA,NA,NA
"2001-03-02",164.433,FALSE,NA,NA,"<= day","daily",NA,NA,NA
"2001-03-03",168.729,FALSE,NA,NA,"<= day","daily",NA,NA,NA
"2001-03-04",176.954,FALSE,NA,NA,"<= day","daily",NA,NA,NA
"2001-03-05",196.521,FALSE,NA,NA,"<= day","daily",NA,NA,NA
"2001-03-06",194.188,FALSE,NA,NA,"<= day","daily",NA,NA,NA
"2001-03-07",186.662,FALSE,NA,NA,"<= day","daily",NA,NA,NA
"2001-03-08",185.471,FALSE,NA,NA,"<= day","daily",NA,NA,NA
"2001-03-09",213.454,FALSE,NA,NA,"<= day","daily",NA,NA,NA
"2001-03-10",305.521,FALSE,NA,NA,"<= day","daily",NA,NA,NA
"2001-03-11",362.979,FALSE,NA,NA,"<= day","daily",NA,NA,NA
"2001-03-12",471.842,FALSE,NA,NA,"<= day","daily",NA,NA,NA
"2001-03-13",559.8,FALSE,NA,NA,"<= day","daily",NA,NA,NA
"2001-03-14",434.279,FALSE,NA,NA,"<= day","daily",NA,NA,NA
"2001-03-15",354.862,FALSE,NA,NA,"<= day","daily",NA,NA,NA
"2001-03-16",414.358,FALSE,NA,NA,"<= day","daily",NA,NA,NA
"2001-03-17",515.529,FALSE,NA,NA,"<= day","daily",NA,NA,NA
"2001-03-18",510.125,FALSE,NA,NA,"<= day","daily",NA,NA,NA
"2001-03-19",518.071,FALSE,NA,NA,"<= day","daily",NA,NA,NA
"2001-03-20",452.192,FALSE,NA,NA,"<= day","daily",NA,NA,NA
"2001-03-21",381.567,FALSE,NA,NA,"<= day","daily",NA,NA,NA
"2001-03-22",431.929,FALSE,NA,NA,"<= day","daily",NA,NA,NA
"2001-03-23",628.983,FALSE,NA,NA,"<= day","daily",NA,NA,NA
"2001-03-24",775.638,FALSE,NA,NA,"<= day","daily",NA,NA,NA
"2001-03-25",815.221,FALSE,NA,NA,"<= day","daily",NA,NA,NA
"2001-03-26",818.158,FALSE,NA,NA,"<= day","daily",NA,NA,NA
"2001-03-27",732.383,FALSE,NA,NA,"<= day","daily",NA,NA,NA
"2001-03-28",585.742,FALSE,NA,NA,"<= day","daily",NA,NA,NA
"2001-03-29",507.833,FALSE,NA,NA,"<= day","daily",NA,NA,NA
"2001-03-30",475.425,FALSE,NA,NA,"<= day","daily",NA,NA,NA
"2001-03-31",434.296,FALSE,NA,NA,"<= day","daily",NA,NA,NA
"2001-04-01",406.117,FALSE,NA,NA,"<= day","daily",NA,NA,NA
"2001-04-02",419.383,FALSE,NA,NA,"<= day","daily",NA,NA,NA
"2001-04-03",485.354,FALSE,NA,NA,"<= day","daily",NA,NA,NA
"2001-04-04",546.45,FALSE,NA,NA,"<= day","daily",NA,NA,NA
"2001-04-05",562.667,FALSE,NA,NA,"<= day","daily",NA,NA,NA
"2001-04-06",466.679,FALSE,NA,NA,"<= day","daily",NA,NA,NA
"2001-04-07",418.854,FALSE,NA,NA,"<= day","daily",NA,NA,NA
"2001-04-08",428.308,FALSE,NA,NA,"<= day","daily",NA,NA,NA
"2001-04-09",397.9,FALSE,NA,NA,"<= day","daily",NA,NA,NA
"2001-04-10",379.721,FALSE,NA,NA,"<= day","daily",NA,NA,NA
"2001-04-11",411.942,FALSE,NA,NA,"<= day","daily",NA,NA,NA
"2001-04-12",433.396,FALSE,NA,NA,"<= day","daily",NA,NA,NA
"2001-04-13",422.146,FALSE,NA,NA,"<= day","daily",NA,NA,NA
"2001-04-14",377.642,FALSE,NA,NA,"<= day","daily",NA,NA,NA
"2001-04-15",353.4,FALSE,NA,NA,"<= day","daily",NA,NA,NA
"2001-04-16",340.479,FALSE,NA,NA,"<= day","daily",NA,NA,NA
"2001-04-17",334.004,FALSE,NA,NA,"<= day","daily",NA,NA,NA
"2001-04-18",326.446,FALSE,NA,NA,"<= day","daily",NA,NA,NA
"2001-04-19",323.692,FALSE,NA,NA,"<= day","daily",NA,NA,NA
"2001-04-20",314.992,FALSE,NA,NA,"<= day","daily",NA,NA,NA
"2001-04-21",309.283,FALSE,NA,NA,"<= day","daily",NA,NA,NA
"2001-04-22",301.921,FALSE,NA,NA,"<= day","daily",NA,NA,NA
"2001-04-23",298.704,FALSE,NA,NA,"<= day","daily",NA,NA,NA
"2001-04-24",342.267,FALSE,NA,NA,"<= day","daily",NA,NA,NA
"2001-04-25",460.333,FALSE,NA,NA,"<= day","daily",NA,NA,NA
"2001-04-26",584.425,FALSE,NA,NA,"<= day","daily",NA,NA,NA
"2001-04-27",499.675,FALSE,NA,NA,"<= day","daily",NA,NA,NA
"2001-04-28",503.138,FALSE,NA,NA,"<= day","daily",NA,NA,NA
"2001-04-29",547.117,FALSE,NA,NA,"<= day","daily",NA,NA,NA
"2001-04-30",646.438,FALSE,NA,NA,"<= day","daily",NA,NA,NA
"2001-05-01",713.712,FALSE,NA,NA,"<= day","daily",NA,NA,NA
"2001-05-02",711.054,FALSE,NA,NA,"<= day","daily",NA,NA,NA
"2001-05-03",659.742,FALSE,NA,NA,"<= day","daily",NA,NA,NA
"2001-05-04",617.071,FALSE,NA,NA,"<= day","daily",NA,NA,NA
"2001-05-05",567.567,FALSE,NA,NA,"<= day","daily",NA,NA,NA
"2001-05-06",551.662,FALSE,NA,NA,"<= day","daily",NA,NA,NA
"2001-05-07",545.396,FALSE,NA,NA,"<= day","daily",NA,NA,NA
"2001-05-08",527.721,FALSE,NA,NA,"<= day","daily",NA,NA,NA
"2001-05-09",518.55,FALSE,NA,NA,"<= day","daily",NA,NA,NA
"2001-05-10",477.388,FALSE,NA,NA,"<= day","daily",NA,NA,NA
"2001-05-11",439.321,FALSE,NA,NA,"<= day","daily",NA,NA,NA
"2001-05-12",419.025,FALSE,NA,NA,"<= day","daily",NA,NA,NA
"2001-05-13",400.333,FALSE,NA,NA,"<= day","daily",NA,NA,NA
"2001-05-14",384.321,FALSE,NA,NA,"<= day","daily",NA,NA,NA
"2001-05-15",373.804,FALSE,NA,NA,"<= day","daily",NA,NA,NA
"2001-05-16",372.071,FALSE,NA,NA,"<= day","daily",NA,NA,NA
"2001-05-17",353.417,FALSE,NA,NA,"<= day","daily",NA,NA,NA
"2001-05-18",372.804,FALSE,NA,NA,"<= day","daily",NA,NA,NA
"2001-05-19",422.704,FALSE,NA,NA,"<= day","daily",NA,NA,NA
"2001-05-20",365.533,FALSE,NA,NA,"<= day","daily",NA,NA,NA
"2001-05-21",342.571,FALSE,NA,NA,"<= day","daily",NA,NA,NA
"2001-05-22",329.558,FALSE,NA,NA,"<= day","daily",NA,NA,NA
"2001-05-23",314.917,FALSE,NA,NA,"<= day","daily",NA,NA,NA
"2001-05-24",299.292,FALSE,NA,NA,"<= day","daily",NA,NA,NA
"2001-05-25",291.488,FALSE,NA,NA,"<= day","daily",NA,NA,NA
"2001-05-26",283.904,FALSE,NA,NA,"<= day","daily",NA,NA,NA
"2001-05-27",278.279,FALSE,NA,NA,"<= day","daily",NA,NA,NA
"2001-05-28",273.579,FALSE,NA,NA,"<= day","daily",NA,NA,NA
"2001-05-29",268.337,FALSE,NA,NA,"<= day","daily",NA,NA,NA
"2001-05-30",264.021,FALSE,NA,NA,"<= day","daily",NA,NA,NA
"2001-05-31",260.696,FALSE,NA,NA,"<= day","daily",NA,NA,NA
"2001-06-01",258.388,FALSE,NA,NA,"<= day","daily",NA,NA,NA
"2001-06-02",256.308,FALSE,NA,NA,"<= day","daily",NA,NA,NA
"2001-06-03",251.992,FALSE,NA,NA,"<= day","daily",NA,NA,NA
"2001-06-04",246.092,FALSE,NA,NA,"<= day","daily",NA,NA,NA
"2001-06-05",251.312,FALSE,NA,NA,"<= day","daily",NA,NA,NA
"2001-06-06",256.317,FALSE,NA,NA,"<= day","daily",NA,NA,NA
"2001-06-07",278.962,FALSE,NA,NA,"<= day","daily",NA,NA,NA
"2001-06-08",270.208,FALSE,NA,NA,"<= day","daily",NA,NA,NA
"2001-06-09",272.85,FALSE,NA,NA,"<= day","daily",NA,NA,NA
"2001-06-10",262.15,FALSE,NA,NA,"<= day","daily",NA,NA,NA
"2001-06-11",509.808,FALSE,NA,NA,"<= day","daily",NA,NA,NA
"2001-06-12",576.008,FALSE,NA,NA,"<= day","daily",NA,NA,NA
"2001-06-13",415.212,FALSE,NA,NA,"<= day","daily",NA,NA,NA
"2001-06-14",336.888,FALSE,NA,NA,"<= day","daily",NA,NA,NA
"2001-06-15",303.142,FALSE,NA,NA,"<= day","daily",NA,NA,NA
"2001-06-16",287.2,FALSE,NA,NA,"<= day","daily",NA,NA,NA
"2001-06-17",334.908,FALSE,NA,NA,"<= day","daily",NA,NA,NA
"2001-06-18",418.408,FALSE,NA,NA,"<= day","daily",NA,NA,NA
"2001-06-19",652.079,FALSE,NA,NA,"<= day","daily",NA,NA,NA
"2001-06-20",633.362,FALSE,NA,NA,"<= day","daily",NA,NA,NA
"2001-06-21",513.25,FALSE,NA,NA,"<= day","daily",NA,NA,NA
"2001-06-22",428.558,FALSE,NA,NA,"<= day","daily",NA,NA,NA
"2001-06-23",378.4,FALSE,NA,NA,"<= day","daily",NA,NA,NA
"2001-06-24",337.883,FALSE,NA,NA,"<= day","daily",NA,NA,NA
"2001-06-25",311.017,FALSE,NA,NA,"<= day","daily",NA,NA,NA
"2001-06-26",297.754,FALSE,NA,NA,"<= day","daily",NA,NA,NA
"2001-06-27",282.029,FALSE,NA,NA,"<= day","daily",NA,NA,NA
"2001-06-28",270.958,FALSE,NA,NA,"<= day","daily",NA,NA,NA
"2001-06-29",267.8,FALSE,NA,NA,"<= day","daily",NA,NA,NA
"2001-06-30",262.779,FALSE,NA,NA,"<= day","daily",NA,NA,NA
"2001-07-01",255.367,FALSE,NA,NA,"<= day","daily",NA,NA,NA
"2001-07-02",253.958,FALSE,NA,NA,"<= day","daily",NA,NA,NA
"2001-07-03",250.175,FALSE,NA,NA,"<= day","daily",NA,NA,NA
"2001-07-04",246.033,FALSE,NA,NA,"<= day","daily",NA,NA,NA
"2001-07-05",238.8,FALSE,NA,NA,"<= day","daily",NA,NA,NA
"2001-07-06",232.679,FALSE,NA,NA,"<= day","daily",NA,NA,NA
"2001-07-07",231.887,FALSE,NA,NA,"<= day","daily",NA,NA,NA
"2001-07-08",230.296,FALSE,NA,NA,"<= day","daily",NA,NA,NA
"2001-07-09",225.787,FALSE,NA,NA,"<= day","daily",NA,NA,NA
"2001-07-10",220.542,FALSE,NA,NA,"<= day","daily",NA,NA,NA
"2001-07-11",222.333,FALSE,NA,NA,"<= day","daily",NA,NA,NA
"2001-07-12",248.346,FALSE,NA,NA,"<= day","daily",NA,NA,NA
"2001-07-13",231.175,FALSE,NA,NA,"<= day","daily",NA,NA,NA
"2001-07-14",221.887,FALSE,NA,NA,"<= day","daily",NA,NA,NA
"2001-07-15",220.492,FALSE,NA,NA,"<= day","daily",NA,NA,NA
"2001-07-16",215.262,FALSE,NA,NA,"<= day","daily",NA,NA,NA
"2001-07-17",210.113,FALSE,NA,NA,"<= day","daily",NA,NA,NA
"2001-07-18",211.071,FALSE,NA,NA,"<= day","daily",NA,NA,NA
"2001-07-19",209.375,FALSE,NA,NA,"<= day","daily",NA,NA,NA
"2001-07-20",261.992,FALSE,NA,NA,"<= day","daily",NA,NA,NA
"2001-07-21",454.129,FALSE,NA,NA,"<= day","daily",NA,NA,NA
"2001-07-22",397.808,FALSE,NA,NA,"<= day","daily",NA,NA,NA
"2001-07-23",309.433,FALSE,NA,NA,"<= day","daily",NA,NA,NA
"2001-07-24",277.879,FALSE,NA,NA,"<= day","daily",NA,NA,NA
"2001-07-25",356.733,FALSE,NA,NA,"<= day","daily",NA,NA,NA
"2001-07-26",362.746,FALSE,NA,NA,"<= day","daily",NA,NA,NA
"2001-07-27",306.996,FALSE,NA,NA,"<= day","daily",NA,NA,NA
"2001-07-28",267.646,FALSE,NA,NA,"<= day","daily",NA,NA,NA
"2001-07-29",249.812,FALSE,NA,NA,"<= day","daily",NA,NA,NA
"2001-07-30",239.104,FALSE,NA,NA,"<= day","daily",NA,NA,NA
"2001-07-31",232.404,FALSE,NA,NA,"<= day","daily",NA,NA,NA
"2001-08-01",227.804,FALSE,NA,NA,"<= day","daily",NA,NA,NA
"2001-08-02",221.571,FALSE,NA,NA,"<= day","daily",NA,NA,NA
"2001-08-03",212.729,FALSE,NA,NA,"<= day","daily",NA,NA,NA
"2001-08-04",209.15,FALSE,NA,NA,"<= day","daily",NA,NA,NA
"2001-08-05",213.492,FALSE,NA,NA,"<= day","daily",NA,NA,NA
"2001-08-06",209.096,FALSE,NA,NA,"<= day","daily",NA,NA,NA
"2001-08-07",206.958,FALSE,NA,NA,"<= day","daily",NA,NA,NA
"2001-08-08",198.758,FALSE,NA,NA,"<= day","daily",NA,NA,NA
"2001-08-09",196.829,FALSE,NA,NA,"<= day","daily",NA,NA,NA
"2001-08-10",212.429,FALSE,NA,NA,"<= day","daily",NA,NA,NA
"2001-08-11",265.233,FALSE,NA,NA,"<= day","daily",NA,NA,NA
"2001-08-12",215.746,FALSE,NA,NA,"<= day","daily",NA,NA,NA
"2001-08-13",201.846,FALSE,NA,NA,"<= day","daily",NA,NA,NA
"2001-08-14",195.129,FALSE,NA,NA,"<= day","daily",NA,NA,NA
"2001-08-15",191.567,FALSE,NA,NA,"<= day","daily",NA,NA,NA
"2001-08-16",185.146,FALSE,NA,NA,"<= day","daily",NA,NA,NA
"2001-08-17",184.483,FALSE,NA,NA,"<= day","daily",NA,NA,NA
"2001-08-18",182.088,FALSE,NA,NA,"<= day","daily",NA,NA,NA
"2001-08-19",179.254,FALSE,NA,NA,"<= day","daily",NA,NA,NA
"2001-08-20",179.446,FALSE,NA,NA,"<= day","daily",NA,NA,NA
"2001-08-21",194.863,FALSE,NA,NA,"<= day","daily",NA,NA,NA
"2001-08-22",186.975,FALSE,NA,NA,"<= day","daily",NA,NA,NA
"2001-08-23",189.258,FALSE,NA,NA,"<= day","daily",NA,NA,NA
"2001-08-24",226.863,FALSE,NA,NA,"<= day","daily",NA,NA,NA
"2001-08-25",196.792,FALSE,NA,NA,"<= day","daily",NA,NA,NA
"2001-08-26",189.262,FALSE,NA,NA,"<= day","daily",NA,NA,NA
"2001-08-27",179.521,FALSE,NA,NA,"<= day","daily",NA,NA,NA
"2001-08-28",173.083,FALSE,NA,NA,"<= day","daily",NA,NA,NA
"2001-08-29",168.654,FALSE,NA,NA,"<= day","daily",NA,NA,NA
"2001-08-30",166.404,FALSE,NA,NA,"<= day","daily",NA,NA,NA
"2001-08-31",167.296,FALSE,NA,NA,"<= day","daily",NA,NA,NA
"2001-09-01",176.396,FALSE,NA,NA,"<= day","daily",NA,NA,NA
"2001-09-02",181.029,FALSE,NA,NA,"<= day","daily",NA,NA,NA
"2001-09-03",178.896,FALSE,NA,NA,"<= day","daily",NA,NA,NA
"2001-09-04",175.783,FALSE,NA,NA,"<= day","daily",NA,NA,NA
"2001-09-05",367.738,FALSE,NA,NA,"<= day","daily",NA,NA,NA
"2001-09-06",532.179,FALSE,NA,NA,"<= day","daily",NA,NA,NA
"2001-09-07",540.458,FALSE,NA,NA,"<= day","daily",NA,NA,NA
"2001-09-08",516.771,FALSE,NA,NA,"<= day","daily",NA,NA,NA
"2001-09-09",656.179,FALSE,NA,NA,"<= day","daily",NA,NA,NA
"2001-09-10",549.304,FALSE,NA,NA,"<= day","daily",NA,NA,NA
"2001-09-11",448.004,FALSE,NA,NA,"<= day","daily",NA,NA,NA
"2001-09-12",391.554,FALSE,NA,NA,"<= day","daily",NA,NA,NA
"2001-09-13",423.138,FALSE,NA,NA,"<= day","daily",NA,NA,NA
"2001-09-14",395.871,FALSE,NA,NA,"<= day","daily",NA,NA,NA
"2001-09-15",590.237,FALSE,NA,NA,"<= day","daily",NA,NA,NA
"2001-09-16",468.762,FALSE,NA,NA,"<= day","daily",NA,NA,NA
"2001-09-17",485.012,FALSE,NA,NA,"<= day","daily",NA,NA,NA
"2001-09-18",663.812,FALSE,NA,NA,"<= day","daily",NA,NA,NA
"2001-09-19",655.138,FALSE,NA,NA,"<= day","daily",NA,NA,NA
"2001-09-20",612.679,FALSE,NA,NA,"<= day","daily",NA,NA,NA
"2001-09-21",546.733,FALSE,NA,NA,"<= day","daily",NA,NA,NA
"2001-09-22",489.567,FALSE,NA,NA,"<= day","daily",NA,NA,NA
"2001-09-23",427.229,FALSE,NA,NA,"<= day","daily",NA,NA,NA
"2001-09-24",405.725,FALSE,NA,NA,"<= day","daily",NA,NA,NA
"2001-09-25",438.267,FALSE,NA,NA,"<= day","daily",NA,NA,NA
"2001-09-26",480.579,FALSE,NA,NA,"<= day","daily",NA,NA,NA
"2001-09-27",463.025,FALSE,NA,NA,"<= day","daily",NA,NA,NA
"2001-09-28",397.1,FALSE,NA,NA,"<= day","daily",NA,NA,NA
"2001-09-29",357.333,FALSE,NA,NA,"<= day","daily",NA,NA,NA
"2001-09-30",336.054,FALSE,NA,NA,"<= day","daily",NA,NA,NA
"2001-10-01",321.692,FALSE,NA,NA,"<= day","daily",NA,NA,NA
"2001-10-02",305.767,FALSE,NA,NA,"<= day","daily",NA,NA,NA
"2001-10-03",291.558,FALSE,NA,NA,"<= day","daily",NA,NA,NA
"2001-10-04",281.325,FALSE,NA,NA,"<= day","daily",NA,NA,NA
"2001-10-05",263.183,FALSE,NA,NA,"<= day","daily",NA,NA,NA
"2001-10-06",257.442,FALSE,NA,NA,"<= day","daily",NA,NA,NA
"2001-10-07",251.771,FALSE,NA,NA,"<= day","daily",NA,NA,NA
"2001-10-08",245.242,FALSE,NA,NA,"<= day","daily",NA,NA,NA
"2001-10-09",250.708,FALSE,NA,NA,"<= day","daily",NA,NA,NA
"2001-10-10",261.208,FALSE,NA,NA,"<= day","daily",NA,NA,NA
"2001-10-11",251.754,FALSE,NA,NA,"<= day","daily",NA,NA,NA
"2001-10-12",240.304,FALSE,NA,NA,"<= day","daily",NA,NA,NA
"2001-10-13",234.125,FALSE,NA,NA,"<= day","daily",NA,NA,NA
"2001-10-14",224.312,FALSE,NA,NA,"<= day","daily",NA,NA,NA
"2001-10-15",216.758,FALSE,NA,NA,"<= day","daily",NA,NA,NA
"2001-10-16",221.975,FALSE,NA,NA,"<= day","daily",NA,NA,NA
"2001-10-17",215.804,FALSE,NA,NA,"<= day","daily",NA,NA,NA
"2001-10-18",211.108,FALSE,NA,NA,"<= day","daily",NA,NA,NA
"2001-10-19",210.688,FALSE,NA,NA,"<= day","daily",NA,NA,NA
"2001-10-20",199.879,FALSE,NA,NA,"<= day","daily",NA,NA,NA
"2001-10-21",199.338,FALSE,NA,NA,"<= day","daily",NA,NA,NA
"2001-10-22",208.637,FALSE,NA,NA,"<= day","daily",NA,NA,NA
"2001-10-23",208.842,FALSE,NA,NA,"<= day","daily",NA,NA,NA
"2001-10-24",212.546,FALSE,NA,NA,"<= day","daily",NA,NA,NA
"2001-10-25",215.567,FALSE,NA,NA,"<= day","daily",NA,NA,NA
"2001-10-26",208.333,FALSE,NA,NA,"<= day","daily",NA,NA,NA
"2001-10-27",200.021,FALSE,NA,NA,"<= day","daily",NA,NA,NA
"2001-10-28",196.512,FALSE,NA,NA,"<= day","daily",NA,NA,NA
"2001-10-29",200.758,FALSE,NA,NA,"<= day","daily",NA,NA,NA
"2001-10-30",196.829,FALSE,NA,NA,"<= day","daily",NA,NA,NA
"2001-10-31",186.167,FALSE,NA,NA,"<= day","daily",NA,NA,NA
"2001-11-01",196.562,FALSE,NA,NA,"<= day","daily",NA,NA,NA
"2001-11-02",195.9,FALSE,NA,NA,"<= day","daily",NA,NA,NA
"2001-11-03",181.183,FALSE,NA,NA,"<= day","daily",NA,NA,NA
"2001-11-04",172.154,FALSE,NA,NA,"<= day","daily",NA,NA,NA
"2001-11-05",175.104,FALSE,NA,NA,"<= day","daily",NA,NA,NA
"2001-11-06",169.083,FALSE,NA,NA,"<= day","daily",NA,NA,NA
"2001-11-07",168.342,FALSE,NA,NA,"<= day","daily",NA,NA,NA
"2001-11-08",170.387,FALSE,NA,NA,"<= day","daily",NA,NA,NA
"2001-11-09",184.65,FALSE,NA,NA,"<= day","daily",NA,NA,NA
"2001-11-10",186.942,FALSE,NA,NA,"<= day","daily",NA,NA,NA
"2001-11-11",174.863,FALSE,NA,NA,"<= day","daily",NA,NA,NA
"2001-11-12",190.383,FALSE,NA,NA,"<= day","daily",NA,NA,NA
"2001-11-13",203.346,FALSE,NA,NA,"<= day","daily",NA,NA,NA
"2001-11-14",193.779,FALSE,NA,NA,"<= day","daily",NA,NA,NA
"2001-11-15",191.821,FALSE,NA,NA,"<= day","daily",NA,NA,NA
"2001-11-16",181.979,FALSE,NA,NA,"<= day","daily",NA,NA,NA
"2001-11-17",173.458,FALSE,NA,NA,"<= day","daily",NA,NA,NA
"2001-11-18",162.596,FALSE,NA,NA,"<= day","daily",NA,NA,NA
"2001-11-19",163.104,FALSE,NA,NA,"<= day","daily",NA,NA,NA
"2001-11-20",168.417,FALSE,NA,NA,"<= day","daily",NA,NA,NA
"2001-11-21",166.246,FALSE,NA,NA,"<= day","daily",NA,NA,NA
"2001-11-22",157.45,FALSE,NA,NA,"<= day","daily",NA,NA,NA
"2001-11-23",154.213,FALSE,NA,NA,"<= day","daily",NA,NA,NA
"2001-11-24",154.483,FALSE,NA,NA,"<= day","daily",NA,NA,NA
"2001-11-25",152.662,FALSE,NA,NA,"<= day","daily",NA,NA,NA
"2001-11-26",152.367,FALSE,NA,NA,"<= day","daily",NA,NA,NA
"2001-11-27",156.896,FALSE,NA,NA,"<= day","daily",NA,NA,NA
"2001-11-28",158.829,FALSE,NA,NA,"<= day","daily",NA,NA,NA
"2001-11-29",153.7,FALSE,NA,NA,"<= day","daily",NA,NA,NA
"2001-11-30",152.483,FALSE,NA,NA,"<= day","daily",NA,NA,NA
"2001-12-01",156.804,FALSE,NA,NA,"<= day","daily",NA,NA,NA
"2001-12-02",154.658,FALSE,NA,NA,"<= day","daily",NA,NA,NA
"2001-12-03",151.279,FALSE,NA,NA,"<= day","daily",NA,NA,NA
"2001-12-04",149.308,FALSE,NA,NA,"<= day","daily",NA,NA,NA
"2001-12-05",153.4,FALSE,NA,NA,"<= day","daily",NA,NA,NA
"2001-12-06",161.137,FALSE,NA,NA,"<= day","daily",NA,NA,NA
"2001-12-07",176.942,FALSE,NA,NA,"<= day","daily",NA,NA,NA
"2001-12-08",176.363,FALSE,NA,NA,"<= day","daily",NA,NA,NA
"2001-12-09",170.512,FALSE,NA,NA,"<= day","daily",NA,NA,NA
"2001-12-10",159.438,FALSE,NA,NA,"<= day","daily",NA,NA,NA
"2001-12-11",153.6,FALSE,NA,NA,"<= day","daily",NA,NA,NA
"2001-12-12",151.292,FALSE,NA,NA,"<= day","daily",NA,NA,NA
"2001-12-13",158.129,FALSE,NA,NA,"<= day","daily",NA,NA,NA
"2001-12-14",160.7,FALSE,NA,NA,"<= day","daily",NA,NA,NA
"2001-12-15",149.608,FALSE,NA,NA,"<= day","daily",NA,NA,NA
"2001-12-16",145.992,FALSE,NA,NA,"<= day","daily",NA,NA,NA
"2001-12-17",147.762,FALSE,NA,NA,"<= day","daily",NA,NA,NA
"2001-12-18",149.062,FALSE,NA,NA,"<= day","daily",NA,NA,NA
"2001-12-19",144.308,FALSE,NA,NA,"<= day","daily",NA,NA,NA
"2001-12-20",144.371,FALSE,NA,NA,"<= day","daily",NA,NA,NA
"2001-12-21",144.346,FALSE,NA,NA,"<= day","daily",NA,NA,NA
"2001-12-22",138.246,FALSE,NA,NA,"<= day","daily",NA,NA,NA
"2001-12-23",140.25,FALSE,NA,NA,"<= day","daily",NA,NA,NA
"2001-12-24",140.225,FALSE,NA,NA,"<= day","daily",NA,NA,NA
"2001-12-25",137.046,FALSE,NA,NA,"<= day","daily",NA,NA,NA
"2001-12-26",140.229,FALSE,NA,NA,"<= day","daily",NA,NA,NA
"2001-12-27",139.933,FALSE,NA,NA,"<= day","daily",NA,NA,NA
"2001-12-28",133.525,FALSE,NA,NA,"<= day","daily",NA,NA,NA
"2001-12-29",131.404,FALSE,NA,NA,"<= day","daily",NA,NA,NA
"2001-12-30",137.567,FALSE,NA,NA,"<= day","daily",NA,NA,NA
"2001-12-31",139.054,FALSE,NA,NA,"<= day","daily",NA,NA,NA
"2002-01-01",138.863,FALSE,NA,NA,"<= day","daily",NA,NA,NA
"2002-01-02",135.108,FALSE,NA,NA,"<= day","daily",NA,NA,NA
"2002-01-03",140.258,FALSE,NA,NA,"<= day","daily",NA,NA,NA
"2002-01-04",139.283,FALSE,NA,NA,"<= day","daily",NA,NA,NA
"2002-01-05",139.417,FALSE,NA,NA,"<= day","daily",NA,NA,NA
"2002-01-06",134.804,FALSE,NA,NA,"<= day","daily",NA,NA,NA
"2002-01-07",135.454,FALSE,NA,NA,"<= day","daily",NA,NA,NA
"2002-01-08",139.012,FALSE,NA,NA,"<= day","daily",NA,NA,NA
"2002-01-09",138.346,FALSE,NA,NA,"<= day","daily",NA,NA,NA
"2002-01-10",132.367,FALSE,NA,NA,"<= day","daily",NA,NA,NA
"2002-01-11",130.504,FALSE,NA,NA,"<= day","daily",NA,NA,NA
"2002-01-12",129.762,FALSE,NA,NA,"<= day","daily",NA,NA,NA
"2002-01-13",129.4,FALSE,NA,NA,"<= day","daily",NA,NA,NA
"2002-01-14",129.463,FALSE,NA,NA,"<= day","daily",NA,NA,NA
"2002-01-15",128.738,FALSE,NA,NA,"<= day","daily",NA,NA,NA
"2002-01-16",129.346,FALSE,NA,NA,"<= day","daily",NA,NA,NA
"2002-01-17",127.658,FALSE,NA,NA,"<= day","daily",NA,NA,NA
"2002-01-18",126.292,FALSE,NA,NA,"<= day","daily",NA,NA,NA
"2002-01-19",126.292,FALSE,NA,NA,"<= day","daily",NA,NA,NA
"2002-01-20",125.125,FALSE,NA,NA,"<= day","daily",NA,NA,NA
"2002-01-21",145.613,FALSE,NA,NA,"<= day","daily",NA,NA,NA
"2002-01-22",220.596,FALSE,NA,NA,"<= day","daily",NA,NA,NA
"2002-01-23",209.762,FALSE,NA,NA,"<= day","daily",NA,NA,NA
"2002-01-24",185.375,FALSE,NA,NA,"<= day","daily",NA,NA,NA
"2002-01-25",171.713,FALSE,NA,NA,"<= day","daily",NA,NA,NA
"2002-01-26",166.771,FALSE,NA,NA,"<= day","daily",NA,NA,NA
"2002-01-27",167.004,FALSE,NA,NA,"<= day","daily",NA,NA,NA
"2002-01-28",556.421,FALSE,NA,NA,"<= day","daily",NA,NA,NA
"2002-01-29",579.617,FALSE,NA,NA,"<= day","daily",NA,NA,NA
"2002-01-30",430.404,FALSE,NA,NA,"<= day","daily",NA,NA,NA
"2002-01-31",370.942,FALSE,NA,NA,"<= day","daily",NA,NA,NA
"2002-02-01",359.488,FALSE,NA,NA,"<= day","daily",NA,NA,NA
"2002-02-02",341.867,FALSE,NA,NA,"<= day","daily",NA,NA,NA
"2002-02-03",343.046,FALSE,NA,NA,"<= day","daily",NA,NA,NA
"2002-02-04",370.971,FALSE,NA,NA,"<= day","daily",NA,NA,NA
"2002-02-05",358.204,FALSE,NA,NA,"<= day","daily",NA,NA,NA
"2002-02-06",344.167,FALSE,NA,NA,"<= day","daily",NA,NA,NA
"2002-02-07",314.979,FALSE,NA,NA,"<= day","daily",NA,NA,NA
"2002-02-08",286.279,FALSE,NA,NA,"<= day","daily",NA,NA,NA
"2002-02-09",269.833,FALSE,NA,NA,"<= day","daily",NA,NA,NA
"2002-02-10",296.15,FALSE,NA,NA,"<= day","daily",NA,NA,NA
"2002-02-11",302.054,FALSE,NA,NA,"<= day","daily",NA,NA,NA
"2002-02-12",337.754,FALSE,NA,NA,"<= day","daily",NA,NA,NA
"2002-02-13",547.383,FALSE,NA,NA,"<= day","daily",NA,NA,NA
"2002-02-14",550.996,FALSE,NA,NA,"<= day","daily",NA,NA,NA
"2002-02-15",434.438,FALSE,NA,NA,"<= day","daily",NA,NA,NA
"2002-02-16",361.15,FALSE,NA,NA,"<= day","daily",NA,NA,NA
"2002-02-17",325.367,FALSE,NA,NA,"<= day","daily",NA,NA,NA
"2002-02-18",319.829,FALSE,NA,NA,"<= day","daily",NA,NA,NA
"2002-02-19",305.467,FALSE,NA,NA,"<= day","daily",NA,NA,NA
"2002-02-20",283.708,FALSE,NA,NA,"<= day","daily",NA,NA,NA
"2002-02-21",273.354,FALSE,NA,NA,"<= day","daily",NA,NA,NA
"2002-02-22",260.337,FALSE,NA,NA,"<= day","daily",NA,NA,NA
"2002-02-23",250.608,FALSE,NA,NA,"<= day","daily",NA,NA,NA
"2002-02-24",239.204,FALSE,NA,NA,"<= day","daily",NA,NA,NA
"2002-02-25",234.2,FALSE,NA,NA,"<= day","daily",NA,NA,NA
"2002-02-26",236.8,FALSE,NA,NA,"<= day","daily",NA,NA,NA
"2002-02-27",244.896,FALSE,NA,NA,"<= day","daily",NA,NA,NA
"2002-02-28",251.408,FALSE,NA,NA,"<= day","daily",NA,NA,NA
"2002-03-01",247.858,FALSE,NA,NA,"<= day","daily",NA,NA,NA
"2002-03-02",245.662,FALSE,NA,NA,"<= day","daily",NA,NA,NA
"2002-03-03",241.354,FALSE,NA,NA,"<= day","daily",NA,NA,NA
"2002-03-04",235.317,FALSE,NA,NA,"<= day","daily",NA,NA,NA
"2002-03-05",228.1,FALSE,NA,NA,"<= day","daily",NA,NA,NA
"2002-03-06",275.967,FALSE,NA,NA,"<= day","daily",NA,NA,NA
"2002-03-07",429.65,FALSE,NA,NA,"<= day","daily",NA,NA,NA
"2002-03-08",465.529,FALSE,NA,NA,"<= day","daily",NA,NA,NA
"2002-03-09",390.458,FALSE,NA,NA,"<= day","daily",NA,NA,NA
"2002-03-10",360.625,FALSE,NA,NA,"<= day","daily",NA,NA,NA
"2002-03-11",330.046,FALSE,NA,NA,"<= day","daily",NA,NA,NA
"2002-03-12",325.938,FALSE,NA,NA,"<= day","daily",NA,NA,NA
"2002-03-13",342.062,FALSE,NA,NA,"<= day","daily",NA,NA,NA
"2002-03-14",382.329,FALSE,NA,NA,"<= day","daily",NA,NA,NA
"2002-03-15",427.129,FALSE,NA,NA,"<= day","daily",NA,NA,NA
"2002-03-16",445.538,FALSE,NA,NA,"<= day","daily",NA,NA,NA
"2002-03-17",470.546,FALSE,NA,NA,"<= day","daily",NA,NA,NA
"2002-03-18",517.467,FALSE,NA,NA,"<= day","daily",NA,NA,NA
"2002-03-19",517.717,FALSE,NA,NA,"<= day","daily",NA,NA,NA
"2002-03-20",590.925,FALSE,NA,NA,"<= day","daily",NA,NA,NA
"2002-03-21",966.146,FALSE,NA,NA,"<= day","daily",NA,NA,NA
"2002-03-22",1074.725,FALSE,NA,NA,"<= day","daily",NA,NA,NA
"2002-03-23",1015.975,FALSE,NA,NA,"<= day","daily",NA,NA,NA
"2002-03-24",894.471,FALSE,NA,NA,"<= day","daily",NA,NA,NA
"2002-03-25",745.492,FALSE,NA,NA,"<= day","daily",NA,NA,NA
"2002-03-26",613.454,FALSE,NA,NA,"<= day","daily",NA,NA,NA
"2002-03-27",535.812,FALSE,NA,NA,"<= day","daily",NA,NA,NA
"2002-03-28",487.375,FALSE,NA,NA,"<= day","daily",NA,NA,NA
"2002-03-29",462.008,FALSE,NA,NA,"<= day","daily",NA,NA,NA
"2002-03-30",469.192,FALSE,NA,NA,"<= day","daily",NA,NA,NA
"2002-03-31",563.842,FALSE,NA,NA,"<= day","daily",NA,NA,NA
"2002-04-01",623.8,FALSE,NA,NA,"<= day","daily",NA,NA,NA
"2002-04-02",650.983,FALSE,NA,NA,"<= day","daily",NA,NA,NA
"2002-04-03",693.788,FALSE,NA,NA,"<= day","daily",NA,NA,NA
"2002-04-04",689.267,FALSE,NA,NA,"<= day","daily",NA,NA,NA
"2002-04-05",651.896,FALSE,NA,NA,"<= day","daily",NA,NA,NA
"2002-04-06",577.967,FALSE,NA,NA,"<= day","daily",NA,NA,NA
"2002-04-07",511.279,FALSE,NA,NA,"<= day","daily",NA,NA,NA
"2002-04-08",459.375,FALSE,NA,NA,"<= day","daily",NA,NA,NA
"2002-04-09",430.617,FALSE,NA,NA,"<= day","daily",NA,NA,NA
"2002-04-10",414.138,FALSE,NA,NA,"<= day","daily",NA,NA,NA
"2002-04-11",393.579,FALSE,NA,NA,"<= day","daily",NA,NA,NA
"2002-04-12",415.029,FALSE,NA,NA,"<= day","daily",NA,NA,NA
"2002-04-13",557.925,FALSE,NA,NA,"<= day","daily",NA,NA,NA
"2002-04-14",661.621,FALSE,NA,NA,"<= day","daily",NA,NA,NA
"2002-04-15",612.571,FALSE,NA,NA,"<= day","daily",NA,NA,NA
"2002-04-16",529.712,FALSE,NA,NA,"<= day","daily",NA,NA,NA
"2002-04-17",471.25,FALSE,NA,NA,"<= day","daily",NA,NA,NA
"2002-04-18",428.692,FALSE,NA,NA,"<= day","daily",NA,NA,NA
"2002-04-19",461.967,FALSE,NA,NA,"<= day","daily",NA,NA,NA
"2002-04-20",521.942,FALSE,NA,NA,"<= day","daily",NA,NA,NA
"2002-04-21",500.154,FALSE,NA,NA,"<= day","daily",NA,NA,NA
"2002-04-22",550.017,FALSE,NA,NA,"<= day","daily",NA,NA,NA
"2002-04-23",632.367,FALSE,NA,NA,"<= day","daily",NA,NA,NA
"2002-04-24",776.575,FALSE,NA,NA,"<= day","daily",NA,NA,NA
"2002-04-25",845.542,FALSE,NA,NA,"<= day","daily",NA,NA,NA
"2002-04-26",812.746,FALSE,NA,NA,"<= day","daily",NA,NA,NA
"2002-04-27",832.429,FALSE,NA,NA,"<= day","daily",NA,NA,NA
"2002-04-28",779.108,FALSE,NA,NA,"<= day","daily",NA,NA,NA
"2002-04-29",765.967,FALSE,NA,NA,"<= day","daily",NA,NA,NA
"2002-04-30",789.667,FALSE,NA,NA,"<= day","daily",NA,NA,NA
"2002-05-01",789.229,FALSE,NA,NA,"<= day","daily",NA,NA,NA
"2002-05-02",832.35,FALSE,NA,NA,"<= day","daily",NA,NA,NA
"2002-05-03",856.487,FALSE,NA,NA,"<= day","daily",NA,NA,NA
"2002-05-04",874.975,FALSE,NA,NA,"<= day","daily",NA,NA,NA
"2002-05-05",875.621,FALSE,NA,NA,"<= day","daily",NA,NA,NA
"2002-05-06",833.404,FALSE,NA,NA,"<= day","daily",NA,NA,NA
"2002-05-07",765.696,FALSE,NA,NA,"<= day","daily",NA,NA,NA
"2002-05-08",717.129,FALSE,NA,NA,"<= day","daily",NA,NA,NA
"2002-05-09",687.362,FALSE,NA,NA,"<= day","daily",NA,NA,NA
"2002-05-10",665.808,FALSE,NA,NA,"<= day","daily",NA,NA,NA
"2002-05-11",634.492,FALSE,NA,NA,"<= day","daily",NA,NA,NA
"2002-05-12",629.521,FALSE,NA,NA,"<= day","daily",NA,NA,NA
"2002-05-13",777.862,FALSE,NA,NA,"<= day","daily",NA,NA,NA
"2002-05-14",736.646,FALSE,NA,NA,"<= day","daily",NA,NA,NA
"2002-05-15",652.367,FALSE,NA,NA,"<= day","daily",NA,NA,NA
"2002-05-16",584.492,FALSE,NA,NA,"<= day","daily",NA,NA,NA
"2002-05-17",541.133,FALSE,NA,NA,"<= day","daily",NA,NA,NA
"2002-05-18",505.35,FALSE,NA,NA,"<= day","daily",NA,NA,NA
"2002-05-19",481.008,FALSE,NA,NA,"<= day","daily",NA,NA,NA
"2002-05-20",455.042,FALSE,NA,NA,"<= day","daily",NA,NA,NA
"2002-05-21",437.538,FALSE,NA,NA,"<= day","daily",NA,NA,NA
"2002-05-22",426.692,FALSE,NA,NA,"<= day","daily",NA,NA,NA
"2002-05-23",416.479,FALSE,NA,NA,"<= day","daily",NA,NA,NA
"2002-05-24",403.379,FALSE,NA,NA,"<= day","daily",NA,NA,NA
"2002-05-25",383.587,FALSE,NA,NA,"<= day","daily",NA,NA,NA
"2002-05-26",389.254,FALSE,NA,NA,"<= day","daily",NA,NA,NA
"2002-05-27",392.829,FALSE,NA,NA,"<= day","daily",NA,NA,NA
"2002-05-28",383.3,FALSE,NA,NA,"<= day","daily",NA,NA,NA
"2002-05-29",449.038,FALSE,NA,NA,"<= day","daily",NA,NA,NA
"2002-05-30",420.167,FALSE,NA,NA,"<= day","daily",NA,NA,NA
"2002-05-31",379.033,FALSE,NA,NA,"<= day","daily",NA,NA,NA
"2002-06-01",357.558,FALSE,NA,NA,"<= day","daily",NA,NA,NA
"2002-06-02",347.129,FALSE,NA,NA,"<= day","daily",NA,NA,NA
"2002-06-03",336.554,FALSE,NA,NA,"<= day","daily",NA,NA,NA
"2002-06-04",324.946,FALSE,NA,NA,"<= day","daily",NA,NA,NA
"2002-06-05",307.462,FALSE,NA,NA,"<= day","daily",NA,NA,NA
"2002-06-06",302.938,FALSE,NA,NA,"<= day","daily",NA,NA,NA
"2002-06-07",581.496,FALSE,NA,NA,"<= day","daily",NA,NA,NA
"2002-06-08",630.55,FALSE,NA,NA,"<= day","daily",NA,NA,NA
"2002-06-09",481.996,FALSE,NA,NA,"<= day","daily",NA,NA,NA
"2002-06-10",480.804,FALSE,NA,NA,"<= day","daily",NA,NA,NA
"2002-06-11",510.762,FALSE,NA,NA,"<= day","daily",NA,NA,NA
"2002-06-12",428.475,FALSE,NA,NA,"<= day","daily",NA,NA,NA
"2002-06-13",378.508,FALSE,NA,NA,"<= day","daily",NA,NA,NA
"2002-06-14",355.596,FALSE,NA,NA,"<= day","daily",NA,NA,NA
"2002-06-15",337.5,FALSE,NA,NA,"<= day","daily",NA,NA,NA
"2002-06-16",318.204,FALSE,NA,NA,"<= day","daily",NA,NA,NA
"2002-06-17",303.633,FALSE,NA,NA,"<= day","daily",NA,NA,NA
"2002-06-18",295.854,FALSE,NA,NA,"<= day","daily",NA,NA,NA
"2002-06-19",291.112,FALSE,NA,NA,"<= day","daily",NA,NA,NA
"2002-06-20",282.771,FALSE,NA,NA,"<= day","daily",NA,NA,NA
"2002-06-21",277.821,FALSE,NA,NA,"<= day","daily",NA,NA,NA
"2002-06-22",288.654,FALSE,NA,NA,"<= day","daily",NA,NA,NA
"2002-06-23",283.775,FALSE,NA,NA,"<= day","daily",NA,NA,NA
"2002-06-24",284.892,FALSE,NA,NA,"<= day","daily",NA,NA,NA
"2002-06-25",271.371,FALSE,NA,NA,"<= day","daily",NA,NA,NA
"2002-06-26",264.675,FALSE,NA,NA,"<= day","daily",NA,NA,NA
"2002-06-27",256.233,FALSE,NA,NA,"<= day","daily",NA,NA,NA
"2002-06-28",295.471,FALSE,NA,NA,"<= day","daily",NA,NA,NA
"2002-06-29",292.55,FALSE,NA,NA,"<= day","daily",NA,NA,NA
"2002-06-30",272.979,FALSE,NA,NA,"<= day","daily",NA,NA,NA
"2002-07-01",258.738,FALSE,NA,NA,"<= day","daily",NA,NA,NA
"2002-07-02",253.417,FALSE,NA,NA,"<= day","daily",NA,NA,NA
"2002-07-03",251.808,FALSE,NA,NA,"<= day","daily",NA,NA,NA
"2002-07-04",372.292,FALSE,NA,NA,"<= day","daily",NA,NA,NA
"2002-07-05",343.25,FALSE,NA,NA,"<= day","daily",NA,NA,NA
"2002-07-06",288.171,FALSE,NA,NA,"<= day","daily",NA,NA,NA
"2002-07-07",326.521,FALSE,NA,NA,"<= day","daily",NA,NA,NA
"2002-07-08",287.371,FALSE,NA,NA,"<= day","daily",NA,NA,NA
"2002-07-09",265.7,FALSE,NA,NA,"<= day","daily",NA,NA,NA
"2002-07-10",256.8,FALSE,NA,NA,"<= day","daily",NA,NA,NA
"2002-07-11",249.738,FALSE,NA,NA,"<= day","daily",NA,NA,NA
"2002-07-12",243.588,FALSE,NA,NA,"<= day","daily",NA,NA,NA
"2002-07-13",236.167,FALSE,NA,NA,"<= day","daily",NA,NA,NA
"2002-07-14",231.012,FALSE,NA,NA,"<= day","daily",NA,NA,NA
"2002-07-15",231.004,FALSE,NA,NA,"<= day","daily",NA,NA,NA
"2002-07-16",240.658,FALSE,NA,NA,"<= day","daily",NA,NA,NA
"2002-07-17",338.075,FALSE,NA,NA,"<= day","daily",NA,NA,NA
"2002-07-18",390.4,FALSE,NA,NA,"<= day","daily",NA,NA,NA
"2002-07-19",293.054,FALSE,NA,NA,"<= day","daily",NA,NA,NA
"2002-07-20",260.817,FALSE,NA,NA,"<= day","daily",NA,NA,NA
"2002-07-21",246.396,FALSE,NA,NA,"<= day","daily",NA,NA,NA
"2002-07-22",283.704,FALSE,NA,NA,"<= day","daily",NA,NA,NA
"2002-07-23",256.154,FALSE,NA,NA,"<= day","daily",NA,NA,NA
"2002-07-24",246.354,FALSE,NA,NA,"<= day","daily",NA,NA,NA
"2002-07-25",242.933,FALSE,NA,NA,"<= day","daily",NA,NA,NA
"2002-07-26",243.6,FALSE,NA,NA,"<= day","daily",NA,NA,NA
"2002-07-27",247.517,FALSE,NA,NA,"<= day","daily",NA,NA,NA
"2002-07-28",240.642,FALSE,NA,NA,"<= day","daily",NA,NA,NA
"2002-07-29",237.787,FALSE,NA,NA,"<= day","daily",NA,NA,NA
"2002-07-30",237.95,FALSE,NA,NA,"<= day","daily",NA,NA,NA
"2002-07-31",236.7,FALSE,NA,NA,"<= day","daily",NA,NA,NA
"2002-08-01",234.45,FALSE,NA,NA,"<= day","daily",NA,NA,NA
"2002-08-02",227.938,FALSE,NA,NA,"<= day","daily",NA,NA,NA
"2002-08-03",221.713,FALSE,NA,NA,"<= day","daily",NA,NA,NA
"2002-08-04",213.604,FALSE,NA,NA,"<= day","daily",NA,NA,NA
"2002-08-05",209.154,FALSE,NA,NA,"<= day","daily",NA,NA,NA
"2002-08-06",205.738,FALSE,NA,NA,"<= day","daily",NA,NA,NA
"2002-08-07",238.412,FALSE,NA,NA,"<= day","daily",NA,NA,NA
"2002-08-08",409.212,FALSE,NA,NA,"<= day","daily",NA,NA,NA
"2002-08-09",351.9,FALSE,NA,NA,"<= day","daily",NA,NA,NA
"2002-08-10",279.575,FALSE,NA,NA,"<= day","daily",NA,NA,NA
"2002-08-11",356.733,FALSE,NA,NA,"<= day","daily",NA,NA,NA
"2002-08-12",786.025,FALSE,NA,NA,"<= day","daily",NA,NA,NA
"2002-08-13",951.671,FALSE,NA,NA,"<= day","daily",NA,NA,NA
"2002-08-14",907.237,FALSE,NA,NA,"<= day","daily",NA,NA,NA
"2002-08-15",753.654,FALSE,NA,NA,"<= day","daily",NA,NA,NA
"2002-08-16",588.408,FALSE,NA,NA,"<= day","daily",NA,NA,NA
"2002-08-17",488.413,FALSE,NA,NA,"<= day","daily",NA,NA,NA
"2002-08-18",426.108,FALSE,NA,NA,"<= day","daily",NA,NA,NA
"2002-08-19",383.942,FALSE,NA,NA,"<= day","daily",NA,NA,NA
"2002-08-20",358.942,FALSE,NA,NA,"<= day","daily",NA,NA,NA
"2002-08-21",340.858,FALSE,NA,NA,"<= day","daily",NA,NA,NA
"2002-08-22",331.1,FALSE,NA,NA,"<= day","daily",NA,NA,NA
"2002-08-23",325.05,FALSE,NA,NA,"<= day","daily",NA,NA,NA
"2002-08-24",319.896,FALSE,NA,NA,"<= day","daily",NA,NA,NA
"2002-08-25",313.196,FALSE,NA,NA,"<= day","daily",NA,NA,NA
"2002-08-26",291.762,FALSE,NA,NA,"<= day","daily",NA,NA,NA
"2002-08-27",283.95,FALSE,NA,NA,"<= day","daily",NA,NA,NA
"2002-08-28",276.846,FALSE,NA,NA,"<= day","daily",NA,NA,NA
"2002-08-29",269.079,FALSE,NA,NA,"<= day","daily",NA,NA,NA
"2002-08-30",263.875,FALSE,NA,NA,"<= day","daily",NA,NA,NA
"2002-08-31",262.608,FALSE,NA,NA,"<= day","daily",NA,NA,NA
"2002-09-01",258.204,FALSE,NA,NA,"<= day","daily",NA,NA,NA
"2002-09-02",251.95,FALSE,NA,NA,"<= day","daily",NA,NA,NA
"2002-09-03",248.946,FALSE,NA,NA,"<= day","daily",NA,NA,NA
"2002-09-04",246.025,FALSE,NA,NA,"<= day","daily",NA,NA,NA
"2002-09-05",243.167,FALSE,NA,NA,"<= day","daily",NA,NA,NA
"2002-09-06",239.363,FALSE,NA,NA,"<= day","daily",NA,NA,NA
"2002-09-07",235.213,FALSE,NA,NA,"<= day","daily",NA,NA,NA
"2002-09-08",231.375,FALSE,NA,NA,"<= day","daily",NA,NA,NA
"2002-09-09",227.492,FALSE,NA,NA,"<= day","daily",NA,NA,NA
"2002-09-10",224.671,FALSE,NA,NA,"<= day","daily",NA,NA,NA
"2002-09-11",219.588,FALSE,NA,NA,"<= day","daily",NA,NA,NA
"2002-09-12",218.562,FALSE,NA,NA,"<= day","daily",NA,NA,NA
"2002-09-13",217.042,FALSE,NA,NA,"<= day","daily",NA,NA,NA
"2002-09-14",218.879,FALSE,NA,NA,"<= day","daily",NA,NA,NA
"2002-09-15",268.871,FALSE,NA,NA,"<= day","daily",NA,NA,NA
"2002-09-16",325.096,FALSE,NA,NA,"<= day","daily",NA,NA,NA
"2002-09-17",261.325,FALSE,NA,NA,"<= day","daily",NA,NA,NA
"2002-09-18",239.667,FALSE,NA,NA,"<= day","daily",NA,NA,NA
"2002-09-19",225.092,FALSE,NA,NA,"<= day","daily",NA,NA,NA
"2002-09-20",218.842,FALSE,NA,NA,"<= day","daily",NA,NA,NA
"2002-09-21",215.517,FALSE,NA,NA,"<= day","daily",NA,NA,NA
"2002-09-22",217.842,FALSE,NA,NA,"<= day","daily",NA,NA,NA
"2002-09-23",249.537,FALSE,NA,NA,"<= day","daily",NA,NA,NA
"2002-09-24",352.767,FALSE,NA,NA,"<= day","daily",NA,NA,NA
"2002-09-25",335.012,FALSE,NA,NA,"<= day","daily",NA,NA,NA
"2002-09-26",298.442,FALSE,NA,NA,"<= day","daily",NA,NA,NA
"2002-09-27",433.475,FALSE,NA,NA,"<= day","daily",NA,NA,NA
"2002-09-28",502.958,FALSE,NA,NA,"<= day","daily",NA,NA,NA
"2002-09-29",420.579,FALSE,NA,NA,"<= day","daily",NA,NA,NA
"2002-09-30",377.738,FALSE,NA,NA,"<= day","daily",NA,NA,NA
"2002-10-01",344.833,FALSE,NA,NA,"<= day","daily",NA,NA,NA
"2002-10-02",313.654,FALSE,NA,NA,"<= day","daily",NA,NA,NA
"2002-10-03",287.104,FALSE,NA,NA,"<= day","daily",NA,NA,NA
"2002-10-04",275,FALSE,NA,NA,"<= day","daily",NA,NA,NA
"2002-10-05",305.117,FALSE,NA,NA,"<= day","daily",NA,NA,NA
"2002-10-06",277.733,FALSE,NA,NA,"<= day","daily",NA,NA,NA
"2002-10-07",284.404,FALSE,NA,NA,"<= day","daily",NA,NA,NA
"2002-10-08",280.421,FALSE,NA,NA,"<= day","daily",NA,NA,NA
"2002-10-09",260.525,FALSE,NA,NA,"<= day","daily",NA,NA,NA
"2002-10-10",248.992,FALSE,NA,NA,"<= day","daily",NA,NA,NA
"2002-10-11",241.9,FALSE,NA,NA,"<= day","daily",NA,NA,NA
"2002-10-12",360.908,FALSE,NA,NA,"<= day","daily",NA,NA,NA
"2002-10-13",435.413,FALSE,NA,NA,"<= day","daily",NA,NA,NA
"2002-10-14",392.292,FALSE,NA,NA,"<= day","daily",NA,NA,NA
"2002-10-15",334.471,FALSE,NA,NA,"<= day","daily",NA,NA,NA
"2002-10-16",295.754,FALSE,NA,NA,"<= day","daily",NA,NA,NA
"2002-10-17",283.792,FALSE,NA,NA,"<= day","daily",NA,NA,NA
"2002-10-18",583.221,FALSE,NA,NA,"<= day","daily",NA,NA,NA
"2002-10-19",508.062,FALSE,NA,NA,"<= day","daily",NA,NA,NA
"2002-10-20",401.258,FALSE,NA,NA,"<= day","daily",NA,NA,NA
"2002-10-21",359.725,FALSE,NA,NA,"<= day","daily",NA,NA,NA
"2002-10-22",339.508,FALSE,NA,NA,"<= day","daily",NA,NA,NA
"2002-10-23",316.183,FALSE,NA,NA,"<= day","daily",NA,NA,NA
"2002-10-24",329.875,FALSE,NA,NA,"<= day","daily",NA,NA,NA
"2002-10-25",308.854,FALSE,NA,NA,"<= day","daily",NA,NA,NA
"2002-10-26",290.504,FALSE,NA,NA,"<= day","daily",NA,NA,NA
"2002-10-27",279.554,FALSE,NA,NA,"<= day","daily",NA,NA,NA
"2002-10-28",277.796,FALSE,NA,NA,"<= day","daily",NA,NA,NA
"2002-10-29",269.792,FALSE,NA,NA,"<= day","daily",NA,NA,NA
"2002-10-30",272.45,FALSE,NA,NA,"<= day","daily",NA,NA,NA
"2002-10-31",445.846,FALSE,NA,NA,"<= day","daily",NA,NA,NA
"2002-11-01",538.004,FALSE,NA,NA,"<= day","daily",NA,NA,NA
"2002-11-02",469.362,FALSE,NA,NA,"<= day","daily",NA,NA,NA
"2002-11-03",615.883,FALSE,NA,NA,"<= day","daily",NA,NA,NA
"2002-11-04",633.358,FALSE,NA,NA,"<= day","daily",NA,NA,NA
"2002-11-05",607.808,FALSE,NA,NA,"<= day","daily",NA,NA,NA
"2002-11-06",508.862,FALSE,NA,NA,"<= day","daily",NA,NA,NA
"2002-11-07",449.229,FALSE,NA,NA,"<= day","daily",NA,NA,NA
"2002-11-08",402.062,FALSE,NA,NA,"<= day","daily",NA,NA,NA
"2002-11-09",376.962,FALSE,NA,NA,"<= day","daily",NA,NA,NA
"2002-11-10",356.283,FALSE,NA,NA,"<= day","daily",NA,NA,NA
"2002-11-11",442.262,FALSE,NA,NA,"<= day","daily",NA,NA,NA
"2002-11-12",688.642,FALSE,NA,NA,"<= day","daily",NA,NA,NA
"2002-11-13",593.633,FALSE,NA,NA,"<= day","daily",NA,NA,NA
"2002-11-14",564.646,FALSE,NA,NA,"<= day","daily",NA,NA,NA
"2002-11-15",653.25,FALSE,NA,NA,"<= day","daily",NA,NA,NA
"2002-11-16",644.708,FALSE,NA,NA,"<= day","daily",NA,NA,NA
"2002-11-17",567.771,FALSE,NA,NA,"<= day","daily",NA,NA,NA
"2002-11-18",486.242,FALSE,NA,NA,"<= day","daily",NA,NA,NA
"2002-11-19",452.217,FALSE,NA,NA,"<= day","daily",NA,NA,NA
"2002-11-20",415,FALSE,NA,NA,"<= day","daily",NA,NA,NA
"2002-11-21",384.975,FALSE,NA,NA,"<= day","daily",NA,NA,NA
"2002-11-22",371.921,FALSE,NA,NA,"<= day","daily",NA,NA,NA
"2002-11-23",376.138,FALSE,NA,NA,"<= day","daily",NA,NA,NA
"2002-11-24",373.033,FALSE,NA,NA,"<= day","daily",NA,NA,NA
"2002-11-25",404.429,FALSE,NA,NA,"<= day","daily",NA,NA,NA
"2002-11-26",386.7,FALSE,NA,NA,"<= day","daily",NA,NA,NA
"2002-11-27",355.292,FALSE,NA,NA,"<= day","daily",NA,NA,NA
"2002-11-28",334.404,FALSE,NA,NA,"<= day","daily",NA,NA,NA
"2002-11-29",315.85,FALSE,NA,NA,"<= day","daily",NA,NA,NA
"2002-11-30",313.825,FALSE,NA,NA,"<= day","daily",NA,NA,NA
"2002-12-01",313.571,FALSE,NA,NA,"<= day","daily",NA,NA,NA
"2002-12-02",306.275,FALSE,NA,NA,"<= day","daily",NA,NA,NA
"2002-12-03",298.163,FALSE,NA,NA,"<= day","daily",NA,NA,NA
"2002-12-04",291.15,FALSE,NA,NA,"<= day","daily",NA,NA,NA
"2002-12-05",293.575,FALSE,NA,NA,"<= day","daily",NA,NA,NA
"2002-12-06",305.158,FALSE,NA,NA,"<= day","daily",NA,NA,NA
"2002-12-07",299.592,FALSE,NA,NA,"<= day","daily",NA,NA,NA
"2002-12-08",286.829,FALSE,NA,NA,"<= day","daily",NA,NA,NA
"2002-12-09",275.471,FALSE,NA,NA,"<= day","daily",NA,NA,NA
"2002-12-10",266.796,FALSE,NA,NA,"<= day","daily",NA,NA,NA
"2002-12-11",260.392,FALSE,NA,NA,"<= day","daily",NA,NA,NA
"2002-12-12",254.8,FALSE,NA,NA,"<= day","daily",NA,NA,NA
"2002-12-13",250.4,FALSE,NA,NA,"<= day","daily",NA,NA,NA
"2002-12-14",247.121,FALSE,NA,NA,"<= day","daily",NA,NA,NA
"2002-12-15",243.275,FALSE,NA,NA,"<= day","daily",NA,NA,NA
"2002-12-16",237.642,FALSE,NA,NA,"<= day","daily",NA,NA,NA
"2002-12-17",234.429,FALSE,NA,NA,"<= day","daily",NA,NA,NA
"2002-12-18",229.508,FALSE,NA,NA,"<= day","daily",NA,NA,NA
"2002-12-19",224.225,FALSE,NA,NA,"<= day","daily",NA,NA,NA
"2002-12-20",224.312,FALSE,NA,NA,"<= day","daily",NA,NA,NA
"2002-12-21",226.229,FALSE,NA,NA,"<= day","daily",NA,NA,NA
"2002-12-22",233.817,FALSE,NA,NA,"<= day","daily",NA,NA,NA
"2002-12-23",465.608,FALSE,NA,NA,"<= day","daily",NA,NA,NA
"2002-12-24",484.617,FALSE,NA,NA,"<= day","daily",NA,NA,NA
"2002-12-25",367.804,FALSE,NA,NA,"<= day","daily",NA,NA,NA
"2002-12-26",321.383,FALSE,NA,NA,"<= day","daily",NA,NA,NA
"2002-12-27",301.15,FALSE,NA,NA,"<= day","daily",NA,NA,NA
"2002-12-28",286.25,FALSE,NA,NA,"<= day","daily",NA,NA,NA
"2002-12-29",330.862,FALSE,NA,NA,"<= day","daily",NA,NA,NA
"2002-12-30",503.554,FALSE,NA,NA,"<= day","daily",NA,NA,NA
"2002-12-31",750.129,FALSE,NA,NA,"<= day","daily",NA,NA,NA
"2003-01-01",638.233,FALSE,NA,NA,"<= day","daily",NA,NA,NA
"2003-01-02",496.762,FALSE,NA,NA,"<= day","daily",NA,NA,NA
"2003-01-03",439.85,FALSE,NA,NA,"<= day","daily",NA,NA,NA
"2003-01-04",397.525,FALSE,NA,NA,"<= day","daily",NA,NA,NA
"2003-01-05",358.954,FALSE,NA,NA,"<= day","daily",NA,NA,NA
"2003-01-06",331.579,FALSE,NA,NA,"<= day","daily",NA,NA,NA
"2003-01-07",316.642,FALSE,NA,NA,"<= day","daily",NA,NA,NA
"2003-01-08",301.629,FALSE,NA,NA,"<= day","daily",NA,NA,NA
"2003-01-09",291.229,FALSE,NA,NA,"<= day","daily",NA,NA,NA
"2003-01-10",280.329,FALSE,NA,NA,"<= day","daily",NA,NA,NA
"2003-01-11",265.925,FALSE,NA,NA,"<= day","daily",NA,NA,NA
"2003-01-12",256.65,FALSE,NA,NA,"<= day","daily",NA,NA,NA
"2003-01-13",252.842,FALSE,NA,NA,"<= day","daily",NA,NA,NA
"2003-01-14",248.542,FALSE,NA,NA,"<= day","daily",NA,NA,NA
"2003-01-15",244.7,FALSE,NA,NA,"<= day","daily",NA,NA,NA
"2003-01-16",243.196,FALSE,NA,NA,"<= day","daily",NA,NA,NA
"2003-01-17",237.967,FALSE,NA,NA,"<= day","daily",NA,NA,NA
"2003-01-18",233.787,FALSE,NA,NA,"<= day","daily",NA,NA,NA
"2003-01-19",230.35,FALSE,NA,NA,"<= day","daily",NA,NA,NA
"2003-01-20",227.292,FALSE,NA,NA,"<= day","daily",NA,NA,NA
"2003-01-21",226.287,FALSE,NA,NA,"<= day","daily",NA,NA,NA
"2003-01-22",225.142,FALSE,NA,NA,"<= day","daily",NA,NA,NA
"2003-01-23",221.738,FALSE,NA,NA,"<= day","daily",NA,NA,NA
"2003-01-24",215.113,FALSE,NA,NA,"<= day","daily",NA,NA,NA
"2003-01-25",211.346,FALSE,NA,NA,"<= day","daily",NA,NA,NA
"2003-01-26",211.946,FALSE,NA,NA,"<= day","daily",NA,NA,NA
"2003-01-27",214.167,FALSE,NA,NA,"<= day","daily",NA,NA,NA
"2003-01-28",248.371,FALSE,NA,NA,"<= day","daily",NA,NA,NA
"2003-01-29",263.917,FALSE,NA,NA,"<= day","daily",NA,NA,NA
"2003-01-30",247.467,FALSE,NA,NA,"<= day","daily",NA,NA,NA
"2003-01-31",237.479,FALSE,NA,NA,"<= day","daily",NA,NA,NA
"2003-02-01",225.358,FALSE,NA,NA,"<= day","daily",NA,NA,NA
"2003-02-02",216.4,FALSE,NA,NA,"<= day","daily",NA,NA,NA
"2003-02-03",213.367,FALSE,NA,NA,"<= day","daily",NA,NA,NA
"2003-02-04",213.796,FALSE,NA,NA,"<= day","daily",NA,NA,NA
"2003-02-05",211.096,FALSE,NA,NA,"<= day","daily",NA,NA,NA
"2003-02-06",204.275,FALSE,NA,NA,"<= day","daily",NA,NA,NA
"2003-02-07",198.863,FALSE,NA,NA,"<= day","daily",NA,NA,NA
"2003-02-08",196.95,FALSE,NA,NA,"<= day","daily",NA,NA,NA
"2003-02-09",194.992,FALSE,NA,NA,"<= day","daily",NA,NA,NA
"2003-02-10",193.579,FALSE,NA,NA,"<= day","daily",NA,NA,NA
"2003-02-11",191.775,FALSE,NA,NA,"<= day","daily",NA,NA,NA
"2003-02-12",189.479,FALSE,NA,NA,"<= day","daily",NA,NA,NA
"2003-02-13",187.396,FALSE,NA,NA,"<= day","daily",NA,NA,NA
"2003-02-14",186.446,FALSE,NA,NA,"<= day","daily",NA,NA,NA
"2003-02-15",183.812,FALSE,NA,NA,"<= day","daily",NA,NA,NA
"2003-02-16",180.871,FALSE,NA,NA,"<= day","daily",NA,NA,NA
"2003-02-17",177.963,FALSE,NA,NA,"<= day","daily",NA,NA,NA
"2003-02-18",177.392,FALSE,NA,NA,"<= day","daily",NA,NA,NA
"2003-02-19",177.604,FALSE,NA,NA,"<= day","daily",NA,NA,NA
"2003-02-20",178.363,FALSE,NA,NA,"<= day","daily",NA,NA,NA
"2003-02-21",176.417,FALSE,NA,NA,"<= day","daily",NA,NA,NA
"2003-02-22",173.842,FALSE,NA,NA,"<= day","daily",NA,NA,NA
"2003-02-23",171.917,FALSE,NA,NA,"<= day","daily",NA,NA,NA
"2003-02-24",169.179,FALSE,NA,NA,"<= day","daily",NA,NA,NA
"2003-02-25",169.946,FALSE,NA,NA,"<= day","daily",NA,NA,NA
"2003-02-26",170.883,FALSE,NA,NA,"<= day","daily",NA,NA,NA
"2003-02-27",173.192,FALSE,NA,NA,"<= day","daily",NA,NA,NA
"2003-02-28",175.408,FALSE,NA,NA,"<= day","daily",NA,NA,NA
"2003-03-01",175.625,FALSE,NA,NA,"<= day","daily",NA,NA,NA
"2003-03-02",173.821,FALSE,NA,NA,"<= day","daily",NA,NA,NA
"2003-03-03",174.067,FALSE,NA,NA,"<= day","daily",NA,NA,NA
"2003-03-04",170.475,FALSE,NA,NA,"<= day","daily",NA,NA,NA
"2003-03-05",168.679,FALSE,NA,NA,"<= day","daily",NA,NA,NA
"2003-03-06",170.692,FALSE,NA,NA,"<= day","daily",NA,NA,NA
"2003-03-07",168.938,FALSE,NA,NA,"<= day","daily",NA,NA,NA
"2003-03-08",167.363,FALSE,NA,NA,"<= day","daily",NA,NA,NA
"2003-03-09",166.579,FALSE,NA,NA,"<= day","daily",NA,NA,NA
"2003-03-10",172.908,FALSE,NA,NA,"<= day","daily",NA,NA,NA
"2003-03-11",189.608,FALSE,NA,NA,"<= day","daily",NA,NA,NA
"2003-03-12",262.292,FALSE,NA,NA,"<= day","daily",NA,NA,NA
"2003-03-13",315.029,FALSE,NA,NA,"<= day","daily",NA,NA,NA
"2003-03-14",255.271,FALSE,NA,NA,"<= day","daily",NA,NA,NA
"2003-03-15",224.363,FALSE,NA,NA,"<= day","daily",NA,NA,NA
"2003-03-16",202.287,FALSE,NA,NA,"<= day","daily",NA,NA,NA
"2003-03-17",193,FALSE,NA,NA,"<= day","daily",NA,NA,NA
"2003-03-18",190.567,FALSE,NA,NA,"<= day","daily",NA,NA,NA
"2003-03-19",190.579,FALSE,NA,NA,"<= day","daily",NA,NA,NA
"2003-03-20",192.342,FALSE,NA,NA,"<= day","daily",NA,NA,NA
"2003-03-21",196.812,FALSE,NA,NA,"<= day","daily",NA,NA,NA
"2003-03-22",199.292,FALSE,NA,NA,"<= day","daily",NA,NA,NA
"2003-03-23",197.917,FALSE,NA,NA,"<= day","daily",NA,NA,NA
"2003-03-24",210.042,FALSE,NA,NA,"<= day","daily",NA,NA,NA
"2003-03-25",257.988,FALSE,NA,NA,"<= day","daily",NA,NA,NA
"2003-03-26",319.913,FALSE,NA,NA,"<= day","daily",NA,NA,NA
"2003-03-27",382.217,FALSE,NA,NA,"<= day","daily",NA,NA,NA
"2003-03-28",439.925,FALSE,NA,NA,"<= day","daily",NA,NA,NA
"2003-03-29",448.442,FALSE,NA,NA,"<= day","daily",NA,NA,NA
"2003-03-30",460.079,FALSE,NA,NA,"<= day","daily",NA,NA,NA
"2003-03-31",563.533,FALSE,NA,NA,"<= day","daily",NA,NA,NA
"2003-04-01",526.133,FALSE,NA,NA,"<= day","daily",NA,NA,NA
"2003-04-02",429.788,FALSE,NA,NA,"<= day","daily",NA,NA,NA
"2003-04-03",350.175,FALSE,NA,NA,"<= day","daily",NA,NA,NA
"2003-04-04",305.212,FALSE,NA,NA,"<= day","daily",NA,NA,NA
"2003-04-05",280.354,FALSE,NA,NA,"<= day","daily",NA,NA,NA
"2003-04-06",264.55,FALSE,NA,NA,"<= day","daily",NA,NA,NA
"2003-04-07",254.625,FALSE,NA,NA,"<= day","daily",NA,NA,NA
"2003-04-08",243.292,FALSE,NA,NA,"<= day","daily",NA,NA,NA
"2003-04-09",241.758,FALSE,NA,NA,"<= day","daily",NA,NA,NA
"2003-04-10",238.946,FALSE,NA,NA,"<= day","daily",NA,NA,NA
"2003-04-11",235.692,FALSE,NA,NA,"<= day","daily",NA,NA,NA
"2003-04-12",234.083,FALSE,NA,NA,"<= day","daily",NA,NA,NA
"2003-04-13",237.808,FALSE,NA,NA,"<= day","daily",NA,NA,NA
"2003-04-14",293.904,FALSE,NA,NA,"<= day","daily",NA,NA,NA
"2003-04-15",436.725,FALSE,NA,NA,"<= day","daily",NA,NA,NA
"2003-04-16",534.792,FALSE,NA,NA,"<= day","daily",NA,NA,NA
"2003-04-17",548.783,FALSE,NA,NA,"<= day","daily",NA,NA,NA
"2003-04-18",490.846,FALSE,NA,NA,"<= day","daily",NA,NA,NA
"2003-04-19",428.004,FALSE,NA,NA,"<= day","daily",NA,NA,NA
"2003-04-20",406.742,FALSE,NA,NA,"<= day","daily",NA,NA,NA
"2003-04-21",506.775,FALSE,NA,NA,"<= day","daily",NA,NA,NA
"2003-04-22",511.4,FALSE,NA,NA,"<= day","daily",NA,NA,NA
"2003-04-23",514.275,FALSE,NA,NA,"<= day","daily",NA,NA,NA
"2003-04-24",534.208,FALSE,NA,NA,"<= day","daily",NA,NA,NA
"2003-04-25",519.788,FALSE,NA,NA,"<= day","daily",NA,NA,NA
"2003-04-26",559.275,FALSE,NA,NA,"<= day","daily",NA,NA,NA
"2003-04-27",664.412,FALSE,NA,NA,"<= day","daily",NA,NA,NA
"2003-04-28",662.233,FALSE,NA,NA,"<= day","daily",NA,NA,NA
"2003-04-29",663.158,FALSE,NA,NA,"<= day","daily",NA,NA,NA
"2003-04-30",692.412,FALSE,NA,NA,"<= day","daily",NA,NA,NA
"2003-05-01",701.162,FALSE,NA,NA,"<= day","daily",NA,NA,NA
"2003-05-02",656.075,FALSE,NA,NA,"<= day","daily",NA,NA,NA
"2003-05-03",621.267,FALSE,NA,NA,"<= day","daily",NA,NA,NA
"2003-05-04",569.962,FALSE,NA,NA,"<= day","daily",NA,NA,NA
"2003-05-05",529.333,FALSE,NA,NA,"<= day","daily",NA,NA,NA
"2003-05-06",516.646,FALSE,NA,NA,"<= day","daily",NA,NA,NA
"2003-05-07",496.337,FALSE,NA,NA,"<= day","daily",NA,NA,NA
"2003-05-08",463.279,FALSE,NA,NA,"<= day","daily",NA,NA,NA
"2003-05-09",430.592,FALSE,NA,NA,"<= day","daily",NA,NA,NA
"2003-05-10",405.375,FALSE,NA,NA,"<= day","daily",NA,NA,NA
"2003-05-11",377.458,FALSE,NA,NA,"<= day","daily",NA,NA,NA
"2003-05-12",382.454,FALSE,NA,NA,"<= day","daily",NA,NA,NA
"2003-05-13",372.308,FALSE,NA,NA,"<= day","daily",NA,NA,NA
"2003-05-14",400.317,FALSE,NA,NA,"<= day","daily",NA,NA,NA
"2003-05-15",395.142,FALSE,NA,NA,"<= day","daily",NA,NA,NA
"2003-05-16",405.296,FALSE,NA,NA,"<= day","daily",NA,NA,NA
"2003-05-17",384.262,FALSE,NA,NA,"<= day","daily",NA,NA,NA
"2003-05-18",347.638,FALSE,NA,NA,"<= day","daily",NA,NA,NA
"2003-05-19",321.612,FALSE,NA,NA,"<= day","daily",NA,NA,NA
"2003-05-20",343.175,FALSE,NA,NA,"<= day","daily",NA,NA,NA
"2003-05-21",513.092,FALSE,NA,NA,"<= day","daily",NA,NA,NA
"2003-05-22",539.029,FALSE,NA,NA,"<= day","daily",NA,NA,NA
"2003-05-23",456.438,FALSE,NA,NA,"<= day","daily",NA,NA,NA
"2003-05-24",388.171,FALSE,NA,NA,"<= day","daily",NA,NA,NA
"2003-05-25",351.5,FALSE,NA,NA,"<= day","daily",NA,NA,NA
"2003-05-26",320.654,FALSE,NA,NA,"<= day","daily",NA,NA,NA
"2003-05-27",300.062,FALSE,NA,NA,"<= day","daily",NA,NA,NA
"2003-05-28",286.038,FALSE,NA,NA,"<= day","daily",NA,NA,NA
"2003-05-29",276.821,FALSE,NA,NA,"<= day","daily",NA,NA,NA
"2003-05-30",265.8,FALSE,NA,NA,"<= day","daily",NA,NA,NA
"2003-05-31",274.692,FALSE,NA,NA,"<= day","daily",NA,NA,NA
"2003-06-01",330.133,FALSE,NA,NA,"<= day","daily",NA,NA,NA
"2003-06-02",300.642,FALSE,NA,NA,"<= day","daily",NA,NA,NA
"2003-06-03",325.029,FALSE,NA,NA,"<= day","daily",NA,NA,NA
"2003-06-04",279.429,FALSE,NA,NA,"<= day","daily",NA,NA,NA
"2003-06-05",257.554,FALSE,NA,NA,"<= day","daily",NA,NA,NA
"2003-06-06",251.088,FALSE,NA,NA,"<= day","daily",NA,NA,NA
"2003-06-07",247.642,FALSE,NA,NA,"<= day","daily",NA,NA,NA
"2003-06-08",244.717,FALSE,NA,NA,"<= day","daily",NA,NA,NA
"2003-06-09",237.267,FALSE,NA,NA,"<= day","daily",NA,NA,NA
"2003-06-10",232.608,FALSE,NA,NA,"<= day","daily",NA,NA,NA
"2003-06-11",227.604,FALSE,NA,NA,"<= day","daily",NA,NA,NA
"2003-06-12",223.825,FALSE,NA,NA,"<= day","daily",NA,NA,NA
"2003-06-13",219.379,FALSE,NA,NA,"<= day","daily",NA,NA,NA
"2003-06-14",221.992,FALSE,NA,NA,"<= day","daily",NA,NA,NA
"2003-06-15",274.525,FALSE,NA,NA,"<= day","daily",NA,NA,NA
"2003-06-16",244.983,FALSE,NA,NA,"<= day","daily",NA,NA,NA
"2003-06-17",225.433,FALSE,NA,NA,"<= day","daily",NA,NA,NA
"2003-06-18",219.183,FALSE,NA,NA,"<= day","daily",NA,NA,NA
"2003-06-19",234.767,FALSE,NA,NA,"<= day","daily",NA,NA,NA
"2003-06-20",232.104,FALSE,NA,NA,"<= day","daily",NA,NA,NA
"2003-06-21",253.113,FALSE,NA,NA,"<= day","daily",NA,NA,NA
"2003-06-22",235.242,FALSE,NA,NA,"<= day","daily",NA,NA,NA
"2003-06-23",222.492,FALSE,NA,NA,"<= day","daily",NA,NA,NA
"2003-06-24",212.537,FALSE,NA,NA,"<= day","daily",NA,NA,NA
"2003-06-25",203.458,FALSE,NA,NA,"<= day","daily",NA,NA,NA
"2003-06-26",201.254,FALSE,NA,NA,"<= day","daily",NA,NA,NA
"2003-06-27",198.683,FALSE,NA,NA,"<= day","daily",NA,NA,NA
"2003-06-28",197.471,FALSE,NA,NA,"<= day","daily",NA,NA,NA
"2003-06-29",194.929,FALSE,NA,NA,"<= day","daily",NA,NA,NA
"2003-06-30",193.779,FALSE,NA,NA,"<= day","daily",NA,NA,NA
"2003-07-01",191.092,FALSE,NA,NA,"<= day","daily",NA,NA,NA
"2003-07-02",189.217,FALSE,NA,NA,"<= day","daily",NA,NA,NA
"2003-07-03",230.654,FALSE,NA,NA,"<= day","daily",NA,NA,NA
"2003-07-04",202.171,FALSE,NA,NA,"<= day","daily",NA,NA,NA
"2003-07-05",190.033,FALSE,NA,NA,"<= day","daily",NA,NA,NA
"2003-07-06",184.367,FALSE,NA,NA,"<= day","daily",NA,NA,NA
"2003-07-07",180.404,FALSE,NA,NA,"<= day","daily",NA,NA,NA
"2003-07-08",176.496,FALSE,NA,NA,"<= day","daily",NA,NA,NA
"2003-07-09",173.375,FALSE,NA,NA,"<= day","daily",NA,NA,NA
"2003-07-10",174.442,FALSE,NA,NA,"<= day","daily",NA,NA,NA
"2003-07-11",171.075,FALSE,NA,NA,"<= day","daily",NA,NA,NA
"2003-07-12",166.821,FALSE,NA,NA,"<= day","daily",NA,NA,NA
"2003-07-13",166.896,FALSE,NA,NA,"<= day","daily",NA,NA,NA
"2003-07-14",166.729,FALSE,NA,NA,"<= day","daily",NA,NA,NA
"2003-07-15",166.942,FALSE,NA,NA,"<= day","daily",NA,NA,NA
"2003-07-16",166.808,FALSE,NA,NA,"<= day","daily",NA,NA,NA
"2003-07-17",178.683,FALSE,NA,NA,"<= day","daily",NA,NA,NA
"2003-07-18",256.254,FALSE,NA,NA,"<= day","daily",NA,NA,NA
"2003-07-19",194.287,FALSE,NA,NA,"<= day","daily",NA,NA,NA
"2003-07-20",181.633,FALSE,NA,NA,"<= day","daily",NA,NA,NA
"2003-07-21",174.125,FALSE,NA,NA,"<= day","daily",NA,NA,NA
"2003-07-22",171.863,FALSE,NA,NA,"<= day","daily",NA,NA,NA
"2003-07-23",169.95,FALSE,NA,NA,"<= day","daily",NA,NA,NA
"2003-07-24",166.242,FALSE,NA,NA,"<= day","daily",NA,NA,NA
"2003-07-25",165.804,FALSE,NA,NA,"<= day","daily",NA,NA,NA
"2003-07-26",163.104,FALSE,NA,NA,"<= day","daily",NA,NA,NA
"2003-07-27",161.271,FALSE,NA,NA,"<= day","daily",NA,NA,NA
"2003-07-28",159.458,FALSE,NA,NA,"<= day","daily",NA,NA,NA
"2003-07-29",175.771,FALSE,NA,NA,"<= day","daily",NA,NA,NA
"2003-07-30",167.246,FALSE,NA,NA,"<= day","daily",NA,NA,NA
"2003-07-31",169.479,FALSE,NA,NA,"<= day","daily",NA,NA,NA
"2003-08-01",250.129,FALSE,NA,NA,"<= day","daily",NA,NA,NA
"2003-08-02",204.008,FALSE,NA,NA,"<= day","daily",NA,NA,NA
"2003-08-03",183.175,FALSE,NA,NA,"<= day","daily",NA,NA,NA
"2003-08-04",172.471,FALSE,NA,NA,"<= day","daily",NA,NA,NA
"2003-08-05",167.121,FALSE,NA,NA,"<= day","daily",NA,NA,NA
"2003-08-06",162.854,FALSE,NA,NA,"<= day","daily",NA,NA,NA
"2003-08-07",159.067,FALSE,NA,NA,"<= day","daily",NA,NA,NA
"2003-08-08",154.6,FALSE,NA,NA,"<= day","daily",NA,NA,NA
"2003-08-09",152.238,FALSE,NA,NA,"<= day","daily",NA,NA,NA
"2003-08-10",150.554,FALSE,NA,NA,"<= day","daily",NA,NA,NA
"2003-08-11",148.096,FALSE,NA,NA,"<= day","daily",NA,NA,NA
"2003-08-12",145.458,FALSE,NA,NA,"<= day","daily",NA,NA,NA
"2003-08-13",140.958,FALSE,NA,NA,"<= day","daily",NA,NA,NA
"2003-08-14",139.083,FALSE,NA,NA,"<= day","daily",NA,NA,NA
"2003-08-15",140.308,FALSE,NA,NA,"<= day","daily",NA,NA,NA
"2003-08-16",141.942,FALSE,NA,NA,"<= day","daily",NA,NA,NA
"2003-08-17",139.971,FALSE,NA,NA,"<= day","daily",NA,NA,NA
"2003-08-18",148.887,FALSE,NA,NA,"<= day","daily",NA,NA,NA
"2003-08-19",155.996,FALSE,NA,NA,"<= day","daily",NA,NA,NA
"2003-08-20",137.696,FALSE,NA,NA,"<= day","daily",NA,NA,NA
"2003-08-21",135.804,FALSE,NA,NA,"<= day","daily",NA,NA,NA
"2003-08-22",137.017,FALSE,NA,NA,"<= day","daily",NA,NA,NA
"2003-08-23",137.183,FALSE,NA,NA,"<= day","daily",NA,NA,NA
"2003-08-24",134.596,FALSE,NA,NA,"<= day","daily",NA,NA,NA
"2003-08-25",133.075,FALSE,NA,NA,"<= day","daily",NA,NA,NA
"2003-10-08",244.708,FALSE,NA,NA,"<= day","daily",NA,NA,NA
"2003-10-09",287.408,FALSE,NA,NA,"<= day","daily",NA,NA,NA
"2003-10-10",586.142,FALSE,NA,NA,"<= day","daily",NA,NA,NA
"2003-10-11",682.525,FALSE,NA,NA,"<= day","daily",NA,NA,NA
"2003-10-12",602.7,FALSE,NA,NA,"<= day","daily",NA,NA,NA
"2003-10-13",478.558,FALSE,NA,NA,"<= day","daily",NA,NA,NA
"2003-10-14",376.479,FALSE,NA,NA,"<= day","daily",NA,NA,NA
"2003-10-15",313.183,FALSE,NA,NA,"<= day","daily",NA,NA,NA
"2003-10-16",276.258,FALSE,NA,NA,"<= day","daily",NA,NA,NA
"2003-10-17",249.3,FALSE,NA,NA,"<= day","daily",NA,NA,NA
"2003-10-18",226.825,FALSE,NA,NA,"<= day","daily",NA,NA,NA
"2003-10-19",211.667,FALSE,NA,NA,"<= day","daily",NA,NA,NA
"2003-10-20",201.2,FALSE,NA,NA,"<= day","daily",NA,NA,NA
"2003-10-21",206.492,FALSE,NA,NA,"<= day","daily",NA,NA,NA
"2003-10-22",202.408,FALSE,NA,NA,"<= day","daily",NA,NA,NA
"2003-10-23",189.767,FALSE,NA,NA,"<= day","daily",NA,NA,NA
"2003-10-24",190.717,FALSE,NA,NA,"<= day","daily",NA,NA,NA
"2003-10-25",187.683,FALSE,NA,NA,"<= day","daily",NA,NA,NA
"2003-10-26",181.329,FALSE,NA,NA,"<= day","daily",NA,NA,NA
"2003-10-27",183.329,FALSE,NA,NA,"<= day","daily",NA,NA,NA
"2003-10-28",177.729,FALSE,NA,NA,"<= day","daily",NA,NA,NA
"2003-10-29",162.271,FALSE,NA,NA,"<= day","daily",NA,NA,NA
"2003-10-30",162.146,FALSE,NA,NA,"<= day","daily",NA,NA,NA
"2003-10-31",170.104,FALSE,NA,NA,"<= day","daily",NA,NA,NA
"2003-11-01",259.042,FALSE,NA,NA,"<= day","daily",NA,NA,NA
"2003-11-02",431.883,FALSE,NA,NA,"<= day","daily",NA,NA,NA
"2003-11-03",377.604,FALSE,NA,NA,"<= day","daily",NA,NA,NA
"2003-11-04",327.433,FALSE,NA,NA,"<= day","daily",NA,NA,NA
"2003-11-05",284.762,FALSE,NA,NA,"<= day","daily",NA,NA,NA
"2003-11-06",245.262,FALSE,NA,NA,"<= day","daily",NA,NA,NA
"2003-11-07",226.188,FALSE,NA,NA,"<= day","daily",NA,NA,NA
"2003-11-08",211.721,FALSE,NA,NA,"<= day","daily",NA,NA,NA
"2003-11-09",204.525,FALSE,NA,NA,"<= day","daily",NA,NA,NA
"2003-11-10",202.829,FALSE,NA,NA,"<= day","daily",NA,NA,NA
"2003-11-11",197.475,FALSE,NA,NA,"<= day","daily",NA,NA,NA
"2003-11-12",189.329,FALSE,NA,NA,"<= day","daily",NA,NA,NA
"2003-11-13",186.379,FALSE,NA,NA,"<= day","daily",NA,NA,NA
"2003-11-14",181.35,FALSE,NA,NA,"<= day","daily",NA,NA,NA
"2003-11-15",171.562,FALSE,NA,NA,"<= day","daily",NA,NA,NA
"2003-11-16",167.35,FALSE,NA,NA,"<= day","daily",NA,NA,NA
"2003-11-17",171.254,FALSE,NA,NA,"<= day","daily",NA,NA,NA
"2003-11-18",167.183,FALSE,NA,NA,"<= day","daily",NA,NA,NA
"2003-11-19",166.662,FALSE,NA,NA,"<= day","daily",NA,NA,NA
"2003-11-20",165.746,FALSE,NA,NA,"<= day","daily",NA,NA,NA
"2003-11-21",161.517,FALSE,NA,NA,"<= day","daily",NA,NA,NA
"2003-11-22",157.646,FALSE,NA,NA,"<= day","daily",NA,NA,NA
"2003-11-23",154.042,FALSE,NA,NA,"<= day","daily",NA,NA,NA
"2003-11-24",149.113,FALSE,NA,NA,"<= day","daily",NA,NA,NA
"2003-11-25",150.079,FALSE,NA,NA,"<= day","daily",NA,NA,NA
"2003-11-26",144.929,FALSE,NA,NA,"<= day","daily",NA,NA,NA
"2003-11-27",144.175,FALSE,NA,NA,"<= day","daily",NA,NA,NA
"2003-11-28",149.204,FALSE,NA,NA,"<= day","daily",NA,NA,NA
"2003-11-29",167.162,FALSE,NA,NA,"<= day","daily",NA,NA,NA
"2003-11-30",162.696,FALSE,NA,NA,"<= day","daily",NA,NA,NA
"2003-12-01",157.196,FALSE,NA,NA,"<= day","daily",NA,NA,NA
"2003-12-02",163.033,FALSE,NA,NA,"<= day","daily",NA,NA,NA
"2003-12-03",170.383,FALSE,NA,NA,"<= day","daily",NA,NA,NA
"2003-12-04",153.933,FALSE,NA,NA,"<= day","daily",NA,NA,NA
"2003-12-05",141.796,FALSE,NA,NA,"<= day","daily",NA,NA,NA
"2003-12-06",133.554,FALSE,NA,NA,"<= day","daily",NA,NA,NA
"2003-12-07",142.162,FALSE,NA,NA,"<= day","daily",NA,NA,NA
"2003-12-08",134.846,FALSE,NA,NA,"<= day","daily",NA,NA,NA
"2003-12-09",129.192,FALSE,NA,NA,"<= day","daily",NA,NA,NA
"2003-12-10",128.108,FALSE,NA,NA,"<= day","daily",NA,NA,NA
"2003-12-11",125.121,FALSE,NA,NA,"<= day","daily",NA,NA,NA
"2003-12-12",126.992,FALSE,NA,NA,"<= day","daily",NA,NA,NA
"2003-12-13",123.525,FALSE,NA,NA,"<= day","daily",NA,NA,NA
"2003-12-14",118.979,FALSE,NA,NA,"<= day","daily",NA,NA,NA
"2003-12-15",126.85,FALSE,NA,NA,"<= day","daily",NA,NA,NA
"2003-12-16",130.358,FALSE,NA,NA,"<= day","daily",NA,NA,NA
"2003-12-17",133.25,FALSE,NA,NA,"<= day","daily",NA,NA,NA
"2003-12-18",130.042,FALSE,NA,NA,"<= day","daily",NA,NA,NA
"2003-12-19",127.071,FALSE,NA,NA,"<= day","daily",NA,NA,NA
"2003-12-20",126.838,FALSE,NA,NA,"<= day","daily",NA,NA,NA
"2003-12-21",120.312,FALSE,NA,NA,"<= day","daily",NA,NA,NA
"2003-12-22",124.079,FALSE,NA,NA,"<= day","daily",NA,NA,NA
"2003-12-23",129.808,FALSE,NA,NA,"<= day","daily",NA,NA,NA
"2003-12-24",133.679,FALSE,NA,NA,"<= day","daily",NA,NA,NA
"2003-12-25",126.067,FALSE,NA,NA,"<= day","daily",NA,NA,NA
"2003-12-26",119.733,FALSE,NA,NA,"<= day","daily",NA,NA,NA
"2003-12-27",117.729,FALSE,NA,NA,"<= day","daily",NA,NA,NA
"2003-12-28",116.783,FALSE,NA,NA,"<= day","daily",NA,NA,NA
"2003-12-29",122.946,FALSE,NA,NA,"<= day","daily",NA,NA,NA
"2003-12-30",126.621,FALSE,NA,NA,"<= day","daily",NA,NA,NA
"2003-12-31",143.863,FALSE,NA,NA,"<= day","daily",NA,NA,NA
"2004-01-01",130.625,FALSE,NA,NA,"<= day","daily",NA,NA,NA
"2004-01-02",134.958,FALSE,NA,NA,"<= day","daily",NA,NA,NA
"2004-01-03",134.2,FALSE,NA,NA,"<= day","daily",NA,NA,NA
"2004-01-04",126.3,FALSE,NA,NA,"<= day","daily",NA,NA,NA
"2004-01-05",126.438,FALSE,NA,NA,"<= day","daily",NA,NA,NA
"2004-01-06",125.421,FALSE,NA,NA,"<= day","daily",NA,NA,NA
"2004-01-07",121.229,FALSE,NA,NA,"<= day","daily",NA,NA,NA
"2004-01-08",119.838,FALSE,NA,NA,"<= day","daily",NA,NA,NA
"2004-01-09",117.508,FALSE,NA,NA,"<= day","daily",NA,NA,NA
"2004-01-10",116.825,FALSE,NA,NA,"<= day","daily",NA,NA,NA
"2004-01-11",116.287,FALSE,NA,NA,"<= day","daily",NA,NA,NA
"2004-01-12",114.321,FALSE,NA,NA,"<= day","daily",NA,NA,NA
"2004-01-13",113.883,FALSE,NA,NA,"<= day","daily",NA,NA,NA
"2004-01-14",158.146,FALSE,NA,NA,"<= day","daily",NA,NA,NA
"2004-01-15",148.167,FALSE,NA,NA,"<= day","daily",NA,NA,NA
"2004-01-16",141.696,FALSE,NA,NA,"<= day","daily",NA,NA,NA
"2004-01-17",137.783,FALSE,NA,NA,"<= day","daily",NA,NA,NA
"2004-01-18",136.667,FALSE,NA,NA,"<= day","daily",NA,NA,NA
"2004-01-19",132.917,FALSE,NA,NA,"<= day","daily",NA,NA,NA
"2004-01-20",129.713,FALSE,NA,NA,"<= day","daily",NA,NA,NA
"2004-01-21",130.442,FALSE,NA,NA,"<= day","daily",NA,NA,NA
"2004-01-22",130.279,FALSE,NA,NA,"<= day","daily",NA,NA,NA
"2004-01-23",127.146,FALSE,NA,NA,"<= day","daily",NA,NA,NA
"2004-01-24",123.058,FALSE,NA,NA,"<= day","daily",NA,NA,NA
"2004-01-25",121,FALSE,NA,NA,"<= day","daily",NA,NA,NA
"2004-01-26",118.971,FALSE,NA,NA,"<= day","daily",NA,NA,NA
"2004-01-27",117.375,FALSE,NA,NA,"<= day","daily",NA,NA,NA
"2004-01-28",119.15,FALSE,NA,NA,"<= day","daily",NA,NA,NA
"2004-01-29",119.479,FALSE,NA,NA,"<= day","daily",NA,NA,NA
"2004-01-30",121,FALSE,NA,NA,"<= day","daily",NA,NA,NA
"2004-01-31",119.258,FALSE,NA,NA,"<= day","daily",NA,NA,NA
"2004-02-01",118.996,FALSE,NA,NA,"<= day","daily",NA,NA,NA
"2004-02-02",125.488,FALSE,NA,NA,"<= day","daily",NA,NA,NA
"2004-02-03",405.767,FALSE,NA,NA,"<= day","daily",NA,NA,NA
"2004-02-04",394.042,FALSE,NA,NA,"<= day","daily",NA,NA,NA
"2004-02-05",322.633,FALSE,NA,NA,"<= day","daily",NA,NA,NA
"2004-02-06",348.367,FALSE,NA,NA,"<= day","daily",NA,NA,NA
"2004-02-07",366.638,FALSE,NA,NA,"<= day","daily",NA,NA,NA
"2004-02-08",355.892,FALSE,NA,NA,"<= day","daily",NA,NA,NA
"2004-02-09",304.15,FALSE,NA,NA,"<= day","daily",NA,NA,NA
"2004-02-10",256.925,FALSE,NA,NA,"<= day","daily",NA,NA,NA
"2004-02-11",225.658,FALSE,NA,NA,"<= day","daily",NA,NA,NA
"2004-02-12",220.488,FALSE,NA,NA,"<= day","daily",NA,NA,NA
"2004-02-13",205.6,FALSE,NA,NA,"<= day","daily",NA,NA,NA
"2004-02-14",194.592,FALSE,NA,NA,"<= day","daily",NA,NA,NA
"2004-02-15",188.129,FALSE,NA,NA,"<= day","daily",NA,NA,NA
"2004-02-16",185.637,FALSE,NA,NA,"<= day","daily",NA,NA,NA
"2004-02-17",177.85,FALSE,NA,NA,"<= day","daily",NA,NA,NA
"2004-02-18",170.817,FALSE,NA,NA,"<= day","daily",NA,NA,NA
"2004-02-19",174.067,FALSE,NA,NA,"<= day","daily",NA,NA,NA
"2004-02-20",176.183,FALSE,NA,NA,"<= day","daily",NA,NA,NA
"2004-02-21",168.517,FALSE,NA,NA,"<= day","daily",NA,NA,NA
"2004-02-22",160.738,FALSE,NA,NA,"<= day","daily",NA,NA,NA
"2004-02-23",163.046,FALSE,NA,NA,"<= day","daily",NA,NA,NA
"2004-02-24",164.179,FALSE,NA,NA,"<= day","daily",NA,NA,NA
"2004-02-25",160.871,FALSE,NA,NA,"<= day","daily",NA,NA,NA
"2004-02-26",156.083,FALSE,NA,NA,"<= day","daily",NA,NA,NA
"2004-02-27",154.504,FALSE,NA,NA,"<= day","daily",NA,NA,NA
"2004-02-28",158.162,FALSE,NA,NA,"<= day","daily",NA,NA,NA
"2004-02-29",157.412,FALSE,NA,NA,"<= day","daily",NA,NA,NA
"2004-03-01",154.158,FALSE,NA,NA,"<= day","daily",NA,NA,NA
"2004-03-02",150.088,FALSE,NA,NA,"<= day","daily",NA,NA,NA
"2004-03-03",146.088,FALSE,NA,NA,"<= day","daily",NA,NA,NA
"2004-03-04",143.333,FALSE,NA,NA,"<= day","daily",NA,NA,NA
"2004-03-05",142.787,FALSE,NA,NA,"<= day","daily",NA,NA,NA
"2004-03-06",142.408,FALSE,NA,NA,"<= day","daily",NA,NA,NA
"2004-03-07",143.758,FALSE,NA,NA,"<= day","daily",NA,NA,NA
"2004-03-08",141.467,FALSE,NA,NA,"<= day","daily",NA,NA,NA
"2004-03-09",140.45,FALSE,NA,NA,"<= day","daily",NA,NA,NA
"2004-03-10",140.967,FALSE,NA,NA,"<= day","daily",NA,NA,NA
"2004-03-11",140.088,FALSE,NA,NA,"<= day","daily",NA,NA,NA
"2004-03-12",138.467,FALSE,NA,NA,"<= day","daily",NA,NA,NA
"2004-03-13",138.846,FALSE,NA,NA,"<= day","daily",NA,NA,NA
"2004-03-14",151.625,FALSE,NA,NA,"<= day","daily",NA,NA,NA
"2004-03-15",169.958,FALSE,NA,NA,"<= day","daily",NA,NA,NA
"2004-03-16",207.979,FALSE,NA,NA,"<= day","daily",NA,NA,NA
"2004-03-17",299.625,FALSE,NA,NA,"<= day","daily",NA,NA,NA
"2004-03-18",412.862,FALSE,NA,NA,"<= day","daily",NA,NA,NA
"2004-03-19",545.642,FALSE,NA,NA,"<= day","daily",NA,NA,NA
"2004-03-20",627.704,FALSE,NA,NA,"<= day","daily",NA,NA,NA
"2004-03-21",669.338,FALSE,NA,NA,"<= day","daily",NA,NA,NA
"2004-03-22",689.629,FALSE,NA,NA,"<= day","daily",NA,NA,NA
"2004-03-23",514.871,FALSE,NA,NA,"<= day","daily",NA,NA,NA
"2004-03-24",401.421,FALSE,NA,NA,"<= day","daily",NA,NA,NA
"2004-03-25",356.108,FALSE,NA,NA,"<= day","daily",NA,NA,NA
"2004-03-26",317.279,FALSE,NA,NA,"<= day","daily",NA,NA,NA
"2004-03-27",287.183,FALSE,NA,NA,"<= day","daily",NA,NA,NA
"2004-03-28",270.979,FALSE,NA,NA,"<= day","daily",NA,NA,NA
"2004-03-29",258.825,FALSE,NA,NA,"<= day","daily",NA,NA,NA
"2004-03-30",261.612,FALSE,NA,NA,"<= day","daily",NA,NA,NA
"2004-03-31",269.371,FALSE,NA,NA,"<= day","daily",NA,NA,NA
"2004-04-01",310.975,FALSE,NA,NA,"<= day","daily",NA,NA,NA
"2004-04-02",433.821,FALSE,NA,NA,"<= day","daily",NA,NA,NA
"2004-04-03",558.558,FALSE,NA,NA,"<= day","daily",NA,NA,NA
"2004-04-04",680.4,FALSE,NA,NA,"<= day","daily",NA,NA,NA
"2004-04-05",711.067,FALSE,NA,NA,"<= day","daily",NA,NA,NA
"2004-04-06",618.917,FALSE,NA,NA,"<= day","daily",NA,NA,NA
"2004-04-07",519.562,FALSE,NA,NA,"<= day","daily",NA,NA,NA
"2004-04-08",446.442,FALSE,NA,NA,"<= day","daily",NA,NA,NA
"2004-04-09",391.033,FALSE,NA,NA,"<= day","daily",NA,NA,NA
"2004-04-10",360.292,FALSE,NA,NA,"<= day","daily",NA,NA,NA
"2004-04-11",342.571,FALSE,NA,NA,"<= day","daily",NA,NA,NA
"2004-04-12",334.621,FALSE,NA,NA,"<= day","daily",NA,NA,NA
"2004-04-13",328.979,FALSE,NA,NA,"<= day","daily",NA,NA,NA
"2004-04-14",325.967,FALSE,NA,NA,"<= day","daily",NA,NA,NA
"2004-04-15",320.35,FALSE,NA,NA,"<= day","daily",NA,NA,NA
"2004-04-16",351.462,FALSE,NA,NA,"<= day","daily",NA,NA,NA
"2004-04-17",479.913,FALSE,NA,NA,"<= day","daily",NA,NA,NA
"2004-04-18",598.146,FALSE,NA,NA,"<= day","daily",NA,NA,NA
"2004-04-19",696.508,FALSE,NA,NA,"<= day","daily",NA,NA,NA
"2004-04-20",709.867,FALSE,NA,NA,"<= day","daily",NA,NA,NA
"2004-04-21",635.608,FALSE,NA,NA,"<= day","daily",NA,NA,NA
"2004-04-22",661.683,FALSE,NA,NA,"<= day","daily",NA,NA,NA
"2004-04-23",740.167,FALSE,NA,NA,"<= day","daily",NA,NA,NA
"2004-04-24",798.25,FALSE,NA,NA,"<= day","daily",NA,NA,NA
"2004-04-25",773.167,FALSE,NA,NA,"<= day","daily",NA,NA,NA
"2004-04-26",678.737,FALSE,NA,NA,"<= day","daily",NA,NA,NA
"2004-04-27",647.571,FALSE,NA,NA,"<= day","daily",NA,NA,NA
"2004-04-28",695.254,FALSE,NA,NA,"<= day","daily",NA,NA,NA
"2004-04-29",743.058,FALSE,NA,NA,"<= day","daily",NA,NA,NA
"2004-04-30",802.996,FALSE,NA,NA,"<= day","daily",NA,NA,NA
"2004-05-01",844.479,FALSE,NA,NA,"<= day","daily",NA,NA,NA
"2004-05-02",835.096,FALSE,NA,NA,"<= day","daily",NA,NA,NA
"2004-05-03",816.029,FALSE,NA,NA,"<= day","daily",NA,NA,NA
"2004-05-04",807.471,FALSE,NA,NA,"<= day","daily",NA,NA,NA
"2004-05-05",794.479,FALSE,NA,NA,"<= day","daily",NA,NA,NA
"2004-05-06",796.3,FALSE,NA,NA,"<= day","daily",NA,NA,NA
"2004-05-07",798.85,FALSE,NA,NA,"<= day","daily",NA,NA,NA
"2004-05-08",724.971,FALSE,NA,NA,"<= day","daily",NA,NA,NA
"2004-05-09",658.304,FALSE,NA,NA,"<= day","daily",NA,NA,NA
"2004-05-10",632.879,FALSE,NA,NA,"<= day","daily",NA,NA,NA
"2004-05-11",620.396,FALSE,NA,NA,"<= day","daily",NA,NA,NA
"2004-05-12",608.175,FALSE,NA,NA,"<= day","daily",NA,NA,NA
"2004-05-13",629.2,FALSE,NA,NA,"<= day","daily",NA,NA,NA
"2004-05-14",762.146,FALSE,NA,NA,"<= day","daily",NA,NA,NA
"2004-05-15",754.304,FALSE,NA,NA,"<= day","daily",NA,NA,NA
"2004-05-16",840.658,FALSE,NA,NA,"<= day","daily",NA,NA,NA
"2004-05-17",874.712,FALSE,NA,NA,"<= day","daily",NA,NA,NA
"2004-05-18",804.862,FALSE,NA,NA,"<= day","daily",NA,NA,NA
"2004-05-19",778.737,FALSE,NA,NA,"<= day","daily",NA,NA,NA
"2004-05-20",748.892,FALSE,NA,NA,"<= day","daily",NA,NA,NA
"2004-05-21",720.604,FALSE,NA,NA,"<= day","daily",NA,NA,NA
"2004-05-22",750.967,FALSE,NA,NA,"<= day","daily",NA,NA,NA
"2004-05-23",726.188,FALSE,NA,NA,"<= day","daily",NA,NA,NA
"2004-05-24",667.879,FALSE,NA,NA,"<= day","daily",NA,NA,NA
"2004-05-25",610.508,FALSE,NA,NA,"<= day","daily",NA,NA,NA
"2004-05-26",573.862,FALSE,NA,NA,"<= day","daily",NA,NA,NA
"2004-05-27",574.812,FALSE,NA,NA,"<= day","daily",NA,NA,NA
"2004-05-28",627.05,FALSE,NA,NA,"<= day","daily",NA,NA,NA
"2004-05-29",673.675,FALSE,NA,NA,"<= day","daily",NA,NA,NA
"2004-05-30",610.654,FALSE,NA,NA,"<= day","daily",NA,NA,NA
"2004-05-31",564.267,FALSE,NA,NA,"<= day","daily",NA,NA,NA
"2004-06-01",527.35,FALSE,NA,NA,"<= day","daily",NA,NA,NA
"2004-06-02",535.987,FALSE,NA,NA,"<= day","daily",NA,NA,NA
"2004-06-03",573.925,FALSE,NA,NA,"<= day","daily",NA,NA,NA
"2004-06-04",608.271,FALSE,NA,NA,"<= day","daily",NA,NA,NA
"2004-06-05",625.225,FALSE,NA,NA,"<= day","daily",NA,NA,NA
"2004-06-06",607.679,FALSE,NA,NA,"<= day","daily",NA,NA,NA
"2004-06-07",576.704,FALSE,NA,NA,"<= day","daily",NA,NA,NA
"2004-06-08",539.917,FALSE,NA,NA,"<= day","daily",NA,NA,NA
"2004-06-09",504.046,FALSE,NA,NA,"<= day","daily",NA,NA,NA
"2004-06-10",483.654,FALSE,NA,NA,"<= day","daily",NA,NA,NA
"2004-06-11",455.825,FALSE,NA,NA,"<= day","daily",NA,NA,NA
"2004-06-12",449.446,FALSE,NA,NA,"<= day","daily",NA,NA,NA
"2004-06-13",440.337,FALSE,NA,NA,"<= day","daily",NA,NA,NA
"2004-06-14",422.933,FALSE,NA,NA,"<= day","daily",NA,NA,NA
"2004-06-15",390.146,FALSE,NA,NA,"<= day","daily",NA,NA,NA
"2004-06-16",372.329,FALSE,NA,NA,"<= day","daily",NA,NA,NA
"2004-06-17",364.942,FALSE,NA,NA,"<= day","daily",NA,NA,NA
"2004-06-18",353.438,FALSE,NA,NA,"<= day","daily",NA,NA,NA
"2004-06-19",352.429,FALSE,NA,NA,"<= day","daily",NA,NA,NA
"2004-06-20",533.938,FALSE,NA,NA,"<= day","daily",NA,NA,NA
"2004-06-21",646.879,FALSE,NA,NA,"<= day","daily",NA,NA,NA
"2004-06-22",560.183,FALSE,NA,NA,"<= day","daily",NA,NA,NA
"2004-06-23",624.946,FALSE,NA,NA,"<= day","daily",NA,NA,NA
"2004-06-24",851.408,FALSE,NA,NA,"<= day","daily",NA,NA,NA
"2004-06-25",859.521,FALSE,NA,NA,"<= day","daily",NA,NA,NA
"2004-06-26",827.088,FALSE,NA,NA,"<= day","daily",NA,NA,NA
"2004-06-27",721.846,FALSE,NA,NA,"<= day","daily",NA,NA,NA
"2004-06-28",626.292,FALSE,NA,NA,"<= day","daily",NA,NA,NA
"2004-06-29",556.458,FALSE,NA,NA,"<= day","daily",NA,NA,NA
"2004-06-30",506.767,FALSE,NA,NA,"<= day","daily",NA,NA,NA
"2004-07-01",475.558,FALSE,NA,NA,"<= day","daily",NA,NA,NA
"2004-07-02",550.433,FALSE,NA,NA,"<= day","daily",NA,NA,NA
"2004-07-03",586.354,FALSE,NA,NA,"<= day","daily",NA,NA,NA
"2004-07-04",525.55,FALSE,NA,NA,"<= day","daily",NA,NA,NA
"2004-07-05",493.879,FALSE,NA,NA,"<= day","daily",NA,NA,NA
"2004-07-06",542.729,FALSE,NA,NA,"<= day","daily",NA,NA,NA
"2004-07-07",567.279,FALSE,NA,NA,"<= day","daily",NA,NA,NA
"2004-07-08",491.542,FALSE,NA,NA,"<= day","daily",NA,NA,NA
"2004-07-09",447.208,FALSE,NA,NA,"<= day","daily",NA,NA,NA
"2004-07-10",427.608,FALSE,NA,NA,"<= day","daily",NA,NA,NA
"2004-07-11",430.779,FALSE,NA,NA,"<= day","daily",NA,NA,NA
"2004-07-12",415.8,FALSE,NA,NA,"<= day","daily",NA,NA,NA
"2004-07-13",418.054,FALSE,NA,NA,"<= day","daily",NA,NA,NA
"2004-07-14",417.383,FALSE,NA,NA,"<= day","daily",NA,NA,NA
"2004-07-15",429.429,FALSE,NA,NA,"<= day","daily",NA,NA,NA
"2004-07-16",589.392,FALSE,NA,NA,"<= day","daily",NA,NA,NA
"2004-07-17",519.112,FALSE,NA,NA,"<= day","daily",NA,NA,NA
"2004-07-18",448.125,FALSE,NA,NA,"<= day","daily",NA,NA,NA
"2004-07-19",405.5,FALSE,NA,NA,"<= day","daily",NA,NA,NA
"2004-07-20",374.383,FALSE,NA,NA,"<= day","daily",NA,NA,NA
"2004-07-21",365.038,FALSE,NA,NA,"<= day","daily",NA,NA,NA
"2004-07-22",352.362,FALSE,NA,NA,"<= day","daily",NA,NA,NA
"2004-07-23",338.875,FALSE,NA,NA,"<= day","daily",NA,NA,NA
"2004-07-24",323.217,FALSE,NA,NA,"<= day","daily",NA,NA,NA
"2004-07-25",318.117,FALSE,NA,NA,"<= day","daily",NA,NA,NA
"2004-07-26",303.625,FALSE,NA,NA,"<= day","daily",NA,NA,NA
"2004-07-27",304.712,FALSE,NA,NA,"<= day","daily",NA,NA,NA
"2004-07-28",298.617,FALSE,NA,NA,"<= day","daily",NA,NA,NA
"2004-07-29",293.696,FALSE,NA,NA,"<= day","daily",NA,NA,NA
"2004-07-30",293.362,FALSE,NA,NA,"<= day","daily",NA,NA,NA
"2004-07-31",288.308,FALSE,NA,NA,"<= day","daily",NA,NA,NA
"2004-08-01",278.379,FALSE,NA,NA,"<= day","daily",NA,NA,NA
"2004-08-02",273.933,FALSE,NA,NA,"<= day","daily",NA,NA,NA
"2004-08-03",267.867,FALSE,NA,NA,"<= day","daily",NA,NA,NA
"2004-08-04",264.033,FALSE,NA,NA,"<= day","daily",NA,NA,NA
"2004-08-05",259.029,FALSE,NA,NA,"<= day","daily",NA,NA,NA
"2004-08-06",258.279,FALSE,NA,NA,"<= day","daily",NA,NA,NA
"2004-08-07",254.175,FALSE,NA,NA,"<= day","daily",NA,NA,NA
"2004-08-08",250.304,FALSE,NA,NA,"<= day","daily",NA,NA,NA
"2004-08-09",248.471,FALSE,NA,NA,"<= day","daily",NA,NA,NA
"2004-08-10",246.029,FALSE,NA,NA,"<= day","daily",NA,NA,NA
"2004-08-11",237,FALSE,NA,NA,"<= day","daily",NA,NA,NA
"2004-08-12",232.642,FALSE,NA,NA,"<= day","daily",NA,NA,NA
"2004-08-13",231.158,FALSE,NA,NA,"<= day","daily",NA,NA,NA
"2004-08-14",232.442,FALSE,NA,NA,"<= day","daily",NA,NA,NA
"2004-08-15",259.329,FALSE,NA,NA,"<= day","daily",NA,NA,NA
"2004-08-16",242.287,FALSE,NA,NA,"<= day","daily",NA,NA,NA
"2004-08-17",235.158,FALSE,NA,NA,"<= day","daily",NA,NA,NA
"2004-08-18",222.779,FALSE,NA,NA,"<= day","daily",NA,NA,NA
"2004-08-19",213.433,FALSE,NA,NA,"<= day","daily",NA,NA,NA
"2004-08-20",208.179,FALSE,NA,NA,"<= day","daily",NA,NA,NA
"2004-08-21",218.058,FALSE,NA,NA,"<= day","daily",NA,NA,NA
"2004-08-22",252.35,FALSE,NA,NA,"<= day","daily",NA,NA,NA
"2004-08-23",237.137,FALSE,NA,NA,"<= day","daily",NA,NA,NA
"2004-08-24",233.004,FALSE,NA,NA,"<= day","daily",NA,NA,NA
"2004-08-25",296.271,FALSE,NA,NA,"<= day","daily",NA,NA,NA
"2004-08-26",445.525,FALSE,NA,NA,"<= day","daily",NA,NA,NA
"2004-08-27",554.079,FALSE,NA,NA,"<= day","daily",NA,NA,NA
"2004-08-28",434.946,FALSE,NA,NA,"<= day","daily",NA,NA,NA
"2004-08-29",361.512,FALSE,NA,NA,"<= day","daily",NA,NA,NA
"2004-08-30",619.15,FALSE,NA,NA,"<= day","daily",NA,NA,NA
"2004-08-31",526.804,FALSE,NA,NA,"<= day","daily",NA,NA,NA
"2004-09-01",514.546,FALSE,NA,NA,"<= day","daily",NA,NA,NA
"2004-09-02",423.279,FALSE,NA,NA,"<= day","daily",NA,NA,NA
"2004-09-03",364.604,FALSE,NA,NA,"<= day","daily",NA,NA,NA
"2004-09-04",321.646,FALSE,NA,NA,"<= day","daily",NA,NA,NA
"2004-09-05",296.975,FALSE,NA,NA,"<= day","daily",NA,NA,NA
"2004-09-06",279.108,FALSE,NA,NA,"<= day","daily",NA,NA,NA
"2004-09-07",268.788,FALSE,NA,NA,"<= day","daily",NA,NA,NA
"2004-09-08",260.729,FALSE,NA,NA,"<= day","daily",NA,NA,NA
"2004-09-09",251.646,FALSE,NA,NA,"<= day","daily",NA,NA,NA
"2004-09-10",239.55,FALSE,NA,NA,"<= day","daily",NA,NA,NA
"2004-09-11",229.567,FALSE,NA,NA,"<= day","daily",NA,NA,NA
"2004-09-12",220.017,FALSE,NA,NA,"<= day","daily",NA,NA,NA
"2004-09-13",216.067,FALSE,NA,NA,"<= day","daily",NA,NA,NA
"2004-09-14",213.9,FALSE,NA,NA,"<= day","daily",NA,NA,NA
"2004-09-15",220.429,FALSE,NA,NA,"<= day","daily",NA,NA,NA
"2004-09-16",263.663,FALSE,NA,NA,"<= day","daily",NA,NA,NA
"2004-09-17",238.917,FALSE,NA,NA,"<= day","daily",NA,NA,NA
"2004-09-18",224.479,FALSE,NA,NA,"<= day","daily",NA,NA,NA
"2004-09-19",216.446,FALSE,NA,NA,"<= day","daily",NA,NA,NA
"2004-09-20",212.771,FALSE,NA,NA,"<= day","daily",NA,NA,NA
"2004-09-21",208.021,FALSE,NA,NA,"<= day","daily",NA,NA,NA
"2004-09-22",208.658,FALSE,NA,NA,"<= day","daily",NA,NA,NA
"2004-09-23",385.488,FALSE,NA,NA,"<= day","daily",NA,NA,NA
"2004-09-24",678.85,FALSE,NA,NA,"<= day","daily",NA,NA,NA
"2004-09-25",522.55,FALSE,NA,NA,"<= day","daily",NA,NA,NA
"2004-09-26",592.179,FALSE,NA,NA,"<= day","daily",NA,NA,NA
"2004-09-27",536.746,FALSE,NA,NA,"<= day","daily",NA,NA,NA
"2004-09-28",448.946,FALSE,NA,NA,"<= day","daily",NA,NA,NA
"2004-09-29",381.808,FALSE,NA,NA,"<= day","daily",NA,NA,NA
"2004-09-30",372.654,FALSE,NA,NA,"<= day","daily",NA,NA,NA
"2004-10-01",354.342,FALSE,NA,NA,"<= day","daily",NA,NA,NA
"2004-10-02",337.121,FALSE,NA,NA,"<= day","daily",NA,NA,NA
"2004-10-03",333.883,FALSE,NA,NA,"<= day","daily",NA,NA,NA
"2004-10-04",303.571,FALSE,NA,NA,"<= day","daily",NA,NA,NA
"2004-10-05",284.408,FALSE,NA,NA,"<= day","daily",NA,NA,NA
"2004-10-06",269.362,FALSE,NA,NA,"<= day","daily",NA,NA,NA
"2004-10-07",255.85,FALSE,NA,NA,"<= day","daily",NA,NA,NA
"2004-10-08",245.083,FALSE,NA,NA,"<= day","daily",NA,NA,NA
"2004-10-09",252.6,FALSE,NA,NA,"<= day","daily",NA,NA,NA
"2004-10-10",335.892,FALSE,NA,NA,"<= day","daily",NA,NA,NA
"2004-10-11",319.458,FALSE,NA,NA,"<= day","daily",NA,NA,NA
"2004-10-12",291.467,FALSE,NA,NA,"<= day","daily",NA,NA,NA
"2004-10-13",259.938,FALSE,NA,NA,"<= day","daily",NA,NA,NA
"2004-10-14",241.454,FALSE,NA,NA,"<= day","daily",NA,NA,NA
"2004-10-15",234.825,FALSE,NA,NA,"<= day","daily",NA,NA,NA
"2004-10-16",233.283,FALSE,NA,NA,"<= day","daily",NA,NA,NA
"2004-10-17",243.804,FALSE,NA,NA,"<= day","daily",NA,NA,NA
"2004-10-18",240.95,FALSE,NA,NA,"<= day","daily",NA,NA,NA
"2004-10-19",231.963,FALSE,NA,NA,"<= day","daily",NA,NA,NA
"2004-10-20",227.621,FALSE,NA,NA,"<= day","daily",NA,NA,NA
"2004-10-21",226.738,FALSE,NA,NA,"<= day","daily",NA,NA,NA
"2004-10-22",226.833,FALSE,NA,NA,"<= day","daily",NA,NA,NA
"2004-10-23",225.412,FALSE,NA,NA,"<= day","daily",NA,NA,NA
"2004-10-24",221.179,FALSE,NA,NA,"<= day","daily",NA,NA,NA
"2004-10-25",212.592,FALSE,NA,NA,"<= day","daily",NA,NA,NA
"2004-10-26",206.458,FALSE,NA,NA,"<= day","daily",NA,NA,NA
"2004-10-27",201.929,FALSE,NA,NA,"<= day","daily",NA,NA,NA
"2004-10-28",198.188,FALSE,NA,NA,"<= day","daily",NA,NA,NA
"2004-10-29",196.833,FALSE,NA,NA,"<= day","daily",NA,NA,NA
"2004-10-30",197.925,FALSE,NA,NA,"<= day","daily",NA,NA,NA
"2004-10-31",198.188,FALSE,NA,NA,"<= day","daily",NA,NA,NA
"2004-11-01",197.558,FALSE,NA,NA,"<= day","daily",NA,NA,NA
"2004-11-02",197.917,FALSE,NA,NA,"<= day","daily",NA,NA,NA
"2004-11-03",197.058,FALSE,NA,NA,"<= day","daily",NA,NA,NA
"2004-11-04",191.275,FALSE,NA,NA,"<= day","daily",NA,NA,NA
"2004-11-05",181.946,FALSE,NA,NA,"<= day","daily",NA,NA,NA
"2004-11-06",177.35,FALSE,NA,NA,"<= day","daily",NA,NA,NA
"2004-11-07",172.3,FALSE,NA,NA,"<= day","daily",NA,NA,NA
"2004-11-08",171.904,FALSE,NA,NA,"<= day","daily",NA,NA,NA
"2004-11-09",170.221,FALSE,NA,NA,"<= day","daily",NA,NA,NA
"2004-11-10",172.3,FALSE,NA,NA,"<= day","daily",NA,NA,NA
"2004-11-11",190.25,FALSE,NA,NA,"<= day","daily",NA,NA,NA
"2004-11-12",250.329,FALSE,NA,NA,"<= day","daily",NA,NA,NA
"2004-11-13",294.617,FALSE,NA,NA,"<= day","daily",NA,NA,NA
"2004-11-14",246.554,FALSE,NA,NA,"<= day","daily",NA,NA,NA
"2004-11-15",219.158,FALSE,NA,NA,"<= day","daily",NA,NA,NA
"2004-11-16",207.629,FALSE,NA,NA,"<= day","daily",NA,NA,NA
"2004-11-17",200.579,FALSE,NA,NA,"<= day","daily",NA,NA,NA
"2004-11-18",188.033,FALSE,NA,NA,"<= day","daily",NA,NA,NA
"2004-11-19",186.75,FALSE,NA,NA,"<= day","daily",NA,NA,NA
"2004-11-20",190.783,FALSE,NA,NA,"<= day","daily",NA,NA,NA
"2004-11-21",188.592,FALSE,NA,NA,"<= day","daily",NA,NA,NA
"2004-11-22",186.621,FALSE,NA,NA,"<= day","daily",NA,NA,NA
"2004-11-23",298.775,FALSE,NA,NA,"<= day","daily",NA,NA,NA
"2004-11-24",369.958,FALSE,NA,NA,"<= day","daily",NA,NA,NA
"2004-11-25",285.087,FALSE,NA,NA,"<= day","daily",NA,NA,NA
"2004-11-26",249.617,FALSE,NA,NA,"<= day","daily",NA,NA,NA
"2004-11-27",236.463,FALSE,NA,NA,"<= day","daily",NA,NA,NA
"2004-11-28",231.1,FALSE,NA,NA,"<= day","daily",NA,NA,NA
"2004-11-29",227.658,FALSE,NA,NA,"<= day","daily",NA,NA,NA
"2004-11-30",224.671,FALSE,NA,NA,"<= day","daily",NA,NA,NA
"2004-12-01",230.588,FALSE,NA,NA,"<= day","daily",NA,NA,NA
"2004-12-02",235.392,FALSE,NA,NA,"<= day","daily",NA,NA,NA
"2004-12-03",243.312,FALSE,NA,NA,"<= day","daily",NA,NA,NA
"2004-12-04",239.617,FALSE,NA,NA,"<= day","daily",NA,NA,NA
"2004-12-05",232.746,FALSE,NA,NA,"<= day","daily",NA,NA,NA
"2004-12-06",222.267,FALSE,NA,NA,"<= day","daily",NA,NA,NA
"2004-12-07",215.637,FALSE,NA,NA,"<= day","daily",NA,NA,NA
"2004-12-08",212.017,FALSE,NA,NA,"<= day","daily",NA,NA,NA
"2004-12-09",207.517,FALSE,NA,NA,"<= day","daily",NA,NA,NA
"2004-12-10",202.875,FALSE,NA,NA,"<= day","daily",NA,NA,NA
"2004-12-11",200.383,FALSE,NA,NA,"<= day","daily",NA,NA,NA
"2004-12-12",197.604,FALSE,NA,NA,"<= day","daily",NA,NA,NA
"2004-12-13",196.317,FALSE,NA,NA,"<= day","daily",NA,NA,NA
"2004-12-14",194.996,FALSE,NA,NA,"<= day","daily",NA,NA,NA
"2004-12-15",189.533,FALSE,NA,NA,"<= day","daily",NA,NA,NA
"2004-12-16",184.742,FALSE,NA,NA,"<= day","daily",NA,NA,NA
"2004-12-17",182.808,FALSE,NA,NA,"<= day","daily",NA,NA,NA
"2004-12-18",183.767,FALSE,NA,NA,"<= day","daily",NA,NA,NA
"2004-12-19",180.896,FALSE,NA,NA,"<= day","daily",NA,NA,NA
"2004-12-20",180.458,FALSE,NA,NA,"<= day","daily",NA,NA,NA
"2004-12-21",177.375,FALSE,NA,NA,"<= day","daily",NA,NA,NA
"2004-12-22",174.867,FALSE,NA,NA,"<= day","daily",NA,NA,NA
"2004-12-23",172.637,FALSE,NA,NA,"<= day","daily",NA,NA,NA
"2004-12-24",173.817,FALSE,NA,NA,"<= day","daily",NA,NA,NA
"2004-12-25",171.442,FALSE,NA,NA,"<= day","daily",NA,NA,NA
"2004-12-26",170.454,FALSE,NA,NA,"<= day","daily",NA,NA,NA
"2004-12-27",171.35,FALSE,NA,NA,"<= day","daily",NA,NA,NA
"2004-12-28",166.383,FALSE,NA,NA,"<= day","daily",NA,NA,NA
"2004-12-29",167.35,FALSE,NA,NA,"<= day","daily",NA,NA,NA
"2004-12-30",167.417,FALSE,NA,NA,"<= day","daily",NA,NA,NA
"2004-12-31",162.625,FALSE,NA,NA,"<= day","daily",NA,NA,NA
"2005-01-01",159.8,FALSE,NA,NA,"<= day","daily",NA,NA,NA
"2005-01-02",157.896,FALSE,NA,NA,"<= day","daily",NA,NA,NA
"2005-01-03",158.8,FALSE,NA,NA,"<= day","daily",NA,NA,NA
"2005-01-04",158.8,FALSE,NA,NA,"<= day","daily",NA,NA,NA
"2005-01-05",157.983,FALSE,NA,NA,"<= day","daily",NA,NA,NA
"2005-01-06",161.633,FALSE,NA,NA,"<= day","daily",NA,NA,NA
"2005-01-07",166.812,FALSE,NA,NA,"<= day","daily",NA,NA,NA
"2005-01-08",167.95,FALSE,NA,NA,"<= day","daily",NA,NA,NA
"2005-01-09",176.267,FALSE,NA,NA,"<= day","daily",NA,NA,NA
"2005-01-10",180.096,FALSE,NA,NA,"<= day","daily",NA,NA,NA
"2005-01-11",182.308,FALSE,NA,NA,"<= day","daily",NA,NA,NA
"2005-01-12",179.625,FALSE,NA,NA,"<= day","daily",NA,NA,NA
"2005-01-13",172.317,FALSE,NA,NA,"<= day","daily",NA,NA,NA
"2005-01-14",170.963,FALSE,NA,NA,"<= day","daily",NA,NA,NA
"2005-01-15",168.279,FALSE,NA,NA,"<= day","daily",NA,NA,NA
"2005-01-16",165.492,FALSE,NA,NA,"<= day","daily",NA,NA,NA
"2005-01-17",161.65,FALSE,NA,NA,"<= day","daily",NA,NA,NA
"2005-01-18",158.454,FALSE,NA,NA,"<= day","daily",NA,NA,NA
"2005-01-19",157.917,FALSE,NA,NA,"<= day","daily",NA,NA,NA
"2005-01-20",156.304,FALSE,NA,NA,"<= day","daily",NA,NA,NA
"2005-01-21",159.767,FALSE,NA,NA,"<= day","daily",NA,NA,NA
"2005-01-22",159.975,FALSE,NA,NA,"<= day","daily",NA,NA,NA
"2005-01-23",156.658,FALSE,NA,NA,"<= day","daily",NA,NA,NA
"2005-01-24",153.667,FALSE,NA,NA,"<= day","daily",NA,NA,NA
"2005-01-25",151.608,FALSE,NA,NA,"<= day","daily",NA,NA,NA
"2005-01-26",150.704,FALSE,NA,NA,"<= day","daily",NA,NA,NA
"2005-01-27",150.7,FALSE,NA,NA,"<= day","daily",NA,NA,NA
"2005-01-28",150.825,FALSE,NA,NA,"<= day","daily",NA,NA,NA
"2005-01-29",154.121,FALSE,NA,NA,"<= day","daily",NA,NA,NA
"2005-01-30",151.342,FALSE,NA,NA,"<= day","daily",NA,NA,NA
"2005-01-31",145.646,FALSE,NA,NA,"<= day","daily",NA,NA,NA
"2005-02-01",145.637,FALSE,NA,NA,"<= day","daily",NA,NA,NA
"2005-02-02",147.692,FALSE,NA,NA,"<= day","daily",NA,NA,NA
"2005-02-03",150.267,FALSE,NA,NA,"<= day","daily",NA,NA,NA
"2005-02-04",154.137,FALSE,NA,NA,"<= day","daily",NA,NA,NA
"2005-02-05",146.979,FALSE,NA,NA,"<= day","daily",NA,NA,NA
"2005-02-06",143.463,FALSE,NA,NA,"<= day","daily",NA,NA,NA
"2005-02-07",146.421,FALSE,NA,NA,"<= day","daily",NA,NA,NA
"2005-02-08",145.842,FALSE,NA,NA,"<= day","daily",NA,NA,NA
"2005-02-09",143.942,FALSE,NA,NA,"<= day","daily",NA,NA,NA
"2005-02-10",138.842,FALSE,NA,NA,"<= day","daily",NA,NA,NA
"2005-02-11",135.738,FALSE,NA,NA,"<= day","daily",NA,NA,NA
"2005-02-12",135.704,FALSE,NA,NA,"<= day","daily",NA,NA,NA
"2005-02-13",148.346,FALSE,NA,NA,"<= day","daily",NA,NA,NA
"2005-02-14",149.842,FALSE,NA,NA,"<= day","daily",NA,NA,NA
"2005-02-15",147.012,FALSE,NA,NA,"<= day","daily",NA,NA,NA
"2005-02-16",144.483,FALSE,NA,NA,"<= day","daily",NA,NA,NA
"2005-02-17",143.1,FALSE,NA,NA,"<= day","daily",NA,NA,NA
"2005-02-18",141.671,FALSE,NA,NA,"<= day","daily",NA,NA,NA
"2005-02-19",137.812,FALSE,NA,NA,"<= day","daily",NA,NA,NA
"2005-02-20",137.15,FALSE,NA,NA,"<= day","daily",NA,NA,NA
"2005-02-21",136.488,FALSE,NA,NA,"<= day","daily",NA,NA,NA
"2005-02-22",135.829,FALSE,NA,NA,"<= day","daily",NA,NA,NA
"2005-02-23",135.179,FALSE,NA,NA,"<= day","daily",NA,NA,NA
"2005-02-24",134.517,FALSE,NA,NA,"<= day","daily",NA,NA,NA
"2005-02-25",133.858,FALSE,NA,NA,"<= day","daily",NA,NA,NA
"2005-02-26",131.958,FALSE,NA,NA,"<= day","daily",NA,NA,NA
"2005-02-27",131.596,FALSE,NA,NA,"<= day","daily",NA,NA,NA
"2005-02-28",134.196,FALSE,NA,NA,"<= day","daily",NA,NA,NA
"2005-03-01",131.629,FALSE,NA,NA,"<= day","daily",NA,NA,NA
"2005-03-02",131.088,FALSE,NA,NA,"<= day","daily",NA,NA,NA
"2005-03-03",132.637,FALSE,NA,NA,"<= day","daily",NA,NA,NA
"2005-03-04",130.2,FALSE,NA,NA,"<= day","daily",NA,NA,NA
"2005-03-05",127.537,FALSE,NA,NA,"<= day","daily",NA,NA,NA
"2005-03-06",127.45,FALSE,NA,NA,"<= day","daily",NA,NA,NA
"2005-03-07",126.658,FALSE,NA,NA,"<= day","daily",NA,NA,NA
"2005-03-08",125.7,FALSE,NA,NA,"<= day","daily",NA,NA,NA
"2005-03-09",127.021,FALSE,NA,NA,"<= day","daily",NA,NA,NA
"2005-03-10",128.537,FALSE,NA,NA,"<= day","daily",NA,NA,NA
"2005-03-11",122.879,FALSE,NA,NA,"<= day","daily",NA,NA,NA
"2005-03-12",122.625,FALSE,NA,NA,"<= day","daily",NA,NA,NA
"2005-03-13",121.204,FALSE,NA,NA,"<= day","daily",NA,NA,NA
"2005-03-14",121.213,FALSE,NA,NA,"<= day","daily",NA,NA,NA
"2005-03-15",125.583,FALSE,NA,NA,"<= day","daily",NA,NA,NA
"2005-03-16",132.496,FALSE,NA,NA,"<= day","daily",NA,NA,NA
"2005-03-17",156.921,FALSE,NA,NA,"<= day","daily",NA,NA,NA
"2005-03-18",367.283,FALSE,NA,NA,"<= day","daily",NA,NA,NA
"2005-03-19",773.229,FALSE,NA,NA,"<= day","daily",NA,NA,NA
"2005-03-20",846.008,FALSE,NA,NA,"<= day","daily",NA,NA,NA
"2005-03-21",656.121,FALSE,NA,NA,"<= day","daily",NA,NA,NA
"2005-03-22",494.729,FALSE,NA,NA,"<= day","daily",NA,NA,NA
"2005-03-23",445.783,FALSE,NA,NA,"<= day","daily",NA,NA,NA
"2005-03-24",528.271,FALSE,NA,NA,"<= day","daily",NA,NA,NA
"2005-03-25",637.725,FALSE,NA,NA,"<= day","daily",NA,NA,NA
"2005-03-26",699.567,FALSE,NA,NA,"<= day","daily",NA,NA,NA
"2005-03-27",735.062,FALSE,NA,NA,"<= day","daily",NA,NA,NA
"2005-03-28",784.529,FALSE,NA,NA,"<= day","daily",NA,NA,NA
"2005-03-29",835.888,FALSE,NA,NA,"<= day","daily",NA,NA,NA
"2005-03-30",858.325,FALSE,NA,NA,"<= day","daily",NA,NA,NA
"2005-03-31",832.454,FALSE,NA,NA,"<= day","daily",NA,NA,NA
"2005-04-01",776.396,FALSE,NA,NA,"<= day","daily",NA,NA,NA
"2005-04-02",694.621,FALSE,NA,NA,"<= day","daily",NA,NA,NA
"2005-04-03",655.5,FALSE,NA,NA,"<= day","daily",NA,NA,NA
"2005-04-04",636.596,FALSE,NA,NA,"<= day","daily",NA,NA,NA
"2005-04-05",661.304,FALSE,NA,NA,"<= day","daily",NA,NA,NA
"2005-04-06",690.629,FALSE,NA,NA,"<= day","daily",NA,NA,NA
"2005-04-07",726.833,FALSE,NA,NA,"<= day","daily",NA,NA,NA
"2005-04-08",774.242,FALSE,NA,NA,"<= day","daily",NA,NA,NA
"2005-04-09",817.554,FALSE,NA,NA,"<= day","daily",NA,NA,NA
"2005-04-10",761.612,FALSE,NA,NA,"<= day","daily",NA,NA,NA
"2005-04-11",661.533,FALSE,NA,NA,"<= day","daily",NA,NA,NA
"2005-04-12",567.333,FALSE,NA,NA,"<= day","daily",NA,NA,NA
"2005-04-13",544.792,FALSE,NA,NA,"<= day","daily",NA,NA,NA
"2005-04-14",593.788,FALSE,NA,NA,"<= day","daily",NA,NA,NA
"2005-04-15",696.658,FALSE,NA,NA,"<= day","daily",NA,NA,NA
"2005-04-16",768.525,FALSE,NA,NA,"<= day","daily",NA,NA,NA
"2005-04-17",831.329,FALSE,NA,NA,"<= day","daily",NA,NA,NA
"2005-04-18",821.296,FALSE,NA,NA,"<= day","daily",NA,NA,NA
"2005-04-19",826.929,FALSE,NA,NA,"<= day","daily",NA,NA,NA
"2005-04-20",876.058,FALSE,NA,NA,"<= day","daily",NA,NA,NA
"2005-04-21",851.45,FALSE,NA,NA,"<= day","daily",NA,NA,NA
"2005-04-22",747.242,FALSE,NA,NA,"<= day","daily",NA,NA,NA
"2005-04-23",666.667,FALSE,NA,NA,"<= day","daily",NA,NA,NA
"2005-04-24",664.858,FALSE,NA,NA,"<= day","daily",NA,NA,NA
"2005-04-25",696.017,FALSE,NA,NA,"<= day","daily",NA,NA,NA
"2005-04-26",827.987,FALSE,NA,NA,"<= day","daily",NA,NA,NA
"2005-04-27",859.696,FALSE,NA,NA,"<= day","daily",NA,NA,NA
"2005-04-28",884.854,FALSE,NA,NA,"<= day","daily",NA,NA,NA
"2005-04-29",875.158,FALSE,NA,NA,"<= day","daily",NA,NA,NA
"2005-04-30",865.712,FALSE,NA,NA,"<= day","daily",NA,NA,NA
"2005-05-01",874.429,FALSE,NA,NA,"<= day","daily",NA,NA,NA
"2005-05-02",895.233,FALSE,NA,NA,"<= day","daily",NA,NA,NA
"2005-05-03",909.45,FALSE,NA,NA,"<= day","daily",NA,NA,NA
"2005-05-04",950.279,FALSE,NA,NA,"<= day","daily",NA,NA,NA
"2005-05-05",962.633,FALSE,NA,NA,"<= day","daily",NA,NA,NA
"2005-05-06",945.221,FALSE,NA,NA,"<= day","daily",NA,NA,NA
"2005-05-07",915.754,FALSE,NA,NA,"<= day","daily",NA,NA,NA
"2005-05-08",875.154,FALSE,NA,NA,"<= day","daily",NA,NA,NA
"2005-05-09",809.246,FALSE,NA,NA,"<= day","daily",NA,NA,NA
"2005-05-10",742.354,FALSE,NA,NA,"<= day","daily",NA,NA,NA
"2005-05-11",695.821,FALSE,NA,NA,"<= day","daily",NA,NA,NA
"2005-05-12",657.746,FALSE,NA,NA,"<= day","daily",NA,NA,NA
"2005-05-13",654.812,FALSE,NA,NA,"<= day","daily",NA,NA,NA
"2005-05-14",707.817,FALSE,NA,NA,"<= day","daily",NA,NA,NA
"2005-05-15",776.062,FALSE,NA,NA,"<= day","daily",NA,NA,NA
"2005-05-16",787.796,FALSE,NA,NA,"<= day","daily",NA,NA,NA
"2005-05-17",797.054,FALSE,NA,NA,"<= day","daily",NA,NA,NA
"2005-05-18",820.875,FALSE,NA,NA,"<= day","daily",NA,NA,NA
"2005-05-19",970.354,FALSE,NA,NA,"<= day","daily",NA,NA,NA
"2005-05-20",930.904,FALSE,NA,NA,"<= day","daily",NA,NA,NA
"2005-05-21",893.121,FALSE,NA,NA,"<= day","daily",NA,NA,NA
"2005-05-22",873.775,FALSE,NA,NA,"<= day","daily",NA,NA,NA
"2005-05-23",873.763,FALSE,NA,NA,"<= day","daily",NA,NA,NA
"2005-05-24",887.325,FALSE,NA,NA,"<= day","daily",NA,NA,NA
"2005-05-25",854.542,FALSE,NA,NA,"<= day","daily",NA,NA,NA
"2005-05-26",799.075,FALSE,NA,NA,"<= day","daily",NA,NA,NA
"2005-05-27",761.917,FALSE,NA,NA,"<= day","daily",NA,NA,NA
"2005-05-28",733.771,FALSE,NA,NA,"<= day","daily",NA,NA,NA
"2005-05-29",706.312,FALSE,NA,NA,"<= day","daily",NA,NA,NA
"2005-05-30",714.908,FALSE,NA,NA,"<= day","daily",NA,NA,NA
"2005-05-31",777.404,FALSE,NA,NA,"<= day","daily",NA,NA,NA
"2005-06-01",718.942,FALSE,NA,NA,"<= day","daily",NA,NA,NA
"2005-06-02",653.608,FALSE,NA,NA,"<= day","daily",NA,NA,NA
"2005-06-03",608.854,FALSE,NA,NA,"<= day","daily",NA,NA,NA
"2005-06-04",616.625,FALSE,NA,NA,"<= day","daily",NA,NA,NA
"2005-06-05",700.333,FALSE,NA,NA,"<= day","daily",NA,NA,NA
"2005-06-06",645.525,FALSE,NA,NA,"<= day","daily",NA,NA,NA
"2005-06-07",636.987,FALSE,NA,NA,"<= day","daily",NA,NA,NA
"2005-06-08",642.733,FALSE,NA,NA,"<= day","daily",NA,NA,NA
"2005-06-09",625.371,FALSE,NA,NA,"<= day","daily",NA,NA,NA
"2005-06-10",628.383,FALSE,NA,NA,"<= day","daily",NA,NA,NA
"2005-06-11",637.7,FALSE,NA,NA,"<= day","daily",NA,NA,NA
"2005-06-12",599.338,FALSE,NA,NA,"<= day","daily",NA,NA,NA
"2005-06-13",551.796,FALSE,NA,NA,"<= day","daily",NA,NA,NA
"2005-06-14",523.188,FALSE,NA,NA,"<= day","daily",NA,NA,NA
"2005-06-15",507.471,FALSE,NA,NA,"<= day","daily",NA,NA,NA
"2005-06-16",505.358,FALSE,NA,NA,"<= day","daily",NA,NA,NA
"2005-06-17",497.75,FALSE,NA,NA,"<= day","daily",NA,NA,NA
"2005-06-18",459.388,FALSE,NA,NA,"<= day","daily",NA,NA,NA
"2005-06-19",442.958,FALSE,NA,NA,"<= day","daily",NA,NA,NA
"2005-06-20",427.546,FALSE,NA,NA,"<= day","daily",NA,NA,NA
"2005-06-21",412.729,FALSE,NA,NA,"<= day","daily",NA,NA,NA
"2005-06-22",398.95,FALSE,NA,NA,"<= day","daily",NA,NA,NA
"2005-06-23",387.367,FALSE,NA,NA,"<= day","daily",NA,NA,NA
"2005-06-24",375.167,FALSE,NA,NA,"<= day","daily",NA,NA,NA
"2005-06-25",362.825,FALSE,NA,NA,"<= day","daily",NA,NA,NA
"2005-06-26",354.679,FALSE,NA,NA,"<= day","daily",NA,NA,NA
"2005-06-27",345.858,FALSE,NA,NA,"<= day","daily",NA,NA,NA
"2005-06-28",334.554,FALSE,NA,NA,"<= day","daily",NA,NA,NA
"2005-06-29",328.208,FALSE,NA,NA,"<= day","daily",NA,NA,NA
"2005-06-30",329.771,FALSE,NA,NA,"<= day","daily",NA,NA,NA
"2005-07-01",395.592,FALSE,NA,NA,"<= day","daily",NA,NA,NA
"2005-07-02",584.242,FALSE,NA,NA,"<= day","daily",NA,NA,NA
"2005-07-03",618.946,FALSE,NA,NA,"<= day","daily",NA,NA,NA
"2005-07-04",486.296,FALSE,NA,NA,"<= day","daily",NA,NA,NA
"2005-07-05",480.225,FALSE,NA,NA,"<= day","daily",NA,NA,NA
"2005-07-06",623.592,FALSE,NA,NA,"<= day","daily",NA,NA,NA
"2005-07-07",521.921,FALSE,NA,NA,"<= day","daily",NA,NA,NA
"2005-07-08",766.438,FALSE,NA,NA,"<= day","daily",NA,NA,NA
"2005-07-09",884.162,FALSE,NA,NA,"<= day","daily",NA,NA,NA
"2005-07-10",808.229,FALSE,NA,NA,"<= day","daily",NA,NA,NA
"2005-07-11",779.608,FALSE,NA,NA,"<= day","daily",NA,NA,NA
"2005-07-12",882.533,FALSE,NA,NA,"<= day","daily",NA,NA,NA
"2005-07-13",885.896,FALSE,NA,NA,"<= day","daily",NA,NA,NA
"2005-07-14",839.867,FALSE,NA,NA,"<= day","daily",NA,NA,NA
"2005-07-15",760.429,FALSE,NA,NA,"<= day","daily",NA,NA,NA
"2005-07-16",685.871,FALSE,NA,NA,"<= day","daily",NA,NA,NA
"2005-07-17",629.067,FALSE,NA,NA,"<= day","daily",NA,NA,NA
"2005-07-18",581.817,FALSE,NA,NA,"<= day","daily",NA,NA,NA
"2005-07-19",536.617,FALSE,NA,NA,"<= day","daily",NA,NA,NA
"2005-07-20",509.225,FALSE,NA,NA,"<= day","daily",NA,NA,NA
"2005-07-21",478.079,FALSE,NA,NA,"<= day","daily",NA,NA,NA
"2005-07-22",450.913,FALSE,NA,NA,"<= day","daily",NA,NA,NA
"2005-07-23",433.688,FALSE,NA,NA,"<= day","daily",NA,NA,NA
"2005-07-24",423.058,FALSE,NA,NA,"<= day","daily",NA,NA,NA
"2005-07-25",444.262,FALSE,NA,NA,"<= day","daily",NA,NA,NA
"2005-07-26",516.471,FALSE,NA,NA,"<= day","daily",NA,NA,NA
"2005-07-27",457.9,FALSE,NA,NA,"<= day","daily",NA,NA,NA
"2005-07-28",426.408,FALSE,NA,NA,"<= day","daily",NA,NA,NA
"2005-07-29",401.883,FALSE,NA,NA,"<= day","daily",NA,NA,NA
"2005-07-30",388.575,FALSE,NA,NA,"<= day","daily",NA,NA,NA
"2005-07-31",377.054,FALSE,NA,NA,"<= day","daily",NA,NA,NA
"2005-08-01",361.867,FALSE,NA,NA,"<= day","daily",NA,NA,NA
"2005-08-02",349.7,FALSE,NA,NA,"<= day","daily",NA,NA,NA
"2005-08-03",339.992,FALSE,NA,NA,"<= day","daily",NA,NA,NA
"2005-08-04",338.596,FALSE,NA,NA,"<= day","daily",NA,NA,NA
"2005-08-05",329.8,FALSE,NA,NA,"<= day","daily",NA,NA,NA
"2005-08-06",317.879,FALSE,NA,NA,"<= day","daily",NA,NA,NA
"2005-08-07",318.229,FALSE,NA,NA,"<= day","daily",NA,NA,NA
"2005-08-08",318.825,FALSE,NA,NA,"<= day","daily",NA,NA,NA
"2005-08-09",320.825,FALSE,NA,NA,"<= day","daily",NA,NA,NA
"2005-08-10",311.325,FALSE,NA,NA,"<= day","daily",NA,NA,NA
"2005-08-11",306.304,FALSE,NA,NA,"<= day","daily",NA,NA,NA
"2005-08-12",299.329,FALSE,NA,NA,"<= day","daily",NA,NA,NA
"2005-08-13",295.608,FALSE,NA,NA,"<= day","daily",NA,NA,NA
"2005-08-14",292.55,FALSE,NA,NA,"<= day","daily",NA,NA,NA
"2005-08-15",632.812,FALSE,NA,NA,"<= day","daily",NA,NA,NA
"2005-08-16",744.9,FALSE,NA,NA,"<= day","daily",NA,NA,NA
"2005-08-17",816.867,FALSE,NA,NA,"<= day","daily",NA,NA,NA
"2005-08-18",836.096,FALSE,NA,NA,"<= day","daily",NA,NA,NA
"2005-08-19",734.9,FALSE,NA,NA,"<= day","daily",NA,NA,NA
"2005-08-20",618.046,FALSE,NA,NA,"<= day","daily",NA,NA,NA
"2005-08-21",843.496,FALSE,NA,NA,"<= day","daily",NA,NA,NA
"2005-08-22",930.013,FALSE,NA,NA,"<= day","daily",NA,NA,NA
"2005-08-23",899.692,FALSE,NA,NA,"<= day","daily",NA,NA,NA
"2005-08-24",855.554,FALSE,NA,NA,"<= day","daily",NA,NA,NA
"2005-08-25",777.721,FALSE,NA,NA,"<= day","daily",NA,NA,NA
"2005-08-26",702.083,FALSE,NA,NA,"<= day","daily",NA,NA,NA
"2005-08-27",655.2,FALSE,NA,NA,"<= day","daily",NA,NA,NA
"2005-08-28",608.829,FALSE,NA,NA,"<= day","daily",NA,NA,NA
"2005-08-29",568.225,FALSE,NA,NA,"<= day","daily",NA,NA,NA
"2005-08-30",524.612,FALSE,NA,NA,"<= day","daily",NA,NA,NA
"2005-08-31",482.771,FALSE,NA,NA,"<= day","daily",NA,NA,NA
"2005-09-01",458.858,FALSE,NA,NA,"<= day","daily",NA,NA,NA
"2005-09-02",446.083,FALSE,NA,NA,"<= day","daily",NA,NA,NA
"2005-09-03",435.85,FALSE,NA,NA,"<= day","daily",NA,NA,NA
"2005-09-04",419.567,FALSE,NA,NA,"<= day","daily",NA,NA,NA
"2005-09-05",398.704,FALSE,NA,NA,"<= day","daily",NA,NA,NA
"2005-09-06",380.117,FALSE,NA,NA,"<= day","daily",NA,NA,NA
"2005-09-07",368.571,FALSE,NA,NA,"<= day","daily",NA,NA,NA
"2005-09-08",358.167,FALSE,NA,NA,"<= day","daily",NA,NA,NA
"2005-09-09",348.179,FALSE,NA,NA,"<= day","daily",NA,NA,NA
"2005-09-10",343.704,FALSE,NA,NA,"<= day","daily",NA,NA,NA
"2005-09-11",335.95,FALSE,NA,NA,"<= day","daily",NA,NA,NA
"2005-09-12",332.175,FALSE,NA,NA,"<= day","daily",NA,NA,NA
"2005-09-13",326.262,FALSE,NA,NA,"<= day","daily",NA,NA,NA
"2005-09-14",317.142,FALSE,NA,NA,"<= day","daily",NA,NA,NA
"2005-09-15",309.875,FALSE,NA,NA,"<= day","daily",NA,NA,NA
"2005-09-16",302.246,FALSE,NA,NA,"<= day","daily",NA,NA,NA
"2005-09-17",374.625,FALSE,NA,NA,"<= day","daily",NA,NA,NA
"2005-09-18",526.1,FALSE,NA,NA,"<= day","daily",NA,NA,NA
"2005-09-19",424.808,FALSE,NA,NA,"<= day","daily",NA,NA,NA
"2005-09-20",393.242,FALSE,NA,NA,"<= day","daily",NA,NA,NA
"2005-09-21",485.892,FALSE,NA,NA,"<= day","daily",NA,NA,NA
"2005-09-22",420.862,FALSE,NA,NA,"<= day","daily",NA,NA,NA
"2005-09-23",368.979,FALSE,NA,NA,"<= day","daily",NA,NA,NA
"2005-09-24",342.288,FALSE,NA,NA,"<= day","daily",NA,NA,NA
"2005-09-25",325.117,FALSE,NA,NA,"<= day","daily",NA,NA,NA
"2005-09-26",318.233,FALSE,NA,NA,"<= day","daily",NA,NA,NA
"2005-09-27",318.642,FALSE,NA,NA,"<= day","daily",NA,NA,NA
"2005-09-28",331.138,FALSE,NA,NA,"<= day","daily",NA,NA,NA
"2005-09-29",314.238,FALSE,NA,NA,"<= day","daily",NA,NA,NA
"2005-09-30",380.333,FALSE,NA,NA,"<= day","daily",NA,NA,NA
"2005-10-01",402.1,FALSE,NA,NA,"<= day","daily",NA,NA,NA
"2005-10-02",352.567,FALSE,NA,NA,"<= day","daily",NA,NA,NA
"2005-10-03",333.196,FALSE,NA,NA,"<= day","daily",NA,NA,NA
"2005-10-04",366.4,FALSE,NA,NA,"<= day","daily",NA,NA,NA
"2005-10-05",373.525,FALSE,NA,NA,"<= day","daily",NA,NA,NA
"2005-10-06",345.587,FALSE,NA,NA,"<= day","daily",NA,NA,NA
"2005-10-07",323.029,FALSE,NA,NA,"<= day","daily",NA,NA,NA
"2005-10-08",303.754,FALSE,NA,NA,"<= day","daily",NA,NA,NA
"2005-10-09",293.442,FALSE,NA,NA,"<= day","daily",NA,NA,NA
"2005-10-10",287.6,FALSE,NA,NA,"<= day","daily",NA,NA,NA
"2005-10-11",272.854,FALSE,NA,NA,"<= day","daily",NA,NA,NA
"2005-10-12",267.071,FALSE,NA,NA,"<= day","daily",NA,NA,NA
"2005-10-13",262.55,FALSE,NA,NA,"<= day","daily",NA,NA,NA
"2005-10-14",261.454,FALSE,NA,NA,"<= day","daily",NA,NA,NA
"2005-10-15",259.096,FALSE,NA,NA,"<= day","daily",NA,NA,NA
"2005-10-16",250.95,FALSE,NA,NA,"<= day","daily",NA,NA,NA
"2005-10-17",246.542,FALSE,NA,NA,"<= day","daily",NA,NA,NA
"2005-10-18",241.392,FALSE,NA,NA,"<= day","daily",NA,NA,NA
"2005-10-19",239.308,FALSE,NA,NA,"<= day","daily",NA,NA,NA
"2005-10-20",232.808,FALSE,NA,NA,"<= day","daily",NA,NA,NA
"2005-10-21",228.762,FALSE,NA,NA,"<= day","daily",NA,NA,NA
"2005-10-22",228.025,FALSE,NA,NA,"<= day","daily",NA,NA,NA
"2005-10-23",226.2,FALSE,NA,NA,"<= day","daily",NA,NA,NA
"2005-10-24",225.571,FALSE,NA,NA,"<= day","daily",NA,NA,NA
"2005-10-25",222.754,FALSE,NA,NA,"<= day","daily",NA,NA,NA
"2005-10-26",221.908,FALSE,NA,NA,"<= day","daily",NA,NA,NA
"2005-10-27",217.121,FALSE,NA,NA,"<= day","daily",NA,NA,NA
"2005-10-28",216.279,FALSE,NA,NA,"<= day","daily",NA,NA,NA
"2005-10-29",213.558,FALSE,NA,NA,"<= day","daily",NA,NA,NA
"2005-10-30",207.008,FALSE,NA,NA,"<= day","daily",NA,NA,NA
"2005-10-31",206.363,FALSE,NA,NA,"<= day","daily",NA,NA,NA
"2005-11-01",205.029,FALSE,NA,NA,"<= day","daily",NA,NA,NA
"2005-11-02",202.954,FALSE,NA,NA,"<= day","daily",NA,NA,NA
"2005-11-03",202.833,FALSE,NA,NA,"<= day","daily",NA,NA,NA
"2005-11-04",200.258,FALSE,NA,NA,"<= day","daily",NA,NA,NA
"2005-11-05",198.658,FALSE,NA,NA,"<= day","daily",NA,NA,NA
"2005-11-06",199.079,FALSE,NA,NA,"<= day","daily",NA,NA,NA
"2005-11-07",195.287,FALSE,NA,NA,"<= day","daily",NA,NA,NA
"2005-11-08",194.379,FALSE,NA,NA,"<= day","daily",NA,NA,NA
"2005-11-09",188.912,FALSE,NA,NA,"<= day","daily",NA,NA,NA
"2005-11-10",196.175,FALSE,NA,NA,"<= day","daily",NA,NA,NA
"2005-11-11",188.954,FALSE,NA,NA,"<= day","daily",NA,NA,NA
"2005-11-12",182.55,FALSE,NA,NA,"<= day","daily",NA,NA,NA
"2005-11-13",179.9,FALSE,NA,NA,"<= day","daily",NA,NA,NA
"2005-11-14",178.975,FALSE,NA,NA,"<= day","daily",NA,NA,NA
"2005-11-15",175.421,FALSE,NA,NA,"<= day","daily",NA,NA,NA
"2005-11-16",174.113,FALSE,NA,NA,"<= day","daily",NA,NA,NA
"2005-11-17",171.658,FALSE,NA,NA,"<= day","daily",NA,NA,NA
"2005-11-18",171.975,FALSE,NA,NA,"<= day","daily",NA,NA,NA
"2005-11-19",171.05,FALSE,NA,NA,"<= day","daily",NA,NA,NA
"2005-11-20",169.275,FALSE,NA,NA,"<= day","daily",NA,NA,NA
"2005-11-21",168.604,FALSE,NA,NA,"<= day","daily",NA,NA,NA
"2005-11-22",166.725,FALSE,NA,NA,"<= day","daily",NA,NA,NA
"2005-11-23",165.879,FALSE,NA,NA,"<= day","daily",NA,NA,NA
"2005-11-24",163.1,FALSE,NA,NA,"<= day","daily",NA,NA,NA
"2005-11-25",159.938,FALSE,NA,NA,"<= day","daily",NA,NA,NA
"2005-11-26",157.625,FALSE,NA,NA,"<= day","daily",NA,NA,NA
"2005-11-27",157.675,FALSE,NA,NA,"<= day","daily",NA,NA,NA
"2005-11-28",157.458,FALSE,NA,NA,"<= day","daily",NA,NA,NA
"2005-11-29",156.829,FALSE,NA,NA,"<= day","daily",NA,NA,NA
"2005-11-30",157.963,FALSE,NA,NA,"<= day","daily",NA,NA,NA
"2005-12-01",158.308,FALSE,NA,NA,"<= day","daily",NA,NA,NA
"2005-12-02",156.688,FALSE,NA,NA,"<= day","daily",NA,NA,NA
"2005-12-03",156.188,FALSE,NA,NA,"<= day","daily",NA,NA,NA
"2005-12-04",155.95,FALSE,NA,NA,"<= day","daily",NA,NA,NA
"2005-12-05",155.358,FALSE,NA,NA,"<= day","daily",NA,NA,NA
"2005-12-06",155.383,FALSE,NA,NA,"<= day","daily",NA,NA,NA
"2005-12-07",153.942,FALSE,NA,NA,"<= day","daily",NA,NA,NA
"2005-12-08",152.708,FALSE,NA,NA,"<= day","daily",NA,NA,NA
"2005-12-09",156.475,FALSE,NA,NA,"<= day","daily",NA,NA,NA
"2005-12-10",158.558,FALSE,NA,NA,"<= day","daily",NA,NA,NA
"2005-12-11",156.662,FALSE,NA,NA,"<= day","daily",NA,NA,NA
"2005-12-12",149.854,FALSE,NA,NA,"<= day","daily",NA,NA,NA
"2005-12-13",151.287,FALSE,NA,NA,"<= day","daily",NA,NA,NA
"2005-12-14",147.688,FALSE,NA,NA,"<= day","daily",NA,NA,NA
"2005-12-15",143.329,FALSE,NA,NA,"<= day","daily",NA,NA,NA
"2005-12-16",140.904,FALSE,NA,NA,"<= day","daily",NA,NA,NA
"2005-12-17",142.608,FALSE,NA,NA,"<= day","daily",NA,NA,NA
"2005-12-18",144.142,FALSE,NA,NA,"<= day","daily",NA,NA,NA
"2005-12-19",144.246,FALSE,NA,NA,"<= day","daily",NA,NA,NA
"2005-12-20",141.842,FALSE,NA,NA,"<= day","daily",NA,NA,NA
"2005-12-21",140.017,FALSE,NA,NA,"<= day","daily",NA,NA,NA
"2005-12-22",136.292,FALSE,NA,NA,"<= day","daily",NA,NA,NA
"2005-12-23",134.996,FALSE,NA,NA,"<= day","daily",NA,NA,NA
"2005-12-24",134.713,FALSE,NA,NA,"<= day","daily",NA,NA,NA
"2005-12-25",131.971,FALSE,NA,NA,"<= day","daily",NA,NA,NA
"2005-12-26",131.692,FALSE,NA,NA,"<= day","daily",NA,NA,NA
"2005-12-27",131.083,FALSE,NA,NA,"<= day","daily",NA,NA,NA
"2005-12-28",131.25,FALSE,NA,NA,"<= day","daily",NA,NA,NA
"2005-12-29",132.7,FALSE,NA,NA,"<= day","daily",NA,NA,NA
"2005-12-30",131.938,FALSE,NA,NA,"<= day","daily",NA,NA,NA
"2005-12-31",132.504,FALSE,NA,NA,"<= day","daily",NA,NA,NA
"2006-01-01",134.129,FALSE,NA,NA,"<= day","daily",NA,NA,NA
"2006-01-02",135.017,FALSE,NA,NA,"<= day","daily",NA,NA,NA
"2006-01-03",136.033,FALSE,NA,NA,"<= day","daily",NA,NA,NA
"2006-01-04",137.225,FALSE,NA,NA,"<= day","daily",NA,NA,NA
"2006-01-05",135.917,FALSE,NA,NA,"<= day","daily",NA,NA,NA
"2006-01-06",136.537,FALSE,NA,NA,"<= day","daily",NA,NA,NA
"2006-01-07",137.604,FALSE,NA,NA,"<= day","daily",NA,NA,NA
"2006-01-08",138.821,FALSE,NA,NA,"<= day","daily",NA,NA,NA
"2006-01-09",138.929,FALSE,NA,NA,"<= day","daily",NA,NA,NA
"2006-01-10",138.4,FALSE,NA,NA,"<= day","daily",NA,NA,NA
"2006-01-11",138.058,FALSE,NA,NA,"<= day","daily",NA,NA,NA
"2006-01-12",141.071,FALSE,NA,NA,"<= day","daily",NA,NA,NA
"2006-01-13",139.012,FALSE,NA,NA,"<= day","daily",NA,NA,NA
"2006-01-14",132.825,FALSE,NA,NA,"<= day","daily",NA,NA,NA
"2006-01-15",128.296,FALSE,NA,NA,"<= day","daily",NA,NA,NA
"2006-01-16",124.283,FALSE,NA,NA,"<= day","daily",NA,NA,NA
"2006-01-17",122.408,FALSE,NA,NA,"<= day","daily",NA,NA,NA
"2006-01-18",121.104,FALSE,NA,NA,"<= day","daily",NA,NA,NA
"2006-01-19",122.804,FALSE,NA,NA,"<= day","daily",NA,NA,NA
"2006-01-20",123.096,FALSE,NA,NA,"<= day","daily",NA,NA,NA
"2006-01-21",122.208,FALSE,NA,NA,"<= day","daily",NA,NA,NA
"2006-01-22",125.179,FALSE,NA,NA,"<= day","daily",NA,NA,NA
"2006-01-23",126.612,FALSE,NA,NA,"<= day","daily",NA,NA,NA
"2006-01-24",126.133,FALSE,NA,NA,"<= day","daily",NA,NA,NA
"2006-01-25",121.658,FALSE,NA,NA,"<= day","daily",NA,NA,NA
"2006-01-26",120.912,FALSE,NA,NA,"<= day","daily",NA,NA,NA
"2006-01-27",120.65,FALSE,NA,NA,"<= day","daily",NA,NA,NA
"2006-01-28",121.475,FALSE,NA,NA,"<= day","daily",NA,NA,NA
"2006-01-29",120.042,FALSE,NA,NA,"<= day","daily",NA,NA,NA
"2006-01-30",121.008,FALSE,NA,NA,"<= day","daily",NA,NA,NA
"2006-01-31",120.55,FALSE,NA,NA,"<= day","daily",NA,NA,NA
"2006-02-01",120.154,FALSE,NA,NA,"<= day","daily",NA,NA,NA
"2006-02-02",119.183,FALSE,NA,NA,"<= day","daily",NA,NA,NA
"2006-02-03",117.683,FALSE,NA,NA,"<= day","daily",NA,NA,NA
"2006-02-04",116.971,FALSE,NA,NA,"<= day","daily",NA,NA,NA
"2006-02-05",115.692,FALSE,NA,NA,"<= day","daily",NA,NA,NA
"2006-02-06",113.988,FALSE,NA,NA,"<= day","daily",NA,NA,NA
"2006-02-07",111.5,FALSE,NA,NA,"<= day","daily",NA,NA,NA
"2006-02-08",110.246,FALSE,NA,NA,"<= day","daily",NA,NA,NA
"2006-02-09",109.537,FALSE,NA,NA,"<= day","daily",NA,NA,NA
"2006-02-10",110.275,FALSE,NA,NA,"<= day","daily",NA,NA,NA
"2006-02-11",111.85,FALSE,NA,NA,"<= day","daily",NA,NA,NA
"2006-02-12",112.275,FALSE,NA,NA,"<= day","daily",NA,NA,NA
"2006-02-13",112.817,FALSE,NA,NA,"<= day","daily",NA,NA,NA
"2006-02-14",112.221,FALSE,NA,NA,"<= day","daily",NA,NA,NA
"2006-02-15",110.396,FALSE,NA,NA,"<= day","daily",NA,NA,NA
"2006-02-16",107.954,FALSE,NA,NA,"<= day","daily",NA,NA,NA
"2006-02-17",108.042,FALSE,NA,NA,"<= day","daily",NA,NA,NA
"2006-02-18",108.408,FALSE,NA,NA,"<= day","daily",NA,NA,NA
"2006-02-19",109.142,FALSE,NA,NA,"<= day","daily",NA,NA,NA
"2006-02-20",109.45,FALSE,NA,NA,"<= day","daily",NA,NA,NA
"2006-02-21",114.088,FALSE,NA,NA,"<= day","daily",NA,NA,NA
"2006-02-22",118.267,FALSE,NA,NA,"<= day","daily",NA,NA,NA
"2006-02-23",116.904,FALSE,NA,NA,"<= day","daily",NA,NA,NA
"2006-02-24",114.725,FALSE,NA,NA,"<= day","daily",NA,NA,NA
"2006-02-25",111.238,FALSE,NA,NA,"<= day","daily",NA,NA,NA
"2006-02-26",108.317,FALSE,NA,NA,"<= day","daily",NA,NA,NA
"2006-02-27",106.879,FALSE,NA,NA,"<= day","daily",NA,NA,NA
"2006-02-28",103.512,FALSE,NA,NA,"<= day","daily",NA,NA,NA
"2006-03-01",104.004,FALSE,NA,NA,"<= day","daily",NA,NA,NA
"2006-03-02",104.654,FALSE,NA,NA,"<= day","daily",NA,NA,NA
"2006-03-03",104.521,FALSE,NA,NA,"<= day","daily",NA,NA,NA
"2006-03-04",102.512,FALSE,NA,NA,"<= day","daily",NA,NA,NA
"2006-03-05",103.854,FALSE,NA,NA,"<= day","daily",NA,NA,NA
"2006-03-06",104.729,FALSE,NA,NA,"<= day","daily",NA,NA,NA
"2006-03-07",105.1,FALSE,NA,NA,"<= day","daily",NA,NA,NA
"2006-03-08",105.046,FALSE,NA,NA,"<= day","daily",NA,NA,NA
"2006-03-09",104.329,FALSE,NA,NA,"<= day","daily",NA,NA,NA
"2006-03-10",106.883,FALSE,NA,NA,"<= day","daily",NA,NA,NA
"2006-03-11",107.692,FALSE,NA,NA,"<= day","daily",NA,NA,NA
"2006-03-12",107.383,FALSE,NA,NA,"<= day","daily",NA,NA,NA
"2006-03-13",108.496,FALSE,NA,NA,"<= day","daily",NA,NA,NA
"2006-03-14",109.229,FALSE,NA,NA,"<= day","daily",NA,NA,NA
"2006-03-15",107.262,FALSE,NA,NA,"<= day","daily",NA,NA,NA
"2006-03-16",107.238,FALSE,NA,NA,"<= day","daily",NA,NA,NA
"2006-03-17",105.421,FALSE,NA,NA,"<= day","daily",NA,NA,NA
"2006-03-18",103.638,FALSE,NA,NA,"<= day","daily",NA,NA,NA
"2006-03-19",103.125,FALSE,NA,NA,"<= day","daily",NA,NA,NA
"2006-03-20",108.221,FALSE,NA,NA,"<= day","daily",NA,NA,NA
"2006-03-21",116.537,FALSE,NA,NA,"<= day","daily",NA,NA,NA
"2006-03-22",123.213,FALSE,NA,NA,"<= day","daily",NA,NA,NA
"2006-03-23",141.079,FALSE,NA,NA,"<= day","daily",NA,NA,NA
"2006-03-24",136.883,FALSE,NA,NA,"<= day","daily",NA,NA,NA
"2006-03-25",134.254,FALSE,NA,NA,"<= day","daily",NA,NA,NA
"2006-03-26",163.042,FALSE,NA,NA,"<= day","daily",NA,NA,NA
"2006-03-27",453.929,FALSE,NA,NA,"<= day","daily",NA,NA,NA
"2006-03-28",717.592,FALSE,NA,NA,"<= day","daily",NA,NA,NA
"2006-03-29",688.167,FALSE,NA,NA,"<= day","daily",NA,NA,NA
"2006-03-30",524.617,FALSE,NA,NA,"<= day","daily",NA,NA,NA
"2006-03-31",535.646,FALSE,NA,NA,"<= day","daily",NA,NA,NA
"2006-04-01",657.75,FALSE,NA,NA,"<= day","daily",NA,NA,NA
"2006-04-02",686.879,FALSE,NA,NA,"<= day","daily",NA,NA,NA
"2006-04-03",723.45,FALSE,NA,NA,"<= day","daily",NA,NA,NA
"2006-04-04",664.904,FALSE,NA,NA,"<= day","daily",NA,NA,NA
"2006-04-05",550.404,FALSE,NA,NA,"<= day","daily",NA,NA,NA
"2006-04-06",496.996,FALSE,NA,NA,"<= day","daily",NA,NA,NA
"2006-04-07",444.767,FALSE,NA,NA,"<= day","daily",NA,NA,NA
"2006-04-08",427.025,FALSE,NA,NA,"<= day","daily",NA,NA,NA
"2006-04-09",465.862,FALSE,NA,NA,"<= day","daily",NA,NA,NA
"2006-04-10",545.708,FALSE,NA,NA,"<= day","daily",NA,NA,NA
"2006-04-11",657.429,FALSE,NA,NA,"<= day","daily",NA,NA,NA
"2006-04-12",588.871,FALSE,NA,NA,"<= day","daily",NA,NA,NA
"2006-04-13",498.525,FALSE,NA,NA,"<= day","daily",NA,NA,NA
"2006-04-14",456.583,FALSE,NA,NA,"<= day","daily",NA,NA,NA
"2006-04-15",542.696,FALSE,NA,NA,"<= day","daily",NA,NA,NA
"2006-04-16",669.125,FALSE,NA,NA,"<= day","daily",NA,NA,NA
"2006-04-17",754.45,FALSE,NA,NA,"<= day","daily",NA,NA,NA
"2006-04-18",785.475,FALSE,NA,NA,"<= day","daily",NA,NA,NA
"2006-04-19",809.804,FALSE,NA,NA,"<= day","daily",NA,NA,NA
"2006-04-20",828.817,FALSE,NA,NA,"<= day","daily",NA,NA,NA
"2006-04-21",817.133,FALSE,NA,NA,"<= day","daily",NA,NA,NA
"2006-04-22",843.412,FALSE,NA,NA,"<= day","daily",NA,NA,NA
"2006-04-23",872.329,FALSE,NA,NA,"<= day","daily",NA,NA,NA
"2006-04-24",914.796,FALSE,NA,NA,"<= day","daily",NA,NA,NA
"2006-04-25",952.729,FALSE,NA,NA,"<= day","daily",NA,NA,NA
"2006-04-26",971.242,FALSE,NA,NA,"<= day","daily",NA,NA,NA
"2006-04-27",979.958,FALSE,NA,NA,"<= day","daily",NA,NA,NA
"2006-04-28",996.983,FALSE,NA,NA,"<= day","daily",NA,NA,NA
"2006-04-29",1021.271,FALSE,NA,NA,"<= day","daily",NA,NA,NA
"2006-04-30",1019.592,FALSE,NA,NA,"<= day","daily",NA,NA,NA
"2006-05-01",984.892,FALSE,NA,NA,"<= day","daily",NA,NA,NA
"2006-05-02",961.479,FALSE,NA,NA,"<= day","daily",NA,NA,NA
"2006-05-03",938.304,FALSE,NA,NA,"<= day","daily",NA,NA,NA
"2006-05-04",943.271,FALSE,NA,NA,"<= day","daily",NA,NA,NA
"2006-05-05",927.763,FALSE,NA,NA,"<= day","daily",NA,NA,NA
"2006-05-06",901.979,FALSE,NA,NA,"<= day","daily",NA,NA,NA
"2006-05-07",877.788,FALSE,NA,NA,"<= day","daily",NA,NA,NA
"2006-05-08",866.579,FALSE,NA,NA,"<= day","daily",NA,NA,NA
"2006-05-09",859.254,FALSE,NA,NA,"<= day","daily",NA,NA,NA
"2006-05-10",856.654,FALSE,NA,NA,"<= day","daily",NA,NA,NA
"2006-05-11",860.646,FALSE,NA,NA,"<= day","daily",NA,NA,NA
"2006-05-12",848.987,FALSE,NA,NA,"<= day","daily",NA,NA,NA
"2006-05-13",851.967,FALSE,NA,NA,"<= day","daily",NA,NA,NA
"2006-05-14",872.533,FALSE,NA,NA,"<= day","daily",NA,NA,NA
"2006-05-15",858.154,FALSE,NA,NA,"<= day","daily",NA,NA,NA
"2006-05-16",852.233,FALSE,NA,NA,"<= day","daily",NA,NA,NA
"2006-05-17",866.737,FALSE,NA,NA,"<= day","daily",NA,NA,NA
"2006-05-18",886.467,FALSE,NA,NA,"<= day","daily",NA,NA,NA
"2006-05-19",911.896,FALSE,NA,NA,"<= day","daily",NA,NA,NA
"2006-05-20",920.542,FALSE,NA,NA,"<= day","daily",NA,NA,NA
"2006-05-21",917.196,FALSE,NA,NA,"<= day","daily",NA,NA,NA
"2006-05-22",893.271,FALSE,NA,NA,"<= day","daily",NA,NA,NA
"2006-05-23",875.812,FALSE,NA,NA,"<= day","daily",NA,NA,NA
"2006-05-24",843.075,FALSE,NA,NA,"<= day","daily",NA,NA,NA
"2006-05-25",774.733,FALSE,NA,NA,"<= day","daily",NA,NA,NA
"2006-05-26",726.204,FALSE,NA,NA,"<= day","daily",NA,NA,NA
"2006-05-27",832.146,FALSE,NA,NA,"<= day","daily",NA,NA,NA
"2006-05-28",862.45,FALSE,NA,NA,"<= day","daily",NA,NA,NA
"2006-05-29",869.046,FALSE,NA,NA,"<= day","daily",NA,NA,NA
"2006-05-30",872.867,FALSE,NA,NA,"<= day","daily",NA,NA,NA
"2006-05-31",856.704,FALSE,NA,NA,"<= day","daily",NA,NA,NA
"2006-06-01",816.854,FALSE,NA,NA,"<= day","daily",NA,NA,NA
"2006-06-02",782.358,FALSE,NA,NA,"<= day","daily",NA,NA,NA
"2006-06-03",1015.325,FALSE,NA,NA,"<= day","daily",NA,NA,NA
"2006-06-04",1095.946,FALSE,NA,NA,"<= day","daily",NA,NA,NA
"2006-06-05",1096.392,FALSE,NA,NA,"<= day","daily",NA,NA,NA
"2006-06-06",1073.963,FALSE,NA,NA,"<= day","daily",NA,NA,NA
"2006-06-07",1043.05,FALSE,NA,NA,"<= day","daily",NA,NA,NA
"2006-06-08",1006.379,FALSE,NA,NA,"<= day","daily",NA,NA,NA
"2006-06-09",958.725,FALSE,NA,NA,"<= day","daily",NA,NA,NA
"2006-06-10",932.588,FALSE,NA,NA,"<= day","daily",NA,NA,NA
"2006-06-11",957.317,FALSE,NA,NA,"<= day","daily",NA,NA,NA
"2006-06-12",911.938,FALSE,NA,NA,"<= day","daily",NA,NA,NA
"2006-06-13",863.162,FALSE,NA,NA,"<= day","daily",NA,NA,NA
"2006-06-14",806.279,FALSE,NA,NA,"<= day","daily",NA,NA,NA
"2006-06-15",760.746,FALSE,NA,NA,"<= day","daily",NA,NA,NA
"2006-06-16",723.588,FALSE,NA,NA,"<= day","daily",NA,NA,NA
"2006-06-17",684.654,FALSE,NA,NA,"<= day","daily",NA,NA,NA
"2006-06-18",650.079,FALSE,NA,NA,"<= day","daily",NA,NA,NA
"2006-06-19",617.888,FALSE,NA,NA,"<= day","daily",NA,NA,NA
"2006-06-20",596.662,FALSE,NA,NA,"<= day","daily",NA,NA,NA
"2006-06-21",564.021,FALSE,NA,NA,"<= day","daily",NA,NA,NA
"2006-06-22",542.129,FALSE,NA,NA,"<= day","daily",NA,NA,NA
"2006-06-23",525.133,FALSE,NA,NA,"<= day","daily",NA,NA,NA
"2006-06-24",504.246,FALSE,NA,NA,"<= day","daily",NA,NA,NA
"2006-06-25",488.917,FALSE,NA,NA,"<= day","daily",NA,NA,NA
"2006-06-26",480.913,FALSE,NA,NA,"<= day","daily",NA,NA,NA
"2006-06-27",482.958,FALSE,NA,NA,"<= day","daily",NA,NA,NA
"2006-06-28",495.279,FALSE,NA,NA,"<= day","daily",NA,NA,NA
"2006-06-29",522.479,FALSE,NA,NA,"<= day","daily",NA,NA,NA
"2006-06-30",575.654,FALSE,NA,NA,"<= day","daily",NA,NA,NA
"2006-07-01",553.971,FALSE,NA,NA,"<= day","daily",NA,NA,NA
"2006-07-02",579.496,FALSE,NA,NA,"<= day","daily",NA,NA,NA
"2006-07-03",537.233,FALSE,NA,NA,"<= day","daily",NA,NA,NA
"2006-07-04",494.304,FALSE,NA,NA,"<= day","daily",NA,NA,NA
"2006-07-05",468.029,FALSE,NA,NA,"<= day","daily",NA,NA,NA
"2006-07-06",447.317,FALSE,NA,NA,"<= day","daily",NA,NA,NA
"2006-07-07",518.654,FALSE,NA,NA,"<= day","daily",NA,NA,NA
"2006-07-08",859.629,FALSE,NA,NA,"<= day","daily",NA,NA,NA
"2006-07-09",849.617,FALSE,NA,NA,"<= day","daily",NA,NA,NA
"2006-07-10",771.521,FALSE,NA,NA,"<= day","daily",NA,NA,NA
"2006-07-11",722.671,FALSE,NA,NA,"<= day","daily",NA,NA,NA
"2006-07-12",788.592,FALSE,NA,NA,"<= day","daily",NA,NA,NA
"2006-07-13",714.629,FALSE,NA,NA,"<= day","daily",NA,NA,NA
"2006-07-14",644.646,FALSE,NA,NA,"<= day","daily",NA,NA,NA
"2006-07-15",596.604,FALSE,NA,NA,"<= day","daily",NA,NA,NA
"2006-07-16",554.817,FALSE,NA,NA,"<= day","daily",NA,NA,NA
"2006-07-17",520.246,FALSE,NA,NA,"<= day","daily",NA,NA,NA
"2006-07-18",502.433,FALSE,NA,NA,"<= day","daily",NA,NA,NA
"2006-07-19",477.979,FALSE,NA,NA,"<= day","daily",NA,NA,NA
"2006-07-20",457.692,FALSE,NA,NA,"<= day","daily",NA,NA,NA
"2006-07-21",454.175,FALSE,NA,NA,"<= day","daily",NA,NA,NA
"2006-07-22",463.238,FALSE,NA,NA,"<= day","daily",NA,NA,NA
"2006-07-23",451.433,FALSE,NA,NA,"<= day","daily",NA,NA,NA
"2006-07-24",444.596,FALSE,NA,NA,"<= day","daily",NA,NA,NA
"2006-07-25",444.017,FALSE,NA,NA,"<= day","daily",NA,NA,NA
"2006-07-26",420.454,FALSE,NA,NA,"<= day","daily",NA,NA,NA
"2006-07-27",401.633,FALSE,NA,NA,"<= day","daily",NA,NA,NA
"2006-07-28",387.779,FALSE,NA,NA,"<= day","daily",NA,NA,NA
"2006-07-29",375.583,FALSE,NA,NA,"<= day","daily",NA,NA,NA
"2006-07-30",370.996,FALSE,NA,NA,"<= day","daily",NA,NA,NA
"2006-07-31",361.238,FALSE,NA,NA,"<= day","daily",NA,NA,NA
"2006-08-01",357.75,FALSE,NA,NA,"<= day","daily",NA,NA,NA
"2006-08-02",355.504,FALSE,NA,NA,"<= day","daily",NA,NA,NA
"2006-08-03",378.529,FALSE,NA,NA,"<= day","daily",NA,NA,NA
"2006-08-04",568.571,FALSE,NA,NA,"<= day","daily",NA,NA,NA
"2006-08-05",529.321,FALSE,NA,NA,"<= day","daily",NA,NA,NA
"2006-08-06",521.479,FALSE,NA,NA,"<= day","daily",NA,NA,NA
"2006-08-07",841.708,FALSE,NA,NA,"<= day","daily",NA,NA,NA
"2006-08-08",1132.742,FALSE,NA,NA,"<= day","daily",NA,NA,NA
"2006-08-09",1086.812,FALSE,NA,NA,"<= day","daily",NA,NA,NA
"2006-08-10",1007.908,FALSE,NA,NA,"<= day","daily",NA,NA,NA
"2006-08-11",934.312,FALSE,NA,NA,"<= day","daily",NA,NA,NA
"2006-08-12",857.021,FALSE,NA,NA,"<= day","daily",NA,NA,NA
"2006-08-13",827.267,FALSE,NA,NA,"<= day","daily",NA,NA,NA
"2006-08-14",768.892,FALSE,NA,NA,"<= day","daily",NA,NA,NA
"2006-08-15",707.212,FALSE,NA,NA,"<= day","daily",NA,NA,NA
"2006-08-16",654.375,FALSE,NA,NA,"<= day","daily",NA,NA,NA
"2006-08-17",606.992,FALSE,NA,NA,"<= day","daily",NA,NA,NA
"2006-08-18",561.733,FALSE,NA,NA,"<= day","daily",NA,NA,NA
"2006-08-19",533.792,FALSE,NA,NA,"<= day","daily",NA,NA,NA
"2006-08-20",581.421,FALSE,NA,NA,"<= day","daily",NA,NA,NA
"2006-08-21",744.792,FALSE,NA,NA,"<= day","daily",NA,NA,NA
"2006-08-22",665.75,FALSE,NA,NA,"<= day","daily",NA,NA,NA
"2006-08-23",595.742,FALSE,NA,NA,"<= day","daily",NA,NA,NA
"2006-08-24",536.033,FALSE,NA,NA,"<= day","daily",NA,NA,NA
"2006-08-25",507.6,FALSE,NA,NA,"<= day","daily",NA,NA,NA
"2006-08-26",486.821,FALSE,NA,NA,"<= day","daily",NA,NA,NA
"2006-08-27",470.142,FALSE,NA,NA,"<= day","daily",NA,NA,NA
"2006-08-28",456.229,FALSE,NA,NA,"<= day","daily",NA,NA,NA
"2006-08-29",529.654,FALSE,NA,NA,"<= day","daily",NA,NA,NA
"2006-08-30",539.075,FALSE,NA,NA,"<= day","daily",NA,NA,NA
"2006-08-31",548.438,FALSE,NA,NA,"<= day","daily",NA,NA,NA
"2006-09-01",515.379,FALSE,NA,NA,"<= day","daily",NA,NA,NA
"2006-09-02",472.175,FALSE,NA,NA,"<= day","daily",NA,NA,NA
"2006-09-03",448.942,FALSE,NA,NA,"<= day","daily",NA,NA,NA
"2006-09-04",433.942,FALSE,NA,NA,"<= day","daily",NA,NA,NA
"2006-09-05",420.871,FALSE,NA,NA,"<= day","daily",NA,NA,NA
"2006-09-06",407.438,FALSE,NA,NA,"<= day","daily",NA,NA,NA
"2006-09-07",398.9,FALSE,NA,NA,"<= day","daily",NA,NA,NA
"2006-09-08",403.717,FALSE,NA,NA,"<= day","daily",NA,NA,NA
"2006-09-09",392.163,FALSE,NA,NA,"<= day","daily",NA,NA,NA
"2006-09-10",380.417,FALSE,NA,NA,"<= day","daily",NA,NA,NA
"2006-09-11",366.462,FALSE,NA,NA,"<= day","daily",NA,NA,NA
"2006-09-12",355.175,FALSE,NA,NA,"<= day","daily",NA,NA,NA
"2006-09-13",345.396,FALSE,NA,NA,"<= day","daily",NA,NA,NA
"2006-09-14",338.683,FALSE,NA,NA,"<= day","daily",NA,NA,NA
"2006-09-15",334.983,FALSE,NA,NA,"<= day","daily",NA,NA,NA
"2006-09-16",325.021,FALSE,NA,NA,"<= day","daily",NA,NA,NA
"2006-09-17",323.492,FALSE,NA,NA,"<= day","daily",NA,NA,NA
"2006-09-18",324.404,FALSE,NA,NA,"<= day","daily",NA,NA,NA
"2006-09-19",328.792,FALSE,NA,NA,"<= day","daily",NA,NA,NA
"2006-09-20",429.458,FALSE,NA,NA,"<= day","daily",NA,NA,NA
"2006-09-21",372.554,FALSE,NA,NA,"<= day","daily",NA,NA,NA
"2006-09-22",339.417,FALSE,NA,NA,"<= day","daily",NA,NA,NA
"2006-09-23",324.704,FALSE,NA,NA,"<= day","daily",NA,NA,NA
"2006-09-24",318.042,FALSE,NA,NA,"<= day","daily",NA,NA,NA
"2006-09-25",313.204,FALSE,NA,NA,"<= day","daily",NA,NA,NA
"2006-09-26",305.542,FALSE,NA,NA,"<= day","daily",NA,NA,NA
"2006-09-27",295.25,FALSE,NA,NA,"<= day","daily",NA,NA,NA
"2006-09-28",291.592,FALSE,NA,NA,"<= day","daily",NA,NA,NA
"2006-09-29",287.25,FALSE,NA,NA,"<= day","daily",NA,NA,NA
"2006-09-30",285.633,FALSE,NA,NA,"<= day","daily",NA,NA,NA
"2006-10-01",279.171,FALSE,NA,NA,"<= day","daily",NA,NA,NA
"2006-10-02",273.746,FALSE,NA,NA,"<= day","daily",NA,NA,NA
"2006-10-03",269.996,FALSE,NA,NA,"<= day","daily",NA,NA,NA
"2006-10-04",270.708,FALSE,NA,NA,"<= day","daily",NA,NA,NA
"2006-10-05",271.804,FALSE,NA,NA,"<= day","daily",NA,NA,NA
"2006-10-06",267.25,FALSE,NA,NA,"<= day","daily",NA,NA,NA
"2006-10-07",262.538,FALSE,NA,NA,"<= day","daily",NA,NA,NA
"2006-10-08",261.492,FALSE,NA,NA,"<= day","daily",NA,NA,NA
"2006-10-09",257.788,FALSE,NA,NA,"<= day","daily",NA,NA,NA
"2006-10-10",253.325,FALSE,NA,NA,"<= day","daily",NA,NA,NA
"2006-10-11",250.225,FALSE,NA,NA,"<= day","daily",NA,NA,NA
"2006-10-12",250.154,FALSE,NA,NA,"<= day","daily",NA,NA,NA
"2006-10-13",251.179,FALSE,NA,NA,"<= day","daily",NA,NA,NA
"2006-10-14",247.688,FALSE,NA,NA,"<= day","daily",NA,NA,NA
"2006-10-15",241.921,FALSE,NA,NA,"<= day","daily",NA,NA,NA
"2006-10-16",240.088,FALSE,NA,NA,"<= day","daily",NA,NA,NA
"2006-10-17",233.417,FALSE,NA,NA,"<= day","daily",NA,NA,NA
"2006-10-18",227.925,FALSE,NA,NA,"<= day","daily",NA,NA,NA
"2006-10-19",224.133,FALSE,NA,NA,"<= day","daily",NA,NA,NA
"2006-10-20",220.496,FALSE,NA,NA,"<= day","daily",NA,NA,NA
"2006-10-21",220.438,FALSE,NA,NA,"<= day","daily",NA,NA,NA
"2006-10-22",219.279,FALSE,NA,NA,"<= day","daily",NA,NA,NA
"2006-10-23",218.287,FALSE,NA,NA,"<= day","daily",NA,NA,NA
"2006-10-24",217.246,FALSE,NA,NA,"<= day","daily",NA,NA,NA
"2006-10-25",217.642,FALSE,NA,NA,"<= day","daily",NA,NA,NA
"2006-10-26",216.004,FALSE,NA,NA,"<= day","daily",NA,NA,NA
"2006-10-27",217.229,FALSE,NA,NA,"<= day","daily",NA,NA,NA
"2006-10-28",218.963,FALSE,NA,NA,"<= day","daily",NA,NA,NA
"2006-10-29",225.575,FALSE,NA,NA,"<= day","daily",NA,NA,NA
"2006-10-30",332.638,FALSE,NA,NA,"<= day","daily",NA,NA,NA
"2006-10-31",289.871,FALSE,NA,NA,"<= day","daily",NA,NA,NA
"2006-11-01",268.842,FALSE,NA,NA,"<= day","daily",NA,NA,NA
"2006-11-02",244.613,FALSE,NA,NA,"<= day","daily",NA,NA,NA
"2006-11-03",232.792,FALSE,NA,NA,"<= day","daily",NA,NA,NA
"2006-11-04",225.696,FALSE,NA,NA,"<= day","daily",NA,NA,NA
"2006-11-05",223.104,FALSE,NA,NA,"<= day","daily",NA,NA,NA
"2006-11-06",248.283,FALSE,NA,NA,"<= day","daily",NA,NA,NA
"2006-11-07",261.717,FALSE,NA,NA,"<= day","daily",NA,NA,NA
"2006-11-08",294.7,FALSE,NA,NA,"<= day","daily",NA,NA,NA
"2006-11-09",427.904,FALSE,NA,NA,"<= day","daily",NA,NA,NA
"2006-11-10",496.504,FALSE,NA,NA,"<= day","daily",NA,NA,NA
"2006-11-11",354.204,FALSE,NA,NA,"<= day","daily",NA,NA,NA
"2006-11-12",422.312,FALSE,NA,NA,"<= day","daily",NA,NA,NA
"2006-11-13",402.771,FALSE,NA,NA,"<= day","daily",NA,NA,NA
"2006-11-14",558.067,FALSE,NA,NA,"<= day","daily",NA,NA,NA
"2006-11-15",759.513,FALSE,NA,NA,"<= day","daily",NA,NA,NA
"2006-11-16",685.546,FALSE,NA,NA,"<= day","daily",NA,NA,NA
"2006-11-17",589.029,FALSE,NA,NA,"<= day","daily",NA,NA,NA
"2006-11-18",514.275,FALSE,NA,NA,"<= day","daily",NA,NA,NA
"2006-11-19",460.125,FALSE,NA,NA,"<= day","daily",NA,NA,NA
"2006-11-20",421.704,FALSE,NA,NA,"<= day","daily",NA,NA,NA
"2006-11-21",381.55,FALSE,NA,NA,"<= day","daily",NA,NA,NA
"2006-11-22",344.717,FALSE,NA,NA,"<= day","daily",NA,NA,NA
"2006-11-23",333.837,FALSE,NA,NA,"<= day","daily",NA,NA,NA
"2006-11-24",329.45,FALSE,NA,NA,"<= day","daily",NA,NA,NA
"2006-11-25",339.258,FALSE,NA,NA,"<= day","daily",NA,NA,NA
"2006-11-26",364.533,FALSE,NA,NA,"<= day","daily",NA,NA,NA
"2006-11-27",349.325,FALSE,NA,NA,"<= day","daily",NA,NA,NA
"2006-11-28",323.917,FALSE,NA,NA,"<= day","daily",NA,NA,NA
"2006-11-29",316.667,FALSE,NA,NA,"<= day","daily",NA,NA,NA
"2006-11-30",325.642,FALSE,NA,NA,"<= day","daily",NA,NA,NA
"2006-12-01",305.167,FALSE,NA,NA,"<= day","daily",NA,NA,NA
"2006-12-02",291.583,FALSE,NA,NA,"<= day","daily",NA,NA,NA
"2006-12-03",284.771,FALSE,NA,NA,"<= day","daily",NA,NA,NA
"2006-12-04",276.067,FALSE,NA,NA,"<= day","daily",NA,NA,NA
"2006-12-05",274.625,FALSE,NA,NA,"<= day","daily",NA,NA,NA
"2006-12-06",266.983,FALSE,NA,NA,"<= day","daily",NA,NA,NA
"2006-12-07",267.683,FALSE,NA,NA,"<= day","daily",NA,NA,NA
"2006-12-08",269.229,FALSE,NA,NA,"<= day","daily",NA,NA,NA
"2006-12-09",271.233,FALSE,NA,NA,"<= day","daily",NA,NA,NA
"2006-12-10",280.921,FALSE,NA,NA,"<= day","daily",NA,NA,NA
"2006-12-11",261.512,FALSE,NA,NA,"<= day","daily",NA,NA,NA
"2006-12-12",256.117,FALSE,NA,NA,"<= day","daily",NA,NA,NA
"2006-12-13",250.529,FALSE,NA,NA,"<= day","daily",NA,NA,NA
"2006-12-14",249.4,FALSE,NA,NA,"<= day","daily",NA,NA,NA
"2006-12-15",241.758,FALSE,NA,NA,"<= day","daily",NA,NA,NA
"2006-12-16",231.783,FALSE,NA,NA,"<= day","daily",NA,NA,NA
"2006-12-17",229.375,FALSE,NA,NA,"<= day","daily",NA,NA,NA
"2006-12-18",227.562,FALSE,NA,NA,"<= day","daily",NA,NA,NA
"2006-12-19",227.946,FALSE,NA,NA,"<= day","daily",NA,NA,NA
"2006-12-20",227.358,FALSE,NA,NA,"<= day","daily",NA,NA,NA
"2006-12-21",230.892,FALSE,NA,NA,"<= day","daily",NA,NA,NA
"2006-12-22",225.367,FALSE,NA,NA,"<= day","daily",NA,NA,NA
"2006-12-23",216.104,FALSE,NA,NA,"<= day","daily",NA,NA,NA
"2006-12-24",207.579,FALSE,NA,NA,"<= day","daily",NA,NA,NA
"2006-12-25",207.417,FALSE,NA,NA,"<= day","daily",NA,NA,NA
"2006-12-26",206.533,FALSE,NA,NA,"<= day","daily",NA,NA,NA
"2006-12-27",203.246,FALSE,NA,NA,"<= day","daily",NA,NA,NA
"2006-12-28",199.05,FALSE,NA,NA,"<= day","daily",NA,NA,NA
"2006-12-29",199.438,FALSE,NA,NA,"<= day","daily",NA,NA,NA
"2006-12-30",197.179,FALSE,NA,NA,"<= day","daily",NA,NA,NA
"2006-12-31",195.129,FALSE,NA,NA,"<= day","daily",NA,NA,NA
"2007-01-01",193.912,FALSE,NA,NA,"<= day","daily",NA,NA,NA
"2007-01-02",194.508,FALSE,NA,NA,"<= day","daily",NA,NA,NA
"2007-01-03",192.283,FALSE,NA,NA,"<= day","daily",NA,NA,NA
"2007-01-04",191.238,FALSE,NA,NA,"<= day","daily",NA,NA,NA
"2007-01-05",186.958,FALSE,NA,NA,"<= day","daily",NA,NA,NA
"2007-01-06",187.092,FALSE,NA,NA,"<= day","daily",NA,NA,NA
"2007-01-07",201.762,FALSE,NA,NA,"<= day","daily",NA,NA,NA
"2007-01-08",206.642,FALSE,NA,NA,"<= day","daily",NA,NA,NA
"2007-01-09",209.213,FALSE,NA,NA,"<= day","daily",NA,NA,NA
"2007-01-10",300.475,FALSE,NA,NA,"<= day","daily",NA,NA,NA
"2007-01-11",357.154,FALSE,NA,NA,"<= day","daily",NA,NA,NA
"2007-01-12",392.3,FALSE,NA,NA,"<= day","daily",NA,NA,NA
"2007-01-13",365.742,FALSE,NA,NA,"<= day","daily",NA,NA,NA
"2007-01-14",357.333,FALSE,NA,NA,"<= day","daily",NA,NA,NA
"2007-01-15",325.196,FALSE,NA,NA,"<= day","daily",NA,NA,NA
"2007-01-16",282.533,FALSE,NA,NA,"<= day","daily",NA,NA,NA
"2007-01-17",257.417,FALSE,NA,NA,"<= day","daily",NA,NA,NA
"2007-01-18",244.463,FALSE,NA,NA,"<= day","daily",NA,NA,NA
"2007-01-19",442.267,FALSE,NA,NA,"<= day","daily",NA,NA,NA
"2007-01-20",769.492,FALSE,NA,NA,"<= day","daily",NA,NA,NA
"2007-01-21",734.013,FALSE,NA,NA,"<= day","daily",NA,NA,NA
"2007-01-22",572.183,FALSE,NA,NA,"<= day","daily",NA,NA,NA
"2007-01-23",441.917,FALSE,NA,NA,"<= day","daily",NA,NA,NA
"2007-01-24",380.825,FALSE,NA,NA,"<= day","daily",NA,NA,NA
"2007-01-25",349.854,FALSE,NA,NA,"<= day","daily",NA,NA,NA
"2007-01-26",324.508,FALSE,NA,NA,"<= day","daily",NA,NA,NA
"2007-01-27",305.296,FALSE,NA,NA,"<= day","daily",NA,NA,NA
"2007-01-28",293.05,FALSE,NA,NA,"<= day","daily",NA,NA,NA
"2007-01-29",281.175,FALSE,NA,NA,"<= day","daily",NA,NA,NA
"2007-01-30",271.404,FALSE,NA,NA,"<= day","daily",NA,NA,NA
"2007-01-31",262.075,FALSE,NA,NA,"<= day","daily",NA,NA,NA
"2007-02-01",258.042,FALSE,NA,NA,"<= day","daily",NA,NA,NA
"2007-02-02",253.333,FALSE,NA,NA,"<= day","daily",NA,NA,NA
"2007-02-03",249.85,FALSE,NA,NA,"<= day","daily",NA,NA,NA
"2007-02-04",249.471,FALSE,NA,NA,"<= day","daily",NA,NA,NA
"2007-02-05",249.229,FALSE,NA,NA,"<= day","daily",NA,NA,NA
"2007-02-06",247.054,FALSE,NA,NA,"<= day","daily",NA,NA,NA
"2007-02-07",246.975,FALSE,NA,NA,"<= day","daily",NA,NA,NA
"2007-02-08",245.704,FALSE,NA,NA,"<= day","daily",NA,NA,NA
"2007-02-09",239.8,FALSE,NA,NA,"<= day","daily",NA,NA,NA
"2007-02-10",232.683,FALSE,NA,NA,"<= day","daily",NA,NA,NA
"2007-02-11",232.367,FALSE,NA,NA,"<= day","daily",NA,NA,NA
"2007-02-12",229.296,FALSE,NA,NA,"<= day","daily",NA,NA,NA
"2007-02-13",223.346,FALSE,NA,NA,"<= day","daily",NA,NA,NA
"2007-02-14",219.725,FALSE,NA,NA,"<= day","daily",NA,NA,NA
"2007-02-15",216.304,FALSE,NA,NA,"<= day","daily",NA,NA,NA
"2007-02-16",212.463,FALSE,NA,NA,"<= day","daily",NA,NA,NA
"2007-02-17",213.017,FALSE,NA,NA,"<= day","daily",NA,NA,NA
"2007-02-18",215.933,FALSE,NA,NA,"<= day","daily",NA,NA,NA
"2007-02-19",211.033,FALSE,NA,NA,"<= day","daily",NA,NA,NA
"2007-02-20",210.033,FALSE,NA,NA,"<= day","daily",NA,NA,NA
"2007-02-21",209.4,FALSE,NA,NA,"<= day","daily",NA,NA,NA
"2007-02-22",204.029,FALSE,NA,NA,"<= day","daily",NA,NA,NA
"2007-02-23",206.963,FALSE,NA,NA,"<= day","daily",NA,NA,NA
"2007-02-24",202.954,FALSE,NA,NA,"<= day","daily",NA,NA,NA
"2007-02-25",204.2,FALSE,NA,NA,"<= day","daily",NA,NA,NA
"2007-02-26",210.304,FALSE,NA,NA,"<= day","daily",NA,NA,NA
"2007-02-27",213.279,FALSE,NA,NA,"<= day","daily",NA,NA,NA
"2007-02-28",234.492,FALSE,NA,NA,"<= day","daily",NA,NA,NA
"2007-03-01",290.783,FALSE,NA,NA,"<= day","daily",NA,NA,NA
"2007-03-02",301.858,FALSE,NA,NA,"<= day","daily",NA,NA,NA
"2007-03-03",288.325,FALSE,NA,NA,"<= day","daily",NA,NA,NA
"2007-03-04",312.008,FALSE,NA,NA,"<= day","daily",NA,NA,NA
"2007-03-05",302.038,FALSE,NA,NA,"<= day","daily",NA,NA,NA
"2007-03-06",338.992,FALSE,NA,NA,"<= day","daily",NA,NA,NA
"2007-03-07",434.117,FALSE,NA,NA,"<= day","daily",NA,NA,NA
"2007-03-08",535.217,FALSE,NA,NA,"<= day","daily",NA,NA,NA
"2007-03-09",501,FALSE,NA,NA,"<= day","daily",NA,NA,NA
"2007-03-10",410.167,FALSE,NA,NA,"<= day","daily",NA,NA,NA
"2007-03-11",360.183,FALSE,NA,NA,"<= day","daily",NA,NA,NA
"2007-03-12",338.296,FALSE,NA,NA,"<= day","daily",NA,NA,NA
"2007-03-13",372.808,FALSE,NA,NA,"<= day","daily",NA,NA,NA
"2007-03-14",429.417,FALSE,NA,NA,"<= day","daily",NA,NA,NA
"2007-03-15",440.913,FALSE,NA,NA,"<= day","daily",NA,NA,NA
"2007-03-16",418.142,FALSE,NA,NA,"<= day","daily",NA,NA,NA
"2007-03-17",405.988,FALSE,NA,NA,"<= day","daily",NA,NA,NA
"2007-03-18",393.058,FALSE,NA,NA,"<= day","daily",NA,NA,NA
"2007-03-19",425.146,FALSE,NA,NA,"<= day","daily",NA,NA,NA
"2007-03-20",378.7,FALSE,NA,NA,"<= day","daily",NA,NA,NA
"2007-03-21",331.45,FALSE,NA,NA,"<= day","daily",NA,NA,NA
"2007-03-22",306.375,FALSE,NA,NA,"<= day","daily",NA,NA,NA
"2007-03-23",290.358,FALSE,NA,NA,"<= day","daily",NA,NA,NA
"2007-03-24",283.046,FALSE,NA,NA,"<= day","daily",NA,NA,NA
"2007-03-25",276.521,FALSE,NA,NA,"<= day","daily",NA,NA,NA
"2007-03-26",278.242,FALSE,NA,NA,"<= day","daily",NA,NA,NA
"2007-03-27",286.417,FALSE,NA,NA,"<= day","daily",NA,NA,NA
"2007-03-28",283.308,FALSE,NA,NA,"<= day","daily",NA,NA,NA
"2007-03-29",288.346,FALSE,NA,NA,"<= day","daily",NA,NA,NA
"2007-03-30",304.792,FALSE,NA,NA,"<= day","daily",NA,NA,NA
"2007-03-31",327.096,FALSE,NA,NA,"<= day","daily",NA,NA,NA
"2007-04-01",349.575,FALSE,NA,NA,"<= day","daily",NA,NA,NA
"2007-04-02",394.842,FALSE,NA,NA,"<= day","daily",NA,NA,NA
"2007-04-03",416.433,FALSE,NA,NA,"<= day","daily",NA,NA,NA
"2007-04-04",417.133,FALSE,NA,NA,"<= day","daily",NA,NA,NA
"2007-04-05",361.317,FALSE,NA,NA,"<= day","daily",NA,NA,NA
"2007-04-06",364.208,FALSE,NA,NA,"<= day","daily",NA,NA,NA
"2007-04-07",438.242,FALSE,NA,NA,"<= day","daily",NA,NA,NA
"2007-04-08",486.817,FALSE,NA,NA,"<= day","daily",NA,NA,NA
"2007-04-09",474.725,FALSE,NA,NA,"<= day","daily",NA,NA,NA
"2007-04-10",495.229,FALSE,NA,NA,"<= day","daily",NA,NA,NA
"2007-04-11",541.792,FALSE,NA,NA,"<= day","daily",NA,NA,NA
"2007-04-12",574.062,FALSE,NA,NA,"<= day","daily",NA,NA,NA
"2007-04-13",621.338,FALSE,NA,NA,"<= day","daily",NA,NA,NA
"2007-04-14",651.712,FALSE,NA,NA,"<= day","daily",NA,NA,NA
"2007-04-15",633.592,FALSE,NA,NA,"<= day","daily",NA,NA,NA
"2007-04-16",602.462,FALSE,NA,NA,"<= day","daily",NA,NA,NA
"2007-04-17",550.646,FALSE,NA,NA,"<= day","daily",NA,NA,NA
"2007-04-18",514.013,FALSE,NA,NA,"<= day","daily",NA,NA,NA
"2007-04-19",472.654,FALSE,NA,NA,"<= day","daily",NA,NA,NA
"2007-04-20",458.962,FALSE,NA,NA,"<= day","daily",NA,NA,NA
"2007-04-21",460.383,FALSE,NA,NA,"<= day","daily",NA,NA,NA
"2007-04-22",440.583,FALSE,NA,NA,"<= day","daily",NA,NA,NA
"2007-04-23",429.504,FALSE,NA,NA,"<= day","daily",NA,NA,NA
"2007-04-24",427.104,FALSE,NA,NA,"<= day","daily",NA,NA,NA
"2007-04-25",408.546,FALSE,NA,NA,"<= day","daily",NA,NA,NA
"2007-04-26",400.054,FALSE,NA,NA,"<= day","daily",NA,NA,NA
"2007-04-27",390.525,FALSE,NA,NA,"<= day","daily",NA,NA,NA
"2007-04-28",376.229,FALSE,NA,NA,"<= day","daily",NA,NA,NA
"2007-04-29",360.908,FALSE,NA,NA,"<= day","daily",NA,NA,NA
"2007-04-30",353.033,FALSE,NA,NA,"<= day","daily",NA,NA,NA
"2007-05-01",331.942,FALSE,NA,NA,"<= day","daily",NA,NA,NA
"2007-05-02",316.829,FALSE,NA,NA,"<= day","daily",NA,NA,NA
"2007-05-03",304.95,FALSE,NA,NA,"<= day","daily",NA,NA,NA
"2007-05-04",293.817,FALSE,NA,NA,"<= day","daily",NA,NA,NA
"2007-05-05",303.775,FALSE,NA,NA,"<= day","daily",NA,NA,NA
"2007-05-06",300.629,FALSE,NA,NA,"<= day","daily",NA,NA,NA
"2007-05-07",291.154,FALSE,NA,NA,"<= day","daily",NA,NA,NA
"2007-05-08",281.444,FALSE,NA,NA,"<= day","daily",NA,NA,NA
"2007-06-29",238.575,FALSE,NA,NA,"<= day","daily",NA,NA,NA
"2007-06-30",236.675,FALSE,NA,NA,"<= day","daily",NA,NA,NA
"2007-07-01",230.529,FALSE,NA,NA,"<= day","daily",NA,NA,NA
"2007-07-02",219.167,FALSE,NA,NA,"<= day","daily",NA,NA,NA
"2007-07-03",212.871,FALSE,NA,NA,"<= day","daily",NA,NA,NA
"2007-07-04",228.117,FALSE,NA,NA,"<= day","daily",NA,NA,NA
"2007-07-05",255.537,FALSE,NA,NA,"<= day","daily",NA,NA,NA
"2007-07-06",307.712,FALSE,NA,NA,"<= day","daily",NA,NA,NA
"2007-07-07",302.825,FALSE,NA,NA,"<= day","daily",NA,NA,NA
"2007-07-08",259.738,FALSE,NA,NA,"<= day","daily",NA,NA,NA
"2007-07-09",248.637,FALSE,NA,NA,"<= day","daily",NA,NA,NA
"2007-07-10",504.654,FALSE,NA,NA,"<= day","daily",NA,NA,NA
"2007-07-11",474.021,FALSE,NA,NA,"<= day","daily",NA,NA,NA
"2007-07-12",354.375,FALSE,NA,NA,"<= day","daily",NA,NA,NA
"2007-07-13",313.379,FALSE,NA,NA,"<= day","daily",NA,NA,NA
"2007-07-14",291.846,FALSE,NA,NA,"<= day","daily",NA,NA,NA
"2007-07-15",273.1,FALSE,NA,NA,"<= day","daily",NA,NA,NA
"2007-07-16",255.412,FALSE,NA,NA,"<= day","daily",NA,NA,NA
"2007-07-17",243.617,FALSE,NA,NA,"<= day","daily",NA,NA,NA
"2007-07-18",239.175,FALSE,NA,NA,"<= day","daily",NA,NA,NA
"2007-07-19",233.125,FALSE,NA,NA,"<= day","daily",NA,NA,NA
"2007-07-20",227.367,FALSE,NA,NA,"<= day","daily",NA,NA,NA
"2007-07-21",221.917,FALSE,NA,NA,"<= day","daily",NA,NA,NA
"2007-07-22",216.367,FALSE,NA,NA,"<= day","daily",NA,NA,NA
"2007-07-23",210.6,FALSE,NA,NA,"<= day","daily",NA,NA,NA
"2007-07-24",213.846,FALSE,NA,NA,"<= day","daily",NA,NA,NA
"2007-07-25",213.142,FALSE,NA,NA,"<= day","daily",NA,NA,NA
"2007-07-26",205.329,FALSE,NA,NA,"<= day","daily",NA,NA,NA
"2007-07-27",198.921,FALSE,NA,NA,"<= day","daily",NA,NA,NA
"2007-07-28",195.254,FALSE,NA,NA,"<= day","daily",NA,NA,NA
"2007-07-29",193.188,FALSE,NA,NA,"<= day","daily",NA,NA,NA
"2007-07-30",190.708,FALSE,NA,NA,"<= day","daily",NA,NA,NA
"2007-07-31",186.967,FALSE,NA,NA,"<= day","daily",NA,NA,NA
"2007-08-01",187.762,FALSE,NA,NA,"<= day","daily",NA,NA,NA
"2007-08-02",187.854,FALSE,NA,NA,"<= day","daily",NA,NA,NA
"2007-08-03",192.542,FALSE,NA,NA,"<= day","daily",NA,NA,NA
"2007-08-04",195.238,FALSE,NA,NA,"<= day","daily",NA,NA,NA
"2007-08-05",189.012,FALSE,NA,NA,"<= day","daily",NA,NA,NA
"2007-08-06",185.65,FALSE,NA,NA,"<= day","daily",NA,NA,NA
"2007-08-07",187.671,FALSE,NA,NA,"<= day","daily",NA,NA,NA
"2007-08-08",189.921,FALSE,NA,NA,"<= day","daily",NA,NA,NA
"2007-08-09",197.017,FALSE,NA,NA,"<= day","daily",NA,NA,NA
"2007-08-10",221.258,FALSE,NA,NA,"<= day","daily",NA,NA,NA
"2007-08-11",203.046,FALSE,NA,NA,"<= day","daily",NA,NA,NA
"2007-08-12",205.271,FALSE,NA,NA,"<= day","daily",NA,NA,NA
"2007-08-13",203.421,FALSE,NA,NA,"<= day","daily",NA,NA,NA
"2007-08-14",190.396,FALSE,NA,NA,"<= day","daily",NA,NA,NA
"2007-08-15",188.233,FALSE,NA,NA,"<= day","daily",NA,NA,NA
"2007-08-16",186.688,FALSE,NA,NA,"<= day","daily",NA,NA,NA
"2007-08-17",186.75,FALSE,NA,NA,"<= day","daily",NA,NA,NA
"2007-08-18",186.121,FALSE,NA,NA,"<= day","daily",NA,NA,NA
"2007-08-19",181.817,FALSE,NA,NA,"<= day","daily",NA,NA,NA
"2007-08-20",214.05,FALSE,NA,NA,"<= day","daily",NA,NA,NA
"2007-08-21",224.354,FALSE,NA,NA,"<= day","daily",NA,NA,NA
"2007-08-22",198.596,FALSE,NA,NA,"<= day","daily",NA,NA,NA
"2007-08-23",189.833,FALSE,NA,NA,"<= day","daily",NA,NA,NA
"2007-08-24",194.992,FALSE,NA,NA,"<= day","daily",NA,NA,NA
"2007-08-25",191.3,FALSE,NA,NA,"<= day","daily",NA,NA,NA
"2007-08-26",177.217,FALSE,NA,NA,"<= day","daily",NA,NA,NA
"2007-08-27",169.958,FALSE,NA,NA,"<= day","daily",NA,NA,NA
"2007-08-28",167.308,FALSE,NA,NA,"<= day","daily",NA,NA,NA
"2007-08-29",164.637,FALSE,NA,NA,"<= day","daily",NA,NA,NA
"2007-08-30",244.762,FALSE,NA,NA,"<= day","daily",NA,NA,NA
"2007-08-31",251.021,FALSE,NA,NA,"<= day","daily",NA,NA,NA
"2007-09-01",210.758,FALSE,NA,NA,"<= day","daily",NA,NA,NA
"2007-09-02",195.917,FALSE,NA,NA,"<= day","daily",NA,NA,NA
"2007-09-03",186.5,FALSE,NA,NA,"<= day","daily",NA,NA,NA
"2007-09-04",203.113,FALSE,NA,NA,"<= day","daily",NA,NA,NA
"2007-09-05",278.642,FALSE,NA,NA,"<= day","daily",NA,NA,NA
"2007-09-06",567.692,FALSE,NA,NA,"<= day","daily",NA,NA,NA
"2007-09-07",1009.1,FALSE,NA,NA,"<= day","daily",NA,NA,NA
"2007-09-08",1043.492,FALSE,NA,NA,"<= day","daily",NA,NA,NA
"2007-09-09",1070.271,FALSE,NA,NA,"<= day","daily",NA,NA,NA
"2007-09-10",1051.888,FALSE,NA,NA,"<= day","daily",NA,NA,NA
"2007-09-11",1037.662,FALSE,NA,NA,"<= day","daily",NA,NA,NA
"2007-09-12",1103.4,FALSE,NA,NA,"<= day","daily",NA,NA,NA
"2007-09-13",1060.812,FALSE,NA,NA,"<= day","daily",NA,NA,NA
"2007-09-14",948.808,FALSE,NA,NA,"<= day","daily",NA,NA,NA
"2007-09-15",881.6,FALSE,NA,NA,"<= day","daily",NA,NA,NA
"2007-09-16",776.642,FALSE,NA,NA,"<= day","daily",NA,NA,NA
"2007-09-17",676.554,FALSE,NA,NA,"<= day","daily",NA,NA,NA
"2007-09-18",601.596,FALSE,NA,NA,"<= day","daily",NA,NA,NA
"2007-09-19",597.017,FALSE,NA,NA,"<= day","daily",NA,NA,NA
"2007-09-20",550.208,FALSE,NA,NA,"<= day","daily",NA,NA,NA
"2007-09-21",506.112,FALSE,NA,NA,"<= day","daily",NA,NA,NA
"2007-09-22",474.267,FALSE,NA,NA,"<= day","daily",NA,NA,NA
"2007-09-23",447.488,FALSE,NA,NA,"<= day","daily",NA,NA,NA
"2007-09-24",429.154,FALSE,NA,NA,"<= day","daily",NA,NA,NA
"2007-09-25",407.275,FALSE,NA,NA,"<= day","daily",NA,NA,NA
"2007-09-26",387.546,FALSE,NA,NA,"<= day","daily",NA,NA,NA
"2007-09-27",403.358,FALSE,NA,NA,"<= day","daily",NA,NA,NA
"2007-09-28",471.967,FALSE,NA,NA,"<= day","daily",NA,NA,NA
"2007-09-29",466.167,FALSE,NA,NA,"<= day","daily",NA,NA,NA
"2007-09-30",418.05,FALSE,NA,NA,"<= day","daily",NA,NA,NA
"2007-10-01",395.108,FALSE,NA,NA,"<= day","daily",NA,NA,NA
"2007-10-02",372.304,FALSE,NA,NA,"<= day","daily",NA,NA,NA
"2007-10-03",358.762,FALSE,NA,NA,"<= day","daily",NA,NA,NA
"2007-10-04",344.188,FALSE,NA,NA,"<= day","daily",NA,NA,NA
"2007-10-05",330.125,FALSE,NA,NA,"<= day","daily",NA,NA,NA
"2007-10-06",324.846,FALSE,NA,NA,"<= day","daily",NA,NA,NA
"2007-10-07",316.475,FALSE,NA,NA,"<= day","daily",NA,NA,NA
"2007-10-08",307.775,FALSE,NA,NA,"<= day","daily",NA,NA,NA
"2007-10-09",299.746,FALSE,NA,NA,"<= day","daily",NA,NA,NA
"2007-10-10",293.742,FALSE,NA,NA,"<= day","daily",NA,NA,NA
"2007-10-11",289.154,FALSE,NA,NA,"<= day","daily",NA,NA,NA
"2007-10-12",281.712,FALSE,NA,NA,"<= day","daily",NA,NA,NA
"2007-10-13",285.404,FALSE,NA,NA,"<= day","daily",NA,NA,NA
"2007-10-14",285.117,FALSE,NA,NA,"<= day","daily",NA,NA,NA
"2007-10-15",277.504,FALSE,NA,NA,"<= day","daily",NA,NA,NA
"2007-10-16",272.442,FALSE,NA,NA,"<= day","daily",NA,NA,NA
"2007-10-17",265.667,FALSE,NA,NA,"<= day","daily",NA,NA,NA
"2007-10-18",260.008,FALSE,NA,NA,"<= day","daily",NA,NA,NA
"2007-10-19",257,FALSE,NA,NA,"<= day","daily",NA,NA,NA
"2007-10-20",255.992,FALSE,NA,NA,"<= day","daily",NA,NA,NA
"2007-10-21",254.1,FALSE,NA,NA,"<= day","daily",NA,NA,NA
"2007-10-22",252,FALSE,NA,NA,"<= day","daily",NA,NA,NA
"2007-10-23",253.454,FALSE,NA,NA,"<= day","daily",NA,NA,NA
"2007-10-24",256.933,FALSE,NA,NA,"<= day","daily",NA,NA,NA
"2007-10-25",267.421,FALSE,NA,NA,"<= day","daily",NA,NA,NA
"2007-10-26",326.925,FALSE,NA,NA,"<= day","daily",NA,NA,NA
"2007-10-27",546.9,FALSE,NA,NA,"<= day","daily",NA,NA,NA
"2007-10-28",781.183,FALSE,NA,NA,"<= day","daily",NA,NA,NA
"2007-10-29",796.271,FALSE,NA,NA,"<= day","daily",NA,NA,NA
"2007-10-30",707.121,FALSE,NA,NA,"<= day","daily",NA,NA,NA
"2007-10-31",637.008,FALSE,NA,NA,"<= day","daily",NA,NA,NA
"2007-11-01",569.45,FALSE,NA,NA,"<= day","daily",NA,NA,NA
"2007-11-02",485.658,FALSE,NA,NA,"<= day","daily",NA,NA,NA
"2007-11-03",450.083,FALSE,NA,NA,"<= day","daily",NA,NA,NA
"2007-11-04",526.604,FALSE,NA,NA,"<= day","daily",NA,NA,NA
"2007-11-05",536.658,FALSE,NA,NA,"<= day","daily",NA,NA,NA
"2007-11-06",462.571,FALSE,NA,NA,"<= day","daily",NA,NA,NA
"2007-11-07",414.112,FALSE,NA,NA,"<= day","daily",NA,NA,NA
"2007-11-08",403.829,FALSE,NA,NA,"<= day","daily",NA,NA,NA
"2007-11-09",400.971,FALSE,NA,NA,"<= day","daily",NA,NA,NA
"2007-11-10",384.3,FALSE,NA,NA,"<= day","daily",NA,NA,NA
"2007-11-11",373.554,FALSE,NA,NA,"<= day","daily",NA,NA,NA
"2007-11-12",375.325,FALSE,NA,NA,"<= day","daily",NA,NA,NA
"2007-11-13",362.492,FALSE,NA,NA,"<= day","daily",NA,NA,NA
"2007-11-14",354.762,FALSE,NA,NA,"<= day","daily",NA,NA,NA
"2007-11-15",345.596,FALSE,NA,NA,"<= day","daily",NA,NA,NA
"2007-11-16",335.246,FALSE,NA,NA,"<= day","daily",NA,NA,NA
"2007-11-17",325.358,FALSE,NA,NA,"<= day","daily",NA,NA,NA
"2007-11-18",316.638,FALSE,NA,NA,"<= day","daily",NA,NA,NA
"2007-11-19",317.475,FALSE,NA,NA,"<= day","daily",NA,NA,NA
"2007-11-20",313.288,FALSE,NA,NA,"<= day","daily",NA,NA,NA
"2007-11-21",309.967,FALSE,NA,NA,"<= day","daily",NA,NA,NA
"2007-11-22",342.992,FALSE,NA,NA,"<= day","daily",NA,NA,NA
"2007-11-23",388.663,FALSE,NA,NA,"<= day","daily",NA,NA,NA
"2007-11-24",522.254,FALSE,NA,NA,"<= day","daily",NA,NA,NA
"2007-11-25",583.525,FALSE,NA,NA,"<= day","daily",NA,NA,NA
"2007-11-26",543.517,FALSE,NA,NA,"<= day","daily",NA,NA,NA
"2007-11-27",475.146,FALSE,NA,NA,"<= day","daily",NA,NA,NA
"2007-11-28",425.521,FALSE,NA,NA,"<= day","daily",NA,NA,NA
"2007-11-29",392,FALSE,NA,NA,"<= day","daily",NA,NA,NA
"2007-11-30",375.325,FALSE,NA,NA,"<= day","daily",NA,NA,NA
"2007-12-01",361.929,FALSE,NA,NA,"<= day","daily",NA,NA,NA
"2007-12-02",378.762,FALSE,NA,NA,"<= day","daily",NA,NA,NA
"2007-12-03",391.438,FALSE,NA,NA,"<= day","daily",NA,NA,NA
"2007-12-04",386.8,FALSE,NA,NA,"<= day","daily",NA,NA,NA
"2007-12-05",370.262,FALSE,NA,NA,"<= day","daily",NA,NA,NA
"2007-12-06",363.95,FALSE,NA,NA,"<= day","daily",NA,NA,NA
"2007-12-07",381.138,FALSE,NA,NA,"<= day","daily",NA,NA,NA
"2007-12-08",392.337,FALSE,NA,NA,"<= day","daily",NA,NA,NA
"2007-12-09",388.596,FALSE,NA,NA,"<= day","daily",NA,NA,NA
"2007-12-10",378.725,FALSE,NA,NA,"<= day","daily",NA,NA,NA
"2007-12-11",368.158,FALSE,NA,NA,"<= day","daily",NA,NA,NA
"2007-12-12",356.054,FALSE,NA,NA,"<= day","daily",NA,NA,NA
"2007-12-13",345.746,FALSE,NA,NA,"<= day","daily",NA,NA,NA
"2007-12-14",332.308,FALSE,NA,NA,"<= day","daily",NA,NA,NA
"2007-12-15",328.775,FALSE,NA,NA,"<= day","daily",NA,NA,NA
"2007-12-16",325.85,FALSE,NA,NA,"<= day","daily",NA,NA,NA
"2007-12-17",319.217,FALSE,NA,NA,"<= day","daily",NA,NA,NA
"2007-12-18",312.029,FALSE,NA,NA,"<= day","daily",NA,NA,NA
"2007-12-19",309.996,FALSE,NA,NA,"<= day","daily",NA,NA,NA
"2007-12-20",302.046,FALSE,NA,NA,"<= day","daily",NA,NA,NA
"2007-12-21",296.004,FALSE,NA,NA,"<= day","daily",NA,NA,NA
"2007-12-22",291.292,FALSE,NA,NA,"<= day","daily",NA,NA,NA
"2007-12-23",287.321,FALSE,NA,NA,"<= day","daily",NA,NA,NA
"2007-12-24",283.054,FALSE,NA,NA,"<= day","daily",NA,NA,NA
"2007-12-25",279.133,FALSE,NA,NA,"<= day","daily",NA,NA,NA
"2007-12-26",276.158,FALSE,NA,NA,"<= day","daily",NA,NA,NA
"2007-12-27",274.125,FALSE,NA,NA,"<= day","daily",NA,NA,NA
"2007-12-28",267.796,FALSE,NA,NA,"<= day","daily",NA,NA,NA
"2007-12-29",260.179,FALSE,NA,NA,"<= day","daily",NA,NA,NA
"2007-12-30",257.433,FALSE,NA,NA,"<= day","daily",NA,NA,NA
"2007-12-31",255.054,FALSE,NA,NA,"<= day","daily",NA,NA,NA
"2008-01-01",253.046,FALSE,NA,NA,"<= day","daily",NA,NA,NA
"2008-01-02",249.3,FALSE,NA,NA,"<= day","daily",NA,NA,NA
"2008-01-03",245.696,FALSE,NA,NA,"<= day","daily",NA,NA,NA
"2008-01-04",244.754,FALSE,NA,NA,"<= day","daily",NA,NA,NA
"2008-01-05",241.95,FALSE,NA,NA,"<= day","daily",NA,NA,NA
"2008-01-06",239.508,FALSE,NA,NA,"<= day","daily",NA,NA,NA
"2008-01-07",237.529,FALSE,NA,NA,"<= day","daily",NA,NA,NA
"2008-01-08",237.946,FALSE,NA,NA,"<= day","daily",NA,NA,NA
"2008-01-09",234.562,FALSE,NA,NA,"<= day","daily",NA,NA,NA
"2008-01-10",235.262,FALSE,NA,NA,"<= day","daily",NA,NA,NA
"2008-01-11",232.104,FALSE,NA,NA,"<= day","daily",NA,NA,NA
"2008-01-12",236.188,FALSE,NA,NA,"<= day","daily",NA,NA,NA
"2008-01-13",242.821,FALSE,NA,NA,"<= day","daily",NA,NA,NA
"2008-01-14",238.875,FALSE,NA,NA,"<= day","daily",NA,NA,NA
"2008-01-15",237.717,FALSE,NA,NA,"<= day","daily",NA,NA,NA
"2008-01-16",237.463,FALSE,NA,NA,"<= day","daily",NA,NA,NA
"2008-01-17",239.396,FALSE,NA,NA,"<= day","daily",NA,NA,NA
"2008-01-18",237.287,FALSE,NA,NA,"<= day","daily",NA,NA,NA
"2008-01-19",259.508,FALSE,NA,NA,"<= day","daily",NA,NA,NA
"2008-01-20",365.267,FALSE,NA,NA,"<= day","daily",NA,NA,NA
"2008-01-21",383.829,FALSE,NA,NA,"<= day","daily",NA,NA,NA
"2008-01-22",366.946,FALSE,NA,NA,"<= day","daily",NA,NA,NA
"2008-01-23",366.325,FALSE,NA,NA,"<= day","daily",NA,NA,NA
"2008-01-24",341.558,FALSE,NA,NA,"<= day","daily",NA,NA,NA
"2008-01-25",328.904,FALSE,NA,NA,"<= day","daily",NA,NA,NA
"2008-01-26",306.604,FALSE,NA,NA,"<= day","daily",NA,NA,NA
"2008-01-27",300.833,FALSE,NA,NA,"<= day","daily",NA,NA,NA
"2008-01-28",317.804,FALSE,NA,NA,"<= day","daily",NA,NA,NA
"2008-01-29",318.229,FALSE,NA,NA,"<= day","daily",NA,NA,NA
"2008-01-30",302.454,FALSE,NA,NA,"<= day","daily",NA,NA,NA
"2008-01-31",293.708,FALSE,NA,NA,"<= day","daily",NA,NA,NA
"2008-02-01",284.854,FALSE,NA,NA,"<= day","daily",NA,NA,NA
"2008-02-02",283.625,FALSE,NA,NA,"<= day","daily",NA,NA,NA
"2008-02-03",276.621,FALSE,NA,NA,"<= day","daily",NA,NA,NA
"2008-02-04",270.612,FALSE,NA,NA,"<= day","daily",NA,NA,NA
"2008-02-05",268.729,FALSE,NA,NA,"<= day","daily",NA,NA,NA
"2008-02-06",263.812,FALSE,NA,NA,"<= day","daily",NA,NA,NA
"2008-02-07",263.246,FALSE,NA,NA,"<= day","daily",NA,NA,NA
"2008-02-08",266.546,FALSE,NA,NA,"<= day","daily",NA,NA,NA
"2008-02-09",261.167,FALSE,NA,NA,"<= day","daily",NA,NA,NA
"2008-02-10",254.033,FALSE,NA,NA,"<= day","daily",NA,NA,NA
"2008-02-11",251.521,FALSE,NA,NA,"<= day","daily",NA,NA,NA
"2008-02-12",249.838,FALSE,NA,NA,"<= day","daily",NA,NA,NA
"2008-02-13",247.1,FALSE,NA,NA,"<= day","daily",NA,NA,NA
"2008-02-14",246.6,FALSE,NA,NA,"<= day","daily",NA,NA,NA
"2008-02-15",243.996,FALSE,NA,NA,"<= day","daily",NA,NA,NA
"2008-02-16",246.95,FALSE,NA,NA,"<= day","daily",NA,NA,NA
"2008-02-17",239.838,FALSE,NA,NA,"<= day","daily",NA,NA,NA
"2008-02-18",235.571,FALSE,NA,NA,"<= day","daily",NA,NA,NA
"2008-02-19",235.475,FALSE,NA,NA,"<= day","daily",NA,NA,NA
"2008-02-20",234.733,FALSE,NA,NA,"<= day","daily",NA,NA,NA
"2008-02-21",233.088,FALSE,NA,NA,"<= day","daily",NA,NA,NA
"2008-02-22",233.167,FALSE,NA,NA,"<= day","daily",NA,NA,NA
"2008-02-23",247.871,FALSE,NA,NA,"<= day","daily",NA,NA,NA
"2008-02-24",284.087,FALSE,NA,NA,"<= day","daily",NA,NA,NA
"2008-02-25",360.775,FALSE,NA,NA,"<= day","daily",NA,NA,NA
"2008-02-26",412.471,FALSE,NA,NA,"<= day","daily",NA,NA,NA
"2008-02-27",436.825,FALSE,NA,NA,"<= day","daily",NA,NA,NA
"2008-02-28",423.458,FALSE,NA,NA,"<= day","daily",NA,NA,NA
"2008-02-29",396.425,FALSE,NA,NA,"<= day","daily",NA,NA,NA
"2008-03-01",517.508,FALSE,NA,NA,"<= day","daily",NA,NA,NA
"2008-03-02",582.658,FALSE,NA,NA,"<= day","daily",NA,NA,NA
"2008-03-03",687.65,FALSE,NA,NA,"<= day","daily",NA,NA,NA
"2008-03-04",700.725,FALSE,NA,NA,"<= day","daily",NA,NA,NA
"2008-03-05",568.496,FALSE,NA,NA,"<= day","daily",NA,NA,NA
"2008-03-06",458.533,FALSE,NA,NA,"<= day","daily",NA,NA,NA
"2008-03-07",407.462,FALSE,NA,NA,"<= day","daily",NA,NA,NA
"2008-03-08",382.179,FALSE,NA,NA,"<= day","daily",NA,NA,NA
"2008-03-09",359.8,FALSE,NA,NA,"<= day","daily",NA,NA,NA
"2008-03-10",349.825,FALSE,NA,NA,"<= day","daily",NA,NA,NA
"2008-03-11",355.492,FALSE,NA,NA,"<= day","daily",NA,NA,NA
"2008-03-12",350.575,FALSE,NA,NA,"<= day","daily",NA,NA,NA
"2008-03-13",386.663,FALSE,NA,NA,"<= day","daily",NA,NA,NA
"2008-03-14",373.504,FALSE,NA,NA,"<= day","daily",NA,NA,NA
"2008-03-15",431.483,FALSE,NA,NA,"<= day","daily",NA,NA,NA
"2008-03-16",458.717,FALSE,NA,NA,"<= day","daily",NA,NA,NA
"2008-03-17",476.812,FALSE,NA,NA,"<= day","daily",NA,NA,NA
"2008-03-18",451.325,FALSE,NA,NA,"<= day","daily",NA,NA,NA
"2008-03-19",408.75,FALSE,NA,NA,"<= day","daily",NA,NA,NA
"2008-03-20",379.4,FALSE,NA,NA,"<= day","daily",NA,NA,NA
"2008-03-21",359.413,FALSE,NA,NA,"<= day","daily",NA,NA,NA
"2008-03-22",346.004,FALSE,NA,NA,"<= day","daily",NA,NA,NA
"2008-03-23",334.354,FALSE,NA,NA,"<= day","daily",NA,NA,NA
"2008-03-24",319.296,FALSE,NA,NA,"<= day","daily",NA,NA,NA
"2008-03-25",312.633,FALSE,NA,NA,"<= day","daily",NA,NA,NA
"2008-03-26",302.9,FALSE,NA,NA,"<= day","daily",NA,NA,NA
"2008-03-27",298.033,FALSE,NA,NA,"<= day","daily",NA,NA,NA
"2008-03-28",298.217,FALSE,NA,NA,"<= day","daily",NA,NA,NA
"2008-03-29",300.146,FALSE,NA,NA,"<= day","daily",NA,NA,NA
"2008-03-30",305.425,FALSE,NA,NA,"<= day","daily",NA,NA,NA
"2008-03-31",354.721,FALSE,NA,NA,"<= day","daily",NA,NA,NA
"2008-04-01",459.208,FALSE,NA,NA,"<= day","daily",NA,NA,NA
"2008-04-02",538.379,FALSE,NA,NA,"<= day","daily",NA,NA,NA
"2008-04-03",499.663,FALSE,NA,NA,"<= day","daily",NA,NA,NA
"2008-04-04",426.933,FALSE,NA,NA,"<= day","daily",NA,NA,NA
"2008-04-05",388.992,FALSE,NA,NA,"<= day","daily",NA,NA,NA
"2008-04-06",367,FALSE,NA,NA,"<= day","daily",NA,NA,NA
"2008-04-07",362.504,FALSE,NA,NA,"<= day","daily",NA,NA,NA
"2008-04-08",352.288,FALSE,NA,NA,"<= day","daily",NA,NA,NA
"2008-04-09",362.762,FALSE,NA,NA,"<= day","daily",NA,NA,NA
"2008-04-10",530.671,FALSE,NA,NA,"<= day","daily",NA,NA,NA
"2008-04-11",689.954,FALSE,NA,NA,"<= day","daily",NA,NA,NA
"2008-04-12",800.479,FALSE,NA,NA,"<= day","daily",NA,NA,NA
"2008-04-13",716.983,FALSE,NA,NA,"<= day","daily",NA,NA,NA
"2008-04-14",635.029,FALSE,NA,NA,"<= day","daily",NA,NA,NA
"2008-04-15",643.625,FALSE,NA,NA,"<= day","daily",NA,NA,NA
"2008-04-16",563.675,FALSE,NA,NA,"<= day","daily",NA,NA,NA
"2008-04-17",485.054,FALSE,NA,NA,"<= day","daily",NA,NA,NA
"2008-04-18",471.383,FALSE,NA,NA,"<= day","daily",NA,NA,NA
"2008-04-19",590.867,FALSE,NA,NA,"<= day","daily",NA,NA,NA
"2008-04-20",678.233,FALSE,NA,NA,"<= day","daily",NA,NA,NA
"2008-04-21",748.375,FALSE,NA,NA,"<= day","daily",NA,NA,NA
"2008-04-22",865.733,FALSE,NA,NA,"<= day","daily",NA,NA,NA
"2008-04-23",878.104,FALSE,NA,NA,"<= day","daily",NA,NA,NA
"2008-04-24",860.625,FALSE,NA,NA,"<= day","daily",NA,NA,NA
"2008-04-25",817.875,FALSE,NA,NA,"<= day","daily",NA,NA,NA
"2008-04-26",778.462,FALSE,NA,NA,"<= day","daily",NA,NA,NA
"2008-04-27",723.688,FALSE,NA,NA,"<= day","daily",NA,NA,NA
"2008-04-28",720.675,FALSE,NA,NA,"<= day","daily",NA,NA,NA
"2008-04-29",759.1,FALSE,NA,NA,"<= day","daily",NA,NA,NA
"2008-04-30",824.092,FALSE,NA,NA,"<= day","daily",NA,NA,NA
"2008-05-01",847.763,FALSE,NA,NA,"<= day","daily",NA,NA,NA
"2008-05-02",822.467,FALSE,NA,NA,"<= day","daily",NA,NA,NA
"2008-05-03",809.729,FALSE,NA,NA,"<= day","daily",NA,NA,NA
"2008-05-04",804.342,FALSE,NA,NA,"<= day","daily",NA,NA,NA
"2008-05-05",793.475,FALSE,NA,NA,"<= day","daily",NA,NA,NA
"2008-05-06",799.513,FALSE,NA,NA,"<= day","daily",NA,NA,NA
"2008-05-07",835.433,FALSE,NA,NA,"<= day","daily",NA,NA,NA
"2008-05-08",843.104,FALSE,NA,NA,"<= day","daily",NA,NA,NA
"2008-05-09",838.138,FALSE,NA,NA,"<= day","daily",NA,NA,NA
"2008-05-10",824.721,FALSE,NA,NA,"<= day","daily",NA,NA,NA
"2008-05-11",832.017,FALSE,NA,NA,"<= day","daily",NA,NA,NA
"2008-05-12",820.775,FALSE,NA,NA,"<= day","daily",NA,NA,NA
"2008-05-13",814.517,FALSE,NA,NA,"<= day","daily",NA,NA,NA
"2008-05-14",813.658,FALSE,NA,NA,"<= day","daily",NA,NA,NA
"2008-05-15",803.608,FALSE,NA,NA,"<= day","daily",NA,NA,NA
"2008-05-16",791.917,FALSE,NA,NA,"<= day","daily",NA,NA,NA
"2008-05-17",783.808,FALSE,NA,NA,"<= day","daily",NA,NA,NA
"2008-05-18",781.842,FALSE,NA,NA,"<= day","daily",NA,NA,NA
"2008-05-19",801.871,FALSE,NA,NA,"<= day","daily",NA,NA,NA
"2008-05-20",801.625,FALSE,NA,NA,"<= day","daily",NA,NA,NA
"2008-05-21",798.392,FALSE,NA,NA,"<= day","daily",NA,NA,NA
"2008-05-22",754.104,FALSE,NA,NA,"<= day","daily",NA,NA,NA
"2008-05-23",697.737,FALSE,NA,NA,"<= day","daily",NA,NA,NA
"2008-05-24",662.237,FALSE,NA,NA,"<= day","daily",NA,NA,NA
"2008-05-25",653.692,FALSE,NA,NA,"<= day","daily",NA,NA,NA
"2008-05-26",635.7,FALSE,NA,NA,"<= day","daily",NA,NA,NA
"2008-05-27",630.254,FALSE,NA,NA,"<= day","daily",NA,NA,NA
"2008-05-28",618.225,FALSE,NA,NA,"<= day","daily",NA,NA,NA
"2008-05-29",597.733,FALSE,NA,NA,"<= day","daily",NA,NA,NA
"2008-05-30",567.2,FALSE,NA,NA,"<= day","daily",NA,NA,NA
"2008-05-31",537.321,FALSE,NA,NA,"<= day","daily",NA,NA,NA
"2008-06-01",511.883,FALSE,NA,NA,"<= day","daily",NA,NA,NA
"2008-06-02",483.587,FALSE,NA,NA,"<= day","daily",NA,NA,NA
"2008-06-03",509.258,FALSE,NA,NA,"<= day","daily",NA,NA,NA
"2008-06-04",641.954,FALSE,NA,NA,"<= day","daily",NA,NA,NA
"2008-06-05",796.367,FALSE,NA,NA,"<= day","daily",NA,NA,NA
"2008-06-06",781.662,FALSE,NA,NA,"<= day","daily",NA,NA,NA
"2008-06-07",687.438,FALSE,NA,NA,"<= day","daily",NA,NA,NA
"2008-06-08",650.258,FALSE,NA,NA,"<= day","daily",NA,NA,NA
"2008-06-09",645.175,FALSE,NA,NA,"<= day","daily",NA,NA,NA
"2008-06-10",573.838,FALSE,NA,NA,"<= day","daily",NA,NA,NA
"2008-06-11",541.35,FALSE,NA,NA,"<= day","daily",NA,NA,NA
"2008-06-12",613.625,FALSE,NA,NA,"<= day","daily",NA,NA,NA
"2008-06-13",589.279,FALSE,NA,NA,"<= day","daily",NA,NA,NA
"2008-06-14",525.258,FALSE,NA,NA,"<= day","daily",NA,NA,NA
"2008-06-15",486.388,FALSE,NA,NA,"<= day","daily",NA,NA,NA
"2008-06-16",457.663,FALSE,NA,NA,"<= day","daily",NA,NA,NA
"2008-06-17",443.783,FALSE,NA,NA,"<= day","daily",NA,NA,NA
"2008-06-18",436.046,FALSE,NA,NA,"<= day","daily",NA,NA,NA
"2008-06-19",421.525,FALSE,NA,NA,"<= day","daily",NA,NA,NA
"2008-06-20",409.871,FALSE,NA,NA,"<= day","daily",NA,NA,NA
"2008-06-21",400.046,FALSE,NA,NA,"<= day","daily",NA,NA,NA
"2008-06-22",389.85,FALSE,NA,NA,"<= day","daily",NA,NA,NA
"2008-06-23",376.992,FALSE,NA,NA,"<= day","daily",NA,NA,NA
"2008-06-24",395.108,FALSE,NA,NA,"<= day","daily",NA,NA,NA
"2008-06-25",404.604,FALSE,NA,NA,"<= day","daily",NA,NA,NA
"2008-06-26",413.175,FALSE,NA,NA,"<= day","daily",NA,NA,NA
"2008-06-27",787.025,FALSE,NA,NA,"<= day","daily",NA,NA,NA
"2008-06-28",650.183,FALSE,NA,NA,"<= day","daily",NA,NA,NA
"2008-06-29",506.779,FALSE,NA,NA,"<= day","daily",NA,NA,NA
"2008-06-30",457.5,FALSE,NA,NA,"<= day","daily",NA,NA,NA
"2008-07-01",438.158,FALSE,NA,NA,"<= day","daily",NA,NA,NA
"2008-07-02",418.321,FALSE,NA,NA,"<= day","daily",NA,NA,NA
"2008-07-03",402.562,FALSE,NA,NA,"<= day","daily",NA,NA,NA
"2008-07-04",389.038,FALSE,NA,NA,"<= day","daily",NA,NA,NA
"2008-07-05",376.017,FALSE,NA,NA,"<= day","daily",NA,NA,NA
"2008-07-06",364.583,FALSE,NA,NA,"<= day","daily",NA,NA,NA
"2008-07-07",382.938,FALSE,NA,NA,"<= day","daily",NA,NA,NA
"2008-07-08",392.942,FALSE,NA,NA,"<= day","daily",NA,NA,NA
"2008-07-09",369.429,FALSE,NA,NA,"<= day","daily",NA,NA,NA
"2008-07-10",353.558,FALSE,NA,NA,"<= day","daily",NA,NA,NA
"2008-07-11",345.175,FALSE,NA,NA,"<= day","daily",NA,NA,NA
"2008-07-12",335.925,FALSE,NA,NA,"<= day","daily",NA,NA,NA
"2008-07-13",330.875,FALSE,NA,NA,"<= day","daily",NA,NA,NA
"2008-07-14",401.2,FALSE,NA,NA,"<= day","daily",NA,NA,NA
"2008-07-15",641.771,FALSE,NA,NA,"<= day","daily",NA,NA,NA
"2008-07-16",512.112,FALSE,NA,NA,"<= day","daily",NA,NA,NA
"2008-07-17",449.725,FALSE,NA,NA,"<= day","daily",NA,NA,NA
"2008-07-18",517.367,FALSE,NA,NA,"<= day","daily",NA,NA,NA
"2008-07-19",446.55,FALSE,NA,NA,"<= day","daily",NA,NA,NA
"2008-07-20",456.079,FALSE,NA,NA,"<= day","daily",NA,NA,NA
"2008-07-21",725.05,FALSE,NA,NA,"<= day","daily",NA,NA,NA
"2008-07-22",608.371,FALSE,NA,NA,"<= day","daily",NA,NA,NA
"2008-07-23",670.154,FALSE,NA,NA,"<= day","daily",NA,NA,NA
"2008-07-24",1021.979,FALSE,NA,NA,"<= day","daily",NA,NA,NA
"2008-07-25",1032.013,FALSE,NA,NA,"<= day","daily",NA,NA,NA
"2008-07-26",983.138,FALSE,NA,NA,"<= day","daily",NA,NA,NA
"2008-07-27",912.279,FALSE,NA,NA,"<= day","daily",NA,NA,NA
"2008-07-28",810.825,FALSE,NA,NA,"<= day","daily",NA,NA,NA
"2008-07-29",733.688,FALSE,NA,NA,"<= day","daily",NA,NA,NA
"2008-07-30",697.258,FALSE,NA,NA,"<= day","daily",NA,NA,NA
"2008-07-31",619.883,FALSE,NA,NA,"<= day","daily",NA,NA,NA
"2008-08-01",572.35,FALSE,NA,NA,"<= day","daily",NA,NA,NA
"2008-08-02",542.838,FALSE,NA,NA,"<= day","daily",NA,NA,NA
"2008-08-03",523.783,FALSE,NA,NA,"<= day","daily",NA,NA,NA
"2008-08-04",492.875,FALSE,NA,NA,"<= day","daily",NA,NA,NA
"2008-08-05",472.504,FALSE,NA,NA,"<= day","daily",NA,NA,NA
"2008-08-06",454.1,FALSE,NA,NA,"<= day","daily",NA,NA,NA
"2008-08-07",434.875,FALSE,NA,NA,"<= day","daily",NA,NA,NA
"2008-08-08",420.837,FALSE,NA,NA,"<= day","daily",NA,NA,NA
"2008-08-09",427.858,FALSE,NA,NA,"<= day","daily",NA,NA,NA
"2008-08-10",413.583,FALSE,NA,NA,"<= day","daily",NA,NA,NA
"2008-08-11",398.492,FALSE,NA,NA,"<= day","daily",NA,NA,NA
"2008-08-12",386.646,FALSE,NA,NA,"<= day","daily",NA,NA,NA
"2008-08-13",376.1,FALSE,NA,NA,"<= day","daily",NA,NA,NA
"2008-08-14",362.771,FALSE,NA,NA,"<= day","daily",NA,NA,NA
"2008-08-15",428.821,FALSE,NA,NA,"<= day","daily",NA,NA,NA
"2008-08-16",822.6,FALSE,NA,NA,"<= day","daily",NA,NA,NA
"2008-08-17",785.842,FALSE,NA,NA,"<= day","daily",NA,NA,NA
"2008-08-18",641.342,FALSE,NA,NA,"<= day","daily",NA,NA,NA
"2008-08-19",529.088,FALSE,NA,NA,"<= day","daily",NA,NA,NA
"2008-08-20",480.587,FALSE,NA,NA,"<= day","daily",NA,NA,NA
"2008-08-21",454.825,FALSE,NA,NA,"<= day","daily",NA,NA,NA
"2008-08-22",422.8,FALSE,NA,NA,"<= day","daily",NA,NA,NA
"2008-08-23",405.633,FALSE,NA,NA,"<= day","daily",NA,NA,NA
"2008-08-24",390.171,FALSE,NA,NA,"<= day","daily",NA,NA,NA
"2008-08-25",384.362,FALSE,NA,NA,"<= day","daily",NA,NA,NA
"2008-08-26",381.504,FALSE,NA,NA,"<= day","daily",NA,NA,NA
"2008-08-27",363.604,FALSE,NA,NA,"<= day","daily",NA,NA,NA
"2008-08-28",348.883,FALSE,NA,NA,"<= day","daily",NA,NA,NA
"2008-08-29",340.633,FALSE,NA,NA,"<= day","daily",NA,NA,NA
"2008-08-30",336.642,FALSE,NA,NA,"<= day","daily",NA,NA,NA
"2008-08-31",331.358,FALSE,NA,NA,"<= day","daily",NA,NA,NA
"2008-09-01",323.308,FALSE,NA,NA,"<= day","daily",NA,NA,NA
"2008-09-02",317.154,FALSE,NA,NA,"<= day","daily",NA,NA,NA
"2008-09-03",311.333,FALSE,NA,NA,"<= day","daily",NA,NA,NA
"2008-09-04",307.846,FALSE,NA,NA,"<= day","daily",NA,NA,NA
"2008-09-05",302.612,FALSE,NA,NA,"<= day","daily",NA,NA,NA
"2008-09-06",298.283,FALSE,NA,NA,"<= day","daily",NA,NA,NA
"2008-09-07",297.388,FALSE,NA,NA,"<= day","daily",NA,NA,NA
"2008-09-08",297.304,FALSE,NA,NA,"<= day","daily",NA,NA,NA
"2008-09-09",294.704,FALSE,NA,NA,"<= day","daily",NA,NA,NA
"2008-09-10",290.371,FALSE,NA,NA,"<= day","daily",NA,NA,NA
"2008-09-11",286.158,FALSE,NA,NA,"<= day","daily",NA,NA,NA
"2008-09-12",329.629,FALSE,NA,NA,"<= day","daily",NA,NA,NA
"2008-09-13",293.446,FALSE,NA,NA,"<= day","daily",NA,NA,NA
"2008-09-14",286.025,FALSE,NA,NA,"<= day","daily",NA,NA,NA
"2008-09-15",283,FALSE,NA,NA,"<= day","daily",NA,NA,NA
"2008-09-16",302.133,FALSE,NA,NA,"<= day","daily",NA,NA,NA
"2008-09-17",317.971,FALSE,NA,NA,"<= day","daily",NA,NA,NA
"2008-09-18",318.721,FALSE,NA,NA,"<= day","daily",NA,NA,NA
"2008-09-19",334.946,FALSE,NA,NA,"<= day","daily",NA,NA,NA
"2008-09-20",346.092,FALSE,NA,NA,"<= day","daily",NA,NA,NA
"2008-09-21",431.667,FALSE,NA,NA,"<= day","daily",NA,NA,NA
"2008-09-22",543.987,FALSE,NA,NA,"<= day","daily",NA,NA,NA
"2008-09-23",537.971,FALSE,NA,NA,"<= day","daily",NA,NA,NA
"2008-09-24",470.308,FALSE,NA,NA,"<= day","daily",NA,NA,NA
"2008-09-25",464.312,FALSE,NA,NA,"<= day","daily",NA,NA,NA
"2008-09-26",684.067,FALSE,NA,NA,"<= day","daily",NA,NA,NA
"2008-09-27",605.108,FALSE,NA,NA,"<= day","daily",NA,NA,NA
"2008-09-28",505.617,FALSE,NA,NA,"<= day","daily",NA,NA,NA
"2008-09-29",452.512,FALSE,NA,NA,"<= day","daily",NA,NA,NA
"2008-09-30",417.829,FALSE,NA,NA,"<= day","daily",NA,NA,NA
"2008-10-01",393.421,FALSE,NA,NA,"<= day","daily",NA,NA,NA
"2008-10-02",372.762,FALSE,NA,NA,"<= day","daily",NA,NA,NA
"2008-10-03",381.592,FALSE,NA,NA,"<= day","daily",NA,NA,NA
"2008-10-04",456.154,FALSE,NA,NA,"<= day","daily",NA,NA,NA
"2008-10-05",433.367,FALSE,NA,NA,"<= day","daily",NA,NA,NA
"2008-10-06",450.375,FALSE,NA,NA,"<= day","daily",NA,NA,NA
"2008-10-07",462.779,FALSE,NA,NA,"<= day","daily",NA,NA,NA
"2008-10-08",411.55,FALSE,NA,NA,"<= day","daily",NA,NA,NA
"2008-10-09",384.087,FALSE,NA,NA,"<= day","daily",NA,NA,NA
"2008-10-10",360.658,FALSE,NA,NA,"<= day","daily",NA,NA,NA
"2008-10-11",339.046,FALSE,NA,NA,"<= day","daily",NA,NA,NA
"2008-10-12",321.196,FALSE,NA,NA,"<= day","daily",NA,NA,NA
"2008-10-13",313.917,FALSE,NA,NA,"<= day","daily",NA,NA,NA
"2008-10-14",307.6,FALSE,NA,NA,"<= day","daily",NA,NA,NA
"2008-10-15",300.462,FALSE,NA,NA,"<= day","daily",NA,NA,NA
"2008-10-16",293.217,FALSE,NA,NA,"<= day","daily",NA,NA,NA
"2008-10-17",292.337,FALSE,NA,NA,"<= day","daily",NA,NA,NA
"2008-10-18",286.683,FALSE,NA,NA,"<= day","daily",NA,NA,NA
"2008-10-19",283.6,FALSE,NA,NA,"<= day","daily",NA,NA,NA
"2008-10-20",279.612,FALSE,NA,NA,"<= day","daily",NA,NA,NA
"2008-10-21",274.146,FALSE,NA,NA,"<= day","daily",NA,NA,NA
"2008-10-22",271.242,FALSE,NA,NA,"<= day","daily",NA,NA,NA
"2008-10-23",269.812,FALSE,NA,NA,"<= day","daily",NA,NA,NA
"2008-10-24",266.1,FALSE,NA,NA,"<= day","daily",NA,NA,NA
"2008-10-25",262.646,FALSE,NA,NA,"<= day","daily",NA,NA,NA
"2008-10-26",251.867,FALSE,NA,NA,"<= day","daily",NA,NA,NA
"2008-10-27",249.404,FALSE,NA,NA,"<= day","daily",NA,NA,NA
"2008-10-28",246.9,FALSE,NA,NA,"<= day","daily",NA,NA,NA
"2008-10-29",244.963,FALSE,NA,NA,"<= day","daily",NA,NA,NA
"2008-10-30",244.9,FALSE,NA,NA,"<= day","daily",NA,NA,NA
"2008-10-31",243.9,FALSE,NA,NA,"<= day","daily",NA,NA,NA
"2008-11-01",243.117,FALSE,NA,NA,"<= day","daily",NA,NA,NA
"2008-11-02",240.762,FALSE,NA,NA,"<= day","daily",NA,NA,NA
"2008-11-03",238.842,FALSE,NA,NA,"<= day","daily",NA,NA,NA
"2008-11-04",236.85,FALSE,NA,NA,"<= day","daily",NA,NA,NA
"2008-11-05",234.425,FALSE,NA,NA,"<= day","daily",NA,NA,NA
"2008-11-06",231.338,FALSE,NA,NA,"<= day","daily",NA,NA,NA
"2008-11-07",230.7,FALSE,NA,NA,"<= day","daily",NA,NA,NA
"2008-11-08",267.858,FALSE,NA,NA,"<= day","daily",NA,NA,NA
"2008-11-09",259.85,FALSE,NA,NA,"<= day","daily",NA,NA,NA
"2008-11-10",246.579,FALSE,NA,NA,"<= day","daily",NA,NA,NA
"2008-11-11",238.137,FALSE,NA,NA,"<= day","daily",NA,NA,NA
"2008-11-12",235.875,FALSE,NA,NA,"<= day","daily",NA,NA,NA
"2008-11-13",235.529,FALSE,NA,NA,"<= day","daily",NA,NA,NA
"2008-11-14",235.783,FALSE,NA,NA,"<= day","daily",NA,NA,NA
"2008-11-15",235.721,FALSE,NA,NA,"<= day","daily",NA,NA,NA
"2008-11-16",235.5,FALSE,NA,NA,"<= day","daily",NA,NA,NA
"2008-11-17",241.567,FALSE,NA,NA,"<= day","daily",NA,NA,NA
"2008-11-18",234.829,FALSE,NA,NA,"<= day","daily",NA,NA,NA
"2008-11-19",233.262,FALSE,NA,NA,"<= day","daily",NA,NA,NA
"2008-11-20",231.408,FALSE,NA,NA,"<= day","daily",NA,NA,NA
"2008-11-21",250.083,FALSE,NA,NA,"<= day","daily",NA,NA,NA
"2008-11-22",257.171,FALSE,NA,NA,"<= day","daily",NA,NA,NA
"2008-11-23",249.512,FALSE,NA,NA,"<= day","daily",NA,NA,NA
"2008-11-24",240.588,FALSE,NA,NA,"<= day","daily",NA,NA,NA
"2008-11-25",235.738,FALSE,NA,NA,"<= day","daily",NA,NA,NA
"2008-11-26",231.271,FALSE,NA,NA,"<= day","daily",NA,NA,NA
"2008-11-27",229.646,FALSE,NA,NA,"<= day","daily",NA,NA,NA
"2008-11-28",228.758,FALSE,NA,NA,"<= day","daily",NA,NA,NA
"2008-11-29",228.113,FALSE,NA,NA,"<= day","daily",NA,NA,NA
"2008-11-30",230.4,FALSE,NA,NA,"<= day","daily",NA,NA,NA
"2008-12-01",257.346,FALSE,NA,NA,"<= day","daily",NA,NA,NA
"2008-12-02",295.167,FALSE,NA,NA,"<= day","daily",NA,NA,NA
"2008-12-03",272.021,FALSE,NA,NA,"<= day","daily",NA,NA,NA
"2008-12-04",258.558,FALSE,NA,NA,"<= day","daily",NA,NA,NA
"2008-12-05",251.317,FALSE,NA,NA,"<= day","daily",NA,NA,NA
"2008-12-06",246.075,FALSE,NA,NA,"<= day","daily",NA,NA,NA
"2008-12-07",240.488,FALSE,NA,NA,"<= day","daily",NA,NA,NA
"2008-12-08",235.979,FALSE,NA,NA,"<= day","daily",NA,NA,NA
"2008-12-09",231.596,FALSE,NA,NA,"<= day","daily",NA,NA,NA
"2008-12-10",230.129,FALSE,NA,NA,"<= day","daily",NA,NA,NA
"2008-12-11",256.583,FALSE,NA,NA,"<= day","daily",NA,NA,NA
"2008-12-12",556.538,FALSE,NA,NA,"<= day","daily",NA,NA,NA
"2008-12-13",428.954,FALSE,NA,NA,"<= day","daily",NA,NA,NA
"2008-12-14",355.842,FALSE,NA,NA,"<= day","daily",NA,NA,NA
"2008-12-15",324.508,FALSE,NA,NA,"<= day","daily",NA,NA,NA
"2008-12-16",316.567,FALSE,NA,NA,"<= day","daily",NA,NA,NA
"2008-12-17",379.138,FALSE,NA,NA,"<= day","daily",NA,NA,NA
"2008-12-18",387.067,FALSE,NA,NA,"<= day","daily",NA,NA,NA
"2008-12-19",346.429,FALSE,NA,NA,"<= day","daily",NA,NA,NA
"2008-12-20",321.833,FALSE,NA,NA,"<= day","daily",NA,NA,NA
"2008-12-21",312.442,FALSE,NA,NA,"<= day","daily",NA,NA,NA
"2008-12-22",329.413,FALSE,NA,NA,"<= day","daily",NA,NA,NA
"2008-12-23",344.954,FALSE,NA,NA,"<= day","daily",NA,NA,NA
"2008-12-24",340.967,FALSE,NA,NA,"<= day","daily",NA,NA,NA
"2008-12-25",326.704,FALSE,NA,NA,"<= day","daily",NA,NA,NA
"2008-12-26",312.183,FALSE,NA,NA,"<= day","daily",NA,NA,NA
"2008-12-27",288.142,FALSE,NA,NA,"<= day","daily",NA,NA,NA
"2008-12-28",275.525,FALSE,NA,NA,"<= day","daily",NA,NA,NA
"2008-12-29",268.633,FALSE,NA,NA,"<= day","daily",NA,NA,NA
"2008-12-30",261.538,FALSE,NA,NA,"<= day","daily",NA,NA,NA
"2008-12-31",250.312,FALSE,NA,NA,"<= day","daily",NA,NA,NA
"2009-01-01",246.8,FALSE,NA,NA,"<= day","daily",NA,NA,NA
"2009-01-02",243.887,FALSE,NA,NA,"<= day","daily",NA,NA,NA
"2009-01-03",238,FALSE,NA,NA,"<= day","daily",NA,NA,NA
"2009-01-04",233.438,FALSE,NA,NA,"<= day","daily",NA,NA,NA
"2009-01-05",231.113,FALSE,NA,NA,"<= day","daily",NA,NA,NA
"2009-01-06",226.562,FALSE,NA,NA,"<= day","daily",NA,NA,NA
"2009-01-07",223.287,FALSE,NA,NA,"<= day","daily",NA,NA,NA
"2009-01-08",222.879,FALSE,NA,NA,"<= day","daily",NA,NA,NA
"2009-01-09",220.996,FALSE,NA,NA,"<= day","daily",NA,NA,NA
"2009-01-10",218.279,FALSE,NA,NA,"<= day","daily",NA,NA,NA
"2009-01-11",216.8,FALSE,NA,NA,"<= day","daily",NA,NA,NA
"2009-01-12",213.533,FALSE,NA,NA,"<= day","daily",NA,NA,NA
"2009-01-13",210.95,FALSE,NA,NA,"<= day","daily",NA,NA,NA
"2009-01-14",211.396,FALSE,NA,NA,"<= day","daily",NA,NA,NA
"2009-01-15",214.579,FALSE,NA,NA,"<= day","daily",NA,NA,NA
"2009-01-16",214.629,FALSE,NA,NA,"<= day","daily",NA,NA,NA
"2009-01-17",212.529,FALSE,NA,NA,"<= day","daily",NA,NA,NA
"2009-01-18",211.825,FALSE,NA,NA,"<= day","daily",NA,NA,NA
"2009-01-19",209.508,FALSE,NA,NA,"<= day","daily",NA,NA,NA
"2009-01-20",205.783,FALSE,NA,NA,"<= day","daily",NA,NA,NA
"2009-01-21",211.133,FALSE,NA,NA,"<= day","daily",NA,NA,NA
"2009-01-22",212.229,FALSE,NA,NA,"<= day","daily",NA,NA,NA
"2009-01-23",205.875,FALSE,NA,NA,"<= day","daily",NA,NA,NA
"2009-01-24",202.779,FALSE,NA,NA,"<= day","daily",NA,NA,NA
"2009-01-25",202.017,FALSE,NA,NA,"<= day","daily",NA,NA,NA
"2009-01-26",200.85,FALSE,NA,NA,"<= day","daily",NA,NA,NA
"2009-01-27",200.65,FALSE,NA,NA,"<= day","daily",NA,NA,NA
"2009-01-28",200.229,FALSE,NA,NA,"<= day","daily",NA,NA,NA
"2009-01-29",200.596,FALSE,NA,NA,"<= day","daily",NA,NA,NA
"2009-01-30",199.104,FALSE,NA,NA,"<= day","daily",NA,NA,NA
"2009-01-31",195.871,FALSE,NA,NA,"<= day","daily",NA,NA,NA
"2009-02-01",194.192,FALSE,NA,NA,"<= day","daily",NA,NA,NA
"2009-02-02",194.283,FALSE,NA,NA,"<= day","daily",NA,NA,NA
"2009-02-03",192.829,FALSE,NA,NA,"<= day","daily",NA,NA,NA
"2009-02-04",192.792,FALSE,NA,NA,"<= day","daily",NA,NA,NA
"2009-02-05",195.988,FALSE,NA,NA,"<= day","daily",NA,NA,NA
"2009-02-06",199.512,FALSE,NA,NA,"<= day","daily",NA,NA,NA
"2009-02-07",215.608,FALSE,NA,NA,"<= day","daily",NA,NA,NA
"2009-02-08",241.975,FALSE,NA,NA,"<= day","daily",NA,NA,NA
"2009-02-09",234.092,FALSE,NA,NA,"<= day","daily",NA,NA,NA
"2009-02-10",219.396,FALSE,NA,NA,"<= day","daily",NA,NA,NA
"2009-02-11",214.988,FALSE,NA,NA,"<= day","daily",NA,NA,NA
"2009-02-12",210.475,FALSE,NA,NA,"<= day","daily",NA,NA,NA
"2009-02-13",206.2,FALSE,NA,NA,"<= day","daily",NA,NA,NA
"2009-02-14",203.463,FALSE,NA,NA,"<= day","daily",NA,NA,NA
"2009-02-15",202.958,FALSE,NA,NA,"<= day","daily",NA,NA,NA
"2009-02-16",201.417,FALSE,NA,NA,"<= day","daily",NA,NA,NA
"2009-02-17",200.192,FALSE,NA,NA,"<= day","daily",NA,NA,NA
"2009-02-18",199.333,FALSE,NA,NA,"<= day","daily",NA,NA,NA
"2009-02-19",198.654,FALSE,NA,NA,"<= day","daily",NA,NA,NA
"2009-02-20",198.071,FALSE,NA,NA,"<= day","daily",NA,NA,NA
"2009-02-21",197.312,FALSE,NA,NA,"<= day","daily",NA,NA,NA
"2009-02-22",194.088,FALSE,NA,NA,"<= day","daily",NA,NA,NA
"2009-02-23",193.075,FALSE,NA,NA,"<= day","daily",NA,NA,NA
"2009-02-24",193.996,FALSE,NA,NA,"<= day","daily",NA,NA,NA
"2009-02-25",193.017,FALSE,NA,NA,"<= day","daily",NA,NA,NA
"2009-02-26",189.075,FALSE,NA,NA,"<= day","daily",NA,NA,NA
"2009-02-27",188.242,FALSE,NA,NA,"<= day","daily",NA,NA,NA
"2009-02-28",188.787,FALSE,NA,NA,"<= day","daily",NA,NA,NA
"2009-03-01",193.342,FALSE,NA,NA,"<= day","daily",NA,NA,NA
"2009-03-02",202.796,FALSE,NA,NA,"<= day","daily",NA,NA,NA
"2009-03-03",196.629,FALSE,NA,NA,"<= day","daily",NA,NA,NA
"2009-03-04",196.704,FALSE,NA,NA,"<= day","daily",NA,NA,NA
"2009-03-05",218.429,FALSE,NA,NA,"<= day","daily",NA,NA,NA
"2009-03-06",254.096,FALSE,NA,NA,"<= day","daily",NA,NA,NA
"2009-03-07",237.867,FALSE,NA,NA,"<= day","daily",NA,NA,NA
"2009-03-08",224.342,FALSE,NA,NA,"<= day","daily",NA,NA,NA
"2009-03-09",217.121,FALSE,NA,NA,"<= day","daily",NA,NA,NA
"2009-03-10",214.387,FALSE,NA,NA,"<= day","daily",NA,NA,NA
"2009-03-11",209.517,FALSE,NA,NA,"<= day","daily",NA,NA,NA
"2009-03-12",206.458,FALSE,NA,NA,"<= day","daily",NA,NA,NA
"2009-03-13",203.558,FALSE,NA,NA,"<= day","daily",NA,NA,NA
"2009-03-14",202.4,FALSE,NA,NA,"<= day","daily",NA,NA,NA
"2009-03-15",203.792,FALSE,NA,NA,"<= day","daily",NA,NA,NA
"2009-03-16",222.117,FALSE,NA,NA,"<= day","daily",NA,NA,NA
"2009-03-17",232.854,FALSE,NA,NA,"<= day","daily",NA,NA,NA
"2009-03-18",233.367,FALSE,NA,NA,"<= day","daily",NA,NA,NA
"2009-03-19",229,FALSE,NA,NA,"<= day","daily",NA,NA,NA
"2009-03-20",223.613,FALSE,NA,NA,"<= day","daily",NA,NA,NA
"2009-03-21",218.071,FALSE,NA,NA,"<= day","daily",NA,NA,NA
"2009-03-22",214.867,FALSE,NA,NA,"<= day","daily",NA,NA,NA
"2009-03-23",211.679,FALSE,NA,NA,"<= day","daily",NA,NA,NA
"2009-03-24",210.458,FALSE,NA,NA,"<= day","daily",NA,NA,NA
"2009-03-25",209.071,FALSE,NA,NA,"<= day","daily",NA,NA,NA
"2009-03-26",208.787,FALSE,NA,NA,"<= day","daily",NA,NA,NA
"2009-03-27",205.446,FALSE,NA,NA,"<= day","daily",NA,NA,NA
"2009-03-28",210.05,FALSE,NA,NA,"<= day","daily",NA,NA,NA
"2009-03-29",262.567,FALSE,NA,NA,"<= day","daily",NA,NA,NA
"2009-03-30",335.246,FALSE,NA,NA,"<= day","daily",NA,NA,NA
"2009-03-31",309.15,FALSE,NA,NA,"<= day","daily",NA,NA,NA
"2009-04-01",321.217,FALSE,NA,NA,"<= day","daily",NA,NA,NA
"2009-04-02",551.467,FALSE,NA,NA,"<= day","daily",NA,NA,NA
"2009-04-03",721.208,FALSE,NA,NA,"<= day","daily",NA,NA,NA
"2009-04-04",861.525,FALSE,NA,NA,"<= day","daily",NA,NA,NA
"2009-04-05",875.254,FALSE,NA,NA,"<= day","daily",NA,NA,NA
"2009-04-06",882.554,FALSE,NA,NA,"<= day","daily",NA,NA,NA
"2009-04-07",909.129,FALSE,NA,NA,"<= day","daily",NA,NA,NA
"2009-04-08",944.362,FALSE,NA,NA,"<= day","daily",NA,NA,NA
"2009-04-09",975.029,FALSE,NA,NA,"<= day","daily",NA,NA,NA
"2009-04-10",981.683,FALSE,NA,NA,"<= day","daily",NA,NA,NA
"2009-04-11",992.487,FALSE,NA,NA,"<= day","daily",NA,NA,NA
"2009-04-12",998.312,FALSE,NA,NA,"<= day","daily",NA,NA,NA
"2009-04-13",998.621,FALSE,NA,NA,"<= day","daily",NA,NA,NA
"2009-04-14",994.304,FALSE,NA,NA,"<= day","daily",NA,NA,NA
"2009-04-15",995.708,FALSE,NA,NA,"<= day","daily",NA,NA,NA
"2009-04-16",995.842,FALSE,NA,NA,"<= day","daily",NA,NA,NA
"2009-04-17",1002.079,FALSE,NA,NA,"<= day","daily",NA,NA,NA
"2009-04-18",987.371,FALSE,NA,NA,"<= day","daily",NA,NA,NA
"2009-04-19",966.217,FALSE,NA,NA,"<= day","daily",NA,NA,NA
"2009-04-20",958.067,FALSE,NA,NA,"<= day","daily",NA,NA,NA
"2009-04-21",951.629,FALSE,NA,NA,"<= day","daily",NA,NA,NA
"2009-04-22",953.921,FALSE,NA,NA,"<= day","daily",NA,NA,NA
"2009-04-23",952.675,FALSE,NA,NA,"<= day","daily",NA,NA,NA
"2009-04-24",929.55,FALSE,NA,NA,"<= day","daily",NA,NA,NA
"2009-04-25",909.196,FALSE,NA,NA,"<= day","daily",NA,NA,NA
"2009-04-26",930.662,FALSE,NA,NA,"<= day","daily",NA,NA,NA
"2009-04-27",962.525,FALSE,NA,NA,"<= day","daily",NA,NA,NA
"2009-04-28",990.446,FALSE,NA,NA,"<= day","daily",NA,NA,NA
"2009-04-29",982.967,FALSE,NA,NA,"<= day","daily",NA,NA,NA
"2009-04-30",986.846,FALSE,NA,NA,"<= day","daily",NA,NA,NA
"2009-05-01",972.967,FALSE,NA,NA,"<= day","daily",NA,NA,NA
"2009-05-02",989.729,FALSE,NA,NA,"<= day","daily",NA,NA,NA
"2009-05-03",967.208,FALSE,NA,NA,"<= day","daily",NA,NA,NA
"2009-05-04",946.5,FALSE,NA,NA,"<= day","daily",NA,NA,NA
"2009-05-05",934.508,FALSE,NA,NA,"<= day","daily",NA,NA,NA
"2009-05-06",909.504,FALSE,NA,NA,"<= day","daily",NA,NA,NA
"2009-05-07",918.467,FALSE,NA,NA,"<= day","daily",NA,NA,NA
"2009-05-08",927.433,FALSE,NA,NA,"<= day","daily",NA,NA,NA
"2009-05-09",946.283,FALSE,NA,NA,"<= day","daily",NA,NA,NA
"2009-05-10",950.192,FALSE,NA,NA,"<= day","daily",NA,NA,NA
"2009-05-11",946.196,FALSE,NA,NA,"<= day","daily",NA,NA,NA
"2009-05-12",958.471,FALSE,NA,NA,"<= day","daily",NA,NA,NA
"2009-05-13",947.321,FALSE,NA,NA,"<= day","daily",NA,NA,NA
"2009-05-14",932.092,FALSE,NA,NA,"<= day","daily",NA,NA,NA
"2009-05-15",931.558,FALSE,NA,NA,"<= day","daily",NA,NA,NA
"2009-05-16",934,FALSE,NA,NA,"<= day","daily",NA,NA,NA
"2009-05-17",924.792,FALSE,NA,NA,"<= day","daily",NA,NA,NA
"2009-05-18",907.504,FALSE,NA,NA,"<= day","daily",NA,NA,NA
"2009-05-19",908.046,FALSE,NA,NA,"<= day","daily",NA,NA,NA
"2009-05-20",890.654,FALSE,NA,NA,"<= day","daily",NA,NA,NA
"2009-05-21",851.654,FALSE,NA,NA,"<= day","daily",NA,NA,NA
"2009-05-22",813.812,FALSE,NA,NA,"<= day","daily",NA,NA,NA
"2009-05-23",771.696,FALSE,NA,NA,"<= day","daily",NA,NA,NA
"2009-05-24",737.962,FALSE,NA,NA,"<= day","daily",NA,NA,NA
"2009-05-25",712.112,FALSE,NA,NA,"<= day","daily",NA,NA,NA
"2009-05-26",678.883,FALSE,NA,NA,"<= day","daily",NA,NA,NA
"2009-05-27",659.321,FALSE,NA,NA,"<= day","daily",NA,NA,NA
"2009-05-28",624.017,FALSE,NA,NA,"<= day","daily",NA,NA,NA
"2009-05-29",605.583,FALSE,NA,NA,"<= day","daily",NA,NA,NA
"2009-05-30",689.971,FALSE,NA,NA,"<= day","daily",NA,NA,NA
"2009-05-31",819.646,FALSE,NA,NA,"<= day","daily",NA,NA,NA
"2009-06-01",869.154,FALSE,NA,NA,"<= day","daily",NA,NA,NA
"2009-06-02",892.254,FALSE,NA,NA,"<= day","daily",NA,NA,NA
"2009-06-03",884.808,FALSE,NA,NA,"<= day","daily",NA,NA,NA
"2009-06-04",814.892,FALSE,NA,NA,"<= day","daily",NA,NA,NA
"2009-06-05",731.204,FALSE,NA,NA,"<= day","daily",NA,NA,NA
"2009-06-06",669.438,FALSE,NA,NA,"<= day","daily",NA,NA,NA
"2009-06-07",629.538,FALSE,NA,NA,"<= day","daily",NA,NA,NA
"2009-06-08",607.433,FALSE,NA,NA,"<= day","daily",NA,NA,NA
"2009-06-09",576.375,FALSE,NA,NA,"<= day","daily",NA,NA,NA
"2009-06-10",552.308,FALSE,NA,NA,"<= day","daily",NA,NA,NA
"2009-06-11",530.925,FALSE,NA,NA,"<= day","daily",NA,NA,NA
"2009-06-12",515.888,FALSE,NA,NA,"<= day","daily",NA,NA,NA
"2009-06-13",499.046,FALSE,NA,NA,"<= day","daily",NA,NA,NA
"2009-06-14",479.167,FALSE,NA,NA,"<= day","daily",NA,NA,NA
"2009-06-15",462.625,FALSE,NA,NA,"<= day","daily",NA,NA,NA
"2009-06-16",449.212,FALSE,NA,NA,"<= day","daily",NA,NA,NA
"2009-06-17",445.258,FALSE,NA,NA,"<= day","daily",NA,NA,NA
"2009-06-18",434.992,FALSE,NA,NA,"<= day","daily",NA,NA,NA
"2009-06-19",430.692,FALSE,NA,NA,"<= day","daily",NA,NA,NA
"2009-06-20",512.825,FALSE,NA,NA,"<= day","daily",NA,NA,NA
"2009-06-21",542.188,FALSE,NA,NA,"<= day","daily",NA,NA,NA
"2009-06-22",550.529,FALSE,NA,NA,"<= day","daily",NA,NA,NA
"2009-06-23",886.175,FALSE,NA,NA,"<= day","daily",NA,NA,NA
"2009-06-24",1038.233,FALSE,NA,NA,"<= day","daily",NA,NA,NA
"2009-06-25",1079.925,FALSE,NA,NA,"<= day","daily",NA,NA,NA
"2009-06-26",1029.583,FALSE,NA,NA,"<= day","daily",NA,NA,NA
"2009-06-27",995.833,FALSE,NA,NA,"<= day","daily",NA,NA,NA
"2009-06-28",967.583,FALSE,NA,NA,"<= day","daily",NA,NA,NA
"2009-06-29",1063.338,FALSE,NA,NA,"<= day","daily",NA,NA,NA
"2009-06-30",1058.617,FALSE,NA,NA,"<= day","daily",NA,NA,NA
"2009-07-01",1009.783,FALSE,NA,NA,"<= day","daily",NA,NA,NA
"2009-07-02",948.771,FALSE,NA,NA,"<= day","daily",NA,NA,NA
"2009-07-03",896.071,FALSE,NA,NA,"<= day","daily",NA,NA,NA
"2009-07-04",852.971,FALSE,NA,NA,"<= day","daily",NA,NA,NA
"2009-07-05",812.429,FALSE,NA,NA,"<= day","daily",NA,NA,NA
"2009-07-06",787.571,FALSE,NA,NA,"<= day","daily",NA,NA,NA
"2009-07-07",873.108,FALSE,NA,NA,"<= day","daily",NA,NA,NA
"2009-07-08",837.479,FALSE,NA,NA,"<= day","daily",NA,NA,NA
"2009-07-09",776.225,FALSE,NA,NA,"<= day","daily",NA,NA,NA
"2009-07-10",729.588,FALSE,NA,NA,"<= day","daily",NA,NA,NA
"2009-07-11",700.033,FALSE,NA,NA,"<= day","daily",NA,NA,NA
"2009-07-12",664.212,FALSE,NA,NA,"<= day","daily",NA,NA,NA
"2009-07-13",634.112,FALSE,NA,NA,"<= day","daily",NA,NA,NA
"2009-07-14",603.429,FALSE,NA,NA,"<= day","daily",NA,NA,NA
"2009-07-15",614.954,FALSE,NA,NA,"<= day","daily",NA,NA,NA
"2009-07-16",769.217,FALSE,NA,NA,"<= day","daily",NA,NA,NA
"2009-07-17",705.108,FALSE,NA,NA,"<= day","daily",NA,NA,NA
"2009-07-18",712.283,FALSE,NA,NA,"<= day","daily",NA,NA,NA
"2009-07-19",835.929,FALSE,NA,NA,"<= day","daily",NA,NA,NA
"2009-07-20",767.517,FALSE,NA,NA,"<= day","daily",NA,NA,NA
"2009-07-21",692.283,FALSE,NA,NA,"<= day","daily",NA,NA,NA
"2009-07-22",646.558,FALSE,NA,NA,"<= day","daily",NA,NA,NA
"2009-07-23",609.362,FALSE,NA,NA,"<= day","daily",NA,NA,NA
"2009-07-24",632.55,FALSE,NA,NA,"<= day","daily",NA,NA,NA
"2009-07-25",799.112,FALSE,NA,NA,"<= day","daily",NA,NA,NA
"2009-07-26",773.525,FALSE,NA,NA,"<= day","daily",NA,NA,NA
"2009-07-27",688.862,FALSE,NA,NA,"<= day","daily",NA,NA,NA
"2009-07-28",621.038,FALSE,NA,NA,"<= day","daily",NA,NA,NA
"2009-07-29",576.842,FALSE,NA,NA,"<= day","daily",NA,NA,NA
"2009-07-30",550.475,FALSE,NA,NA,"<= day","daily",NA,NA,NA
"2009-07-31",534.304,FALSE,NA,NA,"<= day","daily",NA,NA,NA
"2009-08-01",515.421,FALSE,NA,NA,"<= day","daily",NA,NA,NA
"2009-08-02",499.95,FALSE,NA,NA,"<= day","daily",NA,NA,NA
"2009-08-03",490.938,FALSE,NA,NA,"<= day","daily",NA,NA,NA
"2009-08-04",599.317,FALSE,NA,NA,"<= day","daily",NA,NA,NA
"2009-08-05",832.05,FALSE,NA,NA,"<= day","daily",NA,NA,NA
"2009-08-06",788.783,FALSE,NA,NA,"<= day","daily",NA,NA,NA
"2009-08-07",695.7,FALSE,NA,NA,"<= day","daily",NA,NA,NA
"2009-08-08",622.454,FALSE,NA,NA,"<= day","daily",NA,NA,NA
"2009-08-09",608,FALSE,NA,NA,"<= day","daily",NA,NA,NA
"2009-08-10",674.35,FALSE,NA,NA,"<= day","daily",NA,NA,NA
"2009-08-11",840.683,FALSE,NA,NA,"<= day","daily",NA,NA,NA
"2009-08-12",798.567,FALSE,NA,NA,"<= day","daily",NA,NA,NA
"2009-08-13",697.658,FALSE,NA,NA,"<= day","daily",NA,NA,NA
"2009-08-14",619.912,FALSE,NA,NA,"<= day","daily",NA,NA,NA
"2009-08-15",576.275,FALSE,NA,NA,"<= day","daily",NA,NA,NA
"2009-08-16",546.258,FALSE,NA,NA,"<= day","daily",NA,NA,NA
"2009-08-17",523.025,FALSE,NA,NA,"<= day","daily",NA,NA,NA
"2009-08-18",504.617,FALSE,NA,NA,"<= day","daily",NA,NA,NA
"2009-08-19",490.133,FALSE,NA,NA,"<= day","daily",NA,NA,NA
"2009-08-20",474.992,FALSE,NA,NA,"<= day","daily",NA,NA,NA
"2009-08-21",462.608,FALSE,NA,NA,"<= day","daily",NA,NA,NA
"2009-08-22",459.221,FALSE,NA,NA,"<= day","daily",NA,NA,NA
"2009-08-23",472.929,FALSE,NA,NA,"<= day","daily",NA,NA,NA
"2009-08-24",461.921,FALSE,NA,NA,"<= day","daily",NA,NA,NA
"2009-08-25",445.533,FALSE,NA,NA,"<= day","daily",NA,NA,NA
"2009-08-26",431.675,FALSE,NA,NA,"<= day","daily",NA,NA,NA
"2009-08-27",419.808,FALSE,NA,NA,"<= day","daily",NA,NA,NA
"2009-08-28",409.762,FALSE,NA,NA,"<= day","daily",NA,NA,NA
"2009-08-29",542.5,FALSE,NA,NA,"<= day","daily",NA,NA,NA
"2009-08-30",554.438,FALSE,NA,NA,"<= day","daily",NA,NA,NA
"2009-08-31",472.208,FALSE,NA,NA,"<= day","daily",NA,NA,NA
"2009-09-01",437.462,FALSE,NA,NA,"<= day","daily",NA,NA,NA
"2009-09-02",411.342,FALSE,NA,NA,"<= day","daily",NA,NA,NA
"2009-09-03",402.762,FALSE,NA,NA,"<= day","daily",NA,NA,NA
"2009-09-04",471.871,FALSE,NA,NA,"<= day","daily",NA,NA,NA
"2009-09-05",703.179,FALSE,NA,NA,"<= day","daily",NA,NA,NA
"2009-09-06",610.542,FALSE,NA,NA,"<= day","daily",NA,NA,NA
"2009-09-07",502.721,FALSE,NA,NA,"<= day","daily",NA,NA,NA
"2009-09-08",456.183,FALSE,NA,NA,"<= day","daily",NA,NA,NA
"2009-09-09",427.25,FALSE,NA,NA,"<= day","daily",NA,NA,NA
"2009-09-10",402.817,FALSE,NA,NA,"<= day","daily",NA,NA,NA
"2009-09-11",391.312,FALSE,NA,NA,"<= day","daily",NA,NA,NA
"2009-09-12",381.283,FALSE,NA,NA,"<= day","daily",NA,NA,NA
"2009-09-13",375.204,FALSE,NA,NA,"<= day","daily",NA,NA,NA
"2009-09-14",372.571,FALSE,NA,NA,"<= day","daily",NA,NA,NA
"2009-09-15",368.579,FALSE,NA,NA,"<= day","daily",NA,NA,NA
"2009-09-16",366.708,FALSE,NA,NA,"<= day","daily",NA,NA,NA
"2009-09-17",413.067,FALSE,NA,NA,"<= day","daily",NA,NA,NA
"2009-09-18",588.538,FALSE,NA,NA,"<= day","daily",NA,NA,NA
"2009-09-19",476.546,FALSE,NA,NA,"<= day","daily",NA,NA,NA
"2009-09-20",416.712,FALSE,NA,NA,"<= day","daily",NA,NA,NA
"2009-09-21",384.188,FALSE,NA,NA,"<= day","daily",NA,NA,NA
"2009-09-22",364.033,FALSE,NA,NA,"<= day","daily",NA,NA,NA
"2009-09-23",353.042,FALSE,NA,NA,"<= day","daily",NA,NA,NA
"2009-09-24",345.904,FALSE,NA,NA,"<= day","daily",NA,NA,NA
"2009-09-25",338.638,FALSE,NA,NA,"<= day","daily",NA,NA,NA
"2009-09-26",336.808,FALSE,NA,NA,"<= day","daily",NA,NA,NA
"2009-09-27",331.404,FALSE,NA,NA,"<= day","daily",NA,NA,NA
"2009-09-28",323.062,FALSE,NA,NA,"<= day","daily",NA,NA,NA
"2009-09-29",318.329,FALSE,NA,NA,"<= day","daily",NA,NA,NA
"2009-09-30",315.192,FALSE,NA,NA,"<= day","daily",NA,NA,NA
"2009-10-01",311.458,FALSE,NA,NA,"<= day","daily",NA,NA,NA
"2009-10-02",308.825,FALSE,NA,NA,"<= day","daily",NA,NA,NA
"2009-10-03",306.038,FALSE,NA,NA,"<= day","daily",NA,NA,NA
"2009-10-04",304.233,FALSE,NA,NA,"<= day","daily",NA,NA,NA
"2009-10-05",303.996,FALSE,NA,NA,"<= day","daily",NA,NA,NA
"2009-10-06",302.154,FALSE,NA,NA,"<= day","daily",NA,NA,NA
"2009-10-07",300.142,FALSE,NA,NA,"<= day","daily",NA,NA,NA
"2009-10-08",295.504,FALSE,NA,NA,"<= day","daily",NA,NA,NA
"2009-10-09",320.388,FALSE,NA,NA,"<= day","daily",NA,NA,NA
"2009-10-10",315.712,FALSE,NA,NA,"<= day","daily",NA,NA,NA
"2009-10-11",355.913,FALSE,NA,NA,"<= day","daily",NA,NA,NA
"2009-10-12",335.95,FALSE,NA,NA,"<= day","daily",NA,NA,NA
"2009-10-13",343.942,FALSE,NA,NA,"<= day","daily",NA,NA,NA
"2009-10-14",341.792,FALSE,NA,NA,"<= day","daily",NA,NA,NA
"2009-10-15",340.971,FALSE,NA,NA,"<= day","daily",NA,NA,NA
"2009-10-16",340.725,FALSE,NA,NA,"<= day","daily",NA,NA,NA
"2009-10-17",341.538,FALSE,NA,NA,"<= day","daily",NA,NA,NA
"2009-10-18",342.504,FALSE,NA,NA,"<= day","daily",NA,NA,NA
"2009-10-19",343.192,FALSE,NA,NA,"<= day","daily",NA,NA,NA
"2009-10-20",343.129,FALSE,NA,NA,"<= day","daily",NA,NA,NA
"2009-10-21",353.508,FALSE,NA,NA,"<= day","daily",NA,NA,NA
"2009-10-22",458.483,FALSE,NA,NA,"<= day","daily",NA,NA,NA
"2009-10-23",728.338,FALSE,NA,NA,"<= day","daily",NA,NA,NA
"2009-10-24",790.15,FALSE,NA,NA,"<= day","daily",NA,NA,NA
"2009-10-25",777.254,FALSE,NA,NA,"<= day","daily",NA,NA,NA
"2009-10-26",685.079,FALSE,NA,NA,"<= day","daily",NA,NA,NA
"2009-10-27",624.146,FALSE,NA,NA,"<= day","daily",NA,NA,NA
"2009-10-28",548.258,FALSE,NA,NA,"<= day","daily",NA,NA,NA
"2009-10-29",486.796,FALSE,NA,NA,"<= day","daily",NA,NA,NA
"2009-10-30",489.842,FALSE,NA,NA,"<= day","daily",NA,NA,NA
"2009-10-31",456.3,FALSE,NA,NA,"<= day","daily",NA,NA,NA
"2009-11-01",420.962,FALSE,NA,NA,"<= day","daily",NA,NA,NA
"2009-11-02",400.967,FALSE,NA,NA,"<= day","daily",NA,NA,NA
"2009-11-03",386.188,FALSE,NA,NA,"<= day","daily",NA,NA,NA
"2009-11-04",370.558,FALSE,NA,NA,"<= day","daily",NA,NA,NA
"2009-11-05",362.95,FALSE,NA,NA,"<= day","daily",NA,NA,NA
"2009-11-06",357.875,FALSE,NA,NA,"<= day","daily",NA,NA,NA
"2009-11-07",371.371,FALSE,NA,NA,"<= day","daily",NA,NA,NA
"2009-11-08",382.471,FALSE,NA,NA,"<= day","daily",NA,NA,NA
"2009-11-09",398.767,FALSE,NA,NA,"<= day","daily",NA,NA,NA
"2009-11-10",382.458,FALSE,NA,NA,"<= day","daily",NA,NA,NA
"2009-11-11",362.921,FALSE,NA,NA,"<= day","daily",NA,NA,NA
"2009-11-12",351.075,FALSE,NA,NA,"<= day","daily",NA,NA,NA
"2009-11-13",351.638,FALSE,NA,NA,"<= day","daily",NA,NA,NA
"2009-11-14",370.312,FALSE,NA,NA,"<= day","daily",NA,NA,NA
"2009-11-15",384.117,FALSE,NA,NA,"<= day","daily",NA,NA,NA
"2009-11-16",371.904,FALSE,NA,NA,"<= day","daily",NA,NA,NA
"2009-11-17",381.542,FALSE,NA,NA,"<= day","daily",NA,NA,NA
"2009-11-18",375.367,FALSE,NA,NA,"<= day","daily",NA,NA,NA
"2009-11-19",357.829,FALSE,NA,NA,"<= day","daily",NA,NA,NA
"2009-11-20",342.65,FALSE,NA,NA,"<= day","daily",NA,NA,NA
"2009-11-21",326.971,FALSE,NA,NA,"<= day","daily",NA,NA,NA
"2009-11-22",316.538,FALSE,NA,NA,"<= day","daily",NA,NA,NA
"2009-11-23",312.767,FALSE,NA,NA,"<= day","daily",NA,NA,NA
"2009-11-24",310.596,FALSE,NA,NA,"<= day","daily",NA,NA,NA
"2009-11-25",324.362,FALSE,NA,NA,"<= day","daily",NA,NA,NA
"2009-11-26",311.892,FALSE,NA,NA,"<= day","daily",NA,NA,NA
"2009-11-27",304.312,FALSE,NA,NA,"<= day","daily",NA,NA,NA
"2009-11-28",295.467,FALSE,NA,NA,"<= day","daily",NA,NA,NA
"2009-11-29",289.754,FALSE,NA,NA,"<= day","daily",NA,NA,NA
"2009-11-30",293.504,FALSE,NA,NA,"<= day","daily",NA,NA,NA
"2009-12-01",307.125,FALSE,NA,NA,"<= day","daily",NA,NA,NA
"2009-12-02",306.288,FALSE,NA,NA,"<= day","daily",NA,NA,NA
"2009-12-03",297.688,FALSE,NA,NA,"<= day","daily",NA,NA,NA
"2009-12-04",285.304,FALSE,NA,NA,"<= day","daily",NA,NA,NA
"2009-12-05",278.871,FALSE,NA,NA,"<= day","daily",NA,NA,NA
"2009-12-06",272.171,FALSE,NA,NA,"<= day","daily",NA,NA,NA
"2009-12-07",266.508,FALSE,NA,NA,"<= day","daily",NA,NA,NA
"2009-12-08",266.475,FALSE,NA,NA,"<= day","daily",NA,NA,NA
"2009-12-09",271.279,FALSE,NA,NA,"<= day","daily",NA,NA,NA
"2009-12-10",269.492,FALSE,NA,NA,"<= day","daily",NA,NA,NA
"2009-12-11",270.892,FALSE,NA,NA,"<= day","daily",NA,NA,NA
"2009-12-12",268,FALSE,NA,NA,"<= day","daily",NA,NA,NA
"2009-12-13",263.9,FALSE,NA,NA,"<= day","daily",NA,NA,NA
"2009-12-14",259.496,FALSE,NA,NA,"<= day","daily",NA,NA,NA
"2009-12-15",254.925,FALSE,NA,NA,"<= day","daily",NA,NA,NA
"2009-12-16",249.938,FALSE,NA,NA,"<= day","daily",NA,NA,NA
"2009-12-17",246.971,FALSE,NA,NA,"<= day","daily",NA,NA,NA
"2009-12-18",245.321,FALSE,NA,NA,"<= day","daily",NA,NA,NA
"2009-12-19",242.287,FALSE,NA,NA,"<= day","daily",NA,NA,NA
"2009-12-20",239.904,FALSE,NA,NA,"<= day","daily",NA,NA,NA
"2009-12-21",236.812,FALSE,NA,NA,"<= day","daily",NA,NA,NA
"2009-12-22",234.525,FALSE,NA,NA,"<= day","daily",NA,NA,NA
"2009-12-23",249.033,FALSE,NA,NA,"<= day","daily",NA,NA,NA
"2009-12-24",287.908,FALSE,NA,NA,"<= day","daily",NA,NA,NA
"2009-12-25",559.858,FALSE,NA,NA,"<= day","daily",NA,NA,NA
"2009-12-26",535.571,FALSE,NA,NA,"<= day","daily",NA,NA,NA
"2009-12-27",389.362,FALSE,NA,NA,"<= day","daily",NA,NA,NA
"2009-12-28",340.429,FALSE,NA,NA,"<= day","daily",NA,NA,NA
"2009-12-29",311.358,FALSE,NA,NA,"<= day","daily",NA,NA,NA
"2009-12-30",292.883,FALSE,NA,NA,"<= day","daily",NA,NA,NA
"2009-12-31",285.983,FALSE,NA,NA,"<= day","daily",NA,NA,NA
"2010-01-01",275.538,FALSE,NA,NA,"<= day","daily",NA,NA,NA
"2010-01-02",270.717,FALSE,NA,NA,"<= day","daily",NA,NA,NA
"2010-01-03",263.392,FALSE,NA,NA,"<= day","daily",NA,NA,NA
"2010-01-04",256.271,FALSE,NA,NA,"<= day","daily",NA,NA,NA
"2010-01-05",253.9,FALSE,NA,NA,"<= day","daily",NA,NA,NA
"2010-01-06",251.817,FALSE,NA,NA,"<= day","daily",NA,NA,NA
"2010-01-07",247.817,FALSE,NA,NA,"<= day","daily",NA,NA,NA
"2010-01-08",246.004,FALSE,NA,NA,"<= day","daily",NA,NA,NA
"2010-01-09",244.196,FALSE,NA,NA,"<= day","daily",NA,NA,NA
"2010-01-10",241.25,FALSE,NA,NA,"<= day","daily",NA,NA,NA
"2010-01-11",236.637,FALSE,NA,NA,"<= day","daily",NA,NA,NA
"2010-01-12",233.812,FALSE,NA,NA,"<= day","daily",NA,NA,NA
"2010-01-13",231.488,FALSE,NA,NA,"<= day","daily",NA,NA,NA
"2010-01-14",230.662,FALSE,NA,NA,"<= day","daily",NA,NA,NA
"2010-01-15",228.379,FALSE,NA,NA,"<= day","daily",NA,NA,NA
"2010-01-16",226.654,FALSE,NA,NA,"<= day","daily",NA,NA,NA
"2010-01-17",224.8,FALSE,NA,NA,"<= day","daily",NA,NA,NA
"2010-01-18",223.742,FALSE,NA,NA,"<= day","daily",NA,NA,NA
"2010-01-19",223.892,FALSE,NA,NA,"<= day","daily",NA,NA,NA
"2010-01-20",221.096,FALSE,NA,NA,"<= day","daily",NA,NA,NA
"2010-01-21",220.454,FALSE,NA,NA,"<= day","daily",NA,NA,NA
"2010-01-22",218.392,FALSE,NA,NA,"<= day","daily",NA,NA,NA
"2010-01-23",216.392,FALSE,NA,NA,"<= day","daily",NA,NA,NA
"2010-01-24",215.217,FALSE,NA,NA,"<= day","daily",NA,NA,NA
"2010-01-25",211.812,FALSE,NA,NA,"<= day","daily",NA,NA,NA
"2010-01-26",211.621,FALSE,NA,NA,"<= day","daily",NA,NA,NA
"2010-01-27",207.967,FALSE,NA,NA,"<= day","daily",NA,NA,NA
"2010-01-28",208.167,FALSE,NA,NA,"<= day","daily",NA,NA,NA
"2010-01-29",209.162,FALSE,NA,NA,"<= day","daily",NA,NA,NA
"2010-01-30",207.154,FALSE,NA,NA,"<= day","daily",NA,NA,NA
"2010-01-31",206.571,FALSE,NA,NA,"<= day","daily",NA,NA,NA
"2010-02-01",203.2,FALSE,NA,NA,"<= day","daily",NA,NA,NA
"2010-02-02",201.738,FALSE,NA,NA,"<= day","daily",NA,NA,NA
"2010-02-03",202.192,FALSE,NA,NA,"<= day","daily",NA,NA,NA
"2010-02-04",201.304,FALSE,NA,NA,"<= day","daily",NA,NA,NA
"2010-02-05",201.742,FALSE,NA,NA,"<= day","daily",NA,NA,NA
"2010-02-06",200.704,FALSE,NA,NA,"<= day","daily",NA,NA,NA
"2010-02-07",198.583,FALSE,NA,NA,"<= day","daily",NA,NA,NA
"2010-02-08",197.183,FALSE,NA,NA,"<= day","daily",NA,NA,NA
"2010-02-09",195.762,FALSE,NA,NA,"<= day","daily",NA,NA,NA
"2010-02-10",195.75,FALSE,NA,NA,"<= day","daily",NA,NA,NA
"2010-02-11",194.137,FALSE,NA,NA,"<= day","daily",NA,NA,NA
"2010-02-12",194.275,FALSE,NA,NA,"<= day","daily",NA,NA,NA
"2010-02-13",192.858,FALSE,NA,NA,"<= day","daily",NA,NA,NA
"2010-02-14",191.717,FALSE,NA,NA,"<= day","daily",NA,NA,NA
"2010-02-15",191.779,FALSE,NA,NA,"<= day","daily",NA,NA,NA
"2010-02-16",190.012,FALSE,NA,NA,"<= day","daily",NA,NA,NA
"2010-02-17",190.433,FALSE,NA,NA,"<= day","daily",NA,NA,NA
"2010-02-18",192.471,FALSE,NA,NA,"<= day","daily",NA,NA,NA
"2010-02-19",193.679,FALSE,NA,NA,"<= day","daily",NA,NA,NA
"2010-02-20",196.746,FALSE,NA,NA,"<= day","daily",NA,NA,NA
"2010-02-21",197.346,FALSE,NA,NA,"<= day","daily",NA,NA,NA
"2010-02-22",197.108,FALSE,NA,NA,"<= day","daily",NA,NA,NA
"2010-02-23",194.425,FALSE,NA,NA,"<= day","daily",NA,NA,NA
"2010-02-24",193.825,FALSE,NA,NA,"<= day","daily",NA,NA,NA
"2010-02-25",195.304,FALSE,NA,NA,"<= day","daily",NA,NA,NA
"2010-02-26",198.654,FALSE,NA,NA,"<= day","daily",NA,NA,NA
"2010-02-27",201.825,FALSE,NA,NA,"<= day","daily",NA,NA,NA
"2010-02-28",204.025,FALSE,NA,NA,"<= day","daily",NA,NA,NA
"2010-03-01",210.75,FALSE,NA,NA,"<= day","daily",NA,NA,NA
"2010-03-02",219.308,FALSE,NA,NA,"<= day","daily",NA,NA,NA
"2010-03-03",217.412,FALSE,NA,NA,"<= day","daily",NA,NA,NA
"2010-03-04",211.921,FALSE,NA,NA,"<= day","daily",NA,NA,NA
"2010-03-05",207.588,FALSE,NA,NA,"<= day","daily",NA,NA,NA
"2010-03-06",202.621,FALSE,NA,NA,"<= day","daily",NA,NA,NA
"2010-03-07",197.371,FALSE,NA,NA,"<= day","daily",NA,NA,NA
"2010-03-08",193.971,FALSE,NA,NA,"<= day","daily",NA,NA,NA
"2010-03-09",191.637,FALSE,NA,NA,"<= day","daily",NA,NA,NA
"2010-03-10",189.354,FALSE,NA,NA,"<= day","daily",NA,NA,NA
"2010-03-11",188.988,FALSE,NA,NA,"<= day","daily",NA,NA,NA
"2010-03-12",188.579,FALSE,NA,NA,"<= day","daily",NA,NA,NA
"2010-03-13",188.183,FALSE,NA,NA,"<= day","daily",NA,NA,NA
"2010-03-14",187.817,FALSE,NA,NA,"<= day","daily",NA,NA,NA
"2010-03-15",187.075,FALSE,NA,NA,"<= day","daily",NA,NA,NA
"2010-03-16",186.696,FALSE,NA,NA,"<= day","daily",NA,NA,NA
"2010-03-17",185.512,FALSE,NA,NA,"<= day","daily",NA,NA,NA
"2010-03-18",185.025,FALSE,NA,NA,"<= day","daily",NA,NA,NA
"2010-03-19",187.367,FALSE,NA,NA,"<= day","daily",NA,NA,NA
"2010-03-20",198.967,FALSE,NA,NA,"<= day","daily",NA,NA,NA
"2010-03-21",257.442,FALSE,NA,NA,"<= day","daily",NA,NA,NA
"2010-03-22",454.679,FALSE,NA,NA,"<= day","daily",NA,NA,NA
"2010-03-23",464.587,FALSE,NA,NA,"<= day","daily",NA,NA,NA
"2010-03-24",503.913,FALSE,NA,NA,"<= day","daily",NA,NA,NA
"2010-03-25",647.921,FALSE,NA,NA,"<= day","daily",NA,NA,NA
"2010-03-26",778.821,FALSE,NA,NA,"<= day","daily",NA,NA,NA
"2010-03-27",804.812,FALSE,NA,NA,"<= day","daily",NA,NA,NA
"2010-03-28",673.296,FALSE,NA,NA,"<= day","daily",NA,NA,NA
"2010-03-29",540.125,FALSE,NA,NA,"<= day","daily",NA,NA,NA
"2010-03-30",580.487,FALSE,NA,NA,"<= day","daily",NA,NA,NA
"2010-03-31",662.917,FALSE,NA,NA,"<= day","daily",NA,NA,NA
"2010-04-01",556.487,FALSE,NA,NA,"<= day","daily",NA,NA,NA
"2010-04-02",490.413,FALSE,NA,NA,"<= day","daily",NA,NA,NA
"2010-04-03",435.663,FALSE,NA,NA,"<= day","daily",NA,NA,NA
"2010-04-04",432.975,FALSE,NA,NA,"<= day","daily",NA,NA,NA
"2010-04-05",456.675,FALSE,NA,NA,"<= day","daily",NA,NA,NA
"2010-04-06",409.25,FALSE,NA,NA,"<= day","daily",NA,NA,NA
"2010-04-07",385.704,FALSE,NA,NA,"<= day","daily",NA,NA,NA
"2010-04-08",408.067,FALSE,NA,NA,"<= day","daily",NA,NA,NA
"2010-04-09",465.208,FALSE,NA,NA,"<= day","daily",NA,NA,NA
"2010-04-10",511.738,FALSE,NA,NA,"<= day","daily",NA,NA,NA
"2010-04-11",446.754,FALSE,NA,NA,"<= day","daily",NA,NA,NA
"2010-04-12",391.633,FALSE,NA,NA,"<= day","daily",NA,NA,NA
"2010-04-13",358.367,FALSE,NA,NA,"<= day","daily",NA,NA,NA
"2010-04-14",356.621,FALSE,NA,NA,"<= day","daily",NA,NA,NA
"2010-04-15",361.888,FALSE,NA,NA,"<= day","daily",NA,NA,NA
"2010-04-16",356.942,FALSE,NA,NA,"<= day","daily",NA,NA,NA
"2010-04-17",410.938,FALSE,NA,NA,"<= day","daily",NA,NA,NA
"2010-04-18",461.592,FALSE,NA,NA,"<= day","daily",NA,NA,NA
"2010-04-19",451.579,FALSE,NA,NA,"<= day","daily",NA,NA,NA
"2010-04-20",523.883,FALSE,NA,NA,"<= day","daily",NA,NA,NA
"2010-04-21",567.183,FALSE,NA,NA,"<= day","daily",NA,NA,NA
"2010-04-22",573.388,FALSE,NA,NA,"<= day","daily",NA,NA,NA
"2010-04-23",562.371,FALSE,NA,NA,"<= day","daily",NA,NA,NA
"2010-04-24",604.417,FALSE,NA,NA,"<= day","daily",NA,NA,NA
"2010-04-25",655.979,FALSE,NA,NA,"<= day","daily",NA,NA,NA
"2010-04-26",679.458,FALSE,NA,NA,"<= day","daily",NA,NA,NA
"2010-04-27",669.667,FALSE,NA,NA,"<= day","daily",NA,NA,NA
"2010-04-28",636.796,FALSE,NA,NA,"<= day","daily",NA,NA,NA
"2010-04-29",631.412,FALSE,NA,NA,"<= day","daily",NA,NA,NA
"2010-04-30",646.883,FALSE,NA,NA,"<= day","daily",NA,NA,NA
"2010-05-01",679.283,FALSE,NA,NA,"<= day","daily",NA,NA,NA
"2010-05-02",740.829,FALSE,NA,NA,"<= day","daily",NA,NA,NA
"2010-05-03",699.279,FALSE,NA,NA,"<= day","daily",NA,NA,NA
"2010-05-04",703.521,FALSE,NA,NA,"<= day","daily",NA,NA,NA
"2010-05-05",737.6,FALSE,NA,NA,"<= day","daily",NA,NA,NA
"2010-05-06",747.692,FALSE,NA,NA,"<= day","daily",NA,NA,NA
"2010-05-07",704.825,FALSE,NA,NA,"<= day","daily",NA,NA,NA
"2010-05-08",623.871,FALSE,NA,NA,"<= day","daily",NA,NA,NA
"2010-05-09",670.292,FALSE,NA,NA,"<= day","daily",NA,NA,NA
"2010-05-10",628.179,FALSE,NA,NA,"<= day","daily",NA,NA,NA
"2010-05-11",574.046,FALSE,NA,NA,"<= day","daily",NA,NA,NA
"2010-05-12",544.054,FALSE,NA,NA,"<= day","daily",NA,NA,NA
"2010-05-13",506.7,FALSE,NA,NA,"<= day","daily",NA,NA,NA
"2010-05-14",514.658,FALSE,NA,NA,"<= day","daily",NA,NA,NA
"2010-05-15",508.808,FALSE,NA,NA,"<= day","daily",NA,NA,NA
"2010-05-16",588.088,FALSE,NA,NA,"<= day","daily",NA,NA,NA
"2010-05-17",598.867,FALSE,NA,NA,"<= day","daily",NA,NA,NA
"2010-05-18",625.429,FALSE,NA,NA,"<= day","daily",NA,NA,NA
"2010-05-19",571.987,FALSE,NA,NA,"<= day","daily",NA,NA,NA
"2010-05-20",515.967,FALSE,NA,NA,"<= day","daily",NA,NA,NA
"2010-05-21",668.942,FALSE,NA,NA,"<= day","daily",NA,NA,NA
"2010-05-22",933.483,FALSE,NA,NA,"<= day","daily",NA,NA,NA
"2010-05-23",1001.737,FALSE,NA,NA,"<= day","daily",NA,NA,NA
"2010-05-24",962.575,FALSE,NA,NA,"<= day","daily",NA,NA,NA
"2010-05-25",871.658,FALSE,NA,NA,"<= day","daily",NA,NA,NA
"2010-05-26",762.758,FALSE,NA,NA,"<= day","daily",NA,NA,NA
"2010-05-27",685.45,FALSE,NA,NA,"<= day","daily",NA,NA,NA
"2010-05-28",648.783,FALSE,NA,NA,"<= day","daily",NA,NA,NA
"2010-05-29",592.429,FALSE,NA,NA,"<= day","daily",NA,NA,NA
"2010-05-30",641.533,FALSE,NA,NA,"<= day","daily",NA,NA,NA
"2010-05-31",678.379,FALSE,NA,NA,"<= day","daily",NA,NA,NA
"2010-06-01",655.017,FALSE,NA,NA,"<= day","daily",NA,NA,NA
"2010-06-02",781.992,FALSE,NA,NA,"<= day","daily",NA,NA,NA
"2010-06-03",946.658,FALSE,NA,NA,"<= day","daily",NA,NA,NA
"2010-06-04",956.462,FALSE,NA,NA,"<= day","daily",NA,NA,NA
"2010-06-05",932.208,FALSE,NA,NA,"<= day","daily",NA,NA,NA
"2010-06-06",854.692,FALSE,NA,NA,"<= day","daily",NA,NA,NA
"2010-06-07",752.079,FALSE,NA,NA,"<= day","daily",NA,NA,NA
"2010-06-08",688.362,FALSE,NA,NA,"<= day","daily",NA,NA,NA
"2010-06-09",627.858,FALSE,NA,NA,"<= day","daily",NA,NA,NA
"2010-06-10",578.183,FALSE,NA,NA,"<= day","daily",NA,NA,NA
"2010-06-11",539.775,FALSE,NA,NA,"<= day","daily",NA,NA,NA
"2010-06-12",521.025,FALSE,NA,NA,"<= day","daily",NA,NA,NA
"2010-06-13",532.45,FALSE,NA,NA,"<= day","daily",NA,NA,NA
"2010-06-14",558.958,FALSE,NA,NA,"<= day","daily",NA,NA,NA
"2010-06-15",516.933,FALSE,NA,NA,"<= day","daily",NA,NA,NA
"2010-06-16",570.204,FALSE,NA,NA,"<= day","daily",NA,NA,NA
"2010-06-17",603.692,FALSE,NA,NA,"<= day","daily",NA,NA,NA
"2010-06-18",533.879,FALSE,NA,NA,"<= day","daily",NA,NA,NA
"2010-06-19",513.688,FALSE,NA,NA,"<= day","daily",NA,NA,NA
"2010-06-20",582.533,FALSE,NA,NA,"<= day","daily",NA,NA,NA
"2010-06-21",710.325,FALSE,NA,NA,"<= day","daily",NA,NA,NA
"2010-06-22",756.221,FALSE,NA,NA,"<= day","daily",NA,NA,NA
"2010-06-23",683.367,FALSE,NA,NA,"<= day","daily",NA,NA,NA
"2010-06-24",587.058,FALSE,NA,NA,"<= day","daily",NA,NA,NA
"2010-06-25",527.542,FALSE,NA,NA,"<= day","daily",NA,NA,NA
"2010-06-26",493.913,FALSE,NA,NA,"<= day","daily",NA,NA,NA
"2010-06-27",472.388,FALSE,NA,NA,"<= day","daily",NA,NA,NA
"2010-06-28",455.538,FALSE,NA,NA,"<= day","daily",NA,NA,NA
"2010-06-29",440.188,FALSE,NA,NA,"<= day","daily",NA,NA,NA
"2010-06-30",426.188,FALSE,NA,NA,"<= day","daily",NA,NA,NA
"2010-07-01",410.438,FALSE,NA,NA,"<= day","daily",NA,NA,NA
"2010-07-02",397.788,FALSE,NA,NA,"<= day","daily",NA,NA,NA
"2010-07-03",390.383,FALSE,NA,NA,"<= day","daily",NA,NA,NA
"2010-07-04",381.675,FALSE,NA,NA,"<= day","daily",NA,NA,NA
"2010-07-05",381.542,FALSE,NA,NA,"<= day","daily",NA,NA,NA
"2010-07-06",374.358,FALSE,NA,NA,"<= day","daily",NA,NA,NA
"2010-07-07",365.6,FALSE,NA,NA,"<= day","daily",NA,NA,NA
"2010-07-08",357.142,FALSE,NA,NA,"<= day","daily",NA,NA,NA
"2010-07-09",350.496,FALSE,NA,NA,"<= day","daily",NA,NA,NA
"2010-07-10",342.746,FALSE,NA,NA,"<= day","daily",NA,NA,NA
"2010-07-11",335.271,FALSE,NA,NA,"<= day","daily",NA,NA,NA
"2010-07-12",329.604,FALSE,NA,NA,"<= day","daily",NA,NA,NA
"2010-07-13",322.062,FALSE,NA,NA,"<= day","daily",NA,NA,NA
"2010-07-14",312.312,FALSE,NA,NA,"<= day","daily",NA,NA,NA
"2010-07-15",301.038,FALSE,NA,NA,"<= day","daily",NA,NA,NA
"2010-07-16",290.121,FALSE,NA,NA,"<= day","daily",NA,NA,NA
"2010-07-17",289.983,FALSE,NA,NA,"<= day","daily",NA,NA,NA
"2010-07-18",294.317,FALSE,NA,NA,"<= day","daily",NA,NA,NA
"2010-07-19",287.317,FALSE,NA,NA,"<= day","daily",NA,NA,NA
"2010-07-20",283.171,FALSE,NA,NA,"<= day","daily",NA,NA,NA
"2010-07-21",283.033,FALSE,NA,NA,"<= day","daily",NA,NA,NA
"2010-07-22",277.621,FALSE,NA,NA,"<= day","daily",NA,NA,NA
"2010-07-23",279.792,FALSE,NA,NA,"<= day","daily",NA,NA,NA
"2010-07-24",311.667,FALSE,NA,NA,"<= day","daily",NA,NA,NA
"2010-07-25",415.471,FALSE,NA,NA,"<= day","daily",NA,NA,NA
"2010-07-26",328.321,FALSE,NA,NA,"<= day","daily",NA,NA,NA
"2010-07-27",302.083,FALSE,NA,NA,"<= day","daily",NA,NA,NA
"2010-07-28",291.587,FALSE,NA,NA,"<= day","daily",NA,NA,NA
"2010-07-29",300.579,FALSE,NA,NA,"<= day","daily",NA,NA,NA
"2010-07-30",427.254,FALSE,NA,NA,"<= day","daily",NA,NA,NA
"2010-07-31",416.779,FALSE,NA,NA,"<= day","daily",NA,NA,NA
"2010-08-01",362.125,FALSE,NA,NA,"<= day","daily",NA,NA,NA
"2010-08-02",330.146,FALSE,NA,NA,"<= day","daily",NA,NA,NA
"2010-08-03",313.896,FALSE,NA,NA,"<= day","daily",NA,NA,NA
"2010-08-04",307.462,FALSE,NA,NA,"<= day","daily",NA,NA,NA
"2010-08-05",299.254,FALSE,NA,NA,"<= day","daily",NA,NA,NA
"2010-08-06",298.229,FALSE,NA,NA,"<= day","daily",NA,NA,NA
"2010-08-07",304.379,FALSE,NA,NA,"<= day","daily",NA,NA,NA
"2010-08-08",480.283,FALSE,NA,NA,"<= day","daily",NA,NA,NA
"2010-08-09",385.667,FALSE,NA,NA,"<= day","daily",NA,NA,NA
"2010-08-10",344.188,FALSE,NA,NA,"<= day","daily",NA,NA,NA
"2010-08-11",314.821,FALSE,NA,NA,"<= day","daily",NA,NA,NA
"2010-08-12",301.642,FALSE,NA,NA,"<= day","daily",NA,NA,NA
"2010-08-13",295.271,FALSE,NA,NA,"<= day","daily",NA,NA,NA
"2010-08-14",304.129,FALSE,NA,NA,"<= day","daily",NA,NA,NA
"2010-08-15",310.837,FALSE,NA,NA,"<= day","daily",NA,NA,NA
"2010-08-16",302.062,FALSE,NA,NA,"<= day","daily",NA,NA,NA
"2010-08-17",289.817,FALSE,NA,NA,"<= day","daily",NA,NA,NA
"2010-08-18",281.342,FALSE,NA,NA,"<= day","daily",NA,NA,NA
"2010-08-19",275.667,FALSE,NA,NA,"<= day","daily",NA,NA,NA
"2010-08-20",268.479,FALSE,NA,NA,"<= day","daily",NA,NA,NA
"2010-08-21",263.862,FALSE,NA,NA,"<= day","daily",NA,NA,NA
"2010-08-22",261.862,FALSE,NA,NA,"<= day","daily",NA,NA,NA
"2010-08-23",263.367,FALSE,NA,NA,"<= day","daily",NA,NA,NA
"2010-08-24",261.692,FALSE,NA,NA,"<= day","daily",NA,NA,NA
"2010-08-25",258.413,FALSE,NA,NA,"<= day","daily",NA,NA,NA
"2010-08-26",253.017,FALSE,NA,NA,"<= day","daily",NA,NA,NA
"2010-08-27",262.167,FALSE,NA,NA,"<= day","daily",NA,NA,NA
"2010-08-28",289.617,FALSE,NA,NA,"<= day","daily",NA,NA,NA
"2010-08-29",280.733,FALSE,NA,NA,"<= day","daily",NA,NA,NA
"2010-08-30",392.129,FALSE,NA,NA,"<= day","daily",NA,NA,NA
"2010-08-31",572.867,FALSE,NA,NA,"<= day","daily",NA,NA,NA
"2010-09-01",892.7,FALSE,NA,NA,"<= day","daily",NA,NA,NA
"2010-09-02",803.487,FALSE,NA,NA,"<= day","daily",NA,NA,NA
"2010-09-03",666.308,FALSE,NA,NA,"<= day","daily",NA,NA,NA
"2010-09-04",518.442,FALSE,NA,NA,"<= day","daily",NA,NA,NA
"2010-09-05",439.062,FALSE,NA,NA,"<= day","daily",NA,NA,NA
"2010-09-06",394.517,FALSE,NA,NA,"<= day","daily",NA,NA,NA
"2010-09-07",363.388,FALSE,NA,NA,"<= day","daily",NA,NA,NA
"2010-09-08",348.554,FALSE,NA,NA,"<= day","daily",NA,NA,NA
"2010-09-09",333.188,FALSE,NA,NA,"<= day","daily",NA,NA,NA
"2010-09-10",321.875,FALSE,NA,NA,"<= day","daily",NA,NA,NA
"2010-09-11",312.538,FALSE,NA,NA,"<= day","daily",NA,NA,NA
"2010-09-12",304.846,FALSE,NA,NA,"<= day","daily",NA,NA,NA
"2010-09-13",297.333,FALSE,NA,NA,"<= day","daily",NA,NA,NA
"2010-09-14",290.533,FALSE,NA,NA,"<= day","daily",NA,NA,NA
"2010-09-15",290.342,FALSE,NA,NA,"<= day","daily",NA,NA,NA
"2010-09-16",306.133,FALSE,NA,NA,"<= day","daily",NA,NA,NA
"2010-09-17",307.154,FALSE,NA,NA,"<= day","daily",NA,NA,NA
"2010-09-18",418.558,FALSE,NA,NA,"<= day","daily",NA,NA,NA
"2010-09-19",381.575,FALSE,NA,NA,"<= day","daily",NA,NA,NA
"2010-09-20",329.862,FALSE,NA,NA,"<= day","daily",NA,NA,NA
"2010-09-21",311.279,FALSE,NA,NA,"<= day","daily",NA,NA,NA
"2010-09-22",297.804,FALSE,NA,NA,"<= day","daily",NA,NA,NA
"2010-09-23",289.921,FALSE,NA,NA,"<= day","daily",NA,NA,NA
"2010-09-24",284.625,FALSE,NA,NA,"<= day","daily",NA,NA,NA
"2010-09-25",285.483,FALSE,NA,NA,"<= day","daily",NA,NA,NA
"2010-09-26",500.05,FALSE,NA,NA,"<= day","daily",NA,NA,NA
"2010-09-27",426.179,FALSE,NA,NA,"<= day","daily",NA,NA,NA
"2010-09-28",352.271,FALSE,NA,NA,"<= day","daily",NA,NA,NA
"2010-09-29",326.433,FALSE,NA,NA,"<= day","daily",NA,NA,NA
"2010-09-30",339.779,FALSE,NA,NA,"<= day","daily",NA,NA,NA
"2010-10-01",322.533,FALSE,NA,NA,"<= day","daily",NA,NA,NA
"2010-10-02",310.796,FALSE,NA,NA,"<= day","daily",NA,NA,NA
"2010-10-03",302.017,FALSE,NA,NA,"<= day","daily",NA,NA,NA
"2010-10-04",295.754,FALSE,NA,NA,"<= day","daily",NA,NA,NA
"2010-10-05",288.3,FALSE,NA,NA,"<= day","daily",NA,NA,NA
"2010-10-06",282.046,FALSE,NA,NA,"<= day","daily",NA,NA,NA
"2010-10-07",276.467,FALSE,NA,NA,"<= day","daily",NA,NA,NA
"2010-10-08",270.133,FALSE,NA,NA,"<= day","daily",NA,NA,NA
"2010-10-09",264.638,FALSE,NA,NA,"<= day","daily",NA,NA,NA
"2010-10-10",259.663,FALSE,NA,NA,"<= day","daily",NA,NA,NA
"2010-10-11",255.846,FALSE,NA,NA,"<= day","daily",NA,NA,NA
"2010-10-12",252.758,FALSE,NA,NA,"<= day","daily",NA,NA,NA
"2010-10-13",249.821,FALSE,NA,NA,"<= day","daily",NA,NA,NA
"2010-10-14",247.171,FALSE,NA,NA,"<= day","daily",NA,NA,NA
"2010-10-15",244.412,FALSE,NA,NA,"<= day","daily",NA,NA,NA
"2010-10-16",241.979,FALSE,NA,NA,"<= day","daily",NA,NA,NA
"2010-10-17",242.512,FALSE,NA,NA,"<= day","daily",NA,NA,NA
"2010-10-18",241.683,FALSE,NA,NA,"<= day","daily",NA,NA,NA
"2010-10-19",237.592,FALSE,NA,NA,"<= day","daily",NA,NA,NA
"2010-10-20",235.421,FALSE,NA,NA,"<= day","daily",NA,NA,NA
"2010-10-21",234.754,FALSE,NA,NA,"<= day","daily",NA,NA,NA
"2010-10-22",232.042,FALSE,NA,NA,"<= day","daily",NA,NA,NA
"2010-10-23",231.808,FALSE,NA,NA,"<= day","daily",NA,NA,NA
"2010-10-24",236.271,FALSE,NA,NA,"<= day","daily",NA,NA,NA
"2010-10-25",244.721,FALSE,NA,NA,"<= day","daily",NA,NA,NA
"2010-10-26",245.108,FALSE,NA,NA,"<= day","daily",NA,NA,NA
"2010-10-27",239.375,FALSE,NA,NA,"<= day","daily",NA,NA,NA
"2010-10-28",237.079,FALSE,NA,NA,"<= day","daily",NA,NA,NA
"2010-10-29",256.825,FALSE,NA,NA,"<= day","daily",NA,NA,NA
"2010-10-30",300.5,FALSE,NA,NA,"<= day","daily",NA,NA,NA
"2010-11-10",279.185,FALSE,NA,NA,"<= day","daily",NA,NA,NA
"2010-11-11",259.95,FALSE,NA,NA,"<= day","daily",NA,NA,NA
"2010-11-12",251.213,FALSE,NA,NA,"<= day","daily",NA,NA,NA
"2010-11-13",254.546,FALSE,NA,NA,"<= day","daily",NA,NA,NA
"2010-11-14",249.338,FALSE,NA,NA,"<= day","daily",NA,NA,NA
"2010-11-15",243.762,FALSE,NA,NA,"<= day","daily",NA,NA,NA
"2010-11-16",240.113,FALSE,NA,NA,"<= day","daily",NA,NA,NA
"2010-11-17",238.208,FALSE,NA,NA,"<= day","daily",NA,NA,NA
"2010-11-18",235.738,FALSE,NA,NA,"<= day","daily",NA,NA,NA
"2010-11-19",237.479,FALSE,NA,NA,"<= day","daily",NA,NA,NA
"2010-11-20",243.046,FALSE,NA,NA,"<= day","daily",NA,NA,NA
"2010-11-21",243.479,FALSE,NA,NA,"<= day","daily",NA,NA,NA
"2010-11-22",266.967,FALSE,NA,NA,"<= day","daily",NA,NA,NA
"2010-11-23",257.488,FALSE,NA,NA,"<= day","daily",NA,NA,NA
"2010-11-24",244.729,FALSE,NA,NA,"<= day","daily",NA,NA,NA
"2010-11-25",237.871,FALSE,NA,NA,"<= day","daily",NA,NA,NA
"2010-11-26",235.167,FALSE,NA,NA,"<= day","daily",NA,NA,NA
"2010-11-27",231.183,FALSE,NA,NA,"<= day","daily",NA,NA,NA
"2010-11-28",227.637,FALSE,NA,NA,"<= day","daily",NA,NA,NA
"2010-11-29",225.733,FALSE,NA,NA,"<= day","daily",NA,NA,NA
"2010-11-30",221.054,FALSE,NA,NA,"<= day","daily",NA,NA,NA
"2010-12-01",219.096,FALSE,NA,NA,"<= day","daily",NA,NA,NA
"2010-12-02",215.921,FALSE,NA,NA,"<= day","daily",NA,NA,NA
"2010-12-03",213.367,FALSE,NA,NA,"<= day","daily",NA,NA,NA
"2010-12-04",209.833,FALSE,NA,NA,"<= day","daily",NA,NA,NA
"2010-12-05",207.729,FALSE,NA,NA,"<= day","daily",NA,NA,NA
"2010-12-06",205.562,FALSE,NA,NA,"<= day","daily",NA,NA,NA
"2010-12-07",213.871,FALSE,NA,NA,"<= day","daily",NA,NA,NA
"2010-12-08",255.554,FALSE,NA,NA,"<= day","daily",NA,NA,NA
"2010-12-09",294.308,FALSE,NA,NA,"<= day","daily",NA,NA,NA
"2010-12-10",264.654,FALSE,NA,NA,"<= day","daily",NA,NA,NA
"2010-12-11",246.454,FALSE,NA,NA,"<= day","daily",NA,NA,NA
"2010-12-12",237.633,FALSE,NA,NA,"<= day","daily",NA,NA,NA
"2010-12-13",228.958,FALSE,NA,NA,"<= day","daily",NA,NA,NA
"2010-12-14",225.108,FALSE,NA,NA,"<= day","daily",NA,NA,NA
"2010-12-15",223.1,FALSE,NA,NA,"<= day","daily",NA,NA,NA
"2010-12-16",217.908,FALSE,NA,NA,"<= day","daily",NA,NA,NA
"2010-12-17",215.887,FALSE,NA,NA,"<= day","daily",NA,NA,NA
"2010-12-18",212.046,FALSE,NA,NA,"<= day","daily",NA,NA,NA
"2010-12-19",207.667,FALSE,NA,NA,"<= day","daily",NA,NA,NA
"2010-12-20",205.379,FALSE,NA,NA,"<= day","daily",NA,NA,NA
"2010-12-21",202.833,FALSE,NA,NA,"<= day","daily",NA,NA,NA
"2010-12-22",199.3,FALSE,NA,NA,"<= day","daily",NA,NA,NA
"2010-12-23",236.033,FALSE,NA,NA,"<= day","daily",NA,NA,NA
"2010-12-24",467.562,FALSE,NA,NA,"<= day","daily",NA,NA,NA
"2010-12-25",485.146,FALSE,NA,NA,"<= day","daily",NA,NA,NA
"2010-12-26",353.154,FALSE,NA,NA,"<= day","daily",NA,NA,NA
"2010-12-27",305.438,FALSE,NA,NA,"<= day","daily",NA,NA,NA
"2010-12-28",280.783,FALSE,NA,NA,"<= day","daily",NA,NA,NA
"2010-12-29",265.475,FALSE,NA,NA,"<= day","daily",NA,NA,NA
"2010-12-30",252.804,FALSE,NA,NA,"<= day","daily",NA,NA,NA
"2010-12-31",244.887,FALSE,NA,NA,"<= day","daily",NA,NA,NA
"2011-01-01",235.592,FALSE,NA,NA,"<= day","daily",NA,NA,NA
"2011-01-02",226.804,FALSE,NA,NA,"<= day","daily",NA,NA,NA
"2011-01-03",222.079,FALSE,NA,NA,"<= day","daily",NA,NA,NA
"2011-01-04",218.642,FALSE,NA,NA,"<= day","daily",NA,NA,NA
"2011-01-05",215.279,FALSE,NA,NA,"<= day","daily",NA,NA,NA
"2011-01-06",211.9,FALSE,NA,NA,"<= day","daily",NA,NA,NA
"2011-01-07",209.842,FALSE,NA,NA,"<= day","daily",NA,NA,NA
"2011-01-08",207.5,FALSE,NA,NA,"<= day","daily",NA,NA,NA
"2011-01-09",207.188,FALSE,NA,NA,"<= day","daily",NA,NA,NA
"2011-01-10",207.471,FALSE,NA,NA,"<= day","daily",NA,NA,NA
"2011-01-11",208.271,FALSE,NA,NA,"<= day","daily",NA,NA,NA
"2011-01-12",211.283,FALSE,NA,NA,"<= day","daily",NA,NA,NA
"2011-01-13",299.988,FALSE,NA,NA,"<= day","daily",NA,NA,NA
"2011-01-14",795.212,FALSE,NA,NA,"<= day","daily",NA,NA,NA
"2011-01-15",835.117,FALSE,NA,NA,"<= day","daily",NA,NA,NA
"2011-01-16",643.65,FALSE,NA,NA,"<= day","daily",NA,NA,NA
"2011-01-17",494.012,FALSE,NA,NA,"<= day","daily",NA,NA,NA
"2011-01-18",445.2,FALSE,NA,NA,"<= day","daily",NA,NA,NA
"2011-01-19",395.067,FALSE,NA,NA,"<= day","daily",NA,NA,NA
"2011-01-20",358.938,FALSE,NA,NA,"<= day","daily",NA,NA,NA
"2011-01-21",337.225,FALSE,NA,NA,"<= day","daily",NA,NA,NA
"2011-01-22",317.954,FALSE,NA,NA,"<= day","daily",NA,NA,NA
"2011-01-23",304.625,FALSE,NA,NA,"<= day","daily",NA,NA,NA
"2011-01-24",293.012,FALSE,NA,NA,"<= day","daily",NA,NA,NA
"2011-01-25",283.325,FALSE,NA,NA,"<= day","daily",NA,NA,NA
"2011-01-26",276.217,FALSE,NA,NA,"<= day","daily",NA,NA,NA
"2011-01-27",267.379,FALSE,NA,NA,"<= day","daily",NA,NA,NA
"2011-01-28",259.829,FALSE,NA,NA,"<= day","daily",NA,NA,NA
"2011-01-29",256.046,FALSE,NA,NA,"<= day","daily",NA,NA,NA
"2011-01-30",251.854,FALSE,NA,NA,"<= day","daily",NA,NA,NA
"2011-01-31",246.629,FALSE,NA,NA,"<= day","daily",NA,NA,NA
"2011-02-01",242.396,FALSE,NA,NA,"<= day","daily",NA,NA,NA
"2011-02-02",239.467,FALSE,NA,NA,"<= day","daily",NA,NA,NA
"2011-02-03",236.7,FALSE,NA,NA,"<= day","daily",NA,NA,NA
"2011-02-04",234.417,FALSE,NA,NA,"<= day","daily",NA,NA,NA
"2011-02-05",229.933,FALSE,NA,NA,"<= day","daily",NA,NA,NA
"2011-02-06",228.162,FALSE,NA,NA,"<= day","daily",NA,NA,NA
"2011-02-07",236.992,FALSE,NA,NA,"<= day","daily",NA,NA,NA
"2011-02-08",245.387,FALSE,NA,NA,"<= day","daily",NA,NA,NA
"2011-02-09",239.488,FALSE,NA,NA,"<= day","daily",NA,NA,NA
"2011-02-10",233.617,FALSE,NA,NA,"<= day","daily",NA,NA,NA
"2011-02-11",230.708,FALSE,NA,NA,"<= day","daily",NA,NA,NA
"2011-02-12",336.079,FALSE,NA,NA,"<= day","daily",NA,NA,NA
"2011-02-13",324.271,FALSE,NA,NA,"<= day","daily",NA,NA,NA
"2011-02-14",278.85,FALSE,NA,NA,"<= day","daily",NA,NA,NA
"2011-02-15",258.129,FALSE,NA,NA,"<= day","daily",NA,NA,NA
"2011-02-16",247.975,FALSE,NA,NA,"<= day","daily",NA,NA,NA
"2011-02-17",243.062,FALSE,NA,NA,"<= day","daily",NA,NA,NA
"2011-02-18",237.017,FALSE,NA,NA,"<= day","daily",NA,NA,NA
"2011-02-19",232.904,FALSE,NA,NA,"<= day","daily",NA,NA,NA
"2011-02-20",229.438,FALSE,NA,NA,"<= day","daily",NA,NA,NA
"2011-02-21",225.146,FALSE,NA,NA,"<= day","daily",NA,NA,NA
"2011-02-22",221.25,FALSE,NA,NA,"<= day","daily",NA,NA,NA
"2011-02-23",217.767,FALSE,NA,NA,"<= day","daily",NA,NA,NA
"2011-02-24",213.629,FALSE,NA,NA,"<= day","daily",NA,NA,NA
"2011-02-25",209.833,FALSE,NA,NA,"<= day","daily",NA,NA,NA
"2011-02-26",208.488,FALSE,NA,NA,"<= day","daily",NA,NA,NA
"2011-02-27",205.825,FALSE,NA,NA,"<= day","daily",NA,NA,NA
"2011-02-28",204.062,FALSE,NA,NA,"<= day","daily",NA,NA,NA
"2011-03-01",202.367,FALSE,NA,NA,"<= day","daily",NA,NA,NA
"2011-03-02",200.425,FALSE,NA,NA,"<= day","daily",NA,NA,NA
"2011-03-03",198.217,FALSE,NA,NA,"<= day","daily",NA,NA,NA
"2011-03-04",195.692,FALSE,NA,NA,"<= day","daily",NA,NA,NA
"2011-03-05",196.246,FALSE,NA,NA,"<= day","daily",NA,NA,NA
"2011-03-06",196.2,FALSE,NA,NA,"<= day","daily",NA,NA,NA
"2011-03-07",194.075,FALSE,NA,NA,"<= day","daily",NA,NA,NA
"2011-03-08",191.767,FALSE,NA,NA,"<= day","daily",NA,NA,NA
"2011-03-09",191.417,FALSE,NA,NA,"<= day","daily",NA,NA,NA
"2011-03-10",189.692,FALSE,NA,NA,"<= day","daily",NA,NA,NA
"2011-03-11",188.675,FALSE,NA,NA,"<= day","daily",NA,NA,NA
"2011-03-12",190.654,FALSE,NA,NA,"<= day","daily",NA,NA,NA
"2011-03-13",199.654,FALSE,NA,NA,"<= day","daily",NA,NA,NA
"2011-03-14",210.129,FALSE,NA,NA,"<= day","daily",NA,NA,NA
"2011-03-15",263.179,FALSE,NA,NA,"<= day","daily",NA,NA,NA
"2011-03-16",359.996,FALSE,NA,NA,"<= day","daily",NA,NA,NA
"2011-03-17",603.621,FALSE,NA,NA,"<= day","daily",NA,NA,NA
"2011-03-18",639.133,FALSE,NA,NA,"<= day","daily",NA,NA,NA
"2011-03-19",464.021,FALSE,NA,NA,"<= day","daily",NA,NA,NA
"2011-03-20",354.771,FALSE,NA,NA,"<= day","daily",NA,NA,NA
"2011-03-21",303.062,FALSE,NA,NA,"<= day","daily",NA,NA,NA
"2011-03-22",277.408,FALSE,NA,NA,"<= day","daily",NA,NA,NA
"2011-03-23",281.012,FALSE,NA,NA,"<= day","daily",NA,NA,NA
"2011-03-24",320.383,FALSE,NA,NA,"<= day","daily",NA,NA,NA
"2011-03-25",372.533,FALSE,NA,NA,"<= day","daily",NA,NA,NA
"2011-03-26",397.033,FALSE,NA,NA,"<= day","daily",NA,NA,NA
"2011-03-27",380.117,FALSE,NA,NA,"<= day","daily",NA,NA,NA
"2011-03-28",364.083,FALSE,NA,NA,"<= day","daily",NA,NA,NA
"2011-03-29",358.417,FALSE,NA,NA,"<= day","daily",NA,NA,NA
"2011-03-30",356.6,FALSE,NA,NA,"<= day","daily",NA,NA,NA
"2011-03-31",377.712,FALSE,NA,NA,"<= day","daily",NA,NA,NA
"2011-04-01",461.633,FALSE,NA,NA,"<= day","daily",NA,NA,NA
"2011-04-02",580.408,FALSE,NA,NA,"<= day","daily",NA,NA,NA
"2011-04-03",577.808,FALSE,NA,NA,"<= day","daily",NA,NA,NA
"2011-04-04",587.35,FALSE,NA,NA,"<= day","daily",NA,NA,NA
"2011-04-05",592.237,FALSE,NA,NA,"<= day","daily",NA,NA,NA
"2011-04-06",490.108,FALSE,NA,NA,"<= day","daily",NA,NA,NA
"2011-04-07",518.575,FALSE,NA,NA,"<= day","daily",NA,NA,NA
"2011-04-08",581,FALSE,NA,NA,"<= day","daily",NA,NA,NA
"2011-04-09",546.088,FALSE,NA,NA,"<= day","daily",NA,NA,NA
"2011-04-10",467.196,FALSE,NA,NA,"<= day","daily",NA,NA,NA
"2011-04-11",402.567,FALSE,NA,NA,"<= day","daily",NA,NA,NA
"2011-04-12",381.208,FALSE,NA,NA,"<= day","daily",NA,NA,NA
"2011-04-13",358.254,FALSE,NA,NA,"<= day","daily",NA,NA,NA
"2011-04-14",331.979,FALSE,NA,NA,"<= day","daily",NA,NA,NA
"2011-04-15",316.679,FALSE,NA,NA,"<= day","daily",NA,NA,NA
"2011-04-16",307.842,FALSE,NA,NA,"<= day","daily",NA,NA,NA
"2011-04-17",305.25,FALSE,NA,NA,"<= day","daily",NA,NA,NA
"2011-04-18",330.812,FALSE,NA,NA,"<= day","daily",NA,NA,NA
"2011-04-19",396.558,FALSE,NA,NA,"<= day","daily",NA,NA,NA
"2011-04-20",406.583,FALSE,NA,NA,"<= day","daily",NA,NA,NA
"2011-04-21",388.579,FALSE,NA,NA,"<= day","daily",NA,NA,NA
"2011-04-22",372.954,FALSE,NA,NA,"<= day","daily",NA,NA,NA
"2011-04-23",367.358,FALSE,NA,NA,"<= day","daily",NA,NA,NA
"2011-04-24",354.792,FALSE,NA,NA,"<= day","daily",NA,NA,NA
"2011-04-25",355.467,FALSE,NA,NA,"<= day","daily",NA,NA,NA
"2011-04-26",332.783,FALSE,NA,NA,"<= day","daily",NA,NA,NA
"2011-04-27",311.262,FALSE,NA,NA,"<= day","daily",NA,NA,NA
"2011-04-28",305.358,FALSE,NA,NA,"<= day","daily",NA,NA,NA
"2011-04-29",303.117,FALSE,NA,NA,"<= day","daily",NA,NA,NA
"2011-04-30",331.562,FALSE,NA,NA,"<= day","daily",NA,NA,NA
"2011-05-01",387.104,FALSE,NA,NA,"<= day","daily",NA,NA,NA
"2011-05-02",438.879,FALSE,NA,NA,"<= day","daily",NA,NA,NA
"2011-05-03",377.896,FALSE,NA,NA,"<= day","daily",NA,NA,NA
"2011-05-04",340.942,FALSE,NA,NA,"<= day","daily",NA,NA,NA
"2011-05-05",308.333,FALSE,NA,NA,"<= day","daily",NA,NA,NA
"2011-05-06",289.392,FALSE,NA,NA,"<= day","daily",NA,NA,NA
"2011-05-07",279.425,FALSE,NA,NA,"<= day","daily",NA,NA,NA
"2011-05-08",272.112,FALSE,NA,NA,"<= day","daily",NA,NA,NA
"2011-05-09",265.417,FALSE,NA,NA,"<= day","daily",NA,NA,NA
"2011-05-10",261.138,FALSE,NA,NA,"<= day","daily",NA,NA,NA
"2011-05-11",257.508,FALSE,NA,NA,"<= day","daily",NA,NA,NA
"2011-05-12",252.963,FALSE,NA,NA,"<= day","daily",NA,NA,NA
"2011-05-13",255.4,FALSE,NA,NA,"<= day","daily",NA,NA,NA
"2011-05-14",248.871,FALSE,NA,NA,"<= day","daily",NA,NA,NA
"2011-05-15",339.792,FALSE,NA,NA,"<= day","daily",NA,NA,NA
"2011-05-16",407.413,FALSE,NA,NA,"<= day","daily",NA,NA,NA
"2011-05-17",347.9,FALSE,NA,NA,"<= day","daily",NA,NA,NA
"2011-05-18",300.483,FALSE,NA,NA,"<= day","daily",NA,NA,NA
"2011-05-19",275.304,FALSE,NA,NA,"<= day","daily",NA,NA,NA
"2011-05-20",263.808,FALSE,NA,NA,"<= day","daily",NA,NA,NA
"2011-05-21",255.875,FALSE,NA,NA,"<= day","daily",NA,NA,NA
"2011-05-22",250.325,FALSE,NA,NA,"<= day","daily",NA,NA,NA
"2011-05-23",246.129,FALSE,NA,NA,"<= day","daily",NA,NA,NA
"2011-05-24",245.171,FALSE,NA,NA,"<= day","daily",NA,NA,NA
"2011-05-25",245.971,FALSE,NA,NA,"<= day","daily",NA,NA,NA
"2011-05-26",250.258,FALSE,NA,NA,"<= day","daily",NA,NA,NA
"2011-05-27",262.504,FALSE,NA,NA,"<= day","daily",NA,NA,NA
"2011-05-28",407.467,FALSE,NA,NA,"<= day","daily",NA,NA,NA
"2011-05-29",412.192,FALSE,NA,NA,"<= day","daily",NA,NA,NA
"2011-05-30",346.9,FALSE,NA,NA,"<= day","daily",NA,NA,NA
"2011-05-31",318.329,FALSE,NA,NA,"<= day","daily",NA,NA,NA
"2011-06-01",295.579,FALSE,NA,NA,"<= day","daily",NA,NA,NA
"2011-06-02",280.233,FALSE,NA,NA,"<= day","daily",NA,NA,NA
"2011-07-01",253.083,FALSE,NA,NA,"<= day","daily",NA,NA,NA
"2011-07-02",250.1,FALSE,NA,NA,"<= day","daily",NA,NA,NA
"2011-07-03",245.429,FALSE,NA,NA,"<= day","daily",NA,NA,NA
"2011-07-04",254.117,FALSE,NA,NA,"<= day","daily",NA,NA,NA
"2011-07-05",386.321,FALSE,NA,NA,"<= day","daily",NA,NA,NA
"2011-07-06",565.542,FALSE,NA,NA,"<= day","daily",NA,NA,NA
"2011-07-07",385.862,FALSE,NA,NA,"<= day","daily",NA,NA,NA
"2011-07-08",317.542,FALSE,NA,NA,"<= day","daily",NA,NA,NA
"2011-07-09",299.921,FALSE,NA,NA,"<= day","daily",NA,NA,NA
"2011-07-10",279.717,FALSE,NA,NA,"<= day","daily",NA,NA,NA
"2011-07-11",267.35,FALSE,NA,NA,"<= day","daily",NA,NA,NA
"2011-07-12",261.575,FALSE,NA,NA,"<= day","daily",NA,NA,NA
"2011-07-13",254.254,FALSE,NA,NA,"<= day","daily",NA,NA,NA
"2011-07-14",249.05,FALSE,NA,NA,"<= day","daily",NA,NA,NA
"2011-07-15",246.6,FALSE,NA,NA,"<= day","daily",NA,NA,NA
"2011-07-16",243.592,FALSE,NA,NA,"<= day","daily",NA,NA,NA
"2011-07-17",240.117,FALSE,NA,NA,"<= day","daily",NA,NA,NA
"2011-07-18",237.717,FALSE,NA,NA,"<= day","daily",NA,NA,NA
"2011-07-19",237.463,FALSE,NA,NA,"<= day","daily",NA,NA,NA
"2011-07-20",233.917,FALSE,NA,NA,"<= day","daily",NA,NA,NA
"2011-07-21",247.621,FALSE,NA,NA,"<= day","daily",NA,NA,NA
"2011-07-22",279.004,FALSE,NA,NA,"<= day","daily",NA,NA,NA
"2011-07-23",280.788,FALSE,NA,NA,"<= day","daily",NA,NA,NA
"2011-07-24",493.342,FALSE,NA,NA,"<= day","daily",NA,NA,NA
"2011-07-25",752.142,FALSE,NA,NA,"<= day","daily",NA,NA,NA
"2011-07-26",603.962,FALSE,NA,NA,"<= day","daily",NA,NA,NA
"2011-07-27",444.112,FALSE,NA,NA,"<= day","daily",NA,NA,NA
"2011-07-28",376.192,FALSE,NA,NA,"<= day","daily",NA,NA,NA
"2011-07-29",399.992,FALSE,NA,NA,"<= day","daily",NA,NA,NA
"2011-07-30",382.804,FALSE,NA,NA,"<= day","daily",NA,NA,NA
"2011-07-31",357.196,FALSE,NA,NA,"<= day","daily",NA,NA,NA
"2011-08-01",340.888,FALSE,NA,NA,"<= day","daily",NA,NA,NA
"2011-08-02",325.688,FALSE,NA,NA,"<= day","daily",NA,NA,NA
"2011-08-03",304.488,FALSE,NA,NA,"<= day","daily",NA,NA,NA
"2011-08-04",339.138,FALSE,NA,NA,"<= day","daily",NA,NA,NA
"2011-08-05",346.721,FALSE,NA,NA,"<= day","daily",NA,NA,NA
"2011-08-06",311.779,FALSE,NA,NA,"<= day","daily",NA,NA,NA
"2011-08-07",328.6,FALSE,NA,NA,"<= day","daily",NA,NA,NA
"2011-08-08",461.362,FALSE,NA,NA,"<= day","daily",NA,NA,NA
"2011-08-09",490.846,FALSE,NA,NA,"<= day","daily",NA,NA,NA
"2011-08-10",404.192,FALSE,NA,NA,"<= day","daily",NA,NA,NA
"2011-08-11",354.342,FALSE,NA,NA,"<= day","daily",NA,NA,NA
"2011-08-12",330.112,FALSE,NA,NA,"<= day","daily",NA,NA,NA
"2011-08-13",393.837,FALSE,NA,NA,"<= day","daily",NA,NA,NA
"2011-08-14",359.721,FALSE,NA,NA,"<= day","daily",NA,NA,NA
"2011-08-15",329.458,FALSE,NA,NA,"<= day","daily",NA,NA,NA
"2011-08-16",322.183,FALSE,NA,NA,"<= day","daily",NA,NA,NA
"2011-08-17",300.954,FALSE,NA,NA,"<= day","daily",NA,NA,NA
"2011-08-18",287.771,FALSE,NA,NA,"<= day","daily",NA,NA,NA
"2011-08-19",279.392,FALSE,NA,NA,"<= day","daily",NA,NA,NA
"2011-08-20",270.762,FALSE,NA,NA,"<= day","daily",NA,NA,NA
"2011-08-21",269.004,FALSE,NA,NA,"<= day","daily",NA,NA,NA
"2011-08-22",268.462,FALSE,NA,NA,"<= day","daily",NA,NA,NA
"2011-08-23",259.729,FALSE,NA,NA,"<= day","daily",NA,NA,NA
"2011-08-24",256.933,FALSE,NA,NA,"<= day","daily",NA,NA,NA
"2011-08-25",254.35,FALSE,NA,NA,"<= day","daily",NA,NA,NA
"2011-08-26",250.363,FALSE,NA,NA,"<= day","daily",NA,NA,NA
"2011-08-27",250.217,FALSE,NA,NA,"<= day","daily",NA,NA,NA
"2011-08-28",260.692,FALSE,NA,NA,"<= day","daily",NA,NA,NA
"2011-08-29",248.058,FALSE,NA,NA,"<= day","daily",NA,NA,NA
"2011-08-30",238.008,FALSE,NA,NA,"<= day","daily",NA,NA,NA
"2011-08-31",238.9,FALSE,NA,NA,"<= day","daily",NA,NA,NA
"2011-09-01",242.592,FALSE,NA,NA,"<= day","daily",NA,NA,NA
"2011-09-02",234.192,FALSE,NA,NA,"<= day","daily",NA,NA,NA
"2011-09-03",228.912,FALSE,NA,NA,"<= day","daily",NA,NA,NA
"2011-09-04",226.625,FALSE,NA,NA,"<= day","daily",NA,NA,NA
"2011-09-05",218.471,FALSE,NA,NA,"<= day","daily",NA,NA,NA
"2011-09-06",224.808,FALSE,NA,NA,"<= day","daily",NA,NA,NA
"2011-09-07",226.429,FALSE,NA,NA,"<= day","daily",NA,NA,NA
"2011-09-08",222.387,FALSE,NA,NA,"<= day","daily",NA,NA,NA
"2011-09-09",248.367,FALSE,NA,NA,"<= day","daily",NA,NA,NA
"2011-09-10",240.917,FALSE,NA,NA,"<= day","daily",NA,NA,NA
"2011-09-11",229.367,FALSE,NA,NA,"<= day","daily",NA,NA,NA
"2011-09-12",223.787,FALSE,NA,NA,"<= day","daily",NA,NA,NA
"2011-09-13",218.588,FALSE,NA,NA,"<= day","daily",NA,NA,NA
"2011-09-14",219.713,FALSE,NA,NA,"<= day","daily",NA,NA,NA
"2011-09-15",219.025,FALSE,NA,NA,"<= day","daily",NA,NA,NA
"2011-09-16",215.279,FALSE,NA,NA,"<= day","daily",NA,NA,NA
"2011-09-17",213.133,FALSE,NA,NA,"<= day","daily",NA,NA,NA
"2011-09-18",209.108,FALSE,NA,NA,"<= day","daily",NA,NA,NA
"2011-09-19",325.612,FALSE,NA,NA,"<= day","daily",NA,NA,NA
"2011-09-20",553.354,FALSE,NA,NA,"<= day","daily",NA,NA,NA
"2011-09-21",594.146,FALSE,NA,NA,"<= day","daily",NA,NA,NA
"2011-09-22",466.138,FALSE,NA,NA,"<= day","daily",NA,NA,NA
"2011-09-23",349.133,FALSE,NA,NA,"<= day","daily",NA,NA,NA
"2011-09-24",301.796,FALSE,NA,NA,"<= day","daily",NA,NA,NA
"2011-09-25",278.925,FALSE,NA,NA,"<= day","daily",NA,NA,NA
"2011-09-26",266.746,FALSE,NA,NA,"<= day","daily",NA,NA,NA
"2011-09-27",256.108,FALSE,NA,NA,"<= day","daily",NA,NA,NA
"2011-09-28",249.721,FALSE,NA,NA,"<= day","daily",NA,NA,NA
"2011-09-29",243.871,FALSE,NA,NA,"<= day","daily",NA,NA,NA
"2011-09-30",238.142,FALSE,NA,NA,"<= day","daily",NA,NA,NA
"2011-10-01",234.929,FALSE,NA,NA,"<= day","daily",NA,NA,NA
"2011-10-02",233.279,FALSE,NA,NA,"<= day","daily",NA,NA,NA
"2011-10-03",226.017,FALSE,NA,NA,"<= day","daily",NA,NA,NA
"2011-10-04",222.546,FALSE,NA,NA,"<= day","daily",NA,NA,NA
"2011-10-05",222.958,FALSE,NA,NA,"<= day","daily",NA,NA,NA
"2011-10-06",219.021,FALSE,NA,NA,"<= day","daily",NA,NA,NA
"2011-10-07",253.217,FALSE,NA,NA,"<= day","daily",NA,NA,NA
"2011-10-08",256.062,FALSE,NA,NA,"<= day","daily",NA,NA,NA
"2011-10-09",249.137,FALSE,NA,NA,"<= day","daily",NA,NA,NA
"2011-10-10",355.758,FALSE,NA,NA,"<= day","daily",NA,NA,NA
"2011-10-11",799.746,FALSE,NA,NA,"<= day","daily",NA,NA,NA
"2011-10-12",784.817,FALSE,NA,NA,"<= day","daily",NA,NA,NA
"2011-10-13",755.908,FALSE,NA,NA,"<= day","daily",NA,NA,NA
"2011-10-14",681.612,FALSE,NA,NA,"<= day","daily",NA,NA,NA
"2011-10-15",531.888,FALSE,NA,NA,"<= day","daily",NA,NA,NA
"2011-10-16",433.546,FALSE,NA,NA,"<= day","daily",NA,NA,NA
"2011-10-17",381.421,FALSE,NA,NA,"<= day","daily",NA,NA,NA
"2011-10-18",348.629,FALSE,NA,NA,"<= day","daily",NA,NA,NA
"2011-10-19",326.867,FALSE,NA,NA,"<= day","daily",NA,NA,NA
"2011-10-20",307.654,FALSE,NA,NA,"<= day","daily",NA,NA,NA
"2011-10-21",287.596,FALSE,NA,NA,"<= day","daily",NA,NA,NA
"2011-10-22",283.054,FALSE,NA,NA,"<= day","daily",NA,NA,NA
"2011-10-23",276.846,FALSE,NA,NA,"<= day","daily",NA,NA,NA
"2011-10-24",273.833,FALSE,NA,NA,"<= day","daily",NA,NA,NA
"2011-10-25",279.971,FALSE,NA,NA,"<= day","daily",NA,NA,NA
"2011-10-26",275.621,FALSE,NA,NA,"<= day","daily",NA,NA,NA
"2011-10-27",277.512,FALSE,NA,NA,"<= day","daily",NA,NA,NA
"2011-10-28",266.542,FALSE,NA,NA,"<= day","daily",NA,NA,NA
"2011-10-29",261.017,FALSE,NA,NA,"<= day","daily",NA,NA,NA
"2011-10-30",253.679,FALSE,NA,NA,"<= day","daily",NA,NA,NA
"2011-10-31",250.217,FALSE,NA,NA,"<= day","daily",NA,NA,NA
"2011-11-01",246.775,FALSE,NA,NA,"<= day","daily",NA,NA,NA
"2011-11-02",241.221,FALSE,NA,NA,"<= day","daily",NA,NA,NA
"2011-11-03",237.717,FALSE,NA,NA,"<= day","daily",NA,NA,NA
"2011-11-04",234.146,FALSE,NA,NA,"<= day","daily",NA,NA,NA
"2011-11-05",229.838,FALSE,NA,NA,"<= day","daily",NA,NA,NA
"2011-11-06",227.021,FALSE,NA,NA,"<= day","daily",NA,NA,NA
"2011-11-07",223.833,FALSE,NA,NA,"<= day","daily",NA,NA,NA
"2011-11-08",222.312,FALSE,NA,NA,"<= day","daily",NA,NA,NA
"2011-11-09",218.879,FALSE,NA,NA,"<= day","daily",NA,NA,NA
"2011-11-10",217.275,FALSE,NA,NA,"<= day","daily",NA,NA,NA
"2011-11-11",214.304,FALSE,NA,NA,"<= day","daily",NA,NA,NA
"2011-11-12",211.283,FALSE,NA,NA,"<= day","daily",NA,NA,NA
"2011-11-13",209.05,FALSE,NA,NA,"<= day","daily",NA,NA,NA
"2011-11-14",208.121,FALSE,NA,NA,"<= day","daily",NA,NA,NA
"2011-11-15",206.704,FALSE,NA,NA,"<= day","daily",NA,NA,NA
"2011-11-16",202.904,FALSE,NA,NA,"<= day","daily",NA,NA,NA
"2011-11-17",201.912,FALSE,NA,NA,"<= day","daily",NA,NA,NA
"2011-11-18",199.775,FALSE,NA,NA,"<= day","daily",NA,NA,NA
"2011-11-19",199.096,FALSE,NA,NA,"<= day","daily",NA,NA,NA
"2011-11-20",196.204,FALSE,NA,NA,"<= day","daily",NA,NA,NA
"2011-11-21",195.021,FALSE,NA,NA,"<= day","daily",NA,NA,NA
"2011-11-22",193.971,FALSE,NA,NA,"<= day","daily",NA,NA,NA
"2011-11-23",189.662,FALSE,NA,NA,"<= day","daily",NA,NA,NA
"2011-11-24",186.771,FALSE,NA,NA,"<= day","daily",NA,NA,NA
"2011-11-25",190.363,FALSE,NA,NA,"<= day","daily",NA,NA,NA
"2011-11-26",187.092,FALSE,NA,NA,"<= day","daily",NA,NA,NA
"2011-11-27",185.958,FALSE,NA,NA,"<= day","daily",NA,NA,NA
"2011-11-28",186.646,FALSE,NA,NA,"<= day","daily",NA,NA,NA
"2011-11-29",192.167,FALSE,NA,NA,"<= day","daily",NA,NA,NA
"2011-11-30",188.275,FALSE,NA,NA,"<= day","daily",NA,NA,NA
"2011-12-01",186.279,FALSE,NA,NA,"<= day","daily",NA,NA,NA
"2011-12-02",186.842,FALSE,NA,NA,"<= day","daily",NA,NA,NA
"2011-12-03",185.938,FALSE,NA,NA,"<= day","daily",NA,NA,NA
"2011-12-04",185.083,FALSE,NA,NA,"<= day","daily",NA,NA,NA
"2011-12-05",183.338,FALSE,NA,NA,"<= day","daily",NA,NA,NA
"2011-12-06",178.467,FALSE,NA,NA,"<= day","daily",NA,NA,NA
"2011-12-07",176.833,FALSE,NA,NA,"<= day","daily",NA,NA,NA
"2011-12-08",173.025,FALSE,NA,NA,"<= day","daily",NA,NA,NA
"2011-12-09",173,FALSE,NA,NA,"<= day","daily",NA,NA,NA
"2011-12-10",171.408,FALSE,NA,NA,"<= day","daily",NA,NA,NA
"2011-12-11",170.579,FALSE,NA,NA,"<= day","daily",NA,NA,NA
"2011-12-12",169.346,FALSE,NA,NA,"<= day","daily",NA,NA,NA
"2011-12-13",169.137,FALSE,NA,NA,"<= day","daily",NA,NA,NA
"2011-12-14",168.671,FALSE,NA,NA,"<= day","daily",NA,NA,NA
"2011-12-15",168.85,FALSE,NA,NA,"<= day","daily",NA,NA,NA
"2011-12-16",170.696,FALSE,NA,NA,"<= day","daily",NA,NA,NA
"2011-12-17",169.283,FALSE,NA,NA,"<= day","daily",NA,NA,NA
"2011-12-18",167.429,FALSE,NA,NA,"<= day","daily",NA,NA,NA
"2011-12-19",166.029,FALSE,NA,NA,"<= day","daily",NA,NA,NA
"2011-12-20",167.008,FALSE,NA,NA,"<= day","daily",NA,NA,NA
"2011-12-21",166.404,FALSE,NA,NA,"<= day","daily",NA,NA,NA
"2011-12-22",164.433,FALSE,NA,NA,"<= day","daily",NA,NA,NA
"2011-12-23",165.096,FALSE,NA,NA,"<= day","daily",NA,NA,NA
"2011-12-24",168.213,FALSE,NA,NA,"<= day","daily",NA,NA,NA
"2011-12-25",165.346,FALSE,NA,NA,"<= day","daily",NA,NA,NA
"2011-12-26",164.025,FALSE,NA,NA,"<= day","daily",NA,NA,NA
"2011-12-27",165.25,FALSE,NA,NA,"<= day","daily",NA,NA,NA
"2011-12-28",169.35,FALSE,NA,NA,"<= day","daily",NA,NA,NA
"2011-12-29",172.108,FALSE,NA,NA,"<= day","daily",NA,NA,NA
"2011-12-30",172.396,FALSE,NA,NA,"<= day","daily",NA,NA,NA
"2011-12-31",167.562,FALSE,NA,NA,"<= day","daily",NA,NA,NA
"2012-01-01",177.742,FALSE,NA,NA,"<= day","daily",NA,NA,NA
"2012-01-02",222.242,FALSE,NA,NA,"<= day","daily",NA,NA,NA
"2012-01-03",211.054,FALSE,NA,NA,"<= day","daily",NA,NA,NA
"2012-01-04",200.217,FALSE,NA,NA,"<= day","daily",NA,NA,NA
"2012-01-05",195.142,FALSE,NA,NA,"<= day","daily",NA,NA,NA
"2012-01-06",184.8,FALSE,NA,NA,"<= day","daily",NA,NA,NA
"2012-01-07",179.338,FALSE,NA,NA,"<= day","daily",NA,NA,NA
"2012-01-08",176.542,FALSE,NA,NA,"<= day","daily",NA,NA,NA
"2012-01-09",173.371,FALSE,NA,NA,"<= day","daily",NA,NA,NA
"2012-01-10",170.975,FALSE,NA,NA,"<= day","daily",NA,NA,NA
"2012-01-11",169.404,FALSE,NA,NA,"<= day","daily",NA,NA,NA
"2012-01-12",170.871,FALSE,NA,NA,"<= day","daily",NA,NA,NA
"2012-01-13",172.442,FALSE,NA,NA,"<= day","daily",NA,NA,NA
"2012-01-14",172.225,FALSE,NA,NA,"<= day","daily",NA,NA,NA
"2012-01-15",169.583,FALSE,NA,NA,"<= day","daily",NA,NA,NA
"2012-01-16",166.779,FALSE,NA,NA,"<= day","daily",NA,NA,NA
"2012-01-17",165.783,FALSE,NA,NA,"<= day","daily",NA,NA,NA
"2012-01-18",165.175,FALSE,NA,NA,"<= day","daily",NA,NA,NA
"2012-01-19",176.375,FALSE,NA,NA,"<= day","daily",NA,NA,NA
"2012-01-20",398.867,FALSE,NA,NA,"<= day","daily",NA,NA,NA
"2012-01-21",308.758,FALSE,NA,NA,"<= day","daily",NA,NA,NA
"2012-01-22",260.971,FALSE,NA,NA,"<= day","daily",NA,NA,NA
"2012-01-23",239.067,FALSE,NA,NA,"<= day","daily",NA,NA,NA
"2012-01-24",225.083,FALSE,NA,NA,"<= day","daily",NA,NA,NA
"2012-01-25",211.754,FALSE,NA,NA,"<= day","daily",NA,NA,NA
"2012-01-26",206.238,FALSE,NA,NA,"<= day","daily",NA,NA,NA
"2012-01-27",202.354,FALSE,NA,NA,"<= day","daily",NA,NA,NA
"2012-01-28",196.904,FALSE,NA,NA,"<= day","daily",NA,NA,NA
"2012-01-29",194.65,FALSE,NA,NA,"<= day","daily",NA,NA,NA
"2012-01-30",191.621,FALSE,NA,NA,"<= day","daily",NA,NA,NA
"2012-01-31",190.392,FALSE,NA,NA,"<= day","daily",NA,NA,NA
"2012-02-01",192.492,FALSE,NA,NA,"<= day","daily",NA,NA,NA
"2012-02-02",191.017,FALSE,NA,NA,"<= day","daily",NA,NA,NA
"2012-02-03",182.887,FALSE,NA,NA,"<= day","daily",NA,NA,NA
"2012-02-04",182.529,FALSE,NA,NA,"<= day","daily",NA,NA,NA
"2012-02-05",180.504,FALSE,NA,NA,"<= day","daily",NA,NA,NA
"2012-02-06",179.996,FALSE,NA,NA,"<= day","daily",NA,NA,NA
"2012-02-07",178.075,FALSE,NA,NA,"<= day","daily",NA,NA,NA
"2012-02-08",175.454,FALSE,NA,NA,"<= day","daily",NA,NA,NA
"2012-02-09",175.333,FALSE,NA,NA,"<= day","daily",NA,NA,NA
"2012-02-10",172.488,FALSE,NA,NA,"<= day","daily",NA,NA,NA
"2012-02-11",172.879,FALSE,NA,NA,"<= day","daily",NA,NA,NA
"2012-02-12",172.725,FALSE,NA,NA,"<= day","daily",NA,NA,NA
"2012-02-13",171.679,FALSE,NA,NA,"<= day","daily",NA,NA,NA
"2012-02-14",171.575,FALSE,NA,NA,"<= day","daily",NA,NA,NA
"2012-02-15",172.783,FALSE,NA,NA,"<= day","daily",NA,NA,NA
"2012-02-16",167.4,FALSE,NA,NA,"<= day","daily",NA,NA,NA
"2012-02-17",166.475,FALSE,NA,NA,"<= day","daily",NA,NA,NA
"2012-02-18",166.029,FALSE,NA,NA,"<= day","daily",NA,NA,NA
"2012-02-19",165.325,FALSE,NA,NA,"<= day","daily",NA,NA,NA
"2012-02-20",163.392,FALSE,NA,NA,"<= day","daily",NA,NA,NA
"2012-02-21",159.396,FALSE,NA,NA,"<= day","daily",NA,NA,NA
"2012-02-22",159.542,FALSE,NA,NA,"<= day","daily",NA,NA,NA
"2012-02-23",159.85,FALSE,NA,NA,"<= day","daily",NA,NA,NA
"2012-02-24",163.167,FALSE,NA,NA,"<= day","daily",NA,NA,NA
"2012-02-25",269.917,FALSE,NA,NA,"<= day","daily",NA,NA,NA
"2012-02-26",295.796,FALSE,NA,NA,"<= day","daily",NA,NA,NA
"2012-02-27",233.988,FALSE,NA,NA,"<= day","daily",NA,NA,NA
"2012-02-28",217.113,FALSE,NA,NA,"<= day","daily",NA,NA,NA
"2012-02-29",286.5,FALSE,NA,NA,"<= day","daily",NA,NA,NA
"2012-03-01",496.983,FALSE,NA,NA,"<= day","daily",NA,NA,NA
"2012-03-02",579.383,FALSE,NA,NA,"<= day","daily",NA,NA,NA
"2012-03-03",567.617,FALSE,NA,NA,"<= day","daily",NA,NA,NA
"2012-03-04",475.788,FALSE,NA,NA,"<= day","daily",NA,NA,NA
"2012-03-05",406.267,FALSE,NA,NA,"<= day","daily",NA,NA,NA
"2012-03-06",359.821,FALSE,NA,NA,"<= day","daily",NA,NA,NA
"2012-03-07",325.646,FALSE,NA,NA,"<= day","daily",NA,NA,NA
"2012-03-08",302.829,FALSE,NA,NA,"<= day","daily",NA,NA,NA
"2012-03-09",277.746,FALSE,NA,NA,"<= day","daily",NA,NA,NA
"2012-03-10",267.6,FALSE,NA,NA,"<= day","daily",NA,NA,NA
"2012-03-11",262.292,FALSE,NA,NA,"<= day","daily",NA,NA,NA
"2012-03-12",275.508,FALSE,NA,NA,"<= day","daily",NA,NA,NA
"2012-03-13",309.775,FALSE,NA,NA,"<= day","daily",NA,NA,NA
"2012-03-14",332.229,FALSE,NA,NA,"<= day","daily",NA,NA,NA
"2012-03-15",378.9,FALSE,NA,NA,"<= day","daily",NA,NA,NA
"2012-03-16",422.979,FALSE,NA,NA,"<= day","daily",NA,NA,NA
"2012-03-17",494.558,FALSE,NA,NA,"<= day","daily",NA,NA,NA
"2012-03-18",576.558,FALSE,NA,NA,"<= day","daily",NA,NA,NA
"2012-03-19",572.529,FALSE,NA,NA,"<= day","daily",NA,NA,NA
"2012-03-20",490.471,FALSE,NA,NA,"<= day","daily",NA,NA,NA
"2012-03-21",497.471,FALSE,NA,NA,"<= day","daily",NA,NA,NA
"2012-03-22",565.446,FALSE,NA,NA,"<= day","daily",NA,NA,NA
"2012-03-23",650.4,FALSE,NA,NA,"<= day","daily",NA,NA,NA
"2012-03-24",704.696,FALSE,NA,NA,"<= day","daily",NA,NA,NA
"2012-03-25",694.662,FALSE,NA,NA,"<= day","daily",NA,NA,NA
"2012-03-26",690.662,FALSE,NA,NA,"<= day","daily",NA,NA,NA
"2012-03-27",686.996,FALSE,NA,NA,"<= day","daily",NA,NA,NA
"2012-03-28",708.233,FALSE,NA,NA,"<= day","daily",NA,NA,NA
"2012-03-29",809.021,FALSE,NA,NA,"<= day","daily",NA,NA,NA
"2012-03-30",840.733,FALSE,NA,NA,"<= day","daily",NA,NA,NA
"2012-03-31",790.538,FALSE,NA,NA,"<= day","daily",NA,NA,NA
"2012-04-01",711.912,FALSE,NA,NA,"<= day","daily",NA,NA,NA
"2012-04-02",612.879,FALSE,NA,NA,"<= day","daily",NA,NA,NA
"2012-04-03",572.317,FALSE,NA,NA,"<= day","daily",NA,NA,NA
"2012-04-04",620.2,FALSE,NA,NA,"<= day","daily",NA,NA,NA
"2012-04-05",720.162,FALSE,NA,NA,"<= day","daily",NA,NA,NA
"2012-04-06",794.708,FALSE,NA,NA,"<= day","daily",NA,NA,NA
"2012-04-07",790.088,FALSE,NA,NA,"<= day","daily",NA,NA,NA
"2012-04-08",736.967,FALSE,NA,NA,"<= day","daily",NA,NA,NA
"2012-04-09",645.925,FALSE,NA,NA,"<= day","daily",NA,NA,NA
"2012-04-10",563.146,FALSE,NA,NA,"<= day","daily",NA,NA,NA
"2012-04-11",538.596,FALSE,NA,NA,"<= day","daily",NA,NA,NA
"2012-04-12",583.067,FALSE,NA,NA,"<= day","daily",NA,NA,NA
"2012-04-13",540.487,FALSE,NA,NA,"<= day","daily",NA,NA,NA
"2012-04-14",562.925,FALSE,NA,NA,"<= day","daily",NA,NA,NA
"2012-04-15",586.987,FALSE,NA,NA,"<= day","daily",NA,NA,NA
"2012-04-16",602.442,FALSE,NA,NA,"<= day","daily",NA,NA,NA
"2012-04-17",553.592,FALSE,NA,NA,"<= day","daily",NA,NA,NA
"2012-04-18",510.104,FALSE,NA,NA,"<= day","daily",NA,NA,NA
"2012-04-19",501.538,FALSE,NA,NA,"<= day","daily",NA,NA,NA
"2012-04-20",516.75,FALSE,NA,NA,"<= day","daily",NA,NA,NA
"2012-04-21",571.896,FALSE,NA,NA,"<= day","daily",NA,NA,NA
"2012-04-22",579.65,FALSE,NA,NA,"<= day","daily",NA,NA,NA
"2012-04-23",528.283,FALSE,NA,NA,"<= day","daily",NA,NA,NA
"2012-04-24",515.183,FALSE,NA,NA,"<= day","daily",NA,NA,NA
"2012-04-25",553.462,FALSE,NA,NA,"<= day","daily",NA,NA,NA
"2012-04-26",628.038,FALSE,NA,NA,"<= day","daily",NA,NA,NA
"2012-04-27",735.079,FALSE,NA,NA,"<= day","daily",NA,NA,NA
"2012-04-28",822.725,FALSE,NA,NA,"<= day","daily",NA,NA,NA
"2012-04-29",917.921,FALSE,NA,NA,"<= day","daily",NA,NA,NA
"2012-04-30",960.333,FALSE,NA,NA,"<= day","daily",NA,NA,NA
"2012-05-01",973.079,FALSE,NA,NA,"<= day","daily",NA,NA,NA
"2012-05-02",979.288,FALSE,NA,NA,"<= day","daily",NA,NA,NA
"2012-05-03",979.554,FALSE,NA,NA,"<= day","daily",NA,NA,NA
"2012-05-04",962.633,FALSE,NA,NA,"<= day","daily",NA,NA,NA
"2012-05-05",936.712,FALSE,NA,NA,"<= day","daily",NA,NA,NA
"2012-05-06",913.362,FALSE,NA,NA,"<= day","daily",NA,NA,NA
"2012-05-07",890.138,FALSE,NA,NA,"<= day","daily",NA,NA,NA
"2012-05-08",862.579,FALSE,NA,NA,"<= day","daily",NA,NA,NA
"2012-05-09",844.475,FALSE,NA,NA,"<= day","daily",NA,NA,NA
"2012-05-10",831.638,FALSE,NA,NA,"<= day","daily",NA,NA,NA
"2012-05-11",826.621,FALSE,NA,NA,"<= day","daily",NA,NA,NA
"2012-05-12",819.896,FALSE,NA,NA,"<= day","daily",NA,NA,NA
"2012-05-13",797.004,FALSE,NA,NA,"<= day","daily",NA,NA,NA
"2012-05-14",729.812,FALSE,NA,NA,"<= day","daily",NA,NA,NA
"2012-05-15",668.263,FALSE,NA,NA,"<= day","daily",NA,NA,NA
"2012-05-16",630.962,FALSE,NA,NA,"<= day","daily",NA,NA,NA
"2012-05-17",593.096,FALSE,NA,NA,"<= day","daily",NA,NA,NA
"2012-05-18",566.125,FALSE,NA,NA,"<= day","daily",NA,NA,NA
"2012-05-19",584.304,FALSE,NA,NA,"<= day","daily",NA,NA,NA
"2012-05-20",601.588,FALSE,NA,NA,"<= day","daily",NA,NA,NA
"2012-05-21",621.192,FALSE,NA,NA,"<= day","daily",NA,NA,NA
"2012-05-22",627.279,FALSE,NA,NA,"<= day","daily",NA,NA,NA
"2012-05-23",636.446,FALSE,NA,NA,"<= day","daily",NA,NA,NA
"2012-05-24",627.062,FALSE,NA,NA,"<= day","daily",NA,NA,NA
"2012-05-25",615.571,FALSE,NA,NA,"<= day","daily",NA,NA,NA
"2012-05-26",573.742,FALSE,NA,NA,"<= day","daily",NA,NA,NA
"2012-05-27",532.267,FALSE,NA,NA,"<= day","daily",NA,NA,NA
"2012-05-28",505.017,FALSE,NA,NA,"<= day","daily",NA,NA,NA
"2012-05-29",488.821,FALSE,NA,NA,"<= day","daily",NA,NA,NA
"2012-05-30",470.05,FALSE,NA,NA,"<= day","daily",NA,NA,NA
"2012-05-31",453.225,FALSE,NA,NA,"<= day","daily",NA,NA,NA
"2012-06-01",452.025,FALSE,NA,NA,"<= day","daily",NA,NA,NA
"2012-06-02",454.354,FALSE,NA,NA,"<= day","daily",NA,NA,NA
"2012-06-03",446.4,FALSE,NA,NA,"<= day","daily",NA,NA,NA
"2012-06-04",464.904,FALSE,NA,NA,"<= day","daily",NA,NA,NA
"2012-06-05",584.254,FALSE,NA,NA,"<= day","daily",NA,NA,NA
"2012-06-06",507.362,FALSE,NA,NA,"<= day","daily",NA,NA,NA
"2012-06-07",447.5,FALSE,NA,NA,"<= day","daily",NA,NA,NA
"2012-06-08",417.362,FALSE,NA,NA,"<= day","daily",NA,NA,NA
"2012-06-09",401.788,FALSE,NA,NA,"<= day","daily",NA,NA,NA
"2012-06-10",440.558,FALSE,NA,NA,"<= day","daily",NA,NA,NA
"2012-06-11",574.333,FALSE,NA,NA,"<= day","daily",NA,NA,NA
"2012-06-12",625.588,FALSE,NA,NA,"<= day","daily",NA,NA,NA
"2012-06-13",605.458,FALSE,NA,NA,"<= day","daily",NA,NA,NA
"2012-06-14",563.362,FALSE,NA,NA,"<= day","daily",NA,NA,NA
"2012-06-15",486.962,FALSE,NA,NA,"<= day","daily",NA,NA,NA
"2012-06-16",437.975,FALSE,NA,NA,"<= day","daily",NA,NA,NA
"2012-06-17",408.754,FALSE,NA,NA,"<= day","daily",NA,NA,NA
"2012-06-18",388.921,FALSE,NA,NA,"<= day","daily",NA,NA,NA
"2012-06-19",373.612,FALSE,NA,NA,"<= day","daily",NA,NA,NA
"2012-06-20",378.421,FALSE,NA,NA,"<= day","daily",NA,NA,NA
"2012-06-21",520.392,FALSE,NA,NA,"<= day","daily",NA,NA,NA
"2012-06-22",498.017,FALSE,NA,NA,"<= day","daily",NA,NA,NA
"2012-06-23",683.679,FALSE,NA,NA,"<= day","daily",NA,NA,NA
"2012-06-24",703.058,FALSE,NA,NA,"<= day","daily",NA,NA,NA
"2012-06-25",642.921,FALSE,NA,NA,"<= day","daily",NA,NA,NA
"2012-06-26",633.4,FALSE,NA,NA,"<= day","daily",NA,NA,NA
"2012-06-27",545.162,FALSE,NA,NA,"<= day","daily",NA,NA,NA
"2012-06-28",491.371,FALSE,NA,NA,"<= day","daily",NA,NA,NA
"2012-06-29",451.233,FALSE,NA,NA,"<= day","daily",NA,NA,NA
"2012-06-30",421.908,FALSE,NA,NA,"<= day","daily",NA,NA,NA
"2012-07-01",401.008,FALSE,NA,NA,"<= day","daily",NA,NA,NA
"2012-07-02",383.671,FALSE,NA,NA,"<= day","daily",NA,NA,NA
"2012-07-03",371.546,FALSE,NA,NA,"<= day","daily",NA,NA,NA
"2012-07-04",465.821,FALSE,NA,NA,"<= day","daily",NA,NA,NA
"2012-07-05",412.85,FALSE,NA,NA,"<= day","daily",NA,NA,NA
"2012-07-06",377.85,FALSE,NA,NA,"<= day","daily",NA,NA,NA
"2012-07-07",358.979,FALSE,NA,NA,"<= day","daily",NA,NA,NA
"2012-07-08",350.192,FALSE,NA,NA,"<= day","daily",NA,NA,NA
"2012-07-09",516.5,FALSE,NA,NA,"<= day","daily",NA,NA,NA
"2012-07-10",457.933,FALSE,NA,NA,"<= day","daily",NA,NA,NA
"2012-07-11",419.196,FALSE,NA,NA,"<= day","daily",NA,NA,NA
"2012-07-12",497.433,FALSE,NA,NA,"<= day","daily",NA,NA,NA
"2012-07-13",462.942,FALSE,NA,NA,"<= day","daily",NA,NA,NA
"2012-07-14",478.129,FALSE,NA,NA,"<= day","daily",NA,NA,NA
"2012-07-15",738.162,FALSE,NA,NA,"<= day","daily",NA,NA,NA
"2012-07-16",758.029,FALSE,NA,NA,"<= day","daily",NA,NA,NA
"2012-07-17",631.004,FALSE,NA,NA,"<= day","daily",NA,NA,NA
"2012-07-18",529.604,FALSE,NA,NA,"<= day","daily",NA,NA,NA
"2012-07-19",478.837,FALSE,NA,NA,"<= day","daily",NA,NA,NA
"2012-07-20",484.85,FALSE,NA,NA,"<= day","daily",NA,NA,NA
"2012-07-21",896.771,FALSE,NA,NA,"<= day","daily",NA,NA,NA
"2012-07-22",929.675,FALSE,NA,NA,"<= day","daily",NA,NA,NA
"2012-07-23",862.929,FALSE,NA,NA,"<= day","daily",NA,NA,NA
"2012-07-24",755.638,FALSE,NA,NA,"<= day","daily",NA,NA,NA
"2012-07-25",670.979,FALSE,NA,NA,"<= day","daily",NA,NA,NA
"2012-07-26",684.808,FALSE,NA,NA,"<= day","daily",NA,NA,NA
"2012-07-27",682.692,FALSE,NA,NA,"<= day","daily",NA,NA,NA
"2012-07-28",622.138,FALSE,NA,NA,"<= day","daily",NA,NA,NA
"2012-07-29",561.033,FALSE,NA,NA,"<= day","daily",NA,NA,NA
"2012-07-30",533.758,FALSE,NA,NA,"<= day","daily",NA,NA,NA
"2012-07-31",509.217,FALSE,NA,NA,"<= day","daily",NA,NA,NA
"2012-08-01",487.504,FALSE,NA,NA,"<= day","daily",NA,NA,NA
"2012-08-02",463.567,FALSE,NA,NA,"<= day","daily",NA,NA,NA
"2012-08-03",477.854,FALSE,NA,NA,"<= day","daily",NA,NA,NA
"2012-08-04",495.163,FALSE,NA,NA,"<= day","daily",NA,NA,NA
"2012-08-05",513.888,FALSE,NA,NA,"<= day","daily",NA,NA,NA
"2012-08-06",469.646,FALSE,NA,NA,"<= day","daily",NA,NA,NA
"2012-08-07",435.267,FALSE,NA,NA,"<= day","daily",NA,NA,NA
"2012-08-08",411.317,FALSE,NA,NA,"<= day","daily",NA,NA,NA
"2012-08-09",393.337,FALSE,NA,NA,"<= day","daily",NA,NA,NA
"2012-08-10",381.458,FALSE,NA,NA,"<= day","daily",NA,NA,NA
"2012-08-11",370.083,FALSE,NA,NA,"<= day","daily",NA,NA,NA
"2012-08-12",361.192,FALSE,NA,NA,"<= day","daily",NA,NA,NA
"2012-08-13",352.408,FALSE,NA,NA,"<= day","daily",NA,NA,NA
"2012-08-14",343.679,FALSE,NA,NA,"<= day","daily",NA,NA,NA
"2012-08-15",336.388,FALSE,NA,NA,"<= day","daily",NA,NA,NA
"2012-08-16",328.533,FALSE,NA,NA,"<= day","daily",NA,NA,NA
"2012-08-17",320.917,FALSE,NA,NA,"<= day","daily",NA,NA,NA
"2012-08-18",316.762,FALSE,NA,NA,"<= day","daily",NA,NA,NA
"2012-08-19",309.704,FALSE,NA,NA,"<= day","daily",NA,NA,NA
"2012-08-20",305.646,FALSE,NA,NA,"<= day","daily",NA,NA,NA
"2012-08-21",301.404,FALSE,NA,NA,"<= day","daily",NA,NA,NA
"2012-08-22",297.75,FALSE,NA,NA,"<= day","daily",NA,NA,NA
"2012-08-23",296.5,FALSE,NA,NA,"<= day","daily",NA,NA,NA
"2012-08-24",293.183,FALSE,NA,NA,"<= day","daily",NA,NA,NA
"2012-08-25",289.488,FALSE,NA,NA,"<= day","daily",NA,NA,NA
"2012-08-26",286.55,FALSE,NA,NA,"<= day","daily",NA,NA,NA
"2012-08-27",283.279,FALSE,NA,NA,"<= day","daily",NA,NA,NA
"2012-08-28",280.221,FALSE,NA,NA,"<= day","daily",NA,NA,NA
"2012-08-29",277.15,FALSE,NA,NA,"<= day","daily",NA,NA,NA
"2012-08-30",275.008,FALSE,NA,NA,"<= day","daily",NA,NA,NA
"2012-08-31",293.175,FALSE,NA,NA,"<= day","daily",NA,NA,NA
"2012-09-01",386.292,FALSE,NA,NA,"<= day","daily",NA,NA,NA
"2012-09-02",342.3,FALSE,NA,NA,"<= day","daily",NA,NA,NA
"2012-09-03",304.417,FALSE,NA,NA,"<= day","daily",NA,NA,NA
"2012-09-04",290.104,FALSE,NA,NA,"<= day","daily",NA,NA,NA
"2012-09-05",311.421,FALSE,NA,NA,"<= day","daily",NA,NA,NA
"2012-09-06",353.979,FALSE,NA,NA,"<= day","daily",NA,NA,NA
"2012-09-07",327.221,FALSE,NA,NA,"<= day","daily",NA,NA,NA
"2012-09-08",298.004,FALSE,NA,NA,"<= day","daily",NA,NA,NA
"2012-09-09",284.675,FALSE,NA,NA,"<= day","daily",NA,NA,NA
"2012-09-10",276.067,FALSE,NA,NA,"<= day","daily",NA,NA,NA
"2012-09-11",270.146,FALSE,NA,NA,"<= day","daily",NA,NA,NA
"2012-09-12",266.638,FALSE,NA,NA,"<= day","daily",NA,NA,NA
"2012-09-13",501.45,FALSE,NA,NA,"<= day","daily",NA,NA,NA
"2012-09-14",537.221,FALSE,NA,NA,"<= day","daily",NA,NA,NA
"2012-09-15",391.642,FALSE,NA,NA,"<= day","daily",NA,NA,NA
"2012-09-16",330.9,FALSE,NA,NA,"<= day","daily",NA,NA,NA
"2012-09-17",311.612,FALSE,NA,NA,"<= day","daily",NA,NA,NA
"2012-09-18",297.983,FALSE,NA,NA,"<= day","daily",NA,NA,NA
"2012-09-19",322.654,FALSE,NA,NA,"<= day","daily",NA,NA,NA
"2012-09-20",389.717,FALSE,NA,NA,"<= day","daily",NA,NA,NA
"2012-09-21",329.75,FALSE,NA,NA,"<= day","daily",NA,NA,NA
"2012-09-22",302.775,FALSE,NA,NA,"<= day","daily",NA,NA,NA
"2012-09-23",288.087,FALSE,NA,NA,"<= day","daily",NA,NA,NA
"2012-09-24",278.596,FALSE,NA,NA,"<= day","daily",NA,NA,NA
"2012-09-25",272.288,FALSE,NA,NA,"<= day","daily",NA,NA,NA
"2012-09-26",267.167,FALSE,NA,NA,"<= day","daily",NA,NA,NA
"2012-09-27",267.746,FALSE,NA,NA,"<= day","daily",NA,NA,NA
"2012-09-28",268.125,FALSE,NA,NA,"<= day","daily",NA,NA,NA
"2012-09-29",266.312,FALSE,NA,NA,"<= day","daily",NA,NA,NA
"2012-09-30",269.462,FALSE,NA,NA,"<= day","daily",NA,NA,NA
"2012-10-01",265.488,FALSE,NA,NA,"<= day","daily",NA,NA,NA
"2012-10-02",265.617,FALSE,NA,NA,"<= day","daily",NA,NA,NA
"2012-10-03",263.587,FALSE,NA,NA,"<= day","daily",NA,NA,NA
"2012-10-04",264.85,FALSE,NA,NA,"<= day","daily",NA,NA,NA
"2012-10-05",262.092,FALSE,NA,NA,"<= day","daily",NA,NA,NA
"2012-10-06",260.071,FALSE,NA,NA,"<= day","daily",NA,NA,NA
"2012-10-07",260.946,FALSE,NA,NA,"<= day","daily",NA,NA,NA
"2012-10-08",261.321,FALSE,NA,NA,"<= day","daily",NA,NA,NA
"2012-10-09",256.883,FALSE,NA,NA,"<= day","daily",NA,NA,NA
"2012-10-10",259.746,FALSE,NA,NA,"<= day","daily",NA,NA,NA
"2012-10-11",255.846,FALSE,NA,NA,"<= day","daily",NA,NA,NA
"2012-10-12",252.092,FALSE,NA,NA,"<= day","daily",NA,NA,NA
"2012-10-13",256.246,FALSE,NA,NA,"<= day","daily",NA,NA,NA
"2012-10-14",253.783,FALSE,NA,NA,"<= day","daily",NA,NA,NA
"2012-10-15",251.283,FALSE,NA,NA,"<= day","daily",NA,NA,NA
"2012-10-16",278.337,FALSE,NA,NA,"<= day","daily",NA,NA,NA
"2012-10-17",301.408,FALSE,NA,NA,"<= day","daily",NA,NA,NA
"2012-10-18",323.812,FALSE,NA,NA,"<= day","daily",NA,NA,NA
"2012-10-19",298.192,FALSE,NA,NA,"<= day","daily",NA,NA,NA
"2012-10-20",271.996,FALSE,NA,NA,"<= day","daily",NA,NA,NA
"2012-10-21",259.879,FALSE,NA,NA,"<= day","daily",NA,NA,NA
"2012-10-22",252.167,FALSE,NA,NA,"<= day","daily",NA,NA,NA
"2012-10-23",246.825,FALSE,NA,NA,"<= day","daily",NA,NA,NA
"2012-10-24",243.846,FALSE,NA,NA,"<= day","daily",NA,NA,NA
"2012-10-25",239.363,FALSE,NA,NA,"<= day","daily",NA,NA,NA
"2012-10-26",236.225,FALSE,NA,NA,"<= day","daily",NA,NA,NA
"2012-10-27",235.608,FALSE,NA,NA,"<= day","daily",NA,NA,NA
"2012-10-28",232.1,FALSE,NA,NA,"<= day","daily",NA,NA,NA
"2012-10-29",229.558,FALSE,NA,NA,"<= day","daily",NA,NA,NA
"2012-10-30",228.942,FALSE,NA,NA,"<= day","daily",NA,NA,NA
"2012-10-31",227.754,FALSE,NA,NA,"<= day","daily",NA,NA,NA
"2012-11-01",312.275,FALSE,NA,NA,"<= day","daily",NA,NA,NA
"2012-11-02",330.858,FALSE,NA,NA,"<= day","daily",NA,NA,NA
"2012-11-03",279.679,FALSE,NA,NA,"<= day","daily",NA,NA,NA
"2012-11-04",279.7,FALSE,NA,NA,"<= day","daily",NA,NA,NA
"2012-11-05",522.721,FALSE,NA,NA,"<= day","daily",NA,NA,NA
"2012-11-06",448.821,FALSE,NA,NA,"<= day","daily",NA,NA,NA
"2012-11-07",352.583,FALSE,NA,NA,"<= day","daily",NA,NA,NA
"2012-11-08",321.217,FALSE,NA,NA,"<= day","daily",NA,NA,NA
"2012-11-09",317.575,FALSE,NA,NA,"<= day","daily",NA,NA,NA
"2012-11-10",310.621,FALSE,NA,NA,"<= day","daily",NA,NA,NA
"2012-11-11",348.9,FALSE,NA,NA,"<= day","daily",NA,NA,NA
"2012-11-12",332.754,FALSE,NA,NA,"<= day","daily",NA,NA,NA
"2012-11-13",366.571,FALSE,NA,NA,"<= day","daily",NA,NA,NA
"2012-11-14",334.329,FALSE,NA,NA,"<= day","daily",NA,NA,NA
"2012-11-15",303.7,FALSE,NA,NA,"<= day","daily",NA,NA,NA
"2012-11-16",288.708,FALSE,NA,NA,"<= day","daily",NA,NA,NA
"2012-11-17",279.133,FALSE,NA,NA,"<= day","daily",NA,NA,NA
"2012-11-18",268.004,FALSE,NA,NA,"<= day","daily",NA,NA,NA
"2012-11-19",258.854,FALSE,NA,NA,"<= day","daily",NA,NA,NA
"2012-11-20",252.225,FALSE,NA,NA,"<= day","daily",NA,NA,NA
"2012-11-21",247.346,FALSE,NA,NA,"<= day","daily",NA,NA,NA
"2012-11-22",242.654,FALSE,NA,NA,"<= day","daily",NA,NA,NA
"2012-11-23",239.588,FALSE,NA,NA,"<= day","daily",NA,NA,NA
"2012-11-24",237.192,FALSE,NA,NA,"<= day","daily",NA,NA,NA
"2012-11-25",233.713,FALSE,NA,NA,"<= day","daily",NA,NA,NA
"2012-11-26",233.438,FALSE,NA,NA,"<= day","daily",NA,NA,NA
"2012-11-27",231.754,FALSE,NA,NA,"<= day","daily",NA,NA,NA
"2012-11-28",230.542,FALSE,NA,NA,"<= day","daily",NA,NA,NA
"2012-11-29",265.617,FALSE,NA,NA,"<= day","daily",NA,NA,NA
"2012-11-30",245.233,FALSE,NA,NA,"<= day","daily",NA,NA,NA
"2012-12-01",236.108,FALSE,NA,NA,"<= day","daily",NA,NA,NA
"2012-12-02",231.9,FALSE,NA,NA,"<= day","daily",NA,NA,NA
"2012-12-03",227.333,FALSE,NA,NA,"<= day","daily",NA,NA,NA
"2012-12-04",225.812,FALSE,NA,NA,"<= day","daily",NA,NA,NA
"2012-12-05",221.512,FALSE,NA,NA,"<= day","daily",NA,NA,NA
"2012-12-06",218.771,FALSE,NA,NA,"<= day","daily",NA,NA,NA
"2012-12-07",217.45,FALSE,NA,NA,"<= day","daily",NA,NA,NA
"2012-12-08",214.975,FALSE,NA,NA,"<= day","daily",NA,NA,NA
"2012-12-09",214.542,FALSE,NA,NA,"<= day","daily",NA,NA,NA
"2012-12-10",212.863,FALSE,NA,NA,"<= day","daily",NA,NA,NA
"2012-12-11",210.292,FALSE,NA,NA,"<= day","daily",NA,NA,NA
"2012-12-12",208.375,FALSE,NA,NA,"<= day","daily",NA,NA,NA
"2012-12-13",207.875,FALSE,NA,NA,"<= day","daily",NA,NA,NA
"2012-12-14",206.812,FALSE,NA,NA,"<= day","daily",NA,NA,NA
"2012-12-15",206.529,FALSE,NA,NA,"<= day","daily",NA,NA,NA
"2012-12-16",207.779,FALSE,NA,NA,"<= day","daily",NA,NA,NA
"2012-12-17",209.342,FALSE,NA,NA,"<= day","daily",NA,NA,NA
"2012-12-18",207.846,FALSE,NA,NA,"<= day","daily",NA,NA,NA
"2012-12-19",207.304,FALSE,NA,NA,"<= day","daily",NA,NA,NA
"2012-12-20",207.062,FALSE,NA,NA,"<= day","daily",NA,NA,NA
"2012-12-21",204.679,FALSE,NA,NA,"<= day","daily",NA,NA,NA
"2012-12-22",202.592,FALSE,NA,NA,"<= day","daily",NA,NA,NA
"2012-12-23",257.587,FALSE,NA,NA,"<= day","daily",NA,NA,NA
"2012-12-24",538.15,FALSE,NA,NA,"<= day","daily",NA,NA,NA
"2012-12-25",470.404,FALSE,NA,NA,"<= day","daily",NA,NA,NA
"2012-12-26",395.608,FALSE,NA,NA,"<= day","daily",NA,NA,NA
"2012-12-27",335.038,FALSE,NA,NA,"<= day","daily",NA,NA,NA
"2012-12-28",295.946,FALSE,NA,NA,"<= day","daily",NA,NA,NA
"2012-12-29",277.517,FALSE,NA,NA,"<= day","daily",NA,NA,NA
"2012-12-30",264.25,FALSE,NA,NA,"<= day","daily",NA,NA,NA
"2012-12-31",255.729,FALSE,NA,NA,"<= day","daily",NA,NA,NA
"2013-01-01",250.979,FALSE,NA,NA,"<= day","daily",NA,NA,NA
"2013-01-02",239.429,FALSE,NA,NA,"<= day","daily",NA,NA,NA
"2013-01-03",237.071,FALSE,NA,NA,"<= day","daily",NA,NA,NA
"2013-01-04",247.442,FALSE,NA,NA,"<= day","daily",NA,NA,NA
"2013-01-05",496.7,FALSE,NA,NA,"<= day","daily",NA,NA,NA
"2013-01-06",550.358,FALSE,NA,NA,"<= day","daily",NA,NA,NA
"2013-01-07",527.758,FALSE,NA,NA,"<= day","daily",NA,NA,NA
"2013-01-08",457.379,FALSE,NA,NA,"<= day","daily",NA,NA,NA
"2013-01-09",402.337,FALSE,NA,NA,"<= day","daily",NA,NA,NA
"2013-01-10",378.188,FALSE,NA,NA,"<= day","daily",NA,NA,NA
"2013-01-11",352.062,FALSE,NA,NA,"<= day","daily",NA,NA,NA
"2013-01-12",331.275,FALSE,NA,NA,"<= day","daily",NA,NA,NA
"2013-01-13",318.275,FALSE,NA,NA,"<= day","daily",NA,NA,NA
"2013-01-14",307.15,FALSE,NA,NA,"<= day","daily",NA,NA,NA
"2013-01-15",298.996,FALSE,NA,NA,"<= day","daily",NA,NA,NA
"2013-01-16",291.992,FALSE,NA,NA,"<= day","daily",NA,NA,NA
"2013-01-17",283.087,FALSE,NA,NA,"<= day","daily",NA,NA,NA
"2013-01-18",277.6,FALSE,NA,NA,"<= day","daily",NA,NA,NA
"2013-01-19",273.879,FALSE,NA,NA,"<= day","daily",NA,NA,NA
"2013-01-20",281.612,FALSE,NA,NA,"<= day","daily",NA,NA,NA
"2013-01-21",360.617,FALSE,NA,NA,"<= day","daily",NA,NA,NA
"2013-01-22",321.075,FALSE,NA,NA,"<= day","daily",NA,NA,NA
"2013-01-23",292.837,FALSE,NA,NA,"<= day","daily",NA,NA,NA
"2013-01-24",277.708,FALSE,NA,NA,"<= day","daily",NA,NA,NA
"2013-01-25",267.079,FALSE,NA,NA,"<= day","daily",NA,NA,NA
"2013-01-26",260.867,FALSE,NA,NA,"<= day","daily",NA,NA,NA
"2013-01-27",255.754,FALSE,NA,NA,"<= day","daily",NA,NA,NA
"2013-01-28",249.729,FALSE,NA,NA,"<= day","daily",NA,NA,NA
"2013-01-29",246.158,FALSE,NA,NA,"<= day","daily",NA,NA,NA
"2013-01-30",317.275,FALSE,NA,NA,"<= day","daily",NA,NA,NA
"2013-01-31",502.346,FALSE,NA,NA,"<= day","daily",NA,NA,NA
"2013-02-01",406.475,FALSE,NA,NA,"<= day","daily",NA,NA,NA
"2013-02-02",350.329,FALSE,NA,NA,"<= day","daily",NA,NA,NA
"2013-02-03",315.85,FALSE,NA,NA,"<= day","daily",NA,NA,NA
"2013-02-04",299.208,FALSE,NA,NA,"<= day","daily",NA,NA,NA
"2013-02-05",290.254,FALSE,NA,NA,"<= day","daily",NA,NA,NA
"2013-02-06",285.587,FALSE,NA,NA,"<= day","daily",NA,NA,NA
"2013-02-07",275.583,FALSE,NA,NA,"<= day","daily",NA,NA,NA
"2013-02-08",270.775,FALSE,NA,NA,"<= day","daily",NA,NA,NA
"2013-02-09",263.4,FALSE,NA,NA,"<= day","daily",NA,NA,NA
"2013-02-10",259.888,FALSE,NA,NA,"<= day","daily",NA,NA,NA
"2013-02-11",257.358,FALSE,NA,NA,"<= day","daily",NA,NA,NA
"2013-02-12",252.579,FALSE,NA,NA,"<= day","daily",NA,NA,NA
"2013-02-13",247.954,FALSE,NA,NA,"<= day","daily",NA,NA,NA
"2013-02-14",246.25,FALSE,NA,NA,"<= day","daily",NA,NA,NA
"2013-02-15",244.025,FALSE,NA,NA,"<= day","daily",NA,NA,NA
"2013-02-16",239.079,FALSE,NA,NA,"<= day","daily",NA,NA,NA
"2013-02-17",238.383,FALSE,NA,NA,"<= day","daily",NA,NA,NA
"2013-02-18",237.375,FALSE,NA,NA,"<= day","daily",NA,NA,NA
"2013-02-19",235.917,FALSE,NA,NA,"<= day","daily",NA,NA,NA
"2013-02-20",231.554,FALSE,NA,NA,"<= day","daily",NA,NA,NA
"2013-02-21",233.229,FALSE,NA,NA,"<= day","daily",NA,NA,NA
"2013-02-22",232.238,FALSE,NA,NA,"<= day","daily",NA,NA,NA
"2013-02-23",229.95,FALSE,NA,NA,"<= day","daily",NA,NA,NA
"2013-02-24",226.704,FALSE,NA,NA,"<= day","daily",NA,NA,NA
"2013-02-25",222.846,FALSE,NA,NA,"<= day","daily",NA,NA,NA
"2013-02-26",223.762,FALSE,NA,NA,"<= day","daily",NA,NA,NA
"2013-02-27",221.562,FALSE,NA,NA,"<= day","daily",NA,NA,NA
"2013-02-28",220.012,FALSE,NA,NA,"<= day","daily",NA,NA,NA
"2013-03-01",224.075,FALSE,NA,NA,"<= day","daily",NA,NA,NA
"2013-03-02",226.1,FALSE,NA,NA,"<= day","daily",NA,NA,NA
"2013-03-03",229.171,FALSE,NA,NA,"<= day","daily",NA,NA,NA
"2013-03-04",226.929,FALSE,NA,NA,"<= day","daily",NA,NA,NA
"2013-03-05",229.304,FALSE,NA,NA,"<= day","daily",NA,NA,NA
"2013-03-06",235.704,FALSE,NA,NA,"<= day","daily",NA,NA,NA
"2013-03-07",284.15,FALSE,NA,NA,"<= day","daily",NA,NA,NA
"2013-03-08",390.075,FALSE,NA,NA,"<= day","daily",NA,NA,NA
"2013-03-09",445.3,FALSE,NA,NA,"<= day","daily",NA,NA,NA
"2013-03-10",484.925,FALSE,NA,NA,"<= day","daily",NA,NA,NA
"2013-03-11",438.267,FALSE,NA,NA,"<= day","daily",NA,NA,NA
"2013-03-12",397.033,FALSE,NA,NA,"<= day","daily",NA,NA,NA
"2013-03-13",377.604,FALSE,NA,NA,"<= day","daily",NA,NA,NA
"2013-03-14",347.546,FALSE,NA,NA,"<= day","daily",NA,NA,NA
"2013-03-15",317.154,FALSE,NA,NA,"<= day","daily",NA,NA,NA
"2013-03-16",299.8,FALSE,NA,NA,"<= day","daily",NA,NA,NA
"2013-03-17",290.354,FALSE,NA,NA,"<= day","daily",NA,NA,NA
"2013-03-18",284.104,FALSE,NA,NA,"<= day","daily",NA,NA,NA
"2013-03-19",269.388,FALSE,NA,NA,"<= day","daily",NA,NA,NA
"2013-03-20",265.467,FALSE,NA,NA,"<= day","daily",NA,NA,NA
"2013-03-21",258.846,FALSE,NA,NA,"<= day","daily",NA,NA,NA
"2013-03-22",256.196,FALSE,NA,NA,"<= day","daily",NA,NA,NA
"2013-03-23",253.35,FALSE,NA,NA,"<= day","daily",NA,NA,NA
"2013-03-24",248.529,FALSE,NA,NA,"<= day","daily",NA,NA,NA
"2013-03-25",248.008,FALSE,NA,NA,"<= day","daily",NA,NA,NA
"2013-03-26",244.558,FALSE,NA,NA,"<= day","daily",NA,NA,NA
"2013-03-27",240.046,FALSE,NA,NA,"<= day","daily",NA,NA,NA
"2013-03-28",237.421,FALSE,NA,NA,"<= day","daily",NA,NA,NA
"2013-03-29",237.479,FALSE,NA,NA,"<= day","daily",NA,NA,NA
"2013-03-30",237.092,FALSE,NA,NA,"<= day","daily",NA,NA,NA
"2013-03-31",242.683,FALSE,NA,NA,"<= day","daily",NA,NA,NA
"2013-04-01",240.675,FALSE,NA,NA,"<= day","daily",NA,NA,NA
"2013-04-02",237.283,FALSE,NA,NA,"<= day","daily",NA,NA,NA
"2013-04-03",234.762,FALSE,NA,NA,"<= day","daily",NA,NA,NA
"2013-04-04",232.963,FALSE,NA,NA,"<= day","daily",NA,NA,NA
"2013-04-05",242.162,FALSE,NA,NA,"<= day","daily",NA,NA,NA
"2013-04-06",242.929,FALSE,NA,NA,"<= day","daily",NA,NA,NA
"2013-04-07",240.071,FALSE,NA,NA,"<= day","daily",NA,NA,NA
"2013-04-08",238.425,FALSE,NA,NA,"<= day","daily",NA,NA,NA
"2013-04-09",242.008,FALSE,NA,NA,"<= day","daily",NA,NA,NA
"2013-04-10",255.75,FALSE,NA,NA,"<= day","daily",NA,NA,NA
"2013-04-11",291.029,FALSE,NA,NA,"<= day","daily",NA,NA,NA
"2013-04-12",383.821,FALSE,NA,NA,"<= day","daily",NA,NA,NA
"2013-04-13",442.938,FALSE,NA,NA,"<= day","daily",NA,NA,NA
"2013-04-14",469.617,FALSE,NA,NA,"<= day","daily",NA,NA,NA
"2013-04-15",555.7,FALSE,NA,NA,"<= day","daily",NA,NA,NA
"2013-04-16",656.017,FALSE,NA,NA,"<= day","daily",NA,NA,NA
"2013-04-17",730.596,FALSE,NA,NA,"<= day","daily",NA,NA,NA
"2013-04-18",828.983,FALSE,NA,NA,"<= day","daily",NA,NA,NA
"2013-04-19",908.217,FALSE,NA,NA,"<= day","daily",NA,NA,NA
"2013-04-20",968.763,FALSE,NA,NA,"<= day","daily",NA,NA,NA
"2013-04-21",971.917,FALSE,NA,NA,"<= day","daily",NA,NA,NA
"2013-04-22",968.229,FALSE,NA,NA,"<= day","daily",NA,NA,NA
"2013-04-23",959.454,FALSE,NA,NA,"<= day","daily",NA,NA,NA
"2013-04-24",946.992,FALSE,NA,NA,"<= day","daily",NA,NA,NA
"2013-04-25",954.117,FALSE,NA,NA,"<= day","daily",NA,NA,NA
"2013-04-26",980.596,FALSE,NA,NA,"<= day","daily",NA,NA,NA
"2013-04-27",1008.05,FALSE,NA,NA,"<= day","daily",NA,NA,NA
"2013-04-28",1007.846,FALSE,NA,NA,"<= day","daily",NA,NA,NA
"2013-04-29",999.679,FALSE,NA,NA,"<= day","daily",NA,NA,NA
"2013-04-30",995.867,FALSE,NA,NA,"<= day","daily",NA,NA,NA
"2013-05-01",991.054,FALSE,NA,NA,"<= day","daily",NA,NA,NA
"2013-05-02",987.675,FALSE,NA,NA,"<= day","daily",NA,NA,NA
"2013-05-03",980.417,FALSE,NA,NA,"<= day","daily",NA,NA,NA
"2013-05-04",954.704,FALSE,NA,NA,"<= day","daily",NA,NA,NA
"2013-05-05",960.746,FALSE,NA,NA,"<= day","daily",NA,NA,NA
"2013-05-06",954.242,FALSE,NA,NA,"<= day","daily",NA,NA,NA
"2013-05-07",988.342,FALSE,NA,NA,"<= day","daily",NA,NA,NA
"2013-05-08",992.879,FALSE,NA,NA,"<= day","daily",NA,NA,NA
"2013-05-09",953.904,FALSE,NA,NA,"<= day","daily",NA,NA,NA
"2013-05-10",916.208,FALSE,NA,NA,"<= day","daily",NA,NA,NA
"2013-05-11",942.517,FALSE,NA,NA,"<= day","daily",NA,NA,NA
"2013-05-12",945.85,FALSE,NA,NA,"<= day","daily",NA,NA,NA
"2013-05-13",910.017,FALSE,NA,NA,"<= day","daily",NA,NA,NA
"2013-05-14",862.112,FALSE,NA,NA,"<= day","daily",NA,NA,NA
"2013-05-15",804.5,FALSE,NA,NA,"<= day","daily",NA,NA,NA
"2013-05-16",748.096,FALSE,NA,NA,"<= day","daily",NA,NA,NA
"2013-05-17",704.617,FALSE,NA,NA,"<= day","daily",NA,NA,NA
"2013-05-18",665.121,FALSE,NA,NA,"<= day","daily",NA,NA,NA
"2013-05-19",626.7,FALSE,NA,NA,"<= day","daily",NA,NA,NA
"2013-05-20",595.942,FALSE,NA,NA,"<= day","daily",NA,NA,NA
"2013-05-21",565.692,FALSE,NA,NA,"<= day","daily",NA,NA,NA
"2013-05-22",544.088,FALSE,NA,NA,"<= day","daily",NA,NA,NA
"2013-05-23",526.054,FALSE,NA,NA,"<= day","daily",NA,NA,NA
"2013-05-24",501.654,FALSE,NA,NA,"<= day","daily",NA,NA,NA
"2013-05-25",482.95,FALSE,NA,NA,"<= day","daily",NA,NA,NA
"2013-05-26",485.633,FALSE,NA,NA,"<= day","daily",NA,NA,NA
"2013-05-27",497.179,FALSE,NA,NA,"<= day","daily",NA,NA,NA
"2013-05-28",509.517,FALSE,NA,NA,"<= day","daily",NA,NA,NA
"2013-05-29",482.475,FALSE,NA,NA,"<= day","daily",NA,NA,NA
"2013-05-30",463.642,FALSE,NA,NA,"<= day","daily",NA,NA,NA
"2013-05-31",552.492,FALSE,NA,NA,"<= day","daily",NA,NA,NA
"2013-06-01",639.604,FALSE,NA,NA,"<= day","daily",NA,NA,NA
"2013-06-02",788.812,FALSE,NA,NA,"<= day","daily",NA,NA,NA
"2013-06-03",871.446,FALSE,NA,NA,"<= day","daily",NA,NA,NA
"2013-06-04",842.183,FALSE,NA,NA,"<= day","daily",NA,NA,NA
"2013-06-05",828.121,FALSE,NA,NA,"<= day","daily",NA,NA,NA
"2013-06-06",787.071,FALSE,NA,NA,"<= day","daily",NA,NA,NA
"2013-06-07",707.467,FALSE,NA,NA,"<= day","daily",NA,NA,NA
"2013-06-08",635.254,FALSE,NA,NA,"<= day","daily",NA,NA,NA
"2013-06-09",586.088,FALSE,NA,NA,"<= day","daily",NA,NA,NA
"2013-06-10",557.038,FALSE,NA,NA,"<= day","daily",NA,NA,NA
"2013-06-11",783.279,FALSE,NA,NA,"<= day","daily",NA,NA,NA
"2013-06-12",838.708,FALSE,NA,NA,"<= day","daily",NA,NA,NA
"2013-06-13",754.625,FALSE,NA,NA,"<= day","daily",NA,NA,NA
"2013-06-14",663.946,FALSE,NA,NA,"<= day","daily",NA,NA,NA
"2013-06-15",591.508,FALSE,NA,NA,"<= day","daily",NA,NA,NA
"2013-06-16",540.871,FALSE,NA,NA,"<= day","daily",NA,NA,NA
"2013-06-17",510.808,FALSE,NA,NA,"<= day","daily",NA,NA,NA
"2013-06-18",487.2,FALSE,NA,NA,"<= day","daily",NA,NA,NA
"2013-06-19",467.738,FALSE,NA,NA,"<= day","daily",NA,NA,NA
"2013-06-20",450.242,FALSE,NA,NA,"<= day","daily",NA,NA,NA
"2013-06-21",437.583,FALSE,NA,NA,"<= day","daily",NA,NA,NA
"2013-06-22",423.367,FALSE,NA,NA,"<= day","daily",NA,NA,NA
"2013-06-23",412.396,FALSE,NA,NA,"<= day","daily",NA,NA,NA
"2013-06-24",500.413,FALSE,NA,NA,"<= day","daily",NA,NA,NA
"2013-06-25",722.133,FALSE,NA,NA,"<= day","daily",NA,NA,NA
"2013-06-26",779.888,FALSE,NA,NA,"<= day","daily",NA,NA,NA
"2013-06-27",684.783,FALSE,NA,NA,"<= day","daily",NA,NA,NA
"2013-06-28",586.529,FALSE,NA,NA,"<= day","daily",NA,NA,NA
"2013-06-29",519.746,FALSE,NA,NA,"<= day","daily",NA,NA,NA
"2013-06-30",483.779,FALSE,NA,NA,"<= day","daily",NA,NA,NA
"2013-07-01",462.583,FALSE,NA,NA,"<= day","daily",NA,NA,NA
"2013-07-02",438.012,FALSE,NA,NA,"<= day","daily",NA,NA,NA
"2013-07-03",423.046,FALSE,NA,NA,"<= day","daily",NA,NA,NA
"2013-07-04",443.746,FALSE,NA,NA,"<= day","daily",NA,NA,NA
"2013-07-05",594.792,FALSE,NA,NA,"<= day","daily",NA,NA,NA
"2013-07-06",669.8,FALSE,NA,NA,"<= day","daily",NA,NA,NA
"2013-07-07",607.65,FALSE,NA,NA,"<= day","daily",NA,NA,NA
"2013-07-08",529.096,FALSE,NA,NA,"<= day","daily",NA,NA,NA
"2013-07-09",481.35,FALSE,NA,NA,"<= day","daily",NA,NA,NA
"2013-07-10",447.083,FALSE,NA,NA,"<= day","daily",NA,NA,NA
"2013-07-11",426.446,FALSE,NA,NA,"<= day","daily",NA,NA,NA
"2013-07-12",409.758,FALSE,NA,NA,"<= day","daily",NA,NA,NA
"2013-07-13",397.163,FALSE,NA,NA,"<= day","daily",NA,NA,NA
"2013-07-14",385.538,FALSE,NA,NA,"<= day","daily",NA,NA,NA
"2013-07-15",374.229,FALSE,NA,NA,"<= day","daily",NA,NA,NA
"2013-07-16",364.262,FALSE,NA,NA,"<= day","daily",NA,NA,NA
"2013-07-17",358.383,FALSE,NA,NA,"<= day","daily",NA,NA,NA
"2013-07-18",348.992,FALSE,NA,NA,"<= day","daily",NA,NA,NA
"2013-07-19",343.5,FALSE,NA,NA,"<= day","daily",NA,NA,NA
"2013-07-20",334.488,FALSE,NA,NA,"<= day","daily",NA,NA,NA
"2013-07-21",327.675,FALSE,NA,NA,"<= day","daily",NA,NA,NA
"2013-07-22",323.125,FALSE,NA,NA,"<= day","daily",NA,NA,NA
"2013-07-23",319.9,FALSE,NA,NA,"<= day","daily",NA,NA,NA
"2013-07-24",314.496,FALSE,NA,NA,"<= day","daily",NA,NA,NA
"2013-07-25",308.267,FALSE,NA,NA,"<= day","daily",NA,NA,NA
"2013-07-26",303.658,FALSE,NA,NA,"<= day","daily",NA,NA,NA
"2013-07-27",301.538,FALSE,NA,NA,"<= day","daily",NA,NA,NA
"2013-07-28",298,FALSE,NA,NA,"<= day","daily",NA,NA,NA
"2013-07-29",293.546,FALSE,NA,NA,"<= day","daily",NA,NA,NA
"2013-07-30",289.867,FALSE,NA,NA,"<= day","daily",NA,NA,NA
"2013-07-31",288.138,FALSE,NA,NA,"<= day","daily",NA,NA,NA
"2013-08-01",283.408,FALSE,NA,NA,"<= day","daily",NA,NA,NA
"2013-08-02",279.758,FALSE,NA,NA,"<= day","daily",NA,NA,NA
"2013-08-03",276.654,FALSE,NA,NA,"<= day","daily",NA,NA,NA
"2013-08-04",292.596,FALSE,NA,NA,"<= day","daily",NA,NA,NA
"2013-08-05",336.458,FALSE,NA,NA,"<= day","daily",NA,NA,NA
"2013-08-06",292.525,FALSE,NA,NA,"<= day","daily",NA,NA,NA
"2013-08-07",286.788,FALSE,NA,NA,"<= day","daily",NA,NA,NA
"2013-08-08",282.512,FALSE,NA,NA,"<= day","daily",NA,NA,NA
"2013-08-09",310.004,FALSE,NA,NA,"<= day","daily",NA,NA,NA
"2013-08-10",417.092,FALSE,NA,NA,"<= day","daily",NA,NA,NA
"2013-08-11",332.971,FALSE,NA,NA,"<= day","daily",NA,NA,NA
"2013-08-12",302.392,FALSE,NA,NA,"<= day","daily",NA,NA,NA
"2013-08-13",288.221,FALSE,NA,NA,"<= day","daily",NA,NA,NA
"2013-08-14",283.133,FALSE,NA,NA,"<= day","daily",NA,NA,NA
"2013-08-15",274.346,FALSE,NA,NA,"<= day","daily",NA,NA,NA
"2013-08-16",270.004,FALSE,NA,NA,"<= day","daily",NA,NA,NA
"2013-08-17",270.704,FALSE,NA,NA,"<= day","daily",NA,NA,NA
"2013-08-18",267.521,FALSE,NA,NA,"<= day","daily",NA,NA,NA
"2013-08-19",265.121,FALSE,NA,NA,"<= day","daily",NA,NA,NA
"2013-08-20",263.342,FALSE,NA,NA,"<= day","daily",NA,NA,NA
"2013-08-21",263.229,FALSE,NA,NA,"<= day","daily",NA,NA,NA
"2013-08-22",261.017,FALSE,NA,NA,"<= day","daily",NA,NA,NA
"2013-08-23",258.462,FALSE,NA,NA,"<= day","daily",NA,NA,NA
"2013-08-24",293.233,FALSE,NA,NA,"<= day","daily",NA,NA,NA
"2013-08-25",289.192,FALSE,NA,NA,"<= day","daily",NA,NA,NA
"2013-08-26",341.883,FALSE,NA,NA,"<= day","daily",NA,NA,NA
"2013-08-27",381.317,FALSE,NA,NA,"<= day","daily",NA,NA,NA
"2013-08-28",581.938,FALSE,NA,NA,"<= day","daily",NA,NA,NA
"2013-08-29",763.683,FALSE,NA,NA,"<= day","daily",NA,NA,NA
"2013-08-30",671.237,FALSE,NA,NA,"<= day","daily",NA,NA,NA
"2013-08-31",519.208,FALSE,NA,NA,"<= day","daily",NA,NA,NA
"2013-09-01",422.95,FALSE,NA,NA,"<= day","daily",NA,NA,NA
"2013-09-02",373.542,FALSE,NA,NA,"<= day","daily",NA,NA,NA
"2013-09-03",353.587,FALSE,NA,NA,"<= day","daily",NA,NA,NA
"2013-09-04",416.704,FALSE,NA,NA,"<= day","daily",NA,NA,NA
"2013-09-05",370.046,FALSE,NA,NA,"<= day","daily",NA,NA,NA
"2013-09-06",341.929,FALSE,NA,NA,"<= day","daily",NA,NA,NA
"2013-09-07",322.958,FALSE,NA,NA,"<= day","daily",NA,NA,NA
"2013-09-08",310.962,FALSE,NA,NA,"<= day","daily",NA,NA,NA
"2013-09-09",306.871,FALSE,NA,NA,"<= day","daily",NA,NA,NA
"2013-09-10",302.596,FALSE,NA,NA,"<= day","daily",NA,NA,NA
"2013-09-11",343.4,FALSE,NA,NA,"<= day","daily",NA,NA,NA
"2013-09-12",321.446,FALSE,NA,NA,"<= day","daily",NA,NA,NA
"2013-09-13",373.167,FALSE,NA,NA,"<= day","daily",NA,NA,NA
"2013-09-14",472.7,FALSE,NA,NA,"<= day","daily",NA,NA,NA
"2013-09-15",419.642,FALSE,NA,NA,"<= day","daily",NA,NA,NA
"2013-09-16",360.15,FALSE,NA,NA,"<= day","daily",NA,NA,NA
"2013-09-17",626.833,FALSE,NA,NA,"<= day","daily",NA,NA,NA
"2013-09-18",648.667,FALSE,NA,NA,"<= day","daily",NA,NA,NA
"2013-09-19",722.25,FALSE,NA,NA,"<= day","daily",NA,NA,NA
"2013-09-20",648.987,FALSE,NA,NA,"<= day","daily",NA,NA,NA
"2013-09-21",540.867,FALSE,NA,NA,"<= day","daily",NA,NA,NA
"2013-09-22",480.683,FALSE,NA,NA,"<= day","daily",NA,NA,NA
"2013-09-23",433.767,FALSE,NA,NA,"<= day","daily",NA,NA,NA
"2013-09-24",398.183,FALSE,NA,NA,"<= day","daily",NA,NA,NA
"2013-09-25",374.621,FALSE,NA,NA,"<= day","daily",NA,NA,NA
"2013-09-26",357.871,FALSE,NA,NA,"<= day","daily",NA,NA,NA
"2013-09-27",360.142,FALSE,NA,NA,"<= day","daily",NA,NA,NA
"2013-09-28",349.25,FALSE,NA,NA,"<= day","daily",NA,NA,NA
"2013-09-29",332.812,FALSE,NA,NA,"<= day","daily",NA,NA,NA
"2013-09-30",334.192,FALSE,NA,NA,"<= day","daily",NA,NA,NA
"2013-10-01",351.592,FALSE,NA,NA,"<= day","daily",NA,NA,NA
"2013-10-02",334.2,FALSE,NA,NA,"<= day","daily",NA,NA,NA
"2013-10-03",319.504,FALSE,NA,NA,"<= day","daily",NA,NA,NA
"2013-10-04",309.712,FALSE,NA,NA,"<= day","daily",NA,NA,NA
"2013-10-05",303.096,FALSE,NA,NA,"<= day","daily",NA,NA,NA
"2013-10-06",296.479,FALSE,NA,NA,"<= day","daily",NA,NA,NA
"2013-10-07",292.167,FALSE,NA,NA,"<= day","daily",NA,NA,NA
