"date","discharge","qc_flag","qc_type","qc_detect_method","temp_res","temp_res_dom","dq_issue","cpd_segment_id","cpd_segment_main"
"2002-01-01",103.343,FALSE,NA,NA,"<= day","daily",NA,1,FALSE
"2002-01-02",103.062,FALSE,NA,NA,"<= day","daily",NA,1,FALSE
"2002-01-03",102.812,FALSE,NA,NA,"<= day","daily",NA,1,FALSE
"2002-01-04",102.283,FALSE,NA,NA,"<= day","daily",NA,1,FALSE
"2002-01-05",102.117,FALSE,NA,NA,"<= day","daily",NA,1,FALSE
"2002-01-06",101.738,FALSE,NA,NA,"<= day","daily",NA,1,FALSE
"2002-01-07",101.358,FALSE,NA,NA,"<= day","daily",NA,1,FALSE
"2002-01-08",101.262,FALSE,NA,NA,"<= day","daily",NA,1,FALSE
"2002-01-09",100.754,FALSE,NA,NA,"<= day","daily",NA,1,FALSE
"2002-01-10",100.525,FALSE,NA,NA,"<= day","daily",NA,1,FALSE
"2002-01-11",100.2,FALSE,NA,NA,"<= day","daily",NA,1,FALSE
"2002-01-12",99.75,FALSE,NA,NA,"<= day","daily",NA,1,FALSE
"2002-01-13",99.492,FALSE,NA,NA,"<= day","daily",NA,1,FALSE
"2002-01-14",99.296,FALSE,NA,NA,"<= day","daily",NA,1,FALSE
"2002-01-15",99.062,FALSE,NA,NA,"<= day","daily",NA,1,FALSE
"2002-01-16",98.817,FALSE,NA,NA,"<= day","daily",NA,1,FALSE
"2002-01-17",98.217,FALSE,NA,NA,"<= day","daily",NA,1,FALSE
"2002-01-18",98.217,FALSE,NA,NA,"<= day","daily",NA,1,FALSE
"2002-01-19",97.588,FALSE,NA,NA,"<= day","daily",NA,1,FALSE
"2002-01-20",97.35,FALSE,NA,NA,"<= day","daily",NA,1,FALSE
"2002-01-21",97.304,FALSE,NA,NA,"<= day","daily",NA,1,FALSE
"2002-01-22",97.017,FALSE,NA,NA,"<= day","daily",NA,1,FALSE
"2002-01-23",96.621,FALSE,NA,NA,"<= day","daily",NA,1,FALSE
"2002-01-24",96.254,FALSE,NA,NA,"<= day","daily",NA,1,FALSE
"2002-01-25",96.017,FALSE,NA,NA,"<= day","daily",NA,1,FALSE
"2002-01-26",95.842,FALSE,NA,NA,"<= day","daily",NA,1,FALSE
"2002-01-27",95.479,FALSE,NA,NA,"<= day","daily",NA,1,FALSE
"2002-01-28",95.375,FALSE,NA,NA,"<= day","daily",NA,1,FALSE
"2002-01-29",95.183,FALSE,NA,NA,"<= day","daily",NA,1,FALSE
"2002-01-30",95.158,FALSE,NA,NA,"<= day","daily",NA,1,FALSE
"2002-01-31",95.138,FALSE,NA,NA,"<= day","daily",NA,1,FALSE
"2002-02-01",94.888,FALSE,NA,NA,"<= day","daily",NA,1,FALSE
"2002-02-02",94.958,FALSE,NA,NA,"<= day","daily",NA,1,FALSE
"2002-02-03",94.583,FALSE,NA,NA,"<= day","daily",NA,1,FALSE
"2002-02-04",94.558,FALSE,NA,NA,"<= day","daily",NA,1,FALSE
"2002-02-05",94.442,FALSE,NA,NA,"<= day","daily",NA,1,FALSE
"2002-02-06",94.3,FALSE,NA,NA,"<= day","daily",NA,1,FALSE
"2002-02-07",94.129,FALSE,NA,NA,"<= day","daily",NA,1,FALSE
"2002-02-08",93.846,FALSE,NA,NA,"<= day","daily",NA,1,FALSE
"2002-02-09",93.825,FALSE,NA,NA,"<= day","daily",NA,1,FALSE
"2002-02-10",93.65,FALSE,NA,NA,"<= day","daily",NA,1,FALSE
"2002-02-11",93.304,FALSE,NA,NA,"<= day","daily",NA,1,FALSE
"2002-02-12",92.975,FALSE,NA,NA,"<= day","daily",NA,1,FALSE
"2002-02-13",92.867,FALSE,NA,NA,"<= day","daily",NA,1,FALSE
"2002-02-14",92.688,FALSE,NA,NA,"<= day","daily",NA,1,FALSE
"2002-02-15",92.483,FALSE,NA,NA,"<= day","daily",NA,1,FALSE
"2002-02-16",92.321,FALSE,NA,NA,"<= day","daily",NA,1,FALSE
"2002-02-17",91.938,FALSE,NA,NA,"<= day","daily",NA,1,FALSE
"2002-02-18",90.754,FALSE,NA,NA,"<= day","daily",NA,1,FALSE
"2002-02-19",91.388,FALSE,NA,NA,"<= day","daily",NA,1,FALSE
"2002-02-20",91.742,FALSE,NA,NA,"<= day","daily",NA,1,FALSE
"2002-02-21",91.192,FALSE,NA,NA,"<= day","daily",NA,1,FALSE
"2002-02-22",91.117,FALSE,NA,NA,"<= day","daily",NA,1,FALSE
"2002-02-23",90.842,FALSE,NA,NA,"<= day","daily",NA,1,FALSE
"2002-02-24",90.708,FALSE,NA,NA,"<= day","daily",NA,1,FALSE
"2002-02-25",90.362,FALSE,NA,NA,"<= day","daily",NA,1,FALSE
"2002-02-26",89.783,FALSE,NA,NA,"<= day","daily",NA,1,FALSE
"2002-02-27",89.554,FALSE,NA,NA,"<= day","daily",NA,1,FALSE
"2002-02-28",89.329,FALSE,NA,NA,"<= day","daily",NA,1,FALSE
"2002-03-01",89.108,FALSE,NA,NA,"<= day","daily",NA,1,FALSE
"2002-03-02",88.879,FALSE,NA,NA,"<= day","daily",NA,1,FALSE
"2002-03-03",88.65,FALSE,NA,NA,"<= day","daily",NA,1,FALSE
"2002-03-04",88.525,FALSE,NA,NA,"<= day","daily",NA,1,FALSE
"2002-03-05",88.267,FALSE,NA,NA,"<= day","daily",NA,1,FALSE
"2002-03-06",88.2,FALSE,NA,NA,"<= day","daily",NA,1,FALSE
"2002-03-07",87.933,FALSE,NA,NA,"<= day","daily",NA,1,FALSE
"2002-03-08",87.879,FALSE,NA,NA,"<= day","daily",NA,1,FALSE
"2002-03-09",87.783,FALSE,NA,NA,"<= day","daily",NA,1,FALSE
"2002-03-10",87.713,FALSE,NA,NA,"<= day","daily",NA,1,FALSE
"2002-03-11",87.796,FALSE,NA,NA,"<= day","daily",NA,1,FALSE
"2002-03-12",87.692,FALSE,NA,NA,"<= day","daily",NA,1,FALSE
"2002-03-13",87.842,FALSE,NA,NA,"<= day","daily",NA,1,FALSE
"2002-03-14",87.892,FALSE,NA,NA,"<= day","daily",NA,1,FALSE
"2002-03-15",87.775,FALSE,NA,NA,"<= day","daily",NA,1,FALSE
"2002-03-16",87.808,FALSE,NA,NA,"<= day","daily",NA,1,FALSE
"2002-03-17",87.925,FALSE,NA,NA,"<= day","daily",NA,1,FALSE
"2002-03-18",87.7,FALSE,NA,NA,"<= day","daily",NA,1,FALSE
"2002-03-19",87.662,FALSE,NA,NA,"<= day","daily",NA,1,FALSE
"2002-03-20",87.658,FALSE,NA,NA,"<= day","daily",NA,1,FALSE
"2002-03-21",88.1,FALSE,NA,NA,"<= day","daily",NA,1,FALSE
"2002-03-22",88.779,FALSE,NA,NA,"<= day","daily",NA,1,FALSE
"2002-03-23",89.362,FALSE,NA,NA,"<= day","daily",NA,1,FALSE
"2002-03-24",89.967,FALSE,NA,NA,"<= day","daily",NA,1,FALSE
"2002-03-25",90.375,FALSE,NA,NA,"<= day","daily",NA,1,FALSE
"2002-03-26",90.679,FALSE,NA,NA,"<= day","daily",NA,1,FALSE
"2002-03-27",90.938,FALSE,NA,NA,"<= day","daily",NA,1,FALSE
"2002-03-28",90.842,FALSE,NA,NA,"<= day","daily",NA,1,FALSE
"2002-03-29",91.004,FALSE,NA,NA,"<= day","daily",NA,1,FALSE
"2002-03-30",90.775,FALSE,NA,NA,"<= day","daily",NA,1,FALSE
"2002-03-31",90.796,FALSE,NA,NA,"<= day","daily",NA,1,FALSE
"2002-04-01",91.354,FALSE,NA,NA,"<= day","daily",NA,1,FALSE
"2002-04-02",91.858,FALSE,NA,NA,"<= day","daily",NA,1,FALSE
"2002-04-03",92.283,FALSE,NA,NA,"<= day","daily",NA,1,FALSE
"2002-04-04",92.958,FALSE,NA,NA,"<= day","daily",NA,1,FALSE
"2002-04-05",93.588,FALSE,NA,NA,"<= day","daily",NA,1,FALSE
"2002-04-06",93.967,FALSE,NA,NA,"<= day","daily",NA,1,FALSE
"2002-04-07",94.246,FALSE,NA,NA,"<= day","daily",NA,1,FALSE
"2002-04-08",94.463,FALSE,NA,NA,"<= day","daily",NA,1,FALSE
"2002-04-09",95.071,FALSE,NA,NA,"<= day","daily",NA,1,FALSE
"2002-04-10",95.6,FALSE,NA,NA,"<= day","daily",NA,1,FALSE
"2002-04-11",94.242,FALSE,NA,NA,"<= day","daily",NA,1,FALSE
"2002-04-12",93.862,FALSE,NA,NA,"<= day","daily",NA,1,FALSE
"2002-04-13",93.408,FALSE,NA,NA,"<= day","daily",NA,1,FALSE
"2002-04-14",93.046,FALSE,NA,NA,"<= day","daily",NA,1,FALSE
"2002-04-15",92.483,FALSE,NA,NA,"<= day","daily",NA,1,FALSE
"2002-04-16",92.421,FALSE,NA,NA,"<= day","daily",NA,1,FALSE
"2002-04-17",92.017,FALSE,NA,NA,"<= day","daily",NA,1,FALSE
"2002-04-18",91.821,FALSE,NA,NA,"<= day","daily",NA,1,FALSE
"2002-04-19",91.312,FALSE,NA,NA,"<= day","daily",NA,1,FALSE
"2002-04-20",90.983,FALSE,NA,NA,"<= day","daily",NA,1,FALSE
"2002-04-21",90.662,FALSE,NA,NA,"<= day","daily",NA,1,FALSE
"2002-04-22",90.5,FALSE,NA,NA,"<= day","daily",NA,1,FALSE
"2002-04-23",90.442,FALSE,NA,NA,"<= day","daily",NA,1,FALSE
"2002-04-24",90.367,FALSE,NA,NA,"<= day","daily",NA,1,FALSE
"2002-04-25",90.321,FALSE,NA,NA,"<= day","daily",NA,1,FALSE
"2002-04-26",90.45,FALSE,NA,NA,"<= day","daily",NA,1,FALSE
"2002-04-27",91.083,FALSE,NA,NA,"<= day","daily",NA,1,FALSE
"2002-04-28",91.65,FALSE,NA,NA,"<= day","daily",NA,1,FALSE
"2002-04-29",92.138,FALSE,NA,NA,"<= day","daily",NA,1,FALSE
"2002-04-30",92.567,FALSE,NA,NA,"<= day","daily",NA,1,FALSE
"2002-05-01",92.85,FALSE,NA,NA,"<= day","daily",NA,1,FALSE
"2002-05-02",92.908,FALSE,NA,NA,"<= day","daily",NA,1,FALSE
"2002-05-03",93.321,FALSE,NA,NA,"<= day","daily",NA,1,FALSE
"2002-05-04",93.858,FALSE,NA,NA,"<= day","daily",NA,1,FALSE
"2002-05-05",94.446,FALSE,NA,NA,"<= day","daily",NA,1,FALSE
"2002-05-06",94.696,FALSE,NA,NA,"<= day","daily",NA,1,FALSE
"2002-05-07",95.054,FALSE,NA,NA,"<= day","daily",NA,1,FALSE
"2002-05-08",95.267,FALSE,NA,NA,"<= day","daily",NA,1,FALSE
"2002-05-09",95.425,FALSE,NA,NA,"<= day","daily",NA,1,FALSE
"2002-05-10",95.779,FALSE,NA,NA,"<= day","daily",NA,1,FALSE
"2002-05-11",95.692,FALSE,NA,NA,"<= day","daily",NA,1,FALSE
"2002-05-12",95.892,FALSE,NA,NA,"<= day","daily",NA,1,FALSE
"2002-05-13",96.175,FALSE,NA,NA,"<= day","daily",NA,1,FALSE
"2002-05-14",96.279,FALSE,NA,NA,"<= day","daily",NA,1,FALSE
"2002-05-15",96.325,FALSE,NA,NA,"<= day","daily",NA,1,FALSE
"2002-05-16",96.704,FALSE,NA,NA,"<= day","daily",NA,1,FALSE
"2002-05-17",96.525,FALSE,NA,NA,"<= day","daily",NA,1,FALSE
"2002-05-18",96.708,FALSE,NA,NA,"<= day","daily",NA,1,FALSE
"2002-05-19",96.954,FALSE,NA,NA,"<= day","daily",NA,1,FALSE
"2002-05-20",97.338,FALSE,NA,NA,"<= day","daily",NA,1,FALSE
"2002-05-21",97.475,FALSE,NA,NA,"<= day","daily",NA,1,FALSE
"2002-05-22",98.346,FALSE,NA,NA,"<= day","daily",NA,1,FALSE
"2002-05-23",99.175,FALSE,NA,NA,"<= day","daily",NA,1,FALSE
"2002-05-24",99.45,FALSE,NA,NA,"<= day","daily",NA,1,FALSE
"2002-05-25",99.45,FALSE,NA,NA,"<= day","daily",NA,1,FALSE
"2002-05-26",100.304,FALSE,NA,NA,"<= day","daily",NA,1,FALSE
"2002-05-27",100.787,FALSE,NA,NA,"<= day","daily",NA,1,FALSE
"2002-05-28",101.325,FALSE,NA,NA,"<= day","daily",NA,1,FALSE
"2002-05-29",101.821,FALSE,NA,NA,"<= day","daily",NA,1,FALSE
"2002-05-30",102.225,FALSE,NA,NA,"<= day","daily",NA,1,FALSE
"2002-05-31",102.588,FALSE,NA,NA,"<= day","daily",NA,1,FALSE
"2002-06-01",103.312,FALSE,NA,NA,"<= day","daily",NA,1,FALSE
"2002-06-02",103.404,FALSE,NA,NA,"<= day","daily",NA,1,FALSE
"2002-06-03",104.021,FALSE,NA,NA,"<= day","daily",NA,1,FALSE
"2002-06-04",104.129,FALSE,NA,NA,"<= day","daily",NA,1,FALSE
"2002-06-05",104.804,FALSE,NA,NA,"<= day","daily",NA,1,FALSE
"2002-06-06",104.992,FALSE,NA,NA,"<= day","daily",NA,1,FALSE
"2002-06-07",105.408,FALSE,NA,NA,"<= day","daily",NA,1,FALSE
"2002-06-08",105.929,FALSE,NA,NA,"<= day","daily",NA,1,FALSE
"2002-06-09",106.525,FALSE,NA,NA,"<= day","daily",NA,1,FALSE
"2002-06-10",107.017,FALSE,NA,NA,"<= day","daily",NA,1,FALSE
"2002-06-11",107.542,FALSE,NA,NA,"<= day","daily",NA,1,FALSE
"2002-06-12",109.429,FALSE,NA,NA,"<= day","daily",NA,1,FALSE
"2002-06-13",109.817,FALSE,NA,NA,"<= day","daily",NA,1,FALSE
"2002-06-14",110.329,FALSE,NA,NA,"<= day","daily",NA,1,FALSE
"2002-06-15",111.029,FALSE,NA,NA,"<= day","daily",NA,1,FALSE
"2002-06-16",111.308,FALSE,NA,NA,"<= day","daily",NA,1,FALSE
"2002-06-17",111.896,FALSE,NA,NA,"<= day","daily",NA,1,FALSE
"2002-06-18",114.454,FALSE,NA,NA,"<= day","daily",NA,1,FALSE
"2002-06-19",116.638,FALSE,NA,NA,"<= day","daily",NA,1,FALSE
"2002-06-20",117.229,FALSE,NA,NA,"<= day","daily",NA,1,FALSE
"2002-06-21",117.717,FALSE,NA,NA,"<= day","daily",NA,1,FALSE
"2002-06-22",118.221,FALSE,NA,NA,"<= day","daily",NA,1,FALSE
"2002-06-23",118.767,FALSE,NA,NA,"<= day","daily",NA,1,FALSE
"2002-06-24",118.708,FALSE,NA,NA,"<= day","daily",NA,1,FALSE
"2002-06-25",119.221,FALSE,NA,NA,"<= day","daily",NA,1,FALSE
"2002-06-26",119.463,FALSE,NA,NA,"<= day","daily",NA,1,FALSE
"2002-06-27",119.954,FALSE,NA,NA,"<= day","daily",NA,1,FALSE
"2002-06-28",120.175,FALSE,NA,NA,"<= day","daily",NA,1,FALSE
"2002-06-29",120.621,FALSE,NA,NA,"<= day","daily",NA,1,FALSE
"2002-06-30",121.567,FALSE,NA,NA,"<= day","daily",NA,1,FALSE
"2002-07-01",122.088,FALSE,NA,NA,"<= day","daily",NA,1,FALSE
"2002-07-02",122.929,FALSE,NA,NA,"<= day","daily",NA,1,FALSE
"2002-07-03",123.525,FALSE,NA,NA,"<= day","daily",NA,1,FALSE
"2002-07-04",124.692,FALSE,NA,NA,"<= day","daily",NA,1,FALSE
"2002-07-05",125.267,FALSE,NA,NA,"<= day","daily",NA,1,FALSE
"2002-07-06",126.388,FALSE,NA,NA,"<= day","daily",NA,1,FALSE
"2002-07-07",126.671,FALSE,NA,NA,"<= day","daily",NA,1,FALSE
"2002-07-08",127.404,FALSE,NA,NA,"<= day","daily",NA,1,FALSE
"2002-07-09",127.754,FALSE,NA,NA,"<= day","daily",NA,1,FALSE
"2002-07-10",128.358,FALSE,NA,NA,"<= day","daily",NA,1,FALSE
"2002-07-11",128.654,FALSE,NA,NA,"<= day","daily",NA,1,FALSE
"2002-07-12",129.042,FALSE,NA,NA,"<= day","daily",NA,1,FALSE
"2002-07-13",129.517,FALSE,NA,NA,"<= day","daily",NA,1,FALSE
"2002-07-14",129.875,FALSE,NA,NA,"<= day","daily",NA,1,FALSE
"2002-07-15",130.208,FALSE,NA,NA,"<= day","daily",NA,1,FALSE
"2002-07-16",130.729,FALSE,NA,NA,"<= day","daily",NA,1,FALSE
"2002-07-17",131.117,FALSE,NA,NA,"<= day","daily",NA,1,FALSE
"2002-07-18",131.558,FALSE,NA,NA,"<= day","daily",NA,1,FALSE
"2002-07-19",132.358,FALSE,NA,NA,"<= day","daily",NA,1,FALSE
"2002-07-20",133.304,FALSE,NA,NA,"<= day","daily",NA,1,FALSE
"2002-07-21",133.942,FALSE,NA,NA,"<= day","daily",NA,1,FALSE
"2002-07-22",135.562,FALSE,NA,NA,"<= day","daily",NA,1,FALSE
"2002-07-23",137.613,FALSE,NA,NA,"<= day","daily",NA,1,FALSE
"2002-07-24",137.954,FALSE,NA,NA,"<= day","daily",NA,1,FALSE
"2002-07-25",138.233,FALSE,NA,NA,"<= day","daily",NA,1,FALSE
"2002-07-26",138.463,FALSE,NA,NA,"<= day","daily",NA,1,FALSE
"2002-07-27",138.521,FALSE,NA,NA,"<= day","daily",NA,1,FALSE
"2002-07-28",138.433,FALSE,NA,NA,"<= day","daily",NA,1,FALSE
"2002-07-29",138.546,FALSE,NA,NA,"<= day","daily",NA,1,FALSE
"2002-07-30",138.829,FALSE,NA,NA,"<= day","daily",NA,1,FALSE
"2002-07-31",138.475,FALSE,NA,NA,"<= day","daily",NA,1,FALSE
"2002-08-01",138.675,FALSE,NA,NA,"<= day","daily",NA,1,FALSE
"2002-08-02",138.742,FALSE,NA,NA,"<= day","daily",NA,1,FALSE
"2002-08-03",138.517,FALSE,NA,NA,"<= day","daily",NA,1,FALSE
"2002-08-04",138.571,FALSE,NA,NA,"<= day","daily",NA,1,FALSE
"2002-08-05",138.458,FALSE,NA,NA,"<= day","daily",NA,1,FALSE
"2002-08-06",138.646,FALSE,NA,NA,"<= day","daily",NA,1,FALSE
"2002-08-07",138.537,FALSE,NA,NA,"<= day","daily",NA,1,FALSE
"2002-08-08",139.162,FALSE,NA,NA,"<= day","daily",NA,1,FALSE
"2002-08-09",139.562,FALSE,NA,NA,"<= day","daily",NA,1,FALSE
"2002-08-10",140.137,FALSE,NA,NA,"<= day","daily",NA,1,FALSE
"2002-08-11",140.704,FALSE,NA,NA,"<= day","daily",NA,1,FALSE
"2002-08-12",140.733,FALSE,NA,NA,"<= day","daily",NA,1,FALSE
"2002-08-13",142.05,FALSE,NA,NA,"<= day","daily",NA,1,FALSE
"2002-08-14",143.637,FALSE,NA,NA,"<= day","daily",NA,1,FALSE
"2002-08-15",145.387,FALSE,NA,NA,"<= day","daily",NA,1,FALSE
"2002-08-16",146.375,FALSE,NA,NA,"<= day","daily",NA,1,FALSE
"2002-08-17",147.183,FALSE,NA,NA,"<= day","daily",NA,1,FALSE
"2002-08-18",147.529,FALSE,NA,NA,"<= day","daily",NA,1,FALSE
"2002-08-19",147.329,FALSE,NA,NA,"<= day","daily",NA,1,FALSE
"2002-08-20",147.017,FALSE,NA,NA,"<= day","daily",NA,1,FALSE
"2002-08-21",146.842,FALSE,NA,NA,"<= day","daily",NA,1,FALSE
"2002-08-22",145.729,FALSE,NA,NA,"<= day","daily",NA,1,FALSE
"2002-08-23",145.904,FALSE,NA,NA,"<= day","daily",NA,1,FALSE
"2002-08-24",145.725,FALSE,NA,NA,"<= day","daily",NA,1,FALSE
"2002-08-25",145.35,FALSE,NA,NA,"<= day","daily",NA,1,FALSE
"2002-08-26",145.25,FALSE,NA,NA,"<= day","daily",NA,1,FALSE
"2002-08-27",144.917,FALSE,NA,NA,"<= day","daily",NA,1,FALSE
"2002-08-28",144.688,FALSE,NA,NA,"<= day","daily",NA,1,FALSE
"2002-08-29",144.367,FALSE,NA,NA,"<= day","daily",NA,1,FALSE
"2002-08-30",144.208,FALSE,NA,NA,"<= day","daily",NA,1,FALSE
"2002-08-31",143.863,FALSE,NA,NA,"<= day","daily",NA,1,FALSE
"2002-09-01",143.479,FALSE,NA,NA,"<= day","daily",NA,1,FALSE
"2002-09-02",143.325,FALSE,NA,NA,"<= day","daily",NA,1,FALSE
"2002-09-03",143.471,FALSE,NA,NA,"<= day","daily",NA,1,FALSE
"2002-09-04",143.629,FALSE,NA,NA,"<= day","daily",NA,1,FALSE
"2002-09-05",144.271,FALSE,NA,NA,"<= day","daily",NA,1,FALSE
"2002-09-06",144.379,FALSE,NA,NA,"<= day","daily",NA,1,FALSE
"2002-09-07",144.496,FALSE,NA,NA,"<= day","daily",NA,1,FALSE
"2002-09-08",144.433,FALSE,NA,NA,"<= day","daily",NA,1,FALSE
"2002-09-09",144.064,FALSE,NA,NA,"<= day","daily",NA,1,FALSE
"2002-09-10",144.188,FALSE,NA,NA,"<= day","daily",NA,1,FALSE
"2002-09-11",143.629,FALSE,NA,NA,"<= day","daily",NA,1,FALSE
"2002-09-12",143.396,FALSE,NA,NA,"<= day","daily",NA,1,FALSE
"2002-09-13",143.229,FALSE,NA,NA,"<= day","daily",NA,1,FALSE
"2002-09-14",142.775,FALSE,NA,NA,"<= day","daily",NA,1,FALSE
"2002-09-15",142.363,FALSE,NA,NA,"<= day","daily",NA,1,FALSE
"2002-09-16",142.071,FALSE,NA,NA,"<= day","daily",NA,1,FALSE
"2002-09-17",142.017,FALSE,NA,NA,"<= day","daily",NA,1,FALSE
"2002-09-18",141.554,FALSE,NA,NA,"<= day","daily",NA,1,FALSE
"2002-09-19",141.387,FALSE,NA,NA,"<= day","daily",NA,1,FALSE
"2002-09-20",141.088,FALSE,NA,NA,"<= day","daily",NA,1,FALSE
"2002-09-21",140.8,FALSE,NA,NA,"<= day","daily",NA,1,FALSE
"2002-09-22",140.467,FALSE,NA,NA,"<= day","daily",NA,1,FALSE
"2002-09-23",140.15,FALSE,NA,NA,"<= day","daily",NA,1,FALSE
"2002-09-24",139.871,FALSE,NA,NA,"<= day","daily",NA,1,FALSE
"2002-09-25",140.062,FALSE,NA,NA,"<= day","daily",NA,1,FALSE
"2002-09-26",140.204,FALSE,NA,NA,"<= day","daily",NA,1,FALSE
"2002-09-27",140.067,FALSE,NA,NA,"<= day","daily",NA,1,FALSE
"2002-09-28",140.333,FALSE,NA,NA,"<= day","daily",NA,1,FALSE
"2002-09-29",140.704,FALSE,NA,NA,"<= day","daily",NA,1,FALSE
"2002-09-30",140.671,FALSE,NA,NA,"<= day","daily",NA,1,FALSE
"2002-10-01",141.496,FALSE,NA,NA,"<= day","daily",NA,1,FALSE
"2002-10-02",141.108,FALSE,NA,NA,"<= day","daily",NA,1,FALSE
"2002-10-03",141.321,FALSE,NA,NA,"<= day","daily",NA,1,FALSE
"2002-10-04",141.35,FALSE,NA,NA,"<= day","daily",NA,1,FALSE
"2002-10-05",141.079,FALSE,NA,NA,"<= day","daily",NA,1,FALSE
"2002-10-06",141.1,FALSE,NA,NA,"<= day","daily",NA,1,FALSE
"2002-10-07",140.742,FALSE,NA,NA,"<= day","daily",NA,1,FALSE
"2002-10-08",140.433,FALSE,NA,NA,"<= day","daily",NA,1,FALSE
"2002-10-09",140.254,FALSE,NA,NA,"<= day","daily",NA,1,FALSE
"2002-10-10",140.217,FALSE,NA,NA,"<= day","daily",NA,1,FALSE
"2002-10-11",139.9,FALSE,NA,NA,"<= day","daily",NA,1,FALSE
"2002-10-12",139.467,FALSE,NA,NA,"<= day","daily",NA,1,FALSE
"2002-10-13",139.067,FALSE,NA,NA,"<= day","daily",NA,1,FALSE
"2002-10-14",138.492,FALSE,NA,NA,"<= day","daily",NA,1,FALSE
"2002-10-15",138.371,FALSE,NA,NA,"<= day","daily",NA,1,FALSE
"2002-10-16",138.05,FALSE,NA,NA,"<= day","daily",NA,1,FALSE
"2002-10-17",138.8,FALSE,NA,NA,"<= day","daily",NA,1,FALSE
"2002-10-18",137.075,FALSE,NA,NA,"<= day","daily",NA,1,FALSE
"2002-10-19",136.654,FALSE,NA,NA,"<= day","daily",NA,1,FALSE
"2002-10-20",136.275,FALSE,NA,NA,"<= day","daily",NA,1,FALSE
"2002-10-21",136,FALSE,NA,NA,"<= day","daily",NA,1,FALSE
"2002-10-22",135.683,FALSE,NA,NA,"<= day","daily",NA,1,FALSE
"2002-10-23",135.471,FALSE,NA,NA,"<= day","daily",NA,1,FALSE
"2002-10-24",135.167,FALSE,NA,NA,"<= day","daily",NA,1,FALSE
"2002-10-25",134.933,FALSE,NA,NA,"<= day","daily",NA,1,FALSE
"2002-10-26",134.675,FALSE,NA,NA,"<= day","daily",NA,1,FALSE
"2002-10-27",134.017,FALSE,NA,NA,"<= day","daily",NA,1,FALSE
"2002-10-28",133.896,FALSE,NA,NA,"<= day","daily",NA,1,FALSE
"2002-10-29",133.467,FALSE,NA,NA,"<= day","daily",NA,1,FALSE
"2002-10-30",133.45,FALSE,NA,NA,"<= day","daily",NA,1,FALSE
"2002-10-31",132.792,FALSE,NA,NA,"<= day","daily",NA,1,FALSE
"2002-11-01",132.463,FALSE,NA,NA,"<= day","daily",NA,1,FALSE
"2002-11-02",132.4,FALSE,NA,NA,"<= day","daily",NA,1,FALSE
"2002-11-03",131.804,FALSE,NA,NA,"<= day","daily",NA,1,FALSE
"2002-11-04",131.567,FALSE,NA,NA,"<= day","daily",NA,1,FALSE
"2002-11-05",131.375,FALSE,NA,NA,"<= day","daily",NA,1,FALSE
"2002-11-06",131.158,FALSE,NA,NA,"<= day","daily",NA,1,FALSE
"2002-11-07",130.825,FALSE,NA,NA,"<= day","daily",NA,1,FALSE
"2002-11-08",130.817,FALSE,NA,NA,"<= day","daily",NA,1,FALSE
"2002-11-09",130.571,FALSE,NA,NA,"<= day","daily",NA,1,FALSE
"2002-11-10",130.254,FALSE,NA,NA,"<= day","daily",NA,1,FALSE
"2002-11-11",130.204,FALSE,NA,NA,"<= day","daily",NA,1,FALSE
"2002-11-12",130.071,FALSE,NA,NA,"<= day","daily",NA,1,FALSE
"2002-11-13",130.012,FALSE,NA,NA,"<= day","daily",NA,1,FALSE
"2002-11-14",130.062,FALSE,NA,NA,"<= day","daily",NA,1,FALSE
"2002-11-15",130.604,FALSE,NA,NA,"<= day","daily",NA,1,FALSE
"2002-11-16",129.379,FALSE,NA,NA,"<= day","daily",NA,1,FALSE
"2002-11-17",130.192,FALSE,NA,NA,"<= day","daily",NA,1,FALSE
"2002-11-18",130.596,FALSE,NA,NA,"<= day","daily",NA,1,FALSE
"2002-11-19",130.213,FALSE,NA,NA,"<= day","daily",NA,1,FALSE
"2002-11-20",130.483,FALSE,NA,NA,"<= day","daily",NA,1,FALSE
"2002-11-21",130.275,FALSE,NA,NA,"<= day","daily",NA,1,FALSE
"2002-11-22",130.15,FALSE,NA,NA,"<= day","daily",NA,1,FALSE
"2002-11-23",130.546,FALSE,NA,NA,"<= day","daily",NA,1,FALSE
"2002-11-24",130.213,FALSE,NA,NA,"<= day","daily",NA,1,FALSE
"2002-11-25",129.9,FALSE,NA,NA,"<= day","daily",NA,1,FALSE
"2002-11-26",129.571,FALSE,NA,NA,"<= day","daily",NA,1,FALSE
"2002-11-27",129.463,FALSE,NA,NA,"<= day","daily",NA,1,FALSE
"2002-11-28",129.158,FALSE,NA,NA,"<= day","daily",NA,1,FALSE
"2002-11-29",128.642,FALSE,NA,NA,"<= day","daily",NA,1,FALSE
"2002-11-30",128.571,FALSE,NA,NA,"<= day","daily",NA,1,FALSE
"2002-12-01",127.996,FALSE,NA,NA,"<= day","daily",NA,1,FALSE
"2002-12-02",127.842,FALSE,NA,NA,"<= day","daily",NA,1,FALSE
"2002-12-03",127.787,FALSE,NA,NA,"<= day","daily",NA,1,FALSE
"2002-12-04",127.15,FALSE,NA,NA,"<= day","daily",NA,1,FALSE
"2002-12-05",126.633,FALSE,NA,NA,"<= day","daily",NA,1,FALSE
"2002-12-06",126.667,FALSE,NA,NA,"<= day","daily",NA,1,FALSE
"2002-12-07",126.075,FALSE,NA,NA,"<= day","daily",NA,1,FALSE
"2002-12-08",125.554,FALSE,NA,NA,"<= day","daily",NA,1,FALSE
"2002-12-09",125.208,FALSE,NA,NA,"<= day","daily",NA,1,FALSE
"2002-12-10",124.817,FALSE,NA,NA,"<= day","daily",NA,1,FALSE
"2002-12-11",124.45,FALSE,NA,NA,"<= day","daily",NA,1,FALSE
"2002-12-12",123.992,FALSE,NA,NA,"<= day","daily",NA,1,FALSE
"2002-12-13",123.742,FALSE,NA,NA,"<= day","daily",NA,1,FALSE
"2002-12-14",123.392,FALSE,NA,NA,"<= day","daily",NA,1,FALSE
"2002-12-15",122.842,FALSE,NA,NA,"<= day","daily",NA,1,FALSE
"2002-12-16",122.642,FALSE,NA,NA,"<= day","daily",NA,1,FALSE
"2002-12-17",122.037,FALSE,NA,NA,"<= day","daily",NA,1,FALSE
"2002-12-18",121.908,FALSE,NA,NA,"<= day","daily",NA,1,FALSE
"2002-12-19",121.425,FALSE,NA,NA,"<= day","daily",NA,1,FALSE
"2002-12-20",121.042,FALSE,NA,NA,"<= day","daily",NA,1,FALSE
"2002-12-21",120.517,FALSE,NA,NA,"<= day","daily",NA,1,FALSE
"2002-12-22",120.1,FALSE,NA,NA,"<= day","daily",NA,1,FALSE
"2002-12-23",119.85,FALSE,NA,NA,"<= day","daily",NA,1,FALSE
"2002-12-24",119.529,FALSE,NA,NA,"<= day","daily",NA,1,FALSE
"2002-12-25",119.238,FALSE,NA,NA,"<= day","daily",NA,1,FALSE
"2002-12-26",118.983,FALSE,NA,NA,"<= day","daily",NA,1,FALSE
"2002-12-27",118.642,FALSE,NA,NA,"<= day","daily",NA,1,FALSE
"2002-12-28",118.258,FALSE,NA,NA,"<= day","daily",NA,1,FALSE
"2002-12-29",117.929,FALSE,NA,NA,"<= day","daily",NA,1,FALSE
"2002-12-30",117.933,FALSE,NA,NA,"<= day","daily",NA,1,FALSE
"2002-12-31",117.225,FALSE,NA,NA,"<= day","daily",NA,1,FALSE
"2003-01-01",117.167,FALSE,NA,NA,"<= day","daily",NA,1,FALSE
"2003-01-02",116.708,FALSE,NA,NA,"<= day","daily",NA,1,FALSE
"2003-01-03",116.775,FALSE,NA,NA,"<= day","daily",NA,1,FALSE
"2003-01-04",116.396,FALSE,NA,NA,"<= day","daily",NA,1,FALSE
"2003-01-05",116.012,FALSE,NA,NA,"<= day","daily",NA,1,FALSE
"2003-01-06",115.7,FALSE,NA,NA,"<= day","daily",NA,1,FALSE
"2003-01-07",115.596,FALSE,NA,NA,"<= day","daily",NA,1,FALSE
"2003-01-08",115.108,FALSE,NA,NA,"<= day","daily",NA,1,FALSE
"2003-01-09",114.846,FALSE,NA,NA,"<= day","daily",NA,1,FALSE
"2003-01-10",114.537,FALSE,NA,NA,"<= day","daily",NA,1,FALSE
"2003-01-11",114.304,FALSE,NA,NA,"<= day","daily",NA,1,FALSE
"2003-01-12",113.792,FALSE,NA,NA,"<= day","daily",NA,1,FALSE
"2003-01-13",113.783,FALSE,NA,NA,"<= day","daily",NA,1,FALSE
"2003-01-14",113.333,FALSE,NA,NA,"<= day","daily",NA,1,FALSE
"2003-01-15",112.783,FALSE,NA,NA,"<= day","daily",NA,1,FALSE
"2003-01-16",112.479,FALSE,NA,NA,"<= day","daily",NA,1,FALSE
"2003-01-17",111.858,FALSE,NA,NA,"<= day","daily",NA,1,FALSE
"2003-01-18",111.429,FALSE,NA,NA,"<= day","daily",NA,1,FALSE
"2003-01-19",111.183,FALSE,NA,NA,"<= day","daily",NA,1,FALSE
"2003-01-20",110.792,FALSE,NA,NA,"<= day","daily",NA,1,FALSE
"2003-01-21",110.612,FALSE,NA,NA,"<= day","daily",NA,1,FALSE
"2003-01-22",110.242,FALSE,NA,NA,"<= day","daily",NA,1,FALSE
"2003-01-23",109.842,FALSE,NA,NA,"<= day","daily",NA,1,FALSE
"2003-01-24",109.467,FALSE,NA,NA,"<= day","daily",NA,1,FALSE
"2003-01-25",109.033,FALSE,NA,NA,"<= day","daily",NA,1,FALSE
"2003-01-26",108.688,FALSE,NA,NA,"<= day","daily",NA,1,FALSE
"2003-01-27",108.371,FALSE,NA,NA,"<= day","daily",NA,1,FALSE
"2003-01-28",108.037,FALSE,NA,NA,"<= day","daily",NA,1,FALSE
"2003-01-29",107.846,FALSE,NA,NA,"<= day","daily",NA,1,FALSE
"2003-01-30",107.121,FALSE,NA,NA,"<= day","daily",NA,1,FALSE
"2003-01-31",107.667,FALSE,NA,NA,"<= day","daily",NA,1,FALSE
"2003-09-16",109.562,FALSE,NA,NA,"<= day","daily",NA,1,FALSE
"2003-09-17",109.158,FALSE,NA,NA,"<= day","daily",NA,1,FALSE
"2003-09-18",109.096,FALSE,NA,NA,"<= day","daily",NA,1,FALSE
"2003-09-19",109.475,FALSE,NA,NA,"<= day","daily",NA,1,FALSE
"2003-09-20",109.45,FALSE,NA,NA,"<= day","daily",NA,1,FALSE
"2003-09-21",109.275,FALSE,NA,NA,"<= day","daily",NA,1,FALSE
"2003-09-22",109.112,FALSE,NA,NA,"<= day","daily",NA,1,FALSE
"2003-09-23",108.517,FALSE,NA,NA,"<= day","daily",NA,1,FALSE
"2003-09-24",108,FALSE,NA,NA,"<= day","daily",NA,1,FALSE
"2003-09-25",107.296,FALSE,NA,NA,"<= day","daily",NA,1,FALSE
"2003-09-26",107.162,FALSE,NA,NA,"<= day","daily",NA,1,FALSE
"2003-09-27",106.992,FALSE,NA,NA,"<= day","daily",NA,1,FALSE
"2003-09-28",106.892,FALSE,NA,NA,"<= day","daily",NA,1,FALSE
"2003-09-29",106.525,FALSE,NA,NA,"<= day","daily",NA,1,FALSE
"2003-09-30",106.508,FALSE,NA,NA,"<= day","daily",NA,1,FALSE
"2003-10-01",106.188,FALSE,NA,NA,"<= day","daily",NA,1,FALSE
"2003-10-02",105.912,FALSE,NA,NA,"<= day","daily",NA,1,FALSE
"2003-10-03",105.654,FALSE,NA,NA,"<= day","daily",NA,1,FALSE
"2003-10-04",105.65,FALSE,NA,NA,"<= day","daily",NA,1,FALSE
"2003-10-05",105.525,FALSE,NA,NA,"<= day","daily",NA,1,FALSE
"2003-10-06",105.554,FALSE,NA,NA,"<= day","daily",NA,1,FALSE
"2003-10-07",105.633,FALSE,NA,NA,"<= day","daily",NA,1,FALSE
"2003-10-08",105.463,FALSE,NA,NA,"<= day","daily",NA,1,FALSE
"2003-10-09",106.062,FALSE,NA,NA,"<= day","daily",NA,1,FALSE
"2003-10-10",106.342,FALSE,NA,NA,"<= day","daily",NA,1,FALSE
"2003-10-11",107.596,FALSE,NA,NA,"<= day","daily",NA,1,FALSE
"2003-10-12",108.758,FALSE,NA,NA,"<= day","daily",NA,1,FALSE
"2003-10-13",110.058,FALSE,NA,NA,"<= day","daily",NA,1,FALSE
"2003-10-14",111.325,FALSE,NA,NA,"<= day","daily",NA,1,FALSE
"2003-10-15",112.362,FALSE,NA,NA,"<= day","daily",NA,1,FALSE
"2003-10-16",112.904,FALSE,NA,NA,"<= day","daily",NA,1,FALSE
"2003-10-17",113.158,FALSE,NA,NA,"<= day","daily",NA,1,FALSE
"2003-10-18",113.254,FALSE,NA,NA,"<= day","daily",NA,1,FALSE
"2003-10-19",113.092,FALSE,NA,NA,"<= day","daily",NA,1,FALSE
"2003-10-20",112.867,FALSE,NA,NA,"<= day","daily",NA,1,FALSE
"2003-10-21",112.275,FALSE,NA,NA,"<= day","daily",NA,1,FALSE
"2003-10-22",112.146,FALSE,NA,NA,"<= day","daily",NA,1,FALSE
"2003-10-23",111.783,FALSE,NA,NA,"<= day","daily",NA,1,FALSE
"2003-10-24",111.521,FALSE,NA,NA,"<= day","daily",NA,1,FALSE
"2003-10-25",111.096,FALSE,NA,NA,"<= day","daily",NA,1,FALSE
"2003-10-26",110.808,FALSE,NA,NA,"<= day","daily",NA,1,FALSE
"2003-10-27",110.233,FALSE,NA,NA,"<= day","daily",NA,1,FALSE
"2003-10-28",110.088,FALSE,NA,NA,"<= day","daily",NA,1,FALSE
"2003-10-29",110.004,FALSE,NA,NA,"<= day","daily",NA,1,FALSE
"2003-10-30",109.871,FALSE,NA,NA,"<= day","daily",NA,1,FALSE
"2003-10-31",109.4,FALSE,NA,NA,"<= day","daily",NA,1,FALSE
"2003-11-01",109.421,FALSE,NA,NA,"<= day","daily",NA,1,FALSE
"2003-11-02",108.408,FALSE,NA,NA,"<= day","daily",NA,1,FALSE
"2003-11-03",107.379,FALSE,NA,NA,"<= day","daily",NA,1,FALSE
"2003-11-04",108.075,FALSE,NA,NA,"<= day","daily",NA,1,FALSE
"2003-11-05",108.004,FALSE,NA,NA,"<= day","daily",NA,1,FALSE
"2003-11-06",107.596,FALSE,NA,NA,"<= day","daily",NA,1,FALSE
"2003-11-07",107.421,FALSE,NA,NA,"<= day","daily",NA,1,FALSE
"2003-11-08",107.317,FALSE,NA,NA,"<= day","daily",NA,1,FALSE
"2003-11-09",106.971,FALSE,NA,NA,"<= day","daily",NA,1,FALSE
"2003-11-10",106.683,FALSE,NA,NA,"<= day","daily",NA,1,FALSE
"2003-11-11",106.463,FALSE,NA,NA,"<= day","daily",NA,1,FALSE
"2003-11-12",106.121,FALSE,NA,NA,"<= day","daily",NA,1,FALSE
"2003-11-13",104.567,FALSE,NA,NA,"<= day","daily",NA,1,FALSE
"2003-11-14",105.746,FALSE,NA,NA,"<= day","daily",NA,1,FALSE
"2003-11-15",105.267,FALSE,NA,NA,"<= day","daily",NA,1,FALSE
"2003-11-16",105.15,FALSE,NA,NA,"<= day","daily",NA,1,FALSE
"2003-11-17",104.729,FALSE,NA,NA,"<= day","daily",NA,1,FALSE
"2003-11-18",104.458,FALSE,NA,NA,"<= day","daily",NA,1,FALSE
"2003-11-19",104.196,FALSE,NA,NA,"<= day","daily",NA,1,FALSE
"2003-11-20",103.7,FALSE,NA,NA,"<= day","daily",NA,1,FALSE
"2003-11-21",103.688,FALSE,NA,NA,"<= day","daily",NA,1,FALSE
"2003-11-22",103.642,FALSE,NA,NA,"<= day","daily",NA,1,FALSE
"2003-11-23",103.292,FALSE,NA,NA,"<= day","daily",NA,1,FALSE
"2003-11-24",103.196,FALSE,NA,NA,"<= day","daily",NA,1,FALSE
"2003-11-25",103.096,FALSE,NA,NA,"<= day","daily",NA,1,FALSE
"2003-11-26",102.967,FALSE,NA,NA,"<= day","daily",NA,1,FALSE
"2003-11-27",102.421,FALSE,NA,NA,"<= day","daily",NA,1,FALSE
"2003-11-28",102.188,FALSE,NA,NA,"<= day","daily",NA,1,FALSE
"2003-11-29",102.083,FALSE,NA,NA,"<= day","daily",NA,1,FALSE
"2003-11-30",101.787,FALSE,NA,NA,"<= day","daily",NA,1,FALSE
"2003-12-01",101.754,FALSE,NA,NA,"<= day","daily",NA,1,FALSE
"2003-12-02",101.292,FALSE,NA,NA,"<= day","daily",NA,1,FALSE
"2003-12-03",100.942,FALSE,NA,NA,"<= day","daily",NA,1,FALSE
"2003-12-04",100.537,FALSE,NA,NA,"<= day","daily",NA,1,FALSE
"2003-12-05",100.4,FALSE,NA,NA,"<= day","daily",NA,1,FALSE
"2003-12-06",100.333,FALSE,NA,NA,"<= day","daily",NA,1,FALSE
"2003-12-07",100.096,FALSE,NA,NA,"<= day","daily",NA,1,FALSE
"2003-12-08",99.658,FALSE,NA,NA,"<= day","daily",NA,1,FALSE
"2003-12-09",99.792,FALSE,NA,NA,"<= day","daily",NA,1,FALSE
"2003-12-10",99.533,FALSE,NA,NA,"<= day","daily",NA,1,FALSE
"2003-12-11",99.304,FALSE,NA,NA,"<= day","daily",NA,1,FALSE
"2003-12-12",98.979,FALSE,NA,NA,"<= day","daily",NA,1,FALSE
"2003-12-13",98.746,FALSE,NA,NA,"<= day","daily",NA,1,FALSE
"2003-12-14",98.367,FALSE,NA,NA,"<= day","daily",NA,1,FALSE
"2003-12-15",98,FALSE,NA,NA,"<= day","daily",NA,1,FALSE
"2003-12-16",97.975,FALSE,NA,NA,"<= day","daily",NA,1,FALSE
"2003-12-17",97.721,FALSE,NA,NA,"<= day","daily",NA,1,FALSE
"2003-12-18",97.412,FALSE,NA,NA,"<= day","daily",NA,1,FALSE
"2003-12-19",97.417,FALSE,NA,NA,"<= day","daily",NA,1,FALSE
"2003-12-20",96.904,FALSE,NA,NA,"<= day","daily",NA,1,FALSE
"2003-12-21",96.933,FALSE,NA,NA,"<= day","daily",NA,1,FALSE
"2003-12-22",96.771,FALSE,NA,NA,"<= day","daily",NA,1,FALSE
"2003-12-23",96.283,FALSE,NA,NA,"<= day","daily",NA,1,FALSE
"2003-12-24",96.225,FALSE,NA,NA,"<= day","daily",NA,1,FALSE
"2003-12-25",95.925,FALSE,NA,NA,"<= day","daily",NA,1,FALSE
"2003-12-26",95.575,FALSE,NA,NA,"<= day","daily",NA,1,FALSE
"2003-12-27",95.567,FALSE,NA,NA,"<= day","daily",NA,1,FALSE
"2003-12-28",95.533,FALSE,NA,NA,"<= day","daily",NA,1,FALSE
"2003-12-29",95.083,FALSE,NA,NA,"<= day","daily",NA,1,FALSE
"2003-12-30",94.679,FALSE,NA,NA,"<= day","daily",NA,1,FALSE
"2003-12-31",94.725,FALSE,NA,NA,"<= day","daily",NA,1,FALSE
"2004-01-01",94.221,FALSE,NA,NA,"<= day","daily",NA,1,FALSE
"2004-01-02",93.733,FALSE,NA,NA,"<= day","daily",NA,1,FALSE
"2004-01-03",93.629,FALSE,NA,NA,"<= day","daily",NA,1,FALSE
"2004-01-04",93.271,FALSE,NA,NA,"<= day","daily",NA,1,FALSE
"2004-01-05",93.183,FALSE,NA,NA,"<= day","daily",NA,1,FALSE
"2004-01-06",93.033,FALSE,NA,NA,"<= day","daily",NA,1,FALSE
"2004-01-07",92.588,FALSE,NA,NA,"<= day","daily",NA,1,FALSE
"2004-01-08",92.554,FALSE,NA,NA,"<= day","daily",NA,1,FALSE
"2004-01-09",92.233,FALSE,NA,NA,"<= day","daily",NA,1,FALSE
"2004-01-10",91.963,FALSE,NA,NA,"<= day","daily",NA,1,FALSE
"2004-01-11",91.896,FALSE,NA,NA,"<= day","daily",NA,1,FALSE
"2004-01-12",91.55,FALSE,NA,NA,"<= day","daily",NA,1,FALSE
"2004-01-13",91.488,FALSE,NA,NA,"<= day","daily",NA,1,FALSE
"2004-01-14",91.192,FALSE,NA,NA,"<= day","daily",NA,1,FALSE
"2004-01-15",91.15,FALSE,NA,NA,"<= day","daily",NA,1,FALSE
"2004-01-16",90.8,FALSE,NA,NA,"<= day","daily",NA,1,FALSE
"2004-01-17",90.867,FALSE,NA,NA,"<= day","daily",NA,1,FALSE
"2004-01-18",90.458,FALSE,NA,NA,"<= day","daily",NA,1,FALSE
"2004-01-19",90.438,FALSE,NA,NA,"<= day","daily",NA,1,FALSE
"2004-01-20",90.021,FALSE,NA,NA,"<= day","daily",NA,1,FALSE
"2004-01-21",89.821,FALSE,NA,NA,"<= day","daily",NA,1,FALSE
"2004-01-22",89.621,FALSE,NA,NA,"<= day","daily",NA,1,FALSE
"2004-01-23",89.388,FALSE,NA,NA,"<= day","daily",NA,1,FALSE
"2004-01-24",89.329,FALSE,NA,NA,"<= day","daily",NA,1,FALSE
"2004-01-25",88.938,FALSE,NA,NA,"<= day","daily",NA,1,FALSE
"2004-01-26",88.858,FALSE,NA,NA,"<= day","daily",NA,1,FALSE
"2004-01-27",88.625,FALSE,NA,NA,"<= day","daily",NA,1,FALSE
"2004-01-28",88.296,FALSE,NA,NA,"<= day","daily",NA,1,FALSE
"2004-01-29",87.9,FALSE,NA,NA,"<= day","daily",NA,1,FALSE
"2004-01-30",87.921,FALSE,NA,NA,"<= day","daily",NA,1,FALSE
"2004-01-31",87.588,FALSE,NA,NA,"<= day","daily",NA,1,FALSE
"2004-02-01",87.375,FALSE,NA,NA,"<= day","daily",NA,1,FALSE
"2004-02-02",86.871,FALSE,NA,NA,"<= day","daily",NA,1,FALSE
"2004-02-03",86.821,FALSE,NA,NA,"<= day","daily",NA,1,FALSE
"2004-02-04",86.762,FALSE,NA,NA,"<= day","daily",NA,1,FALSE
"2004-02-05",86.646,FALSE,NA,NA,"<= day","daily",NA,1,FALSE
"2004-02-06",86.421,FALSE,NA,NA,"<= day","daily",NA,1,FALSE
"2004-02-07",86.358,FALSE,NA,NA,"<= day","daily",NA,1,FALSE
"2004-02-08",86.171,FALSE,NA,NA,"<= day","daily",NA,1,FALSE
"2004-02-09",86.379,FALSE,NA,NA,"<= day","daily",NA,1,FALSE
"2004-02-10",85.896,FALSE,NA,NA,"<= day","daily",NA,1,FALSE
"2004-02-11",86.138,FALSE,NA,NA,"<= day","daily",NA,1,FALSE
"2004-02-12",85.662,FALSE,NA,NA,"<= day","daily",NA,1,FALSE
"2004-02-13",85.392,FALSE,NA,NA,"<= day","daily",NA,1,FALSE
"2004-02-14",85.1,FALSE,NA,NA,"<= day","daily",NA,1,FALSE
"2004-02-15",85.1,FALSE,NA,NA,"<= day","daily",NA,1,FALSE
"2004-02-16",85.1,FALSE,NA,NA,"<= day","daily",NA,1,FALSE
"2004-02-17",84.908,FALSE,NA,NA,"<= day","daily",NA,1,FALSE
"2004-02-18",84.558,FALSE,NA,NA,"<= day","daily",NA,1,FALSE
"2004-02-19",84.583,FALSE,NA,NA,"<= day","daily",NA,1,FALSE
"2004-02-20",84.558,FALSE,NA,NA,"<= day","daily",NA,1,FALSE
"2004-02-21",84.021,FALSE,NA,NA,"<= day","daily",NA,1,FALSE
"2004-02-22",84.108,FALSE,NA,NA,"<= day","daily",NA,1,FALSE
"2004-02-23",83.929,FALSE,NA,NA,"<= day","daily",NA,1,FALSE
"2004-02-24",83.933,FALSE,NA,NA,"<= day","daily",NA,1,FALSE
"2004-02-25",84.029,FALSE,NA,NA,"<= day","daily",NA,1,FALSE
"2004-02-26",83.796,FALSE,NA,NA,"<= day","daily",NA,1,FALSE
"2004-02-27",83.383,FALSE,NA,NA,"<= day","daily",NA,1,FALSE
"2004-02-28",83.425,FALSE,NA,NA,"<= day","daily",NA,1,FALSE
"2004-02-29",83.146,FALSE,NA,NA,"<= day","daily",NA,1,FALSE
"2004-03-01",83.008,FALSE,NA,NA,"<= day","daily",NA,1,FALSE
"2004-03-02",82.696,FALSE,NA,NA,"<= day","daily",NA,1,FALSE
"2004-03-03",82.633,FALSE,NA,NA,"<= day","daily",NA,1,FALSE
"2004-03-04",82.35,FALSE,NA,NA,"<= day","daily",NA,1,FALSE
"2004-03-05",81.833,FALSE,NA,NA,"<= day","daily",NA,1,FALSE
"2004-03-06",81.871,FALSE,NA,NA,"<= day","daily",NA,1,FALSE
"2004-03-07",81.713,FALSE,NA,NA,"<= day","daily",NA,1,FALSE
"2004-03-08",81.546,FALSE,NA,NA,"<= day","daily",NA,1,FALSE
"2004-03-09",81.321,FALSE,NA,NA,"<= day","daily",NA,1,FALSE
"2004-03-10",81.125,FALSE,NA,NA,"<= day","daily",NA,1,FALSE
"2004-03-11",81.021,FALSE,NA,NA,"<= day","daily",NA,1,FALSE
"2004-03-12",80.825,FALSE,NA,NA,"<= day","daily",NA,1,FALSE
"2004-03-13",80.988,FALSE,NA,NA,"<= day","daily",NA,1,FALSE
"2004-03-14",80.583,FALSE,NA,NA,"<= day","daily",NA,1,FALSE
"2004-03-15",80.275,FALSE,NA,NA,"<= day","daily",NA,1,FALSE
"2004-03-16",80.246,FALSE,NA,NA,"<= day","daily",NA,1,FALSE
"2004-03-17",80.408,FALSE,NA,NA,"<= day","daily",NA,1,FALSE
"2004-03-18",80.642,FALSE,NA,NA,"<= day","daily",NA,1,FALSE
"2004-03-19",80.917,FALSE,NA,NA,"<= day","daily",NA,1,FALSE
"2004-03-20",81.429,FALSE,NA,NA,"<= day","daily",NA,1,FALSE
"2004-03-21",81.7,FALSE,NA,NA,"<= day","daily",NA,1,FALSE
"2004-03-22",82.354,FALSE,NA,NA,"<= day","daily",NA,1,FALSE
"2004-03-23",82.654,FALSE,NA,NA,"<= day","daily",NA,1,FALSE
"2004-03-24",82.717,FALSE,NA,NA,"<= day","daily",NA,1,FALSE
"2004-03-25",82.904,FALSE,NA,NA,"<= day","daily",NA,1,FALSE
"2004-03-26",82.827,FALSE,NA,NA,"<= day","daily",NA,1,FALSE
"2004-04-07",85.315,FALSE,NA,NA,"<= day","daily",NA,1,FALSE
"2004-04-08",85.238,FALSE,NA,NA,"<= day","daily",NA,1,FALSE
"2004-04-09",85.346,FALSE,NA,NA,"<= day","daily",NA,1,FALSE
"2004-04-10",85.446,FALSE,NA,NA,"<= day","daily",NA,1,FALSE
"2004-04-11",85.204,FALSE,NA,NA,"<= day","daily",NA,1,FALSE
"2004-04-12",84.879,FALSE,NA,NA,"<= day","daily",NA,1,FALSE
"2004-04-13",84.808,FALSE,NA,NA,"<= day","daily",NA,1,FALSE
"2004-04-14",84.458,FALSE,NA,NA,"<= day","daily",NA,1,FALSE
"2004-04-15",84.15,FALSE,NA,NA,"<= day","daily",NA,1,FALSE
"2004-04-16",84.162,FALSE,NA,NA,"<= day","daily",NA,1,FALSE
"2004-04-17",83.65,FALSE,NA,NA,"<= day","daily",NA,1,FALSE
"2004-04-18",83.671,FALSE,NA,NA,"<= day","daily",NA,1,FALSE
"2004-04-19",83.575,FALSE,NA,NA,"<= day","daily",NA,1,FALSE
"2004-04-20",83.529,FALSE,NA,NA,"<= day","daily",NA,1,FALSE
"2004-04-21",83.408,FALSE,NA,NA,"<= day","daily",NA,1,FALSE
"2004-04-22",83.392,FALSE,NA,NA,"<= day","daily",NA,1,FALSE
"2004-04-23",83.404,FALSE,NA,NA,"<= day","daily",NA,1,FALSE
"2004-04-24",83.796,FALSE,NA,NA,"<= day","daily",NA,1,FALSE
"2004-04-25",83.713,FALSE,NA,NA,"<= day","daily",NA,1,FALSE
"2004-04-26",84.117,FALSE,NA,NA,"<= day","daily",NA,1,FALSE
"2004-04-27",84.258,FALSE,NA,NA,"<= day","daily",NA,1,FALSE
"2004-04-28",84.354,FALSE,NA,NA,"<= day","daily",NA,1,FALSE
"2004-04-29",83.879,FALSE,NA,NA,"<= day","daily",NA,1,FALSE
"2004-04-30",83.546,FALSE,NA,NA,"<= day","daily",NA,1,FALSE
"2004-05-01",83.571,FALSE,NA,NA,"<= day","daily",NA,1,FALSE
"2004-05-02",83.408,FALSE,NA,NA,"<= day","daily",NA,1,FALSE
"2004-05-03",83.65,FALSE,NA,NA,"<= day","daily",NA,1,FALSE
"2004-05-04",83.917,FALSE,NA,NA,"<= day","daily",NA,1,FALSE
"2004-05-05",83.946,FALSE,NA,NA,"<= day","daily",NA,1,FALSE
"2004-05-06",83.925,FALSE,NA,NA,"<= day","daily",NA,1,FALSE
"2004-05-07",84.292,FALSE,NA,NA,"<= day","daily",NA,1,FALSE
"2004-05-08",84.283,FALSE,NA,NA,"<= day","daily",NA,1,FALSE
"2004-05-09",84.346,FALSE,NA,NA,"<= day","daily",NA,1,FALSE
"2004-05-10",84.658,FALSE,NA,NA,"<= day","daily",NA,1,FALSE
"2004-05-11",85.25,FALSE,NA,NA,"<= day","daily",NA,1,FALSE
"2004-05-12",85.092,FALSE,NA,NA,"<= day","daily",NA,1,FALSE
"2004-05-13",85.479,FALSE,NA,NA,"<= day","daily",NA,1,FALSE
"2004-05-14",85.504,FALSE,NA,NA,"<= day","daily",NA,1,FALSE
"2004-05-15",85.825,FALSE,NA,NA,"<= day","daily",NA,1,FALSE
"2004-05-16",85.921,FALSE,NA,NA,"<= day","daily",NA,1,FALSE
"2004-05-17",86.146,FALSE,NA,NA,"<= day","daily",NA,1,FALSE
"2004-05-18",85.954,FALSE,NA,NA,"<= day","daily",NA,1,FALSE
"2004-05-19",86.096,FALSE,NA,NA,"<= day","daily",NA,1,FALSE
"2004-05-20",86.242,FALSE,NA,NA,"<= day","daily",NA,1,FALSE
"2004-05-21",86.379,FALSE,NA,NA,"<= day","daily",NA,1,FALSE
"2004-05-22",86.713,FALSE,NA,NA,"<= day","daily",NA,1,FALSE
"2004-05-23",86.792,FALSE,NA,NA,"<= day","daily",NA,1,FALSE
"2004-05-24",86.662,FALSE,NA,NA,"<= day","daily",NA,1,FALSE
"2004-05-25",87.483,FALSE,NA,NA,"<= day","daily",NA,1,FALSE
"2004-05-26",87.854,FALSE,NA,NA,"<= day","daily",NA,1,FALSE
"2004-05-27",87.825,FALSE,NA,NA,"<= day","daily",NA,1,FALSE
"2004-05-28",88.308,FALSE,NA,NA,"<= day","daily",NA,1,FALSE
"2004-05-29",88.217,FALSE,NA,NA,"<= day","daily",NA,1,FALSE
"2004-05-30",88.4,FALSE,NA,NA,"<= day","daily",NA,1,FALSE
"2004-05-31",88.467,FALSE,NA,NA,"<= day","daily",NA,1,FALSE
"2004-06-01",88.908,FALSE,NA,NA,"<= day","daily",NA,1,FALSE
"2004-06-02",89.079,FALSE,NA,NA,"<= day","daily",NA,1,FALSE
"2004-06-03",89.333,FALSE,NA,NA,"<= day","daily",NA,1,FALSE
"2004-06-04",89.758,FALSE,NA,NA,"<= day","daily",NA,1,FALSE
"2004-06-05",90.467,FALSE,NA,NA,"<= day","daily",NA,1,FALSE
"2004-06-06",91.188,FALSE,NA,NA,"<= day","daily",NA,1,FALSE
"2004-06-07",91.775,FALSE,NA,NA,"<= day","daily",NA,1,FALSE
"2004-06-08",92.65,FALSE,NA,NA,"<= day","daily",NA,1,FALSE
"2004-06-09",93.125,FALSE,NA,NA,"<= day","daily",NA,1,FALSE
"2004-06-10",93.963,FALSE,NA,NA,"<= day","daily",NA,1,FALSE
"2004-06-11",94.7,FALSE,NA,NA,"<= day","daily",NA,1,FALSE
"2004-06-12",94.95,FALSE,NA,NA,"<= day","daily",NA,1,FALSE
"2004-06-13",95.508,FALSE,NA,NA,"<= day","daily",NA,1,FALSE
"2004-06-14",96.121,FALSE,NA,NA,"<= day","daily",NA,1,FALSE
"2004-06-15",96.662,FALSE,NA,NA,"<= day","daily",NA,1,FALSE
"2004-06-16",97.242,FALSE,NA,NA,"<= day","daily",NA,1,FALSE
"2004-06-17",97.292,FALSE,NA,NA,"<= day","daily",NA,1,FALSE
"2004-06-18",97.354,FALSE,NA,NA,"<= day","daily",NA,1,FALSE
"2004-06-19",97.708,FALSE,NA,NA,"<= day","daily",NA,1,FALSE
"2004-06-20",98.154,FALSE,NA,NA,"<= day","daily",NA,1,FALSE
"2004-06-21",98.988,FALSE,NA,NA,"<= day","daily",NA,1,FALSE
"2004-06-22",99.642,FALSE,NA,NA,"<= day","daily",NA,1,FALSE
"2004-06-23",100.167,FALSE,NA,NA,"<= day","daily",NA,1,FALSE
"2004-06-24",101.171,FALSE,NA,NA,"<= day","daily",NA,1,FALSE
"2004-06-25",101.45,FALSE,NA,NA,"<= day","daily",NA,1,FALSE
"2004-06-26",102.004,FALSE,NA,NA,"<= day","daily",NA,1,FALSE
"2004-06-27",103.096,FALSE,NA,NA,"<= day","daily",NA,1,FALSE
"2004-06-28",103.604,FALSE,NA,NA,"<= day","daily",NA,1,FALSE
"2004-06-29",104.133,FALSE,NA,NA,"<= day","daily",NA,1,FALSE
"2004-06-30",104.896,FALSE,NA,NA,"<= day","daily",NA,1,FALSE
"2004-07-01",105.612,FALSE,NA,NA,"<= day","daily",NA,1,FALSE
"2004-07-02",106.238,FALSE,NA,NA,"<= day","daily",NA,1,FALSE
"2004-07-03",106.696,FALSE,NA,NA,"<= day","daily",NA,1,FALSE
"2004-07-04",107.071,FALSE,NA,NA,"<= day","daily",NA,1,FALSE
"2004-07-05",107.554,FALSE,NA,NA,"<= day","daily",NA,1,FALSE
"2004-07-06",108.175,FALSE,NA,NA,"<= day","daily",NA,1,FALSE
"2004-07-07",108.708,FALSE,NA,NA,"<= day","daily",NA,1,FALSE
"2004-07-08",109.175,FALSE,NA,NA,"<= day","daily",NA,1,FALSE
"2004-07-09",109.654,FALSE,NA,NA,"<= day","daily",NA,1,FALSE
"2004-07-10",110.817,FALSE,NA,NA,"<= day","daily",NA,1,FALSE
"2004-07-11",111.983,FALSE,NA,NA,"<= day","daily",NA,1,FALSE
"2004-07-12",112.562,FALSE,NA,NA,"<= day","daily",NA,1,FALSE
"2004-07-13",113.504,FALSE,NA,NA,"<= day","daily",NA,1,FALSE
"2004-07-14",114.425,FALSE,NA,NA,"<= day","daily",NA,1,FALSE
"2004-07-15",115.229,FALSE,NA,NA,"<= day","daily",NA,1,FALSE
"2004-07-16",116.258,FALSE,NA,NA,"<= day","daily",NA,1,FALSE
"2004-07-17",117.138,FALSE,NA,NA,"<= day","daily",NA,1,FALSE
"2004-07-18",117.875,FALSE,NA,NA,"<= day","daily",NA,1,FALSE
"2004-07-19",118.792,FALSE,NA,NA,"<= day","daily",NA,1,FALSE
"2004-07-20",119.704,FALSE,NA,NA,"<= day","daily",NA,1,FALSE
"2004-07-21",120.287,FALSE,NA,NA,"<= day","daily",NA,1,FALSE
"2004-07-22",120.546,FALSE,NA,NA,"<= day","daily",NA,1,FALSE
"2004-07-23",121.279,FALSE,NA,NA,"<= day","daily",NA,1,FALSE
"2004-07-24",121.85,FALSE,NA,NA,"<= day","daily",NA,1,FALSE
"2004-07-25",122.396,FALSE,NA,NA,"<= day","daily",NA,1,FALSE
"2004-07-26",123.071,FALSE,NA,NA,"<= day","daily",NA,1,FALSE
"2004-07-27",123.508,FALSE,NA,NA,"<= day","daily",NA,1,FALSE
"2004-07-28",124.25,FALSE,NA,NA,"<= day","daily",NA,1,FALSE
"2004-07-29",124.65,FALSE,NA,NA,"<= day","daily",NA,1,FALSE
"2004-07-30",125.213,FALSE,NA,NA,"<= day","daily",NA,1,FALSE
"2004-07-31",125.704,FALSE,NA,NA,"<= day","daily",NA,1,FALSE
"2004-08-01",125.938,FALSE,NA,NA,"<= day","daily",NA,1,FALSE
"2004-08-02",126.6,FALSE,NA,NA,"<= day","daily",NA,1,FALSE
"2004-08-03",126.804,FALSE,NA,NA,"<= day","daily",NA,1,FALSE
"2004-08-04",126.888,FALSE,NA,NA,"<= day","daily",NA,1,FALSE
"2004-08-05",127.583,FALSE,NA,NA,"<= day","daily",NA,1,FALSE
"2004-08-06",127.721,FALSE,NA,NA,"<= day","daily",NA,1,FALSE
"2004-08-07",128.033,FALSE,NA,NA,"<= day","daily",NA,1,FALSE
"2004-08-08",128.167,FALSE,NA,NA,"<= day","daily",NA,1,FALSE
"2004-08-09",128.254,FALSE,NA,NA,"<= day","daily",NA,1,FALSE
"2004-08-10",128.637,FALSE,NA,NA,"<= day","daily",NA,1,FALSE
"2004-08-11",128.754,FALSE,NA,NA,"<= day","daily",NA,1,FALSE
"2004-08-12",128.933,FALSE,NA,NA,"<= day","daily",NA,1,FALSE
"2004-08-13",129.008,FALSE,NA,NA,"<= day","daily",NA,1,FALSE
"2004-08-14",129.071,FALSE,NA,NA,"<= day","daily",NA,1,FALSE
"2004-08-15",128.892,FALSE,NA,NA,"<= day","daily",NA,1,FALSE
"2004-08-16",128.992,FALSE,NA,NA,"<= day","daily",NA,1,FALSE
"2004-08-17",129.113,FALSE,NA,NA,"<= day","daily",NA,1,FALSE
"2004-08-18",129.179,FALSE,NA,NA,"<= day","daily",NA,1,FALSE
"2004-08-19",129.171,FALSE,NA,NA,"<= day","daily",NA,1,FALSE
"2004-08-20",129.275,FALSE,NA,NA,"<= day","daily",NA,1,FALSE
"2004-08-21",129.312,FALSE,NA,NA,"<= day","daily",NA,1,FALSE
"2004-08-22",129.242,FALSE,NA,NA,"<= day","daily",NA,1,FALSE
"2004-08-23",129.512,FALSE,NA,NA,"<= day","daily",NA,1,FALSE
"2004-08-24",129.633,FALSE,NA,NA,"<= day","daily",NA,1,FALSE
"2004-08-25",129.925,FALSE,NA,NA,"<= day","daily",NA,1,FALSE
"2004-08-26",130.129,FALSE,NA,NA,"<= day","daily",NA,1,FALSE
"2004-08-27",131.412,FALSE,NA,NA,"<= day","daily",NA,1,FALSE
"2004-08-28",132.517,FALSE,NA,NA,"<= day","daily",NA,1,FALSE
"2004-08-29",133.938,FALSE,NA,NA,"<= day","daily",NA,1,FALSE
"2004-08-30",134.596,FALSE,NA,NA,"<= day","daily",NA,1,FALSE
"2004-09-07",137.644,FALSE,NA,NA,"<= day","daily",NA,1,FALSE
"2004-09-08",137.708,FALSE,NA,NA,"<= day","daily",NA,1,FALSE
"2004-09-09",137.208,FALSE,NA,NA,"<= day","daily",NA,1,FALSE
"2004-09-10",137.121,FALSE,NA,NA,"<= day","daily",NA,1,FALSE
"2004-09-11",136.775,FALSE,NA,NA,"<= day","daily",NA,1,FALSE
"2004-09-12",136.529,FALSE,NA,NA,"<= day","daily",NA,1,FALSE
"2004-09-13",136.279,FALSE,NA,NA,"<= day","daily",NA,1,FALSE
"2004-09-14",135.954,FALSE,NA,NA,"<= day","daily",NA,1,FALSE
"2004-09-15",135.704,FALSE,NA,NA,"<= day","daily",NA,1,FALSE
"2004-09-16",135.525,FALSE,NA,NA,"<= day","daily",NA,1,FALSE
"2004-09-17",135.062,FALSE,NA,NA,"<= day","daily",NA,1,FALSE
"2004-09-18",134.887,FALSE,NA,NA,"<= day","daily",NA,1,FALSE
"2004-09-19",135.117,FALSE,NA,NA,"<= day","daily",NA,1,FALSE
"2004-09-20",134.558,FALSE,NA,NA,"<= day","daily",NA,1,FALSE
"2004-09-21",134.133,FALSE,NA,NA,"<= day","daily",NA,1,FALSE
"2004-09-22",134.046,FALSE,NA,NA,"<= day","daily",NA,1,FALSE
"2004-09-23",133.95,FALSE,NA,NA,"<= day","daily",NA,1,FALSE
"2004-09-24",133.812,FALSE,NA,NA,"<= day","daily",NA,1,FALSE
"2004-09-25",133.95,FALSE,NA,NA,"<= day","daily",NA,1,FALSE
"2004-09-26",134.713,FALSE,NA,NA,"<= day","daily",NA,1,FALSE
"2004-09-27",135.45,FALSE,NA,NA,"<= day","daily",NA,1,FALSE
"2004-09-28",136.383,FALSE,NA,NA,"<= day","daily",NA,1,FALSE
"2004-09-29",136.854,FALSE,NA,NA,"<= day","daily",NA,1,FALSE
"2004-09-30",137.271,FALSE,NA,NA,"<= day","daily",NA,1,FALSE
"2004-10-01",137.262,FALSE,NA,NA,"<= day","daily",NA,1,FALSE
"2004-10-02",137.358,FALSE,NA,NA,"<= day","daily",NA,1,FALSE
"2004-10-03",137.113,FALSE,NA,NA,"<= day","daily",NA,1,FALSE
"2004-10-04",136.729,FALSE,NA,NA,"<= day","daily",NA,1,FALSE
"2004-10-05",136.633,FALSE,NA,NA,"<= day","daily",NA,1,FALSE
"2004-10-06",136.054,FALSE,NA,NA,"<= day","daily",NA,1,FALSE
"2004-10-07",135.796,FALSE,NA,NA,"<= day","daily",NA,1,FALSE
"2004-10-08",135.279,FALSE,NA,NA,"<= day","daily",NA,1,FALSE
"2004-10-09",134.825,FALSE,NA,NA,"<= day","daily",NA,1,FALSE
"2004-10-10",134.608,FALSE,NA,NA,"<= day","daily",NA,1,FALSE
"2004-10-11",134.179,FALSE,NA,NA,"<= day","daily",NA,1,FALSE
"2004-10-12",133.704,FALSE,NA,NA,"<= day","daily",NA,1,FALSE
"2004-10-13",133.758,FALSE,NA,NA,"<= day","daily",NA,1,FALSE
"2004-10-14",133.075,FALSE,NA,NA,"<= day","daily",NA,1,FALSE
"2004-10-15",132.829,FALSE,NA,NA,"<= day","daily",NA,1,FALSE
"2004-10-16",132.533,FALSE,NA,NA,"<= day","daily",NA,1,FALSE
"2004-10-17",132.067,FALSE,NA,NA,"<= day","daily",NA,1,FALSE
"2004-10-18",131.571,FALSE,NA,NA,"<= day","daily",NA,1,FALSE
"2004-10-19",131.613,FALSE,NA,NA,"<= day","daily",NA,1,FALSE
"2004-10-20",131.175,FALSE,NA,NA,"<= day","daily",NA,1,FALSE
"2004-10-21",130.775,FALSE,NA,NA,"<= day","daily",NA,1,FALSE
"2004-10-22",130.108,FALSE,NA,NA,"<= day","daily",NA,1,FALSE
"2004-10-23",129.95,FALSE,NA,NA,"<= day","daily",NA,1,FALSE
"2004-10-24",129.358,FALSE,NA,NA,"<= day","daily",NA,1,FALSE
"2004-10-25",129.25,FALSE,NA,NA,"<= day","daily",NA,1,FALSE
"2004-10-26",128.617,FALSE,NA,NA,"<= day","daily",NA,1,FALSE
"2004-10-27",128.65,FALSE,NA,NA,"<= day","daily",NA,1,FALSE
"2004-10-28",127.808,FALSE,NA,NA,"<= day","daily",NA,1,FALSE
"2004-10-29",127.412,FALSE,NA,NA,"<= day","daily",NA,1,FALSE
"2004-10-30",126.95,FALSE,NA,NA,"<= day","daily",NA,1,FALSE
"2004-10-31",126.725,FALSE,NA,NA,"<= day","daily",NA,1,FALSE
"2004-11-01",126.246,FALSE,NA,NA,"<= day","daily",NA,1,FALSE
"2004-11-02",125.738,FALSE,NA,NA,"<= day","daily",NA,1,FALSE
"2004-11-03",125.171,FALSE,NA,NA,"<= day","daily",NA,1,FALSE
"2004-11-04",124.958,FALSE,NA,NA,"<= day","daily",NA,1,FALSE
"2004-11-05",124.442,FALSE,NA,NA,"<= day","daily",NA,1,FALSE
"2004-11-06",124.067,FALSE,NA,NA,"<= day","daily",NA,1,FALSE
"2004-11-07",123.721,FALSE,NA,NA,"<= day","daily",NA,1,FALSE
"2004-11-08",123.342,FALSE,NA,NA,"<= day","daily",NA,1,FALSE
"2004-11-09",122.771,FALSE,NA,NA,"<= day","daily",NA,1,FALSE
"2004-11-10",121.808,FALSE,NA,NA,"<= day","daily",NA,1,FALSE
"2004-11-11",121.296,FALSE,NA,NA,"<= day","daily",NA,1,FALSE
"2004-11-12",121.021,FALSE,NA,NA,"<= day","daily",NA,1,FALSE
"2004-11-13",120.75,FALSE,NA,NA,"<= day","daily",NA,1,FALSE
"2004-11-14",120.488,FALSE,NA,NA,"<= day","daily",NA,1,FALSE
"2004-11-15",120.246,FALSE,NA,NA,"<= day","daily",NA,1,FALSE
"2004-11-16",120.104,FALSE,NA,NA,"<= day","daily",NA,1,FALSE
"2004-11-17",119.812,FALSE,NA,NA,"<= day","daily",NA,1,FALSE
"2004-11-18",119.429,FALSE,NA,NA,"<= day","daily",NA,1,FALSE
"2004-11-19",119.287,FALSE,NA,NA,"<= day","daily",NA,1,FALSE
"2004-11-20",118.658,FALSE,NA,NA,"<= day","daily",NA,1,FALSE
"2004-11-21",118.388,FALSE,NA,NA,"<= day","daily",NA,1,FALSE
"2004-11-22",117.95,FALSE,NA,NA,"<= day","daily",NA,1,FALSE
"2004-11-23",117.825,FALSE,NA,NA,"<= day","daily",NA,1,FALSE
"2004-11-24",117.379,FALSE,NA,NA,"<= day","daily",NA,1,FALSE
"2004-11-25",116.812,FALSE,NA,NA,"<= day","daily",NA,1,FALSE
"2004-11-26",116.733,FALSE,NA,NA,"<= day","daily",NA,1,FALSE
"2004-11-27",116.225,FALSE,NA,NA,"<= day","daily",NA,1,FALSE
"2004-11-28",115.521,FALSE,NA,NA,"<= day","daily",NA,1,FALSE
"2004-11-29",115.229,FALSE,NA,NA,"<= day","daily",NA,1,FALSE
"2004-11-30",114.946,FALSE,NA,NA,"<= day","daily",NA,1,FALSE
"2004-12-01",114.567,FALSE,NA,NA,"<= day","daily",NA,1,FALSE
"2004-12-02",114.046,FALSE,NA,NA,"<= day","daily",NA,1,FALSE
"2004-12-03",113.463,FALSE,NA,NA,"<= day","daily",NA,1,FALSE
"2004-12-04",112.908,FALSE,NA,NA,"<= day","daily",NA,1,FALSE
"2004-12-05",112.442,FALSE,NA,NA,"<= day","daily",NA,1,FALSE
"2004-12-06",111.975,FALSE,NA,NA,"<= day","daily",NA,1,FALSE
"2004-12-07",111.508,FALSE,NA,NA,"<= day","daily",NA,1,FALSE
"2004-12-08",111.042,FALSE,NA,NA,"<= day","daily",NA,1,FALSE
"2004-12-09",110.638,FALSE,NA,NA,"<= day","daily",NA,1,FALSE
"2004-12-10",110.879,FALSE,NA,NA,"<= day","daily",NA,1,FALSE
"2004-12-11",110.504,FALSE,NA,NA,"<= day","daily",NA,1,FALSE
"2004-12-12",110.321,FALSE,NA,NA,"<= day","daily",NA,1,FALSE
"2004-12-13",110.4,FALSE,NA,NA,"<= day","daily",NA,1,FALSE
"2004-12-14",110.4,FALSE,NA,NA,"<= day","daily",NA,1,FALSE
"2004-12-15",110.4,FALSE,NA,NA,"<= day","daily",NA,1,FALSE
"2005-01-12",98.8,FALSE,NA,NA,"<= day","daily",NA,1,FALSE
"2005-01-13",99.075,FALSE,NA,NA,"<= day","daily",NA,1,FALSE
"2005-01-14",98.917,FALSE,NA,NA,"<= day","daily",NA,1,FALSE
"2005-01-15",99.275,FALSE,NA,NA,"<= day","daily",NA,1,FALSE
"2005-01-16",98.454,FALSE,NA,NA,"<= day","daily",NA,1,FALSE
"2005-01-17",97.792,FALSE,NA,NA,"<= day","daily",NA,1,FALSE
"2005-01-18",97.121,FALSE,NA,NA,"<= day","daily",NA,1,FALSE
"2005-01-19",96.575,FALSE,NA,NA,"<= day","daily",NA,1,FALSE
"2005-01-20",96.831,FALSE,NA,NA,"<= day","daily",NA,1,FALSE
"2005-03-03",85.586,FALSE,NA,NA,"<= day","daily",NA,1,FALSE
"2005-03-04",85.567,FALSE,NA,NA,"<= day","daily",NA,1,FALSE
"2005-03-05",85.367,FALSE,NA,NA,"<= day","daily",NA,1,FALSE
"2005-03-06",85.154,FALSE,NA,NA,"<= day","daily",NA,1,FALSE
"2005-03-07",84.775,FALSE,NA,NA,"<= day","daily",NA,1,FALSE
"2005-03-08",85.029,FALSE,NA,NA,"<= day","daily",NA,1,FALSE
"2005-03-09",84.35,FALSE,NA,NA,"<= day","daily",NA,1,FALSE
"2005-03-10",84.012,FALSE,NA,NA,"<= day","daily",NA,1,FALSE
"2005-03-11",83.921,FALSE,NA,NA,"<= day","daily",NA,1,FALSE
"2005-03-12",83.658,FALSE,NA,NA,"<= day","daily",NA,1,FALSE
"2005-03-13",83.5,FALSE,NA,NA,"<= day","daily",NA,1,FALSE
"2005-03-14",83.083,FALSE,NA,NA,"<= day","daily",NA,1,FALSE
"2005-03-15",82.983,FALSE,NA,NA,"<= day","daily",NA,1,FALSE
"2005-03-16",82.754,FALSE,NA,NA,"<= day","daily",NA,1,FALSE
"2005-03-17",82.908,FALSE,NA,NA,"<= day","daily",NA,1,FALSE
"2005-03-18",82.746,FALSE,NA,NA,"<= day","daily",NA,1,FALSE
"2005-03-19",82.938,FALSE,NA,NA,"<= day","daily",NA,1,FALSE
"2005-03-20",83.204,FALSE,NA,NA,"<= day","daily",NA,1,FALSE
"2005-03-21",83.567,FALSE,NA,NA,"<= day","daily",NA,1,FALSE
"2005-03-22",84.188,FALSE,NA,NA,"<= day","daily",NA,1,FALSE
"2005-03-23",84.654,FALSE,NA,NA,"<= day","daily",NA,1,FALSE
"2005-03-24",84.983,FALSE,NA,NA,"<= day","daily",NA,1,FALSE
"2005-03-25",85.808,FALSE,NA,NA,"<= day","daily",NA,1,FALSE
"2005-03-26",85.95,FALSE,NA,NA,"<= day","daily",NA,1,FALSE
"2005-03-27",86.421,FALSE,NA,NA,"<= day","daily",NA,1,FALSE
"2005-03-28",86.9,FALSE,NA,NA,"<= day","daily",NA,1,FALSE
"2005-03-29",87.296,FALSE,NA,NA,"<= day","daily",NA,1,FALSE
"2005-03-30",87.817,FALSE,NA,NA,"<= day","daily",NA,1,FALSE
"2005-03-31",87.779,FALSE,NA,NA,"<= day","daily",NA,1,FALSE
"2005-04-01",87.817,FALSE,NA,NA,"<= day","daily",NA,1,FALSE
"2005-04-02",87.9,FALSE,NA,NA,"<= day","daily",NA,1,FALSE
"2005-04-03",87.862,FALSE,NA,NA,"<= day","daily",NA,1,FALSE
"2005-04-04",87.8,FALSE,NA,NA,"<= day","daily",NA,1,FALSE
"2005-04-05",87.729,FALSE,NA,NA,"<= day","daily",NA,1,FALSE
"2005-04-06",87.833,FALSE,NA,NA,"<= day","daily",NA,1,FALSE
"2005-04-07",87.617,FALSE,NA,NA,"<= day","daily",NA,1,FALSE
"2005-04-08",87.55,FALSE,NA,NA,"<= day","daily",NA,1,FALSE
"2005-04-09",87.567,FALSE,NA,NA,"<= day","daily",NA,1,FALSE
"2005-04-10",87.312,FALSE,NA,NA,"<= day","daily",NA,1,FALSE
"2005-04-11",87.188,FALSE,NA,NA,"<= day","daily",NA,1,FALSE
"2005-04-12",87.183,FALSE,NA,NA,"<= day","daily",NA,1,FALSE
"2005-04-13",86.958,FALSE,NA,NA,"<= day","daily",NA,1,FALSE
"2005-04-14",86.875,FALSE,NA,NA,"<= day","daily",NA,1,FALSE
"2005-04-15",86.767,FALSE,NA,NA,"<= day","daily",NA,1,FALSE
"2005-04-16",86.383,FALSE,NA,NA,"<= day","daily",NA,1,FALSE
"2005-04-17",86.4,FALSE,NA,NA,"<= day","daily",NA,1,FALSE
"2005-05-23",92.217,FALSE,NA,NA,"<= day","daily",NA,1,FALSE
"2005-05-24",92.167,FALSE,NA,NA,"<= day","daily",NA,1,FALSE
"2005-05-25",92.258,FALSE,NA,NA,"<= day","daily",NA,1,FALSE
"2005-05-26",92.621,FALSE,NA,NA,"<= day","daily",NA,1,FALSE
"2005-05-27",92.725,FALSE,NA,NA,"<= day","daily",NA,1,FALSE
"2005-05-28",92.917,FALSE,NA,NA,"<= day","daily",NA,1,FALSE
"2005-05-29",93.433,FALSE,NA,NA,"<= day","daily",NA,1,FALSE
"2005-05-30",93.404,FALSE,NA,NA,"<= day","daily",NA,1,FALSE
"2005-05-31",93.912,FALSE,NA,NA,"<= day","daily",NA,1,FALSE
"2005-06-01",94.208,FALSE,NA,NA,"<= day","daily",NA,1,FALSE
"2005-06-02",94.808,FALSE,NA,NA,"<= day","daily",NA,1,FALSE
"2005-06-03",94.996,FALSE,NA,NA,"<= day","daily",NA,1,FALSE
"2005-06-04",94.904,FALSE,NA,NA,"<= day","daily",NA,1,FALSE
"2005-06-05",95.429,FALSE,NA,NA,"<= day","daily",NA,1,FALSE
"2005-06-06",95.646,FALSE,NA,NA,"<= day","daily",NA,1,FALSE
"2005-06-07",95.771,FALSE,NA,NA,"<= day","daily",NA,1,FALSE
"2005-06-08",95.958,FALSE,NA,NA,"<= day","daily",NA,1,FALSE
"2005-06-09",96.15,FALSE,NA,NA,"<= day","daily",NA,1,FALSE
"2005-06-10",96.325,FALSE,NA,NA,"<= day","daily",NA,1,FALSE
"2005-06-11",96.45,FALSE,NA,NA,"<= day","daily",NA,1,FALSE
"2005-06-12",96.858,FALSE,NA,NA,"<= day","daily",NA,1,FALSE
"2005-06-13",96.879,FALSE,NA,NA,"<= day","daily",NA,1,FALSE
"2005-06-14",97.537,FALSE,NA,NA,"<= day","daily",NA,1,FALSE
"2005-06-15",97.729,FALSE,NA,NA,"<= day","daily",NA,1,FALSE
"2005-06-16",97.975,FALSE,NA,NA,"<= day","daily",NA,1,FALSE
"2005-06-17",97.85,FALSE,NA,NA,"<= day","daily",NA,1,FALSE
"2005-06-18",98.158,FALSE,NA,NA,"<= day","daily",NA,1,FALSE
"2005-06-19",98.667,FALSE,NA,NA,"<= day","daily",NA,1,FALSE
"2005-06-20",98.725,FALSE,NA,NA,"<= day","daily",NA,1,FALSE
"2005-06-21",99.133,FALSE,NA,NA,"<= day","daily",NA,1,FALSE
"2005-06-22",99.246,FALSE,NA,NA,"<= day","daily",NA,1,FALSE
"2005-06-23",99.488,FALSE,NA,NA,"<= day","daily",NA,1,FALSE
"2005-06-24",100.171,FALSE,NA,NA,"<= day","daily",NA,1,FALSE
"2005-06-25",100.396,FALSE,NA,NA,"<= day","daily",NA,1,FALSE
"2005-06-26",100.667,FALSE,NA,NA,"<= day","daily",NA,1,FALSE
"2005-06-27",101.292,FALSE,NA,NA,"<= day","daily",NA,1,FALSE
"2005-06-28",101.833,FALSE,NA,NA,"<= day","daily",NA,1,FALSE
"2005-06-29",101.954,FALSE,NA,NA,"<= day","daily",NA,1,FALSE
"2005-06-30",102.537,FALSE,NA,NA,"<= day","daily",NA,1,FALSE
"2005-07-01",103.3,FALSE,NA,NA,"<= day","daily",NA,1,FALSE
"2005-07-02",103.55,FALSE,NA,NA,"<= day","daily",NA,1,FALSE
"2005-07-03",103.725,FALSE,NA,NA,"<= day","daily",NA,1,FALSE
"2005-07-04",104.892,FALSE,NA,NA,"<= day","daily",NA,1,FALSE
"2005-07-05",105.088,FALSE,NA,NA,"<= day","daily",NA,1,FALSE
"2005-07-06",105.996,FALSE,NA,NA,"<= day","daily",NA,1,FALSE
"2005-07-07",107.229,FALSE,NA,NA,"<= day","daily",NA,1,FALSE
"2005-07-08",108.537,FALSE,NA,NA,"<= day","daily",NA,1,FALSE
"2005-07-09",109.596,FALSE,NA,NA,"<= day","daily",NA,1,FALSE
"2005-07-10",110.904,FALSE,NA,NA,"<= day","daily",NA,1,FALSE
"2005-07-11",111.946,FALSE,NA,NA,"<= day","daily",NA,1,FALSE
"2005-07-12",115.208,FALSE,NA,NA,"<= day","daily",NA,1,FALSE
"2005-07-13",118.408,FALSE,NA,NA,"<= day","daily",NA,1,FALSE
"2005-07-14",123.692,FALSE,NA,NA,"<= day","daily",NA,1,FALSE
"2005-07-15",127.117,FALSE,NA,NA,"<= day","daily",NA,1,FALSE
"2005-07-16",130.7,FALSE,NA,NA,"<= day","daily",NA,1,FALSE
"2005-07-17",131.796,FALSE,NA,NA,"<= day","daily",NA,1,FALSE
"2005-07-18",131.875,FALSE,NA,NA,"<= day","daily",NA,1,FALSE
"2005-07-19",132.033,FALSE,NA,NA,"<= day","daily",NA,1,FALSE
"2005-07-20",132.046,FALSE,NA,NA,"<= day","daily",NA,1,FALSE
"2005-07-21",132.108,FALSE,NA,NA,"<= day","daily",NA,1,FALSE
"2005-07-22",132.096,FALSE,NA,NA,"<= day","daily",NA,1,FALSE
"2005-07-23",132.071,FALSE,NA,NA,"<= day","daily",NA,1,FALSE
"2005-07-24",132.075,FALSE,NA,NA,"<= day","daily",NA,1,FALSE
"2005-07-25",131.817,FALSE,NA,NA,"<= day","daily",NA,1,FALSE
"2005-07-26",131.896,FALSE,NA,NA,"<= day","daily",NA,1,FALSE
"2005-07-27",132.004,FALSE,NA,NA,"<= day","daily",NA,1,FALSE
"2005-07-28",132.017,FALSE,NA,NA,"<= day","daily",NA,1,FALSE
"2005-07-29",132.167,FALSE,NA,NA,"<= day","daily",NA,1,FALSE
"2005-07-30",132.312,FALSE,NA,NA,"<= day","daily",NA,1,FALSE
"2005-07-31",132.379,FALSE,NA,NA,"<= day","daily",NA,1,FALSE
"2005-08-01",132.596,FALSE,NA,NA,"<= day","daily",NA,1,FALSE
"2005-08-02",132.675,FALSE,NA,NA,"<= day","daily",NA,1,FALSE
"2005-08-03",133.125,FALSE,NA,NA,"<= day","daily",NA,1,FALSE
"2005-08-04",133.467,FALSE,NA,NA,"<= day","daily",NA,1,FALSE
"2005-08-05",134.046,FALSE,NA,NA,"<= day","daily",NA,1,FALSE
"2005-08-06",134.508,FALSE,NA,NA,"<= day","daily",NA,1,FALSE
"2005-08-07",134.546,FALSE,NA,NA,"<= day","daily",NA,1,FALSE
"2005-08-08",135.029,FALSE,NA,NA,"<= day","daily",NA,1,FALSE
"2005-08-09",135.217,FALSE,NA,NA,"<= day","daily",NA,1,FALSE
"2005-08-10",135.492,FALSE,NA,NA,"<= day","daily",NA,1,FALSE
"2005-08-11",136.137,FALSE,NA,NA,"<= day","daily",NA,1,FALSE
"2005-08-12",136.35,FALSE,NA,NA,"<= day","daily",NA,1,FALSE
"2005-08-13",136.342,FALSE,NA,NA,"<= day","daily",NA,1,FALSE
"2005-08-14",136.254,FALSE,NA,NA,"<= day","daily",NA,1,FALSE
"2005-08-15",136.204,FALSE,NA,NA,"<= day","daily",NA,1,FALSE
"2005-08-16",136.058,FALSE,NA,NA,"<= day","daily",NA,1,FALSE
"2005-08-17",136.662,FALSE,NA,NA,"<= day","daily",NA,1,FALSE
"2005-08-18",137.583,FALSE,NA,NA,"<= day","daily",NA,1,FALSE
"2005-08-19",138.325,FALSE,NA,NA,"<= day","daily",NA,1,FALSE
"2005-08-20",139.017,FALSE,NA,NA,"<= day","daily",NA,1,FALSE
"2005-08-21",139.021,FALSE,NA,NA,"<= day","daily",NA,1,FALSE
"2005-08-22",139.654,FALSE,NA,NA,"<= day","daily",NA,1,FALSE
"2005-08-23",140.292,FALSE,NA,NA,"<= day","daily",NA,1,FALSE
"2005-08-24",143.617,FALSE,NA,NA,"<= day","daily",NA,1,FALSE
"2005-08-25",148.838,FALSE,NA,NA,"<= day","daily",NA,1,FALSE
"2005-08-26",153.029,FALSE,NA,NA,"<= day","daily",NA,1,FALSE
"2005-08-27",155.554,FALSE,NA,NA,"<= day","daily",NA,1,FALSE
"2005-08-28",156.787,FALSE,NA,NA,"<= day","daily",NA,1,FALSE
"2005-08-29",157.012,FALSE,NA,NA,"<= day","daily",NA,1,FALSE
"2005-08-30",156.758,FALSE,NA,NA,"<= day","daily",NA,1,FALSE
"2005-08-31",156.317,FALSE,NA,NA,"<= day","daily",NA,1,FALSE
"2005-09-01",155.304,FALSE,NA,NA,"<= day","daily",NA,1,FALSE
"2005-09-02",154.642,FALSE,NA,NA,"<= day","daily",NA,1,FALSE
"2005-09-03",153.754,FALSE,NA,NA,"<= day","daily",NA,1,FALSE
"2005-09-04",152.658,FALSE,NA,NA,"<= day","daily",NA,1,FALSE
"2005-09-05",151.7,FALSE,NA,NA,"<= day","daily",NA,1,FALSE
"2005-09-06",150.533,FALSE,NA,NA,"<= day","daily",NA,1,FALSE
"2005-09-07",150.225,FALSE,NA,NA,"<= day","daily",NA,1,FALSE
"2005-09-08",149.446,FALSE,NA,NA,"<= day","daily",NA,1,FALSE
"2005-09-09",148.433,FALSE,NA,NA,"<= day","daily",NA,1,FALSE
"2005-09-10",147.858,FALSE,NA,NA,"<= day","daily",NA,1,FALSE
"2005-09-11",147.317,FALSE,NA,NA,"<= day","daily",NA,1,FALSE
"2005-09-12",146.508,FALSE,NA,NA,"<= day","daily",NA,1,FALSE
"2005-09-13",146.121,FALSE,NA,NA,"<= day","daily",NA,1,FALSE
"2005-09-14",145.438,FALSE,NA,NA,"<= day","daily",NA,1,FALSE
"2005-09-15",144.821,FALSE,NA,NA,"<= day","daily",NA,1,FALSE
"2005-09-16",144.25,FALSE,NA,NA,"<= day","daily",NA,1,FALSE
"2005-09-17",143.783,FALSE,NA,NA,"<= day","daily",NA,1,FALSE
"2005-09-18",143.308,FALSE,NA,NA,"<= day","daily",NA,1,FALSE
"2005-09-19",142.829,FALSE,NA,NA,"<= day","daily",NA,1,FALSE
"2005-09-20",142.35,FALSE,NA,NA,"<= day","daily",NA,1,FALSE
"2005-09-21",141.892,FALSE,NA,NA,"<= day","daily",NA,1,FALSE
"2005-09-22",141.408,FALSE,NA,NA,"<= day","daily",NA,1,FALSE
"2005-09-23",140.929,FALSE,NA,NA,"<= day","daily",NA,1,FALSE
"2005-09-24",140.458,FALSE,NA,NA,"<= day","daily",NA,1,FALSE
"2005-09-25",139.992,FALSE,NA,NA,"<= day","daily",NA,1,FALSE
"2005-09-26",139.15,FALSE,NA,NA,"<= day","daily",NA,1,FALSE
"2005-09-27",138.475,FALSE,NA,NA,"<= day","daily",NA,1,FALSE
"2005-09-28",137.708,FALSE,NA,NA,"<= day","daily",NA,1,FALSE
"2005-09-29",137.463,FALSE,NA,NA,"<= day","daily",NA,1,FALSE
"2005-09-30",136.667,FALSE,NA,NA,"<= day","daily",NA,1,FALSE
"2005-10-01",136.104,FALSE,NA,NA,"<= day","daily",NA,1,FALSE
"2005-10-02",135.762,FALSE,NA,NA,"<= day","daily",NA,1,FALSE
"2005-10-03",135.458,FALSE,NA,NA,"<= day","daily",NA,1,FALSE
"2005-10-04",135.267,FALSE,NA,NA,"<= day","daily",NA,1,FALSE
"2005-10-05",135.121,FALSE,NA,NA,"<= day","daily",NA,1,FALSE
"2005-10-06",135,FALSE,NA,NA,"<= day","daily",NA,1,FALSE
"2005-10-07",134.646,FALSE,NA,NA,"<= day","daily",NA,1,FALSE
"2005-10-08",134.238,FALSE,NA,NA,"<= day","daily",NA,1,FALSE
"2005-10-09",133.754,FALSE,NA,NA,"<= day","daily",NA,1,FALSE
"2005-10-10",132.912,FALSE,NA,NA,"<= day","daily",NA,1,FALSE
"2005-10-11",132.246,FALSE,NA,NA,"<= day","daily",NA,1,FALSE
"2005-10-12",131.6,FALSE,NA,NA,"<= day","daily",NA,1,FALSE
"2005-10-13",130.833,FALSE,NA,NA,"<= day","daily",NA,1,FALSE
"2005-10-14",130.358,FALSE,NA,NA,"<= day","daily",NA,1,FALSE
"2005-10-15",129.808,FALSE,NA,NA,"<= day","daily",NA,1,FALSE
"2005-10-16",129.129,FALSE,NA,NA,"<= day","daily",NA,1,FALSE
"2005-10-17",128.592,FALSE,NA,NA,"<= day","daily",NA,1,FALSE
"2005-10-18",128.308,FALSE,NA,NA,"<= day","daily",NA,1,FALSE
"2005-10-19",128.062,FALSE,NA,NA,"<= day","daily",NA,1,FALSE
"2005-10-20",127.558,FALSE,NA,NA,"<= day","daily",NA,1,FALSE
"2005-10-21",127.042,FALSE,NA,NA,"<= day","daily",NA,1,FALSE
"2005-10-22",126.537,FALSE,NA,NA,"<= day","daily",NA,1,FALSE
"2005-10-23",126.021,FALSE,NA,NA,"<= day","daily",NA,1,FALSE
"2005-10-24",125.517,FALSE,NA,NA,"<= day","daily",NA,1,FALSE
"2005-10-25",125,FALSE,NA,NA,"<= day","daily",NA,1,FALSE
"2005-10-26",124.492,FALSE,NA,NA,"<= day","daily",NA,1,FALSE
"2005-10-27",123.979,FALSE,NA,NA,"<= day","daily",NA,1,FALSE
"2005-10-28",123.471,FALSE,NA,NA,"<= day","daily",NA,1,FALSE
"2005-10-29",122.958,FALSE,NA,NA,"<= day","daily",NA,1,FALSE
"2005-10-30",122.45,FALSE,NA,NA,"<= day","daily",NA,1,FALSE
"2005-10-31",121.938,FALSE,NA,NA,"<= day","daily",NA,1,FALSE
"2005-11-01",121.429,FALSE,NA,NA,"<= day","daily",NA,1,FALSE
"2005-11-02",120.917,FALSE,NA,NA,"<= day","daily",NA,1,FALSE
"2005-11-03",120.408,FALSE,NA,NA,"<= day","daily",NA,1,FALSE
"2005-11-04",119.896,FALSE,NA,NA,"<= day","daily",NA,1,FALSE
"2005-11-05",119.383,FALSE,NA,NA,"<= day","daily",NA,1,FALSE
"2005-11-06",118.875,FALSE,NA,NA,"<= day","daily",NA,1,FALSE
"2005-11-07",118.362,FALSE,NA,NA,"<= day","daily",NA,1,FALSE
"2005-11-08",117.671,FALSE,NA,NA,"<= day","daily",NA,1,FALSE
"2005-11-09",116.888,FALSE,NA,NA,"<= day","daily",NA,1,FALSE
"2005-11-10",116.362,FALSE,NA,NA,"<= day","daily",NA,1,FALSE
"2005-11-11",115.954,FALSE,NA,NA,"<= day","daily",NA,1,FALSE
"2005-11-12",115.475,FALSE,NA,NA,"<= day","daily",NA,1,FALSE
"2005-11-13",114.958,FALSE,NA,NA,"<= day","daily",NA,1,FALSE
"2005-11-14",114.713,FALSE,NA,NA,"<= day","daily",NA,1,FALSE
"2005-11-15",114.071,FALSE,NA,NA,"<= day","daily",NA,1,FALSE
"2005-11-16",113.512,FALSE,NA,NA,"<= day","daily",NA,1,FALSE
"2005-11-17",113.067,FALSE,NA,NA,"<= day","daily",NA,1,FALSE
"2005-11-18",112.35,FALSE,NA,NA,"<= day","daily",NA,1,FALSE
"2005-11-19",111.95,FALSE,NA,NA,"<= day","daily",NA,1,FALSE
"2005-11-20",111.558,FALSE,NA,NA,"<= day","daily",NA,1,FALSE
"2005-11-21",111.167,FALSE,NA,NA,"<= day","daily",NA,1,FALSE
"2005-11-22",110.767,FALSE,NA,NA,"<= day","daily",NA,1,FALSE
"2005-11-23",110.162,FALSE,NA,NA,"<= day","daily",NA,1,FALSE
"2005-11-24",109.942,FALSE,NA,NA,"<= day","daily",NA,1,FALSE
"2005-11-25",109.621,FALSE,NA,NA,"<= day","daily",NA,1,FALSE
"2005-11-26",109.2,FALSE,NA,NA,"<= day","daily",NA,1,FALSE
"2005-11-27",108.783,FALSE,NA,NA,"<= day","daily",NA,1,FALSE
"2005-11-28",108.371,FALSE,NA,NA,"<= day","daily",NA,1,FALSE
"2005-11-29",107.963,FALSE,NA,NA,"<= day","daily",NA,1,FALSE
"2005-11-30",107.55,FALSE,NA,NA,"<= day","daily",NA,1,FALSE
"2005-12-01",107.133,FALSE,NA,NA,"<= day","daily",NA,1,FALSE
"2005-12-02",106.729,FALSE,NA,NA,"<= day","daily",NA,1,FALSE
"2005-12-03",106.621,FALSE,NA,NA,"<= day","daily",NA,1,FALSE
"2005-12-04",106.058,FALSE,NA,NA,"<= day","daily",NA,1,FALSE
"2005-12-05",105.304,FALSE,NA,NA,"<= day","daily",NA,1,FALSE
"2005-12-06",105.125,FALSE,NA,NA,"<= day","daily",NA,1,FALSE
"2005-12-07",104.55,FALSE,NA,NA,"<= day","daily",NA,1,FALSE
"2005-12-08",104.138,FALSE,NA,NA,"<= day","daily",NA,1,FALSE
"2005-12-09",103.838,FALSE,NA,NA,"<= day","daily",NA,1,FALSE
"2005-12-10",103.537,FALSE,NA,NA,"<= day","daily",NA,1,FALSE
"2005-12-11",103.238,FALSE,NA,NA,"<= day","daily",NA,1,FALSE
"2005-12-12",102.938,FALSE,NA,NA,"<= day","daily",NA,1,FALSE
"2005-12-13",102.638,FALSE,NA,NA,"<= day","daily",NA,1,FALSE
"2005-12-14",102.338,FALSE,NA,NA,"<= day","daily",NA,1,FALSE
"2005-12-15",101.9,FALSE,NA,NA,"<= day","daily",NA,1,FALSE
"2005-12-16",101.271,FALSE,NA,NA,"<= day","daily",NA,1,FALSE
"2005-12-17",100.567,FALSE,NA,NA,"<= day","daily",NA,1,FALSE
"2005-12-18",100.133,FALSE,NA,NA,"<= day","daily",NA,1,FALSE
"2005-12-19",99.621,FALSE,NA,NA,"<= day","daily",NA,1,FALSE
"2005-12-20",99.425,FALSE,NA,NA,"<= day","daily",NA,1,FALSE
"2005-12-21",99.225,FALSE,NA,NA,"<= day","daily",NA,1,FALSE
"2005-12-22",98.883,FALSE,NA,NA,"<= day","daily",NA,1,FALSE
"2005-12-23",98.996,FALSE,NA,NA,"<= day","daily",NA,1,FALSE
"2005-12-24",98.933,FALSE,NA,NA,"<= day","daily",NA,1,FALSE
"2005-12-25",98.7,FALSE,NA,NA,"<= day","daily",NA,1,FALSE
"2005-12-26",98.2,FALSE,NA,NA,"<= day","daily",NA,1,FALSE
"2005-12-27",97.871,FALSE,NA,NA,"<= day","daily",NA,1,FALSE
"2005-12-28",97.546,FALSE,NA,NA,"<= day","daily",NA,1,FALSE
"2005-12-29",97.221,FALSE,NA,NA,"<= day","daily",NA,1,FALSE
"2005-12-30",96.888,FALSE,NA,NA,"<= day","daily",NA,1,FALSE
"2005-12-31",96.562,FALSE,NA,NA,"<= day","daily",NA,1,FALSE
"2006-01-01",96.238,FALSE,NA,NA,"<= day","daily",NA,1,FALSE
"2006-01-02",95.917,FALSE,NA,NA,"<= day","daily",NA,1,FALSE
"2006-01-03",95.583,FALSE,NA,NA,"<= day","daily",NA,1,FALSE
"2006-01-04",95.258,FALSE,NA,NA,"<= day","daily",NA,1,FALSE
"2006-01-05",94.933,FALSE,NA,NA,"<= day","daily",NA,1,FALSE
"2006-01-06",94.604,FALSE,NA,NA,"<= day","daily",NA,1,FALSE
"2006-01-07",94.275,FALSE,NA,NA,"<= day","daily",NA,1,FALSE
"2006-01-08",93.954,FALSE,NA,NA,"<= day","daily",NA,1,FALSE
"2006-01-09",93.629,FALSE,NA,NA,"<= day","daily",NA,1,FALSE
"2006-01-10",93.3,FALSE,NA,NA,"<= day","daily",NA,1,FALSE
"2006-01-11",92.971,FALSE,NA,NA,"<= day","daily",NA,1,FALSE
"2006-01-12",92.646,FALSE,NA,NA,"<= day","daily",NA,1,FALSE
"2006-01-13",92.321,FALSE,NA,NA,"<= day","daily",NA,1,FALSE
"2006-01-14",91.992,FALSE,NA,NA,"<= day","daily",NA,1,FALSE
"2006-01-15",91.667,FALSE,NA,NA,"<= day","daily",NA,1,FALSE
"2006-01-16",91.342,FALSE,NA,NA,"<= day","daily",NA,1,FALSE
"2006-01-17",90.971,FALSE,NA,NA,"<= day","daily",NA,1,FALSE
"2006-01-18",90.921,FALSE,NA,NA,"<= day","daily",NA,1,FALSE
"2006-01-19",90.708,FALSE,NA,NA,"<= day","daily",NA,1,FALSE
"2006-01-20",90.254,FALSE,NA,NA,"<= day","daily",NA,1,FALSE
"2006-01-21",89.829,FALSE,NA,NA,"<= day","daily",NA,1,FALSE
"2006-01-22",89.992,FALSE,NA,NA,"<= day","daily",NA,1,FALSE
"2006-01-23",89.367,FALSE,NA,NA,"<= day","daily",NA,1,FALSE
"2006-01-24",88.783,FALSE,NA,NA,"<= day","daily",NA,1,FALSE
"2006-01-25",88.8,FALSE,NA,NA,"<= day","daily",NA,1,FALSE
"2006-01-26",88.429,FALSE,NA,NA,"<= day","daily",NA,1,FALSE
"2006-01-27",88.354,FALSE,NA,NA,"<= day","daily",NA,1,FALSE
"2006-01-28",88.071,FALSE,NA,NA,"<= day","daily",NA,1,FALSE
"2006-01-29",87.983,FALSE,NA,NA,"<= day","daily",NA,1,FALSE
"2006-01-30",87.479,FALSE,NA,NA,"<= day","daily",NA,1,FALSE
"2006-01-31",87.179,FALSE,NA,NA,"<= day","daily",NA,1,FALSE
"2006-02-01",87.142,FALSE,NA,NA,"<= day","daily",NA,1,FALSE
"2006-02-02",87.146,FALSE,NA,NA,"<= day","daily",NA,1,FALSE
"2006-02-03",86.546,FALSE,NA,NA,"<= day","daily",NA,1,FALSE
"2006-02-04",86.292,FALSE,NA,NA,"<= day","daily",NA,1,FALSE
"2006-02-05",86.05,FALSE,NA,NA,"<= day","daily",NA,1,FALSE
"2006-02-06",85.808,FALSE,NA,NA,"<= day","daily",NA,1,FALSE
"2006-02-07",85.575,FALSE,NA,NA,"<= day","daily",NA,1,FALSE
"2006-02-08",85.325,FALSE,NA,NA,"<= day","daily",NA,1,FALSE
"2006-02-09",85.096,FALSE,NA,NA,"<= day","daily",NA,1,FALSE
"2006-02-10",84.892,FALSE,NA,NA,"<= day","daily",NA,1,FALSE
"2006-02-11",84.692,FALSE,NA,NA,"<= day","daily",NA,1,FALSE
"2006-02-12",84.492,FALSE,NA,NA,"<= day","daily",NA,1,FALSE
"2006-02-13",84.292,FALSE,NA,NA,"<= day","daily",NA,1,FALSE
"2006-02-14",84.092,FALSE,NA,NA,"<= day","daily",NA,1,FALSE
"2006-02-15",83.888,FALSE,NA,NA,"<= day","daily",NA,1,FALSE
"2006-02-16",83.683,FALSE,NA,NA,"<= day","daily",NA,1,FALSE
"2006-02-17",83.483,FALSE,NA,NA,"<= day","daily",NA,1,FALSE
"2006-02-18",83.283,FALSE,NA,NA,"<= day","daily",NA,1,FALSE
"2006-02-19",83.083,FALSE,NA,NA,"<= day","daily",NA,1,FALSE
"2006-02-20",82.883,FALSE,NA,NA,"<= day","daily",NA,1,FALSE
"2006-02-21",82.683,FALSE,NA,NA,"<= day","daily",NA,1,FALSE
"2006-02-22",82.483,FALSE,NA,NA,"<= day","daily",NA,1,FALSE
"2006-02-23",82.279,FALSE,NA,NA,"<= day","daily",NA,1,FALSE
"2006-02-24",82.075,FALSE,NA,NA,"<= day","daily",NA,1,FALSE
"2006-02-25",81.875,FALSE,NA,NA,"<= day","daily",NA,1,FALSE
"2006-02-26",81.675,FALSE,NA,NA,"<= day","daily",NA,1,FALSE
"2006-02-27",81.475,FALSE,NA,NA,"<= day","daily",NA,1,FALSE
"2006-02-28",81.275,FALSE,NA,NA,"<= day","daily",NA,1,FALSE
"2006-03-01",81.075,FALSE,NA,NA,"<= day","daily",NA,1,FALSE
"2006-03-02",80.875,FALSE,NA,NA,"<= day","daily",NA,1,FALSE
"2006-03-03",80.667,FALSE,NA,NA,"<= day","daily",NA,1,FALSE
"2006-03-04",80.467,FALSE,NA,NA,"<= day","daily",NA,1,FALSE
"2006-03-05",80.267,FALSE,NA,NA,"<= day","daily",NA,1,FALSE
"2006-03-06",80.067,FALSE,NA,NA,"<= day","daily",NA,1,FALSE
"2006-03-07",79.929,FALSE,NA,NA,"<= day","daily",NA,1,FALSE
"2006-03-08",79.7,FALSE,NA,NA,"<= day","daily",NA,1,FALSE
"2006-03-09",79.475,FALSE,NA,NA,"<= day","daily",NA,1,FALSE
"2006-03-10",79.233,FALSE,NA,NA,"<= day","daily",NA,1,FALSE
"2006-03-11",79.004,FALSE,NA,NA,"<= day","daily",NA,1,FALSE
"2006-03-12",78.775,FALSE,NA,NA,"<= day","daily",NA,1,FALSE
"2006-03-13",78.537,FALSE,NA,NA,"<= day","daily",NA,1,FALSE
"2006-03-14",78.404,FALSE,NA,NA,"<= day","daily",NA,1,FALSE
"2006-03-15",78.037,FALSE,NA,NA,"<= day","daily",NA,1,FALSE
"2006-03-16",77.775,FALSE,NA,NA,"<= day","daily",NA,1,FALSE
"2006-03-17",77.525,FALSE,NA,NA,"<= day","daily",NA,1,FALSE
"2006-03-18",77.037,FALSE,NA,NA,"<= day","daily",NA,1,FALSE
"2006-03-19",77.25,FALSE,NA,NA,"<= day","daily",NA,1,FALSE
"2006-03-20",76.929,FALSE,NA,NA,"<= day","daily",NA,1,FALSE
"2006-03-21",77.112,FALSE,NA,NA,"<= day","daily",NA,1,FALSE
"2006-03-22",77.225,FALSE,NA,NA,"<= day","daily",NA,1,FALSE
"2006-03-23",76.912,FALSE,NA,NA,"<= day","daily",NA,1,FALSE
"2006-03-24",77.075,FALSE,NA,NA,"<= day","daily",NA,1,FALSE
"2006-03-25",77.125,FALSE,NA,NA,"<= day","daily",NA,1,FALSE
"2006-03-26",77.108,FALSE,NA,NA,"<= day","daily",NA,1,FALSE
"2006-03-27",77.225,FALSE,NA,NA,"<= day","daily",NA,1,FALSE
"2006-03-28",77.338,FALSE,NA,NA,"<= day","daily",NA,1,FALSE
"2006-03-29",77.679,FALSE,NA,NA,"<= day","daily",NA,1,FALSE
"2006-03-30",77.883,FALSE,NA,NA,"<= day","daily",NA,1,FALSE
"2006-03-31",78.121,FALSE,NA,NA,"<= day","daily",NA,1,FALSE
"2006-04-01",78.529,FALSE,NA,NA,"<= day","daily",NA,1,FALSE
"2006-04-02",78.571,FALSE,NA,NA,"<= day","daily",NA,1,FALSE
"2006-04-03",78.746,FALSE,NA,NA,"<= day","daily",NA,1,FALSE
"2006-04-04",78.787,FALSE,NA,NA,"<= day","daily",NA,1,FALSE
"2006-04-05",78.904,FALSE,NA,NA,"<= day","daily",NA,1,FALSE
"2006-04-06",79.046,FALSE,NA,NA,"<= day","daily",NA,1,FALSE
"2006-04-07",79.1,FALSE,NA,NA,"<= day","daily",NA,1,FALSE
"2006-04-08",79.05,FALSE,NA,NA,"<= day","daily",NA,1,FALSE
"2006-04-09",79.037,FALSE,NA,NA,"<= day","daily",NA,1,FALSE
"2006-04-10",79.079,FALSE,NA,NA,"<= day","daily",NA,1,FALSE
"2006-04-11",79.167,FALSE,NA,NA,"<= day","daily",NA,1,FALSE
"2006-04-12",79.167,FALSE,NA,NA,"<= day","daily",NA,1,FALSE
"2006-04-13",79.15,FALSE,NA,NA,"<= day","daily",NA,1,FALSE
"2006-04-14",79.05,FALSE,NA,NA,"<= day","daily",NA,1,FALSE
"2006-04-15",79.125,FALSE,NA,NA,"<= day","daily",NA,1,FALSE
"2006-04-16",79.158,FALSE,NA,NA,"<= day","daily",NA,1,FALSE
"2006-04-17",79.5,FALSE,NA,NA,"<= day","daily",NA,1,FALSE
"2006-04-18",79.892,FALSE,NA,NA,"<= day","daily",NA,1,FALSE
"2006-04-19",80,FALSE,NA,NA,"<= day","daily",NA,1,FALSE
"2006-04-20",80.179,FALSE,NA,NA,"<= day","daily",NA,1,FALSE
"2006-04-21",80.579,FALSE,NA,NA,"<= day","daily",NA,1,FALSE
"2006-04-22",80.608,FALSE,NA,NA,"<= day","daily",NA,1,FALSE
"2006-04-23",81.025,FALSE,NA,NA,"<= day","daily",NA,1,FALSE
"2006-04-24",81.279,FALSE,NA,NA,"<= day","daily",NA,1,FALSE
"2006-04-25",81.229,FALSE,NA,NA,"<= day","daily",NA,1,FALSE
"2006-04-26",81.417,FALSE,NA,NA,"<= day","daily",NA,1,FALSE
"2006-04-27",81.879,FALSE,NA,NA,"<= day","daily",NA,1,FALSE
"2006-04-28",82.2,FALSE,NA,NA,"<= day","daily",NA,1,FALSE
"2006-04-29",82.554,FALSE,NA,NA,"<= day","daily",NA,1,FALSE
"2006-04-30",82.821,FALSE,NA,NA,"<= day","daily",NA,1,FALSE
"2006-05-01",83.2,FALSE,NA,NA,"<= day","daily",NA,1,FALSE
"2006-05-02",83.658,FALSE,NA,NA,"<= day","daily",NA,1,FALSE
"2006-05-03",83.658,FALSE,NA,NA,"<= day","daily",NA,1,FALSE
"2006-05-04",83.838,FALSE,NA,NA,"<= day","daily",NA,1,FALSE
"2006-05-05",84.346,FALSE,NA,NA,"<= day","daily",NA,1,FALSE
"2006-05-06",84.438,FALSE,NA,NA,"<= day","daily",NA,1,FALSE
"2006-05-07",84.667,FALSE,NA,NA,"<= day","daily",NA,1,FALSE
"2006-05-08",85.008,FALSE,NA,NA,"<= day","daily",NA,1,FALSE
"2006-05-09",85.338,FALSE,NA,NA,"<= day","daily",NA,1,FALSE
"2006-05-10",85.75,FALSE,NA,NA,"<= day","daily",NA,1,FALSE
"2006-05-11",85.412,FALSE,NA,NA,"<= day","daily",NA,1,FALSE
"2006-05-12",85.779,FALSE,NA,NA,"<= day","daily",NA,1,FALSE
"2006-05-13",85.7,FALSE,NA,NA,"<= day","daily",NA,1,FALSE
"2006-05-14",85.917,FALSE,NA,NA,"<= day","daily",NA,1,FALSE
"2006-05-15",86.092,FALSE,NA,NA,"<= day","daily",NA,1,FALSE
"2006-05-16",86.233,FALSE,NA,NA,"<= day","daily",NA,1,FALSE
"2006-05-17",86.583,FALSE,NA,NA,"<= day","daily",NA,1,FALSE
"2006-05-18",87.058,FALSE,NA,NA,"<= day","daily",NA,1,FALSE
"2006-05-19",87.362,FALSE,NA,NA,"<= day","daily",NA,1,FALSE
"2006-05-20",88.104,FALSE,NA,NA,"<= day","daily",NA,1,FALSE
"2006-05-21",88.775,FALSE,NA,NA,"<= day","daily",NA,1,FALSE
"2006-05-22",89.658,FALSE,NA,NA,"<= day","daily",NA,1,FALSE
"2006-05-23",90.125,FALSE,NA,NA,"<= day","daily",NA,1,FALSE
"2006-05-24",90.729,FALSE,NA,NA,"<= day","daily",NA,1,FALSE
"2006-05-25",91.342,FALSE,NA,NA,"<= day","daily",NA,1,FALSE
"2006-05-26",91.646,FALSE,NA,NA,"<= day","daily",NA,1,FALSE
"2006-05-27",92.046,FALSE,NA,NA,"<= day","daily",NA,1,FALSE
"2006-05-28",92.3,FALSE,NA,NA,"<= day","daily",NA,1,FALSE
"2006-05-29",92.658,FALSE,NA,NA,"<= day","daily",NA,1,FALSE
"2006-05-30",93.067,FALSE,NA,NA,"<= day","daily",NA,1,FALSE
"2006-05-31",93.838,FALSE,NA,NA,"<= day","daily",NA,1,FALSE
"2006-06-01",93.979,FALSE,NA,NA,"<= day","daily",NA,1,FALSE
"2006-06-02",94.246,FALSE,NA,NA,"<= day","daily",NA,1,FALSE
"2006-06-03",94.767,FALSE,NA,NA,"<= day","daily",NA,1,FALSE
"2006-06-04",95.4,FALSE,NA,NA,"<= day","daily",NA,1,FALSE
"2006-06-05",95.65,FALSE,NA,NA,"<= day","daily",NA,1,FALSE
"2006-06-06",95.967,FALSE,NA,NA,"<= day","daily",NA,1,FALSE
"2006-06-07",96.425,FALSE,NA,NA,"<= day","daily",NA,1,FALSE
"2006-06-08",97.104,FALSE,NA,NA,"<= day","daily",NA,1,FALSE
"2006-06-09",97.367,FALSE,NA,NA,"<= day","daily",NA,1,FALSE
"2006-06-10",97.662,FALSE,NA,NA,"<= day","daily",NA,1,FALSE
"2006-06-11",97.925,FALSE,NA,NA,"<= day","daily",NA,1,FALSE
"2006-06-12",98.238,FALSE,NA,NA,"<= day","daily",NA,1,FALSE
"2006-06-13",98.542,FALSE,NA,NA,"<= day","daily",NA,1,FALSE
"2006-06-14",98.983,FALSE,NA,NA,"<= day","daily",NA,1,FALSE
"2006-06-15",99.408,FALSE,NA,NA,"<= day","daily",NA,1,FALSE
"2006-06-16",99.721,FALSE,NA,NA,"<= day","daily",NA,1,FALSE
"2006-06-17",100.2,FALSE,NA,NA,"<= day","daily",NA,1,FALSE
"2006-06-18",100.35,FALSE,NA,NA,"<= day","daily",NA,1,FALSE
"2006-06-19",100.258,FALSE,NA,NA,"<= day","daily",NA,1,FALSE
"2006-06-20",100.729,FALSE,NA,NA,"<= day","daily",NA,1,FALSE
"2006-06-21",101.179,FALSE,NA,NA,"<= day","daily",NA,1,FALSE
"2006-06-22",101.775,FALSE,NA,NA,"<= day","daily",NA,1,FALSE
"2006-06-23",102.188,FALSE,NA,NA,"<= day","daily",NA,1,FALSE
"2006-06-24",102.917,FALSE,NA,NA,"<= day","daily",NA,1,FALSE
"2006-06-25",103.512,FALSE,NA,NA,"<= day","daily",NA,1,FALSE
"2006-06-26",104.262,FALSE,NA,NA,"<= day","daily",NA,1,FALSE
"2006-06-27",105.058,FALSE,NA,NA,"<= day","daily",NA,1,FALSE
"2006-06-28",105.671,FALSE,NA,NA,"<= day","daily",NA,1,FALSE
"2006-06-29",106.746,FALSE,NA,NA,"<= day","daily",NA,1,FALSE
"2006-06-30",107.317,FALSE,NA,NA,"<= day","daily",NA,1,FALSE
"2006-07-01",107.921,FALSE,NA,NA,"<= day","daily",NA,1,FALSE
"2006-07-02",109.042,FALSE,NA,NA,"<= day","daily",NA,1,FALSE
"2006-07-03",109.696,FALSE,NA,NA,"<= day","daily",NA,1,FALSE
"2006-07-04",110.171,FALSE,NA,NA,"<= day","daily",NA,1,FALSE
"2006-07-05",111.054,FALSE,NA,NA,"<= day","daily",NA,1,FALSE
"2006-07-06",111.662,FALSE,NA,NA,"<= day","daily",NA,1,FALSE
"2006-07-07",112.317,FALSE,NA,NA,"<= day","daily",NA,1,FALSE
"2006-07-08",112.888,FALSE,NA,NA,"<= day","daily",NA,1,FALSE
"2006-07-09",113.508,FALSE,NA,NA,"<= day","daily",NA,1,FALSE
"2006-07-10",113.917,FALSE,NA,NA,"<= day","daily",NA,1,FALSE
"2006-07-11",114.271,FALSE,NA,NA,"<= day","daily",NA,1,FALSE
"2006-07-12",114.642,FALSE,NA,NA,"<= day","daily",NA,1,FALSE
"2006-07-13",114.988,FALSE,NA,NA,"<= day","daily",NA,1,FALSE
"2006-07-14",115.762,FALSE,NA,NA,"<= day","daily",NA,1,FALSE
"2006-07-15",115.912,FALSE,NA,NA,"<= day","daily",NA,1,FALSE
"2006-07-16",116.3,FALSE,NA,NA,"<= day","daily",NA,1,FALSE
"2006-07-17",116.675,FALSE,NA,NA,"<= day","daily",NA,1,FALSE
"2006-07-18",116.958,FALSE,NA,NA,"<= day","daily",NA,1,FALSE
"2006-07-19",117.408,FALSE,NA,NA,"<= day","daily",NA,1,FALSE
"2006-07-20",117.521,FALSE,NA,NA,"<= day","daily",NA,1,FALSE
"2006-07-21",118.125,FALSE,NA,NA,"<= day","daily",NA,1,FALSE
"2006-07-22",118.25,FALSE,NA,NA,"<= day","daily",NA,1,FALSE
"2006-07-23",118.537,FALSE,NA,NA,"<= day","daily",NA,1,FALSE
"2006-07-24",118.554,FALSE,NA,NA,"<= day","daily",NA,1,FALSE
"2006-07-25",118.842,FALSE,NA,NA,"<= day","daily",NA,1,FALSE
"2006-07-26",118.967,FALSE,NA,NA,"<= day","daily",NA,1,FALSE
"2006-07-27",119.067,FALSE,NA,NA,"<= day","daily",NA,1,FALSE
"2006-07-28",119.271,FALSE,NA,NA,"<= day","daily",NA,1,FALSE
"2006-07-29",119.429,FALSE,NA,NA,"<= day","daily",NA,1,FALSE
"2006-07-30",119.321,FALSE,NA,NA,"<= day","daily",NA,1,FALSE
"2006-07-31",119.5,FALSE,NA,NA,"<= day","daily",NA,1,FALSE
"2006-08-01",119.492,FALSE,NA,NA,"<= day","daily",NA,1,FALSE
"2006-08-02",119.242,FALSE,NA,NA,"<= day","daily",NA,1,FALSE
"2006-08-03",119.375,FALSE,NA,NA,"<= day","daily",NA,1,FALSE
"2006-08-04",119.233,FALSE,NA,NA,"<= day","daily",NA,1,FALSE
"2006-08-05",119.467,FALSE,NA,NA,"<= day","daily",NA,1,FALSE
"2006-08-06",120.1,FALSE,NA,NA,"<= day","daily",NA,1,FALSE
"2006-08-07",120.683,FALSE,NA,NA,"<= day","daily",NA,1,FALSE
"2006-08-08",122.05,FALSE,NA,NA,"<= day","daily",NA,1,FALSE
"2006-08-09",123.388,FALSE,NA,NA,"<= day","daily",NA,1,FALSE
"2006-08-10",125.262,FALSE,NA,NA,"<= day","daily",NA,1,FALSE
"2006-08-11",126.221,FALSE,NA,NA,"<= day","daily",NA,1,FALSE
"2006-08-12",127.138,FALSE,NA,NA,"<= day","daily",NA,1,FALSE
"2006-08-13",127.292,FALSE,NA,NA,"<= day","daily",NA,1,FALSE
"2006-08-14",127.683,FALSE,NA,NA,"<= day","daily",NA,1,FALSE
"2006-08-15",127.846,FALSE,NA,NA,"<= day","daily",NA,1,FALSE
"2006-08-16",127.879,FALSE,NA,NA,"<= day","daily",NA,1,FALSE
"2006-08-17",127.883,FALSE,NA,NA,"<= day","daily",NA,1,FALSE
"2006-08-18",127.658,FALSE,NA,NA,"<= day","daily",NA,1,FALSE
"2006-08-19",127.358,FALSE,NA,NA,"<= day","daily",NA,1,FALSE
"2006-08-20",126.908,FALSE,NA,NA,"<= day","daily",NA,1,FALSE
"2006-08-21",127,FALSE,NA,NA,"<= day","daily",NA,1,FALSE
"2006-08-22",126.608,FALSE,NA,NA,"<= day","daily",NA,1,FALSE
"2006-08-23",126.188,FALSE,NA,NA,"<= day","daily",NA,1,FALSE
"2006-08-24",126.262,FALSE,NA,NA,"<= day","daily",NA,1,FALSE
"2006-08-25",126.017,FALSE,NA,NA,"<= day","daily",NA,1,FALSE
"2006-08-26",125.708,FALSE,NA,NA,"<= day","daily",NA,1,FALSE
"2006-08-27",125.917,FALSE,NA,NA,"<= day","daily",NA,1,FALSE
"2006-08-28",125.85,FALSE,NA,NA,"<= day","daily",NA,1,FALSE
"2006-08-29",125.638,FALSE,NA,NA,"<= day","daily",NA,1,FALSE
"2006-08-30",125.292,FALSE,NA,NA,"<= day","daily",NA,1,FALSE
"2006-08-31",125.304,FALSE,NA,NA,"<= day","daily",NA,1,FALSE
"2006-09-01",125.529,FALSE,NA,NA,"<= day","daily",NA,1,FALSE
"2006-09-02",125.567,FALSE,NA,NA,"<= day","daily",NA,1,FALSE
"2006-09-03",126.037,FALSE,NA,NA,"<= day","daily",NA,1,FALSE
"2006-09-04",126.071,FALSE,NA,NA,"<= day","daily",NA,1,FALSE
"2006-09-05",126.067,FALSE,NA,NA,"<= day","daily",NA,1,FALSE
"2006-09-06",125.812,FALSE,NA,NA,"<= day","daily",NA,1,FALSE
"2006-09-07",125.329,FALSE,NA,NA,"<= day","daily",NA,1,FALSE
"2006-09-08",125.317,FALSE,NA,NA,"<= day","daily",NA,1,FALSE
"2006-09-09",125.088,FALSE,NA,NA,"<= day","daily",NA,1,FALSE
"2006-09-10",124.846,FALSE,NA,NA,"<= day","daily",NA,1,FALSE
"2006-09-11",124.517,FALSE,NA,NA,"<= day","daily",NA,1,FALSE
"2006-09-12",124.229,FALSE,NA,NA,"<= day","daily",NA,1,FALSE
"2006-09-13",123.767,FALSE,NA,NA,"<= day","daily",NA,1,FALSE
"2006-09-14",123.346,FALSE,NA,NA,"<= day","daily",NA,1,FALSE
"2006-09-15",123.154,FALSE,NA,NA,"<= day","daily",NA,1,FALSE
"2006-09-16",122.867,FALSE,NA,NA,"<= day","daily",NA,1,FALSE
"2006-09-17",122.512,FALSE,NA,NA,"<= day","daily",NA,1,FALSE
"2006-09-18",122.138,FALSE,NA,NA,"<= day","daily",NA,1,FALSE
"2006-09-19",121.938,FALSE,NA,NA,"<= day","daily",NA,1,FALSE
"2006-09-20",121.246,FALSE,NA,NA,"<= day","daily",NA,1,FALSE
"2006-09-21",121.167,FALSE,NA,NA,"<= day","daily",NA,1,FALSE
"2006-09-22",120.588,FALSE,NA,NA,"<= day","daily",NA,1,FALSE
"2006-09-23",120.112,FALSE,NA,NA,"<= day","daily",NA,1,FALSE
"2006-09-24",119.946,FALSE,NA,NA,"<= day","daily",NA,1,FALSE
"2006-09-25",119.483,FALSE,NA,NA,"<= day","daily",NA,1,FALSE
"2006-09-26",119.083,FALSE,NA,NA,"<= day","daily",NA,1,FALSE
"2006-09-27",118.888,FALSE,NA,NA,"<= day","daily",NA,1,FALSE
"2006-09-28",118.408,FALSE,NA,NA,"<= day","daily",NA,1,FALSE
"2006-09-29",117.996,FALSE,NA,NA,"<= day","daily",NA,1,FALSE
"2006-09-30",117.508,FALSE,NA,NA,"<= day","daily",NA,1,FALSE
"2006-10-01",117.342,FALSE,NA,NA,"<= day","daily",NA,1,FALSE
"2006-10-02",116.867,FALSE,NA,NA,"<= day","daily",NA,1,FALSE
"2006-10-03",116.446,FALSE,NA,NA,"<= day","daily",NA,1,FALSE
"2006-10-04",116.117,FALSE,NA,NA,"<= day","daily",NA,1,FALSE
"2006-10-05",115.567,FALSE,NA,NA,"<= day","daily",NA,1,FALSE
"2006-10-06",115.338,FALSE,NA,NA,"<= day","daily",NA,1,FALSE
"2006-10-07",114.896,FALSE,NA,NA,"<= day","daily",NA,1,FALSE
"2006-10-08",114.629,FALSE,NA,NA,"<= day","daily",NA,1,FALSE
"2006-10-09",114.533,FALSE,NA,NA,"<= day","daily",NA,1,FALSE
"2006-10-10",114.142,FALSE,NA,NA,"<= day","daily",NA,1,FALSE
"2006-10-11",113.729,FALSE,NA,NA,"<= day","daily",NA,1,FALSE
"2006-10-12",113.404,FALSE,NA,NA,"<= day","daily",NA,1,FALSE
"2006-10-13",113.075,FALSE,NA,NA,"<= day","daily",NA,1,FALSE
"2006-10-14",112.838,FALSE,NA,NA,"<= day","daily",NA,1,FALSE
"2006-10-15",112.704,FALSE,NA,NA,"<= day","daily",NA,1,FALSE
"2006-10-16",112.179,FALSE,NA,NA,"<= day","daily",NA,1,FALSE
"2006-10-17",111.733,FALSE,NA,NA,"<= day","daily",NA,1,FALSE
"2006-10-18",111.583,FALSE,NA,NA,"<= day","daily",NA,1,FALSE
"2006-10-19",111.175,FALSE,NA,NA,"<= day","daily",NA,1,FALSE
"2006-10-20",111.088,FALSE,NA,NA,"<= day","daily",NA,1,FALSE
"2006-10-21",110.433,FALSE,NA,NA,"<= day","daily",NA,1,FALSE
"2006-10-22",110.267,FALSE,NA,NA,"<= day","daily",NA,1,FALSE
"2006-10-23",109.975,FALSE,NA,NA,"<= day","daily",NA,1,FALSE
"2006-10-24",109.287,FALSE,NA,NA,"<= day","daily",NA,1,FALSE
"2006-10-25",109.1,FALSE,NA,NA,"<= day","daily",NA,1,FALSE
"2006-10-26",108.6,FALSE,NA,NA,"<= day","daily",NA,1,FALSE
"2006-10-27",108.283,FALSE,NA,NA,"<= day","daily",NA,1,FALSE
"2006-10-28",108.262,FALSE,NA,NA,"<= day","daily",NA,1,FALSE
"2006-10-29",107.608,FALSE,NA,NA,"<= day","daily",NA,1,FALSE
"2006-10-30",107.133,FALSE,NA,NA,"<= day","daily",NA,1,FALSE
"2006-10-31",106.929,FALSE,NA,NA,"<= day","daily",NA,1,FALSE
"2006-11-01",106.638,FALSE,NA,NA,"<= day","daily",NA,1,FALSE
"2006-11-02",106.162,FALSE,NA,NA,"<= day","daily",NA,1,FALSE
"2006-11-03",105.817,FALSE,NA,NA,"<= day","daily",NA,1,FALSE
"2006-11-04",105.483,FALSE,NA,NA,"<= day","daily",NA,1,FALSE
"2006-11-05",105.596,FALSE,NA,NA,"<= day","daily",NA,1,FALSE
"2006-11-06",104.8,FALSE,NA,NA,"<= day","daily",NA,1,FALSE
"2006-11-07",104.4,FALSE,NA,NA,"<= day","daily",NA,1,FALSE
"2006-11-08",104.308,FALSE,NA,NA,"<= day","daily",NA,1,FALSE
"2006-11-09",104.008,FALSE,NA,NA,"<= day","daily",NA,1,FALSE
"2006-11-10",103.754,FALSE,NA,NA,"<= day","daily",NA,1,FALSE
"2006-11-11",103.321,FALSE,NA,NA,"<= day","daily",NA,1,FALSE
"2006-11-12",103.071,FALSE,NA,NA,"<= day","daily",NA,1,FALSE
"2006-11-13",102.708,FALSE,NA,NA,"<= day","daily",NA,1,FALSE
"2006-11-14",102.942,FALSE,NA,NA,"<= day","daily",NA,1,FALSE
"2006-11-15",102.842,FALSE,NA,NA,"<= day","daily",NA,1,FALSE
"2006-11-16",102.4,FALSE,NA,NA,"<= day","daily",NA,1,FALSE
"2006-11-17",102.588,FALSE,NA,NA,"<= day","daily",NA,1,FALSE
"2006-11-18",102.688,FALSE,NA,NA,"<= day","daily",NA,1,FALSE
"2006-11-19",102.317,FALSE,NA,NA,"<= day","daily",NA,1,FALSE
"2006-11-20",102.188,FALSE,NA,NA,"<= day","daily",NA,1,FALSE
"2006-11-21",102,FALSE,NA,NA,"<= day","daily",NA,1,FALSE
"2006-11-22",101.671,FALSE,NA,NA,"<= day","daily",NA,1,FALSE
"2006-11-23",101.604,FALSE,NA,NA,"<= day","daily",NA,1,FALSE
"2006-11-24",101.621,FALSE,NA,NA,"<= day","daily",NA,1,FALSE
"2006-11-25",101.542,FALSE,NA,NA,"<= day","daily",NA,1,FALSE
"2006-11-26",100.938,FALSE,NA,NA,"<= day","daily",NA,1,FALSE
"2006-11-27",100.667,FALSE,NA,NA,"<= day","daily",NA,1,FALSE
"2006-11-28",100.429,FALSE,NA,NA,"<= day","daily",NA,1,FALSE
"2006-11-29",100.308,FALSE,NA,NA,"<= day","daily",NA,1,FALSE
"2006-11-30",99.825,FALSE,NA,NA,"<= day","daily",NA,1,FALSE
"2006-12-01",99.775,FALSE,NA,NA,"<= day","daily",NA,1,FALSE
"2006-12-02",99.267,FALSE,NA,NA,"<= day","daily",NA,1,FALSE
"2006-12-03",98.883,FALSE,NA,NA,"<= day","daily",NA,1,FALSE
"2006-12-04",98.896,FALSE,NA,NA,"<= day","daily",NA,1,FALSE
"2006-12-05",98.45,FALSE,NA,NA,"<= day","daily",NA,1,FALSE
"2006-12-06",98.104,FALSE,NA,NA,"<= day","daily",NA,1,FALSE
"2006-12-07",97.888,FALSE,NA,NA,"<= day","daily",NA,1,FALSE
"2006-12-08",97.804,FALSE,NA,NA,"<= day","daily",NA,1,FALSE
"2006-12-09",97.583,FALSE,NA,NA,"<= day","daily",NA,1,FALSE
"2006-12-10",97.304,FALSE,NA,NA,"<= day","daily",NA,1,FALSE
"2006-12-11",97.188,FALSE,NA,NA,"<= day","daily",NA,1,FALSE
"2006-12-12",96.858,FALSE,NA,NA,"<= day","daily",NA,1,FALSE
"2006-12-13",96.417,FALSE,NA,NA,"<= day","daily",NA,1,FALSE
"2006-12-14",96.25,FALSE,NA,NA,"<= day","daily",NA,1,FALSE
"2006-12-15",96.188,FALSE,NA,NA,"<= day","daily",NA,1,FALSE
"2006-12-16",95.912,FALSE,NA,NA,"<= day","daily",NA,1,FALSE
"2006-12-17",95.738,FALSE,NA,NA,"<= day","daily",NA,1,FALSE
"2006-12-18",95.4,FALSE,NA,NA,"<= day","daily",NA,2,TRUE
"2006-12-19",95.3,FALSE,NA,NA,"<= day","daily",NA,2,TRUE
"2006-12-20",94.925,FALSE,NA,NA,"<= day","daily",NA,2,TRUE
"2006-12-21",94.733,FALSE,NA,NA,"<= day","daily",NA,2,TRUE
"2006-12-22",94.438,FALSE,NA,NA,"<= day","daily",NA,2,TRUE
"2006-12-23",94.067,FALSE,NA,NA,"<= day","daily",NA,2,TRUE
"2006-12-24",94.008,FALSE,NA,NA,"<= day","daily",NA,2,TRUE
"2006-12-25",93.842,FALSE,NA,NA,"<= day","daily",NA,2,TRUE
"2006-12-26",93.583,FALSE,NA,NA,"<= day","daily",NA,2,TRUE
"2006-12-27",93.283,FALSE,NA,NA,"<= day","daily",NA,2,TRUE
"2006-12-28",93.158,FALSE,NA,NA,"<= day","daily",NA,2,TRUE
"2006-12-29",93.05,FALSE,NA,NA,"<= day","daily",NA,2,TRUE
"2006-12-30",92.525,FALSE,NA,NA,"<= day","daily",NA,2,TRUE
"2006-12-31",92.317,FALSE,NA,NA,"<= day","daily",NA,2,TRUE
"2007-01-01",92.088,FALSE,NA,NA,"<= day","daily",NA,2,TRUE
"2007-01-02",91.787,FALSE,NA,NA,"<= day","daily",NA,2,TRUE
"2007-01-03",91.492,FALSE,NA,NA,"<= day","daily",NA,2,TRUE
"2007-01-04",91.533,FALSE,NA,NA,"<= day","daily",NA,2,TRUE
"2007-01-05",91.021,FALSE,NA,NA,"<= day","daily",NA,2,TRUE
"2007-01-06",90.792,FALSE,NA,NA,"<= day","daily",NA,2,TRUE
"2007-01-07",90.617,FALSE,NA,NA,"<= day","daily",NA,2,TRUE
"2007-01-08",90.471,FALSE,NA,NA,"<= day","daily",NA,2,TRUE
"2007-01-09",90.312,FALSE,NA,NA,"<= day","daily",NA,2,TRUE
"2007-01-10",90.079,FALSE,NA,NA,"<= day","daily",NA,2,TRUE
"2007-01-11",89.708,FALSE,NA,NA,"<= day","daily",NA,2,TRUE
"2007-01-12",89.55,FALSE,NA,NA,"<= day","daily",NA,2,TRUE
"2007-01-13",89.438,FALSE,NA,NA,"<= day","daily",NA,2,TRUE
"2007-01-14",89.162,FALSE,NA,NA,"<= day","daily",NA,2,TRUE
"2007-01-15",89.004,FALSE,NA,NA,"<= day","daily",NA,2,TRUE
"2007-01-16",89.379,FALSE,NA,NA,"<= day","daily",NA,2,TRUE
"2007-01-17",88.775,FALSE,NA,NA,"<= day","daily",NA,2,TRUE
"2007-01-18",88.508,FALSE,NA,NA,"<= day","daily",NA,2,TRUE
"2007-01-19",88.567,FALSE,NA,NA,"<= day","daily",NA,2,TRUE
"2007-01-20",88.271,FALSE,NA,NA,"<= day","daily",NA,2,TRUE
"2007-01-21",88.192,FALSE,NA,NA,"<= day","daily",NA,2,TRUE
"2007-01-22",88.092,FALSE,NA,NA,"<= day","daily",NA,2,TRUE
"2007-01-23",88.017,FALSE,NA,NA,"<= day","daily",NA,2,TRUE
"2007-01-24",88.067,FALSE,NA,NA,"<= day","daily",NA,2,TRUE
"2007-01-25",87.933,FALSE,NA,NA,"<= day","daily",NA,2,TRUE
"2007-01-26",87.608,FALSE,NA,NA,"<= day","daily",NA,2,TRUE
"2007-01-27",87.417,FALSE,NA,NA,"<= day","daily",NA,2,TRUE
"2007-01-28",87.242,FALSE,NA,NA,"<= day","daily",NA,2,TRUE
"2007-01-29",87.171,FALSE,NA,NA,"<= day","daily",NA,2,TRUE
"2007-01-30",86.871,FALSE,NA,NA,"<= day","daily",NA,2,TRUE
"2007-01-31",86.667,FALSE,NA,NA,"<= day","daily",NA,2,TRUE
"2007-02-01",86.246,FALSE,NA,NA,"<= day","daily",NA,2,TRUE
"2007-02-02",86.254,FALSE,NA,NA,"<= day","daily",NA,2,TRUE
"2007-02-03",85.979,FALSE,NA,NA,"<= day","daily",NA,2,TRUE
"2007-02-04",85.838,FALSE,NA,NA,"<= day","daily",NA,2,TRUE
"2007-02-05",85.575,FALSE,NA,NA,"<= day","daily",NA,2,TRUE
"2007-02-06",85.608,FALSE,NA,NA,"<= day","daily",NA,2,TRUE
"2007-02-07",85.308,FALSE,NA,NA,"<= day","daily",NA,2,TRUE
"2007-02-08",85.171,FALSE,NA,NA,"<= day","daily",NA,2,TRUE
"2007-02-09",85.042,FALSE,NA,NA,"<= day","daily",NA,2,TRUE
"2007-02-10",84.867,FALSE,NA,NA,"<= day","daily",NA,2,TRUE
"2007-02-11",84.646,FALSE,NA,NA,"<= day","daily",NA,2,TRUE
"2007-02-12",84.208,FALSE,NA,NA,"<= day","daily",NA,2,TRUE
"2007-02-13",83.958,FALSE,NA,NA,"<= day","daily",NA,2,TRUE
"2007-02-14",83.7,FALSE,NA,NA,"<= day","daily",NA,2,TRUE
"2007-02-15",83.592,FALSE,NA,NA,"<= day","daily",NA,2,TRUE
"2007-02-16",83.188,FALSE,NA,NA,"<= day","daily",NA,2,TRUE
"2007-02-17",83.071,FALSE,NA,NA,"<= day","daily",NA,2,TRUE
"2007-02-18",82.942,FALSE,NA,NA,"<= day","daily",NA,2,TRUE
"2007-02-19",82.629,FALSE,NA,NA,"<= day","daily",NA,2,TRUE
"2007-02-20",82.675,FALSE,NA,NA,"<= day","daily",NA,2,TRUE
"2007-02-21",82.412,FALSE,NA,NA,"<= day","daily",NA,2,TRUE
"2007-02-22",82.367,FALSE,NA,NA,"<= day","daily",NA,2,TRUE
"2010-01-12",82.108,FALSE,NA,NA,"<= day","daily",NA,2,TRUE
"2010-01-13",81.946,FALSE,NA,NA,"<= day","daily",NA,2,TRUE
"2010-01-14",81.933,FALSE,NA,NA,"<= day","daily",NA,2,TRUE
"2010-01-15",81.417,FALSE,NA,NA,"<= day","daily",NA,2,TRUE
"2010-01-16",81.017,FALSE,NA,NA,"<= day","daily",NA,2,TRUE
"2010-01-17",80.942,FALSE,NA,NA,"<= day","daily",NA,2,TRUE
"2010-01-18",80.858,FALSE,NA,NA,"<= day","daily",NA,2,TRUE
"2010-01-19",80.708,FALSE,NA,NA,"<= day","daily",NA,2,TRUE
"2010-01-20",80.175,FALSE,NA,NA,"<= day","daily",NA,2,TRUE
"2010-01-21",80.017,FALSE,NA,NA,"<= day","daily",NA,2,TRUE
"2010-01-22",79.938,FALSE,NA,NA,"<= day","daily",NA,2,TRUE
"2010-01-23",79.621,FALSE,NA,NA,"<= day","daily",NA,2,TRUE
"2010-01-24",79.242,FALSE,NA,NA,"<= day","daily",NA,2,TRUE
"2010-01-25",79.058,FALSE,NA,NA,"<= day","daily",NA,2,TRUE
"2010-01-26",78.975,FALSE,NA,NA,"<= day","daily",NA,2,TRUE
"2010-01-27",78.529,FALSE,NA,NA,"<= day","daily",NA,2,TRUE
"2010-01-28",78.454,FALSE,NA,NA,"<= day","daily",NA,2,TRUE
"2010-01-29",78.25,FALSE,NA,NA,"<= day","daily",NA,2,TRUE
"2010-01-30",77.992,FALSE,NA,NA,"<= day","daily",NA,2,TRUE
"2010-01-31",77.871,FALSE,NA,NA,"<= day","daily",NA,2,TRUE
"2010-02-01",77.379,FALSE,NA,NA,"<= day","daily",NA,2,TRUE
"2010-02-02",77.025,FALSE,NA,NA,"<= day","daily",NA,2,TRUE
"2010-02-03",76.946,FALSE,NA,NA,"<= day","daily",NA,2,TRUE
"2010-02-04",76.829,FALSE,NA,NA,"<= day","daily",NA,2,TRUE
"2010-02-05",76.504,FALSE,NA,NA,"<= day","daily",NA,2,TRUE
"2010-02-06",75.983,FALSE,NA,NA,"<= day","daily",NA,2,TRUE
"2010-02-07",75.963,FALSE,NA,NA,"<= day","daily",NA,2,TRUE
"2010-02-08",75.95,FALSE,NA,NA,"<= day","daily",NA,2,TRUE
"2010-02-09",75.883,FALSE,NA,NA,"<= day","daily",NA,2,TRUE
"2010-02-10",75.242,FALSE,NA,NA,"<= day","daily",NA,2,TRUE
"2010-02-11",74.779,FALSE,NA,NA,"<= day","daily",NA,2,TRUE
"2010-02-12",74.142,FALSE,NA,NA,"<= day","daily",NA,2,TRUE
"2010-02-13",74.012,FALSE,NA,NA,"<= day","daily",NA,2,TRUE
"2010-02-14",74.292,FALSE,NA,NA,"<= day","daily",NA,2,TRUE
"2010-02-15",73.938,FALSE,NA,NA,"<= day","daily",NA,2,TRUE
"2010-02-16",73.875,FALSE,NA,NA,"<= day","daily",NA,2,TRUE
"2010-02-17",73.858,FALSE,NA,NA,"<= day","daily",NA,2,TRUE
"2010-02-18",73.508,FALSE,NA,NA,"<= day","daily",NA,2,TRUE
"2010-02-19",73.054,FALSE,NA,NA,"<= day","daily",NA,2,TRUE
"2010-02-20",72.967,FALSE,NA,NA,"<= day","daily",NA,2,TRUE
"2010-02-21",72.979,FALSE,NA,NA,"<= day","daily",NA,2,TRUE
"2010-02-22",72.629,FALSE,NA,NA,"<= day","daily",NA,2,TRUE
"2010-02-23",72.358,FALSE,NA,NA,"<= day","daily",NA,2,TRUE
"2010-02-24",71.967,FALSE,NA,NA,"<= day","daily",NA,2,TRUE
"2010-02-25",72.183,FALSE,NA,NA,"<= day","daily",NA,2,TRUE
"2010-02-26",71.975,FALSE,NA,NA,"<= day","daily",NA,2,TRUE
"2010-02-27",71.896,FALSE,NA,NA,"<= day","daily",NA,2,TRUE
"2010-02-28",71.654,FALSE,NA,NA,"<= day","daily",NA,2,TRUE
"2010-03-01",71.217,FALSE,NA,NA,"<= day","daily",NA,2,TRUE
"2010-03-02",70.967,FALSE,NA,NA,"<= day","daily",NA,2,TRUE
"2010-03-03",70.787,FALSE,NA,NA,"<= day","daily",NA,2,TRUE
"2010-03-04",71.092,FALSE,NA,NA,"<= day","daily",NA,2,TRUE
"2010-03-05",70.812,FALSE,NA,NA,"<= day","daily",NA,2,TRUE
"2010-03-06",70.075,FALSE,NA,NA,"<= day","daily",NA,2,TRUE
"2010-03-07",69.971,FALSE,NA,NA,"<= day","daily",NA,2,TRUE
"2010-03-08",70,FALSE,NA,NA,"<= day","daily",NA,2,TRUE
"2010-03-09",69.942,FALSE,NA,NA,"<= day","daily",NA,2,TRUE
"2010-03-10",69.729,FALSE,NA,NA,"<= day","daily",NA,2,TRUE
"2010-03-11",69.696,FALSE,NA,NA,"<= day","daily",NA,2,TRUE
"2010-03-12",69.096,FALSE,NA,NA,"<= day","daily",NA,2,TRUE
"2010-03-13",68.883,FALSE,NA,NA,"<= day","daily",NA,2,TRUE
"2010-03-14",69.042,FALSE,NA,NA,"<= day","daily",NA,2,TRUE
"2010-03-15",69.012,FALSE,NA,NA,"<= day","daily",NA,2,TRUE
"2010-03-16",68.75,FALSE,NA,NA,"<= day","daily",NA,2,TRUE
"2010-03-17",68.304,FALSE,NA,NA,"<= day","daily",NA,2,TRUE
"2010-03-18",68.121,FALSE,NA,NA,"<= day","daily",NA,2,TRUE
"2010-03-19",68.033,FALSE,NA,NA,"<= day","daily",NA,2,TRUE
"2010-03-20",68,FALSE,NA,NA,"<= day","daily",NA,2,TRUE
"2010-03-21",68.258,FALSE,NA,NA,"<= day","daily",NA,2,TRUE
"2010-03-22",68.021,FALSE,NA,NA,"<= day","daily",NA,2,TRUE
"2010-03-23",67.529,FALSE,NA,NA,"<= day","daily",NA,2,TRUE
"2010-03-24",67.183,FALSE,NA,NA,"<= day","daily",NA,2,TRUE
"2010-03-25",67.246,FALSE,NA,NA,"<= day","daily",NA,2,TRUE
"2010-03-26",67.662,FALSE,NA,NA,"<= day","daily",NA,2,TRUE
"2010-03-27",67.608,FALSE,NA,NA,"<= day","daily",NA,2,TRUE
"2010-03-28",67.55,FALSE,NA,NA,"<= day","daily",NA,2,TRUE
"2010-03-29",67.646,FALSE,NA,NA,"<= day","daily",NA,2,TRUE
"2010-03-30",67.588,FALSE,NA,NA,"<= day","daily",NA,2,TRUE
"2010-03-31",67.421,FALSE,NA,NA,"<= day","daily",NA,2,TRUE
"2010-04-01",67.367,FALSE,NA,NA,"<= day","daily",NA,2,TRUE
"2010-04-02",67.483,FALSE,NA,NA,"<= day","daily",NA,2,TRUE
"2010-04-03",67.204,FALSE,NA,NA,"<= day","daily",NA,2,TRUE
"2010-04-04",67,FALSE,NA,NA,"<= day","daily",NA,2,TRUE
"2010-04-05",66.963,FALSE,NA,NA,"<= day","daily",NA,2,TRUE
"2010-04-06",66.954,FALSE,NA,NA,"<= day","daily",NA,2,TRUE
"2010-04-07",66.983,FALSE,NA,NA,"<= day","daily",NA,2,TRUE
"2010-04-08",66.675,FALSE,NA,NA,"<= day","daily",NA,2,TRUE
"2010-04-09",66.783,FALSE,NA,NA,"<= day","daily",NA,2,TRUE
"2010-04-10",66.762,FALSE,NA,NA,"<= day","daily",NA,2,TRUE
"2010-04-11",66.9,FALSE,NA,NA,"<= day","daily",NA,2,TRUE
"2010-04-12",66.546,FALSE,NA,NA,"<= day","daily",NA,2,TRUE
"2010-04-13",66.971,FALSE,NA,NA,"<= day","daily",NA,2,TRUE
"2010-04-14",66.983,FALSE,NA,NA,"<= day","daily",NA,2,TRUE
"2010-04-15",66.333,FALSE,NA,NA,"<= day","daily",NA,2,TRUE
"2010-04-16",66.717,FALSE,NA,NA,"<= day","daily",NA,2,TRUE
"2010-04-17",66.621,FALSE,NA,NA,"<= day","daily",NA,2,TRUE
"2010-04-18",66.571,FALSE,NA,NA,"<= day","daily",NA,2,TRUE
"2010-04-19",66.392,FALSE,NA,NA,"<= day","daily",NA,2,TRUE
"2010-04-20",66.008,FALSE,NA,NA,"<= day","daily",NA,2,TRUE
"2010-04-21",66.05,FALSE,NA,NA,"<= day","daily",NA,2,TRUE
"2010-04-22",66.021,FALSE,NA,NA,"<= day","daily",NA,2,TRUE
"2010-04-23",66.025,FALSE,NA,NA,"<= day","daily",NA,2,TRUE
"2010-04-24",66.104,FALSE,NA,NA,"<= day","daily",NA,2,TRUE
"2010-04-25",66.088,FALSE,NA,NA,"<= day","daily",NA,2,TRUE
"2010-04-26",66.017,FALSE,NA,NA,"<= day","daily",NA,2,TRUE
"2010-04-27",66.037,FALSE,NA,NA,"<= day","daily",NA,2,TRUE
"2010-04-28",66.046,FALSE,NA,NA,"<= day","daily",NA,2,TRUE
"2010-04-29",66.192,FALSE,NA,NA,"<= day","daily",NA,2,TRUE
"2010-04-30",66.283,FALSE,NA,NA,"<= day","daily",NA,2,TRUE
"2010-05-01",66.808,FALSE,NA,NA,"<= day","daily",NA,2,TRUE
"2010-05-02",66.733,FALSE,NA,NA,"<= day","daily",NA,2,TRUE
"2010-05-03",66.633,FALSE,NA,NA,"<= day","daily",NA,2,TRUE
"2010-05-04",66.571,FALSE,NA,NA,"<= day","daily",NA,2,TRUE
"2010-05-05",66.992,FALSE,NA,NA,"<= day","daily",NA,2,TRUE
"2010-05-06",67.208,FALSE,NA,NA,"<= day","daily",NA,2,TRUE
"2010-05-07",67,FALSE,NA,NA,"<= day","daily",NA,2,TRUE
"2010-05-08",67,FALSE,NA,NA,"<= day","daily",NA,2,TRUE
"2010-05-09",67.004,FALSE,NA,NA,"<= day","daily",NA,2,TRUE
"2010-05-10",66.967,FALSE,NA,NA,"<= day","daily",NA,2,TRUE
"2010-05-11",67.129,FALSE,NA,NA,"<= day","daily",NA,2,TRUE
"2010-05-12",67.092,FALSE,NA,NA,"<= day","daily",NA,2,TRUE
"2010-05-13",66.971,FALSE,NA,NA,"<= day","daily",NA,2,TRUE
"2010-05-14",67.012,FALSE,NA,NA,"<= day","daily",NA,2,TRUE
"2010-05-15",67,FALSE,NA,NA,"<= day","daily",NA,2,TRUE
"2010-05-16",67.454,FALSE,NA,NA,"<= day","daily",NA,2,TRUE
"2010-05-17",67.708,FALSE,NA,NA,"<= day","daily",NA,2,TRUE
"2010-05-18",67.754,FALSE,NA,NA,"<= day","daily",NA,2,TRUE
"2010-05-19",68.108,FALSE,NA,NA,"<= day","daily",NA,2,TRUE
"2010-05-20",68.275,FALSE,NA,NA,"<= day","daily",NA,2,TRUE
"2010-05-21",68.938,FALSE,NA,NA,"<= day","daily",NA,2,TRUE
"2010-05-22",68.838,FALSE,NA,NA,"<= day","daily",NA,2,TRUE
"2010-05-23",69.267,FALSE,NA,NA,"<= day","daily",NA,2,TRUE
"2010-05-24",69.125,FALSE,NA,NA,"<= day","daily",NA,2,TRUE
"2010-05-25",69.221,FALSE,NA,NA,"<= day","daily",NA,2,TRUE
"2010-05-26",70.029,FALSE,NA,NA,"<= day","daily",NA,2,TRUE
"2010-05-27",70.312,FALSE,NA,NA,"<= day","daily",NA,2,TRUE
"2010-05-28",70.629,FALSE,NA,NA,"<= day","daily",NA,2,TRUE
"2010-05-29",71.004,FALSE,NA,NA,"<= day","daily",NA,2,TRUE
"2010-05-30",71.179,FALSE,NA,NA,"<= day","daily",NA,2,TRUE
"2010-05-31",71.862,FALSE,NA,NA,"<= day","daily",NA,2,TRUE
"2010-06-01",72.162,FALSE,NA,NA,"<= day","daily",NA,2,TRUE
"2010-06-02",72.933,FALSE,NA,NA,"<= day","daily",NA,2,TRUE
"2010-06-03",73.254,FALSE,NA,NA,"<= day","daily",NA,2,TRUE
"2010-06-04",74.05,FALSE,NA,NA,"<= day","daily",NA,2,TRUE
"2010-06-05",75.125,FALSE,NA,NA,"<= day","daily",NA,2,TRUE
"2010-06-06",76.325,FALSE,NA,NA,"<= day","daily",NA,2,TRUE
"2010-06-07",77.154,FALSE,NA,NA,"<= day","daily",NA,2,TRUE
"2010-06-08",77.958,FALSE,NA,NA,"<= day","daily",NA,2,TRUE
"2010-06-09",79.271,FALSE,NA,NA,"<= day","daily",NA,2,TRUE
"2010-06-10",79.908,FALSE,NA,NA,"<= day","daily",NA,2,TRUE
"2010-06-11",80.75,FALSE,NA,NA,"<= day","daily",NA,2,TRUE
"2010-06-12",81.667,FALSE,NA,NA,"<= day","daily",NA,2,TRUE
"2010-06-13",81.633,FALSE,NA,NA,"<= day","daily",NA,2,TRUE
"2010-06-14",82.1,FALSE,NA,NA,"<= day","daily",NA,2,TRUE
"2010-06-15",83.012,FALSE,NA,NA,"<= day","daily",NA,2,TRUE
"2010-06-16",83.1,FALSE,NA,NA,"<= day","daily",NA,2,TRUE
"2010-06-17",83.879,FALSE,NA,NA,"<= day","daily",NA,2,TRUE
"2010-06-18",83.946,FALSE,NA,NA,"<= day","daily",NA,2,TRUE
"2010-06-19",84.246,FALSE,NA,NA,"<= day","daily",NA,2,TRUE
"2010-06-20",84.383,FALSE,NA,NA,"<= day","daily",NA,2,TRUE
"2010-06-21",85.129,FALSE,NA,NA,"<= day","daily",NA,2,TRUE
"2010-06-22",85.262,FALSE,NA,NA,"<= day","daily",NA,2,TRUE
"2010-06-23",86.262,FALSE,NA,NA,"<= day","daily",NA,2,TRUE
"2010-06-24",87.5,FALSE,NA,NA,"<= day","daily",NA,2,TRUE
"2010-06-25",87.992,FALSE,NA,NA,"<= day","daily",NA,2,TRUE
"2010-06-26",88.488,FALSE,NA,NA,"<= day","daily",NA,2,TRUE
"2010-06-27",88.917,FALSE,NA,NA,"<= day","daily",NA,2,TRUE
"2010-06-28",89.683,FALSE,NA,NA,"<= day","daily",NA,2,TRUE
"2010-06-29",89.992,FALSE,NA,NA,"<= day","daily",NA,2,TRUE
"2010-06-30",90.046,FALSE,NA,NA,"<= day","daily",NA,2,TRUE
"2010-07-01",90.921,FALSE,NA,NA,"<= day","daily",NA,2,TRUE
"2010-07-02",90.996,FALSE,NA,NA,"<= day","daily",NA,2,TRUE
"2010-07-03",91.133,FALSE,NA,NA,"<= day","daily",NA,2,TRUE
"2010-07-04",91.262,FALSE,NA,NA,"<= day","daily",NA,2,TRUE
"2010-07-05",92.233,FALSE,NA,NA,"<= day","daily",NA,2,TRUE
"2010-07-06",92,FALSE,NA,NA,"<= day","daily",NA,2,TRUE
"2010-07-07",92.537,FALSE,NA,NA,"<= day","daily",NA,2,TRUE
"2010-07-08",93.138,FALSE,NA,NA,"<= day","daily",NA,2,TRUE
"2010-07-09",93.2,FALSE,NA,NA,"<= day","daily",NA,2,TRUE
"2010-07-10",93.608,FALSE,NA,NA,"<= day","daily",NA,2,TRUE
"2010-07-11",94.054,FALSE,NA,NA,"<= day","daily",NA,2,TRUE
"2010-07-12",94.146,FALSE,NA,NA,"<= day","daily",NA,2,TRUE
"2010-07-13",94.454,FALSE,NA,NA,"<= day","daily",NA,2,TRUE
"2010-07-14",95.05,FALSE,NA,NA,"<= day","daily",NA,2,TRUE
"2010-07-15",95.146,FALSE,NA,NA,"<= day","daily",NA,2,TRUE
"2010-07-16",95.079,FALSE,NA,NA,"<= day","daily",NA,2,TRUE
"2010-07-17",95.221,FALSE,NA,NA,"<= day","daily",NA,2,TRUE
"2010-07-18",95.688,FALSE,NA,NA,"<= day","daily",NA,2,TRUE
"2010-07-19",95.733,FALSE,NA,NA,"<= day","daily",NA,2,TRUE
"2010-07-20",96.588,FALSE,NA,NA,"<= day","daily",NA,2,TRUE
"2010-07-21",97.033,FALSE,NA,NA,"<= day","daily",NA,2,TRUE
"2010-07-22",97.762,FALSE,NA,NA,"<= day","daily",NA,2,TRUE
"2010-07-23",98.729,FALSE,NA,NA,"<= day","daily",NA,2,TRUE
"2010-07-24",98.9,FALSE,NA,NA,"<= day","daily",NA,2,TRUE
"2010-07-25",99.292,FALSE,NA,NA,"<= day","daily",NA,2,TRUE
"2010-07-26",100.375,FALSE,NA,NA,"<= day","daily",NA,2,TRUE
"2010-07-27",101.833,FALSE,NA,NA,"<= day","daily",NA,2,TRUE
"2010-07-28",103.183,FALSE,NA,NA,"<= day","daily",NA,2,TRUE
"2010-07-29",104.017,FALSE,NA,NA,"<= day","daily",NA,2,TRUE
"2010-07-30",104.571,FALSE,NA,NA,"<= day","daily",NA,2,TRUE
"2010-07-31",105.233,FALSE,NA,NA,"<= day","daily",NA,2,TRUE
"2010-08-01",105.688,FALSE,NA,NA,"<= day","daily",NA,2,TRUE
"2010-08-02",106.208,FALSE,NA,NA,"<= day","daily",NA,2,TRUE
"2010-08-03",106.017,FALSE,NA,NA,"<= day","daily",NA,2,TRUE
"2010-08-04",106.925,FALSE,NA,NA,"<= day","daily",NA,2,TRUE
"2010-08-05",107.008,FALSE,NA,NA,"<= day","daily",NA,2,TRUE
"2010-08-06",107.854,FALSE,NA,NA,"<= day","daily",NA,2,TRUE
"2010-08-07",108.471,FALSE,NA,NA,"<= day","daily",NA,2,TRUE
"2010-08-08",109.408,FALSE,NA,NA,"<= day","daily",NA,2,TRUE
"2010-08-09",111.1,FALSE,NA,NA,"<= day","daily",NA,2,TRUE
"2010-08-10",111.696,FALSE,NA,NA,"<= day","daily",NA,2,TRUE
"2010-08-11",112.417,FALSE,NA,NA,"<= day","daily",NA,2,TRUE
"2010-08-12",112.667,FALSE,NA,NA,"<= day","daily",NA,2,TRUE
"2010-08-13",113.112,FALSE,NA,NA,"<= day","daily",NA,2,TRUE
"2010-08-14",113.271,FALSE,NA,NA,"<= day","daily",NA,2,TRUE
"2010-08-15",113.904,FALSE,NA,NA,"<= day","daily",NA,2,TRUE
"2010-08-16",113.896,FALSE,NA,NA,"<= day","daily",NA,2,TRUE
"2010-08-17",113.933,FALSE,NA,NA,"<= day","daily",NA,2,TRUE
"2010-08-18",113.975,FALSE,NA,NA,"<= day","daily",NA,2,TRUE
"2010-08-19",114.008,FALSE,NA,NA,"<= day","daily",NA,2,TRUE
"2010-08-20",113.996,FALSE,NA,NA,"<= day","daily",NA,2,TRUE
"2010-08-21",113.954,FALSE,NA,NA,"<= day","daily",NA,2,TRUE
"2010-08-22",113.821,FALSE,NA,NA,"<= day","daily",NA,2,TRUE
"2010-08-23",113.571,FALSE,NA,NA,"<= day","daily",NA,2,TRUE
"2010-08-24",113.454,FALSE,NA,NA,"<= day","daily",NA,2,TRUE
"2010-08-25",113.242,FALSE,NA,NA,"<= day","daily",NA,2,TRUE
"2010-08-26",113,FALSE,NA,NA,"<= day","daily",NA,2,TRUE
"2010-08-27",112.95,FALSE,NA,NA,"<= day","daily",NA,2,TRUE
"2010-08-28",112.963,FALSE,NA,NA,"<= day","daily",NA,2,TRUE
"2010-08-29",112.971,FALSE,NA,NA,"<= day","daily",NA,2,TRUE
"2010-08-30",113.004,FALSE,NA,NA,"<= day","daily",NA,2,TRUE
"2010-08-31",113.342,FALSE,NA,NA,"<= day","daily",NA,2,TRUE
"2010-09-01",113.692,FALSE,NA,NA,"<= day","daily",NA,2,TRUE
"2010-09-02",114.338,FALSE,NA,NA,"<= day","daily",NA,2,TRUE
"2010-09-03",115.638,FALSE,NA,NA,"<= day","daily",NA,2,TRUE
"2010-09-04",116.408,FALSE,NA,NA,"<= day","daily",NA,2,TRUE
"2010-09-05",117.517,FALSE,NA,NA,"<= day","daily",NA,2,TRUE
"2010-09-06",117.933,FALSE,NA,NA,"<= day","daily",NA,2,TRUE
"2010-09-07",118.158,FALSE,NA,NA,"<= day","daily",NA,2,TRUE
"2010-09-08",118.333,FALSE,NA,NA,"<= day","daily",NA,2,TRUE
"2010-09-09",118.275,FALSE,NA,NA,"<= day","daily",NA,2,TRUE
"2010-09-10",118.379,FALSE,NA,NA,"<= day","daily",NA,2,TRUE
"2010-09-11",118.192,FALSE,NA,NA,"<= day","daily",NA,2,TRUE
"2010-09-12",117.883,FALSE,NA,NA,"<= day","daily",NA,2,TRUE
"2010-09-13",117.683,FALSE,NA,NA,"<= day","daily",NA,2,TRUE
"2010-09-14",117.162,FALSE,NA,NA,"<= day","daily",NA,2,TRUE
"2010-09-15",116.996,FALSE,NA,NA,"<= day","daily",NA,2,TRUE
"2010-09-16",116.912,FALSE,NA,NA,"<= day","daily",NA,2,TRUE
"2010-09-17",116.871,FALSE,NA,NA,"<= day","daily",NA,2,TRUE
"2010-09-18",116.55,FALSE,NA,NA,"<= day","daily",NA,2,TRUE
"2010-09-19",116.158,FALSE,NA,NA,"<= day","daily",NA,2,TRUE
"2010-09-20",115.95,FALSE,NA,NA,"<= day","daily",NA,2,TRUE
"2010-09-21",115.912,FALSE,NA,NA,"<= day","daily",NA,2,TRUE
"2010-09-22",115.829,FALSE,NA,NA,"<= day","daily",NA,2,TRUE
"2010-09-23",115.367,FALSE,NA,NA,"<= day","daily",NA,2,TRUE
"2010-09-24",115.183,FALSE,NA,NA,"<= day","daily",NA,2,TRUE
"2010-09-25",115.167,FALSE,NA,NA,"<= day","daily",NA,2,TRUE
"2010-09-26",114.9,FALSE,NA,NA,"<= day","daily",NA,2,TRUE
"2010-09-27",114.667,FALSE,NA,NA,"<= day","daily",NA,2,TRUE
"2010-09-28",114.367,FALSE,NA,NA,"<= day","daily",NA,2,TRUE
"2010-09-29",114.275,FALSE,NA,NA,"<= day","daily",NA,2,TRUE
"2010-09-30",114.225,FALSE,NA,NA,"<= day","daily",NA,2,TRUE
"2010-10-01",114.171,FALSE,NA,NA,"<= day","daily",NA,2,TRUE
"2010-10-02",113.929,FALSE,NA,NA,"<= day","daily",NA,2,TRUE
"2010-10-03",113.662,FALSE,NA,NA,"<= day","daily",NA,2,TRUE
"2010-10-04",113.358,FALSE,NA,NA,"<= day","daily",NA,2,TRUE
"2010-10-05",113.062,FALSE,NA,NA,"<= day","daily",NA,2,TRUE
"2010-10-06",112.792,FALSE,NA,NA,"<= day","daily",NA,2,TRUE
"2010-10-07",112.208,FALSE,NA,NA,"<= day","daily",NA,2,TRUE
"2010-10-08",112.096,FALSE,NA,NA,"<= day","daily",NA,2,TRUE
"2010-10-09",111.625,FALSE,NA,NA,"<= day","daily",NA,2,TRUE
"2010-10-10",111.083,FALSE,NA,NA,"<= day","daily",NA,2,TRUE
"2010-10-11",110.792,FALSE,NA,NA,"<= day","daily",NA,2,TRUE
"2010-10-12",110.321,FALSE,NA,NA,"<= day","daily",NA,2,TRUE
"2010-10-13",109.95,FALSE,NA,NA,"<= day","daily",NA,2,TRUE
"2010-10-14",109.625,FALSE,NA,NA,"<= day","daily",NA,2,TRUE
"2010-10-15",109.062,FALSE,NA,NA,"<= day","daily",NA,2,TRUE
"2010-10-16",108.867,FALSE,NA,NA,"<= day","daily",NA,2,TRUE
"2010-10-17",108.425,FALSE,NA,NA,"<= day","daily",NA,2,TRUE
"2010-10-18",107.958,FALSE,NA,NA,"<= day","daily",NA,2,TRUE
"2010-10-19",107.317,FALSE,NA,NA,"<= day","daily",NA,2,TRUE
"2010-10-20",107.054,FALSE,NA,NA,"<= day","daily",NA,2,TRUE
"2010-10-21",106.183,FALSE,NA,NA,"<= day","daily",NA,2,TRUE
"2010-10-22",106.954,FALSE,NA,NA,"<= day","daily",NA,2,TRUE
"2010-10-23",106.008,FALSE,NA,NA,"<= day","daily",NA,2,TRUE
"2010-10-24",105.612,FALSE,NA,NA,"<= day","daily",NA,2,TRUE
"2010-10-25",105.158,FALSE,NA,NA,"<= day","daily",NA,2,TRUE
"2010-10-26",104.825,FALSE,NA,NA,"<= day","daily",NA,2,TRUE
"2010-10-27",104.188,FALSE,NA,NA,"<= day","daily",NA,2,TRUE
"2010-10-28",103.975,FALSE,NA,NA,"<= day","daily",NA,2,TRUE
"2010-10-29",103.792,FALSE,NA,NA,"<= day","daily",NA,2,TRUE
"2010-10-30",103.204,FALSE,NA,NA,"<= day","daily",NA,2,TRUE
"2010-10-31",103.017,FALSE,NA,NA,"<= day","daily",NA,2,TRUE
"2010-11-01",102.933,FALSE,NA,NA,"<= day","daily",NA,2,TRUE
"2010-11-02",102.767,FALSE,NA,NA,"<= day","daily",NA,2,TRUE
"2010-11-03",102.442,FALSE,NA,NA,"<= day","daily",NA,2,TRUE
"2010-11-04",101.95,FALSE,NA,NA,"<= day","daily",NA,2,TRUE
"2010-11-05",101.892,FALSE,NA,NA,"<= day","daily",NA,2,TRUE
"2010-11-06",101.975,FALSE,NA,NA,"<= day","daily",NA,2,TRUE
"2010-11-07",101.4,FALSE,NA,NA,"<= day","daily",NA,2,TRUE
"2010-11-08",100.954,FALSE,NA,NA,"<= day","daily",NA,2,TRUE
"2010-11-09",100.6,FALSE,NA,NA,"<= day","daily",NA,2,TRUE
"2010-11-10",100.175,FALSE,NA,NA,"<= day","daily",NA,2,TRUE
"2010-11-11",99.883,FALSE,NA,NA,"<= day","daily",NA,2,TRUE
"2010-11-12",99.258,FALSE,NA,NA,"<= day","daily",NA,2,TRUE
"2010-11-13",98.929,FALSE,NA,NA,"<= day","daily",NA,2,TRUE
"2010-11-14",98.604,FALSE,NA,NA,"<= day","daily",NA,2,TRUE
"2010-11-15",98.092,FALSE,NA,NA,"<= day","daily",NA,2,TRUE
"2010-11-16",97.925,FALSE,NA,NA,"<= day","daily",NA,2,TRUE
"2010-11-17",97.496,FALSE,NA,NA,"<= day","daily",NA,2,TRUE
"2010-11-18",97.125,FALSE,NA,NA,"<= day","daily",NA,2,TRUE
"2010-11-19",96.888,FALSE,NA,NA,"<= day","daily",NA,2,TRUE
"2010-11-20",96.729,FALSE,NA,NA,"<= day","daily",NA,2,TRUE
"2010-11-21",96.575,FALSE,NA,NA,"<= day","daily",NA,2,TRUE
"2010-11-22",96.129,FALSE,NA,NA,"<= day","daily",NA,2,TRUE
"2010-11-23",95.738,FALSE,NA,NA,"<= day","daily",NA,2,TRUE
"2010-11-24",95.096,FALSE,NA,NA,"<= day","daily",NA,2,TRUE
"2010-11-25",94.338,FALSE,NA,NA,"<= day","daily",NA,2,TRUE
"2010-11-26",93.954,FALSE,NA,NA,"<= day","daily",NA,2,TRUE
"2010-11-27",93.617,FALSE,NA,NA,"<= day","daily",NA,2,TRUE
"2010-11-28",92.979,FALSE,NA,NA,"<= day","daily",NA,2,TRUE
"2010-11-29",92.804,FALSE,NA,NA,"<= day","daily",NA,2,TRUE
"2010-11-30",92.175,FALSE,NA,NA,"<= day","daily",NA,2,TRUE
"2010-12-01",91.975,FALSE,NA,NA,"<= day","daily",NA,2,TRUE
"2010-12-02",91.746,FALSE,NA,NA,"<= day","daily",NA,2,TRUE
"2010-12-03",91.3,FALSE,NA,NA,"<= day","daily",NA,2,TRUE
"2010-12-04",91.012,FALSE,NA,NA,"<= day","daily",NA,2,TRUE
"2010-12-05",90.942,FALSE,NA,NA,"<= day","daily",NA,2,TRUE
"2010-12-06",90.833,FALSE,NA,NA,"<= day","daily",NA,2,TRUE
"2010-12-07",90.85,FALSE,NA,NA,"<= day","daily",NA,2,TRUE
"2010-12-08",90.204,FALSE,NA,NA,"<= day","daily",NA,2,TRUE
"2010-12-09",89.296,FALSE,NA,NA,"<= day","daily",NA,2,TRUE
"2010-12-10",88.896,FALSE,NA,NA,"<= day","daily",NA,2,TRUE
"2010-12-11",88.842,FALSE,NA,NA,"<= day","daily",NA,2,TRUE
"2010-12-12",88.117,FALSE,NA,NA,"<= day","daily",NA,2,TRUE
"2010-12-13",87.958,FALSE,NA,NA,"<= day","daily",NA,2,TRUE
"2010-12-14",87.642,FALSE,NA,NA,"<= day","daily",NA,2,TRUE
"2010-12-15",86.846,FALSE,NA,NA,"<= day","daily",NA,2,TRUE
"2010-12-16",86.838,FALSE,NA,NA,"<= day","daily",NA,2,TRUE
"2010-12-17",86.704,FALSE,NA,NA,"<= day","daily",NA,2,TRUE
"2010-12-18",86.179,FALSE,NA,NA,"<= day","daily",NA,2,TRUE
"2010-12-19",85.954,FALSE,NA,NA,"<= day","daily",NA,2,TRUE
"2010-12-20",85.892,FALSE,NA,NA,"<= day","daily",NA,2,TRUE
"2010-12-21",85.238,FALSE,NA,NA,"<= day","daily",NA,2,TRUE
"2010-12-22",84.925,FALSE,NA,NA,"<= day","daily",NA,2,TRUE
"2010-12-23",84.6,FALSE,NA,NA,"<= day","daily",NA,2,TRUE
"2010-12-24",84.238,FALSE,NA,NA,"<= day","daily",NA,2,TRUE
"2010-12-25",84.071,FALSE,NA,NA,"<= day","daily",NA,2,TRUE
"2010-12-26",84.058,FALSE,NA,NA,"<= day","daily",NA,2,TRUE
"2010-12-27",83.796,FALSE,NA,NA,"<= day","daily",NA,2,TRUE
"2010-12-28",83.246,FALSE,NA,NA,"<= day","daily",NA,2,TRUE
"2010-12-29",82.933,FALSE,NA,NA,"<= day","daily",NA,2,TRUE
"2010-12-30",82.504,FALSE,NA,NA,"<= day","daily",NA,2,TRUE
"2010-12-31",82.092,FALSE,NA,NA,"<= day","daily",NA,2,TRUE
"2011-01-01",81.662,FALSE,NA,NA,"<= day","daily",NA,2,TRUE
"2011-01-02",82.112,FALSE,NA,NA,"<= day","daily",NA,2,TRUE
"2011-01-03",81.325,FALSE,NA,NA,"<= day","daily",NA,2,TRUE
"2011-01-04",81.112,FALSE,NA,NA,"<= day","daily",NA,2,TRUE
"2011-01-05",81.192,FALSE,NA,NA,"<= day","daily",NA,2,TRUE
"2011-01-06",81.304,FALSE,NA,NA,"<= day","daily",NA,2,TRUE
"2011-01-07",80.958,FALSE,NA,NA,"<= day","daily",NA,2,TRUE
"2011-01-08",80.5,FALSE,NA,NA,"<= day","daily",NA,2,TRUE
"2011-01-09",80.304,FALSE,NA,NA,"<= day","daily",NA,2,TRUE
"2011-01-10",80.046,FALSE,NA,NA,"<= day","daily",NA,2,TRUE
"2011-01-11",79.312,FALSE,NA,NA,"<= day","daily",NA,2,TRUE
"2011-01-12",78.975,FALSE,NA,NA,"<= day","daily",NA,2,TRUE
"2011-01-13",78.996,FALSE,NA,NA,"<= day","daily",NA,2,TRUE
"2011-01-14",78.925,FALSE,NA,NA,"<= day","daily",NA,2,TRUE
"2011-01-15",78.85,FALSE,NA,NA,"<= day","daily",NA,2,TRUE
"2011-01-16",78.946,FALSE,NA,NA,"<= day","daily",NA,2,TRUE
"2011-01-17",78.912,FALSE,NA,NA,"<= day","daily",NA,2,TRUE
"2011-01-18",78.892,FALSE,NA,NA,"<= day","daily",NA,2,TRUE
"2011-01-19",78.858,FALSE,NA,NA,"<= day","daily",NA,2,TRUE
"2011-01-20",78.458,FALSE,NA,NA,"<= day","daily",NA,2,TRUE
"2011-01-21",77.983,FALSE,NA,NA,"<= day","daily",NA,2,TRUE
"2011-01-22",77.938,FALSE,NA,NA,"<= day","daily",NA,2,TRUE
"2011-01-23",77.633,FALSE,NA,NA,"<= day","daily",NA,2,TRUE
"2011-01-24",77.138,FALSE,NA,NA,"<= day","daily",NA,2,TRUE
"2011-01-25",76.983,FALSE,NA,NA,"<= day","daily",NA,2,TRUE
"2011-01-26",77,FALSE,NA,NA,"<= day","daily",NA,2,TRUE
"2011-01-27",76.65,FALSE,NA,NA,"<= day","daily",NA,2,TRUE
"2011-01-28",75.988,FALSE,NA,NA,"<= day","daily",NA,2,TRUE
"2011-01-29",76.021,FALSE,NA,NA,"<= day","daily",NA,2,TRUE
"2011-01-30",75.821,FALSE,NA,NA,"<= day","daily",NA,2,TRUE
"2011-01-31",75.142,FALSE,NA,NA,"<= day","daily",NA,2,TRUE
"2011-02-01",75.033,FALSE,NA,NA,"<= day","daily",NA,2,TRUE
"2011-02-02",75.008,FALSE,NA,NA,"<= day","daily",NA,2,TRUE
"2011-02-03",74.762,FALSE,NA,NA,"<= day","daily",NA,2,TRUE
"2011-02-04",74.479,FALSE,NA,NA,"<= day","daily",NA,2,TRUE
"2011-02-05",73.925,FALSE,NA,NA,"<= day","daily",NA,2,TRUE
"2011-02-06",73.821,FALSE,NA,NA,"<= day","daily",NA,2,TRUE
"2011-02-07",73.621,FALSE,NA,NA,"<= day","daily",NA,2,TRUE
"2011-02-08",73.138,FALSE,NA,NA,"<= day","daily",NA,2,TRUE
"2011-02-09",72.917,FALSE,NA,NA,"<= day","daily",NA,2,TRUE
"2011-02-10",72.904,FALSE,NA,NA,"<= day","daily",NA,2,TRUE
"2011-02-11",72.188,FALSE,NA,NA,"<= day","daily",NA,2,TRUE
"2011-02-12",72.037,FALSE,NA,NA,"<= day","daily",NA,2,TRUE
"2011-02-13",71.996,FALSE,NA,NA,"<= day","daily",NA,2,TRUE
"2011-02-14",71.45,FALSE,NA,NA,"<= day","daily",NA,2,TRUE
"2011-02-15",71.079,FALSE,NA,NA,"<= day","daily",NA,2,TRUE
"2011-02-16",71.158,FALSE,NA,NA,"<= day","daily",NA,2,TRUE
"2011-02-17",71.142,FALSE,NA,NA,"<= day","daily",NA,2,TRUE
"2011-02-18",70.925,FALSE,NA,NA,"<= day","daily",NA,2,TRUE
"2011-02-19",70.938,FALSE,NA,NA,"<= day","daily",NA,2,TRUE
"2011-02-20",70.25,FALSE,NA,NA,"<= day","daily",NA,2,TRUE
"2011-02-21",70.1,FALSE,NA,NA,"<= day","daily",NA,2,TRUE
"2011-02-22",70.042,FALSE,NA,NA,"<= day","daily",NA,2,TRUE
"2011-02-23",70.042,FALSE,NA,NA,"<= day","daily",NA,2,TRUE
"2011-02-24",70.054,FALSE,NA,NA,"<= day","daily",NA,2,TRUE
"2011-02-25",69.488,FALSE,NA,NA,"<= day","daily",NA,2,TRUE
"2011-02-26",69.175,FALSE,NA,NA,"<= day","daily",NA,2,TRUE
"2011-02-27",68.942,FALSE,NA,NA,"<= day","daily",NA,2,TRUE
"2011-02-28",68.779,FALSE,NA,NA,"<= day","daily",NA,2,TRUE
"2011-03-01",68.767,FALSE,NA,NA,"<= day","daily",NA,2,TRUE
"2011-03-02",68.325,FALSE,NA,NA,"<= day","daily",NA,2,TRUE
"2011-03-03",68.183,FALSE,NA,NA,"<= day","daily",NA,2,TRUE
"2011-03-04",67.996,FALSE,NA,NA,"<= day","daily",NA,2,TRUE
"2011-03-05",67.871,FALSE,NA,NA,"<= day","daily",NA,2,TRUE
"2011-03-06",67.342,FALSE,NA,NA,"<= day","daily",NA,2,TRUE
"2011-03-07",67.158,FALSE,NA,NA,"<= day","daily",NA,2,TRUE
"2011-03-08",67.029,FALSE,NA,NA,"<= day","daily",NA,2,TRUE
"2011-03-09",66.671,FALSE,NA,NA,"<= day","daily",NA,2,TRUE
"2011-03-10",66.037,FALSE,NA,NA,"<= day","daily",NA,2,TRUE
"2011-03-11",65.971,FALSE,NA,NA,"<= day","daily",NA,2,TRUE
"2011-03-12",66.596,FALSE,NA,NA,"<= day","daily",NA,2,TRUE
"2011-03-13",66.388,FALSE,NA,NA,"<= day","daily",NA,2,TRUE
"2011-03-14",66.096,FALSE,NA,NA,"<= day","daily",NA,2,TRUE
"2011-03-15",66.025,FALSE,NA,NA,"<= day","daily",NA,2,TRUE
"2011-03-16",65.971,FALSE,NA,NA,"<= day","daily",NA,2,TRUE
"2011-03-17",65.658,FALSE,NA,NA,"<= day","daily",NA,2,TRUE
"2011-03-18",65.55,FALSE,NA,NA,"<= day","daily",NA,2,TRUE
"2011-03-19",65.138,FALSE,NA,NA,"<= day","daily",NA,2,TRUE
"2011-03-20",64.933,FALSE,NA,NA,"<= day","daily",NA,2,TRUE
"2011-03-21",64.933,FALSE,NA,NA,"<= day","daily",NA,2,TRUE
"2011-03-22",64.925,FALSE,NA,NA,"<= day","daily",NA,2,TRUE
"2011-03-23",64.925,FALSE,NA,NA,"<= day","daily",NA,2,TRUE
"2011-03-24",64.779,FALSE,NA,NA,"<= day","daily",NA,2,TRUE
"2011-03-25",64.842,FALSE,NA,NA,"<= day","daily",NA,2,TRUE
"2011-03-26",64.904,FALSE,NA,NA,"<= day","daily",NA,2,TRUE
"2011-03-27",64.787,FALSE,NA,NA,"<= day","daily",NA,2,TRUE
"2011-03-28",64.508,FALSE,NA,NA,"<= day","daily",NA,2,TRUE
"2011-03-29",64.192,FALSE,NA,NA,"<= day","daily",NA,2,TRUE
"2011-03-30",64.225,FALSE,NA,NA,"<= day","daily",NA,2,TRUE
"2011-03-31",64.267,FALSE,NA,NA,"<= day","daily",NA,2,TRUE
"2011-04-01",64,FALSE,NA,NA,"<= day","daily",NA,2,TRUE
"2011-04-02",64,FALSE,NA,NA,"<= day","daily",NA,2,TRUE
"2011-04-03",63.971,FALSE,NA,NA,"<= day","daily",NA,2,TRUE
"2011-04-04",64,FALSE,NA,NA,"<= day","daily",NA,2,TRUE
"2011-04-05",63.975,FALSE,NA,NA,"<= day","daily",NA,2,TRUE
"2011-04-06",64.012,FALSE,NA,NA,"<= day","daily",NA,2,TRUE
"2011-04-07",63.846,FALSE,NA,NA,"<= day","daily",NA,2,TRUE
"2011-04-08",64.092,FALSE,NA,NA,"<= day","daily",NA,2,TRUE
"2011-04-09",64.033,FALSE,NA,NA,"<= day","daily",NA,2,TRUE
"2011-04-10",64,FALSE,NA,NA,"<= day","daily",NA,2,TRUE
"2011-04-11",63.992,FALSE,NA,NA,"<= day","daily",NA,2,TRUE
"2011-04-12",64,FALSE,NA,NA,"<= day","daily",NA,2,TRUE
"2011-04-13",63.962,FALSE,NA,NA,"<= day","daily",NA,2,TRUE
"2011-04-14",63.962,FALSE,NA,NA,"<= day","daily",NA,2,TRUE
"2011-04-15",64.05,FALSE,NA,NA,"<= day","daily",NA,2,TRUE
"2011-04-16",63.979,FALSE,NA,NA,"<= day","daily",NA,2,TRUE
"2011-04-17",63.633,FALSE,NA,NA,"<= day","daily",NA,2,TRUE
"2011-04-18",63.417,FALSE,NA,NA,"<= day","daily",NA,2,TRUE
"2011-04-19",63.312,FALSE,NA,NA,"<= day","daily",NA,2,TRUE
"2011-04-20",63.096,FALSE,NA,NA,"<= day","daily",NA,2,TRUE
"2011-04-21",63.233,FALSE,NA,NA,"<= day","daily",NA,2,TRUE
"2011-04-22",63.062,FALSE,NA,NA,"<= day","daily",NA,2,TRUE
"2011-04-23",63.071,FALSE,NA,NA,"<= day","daily",NA,2,TRUE
"2011-04-24",62.967,FALSE,NA,NA,"<= day","daily",NA,2,TRUE
"2011-04-25",63,FALSE,NA,NA,"<= day","daily",NA,2,TRUE
"2011-04-26",63,FALSE,NA,NA,"<= day","daily",NA,2,TRUE
"2011-04-27",62.908,FALSE,NA,NA,"<= day","daily",NA,2,TRUE
"2011-04-28",62.992,FALSE,NA,NA,"<= day","daily",NA,2,TRUE
"2011-04-29",63.117,FALSE,NA,NA,"<= day","daily",NA,2,TRUE
"2011-04-30",62.962,FALSE,NA,NA,"<= day","daily",NA,2,TRUE
"2011-05-01",62.858,FALSE,NA,NA,"<= day","daily",NA,2,TRUE
"2011-05-02",62.817,FALSE,NA,NA,"<= day","daily",NA,2,TRUE
"2011-05-03",62.812,FALSE,NA,NA,"<= day","daily",NA,2,TRUE
"2011-05-04",62.808,FALSE,NA,NA,"<= day","daily",NA,2,TRUE
"2011-05-05",62.788,FALSE,NA,NA,"<= day","daily",NA,2,TRUE
"2011-05-06",62.679,FALSE,NA,NA,"<= day","daily",NA,2,TRUE
"2011-05-07",62.554,FALSE,NA,NA,"<= day","daily",NA,2,TRUE
"2011-05-08",62.646,FALSE,NA,NA,"<= day","daily",NA,2,TRUE
"2011-05-09",62.746,FALSE,NA,NA,"<= day","daily",NA,2,TRUE
"2011-05-10",62.529,FALSE,NA,NA,"<= day","daily",NA,2,TRUE
"2011-05-11",62.579,FALSE,NA,NA,"<= day","daily",NA,2,TRUE
"2011-05-12",62.592,FALSE,NA,NA,"<= day","daily",NA,2,TRUE
"2011-05-13",62.779,FALSE,NA,NA,"<= day","daily",NA,2,TRUE
"2011-05-14",62.6,FALSE,NA,NA,"<= day","daily",NA,2,TRUE
"2011-05-15",62.642,FALSE,NA,NA,"<= day","daily",NA,2,TRUE
"2011-05-16",62.85,FALSE,NA,NA,"<= day","daily",NA,2,TRUE
"2011-05-17",63,FALSE,NA,NA,"<= day","daily",NA,2,TRUE
"2011-05-18",62.996,FALSE,NA,NA,"<= day","daily",NA,2,TRUE
"2011-05-19",63.054,FALSE,NA,NA,"<= day","daily",NA,2,TRUE
"2011-05-20",63.025,FALSE,NA,NA,"<= day","daily",NA,2,TRUE
"2011-05-21",63.442,FALSE,NA,NA,"<= day","daily",NA,2,TRUE
"2011-05-22",63.796,FALSE,NA,NA,"<= day","daily",NA,2,TRUE
"2011-05-23",63.975,FALSE,NA,NA,"<= day","daily",NA,2,TRUE
"2011-05-24",63.837,FALSE,NA,NA,"<= day","daily",NA,2,TRUE
"2011-05-25",63.683,FALSE,NA,NA,"<= day","daily",NA,2,TRUE
"2011-05-26",64.404,FALSE,NA,NA,"<= day","daily",NA,2,TRUE
"2011-05-27",64.225,FALSE,NA,NA,"<= day","daily",NA,2,TRUE
"2011-05-28",64.404,FALSE,NA,NA,"<= day","daily",NA,2,TRUE
"2011-05-29",64.983,FALSE,NA,NA,"<= day","daily",NA,2,TRUE
"2011-05-30",65.104,FALSE,NA,NA,"<= day","daily",NA,2,TRUE
"2011-05-31",64.996,FALSE,NA,NA,"<= day","daily",NA,2,TRUE
"2011-06-01",66.812,FALSE,NA,NA,"<= day","daily",NA,2,TRUE
"2011-06-02",66.662,FALSE,NA,NA,"<= day","daily",NA,2,TRUE
"2011-06-03",66.9,FALSE,NA,NA,"<= day","daily",NA,2,TRUE
"2011-06-04",67.454,FALSE,NA,NA,"<= day","daily",NA,2,TRUE
"2011-06-05",67.825,FALSE,NA,NA,"<= day","daily",NA,2,TRUE
"2011-06-06",67.95,FALSE,NA,NA,"<= day","daily",NA,2,TRUE
"2011-06-07",68.129,FALSE,NA,NA,"<= day","daily",NA,2,TRUE
"2011-06-08",68.287,FALSE,NA,NA,"<= day","daily",NA,2,TRUE
"2011-06-09",68.45,FALSE,NA,NA,"<= day","daily",NA,2,TRUE
"2011-06-10",68.892,FALSE,NA,NA,"<= day","daily",NA,2,TRUE
"2011-06-11",69.029,FALSE,NA,NA,"<= day","daily",NA,2,TRUE
"2011-06-12",69.029,FALSE,NA,NA,"<= day","daily",NA,2,TRUE
"2011-06-13",69.708,FALSE,NA,NA,"<= day","daily",NA,2,TRUE
"2011-06-14",70.071,FALSE,NA,NA,"<= day","daily",NA,2,TRUE
"2011-06-15",70.054,FALSE,NA,NA,"<= day","daily",NA,2,TRUE
"2011-06-16",70.65,FALSE,NA,NA,"<= day","daily",NA,2,TRUE
"2011-06-17",71.112,FALSE,NA,NA,"<= day","daily",NA,2,TRUE
"2011-06-18",71.85,FALSE,NA,NA,"<= day","daily",NA,2,TRUE
"2011-06-19",72.258,FALSE,NA,NA,"<= day","daily",NA,2,TRUE
"2011-06-20",72.971,FALSE,NA,NA,"<= day","daily",NA,2,TRUE
"2011-06-21",73.158,FALSE,NA,NA,"<= day","daily",NA,2,TRUE
"2011-06-22",73.367,FALSE,NA,NA,"<= day","daily",NA,2,TRUE
"2011-06-23",74.092,FALSE,NA,NA,"<= day","daily",NA,2,TRUE
"2011-06-24",74.275,FALSE,NA,NA,"<= day","daily",NA,2,TRUE
"2011-06-25",74.787,FALSE,NA,NA,"<= day","daily",NA,2,TRUE
"2011-06-26",75.296,FALSE,NA,NA,"<= day","daily",NA,2,TRUE
"2011-06-27",75.271,FALSE,NA,NA,"<= day","daily",NA,2,TRUE
"2011-06-28",75.467,FALSE,NA,NA,"<= day","daily",NA,2,TRUE
"2011-06-29",75.838,FALSE,NA,NA,"<= day","daily",NA,2,TRUE
"2011-06-30",76.333,FALSE,NA,NA,"<= day","daily",NA,2,TRUE
"2011-07-01",76.575,FALSE,NA,NA,"<= day","daily",NA,2,TRUE
"2011-07-02",76.75,FALSE,NA,NA,"<= day","daily",NA,2,TRUE
"2011-07-03",76.967,FALSE,NA,NA,"<= day","daily",NA,2,TRUE
"2011-07-04",77.021,FALSE,NA,NA,"<= day","daily",NA,2,TRUE
"2011-07-05",77.079,FALSE,NA,NA,"<= day","daily",NA,2,TRUE
"2011-07-06",77.367,FALSE,NA,NA,"<= day","daily",NA,2,TRUE
"2011-07-07",77.358,FALSE,NA,NA,"<= day","daily",NA,2,TRUE
"2011-07-08",77.667,FALSE,NA,NA,"<= day","daily",NA,2,TRUE
"2011-07-09",77.871,FALSE,NA,NA,"<= day","daily",NA,2,TRUE
"2011-07-10",77.95,FALSE,NA,NA,"<= day","daily",NA,2,TRUE
"2011-07-11",78,FALSE,NA,NA,"<= day","daily",NA,2,TRUE
"2011-07-12",78.358,FALSE,NA,NA,"<= day","daily",NA,2,TRUE
"2011-07-13",78.558,FALSE,NA,NA,"<= day","daily",NA,2,TRUE
"2011-07-14",78.762,FALSE,NA,NA,"<= day","daily",NA,2,TRUE
"2011-07-15",79.129,FALSE,NA,NA,"<= day","daily",NA,2,TRUE
"2011-07-16",79.029,FALSE,NA,NA,"<= day","daily",NA,2,TRUE
"2011-07-17",79.504,FALSE,NA,NA,"<= day","daily",NA,2,TRUE
"2011-07-18",79.917,FALSE,NA,NA,"<= day","daily",NA,2,TRUE
"2011-07-19",80.033,FALSE,NA,NA,"<= day","daily",NA,2,TRUE
"2011-07-20",81.225,FALSE,NA,NA,"<= day","daily",NA,2,TRUE
"2011-07-21",82.417,FALSE,NA,NA,"<= day","daily",NA,2,TRUE
"2011-07-22",83.638,FALSE,NA,NA,"<= day","daily",NA,2,TRUE
"2011-07-23",85.271,FALSE,NA,NA,"<= day","daily",NA,2,TRUE
"2011-07-24",86.762,FALSE,NA,NA,"<= day","daily",NA,2,TRUE
"2011-07-25",87.829,FALSE,NA,NA,"<= day","daily",NA,2,TRUE
"2011-07-26",88.562,FALSE,NA,NA,"<= day","daily",NA,2,TRUE
"2011-07-27",88.825,FALSE,NA,NA,"<= day","daily",NA,2,TRUE
"2011-07-28",89.571,FALSE,NA,NA,"<= day","daily",NA,2,TRUE
"2011-07-29",89.904,FALSE,NA,NA,"<= day","daily",NA,2,TRUE
"2011-07-30",89.821,FALSE,NA,NA,"<= day","daily",NA,2,TRUE
"2011-07-31",89.708,FALSE,NA,NA,"<= day","daily",NA,2,TRUE
"2011-08-01",90.4,FALSE,NA,NA,"<= day","daily",NA,2,TRUE
"2011-08-02",90.446,FALSE,NA,NA,"<= day","daily",NA,2,TRUE
"2011-08-03",90.054,FALSE,NA,NA,"<= day","daily",NA,2,TRUE
"2011-08-04",89.779,FALSE,NA,NA,"<= day","daily",NA,2,TRUE
"2011-08-05",90.129,FALSE,NA,NA,"<= day","daily",NA,2,TRUE
"2011-08-06",90.779,FALSE,NA,NA,"<= day","daily",NA,2,TRUE
"2011-08-07",90.571,FALSE,NA,NA,"<= day","daily",NA,2,TRUE
"2011-08-08",90.796,FALSE,NA,NA,"<= day","daily",NA,2,TRUE
"2011-08-09",91.225,FALSE,NA,NA,"<= day","daily",NA,2,TRUE
"2011-08-10",92.092,FALSE,NA,NA,"<= day","daily",NA,2,TRUE
"2011-08-11",93.479,FALSE,NA,NA,"<= day","daily",NA,2,TRUE
"2011-08-12",93.958,FALSE,NA,NA,"<= day","daily",NA,2,TRUE
"2011-08-13",94.883,FALSE,NA,NA,"<= day","daily",NA,2,TRUE
"2011-08-14",95.196,FALSE,NA,NA,"<= day","daily",NA,2,TRUE
"2011-08-15",95.608,FALSE,NA,NA,"<= day","daily",NA,2,TRUE
"2011-08-16",95.967,FALSE,NA,NA,"<= day","daily",NA,2,TRUE
"2011-08-17",96.483,FALSE,NA,NA,"<= day","daily",NA,2,TRUE
"2011-08-18",97.017,FALSE,NA,NA,"<= day","daily",NA,2,TRUE
"2011-08-19",97.083,FALSE,NA,NA,"<= day","daily",NA,2,TRUE
"2011-08-20",97.025,FALSE,NA,NA,"<= day","daily",NA,2,TRUE
"2011-08-21",97.225,FALSE,NA,NA,"<= day","daily",NA,2,TRUE
"2011-08-22",97.117,FALSE,NA,NA,"<= day","daily",NA,2,TRUE
"2011-08-23",97.079,FALSE,NA,NA,"<= day","daily",NA,2,TRUE
"2011-08-24",97.012,FALSE,NA,NA,"<= day","daily",NA,2,TRUE
"2011-08-25",96.925,FALSE,NA,NA,"<= day","daily",NA,2,TRUE
"2011-08-26",97.071,FALSE,NA,NA,"<= day","daily",NA,2,TRUE
"2011-08-27",96.988,FALSE,NA,NA,"<= day","daily",NA,2,TRUE
"2011-08-28",96.829,FALSE,NA,NA,"<= day","daily",NA,2,TRUE
"2011-08-29",96.762,FALSE,NA,NA,"<= day","daily",NA,2,TRUE
"2011-08-30",96.562,FALSE,NA,NA,"<= day","daily",NA,2,TRUE
"2011-08-31",96.225,FALSE,NA,NA,"<= day","daily",NA,2,TRUE
"2011-09-01",96.054,FALSE,NA,NA,"<= day","daily",NA,2,TRUE
"2011-09-02",96.025,FALSE,NA,NA,"<= day","daily",NA,2,TRUE
"2011-09-03",96,FALSE,NA,NA,"<= day","daily",NA,2,TRUE
"2011-09-04",95.933,FALSE,NA,NA,"<= day","daily",NA,2,TRUE
"2011-09-05",95.642,FALSE,NA,NA,"<= day","daily",NA,2,TRUE
"2011-09-06",95.246,FALSE,NA,NA,"<= day","daily",NA,2,TRUE
"2011-09-07",95.133,FALSE,NA,NA,"<= day","daily",NA,2,TRUE
"2011-09-08",95.058,FALSE,NA,NA,"<= day","daily",NA,2,TRUE
"2011-09-09",94.967,FALSE,NA,NA,"<= day","daily",NA,2,TRUE
"2011-09-10",94.688,FALSE,NA,NA,"<= day","daily",NA,2,TRUE
"2011-09-11",94.275,FALSE,NA,NA,"<= day","daily",NA,2,TRUE
"2011-09-12",94.062,FALSE,NA,NA,"<= day","daily",NA,2,TRUE
"2011-09-13",93.963,FALSE,NA,NA,"<= day","daily",NA,2,TRUE
"2011-09-14",93.729,FALSE,NA,NA,"<= day","daily",NA,2,TRUE
"2011-09-15",93.246,FALSE,NA,NA,"<= day","daily",NA,2,TRUE
"2011-09-16",93.004,FALSE,NA,NA,"<= day","daily",NA,2,TRUE
"2011-09-17",92.983,FALSE,NA,NA,"<= day","daily",NA,2,TRUE
"2011-09-18",92.833,FALSE,NA,NA,"<= day","daily",NA,2,TRUE
"2011-09-19",92.479,FALSE,NA,NA,"<= day","daily",NA,2,TRUE
"2011-09-20",92.704,FALSE,NA,NA,"<= day","daily",NA,2,TRUE
"2011-09-21",92.942,FALSE,NA,NA,"<= day","daily",NA,2,TRUE
"2011-09-22",93.171,FALSE,NA,NA,"<= day","daily",NA,2,TRUE
"2011-09-23",93.479,FALSE,NA,NA,"<= day","daily",NA,2,TRUE
"2011-09-24",94.096,FALSE,NA,NA,"<= day","daily",NA,2,TRUE
"2011-09-25",94.35,FALSE,NA,NA,"<= day","daily",NA,2,TRUE
"2011-09-26",94.583,FALSE,NA,NA,"<= day","daily",NA,2,TRUE
"2011-09-27",94.463,FALSE,NA,NA,"<= day","daily",NA,2,TRUE
"2011-09-28",94.308,FALSE,NA,NA,"<= day","daily",NA,2,TRUE
"2011-09-29",94.25,FALSE,NA,NA,"<= day","daily",NA,2,TRUE
"2011-09-30",93.967,FALSE,NA,NA,"<= day","daily",NA,2,TRUE
"2011-10-01",93.946,FALSE,NA,NA,"<= day","daily",NA,2,TRUE
"2011-10-02",93.617,FALSE,NA,NA,"<= day","daily",NA,2,TRUE
"2011-10-03",93.121,FALSE,NA,NA,"<= day","daily",NA,2,TRUE
"2011-10-04",92.954,FALSE,NA,NA,"<= day","daily",NA,2,TRUE
"2011-10-05",92.7,FALSE,NA,NA,"<= day","daily",NA,2,TRUE
"2011-10-06",92.208,FALSE,NA,NA,"<= day","daily",NA,2,TRUE
"2011-10-07",92.054,FALSE,NA,NA,"<= day","daily",NA,2,TRUE
"2011-10-08",91.833,FALSE,NA,NA,"<= day","daily",NA,2,TRUE
"2011-10-09",91.446,FALSE,NA,NA,"<= day","daily",NA,2,TRUE
"2011-10-10",91.567,FALSE,NA,NA,"<= day","daily",NA,2,TRUE
"2011-10-11",91.846,FALSE,NA,NA,"<= day","daily",NA,2,TRUE
"2011-10-12",92.321,FALSE,NA,NA,"<= day","daily",NA,2,TRUE
"2011-10-13",93.725,FALSE,NA,NA,"<= day","daily",NA,2,TRUE
"2011-10-14",94.892,FALSE,NA,NA,"<= day","daily",NA,2,TRUE
"2011-10-15",96.179,FALSE,NA,NA,"<= day","daily",NA,2,TRUE
"2011-10-16",96.871,FALSE,NA,NA,"<= day","daily",NA,2,TRUE
"2011-10-17",97.367,FALSE,NA,NA,"<= day","daily",NA,2,TRUE
"2011-10-18",97.642,FALSE,NA,NA,"<= day","daily",NA,2,TRUE
"2011-10-19",97.367,FALSE,NA,NA,"<= day","daily",NA,2,TRUE
"2011-10-20",97.213,FALSE,NA,NA,"<= day","daily",NA,2,TRUE
"2011-10-21",96.888,FALSE,NA,NA,"<= day","daily",NA,2,TRUE
"2011-10-22",96.496,FALSE,NA,NA,"<= day","daily",NA,2,TRUE
"2011-10-23",96.1,FALSE,NA,NA,"<= day","daily",NA,2,TRUE
"2011-10-24",95.692,FALSE,NA,NA,"<= day","daily",NA,2,TRUE
"2011-10-25",95.467,FALSE,NA,NA,"<= day","daily",NA,2,TRUE
"2011-10-26",94.942,FALSE,NA,NA,"<= day","daily",NA,2,TRUE
"2011-10-27",94.746,FALSE,NA,NA,"<= day","daily",NA,2,TRUE
"2011-10-28",94.287,FALSE,NA,NA,"<= day","daily",NA,2,TRUE
"2011-10-29",93.775,FALSE,NA,NA,"<= day","daily",NA,2,TRUE
"2011-10-30",93.679,FALSE,NA,NA,"<= day","daily",NA,2,TRUE
"2011-10-31",93.242,FALSE,NA,NA,"<= day","daily",NA,2,TRUE
"2011-11-01",92.667,FALSE,NA,NA,"<= day","daily",NA,2,TRUE
"2011-11-02",92.683,FALSE,NA,NA,"<= day","daily",NA,2,TRUE
"2011-11-03",92.171,FALSE,NA,NA,"<= day","daily",NA,2,TRUE
"2011-11-04",91.958,FALSE,NA,NA,"<= day","daily",NA,2,TRUE
"2011-11-05",91.683,FALSE,NA,NA,"<= day","daily",NA,2,TRUE
"2011-11-06",91.196,FALSE,NA,NA,"<= day","daily",NA,2,TRUE
"2011-11-07",90.979,FALSE,NA,NA,"<= day","daily",NA,2,TRUE
"2011-11-08",90.871,FALSE,NA,NA,"<= day","daily",NA,2,TRUE
"2011-11-09",90.396,FALSE,NA,NA,"<= day","daily",NA,2,TRUE
"2011-11-10",90.133,FALSE,NA,NA,"<= day","daily",NA,2,TRUE
"2011-11-11",89.992,FALSE,NA,NA,"<= day","daily",NA,2,TRUE
"2011-11-12",89.567,FALSE,NA,NA,"<= day","daily",NA,2,TRUE
"2011-11-13",89.012,FALSE,NA,NA,"<= day","daily",NA,2,TRUE
"2011-11-14",88.838,FALSE,NA,NA,"<= day","daily",NA,2,TRUE
"2011-11-15",88.617,FALSE,NA,NA,"<= day","daily",NA,2,TRUE
"2011-11-16",87.992,FALSE,NA,NA,"<= day","daily",NA,2,TRUE
"2011-11-17",87.95,FALSE,NA,NA,"<= day","daily",NA,2,TRUE
"2011-11-18",87.717,FALSE,NA,NA,"<= day","daily",NA,2,TRUE
"2011-11-19",87.15,FALSE,NA,NA,"<= day","daily",NA,2,TRUE
"2011-11-20",87.004,FALSE,NA,NA,"<= day","daily",NA,2,TRUE
"2011-11-21",86.933,FALSE,NA,NA,"<= day","daily",NA,2,TRUE
"2011-11-22",86.371,FALSE,NA,NA,"<= day","daily",NA,2,TRUE
"2011-11-23",86.092,FALSE,NA,NA,"<= day","daily",NA,2,TRUE
"2011-11-24",85.988,FALSE,NA,NA,"<= day","daily",NA,2,TRUE
"2011-11-25",85.696,FALSE,NA,NA,"<= day","daily",NA,2,TRUE
"2011-11-26",85.221,FALSE,NA,NA,"<= day","daily",NA,2,TRUE
"2011-11-27",84.821,FALSE,NA,NA,"<= day","daily",NA,2,TRUE
"2011-11-28",84.463,FALSE,NA,NA,"<= day","daily",NA,2,TRUE
"2011-11-29",84.396,FALSE,NA,NA,"<= day","daily",NA,2,TRUE
"2011-11-30",84.075,FALSE,NA,NA,"<= day","daily",NA,2,TRUE
"2011-12-01",83.713,FALSE,NA,NA,"<= day","daily",NA,2,TRUE
"2011-12-02",83.258,FALSE,NA,NA,"<= day","daily",NA,2,TRUE
"2011-12-03",83,FALSE,NA,NA,"<= day","daily",NA,2,TRUE
"2011-12-04",82.829,FALSE,NA,NA,"<= day","daily",NA,2,TRUE
"2011-12-05",82.562,FALSE,NA,NA,"<= day","daily",NA,2,TRUE
"2011-12-06",82.017,FALSE,NA,NA,"<= day","daily",NA,2,TRUE
"2011-12-07",82.021,FALSE,NA,NA,"<= day","daily",NA,2,TRUE
"2011-12-08",82.042,FALSE,NA,NA,"<= day","daily",NA,2,TRUE
"2011-12-09",81.225,FALSE,NA,NA,"<= day","daily",NA,2,TRUE
"2011-12-10",80.912,FALSE,NA,NA,"<= day","daily",NA,2,TRUE
"2011-12-11",80.867,FALSE,NA,NA,"<= day","daily",NA,2,TRUE
"2011-12-12",80.475,FALSE,NA,NA,"<= day","daily",NA,2,TRUE
"2011-12-13",80.046,FALSE,NA,NA,"<= day","daily",NA,2,TRUE
"2011-12-14",79.983,FALSE,NA,NA,"<= day","daily",NA,2,TRUE
"2011-12-15",79.883,FALSE,NA,NA,"<= day","daily",NA,2,TRUE
"2011-12-16",79.508,FALSE,NA,NA,"<= day","daily",NA,2,TRUE
"2011-12-17",79.042,FALSE,NA,NA,"<= day","daily",NA,2,TRUE
"2011-12-18",78.938,FALSE,NA,NA,"<= day","daily",NA,2,TRUE
"2011-12-19",78.662,FALSE,NA,NA,"<= day","daily",NA,2,TRUE
"2011-12-20",78.146,FALSE,NA,NA,"<= day","daily",NA,2,TRUE
"2011-12-21",78.037,FALSE,NA,NA,"<= day","daily",NA,2,TRUE
"2011-12-22",77.583,FALSE,NA,NA,"<= day","daily",NA,2,TRUE
"2011-12-23",77.325,FALSE,NA,NA,"<= day","daily",NA,2,TRUE
"2011-12-24",77.046,FALSE,NA,NA,"<= day","daily",NA,2,TRUE
"2011-12-25",76.946,FALSE,NA,NA,"<= day","daily",NA,2,TRUE
"2011-12-26",76.921,FALSE,NA,NA,"<= day","daily",NA,2,TRUE
"2011-12-27",76.546,FALSE,NA,NA,"<= day","daily",NA,2,TRUE
"2011-12-28",76.112,FALSE,NA,NA,"<= day","daily",NA,2,TRUE
"2011-12-29",75.992,FALSE,NA,NA,"<= day","daily",NA,2,TRUE
"2011-12-30",75.938,FALSE,NA,NA,"<= day","daily",NA,2,TRUE
"2011-12-31",75.896,FALSE,NA,NA,"<= day","daily",NA,2,TRUE
"2012-01-01",75.208,FALSE,NA,NA,"<= day","daily",NA,2,TRUE
"2012-01-02",74.917,FALSE,NA,NA,"<= day","daily",NA,2,TRUE
"2012-01-03",74.904,FALSE,NA,NA,"<= day","daily",NA,2,TRUE
"2012-01-04",74.917,FALSE,NA,NA,"<= day","daily",NA,2,TRUE
"2012-01-05",74.775,FALSE,NA,NA,"<= day","daily",NA,2,TRUE
"2012-01-06",74.304,FALSE,NA,NA,"<= day","daily",NA,2,TRUE
"2012-01-07",73.967,FALSE,NA,NA,"<= day","daily",NA,2,TRUE
"2012-01-08",73.912,FALSE,NA,NA,"<= day","daily",NA,2,TRUE
"2012-01-09",73.838,FALSE,NA,NA,"<= day","daily",NA,2,TRUE
"2012-01-10",73.804,FALSE,NA,NA,"<= day","daily",NA,2,TRUE
"2012-01-11",73.221,FALSE,NA,NA,"<= day","daily",NA,2,TRUE
"2012-01-12",72.917,FALSE,NA,NA,"<= day","daily",NA,2,TRUE
"2012-01-13",72.896,FALSE,NA,NA,"<= day","daily",NA,2,TRUE
"2012-01-14",72.862,FALSE,NA,NA,"<= day","daily",NA,2,TRUE
"2012-01-15",72.796,FALSE,NA,NA,"<= day","daily",NA,2,TRUE
"2012-01-16",72.321,FALSE,NA,NA,"<= day","daily",NA,2,TRUE
"2012-01-17",71.983,FALSE,NA,NA,"<= day","daily",NA,2,TRUE
"2012-01-18",71.879,FALSE,NA,NA,"<= day","daily",NA,2,TRUE
"2012-01-19",71.317,FALSE,NA,NA,"<= day","daily",NA,2,TRUE
"2012-01-20",71.312,FALSE,NA,NA,"<= day","daily",NA,2,TRUE
"2012-01-21",71.25,FALSE,NA,NA,"<= day","daily",NA,2,TRUE
"2012-01-22",71.012,FALSE,NA,NA,"<= day","daily",NA,2,TRUE
"2012-01-23",70.854,FALSE,NA,NA,"<= day","daily",NA,2,TRUE
"2012-01-24",70.238,FALSE,NA,NA,"<= day","daily",NA,2,TRUE
"2012-01-25",70,FALSE,NA,NA,"<= day","daily",NA,2,TRUE
"2012-01-26",70.029,FALSE,NA,NA,"<= day","daily",NA,2,TRUE
"2012-01-27",69.992,FALSE,NA,NA,"<= day","daily",NA,2,TRUE
"2012-01-28",69.829,FALSE,NA,NA,"<= day","daily",NA,2,TRUE
"2012-01-29",69.333,FALSE,NA,NA,"<= day","daily",NA,2,TRUE
"2012-01-30",69.062,FALSE,NA,NA,"<= day","daily",NA,2,TRUE
"2012-01-31",69,FALSE,NA,NA,"<= day","daily",NA,2,TRUE
"2012-02-01",69,FALSE,NA,NA,"<= day","daily",NA,2,TRUE
"2012-02-02",68.933,FALSE,NA,NA,"<= day","daily",NA,2,TRUE
"2012-02-03",68.346,FALSE,NA,NA,"<= day","daily",NA,2,TRUE
"2012-02-04",68.175,FALSE,NA,NA,"<= day","daily",NA,2,TRUE
"2012-02-05",68,FALSE,NA,NA,"<= day","daily",NA,2,TRUE
"2012-02-06",68,FALSE,NA,NA,"<= day","daily",NA,2,TRUE
"2012-02-07",67.921,FALSE,NA,NA,"<= day","daily",NA,2,TRUE
"2012-02-08",67.671,FALSE,NA,NA,"<= day","daily",NA,2,TRUE
"2012-02-09",67.325,FALSE,NA,NA,"<= day","daily",NA,2,TRUE
"2012-02-10",67.017,FALSE,NA,NA,"<= day","daily",NA,2,TRUE
"2012-02-11",66.892,FALSE,NA,NA,"<= day","daily",NA,2,TRUE
"2012-02-12",66.912,FALSE,NA,NA,"<= day","daily",NA,2,TRUE
"2012-02-13",66.738,FALSE,NA,NA,"<= day","daily",NA,2,TRUE
"2012-02-14",66.671,FALSE,NA,NA,"<= day","daily",NA,2,TRUE
"2012-02-15",66.079,FALSE,NA,NA,"<= day","daily",NA,2,TRUE
"2012-02-16",65.975,FALSE,NA,NA,"<= day","daily",NA,2,TRUE
"2012-02-17",65.9,FALSE,NA,NA,"<= day","daily",NA,2,TRUE
"2012-02-18",65.883,FALSE,NA,NA,"<= day","daily",NA,2,TRUE
"2012-02-19",65.8,FALSE,NA,NA,"<= day","daily",NA,2,TRUE
"2012-02-20",65.796,FALSE,NA,NA,"<= day","daily",NA,2,TRUE
"2012-02-21",65.7,FALSE,NA,NA,"<= day","daily",NA,2,TRUE
"2012-02-22",65.7,FALSE,NA,NA,"<= day","daily",NA,2,TRUE
"2012-02-23",65.604,FALSE,NA,NA,"<= day","daily",NA,2,TRUE
"2012-02-24",65.6,FALSE,NA,NA,"<= day","daily",NA,2,TRUE
"2012-02-25",65.512,FALSE,NA,NA,"<= day","daily",NA,2,TRUE
"2012-02-26",65.5,FALSE,NA,NA,"<= day","daily",NA,2,TRUE
"2012-02-27",65.421,FALSE,NA,NA,"<= day","daily",NA,2,TRUE
"2012-02-28",65.4,FALSE,NA,NA,"<= day","daily",NA,2,TRUE
"2012-02-29",65.329,FALSE,NA,NA,"<= day","daily",NA,2,TRUE
"2012-03-01",65.3,FALSE,NA,NA,"<= day","daily",NA,2,TRUE
"2012-03-02",65.242,FALSE,NA,NA,"<= day","daily",NA,2,TRUE
"2012-03-03",65.2,FALSE,NA,NA,"<= day","daily",NA,2,TRUE
"2012-03-04",65.15,FALSE,NA,NA,"<= day","daily",NA,2,TRUE
"2012-03-05",65.1,FALSE,NA,NA,"<= day","daily",NA,2,TRUE
"2012-03-06",65.058,FALSE,NA,NA,"<= day","daily",NA,2,TRUE
"2012-03-07",65,FALSE,NA,NA,"<= day","daily",NA,2,TRUE
"2012-03-08",65,FALSE,NA,NA,"<= day","daily",NA,2,TRUE
"2012-03-09",65,FALSE,NA,NA,"<= day","daily",NA,2,TRUE
"2012-03-10",65,FALSE,NA,NA,"<= day","daily",NA,2,TRUE
"2012-03-11",65,FALSE,NA,NA,"<= day","daily",NA,2,TRUE
"2012-03-12",65,FALSE,NA,NA,"<= day","daily",NA,2,TRUE
"2012-03-13",65,FALSE,NA,NA,"<= day","daily",NA,2,TRUE
"2012-03-14",64.883,FALSE,NA,NA,"<= day","daily",NA,2,TRUE
"2012-03-15",64.675,FALSE,NA,NA,"<= day","daily",NA,2,TRUE
"2012-03-16",64.033,FALSE,NA,NA,"<= day","daily",NA,2,TRUE
"2012-03-17",64,FALSE,NA,NA,"<= day","daily",NA,2,TRUE
"2012-03-18",64.112,FALSE,NA,NA,"<= day","daily",NA,2,TRUE
"2012-03-19",64.75,FALSE,NA,NA,"<= day","daily",NA,2,TRUE
"2012-03-20",65,FALSE,NA,NA,"<= day","daily",NA,2,TRUE
"2012-03-21",65,FALSE,NA,NA,"<= day","daily",NA,2,TRUE
"2012-03-22",65.275,FALSE,NA,NA,"<= day","daily",NA,2,TRUE
"2012-03-23",65.767,FALSE,NA,NA,"<= day","daily",NA,2,TRUE
"2012-03-24",65.979,FALSE,NA,NA,"<= day","daily",NA,2,TRUE
"2012-03-25",66,FALSE,NA,NA,"<= day","daily",NA,2,TRUE
"2012-03-26",66,FALSE,NA,NA,"<= day","daily",NA,2,TRUE
"2012-03-27",66.483,FALSE,NA,NA,"<= day","daily",NA,2,TRUE
"2012-03-28",67,FALSE,NA,NA,"<= day","daily",NA,2,TRUE
"2012-03-29",66.958,FALSE,NA,NA,"<= day","daily",NA,2,TRUE
"2012-03-30",66.892,FALSE,NA,NA,"<= day","daily",NA,2,TRUE
"2012-03-31",67.383,FALSE,NA,NA,"<= day","daily",NA,2,TRUE
"2012-04-01",67.171,FALSE,NA,NA,"<= day","daily",NA,2,TRUE
"2012-04-02",67.279,FALSE,NA,NA,"<= day","daily",NA,2,TRUE
"2012-04-03",67.433,FALSE,NA,NA,"<= day","daily",NA,2,TRUE
"2012-04-04",68.046,FALSE,NA,NA,"<= day","daily",NA,2,TRUE
"2012-04-05",68,FALSE,NA,NA,"<= day","daily",NA,2,TRUE
"2012-04-06",68,FALSE,NA,NA,"<= day","daily",NA,2,TRUE
"2012-04-07",68.05,FALSE,NA,NA,"<= day","daily",NA,2,TRUE
"2012-04-08",68,FALSE,NA,NA,"<= day","daily",NA,2,TRUE
"2012-04-09",68.521,FALSE,NA,NA,"<= day","daily",NA,2,TRUE
"2012-04-10",68.5,FALSE,NA,NA,"<= day","daily",NA,2,TRUE
"2012-04-11",68.162,FALSE,NA,NA,"<= day","daily",NA,2,TRUE
"2012-04-12",68.029,FALSE,NA,NA,"<= day","daily",NA,2,TRUE
"2012-04-13",68.025,FALSE,NA,NA,"<= day","daily",NA,2,TRUE
"2012-04-14",67.954,FALSE,NA,NA,"<= day","daily",NA,2,TRUE
"2012-04-15",67.921,FALSE,NA,NA,"<= day","daily",NA,2,TRUE
"2012-04-16",67.854,FALSE,NA,NA,"<= day","daily",NA,2,TRUE
"2012-04-17",67.846,FALSE,NA,NA,"<= day","daily",NA,2,TRUE
"2012-04-18",67.808,FALSE,NA,NA,"<= day","daily",NA,2,TRUE
"2012-04-19",67.617,FALSE,NA,NA,"<= day","daily",NA,2,TRUE
"2012-04-20",67.688,FALSE,NA,NA,"<= day","daily",NA,2,TRUE
"2012-04-21",67.092,FALSE,NA,NA,"<= day","daily",NA,2,TRUE
"2012-04-22",67.154,FALSE,NA,NA,"<= day","daily",NA,2,TRUE
"2012-04-23",66.942,FALSE,NA,NA,"<= day","daily",NA,2,TRUE
"2012-04-24",66.879,FALSE,NA,NA,"<= day","daily",NA,2,TRUE
"2012-04-25",66.946,FALSE,NA,NA,"<= day","daily",NA,2,TRUE
"2012-04-26",66.95,FALSE,NA,NA,"<= day","daily",NA,2,TRUE
"2012-04-27",66.958,FALSE,NA,NA,"<= day","daily",NA,2,TRUE
"2012-04-28",66.95,FALSE,NA,NA,"<= day","daily",NA,2,TRUE
"2012-04-29",66.925,FALSE,NA,NA,"<= day","daily",NA,2,TRUE
"2012-04-30",67.092,FALSE,NA,NA,"<= day","daily",NA,2,TRUE
"2012-05-01",68.233,FALSE,NA,NA,"<= day","daily",NA,2,TRUE
"2012-05-02",68.958,FALSE,NA,NA,"<= day","daily",NA,2,TRUE
"2012-05-03",69.854,FALSE,NA,NA,"<= day","daily",NA,2,TRUE
"2012-05-04",70.542,FALSE,NA,NA,"<= day","daily",NA,2,TRUE
"2012-05-05",70.996,FALSE,NA,NA,"<= day","daily",NA,2,TRUE
"2012-05-06",71.204,FALSE,NA,NA,"<= day","daily",NA,2,TRUE
"2012-05-07",72,FALSE,NA,NA,"<= day","daily",NA,2,TRUE
"2012-05-08",72,FALSE,NA,NA,"<= day","daily",NA,2,TRUE
"2012-05-09",72.05,FALSE,NA,NA,"<= day","daily",NA,2,TRUE
"2012-05-10",72.117,FALSE,NA,NA,"<= day","daily",NA,2,TRUE
"2012-05-11",72.042,FALSE,NA,NA,"<= day","daily",NA,2,TRUE
"2012-05-12",72.117,FALSE,NA,NA,"<= day","daily",NA,2,TRUE
"2012-05-13",72.317,FALSE,NA,NA,"<= day","daily",NA,2,TRUE
"2012-05-14",72.283,FALSE,NA,NA,"<= day","daily",NA,2,TRUE
"2012-05-15",72.658,FALSE,NA,NA,"<= day","daily",NA,2,TRUE
"2012-05-16",73.1,FALSE,NA,NA,"<= day","daily",NA,2,TRUE
"2012-05-17",73.171,FALSE,NA,NA,"<= day","daily",NA,2,TRUE
"2012-05-18",72.983,FALSE,NA,NA,"<= day","daily",NA,2,TRUE
"2012-05-19",73.029,FALSE,NA,NA,"<= day","daily",NA,2,TRUE
"2012-05-20",73,FALSE,NA,NA,"<= day","daily",NA,2,TRUE
"2012-05-21",73.092,FALSE,NA,NA,"<= day","daily",NA,2,TRUE
"2012-05-22",73.567,FALSE,NA,NA,"<= day","daily",NA,2,TRUE
"2012-05-23",74,FALSE,NA,NA,"<= day","daily",NA,2,TRUE
"2012-05-24",74.225,FALSE,NA,NA,"<= day","daily",NA,2,TRUE
"2012-05-25",73.992,FALSE,NA,NA,"<= day","daily",NA,2,TRUE
"2012-05-26",74.158,FALSE,NA,NA,"<= day","daily",NA,2,TRUE
"2012-05-27",74.967,FALSE,NA,NA,"<= day","daily",NA,2,TRUE
"2012-05-28",75.021,FALSE,NA,NA,"<= day","daily",NA,2,TRUE
"2012-05-29",75.375,FALSE,NA,NA,"<= day","daily",NA,2,TRUE
"2012-05-30",75.729,FALSE,NA,NA,"<= day","daily",NA,2,TRUE
"2012-05-31",75.921,FALSE,NA,NA,"<= day","daily",NA,2,TRUE
"2012-06-01",76.033,FALSE,NA,NA,"<= day","daily",NA,2,TRUE
"2012-06-02",76.608,FALSE,NA,NA,"<= day","daily",NA,2,TRUE
"2012-06-03",77,FALSE,NA,NA,"<= day","daily",NA,2,TRUE
"2012-06-04",77.108,FALSE,NA,NA,"<= day","daily",NA,2,TRUE
"2012-06-05",78.312,FALSE,NA,NA,"<= day","daily",NA,2,TRUE
"2012-06-06",79.767,FALSE,NA,NA,"<= day","daily",NA,2,TRUE
"2012-06-07",81.258,FALSE,NA,NA,"<= day","daily",NA,2,TRUE
"2012-06-08",82.492,FALSE,NA,NA,"<= day","daily",NA,2,TRUE
"2012-06-09",83.988,FALSE,NA,NA,"<= day","daily",NA,2,TRUE
"2012-06-10",85.004,FALSE,NA,NA,"<= day","daily",NA,2,TRUE
"2012-06-11",86.112,FALSE,NA,NA,"<= day","daily",NA,2,TRUE
"2012-06-12",87.621,FALSE,NA,NA,"<= day","daily",NA,2,TRUE
"2012-06-13",89.142,FALSE,NA,NA,"<= day","daily",NA,2,TRUE
"2012-06-14",91.204,FALSE,NA,NA,"<= day","daily",NA,2,TRUE
"2012-06-15",93.046,FALSE,NA,NA,"<= day","daily",NA,2,TRUE
"2012-06-16",94.904,FALSE,NA,NA,"<= day","daily",NA,2,TRUE
"2012-06-17",96.8,FALSE,NA,NA,"<= day","daily",NA,2,TRUE
"2012-06-18",97.779,FALSE,NA,NA,"<= day","daily",NA,2,TRUE
"2012-06-19",98.488,FALSE,NA,NA,"<= day","daily",NA,2,TRUE
"2012-06-20",99.787,FALSE,NA,NA,"<= day","daily",NA,2,TRUE
"2012-06-21",100.15,FALSE,NA,NA,"<= day","daily",NA,2,TRUE
"2012-06-22",100.875,FALSE,NA,NA,"<= day","daily",NA,2,TRUE
"2012-06-23",101.463,FALSE,NA,NA,"<= day","daily",NA,2,TRUE
"2012-06-24",101.4,FALSE,NA,NA,"<= day","daily",NA,2,TRUE
"2012-06-25",102.171,FALSE,NA,NA,"<= day","daily",NA,2,TRUE
"2012-06-26",102.412,FALSE,NA,NA,"<= day","daily",NA,2,TRUE
"2012-06-27",102.5,FALSE,NA,NA,"<= day","daily",NA,2,TRUE
"2012-06-28",103.188,FALSE,NA,NA,"<= day","daily",NA,2,TRUE
"2012-06-29",103.5,FALSE,NA,NA,"<= day","daily",NA,2,TRUE
"2012-06-30",103.942,FALSE,NA,NA,"<= day","daily",NA,2,TRUE
"2012-07-01",104.388,FALSE,NA,NA,"<= day","daily",NA,2,TRUE
"2012-07-02",104.804,FALSE,NA,NA,"<= day","daily",NA,2,TRUE
"2012-07-03",104.846,FALSE,NA,NA,"<= day","daily",NA,2,TRUE
"2012-07-04",105.404,FALSE,NA,NA,"<= day","daily",NA,2,TRUE
"2012-07-05",105.717,FALSE,NA,NA,"<= day","daily",NA,2,TRUE
"2012-07-06",106.329,FALSE,NA,NA,"<= day","daily",NA,2,TRUE
"2012-07-07",106.771,FALSE,NA,NA,"<= day","daily",NA,2,TRUE
"2012-07-08",107.129,FALSE,NA,NA,"<= day","daily",NA,2,TRUE
"2012-07-09",107.671,FALSE,NA,NA,"<= day","daily",NA,2,TRUE
"2012-07-10",108.188,FALSE,NA,NA,"<= day","daily",NA,2,TRUE
"2012-07-11",108.658,FALSE,NA,NA,"<= day","daily",NA,2,TRUE
"2012-07-12",108.642,FALSE,NA,NA,"<= day","daily",NA,2,TRUE
"2012-07-13",109.438,FALSE,NA,NA,"<= day","daily",NA,2,TRUE
"2012-07-14",110.162,FALSE,NA,NA,"<= day","daily",NA,2,TRUE
"2012-07-15",110.542,FALSE,NA,NA,"<= day","daily",NA,2,TRUE
"2012-07-16",112.075,FALSE,NA,NA,"<= day","daily",NA,2,TRUE
"2012-07-17",113.138,FALSE,NA,NA,"<= day","daily",NA,2,TRUE
"2012-07-18",114.6,FALSE,NA,NA,"<= day","daily",NA,2,TRUE
"2012-07-19",115.8,FALSE,NA,NA,"<= day","daily",NA,2,TRUE
"2012-07-20",116.8,FALSE,NA,NA,"<= day","daily",NA,2,TRUE
"2012-07-21",116.988,FALSE,NA,NA,"<= day","daily",NA,2,TRUE
"2012-07-22",117.442,FALSE,NA,NA,"<= day","daily",NA,2,TRUE
"2012-07-23",117.958,FALSE,NA,NA,"<= day","daily",NA,2,TRUE
"2012-07-24",118.037,FALSE,NA,NA,"<= day","daily",NA,2,TRUE
"2012-07-25",118.704,FALSE,NA,NA,"<= day","daily",NA,2,TRUE
"2012-07-26",118.775,FALSE,NA,NA,"<= day","daily",NA,2,TRUE
"2012-07-27",118.988,FALSE,NA,NA,"<= day","daily",NA,2,TRUE
"2012-07-28",118.95,FALSE,NA,NA,"<= day","daily",NA,2,TRUE
"2012-07-29",118.996,FALSE,NA,NA,"<= day","daily",NA,2,TRUE
"2012-07-30",119.017,FALSE,NA,NA,"<= day","daily",NA,2,TRUE
"2012-07-31",118.996,FALSE,NA,NA,"<= day","daily",NA,2,TRUE
"2012-08-01",119.054,FALSE,NA,NA,"<= day","daily",NA,2,TRUE
"2012-08-02",118.938,FALSE,NA,NA,"<= day","daily",NA,2,TRUE
"2012-08-03",118.888,FALSE,NA,NA,"<= day","daily",NA,2,TRUE
"2012-08-04",119.392,FALSE,NA,NA,"<= day","daily",NA,2,TRUE
"2012-08-05",119.396,FALSE,NA,NA,"<= day","daily",NA,2,TRUE
"2012-08-06",120.267,FALSE,NA,NA,"<= day","daily",NA,2,TRUE
"2012-08-07",120.496,FALSE,NA,NA,"<= day","daily",NA,2,TRUE
"2012-08-08",120.921,FALSE,NA,NA,"<= day","daily",NA,2,TRUE
"2012-08-09",121.204,FALSE,NA,NA,"<= day","daily",NA,2,TRUE
"2012-08-10",122.6,FALSE,NA,NA,"<= day","daily",NA,2,TRUE
"2012-08-11",122.254,FALSE,NA,NA,"<= day","daily",NA,2,TRUE
"2012-08-12",122.088,FALSE,NA,NA,"<= day","daily",NA,2,TRUE
"2012-08-13",121.996,FALSE,NA,NA,"<= day","daily",NA,2,TRUE
"2012-08-14",121.888,FALSE,NA,NA,"<= day","daily",NA,2,TRUE
"2012-08-15",121.408,FALSE,NA,NA,"<= day","daily",NA,2,TRUE
"2012-08-16",120.717,FALSE,NA,NA,"<= day","daily",NA,2,TRUE
"2012-08-17",120.775,FALSE,NA,NA,"<= day","daily",NA,2,TRUE
"2012-08-18",120.325,FALSE,NA,NA,"<= day","daily",NA,2,TRUE
"2012-08-19",119.817,FALSE,NA,NA,"<= day","daily",NA,2,TRUE
"2012-08-20",119.438,FALSE,NA,NA,"<= day","daily",NA,2,TRUE
"2012-08-21",118.825,FALSE,NA,NA,"<= day","daily",NA,2,TRUE
"2012-08-22",118.421,FALSE,NA,NA,"<= day","daily",NA,2,TRUE
"2012-08-23",117.792,FALSE,NA,NA,"<= day","daily",NA,2,TRUE
"2012-08-24",117.808,FALSE,NA,NA,"<= day","daily",NA,2,TRUE
"2012-08-25",117.254,FALSE,NA,NA,"<= day","daily",NA,2,TRUE
"2012-08-26",116.858,FALSE,NA,NA,"<= day","daily",NA,2,TRUE
"2012-08-27",116.821,FALSE,NA,NA,"<= day","daily",NA,2,TRUE
"2012-08-28",116.988,FALSE,NA,NA,"<= day","daily",NA,2,TRUE
"2012-08-29",117.092,FALSE,NA,NA,"<= day","daily",NA,2,TRUE
"2012-08-30",117.112,FALSE,NA,NA,"<= day","daily",NA,2,TRUE
"2012-08-31",116.717,FALSE,NA,NA,"<= day","daily",NA,2,TRUE
"2012-09-01",116.988,FALSE,NA,NA,"<= day","daily",NA,2,TRUE
"2012-09-02",117.617,FALSE,NA,NA,"<= day","daily",NA,2,TRUE
"2012-09-03",118.304,FALSE,NA,NA,"<= day","daily",NA,2,TRUE
"2012-09-04",119.192,FALSE,NA,NA,"<= day","daily",NA,2,TRUE
"2012-09-05",118.983,FALSE,NA,NA,"<= day","daily",NA,2,TRUE
"2012-09-06",118.904,FALSE,NA,NA,"<= day","daily",NA,2,TRUE
"2012-09-07",118.833,FALSE,NA,NA,"<= day","daily",NA,2,TRUE
"2012-09-08",118.267,FALSE,NA,NA,"<= day","daily",NA,2,TRUE
"2012-09-09",117.875,FALSE,NA,NA,"<= day","daily",NA,2,TRUE
"2012-09-10",117.171,FALSE,NA,NA,"<= day","daily",NA,2,TRUE
"2012-09-11",116.729,FALSE,NA,NA,"<= day","daily",NA,2,TRUE
"2012-09-12",115.908,FALSE,NA,NA,"<= day","daily",NA,2,TRUE
"2012-09-13",115.65,FALSE,NA,NA,"<= day","daily",NA,2,TRUE
"2012-09-14",115.471,FALSE,NA,NA,"<= day","daily",NA,2,TRUE
"2012-09-15",115.542,FALSE,NA,NA,"<= day","daily",NA,2,TRUE
"2012-09-16",116.396,FALSE,NA,NA,"<= day","daily",NA,2,TRUE
"2012-09-17",116.062,FALSE,NA,NA,"<= day","daily",NA,2,TRUE
"2012-09-18",116.071,FALSE,NA,NA,"<= day","daily",NA,2,TRUE
"2012-09-19",115.954,FALSE,NA,NA,"<= day","daily",NA,2,TRUE
"2012-09-20",115.787,FALSE,NA,NA,"<= day","daily",NA,2,TRUE
"2012-09-21",115.525,FALSE,NA,NA,"<= day","daily",NA,2,TRUE
"2012-09-22",115.196,FALSE,NA,NA,"<= day","daily",NA,2,TRUE
"2012-09-23",114.925,FALSE,NA,NA,"<= day","daily",NA,2,TRUE
"2012-09-24",114.379,FALSE,NA,NA,"<= day","daily",NA,2,TRUE
"2012-09-25",114.012,FALSE,NA,NA,"<= day","daily",NA,2,TRUE
"2012-09-26",113.304,FALSE,NA,NA,"<= day","daily",NA,2,TRUE
"2012-09-27",113.154,FALSE,NA,NA,"<= day","daily",NA,2,TRUE
"2012-09-28",112.733,FALSE,NA,NA,"<= day","daily",NA,2,TRUE
"2012-09-29",112.075,FALSE,NA,NA,"<= day","daily",NA,2,TRUE
"2012-09-30",111.954,FALSE,NA,NA,"<= day","daily",NA,2,TRUE
"2012-10-01",111.608,FALSE,NA,NA,"<= day","daily",NA,2,TRUE
"2012-10-02",111.083,FALSE,NA,NA,"<= day","daily",NA,2,TRUE
"2012-10-03",110.808,FALSE,NA,NA,"<= day","daily",NA,2,TRUE
"2012-10-04",110.308,FALSE,NA,NA,"<= day","daily",NA,2,TRUE
"2012-10-05",109.833,FALSE,NA,NA,"<= day","daily",NA,2,TRUE
"2012-10-06",109.692,FALSE,NA,NA,"<= day","daily",NA,2,TRUE
"2012-10-07",109.125,FALSE,NA,NA,"<= day","daily",NA,2,TRUE
"2012-10-08",108.838,FALSE,NA,NA,"<= day","daily",NA,2,TRUE
"2012-10-09",108.7,FALSE,NA,NA,"<= day","daily",NA,2,TRUE
"2012-10-10",107.875,FALSE,NA,NA,"<= day","daily",NA,2,TRUE
"2012-10-11",107.925,FALSE,NA,NA,"<= day","daily",NA,2,TRUE
"2012-10-12",108.392,FALSE,NA,NA,"<= day","daily",NA,2,TRUE
"2012-10-13",108.104,FALSE,NA,NA,"<= day","daily",NA,2,TRUE
"2012-10-14",108.133,FALSE,NA,NA,"<= day","daily",NA,2,TRUE
"2012-10-15",108.062,FALSE,NA,NA,"<= day","daily",NA,2,TRUE
"2012-10-16",107.958,FALSE,NA,NA,"<= day","daily",NA,2,TRUE
"2012-10-17",107.867,FALSE,NA,NA,"<= day","daily",NA,2,TRUE
"2012-10-18",107.475,FALSE,NA,NA,"<= day","daily",NA,2,TRUE
"2012-10-19",107.25,FALSE,NA,NA,"<= day","daily",NA,2,TRUE
"2012-10-20",106.967,FALSE,NA,NA,"<= day","daily",NA,2,TRUE
"2012-10-21",106.963,FALSE,NA,NA,"<= day","daily",NA,2,TRUE
"2012-10-22",106.792,FALSE,NA,NA,"<= day","daily",NA,2,TRUE
"2012-10-23",106.104,FALSE,NA,NA,"<= day","daily",NA,2,TRUE
"2012-10-24",105.867,FALSE,NA,NA,"<= day","daily",NA,2,TRUE
"2012-10-25",105.475,FALSE,NA,NA,"<= day","daily",NA,2,TRUE
"2012-10-26",104.875,FALSE,NA,NA,"<= day","daily",NA,2,TRUE
"2012-10-27",104.275,FALSE,NA,NA,"<= day","daily",NA,2,TRUE
"2012-10-28",104.158,FALSE,NA,NA,"<= day","daily",NA,2,TRUE
"2012-10-29",103.746,FALSE,NA,NA,"<= day","daily",NA,2,TRUE
"2012-10-30",103.304,FALSE,NA,NA,"<= day","daily",NA,2,TRUE
"2012-10-31",103.033,FALSE,NA,NA,"<= day","daily",NA,2,TRUE
"2012-11-01",102.854,FALSE,NA,NA,"<= day","daily",NA,2,TRUE
"2012-11-02",102.388,FALSE,NA,NA,"<= day","daily",NA,2,TRUE
"2012-11-03",102.004,FALSE,NA,NA,"<= day","daily",NA,2,TRUE
"2012-11-04",101.912,FALSE,NA,NA,"<= day","daily",NA,2,TRUE
"2012-11-05",101.271,FALSE,NA,NA,"<= day","daily",NA,2,TRUE
"2012-11-06",101.012,FALSE,NA,NA,"<= day","daily",NA,2,TRUE
"2012-11-07",100.846,FALSE,NA,NA,"<= day","daily",NA,2,TRUE
"2012-11-08",100.633,FALSE,NA,NA,"<= day","daily",NA,2,TRUE
"2012-11-09",100.162,FALSE,NA,NA,"<= day","daily",NA,2,TRUE
"2012-11-10",99.888,FALSE,NA,NA,"<= day","daily",NA,2,TRUE
"2012-11-11",99.338,FALSE,NA,NA,"<= day","daily",NA,2,TRUE
"2012-11-12",99.062,FALSE,NA,NA,"<= day","daily",NA,2,TRUE
"2012-11-13",98.904,FALSE,NA,NA,"<= day","daily",NA,2,TRUE
"2012-11-14",98.4,FALSE,NA,NA,"<= day","daily",NA,2,TRUE
"2012-11-15",98.25,FALSE,NA,NA,"<= day","daily",NA,2,TRUE
"2012-11-16",98,FALSE,NA,NA,"<= day","daily",NA,2,TRUE
"2012-11-17",97.8,FALSE,NA,NA,"<= day","daily",NA,2,TRUE
"2012-11-18",97.171,FALSE,NA,NA,"<= day","daily",NA,2,TRUE
"2012-11-19",96.8,FALSE,NA,NA,"<= day","daily",NA,2,TRUE
"2012-11-20",96.575,FALSE,NA,NA,"<= day","daily",NA,2,TRUE
"2012-11-21",96.238,FALSE,NA,NA,"<= day","daily",NA,2,TRUE
"2012-11-22",95.9,FALSE,NA,NA,"<= day","daily",NA,2,TRUE
"2012-11-23",95.612,FALSE,NA,NA,"<= day","daily",NA,2,TRUE
"2012-11-24",94.954,FALSE,NA,NA,"<= day","daily",NA,2,TRUE
"2012-11-25",94.833,FALSE,NA,NA,"<= day","daily",NA,2,TRUE
"2012-11-26",94.192,FALSE,NA,NA,"<= day","daily",NA,2,TRUE
"2012-11-27",93.892,FALSE,NA,NA,"<= day","daily",NA,2,TRUE
"2012-11-28",93.483,FALSE,NA,NA,"<= day","daily",NA,2,TRUE
"2012-11-29",92.996,FALSE,NA,NA,"<= day","daily",NA,2,TRUE
"2012-11-30",92.792,FALSE,NA,NA,"<= day","daily",NA,2,TRUE
"2012-12-01",92.554,FALSE,NA,NA,"<= day","daily",NA,2,TRUE
"2012-12-02",92.021,FALSE,NA,NA,"<= day","daily",NA,2,TRUE
"2012-12-03",91.688,FALSE,NA,NA,"<= day","daily",NA,2,TRUE
"2012-12-04",91.054,FALSE,NA,NA,"<= day","daily",NA,2,TRUE
"2012-12-05",90.925,FALSE,NA,NA,"<= day","daily",NA,2,TRUE
"2012-12-06",90.488,FALSE,NA,NA,"<= day","daily",NA,2,TRUE
"2012-12-07",90.012,FALSE,NA,NA,"<= day","daily",NA,2,TRUE
"2012-12-08",89.862,FALSE,NA,NA,"<= day","daily",NA,2,TRUE
"2012-12-09",89.121,FALSE,NA,NA,"<= day","daily",NA,2,TRUE
"2012-12-10",88.958,FALSE,NA,NA,"<= day","daily",NA,2,TRUE
"2012-12-11",88.592,FALSE,NA,NA,"<= day","daily",NA,2,TRUE
"2012-12-12",88,FALSE,NA,NA,"<= day","daily",NA,2,TRUE
"2012-12-13",87.938,FALSE,NA,NA,"<= day","daily",NA,2,TRUE
"2012-12-14",87.362,FALSE,NA,NA,"<= day","daily",NA,2,TRUE
"2012-12-15",86.388,FALSE,NA,NA,"<= day","daily",NA,2,TRUE
"2012-12-16",86.488,FALSE,NA,NA,"<= day","daily",NA,2,TRUE
"2012-12-17",86.433,FALSE,NA,NA,"<= day","daily",NA,2,TRUE
"2012-12-18",85.792,FALSE,NA,NA,"<= day","daily",NA,2,TRUE
"2012-12-19",85.421,FALSE,NA,NA,"<= day","daily",NA,2,TRUE
"2012-12-20",84.854,FALSE,NA,NA,"<= day","daily",NA,2,TRUE
"2012-12-21",84.579,FALSE,NA,NA,"<= day","daily",NA,2,TRUE
"2012-12-22",84.496,FALSE,NA,NA,"<= day","daily",NA,2,TRUE
"2012-12-23",84.6,FALSE,NA,NA,"<= day","daily",NA,2,TRUE
"2012-12-24",84.183,FALSE,NA,NA,"<= day","daily",NA,2,TRUE
"2012-12-25",83.896,FALSE,NA,NA,"<= day","daily",NA,2,TRUE
"2012-12-26",83.767,FALSE,NA,NA,"<= day","daily",NA,2,TRUE
"2012-12-27",83.496,FALSE,NA,NA,"<= day","daily",NA,2,TRUE
"2012-12-28",83.267,FALSE,NA,NA,"<= day","daily",NA,2,TRUE
"2012-12-29",82.942,FALSE,NA,NA,"<= day","daily",NA,2,TRUE
"2012-12-30",82.858,FALSE,NA,NA,"<= day","daily",NA,2,TRUE
"2012-12-31",82.842,FALSE,NA,NA,"<= day","daily",NA,2,TRUE
"2013-01-01",82.529,FALSE,NA,NA,"<= day","daily",NA,2,TRUE
"2013-01-02",81.967,FALSE,NA,NA,"<= day","daily",NA,2,TRUE
"2013-01-03",81.871,FALSE,NA,NA,"<= day","daily",NA,2,TRUE
"2013-01-04",81.213,FALSE,NA,NA,"<= day","daily",NA,2,TRUE
"2013-01-05",80.892,FALSE,NA,NA,"<= day","daily",NA,2,TRUE
"2013-01-06",80.792,FALSE,NA,NA,"<= day","daily",NA,2,TRUE
"2013-01-07",80.404,FALSE,NA,NA,"<= day","daily",NA,2,TRUE
"2013-01-08",80.108,FALSE,NA,NA,"<= day","daily",NA,2,TRUE
"2013-01-09",79.942,FALSE,NA,NA,"<= day","daily",NA,2,TRUE
"2013-01-10",79.933,FALSE,NA,NA,"<= day","daily",NA,2,TRUE
"2013-01-11",79.783,FALSE,NA,NA,"<= day","daily",NA,2,TRUE
"2013-01-12",79.067,FALSE,NA,NA,"<= day","daily",NA,2,TRUE
"2013-01-13",78.958,FALSE,NA,NA,"<= day","daily",NA,2,TRUE
"2013-01-14",78.854,FALSE,NA,NA,"<= day","daily",NA,2,TRUE
"2013-01-15",78.875,FALSE,NA,NA,"<= day","daily",NA,2,TRUE
"2013-01-16",78.242,FALSE,NA,NA,"<= day","daily",NA,2,TRUE
"2013-01-17",77.967,FALSE,NA,NA,"<= day","daily",NA,2,TRUE
"2013-01-18",77.775,FALSE,NA,NA,"<= day","daily",NA,2,TRUE
"2013-01-19",77.658,FALSE,NA,NA,"<= day","daily",NA,2,TRUE
"2013-01-20",77.033,FALSE,NA,NA,"<= day","daily",NA,2,TRUE
"2013-01-21",76.562,FALSE,NA,NA,"<= day","daily",NA,2,TRUE
"2013-01-22",76.521,FALSE,NA,NA,"<= day","daily",NA,2,TRUE
"2013-01-23",76.058,FALSE,NA,NA,"<= day","daily",NA,2,TRUE
"2013-01-24",75.2,FALSE,NA,NA,"<= day","daily",NA,2,TRUE
"2013-01-25",75.021,FALSE,NA,NA,"<= day","daily",NA,2,TRUE
"2013-01-26",75.079,FALSE,NA,NA,"<= day","daily",NA,2,TRUE
"2013-01-27",74.929,FALSE,NA,NA,"<= day","daily",NA,2,TRUE
"2013-01-28",74.867,FALSE,NA,NA,"<= day","daily",NA,2,TRUE
"2013-01-29",74.375,FALSE,NA,NA,"<= day","daily",NA,2,TRUE
"2013-01-30",73.921,FALSE,NA,NA,"<= day","daily",NA,2,TRUE
"2013-01-31",73.908,FALSE,NA,NA,"<= day","daily",NA,2,TRUE
"2013-02-01",73.875,FALSE,NA,NA,"<= day","daily",NA,2,TRUE
"2013-02-02",73.546,FALSE,NA,NA,"<= day","daily",NA,2,TRUE
"2013-02-03",73.025,FALSE,NA,NA,"<= day","daily",NA,2,TRUE
"2013-02-04",73,FALSE,NA,NA,"<= day","daily",NA,2,TRUE
"2013-02-05",72.746,FALSE,NA,NA,"<= day","daily",NA,2,TRUE
"2013-02-06",72.846,FALSE,NA,NA,"<= day","daily",NA,2,TRUE
"2013-02-07",72.696,FALSE,NA,NA,"<= day","daily",NA,2,TRUE
"2013-02-08",72.379,FALSE,NA,NA,"<= day","daily",NA,2,TRUE
"2013-02-09",71.963,FALSE,NA,NA,"<= day","daily",NA,2,TRUE
"2013-02-10",71.717,FALSE,NA,NA,"<= day","daily",NA,2,TRUE
"2013-02-11",71.688,FALSE,NA,NA,"<= day","daily",NA,2,TRUE
"2013-02-12",71.392,FALSE,NA,NA,"<= day","daily",NA,2,TRUE
"2013-02-13",70.938,FALSE,NA,NA,"<= day","daily",NA,2,TRUE
"2013-02-14",70.6,FALSE,NA,NA,"<= day","daily",NA,2,TRUE
"2013-02-15",70.429,FALSE,NA,NA,"<= day","daily",NA,2,TRUE
"2013-02-16",70.267,FALSE,NA,NA,"<= day","daily",NA,2,TRUE
"2013-02-17",69.979,FALSE,NA,NA,"<= day","daily",NA,2,TRUE
"2013-02-18",69.521,FALSE,NA,NA,"<= day","daily",NA,2,TRUE
"2013-02-19",69.479,FALSE,NA,NA,"<= day","daily",NA,2,TRUE
"2013-02-20",69.229,FALSE,NA,NA,"<= day","daily",NA,2,TRUE
"2013-02-21",69,FALSE,NA,NA,"<= day","daily",NA,2,TRUE
"2013-02-22",68.933,FALSE,NA,NA,"<= day","daily",NA,2,TRUE
"2013-02-23",68.717,FALSE,NA,NA,"<= day","daily",NA,2,TRUE
"2013-02-24",68.746,FALSE,NA,NA,"<= day","daily",NA,2,TRUE
"2013-02-25",68.554,FALSE,NA,NA,"<= day","daily",NA,2,TRUE
"2013-02-26",67.958,FALSE,NA,NA,"<= day","daily",NA,2,TRUE
"2013-02-27",67.871,FALSE,NA,NA,"<= day","daily",NA,2,TRUE
"2013-02-28",67.812,FALSE,NA,NA,"<= day","daily",NA,2,TRUE
"2013-03-01",67.775,FALSE,NA,NA,"<= day","daily",NA,2,TRUE
"2013-03-02",67.379,FALSE,NA,NA,"<= day","daily",NA,2,TRUE
"2013-03-03",67.221,FALSE,NA,NA,"<= day","daily",NA,2,TRUE
"2013-03-04",66.892,FALSE,NA,NA,"<= day","daily",NA,2,TRUE
"2013-03-05",66.938,FALSE,NA,NA,"<= day","daily",NA,2,TRUE
"2013-03-06",66.963,FALSE,NA,NA,"<= day","daily",NA,2,TRUE
"2013-03-07",66.971,FALSE,NA,NA,"<= day","daily",NA,2,TRUE
"2013-03-08",67,FALSE,NA,NA,"<= day","daily",NA,2,TRUE
"2013-03-09",66.825,FALSE,NA,NA,"<= day","daily",NA,2,TRUE
"2013-03-10",66.521,FALSE,NA,NA,"<= day","daily",NA,2,TRUE
"2013-03-11",67.188,FALSE,NA,NA,"<= day","daily",NA,2,TRUE
"2013-03-12",67.025,FALSE,NA,NA,"<= day","daily",NA,2,TRUE
"2013-03-13",67,FALSE,NA,NA,"<= day","daily",NA,2,TRUE
"2013-03-14",67,FALSE,NA,NA,"<= day","daily",NA,2,TRUE
"2013-03-15",67,FALSE,NA,NA,"<= day","daily",NA,2,TRUE
"2013-03-16",67,FALSE,NA,NA,"<= day","daily",NA,2,TRUE
"2013-03-17",67,FALSE,NA,NA,"<= day","daily",NA,2,TRUE
"2013-03-18",66.817,FALSE,NA,NA,"<= day","daily",NA,2,TRUE
"2013-03-19",66.333,FALSE,NA,NA,"<= day","daily",NA,2,TRUE
"2013-03-20",66.338,FALSE,NA,NA,"<= day","daily",NA,2,TRUE
"2013-03-21",66.117,FALSE,NA,NA,"<= day","daily",NA,2,TRUE
"2013-03-22",66,FALSE,NA,NA,"<= day","daily",NA,2,TRUE
"2013-03-23",65.917,FALSE,NA,NA,"<= day","daily",NA,2,TRUE
"2013-03-24",65.896,FALSE,NA,NA,"<= day","daily",NA,2,TRUE
"2013-03-25",65.546,FALSE,NA,NA,"<= day","daily",NA,2,TRUE
"2013-03-26",65.338,FALSE,NA,NA,"<= day","daily",NA,2,TRUE
"2013-03-27",65.346,FALSE,NA,NA,"<= day","daily",NA,2,TRUE
"2013-03-28",64.858,FALSE,NA,NA,"<= day","daily",NA,2,TRUE
"2013-03-29",65.004,FALSE,NA,NA,"<= day","daily",NA,2,TRUE
"2013-03-30",65,FALSE,NA,NA,"<= day","daily",NA,2,TRUE
"2013-03-31",64.808,FALSE,NA,NA,"<= day","daily",NA,2,TRUE
"2013-04-01",64.533,FALSE,NA,NA,"<= day","daily",NA,2,TRUE
"2013-04-02",64.025,FALSE,NA,NA,"<= day","daily",NA,2,TRUE
"2013-04-03",64,FALSE,NA,NA,"<= day","daily",NA,2,TRUE
"2013-04-04",64,FALSE,NA,NA,"<= day","daily",NA,2,TRUE
"2013-04-05",64,FALSE,NA,NA,"<= day","daily",NA,2,TRUE
"2013-04-06",64,FALSE,NA,NA,"<= day","daily",NA,2,TRUE
"2013-04-07",64,FALSE,NA,NA,"<= day","daily",NA,2,TRUE
"2013-04-08",63.7,FALSE,NA,NA,"<= day","daily",NA,2,TRUE
"2013-04-09",63.121,FALSE,NA,NA,"<= day","daily",NA,2,TRUE
"2013-04-10",63.55,FALSE,NA,NA,"<= day","daily",NA,2,TRUE
"2013-04-11",63.483,FALSE,NA,NA,"<= day","daily",NA,2,TRUE
"2013-04-12",63.033,FALSE,NA,NA,"<= day","daily",NA,2,TRUE
"2013-04-13",63,FALSE,NA,NA,"<= day","daily",NA,2,TRUE
"2013-04-14",63,FALSE,NA,NA,"<= day","daily",NA,2,TRUE
"2013-04-15",63,FALSE,NA,NA,"<= day","daily",NA,2,TRUE
"2013-04-16",63,FALSE,NA,NA,"<= day","daily",NA,2,TRUE
"2013-04-17",62.904,FALSE,NA,NA,"<= day","daily",NA,2,TRUE
"2013-04-18",63.487,FALSE,NA,NA,"<= day","daily",NA,2,TRUE
"2013-04-19",63.583,FALSE,NA,NA,"<= day","daily",NA,2,TRUE
"2013-04-20",64.438,FALSE,NA,NA,"<= day","daily",NA,2,TRUE
"2013-04-21",64.392,FALSE,NA,NA,"<= day","daily",NA,2,TRUE
"2013-04-22",65.104,FALSE,NA,NA,"<= day","daily",NA,2,TRUE
"2013-04-23",65.838,FALSE,NA,NA,"<= day","daily",NA,2,TRUE
"2013-04-24",66.233,FALSE,NA,NA,"<= day","daily",NA,2,TRUE
"2013-04-25",66.125,FALSE,NA,NA,"<= day","daily",NA,2,TRUE
"2013-04-26",66.679,FALSE,NA,NA,"<= day","daily",NA,2,TRUE
"2013-04-27",67,FALSE,NA,NA,"<= day","daily",NA,2,TRUE
"2013-04-28",67.204,FALSE,NA,NA,"<= day","daily",NA,2,TRUE
"2013-04-29",67.604,FALSE,NA,NA,"<= day","daily",NA,2,TRUE
"2013-04-30",67.921,FALSE,NA,NA,"<= day","daily",NA,2,TRUE
"2013-05-01",68.029,FALSE,NA,NA,"<= day","daily",NA,2,TRUE
"2013-05-02",68.492,FALSE,NA,NA,"<= day","daily",NA,2,TRUE
"2013-05-03",69,FALSE,NA,NA,"<= day","daily",NA,2,TRUE
"2013-05-04",69,FALSE,NA,NA,"<= day","daily",NA,2,TRUE
"2013-05-05",69.121,FALSE,NA,NA,"<= day","daily",NA,2,TRUE
"2013-05-06",69.108,FALSE,NA,NA,"<= day","daily",NA,2,TRUE
"2013-05-07",69.762,FALSE,NA,NA,"<= day","daily",NA,2,TRUE
"2013-05-08",69.787,FALSE,NA,NA,"<= day","daily",NA,2,TRUE
"2013-05-09",69.883,FALSE,NA,NA,"<= day","daily",NA,2,TRUE
"2013-05-10",70,FALSE,NA,NA,"<= day","daily",NA,2,TRUE
"2013-05-11",70.033,FALSE,NA,NA,"<= day","daily",NA,2,TRUE
"2013-05-12",70.008,FALSE,NA,NA,"<= day","daily",NA,2,TRUE
"2013-05-13",70.646,FALSE,NA,NA,"<= day","daily",NA,2,TRUE
"2013-05-14",70.9,FALSE,NA,NA,"<= day","daily",NA,2,TRUE
"2013-05-15",71.117,FALSE,NA,NA,"<= day","daily",NA,2,TRUE
"2013-05-16",71.308,FALSE,NA,NA,"<= day","daily",NA,2,TRUE
"2013-05-17",71.583,FALSE,NA,NA,"<= day","daily",NA,2,TRUE
"2013-05-18",71.658,FALSE,NA,NA,"<= day","daily",NA,2,TRUE
"2013-05-19",72.029,FALSE,NA,NA,"<= day","daily",NA,2,TRUE
"2013-05-20",72.033,FALSE,NA,NA,"<= day","daily",NA,2,TRUE
"2013-05-21",72.258,FALSE,NA,NA,"<= day","daily",NA,2,TRUE
"2013-05-22",72.733,FALSE,NA,NA,"<= day","daily",NA,2,TRUE
"2013-05-23",72.879,FALSE,NA,NA,"<= day","daily",NA,2,TRUE
"2013-05-24",73,FALSE,NA,NA,"<= day","daily",NA,2,TRUE
"2013-05-25",73,FALSE,NA,NA,"<= day","daily",NA,2,TRUE
"2013-05-26",72.892,FALSE,NA,NA,"<= day","daily",NA,2,TRUE
"2013-05-27",73.138,FALSE,NA,NA,"<= day","daily",NA,2,TRUE
"2013-05-28",73,FALSE,NA,NA,"<= day","daily",NA,2,TRUE
"2013-05-29",73.042,FALSE,NA,NA,"<= day","daily",NA,2,TRUE
"2013-05-30",73.308,FALSE,NA,NA,"<= day","daily",NA,2,TRUE
"2013-05-31",74.138,FALSE,NA,NA,"<= day","daily",NA,2,TRUE
"2013-06-01",74.329,FALSE,NA,NA,"<= day","daily",NA,2,TRUE
"2013-06-02",75.571,FALSE,NA,NA,"<= day","daily",NA,2,TRUE
"2013-06-03",77.404,FALSE,NA,NA,"<= day","daily",NA,2,TRUE
"2013-06-04",80.421,FALSE,NA,NA,"<= day","daily",NA,2,TRUE
"2013-06-05",83.729,FALSE,NA,NA,"<= day","daily",NA,2,TRUE
"2013-06-06",86.458,FALSE,NA,NA,"<= day","daily",NA,2,TRUE
"2013-06-07",88.533,FALSE,NA,NA,"<= day","daily",NA,2,TRUE
"2013-06-08",90.029,FALSE,NA,NA,"<= day","daily",NA,2,TRUE
"2013-06-09",90.796,FALSE,NA,NA,"<= day","daily",NA,2,TRUE
"2013-06-10",91.508,FALSE,NA,NA,"<= day","daily",NA,2,TRUE
"2013-06-11",92.238,FALSE,NA,NA,"<= day","daily",NA,2,TRUE
"2013-06-12",92.629,FALSE,NA,NA,"<= day","daily",NA,2,TRUE
"2013-06-13",92.983,FALSE,NA,NA,"<= day","daily",NA,2,TRUE
"2013-06-14",92.821,FALSE,NA,NA,"<= day","daily",NA,2,TRUE
"2013-06-15",92.942,FALSE,NA,NA,"<= day","daily",NA,2,TRUE
"2013-06-16",92.946,FALSE,NA,NA,"<= day","daily",NA,2,TRUE
"2013-06-17",93,FALSE,NA,NA,"<= day","daily",NA,2,TRUE
"2013-06-18",93.012,FALSE,NA,NA,"<= day","daily",NA,2,TRUE
"2013-06-19",93.088,FALSE,NA,NA,"<= day","daily",NA,2,TRUE
"2013-06-20",93.633,FALSE,NA,NA,"<= day","daily",NA,2,TRUE
"2013-06-21",93.579,FALSE,NA,NA,"<= day","daily",NA,2,TRUE
"2013-06-22",93.8,FALSE,NA,NA,"<= day","daily",NA,2,TRUE
"2013-06-23",93.95,FALSE,NA,NA,"<= day","daily",NA,2,TRUE
"2013-06-24",94.004,FALSE,NA,NA,"<= day","daily",NA,2,TRUE
"2013-06-25",94.483,FALSE,NA,NA,"<= day","daily",NA,2,TRUE
"2013-06-26",95.304,FALSE,NA,NA,"<= day","daily",NA,2,TRUE
"2013-06-27",96.096,FALSE,NA,NA,"<= day","daily",NA,2,TRUE
"2013-06-28",97.004,FALSE,NA,NA,"<= day","daily",NA,2,TRUE
"2013-06-29",97.246,FALSE,NA,NA,"<= day","daily",NA,2,TRUE
"2013-06-30",98.408,FALSE,NA,NA,"<= day","daily",NA,2,TRUE
"2013-07-01",98.717,FALSE,NA,NA,"<= day","daily",NA,2,TRUE
"2013-07-02",99.775,FALSE,NA,NA,"<= day","daily",NA,2,TRUE
"2013-07-03",100.075,FALSE,NA,NA,"<= day","daily",NA,2,TRUE
"2013-07-04",100.862,FALSE,NA,NA,"<= day","daily",NA,2,TRUE
"2013-07-05",101.133,FALSE,NA,NA,"<= day","daily",NA,2,TRUE
"2013-07-06",101.679,FALSE,NA,NA,"<= day","daily",NA,2,TRUE
"2013-07-07",101.979,FALSE,NA,NA,"<= day","daily",NA,2,TRUE
"2013-07-08",102.254,FALSE,NA,NA,"<= day","daily",NA,2,TRUE
"2013-07-09",102.846,FALSE,NA,NA,"<= day","daily",NA,2,TRUE
"2013-07-10",103.025,FALSE,NA,NA,"<= day","daily",NA,2,TRUE
"2013-07-11",103.583,FALSE,NA,NA,"<= day","daily",NA,2,TRUE
"2013-07-12",103.742,FALSE,NA,NA,"<= day","daily",NA,2,TRUE
"2013-07-13",103.338,FALSE,NA,NA,"<= day","daily",NA,2,TRUE
"2013-07-14",104.583,FALSE,NA,NA,"<= day","daily",NA,2,TRUE
"2013-07-15",104.171,FALSE,NA,NA,"<= day","daily",NA,2,TRUE
"2013-07-16",104.208,FALSE,NA,NA,"<= day","daily",NA,2,TRUE
"2013-07-17",104.338,FALSE,NA,NA,"<= day","daily",NA,2,TRUE
"2013-07-18",104.4,FALSE,NA,NA,"<= day","daily",NA,2,TRUE
"2013-07-19",104.296,FALSE,NA,NA,"<= day","daily",NA,2,TRUE
"2013-07-20",104.713,FALSE,NA,NA,"<= day","daily",NA,2,TRUE
"2013-07-21",104.875,FALSE,NA,NA,"<= day","daily",NA,2,TRUE
"2013-07-22",104.946,FALSE,NA,NA,"<= day","daily",NA,2,TRUE
"2013-07-23",105,FALSE,NA,NA,"<= day","daily",NA,2,TRUE
"2013-07-24",104.979,FALSE,NA,NA,"<= day","daily",NA,2,TRUE
"2013-07-25",105.025,FALSE,NA,NA,"<= day","daily",NA,2,TRUE
"2013-07-26",104.992,FALSE,NA,NA,"<= day","daily",NA,2,TRUE
"2013-07-27",105,FALSE,NA,NA,"<= day","daily",NA,2,TRUE
"2013-07-28",104.971,FALSE,NA,NA,"<= day","daily",NA,2,TRUE
"2013-07-29",104.992,FALSE,NA,NA,"<= day","daily",NA,2,TRUE
"2013-07-30",105,FALSE,NA,NA,"<= day","daily",NA,2,TRUE
"2013-07-31",104.95,FALSE,NA,NA,"<= day","daily",NA,2,TRUE
"2013-08-01",104.846,FALSE,NA,NA,"<= day","daily",NA,2,TRUE
"2013-08-02",104.892,FALSE,NA,NA,"<= day","daily",NA,2,TRUE
"2013-08-03",104.738,FALSE,NA,NA,"<= day","daily",NA,2,TRUE
"2013-08-04",104.396,FALSE,NA,NA,"<= day","daily",NA,2,TRUE
"2013-08-05",104.037,FALSE,NA,NA,"<= day","daily",NA,2,TRUE
"2013-08-06",103.829,FALSE,NA,NA,"<= day","daily",NA,2,TRUE
"2013-08-07",103.792,FALSE,NA,NA,"<= day","daily",NA,2,TRUE
"2013-08-08",103.7,FALSE,NA,NA,"<= day","daily",NA,2,TRUE
"2013-08-09",103.229,FALSE,NA,NA,"<= day","daily",NA,2,TRUE
"2013-08-10",103.054,FALSE,NA,NA,"<= day","daily",NA,2,TRUE
"2013-08-11",103.042,FALSE,NA,NA,"<= day","daily",NA,2,TRUE
"2013-08-12",103.025,FALSE,NA,NA,"<= day","daily",NA,2,TRUE
"2013-08-13",102.9,FALSE,NA,NA,"<= day","daily",NA,2,TRUE
"2013-08-14",102.742,FALSE,NA,NA,"<= day","daily",NA,2,TRUE
"2013-08-15",102.242,FALSE,NA,NA,"<= day","daily",NA,2,TRUE
"2013-08-16",102.029,FALSE,NA,NA,"<= day","daily",NA,2,TRUE
"2013-08-17",101.938,FALSE,NA,NA,"<= day","daily",NA,2,TRUE
"2013-08-18",101.446,FALSE,NA,NA,"<= day","daily",NA,2,TRUE
"2013-08-19",101.033,FALSE,NA,NA,"<= day","daily",NA,2,TRUE
"2013-08-20",100.892,FALSE,NA,NA,"<= day","daily",NA,2,TRUE
"2013-08-21",101,FALSE,NA,NA,"<= day","daily",NA,2,TRUE
"2013-08-22",100.858,FALSE,NA,NA,"<= day","daily",NA,2,TRUE
"2013-08-23",100.575,FALSE,NA,NA,"<= day","daily",NA,2,TRUE
"2013-08-24",100.821,FALSE,NA,NA,"<= day","daily",NA,2,TRUE
"2013-08-25",100.704,FALSE,NA,NA,"<= day","daily",NA,2,TRUE
"2013-08-26",100.725,FALSE,NA,NA,"<= day","daily",NA,2,TRUE
"2013-08-27",101.521,FALSE,NA,NA,"<= day","daily",NA,2,TRUE
"2013-08-28",101.471,FALSE,NA,NA,"<= day","daily",NA,2,TRUE
"2013-08-29",101.592,FALSE,NA,NA,"<= day","daily",NA,2,TRUE
"2013-08-30",101.9,FALSE,NA,NA,"<= day","daily",NA,2,TRUE
"2013-08-31",102,FALSE,NA,NA,"<= day","daily",NA,2,TRUE
"2013-09-01",101.938,FALSE,NA,NA,"<= day","daily",NA,2,TRUE
"2013-09-02",101.796,FALSE,NA,NA,"<= day","daily",NA,2,TRUE
"2013-09-03",101.675,FALSE,NA,NA,"<= day","daily",NA,2,TRUE
"2013-09-04",101.012,FALSE,NA,NA,"<= day","daily",NA,2,TRUE
"2013-09-05",100.742,FALSE,NA,NA,"<= day","daily",NA,2,TRUE
"2013-09-06",100.567,FALSE,NA,NA,"<= day","daily",NA,2,TRUE
"2013-09-07",99.946,FALSE,NA,NA,"<= day","daily",NA,2,TRUE
"2013-09-08",99.812,FALSE,NA,NA,"<= day","daily",NA,2,TRUE
"2013-09-09",99.321,FALSE,NA,NA,"<= day","daily",NA,2,TRUE
"2013-09-10",99,FALSE,NA,NA,"<= day","daily",NA,2,TRUE
"2013-09-11",98.942,FALSE,NA,NA,"<= day","daily",NA,2,TRUE
"2013-09-12",98.967,FALSE,NA,NA,"<= day","daily",NA,2,TRUE
"2013-09-13",98.892,FALSE,NA,NA,"<= day","daily",NA,2,TRUE
"2013-09-14",98.942,FALSE,NA,NA,"<= day","daily",NA,2,TRUE
"2013-09-15",99.183,FALSE,NA,NA,"<= day","daily",NA,2,TRUE
"2013-09-16",99.25,FALSE,NA,NA,"<= day","daily",NA,2,TRUE
"2013-09-17",99.229,FALSE,NA,NA,"<= day","daily",NA,2,TRUE
"2013-09-18",99.708,FALSE,NA,NA,"<= day","daily",NA,2,TRUE
"2013-09-19",100.138,FALSE,NA,NA,"<= day","daily",NA,2,TRUE
"2013-09-20",100.896,FALSE,NA,NA,"<= day","daily",NA,2,TRUE
"2013-09-21",101.692,FALSE,NA,NA,"<= day","daily",NA,2,TRUE
"2013-09-22",102.1,FALSE,NA,NA,"<= day","daily",NA,2,TRUE
"2013-09-23",102.55,FALSE,NA,NA,"<= day","daily",NA,2,TRUE
"2013-09-24",102.179,FALSE,NA,NA,"<= day","daily",NA,2,TRUE
"2013-09-25",101.892,FALSE,NA,NA,"<= day","daily",NA,2,TRUE
"2013-09-26",101.679,FALSE,NA,NA,"<= day","daily",NA,2,TRUE
"2013-09-27",101.642,FALSE,NA,NA,"<= day","daily",NA,2,TRUE
"2013-09-28",101.083,FALSE,NA,NA,"<= day","daily",NA,2,TRUE
"2013-09-29",100.879,FALSE,NA,NA,"<= day","daily",NA,2,TRUE
"2013-09-30",100.55,FALSE,NA,NA,"<= day","daily",NA,2,TRUE
"2013-10-01",99.958,FALSE,NA,NA,"<= day","daily",NA,2,TRUE
"2013-10-02",99.721,FALSE,NA,NA,"<= day","daily",NA,2,TRUE
"2013-10-03",99.508,FALSE,NA,NA,"<= day","daily",NA,2,TRUE
"2013-10-04",99.296,FALSE,NA,NA,"<= day","daily",NA,2,TRUE
"2013-10-05",99.083,FALSE,NA,NA,"<= day","daily",NA,2,TRUE
"2013-10-06",98.871,FALSE,NA,NA,"<= day","daily",NA,2,TRUE
"2013-10-07",98.662,FALSE,NA,NA,"<= day","daily",NA,2,TRUE
"2013-10-08",98.446,FALSE,NA,NA,"<= day","daily",NA,2,TRUE
"2013-10-09",98.233,FALSE,NA,NA,"<= day","daily",NA,2,TRUE
"2013-10-10",98.021,FALSE,NA,NA,"<= day","daily",NA,2,TRUE
"2013-10-11",97.812,FALSE,NA,NA,"<= day","daily",NA,2,TRUE
"2013-10-12",97.6,FALSE,NA,NA,"<= day","daily",NA,2,TRUE
"2013-10-13",97.388,FALSE,NA,NA,"<= day","daily",NA,2,TRUE
"2013-10-14",97.179,FALSE,NA,NA,"<= day","daily",NA,2,TRUE
"2013-10-15",96.967,FALSE,NA,NA,"<= day","daily",NA,2,TRUE
"2013-10-16",96.754,FALSE,NA,NA,"<= day","daily",NA,2,TRUE
"2013-10-17",96.537,FALSE,NA,NA,"<= day","daily",NA,2,TRUE
"2013-10-18",96.329,FALSE,NA,NA,"<= day","daily",NA,2,TRUE
"2013-10-19",96.112,FALSE,NA,NA,"<= day","daily",NA,2,TRUE
"2013-10-20",95.904,FALSE,NA,NA,"<= day","daily",NA,2,TRUE
"2013-10-21",95.692,FALSE,NA,NA,"<= day","daily",NA,2,TRUE
"2013-10-22",95.479,FALSE,NA,NA,"<= day","daily",NA,2,TRUE
"2013-10-23",95.271,FALSE,NA,NA,"<= day","daily",NA,2,TRUE
"2013-10-24",95.058,FALSE,NA,NA,"<= day","daily",NA,2,TRUE
"2013-10-25",94.842,FALSE,NA,NA,"<= day","daily",NA,2,TRUE
"2013-10-26",94.629,FALSE,NA,NA,"<= day","daily",NA,2,TRUE
"2013-10-27",94.421,FALSE,NA,NA,"<= day","daily",NA,2,TRUE
"2013-10-28",94.208,FALSE,NA,NA,"<= day","daily",NA,2,TRUE
"2013-10-29",93.996,FALSE,NA,NA,"<= day","daily",NA,2,TRUE
"2013-10-30",93.787,FALSE,NA,NA,"<= day","daily",NA,2,TRUE
"2013-10-31",93.575,FALSE,NA,NA,"<= day","daily",NA,2,TRUE
"2013-11-01",93.362,FALSE,NA,NA,"<= day","daily",NA,2,TRUE
"2013-11-02",93.15,FALSE,NA,NA,"<= day","daily",NA,2,TRUE
"2013-11-03",92.933,FALSE,NA,NA,"<= day","daily",NA,2,TRUE
"2013-11-04",92.721,FALSE,NA,NA,"<= day","daily",NA,2,TRUE
"2013-11-05",92.512,FALSE,NA,NA,"<= day","daily",NA,2,TRUE
"2013-11-06",92.3,FALSE,NA,NA,"<= day","daily",NA,2,TRUE
"2013-11-07",92.088,FALSE,NA,NA,"<= day","daily",NA,2,TRUE
"2013-11-08",91.879,FALSE,NA,NA,"<= day","daily",NA,2,TRUE
"2013-11-09",91.667,FALSE,NA,NA,"<= day","daily",NA,2,TRUE
"2013-11-10",91.454,FALSE,NA,NA,"<= day","daily",NA,2,TRUE
"2013-11-11",91.238,FALSE,NA,NA,"<= day","daily",NA,2,TRUE
"2013-11-12",91.358,FALSE,NA,NA,"<= day","daily",NA,2,TRUE
"2013-11-13",91.7,FALSE,NA,NA,"<= day","daily",NA,2,TRUE
"2013-11-14",91.496,FALSE,NA,NA,"<= day","daily",NA,2,TRUE
"2013-11-15",91.562,FALSE,NA,NA,"<= day","daily",NA,2,TRUE
"2013-11-16",91.371,FALSE,NA,NA,"<= day","daily",NA,2,TRUE
"2013-11-17",91.4,FALSE,NA,NA,"<= day","daily",NA,2,TRUE
"2013-11-18",91.25,FALSE,NA,NA,"<= day","daily",NA,2,TRUE
"2013-11-19",91.092,FALSE,NA,NA,"<= day","daily",NA,2,TRUE
"2013-11-20",91.037,FALSE,NA,NA,"<= day","daily",NA,2,TRUE
"2013-11-21",90.733,FALSE,NA,NA,"<= day","daily",NA,2,TRUE
"2013-11-22",90.762,FALSE,NA,NA,"<= day","daily",NA,2,TRUE
"2013-11-23",90.433,FALSE,NA,NA,"<= day","daily",NA,2,TRUE
"2013-11-24",89.85,FALSE,NA,NA,"<= day","daily",NA,2,TRUE
"2013-11-25",89.358,FALSE,NA,NA,"<= day","daily",NA,2,TRUE
"2013-11-26",88.821,FALSE,NA,NA,"<= day","daily",NA,2,TRUE
"2013-11-27",88.533,FALSE,NA,NA,"<= day","daily",NA,2,TRUE
"2013-11-28",87.888,FALSE,NA,NA,"<= day","daily",NA,2,TRUE
"2013-11-29",87.6,FALSE,NA,NA,"<= day","daily",NA,2,TRUE
"2013-11-30",87.65,FALSE,NA,NA,"<= day","daily",NA,2,TRUE
"2013-12-01",87.562,FALSE,NA,NA,"<= day","daily",NA,2,TRUE
"2013-12-02",87.362,FALSE,NA,NA,"<= day","daily",NA,2,TRUE
"2013-12-03",86.679,FALSE,NA,NA,"<= day","daily",NA,2,TRUE
"2013-12-04",86.938,FALSE,NA,NA,"<= day","daily",NA,2,TRUE
"2013-12-05",86.096,FALSE,NA,NA,"<= day","daily",NA,2,TRUE
"2013-12-06",85.479,FALSE,NA,NA,"<= day","daily",NA,2,TRUE
"2013-12-07",85.083,FALSE,NA,NA,"<= day","daily",NA,2,TRUE
"2013-12-08",84.946,FALSE,NA,NA,"<= day","daily",NA,2,TRUE
"2013-12-09",84.642,FALSE,NA,NA,"<= day","daily",NA,2,TRUE
"2013-12-10",84.05,FALSE,NA,NA,"<= day","daily",NA,2,TRUE
"2013-12-11",83.542,FALSE,NA,NA,"<= day","daily",NA,2,TRUE
"2013-12-12",83.537,FALSE,NA,NA,"<= day","daily",NA,2,TRUE
"2013-12-13",83.096,FALSE,NA,NA,"<= day","daily",NA,2,TRUE
"2013-12-14",82.55,FALSE,NA,NA,"<= day","daily",NA,2,TRUE
"2013-12-15",82.117,FALSE,NA,NA,"<= day","daily",NA,2,TRUE
"2013-12-16",81.883,FALSE,NA,NA,"<= day","daily",NA,2,TRUE
"2013-12-17",81.938,FALSE,NA,NA,"<= day","daily",NA,2,TRUE
"2013-12-18",82,FALSE,NA,NA,"<= day","daily",NA,2,TRUE
"2013-12-19",82,FALSE,NA,NA,"<= day","daily",NA,2,TRUE
"2013-12-20",81.954,FALSE,NA,NA,"<= day","daily",NA,2,TRUE
"2013-12-21",81.017,FALSE,NA,NA,"<= day","daily",NA,2,TRUE
"2013-12-22",80.612,FALSE,NA,NA,"<= day","daily",NA,2,TRUE
"2013-12-23",81.125,FALSE,NA,NA,"<= day","daily",NA,2,TRUE
"2013-12-24",80.025,FALSE,NA,NA,"<= day","daily",NA,2,TRUE
"2013-12-25",79.612,FALSE,NA,NA,"<= day","daily",NA,2,TRUE
"2013-12-26",79,FALSE,NA,NA,"<= day","daily",NA,2,TRUE
"2013-12-27",78.888,FALSE,NA,NA,"<= day","daily",NA,2,TRUE
"2013-12-28",78.617,FALSE,NA,NA,"<= day","daily",NA,2,TRUE
"2013-12-29",78.592,FALSE,NA,NA,"<= day","daily",NA,2,TRUE
"2013-12-30",77.592,FALSE,NA,NA,"<= day","daily",NA,2,TRUE
"2013-12-31",77.512,FALSE,NA,NA,"<= day","daily",NA,2,TRUE
"2014-01-01",76.95,FALSE,NA,NA,"<= day","daily",NA,2,TRUE
"2014-01-02",76.396,FALSE,NA,NA,"<= day","daily",NA,2,TRUE
"2014-01-03",76.054,FALSE,NA,NA,"<= day","daily",NA,2,TRUE
"2014-01-04",75.833,FALSE,NA,NA,"<= day","daily",NA,2,TRUE
"2014-01-05",75.325,FALSE,NA,NA,"<= day","daily",NA,2,TRUE
"2014-01-06",75.388,FALSE,NA,NA,"<= day","daily",NA,2,TRUE
"2014-01-07",75.021,FALSE,NA,NA,"<= day","daily",NA,2,TRUE
"2014-01-08",75.037,FALSE,NA,NA,"<= day","daily",NA,2,TRUE
"2014-01-09",74.787,FALSE,NA,NA,"<= day","daily",NA,2,TRUE
"2014-01-10",74.504,FALSE,NA,NA,"<= day","daily",NA,2,TRUE
"2014-01-11",74.171,FALSE,NA,NA,"<= day","daily",NA,2,TRUE
"2014-01-12",74.171,FALSE,NA,NA,"<= day","daily",NA,2,TRUE
"2014-01-13",74.238,FALSE,NA,NA,"<= day","daily",NA,2,TRUE
"2014-01-14",73.7,FALSE,NA,NA,"<= day","daily",NA,2,TRUE
"2014-01-15",73.542,FALSE,NA,NA,"<= day","daily",NA,2,TRUE
"2014-01-16",72.996,FALSE,NA,NA,"<= day","daily",NA,2,TRUE
"2014-01-17",72.854,FALSE,NA,NA,"<= day","daily",NA,2,TRUE
"2014-01-18",72.833,FALSE,NA,NA,"<= day","daily",NA,2,TRUE
"2014-01-19",72.588,FALSE,NA,NA,"<= day","daily",NA,2,TRUE
"2014-01-20",72.471,FALSE,NA,NA,"<= day","daily",NA,2,TRUE
"2014-01-21",72.488,FALSE,NA,NA,"<= day","daily",NA,2,TRUE
"2014-01-22",72.162,FALSE,NA,NA,"<= day","daily",NA,2,TRUE
"2014-01-23",72.521,FALSE,NA,NA,"<= day","daily",NA,2,TRUE
"2014-01-24",71.904,FALSE,NA,NA,"<= day","daily",NA,2,TRUE
"2014-01-25",70.925,FALSE,NA,NA,"<= day","daily",NA,2,TRUE
"2014-01-26",70.883,FALSE,NA,NA,"<= day","daily",NA,2,TRUE
"2014-01-27",71.158,FALSE,NA,NA,"<= day","daily",NA,2,TRUE
"2014-01-28",71.017,FALSE,NA,NA,"<= day","daily",NA,2,TRUE
"2014-01-29",70.858,FALSE,NA,NA,"<= day","daily",NA,2,TRUE
"2014-01-30",70.758,FALSE,NA,NA,"<= day","daily",NA,2,TRUE
"2014-01-31",70.662,FALSE,NA,NA,"<= day","daily",NA,2,TRUE
"2014-02-01",70.696,FALSE,NA,NA,"<= day","daily",NA,2,TRUE
"2014-02-02",70.171,FALSE,NA,NA,"<= day","daily",NA,2,TRUE
"2014-02-03",70.412,FALSE,NA,NA,"<= day","daily",NA,2,TRUE
"2014-02-04",70,FALSE,NA,NA,"<= day","daily",NA,2,TRUE
"2014-02-05",69.754,FALSE,NA,NA,"<= day","daily",NA,2,TRUE
"2014-02-06",69.346,FALSE,NA,NA,"<= day","daily",NA,2,TRUE
"2014-02-07",68.908,FALSE,NA,NA,"<= day","daily",NA,2,TRUE
"2014-02-08",68.037,FALSE,NA,NA,"<= day","daily",NA,2,TRUE
"2014-02-09",67.508,FALSE,NA,NA,"<= day","daily",NA,2,TRUE
"2014-02-10",68.017,FALSE,NA,NA,"<= day","daily",NA,2,TRUE
"2014-02-11",66.783,FALSE,NA,NA,"<= day","daily",NA,2,TRUE
"2014-02-12",66.463,FALSE,NA,NA,"<= day","daily",NA,2,TRUE
"2014-02-13",65.037,FALSE,NA,NA,"<= day","daily",NA,2,TRUE
"2014-02-14",65.383,FALSE,NA,NA,"<= day","daily",NA,2,TRUE
"2014-02-15",63.85,FALSE,NA,NA,"<= day","daily",NA,2,TRUE
"2014-02-16",63.829,FALSE,NA,NA,"<= day","daily",NA,2,TRUE
"2014-02-17",63.329,FALSE,NA,NA,"<= day","daily",NA,2,TRUE
"2014-02-18",63.388,FALSE,NA,NA,"<= day","daily",NA,2,TRUE
"2014-02-19",63.163,FALSE,NA,NA,"<= day","daily",NA,2,TRUE
"2014-02-20",63.029,FALSE,NA,NA,"<= day","daily",NA,2,TRUE
"2014-02-21",63.392,FALSE,NA,NA,"<= day","daily",NA,2,TRUE
"2014-02-22",63.621,FALSE,NA,NA,"<= day","daily",NA,2,TRUE
"2014-02-23",63.663,FALSE,NA,NA,"<= day","daily",NA,2,TRUE
"2014-02-24",63.725,FALSE,NA,NA,"<= day","daily",NA,2,TRUE
"2014-02-25",64.029,FALSE,NA,NA,"<= day","daily",NA,2,TRUE
"2014-02-26",64,FALSE,NA,NA,"<= day","daily",NA,2,TRUE
"2014-02-27",64,FALSE,NA,NA,"<= day","daily",NA,2,TRUE
"2014-02-28",64,FALSE,NA,NA,"<= day","daily",NA,2,TRUE
"2014-03-01",64.854,FALSE,NA,NA,"<= day","daily",NA,2,TRUE
"2014-03-02",64.979,FALSE,NA,NA,"<= day","daily",NA,2,TRUE
"2014-03-03",64.592,FALSE,NA,NA,"<= day","daily",NA,2,TRUE
"2014-03-04",64.704,FALSE,NA,NA,"<= day","daily",NA,2,TRUE
"2014-03-05",64.708,FALSE,NA,NA,"<= day","daily",NA,2,TRUE
"2014-03-06",64.792,FALSE,NA,NA,"<= day","daily",NA,2,TRUE
"2014-03-07",64.8,FALSE,NA,NA,"<= day","daily",NA,2,TRUE
"2014-03-08",64.725,FALSE,NA,NA,"<= day","daily",NA,2,TRUE
"2014-03-09",64.696,FALSE,NA,NA,"<= day","daily",NA,2,TRUE
"2014-03-10",64.571,FALSE,NA,NA,"<= day","daily",NA,2,TRUE
"2014-03-11",64.371,FALSE,NA,NA,"<= day","daily",NA,2,TRUE
"2014-03-12",64.517,FALSE,NA,NA,"<= day","daily",NA,2,TRUE
"2014-03-13",63.913,FALSE,NA,NA,"<= day","daily",NA,2,TRUE
"2014-03-14",64.029,FALSE,NA,NA,"<= day","daily",NA,2,TRUE
"2014-03-15",63.721,FALSE,NA,NA,"<= day","daily",NA,2,TRUE
"2014-03-16",63.521,FALSE,NA,NA,"<= day","daily",NA,2,TRUE
"2014-03-17",63.188,FALSE,NA,NA,"<= day","daily",NA,2,TRUE
"2014-03-18",63.142,FALSE,NA,NA,"<= day","daily",NA,2,TRUE
"2014-03-19",62.317,FALSE,NA,NA,"<= day","daily",NA,2,TRUE
"2014-03-20",62.929,FALSE,NA,NA,"<= day","daily",NA,2,TRUE
"2014-03-21",62.258,FALSE,NA,NA,"<= day","daily",NA,2,TRUE
"2014-03-22",62.229,FALSE,NA,NA,"<= day","daily",NA,2,TRUE
"2014-03-23",61.487,FALSE,NA,NA,"<= day","daily",NA,2,TRUE
"2014-03-24",62.029,FALSE,NA,NA,"<= day","daily",NA,2,TRUE
"2014-03-25",60.496,FALSE,NA,NA,"<= day","daily",NA,2,TRUE
"2014-03-26",60.337,FALSE,NA,NA,"<= day","daily",NA,2,TRUE
"2014-03-27",60.196,FALSE,NA,NA,"<= day","daily",NA,2,TRUE
"2014-03-28",60.729,FALSE,NA,NA,"<= day","daily",NA,2,TRUE
"2014-03-29",59.633,FALSE,NA,NA,"<= day","daily",NA,2,TRUE
"2014-03-30",59.504,FALSE,NA,NA,"<= day","daily",NA,2,TRUE
"2014-03-31",60.392,FALSE,NA,NA,"<= day","daily",NA,2,TRUE
"2014-04-01",61.812,FALSE,NA,NA,"<= day","daily",NA,2,TRUE
"2014-04-02",60.604,FALSE,NA,NA,"<= day","daily",NA,2,TRUE
"2014-04-03",61.717,FALSE,NA,NA,"<= day","daily",NA,2,TRUE
"2014-04-04",61.567,FALSE,NA,NA,"<= day","daily",NA,2,TRUE
"2014-04-05",61.492,FALSE,NA,NA,"<= day","daily",NA,2,TRUE
"2014-04-06",61.796,FALSE,NA,NA,"<= day","daily",NA,2,TRUE
"2014-04-07",62.333,FALSE,NA,NA,"<= day","daily",NA,2,TRUE
"2014-04-08",61.571,FALSE,NA,NA,"<= day","daily",NA,2,TRUE
"2014-04-09",60.487,FALSE,NA,NA,"<= day","daily",NA,2,TRUE
"2014-04-10",60.075,FALSE,NA,NA,"<= day","daily",NA,2,TRUE
"2014-04-11",60.017,FALSE,NA,NA,"<= day","daily",NA,2,TRUE
"2014-04-12",59.962,FALSE,NA,NA,"<= day","daily",NA,2,TRUE
"2014-04-13",60.325,FALSE,NA,NA,"<= day","daily",NA,2,TRUE
"2014-04-14",60.029,FALSE,NA,NA,"<= day","daily",NA,2,TRUE
"2014-04-15",59.958,FALSE,NA,NA,"<= day","daily",NA,2,TRUE
"2014-04-16",60.375,FALSE,NA,NA,"<= day","daily",NA,2,TRUE
"2014-04-17",60.562,FALSE,NA,NA,"<= day","daily",NA,2,TRUE
"2014-04-18",59.979,FALSE,NA,NA,"<= day","daily",NA,2,TRUE
"2014-04-19",59.7,FALSE,NA,NA,"<= day","daily",NA,2,TRUE
"2014-04-20",60.254,FALSE,NA,NA,"<= day","daily",NA,2,TRUE
"2014-04-21",60.258,FALSE,NA,NA,"<= day","daily",NA,2,TRUE
"2014-04-22",59.983,FALSE,NA,NA,"<= day","daily",NA,2,TRUE
"2014-04-23",59.967,FALSE,NA,NA,"<= day","daily",NA,2,TRUE
"2014-04-24",60.096,FALSE,NA,NA,"<= day","daily",NA,2,TRUE
"2014-04-25",59.471,FALSE,NA,NA,"<= day","daily",NA,2,TRUE
"2014-04-26",60.075,FALSE,NA,NA,"<= day","daily",NA,2,TRUE
"2014-04-27",59.321,FALSE,NA,NA,"<= day","daily",NA,2,TRUE
"2014-04-28",59.779,FALSE,NA,NA,"<= day","daily",NA,2,TRUE
"2014-04-29",59.812,FALSE,NA,NA,"<= day","daily",NA,2,TRUE
"2014-04-30",59.579,FALSE,NA,NA,"<= day","daily",NA,2,TRUE
"2014-05-01",59.946,FALSE,NA,NA,"<= day","daily",NA,2,TRUE
"2014-05-02",59.892,FALSE,NA,NA,"<= day","daily",NA,2,TRUE
"2014-05-03",60.142,FALSE,NA,NA,"<= day","daily",NA,2,TRUE
"2014-05-04",60.017,FALSE,NA,NA,"<= day","daily",NA,2,TRUE
"2014-05-05",59.942,FALSE,NA,NA,"<= day","daily",NA,2,TRUE
"2014-05-06",60.312,FALSE,NA,NA,"<= day","daily",NA,2,TRUE
"2014-05-07",60.596,FALSE,NA,NA,"<= day","daily",NA,2,TRUE
"2014-05-08",60.862,FALSE,NA,NA,"<= day","daily",NA,2,TRUE
"2014-05-09",61.125,FALSE,NA,NA,"<= day","daily",NA,2,TRUE
"2014-05-10",61.396,FALSE,NA,NA,"<= day","daily",NA,2,TRUE
"2014-05-11",61.663,FALSE,NA,NA,"<= day","daily",NA,2,TRUE
"2014-05-12",61.925,FALSE,NA,NA,"<= day","daily",NA,2,TRUE
"2014-05-13",62.196,FALSE,NA,NA,"<= day","daily",NA,2,TRUE
"2014-05-14",62.475,FALSE,NA,NA,"<= day","daily",NA,2,TRUE
"2014-05-15",62.737,FALSE,NA,NA,"<= day","daily",NA,2,TRUE
"2014-05-16",63.004,FALSE,NA,NA,"<= day","daily",NA,2,TRUE
"2014-05-17",63.275,FALSE,NA,NA,"<= day","daily",NA,2,TRUE
"2014-05-18",63.538,FALSE,NA,NA,"<= day","daily",NA,2,TRUE
"2014-05-19",63.804,FALSE,NA,NA,"<= day","daily",NA,2,TRUE
"2014-05-20",64.079,FALSE,NA,NA,"<= day","daily",NA,2,TRUE
"2014-05-21",64.35,FALSE,NA,NA,"<= day","daily",NA,2,TRUE
"2014-05-22",64.612,FALSE,NA,NA,"<= day","daily",NA,2,TRUE
"2014-05-23",64.888,FALSE,NA,NA,"<= day","daily",NA,2,TRUE
"2014-05-24",65.15,FALSE,NA,NA,"<= day","daily",NA,2,TRUE
"2014-05-25",65.412,FALSE,NA,NA,"<= day","daily",NA,2,TRUE
"2014-05-26",65.688,FALSE,NA,NA,"<= day","daily",NA,2,TRUE
"2014-05-27",65.958,FALSE,NA,NA,"<= day","daily",NA,2,TRUE
"2014-05-28",66.225,FALSE,NA,NA,"<= day","daily",NA,2,TRUE
"2014-05-29",66.496,FALSE,NA,NA,"<= day","daily",NA,2,TRUE
"2014-05-30",66.762,FALSE,NA,NA,"<= day","daily",NA,2,TRUE
"2014-05-31",67.025,FALSE,NA,NA,"<= day","daily",NA,2,TRUE
"2014-06-01",67.296,FALSE,NA,NA,"<= day","daily",NA,2,TRUE
"2014-06-02",67.562,FALSE,NA,NA,"<= day","daily",NA,2,TRUE
"2014-06-03",67.838,FALSE,NA,NA,"<= day","daily",NA,2,TRUE
"2014-06-04",68.104,FALSE,NA,NA,"<= day","daily",NA,2,TRUE
"2014-06-05",68.375,FALSE,NA,NA,"<= day","daily",NA,2,TRUE
"2014-06-06",68.638,FALSE,NA,NA,"<= day","daily",NA,2,TRUE
"2014-06-07",68.904,FALSE,NA,NA,"<= day","daily",NA,2,TRUE
"2014-06-08",69.175,FALSE,NA,NA,"<= day","daily",NA,2,TRUE
"2014-06-09",69.442,FALSE,NA,NA,"<= day","daily",NA,2,TRUE
"2014-06-10",69.713,FALSE,NA,NA,"<= day","daily",NA,2,TRUE
"2014-06-11",70.35,FALSE,NA,NA,"<= day","daily",NA,2,TRUE
"2014-06-12",70.758,FALSE,NA,NA,"<= day","daily",NA,2,TRUE
"2014-06-13",70.787,FALSE,NA,NA,"<= day","daily",NA,2,TRUE
"2014-06-14",70.758,FALSE,NA,NA,"<= day","daily",NA,2,TRUE
"2014-06-15",71.175,FALSE,NA,NA,"<= day","daily",NA,2,TRUE
"2014-06-16",72.042,FALSE,NA,NA,"<= day","daily",NA,2,TRUE
"2014-06-17",71.858,FALSE,NA,NA,"<= day","daily",NA,2,TRUE
"2014-06-18",72.638,FALSE,NA,NA,"<= day","daily",NA,2,TRUE
"2014-06-19",72.754,FALSE,NA,NA,"<= day","daily",NA,2,TRUE
"2014-06-20",72.675,FALSE,NA,NA,"<= day","daily",NA,2,TRUE
"2014-06-21",73.067,FALSE,NA,NA,"<= day","daily",NA,2,TRUE
"2014-06-22",73.108,FALSE,NA,NA,"<= day","daily",NA,2,TRUE
"2014-06-23",73.258,FALSE,NA,NA,"<= day","daily",NA,2,TRUE
"2014-06-24",73.504,FALSE,NA,NA,"<= day","daily",NA,2,TRUE
"2014-06-25",73.717,FALSE,NA,NA,"<= day","daily",NA,2,TRUE
"2014-06-26",73.808,FALSE,NA,NA,"<= day","daily",NA,2,TRUE
"2014-06-27",74,FALSE,NA,NA,"<= day","daily",NA,2,TRUE
"2014-06-28",73.996,FALSE,NA,NA,"<= day","daily",NA,2,TRUE
"2014-06-29",74.246,FALSE,NA,NA,"<= day","daily",NA,2,TRUE
"2014-06-30",74.062,FALSE,NA,NA,"<= day","daily",NA,2,TRUE
"2014-07-01",74.217,FALSE,NA,NA,"<= day","daily",NA,2,TRUE
"2014-07-02",73.979,FALSE,NA,NA,"<= day","daily",NA,2,TRUE
"2014-07-03",74.546,FALSE,NA,NA,"<= day","daily",NA,2,TRUE
"2014-07-04",75.112,FALSE,NA,NA,"<= day","daily",NA,2,TRUE
"2014-07-05",74.662,FALSE,NA,NA,"<= day","daily",NA,2,TRUE
"2014-07-06",75.463,FALSE,NA,NA,"<= day","daily",NA,2,TRUE
"2014-07-07",75.888,FALSE,NA,NA,"<= day","daily",NA,2,TRUE
"2014-07-08",76.425,FALSE,NA,NA,"<= day","daily",NA,2,TRUE
"2014-07-09",76.608,FALSE,NA,NA,"<= day","daily",NA,2,TRUE
"2014-07-10",76.938,FALSE,NA,NA,"<= day","daily",NA,2,TRUE
"2014-07-11",77.15,FALSE,NA,NA,"<= day","daily",NA,2,TRUE
"2014-07-12",78.338,FALSE,NA,NA,"<= day","daily",NA,2,TRUE
"2014-07-13",78.421,FALSE,NA,NA,"<= day","daily",NA,2,TRUE
"2014-07-14",79.767,FALSE,NA,NA,"<= day","daily",NA,2,TRUE
"2014-07-15",80.196,FALSE,NA,NA,"<= day","daily",NA,2,TRUE
"2014-07-16",80.604,FALSE,NA,NA,"<= day","daily",NA,2,TRUE
"2014-07-17",80.988,FALSE,NA,NA,"<= day","daily",NA,2,TRUE
"2014-07-18",81.033,FALSE,NA,NA,"<= day","daily",NA,2,TRUE
"2014-07-19",81.692,FALSE,NA,NA,"<= day","daily",NA,2,TRUE
"2014-07-20",82.467,FALSE,NA,NA,"<= day","daily",NA,2,TRUE
"2014-07-21",82.683,FALSE,NA,NA,"<= day","daily",NA,2,TRUE
"2014-07-22",83.204,FALSE,NA,NA,"<= day","daily",NA,2,TRUE
"2014-07-23",83.817,FALSE,NA,NA,"<= day","daily",NA,2,TRUE
"2014-07-24",84.112,FALSE,NA,NA,"<= day","daily",NA,2,TRUE
"2014-07-25",84.537,FALSE,NA,NA,"<= day","daily",NA,2,TRUE
"2014-07-26",85.388,FALSE,NA,NA,"<= day","daily",NA,2,TRUE
"2014-07-27",86.492,FALSE,NA,NA,"<= day","daily",NA,2,TRUE
"2014-07-28",87.021,FALSE,NA,NA,"<= day","daily",NA,2,TRUE
"2014-07-29",88.358,FALSE,NA,NA,"<= day","daily",NA,2,TRUE
"2014-07-30",89.242,FALSE,NA,NA,"<= day","daily",NA,2,TRUE
"2014-07-31",90.717,FALSE,NA,NA,"<= day","daily",NA,2,TRUE
"2014-08-01",92.483,FALSE,NA,NA,"<= day","daily",NA,2,TRUE
"2014-08-02",94.062,FALSE,NA,NA,"<= day","daily",NA,2,TRUE
"2014-08-03",96.8,FALSE,NA,NA,"<= day","daily",NA,2,TRUE
"2014-08-04",99.183,FALSE,NA,NA,"<= day","daily",NA,2,TRUE
"2014-08-05",100.062,FALSE,NA,NA,"<= day","daily",NA,2,TRUE
"2014-08-06",101.346,FALSE,NA,NA,"<= day","daily",NA,2,TRUE
"2014-08-07",102.204,FALSE,NA,NA,"<= day","daily",NA,2,TRUE
"2014-08-08",102.483,FALSE,NA,NA,"<= day","daily",NA,2,TRUE
"2014-08-09",103.058,FALSE,NA,NA,"<= day","daily",NA,2,TRUE
"2014-08-10",103.625,FALSE,NA,NA,"<= day","daily",NA,2,TRUE
"2014-08-11",104.104,FALSE,NA,NA,"<= day","daily",NA,2,TRUE
"2014-08-12",104.825,FALSE,NA,NA,"<= day","daily",NA,2,TRUE
"2014-08-13",105.287,FALSE,NA,NA,"<= day","daily",NA,2,TRUE
"2014-08-14",105.721,FALSE,NA,NA,"<= day","daily",NA,2,TRUE
"2014-08-15",106.238,FALSE,NA,NA,"<= day","daily",NA,2,TRUE
"2014-08-16",106.821,FALSE,NA,NA,"<= day","daily",NA,2,TRUE
"2014-08-17",107.733,FALSE,NA,NA,"<= day","daily",NA,2,TRUE
"2014-08-18",108.596,FALSE,NA,NA,"<= day","daily",NA,2,TRUE
"2014-08-19",109.133,FALSE,NA,NA,"<= day","daily",NA,2,TRUE
"2014-08-20",109.896,FALSE,NA,NA,"<= day","daily",NA,2,TRUE
"2014-08-21",111.033,FALSE,NA,NA,"<= day","daily",NA,2,TRUE
"2014-08-22",112.333,FALSE,NA,NA,"<= day","daily",NA,2,TRUE
"2014-08-23",112.354,FALSE,NA,NA,"<= day","daily",NA,2,TRUE
"2014-08-24",111.667,FALSE,NA,NA,"<= day","daily",NA,2,TRUE
"2014-08-25",112.062,FALSE,NA,NA,"<= day","daily",NA,2,TRUE
"2014-08-26",111.463,FALSE,NA,NA,"<= day","daily",NA,2,TRUE
"2014-08-27",111.888,FALSE,NA,NA,"<= day","daily",NA,2,TRUE
"2014-08-28",111.783,FALSE,NA,NA,"<= day","daily",NA,2,TRUE
"2014-08-29",110.738,FALSE,NA,NA,"<= day","daily",NA,2,TRUE
"2014-08-30",110.421,FALSE,NA,NA,"<= day","daily",NA,2,TRUE
"2014-08-31",108.221,FALSE,NA,NA,"<= day","daily",NA,2,TRUE
"2014-09-01",108.258,FALSE,NA,NA,"<= day","daily",NA,2,TRUE
"2014-09-02",109.838,FALSE,NA,NA,"<= day","daily",NA,2,TRUE
"2014-09-03",110.267,FALSE,NA,NA,"<= day","daily",NA,2,TRUE
"2014-09-04",112.396,FALSE,NA,NA,"<= day","daily",NA,2,TRUE
"2014-09-05",112.904,FALSE,NA,NA,"<= day","daily",NA,2,TRUE
"2014-09-06",113.1,FALSE,NA,NA,"<= day","daily",NA,2,TRUE
"2014-09-07",112.979,FALSE,NA,NA,"<= day","daily",NA,2,TRUE
"2014-09-08",113.379,FALSE,NA,NA,"<= day","daily",NA,2,TRUE
"2014-09-09",112.567,FALSE,NA,NA,"<= day","daily",NA,2,TRUE
"2014-09-10",112.296,FALSE,NA,NA,"<= day","daily",NA,2,TRUE
"2014-09-11",113.275,FALSE,NA,NA,"<= day","daily",NA,2,TRUE
"2014-09-12",112.858,FALSE,NA,NA,"<= day","daily",NA,2,TRUE
"2014-09-13",111.833,FALSE,NA,NA,"<= day","daily",NA,2,TRUE
"2014-09-14",111.504,FALSE,NA,NA,"<= day","daily",NA,2,TRUE
"2014-09-15",111.929,FALSE,NA,NA,"<= day","daily",NA,2,TRUE
"2014-09-16",110.888,FALSE,NA,NA,"<= day","daily",NA,2,TRUE
"2014-09-17",110.608,FALSE,NA,NA,"<= day","daily",NA,2,TRUE
"2014-09-18",110.262,FALSE,NA,NA,"<= day","daily",NA,2,TRUE
"2014-09-19",109.917,FALSE,NA,NA,"<= day","daily",NA,2,TRUE
"2014-09-20",109.588,FALSE,NA,NA,"<= day","daily",NA,2,TRUE
"2014-09-21",109.375,FALSE,NA,NA,"<= day","daily",NA,2,TRUE
"2014-09-22",109.021,FALSE,NA,NA,"<= day","daily",NA,2,TRUE
"2014-09-23",108.729,FALSE,NA,NA,"<= day","daily",NA,2,TRUE
"2014-09-24",108.079,FALSE,NA,NA,"<= day","daily",NA,2,TRUE
"2014-09-25",107.438,FALSE,NA,NA,"<= day","daily",NA,2,TRUE
"2014-09-26",107.767,FALSE,NA,NA,"<= day","daily",NA,2,TRUE
"2014-09-27",107.471,FALSE,NA,NA,"<= day","daily",NA,2,TRUE
"2014-09-28",107.196,FALSE,NA,NA,"<= day","daily",NA,2,TRUE
"2014-09-29",107.158,FALSE,NA,NA,"<= day","daily",NA,2,TRUE
"2014-09-30",106.696,FALSE,NA,NA,"<= day","daily",NA,2,TRUE
"2014-10-01",106.129,FALSE,NA,NA,"<= day","daily",NA,2,TRUE
"2014-10-02",105.7,FALSE,NA,NA,"<= day","daily",NA,2,TRUE
"2014-10-03",105.754,FALSE,NA,NA,"<= day","daily",NA,2,TRUE
"2014-10-04",105.358,FALSE,NA,NA,"<= day","daily",NA,2,TRUE
"2014-10-05",105.017,FALSE,NA,NA,"<= day","daily",NA,2,TRUE
"2014-10-06",105.2,FALSE,NA,NA,"<= day","daily",NA,2,TRUE
"2014-10-07",104.379,FALSE,NA,NA,"<= day","daily",NA,2,TRUE
"2014-10-08",104.862,FALSE,NA,NA,"<= day","daily",NA,2,TRUE
"2014-10-09",104.238,FALSE,NA,NA,"<= day","daily",NA,2,TRUE
"2014-10-10",103.438,FALSE,NA,NA,"<= day","daily",NA,2,TRUE
"2014-10-11",103.2,FALSE,NA,NA,"<= day","daily",NA,2,TRUE
"2014-10-12",102.925,FALSE,NA,NA,"<= day","daily",NA,2,TRUE
"2014-10-13",101.9,FALSE,NA,NA,"<= day","daily",NA,2,TRUE
"2014-10-14",102.292,FALSE,NA,NA,"<= day","daily",NA,2,TRUE
"2014-10-15",101.271,FALSE,NA,NA,"<= day","daily",NA,2,TRUE
"2014-10-16",100.796,FALSE,NA,NA,"<= day","daily",NA,2,TRUE
"2014-10-17",100.675,FALSE,NA,NA,"<= day","daily",NA,2,TRUE
"2014-10-18",100.079,FALSE,NA,NA,"<= day","daily",NA,2,TRUE
"2014-10-19",99.662,FALSE,NA,NA,"<= day","daily",NA,2,TRUE
"2014-10-20",99.7,FALSE,NA,NA,"<= day","daily",NA,2,TRUE
"2014-10-21",99.467,FALSE,NA,NA,"<= day","daily",NA,2,TRUE
"2014-10-22",99.162,FALSE,NA,NA,"<= day","daily",NA,2,TRUE
"2014-10-23",98.571,FALSE,NA,NA,"<= day","daily",NA,2,TRUE
"2014-10-24",98.287,FALSE,NA,NA,"<= day","daily",NA,2,TRUE
"2014-10-25",98.204,FALSE,NA,NA,"<= day","daily",NA,2,TRUE
"2014-10-26",98.404,FALSE,NA,NA,"<= day","daily",NA,2,TRUE
"2014-10-27",98.233,FALSE,NA,NA,"<= day","daily",NA,2,TRUE
"2014-10-28",98.146,FALSE,NA,NA,"<= day","daily",NA,2,TRUE
"2014-10-29",98.012,FALSE,NA,NA,"<= day","daily",NA,2,TRUE
"2014-10-30",97.721,FALSE,NA,NA,"<= day","daily",NA,2,TRUE
"2014-10-31",97.633,FALSE,NA,NA,"<= day","daily",NA,2,TRUE
"2014-11-01",97.479,FALSE,NA,NA,"<= day","daily",NA,2,TRUE
"2014-11-02",97.692,FALSE,NA,NA,"<= day","daily",NA,2,TRUE
"2014-11-03",98.8,FALSE,NA,NA,"<= day","daily",NA,2,TRUE
"2014-11-04",99.537,FALSE,NA,NA,"<= day","daily",NA,2,TRUE
"2014-11-05",98.179,FALSE,NA,NA,"<= day","daily",NA,2,TRUE
"2014-11-06",96.65,FALSE,NA,NA,"<= day","daily",NA,2,TRUE
"2014-11-07",96.758,FALSE,NA,NA,"<= day","daily",NA,2,TRUE
"2014-11-08",96.579,FALSE,NA,NA,"<= day","daily",NA,2,TRUE
"2014-11-09",96.483,FALSE,NA,NA,"<= day","daily",NA,2,TRUE
"2014-11-10",96.533,FALSE,NA,NA,"<= day","daily",NA,2,TRUE
"2014-11-11",95.713,FALSE,NA,NA,"<= day","daily",NA,2,TRUE
"2014-11-12",96.304,FALSE,NA,NA,"<= day","daily",NA,2,TRUE
"2014-11-13",95.933,FALSE,NA,NA,"<= day","daily",NA,2,TRUE
"2014-11-14",95.817,FALSE,NA,NA,"<= day","daily",NA,2,TRUE
"2014-11-15",95.779,FALSE,NA,NA,"<= day","daily",NA,2,TRUE
"2014-11-16",95.467,FALSE,NA,NA,"<= day","daily",NA,2,TRUE
"2014-11-17",95.562,FALSE,NA,NA,"<= day","daily",NA,2,TRUE
"2014-11-18",95.846,FALSE,NA,NA,"<= day","daily",NA,2,TRUE
"2014-11-19",95.888,FALSE,NA,NA,"<= day","daily",NA,2,TRUE
"2014-11-20",96.079,FALSE,NA,NA,"<= day","daily",NA,2,TRUE
"2014-11-21",95.583,FALSE,NA,NA,"<= day","daily",NA,2,TRUE
"2014-11-22",95.354,FALSE,NA,NA,"<= day","daily",NA,2,TRUE
"2014-11-23",94.908,FALSE,NA,NA,"<= day","daily",NA,2,TRUE
"2014-11-24",95.054,FALSE,NA,NA,"<= day","daily",NA,2,TRUE
"2014-11-25",94.758,FALSE,NA,NA,"<= day","daily",NA,2,TRUE
"2014-11-26",94.429,FALSE,NA,NA,"<= day","daily",NA,2,TRUE
"2014-11-27",94.138,FALSE,NA,NA,"<= day","daily",NA,2,TRUE
"2014-11-28",93.433,FALSE,NA,NA,"<= day","daily",NA,2,TRUE
"2014-11-29",93.029,FALSE,NA,NA,"<= day","daily",NA,2,TRUE
"2014-11-30",93.162,FALSE,NA,NA,"<= day","daily",NA,2,TRUE
"2014-12-01",92.879,FALSE,NA,NA,"<= day","daily",NA,2,TRUE
"2014-12-02",92.117,FALSE,NA,NA,"<= day","daily",NA,2,TRUE
"2014-12-03",92.012,FALSE,NA,NA,"<= day","daily",NA,2,TRUE
"2014-12-04",92.029,FALSE,NA,NA,"<= day","daily",NA,2,TRUE
"2014-12-05",91.867,FALSE,NA,NA,"<= day","daily",NA,2,TRUE
"2014-12-06",91.488,FALSE,NA,NA,"<= day","daily",NA,2,TRUE
"2014-12-07",91.217,FALSE,NA,NA,"<= day","daily",NA,2,TRUE
"2014-12-08",90.037,FALSE,NA,NA,"<= day","daily",NA,2,TRUE
"2014-12-09",90.362,FALSE,NA,NA,"<= day","daily",NA,2,TRUE
"2014-12-10",89.679,FALSE,NA,NA,"<= day","daily",NA,2,TRUE
"2014-12-11",89.308,FALSE,NA,NA,"<= day","daily",NA,2,TRUE
"2014-12-12",89.167,FALSE,NA,NA,"<= day","daily",NA,2,TRUE
"2014-12-13",88.604,FALSE,NA,NA,"<= day","daily",NA,2,TRUE
"2014-12-14",88.504,FALSE,NA,NA,"<= day","daily",NA,2,TRUE
"2014-12-15",88.3,FALSE,NA,NA,"<= day","daily",NA,2,TRUE
"2014-12-16",87.846,FALSE,NA,NA,"<= day","daily",NA,2,TRUE
"2014-12-17",87.492,FALSE,NA,NA,"<= day","daily",NA,2,TRUE
"2014-12-18",87.004,FALSE,NA,NA,"<= day","daily",NA,2,TRUE
"2014-12-19",86.079,FALSE,NA,NA,"<= day","daily",NA,2,TRUE
"2014-12-20",85.9,FALSE,NA,NA,"<= day","daily",NA,2,TRUE
"2014-12-21",85.504,FALSE,NA,NA,"<= day","daily",NA,2,TRUE
"2014-12-22",85.412,FALSE,NA,NA,"<= day","daily",NA,2,TRUE
"2014-12-23",84.65,FALSE,NA,NA,"<= day","daily",NA,2,TRUE
"2014-12-24",84.912,FALSE,NA,NA,"<= day","daily",NA,2,TRUE
"2014-12-25",84.338,FALSE,NA,NA,"<= day","daily",NA,2,TRUE
"2014-12-26",84.071,FALSE,NA,NA,"<= day","daily",NA,2,TRUE
"2014-12-27",83.896,FALSE,NA,NA,"<= day","daily",NA,2,TRUE
"2014-12-28",83.533,FALSE,NA,NA,"<= day","daily",NA,2,TRUE
"2014-12-29",82.842,FALSE,NA,NA,"<= day","daily",NA,2,TRUE
"2014-12-30",82.642,FALSE,NA,NA,"<= day","daily",NA,2,TRUE
"2014-12-31",82.662,FALSE,NA,NA,"<= day","daily",NA,2,TRUE
"2015-01-01",82.475,FALSE,NA,NA,"<= day","daily",NA,2,TRUE
"2015-01-02",81.963,FALSE,NA,NA,"<= day","daily",NA,2,TRUE
"2015-01-03",81.696,FALSE,NA,NA,"<= day","daily",NA,2,TRUE
"2015-01-04",81.438,FALSE,NA,NA,"<= day","daily",NA,2,TRUE
"2015-01-05",81.025,FALSE,NA,NA,"<= day","daily",NA,2,TRUE
"2015-01-06",80.592,FALSE,NA,NA,"<= day","daily",NA,2,TRUE
"2015-01-07",80.667,FALSE,NA,NA,"<= day","daily",NA,2,TRUE
"2015-01-08",80.692,FALSE,NA,NA,"<= day","daily",NA,2,TRUE
"2015-01-09",80.75,FALSE,NA,NA,"<= day","daily",NA,2,TRUE
"2015-01-10",80.571,FALSE,NA,NA,"<= day","daily",NA,2,TRUE
"2015-01-11",80.025,FALSE,NA,NA,"<= day","daily",NA,2,TRUE
"2015-01-12",79.742,FALSE,NA,NA,"<= day","daily",NA,2,TRUE
"2015-01-13",79.312,FALSE,NA,NA,"<= day","daily",NA,2,TRUE
"2015-01-14",79.108,FALSE,NA,NA,"<= day","daily",NA,2,TRUE
"2015-01-15",79.042,FALSE,NA,NA,"<= day","daily",NA,2,TRUE
"2015-01-16",78.787,FALSE,NA,NA,"<= day","daily",NA,2,TRUE
"2015-01-17",78.371,FALSE,NA,NA,"<= day","daily",NA,2,TRUE
"2015-01-18",78.138,FALSE,NA,NA,"<= day","daily",NA,2,TRUE
"2015-01-19",78.062,FALSE,NA,NA,"<= day","daily",NA,2,TRUE
"2015-01-20",77.296,FALSE,NA,NA,"<= day","daily",NA,2,TRUE
"2015-01-21",77.279,FALSE,NA,NA,"<= day","daily",NA,2,TRUE
"2015-01-22",77.008,FALSE,NA,NA,"<= day","daily",NA,2,TRUE
"2015-01-23",76.625,FALSE,NA,NA,"<= day","daily",NA,2,TRUE
"2015-01-24",76.517,FALSE,NA,NA,"<= day","daily",NA,2,TRUE
"2015-01-25",76.233,FALSE,NA,NA,"<= day","daily",NA,2,TRUE
"2015-01-26",76.008,FALSE,NA,NA,"<= day","daily",NA,2,TRUE
"2015-01-27",75.85,FALSE,NA,NA,"<= day","daily",NA,2,TRUE
"2015-01-28",75.429,FALSE,NA,NA,"<= day","daily",NA,2,TRUE
"2015-01-29",75.938,FALSE,NA,NA,"<= day","daily",NA,2,TRUE
"2015-01-30",75.242,FALSE,NA,NA,"<= day","daily",NA,2,TRUE
"2015-01-31",74.725,FALSE,NA,NA,"<= day","daily",NA,2,TRUE
"2015-02-01",74.571,FALSE,NA,NA,"<= day","daily",NA,2,TRUE
"2015-02-02",74.454,FALSE,NA,NA,"<= day","daily",NA,2,TRUE
"2015-02-03",74.15,FALSE,NA,NA,"<= day","daily",NA,2,TRUE
"2015-02-04",73.608,FALSE,NA,NA,"<= day","daily",NA,2,TRUE
"2015-02-05",73.688,FALSE,NA,NA,"<= day","daily",NA,2,TRUE
"2015-02-06",73.6,FALSE,NA,NA,"<= day","daily",NA,2,TRUE
"2015-02-07",72.854,FALSE,NA,NA,"<= day","daily",NA,2,TRUE
"2015-02-08",72.175,FALSE,NA,NA,"<= day","daily",NA,2,TRUE
"2015-02-09",72.946,FALSE,NA,NA,"<= day","daily",NA,2,TRUE
"2015-02-10",72.746,FALSE,NA,NA,"<= day","daily",NA,2,TRUE
"2015-02-11",72.338,FALSE,NA,NA,"<= day","daily",NA,2,TRUE
"2015-02-12",72.25,FALSE,NA,NA,"<= day","daily",NA,2,TRUE
"2015-02-13",71.908,FALSE,NA,NA,"<= day","daily",NA,2,TRUE
"2015-02-14",71.642,FALSE,NA,NA,"<= day","daily",NA,2,TRUE
"2015-02-15",71.529,FALSE,NA,NA,"<= day","daily",NA,2,TRUE
"2015-02-16",71.296,FALSE,NA,NA,"<= day","daily",NA,2,TRUE
"2015-02-17",70.621,FALSE,NA,NA,"<= day","daily",NA,2,TRUE
"2015-02-18",70.604,FALSE,NA,NA,"<= day","daily",NA,2,TRUE
"2015-02-19",70.312,FALSE,NA,NA,"<= day","daily",NA,2,TRUE
"2015-02-20",70.029,FALSE,NA,NA,"<= day","daily",NA,2,TRUE
"2015-02-21",69.838,FALSE,NA,NA,"<= day","daily",NA,2,TRUE
"2015-02-22",69.829,FALSE,NA,NA,"<= day","daily",NA,2,TRUE
"2015-02-23",69.7,FALSE,NA,NA,"<= day","daily",NA,2,TRUE
"2015-02-24",69.417,FALSE,NA,NA,"<= day","daily",NA,2,TRUE
"2015-02-25",69.125,FALSE,NA,NA,"<= day","daily",NA,2,TRUE
"2015-02-26",68.758,FALSE,NA,NA,"<= day","daily",NA,2,TRUE
"2015-02-27",68.454,FALSE,NA,NA,"<= day","daily",NA,2,TRUE
"2015-02-28",68.283,FALSE,NA,NA,"<= day","daily",NA,2,TRUE
"2015-03-01",68.004,FALSE,NA,NA,"<= day","daily",NA,2,TRUE
"2015-03-02",67.683,FALSE,NA,NA,"<= day","daily",NA,2,TRUE
"2015-03-03",67.4,FALSE,NA,NA,"<= day","daily",NA,2,TRUE
"2015-03-04",67.112,FALSE,NA,NA,"<= day","daily",NA,2,TRUE
"2015-03-05",66.846,FALSE,NA,NA,"<= day","daily",NA,2,TRUE
"2015-03-06",66.325,FALSE,NA,NA,"<= day","daily",NA,2,TRUE
"2015-03-07",66.017,FALSE,NA,NA,"<= day","daily",NA,2,TRUE
"2015-03-08",65.592,FALSE,NA,NA,"<= day","daily",NA,2,TRUE
"2015-03-09",65.358,FALSE,NA,NA,"<= day","daily",NA,2,TRUE
"2015-03-10",65.05,FALSE,NA,NA,"<= day","daily",NA,2,TRUE
"2015-03-11",64.667,FALSE,NA,NA,"<= day","daily",NA,2,TRUE
"2015-03-12",64.279,FALSE,NA,NA,"<= day","daily",NA,2,TRUE
"2015-03-13",63.913,FALSE,NA,NA,"<= day","daily",NA,2,TRUE
"2015-03-14",63.917,FALSE,NA,NA,"<= day","daily",NA,2,TRUE
"2015-03-15",63.812,FALSE,NA,NA,"<= day","daily",NA,2,TRUE
"2015-03-16",63.367,FALSE,NA,NA,"<= day","daily",NA,2,TRUE
"2015-03-17",63.217,FALSE,NA,NA,"<= day","daily",NA,2,TRUE
"2015-03-18",63.417,FALSE,NA,NA,"<= day","daily",NA,2,TRUE
"2015-03-19",63.671,FALSE,NA,NA,"<= day","daily",NA,2,TRUE
"2015-03-20",63.421,FALSE,NA,NA,"<= day","daily",NA,2,TRUE
"2015-03-21",63.371,FALSE,NA,NA,"<= day","daily",NA,2,TRUE
"2015-03-22",62.775,FALSE,NA,NA,"<= day","daily",NA,2,TRUE
"2015-03-23",62.862,FALSE,NA,NA,"<= day","daily",NA,2,TRUE
"2015-03-24",63.196,FALSE,NA,NA,"<= day","daily",NA,2,TRUE
"2015-03-25",62.513,FALSE,NA,NA,"<= day","daily",NA,2,TRUE
"2015-03-26",62.296,FALSE,NA,NA,"<= day","daily",NA,2,TRUE
"2015-03-27",62.754,FALSE,NA,NA,"<= day","daily",NA,2,TRUE
"2015-03-28",62.804,FALSE,NA,NA,"<= day","daily",NA,2,TRUE
"2015-03-29",62.513,FALSE,NA,NA,"<= day","daily",NA,2,TRUE
"2015-03-30",62.5,FALSE,NA,NA,"<= day","daily",NA,2,TRUE
"2015-03-31",61.8,FALSE,NA,NA,"<= day","daily",NA,2,TRUE
"2015-04-01",62.454,FALSE,NA,NA,"<= day","daily",NA,2,TRUE
"2015-04-02",62.058,FALSE,NA,NA,"<= day","daily",NA,2,TRUE
"2015-04-03",62.121,FALSE,NA,NA,"<= day","daily",NA,2,TRUE
"2015-04-04",62.475,FALSE,NA,NA,"<= day","daily",NA,2,TRUE
"2015-04-05",62.2,FALSE,NA,NA,"<= day","daily",NA,2,TRUE
"2015-04-06",62.429,FALSE,NA,NA,"<= day","daily",NA,2,TRUE
"2015-04-07",62.188,FALSE,NA,NA,"<= day","daily",NA,2,TRUE
"2015-04-08",62.337,FALSE,NA,NA,"<= day","daily",NA,2,TRUE
"2015-04-09",62.425,FALSE,NA,NA,"<= day","daily",NA,2,TRUE
"2015-04-10",62.513,FALSE,NA,NA,"<= day","daily",NA,2,TRUE
"2015-04-11",62.675,FALSE,NA,NA,"<= day","daily",NA,2,TRUE
"2015-04-12",62.679,FALSE,NA,NA,"<= day","daily",NA,2,TRUE
"2015-04-13",62.929,FALSE,NA,NA,"<= day","daily",NA,2,TRUE
"2015-04-14",63.304,FALSE,NA,NA,"<= day","daily",NA,2,TRUE
"2015-04-15",63.6,FALSE,NA,NA,"<= day","daily",NA,2,TRUE
"2015-04-16",64.333,FALSE,NA,NA,"<= day","daily",NA,2,TRUE
"2015-04-17",64.092,FALSE,NA,NA,"<= day","daily",NA,2,TRUE
"2015-04-18",64.775,FALSE,NA,NA,"<= day","daily",NA,2,TRUE
"2015-04-19",65.508,FALSE,NA,NA,"<= day","daily",NA,2,TRUE
"2015-04-20",65.512,FALSE,NA,NA,"<= day","daily",NA,2,TRUE
"2015-04-21",65.675,FALSE,NA,NA,"<= day","daily",NA,2,TRUE
"2015-04-22",65.971,FALSE,NA,NA,"<= day","daily",NA,2,TRUE
"2015-04-23",66.021,FALSE,NA,NA,"<= day","daily",NA,2,TRUE
"2015-04-24",66.233,FALSE,NA,NA,"<= day","daily",NA,2,TRUE
"2015-04-25",66.221,FALSE,NA,NA,"<= day","daily",NA,2,TRUE
"2015-04-26",66.425,FALSE,NA,NA,"<= day","daily",NA,2,TRUE
"2015-04-27",66.458,FALSE,NA,NA,"<= day","daily",NA,2,TRUE
"2015-04-28",66.213,FALSE,NA,NA,"<= day","daily",NA,2,TRUE
"2015-04-29",66.496,FALSE,NA,NA,"<= day","daily",NA,2,TRUE
"2015-04-30",66.388,FALSE,NA,NA,"<= day","daily",NA,2,TRUE
"2015-05-01",65.996,FALSE,NA,NA,"<= day","daily",NA,2,TRUE
"2015-05-02",66.633,FALSE,NA,NA,"<= day","daily",NA,2,TRUE
"2015-05-03",66.621,FALSE,NA,NA,"<= day","daily",NA,2,TRUE
"2015-05-04",66,FALSE,NA,NA,"<= day","daily",NA,2,TRUE
"2015-05-05",66,FALSE,NA,NA,"<= day","daily",NA,2,TRUE
"2015-05-06",66.296,FALSE,NA,NA,"<= day","daily",NA,2,TRUE
"2015-05-07",66.662,FALSE,NA,NA,"<= day","daily",NA,2,TRUE
"2015-05-08",66.725,FALSE,NA,NA,"<= day","daily",NA,2,TRUE
"2015-05-09",67.238,FALSE,NA,NA,"<= day","daily",NA,2,TRUE
"2015-05-10",67.133,FALSE,NA,NA,"<= day","daily",NA,2,TRUE
"2015-05-11",67.733,FALSE,NA,NA,"<= day","daily",NA,2,TRUE
"2015-05-12",67.621,FALSE,NA,NA,"<= day","daily",NA,2,TRUE
"2015-05-13",67.433,FALSE,NA,NA,"<= day","daily",NA,2,TRUE
"2015-05-14",67.75,FALSE,NA,NA,"<= day","daily",NA,2,TRUE
"2015-05-15",67.871,FALSE,NA,NA,"<= day","daily",NA,2,TRUE
"2015-05-16",68.175,FALSE,NA,NA,"<= day","daily",NA,2,TRUE
"2015-05-17",69.025,FALSE,NA,NA,"<= day","daily",NA,2,TRUE
"2015-05-18",69.554,FALSE,NA,NA,"<= day","daily",NA,2,TRUE
"2015-05-19",69.646,FALSE,NA,NA,"<= day","daily",NA,2,TRUE
"2015-05-20",70.471,FALSE,NA,NA,"<= day","daily",NA,2,TRUE
"2015-05-21",71.046,FALSE,NA,NA,"<= day","daily",NA,2,TRUE
"2015-05-22",71.879,FALSE,NA,NA,"<= day","daily",NA,2,TRUE
"2015-05-23",72.708,FALSE,NA,NA,"<= day","daily",NA,2,TRUE
"2015-05-24",74.092,FALSE,NA,NA,"<= day","daily",NA,2,TRUE
"2015-05-25",75.425,FALSE,NA,NA,"<= day","daily",NA,2,TRUE
"2015-05-26",77.158,FALSE,NA,NA,"<= day","daily",NA,2,TRUE
"2015-05-27",78.892,FALSE,NA,NA,"<= day","daily",NA,2,TRUE
"2015-05-28",80.029,FALSE,NA,NA,"<= day","daily",NA,2,TRUE
"2015-05-29",81.2,FALSE,NA,NA,"<= day","daily",NA,2,TRUE
"2015-05-30",82.396,FALSE,NA,NA,"<= day","daily",NA,2,TRUE
"2015-05-31",83.033,FALSE,NA,NA,"<= day","daily",NA,2,TRUE
"2015-06-01",83.854,FALSE,NA,NA,"<= day","daily",NA,2,TRUE
"2015-06-02",84.254,FALSE,NA,NA,"<= day","daily",NA,2,TRUE
"2015-06-03",84.808,FALSE,NA,NA,"<= day","daily",NA,2,TRUE
"2015-06-04",84.638,FALSE,NA,NA,"<= day","daily",NA,2,TRUE
"2015-06-05",84.708,FALSE,NA,NA,"<= day","daily",NA,2,TRUE
"2015-06-06",85.242,FALSE,NA,NA,"<= day","daily",NA,2,TRUE
"2015-06-07",85.425,FALSE,NA,NA,"<= day","daily",NA,2,TRUE
"2015-06-08",85.354,FALSE,NA,NA,"<= day","daily",NA,2,TRUE
"2015-06-09",85.558,FALSE,NA,NA,"<= day","daily",NA,2,TRUE
"2015-06-10",85.458,FALSE,NA,NA,"<= day","daily",NA,2,TRUE
"2015-06-11",85.483,FALSE,NA,NA,"<= day","daily",NA,2,TRUE
"2015-06-12",85.758,FALSE,NA,NA,"<= day","daily",NA,2,TRUE
"2015-06-13",86.125,FALSE,NA,NA,"<= day","daily",NA,2,TRUE
"2015-06-14",86.512,FALSE,NA,NA,"<= day","daily",NA,2,TRUE
"2015-06-15",86.529,FALSE,NA,NA,"<= day","daily",NA,2,TRUE
"2015-06-16",86.717,FALSE,NA,NA,"<= day","daily",NA,2,TRUE
"2015-06-17",87.079,FALSE,NA,NA,"<= day","daily",NA,2,TRUE
"2015-06-18",87.512,FALSE,NA,NA,"<= day","daily",NA,2,TRUE
"2015-06-19",88.125,FALSE,NA,NA,"<= day","daily",NA,2,TRUE
"2015-06-20",88.4,FALSE,NA,NA,"<= day","daily",NA,2,TRUE
"2015-06-21",89.079,FALSE,NA,NA,"<= day","daily",NA,2,TRUE
"2015-06-22",89.417,FALSE,NA,NA,"<= day","daily",NA,2,TRUE
"2015-06-23",90.204,FALSE,NA,NA,"<= day","daily",NA,2,TRUE
"2015-06-24",91.092,FALSE,NA,NA,"<= day","daily",NA,2,TRUE
"2015-06-25",91.854,FALSE,NA,NA,"<= day","daily",NA,2,TRUE
"2015-06-26",92.45,FALSE,NA,NA,"<= day","daily",NA,2,TRUE
"2015-06-27",92.983,FALSE,NA,NA,"<= day","daily",NA,2,TRUE
"2015-06-28",93.379,FALSE,NA,NA,"<= day","daily",NA,2,TRUE
"2015-06-29",93.892,FALSE,NA,NA,"<= day","daily",NA,2,TRUE
"2015-06-30",94.429,FALSE,NA,NA,"<= day","daily",NA,2,TRUE
"2015-07-01",94.733,FALSE,NA,NA,"<= day","daily",NA,2,TRUE
"2015-07-02",94.95,FALSE,NA,NA,"<= day","daily",NA,2,TRUE
"2015-07-03",95.429,FALSE,NA,NA,"<= day","daily",NA,2,TRUE
"2015-07-04",95.704,FALSE,NA,NA,"<= day","daily",NA,2,TRUE
"2015-07-05",95.954,FALSE,NA,NA,"<= day","daily",NA,2,TRUE
"2015-07-06",96.542,FALSE,NA,NA,"<= day","daily",NA,2,TRUE
"2015-07-07",96.475,FALSE,NA,NA,"<= day","daily",NA,2,TRUE
"2015-07-08",96.621,FALSE,NA,NA,"<= day","daily",NA,2,TRUE
"2015-07-09",97.125,FALSE,NA,NA,"<= day","daily",NA,2,TRUE
"2015-07-10",97.371,FALSE,NA,NA,"<= day","daily",NA,2,TRUE
"2015-07-11",97.713,FALSE,NA,NA,"<= day","daily",NA,2,TRUE
"2015-07-12",97.992,FALSE,NA,NA,"<= day","daily",NA,2,TRUE
"2015-07-13",97.842,FALSE,NA,NA,"<= day","daily",NA,2,TRUE
"2015-07-14",97.688,FALSE,NA,NA,"<= day","daily",NA,2,TRUE
"2015-07-15",98.062,FALSE,NA,NA,"<= day","daily",NA,2,TRUE
"2015-07-16",98.271,FALSE,NA,NA,"<= day","daily",NA,2,TRUE
"2015-07-17",98.104,FALSE,NA,NA,"<= day","daily",NA,2,TRUE
"2015-07-18",98.208,FALSE,NA,NA,"<= day","daily",NA,2,TRUE
"2015-07-19",98.246,FALSE,NA,NA,"<= day","daily",NA,2,TRUE
"2015-07-20",97.829,FALSE,NA,NA,"<= day","daily",NA,2,TRUE
"2015-07-21",98.075,FALSE,NA,NA,"<= day","daily",NA,2,TRUE
"2015-07-22",98.058,FALSE,NA,NA,"<= day","daily",NA,2,TRUE
"2015-07-23",97.838,FALSE,NA,NA,"<= day","daily",NA,2,TRUE
"2015-07-24",97.667,FALSE,NA,NA,"<= day","daily",NA,2,TRUE
"2015-07-25",97.496,FALSE,NA,NA,"<= day","daily",NA,2,TRUE
"2015-07-26",97.312,FALSE,NA,NA,"<= day","daily",NA,2,TRUE
"2015-07-27",97.483,FALSE,NA,NA,"<= day","daily",NA,2,TRUE
"2015-07-28",97.304,FALSE,NA,NA,"<= day","daily",NA,2,TRUE
"2015-07-29",97.046,FALSE,NA,NA,"<= day","daily",NA,2,TRUE
"2015-07-30",97.096,FALSE,NA,NA,"<= day","daily",NA,2,TRUE
"2015-07-31",96.825,FALSE,NA,NA,"<= day","daily",NA,2,TRUE
"2015-08-01",96.779,FALSE,NA,NA,"<= day","daily",NA,2,TRUE
"2015-08-02",96.6,FALSE,NA,NA,"<= day","daily",NA,2,TRUE
"2015-08-03",96.762,FALSE,NA,NA,"<= day","daily",NA,2,TRUE
"2015-08-04",96.654,FALSE,NA,NA,"<= day","daily",NA,2,TRUE
"2015-08-05",96.6,FALSE,NA,NA,"<= day","daily",NA,2,TRUE
"2015-08-06",96.588,FALSE,NA,NA,"<= day","daily",NA,2,TRUE
"2015-08-07",96.267,FALSE,NA,NA,"<= day","daily",NA,2,TRUE
"2015-08-08",96.242,FALSE,NA,NA,"<= day","daily",NA,2,TRUE
"2015-08-09",95.762,FALSE,NA,NA,"<= day","daily",NA,2,TRUE
"2015-08-10",95.883,FALSE,NA,NA,"<= day","daily",NA,2,TRUE
"2015-08-11",95.45,FALSE,NA,NA,"<= day","daily",NA,2,TRUE
"2015-08-12",95.671,FALSE,NA,NA,"<= day","daily",NA,2,TRUE
"2015-08-13",95.208,FALSE,NA,NA,"<= day","daily",NA,2,TRUE
"2015-08-14",95.021,FALSE,NA,NA,"<= day","daily",NA,2,TRUE
"2015-08-15",94.983,FALSE,NA,NA,"<= day","daily",NA,2,TRUE
"2015-08-16",94.442,FALSE,NA,NA,"<= day","daily",NA,2,TRUE
"2015-08-17",94.354,FALSE,NA,NA,"<= day","daily",NA,2,TRUE
"2015-08-18",94.287,FALSE,NA,NA,"<= day","daily",NA,2,TRUE
"2015-08-19",94.304,FALSE,NA,NA,"<= day","daily",NA,2,TRUE
"2015-08-20",94.246,FALSE,NA,NA,"<= day","daily",NA,2,TRUE
"2015-08-21",94.429,FALSE,NA,NA,"<= day","daily",NA,2,TRUE
"2015-08-22",94.342,FALSE,NA,NA,"<= day","daily",NA,2,TRUE
"2015-08-23",94.604,FALSE,NA,NA,"<= day","daily",NA,2,TRUE
"2015-08-24",94.692,FALSE,NA,NA,"<= day","daily",NA,2,TRUE
"2015-08-25",94.662,FALSE,NA,NA,"<= day","daily",NA,2,TRUE
"2015-08-26",94.679,FALSE,NA,NA,"<= day","daily",NA,2,TRUE
"2015-08-27",94.608,FALSE,NA,NA,"<= day","daily",NA,2,TRUE
"2015-08-28",94.321,FALSE,NA,NA,"<= day","daily",NA,2,TRUE
"2015-08-29",94.033,FALSE,NA,NA,"<= day","daily",NA,2,TRUE
"2015-08-30",93.846,FALSE,NA,NA,"<= day","daily",NA,2,TRUE
"2015-08-31",93.979,FALSE,NA,NA,"<= day","daily",NA,2,TRUE
"2015-09-01",93.421,FALSE,NA,NA,"<= day","daily",NA,2,TRUE
"2015-09-02",93.454,FALSE,NA,NA,"<= day","daily",NA,2,TRUE
"2015-09-03",92.717,FALSE,NA,NA,"<= day","daily",NA,2,TRUE
"2015-09-04",92.683,FALSE,NA,NA,"<= day","daily",NA,2,TRUE
"2015-09-05",93.067,FALSE,NA,NA,"<= day","daily",NA,2,TRUE
"2015-09-06",93.312,FALSE,NA,NA,"<= day","daily",NA,2,TRUE
"2015-09-07",93.738,FALSE,NA,NA,"<= day","daily",NA,2,TRUE
"2015-09-08",94.188,FALSE,NA,NA,"<= day","daily",NA,2,TRUE
"2015-09-09",94.408,FALSE,NA,NA,"<= day","daily",NA,2,TRUE
"2015-09-10",94.575,FALSE,NA,NA,"<= day","daily",NA,2,TRUE
"2015-09-11",94.5,FALSE,NA,NA,"<= day","daily",NA,2,TRUE
"2015-09-12",94.396,FALSE,NA,NA,"<= day","daily",NA,2,TRUE
"2015-09-13",94.433,FALSE,NA,NA,"<= day","daily",NA,2,TRUE
"2015-09-14",93.979,FALSE,NA,NA,"<= day","daily",NA,2,TRUE
"2015-09-15",93.512,FALSE,NA,NA,"<= day","daily",NA,2,TRUE
"2015-09-16",93.533,FALSE,NA,NA,"<= day","daily",NA,2,TRUE
"2015-09-17",92.95,FALSE,NA,NA,"<= day","daily",NA,2,TRUE
"2015-09-18",92.596,FALSE,NA,NA,"<= day","daily",NA,2,TRUE
"2015-09-19",92.392,FALSE,NA,NA,"<= day","daily",NA,2,TRUE
"2015-09-20",91.762,FALSE,NA,NA,"<= day","daily",NA,2,TRUE
"2015-09-21",91.317,FALSE,NA,NA,"<= day","daily",NA,2,TRUE
"2015-09-22",91.442,FALSE,NA,NA,"<= day","daily",NA,2,TRUE
"2015-09-23",91.108,FALSE,NA,NA,"<= day","daily",NA,2,TRUE
"2015-09-24",90.512,FALSE,NA,NA,"<= day","daily",NA,2,TRUE
"2015-09-25",90.483,FALSE,NA,NA,"<= day","daily",NA,2,TRUE
"2015-09-26",90.4,FALSE,NA,NA,"<= day","daily",NA,2,TRUE
"2015-09-27",90.129,FALSE,NA,NA,"<= day","daily",NA,2,TRUE
"2015-09-28",89.713,FALSE,NA,NA,"<= day","daily",NA,2,TRUE
"2015-09-29",89.592,FALSE,NA,NA,"<= day","daily",NA,2,TRUE
"2015-09-30",89.062,FALSE,NA,NA,"<= day","daily",NA,2,TRUE
"2015-10-01",88.996,FALSE,NA,NA,"<= day","daily",NA,2,TRUE
"2015-10-02",88.7,FALSE,NA,NA,"<= day","daily",NA,2,TRUE
"2015-10-03",88.504,FALSE,NA,NA,"<= day","daily",NA,2,TRUE
"2015-10-04",88.092,FALSE,NA,NA,"<= day","daily",NA,2,TRUE
"2015-10-05",87.592,FALSE,NA,NA,"<= day","daily",NA,2,TRUE
"2015-10-06",87.696,FALSE,NA,NA,"<= day","daily",NA,2,TRUE
"2015-10-07",87.317,FALSE,NA,NA,"<= day","daily",NA,2,TRUE
"2015-10-08",86.754,FALSE,NA,NA,"<= day","daily",NA,2,TRUE
"2015-10-09",86.558,FALSE,NA,NA,"<= day","daily",NA,2,TRUE
"2015-10-10",86.096,FALSE,NA,NA,"<= day","daily",NA,2,TRUE
"2015-10-11",85.792,FALSE,NA,NA,"<= day","daily",NA,2,TRUE
"2015-10-12",85.596,FALSE,NA,NA,"<= day","daily",NA,2,TRUE
"2015-10-13",85.188,FALSE,NA,NA,"<= day","daily",NA,2,TRUE
"2015-10-14",84.754,FALSE,NA,NA,"<= day","daily",NA,2,TRUE
"2015-10-15",84.667,FALSE,NA,NA,"<= day","daily",NA,2,TRUE
"2015-10-16",84.421,FALSE,NA,NA,"<= day","daily",NA,2,TRUE
"2015-10-17",83.967,FALSE,NA,NA,"<= day","daily",NA,2,TRUE
"2015-10-18",84.154,FALSE,NA,NA,"<= day","daily",NA,2,TRUE
"2015-10-19",83.708,FALSE,NA,NA,"<= day","daily",NA,2,TRUE
"2015-10-20",83.371,FALSE,NA,NA,"<= day","daily",NA,2,TRUE
"2015-10-21",83.325,FALSE,NA,NA,"<= day","daily",NA,2,TRUE
"2015-10-22",83.458,FALSE,NA,NA,"<= day","daily",NA,2,TRUE
"2015-10-23",82.829,FALSE,NA,NA,"<= day","daily",NA,2,TRUE
"2015-10-24",82.812,FALSE,NA,NA,"<= day","daily",NA,2,TRUE
"2015-10-25",82.571,FALSE,NA,NA,"<= day","daily",NA,2,TRUE
"2015-10-26",82.333,FALSE,NA,NA,"<= day","daily",NA,2,TRUE
"2015-10-27",82.429,FALSE,NA,NA,"<= day","daily",NA,2,TRUE
"2015-10-28",82.029,FALSE,NA,NA,"<= day","daily",NA,2,TRUE
"2015-10-29",81.679,FALSE,NA,NA,"<= day","daily",NA,2,TRUE
"2015-10-30",81.242,FALSE,NA,NA,"<= day","daily",NA,2,TRUE
"2015-10-31",81.154,FALSE,NA,NA,"<= day","daily",NA,2,TRUE
"2015-11-01",80.762,FALSE,NA,NA,"<= day","daily",NA,2,TRUE
"2015-11-02",80.708,FALSE,NA,NA,"<= day","daily",NA,2,TRUE
"2015-11-03",80.3,FALSE,NA,NA,"<= day","daily",NA,2,TRUE
"2015-11-04",80.171,FALSE,NA,NA,"<= day","daily",NA,2,TRUE
"2015-11-05",79.842,FALSE,NA,NA,"<= day","daily",NA,2,TRUE
"2015-11-06",79.492,FALSE,NA,NA,"<= day","daily",NA,2,TRUE
"2015-11-07",78.946,FALSE,NA,NA,"<= day","daily",NA,2,TRUE
"2015-11-08",78.717,FALSE,NA,NA,"<= day","daily",NA,2,TRUE
"2015-11-09",78.329,FALSE,NA,NA,"<= day","daily",NA,2,TRUE
"2015-11-10",78.475,FALSE,NA,NA,"<= day","daily",NA,2,TRUE
"2015-11-11",77.733,FALSE,NA,NA,"<= day","daily",NA,2,TRUE
"2015-11-12",77.5,FALSE,NA,NA,"<= day","daily",NA,2,TRUE
"2015-11-13",77.658,FALSE,NA,NA,"<= day","daily",NA,2,TRUE
"2015-11-14",76.821,FALSE,NA,NA,"<= day","daily",NA,2,TRUE
"2015-11-15",76.467,FALSE,NA,NA,"<= day","daily",NA,2,TRUE
"2015-11-16",76.221,FALSE,NA,NA,"<= day","daily",NA,2,TRUE
"2015-11-17",76.208,FALSE,NA,NA,"<= day","daily",NA,2,TRUE
"2015-11-18",75.812,FALSE,NA,NA,"<= day","daily",NA,2,TRUE
"2015-11-19",75.421,FALSE,NA,NA,"<= day","daily",NA,2,TRUE
"2015-11-20",75.125,FALSE,NA,NA,"<= day","daily",NA,2,TRUE
"2015-11-21",74.533,FALSE,NA,NA,"<= day","daily",NA,2,TRUE
"2015-11-22",74.679,FALSE,NA,NA,"<= day","daily",NA,2,TRUE
"2015-11-23",74.371,FALSE,NA,NA,"<= day","daily",NA,2,TRUE
"2015-11-24",74.146,FALSE,NA,NA,"<= day","daily",NA,2,TRUE
"2015-11-25",73.725,FALSE,NA,NA,"<= day","daily",NA,2,TRUE
"2015-11-26",73.338,FALSE,NA,NA,"<= day","daily",NA,2,TRUE
"2015-11-27",73.208,FALSE,NA,NA,"<= day","daily",NA,2,TRUE
"2015-11-28",73.042,FALSE,NA,NA,"<= day","daily",NA,2,TRUE
"2015-11-29",72.738,FALSE,NA,NA,"<= day","daily",NA,2,TRUE
"2015-11-30",72.625,FALSE,NA,NA,"<= day","daily",NA,2,TRUE
"2015-12-01",72.329,FALSE,NA,NA,"<= day","daily",NA,2,TRUE
"2015-12-02",72.229,FALSE,NA,NA,"<= day","daily",NA,2,TRUE
"2015-12-03",71.808,FALSE,NA,NA,"<= day","daily",NA,2,TRUE
"2015-12-04",71.567,FALSE,NA,NA,"<= day","daily",NA,2,TRUE
"2015-12-05",71.287,FALSE,NA,NA,"<= day","daily",NA,2,TRUE
"2015-12-06",71.575,FALSE,NA,NA,"<= day","daily",NA,2,TRUE
"2015-12-07",71.112,FALSE,NA,NA,"<= day","daily",NA,2,TRUE
"2015-12-08",71.104,FALSE,NA,NA,"<= day","daily",NA,2,TRUE
"2015-12-09",70.592,FALSE,NA,NA,"<= day","daily",NA,2,TRUE
"2015-12-10",70.217,FALSE,NA,NA,"<= day","daily",NA,2,TRUE
"2015-12-11",70.167,FALSE,NA,NA,"<= day","daily",NA,2,TRUE
"2015-12-12",70.071,FALSE,NA,NA,"<= day","daily",NA,2,TRUE
"2015-12-13",69.762,FALSE,NA,NA,"<= day","daily",NA,2,TRUE
"2015-12-14",69.388,FALSE,NA,NA,"<= day","daily",NA,2,TRUE
"2015-12-15",69.55,FALSE,NA,NA,"<= day","daily",NA,2,TRUE
"2015-12-16",69.129,FALSE,NA,NA,"<= day","daily",NA,2,TRUE
"2015-12-17",68.762,FALSE,NA,NA,"<= day","daily",NA,2,TRUE
"2015-12-18",68.542,FALSE,NA,NA,"<= day","daily",NA,2,TRUE
"2015-12-19",68,FALSE,NA,NA,"<= day","daily",NA,2,TRUE
"2015-12-20",67.921,FALSE,NA,NA,"<= day","daily",NA,2,TRUE
"2015-12-21",67.858,FALSE,NA,NA,"<= day","daily",NA,2,TRUE
"2015-12-22",67.492,FALSE,NA,NA,"<= day","daily",NA,2,TRUE
"2015-12-23",67.546,FALSE,NA,NA,"<= day","daily",NA,2,TRUE
"2015-12-24",67.279,FALSE,NA,NA,"<= day","daily",NA,2,TRUE
"2015-12-25",67.25,FALSE,NA,NA,"<= day","daily",NA,2,TRUE
"2015-12-26",66.725,FALSE,NA,NA,"<= day","daily",NA,2,TRUE
"2015-12-27",66.592,FALSE,NA,NA,"<= day","daily",NA,2,TRUE
"2015-12-28",66.379,FALSE,NA,NA,"<= day","daily",NA,2,TRUE
"2015-12-29",66.271,FALSE,NA,NA,"<= day","daily",NA,2,TRUE
"2015-12-30",65.758,FALSE,NA,NA,"<= day","daily",NA,2,TRUE
"2015-12-31",65.808,FALSE,NA,NA,"<= day","daily",NA,2,TRUE
"2016-01-01",65.379,FALSE,NA,NA,"<= day","daily",NA,2,TRUE
"2016-01-02",65.108,FALSE,NA,NA,"<= day","daily",NA,2,TRUE
"2016-01-03",64.842,FALSE,NA,NA,"<= day","daily",NA,2,TRUE
"2016-01-04",64.721,FALSE,NA,NA,"<= day","daily",NA,2,TRUE
"2016-01-05",64.758,FALSE,NA,NA,"<= day","daily",NA,2,TRUE
"2016-01-06",64.271,FALSE,NA,NA,"<= day","daily",NA,2,TRUE
"2016-01-07",64.246,FALSE,NA,NA,"<= day","daily",NA,2,TRUE
"2016-01-08",64.104,FALSE,NA,NA,"<= day","daily",NA,2,TRUE
"2016-01-09",63.7,FALSE,NA,NA,"<= day","daily",NA,2,TRUE
"2016-01-10",63.767,FALSE,NA,NA,"<= day","daily",NA,2,TRUE
"2016-01-11",63.367,FALSE,NA,NA,"<= day","daily",NA,2,TRUE
"2016-01-12",63.042,FALSE,NA,NA,"<= day","daily",NA,2,TRUE
"2016-01-13",62.954,FALSE,NA,NA,"<= day","daily",NA,2,TRUE
"2016-01-14",62.571,FALSE,NA,NA,"<= day","daily",NA,2,TRUE
"2016-01-15",62.467,FALSE,NA,NA,"<= day","daily",NA,2,TRUE
"2016-01-16",62.517,FALSE,NA,NA,"<= day","daily",NA,2,TRUE
"2016-01-17",62.688,FALSE,NA,NA,"<= day","daily",NA,2,TRUE
"2016-01-18",62.142,FALSE,NA,NA,"<= day","daily",NA,2,TRUE
"2016-01-19",62.062,FALSE,NA,NA,"<= day","daily",NA,2,TRUE
"2016-01-20",61.746,FALSE,NA,NA,"<= day","daily",NA,2,TRUE
"2016-01-21",61.538,FALSE,NA,NA,"<= day","daily",NA,2,TRUE
"2016-01-22",61.229,FALSE,NA,NA,"<= day","daily",NA,2,TRUE
"2016-01-23",61.325,FALSE,NA,NA,"<= day","daily",NA,2,TRUE
"2016-01-24",61.404,FALSE,NA,NA,"<= day","daily",NA,2,TRUE
"2016-01-25",60.983,FALSE,NA,NA,"<= day","daily",NA,2,TRUE
"2016-01-26",60.975,FALSE,NA,NA,"<= day","daily",NA,2,TRUE
"2016-01-27",60.717,FALSE,NA,NA,"<= day","daily",NA,2,TRUE
"2016-01-28",60.567,FALSE,NA,NA,"<= day","daily",NA,2,TRUE
"2016-01-29",60.408,FALSE,NA,NA,"<= day","daily",NA,2,TRUE
"2016-01-30",60.362,FALSE,NA,NA,"<= day","daily",NA,2,TRUE
"2016-01-31",60.254,FALSE,NA,NA,"<= day","daily",NA,2,TRUE
"2016-02-01",60.083,FALSE,NA,NA,"<= day","daily",NA,2,TRUE
"2016-02-02",60.125,FALSE,NA,NA,"<= day","daily",NA,2,TRUE
"2016-02-03",60.367,FALSE,NA,NA,"<= day","daily",NA,2,TRUE
"2016-02-04",60.362,FALSE,NA,NA,"<= day","daily",NA,2,TRUE
"2016-02-05",60.479,FALSE,NA,NA,"<= day","daily",NA,2,TRUE
"2016-02-06",60.312,FALSE,NA,NA,"<= day","daily",NA,2,TRUE
"2016-02-07",60.425,FALSE,NA,NA,"<= day","daily",NA,2,TRUE
"2016-02-08",60.571,FALSE,NA,NA,"<= day","daily",NA,2,TRUE
"2016-02-09",60.329,FALSE,NA,NA,"<= day","daily",NA,2,TRUE
"2016-02-10",60.288,FALSE,NA,NA,"<= day","daily",NA,2,TRUE
"2016-02-11",60.192,FALSE,NA,NA,"<= day","daily",NA,2,TRUE
"2016-02-12",60.212,FALSE,NA,NA,"<= day","daily",NA,2,TRUE
"2016-02-13",60.033,FALSE,NA,NA,"<= day","daily",NA,2,TRUE
"2016-02-14",60.079,FALSE,NA,NA,"<= day","daily",NA,2,TRUE
"2016-02-15",59.867,FALSE,NA,NA,"<= day","daily",NA,2,TRUE
"2016-02-16",59.408,FALSE,NA,NA,"<= day","daily",NA,2,TRUE
"2016-02-17",59.721,FALSE,NA,NA,"<= day","daily",NA,2,TRUE
"2016-02-18",59.362,FALSE,NA,NA,"<= day","daily",NA,2,TRUE
"2016-02-19",59.163,FALSE,NA,NA,"<= day","daily",NA,2,TRUE
"2016-02-20",59.379,FALSE,NA,NA,"<= day","daily",NA,2,TRUE
"2016-02-21",59.004,FALSE,NA,NA,"<= day","daily",NA,2,TRUE
"2016-02-22",59.021,FALSE,NA,NA,"<= day","daily",NA,2,TRUE
"2016-02-23",58.95,FALSE,NA,NA,"<= day","daily",NA,2,TRUE
"2016-02-24",58.525,FALSE,NA,NA,"<= day","daily",NA,2,TRUE
"2016-02-25",58.704,FALSE,NA,NA,"<= day","daily",NA,2,TRUE
"2016-02-26",58.533,FALSE,NA,NA,"<= day","daily",NA,2,TRUE
"2016-02-27",58.5,FALSE,NA,NA,"<= day","daily",NA,2,TRUE
"2016-02-28",58.467,FALSE,NA,NA,"<= day","daily",NA,2,TRUE
"2016-02-29",58.692,FALSE,NA,NA,"<= day","daily",NA,2,TRUE
"2016-03-01",58.308,FALSE,NA,NA,"<= day","daily",NA,2,TRUE
"2016-03-02",58.2,FALSE,NA,NA,"<= day","daily",NA,2,TRUE
"2016-03-03",58.275,FALSE,NA,NA,"<= day","daily",NA,2,TRUE
"2016-03-04",57.983,FALSE,NA,NA,"<= day","daily",NA,2,TRUE
"2016-03-05",58.017,FALSE,NA,NA,"<= day","daily",NA,2,TRUE
"2016-03-06",58.279,FALSE,NA,NA,"<= day","daily",NA,2,TRUE
"2016-03-07",57.608,FALSE,NA,NA,"<= day","daily",NA,2,TRUE
"2016-03-08",57.575,FALSE,NA,NA,"<= day","daily",NA,2,TRUE
"2016-03-09",57.663,FALSE,NA,NA,"<= day","daily",NA,2,TRUE
"2016-03-10",57.517,FALSE,NA,NA,"<= day","daily",NA,2,TRUE
"2016-03-11",57.246,FALSE,NA,NA,"<= day","daily",NA,2,TRUE
"2016-03-12",57.112,FALSE,NA,NA,"<= day","daily",NA,2,TRUE
"2016-03-13",56.867,FALSE,NA,NA,"<= day","daily",NA,2,TRUE
"2016-03-14",56.804,FALSE,NA,NA,"<= day","daily",NA,2,TRUE
"2016-03-15",56.875,FALSE,NA,NA,"<= day","daily",NA,2,TRUE
"2016-03-16",56.517,FALSE,NA,NA,"<= day","daily",NA,2,TRUE
"2016-03-17",56.642,FALSE,NA,NA,"<= day","daily",NA,2,TRUE
"2016-03-18",56.538,FALSE,NA,NA,"<= day","daily",NA,2,TRUE
"2016-03-19",56.263,FALSE,NA,NA,"<= day","daily",NA,2,TRUE
"2016-03-20",56.333,FALSE,NA,NA,"<= day","daily",NA,2,TRUE
"2016-03-21",56.017,FALSE,NA,NA,"<= day","daily",NA,2,TRUE
"2016-03-22",56.35,FALSE,NA,NA,"<= day","daily",NA,2,TRUE
"2016-03-23",56.267,FALSE,NA,NA,"<= day","daily",NA,2,TRUE
"2016-03-24",56.167,FALSE,NA,NA,"<= day","daily",NA,2,TRUE
"2016-03-25",56.133,FALSE,NA,NA,"<= day","daily",NA,2,TRUE
"2016-03-26",56.342,FALSE,NA,NA,"<= day","daily",NA,2,TRUE
"2016-03-27",55.788,FALSE,NA,NA,"<= day","daily",NA,2,TRUE
"2016-03-28",55.592,FALSE,NA,NA,"<= day","daily",NA,2,TRUE
"2016-03-29",55.925,FALSE,NA,NA,"<= day","daily",NA,2,TRUE
"2016-03-30",56.013,FALSE,NA,NA,"<= day","daily",NA,2,TRUE
"2016-03-31",55.938,FALSE,NA,NA,"<= day","daily",NA,2,TRUE
"2016-04-01",56.217,FALSE,NA,NA,"<= day","daily",NA,2,TRUE
"2016-04-02",56.1,FALSE,NA,NA,"<= day","daily",NA,2,TRUE
"2016-04-03",56.521,FALSE,NA,NA,"<= day","daily",NA,2,TRUE
"2016-04-04",56.638,FALSE,NA,NA,"<= day","daily",NA,2,TRUE
"2016-04-05",56.546,FALSE,NA,NA,"<= day","daily",NA,2,TRUE
"2016-04-06",56.337,FALSE,NA,NA,"<= day","daily",NA,2,TRUE
"2016-04-07",56.217,FALSE,NA,NA,"<= day","daily",NA,2,TRUE
"2016-04-08",57.275,FALSE,NA,NA,"<= day","daily",NA,2,TRUE
"2016-04-09",57.596,FALSE,NA,NA,"<= day","daily",NA,2,TRUE
"2016-04-10",57.65,FALSE,NA,NA,"<= day","daily",NA,2,TRUE
"2016-04-11",57.717,FALSE,NA,NA,"<= day","daily",NA,2,TRUE
"2016-04-12",57.663,FALSE,NA,NA,"<= day","daily",NA,2,TRUE
"2016-04-13",57.875,FALSE,NA,NA,"<= day","daily",NA,2,TRUE
"2016-04-14",57.521,FALSE,NA,NA,"<= day","daily",NA,2,TRUE
"2016-04-15",58.146,FALSE,NA,NA,"<= day","daily",NA,2,TRUE
"2016-04-16",58.121,FALSE,NA,NA,"<= day","daily",NA,2,TRUE
"2016-04-17",58.146,FALSE,NA,NA,"<= day","daily",NA,2,TRUE
"2016-04-18",58.1,FALSE,NA,NA,"<= day","daily",NA,2,TRUE
"2016-04-19",58.104,FALSE,NA,NA,"<= day","daily",NA,2,TRUE
"2016-04-20",58.233,FALSE,NA,NA,"<= day","daily",NA,2,TRUE
"2016-04-21",58.508,FALSE,NA,NA,"<= day","daily",NA,2,TRUE
"2016-04-22",58.6,FALSE,NA,NA,"<= day","daily",NA,2,TRUE
"2016-04-23",58.9,FALSE,NA,NA,"<= day","daily",NA,2,TRUE
"2016-04-24",58.9,FALSE,NA,NA,"<= day","daily",NA,2,TRUE
"2016-04-25",59.142,FALSE,NA,NA,"<= day","daily",NA,2,TRUE
"2016-04-26",59.1,FALSE,NA,NA,"<= day","daily",NA,2,TRUE
"2016-04-27",59.221,FALSE,NA,NA,"<= day","daily",NA,2,TRUE
"2016-04-28",59.433,FALSE,NA,NA,"<= day","daily",NA,2,TRUE
"2016-04-29",59.158,FALSE,NA,NA,"<= day","daily",NA,2,TRUE
"2016-04-30",59.312,FALSE,NA,NA,"<= day","daily",NA,2,TRUE
"2016-05-01",59.179,FALSE,NA,NA,"<= day","daily",NA,2,TRUE
"2016-05-02",59.121,FALSE,NA,NA,"<= day","daily",NA,2,TRUE
"2016-05-03",59.279,FALSE,NA,NA,"<= day","daily",NA,2,TRUE
"2016-05-04",59.321,FALSE,NA,NA,"<= day","daily",NA,2,TRUE
"2016-05-05",59.442,FALSE,NA,NA,"<= day","daily",NA,2,TRUE
"2016-05-06",59.246,FALSE,NA,NA,"<= day","daily",NA,2,TRUE
"2016-05-07",59.342,FALSE,NA,NA,"<= day","daily",NA,2,TRUE
"2016-05-08",59.521,FALSE,NA,NA,"<= day","daily",NA,2,TRUE
"2016-05-09",59.479,FALSE,NA,NA,"<= day","daily",NA,2,TRUE
"2016-05-10",59.871,FALSE,NA,NA,"<= day","daily",NA,2,TRUE
"2016-05-11",59.758,FALSE,NA,NA,"<= day","daily",NA,2,TRUE
"2016-05-12",60.154,FALSE,NA,NA,"<= day","daily",NA,2,TRUE
"2016-05-13",60.254,FALSE,NA,NA,"<= day","daily",NA,2,TRUE
"2016-05-14",60.25,FALSE,NA,NA,"<= day","daily",NA,2,TRUE
"2016-05-15",60.842,FALSE,NA,NA,"<= day","daily",NA,2,TRUE
"2016-05-16",60.383,FALSE,NA,NA,"<= day","daily",NA,2,TRUE
"2016-05-17",60.875,FALSE,NA,NA,"<= day","daily",NA,2,TRUE
"2016-05-18",60.821,FALSE,NA,NA,"<= day","daily",NA,2,TRUE
"2016-05-19",61.013,FALSE,NA,NA,"<= day","daily",NA,2,TRUE
"2016-05-20",61.121,FALSE,NA,NA,"<= day","daily",NA,2,TRUE
"2016-05-21",60.992,FALSE,NA,NA,"<= day","daily",NA,2,TRUE
"2016-05-22",61.021,FALSE,NA,NA,"<= day","daily",NA,2,TRUE
"2016-05-23",61.221,FALSE,NA,NA,"<= day","daily",NA,2,TRUE
"2016-05-24",61.446,FALSE,NA,NA,"<= day","daily",NA,2,TRUE
"2016-05-25",61.642,FALSE,NA,NA,"<= day","daily",NA,2,TRUE
"2016-05-26",61.696,FALSE,NA,NA,"<= day","daily",NA,2,TRUE
"2016-05-27",62.079,FALSE,NA,NA,"<= day","daily",NA,2,TRUE
"2016-05-28",62.567,FALSE,NA,NA,"<= day","daily",NA,2,TRUE
"2016-05-29",62.487,FALSE,NA,NA,"<= day","daily",NA,2,TRUE
"2016-05-30",62.671,FALSE,NA,NA,"<= day","daily",NA,2,TRUE
"2016-05-31",63.013,FALSE,NA,NA,"<= day","daily",NA,2,TRUE
"2016-06-01",63.471,FALSE,NA,NA,"<= day","daily",NA,2,TRUE
"2016-06-02",63.504,FALSE,NA,NA,"<= day","daily",NA,2,TRUE
"2016-06-03",64.133,FALSE,NA,NA,"<= day","daily",NA,2,TRUE
"2016-06-04",64.421,FALSE,NA,NA,"<= day","daily",NA,2,TRUE
"2016-06-05",65.017,FALSE,NA,NA,"<= day","daily",NA,2,TRUE
"2016-06-06",65.238,FALSE,NA,NA,"<= day","daily",NA,2,TRUE
"2016-06-07",65.825,FALSE,NA,NA,"<= day","daily",NA,2,TRUE
"2016-06-08",66.358,FALSE,NA,NA,"<= day","daily",NA,2,TRUE
"2016-06-09",66.713,FALSE,NA,NA,"<= day","daily",NA,2,TRUE
"2016-06-10",66.787,FALSE,NA,NA,"<= day","daily",NA,2,TRUE
"2016-06-11",67.642,FALSE,NA,NA,"<= day","daily",NA,2,TRUE
"2016-06-12",68.537,FALSE,NA,NA,"<= day","daily",NA,2,TRUE
"2016-06-13",69.1,FALSE,NA,NA,"<= day","daily",NA,2,TRUE
"2016-06-14",70.104,FALSE,NA,NA,"<= day","daily",NA,2,TRUE
"2016-06-15",70.708,FALSE,NA,NA,"<= day","daily",NA,2,TRUE
"2016-06-16",71.7,FALSE,NA,NA,"<= day","daily",NA,2,TRUE
"2016-06-17",72.992,FALSE,NA,NA,"<= day","daily",NA,2,TRUE
"2016-06-18",73.804,FALSE,NA,NA,"<= day","daily",NA,2,TRUE
"2016-06-19",75.721,FALSE,NA,NA,"<= day","daily",NA,2,TRUE
"2016-06-20",77.225,FALSE,NA,NA,"<= day","daily",NA,2,TRUE
"2016-06-21",79.125,FALSE,NA,NA,"<= day","daily",NA,2,TRUE
"2016-06-22",80.862,FALSE,NA,NA,"<= day","daily",NA,2,TRUE
"2016-06-23",82.412,FALSE,NA,NA,"<= day","daily",NA,2,TRUE
"2016-06-24",83.646,FALSE,NA,NA,"<= day","daily",NA,2,TRUE
"2016-06-25",84.708,FALSE,NA,NA,"<= day","daily",NA,2,TRUE
"2016-06-26",85.488,FALSE,NA,NA,"<= day","daily",NA,2,TRUE
"2016-06-27",86.575,FALSE,NA,NA,"<= day","daily",NA,2,TRUE
"2016-06-28",87.233,FALSE,NA,NA,"<= day","daily",NA,2,TRUE
"2016-06-29",88.117,FALSE,NA,NA,"<= day","daily",NA,2,TRUE
"2016-06-30",89.004,FALSE,NA,NA,"<= day","daily",NA,2,TRUE
"2016-07-01",89.342,FALSE,NA,NA,"<= day","daily",NA,2,TRUE
"2016-07-02",90.275,FALSE,NA,NA,"<= day","daily",NA,2,TRUE
"2016-07-03",90.921,FALSE,NA,NA,"<= day","daily",NA,2,TRUE
"2016-07-04",91.633,FALSE,NA,NA,"<= day","daily",NA,2,TRUE
"2016-07-05",92.046,FALSE,NA,NA,"<= day","daily",NA,2,TRUE
"2016-07-06",93.504,FALSE,NA,NA,"<= day","daily",NA,2,TRUE
"2016-07-07",94.075,FALSE,NA,NA,"<= day","daily",NA,2,TRUE
"2016-07-08",94.946,FALSE,NA,NA,"<= day","daily",NA,2,TRUE
"2016-07-09",95.329,FALSE,NA,NA,"<= day","daily",NA,2,TRUE
"2016-07-10",95.787,FALSE,NA,NA,"<= day","daily",NA,2,TRUE
"2016-07-11",96.275,FALSE,NA,NA,"<= day","daily",NA,2,TRUE
"2016-07-12",96.592,FALSE,NA,NA,"<= day","daily",NA,2,TRUE
"2016-07-13",96.829,FALSE,NA,NA,"<= day","daily",NA,2,TRUE
"2016-07-14",98.246,FALSE,NA,NA,"<= day","daily",NA,2,TRUE
"2016-07-15",99.467,FALSE,NA,NA,"<= day","daily",NA,2,TRUE
"2016-07-16",101.438,FALSE,NA,NA,"<= day","daily",NA,2,TRUE
"2016-07-17",103.425,FALSE,NA,NA,"<= day","daily",NA,2,TRUE
"2016-07-18",105.396,FALSE,NA,NA,"<= day","daily",NA,2,TRUE
"2016-07-19",106.346,FALSE,NA,NA,"<= day","daily",NA,2,TRUE
"2016-07-20",107.025,FALSE,NA,NA,"<= day","daily",NA,2,TRUE
"2016-07-21",107.588,FALSE,NA,NA,"<= day","daily",NA,2,TRUE
"2016-07-22",108.004,FALSE,NA,NA,"<= day","daily",NA,2,TRUE
"2016-07-23",108.021,FALSE,NA,NA,"<= day","daily",NA,2,TRUE
"2016-07-24",107.85,FALSE,NA,NA,"<= day","daily",NA,2,TRUE
"2016-07-25",107.988,FALSE,NA,NA,"<= day","daily",NA,2,TRUE
"2016-07-26",107.771,FALSE,NA,NA,"<= day","daily",NA,2,TRUE
"2016-07-27",107.942,FALSE,NA,NA,"<= day","daily",NA,2,TRUE
"2016-07-28",108.088,FALSE,NA,NA,"<= day","daily",NA,2,TRUE
"2016-07-29",108.058,FALSE,NA,NA,"<= day","daily",NA,2,TRUE
"2016-07-30",108.079,FALSE,NA,NA,"<= day","daily",NA,2,TRUE
"2016-07-31",108.333,FALSE,NA,NA,"<= day","daily",NA,2,TRUE
"2016-08-01",108.433,FALSE,NA,NA,"<= day","daily",NA,2,TRUE
"2016-08-02",108.5,FALSE,NA,NA,"<= day","daily",NA,2,TRUE
"2016-08-03",108.433,FALSE,NA,NA,"<= day","daily",NA,2,TRUE
"2016-08-04",108.1,FALSE,NA,NA,"<= day","daily",NA,2,TRUE
"2016-08-05",107.954,FALSE,NA,NA,"<= day","daily",NA,2,TRUE
"2016-08-06",108.35,FALSE,NA,NA,"<= day","daily",NA,2,TRUE
"2016-08-07",109.787,FALSE,NA,NA,"<= day","daily",NA,2,TRUE
"2016-08-08",110.767,FALSE,NA,NA,"<= day","daily",NA,2,TRUE
"2016-08-09",111.908,FALSE,NA,NA,"<= day","daily",NA,2,TRUE
"2016-08-10",112.621,FALSE,NA,NA,"<= day","daily",NA,2,TRUE
"2016-08-11",113.6,FALSE,NA,NA,"<= day","daily",NA,2,TRUE
"2016-08-12",114.888,FALSE,NA,NA,"<= day","daily",NA,2,TRUE
"2016-08-13",116.017,FALSE,NA,NA,"<= day","daily",NA,2,TRUE
"2016-08-14",116.65,FALSE,NA,NA,"<= day","daily",NA,2,TRUE
"2016-08-15",117.104,FALSE,NA,NA,"<= day","daily",NA,2,TRUE
"2016-08-16",117.188,FALSE,NA,NA,"<= day","daily",NA,2,TRUE
"2016-08-17",116.971,FALSE,NA,NA,"<= day","daily",NA,2,TRUE
"2016-08-18",116.708,FALSE,NA,NA,"<= day","daily",NA,2,TRUE
"2016-08-19",116.833,FALSE,NA,NA,"<= day","daily",NA,2,TRUE
"2016-08-20",116.358,FALSE,NA,NA,"<= day","daily",NA,2,TRUE
"2016-08-21",115.883,FALSE,NA,NA,"<= day","daily",NA,2,TRUE
"2016-08-22",115.463,FALSE,NA,NA,"<= day","daily",NA,2,TRUE
"2016-08-23",114.883,FALSE,NA,NA,"<= day","daily",NA,2,TRUE
"2016-08-24",114.454,FALSE,NA,NA,"<= day","daily",NA,2,TRUE
"2016-08-25",114.058,FALSE,NA,NA,"<= day","daily",NA,2,TRUE
"2016-08-26",113.838,FALSE,NA,NA,"<= day","daily",NA,2,TRUE
"2016-08-27",113.079,FALSE,NA,NA,"<= day","daily",NA,2,TRUE
"2016-08-28",112.612,FALSE,NA,NA,"<= day","daily",NA,2,TRUE
"2016-08-29",112.138,FALSE,NA,NA,"<= day","daily",NA,2,TRUE
"2016-08-30",111.562,FALSE,NA,NA,"<= day","daily",NA,2,TRUE
"2016-08-31",111.333,FALSE,NA,NA,"<= day","daily",NA,2,TRUE
"2016-09-01",110.842,FALSE,NA,NA,"<= day","daily",NA,2,TRUE
"2016-09-02",110.346,FALSE,NA,NA,"<= day","daily",NA,2,TRUE
"2016-09-03",110.033,FALSE,NA,NA,"<= day","daily",NA,2,TRUE
"2016-09-04",109.683,FALSE,NA,NA,"<= day","daily",NA,2,TRUE
"2016-09-05",109.254,FALSE,NA,NA,"<= day","daily",NA,2,TRUE
"2016-09-06",108.704,FALSE,NA,NA,"<= day","daily",NA,2,TRUE
"2016-09-07",108.529,FALSE,NA,NA,"<= day","daily",NA,2,TRUE
"2016-09-08",108.1,FALSE,NA,NA,"<= day","daily",NA,2,TRUE
"2016-09-09",107.804,FALSE,NA,NA,"<= day","daily",NA,2,TRUE
"2016-09-10",107.346,FALSE,NA,NA,"<= day","daily",NA,2,TRUE
"2016-09-11",107.033,FALSE,NA,NA,"<= day","daily",NA,2,TRUE
"2016-09-12",106.496,FALSE,NA,NA,"<= day","daily",NA,2,TRUE
"2016-09-13",105.912,FALSE,NA,NA,"<= day","daily",NA,2,TRUE
"2016-09-14",105.846,FALSE,NA,NA,"<= day","daily",NA,2,TRUE
"2016-09-15",105.283,FALSE,NA,NA,"<= day","daily",NA,2,TRUE
"2016-09-16",104.771,FALSE,NA,NA,"<= day","daily",NA,2,TRUE
"2016-09-17",104.717,FALSE,NA,NA,"<= day","daily",NA,2,TRUE
"2016-09-18",104.046,FALSE,NA,NA,"<= day","daily",NA,2,TRUE
"2016-09-19",103.404,FALSE,NA,NA,"<= day","daily",NA,2,TRUE
"2016-09-20",103.496,FALSE,NA,NA,"<= day","daily",NA,2,TRUE
"2016-09-21",102.983,FALSE,NA,NA,"<= day","daily",NA,2,TRUE
"2016-09-22",102.708,FALSE,NA,NA,"<= day","daily",NA,2,TRUE
"2016-09-23",102.283,FALSE,NA,NA,"<= day","daily",NA,2,TRUE
"2016-09-24",101.867,FALSE,NA,NA,"<= day","daily",NA,2,TRUE
"2016-09-25",101.292,FALSE,NA,NA,"<= day","daily",NA,2,TRUE
"2016-09-26",100.879,FALSE,NA,NA,"<= day","daily",NA,2,TRUE
"2016-09-27",100.738,FALSE,NA,NA,"<= day","daily",NA,2,TRUE
"2016-09-28",100.121,FALSE,NA,NA,"<= day","daily",NA,2,TRUE
"2016-09-29",99.458,FALSE,NA,NA,"<= day","daily",NA,2,TRUE
"2016-09-30",99.238,FALSE,NA,NA,"<= day","daily",NA,2,TRUE
"2016-10-01",98.95,FALSE,NA,NA,"<= day","daily",NA,2,TRUE
"2016-10-02",98.346,FALSE,NA,NA,"<= day","daily",NA,2,TRUE
"2016-10-03",98.092,FALSE,NA,NA,"<= day","daily",NA,2,TRUE
"2016-10-04",97.821,FALSE,NA,NA,"<= day","daily",NA,2,TRUE
"2016-10-05",96.975,FALSE,NA,NA,"<= day","daily",NA,2,TRUE
"2016-10-06",96.662,FALSE,NA,NA,"<= day","daily",NA,2,TRUE
"2016-10-07",96.479,FALSE,NA,NA,"<= day","daily",NA,2,TRUE
"2016-10-08",96.058,FALSE,NA,NA,"<= day","daily",NA,2,TRUE
"2016-10-09",95.829,FALSE,NA,NA,"<= day","daily",NA,2,TRUE
"2016-10-10",95.267,FALSE,NA,NA,"<= day","daily",NA,2,TRUE
"2016-10-11",94.771,FALSE,NA,NA,"<= day","daily",NA,2,TRUE
"2016-10-12",94.362,FALSE,NA,NA,"<= day","daily",NA,2,TRUE
"2016-10-13",94.092,FALSE,NA,NA,"<= day","daily",NA,2,TRUE
"2016-10-14",93.696,FALSE,NA,NA,"<= day","daily",NA,2,TRUE
"2016-10-15",93.6,FALSE,NA,NA,"<= day","daily",NA,2,TRUE
"2016-10-16",93.408,FALSE,NA,NA,"<= day","daily",NA,2,TRUE
"2016-10-17",92.983,FALSE,NA,NA,"<= day","daily",NA,2,TRUE
"2016-10-18",92.496,FALSE,NA,NA,"<= day","daily",NA,2,TRUE
"2016-10-19",92.463,FALSE,NA,NA,"<= day","daily",NA,2,TRUE
"2016-10-20",91.908,FALSE,NA,NA,"<= day","daily",NA,2,TRUE
"2016-10-21",91.562,FALSE,NA,NA,"<= day","daily",NA,2,TRUE
"2016-10-22",91.375,FALSE,NA,NA,"<= day","daily",NA,2,TRUE
"2016-10-23",91.15,FALSE,NA,NA,"<= day","daily",NA,2,TRUE
"2016-10-24",90.546,FALSE,NA,NA,"<= day","daily",NA,2,TRUE
"2016-10-25",90.329,FALSE,NA,NA,"<= day","daily",NA,2,TRUE
"2016-10-26",89.983,FALSE,NA,NA,"<= day","daily",NA,2,TRUE
"2016-10-27",89.746,FALSE,NA,NA,"<= day","daily",NA,2,TRUE
"2016-10-28",89.4,FALSE,NA,NA,"<= day","daily",NA,2,TRUE
"2016-10-29",88.896,FALSE,NA,NA,"<= day","daily",NA,2,TRUE
"2016-10-30",88.7,FALSE,NA,NA,"<= day","daily",NA,2,TRUE
"2016-10-31",88.475,FALSE,NA,NA,"<= day","daily",NA,2,TRUE
"2016-11-01",88.037,FALSE,NA,NA,"<= day","daily",NA,2,TRUE
"2016-11-02",87.783,FALSE,NA,NA,"<= day","daily",NA,2,TRUE
"2016-11-03",87.358,FALSE,NA,NA,"<= day","daily",NA,2,TRUE
"2016-11-04",86.287,FALSE,NA,NA,"<= day","daily",NA,2,TRUE
"2016-11-05",86,FALSE,NA,NA,"<= day","daily",NA,2,TRUE
"2016-11-06",86,FALSE,NA,NA,"<= day","daily",NA,2,TRUE
"2016-11-07",85.921,FALSE,NA,NA,"<= day","daily",NA,2,TRUE
"2016-11-08",85.696,FALSE,NA,NA,"<= day","daily",NA,2,TRUE
"2016-11-09",85.546,FALSE,NA,NA,"<= day","daily",NA,2,TRUE
"2016-11-10",84.925,FALSE,NA,NA,"<= day","daily",NA,2,TRUE
"2016-11-11",84.546,FALSE,NA,NA,"<= day","daily",NA,2,TRUE
"2016-11-12",84.404,FALSE,NA,NA,"<= day","daily",NA,2,TRUE
"2016-11-13",84.037,FALSE,NA,NA,"<= day","daily",NA,2,TRUE
"2016-11-14",83.612,FALSE,NA,NA,"<= day","daily",NA,2,TRUE
"2016-11-15",83.429,FALSE,NA,NA,"<= day","daily",NA,2,TRUE
"2016-11-16",83.317,FALSE,NA,NA,"<= day","daily",NA,2,TRUE
"2016-11-17",82.408,FALSE,NA,NA,"<= day","daily",NA,2,TRUE
"2016-11-18",82.492,FALSE,NA,NA,"<= day","daily",NA,2,TRUE
"2016-11-19",82.588,FALSE,NA,NA,"<= day","daily",NA,2,TRUE
"2016-11-20",82.158,FALSE,NA,NA,"<= day","daily",NA,2,TRUE
"2016-11-21",82.171,FALSE,NA,NA,"<= day","daily",NA,2,TRUE
"2016-11-22",81.562,FALSE,NA,NA,"<= day","daily",NA,2,TRUE
"2016-11-23",81.942,FALSE,NA,NA,"<= day","daily",NA,2,TRUE
"2016-11-24",81.433,FALSE,NA,NA,"<= day","daily",NA,2,TRUE
"2016-11-25",81.033,FALSE,NA,NA,"<= day","daily",NA,2,TRUE
"2016-11-26",81.1,FALSE,NA,NA,"<= day","daily",NA,2,TRUE
"2016-11-27",80.625,FALSE,NA,NA,"<= day","daily",NA,2,TRUE
"2016-11-28",80.312,FALSE,NA,NA,"<= day","daily",NA,2,TRUE
"2016-11-29",80.037,FALSE,NA,NA,"<= day","daily",NA,2,TRUE
"2016-11-30",79.804,FALSE,NA,NA,"<= day","daily",NA,2,TRUE
"2016-12-01",79.833,FALSE,NA,NA,"<= day","daily",NA,2,TRUE
"2016-12-02",79.604,FALSE,NA,NA,"<= day","daily",NA,2,TRUE
"2016-12-03",79.05,FALSE,NA,NA,"<= day","daily",NA,2,TRUE
"2016-12-04",78.725,FALSE,NA,NA,"<= day","daily",NA,2,TRUE
"2016-12-05",78.471,FALSE,NA,NA,"<= day","daily",NA,2,TRUE
"2016-12-06",78.117,FALSE,NA,NA,"<= day","daily",NA,2,TRUE
"2016-12-07",77.688,FALSE,NA,NA,"<= day","daily",NA,2,TRUE
"2016-12-08",77.846,FALSE,NA,NA,"<= day","daily",NA,2,TRUE
"2016-12-09",77.375,FALSE,NA,NA,"<= day","daily",NA,2,TRUE
"2016-12-10",77.046,FALSE,NA,NA,"<= day","daily",NA,2,TRUE
"2016-12-11",76.379,FALSE,NA,NA,"<= day","daily",NA,2,TRUE
"2016-12-12",76.308,FALSE,NA,NA,"<= day","daily",NA,2,TRUE
"2016-12-13",76.117,FALSE,NA,NA,"<= day","daily",NA,2,TRUE
"2016-12-14",75.812,FALSE,NA,NA,"<= day","daily",NA,2,TRUE
"2016-12-15",75.213,FALSE,NA,NA,"<= day","daily",NA,2,TRUE
"2016-12-16",75.079,FALSE,NA,NA,"<= day","daily",NA,2,TRUE
"2016-12-17",74.537,FALSE,NA,NA,"<= day","daily",NA,2,TRUE
"2016-12-18",74.408,FALSE,NA,NA,"<= day","daily",NA,2,TRUE
"2016-12-19",74.292,FALSE,NA,NA,"<= day","daily",NA,2,TRUE
"2016-12-20",74.042,FALSE,NA,NA,"<= day","daily",NA,2,TRUE
"2016-12-21",73.525,FALSE,NA,NA,"<= day","daily",NA,2,TRUE
"2016-12-22",73.213,FALSE,NA,NA,"<= day","daily",NA,2,TRUE
"2016-12-23",73.2,FALSE,NA,NA,"<= day","daily",NA,2,TRUE
"2016-12-24",73.058,FALSE,NA,NA,"<= day","daily",NA,2,TRUE
"2016-12-25",72.488,FALSE,NA,NA,"<= day","daily",NA,2,TRUE
"2016-12-26",71.992,FALSE,NA,NA,"<= day","daily",NA,2,TRUE
"2016-12-27",71.787,FALSE,NA,NA,"<= day","daily",NA,2,TRUE
"2016-12-28",71.738,FALSE,NA,NA,"<= day","daily",NA,2,TRUE
"2016-12-29",71.079,FALSE,NA,NA,"<= day","daily",NA,2,TRUE
"2016-12-30",71.154,FALSE,NA,NA,"<= day","daily",NA,2,TRUE
"2016-12-31",70.708,FALSE,NA,NA,"<= day","daily",NA,2,TRUE
"2017-01-01",70.317,FALSE,NA,NA,"<= day","daily",NA,2,TRUE
"2017-01-02",70.388,FALSE,NA,NA,"<= day","daily",NA,2,TRUE
"2017-01-03",69.738,FALSE,NA,NA,"<= day","daily",NA,2,TRUE
"2017-01-04",69.646,FALSE,NA,NA,"<= day","daily",NA,2,TRUE
"2017-01-05",69.517,FALSE,NA,NA,"<= day","daily",NA,2,TRUE
"2017-01-06",69.213,FALSE,NA,NA,"<= day","daily",NA,2,TRUE
"2017-01-07",68.95,FALSE,NA,NA,"<= day","daily",NA,2,TRUE
"2017-01-08",68.567,FALSE,NA,NA,"<= day","daily",NA,2,TRUE
"2017-01-09",68.438,FALSE,NA,NA,"<= day","daily",NA,2,TRUE
"2017-01-10",68.333,FALSE,NA,NA,"<= day","daily",NA,2,TRUE
"2017-01-11",67.721,FALSE,NA,NA,"<= day","daily",NA,2,TRUE
"2017-01-12",67.404,FALSE,NA,NA,"<= day","daily",NA,2,TRUE
"2017-01-13",67.596,FALSE,NA,NA,"<= day","daily",NA,2,TRUE
"2017-01-14",67.325,FALSE,NA,NA,"<= day","daily",NA,2,TRUE
"2017-01-15",67.221,FALSE,NA,NA,"<= day","daily",NA,2,TRUE
"2017-01-16",66.933,FALSE,NA,NA,"<= day","daily",NA,2,TRUE
"2017-01-17",66.592,FALSE,NA,NA,"<= day","daily",NA,2,TRUE
"2017-01-18",66.683,FALSE,NA,NA,"<= day","daily",NA,2,TRUE
"2017-01-19",66.371,FALSE,NA,NA,"<= day","daily",NA,2,TRUE
"2017-01-20",66.179,FALSE,NA,NA,"<= day","daily",NA,2,TRUE
"2017-01-21",65.808,FALSE,NA,NA,"<= day","daily",NA,2,TRUE
"2017-01-22",65.775,FALSE,NA,NA,"<= day","daily",NA,2,TRUE
"2017-01-23",65.554,FALSE,NA,NA,"<= day","daily",NA,2,TRUE
"2017-01-24",65.379,FALSE,NA,NA,"<= day","daily",NA,2,TRUE
"2017-01-25",65.233,FALSE,NA,NA,"<= day","daily",NA,2,TRUE
"2017-01-26",65,FALSE,NA,NA,"<= day","daily",NA,2,TRUE
"2017-01-27",64.667,FALSE,NA,NA,"<= day","daily",NA,2,TRUE
"2017-01-28",64.25,FALSE,NA,NA,"<= day","daily",NA,2,TRUE
"2017-01-29",64.142,FALSE,NA,NA,"<= day","daily",NA,2,TRUE
"2017-01-30",64.075,FALSE,NA,NA,"<= day","daily",NA,2,TRUE
"2017-01-31",63.767,FALSE,NA,NA,"<= day","daily",NA,2,TRUE
"2017-02-01",63.771,FALSE,NA,NA,"<= day","daily",NA,2,TRUE
"2017-02-02",63.721,FALSE,NA,NA,"<= day","daily",NA,2,TRUE
"2017-02-03",63.55,FALSE,NA,NA,"<= day","daily",NA,2,TRUE
"2017-02-04",63.254,FALSE,NA,NA,"<= day","daily",NA,2,TRUE
"2017-02-05",63.171,FALSE,NA,NA,"<= day","daily",NA,2,TRUE
"2017-02-06",62.667,FALSE,NA,NA,"<= day","daily",NA,2,TRUE
"2017-02-07",62.837,FALSE,NA,NA,"<= day","daily",NA,2,TRUE
"2017-02-08",62.404,FALSE,NA,NA,"<= day","daily",NA,2,TRUE
"2017-02-09",62.229,FALSE,NA,NA,"<= day","daily",NA,2,TRUE
"2017-02-10",62.304,FALSE,NA,NA,"<= day","daily",NA,2,TRUE
"2017-02-11",62.071,FALSE,NA,NA,"<= day","daily",NA,2,TRUE
"2017-02-12",61.646,FALSE,NA,NA,"<= day","daily",NA,2,TRUE
"2017-02-13",61.742,FALSE,NA,NA,"<= day","daily",NA,2,TRUE
"2017-02-14",61.408,FALSE,NA,NA,"<= day","daily",NA,2,TRUE
"2017-02-15",61.308,FALSE,NA,NA,"<= day","daily",NA,2,TRUE
"2017-02-16",61.413,FALSE,NA,NA,"<= day","daily",NA,2,TRUE
"2017-02-17",61.258,FALSE,NA,NA,"<= day","daily",NA,2,TRUE
"2017-02-18",61.062,FALSE,NA,NA,"<= day","daily",NA,2,TRUE
"2017-02-19",60.867,FALSE,NA,NA,"<= day","daily",NA,2,TRUE
"2017-02-20",60.679,FALSE,NA,NA,"<= day","daily",NA,2,TRUE
"2017-02-21",60.733,FALSE,NA,NA,"<= day","daily",NA,2,TRUE
"2017-02-22",60.362,FALSE,NA,NA,"<= day","daily",NA,2,TRUE
"2017-02-23",60.25,FALSE,NA,NA,"<= day","daily",NA,2,TRUE
"2017-02-24",60.154,FALSE,NA,NA,"<= day","daily",NA,2,TRUE
"2017-02-25",59.958,FALSE,NA,NA,"<= day","daily",NA,2,TRUE
"2017-02-26",59.933,FALSE,NA,NA,"<= day","daily",NA,2,TRUE
"2017-02-27",59.825,FALSE,NA,NA,"<= day","daily",NA,2,TRUE
"2017-02-28",59.562,FALSE,NA,NA,"<= day","daily",NA,2,TRUE
"2017-03-01",59.429,FALSE,NA,NA,"<= day","daily",NA,2,TRUE
"2017-03-02",59.837,FALSE,NA,NA,"<= day","daily",NA,2,TRUE
"2017-03-03",59.267,FALSE,NA,NA,"<= day","daily",NA,2,TRUE
"2017-03-04",59.183,FALSE,NA,NA,"<= day","daily",NA,2,TRUE
"2017-03-05",59.05,FALSE,NA,NA,"<= day","daily",NA,2,TRUE
"2017-03-06",59.029,FALSE,NA,NA,"<= day","daily",NA,2,TRUE
"2017-03-07",59.1,FALSE,NA,NA,"<= day","daily",NA,2,TRUE
"2017-03-08",58.913,FALSE,NA,NA,"<= day","daily",NA,2,TRUE
"2017-03-09",58.567,FALSE,NA,NA,"<= day","daily",NA,2,TRUE
"2017-03-10",58.533,FALSE,NA,NA,"<= day","daily",NA,2,TRUE
"2017-03-11",58.408,FALSE,NA,NA,"<= day","daily",NA,2,TRUE
"2017-03-12",58.638,FALSE,NA,NA,"<= day","daily",NA,2,TRUE
"2017-03-13",58.233,FALSE,NA,NA,"<= day","daily",NA,2,TRUE
"2017-03-14",58.233,FALSE,NA,NA,"<= day","daily",NA,2,TRUE
"2017-03-15",58.229,FALSE,NA,NA,"<= day","daily",NA,2,TRUE
"2017-03-16",58.221,FALSE,NA,NA,"<= day","daily",NA,2,TRUE
"2017-03-17",58.667,FALSE,NA,NA,"<= day","daily",NA,2,TRUE
"2017-03-18",58.517,FALSE,NA,NA,"<= day","daily",NA,2,TRUE
"2017-03-19",58.688,FALSE,NA,NA,"<= day","daily",NA,2,TRUE
"2017-03-20",58.596,FALSE,NA,NA,"<= day","daily",NA,2,TRUE
"2017-03-21",58.942,FALSE,NA,NA,"<= day","daily",NA,2,TRUE
"2017-03-22",59.258,FALSE,NA,NA,"<= day","daily",NA,2,TRUE
"2017-03-23",59.35,FALSE,NA,NA,"<= day","daily",NA,2,TRUE
"2017-03-24",59.504,FALSE,NA,NA,"<= day","daily",NA,2,TRUE
"2017-03-25",59.783,FALSE,NA,NA,"<= day","daily",NA,2,TRUE
"2017-03-26",60.154,FALSE,NA,NA,"<= day","daily",NA,2,TRUE
"2017-03-27",59.821,FALSE,NA,NA,"<= day","daily",NA,2,TRUE
"2017-03-28",60.075,FALSE,NA,NA,"<= day","daily",NA,2,TRUE
"2017-03-29",60.292,FALSE,NA,NA,"<= day","daily",NA,2,TRUE
"2017-03-30",60.171,FALSE,NA,NA,"<= day","daily",NA,2,TRUE
"2017-03-31",59.929,FALSE,NA,NA,"<= day","daily",NA,2,TRUE
"2017-04-01",60.254,FALSE,NA,NA,"<= day","daily",NA,2,TRUE
"2017-04-02",60.192,FALSE,NA,NA,"<= day","daily",NA,2,TRUE
"2017-04-03",60.042,FALSE,NA,NA,"<= day","daily",NA,2,TRUE
"2017-04-04",59.954,FALSE,NA,NA,"<= day","daily",NA,2,TRUE
"2017-04-05",59.938,FALSE,NA,NA,"<= day","daily",NA,2,TRUE
"2017-04-06",59.942,FALSE,NA,NA,"<= day","daily",NA,2,TRUE
"2017-04-07",59.854,FALSE,NA,NA,"<= day","daily",NA,2,TRUE
"2017-04-08",59.767,FALSE,NA,NA,"<= day","daily",NA,2,TRUE
"2017-04-09",59.575,FALSE,NA,NA,"<= day","daily",NA,2,TRUE
"2017-04-10",59.712,FALSE,NA,NA,"<= day","daily",NA,2,TRUE
"2017-04-11",59.458,FALSE,NA,NA,"<= day","daily",NA,2,TRUE
"2017-04-12",59.612,FALSE,NA,NA,"<= day","daily",NA,2,TRUE
"2017-04-13",59.408,FALSE,NA,NA,"<= day","daily",NA,2,TRUE
"2017-04-14",59.35,FALSE,NA,NA,"<= day","daily",NA,2,TRUE
"2017-04-15",59.271,FALSE,NA,NA,"<= day","daily",NA,2,TRUE
"2017-04-16",59.2,FALSE,NA,NA,"<= day","daily",NA,2,TRUE
"2017-04-17",59.133,FALSE,NA,NA,"<= day","daily",NA,2,TRUE
"2017-04-18",59.108,FALSE,NA,NA,"<= day","daily",NA,2,TRUE
"2017-04-19",58.971,FALSE,NA,NA,"<= day","daily",NA,2,TRUE
"2017-04-20",58.758,FALSE,NA,NA,"<= day","daily",NA,2,TRUE
"2017-04-21",58.892,FALSE,NA,NA,"<= day","daily",NA,2,TRUE
"2017-04-22",58.792,FALSE,NA,NA,"<= day","daily",NA,2,TRUE
"2017-04-23",58.867,FALSE,NA,NA,"<= day","daily",NA,2,TRUE
"2017-04-24",58.467,FALSE,NA,NA,"<= day","daily",NA,2,TRUE
"2017-04-25",58.683,FALSE,NA,NA,"<= day","daily",NA,2,TRUE
"2017-04-26",58.783,FALSE,NA,NA,"<= day","daily",NA,2,TRUE
"2017-04-27",58.879,FALSE,NA,NA,"<= day","daily",NA,2,TRUE
"2017-04-28",59,FALSE,NA,NA,"<= day","daily",NA,2,TRUE
"2017-04-29",59,FALSE,NA,NA,"<= day","daily",NA,2,TRUE
"2017-04-30",59.021,FALSE,NA,NA,"<= day","daily",NA,2,TRUE
"2017-05-01",59.133,FALSE,NA,NA,"<= day","daily",NA,2,TRUE
"2017-05-02",59.554,FALSE,NA,NA,"<= day","daily",NA,2,TRUE
"2017-05-03",59.667,FALSE,NA,NA,"<= day","daily",NA,2,TRUE
"2017-05-04",60.171,FALSE,NA,NA,"<= day","daily",NA,2,TRUE
"2017-05-05",60.333,FALSE,NA,NA,"<= day","daily",NA,2,TRUE
"2017-05-06",60.621,FALSE,NA,NA,"<= day","daily",NA,2,TRUE
"2017-05-07",60.833,FALSE,NA,NA,"<= day","daily",NA,2,TRUE
"2017-05-08",61,FALSE,NA,NA,"<= day","daily",NA,2,TRUE
"2017-05-09",61.021,FALSE,NA,NA,"<= day","daily",NA,2,TRUE
"2017-05-10",61.35,FALSE,NA,NA,"<= day","daily",NA,2,TRUE
"2017-05-11",61.542,FALSE,NA,NA,"<= day","daily",NA,2,TRUE
"2017-05-12",61.612,FALSE,NA,NA,"<= day","daily",NA,2,TRUE
"2017-05-13",61.596,FALSE,NA,NA,"<= day","daily",NA,2,TRUE
"2017-05-14",61.721,FALSE,NA,NA,"<= day","daily",NA,2,TRUE
"2017-05-15",61.954,FALSE,NA,NA,"<= day","daily",NA,2,TRUE
"2017-05-16",62.175,FALSE,NA,NA,"<= day","daily",NA,2,TRUE
"2017-05-17",62.404,FALSE,NA,NA,"<= day","daily",NA,2,TRUE
"2017-05-18",62.379,FALSE,NA,NA,"<= day","daily",NA,2,TRUE
"2017-05-19",62.375,FALSE,NA,NA,"<= day","daily",NA,2,TRUE
"2017-05-20",62.708,FALSE,NA,NA,"<= day","daily",NA,2,TRUE
"2017-05-21",62.729,FALSE,NA,NA,"<= day","daily",NA,2,TRUE
"2017-05-22",62.825,FALSE,NA,NA,"<= day","daily",NA,2,TRUE
"2017-05-23",63.029,FALSE,NA,NA,"<= day","daily",NA,2,TRUE
"2017-05-24",63.013,FALSE,NA,NA,"<= day","daily",NA,2,TRUE
"2017-05-25",63.158,FALSE,NA,NA,"<= day","daily",NA,2,TRUE
"2017-05-26",63.225,FALSE,NA,NA,"<= day","daily",NA,2,TRUE
"2017-05-27",63.296,FALSE,NA,NA,"<= day","daily",NA,2,TRUE
"2017-05-28",63.575,FALSE,NA,NA,"<= day","daily",NA,2,TRUE
"2017-05-29",63.846,FALSE,NA,NA,"<= day","daily",NA,2,TRUE
"2017-05-30",63.487,FALSE,NA,NA,"<= day","daily",NA,2,TRUE
"2017-05-31",63.954,FALSE,NA,NA,"<= day","daily",NA,2,TRUE
"2017-06-01",64.037,FALSE,NA,NA,"<= day","daily",NA,2,TRUE
"2017-06-02",64.183,FALSE,NA,NA,"<= day","daily",NA,2,TRUE
"2017-06-03",64.429,FALSE,NA,NA,"<= day","daily",NA,2,TRUE
"2017-06-04",64.8,FALSE,NA,NA,"<= day","daily",NA,2,TRUE
"2017-06-05",64.8,FALSE,NA,NA,"<= day","daily",NA,2,TRUE
"2017-06-06",65.117,FALSE,NA,NA,"<= day","daily",NA,2,TRUE
"2017-06-07",65.667,FALSE,NA,NA,"<= day","daily",NA,2,TRUE
"2017-06-08",65.846,FALSE,NA,NA,"<= day","daily",NA,2,TRUE
"2017-06-09",66.108,FALSE,NA,NA,"<= day","daily",NA,2,TRUE
"2017-06-10",66.404,FALSE,NA,NA,"<= day","daily",NA,2,TRUE
"2017-06-11",66.646,FALSE,NA,NA,"<= day","daily",NA,2,TRUE
"2017-06-12",67.429,FALSE,NA,NA,"<= day","daily",NA,2,TRUE
"2017-06-13",67.675,FALSE,NA,NA,"<= day","daily",NA,2,TRUE
"2017-06-14",67.867,FALSE,NA,NA,"<= day","daily",NA,2,TRUE
"2017-06-15",68.429,FALSE,NA,NA,"<= day","daily",NA,2,TRUE
"2017-06-16",68.633,FALSE,NA,NA,"<= day","daily",NA,2,TRUE
"2017-06-17",69.058,FALSE,NA,NA,"<= day","daily",NA,2,TRUE
"2017-06-18",69.442,FALSE,NA,NA,"<= day","daily",NA,2,TRUE
"2017-06-19",69.688,FALSE,NA,NA,"<= day","daily",NA,2,TRUE
"2017-06-20",69.892,FALSE,NA,NA,"<= day","daily",NA,2,TRUE
"2017-06-21",70.6,FALSE,NA,NA,"<= day","daily",NA,2,TRUE
"2017-06-22",70.508,FALSE,NA,NA,"<= day","daily",NA,2,TRUE
"2017-06-23",71.017,FALSE,NA,NA,"<= day","daily",NA,2,TRUE
"2017-06-24",71.367,FALSE,NA,NA,"<= day","daily",NA,2,TRUE
"2017-06-25",71.388,FALSE,NA,NA,"<= day","daily",NA,2,TRUE
"2017-06-26",71.85,FALSE,NA,NA,"<= day","daily",NA,2,TRUE
"2017-06-27",72.492,FALSE,NA,NA,"<= day","daily",NA,2,TRUE
"2017-06-28",72.425,FALSE,NA,NA,"<= day","daily",NA,2,TRUE
"2017-06-29",72.762,FALSE,NA,NA,"<= day","daily",NA,2,TRUE
"2017-06-30",73.121,FALSE,NA,NA,"<= day","daily",NA,2,TRUE
"2017-07-01",73.408,FALSE,NA,NA,"<= day","daily",NA,2,TRUE
"2017-07-02",73.963,FALSE,NA,NA,"<= day","daily",NA,2,TRUE
"2017-07-03",74.504,FALSE,NA,NA,"<= day","daily",NA,2,TRUE
"2017-07-04",75.367,FALSE,NA,NA,"<= day","daily",NA,2,TRUE
"2017-07-05",75.796,FALSE,NA,NA,"<= day","daily",NA,2,TRUE
"2017-07-06",76.408,FALSE,NA,NA,"<= day","daily",NA,2,TRUE
"2017-07-07",77.312,FALSE,NA,NA,"<= day","daily",NA,2,TRUE
"2017-07-08",77.554,FALSE,NA,NA,"<= day","daily",NA,2,TRUE
"2017-07-09",77.758,FALSE,NA,NA,"<= day","daily",NA,2,TRUE
"2017-07-10",78.342,FALSE,NA,NA,"<= day","daily",NA,2,TRUE
"2017-07-11",78.558,FALSE,NA,NA,"<= day","daily",NA,2,TRUE
"2017-07-12",79.117,FALSE,NA,NA,"<= day","daily",NA,2,TRUE
"2017-07-13",79.65,FALSE,NA,NA,"<= day","daily",NA,2,TRUE
"2017-07-14",79.808,FALSE,NA,NA,"<= day","daily",NA,2,TRUE
"2017-07-15",80.4,FALSE,NA,NA,"<= day","daily",NA,2,TRUE
"2017-07-16",80.979,FALSE,NA,NA,"<= day","daily",NA,2,TRUE
"2017-07-17",81.438,FALSE,NA,NA,"<= day","daily",NA,2,TRUE
"2017-07-18",81.829,FALSE,NA,NA,"<= day","daily",NA,2,TRUE
"2017-07-19",82.433,FALSE,NA,NA,"<= day","daily",NA,2,TRUE
"2017-07-20",82.533,FALSE,NA,NA,"<= day","daily",NA,2,TRUE
"2017-07-21",83.062,FALSE,NA,NA,"<= day","daily",NA,2,TRUE
"2017-07-22",83.612,FALSE,NA,NA,"<= day","daily",NA,2,TRUE
"2017-07-23",83.571,FALSE,NA,NA,"<= day","daily",NA,2,TRUE
"2017-07-24",83.787,FALSE,NA,NA,"<= day","daily",NA,2,TRUE
"2017-07-25",84.329,FALSE,NA,NA,"<= day","daily",NA,2,TRUE
"2017-07-26",84.825,FALSE,NA,NA,"<= day","daily",NA,2,TRUE
"2017-07-27",86.287,FALSE,NA,NA,"<= day","daily",NA,2,TRUE
"2017-07-28",88.121,FALSE,NA,NA,"<= day","daily",NA,2,TRUE
"2017-07-29",89.504,FALSE,NA,NA,"<= day","daily",NA,2,TRUE
"2017-07-30",91.312,FALSE,NA,NA,"<= day","daily",NA,2,TRUE
"2017-07-31",92.483,FALSE,NA,NA,"<= day","daily",NA,2,TRUE
"2017-08-01",93.471,FALSE,NA,NA,"<= day","daily",NA,2,TRUE
"2017-08-02",93.621,FALSE,NA,NA,"<= day","daily",NA,2,TRUE
"2017-08-03",94.254,FALSE,NA,NA,"<= day","daily",NA,2,TRUE
"2017-08-04",94.417,FALSE,NA,NA,"<= day","daily",NA,2,TRUE
"2017-08-05",94.404,FALSE,NA,NA,"<= day","daily",NA,2,TRUE
"2017-08-06",94.175,FALSE,NA,NA,"<= day","daily",NA,2,TRUE
"2017-08-07",94.075,FALSE,NA,NA,"<= day","daily",NA,2,TRUE
"2017-08-08",93.929,FALSE,NA,NA,"<= day","daily",NA,2,TRUE
"2017-08-09",94.158,FALSE,NA,NA,"<= day","daily",NA,2,TRUE
"2017-08-10",94.579,FALSE,NA,NA,"<= day","daily",NA,2,TRUE
"2017-08-11",94.879,FALSE,NA,NA,"<= day","daily",NA,2,TRUE
"2017-08-12",96.204,FALSE,NA,NA,"<= day","daily",NA,2,TRUE
"2017-08-13",97.767,FALSE,NA,NA,"<= day","daily",NA,2,TRUE
"2017-08-14",98.975,FALSE,NA,NA,"<= day","daily",NA,2,TRUE
"2017-08-15",99.958,FALSE,NA,NA,"<= day","daily",NA,2,TRUE
"2017-08-16",100.713,FALSE,NA,NA,"<= day","daily",NA,2,TRUE
"2017-08-17",101.171,FALSE,NA,NA,"<= day","daily",NA,2,TRUE
"2017-08-18",101.154,FALSE,NA,NA,"<= day","daily",NA,2,TRUE
"2017-08-19",101.021,FALSE,NA,NA,"<= day","daily",NA,2,TRUE
"2017-08-20",101.225,FALSE,NA,NA,"<= day","daily",NA,2,TRUE
"2017-08-21",100.933,FALSE,NA,NA,"<= day","daily",NA,2,TRUE
"2017-08-22",100.796,FALSE,NA,NA,"<= day","daily",NA,2,TRUE
"2017-08-23",100.975,FALSE,NA,NA,"<= day","daily",NA,2,TRUE
"2017-08-24",100.729,FALSE,NA,NA,"<= day","daily",NA,2,TRUE
"2017-08-25",100.546,FALSE,NA,NA,"<= day","daily",NA,2,TRUE
"2017-08-26",100.358,FALSE,NA,NA,"<= day","daily",NA,2,TRUE
"2017-08-27",100.375,FALSE,NA,NA,"<= day","daily",NA,2,TRUE
"2017-08-28",100.3,FALSE,NA,NA,"<= day","daily",NA,2,TRUE
"2017-08-29",100.075,FALSE,NA,NA,"<= day","daily",NA,2,TRUE
"2017-08-30",99.783,FALSE,NA,NA,"<= day","daily",NA,2,TRUE
"2017-08-31",99.642,FALSE,NA,NA,"<= day","daily",NA,2,TRUE
"2017-09-01",99.571,FALSE,NA,NA,"<= day","daily",NA,2,TRUE
"2017-09-02",99.779,FALSE,NA,NA,"<= day","daily",NA,2,TRUE
"2017-09-03",101.404,FALSE,NA,NA,"<= day","daily",NA,2,TRUE
"2017-09-04",103.383,FALSE,NA,NA,"<= day","daily",NA,2,TRUE
"2017-09-05",105.679,FALSE,NA,NA,"<= day","daily",NA,2,TRUE
"2017-09-06",107.133,FALSE,NA,NA,"<= day","daily",NA,2,TRUE
"2017-09-07",108.617,FALSE,NA,NA,"<= day","daily",NA,2,TRUE
"2017-09-08",108.908,FALSE,NA,NA,"<= day","daily",NA,2,TRUE
"2017-09-09",109.112,FALSE,NA,NA,"<= day","daily",NA,2,TRUE
"2017-09-10",108.908,FALSE,NA,NA,"<= day","daily",NA,2,TRUE
"2017-09-11",108.821,FALSE,NA,NA,"<= day","daily",NA,2,TRUE
"2017-09-12",108.45,FALSE,NA,NA,"<= day","daily",NA,2,TRUE
"2017-09-13",108.275,FALSE,NA,NA,"<= day","daily",NA,2,TRUE
"2017-09-14",108.079,FALSE,NA,NA,"<= day","daily",NA,2,TRUE
"2017-09-15",107.896,FALSE,NA,NA,"<= day","daily",NA,2,TRUE
"2017-09-16",107.792,FALSE,NA,NA,"<= day","daily",NA,2,TRUE
"2017-09-17",107.471,FALSE,NA,NA,"<= day","daily",NA,2,TRUE
"2017-09-18",107.479,FALSE,NA,NA,"<= day","daily",NA,2,TRUE
"2017-09-19",107.279,FALSE,NA,NA,"<= day","daily",NA,2,TRUE
"2017-09-20",107.463,FALSE,NA,NA,"<= day","daily",NA,2,TRUE
"2017-09-21",107.262,FALSE,NA,NA,"<= day","daily",NA,2,TRUE
"2017-09-22",107.554,FALSE,NA,NA,"<= day","daily",NA,2,TRUE
"2017-09-23",107.55,FALSE,NA,NA,"<= day","daily",NA,2,TRUE
"2017-09-24",107.65,FALSE,NA,NA,"<= day","daily",NA,2,TRUE
"2017-09-25",107.6,FALSE,NA,NA,"<= day","daily",NA,2,TRUE
"2017-09-26",107.467,FALSE,NA,NA,"<= day","daily",NA,2,TRUE
"2017-09-27",107.433,FALSE,NA,NA,"<= day","daily",NA,2,TRUE
"2017-09-28",107.025,FALSE,NA,NA,"<= day","daily",NA,2,TRUE
"2017-09-29",106.521,FALSE,NA,NA,"<= day","daily",NA,2,TRUE
"2017-09-30",106.246,FALSE,NA,NA,"<= day","daily",NA,2,TRUE
"2017-10-01",105.562,FALSE,NA,NA,"<= day","daily",NA,2,TRUE
"2017-10-02",105.662,FALSE,NA,NA,"<= day","daily",NA,2,TRUE
"2017-10-03",105.037,FALSE,NA,NA,"<= day","daily",NA,2,TRUE
"2017-10-04",105.1,FALSE,NA,NA,"<= day","daily",NA,2,TRUE
"2017-10-05",104.833,FALSE,NA,NA,"<= day","daily",NA,2,TRUE
"2017-10-06",104.808,FALSE,NA,NA,"<= day","daily",NA,2,TRUE
"2017-10-07",104.567,FALSE,NA,NA,"<= day","daily",NA,2,TRUE
"2017-10-08",104.446,FALSE,NA,NA,"<= day","daily",NA,2,TRUE
"2017-10-09",104.233,FALSE,NA,NA,"<= day","daily",NA,2,TRUE
"2017-10-10",103.6,FALSE,NA,NA,"<= day","daily",NA,2,TRUE
"2017-10-11",103.812,FALSE,NA,NA,"<= day","daily",NA,2,TRUE
"2017-10-12",103.492,FALSE,NA,NA,"<= day","daily",NA,2,TRUE
"2017-10-13",103.062,FALSE,NA,NA,"<= day","daily",NA,2,TRUE
"2017-10-14",102.808,FALSE,NA,NA,"<= day","daily",NA,2,TRUE
"2017-10-15",102.342,FALSE,NA,NA,"<= day","daily",NA,2,TRUE
"2017-10-16",102.033,FALSE,NA,NA,"<= day","daily",NA,2,TRUE
"2017-10-17",101.883,FALSE,NA,NA,"<= day","daily",NA,2,TRUE
"2017-10-18",101.367,FALSE,NA,NA,"<= day","daily",NA,2,TRUE
"2017-10-19",100.675,FALSE,NA,NA,"<= day","daily",NA,2,TRUE
"2017-10-20",100.463,FALSE,NA,NA,"<= day","daily",NA,2,TRUE
"2017-10-21",100.267,FALSE,NA,NA,"<= day","daily",NA,2,TRUE
"2017-10-22",99.787,FALSE,NA,NA,"<= day","daily",NA,2,TRUE
"2017-10-23",99.35,FALSE,NA,NA,"<= day","daily",NA,2,TRUE
"2017-10-24",98.742,FALSE,NA,NA,"<= day","daily",NA,2,TRUE
"2017-10-25",98.475,FALSE,NA,NA,"<= day","daily",NA,2,TRUE
"2017-10-26",98.179,FALSE,NA,NA,"<= day","daily",NA,2,TRUE
"2017-10-27",97.467,FALSE,NA,NA,"<= day","daily",NA,2,TRUE
"2017-10-28",97.371,FALSE,NA,NA,"<= day","daily",NA,2,TRUE
"2017-10-29",97.496,FALSE,NA,NA,"<= day","daily",NA,2,TRUE
"2017-10-30",97.292,FALSE,NA,NA,"<= day","daily",NA,2,TRUE
"2017-10-31",97.333,FALSE,NA,NA,"<= day","daily",NA,2,TRUE
"2017-11-01",96.929,FALSE,NA,NA,"<= day","daily",NA,2,TRUE
"2017-11-02",97.071,FALSE,NA,NA,"<= day","daily",NA,2,TRUE
"2017-11-03",96.504,FALSE,NA,NA,"<= day","daily",NA,2,TRUE
"2017-11-04",96.558,FALSE,NA,NA,"<= day","daily",NA,2,TRUE
"2017-11-05",96.167,FALSE,NA,NA,"<= day","daily",NA,2,TRUE
"2017-11-06",95.579,FALSE,NA,NA,"<= day","daily",NA,2,TRUE
"2017-11-07",95.517,FALSE,NA,NA,"<= day","daily",NA,2,TRUE
"2017-11-08",95.338,FALSE,NA,NA,"<= day","daily",NA,2,TRUE
"2017-11-09",94.867,FALSE,NA,NA,"<= day","daily",NA,2,TRUE
"2017-11-10",94.612,FALSE,NA,NA,"<= day","daily",NA,2,TRUE
"2017-11-11",94.338,FALSE,NA,NA,"<= day","daily",NA,2,TRUE
"2017-11-12",94.221,FALSE,NA,NA,"<= day","daily",NA,2,TRUE
"2017-11-13",93.542,FALSE,NA,NA,"<= day","daily",NA,2,TRUE
"2017-11-14",93.579,FALSE,NA,NA,"<= day","daily",NA,2,TRUE
"2017-11-15",93.463,FALSE,NA,NA,"<= day","daily",NA,2,TRUE
"2017-11-16",93.504,FALSE,NA,NA,"<= day","daily",NA,2,TRUE
"2017-11-17",93.133,FALSE,NA,NA,"<= day","daily",NA,2,TRUE
"2017-11-18",92.833,FALSE,NA,NA,"<= day","daily",NA,2,TRUE
"2017-11-19",92.667,FALSE,NA,NA,"<= day","daily",NA,2,TRUE
"2017-11-20",92.412,FALSE,NA,NA,"<= day","daily",NA,2,TRUE
"2017-11-21",92.583,FALSE,NA,NA,"<= day","daily",NA,2,TRUE
"2017-11-22",92.15,FALSE,NA,NA,"<= day","daily",NA,2,TRUE
"2017-11-23",91.787,FALSE,NA,NA,"<= day","daily",NA,2,TRUE
"2017-11-24",91.392,FALSE,NA,NA,"<= day","daily",NA,2,TRUE
"2017-11-25",91.246,FALSE,NA,NA,"<= day","daily",NA,2,TRUE
"2017-11-26",90.512,FALSE,NA,NA,"<= day","daily",NA,2,TRUE
"2017-11-27",90.5,FALSE,NA,NA,"<= day","daily",NA,2,TRUE
"2017-11-28",90.371,FALSE,NA,NA,"<= day","daily",NA,2,TRUE
"2017-11-29",89.679,FALSE,NA,NA,"<= day","daily",NA,2,TRUE
"2017-11-30",89.517,FALSE,NA,NA,"<= day","daily",NA,2,TRUE
"2017-12-01",89.183,FALSE,NA,NA,"<= day","daily",NA,2,TRUE
"2017-12-02",88.888,FALSE,NA,NA,"<= day","daily",NA,2,TRUE
"2017-12-03",88.454,FALSE,NA,NA,"<= day","daily",NA,2,TRUE
"2017-12-04",87.929,FALSE,NA,NA,"<= day","daily",NA,2,TRUE
"2017-12-05",87.417,FALSE,NA,NA,"<= day","daily",NA,2,TRUE
"2017-12-06",87.312,FALSE,NA,NA,"<= day","daily",NA,2,TRUE
"2017-12-07",86.717,FALSE,NA,NA,"<= day","daily",NA,2,TRUE
"2017-12-08",86.638,FALSE,NA,NA,"<= day","daily",NA,2,TRUE
"2017-12-09",85.75,FALSE,NA,NA,"<= day","daily",NA,2,TRUE
"2017-12-10",85.608,FALSE,NA,NA,"<= day","daily",NA,2,TRUE
"2017-12-11",85.358,FALSE,NA,NA,"<= day","daily",NA,2,TRUE
"2017-12-12",84.671,FALSE,NA,NA,"<= day","daily",NA,2,TRUE
"2017-12-13",84.475,FALSE,NA,NA,"<= day","daily",NA,2,TRUE
"2017-12-14",84.171,FALSE,NA,NA,"<= day","daily",NA,2,TRUE
"2017-12-15",83.646,FALSE,NA,NA,"<= day","daily",NA,2,TRUE
"2017-12-16",83.463,FALSE,NA,NA,"<= day","daily",NA,2,TRUE
"2017-12-17",83.35,FALSE,NA,NA,"<= day","daily",NA,2,TRUE
"2017-12-18",82.629,FALSE,NA,NA,"<= day","daily",NA,2,TRUE
"2017-12-19",82.546,FALSE,NA,NA,"<= day","daily",NA,2,TRUE
"2017-12-20",82.433,FALSE,NA,NA,"<= day","daily",NA,2,TRUE
"2017-12-21",81.579,FALSE,NA,NA,"<= day","daily",NA,2,TRUE
"2017-12-22",81.433,FALSE,NA,NA,"<= day","daily",NA,2,TRUE
"2017-12-23",81.342,FALSE,NA,NA,"<= day","daily",NA,2,TRUE
"2017-12-24",80.596,FALSE,NA,NA,"<= day","daily",NA,2,TRUE
"2017-12-25",80.338,FALSE,NA,NA,"<= day","daily",NA,2,TRUE
"2017-12-26",80.362,FALSE,NA,NA,"<= day","daily",NA,2,TRUE
"2017-12-27",79.567,FALSE,NA,NA,"<= day","daily",NA,2,TRUE
"2017-12-28",79.704,FALSE,NA,NA,"<= day","daily",NA,2,TRUE
"2017-12-29",79.325,FALSE,NA,NA,"<= day","daily",NA,2,TRUE
"2017-12-30",78.921,FALSE,NA,NA,"<= day","daily",NA,2,TRUE
"2017-12-31",78.654,FALSE,NA,NA,"<= day","daily",NA,2,TRUE
"2018-01-01",78.325,FALSE,NA,NA,"<= day","daily",NA,2,TRUE
"2018-01-02",77.975,FALSE,NA,NA,"<= day","daily",NA,2,TRUE
"2018-01-03",77.796,FALSE,NA,NA,"<= day","daily",NA,2,TRUE
"2018-01-04",77.596,FALSE,NA,NA,"<= day","daily",NA,2,TRUE
"2018-01-05",77.213,FALSE,NA,NA,"<= day","daily",NA,2,TRUE
"2018-01-06",77.062,FALSE,NA,NA,"<= day","daily",NA,2,TRUE
"2018-01-07",76.942,FALSE,NA,NA,"<= day","daily",NA,2,TRUE
"2018-01-08",76.75,FALSE,NA,NA,"<= day","daily",NA,2,TRUE
"2018-01-09",76.571,FALSE,NA,NA,"<= day","daily",NA,2,TRUE
"2018-01-10",76.617,FALSE,NA,NA,"<= day","daily",NA,2,TRUE
"2018-01-11",76.329,FALSE,NA,NA,"<= day","daily",NA,2,TRUE
"2018-01-12",76.342,FALSE,NA,NA,"<= day","daily",NA,2,TRUE
"2018-01-13",76.1,FALSE,NA,NA,"<= day","daily",NA,2,TRUE
"2018-01-14",75.842,FALSE,NA,NA,"<= day","daily",NA,2,TRUE
"2018-01-15",75.754,FALSE,NA,NA,"<= day","daily",NA,2,TRUE
"2018-01-16",75.412,FALSE,NA,NA,"<= day","daily",NA,2,TRUE
"2018-01-17",75.192,FALSE,NA,NA,"<= day","daily",NA,2,TRUE
"2018-01-18",74.85,FALSE,NA,NA,"<= day","daily",NA,2,TRUE
"2018-01-19",74.575,FALSE,NA,NA,"<= day","daily",NA,2,TRUE
"2018-01-20",74.312,FALSE,NA,NA,"<= day","daily",NA,2,TRUE
"2018-01-21",73.963,FALSE,NA,NA,"<= day","daily",NA,2,TRUE
"2018-01-22",73.646,FALSE,NA,NA,"<= day","daily",NA,2,TRUE
"2018-01-23",73.312,FALSE,NA,NA,"<= day","daily",NA,2,TRUE
"2018-01-24",72.938,FALSE,NA,NA,"<= day","daily",NA,2,TRUE
"2018-01-25",72.638,FALSE,NA,NA,"<= day","daily",NA,2,TRUE
"2018-01-26",72.338,FALSE,NA,NA,"<= day","daily",NA,2,TRUE
"2018-01-27",72.104,FALSE,NA,NA,"<= day","daily",NA,2,TRUE
"2018-01-28",71.671,FALSE,NA,NA,"<= day","daily",NA,2,TRUE
"2018-01-29",71.4,FALSE,NA,NA,"<= day","daily",NA,2,TRUE
"2018-01-30",71.096,FALSE,NA,NA,"<= day","daily",NA,2,TRUE
"2018-01-31",70.938,FALSE,NA,NA,"<= day","daily",NA,2,TRUE
"2018-02-01",70.75,FALSE,NA,NA,"<= day","daily",NA,2,TRUE
"2018-02-02",70.475,FALSE,NA,NA,"<= day","daily",NA,2,TRUE
"2018-02-03",70.408,FALSE,NA,NA,"<= day","daily",NA,2,TRUE
"2018-02-04",70.142,FALSE,NA,NA,"<= day","daily",NA,2,TRUE
"2018-02-05",69.862,FALSE,NA,NA,"<= day","daily",NA,2,TRUE
"2018-02-06",69.688,FALSE,NA,NA,"<= day","daily",NA,2,TRUE
"2018-02-07",69.45,FALSE,NA,NA,"<= day","daily",NA,2,TRUE
"2018-02-08",69.108,FALSE,NA,NA,"<= day","daily",NA,2,TRUE
"2018-02-09",68.829,FALSE,NA,NA,"<= day","daily",NA,2,TRUE
"2018-02-10",68.521,FALSE,NA,NA,"<= day","daily",NA,2,TRUE
"2018-02-11",68.213,FALSE,NA,NA,"<= day","daily",NA,2,TRUE
"2018-02-12",67.967,FALSE,NA,NA,"<= day","daily",NA,2,TRUE
"2018-02-13",67.729,FALSE,NA,NA,"<= day","daily",NA,2,TRUE
"2018-02-14",67.467,FALSE,NA,NA,"<= day","daily",NA,2,TRUE
"2018-02-15",67.146,FALSE,NA,NA,"<= day","daily",NA,2,TRUE
"2018-02-16",66.917,FALSE,NA,NA,"<= day","daily",NA,2,TRUE
"2018-02-17",66.562,FALSE,NA,NA,"<= day","daily",NA,2,TRUE
"2018-02-18",66.346,FALSE,NA,NA,"<= day","daily",NA,2,TRUE
"2018-02-19",65.942,FALSE,NA,NA,"<= day","daily",NA,2,TRUE
"2018-02-20",65.854,FALSE,NA,NA,"<= day","daily",NA,2,TRUE
"2018-02-21",65.554,FALSE,NA,NA,"<= day","daily",NA,2,TRUE
"2018-02-22",65.213,FALSE,NA,NA,"<= day","daily",NA,2,TRUE
"2018-02-23",65.071,FALSE,NA,NA,"<= day","daily",NA,2,TRUE
"2018-02-24",64.708,FALSE,NA,NA,"<= day","daily",NA,2,TRUE
"2018-02-25",64.521,FALSE,NA,NA,"<= day","daily",NA,2,TRUE
"2018-02-26",64.308,FALSE,NA,NA,"<= day","daily",NA,2,TRUE
"2018-02-27",64.092,FALSE,NA,NA,"<= day","daily",NA,2,TRUE
"2018-02-28",63.729,FALSE,NA,NA,"<= day","daily",NA,2,TRUE
"2018-03-01",63.508,FALSE,NA,NA,"<= day","daily",NA,2,TRUE
"2018-03-02",63.325,FALSE,NA,NA,"<= day","daily",NA,2,TRUE
"2018-03-03",63.129,FALSE,NA,NA,"<= day","daily",NA,2,TRUE
"2018-03-04",62.871,FALSE,NA,NA,"<= day","daily",NA,2,TRUE
"2018-03-05",62.612,FALSE,NA,NA,"<= day","daily",NA,2,TRUE
"2018-03-06",62.475,FALSE,NA,NA,"<= day","daily",NA,2,TRUE
"2018-03-07",62.225,FALSE,NA,NA,"<= day","daily",NA,2,TRUE
"2018-03-08",62.046,FALSE,NA,NA,"<= day","daily",NA,2,TRUE
"2018-03-09",61.954,FALSE,NA,NA,"<= day","daily",NA,2,TRUE
"2018-03-10",61.612,FALSE,NA,NA,"<= day","daily",NA,2,TRUE
"2018-03-11",61.567,FALSE,NA,NA,"<= day","daily",NA,2,TRUE
"2018-03-12",61.25,FALSE,NA,NA,"<= day","daily",NA,2,TRUE
"2018-03-13",61.142,FALSE,NA,NA,"<= day","daily",NA,2,TRUE
"2018-03-14",61.121,FALSE,NA,NA,"<= day","daily",NA,2,TRUE
"2018-03-15",60.921,FALSE,NA,NA,"<= day","daily",NA,2,TRUE
"2018-03-16",60.717,FALSE,NA,NA,"<= day","daily",NA,2,TRUE
"2018-03-17",60.683,FALSE,NA,NA,"<= day","daily",NA,2,TRUE
"2018-03-18",60.654,FALSE,NA,NA,"<= day","daily",NA,2,TRUE
"2018-03-19",60.458,FALSE,NA,NA,"<= day","daily",NA,2,TRUE
"2018-03-20",60.308,FALSE,NA,NA,"<= day","daily",NA,2,TRUE
"2018-03-21",60.183,FALSE,NA,NA,"<= day","daily",NA,2,TRUE
"2018-03-22",60.125,FALSE,NA,NA,"<= day","daily",NA,2,TRUE
"2018-03-23",59.987,FALSE,NA,NA,"<= day","daily",NA,2,TRUE
"2018-03-24",59.871,FALSE,NA,NA,"<= day","daily",NA,2,TRUE
"2018-03-25",59.679,FALSE,NA,NA,"<= day","daily",NA,2,TRUE
"2018-03-26",59.579,FALSE,NA,NA,"<= day","daily",NA,2,TRUE
"2018-03-27",59.392,FALSE,NA,NA,"<= day","daily",NA,2,TRUE
"2018-03-28",59.296,FALSE,NA,NA,"<= day","daily",NA,2,TRUE
"2018-03-29",59.029,FALSE,NA,NA,"<= day","daily",NA,2,TRUE
"2018-03-30",58.987,FALSE,NA,NA,"<= day","daily",NA,2,TRUE
"2018-03-31",58.858,FALSE,NA,NA,"<= day","daily",NA,2,TRUE
"2018-04-01",58.737,FALSE,NA,NA,"<= day","daily",NA,2,TRUE
"2018-04-02",58.646,FALSE,NA,NA,"<= day","daily",NA,2,TRUE
"2018-04-03",58.587,FALSE,NA,NA,"<= day","daily",NA,2,TRUE
"2018-04-04",58.35,FALSE,NA,NA,"<= day","daily",NA,2,TRUE
"2018-04-05",58.492,FALSE,NA,NA,"<= day","daily",NA,2,TRUE
"2018-04-06",58.379,FALSE,NA,NA,"<= day","daily",NA,2,TRUE
"2018-04-07",58.438,FALSE,NA,NA,"<= day","daily",NA,2,TRUE
"2018-04-08",58.6,FALSE,NA,NA,"<= day","daily",NA,2,TRUE
"2018-04-09",58.608,FALSE,NA,NA,"<= day","daily",NA,2,TRUE
"2018-04-10",58.962,FALSE,NA,NA,"<= day","daily",NA,2,TRUE
"2018-04-11",59.271,FALSE,NA,NA,"<= day","daily",NA,2,TRUE
"2018-04-12",59.633,FALSE,NA,NA,"<= day","daily",NA,2,TRUE
"2018-04-13",59.987,FALSE,NA,NA,"<= day","daily",NA,2,TRUE
"2018-04-14",60.358,FALSE,NA,NA,"<= day","daily",NA,2,TRUE
"2018-04-15",60.546,FALSE,NA,NA,"<= day","daily",NA,2,TRUE
"2018-04-16",60.729,FALSE,NA,NA,"<= day","daily",NA,2,TRUE
"2018-04-17",60.996,FALSE,NA,NA,"<= day","daily",NA,2,TRUE
"2018-04-18",61.188,FALSE,NA,NA,"<= day","daily",NA,2,TRUE
"2018-04-19",61.421,FALSE,NA,NA,"<= day","daily",NA,2,TRUE
"2018-04-20",61.667,FALSE,NA,NA,"<= day","daily",NA,2,TRUE
"2018-04-21",62.017,FALSE,NA,NA,"<= day","daily",NA,2,TRUE
"2018-04-22",62.413,FALSE,NA,NA,"<= day","daily",NA,2,TRUE
"2018-04-23",62.862,FALSE,NA,NA,"<= day","daily",NA,2,TRUE
"2018-04-24",63.6,FALSE,NA,NA,"<= day","daily",NA,2,TRUE
"2018-04-25",63.958,FALSE,NA,NA,"<= day","daily",NA,2,TRUE
"2018-04-26",64.533,FALSE,NA,NA,"<= day","daily",NA,2,TRUE
"2018-04-27",65.088,FALSE,NA,NA,"<= day","daily",NA,2,TRUE
"2018-04-28",65.508,FALSE,NA,NA,"<= day","daily",NA,2,TRUE
"2018-04-29",66.046,FALSE,NA,NA,"<= day","daily",NA,2,TRUE
"2018-04-30",66.229,FALSE,NA,NA,"<= day","daily",NA,2,TRUE
"2018-05-01",66.425,FALSE,NA,NA,"<= day","daily",NA,2,TRUE
"2018-05-02",66.771,FALSE,NA,NA,"<= day","daily",NA,2,TRUE
"2018-05-03",66.942,FALSE,NA,NA,"<= day","daily",NA,2,TRUE
"2018-05-04",67.133,FALSE,NA,NA,"<= day","daily",NA,2,TRUE
"2018-05-05",67.142,FALSE,NA,NA,"<= day","daily",NA,2,TRUE
"2018-05-06",67.283,FALSE,NA,NA,"<= day","daily",NA,2,TRUE
"2018-05-07",67.142,FALSE,NA,NA,"<= day","daily",NA,2,TRUE
"2018-05-08",67.312,FALSE,NA,NA,"<= day","daily",NA,2,TRUE
"2018-05-09",67.321,FALSE,NA,NA,"<= day","daily",NA,2,TRUE
"2018-05-10",67.396,FALSE,NA,NA,"<= day","daily",NA,2,TRUE
"2018-05-11",67.333,FALSE,NA,NA,"<= day","daily",NA,2,TRUE
"2018-05-12",67.4,FALSE,NA,NA,"<= day","daily",NA,2,TRUE
"2018-05-13",67.342,FALSE,NA,NA,"<= day","daily",NA,2,TRUE
"2018-05-14",67.704,FALSE,NA,NA,"<= day","daily",NA,2,TRUE
"2018-05-15",67.479,FALSE,NA,NA,"<= day","daily",NA,2,TRUE
"2018-05-16",67.683,FALSE,NA,NA,"<= day","daily",NA,2,TRUE
"2018-05-17",68.171,FALSE,NA,NA,"<= day","daily",NA,2,TRUE
"2018-05-18",68.717,FALSE,NA,NA,"<= day","daily",NA,2,TRUE
"2018-05-19",69.075,FALSE,NA,NA,"<= day","daily",NA,2,TRUE
"2018-05-20",69.729,FALSE,NA,NA,"<= day","daily",NA,2,TRUE
"2018-05-21",70.188,FALSE,NA,NA,"<= day","daily",NA,2,TRUE
"2018-05-22",70.721,FALSE,NA,NA,"<= day","daily",NA,2,TRUE
"2018-05-23",71.058,FALSE,NA,NA,"<= day","daily",NA,2,TRUE
"2018-05-24",71.512,FALSE,NA,NA,"<= day","daily",NA,2,TRUE
"2018-05-25",71.983,FALSE,NA,NA,"<= day","daily",NA,2,TRUE
"2018-05-26",72.358,FALSE,NA,NA,"<= day","daily",NA,2,TRUE
"2018-05-27",72.417,FALSE,NA,NA,"<= day","daily",NA,2,TRUE
"2018-05-28",72.821,FALSE,NA,NA,"<= day","daily",NA,2,TRUE
"2018-05-29",73.233,FALSE,NA,NA,"<= day","daily",NA,2,TRUE
"2018-05-30",73.5,FALSE,NA,NA,"<= day","daily",NA,2,TRUE
"2018-05-31",73.738,FALSE,NA,NA,"<= day","daily",NA,2,TRUE
"2018-06-01",74.133,FALSE,NA,NA,"<= day","daily",NA,2,TRUE
"2018-06-02",74.371,FALSE,NA,NA,"<= day","daily",NA,2,TRUE
"2018-06-03",74.679,FALSE,NA,NA,"<= day","daily",NA,2,TRUE
"2018-06-04",75.046,FALSE,NA,NA,"<= day","daily",NA,2,TRUE
"2018-06-05",75.258,FALSE,NA,NA,"<= day","daily",NA,2,TRUE
"2018-06-06",75.679,FALSE,NA,NA,"<= day","daily",NA,2,TRUE
"2018-06-07",75.975,FALSE,NA,NA,"<= day","daily",NA,2,TRUE
"2018-06-08",76.208,FALSE,NA,NA,"<= day","daily",NA,2,TRUE
"2018-06-09",76.517,FALSE,NA,NA,"<= day","daily",NA,2,TRUE
"2018-06-10",76.708,FALSE,NA,NA,"<= day","daily",NA,2,TRUE
"2018-06-11",77.133,FALSE,NA,NA,"<= day","daily",NA,2,TRUE
"2018-06-12",77.625,FALSE,NA,NA,"<= day","daily",NA,2,TRUE
"2018-06-13",77.971,FALSE,NA,NA,"<= day","daily",NA,2,TRUE
"2018-06-14",78.275,FALSE,NA,NA,"<= day","daily",NA,2,TRUE
"2018-06-15",78.758,FALSE,NA,NA,"<= day","daily",NA,2,TRUE
"2018-06-16",79.088,FALSE,NA,NA,"<= day","daily",NA,2,TRUE
"2018-06-17",79.617,FALSE,NA,NA,"<= day","daily",NA,2,TRUE
"2018-06-18",79.921,FALSE,NA,NA,"<= day","daily",NA,2,TRUE
"2018-06-19",80.308,FALSE,NA,NA,"<= day","daily",NA,2,TRUE
"2018-06-20",80.708,FALSE,NA,NA,"<= day","daily",NA,2,TRUE
"2018-06-21",80.975,FALSE,NA,NA,"<= day","daily",NA,2,TRUE
"2018-06-22",81.246,FALSE,NA,NA,"<= day","daily",NA,2,TRUE
"2018-06-23",81.754,FALSE,NA,NA,"<= day","daily",NA,2,TRUE
"2018-06-24",82.142,FALSE,NA,NA,"<= day","daily",NA,2,TRUE
"2018-06-25",82.375,FALSE,NA,NA,"<= day","daily",NA,2,TRUE
"2018-06-26",82.729,FALSE,NA,NA,"<= day","daily",NA,2,TRUE
"2018-06-27",82.971,FALSE,NA,NA,"<= day","daily",NA,2,TRUE
"2018-06-28",83.196,FALSE,NA,NA,"<= day","daily",NA,2,TRUE
"2018-06-29",83.762,FALSE,NA,NA,"<= day","daily",NA,2,TRUE
"2018-06-30",83.971,FALSE,NA,NA,"<= day","daily",NA,2,TRUE
"2018-07-01",84.479,FALSE,NA,NA,"<= day","daily",NA,2,TRUE
"2018-07-02",84.858,FALSE,NA,NA,"<= day","daily",NA,2,TRUE
"2018-07-03",85.254,FALSE,NA,NA,"<= day","daily",NA,2,TRUE
"2018-07-04",85.45,FALSE,NA,NA,"<= day","daily",NA,2,TRUE
"2018-07-05",85.921,FALSE,NA,NA,"<= day","daily",NA,2,TRUE
"2018-07-06",86.058,FALSE,NA,NA,"<= day","daily",NA,2,TRUE
"2018-07-07",86.525,FALSE,NA,NA,"<= day","daily",NA,2,TRUE
"2018-07-08",87.233,FALSE,NA,NA,"<= day","daily",NA,2,TRUE
"2018-07-09",87.271,FALSE,NA,NA,"<= day","daily",NA,2,TRUE
"2018-07-10",88.129,FALSE,NA,NA,"<= day","daily",NA,2,TRUE
"2018-07-11",88.612,FALSE,NA,NA,"<= day","daily",NA,2,TRUE
"2018-07-12",88.958,FALSE,NA,NA,"<= day","daily",NA,2,TRUE
"2018-07-13",89.188,FALSE,NA,NA,"<= day","daily",NA,2,TRUE
"2018-07-14",89.35,FALSE,NA,NA,"<= day","daily",NA,2,TRUE
"2018-07-15",89.55,FALSE,NA,NA,"<= day","daily",NA,2,TRUE
"2018-07-16",89.492,FALSE,NA,NA,"<= day","daily",NA,2,TRUE
"2018-07-17",89.683,FALSE,NA,NA,"<= day","daily",NA,2,TRUE
"2018-07-18",89.888,FALSE,NA,NA,"<= day","daily",NA,2,TRUE
"2018-07-19",89.829,FALSE,NA,NA,"<= day","daily",NA,2,TRUE
"2018-07-20",90.046,FALSE,NA,NA,"<= day","daily",NA,2,TRUE
"2018-07-21",89.858,FALSE,NA,NA,"<= day","daily",NA,2,TRUE
"2018-07-22",90.012,FALSE,NA,NA,"<= day","daily",NA,2,TRUE
"2018-07-23",89.708,FALSE,NA,NA,"<= day","daily",NA,2,TRUE
"2018-07-24",89.725,FALSE,NA,NA,"<= day","daily",NA,2,TRUE
"2018-07-25",89.9,FALSE,NA,NA,"<= day","daily",NA,2,TRUE
"2018-07-26",89.9,FALSE,NA,NA,"<= day","daily",NA,2,TRUE
"2018-07-27",89.517,FALSE,NA,NA,"<= day","daily",NA,2,TRUE
"2018-07-28",89.479,FALSE,NA,NA,"<= day","daily",NA,2,TRUE
"2018-07-29",89.362,FALSE,NA,NA,"<= day","daily",NA,2,TRUE
"2018-07-30",89.329,FALSE,NA,NA,"<= day","daily",NA,2,TRUE
"2018-07-31",89.012,FALSE,NA,NA,"<= day","daily",NA,2,TRUE
"2018-08-01",89.067,FALSE,NA,NA,"<= day","daily",NA,2,TRUE
"2018-08-02",88.858,FALSE,NA,NA,"<= day","daily",NA,2,TRUE
"2018-08-03",88.654,FALSE,NA,NA,"<= day","daily",NA,2,TRUE
"2018-08-04",88.433,FALSE,NA,NA,"<= day","daily",NA,2,TRUE
"2018-08-05",88.292,FALSE,NA,NA,"<= day","daily",NA,2,TRUE
"2018-08-06",88.371,FALSE,NA,NA,"<= day","daily",NA,2,TRUE
"2018-08-07",87.838,FALSE,NA,NA,"<= day","daily",NA,2,TRUE
"2018-08-08",87.862,FALSE,NA,NA,"<= day","daily",NA,2,TRUE
"2018-08-09",87.658,FALSE,NA,NA,"<= day","daily",NA,2,TRUE
"2018-08-10",87.492,FALSE,NA,NA,"<= day","daily",NA,2,TRUE
"2018-08-11",87.312,FALSE,NA,NA,"<= day","daily",NA,2,TRUE
"2018-08-12",87.233,FALSE,NA,NA,"<= day","daily",NA,2,TRUE
"2018-08-13",87.092,FALSE,NA,NA,"<= day","daily",NA,2,TRUE
"2018-08-14",86.9,FALSE,NA,NA,"<= day","daily",NA,2,TRUE
"2018-08-15",86.667,FALSE,NA,NA,"<= day","daily",NA,2,TRUE
"2018-08-16",86.617,FALSE,NA,NA,"<= day","daily",NA,2,TRUE
"2018-08-17",86.421,FALSE,NA,NA,"<= day","daily",NA,2,TRUE
"2018-08-18",86.292,FALSE,NA,NA,"<= day","daily",NA,2,TRUE
"2018-08-19",86.183,FALSE,NA,NA,"<= day","daily",NA,2,TRUE
"2018-08-20",85.562,FALSE,NA,NA,"<= day","daily",NA,2,TRUE
"2018-08-21",85.733,FALSE,NA,NA,"<= day","daily",NA,2,TRUE
"2018-08-22",85.596,FALSE,NA,NA,"<= day","daily",NA,2,TRUE
"2018-08-23",85.258,FALSE,NA,NA,"<= day","daily",NA,2,TRUE
"2018-08-24",85.129,FALSE,NA,NA,"<= day","daily",NA,2,TRUE
"2018-08-25",84.746,FALSE,NA,NA,"<= day","daily",NA,2,TRUE
"2018-08-26",84.617,FALSE,NA,NA,"<= day","daily",NA,2,TRUE
"2018-08-27",84.35,FALSE,NA,NA,"<= day","daily",NA,2,TRUE
"2018-08-28",84.3,FALSE,NA,NA,"<= day","daily",NA,2,TRUE
"2018-08-29",84.071,FALSE,NA,NA,"<= day","daily",NA,2,TRUE
"2018-08-30",84.017,FALSE,NA,NA,"<= day","daily",NA,2,TRUE
"2018-08-31",83.787,FALSE,NA,NA,"<= day","daily",NA,2,TRUE
"2018-09-01",83.592,FALSE,NA,NA,"<= day","daily",NA,2,TRUE
"2018-09-02",84.017,FALSE,NA,NA,"<= day","daily",NA,2,TRUE
"2018-09-03",84.404,FALSE,NA,NA,"<= day","daily",NA,2,TRUE
"2018-09-04",84.888,FALSE,NA,NA,"<= day","daily",NA,2,TRUE
"2018-09-05",85.133,FALSE,NA,NA,"<= day","daily",NA,2,TRUE
"2018-09-06",85.958,FALSE,NA,NA,"<= day","daily",NA,2,TRUE
"2018-09-07",85.458,FALSE,NA,NA,"<= day","daily",NA,2,TRUE
"2018-09-08",85.242,FALSE,NA,NA,"<= day","daily",NA,2,TRUE
"2018-09-09",85.267,FALSE,NA,NA,"<= day","daily",NA,2,TRUE
"2018-09-10",85.062,FALSE,NA,NA,"<= day","daily",NA,2,TRUE
"2018-09-11",84.833,FALSE,NA,NA,"<= day","daily",NA,2,TRUE
"2018-09-12",84.808,FALSE,NA,NA,"<= day","daily",NA,2,TRUE
"2018-09-13",84.158,FALSE,NA,NA,"<= day","daily",NA,2,TRUE
"2018-09-14",84.142,FALSE,NA,NA,"<= day","daily",NA,2,TRUE
"2018-09-15",83.675,FALSE,NA,NA,"<= day","daily",NA,2,TRUE
"2018-09-16",83.379,FALSE,NA,NA,"<= day","daily",NA,2,TRUE
"2018-09-17",83.242,FALSE,NA,NA,"<= day","daily",NA,2,TRUE
"2018-09-18",82.988,FALSE,NA,NA,"<= day","daily",NA,2,TRUE
"2018-09-19",82.812,FALSE,NA,NA,"<= day","daily",NA,2,TRUE
"2018-09-20",82.483,FALSE,NA,NA,"<= day","daily",NA,2,TRUE
"2018-09-21",82.296,FALSE,NA,NA,"<= day","daily",NA,2,TRUE
"2018-09-22",82.021,FALSE,NA,NA,"<= day","daily",NA,2,TRUE
"2018-09-23",81.921,FALSE,NA,NA,"<= day","daily",NA,2,TRUE
"2018-09-24",81.529,FALSE,NA,NA,"<= day","daily",NA,2,TRUE
"2018-09-25",81.404,FALSE,NA,NA,"<= day","daily",NA,2,TRUE
"2018-09-26",81.15,FALSE,NA,NA,"<= day","daily",NA,2,TRUE
"2018-09-27",80.912,FALSE,NA,NA,"<= day","daily",NA,2,TRUE
"2018-09-28",80.654,FALSE,NA,NA,"<= day","daily",NA,2,TRUE
"2018-09-29",80.283,FALSE,NA,NA,"<= day","daily",NA,2,TRUE
"2018-09-30",80.033,FALSE,NA,NA,"<= day","daily",NA,2,TRUE
"2018-10-01",79.842,FALSE,NA,NA,"<= day","daily",NA,2,TRUE
"2018-10-02",79.662,FALSE,NA,NA,"<= day","daily",NA,2,TRUE
"2018-10-03",79.388,FALSE,NA,NA,"<= day","daily",NA,2,TRUE
"2018-10-04",79.058,FALSE,NA,NA,"<= day","daily",NA,2,TRUE
"2018-10-05",78.988,FALSE,NA,NA,"<= day","daily",NA,2,TRUE
"2018-10-06",78.679,FALSE,NA,NA,"<= day","daily",NA,2,TRUE
"2018-10-07",78.412,FALSE,NA,NA,"<= day","daily",NA,2,TRUE
"2018-10-08",78.292,FALSE,NA,NA,"<= day","daily",NA,2,TRUE
"2018-10-09",77.904,FALSE,NA,NA,"<= day","daily",NA,2,TRUE
"2018-10-10",77.662,FALSE,NA,NA,"<= day","daily",NA,2,TRUE
"2018-10-11",77.433,FALSE,NA,NA,"<= day","daily",NA,2,TRUE
"2018-10-12",77.279,FALSE,NA,NA,"<= day","daily",NA,2,TRUE
"2018-10-13",76.892,FALSE,NA,NA,"<= day","daily",NA,2,TRUE
"2018-10-14",76.679,FALSE,NA,NA,"<= day","daily",NA,2,TRUE
"2018-10-15",76.454,FALSE,NA,NA,"<= day","daily",NA,2,TRUE
"2018-10-16",76.221,FALSE,NA,NA,"<= day","daily",NA,2,TRUE
"2018-10-17",76.004,FALSE,NA,NA,"<= day","daily",NA,2,TRUE
"2018-10-18",75.75,FALSE,NA,NA,"<= day","daily",NA,2,TRUE
"2018-10-19",75.412,FALSE,NA,NA,"<= day","daily",NA,2,TRUE
"2018-10-20",75.229,FALSE,NA,NA,"<= day","daily",NA,2,TRUE
"2018-10-21",74.821,FALSE,NA,NA,"<= day","daily",NA,2,TRUE
"2018-10-22",74.612,FALSE,NA,NA,"<= day","daily",NA,2,TRUE
"2018-10-23",74.388,FALSE,NA,NA,"<= day","daily",NA,2,TRUE
"2018-10-24",74.15,FALSE,NA,NA,"<= day","daily",NA,2,TRUE
"2018-10-25",73.933,FALSE,NA,NA,"<= day","daily",NA,2,TRUE
"2018-10-26",73.717,FALSE,NA,NA,"<= day","daily",NA,2,TRUE
"2018-10-27",73.362,FALSE,NA,NA,"<= day","daily",NA,2,TRUE
"2018-10-28",73.354,FALSE,NA,NA,"<= day","daily",NA,2,TRUE
"2018-10-29",73.083,FALSE,NA,NA,"<= day","daily",NA,2,TRUE
"2018-10-30",73.121,FALSE,NA,NA,"<= day","daily",NA,2,TRUE
"2018-10-31",72.85,FALSE,NA,NA,"<= day","daily",NA,2,TRUE
"2018-11-01",72.954,FALSE,NA,NA,"<= day","daily",NA,2,TRUE
"2018-11-02",72.804,FALSE,NA,NA,"<= day","daily",NA,2,TRUE
"2018-11-03",72.879,FALSE,NA,NA,"<= day","daily",NA,2,TRUE
"2018-11-04",72.612,FALSE,NA,NA,"<= day","daily",NA,2,TRUE
"2018-11-05",72.471,FALSE,NA,NA,"<= day","daily",NA,2,TRUE
"2018-11-06",72.279,FALSE,NA,NA,"<= day","daily",NA,2,TRUE
"2018-11-07",71.95,FALSE,NA,NA,"<= day","daily",NA,2,TRUE
"2018-11-08",71.775,FALSE,NA,NA,"<= day","daily",NA,2,TRUE
"2018-11-09",71.654,FALSE,NA,NA,"<= day","daily",NA,2,TRUE
"2018-11-10",71.404,FALSE,NA,NA,"<= day","daily",NA,2,TRUE
"2018-11-11",71.367,FALSE,NA,NA,"<= day","daily",NA,2,TRUE
"2018-11-12",70.967,FALSE,NA,NA,"<= day","daily",NA,2,TRUE
"2018-11-13",70.512,FALSE,NA,NA,"<= day","daily",NA,2,TRUE
"2018-11-14",70.617,FALSE,NA,NA,"<= day","daily",NA,2,TRUE
"2018-11-15",70.317,FALSE,NA,NA,"<= day","daily",NA,2,TRUE
"2018-11-16",70.021,FALSE,NA,NA,"<= day","daily",NA,2,TRUE
"2018-11-17",69.671,FALSE,NA,NA,"<= day","daily",NA,2,TRUE
"2018-11-18",69.658,FALSE,NA,NA,"<= day","daily",NA,2,TRUE
"2018-11-19",69.158,FALSE,NA,NA,"<= day","daily",NA,2,TRUE
"2018-11-20",69.058,FALSE,NA,NA,"<= day","daily",NA,2,TRUE
"2018-11-21",69.029,FALSE,NA,NA,"<= day","daily",NA,2,TRUE
"2018-11-22",68.767,FALSE,NA,NA,"<= day","daily",NA,2,TRUE
"2018-11-23",68.471,FALSE,NA,NA,"<= day","daily",NA,2,TRUE
"2018-11-24",68.404,FALSE,NA,NA,"<= day","daily",NA,2,TRUE
"2018-11-25",68.158,FALSE,NA,NA,"<= day","daily",NA,2,TRUE
"2018-11-26",67.983,FALSE,NA,NA,"<= day","daily",NA,2,TRUE
"2018-11-27",67.713,FALSE,NA,NA,"<= day","daily",NA,2,TRUE
"2018-11-28",67.638,FALSE,NA,NA,"<= day","daily",NA,2,TRUE
"2018-11-29",67.254,FALSE,NA,NA,"<= day","daily",NA,2,TRUE
"2018-11-30",67.058,FALSE,NA,NA,"<= day","daily",NA,2,TRUE
"2018-12-01",66.954,FALSE,NA,NA,"<= day","daily",NA,2,TRUE
"2018-12-02",66.642,FALSE,NA,NA,"<= day","daily",NA,2,TRUE
"2018-12-03",66.6,FALSE,NA,NA,"<= day","daily",NA,2,TRUE
"2018-12-04",66.279,FALSE,NA,NA,"<= day","daily",NA,2,TRUE
"2018-12-05",66.117,FALSE,NA,NA,"<= day","daily",NA,2,TRUE
"2018-12-06",65.858,FALSE,NA,NA,"<= day","daily",NA,2,TRUE
"2018-12-07",65.746,FALSE,NA,NA,"<= day","daily",NA,2,TRUE
"2018-12-08",65.475,FALSE,NA,NA,"<= day","daily",NA,2,TRUE
"2018-12-09",65.446,FALSE,NA,NA,"<= day","daily",NA,2,TRUE
"2018-12-10",65.162,FALSE,NA,NA,"<= day","daily",NA,2,TRUE
"2018-12-11",65.083,FALSE,NA,NA,"<= day","daily",NA,2,TRUE
"2018-12-12",64.85,FALSE,NA,NA,"<= day","daily",NA,2,TRUE
"2018-12-13",64.492,FALSE,NA,NA,"<= day","daily",NA,2,TRUE
"2018-12-14",64.492,FALSE,NA,NA,"<= day","daily",NA,2,TRUE
"2018-12-15",64.438,FALSE,NA,NA,"<= day","daily",NA,2,TRUE
"2018-12-16",64.258,FALSE,NA,NA,"<= day","daily",NA,2,TRUE
"2018-12-17",63.942,FALSE,NA,NA,"<= day","daily",NA,2,TRUE
"2018-12-18",63.858,FALSE,NA,NA,"<= day","daily",NA,2,TRUE
"2018-12-19",63.579,FALSE,NA,NA,"<= day","daily",NA,2,TRUE
"2018-12-20",63.517,FALSE,NA,NA,"<= day","daily",NA,2,TRUE
"2018-12-21",63.304,FALSE,NA,NA,"<= day","daily",NA,2,TRUE
"2018-12-22",62.975,FALSE,NA,NA,"<= day","daily",NA,2,TRUE
"2018-12-23",62.929,FALSE,NA,NA,"<= day","daily",NA,2,TRUE
"2018-12-24",62.833,FALSE,NA,NA,"<= day","daily",NA,2,TRUE
"2018-12-25",62.65,FALSE,NA,NA,"<= day","daily",NA,2,TRUE
"2018-12-26",62.683,FALSE,NA,NA,"<= day","daily",NA,2,TRUE
"2018-12-27",62.638,FALSE,NA,NA,"<= day","daily",NA,2,TRUE
"2018-12-28",62.575,FALSE,NA,NA,"<= day","daily",NA,2,TRUE
"2018-12-29",62.321,FALSE,NA,NA,"<= day","daily",NA,2,TRUE
"2018-12-30",62.258,FALSE,NA,NA,"<= day","daily",NA,2,TRUE
"2018-12-31",62.279,FALSE,NA,NA,"<= day","daily",NA,2,TRUE
"2019-01-01",62.05,FALSE,NA,NA,"<= day","daily",NA,2,TRUE
"2019-01-02",61.875,FALSE,NA,NA,"<= day","daily",NA,2,TRUE
"2019-01-03",61.987,FALSE,NA,NA,"<= day","daily",NA,2,TRUE
"2019-01-04",61.529,FALSE,NA,NA,"<= day","daily",NA,2,TRUE
"2019-01-05",61.517,FALSE,NA,NA,"<= day","daily",NA,2,TRUE
"2019-01-06",61.45,FALSE,NA,NA,"<= day","daily",NA,2,TRUE
"2019-01-07",61.312,FALSE,NA,NA,"<= day","daily",NA,2,TRUE
"2019-01-08",61.108,FALSE,NA,NA,"<= day","daily",NA,2,TRUE
"2019-01-09",60.837,FALSE,NA,NA,"<= day","daily",NA,2,TRUE
"2019-01-10",60.721,FALSE,NA,NA,"<= day","daily",NA,2,TRUE
"2019-01-11",60.529,FALSE,NA,NA,"<= day","daily",NA,2,TRUE
"2019-01-12",60.5,FALSE,NA,NA,"<= day","daily",NA,2,TRUE
"2019-01-13",60.325,FALSE,NA,NA,"<= day","daily",NA,2,TRUE
"2019-01-14",60.179,FALSE,NA,NA,"<= day","daily",NA,2,TRUE
"2019-01-15",59.921,FALSE,NA,NA,"<= day","daily",NA,2,TRUE
"2019-01-16",59.567,FALSE,NA,NA,"<= day","daily",NA,2,TRUE
"2019-01-17",59.592,FALSE,NA,NA,"<= day","daily",NA,2,TRUE
"2019-01-18",59.504,FALSE,NA,NA,"<= day","daily",NA,2,TRUE
"2019-01-19",59.325,FALSE,NA,NA,"<= day","daily",NA,2,TRUE
"2019-01-20",58.958,FALSE,NA,NA,"<= day","daily",NA,2,TRUE
"2019-01-21",58.95,FALSE,NA,NA,"<= day","daily",NA,2,TRUE
"2019-01-22",58.8,FALSE,NA,NA,"<= day","daily",NA,2,TRUE
"2019-01-23",58.621,FALSE,NA,NA,"<= day","daily",NA,2,TRUE
"2019-01-24",58.608,FALSE,NA,NA,"<= day","daily",NA,2,TRUE
"2019-01-25",58.3,FALSE,NA,NA,"<= day","daily",NA,2,TRUE
"2019-01-26",58.129,FALSE,NA,NA,"<= day","daily",NA,2,TRUE
"2019-01-27",58.067,FALSE,NA,NA,"<= day","daily",NA,2,TRUE
"2019-01-28",58.05,FALSE,NA,NA,"<= day","daily",NA,2,TRUE
"2019-01-29",57.696,FALSE,NA,NA,"<= day","daily",NA,2,TRUE
"2019-01-30",57.608,FALSE,NA,NA,"<= day","daily",NA,2,TRUE
"2019-01-31",57.438,FALSE,NA,NA,"<= day","daily",NA,2,TRUE
"2019-02-01",57.408,FALSE,NA,NA,"<= day","daily",NA,2,TRUE
"2019-02-02",57.438,FALSE,NA,NA,"<= day","daily",NA,2,TRUE
"2019-02-03",57.071,FALSE,NA,NA,"<= day","daily",NA,2,TRUE
"2019-02-04",56.892,FALSE,NA,NA,"<= day","daily",NA,2,TRUE
"2019-02-05",56.854,FALSE,NA,NA,"<= day","daily",NA,2,TRUE
"2019-02-06",56.612,FALSE,NA,NA,"<= day","daily",NA,2,TRUE
"2019-02-07",56.504,FALSE,NA,NA,"<= day","daily",NA,2,TRUE
"2019-02-08",56.6,FALSE,NA,NA,"<= day","daily",NA,2,TRUE
"2019-02-09",56.35,FALSE,NA,NA,"<= day","daily",NA,2,TRUE
"2019-02-10",56.142,FALSE,NA,NA,"<= day","daily",NA,2,TRUE
"2019-02-11",56.217,FALSE,NA,NA,"<= day","daily",NA,2,TRUE
"2019-02-12",56.017,FALSE,NA,NA,"<= day","daily",NA,2,TRUE
"2019-02-13",56.013,FALSE,NA,NA,"<= day","daily",NA,2,TRUE
"2019-02-14",55.921,FALSE,NA,NA,"<= day","daily",NA,2,TRUE
"2019-02-15",55.921,FALSE,NA,NA,"<= day","daily",NA,2,TRUE
"2019-02-16",55.737,FALSE,NA,NA,"<= day","daily",NA,2,TRUE
"2019-02-17",55.492,FALSE,NA,NA,"<= day","daily",NA,2,TRUE
"2019-02-18",55.767,FALSE,NA,NA,"<= day","daily",NA,2,TRUE
"2019-02-19",55.846,FALSE,NA,NA,"<= day","daily",NA,2,TRUE
"2019-02-20",55.883,FALSE,NA,NA,"<= day","daily",NA,2,TRUE
"2019-02-21",55.975,FALSE,NA,NA,"<= day","daily",NA,2,TRUE
"2019-02-22",56.192,FALSE,NA,NA,"<= day","daily",NA,2,TRUE
"2019-02-23",56.125,FALSE,NA,NA,"<= day","daily",NA,2,TRUE
"2019-02-24",56.283,FALSE,NA,NA,"<= day","daily",NA,2,TRUE
"2019-02-25",56.275,FALSE,NA,NA,"<= day","daily",NA,2,TRUE
"2019-02-26",56.329,FALSE,NA,NA,"<= day","daily",NA,2,TRUE
"2019-02-27",56.217,FALSE,NA,NA,"<= day","daily",NA,2,TRUE
"2019-02-28",56.275,FALSE,NA,NA,"<= day","daily",NA,2,TRUE
"2019-03-01",56.658,FALSE,NA,NA,"<= day","daily",NA,2,TRUE
"2019-03-02",56.771,FALSE,NA,NA,"<= day","daily",NA,2,TRUE
"2019-03-03",56.729,FALSE,NA,NA,"<= day","daily",NA,2,TRUE
"2019-03-04",56.737,FALSE,NA,NA,"<= day","daily",NA,2,TRUE
"2019-03-05",56.942,FALSE,NA,NA,"<= day","daily",NA,2,TRUE
"2019-03-06",56.883,FALSE,NA,NA,"<= day","daily",NA,2,TRUE
"2019-03-07",56.933,FALSE,NA,NA,"<= day","daily",NA,2,TRUE
"2019-03-08",56.854,FALSE,NA,NA,"<= day","daily",NA,2,TRUE
"2019-03-09",56.938,FALSE,NA,NA,"<= day","daily",NA,2,TRUE
"2019-03-10",56.758,FALSE,NA,NA,"<= day","daily",NA,2,TRUE
"2019-03-11",56.771,FALSE,NA,NA,"<= day","daily",NA,2,TRUE
"2019-03-12",56.462,FALSE,NA,NA,"<= day","daily",NA,2,TRUE
"2019-03-13",56.275,FALSE,NA,NA,"<= day","daily",NA,2,TRUE
"2019-03-14",56.292,FALSE,NA,NA,"<= day","daily",NA,2,TRUE
"2019-03-15",56.146,FALSE,NA,NA,"<= day","daily",NA,2,TRUE
"2019-03-16",56.087,FALSE,NA,NA,"<= day","daily",NA,2,TRUE
"2019-03-17",55.954,FALSE,NA,NA,"<= day","daily",NA,2,TRUE
"2019-03-18",56.087,FALSE,NA,NA,"<= day","daily",NA,2,TRUE
"2019-03-19",56.087,FALSE,NA,NA,"<= day","daily",NA,2,TRUE
"2019-03-20",56.15,FALSE,NA,NA,"<= day","daily",NA,2,TRUE
"2019-03-21",56.138,FALSE,NA,NA,"<= day","daily",NA,2,TRUE
"2019-03-22",56.179,FALSE,NA,NA,"<= day","daily",NA,2,TRUE
"2019-03-23",56.15,FALSE,NA,NA,"<= day","daily",NA,2,TRUE
"2019-03-24",56.4,FALSE,NA,NA,"<= day","daily",NA,2,TRUE
"2019-03-25",56.317,FALSE,NA,NA,"<= day","daily",NA,2,TRUE
"2019-03-26",56.617,FALSE,NA,NA,"<= day","daily",NA,2,TRUE
"2019-03-27",56.837,FALSE,NA,NA,"<= day","daily",NA,2,TRUE
"2019-03-28",56.95,FALSE,NA,NA,"<= day","daily",NA,2,TRUE
"2019-03-29",57.042,FALSE,NA,NA,"<= day","daily",NA,2,TRUE
"2019-03-30",57.183,FALSE,NA,NA,"<= day","daily",NA,2,TRUE
"2019-03-31",57,FALSE,NA,NA,"<= day","daily",NA,2,TRUE
"2019-04-01",57.167,FALSE,NA,NA,"<= day","daily",NA,2,TRUE
"2019-04-02",57.108,FALSE,NA,NA,"<= day","daily",NA,2,TRUE
"2019-04-03",57.138,FALSE,NA,NA,"<= day","daily",NA,2,TRUE
"2019-04-04",57.462,FALSE,NA,NA,"<= day","daily",NA,2,TRUE
"2019-04-05",57.763,FALSE,NA,NA,"<= day","daily",NA,2,TRUE
"2019-04-06",57.8,FALSE,NA,NA,"<= day","daily",NA,2,TRUE
"2019-04-07",58.225,FALSE,NA,NA,"<= day","daily",NA,2,TRUE
"2019-04-08",58.333,FALSE,NA,NA,"<= day","daily",NA,2,TRUE
"2019-04-09",58.429,FALSE,NA,NA,"<= day","daily",NA,2,TRUE
"2019-04-10",58.583,FALSE,NA,NA,"<= day","daily",NA,2,TRUE
"2019-04-11",58.917,FALSE,NA,NA,"<= day","daily",NA,2,TRUE
"2019-04-12",58.875,FALSE,NA,NA,"<= day","daily",NA,2,TRUE
"2019-04-13",58.896,FALSE,NA,NA,"<= day","daily",NA,2,TRUE
"2019-04-14",58.925,FALSE,NA,NA,"<= day","daily",NA,2,TRUE
"2019-04-15",58.921,FALSE,NA,NA,"<= day","daily",NA,2,TRUE
"2019-04-16",58.95,FALSE,NA,NA,"<= day","daily",NA,2,TRUE
"2019-04-17",58.779,FALSE,NA,NA,"<= day","daily",NA,2,TRUE
"2019-04-18",58.633,FALSE,NA,NA,"<= day","daily",NA,2,TRUE
"2019-04-19",58.783,FALSE,NA,NA,"<= day","daily",NA,2,TRUE
"2019-04-20",58.617,FALSE,NA,NA,"<= day","daily",NA,2,TRUE
"2019-04-21",58.833,FALSE,NA,NA,"<= day","daily",NA,2,TRUE
"2019-04-22",58.792,FALSE,NA,NA,"<= day","daily",NA,2,TRUE
"2019-04-23",59.183,FALSE,NA,NA,"<= day","daily",NA,2,TRUE
"2019-04-24",59.571,FALSE,NA,NA,"<= day","daily",NA,2,TRUE
"2019-04-25",59.95,FALSE,NA,NA,"<= day","daily",NA,2,TRUE
"2019-04-26",60.25,FALSE,NA,NA,"<= day","daily",NA,2,TRUE
"2019-04-27",60.933,FALSE,NA,NA,"<= day","daily",NA,2,TRUE
"2019-04-28",61.417,FALSE,NA,NA,"<= day","daily",NA,2,TRUE
"2019-04-29",61.8,FALSE,NA,NA,"<= day","daily",NA,2,TRUE
"2019-04-30",61.975,FALSE,NA,NA,"<= day","daily",NA,2,TRUE
"2019-05-01",62.288,FALSE,NA,NA,"<= day","daily",NA,2,TRUE
"2019-05-02",62.167,FALSE,NA,NA,"<= day","daily",NA,2,TRUE
"2019-05-03",62.312,FALSE,NA,NA,"<= day","daily",NA,2,TRUE
"2019-05-04",62.55,FALSE,NA,NA,"<= day","daily",NA,2,TRUE
"2019-05-05",62.85,FALSE,NA,NA,"<= day","daily",NA,2,TRUE
"2019-05-06",62.896,FALSE,NA,NA,"<= day","daily",NA,2,TRUE
"2019-05-07",63.179,FALSE,NA,NA,"<= day","daily",NA,2,TRUE
"2019-05-08",63.258,FALSE,NA,NA,"<= day","daily",NA,2,TRUE
"2019-05-09",63.754,FALSE,NA,NA,"<= day","daily",NA,2,TRUE
"2019-05-10",63.833,FALSE,NA,NA,"<= day","daily",NA,2,TRUE
"2019-05-11",64.217,FALSE,NA,NA,"<= day","daily",NA,2,TRUE
"2019-05-12",64.287,FALSE,NA,NA,"<= day","daily",NA,2,TRUE
"2019-05-13",64.787,FALSE,NA,NA,"<= day","daily",NA,2,TRUE
"2019-05-14",64.883,FALSE,NA,NA,"<= day","daily",NA,2,TRUE
"2019-05-15",65.308,FALSE,NA,NA,"<= day","daily",NA,2,TRUE
"2019-05-16",65.5,FALSE,NA,NA,"<= day","daily",NA,2,TRUE
"2019-05-17",65.65,FALSE,NA,NA,"<= day","daily",NA,2,TRUE
"2019-05-18",65.975,FALSE,NA,NA,"<= day","daily",NA,2,TRUE
"2019-05-19",66.196,FALSE,NA,NA,"<= day","daily",NA,2,TRUE
"2019-05-20",66.642,FALSE,NA,NA,"<= day","daily",NA,2,TRUE
"2019-05-21",67.146,FALSE,NA,NA,"<= day","daily",NA,2,TRUE
"2019-05-22",68.167,FALSE,NA,NA,"<= day","daily",NA,2,TRUE
"2019-05-23",69.696,FALSE,NA,NA,"<= day","daily",NA,2,TRUE
"2019-05-24",71.404,FALSE,NA,NA,"<= day","daily",NA,2,TRUE
"2019-05-25",73.067,FALSE,NA,NA,"<= day","daily",NA,2,TRUE
"2019-05-26",74.238,FALSE,NA,NA,"<= day","daily",NA,2,TRUE
"2019-05-27",75.204,FALSE,NA,NA,"<= day","daily",NA,2,TRUE
"2019-05-28",75.838,FALSE,NA,NA,"<= day","daily",NA,2,TRUE
"2019-05-29",76.471,FALSE,NA,NA,"<= day","daily",NA,2,TRUE
"2019-05-30",77.279,FALSE,NA,NA,"<= day","daily",NA,2,TRUE
"2019-05-31",78.333,FALSE,NA,NA,"<= day","daily",NA,2,TRUE
"2019-06-01",79.083,FALSE,NA,NA,"<= day","daily",NA,2,TRUE
"2019-06-02",79.779,FALSE,NA,NA,"<= day","daily",NA,2,TRUE
"2019-06-03",80.112,FALSE,NA,NA,"<= day","daily",NA,2,TRUE
"2019-06-04",80.521,FALSE,NA,NA,"<= day","daily",NA,2,TRUE
"2019-06-05",81.071,FALSE,NA,NA,"<= day","daily",NA,2,TRUE
"2019-06-06",81.338,FALSE,NA,NA,"<= day","daily",NA,2,TRUE
"2019-06-07",81.787,FALSE,NA,NA,"<= day","daily",NA,2,TRUE
"2019-06-08",82.229,FALSE,NA,NA,"<= day","daily",NA,2,TRUE
"2019-06-09",82.479,FALSE,NA,NA,"<= day","daily",NA,2,TRUE
"2019-06-10",82.658,FALSE,NA,NA,"<= day","daily",NA,2,TRUE
"2019-06-11",82.954,FALSE,NA,NA,"<= day","daily",NA,2,TRUE
"2019-06-12",83.05,FALSE,NA,NA,"<= day","daily",NA,2,TRUE
"2019-06-13",83.354,FALSE,NA,NA,"<= day","daily",NA,2,TRUE
"2019-06-14",83.729,FALSE,NA,NA,"<= day","daily",NA,2,TRUE
"2019-06-15",84.108,FALSE,NA,NA,"<= day","daily",NA,2,TRUE
"2019-06-16",84.454,FALSE,NA,NA,"<= day","daily",NA,2,TRUE
"2019-06-17",85.067,FALSE,NA,NA,"<= day","daily",NA,2,TRUE
"2019-06-18",85.512,FALSE,NA,NA,"<= day","daily",NA,2,TRUE
"2019-06-19",86.062,FALSE,NA,NA,"<= day","daily",NA,2,TRUE
"2019-06-20",86.879,FALSE,NA,NA,"<= day","daily",NA,2,TRUE
"2019-06-21",87.625,FALSE,NA,NA,"<= day","daily",NA,2,TRUE
"2019-06-22",88.271,FALSE,NA,NA,"<= day","daily",NA,2,TRUE
"2019-06-23",89.158,FALSE,NA,NA,"<= day","daily",NA,2,TRUE
"2019-06-24",89.742,FALSE,NA,NA,"<= day","daily",NA,2,TRUE
"2019-06-25",90.296,FALSE,NA,NA,"<= day","daily",NA,2,TRUE
"2019-06-26",90.963,FALSE,NA,NA,"<= day","daily",NA,2,TRUE
"2019-06-27",91.792,FALSE,NA,NA,"<= day","daily",NA,2,TRUE
"2019-06-28",92.238,FALSE,NA,NA,"<= day","daily",NA,2,TRUE
"2019-06-29",93.183,FALSE,NA,NA,"<= day","daily",NA,2,TRUE
"2019-06-30",93.612,FALSE,NA,NA,"<= day","daily",NA,2,TRUE
"2019-07-01",94.196,FALSE,NA,NA,"<= day","daily",NA,2,TRUE
"2019-07-02",94.938,FALSE,NA,NA,"<= day","daily",NA,2,TRUE
"2019-07-03",95.454,FALSE,NA,NA,"<= day","daily",NA,2,TRUE
"2019-07-04",95.979,FALSE,NA,NA,"<= day","daily",NA,2,TRUE
"2019-07-05",96.492,FALSE,NA,NA,"<= day","daily",NA,2,TRUE
"2019-07-06",96.879,FALSE,NA,NA,"<= day","daily",NA,2,TRUE
"2019-07-07",97.308,FALSE,NA,NA,"<= day","daily",NA,2,TRUE
"2019-07-08",97.8,FALSE,NA,NA,"<= day","daily",NA,2,TRUE
"2019-07-09",98.071,FALSE,NA,NA,"<= day","daily",NA,2,TRUE
"2019-07-10",98.329,FALSE,NA,NA,"<= day","daily",NA,2,TRUE
"2019-07-11",98.95,FALSE,NA,NA,"<= day","daily",NA,2,TRUE
"2019-07-12",99.017,FALSE,NA,NA,"<= day","daily",NA,2,TRUE
"2019-07-13",99.492,FALSE,NA,NA,"<= day","daily",NA,2,TRUE
"2019-07-14",99.879,FALSE,NA,NA,"<= day","daily",NA,2,TRUE
"2019-07-15",100.6,FALSE,NA,NA,"<= day","daily",NA,2,TRUE
"2019-07-16",101.021,FALSE,NA,NA,"<= day","daily",NA,2,TRUE
"2019-07-17",101.483,FALSE,NA,NA,"<= day","daily",NA,2,TRUE
"2019-07-18",101.862,FALSE,NA,NA,"<= day","daily",NA,2,TRUE
"2019-07-19",102.221,FALSE,NA,NA,"<= day","daily",NA,2,TRUE
"2019-07-20",102.304,FALSE,NA,NA,"<= day","daily",NA,2,TRUE
"2019-07-21",102.4,FALSE,NA,NA,"<= day","daily",NA,2,TRUE
"2019-07-22",102.692,FALSE,NA,NA,"<= day","daily",NA,2,TRUE
"2019-07-23",102.854,FALSE,NA,NA,"<= day","daily",NA,2,TRUE
"2019-07-24",102.979,FALSE,NA,NA,"<= day","daily",NA,2,TRUE
"2019-07-25",102.971,FALSE,NA,NA,"<= day","daily",NA,2,TRUE
"2019-07-26",103.125,FALSE,NA,NA,"<= day","daily",NA,2,TRUE
"2019-07-27",103.283,FALSE,NA,NA,"<= day","daily",NA,2,TRUE
"2019-07-28",103.308,FALSE,NA,NA,"<= day","daily",NA,2,TRUE
"2019-07-29",103.358,FALSE,NA,NA,"<= day","daily",NA,2,TRUE
"2019-07-30",103.921,FALSE,NA,NA,"<= day","daily",NA,2,TRUE
"2019-07-31",104.325,FALSE,NA,NA,"<= day","daily",NA,2,TRUE
"2019-08-01",104.692,FALSE,NA,NA,"<= day","daily",NA,2,TRUE
"2019-08-02",105,FALSE,NA,NA,"<= day","daily",NA,2,TRUE
"2019-08-03",105.15,FALSE,NA,NA,"<= day","daily",NA,2,TRUE
"2019-08-04",105.179,FALSE,NA,NA,"<= day","daily",NA,2,TRUE
"2019-08-05",105.371,FALSE,NA,NA,"<= day","daily",NA,2,TRUE
"2019-08-06",105.325,FALSE,NA,NA,"<= day","daily",NA,2,TRUE
"2019-08-07",105.5,FALSE,NA,NA,"<= day","daily",NA,2,TRUE
"2019-08-08",105.8,FALSE,NA,NA,"<= day","daily",NA,2,TRUE
"2019-08-09",105.992,FALSE,NA,NA,"<= day","daily",NA,2,TRUE
"2019-08-10",106.042,FALSE,NA,NA,"<= day","daily",NA,2,TRUE
"2019-08-11",106.037,FALSE,NA,NA,"<= day","daily",NA,2,TRUE
"2019-08-12",106.062,FALSE,NA,NA,"<= day","daily",NA,2,TRUE
"2019-08-13",106.042,FALSE,NA,NA,"<= day","daily",NA,2,TRUE
"2019-08-14",106.508,FALSE,NA,NA,"<= day","daily",NA,2,TRUE
"2019-08-15",107.233,FALSE,NA,NA,"<= day","daily",NA,2,TRUE
"2019-08-16",108,FALSE,NA,NA,"<= day","daily",NA,2,TRUE
"2019-08-17",108.733,FALSE,NA,NA,"<= day","daily",NA,2,TRUE
"2019-08-18",109.021,FALSE,NA,NA,"<= day","daily",NA,2,TRUE
"2019-08-19",109.171,FALSE,NA,NA,"<= day","daily",NA,2,TRUE
"2019-08-20",109.296,FALSE,NA,NA,"<= day","daily",NA,2,TRUE
"2019-08-21",109.192,FALSE,NA,NA,"<= day","daily",NA,2,TRUE
"2019-08-22",109.292,FALSE,NA,NA,"<= day","daily",NA,2,TRUE
"2019-08-23",109.596,FALSE,NA,NA,"<= day","daily",NA,2,TRUE
"2019-08-24",109.775,FALSE,NA,NA,"<= day","daily",NA,2,TRUE
"2019-08-25",109.758,FALSE,NA,NA,"<= day","daily",NA,2,TRUE
"2019-08-26",109.688,FALSE,NA,NA,"<= day","daily",NA,2,TRUE
"2019-08-27",109.612,FALSE,NA,NA,"<= day","daily",NA,2,TRUE
"2019-08-28",109.429,FALSE,NA,NA,"<= day","daily",NA,2,TRUE
"2019-08-29",109.438,FALSE,NA,NA,"<= day","daily",NA,2,TRUE
"2019-08-30",109.25,FALSE,NA,NA,"<= day","daily",NA,2,TRUE
"2019-08-31",108.958,FALSE,NA,NA,"<= day","daily",NA,2,TRUE
"2019-09-01",108.729,FALSE,NA,NA,"<= day","daily",NA,2,TRUE
"2019-09-02",108.233,FALSE,NA,NA,"<= day","daily",NA,2,TRUE
"2019-09-03",108.521,FALSE,NA,NA,"<= day","daily",NA,2,TRUE
"2019-09-04",108.933,FALSE,NA,NA,"<= day","daily",NA,2,TRUE
"2019-09-05",109.338,FALSE,NA,NA,"<= day","daily",NA,2,TRUE
"2019-09-06",109.779,FALSE,NA,NA,"<= day","daily",NA,2,TRUE
"2019-09-07",110.004,FALSE,NA,NA,"<= day","daily",NA,2,TRUE
"2019-09-08",110.471,FALSE,NA,NA,"<= day","daily",NA,2,TRUE
"2019-09-09",110.925,FALSE,NA,NA,"<= day","daily",NA,2,TRUE
"2019-09-10",111.525,FALSE,NA,NA,"<= day","daily",NA,2,TRUE
"2019-09-11",112.254,FALSE,NA,NA,"<= day","daily",NA,2,TRUE
"2019-09-12",112.767,FALSE,NA,NA,"<= day","daily",NA,2,TRUE
"2019-09-13",112.883,FALSE,NA,NA,"<= day","daily",NA,2,TRUE
"2019-09-14",112.283,FALSE,NA,NA,"<= day","daily",NA,2,TRUE
"2019-09-15",111.958,FALSE,NA,NA,"<= day","daily",NA,2,TRUE
"2019-09-16",111.496,FALSE,NA,NA,"<= day","daily",NA,2,TRUE
"2019-09-17",110.879,FALSE,NA,NA,"<= day","daily",NA,2,TRUE
"2019-09-18",110.329,FALSE,NA,NA,"<= day","daily",NA,2,TRUE
"2019-09-19",109.608,FALSE,NA,NA,"<= day","daily",NA,2,TRUE
"2019-09-20",108.983,FALSE,NA,NA,"<= day","daily",NA,2,TRUE
"2019-09-21",108.196,FALSE,NA,NA,"<= day","daily",NA,2,TRUE
"2019-09-22",107.667,FALSE,NA,NA,"<= day","daily",NA,2,TRUE
"2019-09-23",106.954,FALSE,NA,NA,"<= day","daily",NA,2,TRUE
"2019-09-24",106.463,FALSE,NA,NA,"<= day","daily",NA,2,TRUE
"2019-09-25",105.787,FALSE,NA,NA,"<= day","daily",NA,2,TRUE
"2019-09-26",105.071,FALSE,NA,NA,"<= day","daily",NA,2,TRUE
"2019-09-27",104.592,FALSE,NA,NA,"<= day","daily",NA,2,TRUE
"2019-09-28",103.992,FALSE,NA,NA,"<= day","daily",NA,2,TRUE
"2019-09-29",103.262,FALSE,NA,NA,"<= day","daily",NA,2,TRUE
"2019-09-30",103.058,FALSE,NA,NA,"<= day","daily",NA,2,TRUE
"2019-10-01",102.35,FALSE,NA,NA,"<= day","daily",NA,2,TRUE
"2019-10-02",101.708,FALSE,NA,NA,"<= day","daily",NA,2,TRUE
"2019-10-03",101.362,FALSE,NA,NA,"<= day","daily",NA,2,TRUE
"2019-10-04",100.921,FALSE,NA,NA,"<= day","daily",NA,2,TRUE
"2019-10-05",100.517,FALSE,NA,NA,"<= day","daily",NA,2,TRUE
"2019-10-06",100.146,FALSE,NA,NA,"<= day","daily",NA,2,TRUE
"2019-10-07",99.729,FALSE,NA,NA,"<= day","daily",NA,2,TRUE
"2019-10-08",99.342,FALSE,NA,NA,"<= day","daily",NA,2,TRUE
"2019-10-09",99.333,FALSE,NA,NA,"<= day","daily",NA,2,TRUE
"2019-10-10",98.888,FALSE,NA,NA,"<= day","daily",NA,2,TRUE
"2019-10-11",98.667,FALSE,NA,NA,"<= day","daily",NA,2,TRUE
"2019-10-12",98.338,FALSE,NA,NA,"<= day","daily",NA,2,TRUE
"2019-10-13",97.821,FALSE,NA,NA,"<= day","daily",NA,2,TRUE
"2019-10-14",97.475,FALSE,NA,NA,"<= day","daily",NA,2,TRUE
"2019-10-15",97.096,FALSE,NA,NA,"<= day","daily",NA,2,TRUE
"2019-10-16",96.95,FALSE,NA,NA,"<= day","daily",NA,2,TRUE
"2019-10-17",96.392,FALSE,NA,NA,"<= day","daily",NA,2,TRUE
"2019-10-18",96.021,FALSE,NA,NA,"<= day","daily",NA,2,TRUE
"2019-10-19",95.567,FALSE,NA,NA,"<= day","daily",NA,2,TRUE
"2019-10-20",95.204,FALSE,NA,NA,"<= day","daily",NA,2,TRUE
"2019-10-21",94.713,FALSE,NA,NA,"<= day","daily",NA,2,TRUE
"2019-10-22",94.396,FALSE,NA,NA,"<= day","daily",NA,2,TRUE
"2019-10-23",93.892,FALSE,NA,NA,"<= day","daily",NA,2,TRUE
"2019-10-24",93.567,FALSE,NA,NA,"<= day","daily",NA,2,TRUE
"2019-10-25",93.046,FALSE,NA,NA,"<= day","daily",NA,2,TRUE
"2019-10-26",92.771,FALSE,NA,NA,"<= day","daily",NA,2,TRUE
"2019-10-27",92.375,FALSE,NA,NA,"<= day","daily",NA,2,TRUE
"2019-10-28",91.812,FALSE,NA,NA,"<= day","daily",NA,2,TRUE
"2019-10-29",91.617,FALSE,NA,NA,"<= day","daily",NA,2,TRUE
"2019-10-30",91.213,FALSE,NA,NA,"<= day","daily",NA,2,TRUE
"2019-10-31",90.854,FALSE,NA,NA,"<= day","daily",NA,2,TRUE
"2019-11-01",90.362,FALSE,NA,NA,"<= day","daily",NA,2,TRUE
"2019-11-02",90.158,FALSE,NA,NA,"<= day","daily",NA,2,TRUE
"2019-11-03",90.008,FALSE,NA,NA,"<= day","daily",NA,2,TRUE
"2019-11-04",89.733,FALSE,NA,NA,"<= day","daily",NA,2,TRUE
"2019-11-05",89.225,FALSE,NA,NA,"<= day","daily",NA,2,TRUE
"2019-11-06",89.588,FALSE,NA,NA,"<= day","daily",NA,2,TRUE
"2019-11-07",88.704,FALSE,NA,NA,"<= day","daily",NA,2,TRUE
"2019-11-08",88.4,FALSE,NA,NA,"<= day","daily",NA,2,TRUE
"2019-11-09",88.175,FALSE,NA,NA,"<= day","daily",NA,2,TRUE
"2019-11-10",87.875,FALSE,NA,NA,"<= day","daily",NA,2,TRUE
"2019-11-11",87.575,FALSE,NA,NA,"<= day","daily",NA,2,TRUE
"2019-11-12",87.392,FALSE,NA,NA,"<= day","daily",NA,2,TRUE
"2019-11-13",86.942,FALSE,NA,NA,"<= day","daily",NA,2,TRUE
"2019-11-14",86.713,FALSE,NA,NA,"<= day","daily",NA,2,TRUE
"2019-11-15",86.425,FALSE,NA,NA,"<= day","daily",NA,2,TRUE
"2019-11-16",86.254,FALSE,NA,NA,"<= day","daily",NA,2,TRUE
"2019-11-17",85.946,FALSE,NA,NA,"<= day","daily",NA,2,TRUE
"2019-11-18",85.717,FALSE,NA,NA,"<= day","daily",NA,2,TRUE
"2019-11-19",85.588,FALSE,NA,NA,"<= day","daily",NA,2,TRUE
"2019-11-20",85.579,FALSE,NA,NA,"<= day","daily",NA,2,TRUE
"2019-11-21",85.354,FALSE,NA,NA,"<= day","daily",NA,2,TRUE
"2019-11-22",85.283,FALSE,NA,NA,"<= day","daily",NA,2,TRUE
"2019-11-23",85.167,FALSE,NA,NA,"<= day","daily",NA,2,TRUE
"2019-11-24",84.967,FALSE,NA,NA,"<= day","daily",NA,2,TRUE
"2019-11-25",84.833,FALSE,NA,NA,"<= day","daily",NA,2,TRUE
"2019-11-26",84.554,FALSE,NA,NA,"<= day","daily",NA,2,TRUE
"2019-11-27",84.429,FALSE,NA,NA,"<= day","daily",NA,2,TRUE
"2019-11-28",84.142,FALSE,NA,NA,"<= day","daily",NA,2,TRUE
"2019-11-29",83.9,FALSE,NA,NA,"<= day","daily",NA,2,TRUE
"2019-11-30",83.638,FALSE,NA,NA,"<= day","daily",NA,2,TRUE
"2019-12-01",83.388,FALSE,NA,NA,"<= day","daily",NA,2,TRUE
"2019-12-02",83.05,FALSE,NA,NA,"<= day","daily",NA,2,TRUE
"2019-12-03",82.888,FALSE,NA,NA,"<= day","daily",NA,2,TRUE
"2019-12-04",82.512,FALSE,NA,NA,"<= day","daily",NA,2,TRUE
"2019-12-05",82.096,FALSE,NA,NA,"<= day","daily",NA,2,TRUE
"2019-12-06",81.883,FALSE,NA,NA,"<= day","daily",NA,2,TRUE
"2019-12-07",81.55,FALSE,NA,NA,"<= day","daily",NA,2,TRUE
"2019-12-08",81.208,FALSE,NA,NA,"<= day","daily",NA,2,TRUE
"2019-12-09",80.9,FALSE,NA,NA,"<= day","daily",NA,2,TRUE
"2019-12-10",80.479,FALSE,NA,NA,"<= day","daily",NA,2,TRUE
"2019-12-11",80.329,FALSE,NA,NA,"<= day","daily",NA,2,TRUE
"2019-12-12",79.738,FALSE,NA,NA,"<= day","daily",NA,2,TRUE
"2019-12-13",79.721,FALSE,NA,NA,"<= day","daily",NA,2,TRUE
"2019-12-14",79.229,FALSE,NA,NA,"<= day","daily",NA,2,TRUE
"2019-12-15",78.938,FALSE,NA,NA,"<= day","daily",NA,2,TRUE
"2019-12-16",78.783,FALSE,NA,NA,"<= day","daily",NA,2,TRUE
"2019-12-17",78.417,FALSE,NA,NA,"<= day","daily",NA,2,TRUE
"2019-12-18",78.033,FALSE,NA,NA,"<= day","daily",NA,2,TRUE
"2019-12-19",77.783,FALSE,NA,NA,"<= day","daily",NA,2,TRUE
"2019-12-20",77.571,FALSE,NA,NA,"<= day","daily",NA,2,TRUE
"2019-12-21",77.117,FALSE,NA,NA,"<= day","daily",NA,2,TRUE
"2019-12-22",77.017,FALSE,NA,NA,"<= day","daily",NA,2,TRUE
"2019-12-23",76.729,FALSE,NA,NA,"<= day","daily",NA,2,TRUE
"2019-12-24",76.55,FALSE,NA,NA,"<= day","daily",NA,2,TRUE
"2019-12-25",75.908,FALSE,NA,NA,"<= day","daily",NA,2,TRUE
"2019-12-26",75.762,FALSE,NA,NA,"<= day","daily",NA,2,TRUE
"2019-12-27",75.508,FALSE,NA,NA,"<= day","daily",NA,2,TRUE
"2019-12-28",75.317,FALSE,NA,NA,"<= day","daily",NA,2,TRUE
"2019-12-29",74.767,FALSE,NA,NA,"<= day","daily",NA,2,TRUE
"2019-12-30",74.833,FALSE,NA,NA,"<= day","daily",NA,2,TRUE
"2019-12-31",74.287,FALSE,NA,NA,"<= day","daily",NA,2,TRUE
"2020-01-01",74.117,FALSE,NA,NA,"<= day","daily",NA,2,TRUE
"2020-01-02",73.883,FALSE,NA,NA,"<= day","daily",NA,2,TRUE
"2020-01-03",73.517,FALSE,NA,NA,"<= day","daily",NA,2,TRUE
"2020-01-04",73.758,FALSE,NA,NA,"<= day","daily",NA,2,TRUE
"2020-01-05",73.35,FALSE,NA,NA,"<= day","daily",NA,2,TRUE
"2020-01-06",72.988,FALSE,NA,NA,"<= day","daily",NA,2,TRUE
"2020-01-07",72.804,FALSE,NA,NA,"<= day","daily",NA,2,TRUE
"2020-01-08",72.537,FALSE,NA,NA,"<= day","daily",NA,2,TRUE
"2020-01-09",72.25,FALSE,NA,NA,"<= day","daily",NA,2,TRUE
"2020-01-10",71.979,FALSE,NA,NA,"<= day","daily",NA,2,TRUE
"2020-01-11",71.817,FALSE,NA,NA,"<= day","daily",NA,2,TRUE
"2020-01-12",71.65,FALSE,NA,NA,"<= day","daily",NA,2,TRUE
"2020-01-13",71.512,FALSE,NA,NA,"<= day","daily",NA,2,TRUE
"2020-01-14",70.938,FALSE,NA,NA,"<= day","daily",NA,2,TRUE
"2020-01-15",70.708,FALSE,NA,NA,"<= day","daily",NA,2,TRUE
"2020-01-16",70.671,FALSE,NA,NA,"<= day","daily",NA,2,TRUE
"2020-01-17",70.333,FALSE,NA,NA,"<= day","daily",NA,2,TRUE
"2020-01-18",70.096,FALSE,NA,NA,"<= day","daily",NA,2,TRUE
"2020-01-19",69.683,FALSE,NA,NA,"<= day","daily",NA,2,TRUE
"2020-01-20",69.508,FALSE,NA,NA,"<= day","daily",NA,2,TRUE
"2020-01-21",69.258,FALSE,NA,NA,"<= day","daily",NA,2,TRUE
"2020-01-22",69.062,FALSE,NA,NA,"<= day","daily",NA,2,TRUE
"2020-01-23",68.704,FALSE,NA,NA,"<= day","daily",NA,2,TRUE
"2020-01-24",68.567,FALSE,NA,NA,"<= day","daily",NA,2,TRUE
"2020-01-25",68.342,FALSE,NA,NA,"<= day","daily",NA,2,TRUE
"2020-01-26",67.946,FALSE,NA,NA,"<= day","daily",NA,2,TRUE
"2020-01-27",67.804,FALSE,NA,NA,"<= day","daily",NA,2,TRUE
"2020-01-28",67.442,FALSE,NA,NA,"<= day","daily",NA,2,TRUE
"2020-01-29",67.287,FALSE,NA,NA,"<= day","daily",NA,2,TRUE
"2020-01-30",67.058,FALSE,NA,NA,"<= day","daily",NA,2,TRUE
"2020-01-31",66.579,FALSE,NA,NA,"<= day","daily",NA,2,TRUE
"2020-02-01",66.646,FALSE,NA,NA,"<= day","daily",NA,2,TRUE
"2020-02-02",66.354,FALSE,NA,NA,"<= day","daily",NA,2,TRUE
"2020-02-03",66.196,FALSE,NA,NA,"<= day","daily",NA,2,TRUE
"2020-02-04",66.033,FALSE,NA,NA,"<= day","daily",NA,2,TRUE
"2020-02-05",66.171,FALSE,NA,NA,"<= day","daily",NA,2,TRUE
"2020-02-06",66.388,FALSE,NA,NA,"<= day","daily",NA,2,TRUE
"2020-02-07",66.596,FALSE,NA,NA,"<= day","daily",NA,2,TRUE
"2020-02-08",66.767,FALSE,NA,NA,"<= day","daily",NA,2,TRUE
"2020-02-09",66.725,FALSE,NA,NA,"<= day","daily",NA,2,TRUE
"2020-02-10",66.562,FALSE,NA,NA,"<= day","daily",NA,2,TRUE
"2020-02-11",66.746,FALSE,NA,NA,"<= day","daily",NA,2,TRUE
"2020-02-12",66.45,FALSE,NA,NA,"<= day","daily",NA,2,TRUE
"2020-02-13",66.521,FALSE,NA,NA,"<= day","daily",NA,2,TRUE
"2020-02-14",66.621,FALSE,NA,NA,"<= day","daily",NA,2,TRUE
"2020-02-15",66.254,FALSE,NA,NA,"<= day","daily",NA,2,TRUE
"2020-02-16",65.954,FALSE,NA,NA,"<= day","daily",NA,2,TRUE
"2020-02-17",65.992,FALSE,NA,NA,"<= day","daily",NA,2,TRUE
"2020-02-18",65.683,FALSE,NA,NA,"<= day","daily",NA,2,TRUE
"2020-02-19",65.338,FALSE,NA,NA,"<= day","daily",NA,2,TRUE
"2020-02-20",65.475,FALSE,NA,NA,"<= day","daily",NA,2,TRUE
"2020-02-21",65.083,FALSE,NA,NA,"<= day","daily",NA,2,TRUE
"2020-02-22",65.021,FALSE,NA,NA,"<= day","daily",NA,2,TRUE
"2020-02-23",64.792,FALSE,NA,NA,"<= day","daily",NA,2,TRUE
"2020-02-24",64.546,FALSE,NA,NA,"<= day","daily",NA,2,TRUE
"2020-02-25",64.608,FALSE,NA,NA,"<= day","daily",NA,2,TRUE
"2020-02-26",64.392,FALSE,NA,NA,"<= day","daily",NA,2,TRUE
"2020-02-27",64.267,FALSE,NA,NA,"<= day","daily",NA,2,TRUE
"2020-02-28",64.479,FALSE,NA,NA,"<= day","daily",NA,2,TRUE
"2020-02-29",64.125,FALSE,NA,NA,"<= day","daily",NA,2,TRUE
"2020-03-01",64.454,FALSE,NA,NA,"<= day","daily",NA,2,TRUE
"2020-03-02",64.042,FALSE,NA,NA,"<= day","daily",NA,2,TRUE
"2020-03-03",64.104,FALSE,NA,NA,"<= day","daily",NA,2,TRUE
"2020-03-04",63.908,FALSE,NA,NA,"<= day","daily",NA,2,TRUE
"2020-03-05",63.817,FALSE,NA,NA,"<= day","daily",NA,2,TRUE
"2020-03-06",63.529,FALSE,NA,NA,"<= day","daily",NA,2,TRUE
"2020-03-07",63.5,FALSE,NA,NA,"<= day","daily",NA,2,TRUE
"2020-03-08",63.117,FALSE,NA,NA,"<= day","daily",NA,2,TRUE
"2020-03-09",63.125,FALSE,NA,NA,"<= day","daily",NA,2,TRUE
"2020-03-10",62.704,FALSE,NA,NA,"<= day","daily",NA,2,TRUE
"2020-03-11",62.617,FALSE,NA,NA,"<= day","daily",NA,2,TRUE
"2020-03-12",62.421,FALSE,NA,NA,"<= day","daily",NA,2,TRUE
"2020-03-13",62.337,FALSE,NA,NA,"<= day","daily",NA,2,TRUE
"2020-03-14",62.246,FALSE,NA,NA,"<= day","daily",NA,2,TRUE
"2020-03-15",62.496,FALSE,NA,NA,"<= day","daily",NA,2,TRUE
"2020-03-16",62.204,FALSE,NA,NA,"<= day","daily",NA,2,TRUE
"2020-03-17",62.242,FALSE,NA,NA,"<= day","daily",NA,2,TRUE
"2020-03-18",62.071,FALSE,NA,NA,"<= day","daily",NA,2,TRUE
"2020-03-19",62.183,FALSE,NA,NA,"<= day","daily",NA,2,TRUE
"2020-03-20",62.221,FALSE,NA,NA,"<= day","daily",NA,2,TRUE
"2020-03-21",62.042,FALSE,NA,NA,"<= day","daily",NA,2,TRUE
"2020-03-22",62.171,FALSE,NA,NA,"<= day","daily",NA,2,TRUE
"2020-03-23",62.246,FALSE,NA,NA,"<= day","daily",NA,2,TRUE
"2020-03-24",62.388,FALSE,NA,NA,"<= day","daily",NA,2,TRUE
"2020-03-25",62.3,FALSE,NA,NA,"<= day","daily",NA,2,TRUE
"2020-03-26",62.087,FALSE,NA,NA,"<= day","daily",NA,2,TRUE
"2020-03-27",62.317,FALSE,NA,NA,"<= day","daily",NA,2,TRUE
"2020-03-28",62.021,FALSE,NA,NA,"<= day","daily",NA,2,TRUE
"2020-03-29",61.879,FALSE,NA,NA,"<= day","daily",NA,2,TRUE
"2020-03-30",61.7,FALSE,NA,NA,"<= day","daily",NA,2,TRUE
"2020-03-31",61.454,FALSE,NA,NA,"<= day","daily",NA,2,TRUE
"2020-04-01",61.55,FALSE,NA,NA,"<= day","daily",NA,2,TRUE
"2020-04-02",61.192,FALSE,NA,NA,"<= day","daily",NA,2,TRUE
"2020-04-03",61.125,FALSE,NA,NA,"<= day","daily",NA,2,TRUE
"2020-04-04",60.992,FALSE,NA,NA,"<= day","daily",NA,2,TRUE
"2020-04-05",60.871,FALSE,NA,NA,"<= day","daily",NA,2,TRUE
"2020-04-06",60.562,FALSE,NA,NA,"<= day","daily",NA,2,TRUE
"2020-04-07",60.783,FALSE,NA,NA,"<= day","daily",NA,2,TRUE
"2020-04-08",60.542,FALSE,NA,NA,"<= day","daily",NA,2,TRUE
"2020-04-09",60.533,FALSE,NA,NA,"<= day","daily",NA,2,TRUE
"2020-04-10",60.404,FALSE,NA,NA,"<= day","daily",NA,2,TRUE
"2020-04-11",60.325,FALSE,NA,NA,"<= day","daily",NA,2,TRUE
"2020-04-12",60.417,FALSE,NA,NA,"<= day","daily",NA,2,TRUE
"2020-04-13",60.392,FALSE,NA,NA,"<= day","daily",NA,2,TRUE
"2020-04-14",60.508,FALSE,NA,NA,"<= day","daily",NA,2,TRUE
"2020-04-15",60.392,FALSE,NA,NA,"<= day","daily",NA,2,TRUE
"2020-04-16",60.196,FALSE,NA,NA,"<= day","daily",NA,2,TRUE
"2020-04-17",60.296,FALSE,NA,NA,"<= day","daily",NA,2,TRUE
"2020-04-18",60.496,FALSE,NA,NA,"<= day","daily",NA,2,TRUE
"2020-04-19",60.254,FALSE,NA,NA,"<= day","daily",NA,2,TRUE
"2020-04-20",60.367,FALSE,NA,NA,"<= day","daily",NA,2,TRUE
"2020-04-21",60.546,FALSE,NA,NA,"<= day","daily",NA,2,TRUE
"2020-04-22",60.417,FALSE,NA,NA,"<= day","daily",NA,2,TRUE
"2020-04-23",60.337,FALSE,NA,NA,"<= day","daily",NA,2,TRUE
"2020-04-24",60.55,FALSE,NA,NA,"<= day","daily",NA,2,TRUE
"2020-04-25",60.479,FALSE,NA,NA,"<= day","daily",NA,2,TRUE
"2020-04-26",60.625,FALSE,NA,NA,"<= day","daily",NA,2,TRUE
"2020-04-27",60.679,FALSE,NA,NA,"<= day","daily",NA,2,TRUE
"2020-04-28",60.592,FALSE,NA,NA,"<= day","daily",NA,2,TRUE
"2020-04-29",60.596,FALSE,NA,NA,"<= day","daily",NA,2,TRUE
"2020-04-30",60.546,FALSE,NA,NA,"<= day","daily",NA,2,TRUE
"2020-05-01",60.596,FALSE,NA,NA,"<= day","daily",NA,2,TRUE
"2020-05-02",60.371,FALSE,NA,NA,"<= day","daily",NA,2,TRUE
"2020-05-03",60.467,FALSE,NA,NA,"<= day","daily",NA,2,TRUE
"2020-05-04",60.454,FALSE,NA,NA,"<= day","daily",NA,2,TRUE
"2020-05-05",60.783,FALSE,NA,NA,"<= day","daily",NA,2,TRUE
"2020-05-06",60.642,FALSE,NA,NA,"<= day","daily",NA,2,TRUE
"2020-05-07",60.462,FALSE,NA,NA,"<= day","daily",NA,2,TRUE
"2020-05-08",60.883,FALSE,NA,NA,"<= day","daily",NA,2,TRUE
"2020-05-09",60.871,FALSE,NA,NA,"<= day","daily",NA,2,TRUE
"2020-05-10",61.017,FALSE,NA,NA,"<= day","daily",NA,2,TRUE
"2020-05-11",61.033,FALSE,NA,NA,"<= day","daily",NA,2,TRUE
"2020-05-12",61.396,FALSE,NA,NA,"<= day","daily",NA,2,TRUE
"2020-05-13",61.504,FALSE,NA,NA,"<= day","daily",NA,2,TRUE
"2020-05-14",61.642,FALSE,NA,NA,"<= day","daily",NA,2,TRUE
"2020-05-15",61.725,FALSE,NA,NA,"<= day","daily",NA,2,TRUE
"2020-05-16",61.733,FALSE,NA,NA,"<= day","daily",NA,2,TRUE
"2020-05-17",61.925,FALSE,NA,NA,"<= day","daily",NA,2,TRUE
"2020-05-18",61.954,FALSE,NA,NA,"<= day","daily",NA,2,TRUE
"2020-05-19",62.025,FALSE,NA,NA,"<= day","daily",NA,2,TRUE
"2020-05-20",62.2,FALSE,NA,NA,"<= day","daily",NA,2,TRUE
"2020-05-21",62.362,FALSE,NA,NA,"<= day","daily",NA,2,TRUE
"2020-05-22",62.375,FALSE,NA,NA,"<= day","daily",NA,2,TRUE
"2020-05-23",62.583,FALSE,NA,NA,"<= day","daily",NA,2,TRUE
"2020-05-24",62.567,FALSE,NA,NA,"<= day","daily",NA,2,TRUE
"2020-05-25",62.708,FALSE,NA,NA,"<= day","daily",NA,2,TRUE
"2020-05-26",62.796,FALSE,NA,NA,"<= day","daily",NA,2,TRUE
"2020-05-27",62.929,FALSE,NA,NA,"<= day","daily",NA,2,TRUE
"2020-05-28",63.038,FALSE,NA,NA,"<= day","daily",NA,2,TRUE
"2020-05-29",63.3,FALSE,NA,NA,"<= day","daily",NA,2,TRUE
"2020-05-30",63.421,FALSE,NA,NA,"<= day","daily",NA,2,TRUE
"2020-05-31",63.275,FALSE,NA,NA,"<= day","daily",NA,2,TRUE
"2020-06-01",63.646,FALSE,NA,NA,"<= day","daily",NA,2,TRUE
"2020-06-02",63.742,FALSE,NA,NA,"<= day","daily",NA,2,TRUE
"2020-06-03",63.842,FALSE,NA,NA,"<= day","daily",NA,2,TRUE
"2020-06-04",63.888,FALSE,NA,NA,"<= day","daily",NA,2,TRUE
"2020-06-05",64.008,FALSE,NA,NA,"<= day","daily",NA,2,TRUE
"2020-06-06",64.125,FALSE,NA,NA,"<= day","daily",NA,2,TRUE
"2020-06-07",64.321,FALSE,NA,NA,"<= day","daily",NA,2,TRUE
"2020-06-08",64.562,FALSE,NA,NA,"<= day","daily",NA,2,TRUE
"2020-06-09",64.742,FALSE,NA,NA,"<= day","daily",NA,2,TRUE
"2020-06-10",65.067,FALSE,NA,NA,"<= day","daily",NA,2,TRUE
"2020-06-11",65.625,FALSE,NA,NA,"<= day","daily",NA,2,TRUE
"2020-06-12",66.571,FALSE,NA,NA,"<= day","daily",NA,2,TRUE
"2020-06-13",67.717,FALSE,NA,NA,"<= day","daily",NA,2,TRUE
"2020-06-14",68.725,FALSE,NA,NA,"<= day","daily",NA,2,TRUE
"2020-06-15",69.762,FALSE,NA,NA,"<= day","daily",NA,2,TRUE
"2020-06-16",70.458,FALSE,NA,NA,"<= day","daily",NA,2,TRUE
"2020-06-17",71.192,FALSE,NA,NA,"<= day","daily",NA,2,TRUE
"2020-06-18",71.717,FALSE,NA,NA,"<= day","daily",NA,2,TRUE
"2020-06-19",72.388,FALSE,NA,NA,"<= day","daily",NA,2,TRUE
"2020-06-20",72.812,FALSE,NA,NA,"<= day","daily",NA,2,TRUE
"2020-06-21",73.354,FALSE,NA,NA,"<= day","daily",NA,2,TRUE
"2020-06-22",73.929,FALSE,NA,NA,"<= day","daily",NA,2,TRUE
"2020-06-23",74.225,FALSE,NA,NA,"<= day","daily",NA,2,TRUE
"2020-06-24",74.55,FALSE,NA,NA,"<= day","daily",NA,2,TRUE
"2020-06-25",74.996,FALSE,NA,NA,"<= day","daily",NA,2,TRUE
"2020-06-26",75.138,FALSE,NA,NA,"<= day","daily",NA,2,TRUE
"2020-06-27",75.3,FALSE,NA,NA,"<= day","daily",NA,2,TRUE
"2020-06-28",75.596,FALSE,NA,NA,"<= day","daily",NA,2,TRUE
"2020-06-29",75.629,FALSE,NA,NA,"<= day","daily",NA,2,TRUE
"2020-06-30",76.158,FALSE,NA,NA,"<= day","daily",NA,2,TRUE
"2020-07-01",76.525,FALSE,NA,NA,"<= day","daily",NA,2,TRUE
"2020-07-02",77.058,FALSE,NA,NA,"<= day","daily",NA,2,TRUE
"2020-07-03",77.8,FALSE,NA,NA,"<= day","daily",NA,2,TRUE
"2020-07-04",78.233,FALSE,NA,NA,"<= day","daily",NA,2,TRUE
"2020-07-05",79.4,FALSE,NA,NA,"<= day","daily",NA,2,TRUE
"2020-07-06",80.279,FALSE,NA,NA,"<= day","daily",NA,2,TRUE
"2020-07-07",80.721,FALSE,NA,NA,"<= day","daily",NA,2,TRUE
"2020-07-08",81.621,FALSE,NA,NA,"<= day","daily",NA,2,TRUE
"2020-07-09",82.183,FALSE,NA,NA,"<= day","daily",NA,2,TRUE
"2020-07-10",82.083,FALSE,NA,NA,"<= day","daily",NA,2,TRUE
"2020-07-11",82.475,FALSE,NA,NA,"<= day","daily",NA,2,TRUE
"2020-07-12",82.963,FALSE,NA,NA,"<= day","daily",NA,2,TRUE
"2020-07-13",83.079,FALSE,NA,NA,"<= day","daily",NA,2,TRUE
"2020-07-14",83.188,FALSE,NA,NA,"<= day","daily",NA,2,TRUE
"2020-07-15",83.392,FALSE,NA,NA,"<= day","daily",NA,2,TRUE
"2020-07-16",83.512,FALSE,NA,NA,"<= day","daily",NA,2,TRUE
"2020-07-17",83.654,FALSE,NA,NA,"<= day","daily",NA,2,TRUE
"2020-07-18",84.012,FALSE,NA,NA,"<= day","daily",NA,2,TRUE
"2020-07-19",84.662,FALSE,NA,NA,"<= day","daily",NA,2,TRUE
"2020-07-20",84.979,FALSE,NA,NA,"<= day","daily",NA,2,TRUE
"2020-07-21",85.483,FALSE,NA,NA,"<= day","daily",NA,2,TRUE
"2020-07-22",85.858,FALSE,NA,NA,"<= day","daily",NA,2,TRUE
"2020-07-23",86.213,FALSE,NA,NA,"<= day","daily",NA,2,TRUE
"2020-07-24",86.358,FALSE,NA,NA,"<= day","daily",NA,2,TRUE
"2020-07-25",86.617,FALSE,NA,NA,"<= day","daily",NA,2,TRUE
"2020-07-26",86.746,FALSE,NA,NA,"<= day","daily",NA,2,TRUE
"2020-07-27",87.067,FALSE,NA,NA,"<= day","daily",NA,2,TRUE
"2020-07-28",87,FALSE,NA,NA,"<= day","daily",NA,2,TRUE
"2020-07-29",87.033,FALSE,NA,NA,"<= day","daily",NA,2,TRUE
"2020-07-30",87.029,FALSE,NA,NA,"<= day","daily",NA,2,TRUE
"2020-07-31",87.192,FALSE,NA,NA,"<= day","daily",NA,2,TRUE
"2020-08-01",87.1,FALSE,NA,NA,"<= day","daily",NA,2,TRUE
"2020-08-02",87.192,FALSE,NA,NA,"<= day","daily",NA,2,TRUE
"2020-08-03",87.05,FALSE,NA,NA,"<= day","daily",NA,2,TRUE
"2020-08-04",87.583,FALSE,NA,NA,"<= day","daily",NA,2,TRUE
"2020-08-05",88.638,FALSE,NA,NA,"<= day","daily",NA,2,TRUE
"2020-08-06",90.554,FALSE,NA,NA,"<= day","daily",NA,2,TRUE
"2020-08-07",92.575,FALSE,NA,NA,"<= day","daily",NA,2,TRUE
"2020-08-08",93.938,FALSE,NA,NA,"<= day","daily",NA,2,TRUE
"2020-08-09",94.921,FALSE,NA,NA,"<= day","daily",NA,2,TRUE
"2020-08-10",95.388,FALSE,NA,NA,"<= day","daily",NA,2,TRUE
"2020-08-11",95.654,FALSE,NA,NA,"<= day","daily",NA,2,TRUE
"2020-08-12",95.658,FALSE,NA,NA,"<= day","daily",NA,2,TRUE
"2020-08-13",95.533,FALSE,NA,NA,"<= day","daily",NA,2,TRUE
"2020-08-14",95.429,FALSE,NA,NA,"<= day","daily",NA,2,TRUE
"2020-08-15",95.008,FALSE,NA,NA,"<= day","daily",NA,2,TRUE
"2020-08-16",94.954,FALSE,NA,NA,"<= day","daily",NA,2,TRUE
"2020-08-17",94.579,FALSE,NA,NA,"<= day","daily",NA,2,TRUE
"2020-08-18",94.142,FALSE,NA,NA,"<= day","daily",NA,2,TRUE
"2020-08-19",94.125,FALSE,NA,NA,"<= day","daily",NA,2,TRUE
"2020-08-20",93.917,FALSE,NA,NA,"<= day","daily",NA,2,TRUE
"2020-08-21",93.708,FALSE,NA,NA,"<= day","daily",NA,2,TRUE
"2020-08-22",93.533,FALSE,NA,NA,"<= day","daily",NA,2,TRUE
"2020-08-23",93.296,FALSE,NA,NA,"<= day","daily",NA,2,TRUE
"2020-08-24",93.312,FALSE,NA,NA,"<= day","daily",NA,2,TRUE
"2020-08-25",92.912,FALSE,NA,NA,"<= day","daily",NA,2,TRUE
"2020-08-26",92.838,FALSE,NA,NA,"<= day","daily",NA,2,TRUE
"2020-08-27",93,FALSE,NA,NA,"<= day","daily",NA,2,TRUE
"2020-08-28",92.579,FALSE,NA,NA,"<= day","daily",NA,2,TRUE
"2020-08-29",92.488,FALSE,NA,NA,"<= day","daily",NA,2,TRUE
"2020-08-30",92.512,FALSE,NA,NA,"<= day","daily",NA,2,TRUE
"2020-08-31",92.338,FALSE,NA,NA,"<= day","daily",NA,2,TRUE
"2020-09-01",92.658,FALSE,NA,NA,"<= day","daily",NA,2,TRUE
"2020-09-02",92.792,FALSE,NA,NA,"<= day","daily",NA,2,TRUE
"2020-09-03",92.967,FALSE,NA,NA,"<= day","daily",NA,2,TRUE
"2020-09-04",93.033,FALSE,NA,NA,"<= day","daily",NA,2,TRUE
"2020-09-05",93.254,FALSE,NA,NA,"<= day","daily",NA,2,TRUE
"2020-09-06",93.179,FALSE,NA,NA,"<= day","daily",NA,2,TRUE
"2020-09-07",93.325,FALSE,NA,NA,"<= day","daily",NA,2,TRUE
"2020-09-08",93.275,FALSE,NA,NA,"<= day","daily",NA,2,TRUE
"2020-09-09",93.875,FALSE,NA,NA,"<= day","daily",NA,2,TRUE
"2020-09-10",93.904,FALSE,NA,NA,"<= day","daily",NA,2,TRUE
"2020-09-11",94.208,FALSE,NA,NA,"<= day","daily",NA,2,TRUE
"2020-09-12",94.304,FALSE,NA,NA,"<= day","daily",NA,2,TRUE
"2020-09-13",93.971,FALSE,NA,NA,"<= day","daily",NA,2,TRUE
"2020-09-14",93.792,FALSE,NA,NA,"<= day","daily",NA,2,TRUE
"2020-09-15",93.333,FALSE,NA,NA,"<= day","daily",NA,2,TRUE
"2020-09-16",93.229,FALSE,NA,NA,"<= day","daily",NA,2,TRUE
"2020-09-17",93.017,FALSE,NA,NA,"<= day","daily",NA,2,TRUE
"2020-09-18",92.642,FALSE,NA,NA,"<= day","daily",NA,2,TRUE
"2020-09-19",92.192,FALSE,NA,NA,"<= day","daily",NA,2,TRUE
"2020-09-20",91.988,FALSE,NA,NA,"<= day","daily",NA,2,TRUE
"2020-09-21",91.592,FALSE,NA,NA,"<= day","daily",NA,2,TRUE
"2020-09-22",91.362,FALSE,NA,NA,"<= day","daily",NA,2,TRUE
"2020-09-23",90.888,FALSE,NA,NA,"<= day","daily",NA,2,TRUE
"2020-09-24",90.596,FALSE,NA,NA,"<= day","daily",NA,2,TRUE
"2020-09-25",90.25,FALSE,NA,NA,"<= day","daily",NA,2,TRUE
"2020-09-26",89.979,FALSE,NA,NA,"<= day","daily",NA,2,TRUE
"2020-09-27",90.242,FALSE,NA,NA,"<= day","daily",NA,2,TRUE
"2020-09-28",90.2,FALSE,NA,NA,"<= day","daily",NA,2,TRUE
"2020-09-29",90.371,FALSE,NA,NA,"<= day","daily",NA,2,TRUE
"2020-09-30",90.638,FALSE,NA,NA,"<= day","daily",NA,2,TRUE
"2020-10-01",90.771,FALSE,NA,NA,"<= day","daily",NA,2,TRUE
"2020-10-02",91.2,FALSE,NA,NA,"<= day","daily",NA,2,TRUE
"2020-10-03",91.562,FALSE,NA,NA,"<= day","daily",NA,2,TRUE
"2020-10-04",91.729,FALSE,NA,NA,"<= day","daily",NA,2,TRUE
"2020-10-05",91.95,FALSE,NA,NA,"<= day","daily",NA,2,TRUE
"2020-10-06",91.771,FALSE,NA,NA,"<= day","daily",NA,2,TRUE
"2020-10-07",91.533,FALSE,NA,NA,"<= day","daily",NA,2,TRUE
"2020-10-08",91.654,FALSE,NA,NA,"<= day","daily",NA,2,TRUE
"2020-10-09",91.129,FALSE,NA,NA,"<= day","daily",NA,2,TRUE
"2020-10-10",90.917,FALSE,NA,NA,"<= day","daily",NA,2,TRUE
"2020-10-11",90.492,FALSE,NA,NA,"<= day","daily",NA,2,TRUE
"2020-10-12",90.329,FALSE,NA,NA,"<= day","daily",NA,2,TRUE
"2020-10-13",90.012,FALSE,NA,NA,"<= day","daily",NA,2,TRUE
"2020-10-14",89.808,FALSE,NA,NA,"<= day","daily",NA,2,TRUE
"2020-10-15",89.671,FALSE,NA,NA,"<= day","daily",NA,2,TRUE
"2020-10-16",89.392,FALSE,NA,NA,"<= day","daily",NA,2,TRUE
"2020-10-17",89.229,FALSE,NA,NA,"<= day","daily",NA,2,TRUE
"2020-10-18",89.117,FALSE,NA,NA,"<= day","daily",NA,2,TRUE
"2020-10-19",89.096,FALSE,NA,NA,"<= day","daily",NA,2,TRUE
"2020-10-20",88.929,FALSE,NA,NA,"<= day","daily",NA,2,TRUE
"2020-10-21",88.833,FALSE,NA,NA,"<= day","daily",NA,2,TRUE
"2020-10-22",88.5,FALSE,NA,NA,"<= day","daily",NA,2,TRUE
"2020-10-23",88.708,FALSE,NA,NA,"<= day","daily",NA,2,TRUE
"2020-10-24",88.442,FALSE,NA,NA,"<= day","daily",NA,2,TRUE
"2020-10-25",88.417,FALSE,NA,NA,"<= day","daily",NA,2,TRUE
"2020-10-26",88.287,FALSE,NA,NA,"<= day","daily",NA,2,TRUE
"2020-10-27",88.217,FALSE,NA,NA,"<= day","daily",NA,2,TRUE
"2020-10-28",88.05,FALSE,NA,NA,"<= day","daily",NA,2,TRUE
"2020-10-29",88.037,FALSE,NA,NA,"<= day","daily",NA,2,TRUE
"2020-10-30",87.958,FALSE,NA,NA,"<= day","daily",NA,2,TRUE
"2020-10-31",88.104,FALSE,NA,NA,"<= day","daily",NA,2,TRUE
"2020-11-01",88.375,FALSE,NA,NA,"<= day","daily",NA,2,TRUE
"2020-11-02",88.475,FALSE,NA,NA,"<= day","daily",NA,2,TRUE
"2020-11-03",89.029,FALSE,NA,NA,"<= day","daily",NA,2,TRUE
"2020-11-04",88.625,FALSE,NA,NA,"<= day","daily",NA,2,TRUE
"2020-11-05",88.621,FALSE,NA,NA,"<= day","daily",NA,2,TRUE
"2020-11-06",88.383,FALSE,NA,NA,"<= day","daily",NA,2,TRUE
"2020-11-07",88.287,FALSE,NA,NA,"<= day","daily",NA,2,TRUE
"2020-11-08",87.85,FALSE,NA,NA,"<= day","daily",NA,2,TRUE
"2020-11-09",87.525,FALSE,NA,NA,"<= day","daily",NA,2,TRUE
"2020-11-10",87.179,FALSE,NA,NA,"<= day","daily",NA,2,TRUE
"2020-11-11",86.912,FALSE,NA,NA,"<= day","daily",NA,2,TRUE
"2020-11-12",86.938,FALSE,NA,NA,"<= day","daily",NA,2,TRUE
"2020-11-13",86.129,FALSE,NA,NA,"<= day","daily",NA,2,TRUE
"2020-11-14",85.825,FALSE,NA,NA,"<= day","daily",NA,2,TRUE
"2020-11-15",85.562,FALSE,NA,NA,"<= day","daily",NA,2,TRUE
"2020-11-16",85.367,FALSE,NA,NA,"<= day","daily",NA,2,TRUE
"2020-11-17",84.833,FALSE,NA,NA,"<= day","daily",NA,2,TRUE
"2020-11-18",84.367,FALSE,NA,NA,"<= day","daily",NA,2,TRUE
"2020-11-19",84.213,FALSE,NA,NA,"<= day","daily",NA,2,TRUE
"2020-11-20",83.938,FALSE,NA,NA,"<= day","daily",NA,2,TRUE
"2020-11-21",83.438,FALSE,NA,NA,"<= day","daily",NA,2,TRUE
"2020-11-22",83.133,FALSE,NA,NA,"<= day","daily",NA,2,TRUE
"2020-11-23",82.75,FALSE,NA,NA,"<= day","daily",NA,2,TRUE
"2020-11-24",82.425,FALSE,NA,NA,"<= day","daily",NA,2,TRUE
"2020-11-25",82.117,FALSE,NA,NA,"<= day","daily",NA,2,TRUE
"2020-11-26",81.862,FALSE,NA,NA,"<= day","daily",NA,2,TRUE
"2020-11-27",81.404,FALSE,NA,NA,"<= day","daily",NA,2,TRUE
"2020-11-28",81.2,FALSE,NA,NA,"<= day","daily",NA,2,TRUE
"2020-11-29",80.762,FALSE,NA,NA,"<= day","daily",NA,2,TRUE
"2020-11-30",80.608,FALSE,NA,NA,"<= day","daily",NA,2,TRUE
"2020-12-01",80.329,FALSE,NA,NA,"<= day","daily",NA,2,TRUE
"2020-12-02",79.929,FALSE,NA,NA,"<= day","daily",NA,2,TRUE
"2020-12-03",79.867,FALSE,NA,NA,"<= day","daily",NA,2,TRUE
"2020-12-04",79.362,FALSE,NA,NA,"<= day","daily",NA,2,TRUE
"2020-12-05",78.963,FALSE,NA,NA,"<= day","daily",NA,2,TRUE
"2020-12-06",78.792,FALSE,NA,NA,"<= day","daily",NA,2,TRUE
"2020-12-07",78.367,FALSE,NA,NA,"<= day","daily",NA,2,TRUE
"2020-12-08",78.408,FALSE,NA,NA,"<= day","daily",NA,2,TRUE
"2020-12-09",77.975,FALSE,NA,NA,"<= day","daily",NA,2,TRUE
"2020-12-10",77.733,FALSE,NA,NA,"<= day","daily",NA,2,TRUE
"2020-12-11",77.529,FALSE,NA,NA,"<= day","daily",NA,2,TRUE
"2020-12-12",77.338,FALSE,NA,NA,"<= day","daily",NA,2,TRUE
"2020-12-13",76.783,FALSE,NA,NA,"<= day","daily",NA,2,TRUE
"2020-12-14",76.662,FALSE,NA,NA,"<= day","daily",NA,2,TRUE
"2020-12-15",76.512,FALSE,NA,NA,"<= day","daily",NA,2,TRUE
"2020-12-16",76.225,FALSE,NA,NA,"<= day","daily",NA,2,TRUE
"2020-12-17",76.225,FALSE,NA,NA,"<= day","daily",NA,2,TRUE
"2020-12-18",75.713,FALSE,NA,NA,"<= day","daily",NA,2,TRUE
"2020-12-19",75.588,FALSE,NA,NA,"<= day","daily",NA,2,TRUE
"2020-12-20",75.429,FALSE,NA,NA,"<= day","daily",NA,2,TRUE
"2020-12-21",74.95,FALSE,NA,NA,"<= day","daily",NA,2,TRUE
"2020-12-22",74.833,FALSE,NA,NA,"<= day","daily",NA,2,TRUE
"2020-12-23",74.425,FALSE,NA,NA,"<= day","daily",NA,2,TRUE
"2020-12-24",74.396,FALSE,NA,NA,"<= day","daily",NA,2,TRUE
"2020-12-25",74.15,FALSE,NA,NA,"<= day","daily",NA,2,TRUE
"2020-12-26",73.762,FALSE,NA,NA,"<= day","daily",NA,2,TRUE
"2020-12-27",73.771,FALSE,NA,NA,"<= day","daily",NA,2,TRUE
"2020-12-28",73.454,FALSE,NA,NA,"<= day","daily",NA,2,TRUE
"2020-12-29",73.275,FALSE,NA,NA,"<= day","daily",NA,2,TRUE
"2020-12-30",72.938,FALSE,NA,NA,"<= day","daily",NA,2,TRUE
"2020-12-31",72.758,FALSE,NA,NA,"<= day","daily",NA,2,TRUE
