"date","discharge","qc_flag","qc_type","qc_detect_method","temp_res","temp_res_dom","dq_issue","cpd_segment_id","cpd_segment_main"
"2004-07-31",895,FALSE,NA,NA,"<= day","daily",NA,NA,NA
"2004-08-01",776,FALSE,NA,NA,"<= day","daily",NA,NA,NA
"2004-08-02",776,FALSE,NA,NA,"<= day","daily",NA,NA,NA
"2004-08-03",776,FALSE,NA,NA,"<= day","daily",NA,NA,NA
"2004-08-04",742,FALSE,NA,NA,"<= day","daily",NA,NA,NA
"2004-08-05",742,FALSE,NA,NA,"<= day","daily",NA,NA,NA
"2004-08-06",742,FALSE,NA,NA,"<= day","daily",NA,NA,NA
"2004-08-07",2619,FALSE,NA,NA,"<= day","daily",NA,NA,NA
"2004-08-08",4172,FALSE,NA,NA,"<= day","daily",NA,NA,NA
"2004-08-09",2832,FALSE,NA,NA,"<= day","daily",NA,NA,NA
"2004-08-10",3287,FALSE,NA,NA,"<= day","daily",NA,NA,NA
"2004-08-11",2317,FALSE,NA,NA,"<= day","daily",NA,NA,NA
"2004-08-12",2128,FALSE,NA,NA,"<= day","daily",NA,NA,NA
"2004-08-13",1949,FALSE,NA,NA,"<= day","daily",NA,NA,NA
"2004-08-14",2221,FALSE,NA,NA,"<= day","daily",NA,NA,NA
"2004-08-15",2128,FALSE,NA,NA,"<= day","daily",NA,NA,NA
"2004-08-16",2037,FALSE,NA,NA,"<= day","daily",NA,NA,NA
"2004-08-17",1949,FALSE,NA,NA,"<= day","daily",NA,NA,NA
"2004-08-18",1780,FALSE,NA,NA,"<= day","daily",NA,NA,NA
"2004-08-19",1622,FALSE,NA,NA,"<= day","daily",NA,NA,NA
"2004-08-20",1272,FALSE,NA,NA,"<= day","daily",NA,NA,NA
"2004-08-21",1546,FALSE,NA,NA,"<= day","daily",NA,NA,NA
"2004-08-22",1404,FALSE,NA,NA,"<= day","daily",NA,NA,NA
"2004-08-23",1272,FALSE,NA,NA,"<= day","daily",NA,NA,NA
"2004-08-24",1210,FALSE,NA,NA,"<= day","daily",NA,NA,NA
"2004-08-25",1094,FALSE,NA,NA,"<= day","daily",NA,NA,NA
"2004-08-26",2516,FALSE,NA,NA,"<= day","daily",NA,NA,NA
"2004-08-27",3055,FALSE,NA,NA,"<= day","daily",NA,NA,NA
"2004-08-28",2317,FALSE,NA,NA,"<= day","daily",NA,NA,NA
"2004-08-29",2037,FALSE,NA,NA,"<= day","daily",NA,NA,NA
"2004-08-30",1949,FALSE,NA,NA,"<= day","daily",NA,NA,NA
"2004-08-31",1780,FALSE,NA,NA,"<= day","daily",NA,NA,NA
"2004-09-01",1546,FALSE,NA,NA,"<= day","daily",NA,NA,NA
"2004-09-02",1474,FALSE,NA,NA,"<= day","daily",NA,NA,NA
"2004-09-03",1404,FALSE,NA,NA,"<= day","daily",NA,NA,NA
"2004-09-04",1272,FALSE,NA,NA,"<= day","daily",NA,NA,NA
"2004-09-05",1272,FALSE,NA,NA,"<= day","daily",NA,NA,NA
"2004-09-06",1210,FALSE,NA,NA,"<= day","daily",NA,NA,NA
"2004-09-07",1094,FALSE,NA,NA,"<= day","daily",NA,NA,NA
"2004-09-08",1040,FALSE,NA,NA,"<= day","daily",NA,NA,NA
"2004-09-09",941,FALSE,NA,NA,"<= day","daily",NA,NA,NA
"2004-09-10",895,FALSE,NA,NA,"<= day","daily",NA,NA,NA
"2004-09-11",813,FALSE,NA,NA,"<= day","daily",NA,NA,NA
"2004-09-12",776,FALSE,NA,NA,"<= day","daily",NA,NA,NA
"2004-09-13",776,FALSE,NA,NA,"<= day","daily",NA,NA,NA
"2004-09-14",742,FALSE,NA,NA,"<= day","daily",NA,NA,NA
"2004-09-15",711,FALSE,NA,NA,"<= day","daily",NA,NA,NA
"2004-09-16",1272,FALSE,NA,NA,"<= day","daily",NA,NA,NA
"2004-09-17",989,FALSE,NA,NA,"<= day","daily",NA,NA,NA
"2004-09-18",1040,FALSE,NA,NA,"<= day","daily",NA,NA,NA
"2004-09-19",852,FALSE,NA,NA,"<= day","daily",NA,NA,NA
"2004-09-20",657,FALSE,NA,NA,"<= day","daily",NA,NA,NA
"2004-09-21",635,FALSE,NA,NA,"<= day","daily",NA,NA,NA
"2004-09-22",635,FALSE,NA,NA,"<= day","daily",NA,NA,NA
"2004-09-23",635,FALSE,NA,NA,"<= day","daily",NA,NA,NA
"2004-09-24",2943,FALSE,NA,NA,"<= day","daily",NA,NA,NA
"2004-09-25",8343,FALSE,NA,NA,"<= day","daily",NA,NA,NA
"2004-09-26",3779,FALSE,NA,NA,"<= day","daily",NA,NA,NA
"2004-09-27",2724,FALSE,NA,NA,"<= day","daily",NA,NA,NA
"2004-09-28",2415,FALSE,NA,NA,"<= day","daily",NA,NA,NA
"2004-09-29",2221,FALSE,NA,NA,"<= day","daily",NA,NA,NA
"2004-09-30",2128,FALSE,NA,NA,"<= day","daily",NA,NA,NA
"2004-10-01",2128,FALSE,NA,NA,"<= day","daily",NA,NA,NA
"2004-10-02",2724,FALSE,NA,NA,"<= day","daily",NA,NA,NA
"2004-10-03",2619,FALSE,NA,NA,"<= day","daily",NA,NA,NA
"2004-10-04",2317,FALSE,NA,NA,"<= day","daily",NA,NA,NA
"2004-10-05",2221,FALSE,NA,NA,"<= day","daily",NA,NA,NA
"2004-10-06",2128,FALSE,NA,NA,"<= day","daily",NA,NA,NA
"2004-10-07",2037,FALSE,NA,NA,"<= day","daily",NA,NA,NA
"2004-10-08",1949,FALSE,NA,NA,"<= day","daily",NA,NA,NA
"2004-10-09",1949,FALSE,NA,NA,"<= day","daily",NA,NA,NA
"2004-10-10",6585,FALSE,NA,NA,"<= day","daily",NA,NA,NA
"2004-10-11",19843,FALSE,NA,NA,"<= day","daily",NA,NA,NA
"2004-10-12",6585,FALSE,NA,NA,"<= day","daily",NA,NA,NA
"2004-10-13",4172,FALSE,NA,NA,"<= day","daily",NA,NA,NA
"2004-10-14",3653,FALSE,NA,NA,"<= day","daily",NA,NA,NA
"2004-10-15",5313,FALSE,NA,NA,"<= day","daily",NA,NA,NA
"2004-10-16",14803,FALSE,NA,NA,"<= day","daily",NA,NA,NA
"2004-10-17",32915,FALSE,NA,NA,"<= day","daily",NA,NA,NA
"2004-10-18",29986,FALSE,NA,NA,"<= day","daily",NA,NA,NA
"2004-10-19",9677,FALSE,NA,NA,"<= day","daily",NA,NA,NA
"2004-10-20",5465,FALSE,NA,NA,"<= day","daily",NA,NA,NA
"2004-10-21",4172,FALSE,NA,NA,"<= day","daily",NA,NA,NA
"2004-10-22",3529,FALSE,NA,NA,"<= day","daily",NA,NA,NA
"2004-10-23",3529,FALSE,NA,NA,"<= day","daily",NA,NA,NA
"2004-10-24",3287,FALSE,NA,NA,"<= day","daily",NA,NA,NA
"2004-10-25",3170,FALSE,NA,NA,"<= day","daily",NA,NA,NA
"2004-10-26",2943,FALSE,NA,NA,"<= day","daily",NA,NA,NA
"2004-10-27",2832,FALSE,NA,NA,"<= day","daily",NA,NA,NA
"2004-10-28",2619,FALSE,NA,NA,"<= day","daily",NA,NA,NA
"2004-10-29",2516,FALSE,NA,NA,"<= day","daily",NA,NA,NA
"2004-10-30",3529,FALSE,NA,NA,"<= day","daily",NA,NA,NA
"2004-10-31",33712,FALSE,NA,NA,"<= day","daily",NA,NA,NA
"2004-11-01",16434,FALSE,NA,NA,"<= day","daily",NA,NA,NA
"2004-11-02",6752,FALSE,NA,NA,"<= day","daily",NA,NA,NA
"2004-11-03",5015,FALSE,NA,NA,"<= day","daily",NA,NA,NA
"2004-11-04",4172,FALSE,NA,NA,"<= day","daily",NA,NA,NA
"2004-11-05",3779,FALSE,NA,NA,"<= day","daily",NA,NA,NA
"2004-11-06",3407,FALSE,NA,NA,"<= day","daily",NA,NA,NA
"2004-11-07",4444,FALSE,NA,NA,"<= day","daily",NA,NA,NA
"2004-11-08",4444,FALSE,NA,NA,"<= day","daily",NA,NA,NA
"2004-11-09",4172,FALSE,NA,NA,"<= day","daily",NA,NA,NA
"2004-11-10",4444,FALSE,NA,NA,"<= day","daily",NA,NA,NA
"2004-11-11",11296,FALSE,NA,NA,"<= day","daily",NA,NA,NA
"2004-11-12",7797,FALSE,NA,NA,"<= day","daily",NA,NA,NA
"2004-11-13",6093,FALSE,NA,NA,"<= day","daily",NA,NA,NA
"2004-11-14",5933,FALSE,NA,NA,"<= day","daily",NA,NA,NA
"2004-11-15",5313,FALSE,NA,NA,"<= day","daily",NA,NA,NA
"2004-11-16",4584,FALSE,NA,NA,"<= day","daily",NA,NA,NA
"2004-11-17",4039,FALSE,NA,NA,"<= day","daily",NA,NA,NA
"2004-11-18",3653,FALSE,NA,NA,"<= day","daily",NA,NA,NA
"2004-11-19",3529,FALSE,NA,NA,"<= day","daily",NA,NA,NA
"2004-11-20",3287,FALSE,NA,NA,"<= day","daily",NA,NA,NA
"2004-11-21",2943,FALSE,NA,NA,"<= day","daily",NA,NA,NA
"2004-11-22",2832,FALSE,NA,NA,"<= day","daily",NA,NA,NA
"2004-11-23",2724,FALSE,NA,NA,"<= day","daily",NA,NA,NA
"2004-11-24",2619,FALSE,NA,NA,"<= day","daily",NA,NA,NA
"2004-11-25",2415,FALSE,NA,NA,"<= day","daily",NA,NA,NA
"2004-11-26",2415,FALSE,NA,NA,"<= day","daily",NA,NA,NA
"2004-11-27",2317,FALSE,NA,NA,"<= day","daily",NA,NA,NA
"2004-11-28",2221,FALSE,NA,NA,"<= day","daily",NA,NA,NA
"2004-11-29",2221,FALSE,NA,NA,"<= day","daily",NA,NA,NA
"2004-11-30",2128,FALSE,NA,NA,"<= day","daily",NA,NA,NA
"2004-12-01",3653,FALSE,NA,NA,"<= day","daily",NA,NA,NA
"2004-12-02",4307,FALSE,NA,NA,"<= day","daily",NA,NA,NA
"2004-12-03",4307,FALSE,NA,NA,"<= day","daily",NA,NA,NA
"2004-12-04",4039,FALSE,NA,NA,"<= day","daily",NA,NA,NA
"2004-12-05",3908,FALSE,NA,NA,"<= day","daily",NA,NA,NA
"2004-12-06",4307,FALSE,NA,NA,"<= day","daily",NA,NA,NA
"2004-12-07",4444,FALSE,NA,NA,"<= day","daily",NA,NA,NA
"2004-12-08",4172,FALSE,NA,NA,"<= day","daily",NA,NA,NA
"2004-12-09",3779,FALSE,NA,NA,"<= day","daily",NA,NA,NA
"2004-12-10",3529,FALSE,NA,NA,"<= day","daily",NA,NA,NA
"2004-12-11",3287,FALSE,NA,NA,"<= day","daily",NA,NA,NA
"2004-12-12",2943,FALSE,NA,NA,"<= day","daily",NA,NA,NA
"2004-12-13",2832,FALSE,NA,NA,"<= day","daily",NA,NA,NA
"2004-12-14",2619,FALSE,NA,NA,"<= day","daily",NA,NA,NA
"2004-12-15",2516,FALSE,NA,NA,"<= day","daily",NA,NA,NA
"2004-12-16",2415,FALSE,NA,NA,"<= day","daily",NA,NA,NA
"2004-12-17",2415,FALSE,NA,NA,"<= day","daily",NA,NA,NA
"2004-12-18",2317,FALSE,NA,NA,"<= day","daily",NA,NA,NA
"2004-12-19",2221,FALSE,NA,NA,"<= day","daily",NA,NA,NA
"2004-12-20",2037,FALSE,NA,NA,"<= day","daily",NA,NA,NA
"2004-12-21",1863,FALSE,NA,NA,"<= day","daily",NA,NA,NA
"2004-12-22",1780,FALSE,NA,NA,"<= day","daily",NA,NA,NA
"2004-12-23",1780,FALSE,NA,NA,"<= day","daily",NA,NA,NA
"2004-12-24",1780,FALSE,NA,NA,"<= day","daily",NA,NA,NA
"2004-12-25",1700,FALSE,NA,NA,"<= day","daily",NA,NA,NA
"2004-12-26",2128,FALSE,NA,NA,"<= day","daily",NA,NA,NA
"2004-12-27",10073,FALSE,NA,NA,"<= day","daily",NA,NA,NA
"2004-12-28",24181,FALSE,NA,NA,"<= day","daily",NA,NA,NA
"2004-12-29",12789,FALSE,NA,NA,"<= day","daily",NA,NA,NA
"2004-12-30",6922,FALSE,NA,NA,"<= day","daily",NA,NA,NA
"2004-12-31",5313,FALSE,NA,NA,"<= day","daily",NA,NA,NA
"2005-01-01",4510,FALSE,NA,NA,"<= day","daily",NA,NA,NA
"2005-01-02",3996,FALSE,NA,NA,"<= day","daily",NA,NA,NA
"2005-01-03",3577,FALSE,NA,NA,"<= day","daily",NA,NA,NA
"2005-01-04",3238,FALSE,NA,NA,"<= day","daily",NA,NA,NA
"2005-01-05",3042,FALSE,NA,NA,"<= day","daily",NA,NA,NA
"2005-01-06",2846,FALSE,NA,NA,"<= day","daily",NA,NA,NA
"2005-01-07",2654,FALSE,NA,NA,"<= day","daily",NA,NA,NA
"2005-01-08",2589,FALSE,NA,NA,"<= day","daily",NA,NA,NA
"2005-01-09",2478,FALSE,NA,NA,"<= day","daily",NA,NA,NA
"2005-01-10",2346,FALSE,NA,NA,"<= day","daily",NA,NA,NA
"2005-01-11",2289,FALSE,NA,NA,"<= day","daily",NA,NA,NA
"2005-01-12",2213,FALSE,NA,NA,"<= day","daily",NA,NA,NA
"2005-01-13",2132,FALSE,NA,NA,"<= day","daily",NA,NA,NA
"2005-01-14",2060,FALSE,NA,NA,"<= day","daily",NA,NA,NA
"2005-01-15",1964,FALSE,NA,NA,"<= day","daily",NA,NA,NA
"2005-01-16",1860,FALSE,NA,NA,"<= day","daily",NA,NA,NA
"2005-01-17",1780,FALSE,NA,NA,"<= day","daily",NA,NA,NA
"2005-01-18",1780,FALSE,NA,NA,"<= day","daily",NA,NA,NA
"2005-01-19",1791,FALSE,NA,NA,"<= day","daily",NA,NA,NA
"2005-01-20",1569,FALSE,NA,NA,"<= day","daily",NA,NA,NA
"2005-01-21",1622,FALSE,NA,NA,"<= day","daily",NA,NA,NA
"2005-01-22",1531,FALSE,NA,NA,"<= day","daily",NA,NA,NA
"2005-01-23",1451,FALSE,NA,NA,"<= day","daily",NA,NA,NA
"2005-01-24",1404,FALSE,NA,NA,"<= day","daily",NA,NA,NA
"2005-01-25",1373,FALSE,NA,NA,"<= day","daily",NA,NA,NA
"2005-01-26",1336,FALSE,NA,NA,"<= day","daily",NA,NA,NA
"2005-01-27",1401,FALSE,NA,NA,"<= day","daily",NA,NA,NA
"2005-01-28",1127,FALSE,NA,NA,"<= day","daily",NA,NA,NA
"2005-01-29",1122,FALSE,NA,NA,"<= day","daily",NA,NA,NA
"2005-01-30",1058,FALSE,NA,NA,"<= day","daily",NA,NA,NA
"2005-01-31",1040,FALSE,NA,NA,"<= day","daily",NA,NA,NA
"2005-02-01",1040,FALSE,NA,NA,"<= day","daily",NA,NA,NA
"2005-02-02",1000,FALSE,NA,NA,"<= day","daily",NA,NA,NA
"2005-02-03",959,FALSE,NA,NA,"<= day","daily",NA,NA,NA
"2005-02-04",910,FALSE,NA,NA,"<= day","daily",NA,NA,NA
"2005-02-05",888,FALSE,NA,NA,"<= day","daily",NA,NA,NA
"2005-02-06",852,FALSE,NA,NA,"<= day","daily",NA,NA,NA
"2005-02-07",818,FALSE,NA,NA,"<= day","daily",NA,NA,NA
"2005-02-08",802,FALSE,NA,NA,"<= day","daily",NA,NA,NA
"2005-02-09",776,FALSE,NA,NA,"<= day","daily",NA,NA,NA
"2005-02-10",776,FALSE,NA,NA,"<= day","daily",NA,NA,NA
"2005-02-11",785,FALSE,NA,NA,"<= day","daily",NA,NA,NA
"2005-02-12",833,FALSE,NA,NA,"<= day","daily",NA,NA,NA
"2005-02-13",3603,FALSE,NA,NA,"<= day","daily",NA,NA,NA
"2005-02-14",4003,FALSE,NA,NA,"<= day","daily",NA,NA,NA
"2005-02-15",3124,FALSE,NA,NA,"<= day","daily",NA,NA,NA
"2005-02-16",2699,FALSE,NA,NA,"<= day","daily",NA,NA,NA
"2005-02-17",2445,FALSE,NA,NA,"<= day","daily",NA,NA,NA
"2005-02-18",2317,FALSE,NA,NA,"<= day","daily",NA,NA,NA
"2005-02-19",2313,FALSE,NA,NA,"<= day","daily",NA,NA,NA
"2005-02-20",2221,FALSE,NA,NA,"<= day","daily",NA,NA,NA
"2005-02-21",2175,FALSE,NA,NA,"<= day","daily",NA,NA,NA
"2005-02-22",2117,FALSE,NA,NA,"<= day","daily",NA,NA,NA
"2005-02-23",2033,FALSE,NA,NA,"<= day","daily",NA,NA,NA
"2005-02-24",1978,FALSE,NA,NA,"<= day","daily",NA,NA,NA
"2005-02-25",2037,FALSE,NA,NA,"<= day","daily",NA,NA,NA
"2005-02-26",1982,FALSE,NA,NA,"<= day","daily",NA,NA,NA
"2005-02-27",2030,FALSE,NA,NA,"<= day","daily",NA,NA,NA
"2005-02-28",1913,FALSE,NA,NA,"<= day","daily",NA,NA,NA
"2005-03-01",1863,FALSE,NA,NA,"<= day","daily",NA,NA,NA
"2005-03-02",1863,FALSE,NA,NA,"<= day","daily",NA,NA,NA
"2005-03-03",1804,FALSE,NA,NA,"<= day","daily",NA,NA,NA
"2005-03-04",1787,FALSE,NA,NA,"<= day","daily",NA,NA,NA
"2005-03-05",1780,FALSE,NA,NA,"<= day","daily",NA,NA,NA
"2005-03-06",1717,FALSE,NA,NA,"<= day","daily",NA,NA,NA
"2005-03-07",1625,FALSE,NA,NA,"<= day","daily",NA,NA,NA
"2005-03-08",1536,FALSE,NA,NA,"<= day","daily",NA,NA,NA
"2005-03-09",1604,FALSE,NA,NA,"<= day","daily",NA,NA,NA
"2005-03-10",1661,FALSE,NA,NA,"<= day","daily",NA,NA,NA
"2005-03-11",1740,FALSE,NA,NA,"<= day","daily",NA,NA,NA
"2005-03-12",2941,FALSE,NA,NA,"<= day","daily",NA,NA,NA
"2005-03-13",8613,FALSE,NA,NA,"<= day","daily",NA,NA,NA
"2005-03-14",7172,FALSE,NA,NA,"<= day","daily",NA,NA,NA
"2005-03-15",6510,FALSE,NA,NA,"<= day","daily",NA,NA,NA
"2005-03-16",8700,FALSE,NA,NA,"<= day","daily",NA,NA,NA
"2005-03-17",11441,FALSE,NA,NA,"<= day","daily",NA,NA,NA
"2005-03-18",12538,FALSE,NA,NA,"<= day","daily",NA,NA,NA
"2005-03-19",11519,FALSE,NA,NA,"<= day","daily",NA,NA,NA
"2005-03-20",8658,FALSE,NA,NA,"<= day","daily",NA,NA,NA
"2005-03-21",5977,FALSE,NA,NA,"<= day","daily",NA,NA,NA
"2005-03-22",4740,FALSE,NA,NA,"<= day","daily",NA,NA,NA
"2005-03-23",4090,FALSE,NA,NA,"<= day","daily",NA,NA,NA
"2005-03-24",3914,FALSE,NA,NA,"<= day","daily",NA,NA,NA
"2005-03-25",3838,FALSE,NA,NA,"<= day","daily",NA,NA,NA
"2005-03-26",3591,FALSE,NA,NA,"<= day","daily",NA,NA,NA
"2005-03-27",4047,FALSE,NA,NA,"<= day","daily",NA,NA,NA
"2005-03-28",6940,FALSE,NA,NA,"<= day","daily",NA,NA,NA
"2005-03-29",6268,FALSE,NA,NA,"<= day","daily",NA,NA,NA
"2005-03-30",5402,FALSE,NA,NA,"<= day","daily",NA,NA,NA
"2005-03-31",8258,FALSE,NA,NA,"<= day","daily",NA,NA,NA
"2005-04-01",7757,FALSE,NA,NA,"<= day","daily",NA,NA,NA
"2005-04-02",5887,FALSE,NA,NA,"<= day","daily",NA,NA,NA
"2005-04-03",4812,FALSE,NA,NA,"<= day","daily",NA,NA,NA
"2005-04-04",4185,FALSE,NA,NA,"<= day","daily",NA,NA,NA
"2005-04-05",3743,FALSE,NA,NA,"<= day","daily",NA,NA,NA
"2005-04-06",3397,FALSE,NA,NA,"<= day","daily",NA,NA,NA
"2005-04-07",3194,FALSE,NA,NA,"<= day","daily",NA,NA,NA
"2005-04-08",3018,FALSE,NA,NA,"<= day","daily",NA,NA,NA
"2005-04-09",3016,FALSE,NA,NA,"<= day","daily",NA,NA,NA
"2005-04-10",14584,FALSE,NA,NA,"<= day","daily",NA,NA,NA
"2005-04-11",23308,FALSE,NA,NA,"<= day","daily",NA,NA,NA
"2005-04-12",20240,FALSE,NA,NA,"<= day","daily",NA,NA,NA
"2005-04-13",13537,FALSE,NA,NA,"<= day","daily",NA,NA,NA
"2005-04-14",8284,FALSE,NA,NA,"<= day","daily",NA,NA,NA
"2005-04-15",6147,FALSE,NA,NA,"<= day","daily",NA,NA,NA
"2005-04-16",5042,FALSE,NA,NA,"<= day","daily",NA,NA,NA
"2005-04-17",4423,FALSE,NA,NA,"<= day","daily",NA,NA,NA
"2005-04-18",3915,FALSE,NA,NA,"<= day","daily",NA,NA,NA
"2005-04-19",3484,FALSE,NA,NA,"<= day","daily",NA,NA,NA
"2005-04-20",3209,FALSE,NA,NA,"<= day","daily",NA,NA,NA
"2005-04-21",3008,FALSE,NA,NA,"<= day","daily",NA,NA,NA
"2005-04-22",2774,FALSE,NA,NA,"<= day","daily",NA,NA,NA
"2005-04-23",2654,FALSE,NA,NA,"<= day","daily",NA,NA,NA
"2005-04-24",2537,FALSE,NA,NA,"<= day","daily",NA,NA,NA
"2005-04-25",2517,FALSE,NA,NA,"<= day","daily",NA,NA,NA
"2005-04-26",2953,FALSE,NA,NA,"<= day","daily",NA,NA,NA
"2005-04-27",2707,FALSE,NA,NA,"<= day","daily",NA,NA,NA
"2005-04-28",2546,FALSE,NA,NA,"<= day","daily",NA,NA,NA
"2005-04-29",2415,FALSE,NA,NA,"<= day","daily",NA,NA,NA
"2005-04-30",2337,FALSE,NA,NA,"<= day","daily",NA,NA,NA
"2005-05-01",2285,FALSE,NA,NA,"<= day","daily",NA,NA,NA
"2005-05-02",2198,FALSE,NA,NA,"<= day","daily",NA,NA,NA
"2005-05-03",2117,FALSE,NA,NA,"<= day","daily",NA,NA,NA
"2005-05-04",2045,FALSE,NA,NA,"<= day","daily",NA,NA,NA
"2005-05-05",2273,FALSE,NA,NA,"<= day","daily",NA,NA,NA
"2005-05-06",2416,FALSE,NA,NA,"<= day","daily",NA,NA,NA
"2005-05-07",2225,FALSE,NA,NA,"<= day","daily",NA,NA,NA
"2005-05-08",2479,FALSE,NA,NA,"<= day","daily",NA,NA,NA
"2005-05-09",3122,FALSE,NA,NA,"<= day","daily",NA,NA,NA
"2005-05-10",4180,FALSE,NA,NA,"<= day","daily",NA,NA,NA
"2005-05-11",3774,FALSE,NA,NA,"<= day","daily",NA,NA,NA
"2005-05-12",3817,FALSE,NA,NA,"<= day","daily",NA,NA,NA
"2005-05-13",3459,FALSE,NA,NA,"<= day","daily",NA,NA,NA
"2005-05-14",3146,FALSE,NA,NA,"<= day","daily",NA,NA,NA
"2005-05-15",2879,FALSE,NA,NA,"<= day","daily",NA,NA,NA
"2005-05-16",2667,FALSE,NA,NA,"<= day","daily",NA,NA,NA
"2005-05-17",2516,FALSE,NA,NA,"<= day","daily",NA,NA,NA
"2005-05-18",16050,FALSE,NA,NA,"<= day","daily",NA,NA,NA
"2005-05-19",17907,FALSE,NA,NA,"<= day","daily",NA,NA,NA
"2005-05-20",8496,FALSE,NA,NA,"<= day","daily",NA,NA,NA
"2005-05-21",5423,FALSE,NA,NA,"<= day","daily",NA,NA,NA
"2005-05-22",4288,FALSE,NA,NA,"<= day","daily",NA,NA,NA
"2005-05-23",3644,FALSE,NA,NA,"<= day","daily",NA,NA,NA
"2005-05-24",3171,FALSE,NA,NA,"<= day","daily",NA,NA,NA
"2005-05-25",2837,FALSE,NA,NA,"<= day","daily",NA,NA,NA
"2005-05-26",2645,FALSE,NA,NA,"<= day","daily",NA,NA,NA
"2005-05-27",2487,FALSE,NA,NA,"<= day","daily",NA,NA,NA
"2005-05-28",2358,FALSE,NA,NA,"<= day","daily",NA,NA,NA
"2005-05-29",2237,FALSE,NA,NA,"<= day","daily",NA,NA,NA
"2005-05-30",2147,FALSE,NA,NA,"<= day","daily",NA,NA,NA
"2005-05-31",2267,FALSE,NA,NA,"<= day","daily",NA,NA,NA
"2005-06-01",2223,FALSE,NA,NA,"<= day","daily",NA,NA,NA
"2005-06-02",1893,FALSE,NA,NA,"<= day","daily",NA,NA,NA
"2005-06-03",1780,FALSE,NA,NA,"<= day","daily",NA,NA,NA
"2005-06-04",1720,FALSE,NA,NA,"<= day","daily",NA,NA,NA
"2005-06-05",2239,FALSE,NA,NA,"<= day","daily",NA,NA,NA
"2005-06-06",2199,FALSE,NA,NA,"<= day","daily",NA,NA,NA
"2005-06-07",1964,FALSE,NA,NA,"<= day","daily",NA,NA,NA
"2005-06-08",1870,FALSE,NA,NA,"<= day","daily",NA,NA,NA
"2005-06-09",1701,FALSE,NA,NA,"<= day","daily",NA,NA,NA
"2005-06-10",1722,FALSE,NA,NA,"<= day","daily",NA,NA,NA
"2005-06-11",1642,FALSE,NA,NA,"<= day","daily",NA,NA,NA
"2005-06-12",1546,FALSE,NA,NA,"<= day","daily",NA,NA,NA
"2005-06-13",1422,FALSE,NA,NA,"<= day","daily",NA,NA,NA
"2005-06-14",1304,FALSE,NA,NA,"<= day","daily",NA,NA,NA
"2005-06-15",1293,FALSE,NA,NA,"<= day","daily",NA,NA,NA
"2005-06-16",1583,FALSE,NA,NA,"<= day","daily",NA,NA,NA
"2005-06-17",1367,FALSE,NA,NA,"<= day","daily",NA,NA,NA
"2005-06-18",1200,FALSE,NA,NA,"<= day","daily",NA,NA,NA
"2005-06-19",1251,FALSE,NA,NA,"<= day","daily",NA,NA,NA
"2005-06-20",1085,FALSE,NA,NA,"<= day","daily",NA,NA,NA
"2005-06-21",991,FALSE,NA,NA,"<= day","daily",NA,NA,NA
"2005-06-22",970,FALSE,NA,NA,"<= day","daily",NA,NA,NA
"2005-06-23",914,FALSE,NA,NA,"<= day","daily",NA,NA,NA
"2005-06-24",866,FALSE,NA,NA,"<= day","daily",NA,NA,NA
"2005-06-25",769,FALSE,NA,NA,"<= day","daily",NA,NA,NA
"2005-06-26",820,FALSE,NA,NA,"<= day","daily",NA,NA,NA
"2005-06-27",743,FALSE,NA,NA,"<= day","daily",NA,NA,NA
"2005-06-28",645,FALSE,NA,NA,"<= day","daily",NA,NA,NA
"2005-06-29",620,FALSE,NA,NA,"<= day","daily",NA,NA,NA
"2005-06-30",760,FALSE,NA,NA,"<= day","daily",NA,NA,NA
"2005-07-01",773,FALSE,NA,NA,"<= day","daily",NA,NA,NA
"2005-07-02",1252,FALSE,NA,NA,"<= day","daily",NA,NA,NA
"2005-07-03",889,FALSE,NA,NA,"<= day","daily",NA,NA,NA
"2005-07-04",713,FALSE,NA,NA,"<= day","daily",NA,NA,NA
"2005-07-05",932,FALSE,NA,NA,"<= day","daily",NA,NA,NA
"2005-07-06",1555,FALSE,NA,NA,"<= day","daily",NA,NA,NA
"2005-07-07",1212,FALSE,NA,NA,"<= day","daily",NA,NA,NA
"2005-07-08",1230,FALSE,NA,NA,"<= day","daily",NA,NA,NA
"2005-07-09",3270,FALSE,NA,NA,"<= day","daily",NA,NA,NA
"2005-07-10",2374,FALSE,NA,NA,"<= day","daily",NA,NA,NA
"2005-07-11",3350,FALSE,NA,NA,"<= day","daily",NA,NA,NA
"2005-07-12",3147,FALSE,NA,NA,"<= day","daily",NA,NA,NA
"2005-07-13",4202,FALSE,NA,NA,"<= day","daily",NA,NA,NA
"2005-07-14",2795,FALSE,NA,NA,"<= day","daily",NA,NA,NA
"2005-07-15",2222,FALSE,NA,NA,"<= day","daily",NA,NA,NA
"2005-07-16",1989,FALSE,NA,NA,"<= day","daily",NA,NA,NA
"2005-07-17",1791,FALSE,NA,NA,"<= day","daily",NA,NA,NA
"2005-07-18",1632,FALSE,NA,NA,"<= day","daily",NA,NA,NA
"2005-07-19",2569,FALSE,NA,NA,"<= day","daily",NA,NA,NA
"2005-07-20",1748,FALSE,NA,NA,"<= day","daily",NA,NA,NA
"2005-07-21",1487,FALSE,NA,NA,"<= day","daily",NA,NA,NA
"2005-07-22",1572,FALSE,NA,NA,"<= day","daily",NA,NA,NA
"2005-07-23",6054,FALSE,NA,NA,"<= day","daily",NA,NA,NA
"2005-07-24",3106,FALSE,NA,NA,"<= day","daily",NA,NA,NA
"2005-07-25",2418,FALSE,NA,NA,"<= day","daily",NA,NA,NA
"2005-07-26",2525,FALSE,NA,NA,"<= day","daily",NA,NA,NA
"2005-07-27",2342,FALSE,NA,NA,"<= day","daily",NA,NA,NA
"2005-07-28",2186,FALSE,NA,NA,"<= day","daily",NA,NA,NA
"2005-07-29",2060,FALSE,NA,NA,"<= day","daily",NA,NA,NA
"2005-07-30",1967,FALSE,NA,NA,"<= day","daily",NA,NA,NA
"2005-07-31",1877,FALSE,NA,NA,"<= day","daily",NA,NA,NA
"2005-08-01",1787,FALSE,NA,NA,"<= day","daily",NA,NA,NA
"2005-08-02",1700,FALSE,NA,NA,"<= day","daily",NA,NA,NA
"2005-08-03",1869,FALSE,NA,NA,"<= day","daily",NA,NA,NA
"2005-08-04",2552,FALSE,NA,NA,"<= day","daily",NA,NA,NA
"2005-08-05",2187,FALSE,NA,NA,"<= day","daily",NA,NA,NA
"2005-08-06",2052,FALSE,NA,NA,"<= day","daily",NA,NA,NA
"2005-08-07",6063,FALSE,NA,NA,"<= day","daily",NA,NA,NA
"2005-08-08",5387,FALSE,NA,NA,"<= day","daily",NA,NA,NA
"2005-08-09",3346,FALSE,NA,NA,"<= day","daily",NA,NA,NA
"2005-08-10",2851,FALSE,NA,NA,"<= day","daily",NA,NA,NA
"2005-08-11",3031,FALSE,NA,NA,"<= day","daily",NA,NA,NA
"2005-08-12",3992,FALSE,NA,NA,"<= day","daily",NA,NA,NA
"2005-08-13",3677,FALSE,NA,NA,"<= day","daily",NA,NA,NA
"2005-08-14",3166,FALSE,NA,NA,"<= day","daily",NA,NA,NA
"2005-08-15",10407,FALSE,NA,NA,"<= day","daily",NA,NA,NA
"2005-08-16",6208,FALSE,NA,NA,"<= day","daily",NA,NA,NA
"2005-08-17",4323,FALSE,NA,NA,"<= day","daily",NA,NA,NA
"2005-08-18",3759,FALSE,NA,NA,"<= day","daily",NA,NA,NA
"2005-08-19",3605,FALSE,NA,NA,"<= day","daily",NA,NA,NA
"2005-08-20",4408,FALSE,NA,NA,"<= day","daily",NA,NA,NA
"2005-08-21",8361,FALSE,NA,NA,"<= day","daily",NA,NA,NA
"2005-08-22",16666,FALSE,NA,NA,"<= day","daily",NA,NA,NA
"2005-08-23",10355,FALSE,NA,NA,"<= day","daily",NA,NA,NA
"2005-08-24",6129,FALSE,NA,NA,"<= day","daily",NA,NA,NA
"2005-08-25",4653,FALSE,NA,NA,"<= day","daily",NA,NA,NA
"2005-08-26",3894,FALSE,NA,NA,"<= day","daily",NA,NA,NA
"2005-08-27",3478,FALSE,NA,NA,"<= day","daily",NA,NA,NA
"2005-08-28",3253,FALSE,NA,NA,"<= day","daily",NA,NA,NA
"2005-08-29",3027,FALSE,NA,NA,"<= day","daily",NA,NA,NA
"2005-08-30",2911,FALSE,NA,NA,"<= day","daily",NA,NA,NA
"2005-08-31",2801,FALSE,NA,NA,"<= day","daily",NA,NA,NA
"2005-09-01",2689,FALSE,NA,NA,"<= day","daily",NA,NA,NA
"2005-09-02",2589,FALSE,NA,NA,"<= day","daily",NA,NA,NA
"2005-09-03",2508,FALSE,NA,NA,"<= day","daily",NA,NA,NA
"2005-09-04",2444,FALSE,NA,NA,"<= day","daily",NA,NA,NA
"2005-09-05",2351,FALSE,NA,NA,"<= day","daily",NA,NA,NA
"2005-09-06",2296,FALSE,NA,NA,"<= day","daily",NA,NA,NA
"2005-09-07",2285,FALSE,NA,NA,"<= day","daily",NA,NA,NA
"2005-09-08",2225,FALSE,NA,NA,"<= day","daily",NA,NA,NA
"2005-09-09",2128,FALSE,NA,NA,"<= day","daily",NA,NA,NA
"2005-09-10",2186,FALSE,NA,NA,"<= day","daily",NA,NA,NA
"2005-09-11",2144,FALSE,NA,NA,"<= day","daily",NA,NA,NA
"2005-09-12",2132,FALSE,NA,NA,"<= day","daily",NA,NA,NA
"2005-09-13",2034,FALSE,NA,NA,"<= day","daily",NA,NA,NA
"2005-09-14",3264,FALSE,NA,NA,"<= day","daily",NA,NA,NA
"2005-09-15",2257,FALSE,NA,NA,"<= day","daily",NA,NA,NA
"2005-09-16",2160,FALSE,NA,NA,"<= day","daily",NA,NA,NA
"2005-09-17",2259,FALSE,NA,NA,"<= day","daily",NA,NA,NA
"2005-09-18",3845,FALSE,NA,NA,"<= day","daily",NA,NA,NA
"2005-09-19",6240,FALSE,NA,NA,"<= day","daily",NA,NA,NA
"2005-09-20",4442,FALSE,NA,NA,"<= day","daily",NA,NA,NA
"2005-09-21",3799,FALSE,NA,NA,"<= day","daily",NA,NA,NA
"2005-09-22",3398,FALSE,NA,NA,"<= day","daily",NA,NA,NA
"2005-09-23",3058,FALSE,NA,NA,"<= day","daily",NA,NA,NA
"2005-09-24",3018,FALSE,NA,NA,"<= day","daily",NA,NA,NA
"2005-09-25",2888,FALSE,NA,NA,"<= day","daily",NA,NA,NA
"2005-09-26",2747,FALSE,NA,NA,"<= day","daily",NA,NA,NA
"2005-09-27",2682,FALSE,NA,NA,"<= day","daily",NA,NA,NA
"2005-09-28",4022,FALSE,NA,NA,"<= day","daily",NA,NA,NA
"2005-09-29",5611,FALSE,NA,NA,"<= day","daily",NA,NA,NA
"2005-09-30",23319,FALSE,NA,NA,"<= day","daily",NA,NA,NA
"2005-10-01",9529,FALSE,NA,NA,"<= day","daily",NA,NA,NA
"2005-10-02",5527,FALSE,NA,NA,"<= day","daily",NA,NA,NA
"2005-10-03",4332,FALSE,NA,NA,"<= day","daily",NA,NA,NA
"2005-10-04",12261,FALSE,NA,NA,"<= day","daily",NA,NA,NA
"2005-10-05",22663,FALSE,NA,NA,"<= day","daily",NA,NA,NA
"2005-10-06",15197,FALSE,NA,NA,"<= day","daily",NA,NA,NA
"2005-10-07",10490,FALSE,NA,NA,"<= day","daily",NA,NA,NA
"2005-10-08",7716,FALSE,NA,NA,"<= day","daily",NA,NA,NA
"2005-10-09",6158,FALSE,NA,NA,"<= day","daily",NA,NA,NA
"2005-10-10",5147,FALSE,NA,NA,"<= day","daily",NA,NA,NA
"2005-10-11",4550,FALSE,NA,NA,"<= day","daily",NA,NA,NA
"2005-10-12",4139,FALSE,NA,NA,"<= day","daily",NA,NA,NA
"2005-10-13",3828,FALSE,NA,NA,"<= day","daily",NA,NA,NA
"2005-10-14",3571,FALSE,NA,NA,"<= day","daily",NA,NA,NA
"2005-10-15",3332,FALSE,NA,NA,"<= day","daily",NA,NA,NA
"2005-10-16",3238,FALSE,NA,NA,"<= day","daily",NA,NA,NA
"2005-10-17",3122,FALSE,NA,NA,"<= day","daily",NA,NA,NA
"2005-10-18",3008,FALSE,NA,NA,"<= day","daily",NA,NA,NA
"2005-10-19",2920,FALSE,NA,NA,"<= day","daily",NA,NA,NA
"2005-10-20",2841,FALSE,NA,NA,"<= day","daily",NA,NA,NA
"2005-10-21",2796,FALSE,NA,NA,"<= day","daily",NA,NA,NA
"2005-10-22",2711,FALSE,NA,NA,"<= day","daily",NA,NA,NA
"2005-10-23",2628,FALSE,NA,NA,"<= day","daily",NA,NA,NA
"2005-10-24",2611,FALSE,NA,NA,"<= day","daily",NA,NA,NA
"2005-10-25",2516,FALSE,NA,NA,"<= day","daily",NA,NA,NA
"2005-10-26",2436,FALSE,NA,NA,"<= day","daily",NA,NA,NA
"2005-10-27",2395,FALSE,NA,NA,"<= day","daily",NA,NA,NA
"2005-10-28",2317,FALSE,NA,NA,"<= day","daily",NA,NA,NA
"2005-10-29",2297,FALSE,NA,NA,"<= day","daily",NA,NA,NA
"2005-10-30",2221,FALSE,NA,NA,"<= day","daily",NA,NA,NA
"2005-10-31",2213,FALSE,NA,NA,"<= day","daily",NA,NA,NA
"2005-11-01",2128,FALSE,NA,NA,"<= day","daily",NA,NA,NA
"2005-11-02",2136,FALSE,NA,NA,"<= day","daily",NA,NA,NA
"2005-11-03",2079,FALSE,NA,NA,"<= day","daily",NA,NA,NA
"2005-11-04",2048,FALSE,NA,NA,"<= day","daily",NA,NA,NA
"2005-11-05",2019,FALSE,NA,NA,"<= day","daily",NA,NA,NA
"2005-11-06",1964,FALSE,NA,NA,"<= day","daily",NA,NA,NA
"2005-11-07",1986,FALSE,NA,NA,"<= day","daily",NA,NA,NA
"2005-11-08",1967,FALSE,NA,NA,"<= day","daily",NA,NA,NA
"2005-11-09",1982,FALSE,NA,NA,"<= day","daily",NA,NA,NA
"2005-11-10",2000,FALSE,NA,NA,"<= day","daily",NA,NA,NA
"2005-11-11",1949,FALSE,NA,NA,"<= day","daily",NA,NA,NA
"2005-11-12",1971,FALSE,NA,NA,"<= day","daily",NA,NA,NA
"2005-11-13",1949,FALSE,NA,NA,"<= day","daily",NA,NA,NA
"2005-11-14",1960,FALSE,NA,NA,"<= day","daily",NA,NA,NA
"2005-11-15",1949,FALSE,NA,NA,"<= day","daily",NA,NA,NA
"2005-11-16",1956,FALSE,NA,NA,"<= day","daily",NA,NA,NA
"2005-11-17",2254,FALSE,NA,NA,"<= day","daily",NA,NA,NA
"2005-11-18",2346,FALSE,NA,NA,"<= day","daily",NA,NA,NA
"2005-11-19",2325,FALSE,NA,NA,"<= day","daily",NA,NA,NA
"2005-11-20",2241,FALSE,NA,NA,"<= day","daily",NA,NA,NA
"2005-11-21",2221,FALSE,NA,NA,"<= day","daily",NA,NA,NA
"2005-11-22",2202,FALSE,NA,NA,"<= day","daily",NA,NA,NA
"2005-11-23",2136,FALSE,NA,NA,"<= day","daily",NA,NA,NA
"2005-11-24",2136,FALSE,NA,NA,"<= day","daily",NA,NA,NA
"2005-11-25",2159,FALSE,NA,NA,"<= day","daily",NA,NA,NA
"2005-11-26",19979,FALSE,NA,NA,"<= day","daily",NA,NA,NA
"2005-11-29",16338,FALSE,NA,NA,"<= day","daily",NA,NA,NA
"2005-11-30",31630,FALSE,NA,NA,"<= day","daily",NA,NA,NA
"2005-12-01",27082,FALSE,NA,NA,"<= day","daily",NA,NA,NA
"2005-12-02",13200,FALSE,NA,NA,"<= day","daily",NA,NA,NA
"2005-12-03",9124,FALSE,NA,NA,"<= day","daily",NA,NA,NA
"2005-12-04",14687,FALSE,NA,NA,"<= day","daily",NA,NA,NA
"2005-12-05",11918,FALSE,NA,NA,"<= day","daily",NA,NA,NA
"2005-12-06",26911,FALSE,NA,NA,"<= day","daily",NA,NA,NA
"2005-12-07",20687,FALSE,NA,NA,"<= day","daily",NA,NA,NA
"2005-12-08",11278,FALSE,NA,NA,"<= day","daily",NA,NA,NA
"2005-12-09",7539,FALSE,NA,NA,"<= day","daily",NA,NA,NA
"2005-12-10",5734,FALSE,NA,NA,"<= day","daily",NA,NA,NA
"2005-12-11",4806,FALSE,NA,NA,"<= day","daily",NA,NA,NA
"2005-12-12",4285,FALSE,NA,NA,"<= day","daily",NA,NA,NA
"2005-12-13",3871,FALSE,NA,NA,"<= day","daily",NA,NA,NA
"2005-12-14",3586,FALSE,NA,NA,"<= day","daily",NA,NA,NA
"2005-12-15",3332,FALSE,NA,NA,"<= day","daily",NA,NA,NA
"2005-12-16",3229,FALSE,NA,NA,"<= day","daily",NA,NA,NA
"2005-12-17",3151,FALSE,NA,NA,"<= day","daily",NA,NA,NA
"2005-12-18",2851,FALSE,NA,NA,"<= day","daily",NA,NA,NA
"2005-12-19",2628,FALSE,NA,NA,"<= day","daily",NA,NA,NA
"2005-12-20",2512,FALSE,NA,NA,"<= day","daily",NA,NA,NA
"2005-12-21",2407,FALSE,NA,NA,"<= day","daily",NA,NA,NA
"2005-12-22",2317,FALSE,NA,NA,"<= day","daily",NA,NA,NA
"2005-12-23",2233,FALSE,NA,NA,"<= day","daily",NA,NA,NA
"2005-12-24",2190,FALSE,NA,NA,"<= day","daily",NA,NA,NA
"2005-12-25",2128,FALSE,NA,NA,"<= day","daily",NA,NA,NA
"2005-12-26",2326,FALSE,NA,NA,"<= day","daily",NA,NA,NA
"2005-12-27",2317,FALSE,NA,NA,"<= day","daily",NA,NA,NA
"2005-12-28",2317,FALSE,NA,NA,"<= day","daily",NA,NA,NA
"2005-12-29",2253,FALSE,NA,NA,"<= day","daily",NA,NA,NA
"2005-12-30",2221,FALSE,NA,NA,"<= day","daily",NA,NA,NA
"2005-12-31",2225,FALSE,NA,NA,"<= day","daily",NA,NA,NA
"2006-01-01",4849,FALSE,NA,NA,"<= day","daily",NA,NA,NA
"2006-01-02",18047,FALSE,NA,NA,"<= day","daily",NA,NA,NA
"2006-01-03",10414,FALSE,NA,NA,"<= day","daily",NA,NA,NA
"2006-01-04",6978,FALSE,NA,NA,"<= day","daily",NA,NA,NA
"2006-01-05",5895,FALSE,NA,NA,"<= day","daily",NA,NA,NA
"2006-01-06",5251,FALSE,NA,NA,"<= day","daily",NA,NA,NA
"2006-01-07",4997,FALSE,NA,NA,"<= day","daily",NA,NA,NA
"2006-01-08",4637,FALSE,NA,NA,"<= day","daily",NA,NA,NA
"2006-01-09",4404,FALSE,NA,NA,"<= day","daily",NA,NA,NA
"2006-01-10",4195,FALSE,NA,NA,"<= day","daily",NA,NA,NA
"2006-01-11",3957,FALSE,NA,NA,"<= day","daily",NA,NA,NA
"2006-01-12",3680,FALSE,NA,NA,"<= day","daily",NA,NA,NA
"2006-01-13",3392,FALSE,NA,NA,"<= day","daily",NA,NA,NA
"2006-01-14",3224,FALSE,NA,NA,"<= day","daily",NA,NA,NA
"2006-01-15",3046,FALSE,NA,NA,"<= day","daily",NA,NA,NA
"2006-01-16",2925,FALSE,NA,NA,"<= day","daily",NA,NA,NA
"2006-01-17",2832,FALSE,NA,NA,"<= day","daily",NA,NA,NA
"2006-01-18",2832,FALSE,NA,NA,"<= day","daily",NA,NA,NA
"2006-01-19",2681,FALSE,NA,NA,"<= day","daily",NA,NA,NA
"2006-01-20",2516,FALSE,NA,NA,"<= day","daily",NA,NA,NA
"2006-01-21",2585,FALSE,NA,NA,"<= day","daily",NA,NA,NA
"2006-01-22",2654,FALSE,NA,NA,"<= day","daily",NA,NA,NA
"2006-01-23",2538,FALSE,NA,NA,"<= day","daily",NA,NA,NA
"2006-01-24",2415,FALSE,NA,NA,"<= day","daily",NA,NA,NA
"2006-01-25",2415,FALSE,NA,NA,"<= day","daily",NA,NA,NA
"2006-01-26",2411,FALSE,NA,NA,"<= day","daily",NA,NA,NA
"2006-01-27",2289,FALSE,NA,NA,"<= day","daily",NA,NA,NA
"2006-01-28",2206,FALSE,NA,NA,"<= day","daily",NA,NA,NA
"2006-01-29",2117,FALSE,NA,NA,"<= day","daily",NA,NA,NA
"2006-01-30",2037,FALSE,NA,NA,"<= day","daily",NA,NA,NA
"2006-01-31",2008,FALSE,NA,NA,"<= day","daily",NA,NA,NA
"2006-02-01",1906,FALSE,NA,NA,"<= day","daily",NA,NA,NA
"2006-02-02",1863,FALSE,NA,NA,"<= day","daily",NA,NA,NA
"2006-02-03",1783,FALSE,NA,NA,"<= day","daily",NA,NA,NA
"2006-02-04",1710,FALSE,NA,NA,"<= day","daily",NA,NA,NA
"2006-02-05",1625,FALSE,NA,NA,"<= day","daily",NA,NA,NA
"2006-02-06",1549,FALSE,NA,NA,"<= day","daily",NA,NA,NA
"2006-02-07",1492,FALSE,NA,NA,"<= day","daily",NA,NA,NA
"2006-02-08",1480,FALSE,NA,NA,"<= day","daily",NA,NA,NA
"2006-02-09",1549,FALSE,NA,NA,"<= day","daily",NA,NA,NA
"2006-02-10",1539,FALSE,NA,NA,"<= day","daily",NA,NA,NA
"2006-02-11",1419,FALSE,NA,NA,"<= day","daily",NA,NA,NA
"2006-02-12",1336,FALSE,NA,NA,"<= day","daily",NA,NA,NA
"2006-02-13",1285,FALSE,NA,NA,"<= day","daily",NA,NA,NA
"2006-02-14",1289,FALSE,NA,NA,"<= day","daily",NA,NA,NA
"2006-02-15",1379,FALSE,NA,NA,"<= day","daily",NA,NA,NA
"2006-02-16",1742,FALSE,NA,NA,"<= day","daily",NA,NA,NA
"2006-02-17",4348,FALSE,NA,NA,"<= day","daily",NA,NA,NA
"2006-02-18",5080,FALSE,NA,NA,"<= day","daily",NA,NA,NA
"2006-02-19",5532,FALSE,NA,NA,"<= day","daily",NA,NA,NA
"2006-02-20",5613,FALSE,NA,NA,"<= day","daily",NA,NA,NA
"2006-02-21",5889,FALSE,NA,NA,"<= day","daily",NA,NA,NA
"2006-02-22",4507,FALSE,NA,NA,"<= day","daily",NA,NA,NA
"2006-02-23",3840,FALSE,NA,NA,"<= day","daily",NA,NA,NA
"2006-02-24",5237,FALSE,NA,NA,"<= day","daily",NA,NA,NA
"2006-02-25",6918,FALSE,NA,NA,"<= day","daily",NA,NA,NA
"2006-02-26",5189,FALSE,NA,NA,"<= day","daily",NA,NA,NA
"2006-02-27",4192,FALSE,NA,NA,"<= day","daily",NA,NA,NA
"2006-02-28",3711,FALSE,NA,NA,"<= day","daily",NA,NA,NA
"2006-03-01",3438,FALSE,NA,NA,"<= day","daily",NA,NA,NA
"2006-03-02",3166,FALSE,NA,NA,"<= day","daily",NA,NA,NA
"2006-03-03",2981,FALSE,NA,NA,"<= day","daily",NA,NA,NA
"2006-03-04",10300,FALSE,NA,NA,"<= day","daily",NA,NA,NA
"2006-03-05",18823,FALSE,NA,NA,"<= day","daily",NA,NA,NA
"2006-03-06",13888,FALSE,NA,NA,"<= day","daily",NA,NA,NA
"2006-03-07",7606,FALSE,NA,NA,"<= day","daily",NA,NA,NA
"2006-03-08",5838,FALSE,NA,NA,"<= day","daily",NA,NA,NA
"2006-03-09",5429,FALSE,NA,NA,"<= day","daily",NA,NA,NA
"2006-03-10",13285,FALSE,NA,NA,"<= day","daily",NA,NA,NA
"2006-03-11",18471,FALSE,NA,NA,"<= day","daily",NA,NA,NA
"2006-03-12",11138,FALSE,NA,NA,"<= day","daily",NA,NA,NA
"2006-03-13",7295,FALSE,NA,NA,"<= day","daily",NA,NA,NA
"2006-03-14",5560,FALSE,NA,NA,"<= day","daily",NA,NA,NA
"2006-03-15",4586,FALSE,NA,NA,"<= day","daily",NA,NA,NA
"2006-03-16",3986,FALSE,NA,NA,"<= day","daily",NA,NA,NA
"2006-03-17",3525,FALSE,NA,NA,"<= day","daily",NA,NA,NA
"2006-03-18",3209,FALSE,NA,NA,"<= day","daily",NA,NA,NA
"2006-03-19",3036,FALSE,NA,NA,"<= day","daily",NA,NA,NA
"2006-03-20",3119,FALSE,NA,NA,"<= day","daily",NA,NA,NA
"2006-03-21",3567,FALSE,NA,NA,"<= day","daily",NA,NA,NA
"2006-03-22",6029,FALSE,NA,NA,"<= day","daily",NA,NA,NA
"2006-03-23",17230,FALSE,NA,NA,"<= day","daily",NA,NA,NA
"2006-03-24",12064,FALSE,NA,NA,"<= day","daily",NA,NA,NA
"2006-03-25",6825,FALSE,NA,NA,"<= day","daily",NA,NA,NA
"2006-03-26",5468,FALSE,NA,NA,"<= day","daily",NA,NA,NA
"2006-03-27",5046,FALSE,NA,NA,"<= day","daily",NA,NA,NA
"2006-03-28",4662,FALSE,NA,NA,"<= day","daily",NA,NA,NA
"2006-03-29",4914,FALSE,NA,NA,"<= day","daily",NA,NA,NA
"2006-03-30",5037,FALSE,NA,NA,"<= day","daily",NA,NA,NA
"2006-03-31",4423,FALSE,NA,NA,"<= day","daily",NA,NA,NA
"2006-04-01",3963,FALSE,NA,NA,"<= day","daily",NA,NA,NA
"2006-04-02",3628,FALSE,NA,NA,"<= day","daily",NA,NA,NA
"2006-04-03",4069,FALSE,NA,NA,"<= day","daily",NA,NA,NA
"2006-04-04",5199,FALSE,NA,NA,"<= day","daily",NA,NA,NA
"2006-04-05",4405,FALSE,NA,NA,"<= day","daily",NA,NA,NA
"2006-04-06",8547,FALSE,NA,NA,"<= day","daily",NA,NA,NA
"2006-04-07",9816,FALSE,NA,NA,"<= day","daily",NA,NA,NA
"2006-04-08",8353,FALSE,NA,NA,"<= day","daily",NA,NA,NA
"2006-04-09",6412,FALSE,NA,NA,"<= day","daily",NA,NA,NA
"2006-04-10",5210,FALSE,NA,NA,"<= day","daily",NA,NA,NA
"2006-04-11",6550,FALSE,NA,NA,"<= day","daily",NA,NA,NA
"2006-04-12",11190,FALSE,NA,NA,"<= day","daily",NA,NA,NA
"2006-04-13",8265,FALSE,NA,NA,"<= day","daily",NA,NA,NA
"2006-04-14",6302,FALSE,NA,NA,"<= day","daily",NA,NA,NA
"2006-04-15",5038,FALSE,NA,NA,"<= day","daily",NA,NA,NA
"2006-04-16",4331,FALSE,NA,NA,"<= day","daily",NA,NA,NA
"2006-04-17",3834,FALSE,NA,NA,"<= day","daily",NA,NA,NA
"2006-04-18",3458,FALSE,NA,NA,"<= day","daily",NA,NA,NA
"2006-04-19",3398,FALSE,NA,NA,"<= day","daily",NA,NA,NA
"2006-04-20",3108,FALSE,NA,NA,"<= day","daily",NA,NA,NA
"2006-04-21",2915,FALSE,NA,NA,"<= day","daily",NA,NA,NA
"2006-04-22",2765,FALSE,NA,NA,"<= day","daily",NA,NA,NA
"2006-04-23",2658,FALSE,NA,NA,"<= day","daily",NA,NA,NA
"2006-04-24",2504,FALSE,NA,NA,"<= day","daily",NA,NA,NA
"2006-04-25",2395,FALSE,NA,NA,"<= day","daily",NA,NA,NA
"2006-04-26",2309,FALSE,NA,NA,"<= day","daily",NA,NA,NA
"2006-04-27",2317,FALSE,NA,NA,"<= day","daily",NA,NA,NA
"2006-04-28",3205,FALSE,NA,NA,"<= day","daily",NA,NA,NA
"2006-04-29",11110,FALSE,NA,NA,"<= day","daily",NA,NA,NA
"2006-04-30",11984,FALSE,NA,NA,"<= day","daily",NA,NA,NA
"2006-05-01",11122,FALSE,NA,NA,"<= day","daily",NA,NA,NA
"2006-05-02",8070,FALSE,NA,NA,"<= day","daily",NA,NA,NA
"2006-05-03",6008,FALSE,NA,NA,"<= day","daily",NA,NA,NA
"2006-05-04",4812,FALSE,NA,NA,"<= day","daily",NA,NA,NA
"2006-05-05",4096,FALSE,NA,NA,"<= day","daily",NA,NA,NA
"2006-05-06",3643,FALSE,NA,NA,"<= day","daily",NA,NA,NA
"2006-05-07",3313,FALSE,NA,NA,"<= day","daily",NA,NA,NA
"2006-05-08",3013,FALSE,NA,NA,"<= day","daily",NA,NA,NA
"2006-05-09",3274,FALSE,NA,NA,"<= day","daily",NA,NA,NA
"2006-05-10",3611,FALSE,NA,NA,"<= day","daily",NA,NA,NA
"2006-05-11",3009,FALSE,NA,NA,"<= day","daily",NA,NA,NA
"2006-05-12",2734,FALSE,NA,NA,"<= day","daily",NA,NA,NA
"2006-05-13",2563,FALSE,NA,NA,"<= day","daily",NA,NA,NA
"2006-05-14",2650,FALSE,NA,NA,"<= day","daily",NA,NA,NA
"2006-05-15",2461,FALSE,NA,NA,"<= day","daily",NA,NA,NA
"2006-05-16",2366,FALSE,NA,NA,"<= day","daily",NA,NA,NA
"2006-05-17",2665,FALSE,NA,NA,"<= day","daily",NA,NA,NA
"2006-05-18",2814,FALSE,NA,NA,"<= day","daily",NA,NA,NA
"2006-05-19",2428,FALSE,NA,NA,"<= day","daily",NA,NA,NA
"2006-05-20",2317,FALSE,NA,NA,"<= day","daily",NA,NA,NA
"2006-05-21",2293,FALSE,NA,NA,"<= day","daily",NA,NA,NA
"2006-05-22",2221,FALSE,NA,NA,"<= day","daily",NA,NA,NA
"2006-05-23",2151,FALSE,NA,NA,"<= day","daily",NA,NA,NA
"2006-05-24",3374,FALSE,NA,NA,"<= day","daily",NA,NA,NA
"2006-05-25",4107,FALSE,NA,NA,"<= day","daily",NA,NA,NA
"2006-05-26",2899,FALSE,NA,NA,"<= day","daily",NA,NA,NA
"2006-05-27",2534,FALSE,NA,NA,"<= day","daily",NA,NA,NA
"2006-05-28",2337,FALSE,NA,NA,"<= day","daily",NA,NA,NA
"2006-05-29",2690,FALSE,NA,NA,"<= day","daily",NA,NA,NA
"2006-05-30",22358,FALSE,NA,NA,"<= day","daily",NA,NA,NA
"2006-06-01",14381,FALSE,NA,NA,"<= day","daily",NA,NA,NA
"2006-06-02",7378,FALSE,NA,NA,"<= day","daily",NA,NA,NA
"2006-06-03",7809,FALSE,NA,NA,"<= day","daily",NA,NA,NA
"2006-06-04",6255,FALSE,NA,NA,"<= day","daily",NA,NA,NA
"2006-06-05",5104,FALSE,NA,NA,"<= day","daily",NA,NA,NA
"2006-06-06",5072,FALSE,NA,NA,"<= day","daily",NA,NA,NA
"2006-06-07",5041,FALSE,NA,NA,"<= day","daily",NA,NA,NA
"2006-06-08",4337,FALSE,NA,NA,"<= day","daily",NA,NA,NA
"2006-06-09",3887,FALSE,NA,NA,"<= day","daily",NA,NA,NA
"2006-06-10",3565,FALSE,NA,NA,"<= day","daily",NA,NA,NA
"2006-06-11",3229,FALSE,NA,NA,"<= day","daily",NA,NA,NA
"2006-06-12",2990,FALSE,NA,NA,"<= day","daily",NA,NA,NA
"2006-06-13",2860,FALSE,NA,NA,"<= day","daily",NA,NA,NA
"2006-06-14",2787,FALSE,NA,NA,"<= day","daily",NA,NA,NA
"2006-06-15",2602,FALSE,NA,NA,"<= day","daily",NA,NA,NA
"2006-06-16",2482,FALSE,NA,NA,"<= day","daily",NA,NA,NA
"2006-06-17",2362,FALSE,NA,NA,"<= day","daily",NA,NA,NA
"2006-06-18",2249,FALSE,NA,NA,"<= day","daily",NA,NA,NA
"2006-06-19",2151,FALSE,NA,NA,"<= day","daily",NA,NA,NA
"2006-06-20",2064,FALSE,NA,NA,"<= day","daily",NA,NA,NA
"2006-06-21",1964,FALSE,NA,NA,"<= day","daily",NA,NA,NA
"2006-06-22",1899,FALSE,NA,NA,"<= day","daily",NA,NA,NA
"2006-06-23",1815,FALSE,NA,NA,"<= day","daily",NA,NA,NA
"2006-06-24",1730,FALSE,NA,NA,"<= day","daily",NA,NA,NA
"2006-06-25",1671,FALSE,NA,NA,"<= day","daily",NA,NA,NA
"2006-06-26",1619,FALSE,NA,NA,"<= day","daily",NA,NA,NA
"2006-06-27",1546,FALSE,NA,NA,"<= day","daily",NA,NA,NA
"2006-06-28",1483,FALSE,NA,NA,"<= day","daily",NA,NA,NA
"2006-06-29",1436,FALSE,NA,NA,"<= day","daily",NA,NA,NA
"2006-06-30",1387,FALSE,NA,NA,"<= day","daily",NA,NA,NA
"2006-07-01",1320,FALSE,NA,NA,"<= day","daily",NA,NA,NA
"2006-07-02",1288,FALSE,NA,NA,"<= day","daily",NA,NA,NA
"2006-07-03",1283,FALSE,NA,NA,"<= day","daily",NA,NA,NA
"2006-07-04",1213,FALSE,NA,NA,"<= day","daily",NA,NA,NA
"2006-07-05",1150,FALSE,NA,NA,"<= day","daily",NA,NA,NA
"2006-07-06",1106,FALSE,NA,NA,"<= day","daily",NA,NA,NA
"2006-07-07",1081,FALSE,NA,NA,"<= day","daily",NA,NA,NA
"2006-07-08",1247,FALSE,NA,NA,"<= day","daily",NA,NA,NA
"2006-07-09",1121,FALSE,NA,NA,"<= day","daily",NA,NA,NA
"2006-07-10",1011,FALSE,NA,NA,"<= day","daily",NA,NA,NA
"2006-07-11",918,FALSE,NA,NA,"<= day","daily",NA,NA,NA
"2006-07-12",905,FALSE,NA,NA,"<= day","daily",NA,NA,NA
"2006-07-13",886,FALSE,NA,NA,"<= day","daily",NA,NA,NA
"2006-07-14",860,FALSE,NA,NA,"<= day","daily",NA,NA,NA
"2006-07-15",839,FALSE,NA,NA,"<= day","daily",NA,NA,NA
"2006-07-16",813,FALSE,NA,NA,"<= day","daily",NA,NA,NA
"2006-07-17",811,FALSE,NA,NA,"<= day","daily",NA,NA,NA
"2006-07-18",749,FALSE,NA,NA,"<= day","daily",NA,NA,NA
"2006-07-19",766,FALSE,NA,NA,"<= day","daily",NA,NA,NA
"2006-07-20",745,FALSE,NA,NA,"<= day","daily",NA,NA,NA
"2006-07-21",732,FALSE,NA,NA,"<= day","daily",NA,NA,NA
"2006-07-22",736,FALSE,NA,NA,"<= day","daily",NA,NA,NA
"2006-07-23",689,FALSE,NA,NA,"<= day","daily",NA,NA,NA
"2006-07-24",592,FALSE,NA,NA,"<= day","daily",NA,NA,NA
"2006-07-25",599,FALSE,NA,NA,"<= day","daily",NA,NA,NA
"2006-07-26",574,FALSE,NA,NA,"<= day","daily",NA,NA,NA
"2006-07-27",576,FALSE,NA,NA,"<= day","daily",NA,NA,NA
"2006-07-28",575,FALSE,NA,NA,"<= day","daily",NA,NA,NA
"2006-07-29",575,FALSE,NA,NA,"<= day","daily",NA,NA,NA
"2006-07-30",575,FALSE,NA,NA,"<= day","daily",NA,NA,NA
"2006-07-31",574,FALSE,NA,NA,"<= day","daily",NA,NA,NA
"2006-08-01",573,FALSE,NA,NA,"<= day","daily",NA,NA,NA
"2006-08-02",793,FALSE,NA,NA,"<= day","daily",NA,NA,NA
"2006-08-03",737,FALSE,NA,NA,"<= day","daily",NA,NA,NA
"2006-08-04",2118,FALSE,NA,NA,"<= day","daily",NA,NA,NA
"2006-08-05",2582,FALSE,NA,NA,"<= day","daily",NA,NA,NA
"2006-08-06",1450,FALSE,NA,NA,"<= day","daily",NA,NA,NA
"2006-08-07",1201,FALSE,NA,NA,"<= day","daily",NA,NA,NA
"2006-08-08",1018,FALSE,NA,NA,"<= day","daily",NA,NA,NA
"2006-08-09",885,FALSE,NA,NA,"<= day","daily",NA,NA,NA
"2006-08-10",852,FALSE,NA,NA,"<= day","daily",NA,NA,NA
"2006-08-11",836,FALSE,NA,NA,"<= day","daily",NA,NA,NA
"2006-08-12",1250,FALSE,NA,NA,"<= day","daily",NA,NA,NA
"2006-08-13",5049,FALSE,NA,NA,"<= day","daily",NA,NA,NA
"2006-08-14",2732,FALSE,NA,NA,"<= day","daily",NA,NA,NA
"2006-08-15",3428,FALSE,NA,NA,"<= day","daily",NA,NA,NA
"2006-08-16",2386,FALSE,NA,NA,"<= day","daily",NA,NA,NA
"2006-08-17",1792,FALSE,NA,NA,"<= day","daily",NA,NA,NA
"2006-08-18",1535,FALSE,NA,NA,"<= day","daily",NA,NA,NA
"2006-08-19",1343,FALSE,NA,NA,"<= day","daily",NA,NA,NA
"2006-08-20",1221,FALSE,NA,NA,"<= day","daily",NA,NA,NA
"2006-08-21",1111,FALSE,NA,NA,"<= day","daily",NA,NA,NA
"2006-08-22",1023,FALSE,NA,NA,"<= day","daily",NA,NA,NA
"2006-08-23",938,FALSE,NA,NA,"<= day","daily",NA,NA,NA
"2006-08-24",879,FALSE,NA,NA,"<= day","daily",NA,NA,NA
"2006-08-25",1052,FALSE,NA,NA,"<= day","daily",NA,NA,NA
"2006-08-26",965,FALSE,NA,NA,"<= day","daily",NA,NA,NA
"2006-08-27",895,FALSE,NA,NA,"<= day","daily",NA,NA,NA
"2006-08-28",1081,FALSE,NA,NA,"<= day","daily",NA,NA,NA
"2006-08-29",2062,FALSE,NA,NA,"<= day","daily",NA,NA,NA
"2006-08-30",10406,FALSE,NA,NA,"<= day","daily",NA,NA,NA
"2006-08-31",6356,FALSE,NA,NA,"<= day","daily",NA,NA,NA
"2006-09-19",13599,FALSE,NA,NA,"<= day","daily",NA,NA,NA
"2006-09-20",5187,FALSE,NA,NA,"<= day","daily",NA,NA,NA
"2006-09-21",3514,FALSE,NA,NA,"<= day","daily",NA,NA,NA
"2006-09-22",2866,FALSE,NA,NA,"<= day","daily",NA,NA,NA
"2006-09-23",2454,FALSE,NA,NA,"<= day","daily",NA,NA,NA
"2006-09-24",2210,FALSE,NA,NA,"<= day","daily",NA,NA,NA
"2006-09-25",2056,FALSE,NA,NA,"<= day","daily",NA,NA,NA
"2006-09-26",1910,FALSE,NA,NA,"<= day","daily",NA,NA,NA
"2006-09-27",1763,FALSE,NA,NA,"<= day","daily",NA,NA,NA
"2006-09-28",1655,FALSE,NA,NA,"<= day","daily",NA,NA,NA
"2006-09-29",1531,FALSE,NA,NA,"<= day","daily",NA,NA,NA
"2006-09-30",1430,FALSE,NA,NA,"<= day","daily",NA,NA,NA
"2006-10-01",1336,FALSE,NA,NA,"<= day","daily",NA,NA,NA
"2006-10-02",1262,FALSE,NA,NA,"<= day","daily",NA,NA,NA
"2006-10-03",1215,FALSE,NA,NA,"<= day","daily",NA,NA,NA
"2006-10-04",1379,FALSE,NA,NA,"<= day","daily",NA,NA,NA
"2006-10-05",1735,FALSE,NA,NA,"<= day","daily",NA,NA,NA
"2006-10-06",1436,FALSE,NA,NA,"<= day","daily",NA,NA,NA
"2006-10-07",1381,FALSE,NA,NA,"<= day","daily",NA,NA,NA
"2006-10-08",1278,FALSE,NA,NA,"<= day","daily",NA,NA,NA
"2006-10-09",1190,FALSE,NA,NA,"<= day","daily",NA,NA,NA
"2006-10-10",1106,FALSE,NA,NA,"<= day","daily",NA,NA,NA
"2006-10-11",1042,FALSE,NA,NA,"<= day","daily",NA,NA,NA
"2006-10-12",981,FALSE,NA,NA,"<= day","daily",NA,NA,NA
"2006-10-13",931,FALSE,NA,NA,"<= day","daily",NA,NA,NA
"2006-10-14",870,FALSE,NA,NA,"<= day","daily",NA,NA,NA
"2006-10-15",821,FALSE,NA,NA,"<= day","daily",NA,NA,NA
"2006-10-16",808,FALSE,NA,NA,"<= day","daily",NA,NA,NA
"2006-10-17",763,FALSE,NA,NA,"<= day","daily",NA,NA,NA
"2006-10-18",733,FALSE,NA,NA,"<= day","daily",NA,NA,NA
"2006-10-19",711,FALSE,NA,NA,"<= day","daily",NA,NA,NA
"2006-10-20",701,FALSE,NA,NA,"<= day","daily",NA,NA,NA
"2006-10-21",676,FALSE,NA,NA,"<= day","daily",NA,NA,NA
"2006-10-22",653,FALSE,NA,NA,"<= day","daily",NA,NA,NA
"2006-10-23",633,FALSE,NA,NA,"<= day","daily",NA,NA,NA
"2006-10-24",619,FALSE,NA,NA,"<= day","daily",NA,NA,NA
"2006-10-25",613,FALSE,NA,NA,"<= day","daily",NA,NA,NA
"2006-10-26",601,FALSE,NA,NA,"<= day","daily",NA,NA,NA
"2006-10-27",587,FALSE,NA,NA,"<= day","daily",NA,NA,NA
"2006-10-28",579,FALSE,NA,NA,"<= day","daily",NA,NA,NA
"2006-10-29",575,FALSE,NA,NA,"<= day","daily",NA,NA,NA
"2006-10-30",575,FALSE,NA,NA,"<= day","daily",NA,NA,NA
"2006-10-31",572,FALSE,NA,NA,"<= day","daily",NA,NA,NA
"2006-11-01",652,FALSE,NA,NA,"<= day","daily",NA,NA,NA
"2006-11-02",851,FALSE,NA,NA,"<= day","daily",NA,NA,NA
"2006-11-03",720,FALSE,NA,NA,"<= day","daily",NA,NA,NA
"2006-11-04",665,FALSE,NA,NA,"<= day","daily",NA,NA,NA
"2006-11-05",634,FALSE,NA,NA,"<= day","daily",NA,NA,NA
"2006-11-06",613,FALSE,NA,NA,"<= day","daily",NA,NA,NA
"2006-11-07",595,FALSE,NA,NA,"<= day","daily",NA,NA,NA
"2006-11-08",582,FALSE,NA,NA,"<= day","daily",NA,NA,NA
"2006-11-09",574,FALSE,NA,NA,"<= day","daily",NA,NA,NA
"2006-11-10",568,FALSE,NA,NA,"<= day","daily",NA,NA,NA
"2006-11-11",564,FALSE,NA,NA,"<= day","daily",NA,NA,NA
"2006-11-12",564,FALSE,NA,NA,"<= day","daily",NA,NA,NA
"2006-11-13",564,FALSE,NA,NA,"<= day","daily",NA,NA,NA
"2006-11-14",564,FALSE,NA,NA,"<= day","daily",NA,NA,NA
"2006-11-15",563,FALSE,NA,NA,"<= day","daily",NA,NA,NA
"2006-11-21",628,FALSE,NA,NA,"<= day","daily",NA,NA,NA
"2006-11-22",4898,FALSE,NA,NA,"<= day","daily",NA,NA,NA
"2006-11-23",16481,FALSE,NA,NA,"<= day","daily",NA,NA,NA
"2006-11-24",5454,FALSE,NA,NA,"<= day","daily",NA,NA,NA
"2006-11-25",3067,FALSE,NA,NA,"<= day","daily",NA,NA,NA
"2006-11-26",2384,FALSE,NA,NA,"<= day","daily",NA,NA,NA
"2006-11-27",2072,FALSE,NA,NA,"<= day","daily",NA,NA,NA
"2006-11-28",1881,FALSE,NA,NA,"<= day","daily",NA,NA,NA
"2006-11-29",1744,FALSE,NA,NA,"<= day","daily",NA,NA,NA
"2006-11-30",1578,FALSE,NA,NA,"<= day","daily",NA,NA,NA
"2006-12-01",1465,FALSE,NA,NA,"<= day","daily",NA,NA,NA
"2006-12-02",1401,FALSE,NA,NA,"<= day","daily",NA,NA,NA
"2006-12-03",1336,FALSE,NA,NA,"<= day","daily",NA,NA,NA
"2006-12-04",1301,FALSE,NA,NA,"<= day","daily",NA,NA,NA
"2006-12-05",1218,FALSE,NA,NA,"<= day","daily",NA,NA,NA
"2006-12-06",1146,FALSE,NA,NA,"<= day","daily",NA,NA,NA
"2006-12-07",1072,FALSE,NA,NA,"<= day","daily",NA,NA,NA
"2006-12-08",1036,FALSE,NA,NA,"<= day","daily",NA,NA,NA
"2006-12-09",1000,FALSE,NA,NA,"<= day","daily",NA,NA,NA
"2006-12-10",1574,FALSE,NA,NA,"<= day","daily",NA,NA,NA
"2006-12-11",2202,FALSE,NA,NA,"<= day","daily",NA,NA,NA
"2006-12-12",2129,FALSE,NA,NA,"<= day","daily",NA,NA,NA
"2006-12-13",1931,FALSE,NA,NA,"<= day","daily",NA,NA,NA
"2006-12-14",1763,FALSE,NA,NA,"<= day","daily",NA,NA,NA
"2006-12-15",1690,FALSE,NA,NA,"<= day","daily",NA,NA,NA
"2006-12-16",1609,FALSE,NA,NA,"<= day","daily",NA,NA,NA
"2006-12-17",1537,FALSE,NA,NA,"<= day","daily",NA,NA,NA
"2006-12-18",3360,FALSE,NA,NA,"<= day","daily",NA,NA,NA
"2006-12-19",4290,FALSE,NA,NA,"<= day","daily",NA,NA,NA
"2006-12-20",3270,FALSE,NA,NA,"<= day","daily",NA,NA,NA
"2006-12-21",2807,FALSE,NA,NA,"<= day","daily",NA,NA,NA
"2006-12-22",2466,FALSE,NA,NA,"<= day","daily",NA,NA,NA
"2006-12-23",2297,FALSE,NA,NA,"<= day","daily",NA,NA,NA
"2006-12-24",2221,FALSE,NA,NA,"<= day","daily",NA,NA,NA
"2006-12-25",2117,FALSE,NA,NA,"<= day","daily",NA,NA,NA
"2006-12-26",1986,FALSE,NA,NA,"<= day","daily",NA,NA,NA
"2006-12-27",1881,FALSE,NA,NA,"<= day","daily",NA,NA,NA
"2006-12-28",1843,FALSE,NA,NA,"<= day","daily",NA,NA,NA
"2006-12-29",1734,FALSE,NA,NA,"<= day","daily",NA,NA,NA
"2006-12-30",1603,FALSE,NA,NA,"<= day","daily",NA,NA,NA
"2006-12-31",1528,FALSE,NA,NA,"<= day","daily",NA,NA,NA
"2007-01-01",803,FALSE,NA,NA,"<= day","daily",NA,NA,NA
"2007-01-02",8655,FALSE,NA,NA,"<= day","daily",NA,NA,NA
"2007-01-03",7796,FALSE,NA,NA,"<= day","daily",NA,NA,NA
"2007-01-04",4716,FALSE,NA,NA,"<= day","daily",NA,NA,NA
"2007-01-05",4237,FALSE,NA,NA,"<= day","daily",NA,NA,NA
"2007-01-06",4450,FALSE,NA,NA,"<= day","daily",NA,NA,NA
"2007-01-07",4360,FALSE,NA,NA,"<= day","daily",NA,NA,NA
"2007-01-08",4114,FALSE,NA,NA,"<= day","daily",NA,NA,NA
"2007-01-09",3596,FALSE,NA,NA,"<= day","daily",NA,NA,NA
"2007-01-10",2927,FALSE,NA,NA,"<= day","daily",NA,NA,NA
"2007-01-11",2553,FALSE,NA,NA,"<= day","daily",NA,NA,NA
"2007-01-12",2266,FALSE,NA,NA,"<= day","daily",NA,NA,NA
"2007-01-13",1882,FALSE,NA,NA,"<= day","daily",NA,NA,NA
"2007-01-14",1683,FALSE,NA,NA,"<= day","daily",NA,NA,NA
"2007-01-15",1455,FALSE,NA,NA,"<= day","daily",NA,NA,NA
"2007-01-16",1368,FALSE,NA,NA,"<= day","daily",NA,NA,NA
"2007-01-17",1245,FALSE,NA,NA,"<= day","daily",NA,NA,NA
"2007-01-18",1133,FALSE,NA,NA,"<= day","daily",NA,NA,NA
"2007-01-19",1103,FALSE,NA,NA,"<= day","daily",NA,NA,NA
"2007-01-20",933,FALSE,NA,NA,"<= day","daily",NA,NA,NA
"2007-01-21",858,FALSE,NA,NA,"<= day","daily",NA,NA,NA
"2007-01-22",861,FALSE,NA,NA,"<= day","daily",NA,NA,NA
"2007-01-23",868,FALSE,NA,NA,"<= day","daily",NA,NA,NA
"2007-01-24",3843,FALSE,NA,NA,"<= day","daily",NA,NA,NA
"2007-01-25",4288,FALSE,NA,NA,"<= day","daily",NA,NA,NA
"2007-01-26",3330,FALSE,NA,NA,"<= day","daily",NA,NA,NA
"2007-01-27",2910,FALSE,NA,NA,"<= day","daily",NA,NA,NA
"2007-01-28",2483,FALSE,NA,NA,"<= day","daily",NA,NA,NA
"2007-01-29",2493,FALSE,NA,NA,"<= day","daily",NA,NA,NA
"2007-01-30",2414,FALSE,NA,NA,"<= day","daily",NA,NA,NA
"2007-01-31",2316,FALSE,NA,NA,"<= day","daily",NA,NA,NA
"2007-02-01",2245,FALSE,NA,NA,"<= day","daily",NA,NA,NA
"2007-02-02",2006,FALSE,NA,NA,"<= day","daily",NA,NA,NA
"2007-02-03",1886,FALSE,NA,NA,"<= day","daily",NA,NA,NA
"2007-02-04",1732,FALSE,NA,NA,"<= day","daily",NA,NA,NA
"2007-02-05",1666,FALSE,NA,NA,"<= day","daily",NA,NA,NA
"2007-02-06",1580,FALSE,NA,NA,"<= day","daily",NA,NA,NA
"2007-02-07",1525,FALSE,NA,NA,"<= day","daily",NA,NA,NA
"2007-02-08",1592,FALSE,NA,NA,"<= day","daily",NA,NA,NA
"2007-02-09",1682,FALSE,NA,NA,"<= day","daily",NA,NA,NA
"2007-02-10",1601,FALSE,NA,NA,"<= day","daily",NA,NA,NA
"2007-02-11",1510,FALSE,NA,NA,"<= day","daily",NA,NA,NA
"2007-02-12",1390,FALSE,NA,NA,"<= day","daily",NA,NA,NA
"2007-02-13",14275,FALSE,NA,NA,"<= day","daily",NA,NA,NA
"2007-02-14",8994,FALSE,NA,NA,"<= day","daily",NA,NA,NA
"2007-02-15",4839,FALSE,NA,NA,"<= day","daily",NA,NA,NA
"2007-02-16",3383,FALSE,NA,NA,"<= day","daily",NA,NA,NA
"2007-02-17",2716,FALSE,NA,NA,"<= day","daily",NA,NA,NA
"2007-02-18",2331,FALSE,NA,NA,"<= day","daily",NA,NA,NA
"2007-02-19",2106,FALSE,NA,NA,"<= day","daily",NA,NA,NA
"2007-02-20",1852,FALSE,NA,NA,"<= day","daily",NA,NA,NA
"2007-02-21",1637,FALSE,NA,NA,"<= day","daily",NA,NA,NA
"2007-02-22",1506,FALSE,NA,NA,"<= day","daily",NA,NA,NA
"2007-02-23",1365,FALSE,NA,NA,"<= day","daily",NA,NA,NA
"2007-02-24",1259,FALSE,NA,NA,"<= day","daily",NA,NA,NA
"2007-02-25",1168,FALSE,NA,NA,"<= day","daily",NA,NA,NA
"2007-02-26",1481,FALSE,NA,NA,"<= day","daily",NA,NA,NA
"2007-02-27",1417,FALSE,NA,NA,"<= day","daily",NA,NA,NA
"2007-02-28",1309,FALSE,NA,NA,"<= day","daily",NA,NA,NA
"2007-03-01",1298,FALSE,NA,NA,"<= day","daily",NA,NA,NA
"2007-03-02",1391,FALSE,NA,NA,"<= day","daily",NA,NA,NA
"2007-03-03",1886,FALSE,NA,NA,"<= day","daily",NA,NA,NA
"2007-03-04",2693,FALSE,NA,NA,"<= day","daily",NA,NA,NA
"2007-03-05",3193,FALSE,NA,NA,"<= day","daily",NA,NA,NA
"2007-03-06",3099,FALSE,NA,NA,"<= day","daily",NA,NA,NA
"2007-03-07",3055,FALSE,NA,NA,"<= day","daily",NA,NA,NA
"2007-03-08",5521,FALSE,NA,NA,"<= day","daily",NA,NA,NA
"2007-03-09",10770,FALSE,NA,NA,"<= day","daily",NA,NA,NA
"2007-03-10",7730,FALSE,NA,NA,"<= day","daily",NA,NA,NA
"2007-03-11",5586,FALSE,NA,NA,"<= day","daily",NA,NA,NA
"2007-03-12",4718,FALSE,NA,NA,"<= day","daily",NA,NA,NA
"2007-03-13",4240,FALSE,NA,NA,"<= day","daily",NA,NA,NA
"2007-03-14",3814,FALSE,NA,NA,"<= day","daily",NA,NA,NA
"2007-03-15",3512,FALSE,NA,NA,"<= day","daily",NA,NA,NA
"2007-03-16",3356,FALSE,NA,NA,"<= day","daily",NA,NA,NA
"2007-03-17",3198,FALSE,NA,NA,"<= day","daily",NA,NA,NA
"2007-03-18",3083,FALSE,NA,NA,"<= day","daily",NA,NA,NA
"2007-03-19",3477,FALSE,NA,NA,"<= day","daily",NA,NA,NA
"2007-03-20",8620,FALSE,NA,NA,"<= day","daily",NA,NA,NA
"2007-03-21",6814,FALSE,NA,NA,"<= day","daily",NA,NA,NA
"2007-03-22",5703,FALSE,NA,NA,"<= day","daily",NA,NA,NA
"2007-03-23",5728,FALSE,NA,NA,"<= day","daily",NA,NA,NA
"2007-03-24",8287,FALSE,NA,NA,"<= day","daily",NA,NA,NA
"2007-03-25",9403,FALSE,NA,NA,"<= day","daily",NA,NA,NA
"2007-03-26",12769,FALSE,NA,NA,"<= day","daily",NA,NA,NA
"2007-03-27",9944,FALSE,NA,NA,"<= day","daily",NA,NA,NA
"2007-03-28",7555,FALSE,NA,NA,"<= day","daily",NA,NA,NA
"2007-03-29",5929,FALSE,NA,NA,"<= day","daily",NA,NA,NA
"2007-03-30",5074,FALSE,NA,NA,"<= day","daily",NA,NA,NA
"2007-03-31",4489,FALSE,NA,NA,"<= day","daily",NA,NA,NA
"2007-04-01",3985,FALSE,NA,NA,"<= day","daily",NA,NA,NA
"2007-04-02",3652,FALSE,NA,NA,"<= day","daily",NA,NA,NA
"2007-04-03",3587,FALSE,NA,NA,"<= day","daily",NA,NA,NA
"2007-04-04",3488,FALSE,NA,NA,"<= day","daily",NA,NA,NA
"2007-04-05",3260,FALSE,NA,NA,"<= day","daily",NA,NA,NA
"2007-04-06",3143,FALSE,NA,NA,"<= day","daily",NA,NA,NA
"2007-04-07",3055,FALSE,NA,NA,"<= day","daily",NA,NA,NA
"2007-04-08",2941,FALSE,NA,NA,"<= day","daily",NA,NA,NA
"2007-04-09",2856,FALSE,NA,NA,"<= day","daily",NA,NA,NA
"2007-04-10",2798,FALSE,NA,NA,"<= day","daily",NA,NA,NA
"2007-04-11",2700,FALSE,NA,NA,"<= day","daily",NA,NA,NA
"2007-04-12",2649,FALSE,NA,NA,"<= day","daily",NA,NA,NA
"2007-04-13",2552,FALSE,NA,NA,"<= day","daily",NA,NA,NA
"2007-04-14",2512,FALSE,NA,NA,"<= day","daily",NA,NA,NA
"2007-04-15",2433,FALSE,NA,NA,"<= day","daily",NA,NA,NA
"2007-04-16",2418,FALSE,NA,NA,"<= day","daily",NA,NA,NA
"2007-04-17",2316,FALSE,NA,NA,"<= day","daily",NA,NA,NA
"2007-04-18",2302,FALSE,NA,NA,"<= day","daily",NA,NA,NA
"2007-04-19",2202,FALSE,NA,NA,"<= day","daily",NA,NA,NA
"2007-04-20",2202,FALSE,NA,NA,"<= day","daily",NA,NA,NA
"2007-04-21",2110,FALSE,NA,NA,"<= day","daily",NA,NA,NA
"2007-04-22",2064,FALSE,NA,NA,"<= day","daily",NA,NA,NA
"2007-04-23",1983,FALSE,NA,NA,"<= day","daily",NA,NA,NA
"2007-04-24",1983,FALSE,NA,NA,"<= day","daily",NA,NA,NA
"2007-04-25",1965,FALSE,NA,NA,"<= day","daily",NA,NA,NA
"2007-04-26",1877,FALSE,NA,NA,"<= day","daily",NA,NA,NA
"2007-04-27",1868,FALSE,NA,NA,"<= day","daily",NA,NA,NA
"2007-04-28",1778,FALSE,NA,NA,"<= day","daily",NA,NA,NA
"2007-04-29",1783,FALSE,NA,NA,"<= day","daily",NA,NA,NA
"2007-04-30",1774,FALSE,NA,NA,"<= day","daily",NA,NA,NA
"2007-05-01",1753,FALSE,NA,NA,"<= day","daily",NA,NA,NA
"2007-05-02",1674,FALSE,NA,NA,"<= day","daily",NA,NA,NA
"2007-05-03",1674,FALSE,NA,NA,"<= day","daily",NA,NA,NA
"2007-05-04",2064,FALSE,NA,NA,"<= day","daily",NA,NA,NA
"2007-05-05",3028,FALSE,NA,NA,"<= day","daily",NA,NA,NA
"2007-05-06",2337,FALSE,NA,NA,"<= day","daily",NA,NA,NA
"2007-05-07",2128,FALSE,NA,NA,"<= day","daily",NA,NA,NA
"2007-05-08",1992,FALSE,NA,NA,"<= day","daily",NA,NA,NA
"2007-05-09",1917,FALSE,NA,NA,"<= day","daily",NA,NA,NA
"2007-05-10",1877,FALSE,NA,NA,"<= day","daily",NA,NA,NA
"2007-05-11",1783,FALSE,NA,NA,"<= day","daily",NA,NA,NA
"2007-05-12",1783,FALSE,NA,NA,"<= day","daily",NA,NA,NA
"2007-05-13",1687,FALSE,NA,NA,"<= day","daily",NA,NA,NA
"2007-05-14",1674,FALSE,NA,NA,"<= day","daily",NA,NA,NA
"2007-05-15",1658,FALSE,NA,NA,"<= day","daily",NA,NA,NA
"2007-05-16",1584,FALSE,NA,NA,"<= day","daily",NA,NA,NA
"2007-05-17",1592,FALSE,NA,NA,"<= day","daily",NA,NA,NA
"2007-05-18",1596,FALSE,NA,NA,"<= day","daily",NA,NA,NA
"2007-05-19",1541,FALSE,NA,NA,"<= day","daily",NA,NA,NA
"2007-05-20",1482,FALSE,NA,NA,"<= day","daily",NA,NA,NA
"2007-05-21",1482,FALSE,NA,NA,"<= day","daily",NA,NA,NA
"2007-05-22",1463,FALSE,NA,NA,"<= day","daily",NA,NA,NA
"2007-05-23",1728,FALSE,NA,NA,"<= day","daily",NA,NA,NA
"2007-05-24",1576,FALSE,NA,NA,"<= day","daily",NA,NA,NA
"2007-05-25",1576,FALSE,NA,NA,"<= day","daily",NA,NA,NA
"2007-05-26",1502,FALSE,NA,NA,"<= day","daily",NA,NA,NA
"2007-05-27",1577,FALSE,NA,NA,"<= day","daily",NA,NA,NA
"2007-05-28",2233,FALSE,NA,NA,"<= day","daily",NA,NA,NA
"2007-05-29",2768,FALSE,NA,NA,"<= day","daily",NA,NA,NA
"2007-05-30",2695,FALSE,NA,NA,"<= day","daily",NA,NA,NA
"2007-05-31",2384,FALSE,NA,NA,"<= day","daily",NA,NA,NA
"2007-06-01",2235,FALSE,NA,NA,"<= day","daily",NA,NA,NA
"2007-06-02",2165,FALSE,NA,NA,"<= day","daily",NA,NA,NA
"2007-06-03",2119,FALSE,NA,NA,"<= day","daily",NA,NA,NA
"2007-06-04",2299,FALSE,NA,NA,"<= day","daily",NA,NA,NA
"2007-06-05",2264,FALSE,NA,NA,"<= day","daily",NA,NA,NA
"2007-06-06",2415,FALSE,NA,NA,"<= day","daily",NA,NA,NA
"2007-06-07",2799,FALSE,NA,NA,"<= day","daily",NA,NA,NA
"2007-06-08",3535,FALSE,NA,NA,"<= day","daily",NA,NA,NA
"2007-06-09",3302,FALSE,NA,NA,"<= day","daily",NA,NA,NA
"2007-06-10",2778,FALSE,NA,NA,"<= day","daily",NA,NA,NA
"2007-06-11",2532,FALSE,NA,NA,"<= day","daily",NA,NA,NA
"2007-06-12",2588,FALSE,NA,NA,"<= day","daily",NA,NA,NA
"2007-06-13",2404,FALSE,NA,NA,"<= day","daily",NA,NA,NA
"2007-06-14",2495,FALSE,NA,NA,"<= day","daily",NA,NA,NA
"2007-06-15",2283,FALSE,NA,NA,"<= day","daily",NA,NA,NA
"2007-06-16",2207,FALSE,NA,NA,"<= day","daily",NA,NA,NA
"2007-06-17",2184,FALSE,NA,NA,"<= day","daily",NA,NA,NA
"2007-06-18",2091,FALSE,NA,NA,"<= day","daily",NA,NA,NA
"2007-06-19",2015,FALSE,NA,NA,"<= day","daily",NA,NA,NA
"2007-06-20",1965,FALSE,NA,NA,"<= day","daily",NA,NA,NA
"2007-06-21",1886,FALSE,NA,NA,"<= day","daily",NA,NA,NA
"2007-06-22",1843,FALSE,NA,NA,"<= day","daily",NA,NA,NA
"2007-06-23",1774,FALSE,NA,NA,"<= day","daily",NA,NA,NA
"2007-06-24",1691,FALSE,NA,NA,"<= day","daily",NA,NA,NA
"2007-06-25",1674,FALSE,NA,NA,"<= day","daily",NA,NA,NA
"2007-06-26",1658,FALSE,NA,NA,"<= day","daily",NA,NA,NA
"2007-06-27",1660,FALSE,NA,NA,"<= day","daily",NA,NA,NA
"2007-06-28",1989,FALSE,NA,NA,"<= day","daily",NA,NA,NA
"2007-06-29",1707,FALSE,NA,NA,"<= day","daily",NA,NA,NA
"2007-06-30",1662,FALSE,NA,NA,"<= day","daily",NA,NA,NA
"2007-07-01",1576,FALSE,NA,NA,"<= day","daily",NA,NA,NA
"2007-07-02",1553,FALSE,NA,NA,"<= day","daily",NA,NA,NA
"2007-07-03",1486,FALSE,NA,NA,"<= day","daily",NA,NA,NA
"2007-07-04",1732,FALSE,NA,NA,"<= day","daily",NA,NA,NA
"2007-07-05",2437,FALSE,NA,NA,"<= day","daily",NA,NA,NA
"2007-07-06",1979,FALSE,NA,NA,"<= day","daily",NA,NA,NA
"2007-07-07",1795,FALSE,NA,NA,"<= day","daily",NA,NA,NA
"2007-07-08",1687,FALSE,NA,NA,"<= day","daily",NA,NA,NA
"2007-07-09",1633,FALSE,NA,NA,"<= day","daily",NA,NA,NA
"2007-07-10",1741,FALSE,NA,NA,"<= day","daily",NA,NA,NA
"2007-07-11",1691,FALSE,NA,NA,"<= day","daily",NA,NA,NA
"2007-07-12",1625,FALSE,NA,NA,"<= day","daily",NA,NA,NA
"2007-07-13",1568,FALSE,NA,NA,"<= day","daily",NA,NA,NA
"2007-07-14",1482,FALSE,NA,NA,"<= day","daily",NA,NA,NA
"2007-07-15",1421,FALSE,NA,NA,"<= day","daily",NA,NA,NA
"2007-07-16",1390,FALSE,NA,NA,"<= day","daily",NA,NA,NA
"2007-07-17",1350,FALSE,NA,NA,"<= day","daily",NA,NA,NA
"2007-07-18",1302,FALSE,NA,NA,"<= day","daily",NA,NA,NA
"2007-07-19",1302,FALSE,NA,NA,"<= day","daily",NA,NA,NA
"2007-07-20",1273,FALSE,NA,NA,"<= day","daily",NA,NA,NA
"2007-07-21",1216,FALSE,NA,NA,"<= day","daily",NA,NA,NA
"2007-07-22",1216,FALSE,NA,NA,"<= day","daily",NA,NA,NA
"2007-07-23",1220,FALSE,NA,NA,"<= day","daily",NA,NA,NA
"2007-07-24",1227,FALSE,NA,NA,"<= day","daily",NA,NA,NA
"2007-07-25",1227,FALSE,NA,NA,"<= day","daily",NA,NA,NA
"2007-07-26",1216,FALSE,NA,NA,"<= day","daily",NA,NA,NA
"2007-07-27",1220,FALSE,NA,NA,"<= day","daily",NA,NA,NA
"2007-07-28",1199,FALSE,NA,NA,"<= day","daily",NA,NA,NA
"2007-07-29",1157,FALSE,NA,NA,"<= day","daily",NA,NA,NA
"2007-07-30",1411,FALSE,NA,NA,"<= day","daily",NA,NA,NA
"2007-07-31",1278,FALSE,NA,NA,"<= day","daily",NA,NA,NA
"2007-08-01",1175,FALSE,NA,NA,"<= day","daily",NA,NA,NA
"2007-08-02",1141,FALSE,NA,NA,"<= day","daily",NA,NA,NA
"2007-08-03",1143,FALSE,NA,NA,"<= day","daily",NA,NA,NA
"2007-08-04",1147,FALSE,NA,NA,"<= day","daily",NA,NA,NA
"2007-08-05",1133,FALSE,NA,NA,"<= day","daily",NA,NA,NA
"2007-08-06",1141,FALSE,NA,NA,"<= day","daily",NA,NA,NA
"2007-08-07",1113,FALSE,NA,NA,"<= day","daily",NA,NA,NA
"2007-08-08",1113,FALSE,NA,NA,"<= day","daily",NA,NA,NA
"2007-08-09",1127,FALSE,NA,NA,"<= day","daily",NA,NA,NA
"2007-08-10",1176,FALSE,NA,NA,"<= day","daily",NA,NA,NA
"2007-08-11",1484,FALSE,NA,NA,"<= day","daily",NA,NA,NA
"2007-08-12",1568,FALSE,NA,NA,"<= day","daily",NA,NA,NA
"2007-08-13",1471,FALSE,NA,NA,"<= day","daily",NA,NA,NA
"2007-08-14",1335,FALSE,NA,NA,"<= day","daily",NA,NA,NA
"2007-08-15",1216,FALSE,NA,NA,"<= day","daily",NA,NA,NA
"2007-08-16",1136,FALSE,NA,NA,"<= day","daily",NA,NA,NA
"2007-08-17",1133,FALSE,NA,NA,"<= day","daily",NA,NA,NA
"2007-08-18",1060,FALSE,NA,NA,"<= day","daily",NA,NA,NA
"2007-08-19",1056,FALSE,NA,NA,"<= day","daily",NA,NA,NA
"2007-08-20",1193,FALSE,NA,NA,"<= day","daily",NA,NA,NA
"2007-08-21",1161,FALSE,NA,NA,"<= day","daily",NA,NA,NA
"2007-08-22",1232,FALSE,NA,NA,"<= day","daily",NA,NA,NA
"2007-08-23",1326,FALSE,NA,NA,"<= day","daily",NA,NA,NA
"2007-08-24",1241,FALSE,NA,NA,"<= day","daily",NA,NA,NA
"2007-08-25",1181,FALSE,NA,NA,"<= day","daily",NA,NA,NA
"2007-08-26",1133,FALSE,NA,NA,"<= day","daily",NA,NA,NA
"2007-08-27",1133,FALSE,NA,NA,"<= day","daily",NA,NA,NA
"2007-08-28",1161,FALSE,NA,NA,"<= day","daily",NA,NA,NA
"2007-08-29",1133,FALSE,NA,NA,"<= day","daily",NA,NA,NA
"2007-08-30",1197,FALSE,NA,NA,"<= day","daily",NA,NA,NA
"2007-08-31",1217,FALSE,NA,NA,"<= day","daily",NA,NA,NA
"2007-09-01",1154,FALSE,NA,NA,"<= day","daily",NA,NA,NA
"2007-09-02",1133,FALSE,NA,NA,"<= day","daily",NA,NA,NA
"2007-09-03",1133,FALSE,NA,NA,"<= day","daily",NA,NA,NA
"2007-09-04",2480,FALSE,NA,NA,"<= day","daily",NA,NA,NA
"2007-09-05",2618,FALSE,NA,NA,"<= day","daily",NA,NA,NA
"2007-09-06",2221,FALSE,NA,NA,"<= day","daily",NA,NA,NA
"2007-09-07",2479,FALSE,NA,NA,"<= day","daily",NA,NA,NA
"2007-09-08",2361,FALSE,NA,NA,"<= day","daily",NA,NA,NA
"2007-09-09",2137,FALSE,NA,NA,"<= day","daily",NA,NA,NA
"2007-09-10",1997,FALSE,NA,NA,"<= day","daily",NA,NA,NA
"2007-09-11",3966,FALSE,NA,NA,"<= day","daily",NA,NA,NA
"2007-09-12",2919,FALSE,NA,NA,"<= day","daily",NA,NA,NA
"2007-09-13",2424,FALSE,NA,NA,"<= day","daily",NA,NA,NA
"2007-09-14",2207,FALSE,NA,NA,"<= day","daily",NA,NA,NA
"2007-09-15",2051,FALSE,NA,NA,"<= day","daily",NA,NA,NA
"2007-09-16",1926,FALSE,NA,NA,"<= day","daily",NA,NA,NA
"2007-09-17",1843,FALSE,NA,NA,"<= day","daily",NA,NA,NA
"2007-09-18",1834,FALSE,NA,NA,"<= day","daily",NA,NA,NA
"2007-09-19",3299,FALSE,NA,NA,"<= day","daily",NA,NA,NA
"2007-09-20",2519,FALSE,NA,NA,"<= day","daily",NA,NA,NA
"2007-09-21",2259,FALSE,NA,NA,"<= day","daily",NA,NA,NA
"2007-09-22",2119,FALSE,NA,NA,"<= day","daily",NA,NA,NA
"2007-09-23",1974,FALSE,NA,NA,"<= day","daily",NA,NA,NA
"2007-09-24",1877,FALSE,NA,NA,"<= day","daily",NA,NA,NA
"2007-09-25",1778,FALSE,NA,NA,"<= day","daily",NA,NA,NA
"2007-09-26",1741,FALSE,NA,NA,"<= day","daily",NA,NA,NA
"2007-09-27",3150,FALSE,NA,NA,"<= day","daily",NA,NA,NA
"2007-09-28",8054,FALSE,NA,NA,"<= day","daily",NA,NA,NA
"2007-09-29",4418,FALSE,NA,NA,"<= day","daily",NA,NA,NA
"2007-09-30",3184,FALSE,NA,NA,"<= day","daily",NA,NA,NA
"2007-10-01",2757,FALSE,NA,NA,"<= day","daily",NA,NA,NA
"2007-10-02",2562,FALSE,NA,NA,"<= day","daily",NA,NA,NA
"2007-10-03",2409,FALSE,NA,NA,"<= day","daily",NA,NA,NA
"2007-10-04",2288,FALSE,NA,NA,"<= day","daily",NA,NA,NA
"2007-10-05",2179,FALSE,NA,NA,"<= day","daily",NA,NA,NA
"2007-10-06",12873,FALSE,NA,NA,"<= day","daily",NA,NA,NA
"2007-10-07",11478,FALSE,NA,NA,"<= day","daily",NA,NA,NA
"2007-10-08",4918,FALSE,NA,NA,"<= day","daily",NA,NA,NA
"2007-10-09",3560,FALSE,NA,NA,"<= day","daily",NA,NA,NA
"2007-10-10",3105,FALSE,NA,NA,"<= day","daily",NA,NA,NA
"2007-10-11",2867,FALSE,NA,NA,"<= day","daily",NA,NA,NA
"2007-10-12",2726,FALSE,NA,NA,"<= day","daily",NA,NA,NA
"2007-10-13",2547,FALSE,NA,NA,"<= day","daily",NA,NA,NA
"2007-10-14",2409,FALSE,NA,NA,"<= day","daily",NA,NA,NA
"2007-10-15",2326,FALSE,NA,NA,"<= day","daily",NA,NA,NA
"2007-10-16",2202,FALSE,NA,NA,"<= day","daily",NA,NA,NA
"2007-10-17",2105,FALSE,NA,NA,"<= day","daily",NA,NA,NA
"2007-10-18",2241,FALSE,NA,NA,"<= day","daily",NA,NA,NA
"2007-10-19",2573,FALSE,NA,NA,"<= day","daily",NA,NA,NA
"2007-10-20",2379,FALSE,NA,NA,"<= day","daily",NA,NA,NA
"2007-10-21",2316,FALSE,NA,NA,"<= day","daily",NA,NA,NA
"2007-10-22",2829,FALSE,NA,NA,"<= day","daily",NA,NA,NA
"2007-10-23",9124,FALSE,NA,NA,"<= day","daily",NA,NA,NA
"2007-10-24",11075,FALSE,NA,NA,"<= day","daily",NA,NA,NA
"2007-10-25",7792,FALSE,NA,NA,"<= day","daily",NA,NA,NA
"2007-10-26",6205,FALSE,NA,NA,"<= day","daily",NA,NA,NA
"2007-10-27",7297,FALSE,NA,NA,"<= day","daily",NA,NA,NA
"2007-10-28",5758,FALSE,NA,NA,"<= day","daily",NA,NA,NA
"2007-10-29",4739,FALSE,NA,NA,"<= day","daily",NA,NA,NA
"2007-10-30",4227,FALSE,NA,NA,"<= day","daily",NA,NA,NA
"2007-10-31",8009,FALSE,NA,NA,"<= day","daily",NA,NA,NA
"2007-11-01",6402,FALSE,NA,NA,"<= day","daily",NA,NA,NA
"2007-11-02",4867,FALSE,NA,NA,"<= day","daily",NA,NA,NA
"2007-11-03",4108,FALSE,NA,NA,"<= day","daily",NA,NA,NA
"2007-11-04",3671,FALSE,NA,NA,"<= day","daily",NA,NA,NA
"2007-11-05",3305,FALSE,NA,NA,"<= day","daily",NA,NA,NA
"2007-11-06",3099,FALSE,NA,NA,"<= day","daily",NA,NA,NA
"2007-11-07",2947,FALSE,NA,NA,"<= day","daily",NA,NA,NA
"2007-11-08",2819,FALSE,NA,NA,"<= day","daily",NA,NA,NA
"2007-11-09",4275,FALSE,NA,NA,"<= day","daily",NA,NA,NA
"2007-11-10",6101,FALSE,NA,NA,"<= day","daily",NA,NA,NA
"2007-11-11",4517,FALSE,NA,NA,"<= day","daily",NA,NA,NA
"2007-11-12",3887,FALSE,NA,NA,"<= day","daily",NA,NA,NA
"2007-11-13",3448,FALSE,NA,NA,"<= day","daily",NA,NA,NA
"2007-11-14",3333,FALSE,NA,NA,"<= day","daily",NA,NA,NA
"2007-11-15",3177,FALSE,NA,NA,"<= day","daily",NA,NA,NA
"2007-11-16",2968,FALSE,NA,NA,"<= day","daily",NA,NA,NA
"2007-11-17",2920,FALSE,NA,NA,"<= day","daily",NA,NA,NA
"2007-11-18",2925,FALSE,NA,NA,"<= day","daily",NA,NA,NA
"2007-11-19",2830,FALSE,NA,NA,"<= day","daily",NA,NA,NA
"2007-11-20",2809,FALSE,NA,NA,"<= day","daily",NA,NA,NA
"2007-11-21",2809,FALSE,NA,NA,"<= day","daily",NA,NA,NA
"2007-11-22",3018,FALSE,NA,NA,"<= day","daily",NA,NA,NA
"2007-11-23",3305,FALSE,NA,NA,"<= day","daily",NA,NA,NA
"2007-11-24",3182,FALSE,NA,NA,"<= day","daily",NA,NA,NA
"2007-11-25",3176,FALSE,NA,NA,"<= day","daily",NA,NA,NA
"2007-11-26",5663,FALSE,NA,NA,"<= day","daily",NA,NA,NA
"2007-11-27",6597,FALSE,NA,NA,"<= day","daily",NA,NA,NA
"2007-11-28",5063,FALSE,NA,NA,"<= day","daily",NA,NA,NA
"2007-11-29",4354,FALSE,NA,NA,"<= day","daily",NA,NA,NA
"2007-11-30",3899,FALSE,NA,NA,"<= day","daily",NA,NA,NA
"2007-12-01",3495,FALSE,NA,NA,"<= day","daily",NA,NA,NA
"2007-12-02",3232,FALSE,NA,NA,"<= day","daily",NA,NA,NA
"2007-12-03",3417,FALSE,NA,NA,"<= day","daily",NA,NA,NA
"2007-12-04",3357,FALSE,NA,NA,"<= day","daily",NA,NA,NA
"2007-12-05",3116,FALSE,NA,NA,"<= day","daily",NA,NA,NA
"2007-12-06",3055,FALSE,NA,NA,"<= day","daily",NA,NA,NA
"2007-12-07",3044,FALSE,NA,NA,"<= day","daily",NA,NA,NA
"2007-12-08",6714,FALSE,NA,NA,"<= day","daily",NA,NA,NA
"2007-12-09",6837,FALSE,NA,NA,"<= day","daily",NA,NA,NA
"2007-12-10",9565,FALSE,NA,NA,"<= day","daily",NA,NA,NA
"2007-12-11",8074,FALSE,NA,NA,"<= day","daily",NA,NA,NA
"2007-12-12",6291,FALSE,NA,NA,"<= day","daily",NA,NA,NA
"2007-12-13",7719,FALSE,NA,NA,"<= day","daily",NA,NA,NA
"2007-12-14",6675,FALSE,NA,NA,"<= day","daily",NA,NA,NA
"2007-12-15",5415,FALSE,NA,NA,"<= day","daily",NA,NA,NA
"2007-12-16",4620,FALSE,NA,NA,"<= day","daily",NA,NA,NA
"2007-12-17",4040,FALSE,NA,NA,"<= day","daily",NA,NA,NA
"2007-12-18",3676,FALSE,NA,NA,"<= day","daily",NA,NA,NA
"2007-12-19",3425,FALSE,NA,NA,"<= day","daily",NA,NA,NA
"2007-12-20",3249,FALSE,NA,NA,"<= day","daily",NA,NA,NA
"2007-12-21",3138,FALSE,NA,NA,"<= day","daily",NA,NA,NA
"2007-12-22",3050,FALSE,NA,NA,"<= day","daily",NA,NA,NA
"2007-12-23",2925,FALSE,NA,NA,"<= day","daily",NA,NA,NA
"2007-12-24",2872,FALSE,NA,NA,"<= day","daily",NA,NA,NA
"2007-12-25",2798,FALSE,NA,NA,"<= day","daily",NA,NA,NA
"2007-12-26",2715,FALSE,NA,NA,"<= day","daily",NA,NA,NA
"2007-12-27",2633,FALSE,NA,NA,"<= day","daily",NA,NA,NA
"2007-12-28",2552,FALSE,NA,NA,"<= day","daily",NA,NA,NA
"2007-12-29",2547,FALSE,NA,NA,"<= day","daily",NA,NA,NA
"2007-12-30",2507,FALSE,NA,NA,"<= day","daily",NA,NA,NA
"2007-12-31",2433,FALSE,NA,NA,"<= day","daily",NA,NA,NA
"2008-01-01",2365,FALSE,NA,NA,"<= day","daily",NA,NA,NA
"2008-01-02",2316,FALSE,NA,NA,"<= day","daily",NA,NA,NA
"2008-01-03",2278,FALSE,NA,NA,"<= day","daily",NA,NA,NA
"2008-01-04",2202,FALSE,NA,NA,"<= day","daily",NA,NA,NA
"2008-01-05",2119,FALSE,NA,NA,"<= day","daily",NA,NA,NA
"2008-01-06",2170,FALSE,NA,NA,"<= day","daily",NA,NA,NA
"2008-01-07",2545,FALSE,NA,NA,"<= day","daily",NA,NA,NA
"2008-01-08",3369,FALSE,NA,NA,"<= day","daily",NA,NA,NA
"2008-01-09",3850,FALSE,NA,NA,"<= day","daily",NA,NA,NA
"2008-01-10",3523,FALSE,NA,NA,"<= day","daily",NA,NA,NA
"2008-01-11",3333,FALSE,NA,NA,"<= day","daily",NA,NA,NA
"2008-01-12",3600,FALSE,NA,NA,"<= day","daily",NA,NA,NA
"2008-01-13",5733,FALSE,NA,NA,"<= day","daily",NA,NA,NA
"2008-01-14",7709,FALSE,NA,NA,"<= day","daily",NA,NA,NA
"2008-01-15",5873,FALSE,NA,NA,"<= day","daily",NA,NA,NA
"2008-01-16",4905,FALSE,NA,NA,"<= day","daily",NA,NA,NA
"2008-01-17",4247,FALSE,NA,NA,"<= day","daily",NA,NA,NA
"2008-01-18",3778,FALSE,NA,NA,"<= day","daily",NA,NA,NA
"2008-01-19",3431,FALSE,NA,NA,"<= day","daily",NA,NA,NA
"2008-01-20",3266,FALSE,NA,NA,"<= day","daily",NA,NA,NA
"2008-01-21",3187,FALSE,NA,NA,"<= day","daily",NA,NA,NA
"2008-01-22",3154,FALSE,NA,NA,"<= day","daily",NA,NA,NA
"2008-01-23",2910,FALSE,NA,NA,"<= day","daily",NA,NA,NA
"2008-01-24",2809,FALSE,NA,NA,"<= day","daily",NA,NA,NA
"2008-01-25",2721,FALSE,NA,NA,"<= day","daily",NA,NA,NA
"2008-01-26",2664,FALSE,NA,NA,"<= day","daily",NA,NA,NA
"2008-01-27",2669,FALSE,NA,NA,"<= day","daily",NA,NA,NA
"2008-01-28",2507,FALSE,NA,NA,"<= day","daily",NA,NA,NA
"2008-01-29",2433,FALSE,NA,NA,"<= day","daily",NA,NA,NA
"2008-01-30",2418,FALSE,NA,NA,"<= day","daily",NA,NA,NA
"2008-01-31",2331,FALSE,NA,NA,"<= day","daily",NA,NA,NA
"2008-02-01",2316,FALSE,NA,NA,"<= day","daily",NA,NA,NA
"2008-02-02",2346,FALSE,NA,NA,"<= day","daily",NA,NA,NA
"2008-02-03",3137,FALSE,NA,NA,"<= day","daily",NA,NA,NA
"2008-02-04",8112,FALSE,NA,NA,"<= day","daily",NA,NA,NA
"2008-02-05",9322,FALSE,NA,NA,"<= day","daily",NA,NA,NA
"2008-02-06",6273,FALSE,NA,NA,"<= day","daily",NA,NA,NA
"2008-02-07",4975,FALSE,NA,NA,"<= day","daily",NA,NA,NA
"2008-02-08",4215,FALSE,NA,NA,"<= day","daily",NA,NA,NA
"2008-02-09",3844,FALSE,NA,NA,"<= day","daily",NA,NA,NA
"2008-02-10",3588,FALSE,NA,NA,"<= day","daily",NA,NA,NA
"2008-02-11",3385,FALSE,NA,NA,"<= day","daily",NA,NA,NA
"2008-02-12",3193,FALSE,NA,NA,"<= day","daily",NA,NA,NA
"2008-02-13",3055,FALSE,NA,NA,"<= day","daily",NA,NA,NA
"2008-02-14",2947,FALSE,NA,NA,"<= day","daily",NA,NA,NA
"2008-02-15",2862,FALSE,NA,NA,"<= day","daily",NA,NA,NA
"2008-02-16",2736,FALSE,NA,NA,"<= day","daily",NA,NA,NA
"2008-02-17",2583,FALSE,NA,NA,"<= day","daily",NA,NA,NA
"2008-02-18",2552,FALSE,NA,NA,"<= day","daily",NA,NA,NA
"2008-02-19",2542,FALSE,NA,NA,"<= day","daily",NA,NA,NA
"2008-02-20",2433,FALSE,NA,NA,"<= day","daily",NA,NA,NA
"2008-02-21",2375,FALSE,NA,NA,"<= day","daily",NA,NA,NA
"2008-02-22",2326,FALSE,NA,NA,"<= day","daily",NA,NA,NA
"2008-02-23",2254,FALSE,NA,NA,"<= day","daily",NA,NA,NA
"2008-02-24",2202,FALSE,NA,NA,"<= day","daily",NA,NA,NA
"2008-02-25",2160,FALSE,NA,NA,"<= day","daily",NA,NA,NA
"2008-02-26",2091,FALSE,NA,NA,"<= day","daily",NA,NA,NA
"2008-02-27",2073,FALSE,NA,NA,"<= day","daily",NA,NA,NA
"2008-02-28",2001,FALSE,NA,NA,"<= day","daily",NA,NA,NA
"2008-02-29",1992,FALSE,NA,NA,"<= day","daily",NA,NA,NA
"2008-03-01",1983,FALSE,NA,NA,"<= day","daily",NA,NA,NA
"2008-03-02",1957,FALSE,NA,NA,"<= day","daily",NA,NA,NA
"2008-03-03",1877,FALSE,NA,NA,"<= day","daily",NA,NA,NA
"2008-03-04",2204,FALSE,NA,NA,"<= day","daily",NA,NA,NA
"2008-03-05",2311,FALSE,NA,NA,"<= day","daily",NA,NA,NA
"2008-03-06",2216,FALSE,NA,NA,"<= day","daily",NA,NA,NA
"2008-03-07",2264,FALSE,NA,NA,"<= day","daily",NA,NA,NA
"2008-03-08",2419,FALSE,NA,NA,"<= day","daily",NA,NA,NA
"2008-03-09",2825,FALSE,NA,NA,"<= day","daily",NA,NA,NA
"2008-03-10",3244,FALSE,NA,NA,"<= day","daily",NA,NA,NA
"2008-03-11",3322,FALSE,NA,NA,"<= day","daily",NA,NA,NA
"2008-03-12",3266,FALSE,NA,NA,"<= day","daily",NA,NA,NA
"2008-03-13",3393,FALSE,NA,NA,"<= day","daily",NA,NA,NA
"2008-03-14",3564,FALSE,NA,NA,"<= day","daily",NA,NA,NA
"2008-03-15",3328,FALSE,NA,NA,"<= day","daily",NA,NA,NA
"2008-03-16",3198,FALSE,NA,NA,"<= day","daily",NA,NA,NA
"2008-03-17",4120,FALSE,NA,NA,"<= day","daily",NA,NA,NA
"2008-03-18",6680,FALSE,NA,NA,"<= day","daily",NA,NA,NA
"2008-03-19",8396,FALSE,NA,NA,"<= day","daily",NA,NA,NA
"2008-03-20",7740,FALSE,NA,NA,"<= day","daily",NA,NA,NA
"2008-03-21",6596,FALSE,NA,NA,"<= day","daily",NA,NA,NA
"2008-03-22",8760,FALSE,NA,NA,"<= day","daily",NA,NA,NA
"2008-03-23",10714,FALSE,NA,NA,"<= day","daily",NA,NA,NA
"2008-03-24",19536,FALSE,NA,NA,"<= day","daily",NA,NA,NA
"2008-03-25",13258,FALSE,NA,NA,"<= day","daily",NA,NA,NA
"2008-03-26",9713,FALSE,NA,NA,"<= day","daily",NA,NA,NA
"2008-03-27",8453,FALSE,NA,NA,"<= day","daily",NA,NA,NA
"2008-03-28",8295,FALSE,NA,NA,"<= day","daily",NA,NA,NA
"2008-03-29",9649,FALSE,NA,NA,"<= day","daily",NA,NA,NA
"2008-03-30",11780,FALSE,NA,NA,"<= day","daily",NA,NA,NA
"2008-03-31",8778,FALSE,NA,NA,"<= day","daily",NA,NA,NA
"2008-04-01",6526,FALSE,NA,NA,"<= day","daily",NA,NA,NA
"2008-04-02",5654,FALSE,NA,NA,"<= day","daily",NA,NA,NA
"2008-04-03",5738,FALSE,NA,NA,"<= day","daily",NA,NA,NA
"2008-04-04",5012,FALSE,NA,NA,"<= day","daily",NA,NA,NA
"2008-04-05",4625,FALSE,NA,NA,"<= day","daily",NA,NA,NA
"2008-04-06",4360,FALSE,NA,NA,"<= day","daily",NA,NA,NA
"2008-04-07",4040,FALSE,NA,NA,"<= day","daily",NA,NA,NA
"2008-04-08",3682,FALSE,NA,NA,"<= day","daily",NA,NA,NA
"2008-04-09",3494,FALSE,NA,NA,"<= day","daily",NA,NA,NA
"2008-04-10",3356,FALSE,NA,NA,"<= day","daily",NA,NA,NA
"2008-04-11",3176,FALSE,NA,NA,"<= day","daily",NA,NA,NA
"2008-04-12",3486,FALSE,NA,NA,"<= day","daily",NA,NA,NA
"2008-04-13",6277,FALSE,NA,NA,"<= day","daily",NA,NA,NA
"2008-04-14",5109,FALSE,NA,NA,"<= day","daily",NA,NA,NA
"2008-04-15",4573,FALSE,NA,NA,"<= day","daily",NA,NA,NA
"2008-04-16",4133,FALSE,NA,NA,"<= day","daily",NA,NA,NA
"2008-04-17",3886,FALSE,NA,NA,"<= day","daily",NA,NA,NA
"2008-04-18",3723,FALSE,NA,NA,"<= day","daily",NA,NA,NA
"2008-04-19",3951,FALSE,NA,NA,"<= day","daily",NA,NA,NA
"2008-04-20",3771,FALSE,NA,NA,"<= day","daily",NA,NA,NA
"2008-04-21",3812,FALSE,NA,NA,"<= day","daily",NA,NA,NA
"2008-04-22",3978,FALSE,NA,NA,"<= day","daily",NA,NA,NA
"2008-04-23",3694,FALSE,NA,NA,"<= day","daily",NA,NA,NA
"2008-04-24",3442,FALSE,NA,NA,"<= day","daily",NA,NA,NA
"2008-04-25",3397,FALSE,NA,NA,"<= day","daily",NA,NA,NA
"2008-04-26",3413,FALSE,NA,NA,"<= day","daily",NA,NA,NA
"2008-04-27",3266,FALSE,NA,NA,"<= day","daily",NA,NA,NA
"2008-04-28",3187,FALSE,NA,NA,"<= day","daily",NA,NA,NA
"2008-04-29",3187,FALSE,NA,NA,"<= day","daily",NA,NA,NA
"2008-04-30",3050,FALSE,NA,NA,"<= day","daily",NA,NA,NA
"2008-05-01",2925,FALSE,NA,NA,"<= day","daily",NA,NA,NA
"2008-05-02",2824,FALSE,NA,NA,"<= day","daily",NA,NA,NA
"2008-05-03",2736,FALSE,NA,NA,"<= day","daily",NA,NA,NA
"2008-05-04",2674,FALSE,NA,NA,"<= day","daily",NA,NA,NA
"2008-05-05",2669,FALSE,NA,NA,"<= day","daily",NA,NA,NA
"2008-05-06",2577,FALSE,NA,NA,"<= day","daily",NA,NA,NA
"2008-05-07",2552,FALSE,NA,NA,"<= day","daily",NA,NA,NA
"2008-05-08",2453,FALSE,NA,NA,"<= day","daily",NA,NA,NA
"2008-05-09",2428,FALSE,NA,NA,"<= day","daily",NA,NA,NA
"2008-05-10",2326,FALSE,NA,NA,"<= day","daily",NA,NA,NA
"2008-05-11",2292,FALSE,NA,NA,"<= day","daily",NA,NA,NA
"2008-05-12",2202,FALSE,NA,NA,"<= day","daily",NA,NA,NA
"2008-05-13",2188,FALSE,NA,NA,"<= day","daily",NA,NA,NA
"2008-05-14",2105,FALSE,NA,NA,"<= day","daily",NA,NA,NA
"2008-05-15",2091,FALSE,NA,NA,"<= day","daily",NA,NA,NA
"2008-05-16",2015,FALSE,NA,NA,"<= day","daily",NA,NA,NA
"2008-05-17",1983,FALSE,NA,NA,"<= day","daily",NA,NA,NA
"2008-05-18",1983,FALSE,NA,NA,"<= day","daily",NA,NA,NA
"2008-05-19",1979,FALSE,NA,NA,"<= day","daily",NA,NA,NA
"2008-05-20",2177,FALSE,NA,NA,"<= day","daily",NA,NA,NA
"2008-05-21",2812,FALSE,NA,NA,"<= day","daily",NA,NA,NA
"2008-05-22",4393,FALSE,NA,NA,"<= day","daily",NA,NA,NA
"2008-05-23",3590,FALSE,NA,NA,"<= day","daily",NA,NA,NA
"2008-05-24",3216,FALSE,NA,NA,"<= day","daily",NA,NA,NA
"2008-05-25",2862,FALSE,NA,NA,"<= day","daily",NA,NA,NA
"2008-05-26",2669,FALSE,NA,NA,"<= day","daily",NA,NA,NA
"2008-05-27",2562,FALSE,NA,NA,"<= day","daily",NA,NA,NA
"2008-05-28",2453,FALSE,NA,NA,"<= day","daily",NA,NA,NA
"2008-05-29",2370,FALSE,NA,NA,"<= day","daily",NA,NA,NA
"2008-05-30",2573,FALSE,NA,NA,"<= day","daily",NA,NA,NA
"2008-05-31",2615,FALSE,NA,NA,"<= day","daily",NA,NA,NA
"2008-06-01",2336,FALSE,NA,NA,"<= day","daily",NA,NA,NA
"2008-06-02",2265,FALSE,NA,NA,"<= day","daily",NA,NA,NA
"2008-06-03",2662,FALSE,NA,NA,"<= day","daily",NA,NA,NA
"2008-06-04",2551,FALSE,NA,NA,"<= day","daily",NA,NA,NA
"2008-06-05",3638,FALSE,NA,NA,"<= day","daily",NA,NA,NA
"2008-06-06",4535,FALSE,NA,NA,"<= day","daily",NA,NA,NA
"2008-06-07",4498,FALSE,NA,NA,"<= day","daily",NA,NA,NA
"2008-06-08",8127,FALSE,NA,NA,"<= day","daily",NA,NA,NA
"2008-06-09",12647,FALSE,NA,NA,"<= day","daily",NA,NA,NA
"2008-06-10",7212,FALSE,NA,NA,"<= day","daily",NA,NA,NA
"2008-06-11",4383,FALSE,NA,NA,"<= day","daily",NA,NA,NA
"2008-06-12",3325,FALSE,NA,NA,"<= day","daily",NA,NA,NA
"2008-06-13",2846,FALSE,NA,NA,"<= day","daily",NA,NA,NA
"2008-06-14",2659,FALSE,NA,NA,"<= day","daily",NA,NA,NA
"2008-06-15",2458,FALSE,NA,NA,"<= day","daily",NA,NA,NA
"2008-06-16",2283,FALSE,NA,NA,"<= day","daily",NA,NA,NA
"2008-06-17",2133,FALSE,NA,NA,"<= day","daily",NA,NA,NA
"2008-06-18",6349,FALSE,NA,NA,"<= day","daily",NA,NA,NA
"2008-06-19",4629,FALSE,NA,NA,"<= day","daily",NA,NA,NA
"2008-06-20",3241,FALSE,NA,NA,"<= day","daily",NA,NA,NA
"2008-06-21",2660,FALSE,NA,NA,"<= day","daily",NA,NA,NA
"2008-06-22",2312,FALSE,NA,NA,"<= day","daily",NA,NA,NA
"2008-06-23",2128,FALSE,NA,NA,"<= day","daily",NA,NA,NA
"2008-06-24",1957,FALSE,NA,NA,"<= day","daily",NA,NA,NA
"2008-06-25",1838,FALSE,NA,NA,"<= day","daily",NA,NA,NA
"2008-06-26",1737,FALSE,NA,NA,"<= day","daily",NA,NA,NA
"2008-06-27",1658,FALSE,NA,NA,"<= day","daily",NA,NA,NA
"2008-06-28",1679,FALSE,NA,NA,"<= day","daily",NA,NA,NA
"2008-06-29",1506,FALSE,NA,NA,"<= day","daily",NA,NA,NA
"2008-06-30",1398,FALSE,NA,NA,"<= day","daily",NA,NA,NA
"2008-07-01",1309,FALSE,NA,NA,"<= day","daily",NA,NA,NA
"2008-07-02",1238,FALSE,NA,NA,"<= day","daily",NA,NA,NA
"2008-07-03",1320,FALSE,NA,NA,"<= day","daily",NA,NA,NA
"2008-07-04",9633,FALSE,NA,NA,"<= day","daily",NA,NA,NA
"2008-07-05",20313,FALSE,NA,NA,"<= day","daily",NA,NA,NA
"2008-07-06",5053,FALSE,NA,NA,"<= day","daily",NA,NA,NA
"2008-07-07",3053,FALSE,NA,NA,"<= day","daily",NA,NA,NA
"2008-07-08",2520,FALSE,NA,NA,"<= day","daily",NA,NA,NA
"2008-07-09",2143,FALSE,NA,NA,"<= day","daily",NA,NA,NA
"2008-07-10",1886,FALSE,NA,NA,"<= day","daily",NA,NA,NA
"2008-07-11",1716,FALSE,NA,NA,"<= day","daily",NA,NA,NA
"2008-07-12",1580,FALSE,NA,NA,"<= day","daily",NA,NA,NA
"2008-07-13",1463,FALSE,NA,NA,"<= day","daily",NA,NA,NA
"2008-07-14",6929,FALSE,NA,NA,"<= day","daily",NA,NA,NA
"2008-07-15",4194,FALSE,NA,NA,"<= day","daily",NA,NA,NA
"2008-07-16",2610,FALSE,NA,NA,"<= day","daily",NA,NA,NA
"2008-07-17",2226,FALSE,NA,NA,"<= day","daily",NA,NA,NA
"2008-07-18",2277,FALSE,NA,NA,"<= day","daily",NA,NA,NA
"2008-07-19",2083,FALSE,NA,NA,"<= day","daily",NA,NA,NA
"2008-07-20",1847,FALSE,NA,NA,"<= day","daily",NA,NA,NA
"2008-07-21",2362,FALSE,NA,NA,"<= day","daily",NA,NA,NA
"2008-07-22",2649,FALSE,NA,NA,"<= day","daily",NA,NA,NA
"2008-07-23",2726,FALSE,NA,NA,"<= day","daily",NA,NA,NA
"2008-07-24",2598,FALSE,NA,NA,"<= day","daily",NA,NA,NA
"2008-07-25",2250,FALSE,NA,NA,"<= day","daily",NA,NA,NA
"2008-07-26",4639,FALSE,NA,NA,"<= day","daily",NA,NA,NA
"2008-07-27",7139,FALSE,NA,NA,"<= day","daily",NA,NA,NA
"2008-07-28",3291,FALSE,NA,NA,"<= day","daily",NA,NA,NA
"2008-07-29",2539,FALSE,NA,NA,"<= day","daily",NA,NA,NA
"2008-07-30",2184,FALSE,NA,NA,"<= day","daily",NA,NA,NA
"2008-07-31",1930,FALSE,NA,NA,"<= day","daily",NA,NA,NA
"2008-08-01",1762,FALSE,NA,NA,"<= day","daily",NA,NA,NA
"2008-08-02",1739,FALSE,NA,NA,"<= day","daily",NA,NA,NA
"2008-08-03",1561,FALSE,NA,NA,"<= day","daily",NA,NA,NA
"2008-08-04",1448,FALSE,NA,NA,"<= day","daily",NA,NA,NA
"2008-08-05",1342,FALSE,NA,NA,"<= day","daily",NA,NA,NA
"2008-08-06",1281,FALSE,NA,NA,"<= day","daily",NA,NA,NA
"2008-08-07",1168,FALSE,NA,NA,"<= day","daily",NA,NA,NA
"2008-08-08",1133,FALSE,NA,NA,"<= day","daily",NA,NA,NA
"2008-08-09",1260,FALSE,NA,NA,"<= day","daily",NA,NA,NA
"2008-08-10",1291,FALSE,NA,NA,"<= day","daily",NA,NA,NA
"2008-08-11",1202,FALSE,NA,NA,"<= day","daily",NA,NA,NA
"2008-08-12",1133,FALSE,NA,NA,"<= day","daily",NA,NA,NA
"2008-08-13",1044,FALSE,NA,NA,"<= day","daily",NA,NA,NA
"2008-08-14",967,FALSE,NA,NA,"<= day","daily",NA,NA,NA
"2008-08-15",964,FALSE,NA,NA,"<= day","daily",NA,NA,NA
"2008-08-16",8817,FALSE,NA,NA,"<= day","daily",NA,NA,NA
"2008-08-17",3890,FALSE,NA,NA,"<= day","daily",NA,NA,NA
"2008-08-18",2215,FALSE,NA,NA,"<= day","daily",NA,NA,NA
"2008-08-19",1847,FALSE,NA,NA,"<= day","daily",NA,NA,NA
"2008-08-20",1695,FALSE,NA,NA,"<= day","daily",NA,NA,NA
"2008-08-21",1537,FALSE,NA,NA,"<= day","daily",NA,NA,NA
"2008-08-22",1451,FALSE,NA,NA,"<= day","daily",NA,NA,NA
"2008-08-23",1433,FALSE,NA,NA,"<= day","daily",NA,NA,NA
"2008-08-24",3031,FALSE,NA,NA,"<= day","daily",NA,NA,NA
"2008-08-25",2112,FALSE,NA,NA,"<= day","daily",NA,NA,NA
"2008-08-26",1800,FALSE,NA,NA,"<= day","daily",NA,NA,NA
"2008-08-27",1642,FALSE,NA,NA,"<= day","daily",NA,NA,NA
"2008-08-28",1553,FALSE,NA,NA,"<= day","daily",NA,NA,NA
"2008-08-29",1432,FALSE,NA,NA,"<= day","daily",NA,NA,NA
"2008-08-30",1343,FALSE,NA,NA,"<= day","daily",NA,NA,NA
"2008-08-31",1252,FALSE,NA,NA,"<= day","daily",NA,NA,NA
"2008-09-01",1192,FALSE,NA,NA,"<= day","daily",NA,NA,NA
"2008-09-02",1123,FALSE,NA,NA,"<= day","daily",NA,NA,NA
"2008-09-03",1053,FALSE,NA,NA,"<= day","daily",NA,NA,NA
"2008-09-04",995,FALSE,NA,NA,"<= day","daily",NA,NA,NA
"2008-09-05",961,FALSE,NA,NA,"<= day","daily",NA,NA,NA
"2008-09-06",902,FALSE,NA,NA,"<= day","daily",NA,NA,NA
"2008-09-07",1011,FALSE,NA,NA,"<= day","daily",NA,NA,NA
"2008-09-08",1134,FALSE,NA,NA,"<= day","daily",NA,NA,NA
"2008-09-09",1066,FALSE,NA,NA,"<= day","daily",NA,NA,NA
"2008-09-10",1037,FALSE,NA,NA,"<= day","daily",NA,NA,NA
"2008-09-11",976,FALSE,NA,NA,"<= day","daily",NA,NA,NA
"2008-09-12",975,FALSE,NA,NA,"<= day","daily",NA,NA,NA
"2008-09-13",1115,FALSE,NA,NA,"<= day","daily",NA,NA,NA
"2008-09-14",1388,FALSE,NA,NA,"<= day","daily",NA,NA,NA
"2008-09-15",1178,FALSE,NA,NA,"<= day","daily",NA,NA,NA
"2008-09-16",1094,FALSE,NA,NA,"<= day","daily",NA,NA,NA
"2008-09-17",1022,FALSE,NA,NA,"<= day","daily",NA,NA,NA
"2008-09-18",956,FALSE,NA,NA,"<= day","daily",NA,NA,NA
"2008-09-19",902,FALSE,NA,NA,"<= day","daily",NA,NA,NA
"2008-09-20",834,FALSE,NA,NA,"<= day","daily",NA,NA,NA
"2008-09-21",831,FALSE,NA,NA,"<= day","daily",NA,NA,NA
"2008-09-22",831,FALSE,NA,NA,"<= day","daily",NA,NA,NA
"2008-09-23",831,FALSE,NA,NA,"<= day","daily",NA,NA,NA
"2008-09-24",786,FALSE,NA,NA,"<= day","daily",NA,NA,NA
"2008-09-25",763,FALSE,NA,NA,"<= day","daily",NA,NA,NA
"2008-09-26",768,FALSE,NA,NA,"<= day","daily",NA,NA,NA
"2008-09-27",735,FALSE,NA,NA,"<= day","daily",NA,NA,NA
"2008-09-28",698,FALSE,NA,NA,"<= day","daily",NA,NA,NA
"2008-09-29",711,FALSE,NA,NA,"<= day","daily",NA,NA,NA
"2008-09-30",689,FALSE,NA,NA,"<= day","daily",NA,NA,NA
"2008-10-01",698,FALSE,NA,NA,"<= day","daily",NA,NA,NA
"2008-10-02",706,FALSE,NA,NA,"<= day","daily",NA,NA,NA
"2008-10-03",718,FALSE,NA,NA,"<= day","daily",NA,NA,NA
"2008-10-04",1622,FALSE,NA,NA,"<= day","daily",NA,NA,NA
"2008-10-05",1391,FALSE,NA,NA,"<= day","daily",NA,NA,NA
"2008-10-06",1288,FALSE,NA,NA,"<= day","daily",NA,NA,NA
"2008-10-07",1203,FALSE,NA,NA,"<= day","daily",NA,NA,NA
"2008-10-08",1120,FALSE,NA,NA,"<= day","daily",NA,NA,NA
"2008-10-09",1032,FALSE,NA,NA,"<= day","daily",NA,NA,NA
"2008-10-10",964,FALSE,NA,NA,"<= day","daily",NA,NA,NA
"2008-10-11",887,FALSE,NA,NA,"<= day","daily",NA,NA,NA
"2008-10-12",831,FALSE,NA,NA,"<= day","daily",NA,NA,NA
"2008-10-13",831,FALSE,NA,NA,"<= day","daily",NA,NA,NA
"2008-10-14",831,FALSE,NA,NA,"<= day","daily",NA,NA,NA
"2008-10-15",831,FALSE,NA,NA,"<= day","daily",NA,NA,NA
"2008-10-16",879,FALSE,NA,NA,"<= day","daily",NA,NA,NA
"2008-10-17",6031,FALSE,NA,NA,"<= day","daily",NA,NA,NA
"2008-10-18",3208,FALSE,NA,NA,"<= day","daily",NA,NA,NA
"2008-10-19",2021,FALSE,NA,NA,"<= day","daily",NA,NA,NA
"2008-10-20",1695,FALSE,NA,NA,"<= day","daily",NA,NA,NA
"2008-10-21",1545,FALSE,NA,NA,"<= day","daily",NA,NA,NA
"2008-10-22",1440,FALSE,NA,NA,"<= day","daily",NA,NA,NA
"2008-10-23",1343,FALSE,NA,NA,"<= day","daily",NA,NA,NA
"2008-10-24",1245,FALSE,NA,NA,"<= day","daily",NA,NA,NA
"2008-10-25",1137,FALSE,NA,NA,"<= day","daily",NA,NA,NA
"2008-10-26",1090,FALSE,NA,NA,"<= day","daily",NA,NA,NA
"2008-10-27",1053,FALSE,NA,NA,"<= day","daily",NA,NA,NA
"2008-10-28",1004,FALSE,NA,NA,"<= day","daily",NA,NA,NA
"2008-10-29",1026,FALSE,NA,NA,"<= day","daily",NA,NA,NA
"2008-10-30",1203,FALSE,NA,NA,"<= day","daily",NA,NA,NA
"2008-10-31",1357,FALSE,NA,NA,"<= day","daily",NA,NA,NA
"2008-11-01",3853,FALSE,NA,NA,"<= day","daily",NA,NA,NA
"2008-11-02",3390,FALSE,NA,NA,"<= day","daily",NA,NA,NA
"2008-11-03",2425,FALSE,NA,NA,"<= day","daily",NA,NA,NA
"2008-11-04",2088,FALSE,NA,NA,"<= day","daily",NA,NA,NA
"2008-11-05",2347,FALSE,NA,NA,"<= day","daily",NA,NA,NA
"2008-11-06",2668,FALSE,NA,NA,"<= day","daily",NA,NA,NA
"2008-11-07",5781,FALSE,NA,NA,"<= day","daily",NA,NA,NA
"2008-11-08",9366,FALSE,NA,NA,"<= day","daily",NA,NA,NA
"2008-11-09",5269,FALSE,NA,NA,"<= day","daily",NA,NA,NA
"2008-11-10",3645,FALSE,NA,NA,"<= day","daily",NA,NA,NA
"2008-11-11",3072,FALSE,NA,NA,"<= day","daily",NA,NA,NA
"2008-11-12",2731,FALSE,NA,NA,"<= day","daily",NA,NA,NA
"2008-11-13",2483,FALSE,NA,NA,"<= day","daily",NA,NA,NA
"2008-11-14",2293,FALSE,NA,NA,"<= day","daily",NA,NA,NA
"2008-11-15",2207,FALSE,NA,NA,"<= day","daily",NA,NA,NA
"2008-11-16",2091,FALSE,NA,NA,"<= day","daily",NA,NA,NA
"2008-11-17",2091,FALSE,NA,NA,"<= day","daily",NA,NA,NA
"2008-11-18",2019,FALSE,NA,NA,"<= day","daily",NA,NA,NA
"2008-11-19",1983,FALSE,NA,NA,"<= day","daily",NA,NA,NA
"2008-11-20",1908,FALSE,NA,NA,"<= day","daily",NA,NA,NA
"2008-11-21",2171,FALSE,NA,NA,"<= day","daily",NA,NA,NA
"2008-11-22",4471,FALSE,NA,NA,"<= day","daily",NA,NA,NA
"2008-11-23",3207,FALSE,NA,NA,"<= day","daily",NA,NA,NA
"2008-11-24",2867,FALSE,NA,NA,"<= day","daily",NA,NA,NA
"2008-11-25",2654,FALSE,NA,NA,"<= day","daily",NA,NA,NA
"2008-11-26",2375,FALSE,NA,NA,"<= day","daily",NA,NA,NA
"2008-11-27",2307,FALSE,NA,NA,"<= day","daily",NA,NA,NA
"2008-11-28",2297,FALSE,NA,NA,"<= day","daily",NA,NA,NA
"2008-11-29",2340,FALSE,NA,NA,"<= day","daily",NA,NA,NA
"2008-11-30",4885,FALSE,NA,NA,"<= day","daily",NA,NA,NA
"2008-12-01",7256,FALSE,NA,NA,"<= day","daily",NA,NA,NA
"2008-12-02",6190,FALSE,NA,NA,"<= day","daily",NA,NA,NA
"2008-12-03",5034,FALSE,NA,NA,"<= day","daily",NA,NA,NA
"2008-12-04",4284,FALSE,NA,NA,"<= day","daily",NA,NA,NA
"2008-12-05",3942,FALSE,NA,NA,"<= day","daily",NA,NA,NA
"2008-12-06",5674,FALSE,NA,NA,"<= day","daily",NA,NA,NA
"2008-12-07",6435,FALSE,NA,NA,"<= day","daily",NA,NA,NA
"2008-12-08",5017,FALSE,NA,NA,"<= day","daily",NA,NA,NA
"2008-12-09",4171,FALSE,NA,NA,"<= day","daily",NA,NA,NA
"2008-12-10",3706,FALSE,NA,NA,"<= day","daily",NA,NA,NA
"2008-12-11",14758,FALSE,NA,NA,"<= day","daily",NA,NA,NA
"2008-12-12",32026,FALSE,NA,NA,"<= day","daily",NA,NA,NA
"2008-12-13",25501,FALSE,NA,NA,"<= day","daily",NA,NA,NA
"2008-12-14",11446,FALSE,NA,NA,"<= day","daily",NA,NA,NA
"2008-12-15",7721,FALSE,NA,NA,"<= day","daily",NA,NA,NA
"2008-12-16",7669,FALSE,NA,NA,"<= day","daily",NA,NA,NA
"2008-12-17",19975,FALSE,NA,NA,"<= day","daily",NA,NA,NA
"2008-12-18",28721,FALSE,NA,NA,"<= day","daily",NA,NA,NA
"2008-12-19",25203,FALSE,NA,NA,"<= day","daily",NA,NA,NA
"2008-12-20",13006,FALSE,NA,NA,"<= day","daily",NA,NA,NA
"2008-12-21",8508,FALSE,NA,NA,"<= day","daily",NA,NA,NA
"2008-12-22",6313,FALSE,NA,NA,"<= day","daily",NA,NA,NA
"2008-12-23",5226,FALSE,NA,NA,"<= day","daily",NA,NA,NA
"2008-12-24",4509,FALSE,NA,NA,"<= day","daily",NA,NA,NA
"2008-12-25",4090,FALSE,NA,NA,"<= day","daily",NA,NA,NA
"2008-12-26",3600,FALSE,NA,NA,"<= day","daily",NA,NA,NA
"2008-12-27",3328,FALSE,NA,NA,"<= day","daily",NA,NA,NA
"2008-12-28",3110,FALSE,NA,NA,"<= day","daily",NA,NA,NA
"2008-12-29",2915,FALSE,NA,NA,"<= day","daily",NA,NA,NA
"2008-12-30",2741,FALSE,NA,NA,"<= day","daily",NA,NA,NA
"2008-12-31",2674,FALSE,NA,NA,"<= day","daily",NA,NA,NA
"2009-01-01",2565,FALSE,NA,NA,"<= day","daily",NA,NA,NA
"2009-01-02",2478,FALSE,NA,NA,"<= day","daily",NA,NA,NA
"2009-01-03",2370,FALSE,NA,NA,"<= day","daily",NA,NA,NA
"2009-01-04",2316,FALSE,NA,NA,"<= day","daily",NA,NA,NA
"2009-01-05",2245,FALSE,NA,NA,"<= day","daily",NA,NA,NA
"2009-01-06",2137,FALSE,NA,NA,"<= day","daily",NA,NA,NA
"2009-01-07",2073,FALSE,NA,NA,"<= day","daily",NA,NA,NA
"2009-01-08",1970,FALSE,NA,NA,"<= day","daily",NA,NA,NA
"2009-01-09",1864,FALSE,NA,NA,"<= day","daily",NA,NA,NA
"2009-01-10",1774,FALSE,NA,NA,"<= day","daily",NA,NA,NA
"2009-01-11",1737,FALSE,NA,NA,"<= day","daily",NA,NA,NA
"2009-01-12",1674,FALSE,NA,NA,"<= day","daily",NA,NA,NA
"2009-01-13",1674,FALSE,NA,NA,"<= day","daily",NA,NA,NA
"2009-01-14",1674,FALSE,NA,NA,"<= day","daily",NA,NA,NA
"2009-01-15",1605,FALSE,NA,NA,"<= day","daily",NA,NA,NA
"2009-01-16",1549,FALSE,NA,NA,"<= day","daily",NA,NA,NA
"2009-01-17",1482,FALSE,NA,NA,"<= day","daily",NA,NA,NA
"2009-01-18",1514,FALSE,NA,NA,"<= day","daily",NA,NA,NA
"2009-01-19",2396,FALSE,NA,NA,"<= day","daily",NA,NA,NA
"2009-01-20",4113,FALSE,NA,NA,"<= day","daily",NA,NA,NA
"2009-01-21",10628,FALSE,NA,NA,"<= day","daily",NA,NA,NA
"2009-01-22",21815,FALSE,NA,NA,"<= day","daily",NA,NA,NA
"2009-01-23",12817,FALSE,NA,NA,"<= day","daily",NA,NA,NA
"2009-01-24",8151,FALSE,NA,NA,"<= day","daily",NA,NA,NA
"2009-01-25",6063,FALSE,NA,NA,"<= day","daily",NA,NA,NA
"2009-01-26",5047,FALSE,NA,NA,"<= day","daily",NA,NA,NA
"2009-01-27",9709,FALSE,NA,NA,"<= day","daily",NA,NA,NA
"2009-01-28",11373,FALSE,NA,NA,"<= day","daily",NA,NA,NA
"2009-01-29",7806,FALSE,NA,NA,"<= day","daily",NA,NA,NA
"2009-01-30",6164,FALSE,NA,NA,"<= day","daily",NA,NA,NA
"2009-01-31",5280,FALSE,NA,NA,"<= day","daily",NA,NA,NA
"2009-02-01",4731,FALSE,NA,NA,"<= day","daily",NA,NA,NA
"2009-02-02",4183,FALSE,NA,NA,"<= day","daily",NA,NA,NA
"2009-02-03",4082,FALSE,NA,NA,"<= day","daily",NA,NA,NA
"2009-02-04",8633,FALSE,NA,NA,"<= day","daily",NA,NA,NA
"2009-02-05",10239,FALSE,NA,NA,"<= day","daily",NA,NA,NA
"2009-02-06",13234,FALSE,NA,NA,"<= day","daily",NA,NA,NA
"2009-02-07",14357,FALSE,NA,NA,"<= day","daily",NA,NA,NA
"2009-02-08",25422,FALSE,NA,NA,"<= day","daily",NA,NA,NA
"2009-02-09",14949,FALSE,NA,NA,"<= day","daily",NA,NA,NA
"2009-02-10",9127,FALSE,NA,NA,"<= day","daily",NA,NA,NA
"2009-02-11",7595,FALSE,NA,NA,"<= day","daily",NA,NA,NA
"2009-02-12",6112,FALSE,NA,NA,"<= day","daily",NA,NA,NA
"2009-02-13",5198,FALSE,NA,NA,"<= day","daily",NA,NA,NA
"2009-02-14",4548,FALSE,NA,NA,"<= day","daily",NA,NA,NA
"2009-02-15",4009,FALSE,NA,NA,"<= day","daily",NA,NA,NA
"2009-02-16",3640,FALSE,NA,NA,"<= day","daily",NA,NA,NA
"2009-02-17",3488,FALSE,NA,NA,"<= day","daily",NA,NA,NA
"2009-02-18",3204,FALSE,NA,NA,"<= day","daily",NA,NA,NA
"2009-02-19",2985,FALSE,NA,NA,"<= day","daily",NA,NA,NA
"2009-02-20",2788,FALSE,NA,NA,"<= day","daily",NA,NA,NA
"2009-02-21",2684,FALSE,NA,NA,"<= day","daily",NA,NA,NA
"2009-02-22",2572,FALSE,NA,NA,"<= day","daily",NA,NA,NA
"2009-02-23",2562,FALSE,NA,NA,"<= day","daily",NA,NA,NA
"2009-02-24",2463,FALSE,NA,NA,"<= day","daily",NA,NA,NA
"2009-02-25",2307,FALSE,NA,NA,"<= day","daily",NA,NA,NA
"2009-02-26",2202,FALSE,NA,NA,"<= day","daily",NA,NA,NA
"2009-02-27",2202,FALSE,NA,NA,"<= day","daily",NA,NA,NA
"2009-02-28",2123,FALSE,NA,NA,"<= day","daily",NA,NA,NA
"2009-03-01",2091,FALSE,NA,NA,"<= day","daily",NA,NA,NA
"2009-03-02",2091,FALSE,NA,NA,"<= day","daily",NA,NA,NA
"2009-03-03",2525,FALSE,NA,NA,"<= day","daily",NA,NA,NA
"2009-03-04",2941,FALSE,NA,NA,"<= day","daily",NA,NA,NA
"2009-03-05",7098,FALSE,NA,NA,"<= day","daily",NA,NA,NA
"2009-03-06",14076,FALSE,NA,NA,"<= day","daily",NA,NA,NA
"2009-03-07",7810,FALSE,NA,NA,"<= day","daily",NA,NA,NA
"2009-03-08",5236,FALSE,NA,NA,"<= day","daily",NA,NA,NA
"2009-03-09",4560,FALSE,NA,NA,"<= day","daily",NA,NA,NA
"2009-03-10",4090,FALSE,NA,NA,"<= day","daily",NA,NA,NA
"2009-03-11",3778,FALSE,NA,NA,"<= day","daily",NA,NA,NA
"2009-03-12",3391,FALSE,NA,NA,"<= day","daily",NA,NA,NA
"2009-03-13",3272,FALSE,NA,NA,"<= day","daily",NA,NA,NA
"2009-03-14",3055,FALSE,NA,NA,"<= day","daily",NA,NA,NA
"2009-03-15",2904,FALSE,NA,NA,"<= day","daily",NA,NA,NA
"2009-03-16",2710,FALSE,NA,NA,"<= day","daily",NA,NA,NA
"2009-03-17",2623,FALSE,NA,NA,"<= day","daily",NA,NA,NA
"2009-03-18",2552,FALSE,NA,NA,"<= day","daily",NA,NA,NA
"2009-03-19",2537,FALSE,NA,NA,"<= day","daily",NA,NA,NA
"2009-03-20",2418,FALSE,NA,NA,"<= day","daily",NA,NA,NA
"2009-03-21",2321,FALSE,NA,NA,"<= day","daily",NA,NA,NA
"2009-03-22",2302,FALSE,NA,NA,"<= day","daily",NA,NA,NA
"2009-03-23",2216,FALSE,NA,NA,"<= day","daily",NA,NA,NA
"2009-03-24",2514,FALSE,NA,NA,"<= day","daily",NA,NA,NA
"2009-03-25",2394,FALSE,NA,NA,"<= day","daily",NA,NA,NA
"2009-03-26",2316,FALSE,NA,NA,"<= day","daily",NA,NA,NA
"2009-03-27",2321,FALSE,NA,NA,"<= day","daily",NA,NA,NA
"2009-03-28",2433,FALSE,NA,NA,"<= day","daily",NA,NA,NA
"2009-03-29",4294,FALSE,NA,NA,"<= day","daily",NA,NA,NA
"2009-03-30",23518,FALSE,NA,NA,"<= day","daily",NA,NA,NA
"2009-03-31",12789,FALSE,NA,NA,"<= day","daily",NA,NA,NA
"2009-04-01",9345,FALSE,NA,NA,"<= day","daily",NA,NA,NA
"2009-04-02",19981,FALSE,NA,NA,"<= day","daily",NA,NA,NA
"2009-04-04",22238,FALSE,NA,NA,"<= day","daily",NA,NA,NA
"2009-04-05",12055,FALSE,NA,NA,"<= day","daily",NA,NA,NA
"2009-04-06",8253,FALSE,NA,NA,"<= day","daily",NA,NA,NA
"2009-04-07",6099,FALSE,NA,NA,"<= day","daily",NA,NA,NA
"2009-04-08",5001,FALSE,NA,NA,"<= day","daily",NA,NA,NA
"2009-04-09",4348,FALSE,NA,NA,"<= day","daily",NA,NA,NA
"2009-04-10",3942,FALSE,NA,NA,"<= day","daily",NA,NA,NA
"2009-04-11",3647,FALSE,NA,NA,"<= day","daily",NA,NA,NA
"2009-04-12",3379,FALSE,NA,NA,"<= day","daily",NA,NA,NA
"2009-04-13",3199,FALSE,NA,NA,"<= day","daily",NA,NA,NA
"2009-04-14",2985,FALSE,NA,NA,"<= day","daily",NA,NA,NA
"2009-04-15",2835,FALSE,NA,NA,"<= day","daily",NA,NA,NA
"2009-04-16",2695,FALSE,NA,NA,"<= day","daily",NA,NA,NA
"2009-04-17",2623,FALSE,NA,NA,"<= day","daily",NA,NA,NA
"2009-04-18",2488,FALSE,NA,NA,"<= day","daily",NA,NA,NA
"2009-04-19",2404,FALSE,NA,NA,"<= day","daily",NA,NA,NA
"2009-04-20",2360,FALSE,NA,NA,"<= day","daily",NA,NA,NA
"2009-04-21",2513,FALSE,NA,NA,"<= day","daily",NA,NA,NA
"2009-04-22",2563,FALSE,NA,NA,"<= day","daily",NA,NA,NA
"2009-04-23",2678,FALSE,NA,NA,"<= day","daily",NA,NA,NA
"2009-04-24",6194,FALSE,NA,NA,"<= day","daily",NA,NA,NA
"2009-04-25",5255,FALSE,NA,NA,"<= day","daily",NA,NA,NA
"2009-04-26",4023,FALSE,NA,NA,"<= day","daily",NA,NA,NA
"2009-04-27",3524,FALSE,NA,NA,"<= day","daily",NA,NA,NA
"2009-04-28",3409,FALSE,NA,NA,"<= day","daily",NA,NA,NA
"2009-04-29",4298,FALSE,NA,NA,"<= day","daily",NA,NA,NA
"2009-04-30",4964,FALSE,NA,NA,"<= day","daily",NA,NA,NA
"2009-05-01",4724,FALSE,NA,NA,"<= day","daily",NA,NA,NA
"2009-05-02",4178,FALSE,NA,NA,"<= day","daily",NA,NA,NA
"2009-05-03",3748,FALSE,NA,NA,"<= day","daily",NA,NA,NA
"2009-05-04",3523,FALSE,NA,NA,"<= day","daily",NA,NA,NA
"2009-05-05",3255,FALSE,NA,NA,"<= day","daily",NA,NA,NA
"2009-05-06",3083,FALSE,NA,NA,"<= day","daily",NA,NA,NA
"2009-05-07",2877,FALSE,NA,NA,"<= day","daily",NA,NA,NA
"2009-05-08",2746,FALSE,NA,NA,"<= day","daily",NA,NA,NA
"2009-05-09",2608,FALSE,NA,NA,"<= day","daily",NA,NA,NA
"2009-05-10",2502,FALSE,NA,NA,"<= day","daily",NA,NA,NA
"2009-05-11",2433,FALSE,NA,NA,"<= day","daily",NA,NA,NA
"2009-05-12",2326,FALSE,NA,NA,"<= day","daily",NA,NA,NA
"2009-05-13",2231,FALSE,NA,NA,"<= day","daily",NA,NA,NA
"2009-05-14",2226,FALSE,NA,NA,"<= day","daily",NA,NA,NA
"2009-05-15",2212,FALSE,NA,NA,"<= day","daily",NA,NA,NA
"2009-05-16",2114,FALSE,NA,NA,"<= day","daily",NA,NA,NA
"2009-05-17",2028,FALSE,NA,NA,"<= day","daily",NA,NA,NA
"2009-05-18",1983,FALSE,NA,NA,"<= day","daily",NA,NA,NA
"2009-05-19",1886,FALSE,NA,NA,"<= day","daily",NA,NA,NA
"2009-05-20",1984,FALSE,NA,NA,"<= day","daily",NA,NA,NA
"2009-05-21",1860,FALSE,NA,NA,"<= day","daily",NA,NA,NA
"2009-05-22",1770,FALSE,NA,NA,"<= day","daily",NA,NA,NA
"2009-05-23",1707,FALSE,NA,NA,"<= day","daily",NA,NA,NA
"2009-05-24",1674,FALSE,NA,NA,"<= day","daily",NA,NA,NA
"2009-05-25",1637,FALSE,NA,NA,"<= day","daily",NA,NA,NA
"2009-05-26",1576,FALSE,NA,NA,"<= day","daily",NA,NA,NA
"2009-05-27",1576,FALSE,NA,NA,"<= day","daily",NA,NA,NA
"2009-05-28",1498,FALSE,NA,NA,"<= day","daily",NA,NA,NA
"2009-05-29",1482,FALSE,NA,NA,"<= day","daily",NA,NA,NA
"2009-05-30",1570,FALSE,NA,NA,"<= day","daily",NA,NA,NA
"2009-05-31",2584,FALSE,NA,NA,"<= day","daily",NA,NA,NA
"2009-06-01",1882,FALSE,NA,NA,"<= day","daily",NA,NA,NA
"2009-06-02",1732,FALSE,NA,NA,"<= day","daily",NA,NA,NA
"2009-06-03",1645,FALSE,NA,NA,"<= day","daily",NA,NA,NA
"2009-06-04",1662,FALSE,NA,NA,"<= day","daily",NA,NA,NA
"2009-06-05",1629,FALSE,NA,NA,"<= day","daily",NA,NA,NA
"2009-06-06",1576,FALSE,NA,NA,"<= day","daily",NA,NA,NA
"2009-06-07",1490,FALSE,NA,NA,"<= day","daily",NA,NA,NA
"2009-06-08",1459,FALSE,NA,NA,"<= day","daily",NA,NA,NA
"2009-06-09",1390,FALSE,NA,NA,"<= day","daily",NA,NA,NA
"2009-06-10",1361,FALSE,NA,NA,"<= day","daily",NA,NA,NA
"2009-06-11",1306,FALSE,NA,NA,"<= day","daily",NA,NA,NA
"2009-06-12",1313,FALSE,NA,NA,"<= day","daily",NA,NA,NA
"2009-06-13",1248,FALSE,NA,NA,"<= day","daily",NA,NA,NA
"2009-06-14",1216,FALSE,NA,NA,"<= day","daily",NA,NA,NA
"2009-06-15",1213,FALSE,NA,NA,"<= day","daily",NA,NA,NA
"2009-06-16",1147,FALSE,NA,NA,"<= day","daily",NA,NA,NA
"2009-06-17",1133,FALSE,NA,NA,"<= day","daily",NA,NA,NA
"2009-06-18",1133,FALSE,NA,NA,"<= day","daily",NA,NA,NA
"2009-06-19",1113,FALSE,NA,NA,"<= day","daily",NA,NA,NA
"2009-06-20",1404,FALSE,NA,NA,"<= day","daily",NA,NA,NA
"2009-06-21",1440,FALSE,NA,NA,"<= day","daily",NA,NA,NA
"2009-06-22",1320,FALSE,NA,NA,"<= day","daily",NA,NA,NA
"2009-06-23",1351,FALSE,NA,NA,"<= day","daily",NA,NA,NA
"2009-06-24",1681,FALSE,NA,NA,"<= day","daily",NA,NA,NA
"2009-06-25",1597,FALSE,NA,NA,"<= day","daily",NA,NA,NA
"2009-06-26",1482,FALSE,NA,NA,"<= day","daily",NA,NA,NA
"2009-06-27",1688,FALSE,NA,NA,"<= day","daily",NA,NA,NA
"2009-06-28",1560,FALSE,NA,NA,"<= day","daily",NA,NA,NA
"2009-06-29",2078,FALSE,NA,NA,"<= day","daily",NA,NA,NA
"2009-06-30",1775,FALSE,NA,NA,"<= day","daily",NA,NA,NA
"2009-07-01",1613,FALSE,NA,NA,"<= day","daily",NA,NA,NA
"2009-07-02",1496,FALSE,NA,NA,"<= day","daily",NA,NA,NA
"2009-07-03",1568,FALSE,NA,NA,"<= day","daily",NA,NA,NA
"2009-07-04",1522,FALSE,NA,NA,"<= day","daily",NA,NA,NA
"2009-07-05",1417,FALSE,NA,NA,"<= day","daily",NA,NA,NA
"2009-07-06",1402,FALSE,NA,NA,"<= day","daily",NA,NA,NA
"2009-07-07",1567,FALSE,NA,NA,"<= day","daily",NA,NA,NA
"2009-07-08",3411,FALSE,NA,NA,"<= day","daily",NA,NA,NA
"2009-07-09",3157,FALSE,NA,NA,"<= day","daily",NA,NA,NA
"2009-07-10",2405,FALSE,NA,NA,"<= day","daily",NA,NA,NA
"2009-07-11",2147,FALSE,NA,NA,"<= day","daily",NA,NA,NA
"2009-07-12",2019,FALSE,NA,NA,"<= day","daily",NA,NA,NA
"2009-07-13",1917,FALSE,NA,NA,"<= day","daily",NA,NA,NA
"2009-07-14",1808,FALSE,NA,NA,"<= day","daily",NA,NA,NA
"2009-07-15",1712,FALSE,NA,NA,"<= day","daily",NA,NA,NA
"2009-07-16",1641,FALSE,NA,NA,"<= day","daily",NA,NA,NA
"2009-07-17",1576,FALSE,NA,NA,"<= day","daily",NA,NA,NA
"2009-07-18",1581,FALSE,NA,NA,"<= day","daily",NA,NA,NA
"2009-07-19",1553,FALSE,NA,NA,"<= day","daily",NA,NA,NA
"2009-07-20",1482,FALSE,NA,NA,"<= day","daily",NA,NA,NA
"2009-07-21",1421,FALSE,NA,NA,"<= day","daily",NA,NA,NA
"2009-07-22",1390,FALSE,NA,NA,"<= day","daily",NA,NA,NA
"2009-07-23",1346,FALSE,NA,NA,"<= day","daily",NA,NA,NA
"2009-07-24",1306,FALSE,NA,NA,"<= day","daily",NA,NA,NA
"2009-07-25",1241,FALSE,NA,NA,"<= day","daily",NA,NA,NA
"2009-07-26",1202,FALSE,NA,NA,"<= day","daily",NA,NA,NA
"2009-07-27",1133,FALSE,NA,NA,"<= day","daily",NA,NA,NA
"2009-07-28",1100,FALSE,NA,NA,"<= day","daily",NA,NA,NA
"2009-07-29",1051,FALSE,NA,NA,"<= day","daily",NA,NA,NA
"2009-07-30",1047,FALSE,NA,NA,"<= day","daily",NA,NA,NA
"2009-07-31",982,FALSE,NA,NA,"<= day","daily",NA,NA,NA
"2009-08-01",980,FALSE,NA,NA,"<= day","daily",NA,NA,NA
"2009-08-02",976,FALSE,NA,NA,"<= day","daily",NA,NA,NA
"2009-08-03",1007,FALSE,NA,NA,"<= day","daily",NA,NA,NA
"2009-08-04",1995,FALSE,NA,NA,"<= day","daily",NA,NA,NA
"2009-08-05",1745,FALSE,NA,NA,"<= day","daily",NA,NA,NA
"2009-08-06",1641,FALSE,NA,NA,"<= day","daily",NA,NA,NA
"2009-08-07",1525,FALSE,NA,NA,"<= day","daily",NA,NA,NA
"2009-08-08",1428,FALSE,NA,NA,"<= day","daily",NA,NA,NA
"2009-08-09",1379,FALSE,NA,NA,"<= day","daily",NA,NA,NA
"2009-08-10",1302,FALSE,NA,NA,"<= day","daily",NA,NA,NA
"2009-08-11",1325,FALSE,NA,NA,"<= day","daily",NA,NA,NA
"2009-08-12",1216,FALSE,NA,NA,"<= day","daily",NA,NA,NA
"2009-08-13",1136,FALSE,NA,NA,"<= day","daily",NA,NA,NA
"2009-08-14",1263,FALSE,NA,NA,"<= day","daily",NA,NA,NA
"2009-08-15",1224,FALSE,NA,NA,"<= day","daily",NA,NA,NA
"2009-08-16",1166,FALSE,NA,NA,"<= day","daily",NA,NA,NA
"2009-08-17",1104,FALSE,NA,NA,"<= day","daily",NA,NA,NA
"2009-08-18",1053,FALSE,NA,NA,"<= day","daily",NA,NA,NA
"2009-08-19",968,FALSE,NA,NA,"<= day","daily",NA,NA,NA
"2009-08-20",908,FALSE,NA,NA,"<= day","daily",NA,NA,NA
"2009-08-21",976,FALSE,NA,NA,"<= day","daily",NA,NA,NA
"2009-08-22",1036,FALSE,NA,NA,"<= day","daily",NA,NA,NA
"2009-08-23",1571,FALSE,NA,NA,"<= day","daily",NA,NA,NA
"2009-08-24",1285,FALSE,NA,NA,"<= day","daily",NA,NA,NA
"2009-08-25",1150,FALSE,NA,NA,"<= day","daily",NA,NA,NA
"2009-08-26",1045,FALSE,NA,NA,"<= day","daily",NA,NA,NA
"2009-08-27",1008,FALSE,NA,NA,"<= day","daily",NA,NA,NA
"2009-08-28",1245,FALSE,NA,NA,"<= day","daily",NA,NA,NA
"2009-08-29",1335,FALSE,NA,NA,"<= day","daily",NA,NA,NA
"2009-08-30",1309,FALSE,NA,NA,"<= day","daily",NA,NA,NA
"2009-08-31",1230,FALSE,NA,NA,"<= day","daily",NA,NA,NA
"2009-09-01",1157,FALSE,NA,NA,"<= day","daily",NA,NA,NA
"2009-09-02",1088,FALSE,NA,NA,"<= day","daily",NA,NA,NA
"2009-09-03",1053,FALSE,NA,NA,"<= day","daily",NA,NA,NA
"2009-09-04",1043,FALSE,NA,NA,"<= day","daily",NA,NA,NA
"2009-09-05",1063,FALSE,NA,NA,"<= day","daily",NA,NA,NA
"2009-09-06",1031,FALSE,NA,NA,"<= day","daily",NA,NA,NA
"2009-09-07",969,FALSE,NA,NA,"<= day","daily",NA,NA,NA
"2009-09-08",923,FALSE,NA,NA,"<= day","daily",NA,NA,NA
"2009-09-09",954,FALSE,NA,NA,"<= day","daily",NA,NA,NA
"2009-09-10",902,FALSE,NA,NA,"<= day","daily",NA,NA,NA
"2009-09-11",902,FALSE,NA,NA,"<= day","daily",NA,NA,NA
"2009-09-12",915,FALSE,NA,NA,"<= day","daily",NA,NA,NA
"2009-09-13",929,FALSE,NA,NA,"<= day","daily",NA,NA,NA
"2009-09-14",943,FALSE,NA,NA,"<= day","daily",NA,NA,NA
"2009-09-15",1121,FALSE,NA,NA,"<= day","daily",NA,NA,NA
"2009-09-16",982,FALSE,NA,NA,"<= day","daily",NA,NA,NA
"2009-09-17",1053,FALSE,NA,NA,"<= day","daily",NA,NA,NA
"2009-09-18",1213,FALSE,NA,NA,"<= day","daily",NA,NA,NA
"2009-09-19",1333,FALSE,NA,NA,"<= day","daily",NA,NA,NA
"2009-09-20",1278,FALSE,NA,NA,"<= day","daily",NA,NA,NA
"2009-09-21",1140,FALSE,NA,NA,"<= day","daily",NA,NA,NA
"2009-09-22",1053,FALSE,NA,NA,"<= day","daily",NA,NA,NA
"2009-09-23",995,FALSE,NA,NA,"<= day","daily",NA,NA,NA
"2009-09-24",976,FALSE,NA,NA,"<= day","daily",NA,NA,NA
"2009-09-25",956,FALSE,NA,NA,"<= day","daily",NA,NA,NA
"2009-09-26",914,FALSE,NA,NA,"<= day","daily",NA,NA,NA
"2009-09-27",902,FALSE,NA,NA,"<= day","daily",NA,NA,NA
"2009-09-28",902,FALSE,NA,NA,"<= day","daily",NA,NA,NA
"2009-09-29",906,FALSE,NA,NA,"<= day","daily",NA,NA,NA
"2009-09-30",902,FALSE,NA,NA,"<= day","daily",NA,NA,NA
"2009-10-01",902,FALSE,NA,NA,"<= day","daily",NA,NA,NA
"2009-10-02",1972,FALSE,NA,NA,"<= day","daily",NA,NA,NA
"2009-10-03",1687,FALSE,NA,NA,"<= day","daily",NA,NA,NA
"2009-10-04",1525,FALSE,NA,NA,"<= day","daily",NA,NA,NA
"2009-10-05",1413,FALSE,NA,NA,"<= day","daily",NA,NA,NA
"2009-10-06",1309,FALSE,NA,NA,"<= day","daily",NA,NA,NA
"2009-10-07",1196,FALSE,NA,NA,"<= day","daily",NA,NA,NA
"2009-10-08",1115,FALSE,NA,NA,"<= day","daily",NA,NA,NA
"2009-10-09",1067,FALSE,NA,NA,"<= day","daily",NA,NA,NA
"2009-10-10",1050,FALSE,NA,NA,"<= day","daily",NA,NA,NA
"2009-10-11",1117,FALSE,NA,NA,"<= day","daily",NA,NA,NA
"2009-10-12",2050,FALSE,NA,NA,"<= day","daily",NA,NA,NA
"2009-10-13",2165,FALSE,NA,NA,"<= day","daily",NA,NA,NA
"2009-10-14",1961,FALSE,NA,NA,"<= day","daily",NA,NA,NA
"2009-10-15",1800,FALSE,NA,NA,"<= day","daily",NA,NA,NA
"2009-10-16",1682,FALSE,NA,NA,"<= day","daily",NA,NA,NA
"2009-10-17",1638,FALSE,NA,NA,"<= day","daily",NA,NA,NA
"2009-10-18",1573,FALSE,NA,NA,"<= day","daily",NA,NA,NA
"2009-10-19",1521,FALSE,NA,NA,"<= day","daily",NA,NA,NA
"2009-10-20",1432,FALSE,NA,NA,"<= day","daily",NA,NA,NA
"2009-10-21",1169,FALSE,NA,NA,"<= day","daily",NA,NA,NA
"2009-10-22",1110,FALSE,NA,NA,"<= day","daily",NA,NA,NA
"2009-10-23",1302,FALSE,NA,NA,"<= day","daily",NA,NA,NA
"2009-10-24",3747,FALSE,NA,NA,"<= day","daily",NA,NA,NA
"2009-10-25",2406,FALSE,NA,NA,"<= day","daily",NA,NA,NA
"2009-10-26",2042,FALSE,NA,NA,"<= day","daily",NA,NA,NA
"2009-10-27",1899,FALSE,NA,NA,"<= day","daily",NA,NA,NA
"2009-10-28",1791,FALSE,NA,NA,"<= day","daily",NA,NA,NA
"2009-10-29",1733,FALSE,NA,NA,"<= day","daily",NA,NA,NA
"2009-10-30",1695,FALSE,NA,NA,"<= day","daily",NA,NA,NA
"2009-10-31",1679,FALSE,NA,NA,"<= day","daily",NA,NA,NA
"2009-11-01",1584,FALSE,NA,NA,"<= day","daily",NA,NA,NA
"2009-11-02",1581,FALSE,NA,NA,"<= day","daily",NA,NA,NA
"2009-11-03",3478,FALSE,NA,NA,"<= day","daily",NA,NA,NA
"2009-11-04",2585,FALSE,NA,NA,"<= day","daily",NA,NA,NA
"2009-11-05",4591,FALSE,NA,NA,"<= day","daily",NA,NA,NA
"2009-11-06",4226,FALSE,NA,NA,"<= day","daily",NA,NA,NA
"2009-11-07",5741,FALSE,NA,NA,"<= day","daily",NA,NA,NA
"2009-11-08",4243,FALSE,NA,NA,"<= day","daily",NA,NA,NA
"2009-11-09",5271,FALSE,NA,NA,"<= day","daily",NA,NA,NA
"2009-11-10",3785,FALSE,NA,NA,"<= day","daily",NA,NA,NA
"2009-11-11",2997,FALSE,NA,NA,"<= day","daily",NA,NA,NA
"2009-11-12",2588,FALSE,NA,NA,"<= day","daily",NA,NA,NA
"2009-11-13",2404,FALSE,NA,NA,"<= day","daily",NA,NA,NA
"2009-11-14",2278,FALSE,NA,NA,"<= day","daily",NA,NA,NA
"2009-11-15",2179,FALSE,NA,NA,"<= day","daily",NA,NA,NA
"2009-11-16",2101,FALSE,NA,NA,"<= day","daily",NA,NA,NA
"2009-11-17",2028,FALSE,NA,NA,"<= day","daily",NA,NA,NA
"2009-11-18",1961,FALSE,NA,NA,"<= day","daily",NA,NA,NA
"2009-11-19",1873,FALSE,NA,NA,"<= day","daily",NA,NA,NA
"2009-11-20",1774,FALSE,NA,NA,"<= day","daily",NA,NA,NA
"2009-11-21",1741,FALSE,NA,NA,"<= day","daily",NA,NA,NA
"2009-11-22",1674,FALSE,NA,NA,"<= day","daily",NA,NA,NA
"2009-11-23",1658,FALSE,NA,NA,"<= day","daily",NA,NA,NA
"2009-11-24",1597,FALSE,NA,NA,"<= day","daily",NA,NA,NA
"2009-11-25",1545,FALSE,NA,NA,"<= day","daily",NA,NA,NA
"2009-11-26",1494,FALSE,NA,NA,"<= day","daily",NA,NA,NA
"2009-11-27",1482,FALSE,NA,NA,"<= day","daily",NA,NA,NA
"2009-11-28",1695,FALSE,NA,NA,"<= day","daily",NA,NA,NA
"2009-11-29",1687,FALSE,NA,NA,"<= day","daily",NA,NA,NA
"2009-11-30",1724,FALSE,NA,NA,"<= day","daily",NA,NA,NA
"2009-12-01",3271,FALSE,NA,NA,"<= day","daily",NA,NA,NA
"2009-12-02",3338,FALSE,NA,NA,"<= day","daily",NA,NA,NA
"2009-12-03",2783,FALSE,NA,NA,"<= day","daily",NA,NA,NA
"2009-12-04",2557,FALSE,NA,NA,"<= day","daily",NA,NA,NA
"2009-12-05",2502,FALSE,NA,NA,"<= day","daily",NA,NA,NA
"2009-12-06",2433,FALSE,NA,NA,"<= day","daily",NA,NA,NA
"2009-12-07",2419,FALSE,NA,NA,"<= day","daily",NA,NA,NA
"2009-12-08",3911,FALSE,NA,NA,"<= day","daily",NA,NA,NA
"2009-12-09",13841,FALSE,NA,NA,"<= day","daily",NA,NA,NA
"2009-12-10",6074,FALSE,NA,NA,"<= day","daily",NA,NA,NA
"2009-12-11",4038,FALSE,NA,NA,"<= day","daily",NA,NA,NA
"2009-12-12",3279,FALSE,NA,NA,"<= day","daily",NA,NA,NA
"2009-12-13",2873,FALSE,NA,NA,"<= day","daily",NA,NA,NA
"2009-12-14",2649,FALSE,NA,NA,"<= day","daily",NA,NA,NA
"2009-12-15",2522,FALSE,NA,NA,"<= day","daily",NA,NA,NA
"2009-12-16",2433,FALSE,NA,NA,"<= day","daily",NA,NA,NA
"2009-12-17",2316,FALSE,NA,NA,"<= day","daily",NA,NA,NA
"2009-12-18",2226,FALSE,NA,NA,"<= day","daily",NA,NA,NA
"2009-12-19",2197,FALSE,NA,NA,"<= day","daily",NA,NA,NA
"2009-12-20",2082,FALSE,NA,NA,"<= day","daily",NA,NA,NA
"2009-12-21",1983,FALSE,NA,NA,"<= day","daily",NA,NA,NA
"2009-12-22",2215,FALSE,NA,NA,"<= day","daily",NA,NA,NA
"2009-12-23",13204,FALSE,NA,NA,"<= day","daily",NA,NA,NA
"2009-12-24",20191,FALSE,NA,NA,"<= day","daily",NA,NA,NA
"2009-12-25",7997,FALSE,NA,NA,"<= day","daily",NA,NA,NA
"2009-12-26",7266,FALSE,NA,NA,"<= day","daily",NA,NA,NA
"2009-12-27",5842,FALSE,NA,NA,"<= day","daily",NA,NA,NA
"2009-12-28",5054,FALSE,NA,NA,"<= day","daily",NA,NA,NA
"2009-12-29",4317,FALSE,NA,NA,"<= day","daily",NA,NA,NA
"2009-12-30",3917,FALSE,NA,NA,"<= day","daily",NA,NA,NA
"2009-12-31",3850,FALSE,NA,NA,"<= day","daily",NA,NA,NA
"2010-01-01",11850,FALSE,NA,NA,"<= day","daily",NA,NA,NA
"2010-01-02",14939,FALSE,NA,NA,"<= day","daily",NA,NA,NA
"2010-01-03",11476,FALSE,NA,NA,"<= day","daily",NA,NA,NA
"2010-01-04",6854,FALSE,NA,NA,"<= day","daily",NA,NA,NA
"2010-01-05",5234,FALSE,NA,NA,"<= day","daily",NA,NA,NA
"2010-01-06",4381,FALSE,NA,NA,"<= day","daily",NA,NA,NA
"2010-01-07",3701,FALSE,NA,NA,"<= day","daily",NA,NA,NA
"2010-01-08",3339,FALSE,NA,NA,"<= day","daily",NA,NA,NA
"2010-01-09",4246,FALSE,NA,NA,"<= day","daily",NA,NA,NA
"2010-01-10",4632,FALSE,NA,NA,"<= day","daily",NA,NA,NA
"2010-01-11",4690,FALSE,NA,NA,"<= day","daily",NA,NA,NA
"2010-01-12",4443,FALSE,NA,NA,"<= day","daily",NA,NA,NA
"2010-01-13",4309,FALSE,NA,NA,"<= day","daily",NA,NA,NA
"2010-01-14",3990,FALSE,NA,NA,"<= day","daily",NA,NA,NA
"2010-01-15",3641,FALSE,NA,NA,"<= day","daily",NA,NA,NA
"2010-01-16",3339,FALSE,NA,NA,"<= day","daily",NA,NA,NA
"2010-01-17",3316,FALSE,NA,NA,"<= day","daily",NA,NA,NA
"2010-01-18",3138,FALSE,NA,NA,"<= day","daily",NA,NA,NA
"2010-01-19",3055,FALSE,NA,NA,"<= day","daily",NA,NA,NA
"2010-01-20",3055,FALSE,NA,NA,"<= day","daily",NA,NA,NA
"2010-01-21",2947,FALSE,NA,NA,"<= day","daily",NA,NA,NA
"2010-01-22",2793,FALSE,NA,NA,"<= day","daily",NA,NA,NA
"2010-01-23",2674,FALSE,NA,NA,"<= day","daily",NA,NA,NA
"2010-01-24",2588,FALSE,NA,NA,"<= day","daily",NA,NA,NA
"2010-01-25",2493,FALSE,NA,NA,"<= day","daily",NA,NA,NA
"2010-01-26",2414,FALSE,NA,NA,"<= day","daily",NA,NA,NA
"2010-01-27",2316,FALSE,NA,NA,"<= day","daily",NA,NA,NA
"2010-01-28",2384,FALSE,NA,NA,"<= day","daily",NA,NA,NA
"2010-01-29",2316,FALSE,NA,NA,"<= day","daily",NA,NA,NA
"2010-01-30",2316,FALSE,NA,NA,"<= day","daily",NA,NA,NA
"2010-01-31",2212,FALSE,NA,NA,"<= day","daily",NA,NA,NA
"2010-02-01",2087,FALSE,NA,NA,"<= day","daily",NA,NA,NA
"2010-02-02",1983,FALSE,NA,NA,"<= day","daily",NA,NA,NA
"2010-02-03",1983,FALSE,NA,NA,"<= day","daily",NA,NA,NA
"2010-02-04",2010,FALSE,NA,NA,"<= day","daily",NA,NA,NA
"2010-02-05",2546,FALSE,NA,NA,"<= day","daily",NA,NA,NA
"2010-02-06",9335,FALSE,NA,NA,"<= day","daily",NA,NA,NA
"2010-02-07",6240,FALSE,NA,NA,"<= day","daily",NA,NA,NA
"2010-02-08",4640,FALSE,NA,NA,"<= day","daily",NA,NA,NA
"2010-02-09",4127,FALSE,NA,NA,"<= day","daily",NA,NA,NA
"2010-02-10",3807,FALSE,NA,NA,"<= day","daily",NA,NA,NA
"2010-02-11",3564,FALSE,NA,NA,"<= day","daily",NA,NA,NA
"2010-02-12",3232,FALSE,NA,NA,"<= day","daily",NA,NA,NA
"2010-02-13",3055,FALSE,NA,NA,"<= day","daily",NA,NA,NA
"2010-02-14",2936,FALSE,NA,NA,"<= day","daily",NA,NA,NA
"2010-02-15",2925,FALSE,NA,NA,"<= day","daily",NA,NA,NA
"2010-02-16",2862,FALSE,NA,NA,"<= day","daily",NA,NA,NA
"2010-02-17",2846,FALSE,NA,NA,"<= day","daily",NA,NA,NA
"2010-02-18",3346,FALSE,NA,NA,"<= day","daily",NA,NA,NA
"2010-02-19",5527,FALSE,NA,NA,"<= day","daily",NA,NA,NA
"2010-02-20",26513,FALSE,NA,NA,"<= day","daily",NA,NA,NA
"2010-02-21",28109,FALSE,NA,NA,"<= day","daily",NA,NA,NA
"2010-02-22",13458,FALSE,NA,NA,"<= day","daily",NA,NA,NA
"2010-02-23",10173,FALSE,NA,NA,"<= day","daily",NA,NA,NA
"2010-02-24",11909,FALSE,NA,NA,"<= day","daily",NA,NA,NA
"2010-02-25",12441,FALSE,NA,NA,"<= day","daily",NA,NA,NA
"2010-02-26",12024,FALSE,NA,NA,"<= day","daily",NA,NA,NA
"2010-02-27",17677,FALSE,NA,NA,"<= day","daily",NA,NA,NA
"2010-02-28",12536,FALSE,NA,NA,"<= day","daily",NA,NA,NA
"2010-03-01",9965,FALSE,NA,NA,"<= day","daily",NA,NA,NA
"2010-03-02",8464,FALSE,NA,NA,"<= day","daily",NA,NA,NA
"2010-03-03",6329,FALSE,NA,NA,"<= day","daily",NA,NA,NA
"2010-03-04",5738,FALSE,NA,NA,"<= day","daily",NA,NA,NA
"2010-03-05",5343,FALSE,NA,NA,"<= day","daily",NA,NA,NA
"2010-03-06",4737,FALSE,NA,NA,"<= day","daily",NA,NA,NA
"2010-03-07",4196,FALSE,NA,NA,"<= day","daily",NA,NA,NA
"2010-03-08",3862,FALSE,NA,NA,"<= day","daily",NA,NA,NA
"2010-03-09",3658,FALSE,NA,NA,"<= day","daily",NA,NA,NA
"2010-03-10",3385,FALSE,NA,NA,"<= day","daily",NA,NA,NA
"2010-03-11",3277,FALSE,NA,NA,"<= day","daily",NA,NA,NA
"2010-03-12",3116,FALSE,NA,NA,"<= day","daily",NA,NA,NA
"2010-03-13",3164,FALSE,NA,NA,"<= day","daily",NA,NA,NA
"2010-03-14",3579,FALSE,NA,NA,"<= day","daily",NA,NA,NA
"2010-03-15",4102,FALSE,NA,NA,"<= day","daily",NA,NA,NA
"2010-03-16",4226,FALSE,NA,NA,"<= day","daily",NA,NA,NA
"2010-03-17",4252,FALSE,NA,NA,"<= day","daily",NA,NA,NA
"2010-03-18",4845,FALSE,NA,NA,"<= day","daily",NA,NA,NA
"2010-03-19",5709,FALSE,NA,NA,"<= day","daily",NA,NA,NA
"2010-03-20",5782,FALSE,NA,NA,"<= day","daily",NA,NA,NA
"2010-03-21",5474,FALSE,NA,NA,"<= day","daily",NA,NA,NA
"2010-03-22",5252,FALSE,NA,NA,"<= day","daily",NA,NA,NA
"2010-03-23",5287,FALSE,NA,NA,"<= day","daily",NA,NA,NA
"2010-03-24",4744,FALSE,NA,NA,"<= day","daily",NA,NA,NA
"2010-03-25",4284,FALSE,NA,NA,"<= day","daily",NA,NA,NA
"2010-03-26",3941,FALSE,NA,NA,"<= day","daily",NA,NA,NA
"2010-03-27",3724,FALSE,NA,NA,"<= day","daily",NA,NA,NA
"2010-03-28",3431,FALSE,NA,NA,"<= day","daily",NA,NA,NA
"2010-03-29",3171,FALSE,NA,NA,"<= day","daily",NA,NA,NA
"2010-03-30",3055,FALSE,NA,NA,"<= day","daily",NA,NA,NA
"2010-03-31",3153,FALSE,NA,NA,"<= day","daily",NA,NA,NA
"2010-04-01",5321,FALSE,NA,NA,"<= day","daily",NA,NA,NA
"2010-04-02",4640,FALSE,NA,NA,"<= day","daily",NA,NA,NA
"2010-04-03",4052,FALSE,NA,NA,"<= day","daily",NA,NA,NA
"2010-04-04",3754,FALSE,NA,NA,"<= day","daily",NA,NA,NA
"2010-04-05",17346,FALSE,NA,NA,"<= day","daily",NA,NA,NA
"2010-04-06",16397,FALSE,NA,NA,"<= day","daily",NA,NA,NA
"2010-04-07",8929,FALSE,NA,NA,"<= day","daily",NA,NA,NA
"2010-04-08",6263,FALSE,NA,NA,"<= day","daily",NA,NA,NA
"2010-04-09",5034,FALSE,NA,NA,"<= day","daily",NA,NA,NA
"2010-04-10",4373,FALSE,NA,NA,"<= day","daily",NA,NA,NA
"2010-04-11",3997,FALSE,NA,NA,"<= day","daily",NA,NA,NA
"2010-04-12",3711,FALSE,NA,NA,"<= day","daily",NA,NA,NA
"2010-04-13",3494,FALSE,NA,NA,"<= day","daily",NA,NA,NA
"2010-04-14",3391,FALSE,NA,NA,"<= day","daily",NA,NA,NA
"2010-04-15",3294,FALSE,NA,NA,"<= day","daily",NA,NA,NA
"2010-04-16",3165,FALSE,NA,NA,"<= day","daily",NA,NA,NA
"2010-04-17",3033,FALSE,NA,NA,"<= day","daily",NA,NA,NA
"2010-04-18",2925,FALSE,NA,NA,"<= day","daily",NA,NA,NA
"2010-04-19",2904,FALSE,NA,NA,"<= day","daily",NA,NA,NA
"2010-04-20",2798,FALSE,NA,NA,"<= day","daily",NA,NA,NA
"2010-04-21",2674,FALSE,NA,NA,"<= day","daily",NA,NA,NA
"2010-04-22",2618,FALSE,NA,NA,"<= day","daily",NA,NA,NA
"2010-04-23",2552,FALSE,NA,NA,"<= day","daily",NA,NA,NA
"2010-04-24",2468,FALSE,NA,NA,"<= day","daily",NA,NA,NA
"2010-04-25",2384,FALSE,NA,NA,"<= day","daily",NA,NA,NA
"2010-04-26",2316,FALSE,NA,NA,"<= day","daily",NA,NA,NA
"2010-04-27",2240,FALSE,NA,NA,"<= day","daily",NA,NA,NA
"2010-04-28",2197,FALSE,NA,NA,"<= day","daily",NA,NA,NA
"2010-04-29",2114,FALSE,NA,NA,"<= day","daily",NA,NA,NA
"2010-04-30",2091,FALSE,NA,NA,"<= day","daily",NA,NA,NA
"2010-05-01",2073,FALSE,NA,NA,"<= day","daily",NA,NA,NA
"2010-05-02",1983,FALSE,NA,NA,"<= day","daily",NA,NA,NA
"2010-05-03",1961,FALSE,NA,NA,"<= day","daily",NA,NA,NA
"2010-05-04",1895,FALSE,NA,NA,"<= day","daily",NA,NA,NA
"2010-05-05",1877,FALSE,NA,NA,"<= day","daily",NA,NA,NA
"2010-05-06",1813,FALSE,NA,NA,"<= day","daily",NA,NA,NA
"2010-05-07",1762,FALSE,NA,NA,"<= day","daily",NA,NA,NA
"2010-05-08",1674,FALSE,NA,NA,"<= day","daily",NA,NA,NA
"2010-05-09",1670,FALSE,NA,NA,"<= day","daily",NA,NA,NA
"2010-05-10",1592,FALSE,NA,NA,"<= day","daily",NA,NA,NA
"2010-05-11",1576,FALSE,NA,NA,"<= day","daily",NA,NA,NA
"2010-05-12",1572,FALSE,NA,NA,"<= day","daily",NA,NA,NA
"2010-05-13",1626,FALSE,NA,NA,"<= day","daily",NA,NA,NA
"2010-05-14",1617,FALSE,NA,NA,"<= day","daily",NA,NA,NA
"2010-05-15",1870,FALSE,NA,NA,"<= day","daily",NA,NA,NA
"2010-05-16",3105,FALSE,NA,NA,"<= day","daily",NA,NA,NA
"2010-05-17",2743,FALSE,NA,NA,"<= day","daily",NA,NA,NA
"2010-05-18",2331,FALSE,NA,NA,"<= day","daily",NA,NA,NA
"2010-05-19",2123,FALSE,NA,NA,"<= day","daily",NA,NA,NA
"2010-05-20",2010,FALSE,NA,NA,"<= day","daily",NA,NA,NA
"2010-05-21",2797,FALSE,NA,NA,"<= day","daily",NA,NA,NA
"2010-05-22",3177,FALSE,NA,NA,"<= day","daily",NA,NA,NA
"2010-05-23",2799,FALSE,NA,NA,"<= day","daily",NA,NA,NA
"2010-05-24",2548,FALSE,NA,NA,"<= day","daily",NA,NA,NA
"2010-05-25",2370,FALSE,NA,NA,"<= day","daily",NA,NA,NA
"2010-05-26",2245,FALSE,NA,NA,"<= day","daily",NA,NA,NA
"2010-05-27",2133,FALSE,NA,NA,"<= day","daily",NA,NA,NA
"2010-05-28",2028,FALSE,NA,NA,"<= day","daily",NA,NA,NA
"2010-05-29",2002,FALSE,NA,NA,"<= day","daily",NA,NA,NA
"2010-05-30",1895,FALSE,NA,NA,"<= day","daily",NA,NA,NA
"2010-05-31",12146,FALSE,NA,NA,"<= day","daily",NA,NA,NA
"2010-06-01",11418,FALSE,NA,NA,"<= day","daily",NA,NA,NA
"2010-06-02",5015,FALSE,NA,NA,"<= day","daily",NA,NA,NA
"2010-06-03",5231,FALSE,NA,NA,"<= day","daily",NA,NA,NA
"2010-06-04",4666,FALSE,NA,NA,"<= day","daily",NA,NA,NA
"2010-06-05",4071,FALSE,NA,NA,"<= day","daily",NA,NA,NA
"2010-06-06",3617,FALSE,NA,NA,"<= day","daily",NA,NA,NA
"2010-06-07",3294,FALSE,NA,NA,"<= day","daily",NA,NA,NA
"2010-06-08",2990,FALSE,NA,NA,"<= day","daily",NA,NA,NA
"2010-06-09",2746,FALSE,NA,NA,"<= day","daily",NA,NA,NA
"2010-06-10",2568,FALSE,NA,NA,"<= day","daily",NA,NA,NA
"2010-06-11",2409,FALSE,NA,NA,"<= day","daily",NA,NA,NA
"2010-06-12",2264,FALSE,NA,NA,"<= day","daily",NA,NA,NA
"2010-06-13",2137,FALSE,NA,NA,"<= day","daily",NA,NA,NA
"2010-06-14",2024,FALSE,NA,NA,"<= day","daily",NA,NA,NA
"2010-06-15",1921,FALSE,NA,NA,"<= day","daily",NA,NA,NA
"2010-06-16",2362,FALSE,NA,NA,"<= day","daily",NA,NA,NA
"2010-06-17",2052,FALSE,NA,NA,"<= day","daily",NA,NA,NA
"2010-06-18",1877,FALSE,NA,NA,"<= day","daily",NA,NA,NA
"2010-06-19",2053,FALSE,NA,NA,"<= day","daily",NA,NA,NA
"2010-06-20",4815,FALSE,NA,NA,"<= day","daily",NA,NA,NA
"2010-06-21",7465,FALSE,NA,NA,"<= day","daily",NA,NA,NA
"2010-06-22",7936,FALSE,NA,NA,"<= day","daily",NA,NA,NA
"2010-06-23",4201,FALSE,NA,NA,"<= day","daily",NA,NA,NA
"2010-06-24",3184,FALSE,NA,NA,"<= day","daily",NA,NA,NA
"2010-06-25",2809,FALSE,NA,NA,"<= day","daily",NA,NA,NA
"2010-06-26",2593,FALSE,NA,NA,"<= day","daily",NA,NA,NA
"2010-06-27",2389,FALSE,NA,NA,"<= day","daily",NA,NA,NA
"2010-06-28",2259,FALSE,NA,NA,"<= day","daily",NA,NA,NA
"2010-06-29",2170,FALSE,NA,NA,"<= day","daily",NA,NA,NA
"2010-06-30",2082,FALSE,NA,NA,"<= day","daily",NA,NA,NA
"2010-07-01",1997,FALSE,NA,NA,"<= day","daily",NA,NA,NA
"2010-07-02",1904,FALSE,NA,NA,"<= day","daily",NA,NA,NA
"2010-07-03",1856,FALSE,NA,NA,"<= day","daily",NA,NA,NA
"2010-07-04",1774,FALSE,NA,NA,"<= day","daily",NA,NA,NA
"2010-07-05",1691,FALSE,NA,NA,"<= day","daily",NA,NA,NA
"2010-07-06",1674,FALSE,NA,NA,"<= day","daily",NA,NA,NA
"2010-07-07",1580,FALSE,NA,NA,"<= day","daily",NA,NA,NA
"2010-07-08",1557,FALSE,NA,NA,"<= day","daily",NA,NA,NA
"2010-07-09",1482,FALSE,NA,NA,"<= day","daily",NA,NA,NA
"2010-07-10",1463,FALSE,NA,NA,"<= day","daily",NA,NA,NA
"2010-07-11",1390,FALSE,NA,NA,"<= day","daily",NA,NA,NA
"2010-07-12",1390,FALSE,NA,NA,"<= day","daily",NA,NA,NA
"2010-07-13",1390,FALSE,NA,NA,"<= day","daily",NA,NA,NA
"2010-07-14",1306,FALSE,NA,NA,"<= day","daily",NA,NA,NA
"2010-07-15",1310,FALSE,NA,NA,"<= day","daily",NA,NA,NA
"2010-07-16",1298,FALSE,NA,NA,"<= day","daily",NA,NA,NA
"2010-07-17",1216,FALSE,NA,NA,"<= day","daily",NA,NA,NA
"2010-07-18",1220,FALSE,NA,NA,"<= day","daily",NA,NA,NA
"2010-07-19",1133,FALSE,NA,NA,"<= day","daily",NA,NA,NA
"2010-07-20",1133,FALSE,NA,NA,"<= day","daily",NA,NA,NA
"2010-07-21",1133,FALSE,NA,NA,"<= day","daily",NA,NA,NA
"2010-07-22",1087,FALSE,NA,NA,"<= day","daily",NA,NA,NA
"2010-07-23",1060,FALSE,NA,NA,"<= day","daily",NA,NA,NA
"2010-07-24",1267,FALSE,NA,NA,"<= day","daily",NA,NA,NA
"2010-07-25",1225,FALSE,NA,NA,"<= day","daily",NA,NA,NA
"2010-07-26",1116,FALSE,NA,NA,"<= day","daily",NA,NA,NA
"2010-07-27",1053,FALSE,NA,NA,"<= day","daily",NA,NA,NA
"2010-07-28",1058,FALSE,NA,NA,"<= day","daily",NA,NA,NA
"2010-07-29",1086,FALSE,NA,NA,"<= day","daily",NA,NA,NA
"2010-07-30",1743,FALSE,NA,NA,"<= day","daily",NA,NA,NA
"2010-07-31",1513,FALSE,NA,NA,"<= day","daily",NA,NA,NA
"2010-08-01",1471,FALSE,NA,NA,"<= day","daily",NA,NA,NA
"2010-08-02",1398,FALSE,NA,NA,"<= day","daily",NA,NA,NA
"2010-08-03",1355,FALSE,NA,NA,"<= day","daily",NA,NA,NA
"2010-08-04",1396,FALSE,NA,NA,"<= day","daily",NA,NA,NA
"2010-08-05",1322,FALSE,NA,NA,"<= day","daily",NA,NA,NA
"2010-08-06",1998,FALSE,NA,NA,"<= day","daily",NA,NA,NA
"2010-08-07",2527,FALSE,NA,NA,"<= day","daily",NA,NA,NA
"2010-08-08",1861,FALSE,NA,NA,"<= day","daily",NA,NA,NA
"2010-08-09",1682,FALSE,NA,NA,"<= day","daily",NA,NA,NA
"2010-08-10",1597,FALSE,NA,NA,"<= day","daily",NA,NA,NA
"2010-08-11",1509,FALSE,NA,NA,"<= day","daily",NA,NA,NA
"2010-08-12",1459,FALSE,NA,NA,"<= day","daily",NA,NA,NA
"2010-08-13",1390,FALSE,NA,NA,"<= day","daily",NA,NA,NA
"2010-08-14",1302,FALSE,NA,NA,"<= day","daily",NA,NA,NA
"2010-08-15",1302,FALSE,NA,NA,"<= day","daily",NA,NA,NA
"2010-08-16",1220,FALSE,NA,NA,"<= day","daily",NA,NA,NA
"2010-08-17",1171,FALSE,NA,NA,"<= day","daily",NA,NA,NA
"2010-08-18",1126,FALSE,NA,NA,"<= day","daily",NA,NA,NA
"2010-08-19",1050,FALSE,NA,NA,"<= day","daily",NA,NA,NA
"2010-08-20",979,FALSE,NA,NA,"<= day","daily",NA,NA,NA
"2010-08-21",976,FALSE,NA,NA,"<= day","daily",NA,NA,NA
"2010-08-22",976,FALSE,NA,NA,"<= day","daily",NA,NA,NA
"2010-08-23",980,FALSE,NA,NA,"<= day","daily",NA,NA,NA
"2010-08-24",961,FALSE,NA,NA,"<= day","daily",NA,NA,NA
"2010-08-25",964,FALSE,NA,NA,"<= day","daily",NA,NA,NA
"2010-08-26",982,FALSE,NA,NA,"<= day","daily",NA,NA,NA
"2010-08-27",985,FALSE,NA,NA,"<= day","daily",NA,NA,NA
"2010-08-28",1121,FALSE,NA,NA,"<= day","daily",NA,NA,NA
"2010-08-29",1332,FALSE,NA,NA,"<= day","daily",NA,NA,NA
"2010-08-30",1218,FALSE,NA,NA,"<= day","daily",NA,NA,NA
"2010-08-31",1281,FALSE,NA,NA,"<= day","daily",NA,NA,NA
"2010-09-01",1188,FALSE,NA,NA,"<= day","daily",NA,NA,NA
"2010-09-02",1111,FALSE,NA,NA,"<= day","daily",NA,NA,NA
"2010-09-03",1051,FALSE,NA,NA,"<= day","daily",NA,NA,NA
"2010-09-04",1106,FALSE,NA,NA,"<= day","daily",NA,NA,NA
"2010-09-05",1328,FALSE,NA,NA,"<= day","daily",NA,NA,NA
"2010-09-06",1417,FALSE,NA,NA,"<= day","daily",NA,NA,NA
"2010-09-07",1406,FALSE,NA,NA,"<= day","daily",NA,NA,NA
"2010-09-08",1580,FALSE,NA,NA,"<= day","daily",NA,NA,NA
"2010-09-09",3377,FALSE,NA,NA,"<= day","daily",NA,NA,NA
"2010-09-10",7963,FALSE,NA,NA,"<= day","daily",NA,NA,NA
"2010-09-11",3177,FALSE,NA,NA,"<= day","daily",NA,NA,NA
"2010-09-12",2380,FALSE,NA,NA,"<= day","daily",NA,NA,NA
"2010-09-13",2129,FALSE,NA,NA,"<= day","daily",NA,NA,NA
"2010-09-14",1943,FALSE,NA,NA,"<= day","daily",NA,NA,NA
"2010-09-15",1826,FALSE,NA,NA,"<= day","daily",NA,NA,NA
"2010-09-16",1724,FALSE,NA,NA,"<= day","daily",NA,NA,NA
"2010-09-17",1777,FALSE,NA,NA,"<= day","daily",NA,NA,NA
"2010-09-18",27904,FALSE,NA,NA,"<= day","daily",NA,NA,NA
"2010-09-20",25977,FALSE,NA,NA,"<= day","daily",NA,NA,NA
"2010-09-21",11102,FALSE,NA,NA,"<= day","daily",NA,NA,NA
"2010-09-22",5831,FALSE,NA,NA,"<= day","daily",NA,NA,NA
"2010-09-23",3982,FALSE,NA,NA,"<= day","daily",NA,NA,NA
"2010-09-24",3402,FALSE,NA,NA,"<= day","daily",NA,NA,NA
"2010-09-25",6110,FALSE,NA,NA,"<= day","daily",NA,NA,NA
"2010-09-26",11777,FALSE,NA,NA,"<= day","daily",NA,NA,NA
"2010-09-27",11584,FALSE,NA,NA,"<= day","daily",NA,NA,NA
"2010-09-28",8908,FALSE,NA,NA,"<= day","daily",NA,NA,NA
"2010-09-29",8712,FALSE,NA,NA,"<= day","daily",NA,NA,NA
"2010-09-30",6356,FALSE,NA,NA,"<= day","daily",NA,NA,NA
"2010-10-01",4988,FALSE,NA,NA,"<= day","daily",NA,NA,NA
"2010-10-02",4140,FALSE,NA,NA,"<= day","daily",NA,NA,NA
"2010-10-03",3623,FALSE,NA,NA,"<= day","daily",NA,NA,NA
"2010-10-04",3345,FALSE,NA,NA,"<= day","daily",NA,NA,NA
"2010-10-05",3313,FALSE,NA,NA,"<= day","daily",NA,NA,NA
"2010-10-06",4874,FALSE,NA,NA,"<= day","daily",NA,NA,NA
"2010-10-07",5589,FALSE,NA,NA,"<= day","daily",NA,NA,NA
"2010-10-08",4845,FALSE,NA,NA,"<= day","daily",NA,NA,NA
"2010-10-09",4177,FALSE,NA,NA,"<= day","daily",NA,NA,NA
"2010-10-10",3766,FALSE,NA,NA,"<= day","daily",NA,NA,NA
"2010-10-11",3397,FALSE,NA,NA,"<= day","daily",NA,NA,NA
"2010-10-12",3039,FALSE,NA,NA,"<= day","daily",NA,NA,NA
"2010-10-13",2824,FALSE,NA,NA,"<= day","daily",NA,NA,NA
"2010-10-14",2664,FALSE,NA,NA,"<= day","daily",NA,NA,NA
"2010-10-15",2522,FALSE,NA,NA,"<= day","daily",NA,NA,NA
"2010-10-16",2423,FALSE,NA,NA,"<= day","daily",NA,NA,NA
"2010-10-17",2615,FALSE,NA,NA,"<= day","daily",NA,NA,NA
"2010-10-18",2930,FALSE,NA,NA,"<= day","daily",NA,NA,NA
"2010-10-19",3261,FALSE,NA,NA,"<= day","daily",NA,NA,NA
"2010-10-20",3448,FALSE,NA,NA,"<= day","daily",NA,NA,NA
"2010-10-21",3255,FALSE,NA,NA,"<= day","daily",NA,NA,NA
"2010-10-22",3149,FALSE,NA,NA,"<= day","daily",NA,NA,NA
"2010-10-23",3055,FALSE,NA,NA,"<= day","daily",NA,NA,NA
"2010-10-24",2936,FALSE,NA,NA,"<= day","daily",NA,NA,NA
"2010-10-25",2904,FALSE,NA,NA,"<= day","daily",NA,NA,NA
"2010-10-26",4947,FALSE,NA,NA,"<= day","daily",NA,NA,NA
"2010-10-27",5415,FALSE,NA,NA,"<= day","daily",NA,NA,NA
"2010-10-28",4509,FALSE,NA,NA,"<= day","daily",NA,NA,NA
"2010-10-29",3923,FALSE,NA,NA,"<= day","daily",NA,NA,NA
"2010-10-30",3547,FALSE,NA,NA,"<= day","daily",NA,NA,NA
"2010-10-31",3249,FALSE,NA,NA,"<= day","daily",NA,NA,NA
"2010-11-01",3012,FALSE,NA,NA,"<= day","daily",NA,NA,NA
"2010-11-02",2830,FALSE,NA,NA,"<= day","daily",NA,NA,NA
"2010-11-03",2638,FALSE,NA,NA,"<= day","daily",NA,NA,NA
"2010-11-04",2473,FALSE,NA,NA,"<= day","daily",NA,NA,NA
"2010-11-05",2418,FALSE,NA,NA,"<= day","daily",NA,NA,NA
"2010-11-06",2389,FALSE,NA,NA,"<= day","daily",NA,NA,NA
"2010-11-07",2394,FALSE,NA,NA,"<= day","daily",NA,NA,NA
"2010-11-08",4109,FALSE,NA,NA,"<= day","daily",NA,NA,NA
"2010-11-09",6302,FALSE,NA,NA,"<= day","daily",NA,NA,NA
"2010-11-10",10270,FALSE,NA,NA,"<= day","daily",NA,NA,NA
"2010-11-11",13907,FALSE,NA,NA,"<= day","daily",NA,NA,NA
"2010-11-12",8722,FALSE,NA,NA,"<= day","daily",NA,NA,NA
"2010-11-13",6014,FALSE,NA,NA,"<= day","daily",NA,NA,NA
"2010-11-14",4720,FALSE,NA,NA,"<= day","daily",NA,NA,NA
"2010-11-15",4065,FALSE,NA,NA,"<= day","daily",NA,NA,NA
"2010-11-16",3682,FALSE,NA,NA,"<= day","daily",NA,NA,NA
"2010-11-17",5040,FALSE,NA,NA,"<= day","daily",NA,NA,NA
"2010-11-18",4778,FALSE,NA,NA,"<= day","daily",NA,NA,NA
"2010-11-19",12544,FALSE,NA,NA,"<= day","daily",NA,NA,NA
"2010-11-20",10838,FALSE,NA,NA,"<= day","daily",NA,NA,NA
"2010-11-21",7356,FALSE,NA,NA,"<= day","daily",NA,NA,NA
"2010-11-22",20328,FALSE,NA,NA,"<= day","daily",NA,NA,NA
"2010-11-23",15864,FALSE,NA,NA,"<= day","daily",NA,NA,NA
"2010-11-24",8946,FALSE,NA,NA,"<= day","daily",NA,NA,NA
"2010-11-25",6247,FALSE,NA,NA,"<= day","daily",NA,NA,NA
"2010-11-26",5225,FALSE,NA,NA,"<= day","daily",NA,NA,NA
"2010-11-27",4568,FALSE,NA,NA,"<= day","daily",NA,NA,NA
"2010-11-28",4802,FALSE,NA,NA,"<= day","daily",NA,NA,NA
"2010-11-29",8329,FALSE,NA,NA,"<= day","daily",NA,NA,NA
"2010-11-30",8566,FALSE,NA,NA,"<= day","daily",NA,NA,NA
"2010-12-01",8285,FALSE,NA,NA,"<= day","daily",NA,NA,NA
"2010-12-02",10184,FALSE,NA,NA,"<= day","daily",NA,NA,NA
"2010-12-03",13228,FALSE,NA,NA,"<= day","daily",NA,NA,NA
"2010-12-04",10457,FALSE,NA,NA,"<= day","daily",NA,NA,NA
"2010-12-05",8654,FALSE,NA,NA,"<= day","daily",NA,NA,NA
"2010-12-06",8218,FALSE,NA,NA,"<= day","daily",NA,NA,NA
"2010-12-07",17602,FALSE,NA,NA,"<= day","daily",NA,NA,NA
"2010-12-11",19515,FALSE,NA,NA,"<= day","daily",NA,NA,NA
"2010-12-12",13197,FALSE,NA,NA,"<= day","daily",NA,NA,NA
"2010-12-13",9188,FALSE,NA,NA,"<= day","daily",NA,NA,NA
"2010-12-14",7140,FALSE,NA,NA,"<= day","daily",NA,NA,NA
"2010-12-15",5986,FALSE,NA,NA,"<= day","daily",NA,NA,NA
"2010-12-16",5321,FALSE,NA,NA,"<= day","daily",NA,NA,NA
"2010-12-17",4971,FALSE,NA,NA,"<= day","daily",NA,NA,NA
"2010-12-18",4567,FALSE,NA,NA,"<= day","daily",NA,NA,NA
"2010-12-19",4021,FALSE,NA,NA,"<= day","daily",NA,NA,NA
"2010-12-20",3789,FALSE,NA,NA,"<= day","daily",NA,NA,NA
"2010-12-21",3724,FALSE,NA,NA,"<= day","daily",NA,NA,NA
"2010-12-22",4738,FALSE,NA,NA,"<= day","daily",NA,NA,NA
"2010-12-23",6965,FALSE,NA,NA,"<= day","daily",NA,NA,NA
"2010-12-24",10998,FALSE,NA,NA,"<= day","daily",NA,NA,NA
"2010-12-25",14427,FALSE,NA,NA,"<= day","daily",NA,NA,NA
"2010-12-26",13170,FALSE,NA,NA,"<= day","daily",NA,NA,NA
"2010-12-27",9409,FALSE,NA,NA,"<= day","daily",NA,NA,NA
"2010-12-28",7504,FALSE,NA,NA,"<= day","daily",NA,NA,NA
"2010-12-29",6230,FALSE,NA,NA,"<= day","daily",NA,NA,NA
"2010-12-30",5434,FALSE,NA,NA,"<= day","daily",NA,NA,NA
"2010-12-31",4891,FALSE,NA,NA,"<= day","daily",NA,NA,NA
"2011-01-01",4521,FALSE,NA,NA,"<= day","daily",NA,NA,NA
"2011-01-02",4196,FALSE,NA,NA,"<= day","daily",NA,NA,NA
"2011-01-03",3832,FALSE,NA,NA,"<= day","daily",NA,NA,NA
"2011-01-04",3570,FALSE,NA,NA,"<= day","daily",NA,NA,NA
"2011-01-05",3396,FALSE,NA,NA,"<= day","daily",NA,NA,NA
"2011-01-06",3255,FALSE,NA,NA,"<= day","daily",NA,NA,NA
"2011-01-07",3711,FALSE,NA,NA,"<= day","daily",NA,NA,NA
"2011-01-08",5157,FALSE,NA,NA,"<= day","daily",NA,NA,NA
"2011-01-09",5426,FALSE,NA,NA,"<= day","daily",NA,NA,NA
"2011-01-10",5307,FALSE,NA,NA,"<= day","daily",NA,NA,NA
"2011-01-11",5211,FALSE,NA,NA,"<= day","daily",NA,NA,NA
"2011-01-12",5136,FALSE,NA,NA,"<= day","daily",NA,NA,NA
"2011-01-13",4777,FALSE,NA,NA,"<= day","daily",NA,NA,NA
"2011-01-14",4489,FALSE,NA,NA,"<= day","daily",NA,NA,NA
"2011-01-15",4140,FALSE,NA,NA,"<= day","daily",NA,NA,NA
"2011-01-16",3730,FALSE,NA,NA,"<= day","daily",NA,NA,NA
"2011-01-17",3576,FALSE,NA,NA,"<= day","daily",NA,NA,NA
"2011-01-18",3419,FALSE,NA,NA,"<= day","daily",NA,NA,NA
"2011-01-19",3311,FALSE,NA,NA,"<= day","daily",NA,NA,NA
"2011-01-20",3373,FALSE,NA,NA,"<= day","daily",NA,NA,NA
"2011-01-21",3266,FALSE,NA,NA,"<= day","daily",NA,NA,NA
"2011-01-22",3187,FALSE,NA,NA,"<= day","daily",NA,NA,NA
"2011-01-23",3149,FALSE,NA,NA,"<= day","daily",NA,NA,NA
"2011-01-24",3050,FALSE,NA,NA,"<= day","daily",NA,NA,NA
"2011-01-25",2925,FALSE,NA,NA,"<= day","daily",NA,NA,NA
"2011-01-26",2925,FALSE,NA,NA,"<= day","daily",NA,NA,NA
"2011-01-27",2788,FALSE,NA,NA,"<= day","daily",NA,NA,NA
"2011-01-28",2628,FALSE,NA,NA,"<= day","daily",NA,NA,NA
"2011-01-29",2537,FALSE,NA,NA,"<= day","daily",NA,NA,NA
"2011-01-30",2433,FALSE,NA,NA,"<= day","daily",NA,NA,NA
"2011-01-31",2365,FALSE,NA,NA,"<= day","daily",NA,NA,NA
"2011-02-01",2250,FALSE,NA,NA,"<= day","daily",NA,NA,NA
"2011-02-02",2193,FALSE,NA,NA,"<= day","daily",NA,NA,NA
"2011-02-03",2091,FALSE,NA,NA,"<= day","daily",NA,NA,NA
"2011-02-04",2064,FALSE,NA,NA,"<= day","daily",NA,NA,NA
"2011-02-05",1983,FALSE,NA,NA,"<= day","daily",NA,NA,NA
"2011-02-06",1983,FALSE,NA,NA,"<= day","daily",NA,NA,NA
"2011-02-07",1917,FALSE,NA,NA,"<= day","daily",NA,NA,NA
"2011-02-08",1979,FALSE,NA,NA,"<= day","daily",NA,NA,NA
"2011-02-09",1983,FALSE,NA,NA,"<= day","daily",NA,NA,NA
"2011-02-10",1983,FALSE,NA,NA,"<= day","daily",NA,NA,NA
"2011-02-11",1983,FALSE,NA,NA,"<= day","daily",NA,NA,NA
"2011-02-12",1983,FALSE,NA,NA,"<= day","daily",NA,NA,NA
"2011-02-13",1965,FALSE,NA,NA,"<= day","daily",NA,NA,NA
"2011-02-14",1952,FALSE,NA,NA,"<= day","daily",NA,NA,NA
"2011-02-15",1899,FALSE,NA,NA,"<= day","daily",NA,NA,NA
"2011-02-16",1895,FALSE,NA,NA,"<= day","daily",NA,NA,NA
"2011-02-17",2379,FALSE,NA,NA,"<= day","daily",NA,NA,NA
"2011-02-18",2552,FALSE,NA,NA,"<= day","daily",NA,NA,NA
"2011-02-19",2552,FALSE,NA,NA,"<= day","daily",NA,NA,NA
"2011-02-20",2593,FALSE,NA,NA,"<= day","daily",NA,NA,NA
"2011-02-21",2674,FALSE,NA,NA,"<= day","daily",NA,NA,NA
"2011-02-22",2608,FALSE,NA,NA,"<= day","daily",NA,NA,NA
"2011-02-23",2502,FALSE,NA,NA,"<= day","daily",NA,NA,NA
"2011-02-24",2423,FALSE,NA,NA,"<= day","daily",NA,NA,NA
"2011-02-25",2326,FALSE,NA,NA,"<= day","daily",NA,NA,NA
"2011-02-26",2316,FALSE,NA,NA,"<= day","daily",NA,NA,NA
"2011-02-27",2292,FALSE,NA,NA,"<= day","daily",NA,NA,NA
"2011-02-28",2179,FALSE,NA,NA,"<= day","daily",NA,NA,NA
"2011-03-01",2082,FALSE,NA,NA,"<= day","daily",NA,NA,NA
"2011-03-02",1983,FALSE,NA,NA,"<= day","daily",NA,NA,NA
"2011-03-03",1979,FALSE,NA,NA,"<= day","daily",NA,NA,NA
"2011-03-04",1877,FALSE,NA,NA,"<= day","daily",NA,NA,NA
"2011-03-05",1877,FALSE,NA,NA,"<= day","daily",NA,NA,NA
"2011-03-06",1890,FALSE,NA,NA,"<= day","daily",NA,NA,NA
"2011-03-07",1774,FALSE,NA,NA,"<= day","daily",NA,NA,NA
"2011-03-08",1707,FALSE,NA,NA,"<= day","daily",NA,NA,NA
"2011-03-09",1774,FALSE,NA,NA,"<= day","daily",NA,NA,NA
"2011-03-10",1724,FALSE,NA,NA,"<= day","daily",NA,NA,NA
"2011-03-11",1716,FALSE,NA,NA,"<= day","daily",NA,NA,NA
"2011-03-12",1774,FALSE,NA,NA,"<= day","daily",NA,NA,NA
"2011-03-13",1851,FALSE,NA,NA,"<= day","daily",NA,NA,NA
"2011-03-14",1899,FALSE,NA,NA,"<= day","daily",NA,NA,NA
"2011-03-15",2042,FALSE,NA,NA,"<= day","daily",NA,NA,NA
"2011-03-16",3065,FALSE,NA,NA,"<= day","daily",NA,NA,NA
"2011-03-17",16037,FALSE,NA,NA,"<= day","daily",NA,NA,NA
"2011-03-18",9544,FALSE,NA,NA,"<= day","daily",NA,NA,NA
"2011-03-19",5661,FALSE,NA,NA,"<= day","daily",NA,NA,NA
"2011-03-20",4497,FALSE,NA,NA,"<= day","daily",NA,NA,NA
"2011-03-21",3899,FALSE,NA,NA,"<= day","daily",NA,NA,NA
"2011-03-22",3506,FALSE,NA,NA,"<= day","daily",NA,NA,NA
"2011-03-23",3288,FALSE,NA,NA,"<= day","daily",NA,NA,NA
"2011-03-24",3099,FALSE,NA,NA,"<= day","daily",NA,NA,NA
"2011-03-25",3066,FALSE,NA,NA,"<= day","daily",NA,NA,NA
"2011-03-26",2985,FALSE,NA,NA,"<= day","daily",NA,NA,NA
"2011-03-27",2819,FALSE,NA,NA,"<= day","daily",NA,NA,NA
"2011-03-28",2838,FALSE,NA,NA,"<= day","daily",NA,NA,NA
"2011-03-29",3523,FALSE,NA,NA,"<= day","daily",NA,NA,NA
"2011-03-30",3283,FALSE,NA,NA,"<= day","daily",NA,NA,NA
"2011-03-31",3088,FALSE,NA,NA,"<= day","daily",NA,NA,NA
"2011-04-01",2925,FALSE,NA,NA,"<= day","daily",NA,NA,NA
"2011-04-02",2877,FALSE,NA,NA,"<= day","daily",NA,NA,NA
"2011-04-03",2798,FALSE,NA,NA,"<= day","daily",NA,NA,NA
"2011-04-04",2848,FALSE,NA,NA,"<= day","daily",NA,NA,NA
"2011-04-05",5158,FALSE,NA,NA,"<= day","daily",NA,NA,NA
"2011-04-06",4395,FALSE,NA,NA,"<= day","daily",NA,NA,NA
"2011-04-07",3784,FALSE,NA,NA,"<= day","daily",NA,NA,NA
"2011-04-08",3529,FALSE,NA,NA,"<= day","daily",NA,NA,NA
"2011-04-09",3277,FALSE,NA,NA,"<= day","daily",NA,NA,NA
"2011-04-10",3050,FALSE,NA,NA,"<= day","daily",NA,NA,NA
"2011-04-11",2893,FALSE,NA,NA,"<= day","daily",NA,NA,NA
"2011-04-12",2820,FALSE,NA,NA,"<= day","daily",NA,NA,NA
"2011-04-13",4041,FALSE,NA,NA,"<= day","daily",NA,NA,NA
"2011-04-14",3518,FALSE,NA,NA,"<= day","daily",NA,NA,NA
"2011-04-15",3188,FALSE,NA,NA,"<= day","daily",NA,NA,NA
"2011-04-16",2968,FALSE,NA,NA,"<= day","daily",NA,NA,NA
"2011-04-17",2824,FALSE,NA,NA,"<= day","daily",NA,NA,NA
"2011-04-18",2695,FALSE,NA,NA,"<= day","daily",NA,NA,NA
"2011-04-19",2664,FALSE,NA,NA,"<= day","daily",NA,NA,NA
"2011-04-20",2537,FALSE,NA,NA,"<= day","daily",NA,NA,NA
"2011-04-21",2433,FALSE,NA,NA,"<= day","daily",NA,NA,NA
"2011-04-22",2336,FALSE,NA,NA,"<= day","daily",NA,NA,NA
"2011-04-23",2278,FALSE,NA,NA,"<= day","daily",NA,NA,NA
"2011-04-24",2174,FALSE,NA,NA,"<= day","daily",NA,NA,NA
"2011-04-25",2082,FALSE,NA,NA,"<= day","daily",NA,NA,NA
"2011-04-26",2465,FALSE,NA,NA,"<= day","daily",NA,NA,NA
"2011-04-27",2221,FALSE,NA,NA,"<= day","daily",NA,NA,NA
"2011-04-28",2091,FALSE,NA,NA,"<= day","daily",NA,NA,NA
"2011-04-29",2165,FALSE,NA,NA,"<= day","daily",NA,NA,NA
"2011-04-30",2489,FALSE,NA,NA,"<= day","daily",NA,NA,NA
"2011-05-01",3656,FALSE,NA,NA,"<= day","daily",NA,NA,NA
"2011-05-02",3677,FALSE,NA,NA,"<= day","daily",NA,NA,NA
"2011-05-03",3202,FALSE,NA,NA,"<= day","daily",NA,NA,NA
"2011-05-04",3497,FALSE,NA,NA,"<= day","daily",NA,NA,NA
"2011-05-05",3034,FALSE,NA,NA,"<= day","daily",NA,NA,NA
"2011-05-06",2762,FALSE,NA,NA,"<= day","daily",NA,NA,NA
"2011-05-07",2649,FALSE,NA,NA,"<= day","daily",NA,NA,NA
"2011-05-08",2512,FALSE,NA,NA,"<= day","daily",NA,NA,NA
"2011-05-09",2336,FALSE,NA,NA,"<= day","daily",NA,NA,NA
"2011-05-10",2212,FALSE,NA,NA,"<= day","daily",NA,NA,NA
"2011-05-11",2184,FALSE,NA,NA,"<= day","daily",NA,NA,NA
"2011-05-12",2100,FALSE,NA,NA,"<= day","daily",NA,NA,NA
"2011-05-13",1961,FALSE,NA,NA,"<= day","daily",NA,NA,NA
"2011-05-14",1877,FALSE,NA,NA,"<= day","daily",NA,NA,NA
"2011-05-15",2204,FALSE,NA,NA,"<= day","daily",NA,NA,NA
"2011-05-16",3963,FALSE,NA,NA,"<= day","daily",NA,NA,NA
"2011-05-17",2759,FALSE,NA,NA,"<= day","daily",NA,NA,NA
"2011-05-18",2453,FALSE,NA,NA,"<= day","daily",NA,NA,NA
"2011-05-19",2302,FALSE,NA,NA,"<= day","daily",NA,NA,NA
"2011-05-20",2179,FALSE,NA,NA,"<= day","daily",NA,NA,NA
"2011-05-21",2119,FALSE,NA,NA,"<= day","daily",NA,NA,NA
"2011-05-22",2137,FALSE,NA,NA,"<= day","daily",NA,NA,NA
"2011-05-23",2060,FALSE,NA,NA,"<= day","daily",NA,NA,NA
"2011-05-24",1979,FALSE,NA,NA,"<= day","daily",NA,NA,NA
"2011-05-25",1877,FALSE,NA,NA,"<= day","daily",NA,NA,NA
"2011-05-26",1821,FALSE,NA,NA,"<= day","daily",NA,NA,NA
"2011-05-27",1774,FALSE,NA,NA,"<= day","daily",NA,NA,NA
"2011-05-28",3004,FALSE,NA,NA,"<= day","daily",NA,NA,NA
"2011-05-29",2440,FALSE,NA,NA,"<= day","daily",NA,NA,NA
"2011-05-30",2133,FALSE,NA,NA,"<= day","daily",NA,NA,NA
"2011-05-31",2087,FALSE,NA,NA,"<= day","daily",NA,NA,NA
"2011-06-01",1992,FALSE,NA,NA,"<= day","daily",NA,NA,NA
"2011-06-02",2376,FALSE,NA,NA,"<= day","daily",NA,NA,NA
"2011-06-03",2147,FALSE,NA,NA,"<= day","daily",NA,NA,NA
"2011-06-04",2091,FALSE,NA,NA,"<= day","daily",NA,NA,NA
"2011-06-05",2168,FALSE,NA,NA,"<= day","daily",NA,NA,NA
"2011-06-06",9817,FALSE,NA,NA,"<= day","daily",NA,NA,NA
"2011-06-07",6814,FALSE,NA,NA,"<= day","daily",NA,NA,NA
"2011-06-08",10772,FALSE,NA,NA,"<= day","daily",NA,NA,NA
"2011-06-09",6412,FALSE,NA,NA,"<= day","daily",NA,NA,NA
"2011-06-10",6147,FALSE,NA,NA,"<= day","daily",NA,NA,NA
"2011-06-11",4763,FALSE,NA,NA,"<= day","daily",NA,NA,NA
"2011-06-12",3737,FALSE,NA,NA,"<= day","daily",NA,NA,NA
"2011-06-13",3238,FALSE,NA,NA,"<= day","daily",NA,NA,NA
"2011-06-14",2968,FALSE,NA,NA,"<= day","daily",NA,NA,NA
"2011-06-15",2936,FALSE,NA,NA,"<= day","daily",NA,NA,NA
"2011-06-16",2654,FALSE,NA,NA,"<= day","daily",NA,NA,NA
"2011-06-17",2527,FALSE,NA,NA,"<= day","daily",NA,NA,NA
"2011-06-18",2404,FALSE,NA,NA,"<= day","daily",NA,NA,NA
"2011-06-19",2460,FALSE,NA,NA,"<= day","daily",NA,NA,NA
"2011-06-20",2221,FALSE,NA,NA,"<= day","daily",NA,NA,NA
"2011-06-21",2069,FALSE,NA,NA,"<= day","daily",NA,NA,NA
"2011-06-22",1992,FALSE,NA,NA,"<= day","daily",NA,NA,NA
"2011-06-23",1921,FALSE,NA,NA,"<= day","daily",NA,NA,NA
"2011-06-24",1791,FALSE,NA,NA,"<= day","daily",NA,NA,NA
"2011-06-25",1695,FALSE,NA,NA,"<= day","daily",NA,NA,NA
"2011-06-26",1658,FALSE,NA,NA,"<= day","daily",NA,NA,NA
"2011-06-27",1576,FALSE,NA,NA,"<= day","daily",NA,NA,NA
"2011-06-28",1568,FALSE,NA,NA,"<= day","daily",NA,NA,NA
"2011-06-29",1502,FALSE,NA,NA,"<= day","daily",NA,NA,NA
"2011-06-30",1486,FALSE,NA,NA,"<= day","daily",NA,NA,NA
"2011-07-01",1569,FALSE,NA,NA,"<= day","daily",NA,NA,NA
"2011-07-02",1463,FALSE,NA,NA,"<= day","daily",NA,NA,NA
"2011-07-03",1390,FALSE,NA,NA,"<= day","daily",NA,NA,NA
"2011-07-04",1328,FALSE,NA,NA,"<= day","daily",NA,NA,NA
"2011-07-05",1370,FALSE,NA,NA,"<= day","daily",NA,NA,NA
"2011-07-06",1444,FALSE,NA,NA,"<= day","daily",NA,NA,NA
"2011-07-07",1313,FALSE,NA,NA,"<= day","daily",NA,NA,NA
"2011-07-08",1230,FALSE,NA,NA,"<= day","daily",NA,NA,NA
"2011-07-09",1175,FALSE,NA,NA,"<= day","daily",NA,NA,NA
"2011-07-10",1140,FALSE,NA,NA,"<= day","daily",NA,NA,NA
"2011-07-11",1249,FALSE,NA,NA,"<= day","daily",NA,NA,NA
"2011-07-12",1471,FALSE,NA,NA,"<= day","daily",NA,NA,NA
"2011-07-13",1428,FALSE,NA,NA,"<= day","daily",NA,NA,NA
"2011-07-14",1320,FALSE,NA,NA,"<= day","daily",NA,NA,NA
"2011-07-15",1223,FALSE,NA,NA,"<= day","daily",NA,NA,NA
"2011-07-16",1136,FALSE,NA,NA,"<= day","daily",NA,NA,NA
"2011-07-17",1120,FALSE,NA,NA,"<= day","daily",NA,NA,NA
"2011-07-18",1053,FALSE,NA,NA,"<= day","daily",NA,NA,NA
"2011-07-19",1024,FALSE,NA,NA,"<= day","daily",NA,NA,NA
"2011-07-20",1051,FALSE,NA,NA,"<= day","daily",NA,NA,NA
"2011-07-21",979,FALSE,NA,NA,"<= day","daily",NA,NA,NA
"2011-07-22",939,FALSE,NA,NA,"<= day","daily",NA,NA,NA
"2011-07-23",936,FALSE,NA,NA,"<= day","daily",NA,NA,NA
"2011-07-24",2546,FALSE,NA,NA,"<= day","daily",NA,NA,NA
"2011-07-25",2570,FALSE,NA,NA,"<= day","daily",NA,NA,NA
"2011-07-26",1874,FALSE,NA,NA,"<= day","daily",NA,NA,NA
"2011-07-27",1751,FALSE,NA,NA,"<= day","daily",NA,NA,NA
"2011-07-28",3873,FALSE,NA,NA,"<= day","daily",NA,NA,NA
"2011-07-29",3021,FALSE,NA,NA,"<= day","daily",NA,NA,NA
"2011-07-30",2288,FALSE,NA,NA,"<= day","daily",NA,NA,NA
"2011-07-31",2203,FALSE,NA,NA,"<= day","daily",NA,NA,NA
"2011-08-01",1908,FALSE,NA,NA,"<= day","daily",NA,NA,NA
"2011-08-02",1757,FALSE,NA,NA,"<= day","daily",NA,NA,NA
"2011-08-03",1658,FALSE,NA,NA,"<= day","daily",NA,NA,NA
"2011-08-04",1576,FALSE,NA,NA,"<= day","daily",NA,NA,NA
"2011-08-05",1564,FALSE,NA,NA,"<= day","daily",NA,NA,NA
"2011-08-06",1463,FALSE,NA,NA,"<= day","daily",NA,NA,NA
"2011-08-07",1390,FALSE,NA,NA,"<= day","daily",NA,NA,NA
"2011-08-08",1320,FALSE,NA,NA,"<= day","daily",NA,NA,NA
"2011-08-09",1519,FALSE,NA,NA,"<= day","daily",NA,NA,NA
"2011-08-10",1379,FALSE,NA,NA,"<= day","daily",NA,NA,NA
"2011-08-11",1302,FALSE,NA,NA,"<= day","daily",NA,NA,NA
"2011-08-12",1302,FALSE,NA,NA,"<= day","daily",NA,NA,NA
"2011-08-13",1241,FALSE,NA,NA,"<= day","daily",NA,NA,NA
"2011-08-14",1202,FALSE,NA,NA,"<= day","daily",NA,NA,NA
"2011-08-15",1130,FALSE,NA,NA,"<= day","daily",NA,NA,NA
"2011-08-16",1053,FALSE,NA,NA,"<= day","daily",NA,NA,NA
"2011-08-17",982,FALSE,NA,NA,"<= day","daily",NA,NA,NA
"2011-08-18",973,FALSE,NA,NA,"<= day","daily",NA,NA,NA
"2011-08-19",939,FALSE,NA,NA,"<= day","daily",NA,NA,NA
"2011-08-20",902,FALSE,NA,NA,"<= day","daily",NA,NA,NA
"2011-08-21",887,FALSE,NA,NA,"<= day","daily",NA,NA,NA
"2011-08-22",881,FALSE,NA,NA,"<= day","daily",NA,NA,NA
"2011-08-23",875,FALSE,NA,NA,"<= day","daily",NA,NA,NA
"2011-08-24",840,FALSE,NA,NA,"<= day","daily",NA,NA,NA
"2011-08-25",828,FALSE,NA,NA,"<= day","daily",NA,NA,NA
"2011-08-26",823,FALSE,NA,NA,"<= day","daily",NA,NA,NA
"2011-08-27",791,FALSE,NA,NA,"<= day","daily",NA,NA,NA
"2011-08-28",698,FALSE,NA,NA,"<= day","daily",NA,NA,NA
"2011-08-29",698,FALSE,NA,NA,"<= day","daily",NA,NA,NA
"2011-08-30",698,FALSE,NA,NA,"<= day","daily",NA,NA,NA
"2011-08-31",698,FALSE,NA,NA,"<= day","daily",NA,NA,NA
"2011-09-01",685,FALSE,NA,NA,"<= day","daily",NA,NA,NA
"2011-09-02",745,FALSE,NA,NA,"<= day","daily",NA,NA,NA
"2011-09-03",769,FALSE,NA,NA,"<= day","daily",NA,NA,NA
"2011-09-04",741,FALSE,NA,NA,"<= day","daily",NA,NA,NA
"2011-09-05",792,FALSE,NA,NA,"<= day","daily",NA,NA,NA
"2011-09-06",731,FALSE,NA,NA,"<= day","daily",NA,NA,NA
"2011-09-07",815,FALSE,NA,NA,"<= day","daily",NA,NA,NA
"2011-09-08",709,FALSE,NA,NA,"<= day","daily",NA,NA,NA
"2011-09-09",667,FALSE,NA,NA,"<= day","daily",NA,NA,NA
"2011-09-10",636,FALSE,NA,NA,"<= day","daily",NA,NA,NA
"2011-09-11",641,FALSE,NA,NA,"<= day","daily",NA,NA,NA
"2011-09-12",547,FALSE,NA,NA,"<= day","daily",NA,NA,NA
"2011-09-13",555,FALSE,NA,NA,"<= day","daily",NA,NA,NA
"2011-09-14",545,FALSE,NA,NA,"<= day","daily",NA,NA,NA
"2011-09-15",518,FALSE,NA,NA,"<= day","daily",NA,NA,NA
"2011-09-16",498,FALSE,NA,NA,"<= day","daily",NA,NA,NA
"2011-09-17",527,FALSE,NA,NA,"<= day","daily",NA,NA,NA
"2011-09-18",560,FALSE,NA,NA,"<= day","daily",NA,NA,NA
"2011-09-19",1101,FALSE,NA,NA,"<= day","daily",NA,NA,NA
"2011-09-20",1218,FALSE,NA,NA,"<= day","daily",NA,NA,NA
"2011-09-21",961,FALSE,NA,NA,"<= day","daily",NA,NA,NA
"2011-09-22",789,FALSE,NA,NA,"<= day","daily",NA,NA,NA
"2011-09-23",709,FALSE,NA,NA,"<= day","daily",NA,NA,NA
"2011-09-24",662,FALSE,NA,NA,"<= day","daily",NA,NA,NA
"2011-09-25",612,FALSE,NA,NA,"<= day","daily",NA,NA,NA
"2011-09-26",573,FALSE,NA,NA,"<= day","daily",NA,NA,NA
"2011-09-27",545,FALSE,NA,NA,"<= day","daily",NA,NA,NA
"2011-09-28",534,FALSE,NA,NA,"<= day","daily",NA,NA,NA
"2011-09-29",527,FALSE,NA,NA,"<= day","daily",NA,NA,NA
"2011-09-30",536,FALSE,NA,NA,"<= day","daily",NA,NA,NA
"2011-10-01",572,FALSE,NA,NA,"<= day","daily",NA,NA,NA
"2011-10-02",529,FALSE,NA,NA,"<= day","daily",NA,NA,NA
"2011-10-03",531,FALSE,NA,NA,"<= day","daily",NA,NA,NA
"2011-10-04",527,FALSE,NA,NA,"<= day","daily",NA,NA,NA
"2011-10-05",522,FALSE,NA,NA,"<= day","daily",NA,NA,NA
"2011-10-06",529,FALSE,NA,NA,"<= day","daily",NA,NA,NA
"2011-10-07",1609,FALSE,NA,NA,"<= day","daily",NA,NA,NA
"2011-10-08",2038,FALSE,NA,NA,"<= day","daily",NA,NA,NA
"2011-10-09",1491,FALSE,NA,NA,"<= day","daily",NA,NA,NA
"2011-10-10",1302,FALSE,NA,NA,"<= day","daily",NA,NA,NA
"2011-10-11",1216,FALSE,NA,NA,"<= day","daily",NA,NA,NA
"2011-10-12",1123,FALSE,NA,NA,"<= day","daily",NA,NA,NA
"2011-10-13",943,FALSE,NA,NA,"<= day","daily",NA,NA,NA
"2011-10-14",791,FALSE,NA,NA,"<= day","daily",NA,NA,NA
"2011-10-15",701,FALSE,NA,NA,"<= day","daily",NA,NA,NA
"2011-10-16",639,FALSE,NA,NA,"<= day","daily",NA,NA,NA
"2011-10-17",639,FALSE,NA,NA,"<= day","daily",NA,NA,NA
"2011-10-18",654,FALSE,NA,NA,"<= day","daily",NA,NA,NA
"2011-10-19",670,FALSE,NA,NA,"<= day","daily",NA,NA,NA
"2011-10-20",2714,FALSE,NA,NA,"<= day","daily",NA,NA,NA
"2011-10-21",3915,FALSE,NA,NA,"<= day","daily",NA,NA,NA
"2011-10-22",2305,FALSE,NA,NA,"<= day","daily",NA,NA,NA
"2011-10-23",1983,FALSE,NA,NA,"<= day","daily",NA,NA,NA
"2011-10-24",1860,FALSE,NA,NA,"<= day","daily",NA,NA,NA
"2011-10-25",1770,FALSE,NA,NA,"<= day","daily",NA,NA,NA
"2011-10-26",2372,FALSE,NA,NA,"<= day","daily",NA,NA,NA
"2011-10-27",8760,FALSE,NA,NA,"<= day","daily",NA,NA,NA
"2011-10-28",3466,FALSE,NA,NA,"<= day","daily",NA,NA,NA
"2011-10-29",2568,FALSE,NA,NA,"<= day","daily",NA,NA,NA
"2011-10-30",2297,FALSE,NA,NA,"<= day","daily",NA,NA,NA
"2011-10-31",2123,FALSE,NA,NA,"<= day","daily",NA,NA,NA
"2011-11-01",1988,FALSE,NA,NA,"<= day","daily",NA,NA,NA
"2011-11-02",1847,FALSE,NA,NA,"<= day","daily",NA,NA,NA
"2011-11-03",1783,FALSE,NA,NA,"<= day","daily",NA,NA,NA
"2011-11-04",1766,FALSE,NA,NA,"<= day","daily",NA,NA,NA
"2011-11-05",1642,FALSE,NA,NA,"<= day","daily",NA,NA,NA
"2011-11-06",1521,FALSE,NA,NA,"<= day","daily",NA,NA,NA
"2011-11-07",1506,FALSE,NA,NA,"<= day","daily",NA,NA,NA
"2011-11-08",1386,FALSE,NA,NA,"<= day","daily",NA,NA,NA
"2011-11-09",1332,FALSE,NA,NA,"<= day","daily",NA,NA,NA
"2011-11-10",1288,FALSE,NA,NA,"<= day","daily",NA,NA,NA
"2011-11-11",1161,FALSE,NA,NA,"<= day","daily",NA,NA,NA
"2011-11-12",1066,FALSE,NA,NA,"<= day","daily",NA,NA,NA
"2011-11-13",976,FALSE,NA,NA,"<= day","daily",NA,NA,NA
"2011-11-14",1011,FALSE,NA,NA,"<= day","daily",NA,NA,NA
"2011-11-15",1053,FALSE,NA,NA,"<= day","daily",NA,NA,NA
"2011-11-16",1002,FALSE,NA,NA,"<= day","daily",NA,NA,NA
"2011-11-17",970,FALSE,NA,NA,"<= day","daily",NA,NA,NA
"2011-11-18",917,FALSE,NA,NA,"<= day","daily",NA,NA,NA
"2011-11-19",918,FALSE,NA,NA,"<= day","daily",NA,NA,NA
"2011-11-20",902,FALSE,NA,NA,"<= day","daily",NA,NA,NA
"2011-11-21",902,FALSE,NA,NA,"<= day","daily",NA,NA,NA
"2011-11-22",896,FALSE,NA,NA,"<= day","daily",NA,NA,NA
"2011-11-23",820,FALSE,NA,NA,"<= day","daily",NA,NA,NA
"2011-11-24",763,FALSE,NA,NA,"<= day","daily",NA,NA,NA
"2011-11-25",786,FALSE,NA,NA,"<= day","daily",NA,NA,NA
"2011-11-26",772,FALSE,NA,NA,"<= day","daily",NA,NA,NA
"2011-11-27",806,FALSE,NA,NA,"<= day","daily",NA,NA,NA
"2011-11-28",777,FALSE,NA,NA,"<= day","daily",NA,NA,NA
"2011-11-29",774,FALSE,NA,NA,"<= day","daily",NA,NA,NA
"2011-11-30",755,FALSE,NA,NA,"<= day","daily",NA,NA,NA
"2011-12-01",739,FALSE,NA,NA,"<= day","daily",NA,NA,NA
"2011-12-02",814,FALSE,NA,NA,"<= day","daily",NA,NA,NA
"2011-12-03",831,FALSE,NA,NA,"<= day","daily",NA,NA,NA
"2011-12-04",855,FALSE,NA,NA,"<= day","daily",NA,NA,NA
"2011-12-05",902,FALSE,NA,NA,"<= day","daily",NA,NA,NA
"2011-12-06",1031,FALSE,NA,NA,"<= day","daily",NA,NA,NA
"2011-12-07",1178,FALSE,NA,NA,"<= day","daily",NA,NA,NA
"2011-12-08",1137,FALSE,NA,NA,"<= day","daily",NA,NA,NA
"2011-12-09",1053,FALSE,NA,NA,"<= day","daily",NA,NA,NA
"2011-12-10",1060,FALSE,NA,NA,"<= day","daily",NA,NA,NA
"2011-12-11",976,FALSE,NA,NA,"<= day","daily",NA,NA,NA
"2011-12-12",976,FALSE,NA,NA,"<= day","daily",NA,NA,NA
"2011-12-13",1002,FALSE,NA,NA,"<= day","daily",NA,NA,NA
"2011-12-14",1064,FALSE,NA,NA,"<= day","daily",NA,NA,NA
"2011-12-15",1832,FALSE,NA,NA,"<= day","daily",NA,NA,NA
"2011-12-16",3902,FALSE,NA,NA,"<= day","daily",NA,NA,NA
"2011-12-17",11441,FALSE,NA,NA,"<= day","daily",NA,NA,NA
"2011-12-18",5542,FALSE,NA,NA,"<= day","daily",NA,NA,NA
"2011-12-19",3249,FALSE,NA,NA,"<= day","daily",NA,NA,NA
"2011-12-20",2654,FALSE,NA,NA,"<= day","daily",NA,NA,NA
"2011-12-21",2331,FALSE,NA,NA,"<= day","daily",NA,NA,NA
"2011-12-22",2087,FALSE,NA,NA,"<= day","daily",NA,NA,NA
"2011-12-23",1908,FALSE,NA,NA,"<= day","daily",NA,NA,NA
"2011-12-24",1934,FALSE,NA,NA,"<= day","daily",NA,NA,NA
"2011-12-25",1716,FALSE,NA,NA,"<= day","daily",NA,NA,NA
"2011-12-26",1588,FALSE,NA,NA,"<= day","daily",NA,NA,NA
"2011-12-27",1576,FALSE,NA,NA,"<= day","daily",NA,NA,NA
"2011-12-28",1712,FALSE,NA,NA,"<= day","daily",NA,NA,NA
"2011-12-29",1881,FALSE,NA,NA,"<= day","daily",NA,NA,NA
"2011-12-30",2033,FALSE,NA,NA,"<= day","daily",NA,NA,NA
"2011-12-31",1877,FALSE,NA,NA,"<= day","daily",NA,NA,NA
"2012-01-01",2066,FALSE,NA,NA,"<= day","daily",NA,NA,NA
"2012-01-02",2042,FALSE,NA,NA,"<= day","daily",NA,NA,NA
"2012-01-03",2398,FALSE,NA,NA,"<= day","daily",NA,NA,NA
"2012-01-04",3154,FALSE,NA,NA,"<= day","daily",NA,NA,NA
"2012-01-05",3290,FALSE,NA,NA,"<= day","daily",NA,NA,NA
"2012-01-06",3091,FALSE,NA,NA,"<= day","daily",NA,NA,NA
"2012-01-07",2583,FALSE,NA,NA,"<= day","daily",NA,NA,NA
"2012-01-08",2537,FALSE,NA,NA,"<= day","daily",NA,NA,NA
"2012-01-09",2317,FALSE,NA,NA,"<= day","daily",NA,NA,NA
"2012-01-10",2160,FALSE,NA,NA,"<= day","daily",NA,NA,NA
"2012-01-11",2006,FALSE,NA,NA,"<= day","daily",NA,NA,NA
"2012-01-12",2028,FALSE,NA,NA,"<= day","daily",NA,NA,NA
"2012-01-13",2073,FALSE,NA,NA,"<= day","daily",NA,NA,NA
"2012-01-14",1952,FALSE,NA,NA,"<= day","daily",NA,NA,NA
"2012-01-15",1856,FALSE,NA,NA,"<= day","daily",NA,NA,NA
"2012-01-16",1728,FALSE,NA,NA,"<= day","daily",NA,NA,NA
"2012-01-17",1645,FALSE,NA,NA,"<= day","daily",NA,NA,NA
"2012-01-18",1560,FALSE,NA,NA,"<= day","daily",NA,NA,NA
"2012-01-19",1593,FALSE,NA,NA,"<= day","daily",NA,NA,NA
"2012-01-20",1749,FALSE,NA,NA,"<= day","daily",NA,NA,NA
"2012-01-21",1678,FALSE,NA,NA,"<= day","daily",NA,NA,NA
"2012-01-22",1687,FALSE,NA,NA,"<= day","daily",NA,NA,NA
"2012-01-23",1588,FALSE,NA,NA,"<= day","daily",NA,NA,NA
"2012-01-24",1870,FALSE,NA,NA,"<= day","daily",NA,NA,NA
"2012-01-25",1983,FALSE,NA,NA,"<= day","daily",NA,NA,NA
"2012-01-26",1974,FALSE,NA,NA,"<= day","daily",NA,NA,NA
"2012-01-27",1873,FALSE,NA,NA,"<= day","daily",NA,NA,NA
"2012-01-28",1774,FALSE,NA,NA,"<= day","daily",NA,NA,NA
"2012-01-29",1757,FALSE,NA,NA,"<= day","daily",NA,NA,NA
"2012-01-30",1674,FALSE,NA,NA,"<= day","daily",NA,NA,NA
"2012-01-31",1670,FALSE,NA,NA,"<= day","daily",NA,NA,NA
"2012-02-01",1662,FALSE,NA,NA,"<= day","daily",NA,NA,NA
"2012-02-02",1564,FALSE,NA,NA,"<= day","daily",NA,NA,NA
"2012-02-03",1474,FALSE,NA,NA,"<= day","daily",NA,NA,NA
"2012-02-04",1398,FALSE,NA,NA,"<= day","daily",NA,NA,NA
"2012-02-05",1350,FALSE,NA,NA,"<= day","daily",NA,NA,NA
"2012-02-06",1313,FALSE,NA,NA,"<= day","daily",NA,NA,NA
"2012-02-07",1295,FALSE,NA,NA,"<= day","daily",NA,NA,NA
"2012-02-08",1199,FALSE,NA,NA,"<= day","daily",NA,NA,NA
"2012-02-09",1133,FALSE,NA,NA,"<= day","daily",NA,NA,NA
"2012-02-10",1100,FALSE,NA,NA,"<= day","daily",NA,NA,NA
"2012-02-11",1116,FALSE,NA,NA,"<= day","daily",NA,NA,NA
"2012-02-12",1053,FALSE,NA,NA,"<= day","daily",NA,NA,NA
"2012-02-13",1093,FALSE,NA,NA,"<= day","daily",NA,NA,NA
"2012-02-14",1113,FALSE,NA,NA,"<= day","daily",NA,NA,NA
"2012-02-15",1185,FALSE,NA,NA,"<= day","daily",NA,NA,NA
"2012-02-16",1106,FALSE,NA,NA,"<= day","daily",NA,NA,NA
"2012-02-17",1024,FALSE,NA,NA,"<= day","daily",NA,NA,NA
"2012-02-18",1002,FALSE,NA,NA,"<= day","daily",NA,NA,NA
"2012-02-19",1080,FALSE,NA,NA,"<= day","daily",NA,NA,NA
"2012-02-20",1918,FALSE,NA,NA,"<= day","daily",NA,NA,NA
"2012-02-21",2046,FALSE,NA,NA,"<= day","daily",NA,NA,NA
"2012-02-22",2238,FALSE,NA,NA,"<= day","daily",NA,NA,NA
"2012-02-23",2548,FALSE,NA,NA,"<= day","daily",NA,NA,NA
"2012-02-24",3337,FALSE,NA,NA,"<= day","daily",NA,NA,NA
"2012-02-25",5757,FALSE,NA,NA,"<= day","daily",NA,NA,NA
"2012-02-26",6674,FALSE,NA,NA,"<= day","daily",NA,NA,NA
"2012-02-27",5075,FALSE,NA,NA,"<= day","daily",NA,NA,NA
"2012-02-28",3881,FALSE,NA,NA,"<= day","daily",NA,NA,NA
"2012-02-29",3426,FALSE,NA,NA,"<= day","daily",NA,NA,NA
"2012-03-01",3176,FALSE,NA,NA,"<= day","daily",NA,NA,NA
"2012-03-02",3077,FALSE,NA,NA,"<= day","daily",NA,NA,NA
"2012-03-03",2840,FALSE,NA,NA,"<= day","daily",NA,NA,NA
"2012-03-04",2664,FALSE,NA,NA,"<= day","daily",NA,NA,NA
"2012-03-05",2532,FALSE,NA,NA,"<= day","daily",NA,NA,NA
"2012-03-06",2326,FALSE,NA,NA,"<= day","daily",NA,NA,NA
"2012-03-07",2184,FALSE,NA,NA,"<= day","daily",NA,NA,NA
"2012-03-08",2174,FALSE,NA,NA,"<= day","daily",NA,NA,NA
"2012-03-09",1930,FALSE,NA,NA,"<= day","daily",NA,NA,NA
"2012-03-10",1877,FALSE,NA,NA,"<= day","daily",NA,NA,NA
"2012-03-11",1917,FALSE,NA,NA,"<= day","daily",NA,NA,NA
"2012-03-12",1856,FALSE,NA,NA,"<= day","daily",NA,NA,NA
"2012-03-13",1757,FALSE,NA,NA,"<= day","daily",NA,NA,NA
"2012-03-14",1682,FALSE,NA,NA,"<= day","daily",NA,NA,NA
"2012-03-15",1642,FALSE,NA,NA,"<= day","daily",NA,NA,NA
"2012-03-16",1613,FALSE,NA,NA,"<= day","daily",NA,NA,NA
"2012-03-17",1613,FALSE,NA,NA,"<= day","daily",NA,NA,NA
"2012-03-18",1592,FALSE,NA,NA,"<= day","daily",NA,NA,NA
"2012-03-19",1576,FALSE,NA,NA,"<= day","daily",NA,NA,NA
"2012-03-20",1533,FALSE,NA,NA,"<= day","daily",NA,NA,NA
"2012-03-21",1517,FALSE,NA,NA,"<= day","daily",NA,NA,NA
"2012-03-22",1529,FALSE,NA,NA,"<= day","daily",NA,NA,NA
"2012-03-23",1549,FALSE,NA,NA,"<= day","daily",NA,NA,NA
"2012-03-24",1576,FALSE,NA,NA,"<= day","daily",NA,NA,NA
"2012-03-25",1541,FALSE,NA,NA,"<= day","daily",NA,NA,NA
"2012-03-26",1482,FALSE,NA,NA,"<= day","daily",NA,NA,NA
"2012-03-27",1440,FALSE,NA,NA,"<= day","daily",NA,NA,NA
"2012-03-28",1490,FALSE,NA,NA,"<= day","daily",NA,NA,NA
"2012-03-29",1561,FALSE,NA,NA,"<= day","daily",NA,NA,NA
"2012-03-30",1605,FALSE,NA,NA,"<= day","daily",NA,NA,NA
"2012-03-31",1625,FALSE,NA,NA,"<= day","daily",NA,NA,NA
"2012-04-01",1483,FALSE,NA,NA,"<= day","daily",NA,NA,NA
"2012-04-02",1432,FALSE,NA,NA,"<= day","daily",NA,NA,NA
"2012-04-03",1440,FALSE,NA,NA,"<= day","daily",NA,NA,NA
"2012-04-04",1432,FALSE,NA,NA,"<= day","daily",NA,NA,NA
"2012-04-05",1380,FALSE,NA,NA,"<= day","daily",NA,NA,NA
