"date","discharge","qc_flag","qc_type","qc_detect_method","temp_res","temp_res_dom","dq_issue","cpd_segment_id","cpd_segment_main"
"1961-01-01",41600,FALSE,NA,NA,"<= day","daily",NA,NA,NA
"1961-01-02",42500,FALSE,NA,NA,"<= day","daily",NA,NA,NA
"1961-01-03",66100,FALSE,NA,NA,"<= day","daily",NA,NA,NA
"1961-01-04",85800,FALSE,NA,NA,"<= day","daily",NA,NA,NA
"1961-01-05",74300,FALSE,NA,NA,"<= day","daily",NA,NA,NA
"1961-01-06",63300,FALSE,NA,NA,"<= day","daily",NA,NA,NA
"1961-01-07",59800,FALSE,NA,NA,"<= day","daily",NA,NA,NA
"1961-01-08",55400,FALSE,NA,NA,"<= day","daily",NA,NA,NA
"1961-01-09",50200,FALSE,NA,NA,"<= day","daily",NA,NA,NA
"1961-01-10",47900,FALSE,NA,NA,"<= day","daily",NA,NA,NA
"1961-01-11",49700,FALSE,NA,NA,"<= day","daily",NA,NA,NA
"1961-01-12",78500,FALSE,NA,NA,"<= day","daily",NA,NA,NA
"1961-01-13",64200,FALSE,NA,NA,"<= day","daily",NA,NA,NA
"1961-01-14",54900,FALSE,NA,NA,"<= day","daily",NA,NA,NA
"1961-01-15",51100,FALSE,NA,NA,"<= day","daily",NA,NA,NA
"1961-01-16",48800,FALSE,NA,NA,"<= day","daily",NA,NA,NA
"1961-01-17",45300,FALSE,NA,NA,"<= day","daily",NA,NA,NA
"1961-01-18",43500,FALSE,NA,NA,"<= day","daily",NA,NA,NA
"1961-01-19",37000,FALSE,NA,NA,"<= day","daily",NA,NA,NA
"1961-01-20",26200,FALSE,NA,NA,"<= day","daily",NA,NA,NA
"1961-01-21",22400,FALSE,NA,NA,"<= day","daily",NA,NA,NA
"1961-01-22",17500,FALSE,NA,NA,"<= day","daily",NA,NA,NA
"1961-01-23",16100,FALSE,NA,NA,"<= day","daily",NA,NA,NA
"1961-01-24",18200,FALSE,NA,NA,"<= day","daily",NA,NA,NA
"1961-01-25",17500,FALSE,NA,NA,"<= day","daily",NA,NA,NA
"1961-01-26",19500,FALSE,NA,NA,"<= day","daily",NA,NA,NA
"1961-01-27",14200,FALSE,NA,NA,"<= day","daily",NA,NA,NA
"1961-01-28",10900,FALSE,NA,NA,"<= day","daily",NA,NA,NA
"1961-01-29",7900,FALSE,NA,NA,"<= day","daily",NA,NA,NA
"1961-01-30",6940,FALSE,NA,NA,"<= day","daily",NA,NA,NA
"1961-01-31",7420,FALSE,NA,NA,"<= day","daily",NA,NA,NA
"1961-02-01",13500,FALSE,NA,NA,"<= day","daily",NA,NA,NA
"1961-02-02",45300,FALSE,NA,NA,"<= day","daily",NA,NA,NA
"1961-02-03",26900,FALSE,NA,NA,"<= day","daily",NA,NA,NA
"1961-02-04",14200,FALSE,NA,NA,"<= day","daily",NA,NA,NA
"1961-02-05",16100,FALSE,NA,NA,"<= day","daily",NA,NA,NA
"1961-02-06",14800,FALSE,NA,NA,"<= day","daily",NA,NA,NA
"1961-02-07",16100,FALSE,NA,NA,"<= day","daily",NA,NA,NA
"1961-02-08",11800,FALSE,NA,NA,"<= day","daily",NA,NA,NA
"1961-02-09",12900,FALSE,NA,NA,"<= day","daily",NA,NA,NA
"1961-02-10",11200,FALSE,NA,NA,"<= day","daily",NA,NA,NA
"1961-02-11",10600,FALSE,NA,NA,"<= day","daily",NA,NA,NA
"1961-02-12",8940,FALSE,NA,NA,"<= day","daily",NA,NA,NA
"1961-02-13",7900,FALSE,NA,NA,"<= day","daily",NA,NA,NA
"1961-02-14",6940,FALSE,NA,NA,"<= day","daily",NA,NA,NA
"1961-02-15",4420,FALSE,NA,NA,"<= day","daily",NA,NA,NA
"1961-02-16",6100,FALSE,NA,NA,"<= day","daily",NA,NA,NA
"1961-02-17",6100,FALSE,NA,NA,"<= day","daily",NA,NA,NA
"1961-02-18",5700,FALSE,NA,NA,"<= day","daily",NA,NA,NA
"1961-02-19",5260,FALSE,NA,NA,"<= day","daily",NA,NA,NA
"1961-02-20",4420,FALSE,NA,NA,"<= day","daily",NA,NA,NA
"1961-02-21",4060,FALSE,NA,NA,"<= day","daily",NA,NA,NA
"1961-02-22",3700,FALSE,NA,NA,"<= day","daily",NA,NA,NA
"1961-02-23",4060,FALSE,NA,NA,"<= day","daily",NA,NA,NA
"1961-02-24",3700,FALSE,NA,NA,"<= day","daily",NA,NA,NA
"1961-02-25",3340,FALSE,NA,NA,"<= day","daily",NA,NA,NA
"1961-02-26",3700,FALSE,NA,NA,"<= day","daily",NA,NA,NA
"1961-02-27",2980,FALSE,NA,NA,"<= day","daily",NA,NA,NA
"1961-02-28",2660,FALSE,NA,NA,"<= day","daily",NA,NA,NA
"1961-03-01",4420,FALSE,NA,NA,"<= day","daily",NA,NA,NA
"1961-03-02",5040,FALSE,NA,NA,"<= day","daily",NA,NA,NA
"1961-03-03",8420,FALSE,NA,NA,"<= day","daily",NA,NA,NA
"1961-03-04",6500,FALSE,NA,NA,"<= day","daily",NA,NA,NA
"1961-03-05",3700,FALSE,NA,NA,"<= day","daily",NA,NA,NA
"1961-03-06",4820,FALSE,NA,NA,"<= day","daily",NA,NA,NA
"1961-03-07",4420,FALSE,NA,NA,"<= day","daily",NA,NA,NA
"1961-03-08",3700,FALSE,NA,NA,"<= day","daily",NA,NA,NA
"1961-03-09",3700,FALSE,NA,NA,"<= day","daily",NA,NA,NA
"1961-03-10",4060,FALSE,NA,NA,"<= day","daily",NA,NA,NA
"1961-03-11",3700,FALSE,NA,NA,"<= day","daily",NA,NA,NA
"1961-03-12",3340,FALSE,NA,NA,"<= day","daily",NA,NA,NA
"1961-03-13",2660,FALSE,NA,NA,"<= day","daily",NA,NA,NA
"1961-03-14",2380,FALSE,NA,NA,"<= day","daily",NA,NA,NA
"1961-03-15",2660,FALSE,NA,NA,"<= day","daily",NA,NA,NA
"1961-03-16",2660,FALSE,NA,NA,"<= day","daily",NA,NA,NA
"1961-03-17",2380,FALSE,NA,NA,"<= day","daily",NA,NA,NA
"1961-03-18",1860,FALSE,NA,NA,"<= day","daily",NA,NA,NA
"1961-03-19",2380,FALSE,NA,NA,"<= day","daily",NA,NA,NA
"1961-03-20",2100,FALSE,NA,NA,"<= day","daily",NA,NA,NA
"1961-03-21",2100,FALSE,NA,NA,"<= day","daily",NA,NA,NA
"1961-03-22",3340,FALSE,NA,NA,"<= day","daily",NA,NA,NA
"1961-03-23",6100,FALSE,NA,NA,"<= day","daily",NA,NA,NA
"1961-03-24",6100,FALSE,NA,NA,"<= day","daily",NA,NA,NA
"1961-03-25",6500,FALSE,NA,NA,"<= day","daily",NA,NA,NA
"1961-03-26",6100,FALSE,NA,NA,"<= day","daily",NA,NA,NA
"1961-03-27",6500,FALSE,NA,NA,"<= day","daily",NA,NA,NA
"1961-03-28",6940,FALSE,NA,NA,"<= day","daily",NA,NA,NA
"1961-03-29",6500,FALSE,NA,NA,"<= day","daily",NA,NA,NA
"1961-03-30",6100,FALSE,NA,NA,"<= day","daily",NA,NA,NA
"1961-03-31",5700,FALSE,NA,NA,"<= day","daily",NA,NA,NA
"1961-04-01",4420,FALSE,NA,NA,"<= day","daily",NA,NA,NA
"1961-04-02",3340,FALSE,NA,NA,"<= day","daily",NA,NA,NA
"1961-04-03",2980,FALSE,NA,NA,"<= day","daily",NA,NA,NA
"1961-04-04",2100,FALSE,NA,NA,"<= day","daily",NA,NA,NA
"1961-04-05",1860,FALSE,NA,NA,"<= day","daily",NA,NA,NA
"1961-04-06",2100,FALSE,NA,NA,"<= day","daily",NA,NA,NA
"1961-04-07",2380,FALSE,NA,NA,"<= day","daily",NA,NA,NA
"1961-04-08",2660,FALSE,NA,NA,"<= day","daily",NA,NA,NA
"1961-04-09",2100,FALSE,NA,NA,"<= day","daily",NA,NA,NA
"1961-04-10",2380,FALSE,NA,NA,"<= day","daily",NA,NA,NA
"1961-04-11",2100,FALSE,NA,NA,"<= day","daily",NA,NA,NA
"1961-04-12",1860,FALSE,NA,NA,"<= day","daily",NA,NA,NA
"1961-04-13",1620,FALSE,NA,NA,"<= day","daily",NA,NA,NA
"1961-04-14",1200,FALSE,NA,NA,"<= day","daily",NA,NA,NA
"1961-04-15",880,FALSE,NA,NA,"<= day","daily",NA,NA,NA
"1961-04-16",640,FALSE,NA,NA,"<= day","daily",NA,NA,NA
"1961-04-17",520,FALSE,NA,NA,"<= day","daily",NA,NA,NA
"1961-04-18",10000,FALSE,NA,NA,"<= day","daily",NA,NA,NA
"1961-04-19",23500,FALSE,NA,NA,"<= day","daily",NA,NA,NA
"1961-04-20",18800,FALSE,NA,NA,"<= day","daily",NA,NA,NA
"1961-04-21",15200,FALSE,NA,NA,"<= day","daily",NA,NA,NA
"1961-04-22",15200,FALSE,NA,NA,"<= day","daily",NA,NA,NA
"1961-04-23",37000,FALSE,NA,NA,"<= day","daily",NA,NA,NA
"1961-04-24",32300,FALSE,NA,NA,"<= day","daily",NA,NA,NA
"1961-04-25",23900,FALSE,NA,NA,"<= day","daily",NA,NA,NA
"1961-04-26",28500,FALSE,NA,NA,"<= day","daily",NA,NA,NA
"1961-04-27",33600,FALSE,NA,NA,"<= day","daily",NA,NA,NA
"1961-04-28",35300,FALSE,NA,NA,"<= day","daily",NA,NA,NA
"1961-04-29",38900,FALSE,NA,NA,"<= day","daily",NA,NA,NA
"1961-04-30",33200,FALSE,NA,NA,"<= day","daily",NA,NA,NA
"1961-05-01",26200,FALSE,NA,NA,"<= day","daily",NA,NA,NA
"1961-05-02",24700,FALSE,NA,NA,"<= day","daily",NA,NA,NA
"1961-05-03",23200,FALSE,NA,NA,"<= day","daily",NA,NA,NA
"1961-05-04",21700,FALSE,NA,NA,"<= day","daily",NA,NA,NA
"1961-05-05",18800,FALSE,NA,NA,"<= day","daily",NA,NA,NA
"1961-05-06",14200,FALSE,NA,NA,"<= day","daily",NA,NA,NA
"1961-05-07",10600,FALSE,NA,NA,"<= day","daily",NA,NA,NA
"1961-05-08",12300,FALSE,NA,NA,"<= day","daily",NA,NA,NA
"1961-05-09",8420,FALSE,NA,NA,"<= day","daily",NA,NA,NA
"1961-05-10",7900,FALSE,NA,NA,"<= day","daily",NA,NA,NA
"1961-05-11",7420,FALSE,NA,NA,"<= day","daily",NA,NA,NA
"1961-05-12",6940,FALSE,NA,NA,"<= day","daily",NA,NA,NA
"1961-05-13",6500,FALSE,NA,NA,"<= day","daily",NA,NA,NA
"1961-05-14",5700,FALSE,NA,NA,"<= day","daily",NA,NA,NA
"1961-05-15",7180,FALSE,NA,NA,"<= day","daily",NA,NA,NA
"1961-05-16",13200,FALSE,NA,NA,"<= day","daily",NA,NA,NA
"1961-05-17",17800,FALSE,NA,NA,"<= day","daily",NA,NA,NA
"1961-05-18",16100,FALSE,NA,NA,"<= day","daily",NA,NA,NA
"1961-05-19",13200,FALSE,NA,NA,"<= day","daily",NA,NA,NA
"1961-05-20",11800,FALSE,NA,NA,"<= day","daily",NA,NA,NA
"1961-05-21",11200,FALSE,NA,NA,"<= day","daily",NA,NA,NA
"1961-05-22",10600,FALSE,NA,NA,"<= day","daily",NA,NA,NA
"1961-05-23",7900,FALSE,NA,NA,"<= day","daily",NA,NA,NA
"1961-05-24",7420,FALSE,NA,NA,"<= day","daily",NA,NA,NA
"1961-05-25",6940,FALSE,NA,NA,"<= day","daily",NA,NA,NA
"1961-05-26",6500,FALSE,NA,NA,"<= day","daily",NA,NA,NA
"1961-05-27",6100,FALSE,NA,NA,"<= day","daily",NA,NA,NA
"1961-05-28",3700,FALSE,NA,NA,"<= day","daily",NA,NA,NA
"1961-05-29",8160,FALSE,NA,NA,"<= day","daily",NA,NA,NA
"1961-05-30",7900,FALSE,NA,NA,"<= day","daily",NA,NA,NA
"1961-05-31",7420,FALSE,NA,NA,"<= day","daily",NA,NA,NA
"1961-06-01",6940,FALSE,NA,NA,"<= day","daily",NA,NA,NA
"1961-06-02",6500,FALSE,NA,NA,"<= day","daily",NA,NA,NA
"1961-06-03",6100,FALSE,NA,NA,"<= day","daily",NA,NA,NA
"1961-06-04",6100,FALSE,NA,NA,"<= day","daily",NA,NA,NA
"1961-06-05",8420,FALSE,NA,NA,"<= day","daily",NA,NA,NA
"1961-06-06",6100,FALSE,NA,NA,"<= day","daily",NA,NA,NA
"1961-06-07",8680,FALSE,NA,NA,"<= day","daily",NA,NA,NA
"1961-06-08",23200,FALSE,NA,NA,"<= day","daily",NA,NA,NA
"1961-06-09",25400,FALSE,NA,NA,"<= day","daily",NA,NA,NA
"1961-06-10",26900,FALSE,NA,NA,"<= day","daily",NA,NA,NA
"1961-06-11",55400,FALSE,NA,NA,"<= day","daily",NA,NA,NA
"1961-06-12",48800,FALSE,NA,NA,"<= day","daily",NA,NA,NA
"1961-06-13",37000,FALSE,NA,NA,"<= day","daily",NA,NA,NA
"1961-06-14",36100,FALSE,NA,NA,"<= day","daily",NA,NA,NA
"1961-06-15",35300,FALSE,NA,NA,"<= day","daily",NA,NA,NA
"1961-06-16",31100,FALSE,NA,NA,"<= day","daily",NA,NA,NA
"1961-06-17",28500,FALSE,NA,NA,"<= day","daily",NA,NA,NA
"1961-06-18",23900,FALSE,NA,NA,"<= day","daily",NA,NA,NA
"1961-06-19",22400,FALSE,NA,NA,"<= day","daily",NA,NA,NA
"1961-06-20",19500,FALSE,NA,NA,"<= day","daily",NA,NA,NA
"1961-06-21",18800,FALSE,NA,NA,"<= day","daily",NA,NA,NA
"1961-06-22",9480,FALSE,NA,NA,"<= day","daily",NA,NA,NA
"1961-06-23",14200,FALSE,NA,NA,"<= day","daily",NA,NA,NA
"1961-06-24",12900,FALSE,NA,NA,"<= day","daily",NA,NA,NA
"1961-06-25",11200,FALSE,NA,NA,"<= day","daily",NA,NA,NA
"1961-06-26",9480,FALSE,NA,NA,"<= day","daily",NA,NA,NA
"1961-06-27",7420,FALSE,NA,NA,"<= day","daily",NA,NA,NA
"1961-06-28",5700,FALSE,NA,NA,"<= day","daily",NA,NA,NA
"1961-06-29",3700,FALSE,NA,NA,"<= day","daily",NA,NA,NA
"1961-06-30",4420,FALSE,NA,NA,"<= day","daily",NA,NA,NA
"1961-07-01",3700,FALSE,NA,NA,"<= day","daily",NA,NA,NA
"1961-07-02",2980,FALSE,NA,NA,"<= day","daily",NA,NA,NA
"1961-07-03",2660,FALSE,NA,NA,"<= day","daily",NA,NA,NA
"1961-07-04",2100,FALSE,NA,NA,"<= day","daily",NA,NA,NA
"1961-07-05",1860,FALSE,NA,NA,"<= day","daily",NA,NA,NA
"1961-07-06",2980,FALSE,NA,NA,"<= day","daily",NA,NA,NA
"1961-07-07",2100,FALSE,NA,NA,"<= day","daily",NA,NA,NA
"1961-07-08",2660,FALSE,NA,NA,"<= day","daily",NA,NA,NA
"1961-07-09",1860,FALSE,NA,NA,"<= day","daily",NA,NA,NA
"1961-07-10",2380,FALSE,NA,NA,"<= day","daily",NA,NA,NA
"1961-07-11",1200,FALSE,NA,NA,"<= day","daily",NA,NA,NA
"1961-07-12",880,FALSE,NA,NA,"<= day","daily",NA,NA,NA
"1961-07-13",1400,FALSE,NA,NA,"<= day","daily",NA,NA,NA
"1961-07-14",5260,FALSE,NA,NA,"<= day","daily",NA,NA,NA
"1961-07-15",2980,FALSE,NA,NA,"<= day","daily",NA,NA,NA
"1961-07-16",4060,FALSE,NA,NA,"<= day","daily",NA,NA,NA
"1961-07-17",2980,FALSE,NA,NA,"<= day","daily",NA,NA,NA
"1961-07-18",4820,FALSE,NA,NA,"<= day","daily",NA,NA,NA
"1961-07-19",2980,FALSE,NA,NA,"<= day","daily",NA,NA,NA
"1961-07-20",2660,FALSE,NA,NA,"<= day","daily",NA,NA,NA
"1961-07-21",3160,FALSE,NA,NA,"<= day","daily",NA,NA,NA
"1961-07-22",3700,FALSE,NA,NA,"<= day","daily",NA,NA,NA
"1961-07-23",4420,FALSE,NA,NA,"<= day","daily",NA,NA,NA
"1961-07-24",10600,FALSE,NA,NA,"<= day","daily",NA,NA,NA
"1961-07-25",6500,FALSE,NA,NA,"<= day","daily",NA,NA,NA
"1961-07-26",5700,FALSE,NA,NA,"<= day","daily",NA,NA,NA
"1961-07-27",4820,FALSE,NA,NA,"<= day","daily",NA,NA,NA
"1961-07-28",4820,FALSE,NA,NA,"<= day","daily",NA,NA,NA
"1961-07-29",11200,FALSE,NA,NA,"<= day","daily",NA,NA,NA
"1961-07-30",40200,FALSE,NA,NA,"<= day","daily",NA,NA,NA
"1961-07-31",41600,FALSE,NA,NA,"<= day","daily",NA,NA,NA
"1961-08-01",38900,FALSE,NA,NA,"<= day","daily",NA,NA,NA
"1961-08-02",35700,FALSE,NA,NA,"<= day","daily",NA,NA,NA
"1961-08-03",31100,FALSE,NA,NA,"<= day","daily",NA,NA,NA
"1961-08-04",26200,FALSE,NA,NA,"<= day","daily",NA,NA,NA
"1961-08-05",24700,FALSE,NA,NA,"<= day","daily",NA,NA,NA
"1961-08-06",23200,FALSE,NA,NA,"<= day","daily",NA,NA,NA
"1961-08-07",17500,FALSE,NA,NA,"<= day","daily",NA,NA,NA
"1961-08-08",14800,FALSE,NA,NA,"<= day","daily",NA,NA,NA
"1961-08-09",12900,FALSE,NA,NA,"<= day","daily",NA,NA,NA
"1961-08-10",10600,FALSE,NA,NA,"<= day","daily",NA,NA,NA
"1961-08-11",8420,FALSE,NA,NA,"<= day","daily",NA,NA,NA
"1961-08-12",7420,FALSE,NA,NA,"<= day","daily",NA,NA,NA
"1961-08-13",6500,FALSE,NA,NA,"<= day","daily",NA,NA,NA
"1961-08-14",5700,FALSE,NA,NA,"<= day","daily",NA,NA,NA
"1961-08-15",5040,FALSE,NA,NA,"<= day","daily",NA,NA,NA
"1961-08-16",2100,FALSE,NA,NA,"<= day","daily",NA,NA,NA
"1961-08-17",2380,FALSE,NA,NA,"<= day","daily",NA,NA,NA
"1961-08-18",1860,FALSE,NA,NA,"<= day","daily",NA,NA,NA
"1961-08-19",1400,FALSE,NA,NA,"<= day","daily",NA,NA,NA
"1961-08-20",1000,FALSE,NA,NA,"<= day","daily",NA,NA,NA
"1961-08-21",1200,FALSE,NA,NA,"<= day","daily",NA,NA,NA
"1961-08-22",1000,FALSE,NA,NA,"<= day","daily",NA,NA,NA
"1961-08-23",1200,FALSE,NA,NA,"<= day","daily",NA,NA,NA
"1961-08-24",2660,FALSE,NA,NA,"<= day","daily",NA,NA,NA
"1961-08-25",2100,FALSE,NA,NA,"<= day","daily",NA,NA,NA
"1961-08-26",1860,FALSE,NA,NA,"<= day","daily",NA,NA,NA
"1961-08-27",1400,FALSE,NA,NA,"<= day","daily",NA,NA,NA
"1961-08-28",1200,FALSE,NA,NA,"<= day","daily",NA,NA,NA
"1961-08-29",640,FALSE,NA,NA,"<= day","daily",NA,NA,NA
"1961-08-30",360,FALSE,NA,NA,"<= day","daily",NA,NA,NA
"1961-08-31",180,FALSE,NA,NA,"<= day","daily",NA,NA,NA
"1961-09-01",240,FALSE,NA,NA,"<= day","daily",NA,NA,NA
"1961-09-02",360,FALSE,NA,NA,"<= day","daily",NA,NA,NA
"1961-09-03",400,FALSE,NA,NA,"<= day","daily",NA,NA,NA
"1961-09-04",760,FALSE,NA,NA,"<= day","daily",NA,NA,NA
"1961-09-05",880,FALSE,NA,NA,"<= day","daily",NA,NA,NA
"1961-09-06",2660,FALSE,NA,NA,"<= day","daily",NA,NA,NA
"1961-09-07",16800,FALSE,NA,NA,"<= day","daily",NA,NA,NA
"1961-09-08",12900,FALSE,NA,NA,"<= day","daily",NA,NA,NA
"1961-09-09",10600,FALSE,NA,NA,"<= day","daily",NA,NA,NA
"1961-09-10",7900,FALSE,NA,NA,"<= day","daily",NA,NA,NA
"1961-09-11",4420,FALSE,NA,NA,"<= day","daily",NA,NA,NA
"1961-09-12",2380,FALSE,NA,NA,"<= day","daily",NA,NA,NA
"1961-09-13",1100,FALSE,NA,NA,"<= day","daily",NA,NA,NA
"1961-09-14",640,FALSE,NA,NA,"<= day","daily",NA,NA,NA
"1961-09-15",360,FALSE,NA,NA,"<= day","daily",NA,NA,NA
"1961-09-16",280,FALSE,NA,NA,"<= day","daily",NA,NA,NA
"1961-09-17",240,FALSE,NA,NA,"<= day","daily",NA,NA,NA
"1961-09-18",240,FALSE,NA,NA,"<= day","daily",NA,NA,NA
"1961-09-19",180,FALSE,NA,NA,"<= day","daily",NA,NA,NA
"1961-09-20",150,FALSE,NA,NA,"<= day","daily",NA,NA,NA
"1961-09-21",200,FALSE,NA,NA,"<= day","daily",NA,NA,NA
"1961-09-22",360,FALSE,NA,NA,"<= day","daily",NA,NA,NA
"1961-09-23",400,FALSE,NA,NA,"<= day","daily",NA,NA,NA
"1961-09-24",360,FALSE,NA,NA,"<= day","daily",NA,NA,NA
"1961-09-25",320,FALSE,NA,NA,"<= day","daily",NA,NA,NA
"1961-09-26",280,FALSE,NA,NA,"<= day","daily",NA,NA,NA
"1961-09-27",200,FALSE,NA,NA,"<= day","daily",NA,NA,NA
"1961-09-28",140,FALSE,NA,NA,"<= day","daily",NA,NA,NA
"1961-09-29",100,FALSE,NA,NA,"<= day","daily",NA,NA,NA
"1961-09-30",70,FALSE,NA,NA,"<= day","daily",NA,NA,NA
"1961-10-01",50,FALSE,NA,NA,"<= day","daily",NA,NA,NA
"1961-10-02",50,FALSE,NA,NA,"<= day","daily",NA,NA,NA
"1961-10-03",40,FALSE,NA,NA,"<= day","daily",NA,NA,NA
"1961-10-04",50,FALSE,NA,NA,"<= day","daily",NA,NA,NA
"1961-10-05",80,FALSE,NA,NA,"<= day","daily",NA,NA,NA
"1961-10-06",40,FALSE,NA,NA,"<= day","daily",NA,NA,NA
"1961-10-07",200,FALSE,NA,NA,"<= day","daily",NA,NA,NA
"1961-10-08",23500,FALSE,NA,NA,"<= day","daily",NA,NA,NA
"1961-10-09",27700,FALSE,NA,NA,"<= day","daily",NA,NA,NA
"1961-10-10",7900,FALSE,NA,NA,"<= day","daily",NA,NA,NA
"1961-10-11",5260,FALSE,NA,NA,"<= day","daily",NA,NA,NA
"1961-10-12",4420,FALSE,NA,NA,"<= day","daily",NA,NA,NA
"1961-10-13",1860,FALSE,NA,NA,"<= day","daily",NA,NA,NA
"1961-10-14",880,FALSE,NA,NA,"<= day","daily",NA,NA,NA
"1961-10-15",760,FALSE,NA,NA,"<= day","daily",NA,NA,NA
"1961-10-16",1000,FALSE,NA,NA,"<= day","daily",NA,NA,NA
"1961-10-17",760,FALSE,NA,NA,"<= day","daily",NA,NA,NA
"1961-10-18",7420,FALSE,NA,NA,"<= day","daily",NA,NA,NA
"1961-10-19",72100,FALSE,NA,NA,"<= day","daily",NA,NA,NA
"1961-10-20",60200,FALSE,NA,NA,"<= day","daily",NA,NA,NA
"1961-10-21",39800,FALSE,NA,NA,"<= day","daily",NA,NA,NA
"1961-10-22",36100,FALSE,NA,NA,"<= day","daily",NA,NA,NA
"1961-10-23",34800,FALSE,NA,NA,"<= day","daily",NA,NA,NA
"1961-10-24",34400,FALSE,NA,NA,"<= day","daily",NA,NA,NA
"1961-10-25",32700,FALSE,NA,NA,"<= day","daily",NA,NA,NA
"1961-10-26",28500,FALSE,NA,NA,"<= day","daily",NA,NA,NA
"1961-10-27",27700,FALSE,NA,NA,"<= day","daily",NA,NA,NA
"1961-10-28",26200,FALSE,NA,NA,"<= day","daily",NA,NA,NA
"1961-10-29",23900,FALSE,NA,NA,"<= day","daily",NA,NA,NA
"1961-10-30",22400,FALSE,NA,NA,"<= day","daily",NA,NA,NA
"1961-10-31",30600,FALSE,NA,NA,"<= day","daily",NA,NA,NA
"1961-11-01",27700,FALSE,NA,NA,"<= day","daily",NA,NA,NA
"1961-11-02",25400,FALSE,NA,NA,"<= day","daily",NA,NA,NA
"1961-11-03",23900,FALSE,NA,NA,"<= day","daily",NA,NA,NA
"1961-11-04",25400,FALSE,NA,NA,"<= day","daily",NA,NA,NA
"1961-11-05",52500,FALSE,NA,NA,"<= day","daily",NA,NA,NA
"1961-11-06",46200,FALSE,NA,NA,"<= day","daily",NA,NA,NA
"1961-11-07",44400,FALSE,NA,NA,"<= day","daily",NA,NA,NA
"1961-11-08",40700,FALSE,NA,NA,"<= day","daily",NA,NA,NA
"1961-11-09",38900,FALSE,NA,NA,"<= day","daily",NA,NA,NA
"1961-11-10",40700,FALSE,NA,NA,"<= day","daily",NA,NA,NA
"1961-11-11",42100,FALSE,NA,NA,"<= day","daily",NA,NA,NA
"1961-11-12",51500,FALSE,NA,NA,"<= day","daily",NA,NA,NA
"1961-11-13",61900,FALSE,NA,NA,"<= day","daily",NA,NA,NA
"1961-11-14",67100,FALSE,NA,NA,"<= day","daily",NA,NA,NA
"1961-11-15",106000,FALSE,NA,NA,"<= day","daily",NA,NA,NA
"1961-11-16",58700,FALSE,NA,NA,"<= day","daily",NA,NA,NA
"1961-11-17",55400,FALSE,NA,NA,"<= day","daily",NA,NA,NA
"1961-11-18",52500,FALSE,NA,NA,"<= day","daily",NA,NA,NA
"1961-11-19",49700,FALSE,NA,NA,"<= day","daily",NA,NA,NA
"1961-11-20",48800,FALSE,NA,NA,"<= day","daily",NA,NA,NA
"1961-11-21",47100,FALSE,NA,NA,"<= day","daily",NA,NA,NA
"1961-11-22",45300,FALSE,NA,NA,"<= day","daily",NA,NA,NA
"1961-11-23",42500,FALSE,NA,NA,"<= day","daily",NA,NA,NA
"1961-11-24",41600,FALSE,NA,NA,"<= day","daily",NA,NA,NA
"1961-11-25",78900,FALSE,NA,NA,"<= day","daily",NA,NA,NA
"1961-11-26",57600,FALSE,NA,NA,"<= day","daily",NA,NA,NA
"1961-11-27",61900,FALSE,NA,NA,"<= day","daily",NA,NA,NA
"1961-11-28",62600,FALSE,NA,NA,"<= day","daily",NA,NA,NA
"1961-11-29",50600,FALSE,NA,NA,"<= day","daily",NA,NA,NA
"1961-11-30",40200,FALSE,NA,NA,"<= day","daily",NA,NA,NA
"1961-12-01",35300,FALSE,NA,NA,"<= day","daily",NA,NA,NA
"1961-12-02",31900,FALSE,NA,NA,"<= day","daily",NA,NA,NA
"1961-12-03",29400,FALSE,NA,NA,"<= day","daily",NA,NA,NA
"1961-12-04",27700,FALSE,NA,NA,"<= day","daily",NA,NA,NA
"1961-12-05",23900,FALSE,NA,NA,"<= day","daily",NA,NA,NA
"1961-12-06",23200,FALSE,NA,NA,"<= day","daily",NA,NA,NA
"1961-12-07",30200,FALSE,NA,NA,"<= day","daily",NA,NA,NA
"1961-12-08",31100,FALSE,NA,NA,"<= day","daily",NA,NA,NA
"1961-12-09",28500,FALSE,NA,NA,"<= day","daily",NA,NA,NA
"1961-12-10",27700,FALSE,NA,NA,"<= day","daily",NA,NA,NA
"1961-12-11",26200,FALSE,NA,NA,"<= day","daily",NA,NA,NA
"1961-12-12",25400,FALSE,NA,NA,"<= day","daily",NA,NA,NA
"1961-12-13",23900,FALSE,NA,NA,"<= day","daily",NA,NA,NA
"1961-12-14",23200,FALSE,NA,NA,"<= day","daily",NA,NA,NA
"1961-12-15",22400,FALSE,NA,NA,"<= day","daily",NA,NA,NA
"1961-12-16",21700,FALSE,NA,NA,"<= day","daily",NA,NA,NA
"1961-12-17",20200,FALSE,NA,NA,"<= day","daily",NA,NA,NA
"1961-12-18",18500,FALSE,NA,NA,"<= day","daily",NA,NA,NA
"1961-12-19",16800,FALSE,NA,NA,"<= day","daily",NA,NA,NA
"1961-12-20",14200,FALSE,NA,NA,"<= day","daily",NA,NA,NA
"1961-12-21",12300,FALSE,NA,NA,"<= day","daily",NA,NA,NA
"1961-12-22",11800,FALSE,NA,NA,"<= day","daily",NA,NA,NA
"1961-12-23",11200,FALSE,NA,NA,"<= day","daily",NA,NA,NA
"1961-12-24",9480,FALSE,NA,NA,"<= day","daily",NA,NA,NA
"1961-12-25",7900,FALSE,NA,NA,"<= day","daily",NA,NA,NA
"1961-12-26",7420,FALSE,NA,NA,"<= day","daily",NA,NA,NA
"1961-12-27",6500,FALSE,NA,NA,"<= day","daily",NA,NA,NA
"1961-12-28",6100,FALSE,NA,NA,"<= day","daily",NA,NA,NA
"1961-12-29",5700,FALSE,NA,NA,"<= day","daily",NA,NA,NA
"1961-12-30",5260,FALSE,NA,NA,"<= day","daily",NA,NA,NA
"1961-12-31",6300,FALSE,NA,NA,"<= day","daily",NA,NA,NA
"1962-01-01",64200,FALSE,NA,NA,"<= day","daily",NA,NA,NA
"1962-01-02",80800,FALSE,NA,NA,"<= day","daily",NA,NA,NA
"1962-01-03",78000,FALSE,NA,NA,"<= day","daily",NA,NA,NA
"1962-01-04",70700,FALSE,NA,NA,"<= day","daily",NA,NA,NA
"1962-01-05",64700,FALSE,NA,NA,"<= day","daily",NA,NA,NA
"1962-01-06",61900,FALSE,NA,NA,"<= day","daily",NA,NA,NA
"1962-01-07",60500,FALSE,NA,NA,"<= day","daily",NA,NA,NA
"1962-01-08",49700,FALSE,NA,NA,"<= day","daily",NA,NA,NA
"1962-01-09",45300,FALSE,NA,NA,"<= day","daily",NA,NA,NA
"1962-01-10",85300,FALSE,NA,NA,"<= day","daily",NA,NA,NA
"1962-01-11",81200,FALSE,NA,NA,"<= day","daily",NA,NA,NA
"1962-01-12",83500,FALSE,NA,NA,"<= day","daily",NA,NA,NA
"1962-01-13",80300,FALSE,NA,NA,"<= day","daily",NA,NA,NA
"1962-01-14",48800,FALSE,NA,NA,"<= day","daily",NA,NA,NA
"1962-01-15",45300,FALSE,NA,NA,"<= day","daily",NA,NA,NA
"1962-01-16",43500,FALSE,NA,NA,"<= day","daily",NA,NA,NA
"1962-01-17",42500,FALSE,NA,NA,"<= day","daily",NA,NA,NA
"1962-01-18",36100,FALSE,NA,NA,"<= day","daily",NA,NA,NA
"1962-01-19",34400,FALSE,NA,NA,"<= day","daily",NA,NA,NA
"1962-01-20",31900,FALSE,NA,NA,"<= day","daily",NA,NA,NA
"1962-01-21",31100,FALSE,NA,NA,"<= day","daily",NA,NA,NA
"1962-01-22",27700,FALSE,NA,NA,"<= day","daily",NA,NA,NA
"1962-01-23",32700,FALSE,NA,NA,"<= day","daily",NA,NA,NA
"1962-01-24",31900,FALSE,NA,NA,"<= day","daily",NA,NA,NA
"1962-01-25",29400,FALSE,NA,NA,"<= day","daily",NA,NA,NA
"1962-01-26",27700,FALSE,NA,NA,"<= day","daily",NA,NA,NA
"1962-01-27",26200,FALSE,NA,NA,"<= day","daily",NA,NA,NA
"1962-01-28",23900,FALSE,NA,NA,"<= day","daily",NA,NA,NA
"1962-01-29",22400,FALSE,NA,NA,"<= day","daily",NA,NA,NA
"1962-01-30",20200,FALSE,NA,NA,"<= day","daily",NA,NA,NA
"1962-01-31",18500,FALSE,NA,NA,"<= day","daily",NA,NA,NA
"1962-02-01",16800,FALSE,NA,NA,"<= day","daily",NA,NA,NA
"1962-02-02",15200,FALSE,NA,NA,"<= day","daily",NA,NA,NA
"1962-02-03",13500,FALSE,NA,NA,"<= day","daily",NA,NA,NA
"1962-02-04",12300,FALSE,NA,NA,"<= day","daily",NA,NA,NA
"1962-02-05",11800,FALSE,NA,NA,"<= day","daily",NA,NA,NA
"1962-02-06",8940,FALSE,NA,NA,"<= day","daily",NA,NA,NA
"1962-02-07",7900,FALSE,NA,NA,"<= day","daily",NA,NA,NA
"1962-02-08",10000,FALSE,NA,NA,"<= day","daily",NA,NA,NA
"1962-02-09",14500,FALSE,NA,NA,"<= day","daily",NA,NA,NA
"1962-02-10",13500,FALSE,NA,NA,"<= day","daily",NA,NA,NA
"1962-02-11",12600,FALSE,NA,NA,"<= day","daily",NA,NA,NA
"1962-02-12",11200,FALSE,NA,NA,"<= day","daily",NA,NA,NA
"1962-02-13",10000,FALSE,NA,NA,"<= day","daily",NA,NA,NA
"1962-02-14",7900,FALSE,NA,NA,"<= day","daily",NA,NA,NA
"1962-02-15",7420,FALSE,NA,NA,"<= day","daily",NA,NA,NA
"1962-02-16",6700,FALSE,NA,NA,"<= day","daily",NA,NA,NA
"1962-02-17",7900,FALSE,NA,NA,"<= day","daily",NA,NA,NA
"1962-02-18",9200,FALSE,NA,NA,"<= day","daily",NA,NA,NA
"1962-02-19",10300,FALSE,NA,NA,"<= day","daily",NA,NA,NA
"1962-02-20",9200,FALSE,NA,NA,"<= day","daily",NA,NA,NA
"1962-02-21",8680,FALSE,NA,NA,"<= day","daily",NA,NA,NA
"1962-02-22",7900,FALSE,NA,NA,"<= day","daily",NA,NA,NA
"1962-02-23",7420,FALSE,NA,NA,"<= day","daily",NA,NA,NA
"1962-02-24",6700,FALSE,NA,NA,"<= day","daily",NA,NA,NA
"1962-02-25",6500,FALSE,NA,NA,"<= day","daily",NA,NA,NA
"1962-02-26",5700,FALSE,NA,NA,"<= day","daily",NA,NA,NA
"1962-02-27",5700,FALSE,NA,NA,"<= day","daily",NA,NA,NA
"1962-02-28",5260,FALSE,NA,NA,"<= day","daily",NA,NA,NA
"1962-03-01",4820,FALSE,NA,NA,"<= day","daily",NA,NA,NA
"1962-03-02",5480,FALSE,NA,NA,"<= day","daily",NA,NA,NA
"1962-03-03",3700,FALSE,NA,NA,"<= day","daily",NA,NA,NA
"1962-03-04",5480,FALSE,NA,NA,"<= day","daily",NA,NA,NA
"1962-03-05",45300,FALSE,NA,NA,"<= day","daily",NA,NA,NA
"1962-03-06",61900,FALSE,NA,NA,"<= day","daily",NA,NA,NA
"1962-03-07",58700,FALSE,NA,NA,"<= day","daily",NA,NA,NA
"1962-03-08",54300,FALSE,NA,NA,"<= day","daily",NA,NA,NA
"1962-03-09",47100,FALSE,NA,NA,"<= day","daily",NA,NA,NA
"1962-03-10",37900,FALSE,NA,NA,"<= day","daily",NA,NA,NA
"1962-03-11",36100,FALSE,NA,NA,"<= day","daily",NA,NA,NA
"1962-03-12",46200,FALSE,NA,NA,"<= day","daily",NA,NA,NA
"1962-03-13",45300,FALSE,NA,NA,"<= day","daily",NA,NA,NA
"1962-03-14",42900,FALSE,NA,NA,"<= day","daily",NA,NA,NA
"1962-03-15",40700,FALSE,NA,NA,"<= day","daily",NA,NA,NA
"1962-03-16",39800,FALSE,NA,NA,"<= day","daily",NA,NA,NA
"1962-03-17",36100,FALSE,NA,NA,"<= day","daily",NA,NA,NA
"1962-03-18",34400,FALSE,NA,NA,"<= day","daily",NA,NA,NA
"1962-03-19",26900,FALSE,NA,NA,"<= day","daily",NA,NA,NA
"1962-03-20",23200,FALSE,NA,NA,"<= day","daily",NA,NA,NA
"1962-03-21",22100,FALSE,NA,NA,"<= day","daily",NA,NA,NA
"1962-03-22",20200,FALSE,NA,NA,"<= day","daily",NA,NA,NA
"1962-03-23",16800,FALSE,NA,NA,"<= day","daily",NA,NA,NA
"1962-03-24",16100,FALSE,NA,NA,"<= day","daily",NA,NA,NA
"1962-03-25",14800,FALSE,NA,NA,"<= day","daily",NA,NA,NA
"1962-03-26",13500,FALSE,NA,NA,"<= day","daily",NA,NA,NA
"1962-03-27",12600,FALSE,NA,NA,"<= day","daily",NA,NA,NA
"1962-03-28",12100,FALSE,NA,NA,"<= day","daily",NA,NA,NA
"1962-03-29",10600,FALSE,NA,NA,"<= day","daily",NA,NA,NA
"1962-03-30",9200,FALSE,NA,NA,"<= day","daily",NA,NA,NA
"1962-03-31",9760,FALSE,NA,NA,"<= day","daily",NA,NA,NA
"1962-04-01",35700,FALSE,NA,NA,"<= day","daily",NA,NA,NA
"1962-04-02",35300,FALSE,NA,NA,"<= day","daily",NA,NA,NA
"1962-04-03",29800,FALSE,NA,NA,"<= day","daily",NA,NA,NA
"1962-04-04",27700,FALSE,NA,NA,"<= day","daily",NA,NA,NA
"1962-04-05",47900,FALSE,NA,NA,"<= day","daily",NA,NA,NA
"1962-04-06",68000,FALSE,NA,NA,"<= day","daily",NA,NA,NA
"1962-04-07",68000,FALSE,NA,NA,"<= day","daily",NA,NA,NA
"1962-04-08",66600,FALSE,NA,NA,"<= day","daily",NA,NA,NA
"1962-04-09",63300,FALSE,NA,NA,"<= day","daily",NA,NA,NA
"1962-04-10",63800,FALSE,NA,NA,"<= day","daily",NA,NA,NA
"1962-04-11",72500,FALSE,NA,NA,"<= day","daily",NA,NA,NA
"1962-04-12",68000,FALSE,NA,NA,"<= day","daily",NA,NA,NA
"1962-04-13",66100,FALSE,NA,NA,"<= day","daily",NA,NA,NA
"1962-04-14",63300,FALSE,NA,NA,"<= day","daily",NA,NA,NA
"1962-04-15",62300,FALSE,NA,NA,"<= day","daily",NA,NA,NA
"1962-04-16",53400,FALSE,NA,NA,"<= day","daily",NA,NA,NA
"1962-04-17",47900,FALSE,NA,NA,"<= day","daily",NA,NA,NA
"1962-04-18",46600,FALSE,NA,NA,"<= day","daily",NA,NA,NA
"1962-04-19",45300,FALSE,NA,NA,"<= day","daily",NA,NA,NA
"1962-04-20",43900,FALSE,NA,NA,"<= day","daily",NA,NA,NA
"1962-04-21",43000,FALSE,NA,NA,"<= day","daily",NA,NA,NA
"1962-04-22",41600,FALSE,NA,NA,"<= day","daily",NA,NA,NA
"1962-04-23",39300,FALSE,NA,NA,"<= day","daily",NA,NA,NA
"1962-04-24",38400,FALSE,NA,NA,"<= day","daily",NA,NA,NA
"1962-04-25",37000,FALSE,NA,NA,"<= day","daily",NA,NA,NA
"1962-04-26",36100,FALSE,NA,NA,"<= day","daily",NA,NA,NA
"1962-04-27",34400,FALSE,NA,NA,"<= day","daily",NA,NA,NA
"1962-04-28",32700,FALSE,NA,NA,"<= day","daily",NA,NA,NA
"1962-04-29",31900,FALSE,NA,NA,"<= day","daily",NA,NA,NA
"1962-04-30",29800,FALSE,NA,NA,"<= day","daily",NA,NA,NA
"1962-05-01",23900,FALSE,NA,NA,"<= day","daily",NA,NA,NA
"1962-05-02",23200,FALSE,NA,NA,"<= day","daily",NA,NA,NA
"1962-05-03",22100,FALSE,NA,NA,"<= day","daily",NA,NA,NA
"1962-05-04",20900,FALSE,NA,NA,"<= day","daily",NA,NA,NA
"1962-05-05",19500,FALSE,NA,NA,"<= day","daily",NA,NA,NA
"1962-05-06",16800,FALSE,NA,NA,"<= day","daily",NA,NA,NA
"1962-05-07",15800,FALSE,NA,NA,"<= day","daily",NA,NA,NA
"1962-05-08",15200,FALSE,NA,NA,"<= day","daily",NA,NA,NA
"1962-05-09",13500,FALSE,NA,NA,"<= day","daily",NA,NA,NA
"1962-05-10",12300,FALSE,NA,NA,"<= day","daily",NA,NA,NA
"1962-05-11",11500,FALSE,NA,NA,"<= day","daily",NA,NA,NA
"1962-05-12",10600,FALSE,NA,NA,"<= day","daily",NA,NA,NA
"1962-05-13",11200,FALSE,NA,NA,"<= day","daily",NA,NA,NA
"1962-05-14",18500,FALSE,NA,NA,"<= day","daily",NA,NA,NA
"1962-05-15",24300,FALSE,NA,NA,"<= day","daily",NA,NA,NA
"1962-05-16",23900,FALSE,NA,NA,"<= day","daily",NA,NA,NA
"1962-05-17",23200,FALSE,NA,NA,"<= day","daily",NA,NA,NA
"1962-05-18",21300,FALSE,NA,NA,"<= day","daily",NA,NA,NA
"1962-05-19",21700,FALSE,NA,NA,"<= day","daily",NA,NA,NA
"1962-05-20",49300,FALSE,NA,NA,"<= day","daily",NA,NA,NA
"1962-05-21",71200,FALSE,NA,NA,"<= day","daily",NA,NA,NA
"1962-05-22",57600,FALSE,NA,NA,"<= day","daily",NA,NA,NA
"1962-05-23",39300,FALSE,NA,NA,"<= day","daily",NA,NA,NA
"1962-05-24",34400,FALSE,NA,NA,"<= day","daily",NA,NA,NA
"1962-05-25",31900,FALSE,NA,NA,"<= day","daily",NA,NA,NA
"1962-05-26",27700,FALSE,NA,NA,"<= day","daily",NA,NA,NA
"1962-05-27",29800,FALSE,NA,NA,"<= day","daily",NA,NA,NA
"1962-05-28",33200,FALSE,NA,NA,"<= day","daily",NA,NA,NA
"1962-05-29",27700,FALSE,NA,NA,"<= day","daily",NA,NA,NA
"1962-05-30",25400,FALSE,NA,NA,"<= day","daily",NA,NA,NA
"1962-05-31",23900,FALSE,NA,NA,"<= day","daily",NA,NA,NA
"1962-06-01",22400,FALSE,NA,NA,"<= day","daily",NA,NA,NA
"1962-06-02",20200,FALSE,NA,NA,"<= day","daily",NA,NA,NA
"1962-06-03",18200,FALSE,NA,NA,"<= day","daily",NA,NA,NA
"1962-06-04",19500,FALSE,NA,NA,"<= day","daily",NA,NA,NA
"1962-06-05",16800,FALSE,NA,NA,"<= day","daily",NA,NA,NA
"1962-06-06",16100,FALSE,NA,NA,"<= day","daily",NA,NA,NA
"1962-06-07",13500,FALSE,NA,NA,"<= day","daily",NA,NA,NA
"1962-06-08",12300,FALSE,NA,NA,"<= day","daily",NA,NA,NA
"1962-06-09",10600,FALSE,NA,NA,"<= day","daily",NA,NA,NA
"1962-06-10",8680,FALSE,NA,NA,"<= day","daily",NA,NA,NA
"1962-06-11",8420,FALSE,NA,NA,"<= day","daily",NA,NA,NA
"1962-06-12",7900,FALSE,NA,NA,"<= day","daily",NA,NA,NA
"1962-06-13",7420,FALSE,NA,NA,"<= day","daily",NA,NA,NA
"1962-06-14",6940,FALSE,NA,NA,"<= day","daily",NA,NA,NA
"1962-06-15",6500,FALSE,NA,NA,"<= day","daily",NA,NA,NA
"1962-06-16",6100,FALSE,NA,NA,"<= day","daily",NA,NA,NA
"1962-06-17",5700,FALSE,NA,NA,"<= day","daily",NA,NA,NA
"1962-06-18",5260,FALSE,NA,NA,"<= day","daily",NA,NA,NA
"1962-06-19",4820,FALSE,NA,NA,"<= day","daily",NA,NA,NA
"1962-06-20",4600,FALSE,NA,NA,"<= day","daily",NA,NA,NA
"1962-06-21",4060,FALSE,NA,NA,"<= day","daily",NA,NA,NA
"1962-06-22",3340,FALSE,NA,NA,"<= day","daily",NA,NA,NA
"1962-06-23",2980,FALSE,NA,NA,"<= day","daily",NA,NA,NA
"1962-06-24",2660,FALSE,NA,NA,"<= day","daily",NA,NA,NA
"1962-06-25",2100,FALSE,NA,NA,"<= day","daily",NA,NA,NA
"1962-06-26",1860,FALSE,NA,NA,"<= day","daily",NA,NA,NA
"1962-06-27",1620,FALSE,NA,NA,"<= day","daily",NA,NA,NA
"1962-06-28",1500,FALSE,NA,NA,"<= day","daily",NA,NA,NA
"1962-06-29",1500,FALSE,NA,NA,"<= day","daily",NA,NA,NA
"1962-06-30",1620,FALSE,NA,NA,"<= day","daily",NA,NA,NA
"1962-07-01",1400,FALSE,NA,NA,"<= day","daily",NA,NA,NA
"1962-07-02",1200,FALSE,NA,NA,"<= day","daily",NA,NA,NA
"1962-07-03",2100,FALSE,NA,NA,"<= day","daily",NA,NA,NA
"1962-07-04",15200,FALSE,NA,NA,"<= day","daily",NA,NA,NA
"1962-07-05",51100,FALSE,NA,NA,"<= day","daily",NA,NA,NA
"1962-07-06",46200,FALSE,NA,NA,"<= day","daily",NA,NA,NA
"1962-07-07",45300,FALSE,NA,NA,"<= day","daily",NA,NA,NA
"1962-07-08",44400,FALSE,NA,NA,"<= day","daily",NA,NA,NA
"1962-07-09",41600,FALSE,NA,NA,"<= day","daily",NA,NA,NA
"1962-07-10",37000,FALSE,NA,NA,"<= day","daily",NA,NA,NA
"1962-07-11",30200,FALSE,NA,NA,"<= day","daily",NA,NA,NA
"1962-07-12",26200,FALSE,NA,NA,"<= day","daily",NA,NA,NA
"1962-07-13",21700,FALSE,NA,NA,"<= day","daily",NA,NA,NA
"1962-07-14",21300,FALSE,NA,NA,"<= day","daily",NA,NA,NA
"1962-07-15",21300,FALSE,NA,NA,"<= day","daily",NA,NA,NA
"1962-07-16",20200,FALSE,NA,NA,"<= day","daily",NA,NA,NA
"1962-07-17",18200,FALSE,NA,NA,"<= day","daily",NA,NA,NA
"1962-07-18",16800,FALSE,NA,NA,"<= day","daily",NA,NA,NA
"1962-07-19",15200,FALSE,NA,NA,"<= day","daily",NA,NA,NA
"1962-07-20",14800,FALSE,NA,NA,"<= day","daily",NA,NA,NA
"1962-07-21",13500,FALSE,NA,NA,"<= day","daily",NA,NA,NA
"1962-07-22",12600,FALSE,NA,NA,"<= day","daily",NA,NA,NA
"1962-07-23",12100,FALSE,NA,NA,"<= day","daily",NA,NA,NA
"1962-07-24",10600,FALSE,NA,NA,"<= day","daily",NA,NA,NA
"1962-07-25",9200,FALSE,NA,NA,"<= day","daily",NA,NA,NA
"1962-07-26",6700,FALSE,NA,NA,"<= day","daily",NA,NA,NA
"1962-07-27",5700,FALSE,NA,NA,"<= day","daily",NA,NA,NA
"1962-07-28",5260,FALSE,NA,NA,"<= day","daily",NA,NA,NA
"1962-07-29",4820,FALSE,NA,NA,"<= day","daily",NA,NA,NA
"1962-07-30",4240,FALSE,NA,NA,"<= day","daily",NA,NA,NA
"1962-07-31",2660,FALSE,NA,NA,"<= day","daily",NA,NA,NA
"1962-08-01",2100,FALSE,NA,NA,"<= day","daily",NA,NA,NA
"1962-08-02",1860,FALSE,NA,NA,"<= day","daily",NA,NA,NA
"1962-08-03",1400,FALSE,NA,NA,"<= day","daily",NA,NA,NA
"1962-08-04",1000,FALSE,NA,NA,"<= day","daily",NA,NA,NA
"1962-08-05",820,FALSE,NA,NA,"<= day","daily",NA,NA,NA
"1962-08-06",640,FALSE,NA,NA,"<= day","daily",NA,NA,NA
"1962-08-07",400,FALSE,NA,NA,"<= day","daily",NA,NA,NA
"1962-08-08",360,FALSE,NA,NA,"<= day","daily",NA,NA,NA
"1962-08-09",700,FALSE,NA,NA,"<= day","daily",NA,NA,NA
"1962-08-10",160,FALSE,NA,NA,"<= day","daily",NA,NA,NA
"1962-08-11",200,FALSE,NA,NA,"<= day","daily",NA,NA,NA
"1962-08-12",180,FALSE,NA,NA,"<= day","daily",NA,NA,NA
"1962-08-13",70,FALSE,NA,NA,"<= day","daily",NA,NA,NA
"1962-08-14",60,FALSE,NA,NA,"<= day","daily",NA,NA,NA
"1962-08-15",50,FALSE,NA,NA,"<= day","daily",NA,NA,NA
"1962-08-16",110,FALSE,NA,NA,"<= day","daily",NA,NA,NA
"1962-08-17",580,FALSE,NA,NA,"<= day","daily",NA,NA,NA
"1962-08-18",580,FALSE,NA,NA,"<= day","daily",NA,NA,NA
"1962-08-19",180,FALSE,NA,NA,"<= day","daily",NA,NA,NA
"1962-08-20",160,FALSE,NA,NA,"<= day","daily",NA,NA,NA
"1962-08-21",140,FALSE,NA,NA,"<= day","daily",NA,NA,NA
"1962-08-22",140,FALSE,NA,NA,"<= day","daily",NA,NA,NA
"1962-08-23",100,FALSE,NA,NA,"<= day","daily",NA,NA,NA
"1962-08-24",80,FALSE,NA,NA,"<= day","daily",NA,NA,NA
"1962-08-25",70,FALSE,NA,NA,"<= day","daily",NA,NA,NA
"1962-08-26",60,FALSE,NA,NA,"<= day","daily",NA,NA,NA
"1962-08-27",60,FALSE,NA,NA,"<= day","daily",NA,NA,NA
"1962-08-28",50,FALSE,NA,NA,"<= day","daily",NA,NA,NA
"1962-08-29",40,FALSE,NA,NA,"<= day","daily",NA,NA,NA
"1962-08-30",30,FALSE,NA,NA,"<= day","daily",NA,NA,NA
"1962-08-31",30,FALSE,NA,NA,"<= day","daily",NA,NA,NA
"1962-09-01",30,FALSE,NA,NA,"<= day","daily",NA,NA,NA
"1962-09-02",30,FALSE,NA,NA,"<= day","daily",NA,NA,NA
"1962-09-03",40,FALSE,NA,NA,"<= day","daily",NA,NA,NA
"1962-09-04",40,FALSE,NA,NA,"<= day","daily",NA,NA,NA
"1962-09-05",30,FALSE,NA,NA,"<= day","daily",NA,NA,NA
"1962-09-06",30,FALSE,NA,NA,"<= day","daily",NA,NA,NA
"1962-09-07",30,FALSE,NA,NA,"<= day","daily",NA,NA,NA
"1962-09-08",80,FALSE,NA,NA,"<= day","daily",NA,NA,NA
"1962-09-09",60,FALSE,NA,NA,"<= day","daily",NA,NA,NA
"1962-09-10",50,FALSE,NA,NA,"<= day","daily",NA,NA,NA
"1962-09-11",360,FALSE,NA,NA,"<= day","daily",NA,NA,NA
"1962-09-12",400,FALSE,NA,NA,"<= day","daily",NA,NA,NA
"1962-09-13",120,FALSE,NA,NA,"<= day","daily",NA,NA,NA
"1962-09-14",80,FALSE,NA,NA,"<= day","daily",NA,NA,NA
"1962-09-15",70,FALSE,NA,NA,"<= day","daily",NA,NA,NA
"1962-09-16",90,FALSE,NA,NA,"<= day","daily",NA,NA,NA
"1962-09-17",100,FALSE,NA,NA,"<= day","daily",NA,NA,NA
"1962-09-18",2520,FALSE,NA,NA,"<= day","daily",NA,NA,NA
"1962-09-19",6100,FALSE,NA,NA,"<= day","daily",NA,NA,NA
"1962-09-20",4420,FALSE,NA,NA,"<= day","daily",NA,NA,NA
"1962-09-21",2520,FALSE,NA,NA,"<= day","daily",NA,NA,NA
"1962-09-22",760,FALSE,NA,NA,"<= day","daily",NA,NA,NA
"1962-09-23",760,FALSE,NA,NA,"<= day","daily",NA,NA,NA
"1962-09-24",700,FALSE,NA,NA,"<= day","daily",NA,NA,NA
"1962-09-25",640,FALSE,NA,NA,"<= day","daily",NA,NA,NA
"1962-09-26",700,FALSE,NA,NA,"<= day","daily",NA,NA,NA
"1962-09-27",580,FALSE,NA,NA,"<= day","daily",NA,NA,NA
"1962-09-28",760,FALSE,NA,NA,"<= day","daily",NA,NA,NA
"1962-09-29",640,FALSE,NA,NA,"<= day","daily",NA,NA,NA
"1962-09-30",580,FALSE,NA,NA,"<= day","daily",NA,NA,NA
"1962-10-01",180,FALSE,NA,NA,"<= day","daily",NA,NA,NA
"1962-10-02",200,FALSE,NA,NA,"<= day","daily",NA,NA,NA
"1962-10-03",100,FALSE,NA,NA,"<= day","daily",NA,NA,NA
"1962-10-04",70,FALSE,NA,NA,"<= day","daily",NA,NA,NA
"1962-10-05",50,FALSE,NA,NA,"<= day","daily",NA,NA,NA
"1962-10-06",30,FALSE,NA,NA,"<= day","daily",NA,NA,NA
"1962-10-07",20,FALSE,NA,NA,"<= day","daily",NA,NA,NA
"1962-10-08",20,FALSE,NA,NA,"<= day","daily",NA,NA,NA
"1962-10-09",20,FALSE,NA,NA,"<= day","daily",NA,NA,NA
"1962-10-10",10,FALSE,NA,NA,"<= day","daily",NA,NA,NA
"1962-10-11",10,FALSE,NA,NA,"<= day","daily",NA,NA,NA
"1962-10-12",10,FALSE,NA,NA,"<= day","daily",NA,NA,NA
"1962-10-13",10,FALSE,NA,NA,"<= day","daily",NA,NA,NA
"1962-10-14",10,FALSE,NA,NA,"<= day","daily",NA,NA,NA
"1962-10-15",10,FALSE,NA,NA,"<= day","daily",NA,NA,NA
"1962-10-16",20,FALSE,NA,NA,"<= day","daily",NA,NA,NA
"1962-10-17",20,FALSE,NA,NA,"<= day","daily",NA,NA,NA
"1962-10-18",20,FALSE,NA,NA,"<= day","daily",NA,NA,NA
"1962-10-19",20,FALSE,NA,NA,"<= day","daily",NA,NA,NA
"1962-10-20",20,FALSE,NA,NA,"<= day","daily",NA,NA,NA
"1962-10-21",20,FALSE,NA,NA,"<= day","daily",NA,NA,NA
"1962-10-22",10,FALSE,NA,NA,"<= day","daily",NA,NA,NA
"1962-10-23",10,FALSE,NA,NA,"<= day","daily",NA,NA,NA
"1962-10-24",10,FALSE,NA,NA,"<= day","daily",NA,NA,NA
"1962-10-25",10,FALSE,NA,NA,"<= day","daily",NA,NA,NA
"1962-10-26",10,FALSE,NA,NA,"<= day","daily",NA,NA,NA
"1962-10-27",10,FALSE,NA,NA,"<= day","daily",NA,NA,NA
"1962-10-28",10,FALSE,NA,NA,"<= day","daily",NA,NA,NA
"1962-10-29",10,FALSE,NA,NA,"<= day","daily",NA,NA,NA
"1962-10-30",880,FALSE,NA,NA,"<= day","daily",NA,NA,NA
"1962-10-31",940,FALSE,NA,NA,"<= day","daily",NA,NA,NA
"1962-11-01",5700,FALSE,NA,NA,"<= day","daily",NA,NA,NA
"1962-11-02",5700,FALSE,NA,NA,"<= day","daily",NA,NA,NA
"1962-11-03",3700,FALSE,NA,NA,"<= day","daily",NA,NA,NA
"1962-11-04",4820,FALSE,NA,NA,"<= day","daily",NA,NA,NA
"1962-11-05",5480,FALSE,NA,NA,"<= day","daily",NA,NA,NA
"1962-11-06",11200,FALSE,NA,NA,"<= day","daily",NA,NA,NA
"1962-11-07",27700,FALSE,NA,NA,"<= day","daily",NA,NA,NA
"1962-11-08",28500,FALSE,NA,NA,"<= day","daily",NA,NA,NA
"1962-11-09",49300,FALSE,NA,NA,"<= day","daily",NA,NA,NA
"1962-11-10",47900,FALSE,NA,NA,"<= day","daily",NA,NA,NA
"1962-11-11",51500,FALSE,NA,NA,"<= day","daily",NA,NA,NA
"1962-11-12",44400,FALSE,NA,NA,"<= day","daily",NA,NA,NA
"1962-11-13",44400,FALSE,NA,NA,"<= day","daily",NA,NA,NA
"1962-11-14",39300,FALSE,NA,NA,"<= day","daily",NA,NA,NA
"1962-11-15",53400,FALSE,NA,NA,"<= day","daily",NA,NA,NA
"1962-11-16",90700,FALSE,NA,NA,"<= day","daily",NA,NA,NA
"1962-11-17",69800,FALSE,NA,NA,"<= day","daily",NA,NA,NA
"1962-11-18",57100,FALSE,NA,NA,"<= day","daily",NA,NA,NA
"1962-11-19",67100,FALSE,NA,NA,"<= day","daily",NA,NA,NA
"1962-11-20",62600,FALSE,NA,NA,"<= day","daily",NA,NA,NA
"1962-11-21",54900,FALSE,NA,NA,"<= day","daily",NA,NA,NA
"1962-11-22",54900,FALSE,NA,NA,"<= day","daily",NA,NA,NA
"1962-11-23",85300,FALSE,NA,NA,"<= day","daily",NA,NA,NA
"1962-11-24",58700,FALSE,NA,NA,"<= day","daily",NA,NA,NA
"1962-11-25",56500,FALSE,NA,NA,"<= day","daily",NA,NA,NA
"1962-11-26",48800,FALSE,NA,NA,"<= day","daily",NA,NA,NA
"1962-11-27",54300,FALSE,NA,NA,"<= day","daily",NA,NA,NA
"1962-11-28",48800,FALSE,NA,NA,"<= day","daily",NA,NA,NA
"1962-11-29",44400,FALSE,NA,NA,"<= day","daily",NA,NA,NA
"1962-11-30",43500,FALSE,NA,NA,"<= day","daily",NA,NA,NA
"1962-12-01",39800,FALSE,NA,NA,"<= day","daily",NA,NA,NA
"1962-12-02",35300,FALSE,NA,NA,"<= day","daily",NA,NA,NA
"1962-12-03",33600,FALSE,NA,NA,"<= day","daily",NA,NA,NA
"1962-12-04",31900,FALSE,NA,NA,"<= day","daily",NA,NA,NA
"1962-12-05",31100,FALSE,NA,NA,"<= day","daily",NA,NA,NA
"1962-12-06",27700,FALSE,NA,NA,"<= day","daily",NA,NA,NA
"1962-12-07",26200,FALSE,NA,NA,"<= day","daily",NA,NA,NA
"1962-12-08",23200,FALSE,NA,NA,"<= day","daily",NA,NA,NA
"1962-12-09",22100,FALSE,NA,NA,"<= day","daily",NA,NA,NA
"1962-12-10",21700,FALSE,NA,NA,"<= day","daily",NA,NA,NA
"1962-12-11",19900,FALSE,NA,NA,"<= day","daily",NA,NA,NA
"1962-12-12",18800,FALSE,NA,NA,"<= day","daily",NA,NA,NA
"1962-12-13",27700,FALSE,NA,NA,"<= day","daily",NA,NA,NA
"1962-12-14",35360,FALSE,NA,NA,"<= day","daily",NA,NA,NA
"1962-12-15",32700,FALSE,NA,NA,"<= day","daily",NA,NA,NA
"1962-12-16",31100,FALSE,NA,NA,"<= day","daily",NA,NA,NA
"1962-12-17",30200,FALSE,NA,NA,"<= day","daily",NA,NA,NA
"1962-12-18",29400,FALSE,NA,NA,"<= day","daily",NA,NA,NA
"1962-12-19",28500,FALSE,NA,NA,"<= day","daily",NA,NA,NA
"1962-12-20",29400,FALSE,NA,NA,"<= day","daily",NA,NA,NA
"1962-12-21",28500,FALSE,NA,NA,"<= day","daily",NA,NA,NA
"1962-12-22",23900,FALSE,NA,NA,"<= day","daily",NA,NA,NA
"1962-12-23",21300,FALSE,NA,NA,"<= day","daily",NA,NA,NA
"1962-12-24",18200,FALSE,NA,NA,"<= day","daily",NA,NA,NA
"1962-12-25",11800,FALSE,NA,NA,"<= day","daily",NA,NA,NA
"1962-12-26",9200,FALSE,NA,NA,"<= day","daily",NA,NA,NA
"1962-12-27",7900,FALSE,NA,NA,"<= day","daily",NA,NA,NA
"1962-12-28",7420,FALSE,NA,NA,"<= day","daily",NA,NA,NA
"1962-12-29",6700,FALSE,NA,NA,"<= day","daily",NA,NA,NA
"1962-12-30",6300,FALSE,NA,NA,"<= day","daily",NA,NA,NA
"1962-12-31",5700,FALSE,NA,NA,"<= day","daily",NA,NA,NA
"1963-01-01",11200,FALSE,NA,NA,"<= day","daily",NA,NA,NA
"1963-01-02",7900,FALSE,NA,NA,"<= day","daily",NA,NA,NA
"1963-01-03",9200,FALSE,NA,NA,"<= day","daily",NA,NA,NA
"1963-01-04",29800,FALSE,NA,NA,"<= day","daily",NA,NA,NA
"1963-01-05",83500,FALSE,NA,NA,"<= day","daily",NA,NA,NA
"1963-01-06",99300,FALSE,NA,NA,"<= day","daily",NA,NA,NA
"1963-01-07",86200,FALSE,NA,NA,"<= day","daily",NA,NA,NA
"1963-01-08",78000,FALSE,NA,NA,"<= day","daily",NA,NA,NA
"1963-01-09",65200,FALSE,NA,NA,"<= day","daily",NA,NA,NA
"1963-01-10",61200,FALSE,NA,NA,"<= day","daily",NA,NA,NA
"1963-01-11",53400,FALSE,NA,NA,"<= day","daily",NA,NA,NA
"1963-01-12",46200,FALSE,NA,NA,"<= day","daily",NA,NA,NA
"1963-01-13",42500,FALSE,NA,NA,"<= day","daily",NA,NA,NA
"1963-01-14",37000,FALSE,NA,NA,"<= day","daily",NA,NA,NA
"1963-01-15",33600,FALSE,NA,NA,"<= day","daily",NA,NA,NA
"1963-01-16",31900,FALSE,NA,NA,"<= day","daily",NA,NA,NA
"1963-01-17",29400,FALSE,NA,NA,"<= day","daily",NA,NA,NA
"1963-01-18",27700,FALSE,NA,NA,"<= day","daily",NA,NA,NA
"1963-01-19",26200,FALSE,NA,NA,"<= day","daily",NA,NA,NA
"1963-01-20",23200,FALSE,NA,NA,"<= day","daily",NA,NA,NA
"1963-01-21",22400,FALSE,NA,NA,"<= day","daily",NA,NA,NA
"1963-01-22",21300,FALSE,NA,NA,"<= day","daily",NA,NA,NA
"1963-01-23",18200,FALSE,NA,NA,"<= day","daily",NA,NA,NA
"1963-01-24",16800,FALSE,NA,NA,"<= day","daily",NA,NA,NA
"1963-01-25",16100,FALSE,NA,NA,"<= day","daily",NA,NA,NA
"1963-01-26",14800,FALSE,NA,NA,"<= day","daily",NA,NA,NA
"1963-01-27",11200,FALSE,NA,NA,"<= day","daily",NA,NA,NA
"1963-01-28",7900,FALSE,NA,NA,"<= day","daily",NA,NA,NA
"1963-01-29",4420,FALSE,NA,NA,"<= day","daily",NA,NA,NA
"1963-01-30",2980,FALSE,NA,NA,"<= day","daily",NA,NA,NA
"1963-01-31",2800,FALSE,NA,NA,"<= day","daily",NA,NA,NA
"1963-02-01",2100,FALSE,NA,NA,"<= day","daily",NA,NA,NA
"1963-02-02",1400,FALSE,NA,NA,"<= day","daily",NA,NA,NA
"1963-02-03",1100,FALSE,NA,NA,"<= day","daily",NA,NA,NA
"1963-02-04",1000,FALSE,NA,NA,"<= day","daily",NA,NA,NA
"1963-02-05",880,FALSE,NA,NA,"<= day","daily",NA,NA,NA
"1963-02-06",520,FALSE,NA,NA,"<= day","daily",NA,NA,NA
"1963-02-07",320,FALSE,NA,NA,"<= day","daily",NA,NA,NA
"1963-02-08",240,FALSE,NA,NA,"<= day","daily",NA,NA,NA
"1963-02-09",200,FALSE,NA,NA,"<= day","daily",NA,NA,NA
"1963-02-10",180,FALSE,NA,NA,"<= day","daily",NA,NA,NA
"1963-02-11",160,FALSE,NA,NA,"<= day","daily",NA,NA,NA
"1963-02-12",150,FALSE,NA,NA,"<= day","daily",NA,NA,NA
"1963-02-13",120,FALSE,NA,NA,"<= day","daily",NA,NA,NA
"1963-02-14",100,FALSE,NA,NA,"<= day","daily",NA,NA,NA
"1963-02-15",90,FALSE,NA,NA,"<= day","daily",NA,NA,NA
"1963-02-16",70,FALSE,NA,NA,"<= day","daily",NA,NA,NA
"1963-02-17",60,FALSE,NA,NA,"<= day","daily",NA,NA,NA
"1963-02-18",50,FALSE,NA,NA,"<= day","daily",NA,NA,NA
"1963-02-19",1400,FALSE,NA,NA,"<= day","daily",NA,NA,NA
"1963-02-20",23200,FALSE,NA,NA,"<= day","daily",NA,NA,NA
"1963-02-21",17500,FALSE,NA,NA,"<= day","daily",NA,NA,NA
"1963-02-22",14500,FALSE,NA,NA,"<= day","daily",NA,NA,NA
"1963-02-23",12300,FALSE,NA,NA,"<= day","daily",NA,NA,NA
"1963-02-24",7900,FALSE,NA,NA,"<= day","daily",NA,NA,NA
"1963-02-25",6940,FALSE,NA,NA,"<= day","daily",NA,NA,NA
"1963-02-26",5700,FALSE,NA,NA,"<= day","daily",NA,NA,NA
"1963-02-27",4820,FALSE,NA,NA,"<= day","daily",NA,NA,NA
"1963-02-28",3340,FALSE,NA,NA,"<= day","daily",NA,NA,NA
"1963-03-01",1980,FALSE,NA,NA,"<= day","daily",NA,NA,NA
"1963-03-02",1980,FALSE,NA,NA,"<= day","daily",NA,NA,NA
"1963-03-03",1740,FALSE,NA,NA,"<= day","daily",NA,NA,NA
"1963-03-04",1500,FALSE,NA,NA,"<= day","daily",NA,NA,NA
"1963-03-05",1500,FALSE,NA,NA,"<= day","daily",NA,NA,NA
"1963-03-06",1400,FALSE,NA,NA,"<= day","daily",NA,NA,NA
"1963-03-07",1300,FALSE,NA,NA,"<= day","daily",NA,NA,NA
"1963-03-08",2100,FALSE,NA,NA,"<= day","daily",NA,NA,NA
"1963-03-09",7900,FALSE,NA,NA,"<= day","daily",NA,NA,NA
"1963-03-10",12100,FALSE,NA,NA,"<= day","daily",NA,NA,NA
"1963-03-11",12900,FALSE,NA,NA,"<= day","daily",NA,NA,NA
"1963-03-12",72500,FALSE,NA,NA,"<= day","daily",NA,NA,NA
"1963-03-13",80300,FALSE,NA,NA,"<= day","daily",NA,NA,NA
"1963-03-14",60900,FALSE,NA,NA,"<= day","daily",NA,NA,NA
"1963-03-15",45300,FALSE,NA,NA,"<= day","daily",NA,NA,NA
"1963-03-16",43500,FALSE,NA,NA,"<= day","daily",NA,NA,NA
"1963-03-17",40700,FALSE,NA,NA,"<= day","daily",NA,NA,NA
"1963-03-18",37900,FALSE,NA,NA,"<= day","daily",NA,NA,NA
"1963-03-19",31900,FALSE,NA,NA,"<= day","daily",NA,NA,NA
"1963-03-20",34400,FALSE,NA,NA,"<= day","daily",NA,NA,NA
"1963-03-21",36100,FALSE,NA,NA,"<= day","daily",NA,NA,NA
"1963-03-22",35300,FALSE,NA,NA,"<= day","daily",NA,NA,NA
"1963-03-23",34000,FALSE,NA,NA,"<= day","daily",NA,NA,NA
"1963-03-24",32300,FALSE,NA,NA,"<= day","daily",NA,NA,NA
"1963-03-25",31500,FALSE,NA,NA,"<= day","daily",NA,NA,NA
"1963-03-26",27700,FALSE,NA,NA,"<= day","daily",NA,NA,NA
"1963-03-27",23900,FALSE,NA,NA,"<= day","daily",NA,NA,NA
"1963-03-28",23900,FALSE,NA,NA,"<= day","daily",NA,NA,NA
"1963-03-29",22400,FALSE,NA,NA,"<= day","daily",NA,NA,NA
"1963-03-30",20200,FALSE,NA,NA,"<= day","daily",NA,NA,NA
"1963-03-31",22100,FALSE,NA,NA,"<= day","daily",NA,NA,NA
"1963-04-01",18200,FALSE,NA,NA,"<= day","daily",NA,NA,NA
"1963-04-02",16800,FALSE,NA,NA,"<= day","daily",NA,NA,NA
"1963-04-03",16100,FALSE,NA,NA,"<= day","daily",NA,NA,NA
"1963-04-04",15500,FALSE,NA,NA,"<= day","daily",NA,NA,NA
"1963-04-05",15200,FALSE,NA,NA,"<= day","daily",NA,NA,NA
"1963-04-06",19500,FALSE,NA,NA,"<= day","daily",NA,NA,NA
"1963-04-07",18800,FALSE,NA,NA,"<= day","daily",NA,NA,NA
"1963-04-08",16800,FALSE,NA,NA,"<= day","daily",NA,NA,NA
"1963-04-09",16100,FALSE,NA,NA,"<= day","daily",NA,NA,NA
"1963-04-10",15200,FALSE,NA,NA,"<= day","daily",NA,NA,NA
"1963-04-11",15500,FALSE,NA,NA,"<= day","daily",NA,NA,NA
"1963-04-12",16800,FALSE,NA,NA,"<= day","daily",NA,NA,NA
"1963-04-13",22100,FALSE,NA,NA,"<= day","daily",NA,NA,NA
"1963-04-14",31100,FALSE,NA,NA,"<= day","daily",NA,NA,NA
"1963-04-15",29400,FALSE,NA,NA,"<= day","daily",NA,NA,NA
"1963-04-16",28500,FALSE,NA,NA,"<= day","daily",NA,NA,NA
"1963-04-17",26200,FALSE,NA,NA,"<= day","daily",NA,NA,NA
"1963-04-18",22400,FALSE,NA,NA,"<= day","daily",NA,NA,NA
"1963-04-19",23200,FALSE,NA,NA,"<= day","daily",NA,NA,NA
"1963-04-20",23200,FALSE,NA,NA,"<= day","daily",NA,NA,NA
"1963-04-21",20900,FALSE,NA,NA,"<= day","daily",NA,NA,NA
"1963-04-22",18800,FALSE,NA,NA,"<= day","daily",NA,NA,NA
"1963-04-23",18500,FALSE,NA,NA,"<= day","daily",NA,NA,NA
"1963-04-24",19500,FALSE,NA,NA,"<= day","daily",NA,NA,NA
"1963-04-25",23200,FALSE,NA,NA,"<= day","daily",NA,NA,NA
"1963-04-26",23200,FALSE,NA,NA,"<= day","daily",NA,NA,NA
"1963-04-27",22100,FALSE,NA,NA,"<= day","daily",NA,NA,NA
"1963-04-28",20200,FALSE,NA,NA,"<= day","daily",NA,NA,NA
"1963-04-29",19500,FALSE,NA,NA,"<= day","daily",NA,NA,NA
"1963-04-30",18500,FALSE,NA,NA,"<= day","daily",NA,NA,NA
"1963-05-01",16800,FALSE,NA,NA,"<= day","daily",NA,NA,NA
"1963-05-02",16100,FALSE,NA,NA,"<= day","daily",NA,NA,NA
"1963-05-03",15800,FALSE,NA,NA,"<= day","daily",NA,NA,NA
"1963-05-04",23200,FALSE,NA,NA,"<= day","daily",NA,NA,NA
"1963-05-05",18800,FALSE,NA,NA,"<= day","daily",NA,NA,NA
"1963-05-06",23500,FALSE,NA,NA,"<= day","daily",NA,NA,NA
"1963-05-07",22400,FALSE,NA,NA,"<= day","daily",NA,NA,NA
"1963-05-08",21700,FALSE,NA,NA,"<= day","daily",NA,NA,NA
"1963-05-09",19500,FALSE,NA,NA,"<= day","daily",NA,NA,NA
"1963-05-10",19900,FALSE,NA,NA,"<= day","daily",NA,NA,NA
"1963-05-11",22400,FALSE,NA,NA,"<= day","daily",NA,NA,NA
"1963-05-12",23900,FALSE,NA,NA,"<= day","daily",NA,NA,NA
"1963-05-13",20900,FALSE,NA,NA,"<= day","daily",NA,NA,NA
"1963-05-14",18800,FALSE,NA,NA,"<= day","daily",NA,NA,NA
"1963-05-15",18200,FALSE,NA,NA,"<= day","daily",NA,NA,NA
"1963-05-16",17100,FALSE,NA,NA,"<= day","daily",NA,NA,NA
"1963-05-17",16100,FALSE,NA,NA,"<= day","daily",NA,NA,NA
"1963-05-18",10900,FALSE,NA,NA,"<= day","daily",NA,NA,NA
"1963-05-19",5700,FALSE,NA,NA,"<= day","daily",NA,NA,NA
"1963-05-20",18200,FALSE,NA,NA,"<= day","daily",NA,NA,NA
"1963-05-21",18200,FALSE,NA,NA,"<= day","daily",NA,NA,NA
"1963-05-22",16500,FALSE,NA,NA,"<= day","daily",NA,NA,NA
"1963-05-23",15200,FALSE,NA,NA,"<= day","daily",NA,NA,NA
"1963-05-24",14500,FALSE,NA,NA,"<= day","daily",NA,NA,NA
"1963-05-25",13500,FALSE,NA,NA,"<= day","daily",NA,NA,NA
"1963-05-26",13500,FALSE,NA,NA,"<= day","daily",NA,NA,NA
"1963-05-27",12900,FALSE,NA,NA,"<= day","daily",NA,NA,NA
"1963-05-28",10000,FALSE,NA,NA,"<= day","daily",NA,NA,NA
"1963-05-29",10600,FALSE,NA,NA,"<= day","daily",NA,NA,NA
"1963-05-30",10300,FALSE,NA,NA,"<= day","daily",NA,NA,NA
"1963-05-31",7660,FALSE,NA,NA,"<= day","daily",NA,NA,NA
"1963-06-01",7900,FALSE,NA,NA,"<= day","daily",NA,NA,NA
"1963-06-02",7660,FALSE,NA,NA,"<= day","daily",NA,NA,NA
"1963-06-03",7900,FALSE,NA,NA,"<= day","daily",NA,NA,NA
"1963-06-04",7660,FALSE,NA,NA,"<= day","daily",NA,NA,NA
"1963-06-05",8160,FALSE,NA,NA,"<= day","daily",NA,NA,NA
"1963-06-06",8680,FALSE,NA,NA,"<= day","daily",NA,NA,NA
"1963-06-07",10300,FALSE,NA,NA,"<= day","daily",NA,NA,NA
"1963-06-08",10000,FALSE,NA,NA,"<= day","daily",NA,NA,NA
"1963-06-09",9200,FALSE,NA,NA,"<= day","daily",NA,NA,NA
"1963-06-10",7660,FALSE,NA,NA,"<= day","daily",NA,NA,NA
"1963-06-11",7420,FALSE,NA,NA,"<= day","daily",NA,NA,NA
"1963-06-12",6940,FALSE,NA,NA,"<= day","daily",NA,NA,NA
"1963-06-13",7660,FALSE,NA,NA,"<= day","daily",NA,NA,NA
"1963-06-14",8160,FALSE,NA,NA,"<= day","daily",NA,NA,NA
"1963-06-15",38400,FALSE,NA,NA,"<= day","daily",NA,NA,NA
"1963-06-16",40200,FALSE,NA,NA,"<= day","daily",NA,NA,NA
"1963-06-17",31500,FALSE,NA,NA,"<= day","daily",NA,NA,NA
"1963-06-18",23500,FALSE,NA,NA,"<= day","daily",NA,NA,NA
"1963-06-19",21700,FALSE,NA,NA,"<= day","daily",NA,NA,NA
"1963-06-20",20200,FALSE,NA,NA,"<= day","daily",NA,NA,NA
"1963-06-21",17500,FALSE,NA,NA,"<= day","daily",NA,NA,NA
"1963-06-22",15200,FALSE,NA,NA,"<= day","daily",NA,NA,NA
"1963-06-23",12900,FALSE,NA,NA,"<= day","daily",NA,NA,NA
"1963-06-24",8160,FALSE,NA,NA,"<= day","daily",NA,NA,NA
"1963-06-25",6940,FALSE,NA,NA,"<= day","daily",NA,NA,NA
"1963-06-26",26900,FALSE,NA,NA,"<= day","daily",NA,NA,NA
"1963-06-27",18200,FALSE,NA,NA,"<= day","daily",NA,NA,NA
"1963-06-28",10600,FALSE,NA,NA,"<= day","daily",NA,NA,NA
"1963-06-29",7660,FALSE,NA,NA,"<= day","daily",NA,NA,NA
"1963-06-30",5700,FALSE,NA,NA,"<= day","daily",NA,NA,NA
"1963-07-01",5040,FALSE,NA,NA,"<= day","daily",NA,NA,NA
"1963-07-02",4240,FALSE,NA,NA,"<= day","daily",NA,NA,NA
"1963-07-03",3700,FALSE,NA,NA,"<= day","daily",NA,NA,NA
"1963-07-04",2980,FALSE,NA,NA,"<= day","daily",NA,NA,NA
"1963-07-05",2800,FALSE,NA,NA,"<= day","daily",NA,NA,NA
"1963-07-06",2660,FALSE,NA,NA,"<= day","daily",NA,NA,NA
"1963-07-07",2520,FALSE,NA,NA,"<= day","daily",NA,NA,NA
"1963-07-08",2240,FALSE,NA,NA,"<= day","daily",NA,NA,NA
"1963-07-09",2100,FALSE,NA,NA,"<= day","daily",NA,NA,NA
"1963-07-10",1860,FALSE,NA,NA,"<= day","daily",NA,NA,NA
"1963-07-11",1500,FALSE,NA,NA,"<= day","daily",NA,NA,NA
"1963-07-12",1000,FALSE,NA,NA,"<= day","daily",NA,NA,NA
"1963-07-13",880,FALSE,NA,NA,"<= day","daily",NA,NA,NA
"1963-07-14",1200,FALSE,NA,NA,"<= day","daily",NA,NA,NA
"1963-07-15",18800,FALSE,NA,NA,"<= day","daily",NA,NA,NA
"1963-07-16",16800,FALSE,NA,NA,"<= day","daily",NA,NA,NA
"1963-07-17",13500,FALSE,NA,NA,"<= day","daily",NA,NA,NA
"1963-07-18",12600,FALSE,NA,NA,"<= day","daily",NA,NA,NA
"1963-07-19",9760,FALSE,NA,NA,"<= day","daily",NA,NA,NA
"1963-07-20",7900,FALSE,NA,NA,"<= day","daily",NA,NA,NA
"1963-07-21",5480,FALSE,NA,NA,"<= day","daily",NA,NA,NA
"1963-07-22",3340,FALSE,NA,NA,"<= day","daily",NA,NA,NA
"1963-07-23",2100,FALSE,NA,NA,"<= day","daily",NA,NA,NA
"1963-07-24",1620,FALSE,NA,NA,"<= day","daily",NA,NA,NA
"1963-07-25",1500,FALSE,NA,NA,"<= day","daily",NA,NA,NA
"1963-07-26",1300,FALSE,NA,NA,"<= day","daily",NA,NA,NA
"1963-07-27",1100,FALSE,NA,NA,"<= day","daily",NA,NA,NA
"1963-07-28",280,FALSE,NA,NA,"<= day","daily",NA,NA,NA
"1963-07-29",340,FALSE,NA,NA,"<= day","daily",NA,NA,NA
"1963-07-30",300,FALSE,NA,NA,"<= day","daily",NA,NA,NA
"1963-07-31",200,FALSE,NA,NA,"<= day","daily",NA,NA,NA
"1963-08-01",360,FALSE,NA,NA,"<= day","daily",NA,NA,NA
"1963-08-02",180,FALSE,NA,NA,"<= day","daily",NA,NA,NA
"1963-08-03",170,FALSE,NA,NA,"<= day","daily",NA,NA,NA
"1963-08-04",500,FALSE,NA,NA,"<= day","daily",NA,NA,NA
"1963-08-05",130,FALSE,NA,NA,"<= day","daily",NA,NA,NA
"1963-08-06",120,FALSE,NA,NA,"<= day","daily",NA,NA,NA
"1963-08-07",110,FALSE,NA,NA,"<= day","daily",NA,NA,NA
"1963-08-08",360,FALSE,NA,NA,"<= day","daily",NA,NA,NA
"1963-08-09",1740,FALSE,NA,NA,"<= day","daily",NA,NA,NA
"1963-08-10",6500,FALSE,NA,NA,"<= day","daily",NA,NA,NA
"1963-08-11",5700,FALSE,NA,NA,"<= day","daily",NA,NA,NA
"1963-08-12",4820,FALSE,NA,NA,"<= day","daily",NA,NA,NA
"1963-08-13",5260,FALSE,NA,NA,"<= day","daily",NA,NA,NA
"1963-08-14",7420,FALSE,NA,NA,"<= day","daily",NA,NA,NA
"1963-08-15",16800,FALSE,NA,NA,"<= day","daily",NA,NA,NA
"1963-08-16",40200,FALSE,NA,NA,"<= day","daily",NA,NA,NA
"1963-08-17",34400,FALSE,NA,NA,"<= day","daily",NA,NA,NA
"1963-08-18",23900,FALSE,NA,NA,"<= day","daily",NA,NA,NA
"1963-08-19",16500,FALSE,NA,NA,"<= day","daily",NA,NA,NA
"1963-08-20",15200,FALSE,NA,NA,"<= day","daily",NA,NA,NA
"1963-08-21",13200,FALSE,NA,NA,"<= day","daily",NA,NA,NA
"1963-08-22",9200,FALSE,NA,NA,"<= day","daily",NA,NA,NA
"1963-08-23",7660,FALSE,NA,NA,"<= day","daily",NA,NA,NA
"1963-08-24",6940,FALSE,NA,NA,"<= day","daily",NA,NA,NA
"1963-08-25",6700,FALSE,NA,NA,"<= day","daily",NA,NA,NA
"1963-08-26",5700,FALSE,NA,NA,"<= day","daily",NA,NA,NA
"1963-08-27",4820,FALSE,NA,NA,"<= day","daily",NA,NA,NA
"1963-08-28",3700,FALSE,NA,NA,"<= day","daily",NA,NA,NA
"1963-08-29",11500,FALSE,NA,NA,"<= day","daily",NA,NA,NA
"1963-08-30",19200,FALSE,NA,NA,"<= day","daily",NA,NA,NA
"1963-08-31",12900,FALSE,NA,NA,"<= day","daily",NA,NA,NA
"1963-09-01",6100,FALSE,NA,NA,"<= day","daily",NA,NA,NA
"1963-09-02",5260,FALSE,NA,NA,"<= day","daily",NA,NA,NA
"1963-09-03",4600,FALSE,NA,NA,"<= day","daily",NA,NA,NA
"1963-09-04",3340,FALSE,NA,NA,"<= day","daily",NA,NA,NA
"1963-09-05",1980,FALSE,NA,NA,"<= day","daily",NA,NA,NA
"1963-09-06",6500,FALSE,NA,NA,"<= day","daily",NA,NA,NA
"1963-09-07",17100,FALSE,NA,NA,"<= day","daily",NA,NA,NA
"1963-09-08",25400,FALSE,NA,NA,"<= day","daily",NA,NA,NA
"1963-09-09",23900,FALSE,NA,NA,"<= day","daily",NA,NA,NA
"1963-09-10",20200,FALSE,NA,NA,"<= day","daily",NA,NA,NA
"1963-09-11",23200,FALSE,NA,NA,"<= day","daily",NA,NA,NA
"1963-09-12",25400,FALSE,NA,NA,"<= day","daily",NA,NA,NA
"1963-09-13",31500,FALSE,NA,NA,"<= day","daily",NA,NA,NA
"1963-09-14",25400,FALSE,NA,NA,"<= day","daily",NA,NA,NA
"1963-09-15",23900,FALSE,NA,NA,"<= day","daily",NA,NA,NA
"1963-09-16",23500,FALSE,NA,NA,"<= day","daily",NA,NA,NA
"1963-09-17",20200,FALSE,NA,NA,"<= day","daily",NA,NA,NA
"1963-09-18",19500,FALSE,NA,NA,"<= day","daily",NA,NA,NA
"1963-09-19",17500,FALSE,NA,NA,"<= day","daily",NA,NA,NA
"1963-09-20",15200,FALSE,NA,NA,"<= day","daily",NA,NA,NA
"1963-09-21",18200,FALSE,NA,NA,"<= day","daily",NA,NA,NA
"1963-09-22",16500,FALSE,NA,NA,"<= day","daily",NA,NA,NA
"1963-09-23",13200,FALSE,NA,NA,"<= day","daily",NA,NA,NA
"1963-09-24",11200,FALSE,NA,NA,"<= day","daily",NA,NA,NA
"1963-09-25",14200,FALSE,NA,NA,"<= day","daily",NA,NA,NA
"1963-09-26",23200,FALSE,NA,NA,"<= day","daily",NA,NA,NA
"1963-09-27",25000,FALSE,NA,NA,"<= day","daily",NA,NA,NA
"1963-09-28",23200,FALSE,NA,NA,"<= day","daily",NA,NA,NA
"1963-09-29",14500,FALSE,NA,NA,"<= day","daily",NA,NA,NA
"1963-09-30",11200,FALSE,NA,NA,"<= day","daily",NA,NA,NA
"1963-10-01",10600,FALSE,NA,NA,"<= day","daily",NA,NA,NA
"1963-10-02",7660,FALSE,NA,NA,"<= day","daily",NA,NA,NA
"1963-10-03",7420,FALSE,NA,NA,"<= day","daily",NA,NA,NA
"1963-10-04",16500,FALSE,NA,NA,"<= day","daily",NA,NA,NA
"1963-10-05",49700,FALSE,NA,NA,"<= day","daily",NA,NA,NA
"1963-10-06",46200,FALSE,NA,NA,"<= day","daily",NA,NA,NA
"1963-10-07",40200,FALSE,NA,NA,"<= day","daily",NA,NA,NA
"1963-10-08",38400,FALSE,NA,NA,"<= day","daily",NA,NA,NA
"1963-10-09",37500,FALSE,NA,NA,"<= day","daily",NA,NA,NA
"1963-10-10",35300,FALSE,NA,NA,"<= day","daily",NA,NA,NA
"1963-10-11",34800,FALSE,NA,NA,"<= day","daily",NA,NA,NA
"1963-10-12",34000,FALSE,NA,NA,"<= day","daily",NA,NA,NA
"1963-10-13",33200,FALSE,NA,NA,"<= day","daily",NA,NA,NA
"1963-10-14",31500,FALSE,NA,NA,"<= day","daily",NA,NA,NA
"1963-10-15",31100,FALSE,NA,NA,"<= day","daily",NA,NA,NA
"1963-10-16",29800,FALSE,NA,NA,"<= day","daily",NA,NA,NA
"1963-10-17",29000,FALSE,NA,NA,"<= day","daily",NA,NA,NA
"1963-10-18",28500,FALSE,NA,NA,"<= day","daily",NA,NA,NA
"1963-10-19",27300,FALSE,NA,NA,"<= day","daily",NA,NA,NA
"1963-10-20",26900,FALSE,NA,NA,"<= day","daily",NA,NA,NA
"1963-10-21",18800,FALSE,NA,NA,"<= day","daily",NA,NA,NA
"1963-10-22",12900,FALSE,NA,NA,"<= day","daily",NA,NA,NA
"1963-10-23",10000,FALSE,NA,NA,"<= day","daily",NA,NA,NA
"1963-10-24",7420,FALSE,NA,NA,"<= day","daily",NA,NA,NA
"1963-10-25",6940,FALSE,NA,NA,"<= day","daily",NA,NA,NA
"1963-10-26",5480,FALSE,NA,NA,"<= day","daily",NA,NA,NA
"1963-10-27",4820,FALSE,NA,NA,"<= day","daily",NA,NA,NA
"1963-10-28",3880,FALSE,NA,NA,"<= day","daily",NA,NA,NA
"1963-10-29",3340,FALSE,NA,NA,"<= day","daily",NA,NA,NA
"1963-10-30",1000,FALSE,NA,NA,"<= day","daily",NA,NA,NA
"1963-10-31",1860,FALSE,NA,NA,"<= day","daily",NA,NA,NA
"1963-11-01",2800,FALSE,NA,NA,"<= day","daily",NA,NA,NA
"1963-11-02",19500,FALSE,NA,NA,"<= day","daily",NA,NA,NA
"1963-11-03",26900,FALSE,NA,NA,"<= day","daily",NA,NA,NA
"1963-11-04",23900,FALSE,NA,NA,"<= day","daily",NA,NA,NA
"1963-11-05",23500,FALSE,NA,NA,"<= day","daily",NA,NA,NA
"1963-11-06",25400,FALSE,NA,NA,"<= day","daily",NA,NA,NA
"1963-11-07",27700,FALSE,NA,NA,"<= day","daily",NA,NA,NA
"1963-11-08",29800,FALSE,NA,NA,"<= day","daily",NA,NA,NA
"1963-11-09",30600,FALSE,NA,NA,"<= day","daily",NA,NA,NA
"1963-11-10",35700,FALSE,NA,NA,"<= day","daily",NA,NA,NA
"1963-11-11",35700,FALSE,NA,NA,"<= day","daily",NA,NA,NA
"1963-11-12",32300,FALSE,NA,NA,"<= day","daily",NA,NA,NA
"1963-11-13",41200,FALSE,NA,NA,"<= day","daily",NA,NA,NA
"1963-11-14",40200,FALSE,NA,NA,"<= day","daily",NA,NA,NA
"1963-11-15",35700,FALSE,NA,NA,"<= day","daily",NA,NA,NA
"1963-11-16",43900,FALSE,NA,NA,"<= day","daily",NA,NA,NA
"1963-11-17",48800,FALSE,NA,NA,"<= day","daily",NA,NA,NA
"1963-11-18",44400,FALSE,NA,NA,"<= day","daily",NA,NA,NA
"1963-11-19",44800,FALSE,NA,NA,"<= day","daily",NA,NA,NA
"1963-11-20",39300,FALSE,NA,NA,"<= day","daily",NA,NA,NA
"1963-11-21",34800,FALSE,NA,NA,"<= day","daily",NA,NA,NA
"1963-11-22",34000,FALSE,NA,NA,"<= day","daily",NA,NA,NA
"1963-11-23",31100,FALSE,NA,NA,"<= day","daily",NA,NA,NA
"1963-11-24",29800,FALSE,NA,NA,"<= day","daily",NA,NA,NA
"1963-11-25",27700,FALSE,NA,NA,"<= day","daily",NA,NA,NA
"1963-11-26",38400,FALSE,NA,NA,"<= day","daily",NA,NA,NA
"1963-11-27",41600,FALSE,NA,NA,"<= day","daily",NA,NA,NA
"1963-11-28",58700,FALSE,NA,NA,"<= day","daily",NA,NA,NA
"1963-11-29",40700,FALSE,NA,NA,"<= day","daily",NA,NA,NA
"1963-11-30",37500,FALSE,NA,NA,"<= day","daily",NA,NA,NA
"1963-12-01",25400,FALSE,NA,NA,"<= day","daily",NA,NA,NA
"1963-12-02",23900,FALSE,NA,NA,"<= day","daily",NA,NA,NA
"1963-12-03",26900,FALSE,NA,NA,"<= day","daily",NA,NA,NA
"1963-12-04",28100,FALSE,NA,NA,"<= day","daily",NA,NA,NA
"1963-12-05",28500,FALSE,NA,NA,"<= day","daily",NA,NA,NA
"1963-12-06",31100,FALSE,NA,NA,"<= day","daily",NA,NA,NA
"1963-12-07",40200,FALSE,NA,NA,"<= day","daily",NA,NA,NA
"1963-12-08",34000,FALSE,NA,NA,"<= day","daily",NA,NA,NA
"1963-12-09",27300,FALSE,NA,NA,"<= day","daily",NA,NA,NA
"1963-12-10",23200,FALSE,NA,NA,"<= day","daily",NA,NA,NA
"1963-12-11",18500,FALSE,NA,NA,"<= day","daily",NA,NA,NA
"1963-12-12",14800,FALSE,NA,NA,"<= day","daily",NA,NA,NA
"1963-12-13",12900,FALSE,NA,NA,"<= day","daily",NA,NA,NA
"1963-12-14",8940,FALSE,NA,NA,"<= day","daily",NA,NA,NA
"1963-12-15",7900,FALSE,NA,NA,"<= day","daily",NA,NA,NA
"1963-12-16",7900,FALSE,NA,NA,"<= day","daily",NA,NA,NA
"1963-12-17",7900,FALSE,NA,NA,"<= day","daily",NA,NA,NA
"1963-12-18",5900,FALSE,NA,NA,"<= day","daily",NA,NA,NA
"1963-12-19",6500,FALSE,NA,NA,"<= day","daily",NA,NA,NA
"1963-12-20",7420,FALSE,NA,NA,"<= day","daily",NA,NA,NA
"1963-12-21",5700,FALSE,NA,NA,"<= day","daily",NA,NA,NA
"1963-12-22",5260,FALSE,NA,NA,"<= day","daily",NA,NA,NA
"1963-12-23",5260,FALSE,NA,NA,"<= day","daily",NA,NA,NA
"1963-12-24",5260,FALSE,NA,NA,"<= day","daily",NA,NA,NA
"1963-12-25",5260,FALSE,NA,NA,"<= day","daily",NA,NA,NA
"1963-12-26",5040,FALSE,NA,NA,"<= day","daily",NA,NA,NA
"1963-12-27",5040,FALSE,NA,NA,"<= day","daily",NA,NA,NA
"1963-12-28",4820,FALSE,NA,NA,"<= day","daily",NA,NA,NA
"1963-12-29",4600,FALSE,NA,NA,"<= day","daily",NA,NA,NA
"1963-12-30",4600,FALSE,NA,NA,"<= day","daily",NA,NA,NA
"1963-12-31",4420,FALSE,NA,NA,"<= day","daily",NA,NA,NA
"1964-01-01",4060,FALSE,NA,NA,"<= day","daily",NA,NA,NA
"1964-01-02",3520,FALSE,NA,NA,"<= day","daily",NA,NA,NA
"1964-01-03",3340,FALSE,NA,NA,"<= day","daily",NA,NA,NA
"1964-01-04",2980,FALSE,NA,NA,"<= day","daily",NA,NA,NA
"1964-01-05",2660,FALSE,NA,NA,"<= day","daily",NA,NA,NA
"1964-01-06",2520,FALSE,NA,NA,"<= day","daily",NA,NA,NA
"1964-01-07",2100,FALSE,NA,NA,"<= day","daily",NA,NA,NA
"1964-01-08",1980,FALSE,NA,NA,"<= day","daily",NA,NA,NA
"1964-01-09",1740,FALSE,NA,NA,"<= day","daily",NA,NA,NA
"1964-01-10",1620,FALSE,NA,NA,"<= day","daily",NA,NA,NA
"1964-01-11",1500,FALSE,NA,NA,"<= day","daily",NA,NA,NA
"1964-01-12",1400,FALSE,NA,NA,"<= day","daily",NA,NA,NA
"1964-01-13",1400,FALSE,NA,NA,"<= day","daily",NA,NA,NA
"1964-01-14",1300,FALSE,NA,NA,"<= day","daily",NA,NA,NA
"1964-01-15",1100,FALSE,NA,NA,"<= day","daily",NA,NA,NA
"1964-01-16",1000,FALSE,NA,NA,"<= day","daily",NA,NA,NA
"1964-01-17",880,FALSE,NA,NA,"<= day","daily",NA,NA,NA
"1964-01-18",760,FALSE,NA,NA,"<= day","daily",NA,NA,NA
"1964-01-19",700,FALSE,NA,NA,"<= day","daily",NA,NA,NA
"1964-01-20",640,FALSE,NA,NA,"<= day","daily",NA,NA,NA
"1964-01-21",520,FALSE,NA,NA,"<= day","daily",NA,NA,NA
"1964-01-22",520,FALSE,NA,NA,"<= day","daily",NA,NA,NA
"1964-01-23",460,FALSE,NA,NA,"<= day","daily",NA,NA,NA
"1964-01-24",400,FALSE,NA,NA,"<= day","daily",NA,NA,NA
"1964-01-25",380,FALSE,NA,NA,"<= day","daily",NA,NA,NA
"1964-01-26",360,FALSE,NA,NA,"<= day","daily",NA,NA,NA
"1964-01-27",320,FALSE,NA,NA,"<= day","daily",NA,NA,NA
"1964-01-28",320,FALSE,NA,NA,"<= day","daily",NA,NA,NA
"1964-01-29",320,FALSE,NA,NA,"<= day","daily",NA,NA,NA
"1964-01-30",280,FALSE,NA,NA,"<= day","daily",NA,NA,NA
"1964-01-31",280,FALSE,NA,NA,"<= day","daily",NA,NA,NA
"1964-02-01",190,FALSE,NA,NA,"<= day","daily",NA,NA,NA
"1964-02-02",180,FALSE,NA,NA,"<= day","daily",NA,NA,NA
"1964-02-03",170,FALSE,NA,NA,"<= day","daily",NA,NA,NA
"1964-02-04",160,FALSE,NA,NA,"<= day","daily",NA,NA,NA
"1964-02-05",180,FALSE,NA,NA,"<= day","daily",NA,NA,NA
"1964-02-06",180,FALSE,NA,NA,"<= day","daily",NA,NA,NA
"1964-02-07",180,FALSE,NA,NA,"<= day","daily",NA,NA,NA
"1964-02-08",150,FALSE,NA,NA,"<= day","daily",NA,NA,NA
"1964-02-09",120,FALSE,NA,NA,"<= day","daily",NA,NA,NA
"1964-02-10",100,FALSE,NA,NA,"<= day","daily",NA,NA,NA
"1964-02-11",120,FALSE,NA,NA,"<= day","daily",NA,NA,NA
"1964-02-12",140,FALSE,NA,NA,"<= day","daily",NA,NA,NA
"1964-02-13",110,FALSE,NA,NA,"<= day","daily",NA,NA,NA
"1964-02-14",100,FALSE,NA,NA,"<= day","daily",NA,NA,NA
"1964-02-15",90,FALSE,NA,NA,"<= day","daily",NA,NA,NA
"1964-02-16",90,FALSE,NA,NA,"<= day","daily",NA,NA,NA
"1964-02-17",3520,FALSE,NA,NA,"<= day","daily",NA,NA,NA
"1964-02-18",37500,FALSE,NA,NA,"<= day","daily",NA,NA,NA
"1964-02-19",42500,FALSE,NA,NA,"<= day","daily",NA,NA,NA
"1964-02-20",23500,FALSE,NA,NA,"<= day","daily",NA,NA,NA
"1964-02-21",7660,FALSE,NA,NA,"<= day","daily",NA,NA,NA
"1964-02-22",7420,FALSE,NA,NA,"<= day","daily",NA,NA,NA
"1964-02-23",7180,FALSE,NA,NA,"<= day","daily",NA,NA,NA
"1964-02-24",5480,FALSE,NA,NA,"<= day","daily",NA,NA,NA
"1964-02-25",5040,FALSE,NA,NA,"<= day","daily",NA,NA,NA
"1964-02-26",19500,FALSE,NA,NA,"<= day","daily",NA,NA,NA
"1964-02-27",16500,FALSE,NA,NA,"<= day","daily",NA,NA,NA
"1964-02-28",17100,FALSE,NA,NA,"<= day","daily",NA,NA,NA
"1964-03-01",16800,FALSE,NA,NA,"<= day","daily",NA,NA,NA
"1964-03-02",13200,FALSE,NA,NA,"<= day","daily",NA,NA,NA
"1964-03-03",12100,FALSE,NA,NA,"<= day","daily",NA,NA,NA
"1964-03-04",7900,FALSE,NA,NA,"<= day","daily",NA,NA,NA
"1964-03-05",6940,FALSE,NA,NA,"<= day","daily",NA,NA,NA
"1964-03-06",6940,FALSE,NA,NA,"<= day","daily",NA,NA,NA
"1964-03-07",6700,FALSE,NA,NA,"<= day","daily",NA,NA,NA
"1964-03-08",6300,FALSE,NA,NA,"<= day","daily",NA,NA,NA
"1964-03-09",5260,FALSE,NA,NA,"<= day","daily",NA,NA,NA
"1964-03-10",3700,FALSE,NA,NA,"<= day","daily",NA,NA,NA
"1964-03-11",3340,FALSE,NA,NA,"<= day","daily",NA,NA,NA
"1964-03-12",2980,FALSE,NA,NA,"<= day","daily",NA,NA,NA
"1964-03-13",2660,FALSE,NA,NA,"<= day","daily",NA,NA,NA
"1964-03-14",3340,FALSE,NA,NA,"<= day","daily",NA,NA,NA
"1964-03-15",10000,FALSE,NA,NA,"<= day","daily",NA,NA,NA
"1964-03-16",16100,FALSE,NA,NA,"<= day","daily",NA,NA,NA
"1964-03-17",10000,FALSE,NA,NA,"<= day","daily",NA,NA,NA
"1964-03-18",7900,FALSE,NA,NA,"<= day","daily",NA,NA,NA
"1964-03-19",7660,FALSE,NA,NA,"<= day","daily",NA,NA,NA
"1964-03-20",7180,FALSE,NA,NA,"<= day","daily",NA,NA,NA
"1964-03-21",43900,FALSE,NA,NA,"<= day","daily",NA,NA,NA
"1964-03-22",62600,FALSE,NA,NA,"<= day","daily",NA,NA,NA
"1964-03-23",38900,FALSE,NA,NA,"<= day","daily",NA,NA,NA
"1964-03-24",32700,FALSE,NA,NA,"<= day","daily",NA,NA,NA
"1964-03-25",31100,FALSE,NA,NA,"<= day","daily",NA,NA,NA
"1964-03-26",29000,FALSE,NA,NA,"<= day","daily",NA,NA,NA
"1964-03-27",37900,FALSE,NA,NA,"<= day","daily",NA,NA,NA
"1964-03-28",60500,FALSE,NA,NA,"<= day","daily",NA,NA,NA
"1964-03-29",63300,FALSE,NA,NA,"<= day","daily",NA,NA,NA
"1964-03-30",59800,FALSE,NA,NA,"<= day","daily",NA,NA,NA
"1964-03-31",49700,FALSE,NA,NA,"<= day","daily",NA,NA,NA
"1964-04-01",45300,FALSE,NA,NA,"<= day","daily",NA,NA,NA
"1964-04-02",39800,FALSE,NA,NA,"<= day","daily",NA,NA,NA
"1964-04-03",38400,FALSE,NA,NA,"<= day","daily",NA,NA,NA
"1964-04-04",36100,FALSE,NA,NA,"<= day","daily",NA,NA,NA
"1964-04-05",34400,FALSE,NA,NA,"<= day","daily",NA,NA,NA
"1964-04-06",31900,FALSE,NA,NA,"<= day","daily",NA,NA,NA
"1964-04-07",29800,FALSE,NA,NA,"<= day","daily",NA,NA,NA
"1964-04-08",27700,FALSE,NA,NA,"<= day","daily",NA,NA,NA
"1964-04-09",26900,FALSE,NA,NA,"<= day","daily",NA,NA,NA
"1964-04-10",25400,FALSE,NA,NA,"<= day","daily",NA,NA,NA
"1964-04-11",23900,FALSE,NA,NA,"<= day","daily",NA,NA,NA
"1964-04-12",22800,FALSE,NA,NA,"<= day","daily",NA,NA,NA
"1964-04-13",22100,FALSE,NA,NA,"<= day","daily",NA,NA,NA
"1964-04-14",22100,FALSE,NA,NA,"<= day","daily",NA,NA,NA
"1964-04-15",21700,FALSE,NA,NA,"<= day","daily",NA,NA,NA
"1964-04-16",21700,FALSE,NA,NA,"<= day","daily",NA,NA,NA
"1964-04-17",21700,FALSE,NA,NA,"<= day","daily",NA,NA,NA
"1964-04-18",20200,FALSE,NA,NA,"<= day","daily",NA,NA,NA
"1964-04-19",16800,FALSE,NA,NA,"<= day","daily",NA,NA,NA
"1964-04-20",15500,FALSE,NA,NA,"<= day","daily",NA,NA,NA
"1964-04-21",39800,FALSE,NA,NA,"<= day","daily",NA,NA,NA
"1964-04-22",12900,FALSE,NA,NA,"<= day","daily",NA,NA,NA
"1964-04-23",7900,FALSE,NA,NA,"<= day","daily",NA,NA,NA
"1964-04-24",16100,FALSE,NA,NA,"<= day","daily",NA,NA,NA
"1964-04-25",39800,FALSE,NA,NA,"<= day","daily",NA,NA,NA
"1964-04-26",26900,FALSE,NA,NA,"<= day","daily",NA,NA,NA
"1964-04-27",22400,FALSE,NA,NA,"<= day","daily",NA,NA,NA
"1964-04-28",19500,FALSE,NA,NA,"<= day","daily",NA,NA,NA
"1964-04-29",19500,FALSE,NA,NA,"<= day","daily",NA,NA,NA
"1964-04-30",16800,FALSE,NA,NA,"<= day","daily",NA,NA,NA
"1964-05-01",16100,FALSE,NA,NA,"<= day","daily",NA,NA,NA
"1964-05-02",13500,FALSE,NA,NA,"<= day","daily",NA,NA,NA
"1964-05-03",12900,FALSE,NA,NA,"<= day","daily",NA,NA,NA
"1964-05-04",10600,FALSE,NA,NA,"<= day","daily",NA,NA,NA
"1964-05-05",17500,FALSE,NA,NA,"<= day","daily",NA,NA,NA
"1964-05-06",14200,FALSE,NA,NA,"<= day","daily",NA,NA,NA
"1964-05-07",13200,FALSE,NA,NA,"<= day","daily",NA,NA,NA
"1964-05-08",13200,FALSE,NA,NA,"<= day","daily",NA,NA,NA
"1964-05-09",11200,FALSE,NA,NA,"<= day","daily",NA,NA,NA
"1964-05-10",10600,FALSE,NA,NA,"<= day","daily",NA,NA,NA
"1964-05-11",10300,FALSE,NA,NA,"<= day","daily",NA,NA,NA
"1964-05-12",7900,FALSE,NA,NA,"<= day","daily",NA,NA,NA
"1964-05-13",7660,FALSE,NA,NA,"<= day","daily",NA,NA,NA
"1964-05-14",7420,FALSE,NA,NA,"<= day","daily",NA,NA,NA
"1964-05-15",5480,FALSE,NA,NA,"<= day","daily",NA,NA,NA
"1964-05-16",5260,FALSE,NA,NA,"<= day","daily",NA,NA,NA
"1964-05-17",4820,FALSE,NA,NA,"<= day","daily",NA,NA,NA
"1964-05-18",3340,FALSE,NA,NA,"<= day","daily",NA,NA,NA
"1964-05-19",3160,FALSE,NA,NA,"<= day","daily",NA,NA,NA
"1964-05-20",2980,FALSE,NA,NA,"<= day","daily",NA,NA,NA
"1964-05-21",3700,FALSE,NA,NA,"<= day","daily",NA,NA,NA
"1964-05-22",3700,FALSE,NA,NA,"<= day","daily",NA,NA,NA
"1964-05-23",3520,FALSE,NA,NA,"<= day","daily",NA,NA,NA
"1964-05-24",3340,FALSE,NA,NA,"<= day","daily",NA,NA,NA
"1964-05-25",3160,FALSE,NA,NA,"<= day","daily",NA,NA,NA
"1964-05-26",2980,FALSE,NA,NA,"<= day","daily",NA,NA,NA
"1964-05-27",5260,FALSE,NA,NA,"<= day","daily",NA,NA,NA
"1964-05-28",5700,FALSE,NA,NA,"<= day","daily",NA,NA,NA
"1964-05-29",5900,FALSE,NA,NA,"<= day","daily",NA,NA,NA
"1964-05-30",7420,FALSE,NA,NA,"<= day","daily",NA,NA,NA
"1964-05-31",7900,FALSE,NA,NA,"<= day","daily",NA,NA,NA
"1964-06-01",7900,FALSE,NA,NA,"<= day","daily",NA,NA,NA
"1964-06-02",7900,FALSE,NA,NA,"<= day","daily",NA,NA,NA
"1964-06-03",7900,FALSE,NA,NA,"<= day","daily",NA,NA,NA
"1964-06-04",7900,FALSE,NA,NA,"<= day","daily",NA,NA,NA
"1964-06-05",7660,FALSE,NA,NA,"<= day","daily",NA,NA,NA
"1964-06-06",6700,FALSE,NA,NA,"<= day","daily",NA,NA,NA
"1964-06-07",5480,FALSE,NA,NA,"<= day","daily",NA,NA,NA
"1964-06-08",5480,FALSE,NA,NA,"<= day","daily",NA,NA,NA
"1964-06-09",3340,FALSE,NA,NA,"<= day","daily",NA,NA,NA
"1964-06-10",3340,FALSE,NA,NA,"<= day","daily",NA,NA,NA
"1964-06-11",2980,FALSE,NA,NA,"<= day","daily",NA,NA,NA
"1964-06-12",2980,FALSE,NA,NA,"<= day","daily",NA,NA,NA
"1964-06-13",2800,FALSE,NA,NA,"<= day","daily",NA,NA,NA
"1964-06-14",2800,FALSE,NA,NA,"<= day","daily",NA,NA,NA
"1964-06-15",2660,FALSE,NA,NA,"<= day","daily",NA,NA,NA
"1964-06-16",2660,FALSE,NA,NA,"<= day","daily",NA,NA,NA
"1964-06-17",2100,FALSE,NA,NA,"<= day","daily",NA,NA,NA
"1964-06-18",1000,FALSE,NA,NA,"<= day","daily",NA,NA,NA
"1964-06-19",880,FALSE,NA,NA,"<= day","daily",NA,NA,NA
"1964-06-20",760,FALSE,NA,NA,"<= day","daily",NA,NA,NA
"1964-06-21",1620,FALSE,NA,NA,"<= day","daily",NA,NA,NA
"1964-06-22",1200,FALSE,NA,NA,"<= day","daily",NA,NA,NA
"1964-06-23",1000,FALSE,NA,NA,"<= day","daily",NA,NA,NA
"1964-06-24",940,FALSE,NA,NA,"<= day","daily",NA,NA,NA
"1964-06-25",940,FALSE,NA,NA,"<= day","daily",NA,NA,NA
"1964-06-26",700,FALSE,NA,NA,"<= day","daily",NA,NA,NA
"1964-06-27",520,FALSE,NA,NA,"<= day","daily",NA,NA,NA
"1964-06-28",400,FALSE,NA,NA,"<= day","daily",NA,NA,NA
"1964-06-29",400,FALSE,NA,NA,"<= day","daily",NA,NA,NA
"1964-06-30",400,FALSE,NA,NA,"<= day","daily",NA,NA,NA
"1964-07-01",400,FALSE,NA,NA,"<= day","daily",NA,NA,NA
"1964-07-02",360,FALSE,NA,NA,"<= day","daily",NA,NA,NA
"1964-07-03",280,FALSE,NA,NA,"<= day","daily",NA,NA,NA
"1964-07-04",200,FALSE,NA,NA,"<= day","daily",NA,NA,NA
"1964-07-05",14200,FALSE,NA,NA,"<= day","daily",NA,NA,NA
"1964-07-06",24700,FALSE,NA,NA,"<= day","daily",NA,NA,NA
"1964-07-07",11200,FALSE,NA,NA,"<= day","daily",NA,NA,NA
"1964-07-08",7900,FALSE,NA,NA,"<= day","daily",NA,NA,NA
"1964-07-09",6100,FALSE,NA,NA,"<= day","daily",NA,NA,NA
"1964-07-10",9480,FALSE,NA,NA,"<= day","daily",NA,NA,NA
"1964-07-11",31900,FALSE,NA,NA,"<= day","daily",NA,NA,NA
"1964-07-12",13200,FALSE,NA,NA,"<= day","daily",NA,NA,NA
"1964-07-13",10600,FALSE,NA,NA,"<= day","daily",NA,NA,NA
"1964-07-14",10300,FALSE,NA,NA,"<= day","daily",NA,NA,NA
"1964-07-15",7900,FALSE,NA,NA,"<= day","daily",NA,NA,NA
"1964-07-16",7900,FALSE,NA,NA,"<= day","daily",NA,NA,NA
"1964-07-17",5700,FALSE,NA,NA,"<= day","daily",NA,NA,NA
"1964-07-18",4820,FALSE,NA,NA,"<= day","daily",NA,NA,NA
"1964-07-19",4060,FALSE,NA,NA,"<= day","daily",NA,NA,NA
"1964-07-20",3700,FALSE,NA,NA,"<= day","daily",NA,NA,NA
"1964-07-21",3160,FALSE,NA,NA,"<= day","daily",NA,NA,NA
"1964-07-22",2980,FALSE,NA,NA,"<= day","daily",NA,NA,NA
"1964-07-23",700,FALSE,NA,NA,"<= day","daily",NA,NA,NA
"1964-07-24",2100,FALSE,NA,NA,"<= day","daily",NA,NA,NA
"1964-07-25",1860,FALSE,NA,NA,"<= day","daily",NA,NA,NA
"1964-07-26",1500,FALSE,NA,NA,"<= day","daily",NA,NA,NA
"1964-07-27",1200,FALSE,NA,NA,"<= day","daily",NA,NA,NA
"1964-07-28",1000,FALSE,NA,NA,"<= day","daily",NA,NA,NA
"1964-07-29",820,FALSE,NA,NA,"<= day","daily",NA,NA,NA
"1964-07-30",760,FALSE,NA,NA,"<= day","daily",NA,NA,NA
"1964-07-31",700,FALSE,NA,NA,"<= day","daily",NA,NA,NA
"1964-08-01",640,FALSE,NA,NA,"<= day","daily",NA,NA,NA
"1964-08-02",520,FALSE,NA,NA,"<= day","daily",NA,NA,NA
"1964-08-03",400,FALSE,NA,NA,"<= day","daily",NA,NA,NA
"1964-08-04",360,FALSE,NA,NA,"<= day","daily",NA,NA,NA
"1964-08-05",360,FALSE,NA,NA,"<= day","daily",NA,NA,NA
"1964-08-06",200,FALSE,NA,NA,"<= day","daily",NA,NA,NA
"1964-08-07",100,FALSE,NA,NA,"<= day","daily",NA,NA,NA
"1964-08-08",40,FALSE,NA,NA,"<= day","daily",NA,NA,NA
"1964-08-09",40,FALSE,NA,NA,"<= day","daily",NA,NA,NA
"1964-08-10",40,FALSE,NA,NA,"<= day","daily",NA,NA,NA
"1964-08-11",2100,FALSE,NA,NA,"<= day","daily",NA,NA,NA
"1964-08-12",1860,FALSE,NA,NA,"<= day","daily",NA,NA,NA
"1964-08-13",1400,FALSE,NA,NA,"<= day","daily",NA,NA,NA
"1964-08-14",700,FALSE,NA,NA,"<= day","daily",NA,NA,NA
"1964-08-15",760,FALSE,NA,NA,"<= day","daily",NA,NA,NA
"1964-08-16",520,FALSE,NA,NA,"<= day","daily",NA,NA,NA
"1964-08-17",280,FALSE,NA,NA,"<= day","daily",NA,NA,NA
"1964-08-18",200,FALSE,NA,NA,"<= day","daily",NA,NA,NA
"1964-08-19",14800,FALSE,NA,NA,"<= day","daily",NA,NA,NA
"1964-08-20",12900,FALSE,NA,NA,"<= day","daily",NA,NA,NA
"1964-08-21",7900,FALSE,NA,NA,"<= day","daily",NA,NA,NA
"1964-08-22",4820,FALSE,NA,NA,"<= day","daily",NA,NA,NA
"1964-08-23",3700,FALSE,NA,NA,"<= day","daily",NA,NA,NA
"1964-08-24",3700,FALSE,NA,NA,"<= day","daily",NA,NA,NA
"1964-08-25",3340,FALSE,NA,NA,"<= day","daily",NA,NA,NA
"1964-08-26",2660,FALSE,NA,NA,"<= day","daily",NA,NA,NA
"1964-08-27",2100,FALSE,NA,NA,"<= day","daily",NA,NA,NA
"1964-08-28",1620,FALSE,NA,NA,"<= day","daily",NA,NA,NA
"1964-08-29",1200,FALSE,NA,NA,"<= day","daily",NA,NA,NA
"1964-08-30",1000,FALSE,NA,NA,"<= day","daily",NA,NA,NA
"1964-08-31",640,FALSE,NA,NA,"<= day","daily",NA,NA,NA
"1964-09-01",520,FALSE,NA,NA,"<= day","daily",NA,NA,NA
"1964-09-02",400,FALSE,NA,NA,"<= day","daily",NA,NA,NA
"1964-09-03",340,FALSE,NA,NA,"<= day","daily",NA,NA,NA
"1964-09-04",360,FALSE,NA,NA,"<= day","daily",NA,NA,NA
"1964-09-05",320,FALSE,NA,NA,"<= day","daily",NA,NA,NA
"1964-09-06",240,FALSE,NA,NA,"<= day","daily",NA,NA,NA
"1964-09-07",200,FALSE,NA,NA,"<= day","daily",NA,NA,NA
"1964-09-08",2980,FALSE,NA,NA,"<= day","daily",NA,NA,NA
"1964-09-09",4060,FALSE,NA,NA,"<= day","daily",NA,NA,NA
"1964-09-10",3700,FALSE,NA,NA,"<= day","daily",NA,NA,NA
"1964-09-11",3700,FALSE,NA,NA,"<= day","daily",NA,NA,NA
"1964-09-12",2980,FALSE,NA,NA,"<= day","daily",NA,NA,NA
"1964-09-13",2980,FALSE,NA,NA,"<= day","daily",NA,NA,NA
"1964-09-14",2980,FALSE,NA,NA,"<= day","daily",NA,NA,NA
"1964-09-15",2800,FALSE,NA,NA,"<= day","daily",NA,NA,NA
"1964-09-16",2660,FALSE,NA,NA,"<= day","daily",NA,NA,NA
"1964-09-17",2380,FALSE,NA,NA,"<= day","daily",NA,NA,NA
"1964-09-18",2660,FALSE,NA,NA,"<= day","daily",NA,NA,NA
"1964-09-19",2100,FALSE,NA,NA,"<= day","daily",NA,NA,NA
"1964-09-20",2100,FALSE,NA,NA,"<= day","daily",NA,NA,NA
"1964-09-21",2100,FALSE,NA,NA,"<= day","daily",NA,NA,NA
"1964-09-22",5700,FALSE,NA,NA,"<= day","daily",NA,NA,NA
"1964-09-23",6940,FALSE,NA,NA,"<= day","daily",NA,NA,NA
"1964-09-24",6500,FALSE,NA,NA,"<= day","daily",NA,NA,NA
"1964-09-25",5700,FALSE,NA,NA,"<= day","daily",NA,NA,NA
"1964-09-26",5260,FALSE,NA,NA,"<= day","daily",NA,NA,NA
"1964-09-27",4820,FALSE,NA,NA,"<= day","daily",NA,NA,NA
"1964-09-28",4820,FALSE,NA,NA,"<= day","daily",NA,NA,NA
"1964-09-29",3700,FALSE,NA,NA,"<= day","daily",NA,NA,NA
"1964-09-30",2380,FALSE,NA,NA,"<= day","daily",NA,NA,NA
"1964-10-01",2100,FALSE,NA,NA,"<= day","daily",NA,NA,NA
"1964-10-02",1860,FALSE,NA,NA,"<= day","daily",NA,NA,NA
"1964-10-03",1500,FALSE,NA,NA,"<= day","daily",NA,NA,NA
"1964-10-04",1000,FALSE,NA,NA,"<= day","daily",NA,NA,NA
"1964-10-05",880,FALSE,NA,NA,"<= day","daily",NA,NA,NA
"1964-10-06",760,FALSE,NA,NA,"<= day","daily",NA,NA,NA
"1964-10-07",640,FALSE,NA,NA,"<= day","daily",NA,NA,NA
"1964-10-08",640,FALSE,NA,NA,"<= day","daily",NA,NA,NA
"1964-10-09",45300,FALSE,NA,NA,"<= day","daily",NA,NA,NA
"1964-10-10",40700,FALSE,NA,NA,"<= day","daily",NA,NA,NA
"1964-10-11",49700,FALSE,NA,NA,"<= day","daily",NA,NA,NA
"1964-10-12",52000,FALSE,NA,NA,"<= day","daily",NA,NA,NA
"1964-10-13",54300,FALSE,NA,NA,"<= day","daily",NA,NA,NA
"1964-10-14",67100,FALSE,NA,NA,"<= day","daily",NA,NA,NA
"1964-10-15",75700,FALSE,NA,NA,"<= day","daily",NA,NA,NA
"1964-10-16",72500,FALSE,NA,NA,"<= day","daily",NA,NA,NA
"1964-10-17",68000,FALSE,NA,NA,"<= day","daily",NA,NA,NA
"1964-10-18",63300,FALSE,NA,NA,"<= day","daily",NA,NA,NA
"1964-10-19",59800,FALSE,NA,NA,"<= day","daily",NA,NA,NA
"1964-10-20",57600,FALSE,NA,NA,"<= day","daily",NA,NA,NA
"1964-10-21",54300,FALSE,NA,NA,"<= day","daily",NA,NA,NA
"1964-10-22",54300,FALSE,NA,NA,"<= day","daily",NA,NA,NA
"1964-10-23",61200,FALSE,NA,NA,"<= day","daily",NA,NA,NA
"1964-10-24",69400,FALSE,NA,NA,"<= day","daily",NA,NA,NA
"1964-10-25",95600,FALSE,NA,NA,"<= day","daily",NA,NA,NA
"1964-10-26",1e+05,FALSE,NA,NA,"<= day","daily",NA,NA,NA
"1964-10-27",83100,FALSE,NA,NA,"<= day","daily",NA,NA,NA
"1964-10-28",62300,FALSE,NA,NA,"<= day","daily",NA,NA,NA
"1964-10-29",59800,FALSE,NA,NA,"<= day","daily",NA,NA,NA
"1964-10-30",53400,FALSE,NA,NA,"<= day","daily",NA,NA,NA
"1964-10-31",47100,FALSE,NA,NA,"<= day","daily",NA,NA,NA
"1964-11-01",42500,FALSE,NA,NA,"<= day","daily",NA,NA,NA
"1964-11-02",40700,FALSE,NA,NA,"<= day","daily",NA,NA,NA
"1964-11-03",39800,FALSE,NA,NA,"<= day","daily",NA,NA,NA
"1964-11-04",38400,FALSE,NA,NA,"<= day","daily",NA,NA,NA
"1964-11-05",37900,FALSE,NA,NA,"<= day","daily",NA,NA,NA
"1964-11-06",37900,FALSE,NA,NA,"<= day","daily",NA,NA,NA
"1964-11-07",37900,FALSE,NA,NA,"<= day","daily",NA,NA,NA
"1964-11-08",36100,FALSE,NA,NA,"<= day","daily",NA,NA,NA
"1964-11-09",34000,FALSE,NA,NA,"<= day","daily",NA,NA,NA
"1964-11-10",31900,FALSE,NA,NA,"<= day","daily",NA,NA,NA
"1964-11-11",47100,FALSE,NA,NA,"<= day","daily",NA,NA,NA
"1964-11-12",45300,FALSE,NA,NA,"<= day","daily",NA,NA,NA
"1964-11-13",40700,FALSE,NA,NA,"<= day","daily",NA,NA,NA
"1964-11-14",37900,FALSE,NA,NA,"<= day","daily",NA,NA,NA
"1964-11-15",36100,FALSE,NA,NA,"<= day","daily",NA,NA,NA
"1964-11-16",34400,FALSE,NA,NA,"<= day","daily",NA,NA,NA
"1964-11-17",31900,FALSE,NA,NA,"<= day","daily",NA,NA,NA
"1964-11-18",30200,FALSE,NA,NA,"<= day","daily",NA,NA,NA
"1964-11-19",27700,FALSE,NA,NA,"<= day","daily",NA,NA,NA
"1964-11-20",27300,FALSE,NA,NA,"<= day","daily",NA,NA,NA
"1964-11-21",23900,FALSE,NA,NA,"<= day","daily",NA,NA,NA
"1964-11-22",20200,FALSE,NA,NA,"<= day","daily",NA,NA,NA
"1964-11-23",17500,FALSE,NA,NA,"<= day","daily",NA,NA,NA
"1964-11-24",16800,FALSE,NA,NA,"<= day","daily",NA,NA,NA
"1964-11-25",16800,FALSE,NA,NA,"<= day","daily",NA,NA,NA
"1964-11-26",15500,FALSE,NA,NA,"<= day","daily",NA,NA,NA
"1964-11-27",13500,FALSE,NA,NA,"<= day","daily",NA,NA,NA
"1964-11-28",12900,FALSE,NA,NA,"<= day","daily",NA,NA,NA
"1964-11-29",10600,FALSE,NA,NA,"<= day","daily",NA,NA,NA
"1964-11-30",10000,FALSE,NA,NA,"<= day","daily",NA,NA,NA
"1964-12-01",24700,FALSE,NA,NA,"<= day","daily",NA,NA,NA
"1964-12-02",23900,FALSE,NA,NA,"<= day","daily",NA,NA,NA
"1964-12-03",20200,FALSE,NA,NA,"<= day","daily",NA,NA,NA
"1964-12-04",19500,FALSE,NA,NA,"<= day","daily",NA,NA,NA
"1964-12-05",18800,FALSE,NA,NA,"<= day","daily",NA,NA,NA
"1964-12-06",18200,FALSE,NA,NA,"<= day","daily",NA,NA,NA
"1964-12-07",17500,FALSE,NA,NA,"<= day","daily",NA,NA,NA
"1964-12-08",16800,FALSE,NA,NA,"<= day","daily",NA,NA,NA
"1964-12-09",16100,FALSE,NA,NA,"<= day","daily",NA,NA,NA
"1964-12-10",13500,FALSE,NA,NA,"<= day","daily",NA,NA,NA
"1964-12-11",12100,FALSE,NA,NA,"<= day","daily",NA,NA,NA
"1964-12-12",6940,FALSE,NA,NA,"<= day","daily",NA,NA,NA
"1964-12-13",6940,FALSE,NA,NA,"<= day","daily",NA,NA,NA
"1964-12-14",6700,FALSE,NA,NA,"<= day","daily",NA,NA,NA
"1964-12-15",6700,FALSE,NA,NA,"<= day","daily",NA,NA,NA
"1964-12-16",12100,FALSE,NA,NA,"<= day","daily",NA,NA,NA
"1964-12-17",29800,FALSE,NA,NA,"<= day","daily",NA,NA,NA
"1964-12-18",33600,FALSE,NA,NA,"<= day","daily",NA,NA,NA
"1964-12-19",53400,FALSE,NA,NA,"<= day","daily",NA,NA,NA
"1964-12-20",57100,FALSE,NA,NA,"<= day","daily",NA,NA,NA
"1964-12-21",54300,FALSE,NA,NA,"<= day","daily",NA,NA,NA
"1964-12-22",52500,FALSE,NA,NA,"<= day","daily",NA,NA,NA
"1964-12-23",45300,FALSE,NA,NA,"<= day","daily",NA,NA,NA
"1964-12-24",36100,FALSE,NA,NA,"<= day","daily",NA,NA,NA
"1964-12-25",27700,FALSE,NA,NA,"<= day","daily",NA,NA,NA
"1964-12-26",24700,FALSE,NA,NA,"<= day","daily",NA,NA,NA
"1964-12-27",23200,FALSE,NA,NA,"<= day","daily",NA,NA,NA
"1964-12-28",20200,FALSE,NA,NA,"<= day","daily",NA,NA,NA
"1964-12-29",31900,FALSE,NA,NA,"<= day","daily",NA,NA,NA
"1964-12-30",40700,FALSE,NA,NA,"<= day","daily",NA,NA,NA
"1964-12-31",34000,FALSE,NA,NA,"<= day","daily",NA,NA,NA
"1965-01-01",31900,FALSE,NA,NA,"<= day","daily",NA,NA,NA
"1965-01-02",35300,FALSE,NA,NA,"<= day","daily",NA,NA,NA
"1965-01-03",60500,FALSE,NA,NA,"<= day","daily",NA,NA,NA
"1965-01-04",46200,FALSE,NA,NA,"<= day","daily",NA,NA,NA
"1965-01-05",40700,FALSE,NA,NA,"<= day","daily",NA,NA,NA
"1965-01-06",36100,FALSE,NA,NA,"<= day","daily",NA,NA,NA
"1965-01-07",31900,FALSE,NA,NA,"<= day","daily",NA,NA,NA
"1965-01-08",29800,FALSE,NA,NA,"<= day","daily",NA,NA,NA
"1965-01-09",23900,FALSE,NA,NA,"<= day","daily",NA,NA,NA
"1965-01-10",23900,FALSE,NA,NA,"<= day","daily",NA,NA,NA
"1965-01-11",21300,FALSE,NA,NA,"<= day","daily",NA,NA,NA
"1965-01-12",20200,FALSE,NA,NA,"<= day","daily",NA,NA,NA
"1965-01-13",16800,FALSE,NA,NA,"<= day","daily",NA,NA,NA
"1965-01-14",18500,FALSE,NA,NA,"<= day","daily",NA,NA,NA
"1965-01-15",45300,FALSE,NA,NA,"<= day","daily",NA,NA,NA
"1965-01-16",27700,FALSE,NA,NA,"<= day","daily",NA,NA,NA
"1965-01-17",31900,FALSE,NA,NA,"<= day","daily",NA,NA,NA
"1965-01-18",34000,FALSE,NA,NA,"<= day","daily",NA,NA,NA
"1965-01-19",34000,FALSE,NA,NA,"<= day","daily",NA,NA,NA
"1965-01-20",31900,FALSE,NA,NA,"<= day","daily",NA,NA,NA
"1965-01-21",29800,FALSE,NA,NA,"<= day","daily",NA,NA,NA
"1965-01-22",24700,FALSE,NA,NA,"<= day","daily",NA,NA,NA
"1965-01-23",23200,FALSE,NA,NA,"<= day","daily",NA,NA,NA
"1965-01-24",19500,FALSE,NA,NA,"<= day","daily",NA,NA,NA
"1965-01-25",16800,FALSE,NA,NA,"<= day","daily",NA,NA,NA
"1965-01-26",16100,FALSE,NA,NA,"<= day","daily",NA,NA,NA
"1965-01-27",13500,FALSE,NA,NA,"<= day","daily",NA,NA,NA
"1965-01-28",12300,FALSE,NA,NA,"<= day","daily",NA,NA,NA
"1965-01-29",20200,FALSE,NA,NA,"<= day","daily",NA,NA,NA
"1965-01-30",54300,FALSE,NA,NA,"<= day","daily",NA,NA,NA
"1965-01-31",59800,FALSE,NA,NA,"<= day","daily",NA,NA,NA
"1965-02-01",54300,FALSE,NA,NA,"<= day","daily",NA,NA,NA
"1965-02-02",45300,FALSE,NA,NA,"<= day","daily",NA,NA,NA
"1965-02-03",45300,FALSE,NA,NA,"<= day","daily",NA,NA,NA
"1965-02-04",43500,FALSE,NA,NA,"<= day","daily",NA,NA,NA
"1965-02-05",40700,FALSE,NA,NA,"<= day","daily",NA,NA,NA
"1965-02-06",38400,FALSE,NA,NA,"<= day","daily",NA,NA,NA
"1965-02-07",36100,FALSE,NA,NA,"<= day","daily",NA,NA,NA
"1965-02-08",34000,FALSE,NA,NA,"<= day","daily",NA,NA,NA
"1965-02-09",30200,FALSE,NA,NA,"<= day","daily",NA,NA,NA
"1965-02-10",24700,FALSE,NA,NA,"<= day","daily",NA,NA,NA
"1965-02-11",22100,FALSE,NA,NA,"<= day","daily",NA,NA,NA
"1965-02-12",21700,FALSE,NA,NA,"<= day","daily",NA,NA,NA
"1965-02-13",18800,FALSE,NA,NA,"<= day","daily",NA,NA,NA
"1965-02-14",16800,FALSE,NA,NA,"<= day","daily",NA,NA,NA
"1965-02-15",15200,FALSE,NA,NA,"<= day","daily",NA,NA,NA
"1965-02-16",13500,FALSE,NA,NA,"<= day","daily",NA,NA,NA
"1965-02-17",10600,FALSE,NA,NA,"<= day","daily",NA,NA,NA
"1965-02-18",9480,FALSE,NA,NA,"<= day","daily",NA,NA,NA
"1965-02-19",7420,FALSE,NA,NA,"<= day","daily",NA,NA,NA
"1965-02-20",6700,FALSE,NA,NA,"<= day","daily",NA,NA,NA
"1965-02-21",5700,FALSE,NA,NA,"<= day","daily",NA,NA,NA
"1965-02-22",4060,FALSE,NA,NA,"<= day","daily",NA,NA,NA
"1965-02-23",3520,FALSE,NA,NA,"<= day","daily",NA,NA,NA
"1965-02-24",3160,FALSE,NA,NA,"<= day","daily",NA,NA,NA
"1965-02-25",2980,FALSE,NA,NA,"<= day","daily",NA,NA,NA
"1965-02-26",2520,FALSE,NA,NA,"<= day","daily",NA,NA,NA
"1965-02-27",2100,FALSE,NA,NA,"<= day","daily",NA,NA,NA
"1965-02-28",2100,FALSE,NA,NA,"<= day","daily",NA,NA,NA
"1965-03-01",3700,FALSE,NA,NA,"<= day","daily",NA,NA,NA
"1965-03-02",44800,FALSE,NA,NA,"<= day","daily",NA,NA,NA
"1965-03-03",69400,FALSE,NA,NA,"<= day","daily",NA,NA,NA
"1965-03-04",38400,FALSE,NA,NA,"<= day","daily",NA,NA,NA
"1965-03-05",29800,FALSE,NA,NA,"<= day","daily",NA,NA,NA
"1965-03-06",57100,FALSE,NA,NA,"<= day","daily",NA,NA,NA
"1965-03-07",39800,FALSE,NA,NA,"<= day","daily",NA,NA,NA
"1965-03-08",34000,FALSE,NA,NA,"<= day","daily",NA,NA,NA
"1965-03-09",29800,FALSE,NA,NA,"<= day","daily",NA,NA,NA
"1965-03-10",25800,FALSE,NA,NA,"<= day","daily",NA,NA,NA
"1965-03-11",22100,FALSE,NA,NA,"<= day","daily",NA,NA,NA
"1965-03-12",18500,FALSE,NA,NA,"<= day","daily",NA,NA,NA
"1965-03-13",16800,FALSE,NA,NA,"<= day","daily",NA,NA,NA
"1965-03-14",16500,FALSE,NA,NA,"<= day","daily",NA,NA,NA
"1965-03-15",15200,FALSE,NA,NA,"<= day","daily",NA,NA,NA
"1965-03-16",14200,FALSE,NA,NA,"<= day","daily",NA,NA,NA
"1965-03-17",14200,FALSE,NA,NA,"<= day","daily",NA,NA,NA
"1965-03-18",14200,FALSE,NA,NA,"<= day","daily",NA,NA,NA
"1965-03-19",13800,FALSE,NA,NA,"<= day","daily",NA,NA,NA
"1965-03-20",13800,FALSE,NA,NA,"<= day","daily",NA,NA,NA
"1965-03-21",13800,FALSE,NA,NA,"<= day","daily",NA,NA,NA
"1965-03-22",13800,FALSE,NA,NA,"<= day","daily",NA,NA,NA
"1965-03-23",13500,FALSE,NA,NA,"<= day","daily",NA,NA,NA
"1965-03-24",16800,FALSE,NA,NA,"<= day","daily",NA,NA,NA
"1965-03-25",18500,FALSE,NA,NA,"<= day","daily",NA,NA,NA
"1965-03-26",18500,FALSE,NA,NA,"<= day","daily",NA,NA,NA
"1965-03-27",16800,FALSE,NA,NA,"<= day","daily",NA,NA,NA
"1965-03-28",15800,FALSE,NA,NA,"<= day","daily",NA,NA,NA
"1965-03-29",15200,FALSE,NA,NA,"<= day","daily",NA,NA,NA
"1965-03-30",14200,FALSE,NA,NA,"<= day","daily",NA,NA,NA
"1965-03-31",13500,FALSE,NA,NA,"<= day","daily",NA,NA,NA
"1965-04-01",13500,FALSE,NA,NA,"<= day","daily",NA,NA,NA
"1965-04-02",15500,FALSE,NA,NA,"<= day","daily",NA,NA,NA
"1965-04-03",12100,FALSE,NA,NA,"<= day","daily",NA,NA,NA
"1965-04-04",10600,FALSE,NA,NA,"<= day","daily",NA,NA,NA
"1965-04-05",10000,FALSE,NA,NA,"<= day","daily",NA,NA,NA
"1965-04-06",8160,FALSE,NA,NA,"<= day","daily",NA,NA,NA
"1965-04-07",8940,FALSE,NA,NA,"<= day","daily",NA,NA,NA
"1965-04-08",7900,FALSE,NA,NA,"<= day","daily",NA,NA,NA
"1965-04-09",7420,FALSE,NA,NA,"<= day","daily",NA,NA,NA
"1965-04-10",6940,FALSE,NA,NA,"<= day","daily",NA,NA,NA
"1965-04-11",6500,FALSE,NA,NA,"<= day","daily",NA,NA,NA
"1965-04-12",6300,FALSE,NA,NA,"<= day","daily",NA,NA,NA
"1965-04-13",5700,FALSE,NA,NA,"<= day","daily",NA,NA,NA
"1965-04-14",5040,FALSE,NA,NA,"<= day","daily",NA,NA,NA
"1965-04-15",4600,FALSE,NA,NA,"<= day","daily",NA,NA,NA
"1965-04-16",4420,FALSE,NA,NA,"<= day","daily",NA,NA,NA
"1965-04-17",4820,FALSE,NA,NA,"<= day","daily",NA,NA,NA
"1965-04-18",4420,FALSE,NA,NA,"<= day","daily",NA,NA,NA
"1965-04-19",3700,FALSE,NA,NA,"<= day","daily",NA,NA,NA
"1965-04-20",7900,FALSE,NA,NA,"<= day","daily",NA,NA,NA
"1965-04-21",16800,FALSE,NA,NA,"<= day","daily",NA,NA,NA
"1965-04-22",20200,FALSE,NA,NA,"<= day","daily",NA,NA,NA
"1965-04-23",23200,FALSE,NA,NA,"<= day","daily",NA,NA,NA
"1965-04-24",21700,FALSE,NA,NA,"<= day","daily",NA,NA,NA
"1965-04-25",23900,FALSE,NA,NA,"<= day","daily",NA,NA,NA
"1965-04-26",27300,FALSE,NA,NA,"<= day","daily",NA,NA,NA
"1965-04-27",29800,FALSE,NA,NA,"<= day","daily",NA,NA,NA
"1965-04-28",52500,FALSE,NA,NA,"<= day","daily",NA,NA,NA
"1965-04-29",57600,FALSE,NA,NA,"<= day","daily",NA,NA,NA
"1965-04-30",54300,FALSE,NA,NA,"<= day","daily",NA,NA,NA
"1965-05-01",37900,FALSE,NA,NA,"<= day","daily",NA,NA,NA
"1965-05-02",34400,FALSE,NA,NA,"<= day","daily",NA,NA,NA
"1965-05-03",30200,FALSE,NA,NA,"<= day","daily",NA,NA,NA
"1965-05-04",57100,FALSE,NA,NA,"<= day","daily",NA,NA,NA
"1965-05-05",52500,FALSE,NA,NA,"<= day","daily",NA,NA,NA
"1965-05-06",49700,FALSE,NA,NA,"<= day","daily",NA,NA,NA
"1965-05-07",47100,FALSE,NA,NA,"<= day","daily",NA,NA,NA
"1965-05-08",39800,FALSE,NA,NA,"<= day","daily",NA,NA,NA
"1965-05-09",35300,FALSE,NA,NA,"<= day","daily",NA,NA,NA
"1965-05-10",31100,FALSE,NA,NA,"<= day","daily",NA,NA,NA
"1965-05-11",28500,FALSE,NA,NA,"<= day","daily",NA,NA,NA
"1965-05-12",26200,FALSE,NA,NA,"<= day","daily",NA,NA,NA
"1965-05-13",24700,FALSE,NA,NA,"<= day","daily",NA,NA,NA
"1965-05-14",22400,FALSE,NA,NA,"<= day","daily",NA,NA,NA
"1965-05-15",20200,FALSE,NA,NA,"<= day","daily",NA,NA,NA
"1965-05-16",16800,FALSE,NA,NA,"<= day","daily",NA,NA,NA
"1965-05-17",14500,FALSE,NA,NA,"<= day","daily",NA,NA,NA
"1965-05-18",13500,FALSE,NA,NA,"<= day","daily",NA,NA,NA
"1965-05-19",12300,FALSE,NA,NA,"<= day","daily",NA,NA,NA
"1965-05-20",10600,FALSE,NA,NA,"<= day","daily",NA,NA,NA
"1965-05-21",8420,FALSE,NA,NA,"<= day","daily",NA,NA,NA
"1965-05-22",8420,FALSE,NA,NA,"<= day","daily",NA,NA,NA
"1965-05-23",7900,FALSE,NA,NA,"<= day","daily",NA,NA,NA
"1965-05-24",7420,FALSE,NA,NA,"<= day","daily",NA,NA,NA
"1965-05-25",7420,FALSE,NA,NA,"<= day","daily",NA,NA,NA
"1965-05-26",6940,FALSE,NA,NA,"<= day","daily",NA,NA,NA
"1965-05-27",6940,FALSE,NA,NA,"<= day","daily",NA,NA,NA
"1965-05-28",7900,FALSE,NA,NA,"<= day","daily",NA,NA,NA
"1965-05-29",16100,FALSE,NA,NA,"<= day","daily",NA,NA,NA
"1965-05-30",22400,FALSE,NA,NA,"<= day","daily",NA,NA,NA
"1965-05-31",32300,FALSE,NA,NA,"<= day","daily",NA,NA,NA
"1965-06-01",61600,FALSE,NA,NA,"<= day","daily",NA,NA,NA
"1965-06-02",43000,FALSE,NA,NA,"<= day","daily",NA,NA,NA
"1965-06-03",39800,FALSE,NA,NA,"<= day","daily",NA,NA,NA
"1965-06-04",41600,FALSE,NA,NA,"<= day","daily",NA,NA,NA
"1965-06-05",45300,FALSE,NA,NA,"<= day","daily",NA,NA,NA
"1965-06-06",43000,FALSE,NA,NA,"<= day","daily",NA,NA,NA
"1965-06-07",40700,FALSE,NA,NA,"<= day","daily",NA,NA,NA
"1965-06-08",40700,FALSE,NA,NA,"<= day","daily",NA,NA,NA
"1965-06-09",40700,FALSE,NA,NA,"<= day","daily",NA,NA,NA
"1965-06-10",39800,FALSE,NA,NA,"<= day","daily",NA,NA,NA
"1965-06-11",38900,FALSE,NA,NA,"<= day","daily",NA,NA,NA
"1965-06-12",36100,FALSE,NA,NA,"<= day","daily",NA,NA,NA
"1965-06-13",32300,FALSE,NA,NA,"<= day","daily",NA,NA,NA
"1965-06-14",29800,FALSE,NA,NA,"<= day","daily",NA,NA,NA
"1965-06-15",27700,FALSE,NA,NA,"<= day","daily",NA,NA,NA
"1965-06-16",24300,FALSE,NA,NA,"<= day","daily",NA,NA,NA
"1965-06-17",23200,FALSE,NA,NA,"<= day","daily",NA,NA,NA
"1965-06-18",21700,FALSE,NA,NA,"<= day","daily",NA,NA,NA
"1965-06-19",20200,FALSE,NA,NA,"<= day","daily",NA,NA,NA
"1965-06-20",18800,FALSE,NA,NA,"<= day","daily",NA,NA,NA
"1965-06-21",16100,FALSE,NA,NA,"<= day","daily",NA,NA,NA
"1965-06-22",13500,FALSE,NA,NA,"<= day","daily",NA,NA,NA
"1965-06-23",12300,FALSE,NA,NA,"<= day","daily",NA,NA,NA
"1965-06-24",11800,FALSE,NA,NA,"<= day","daily",NA,NA,NA
"1965-06-25",9480,FALSE,NA,NA,"<= day","daily",NA,NA,NA
"1965-06-26",7420,FALSE,NA,NA,"<= day","daily",NA,NA,NA
"1965-06-27",7180,FALSE,NA,NA,"<= day","daily",NA,NA,NA
"1965-06-28",6940,FALSE,NA,NA,"<= day","daily",NA,NA,NA
"1965-06-29",6500,FALSE,NA,NA,"<= day","daily",NA,NA,NA
"1965-06-30",5700,FALSE,NA,NA,"<= day","daily",NA,NA,NA
"1965-07-01",4600,FALSE,NA,NA,"<= day","daily",NA,NA,NA
"1965-07-02",4240,FALSE,NA,NA,"<= day","daily",NA,NA,NA
"1965-07-03",3340,FALSE,NA,NA,"<= day","daily",NA,NA,NA
"1965-07-04",7420,FALSE,NA,NA,"<= day","daily",NA,NA,NA
"1965-07-05",68000,FALSE,NA,NA,"<= day","daily",NA,NA,NA
"1965-07-06",74800,FALSE,NA,NA,"<= day","daily",NA,NA,NA
"1965-07-07",36100,FALSE,NA,NA,"<= day","daily",NA,NA,NA
"1965-07-08",27700,FALSE,NA,NA,"<= day","daily",NA,NA,NA
"1965-07-09",32700,FALSE,NA,NA,"<= day","daily",NA,NA,NA
"1965-07-10",30200,FALSE,NA,NA,"<= day","daily",NA,NA,NA
"1965-07-11",27700,FALSE,NA,NA,"<= day","daily",NA,NA,NA
"1965-07-12",28500,FALSE,NA,NA,"<= day","daily",NA,NA,NA
"1965-07-13",23900,FALSE,NA,NA,"<= day","daily",NA,NA,NA
"1965-07-14",18500,FALSE,NA,NA,"<= day","daily",NA,NA,NA
"1965-07-15",16800,FALSE,NA,NA,"<= day","daily",NA,NA,NA
"1965-07-16",13500,FALSE,NA,NA,"<= day","daily",NA,NA,NA
"1965-07-17",11200,FALSE,NA,NA,"<= day","daily",NA,NA,NA
"1965-07-18",9200,FALSE,NA,NA,"<= day","daily",NA,NA,NA
"1965-07-19",7900,FALSE,NA,NA,"<= day","daily",NA,NA,NA
"1965-07-20",7420,FALSE,NA,NA,"<= day","daily",NA,NA,NA
"1965-07-21",6940,FALSE,NA,NA,"<= day","daily",NA,NA,NA
"1965-07-22",5700,FALSE,NA,NA,"<= day","daily",NA,NA,NA
"1965-07-23",10600,FALSE,NA,NA,"<= day","daily",NA,NA,NA
"1965-07-24",10000,FALSE,NA,NA,"<= day","daily",NA,NA,NA
"1965-07-25",8940,FALSE,NA,NA,"<= day","daily",NA,NA,NA
"1965-07-26",7900,FALSE,NA,NA,"<= day","daily",NA,NA,NA
"1965-07-27",10600,FALSE,NA,NA,"<= day","daily",NA,NA,NA
"1965-07-28",9200,FALSE,NA,NA,"<= day","daily",NA,NA,NA
"1965-07-29",8420,FALSE,NA,NA,"<= day","daily",NA,NA,NA
"1965-07-30",6940,FALSE,NA,NA,"<= day","daily",NA,NA,NA
"1965-07-31",5260,FALSE,NA,NA,"<= day","daily",NA,NA,NA
"1965-08-01",3700,FALSE,NA,NA,"<= day","daily",NA,NA,NA
"1965-08-02",3700,FALSE,NA,NA,"<= day","daily",NA,NA,NA
"1965-08-03",5260,FALSE,NA,NA,"<= day","daily",NA,NA,NA
"1965-08-04",7420,FALSE,NA,NA,"<= day","daily",NA,NA,NA
"1965-08-05",5700,FALSE,NA,NA,"<= day","daily",NA,NA,NA
"1965-08-06",5260,FALSE,NA,NA,"<= day","daily",NA,NA,NA
"1965-08-07",3700,FALSE,NA,NA,"<= day","daily",NA,NA,NA
"1965-08-08",2980,FALSE,NA,NA,"<= day","daily",NA,NA,NA
"1965-08-09",2100,FALSE,NA,NA,"<= day","daily",NA,NA,NA
"1965-08-10",3340,FALSE,NA,NA,"<= day","daily",NA,NA,NA
"1965-08-11",3340,FALSE,NA,NA,"<= day","daily",NA,NA,NA
"1965-08-12",2980,FALSE,NA,NA,"<= day","daily",NA,NA,NA
"1965-08-13",2660,FALSE,NA,NA,"<= day","daily",NA,NA,NA
"1965-08-14",2660,FALSE,NA,NA,"<= day","daily",NA,NA,NA
"1965-08-15",2380,FALSE,NA,NA,"<= day","daily",NA,NA,NA
"1965-08-16",2100,FALSE,NA,NA,"<= day","daily",NA,NA,NA
"1965-08-17",1860,FALSE,NA,NA,"<= day","daily",NA,NA,NA
"1965-08-18",1620,FALSE,NA,NA,"<= day","daily",NA,NA,NA
"1965-08-19",1400,FALSE,NA,NA,"<= day","daily",NA,NA,NA
"1965-08-20",1000,FALSE,NA,NA,"<= day","daily",NA,NA,NA
"1965-08-21",880,FALSE,NA,NA,"<= day","daily",NA,NA,NA
"1965-08-22",760,FALSE,NA,NA,"<= day","daily",NA,NA,NA
"1965-08-23",520,FALSE,NA,NA,"<= day","daily",NA,NA,NA
"1965-08-24",400,FALSE,NA,NA,"<= day","daily",NA,NA,NA
"1965-08-25",2380,FALSE,NA,NA,"<= day","daily",NA,NA,NA
"1965-08-26",11800,FALSE,NA,NA,"<= day","daily",NA,NA,NA
"1965-08-27",7900,FALSE,NA,NA,"<= day","daily",NA,NA,NA
"1965-08-28",5700,FALSE,NA,NA,"<= day","daily",NA,NA,NA
"1965-08-29",3700,FALSE,NA,NA,"<= day","daily",NA,NA,NA
"1965-08-30",2660,FALSE,NA,NA,"<= day","daily",NA,NA,NA
"1965-08-31",2100,FALSE,NA,NA,"<= day","daily",NA,NA,NA
"1965-09-01",6100,FALSE,NA,NA,"<= day","daily",NA,NA,NA
"1965-09-02",65200,FALSE,NA,NA,"<= day","daily",NA,NA,NA
"1965-09-03",63000,FALSE,NA,NA,"<= day","daily",NA,NA,NA
"1965-09-04",90700,FALSE,NA,NA,"<= day","daily",NA,NA,NA
"1965-09-05",88900,FALSE,NA,NA,"<= day","daily",NA,NA,NA
"1965-09-06",81700,FALSE,NA,NA,"<= day","daily",NA,NA,NA
"1965-09-07",77100,FALSE,NA,NA,"<= day","daily",NA,NA,NA
"1965-09-08",68000,FALSE,NA,NA,"<= day","daily",NA,NA,NA
"1965-09-09",59800,FALSE,NA,NA,"<= day","daily",NA,NA,NA
"1965-09-10",57600,FALSE,NA,NA,"<= day","daily",NA,NA,NA
"1965-09-11",56500,FALSE,NA,NA,"<= day","daily",NA,NA,NA
"1965-09-12",49700,FALSE,NA,NA,"<= day","daily",NA,NA,NA
"1965-09-13",49700,FALSE,NA,NA,"<= day","daily",NA,NA,NA
"1965-09-14",45300,FALSE,NA,NA,"<= day","daily",NA,NA,NA
"1965-09-15",45300,FALSE,NA,NA,"<= day","daily",NA,NA,NA
"1965-09-16",45300,FALSE,NA,NA,"<= day","daily",NA,NA,NA
"1965-09-17",43500,FALSE,NA,NA,"<= day","daily",NA,NA,NA
"1965-09-18",40700,FALSE,NA,NA,"<= day","daily",NA,NA,NA
"1965-09-19",36100,FALSE,NA,NA,"<= day","daily",NA,NA,NA
"1965-09-20",40700,FALSE,NA,NA,"<= day","daily",NA,NA,NA
"1965-09-21",36100,FALSE,NA,NA,"<= day","daily",NA,NA,NA
"1965-09-22",31900,FALSE,NA,NA,"<= day","daily",NA,NA,NA
"1965-09-23",29800,FALSE,NA,NA,"<= day","daily",NA,NA,NA
"1965-09-24",27700,FALSE,NA,NA,"<= day","daily",NA,NA,NA
"1965-09-25",25400,FALSE,NA,NA,"<= day","daily",NA,NA,NA
"1965-09-26",27700,FALSE,NA,NA,"<= day","daily",NA,NA,NA
"1965-09-27",47500,FALSE,NA,NA,"<= day","daily",NA,NA,NA
"1965-09-28",71600,FALSE,NA,NA,"<= day","daily",NA,NA,NA
"1965-09-29",77100,FALSE,NA,NA,"<= day","daily",NA,NA,NA
"1965-09-30",72500,FALSE,NA,NA,"<= day","daily",NA,NA,NA
"1965-10-01",63300,FALSE,NA,NA,"<= day","daily",NA,NA,NA
"1965-10-02",63300,FALSE,NA,NA,"<= day","daily",NA,NA,NA
"1965-10-03",59800,FALSE,NA,NA,"<= day","daily",NA,NA,NA
"1965-10-04",49700,FALSE,NA,NA,"<= day","daily",NA,NA,NA
"1965-10-05",45300,FALSE,NA,NA,"<= day","daily",NA,NA,NA
"1965-10-06",38900,FALSE,NA,NA,"<= day","daily",NA,NA,NA
"1965-10-07",31900,FALSE,NA,NA,"<= day","daily",NA,NA,NA
"1965-10-08",27700,FALSE,NA,NA,"<= day","daily",NA,NA,NA
"1965-10-09",23900,FALSE,NA,NA,"<= day","daily",NA,NA,NA
"1965-10-10",21700,FALSE,NA,NA,"<= day","daily",NA,NA,NA
"1965-10-11",20200,FALSE,NA,NA,"<= day","daily",NA,NA,NA
"1965-10-12",18500,FALSE,NA,NA,"<= day","daily",NA,NA,NA
"1965-10-13",18500,FALSE,NA,NA,"<= day","daily",NA,NA,NA
"1965-10-14",16800,FALSE,NA,NA,"<= day","daily",NA,NA,NA
"1965-10-15",13500,FALSE,NA,NA,"<= day","daily",NA,NA,NA
"1965-10-16",10600,FALSE,NA,NA,"<= day","daily",NA,NA,NA
"1965-10-17",9200,FALSE,NA,NA,"<= day","daily",NA,NA,NA
"1965-10-18",7900,FALSE,NA,NA,"<= day","daily",NA,NA,NA
"1965-10-19",7420,FALSE,NA,NA,"<= day","daily",NA,NA,NA
"1965-10-20",6940,FALSE,NA,NA,"<= day","daily",NA,NA,NA
"1965-10-21",6500,FALSE,NA,NA,"<= day","daily",NA,NA,NA
"1965-10-22",5700,FALSE,NA,NA,"<= day","daily",NA,NA,NA
"1965-10-23",4060,FALSE,NA,NA,"<= day","daily",NA,NA,NA
"1965-10-24",2980,FALSE,NA,NA,"<= day","daily",NA,NA,NA
"1965-10-25",2100,FALSE,NA,NA,"<= day","daily",NA,NA,NA
"1965-10-26",2100,FALSE,NA,NA,"<= day","daily",NA,NA,NA
"1965-10-27",1860,FALSE,NA,NA,"<= day","daily",NA,NA,NA
"1965-10-28",1860,FALSE,NA,NA,"<= day","daily",NA,NA,NA
"1965-10-29",1620,FALSE,NA,NA,"<= day","daily",NA,NA,NA
"1965-10-30",1500,FALSE,NA,NA,"<= day","daily",NA,NA,NA
"1965-10-31",1500,FALSE,NA,NA,"<= day","daily",NA,NA,NA
"1965-11-01",1400,FALSE,NA,NA,"<= day","daily",NA,NA,NA
"1965-11-02",1000,FALSE,NA,NA,"<= day","daily",NA,NA,NA
"1965-11-03",880,FALSE,NA,NA,"<= day","daily",NA,NA,NA
"1965-11-04",640,FALSE,NA,NA,"<= day","daily",NA,NA,NA
"1965-11-05",1400,FALSE,NA,NA,"<= day","daily",NA,NA,NA
"1965-11-06",1620,FALSE,NA,NA,"<= day","daily",NA,NA,NA
"1965-11-07",2100,FALSE,NA,NA,"<= day","daily",NA,NA,NA
"1965-11-08",1860,FALSE,NA,NA,"<= day","daily",NA,NA,NA
"1965-11-09",2800,FALSE,NA,NA,"<= day","daily",NA,NA,NA
"1965-11-10",2800,FALSE,NA,NA,"<= day","daily",NA,NA,NA
"1965-11-11",9480,FALSE,NA,NA,"<= day","daily",NA,NA,NA
"1965-11-12",7420,FALSE,NA,NA,"<= day","daily",NA,NA,NA
"1965-11-13",13500,FALSE,NA,NA,"<= day","daily",NA,NA,NA
"1965-11-14",9200,FALSE,NA,NA,"<= day","daily",NA,NA,NA
"1965-11-15",7420,FALSE,NA,NA,"<= day","daily",NA,NA,NA
"1965-11-16",6700,FALSE,NA,NA,"<= day","daily",NA,NA,NA
"1965-11-17",5700,FALSE,NA,NA,"<= day","daily",NA,NA,NA
"1965-11-18",28500,FALSE,NA,NA,"<= day","daily",NA,NA,NA
"1965-11-19",45300,FALSE,NA,NA,"<= day","daily",NA,NA,NA
"1965-11-20",70700,FALSE,NA,NA,"<= day","daily",NA,NA,NA
"1965-11-21",54300,FALSE,NA,NA,"<= day","daily",NA,NA,NA
"1965-11-22",59800,FALSE,NA,NA,"<= day","daily",NA,NA,NA
"1965-11-23",49700,FALSE,NA,NA,"<= day","daily",NA,NA,NA
"1965-11-24",44400,FALSE,NA,NA,"<= day","daily",NA,NA,NA
"1965-11-25",39800,FALSE,NA,NA,"<= day","daily",NA,NA,NA
"1965-11-26",39800,FALSE,NA,NA,"<= day","daily",NA,NA,NA
"1965-11-27",63000,FALSE,NA,NA,"<= day","daily",NA,NA,NA
"1965-11-28",79900,FALSE,NA,NA,"<= day","daily",NA,NA,NA
"1965-11-29",68000,FALSE,NA,NA,"<= day","daily",NA,NA,NA
"1965-11-30",63300,FALSE,NA,NA,"<= day","daily",NA,NA,NA
"1965-12-01",52000,FALSE,NA,NA,"<= day","daily",NA,NA,NA
"1965-12-02",49700,FALSE,NA,NA,"<= day","daily",NA,NA,NA
"1965-12-03",47500,FALSE,NA,NA,"<= day","daily",NA,NA,NA
"1965-12-04",45300,FALSE,NA,NA,"<= day","daily",NA,NA,NA
"1965-12-05",44400,FALSE,NA,NA,"<= day","daily",NA,NA,NA
"1965-12-06",43500,FALSE,NA,NA,"<= day","daily",NA,NA,NA
"1965-12-07",40700,FALSE,NA,NA,"<= day","daily",NA,NA,NA
"1965-12-08",63300,FALSE,NA,NA,"<= day","daily",NA,NA,NA
"1965-12-09",68000,FALSE,NA,NA,"<= day","daily",NA,NA,NA
"1965-12-10",72500,FALSE,NA,NA,"<= day","daily",NA,NA,NA
"1965-12-11",90300,FALSE,NA,NA,"<= day","daily",NA,NA,NA
"1965-12-12",77100,FALSE,NA,NA,"<= day","daily",NA,NA,NA
"1965-12-13",72500,FALSE,NA,NA,"<= day","daily",NA,NA,NA
"1965-12-14",59800,FALSE,NA,NA,"<= day","daily",NA,NA,NA
"1965-12-15",54300,FALSE,NA,NA,"<= day","daily",NA,NA,NA
"1965-12-16",49700,FALSE,NA,NA,"<= day","daily",NA,NA,NA
"1965-12-17",45300,FALSE,NA,NA,"<= day","daily",NA,NA,NA
"1965-12-18",47500,FALSE,NA,NA,"<= day","daily",NA,NA,NA
"1965-12-19",53400,FALSE,NA,NA,"<= day","daily",NA,NA,NA
"1965-12-20",51500,FALSE,NA,NA,"<= day","daily",NA,NA,NA
"1965-12-21",49700,FALSE,NA,NA,"<= day","daily",NA,NA,NA
"1965-12-22",45300,FALSE,NA,NA,"<= day","daily",NA,NA,NA
"1965-12-23",43500,FALSE,NA,NA,"<= day","daily",NA,NA,NA
"1965-12-24",40700,FALSE,NA,NA,"<= day","daily",NA,NA,NA
"1965-12-25",45300,FALSE,NA,NA,"<= day","daily",NA,NA,NA
"1965-12-26",47100,FALSE,NA,NA,"<= day","daily",NA,NA,NA
"1965-12-27",47500,FALSE,NA,NA,"<= day","daily",NA,NA,NA
"1965-12-28",54300,FALSE,NA,NA,"<= day","daily",NA,NA,NA
"1965-12-29",47900,FALSE,NA,NA,"<= day","daily",NA,NA,NA
"1965-12-30",45300,FALSE,NA,NA,"<= day","daily",NA,NA,NA
"1965-12-31",43500,FALSE,NA,NA,"<= day","daily",NA,NA,NA
"1966-01-01",40700,FALSE,NA,NA,"<= day","daily",NA,NA,NA
"1966-01-02",36100,FALSE,NA,NA,"<= day","daily",NA,NA,NA
"1966-01-03",33600,FALSE,NA,NA,"<= day","daily",NA,NA,NA
"1966-01-04",31900,FALSE,NA,NA,"<= day","daily",NA,NA,NA
"1966-01-05",27700,FALSE,NA,NA,"<= day","daily",NA,NA,NA
"1966-01-06",26200,FALSE,NA,NA,"<= day","daily",NA,NA,NA
"1966-01-07",23900,FALSE,NA,NA,"<= day","daily",NA,NA,NA
"1966-01-08",21700,FALSE,NA,NA,"<= day","daily",NA,NA,NA
"1966-01-09",20200,FALSE,NA,NA,"<= day","daily",NA,NA,NA
"1966-01-10",18200,FALSE,NA,NA,"<= day","daily",NA,NA,NA
"1966-01-11",16800,FALSE,NA,NA,"<= day","daily",NA,NA,NA
"1966-01-12",15500,FALSE,NA,NA,"<= day","daily",NA,NA,NA
"1966-01-13",12900,FALSE,NA,NA,"<= day","daily",NA,NA,NA
"1966-01-14",12100,FALSE,NA,NA,"<= day","daily",NA,NA,NA
"1966-01-15",10600,FALSE,NA,NA,"<= day","daily",NA,NA,NA
"1966-01-16",9200,FALSE,NA,NA,"<= day","daily",NA,NA,NA
"1966-01-17",6940,FALSE,NA,NA,"<= day","daily",NA,NA,NA
"1966-01-18",5700,FALSE,NA,NA,"<= day","daily",NA,NA,NA
"1966-01-19",4060,FALSE,NA,NA,"<= day","daily",NA,NA,NA
"1966-01-20",2800,FALSE,NA,NA,"<= day","daily",NA,NA,NA
"1966-01-21",2660,FALSE,NA,NA,"<= day","daily",NA,NA,NA
"1966-01-22",2100,FALSE,NA,NA,"<= day","daily",NA,NA,NA
"1966-01-23",3700,FALSE,NA,NA,"<= day","daily",NA,NA,NA
"1966-01-24",7900,FALSE,NA,NA,"<= day","daily",NA,NA,NA
"1966-01-25",9760,FALSE,NA,NA,"<= day","daily",NA,NA,NA
"1966-01-26",8420,FALSE,NA,NA,"<= day","daily",NA,NA,NA
"1966-01-27",6940,FALSE,NA,NA,"<= day","daily",NA,NA,NA
"1966-01-28",6500,FALSE,NA,NA,"<= day","daily",NA,NA,NA
"1966-01-29",5700,FALSE,NA,NA,"<= day","daily",NA,NA,NA
"1966-01-30",4420,FALSE,NA,NA,"<= day","daily",NA,NA,NA
"1966-01-31",3700,FALSE,NA,NA,"<= day","daily",NA,NA,NA
"1966-02-01",4240,FALSE,NA,NA,"<= day","daily",NA,NA,NA
"1966-02-02",4600,FALSE,NA,NA,"<= day","daily",NA,NA,NA
"1966-02-03",5700,FALSE,NA,NA,"<= day","daily",NA,NA,NA
"1966-02-04",6700,FALSE,NA,NA,"<= day","daily",NA,NA,NA
"1966-02-05",7420,FALSE,NA,NA,"<= day","daily",NA,NA,NA
"1966-02-06",7900,FALSE,NA,NA,"<= day","daily",NA,NA,NA
"1966-02-07",10000,FALSE,NA,NA,"<= day","daily",NA,NA,NA
"1966-02-08",11800,FALSE,NA,NA,"<= day","daily",NA,NA,NA
"1966-02-09",13500,FALSE,NA,NA,"<= day","daily",NA,NA,NA
"1966-02-10",15500,FALSE,NA,NA,"<= day","daily",NA,NA,NA
"1966-02-11",16800,FALSE,NA,NA,"<= day","daily",NA,NA,NA
"1966-02-12",20900,FALSE,NA,NA,"<= day","daily",NA,NA,NA
"1966-02-13",30200,FALSE,NA,NA,"<= day","daily",NA,NA,NA
"1966-02-14",38900,FALSE,NA,NA,"<= day","daily",NA,NA,NA
"1966-02-15",31900,FALSE,NA,NA,"<= day","daily",NA,NA,NA
"1966-02-16",29800,FALSE,NA,NA,"<= day","daily",NA,NA,NA
"1966-02-17",26900,FALSE,NA,NA,"<= day","daily",NA,NA,NA
"1966-02-18",29000,FALSE,NA,NA,"<= day","daily",NA,NA,NA
"1966-02-19",26200,FALSE,NA,NA,"<= day","daily",NA,NA,NA
"1966-02-20",23900,FALSE,NA,NA,"<= day","daily",NA,NA,NA
"1966-02-21",22400,FALSE,NA,NA,"<= day","daily",NA,NA,NA
"1966-02-22",20200,FALSE,NA,NA,"<= day","daily",NA,NA,NA
"1966-02-23",18800,FALSE,NA,NA,"<= day","daily",NA,NA,NA
"1966-02-24",23200,FALSE,NA,NA,"<= day","daily",NA,NA,NA
"1966-02-25",27700,FALSE,NA,NA,"<= day","daily",NA,NA,NA
"1966-02-26",26200,FALSE,NA,NA,"<= day","daily",NA,NA,NA
"1966-02-27",23900,FALSE,NA,NA,"<= day","daily",NA,NA,NA
"1966-02-28",21700,FALSE,NA,NA,"<= day","daily",NA,NA,NA
"1966-03-01",20200,FALSE,NA,NA,"<= day","daily",NA,NA,NA
"1966-03-02",18800,FALSE,NA,NA,"<= day","daily",NA,NA,NA
"1966-03-03",16800,FALSE,NA,NA,"<= day","daily",NA,NA,NA
"1966-03-04",15500,FALSE,NA,NA,"<= day","daily",NA,NA,NA
"1966-03-05",13500,FALSE,NA,NA,"<= day","daily",NA,NA,NA
"1966-03-06",11200,FALSE,NA,NA,"<= day","daily",NA,NA,NA
"1966-03-07",10600,FALSE,NA,NA,"<= day","daily",NA,NA,NA
"1966-03-08",10000,FALSE,NA,NA,"<= day","daily",NA,NA,NA
"1966-03-09",8940,FALSE,NA,NA,"<= day","daily",NA,NA,NA
"1966-03-10",6940,FALSE,NA,NA,"<= day","daily",NA,NA,NA
"1966-03-11",5700,FALSE,NA,NA,"<= day","daily",NA,NA,NA
"1966-03-12",5700,FALSE,NA,NA,"<= day","daily",NA,NA,NA
"1966-03-13",5260,FALSE,NA,NA,"<= day","daily",NA,NA,NA
"1966-03-14",4420,FALSE,NA,NA,"<= day","daily",NA,NA,NA
"1966-03-15",3700,FALSE,NA,NA,"<= day","daily",NA,NA,NA
"1966-03-16",2980,FALSE,NA,NA,"<= day","daily",NA,NA,NA
"1966-03-17",2660,FALSE,NA,NA,"<= day","daily",NA,NA,NA
"1966-03-18",2980,FALSE,NA,NA,"<= day","daily",NA,NA,NA
"1966-03-19",2660,FALSE,NA,NA,"<= day","daily",NA,NA,NA
"1966-03-20",2660,FALSE,NA,NA,"<= day","daily",NA,NA,NA
"1966-03-21",2660,FALSE,NA,NA,"<= day","daily",NA,NA,NA
"1966-03-22",2380,FALSE,NA,NA,"<= day","daily",NA,NA,NA
"1966-03-23",2100,FALSE,NA,NA,"<= day","daily",NA,NA,NA
"1966-03-24",2100,FALSE,NA,NA,"<= day","daily",NA,NA,NA
"1966-03-25",2100,FALSE,NA,NA,"<= day","daily",NA,NA,NA
"1966-03-26",6100,FALSE,NA,NA,"<= day","daily",NA,NA,NA
"1966-03-27",9480,FALSE,NA,NA,"<= day","daily",NA,NA,NA
"1966-03-28",10600,FALSE,NA,NA,"<= day","daily",NA,NA,NA
"1966-03-29",31900,FALSE,NA,NA,"<= day","daily",NA,NA,NA
"1966-03-30",23900,FALSE,NA,NA,"<= day","daily",NA,NA,NA
"1966-03-31",20200,FALSE,NA,NA,"<= day","daily",NA,NA,NA
"1966-04-01",18200,FALSE,NA,NA,"<= day","daily",NA,NA,NA
"1966-04-02",16800,FALSE,NA,NA,"<= day","daily",NA,NA,NA
"1966-04-03",15500,FALSE,NA,NA,"<= day","daily",NA,NA,NA
"1966-04-04",14800,FALSE,NA,NA,"<= day","daily",NA,NA,NA
"1966-04-05",13500,FALSE,NA,NA,"<= day","daily",NA,NA,NA
"1966-04-06",12300,FALSE,NA,NA,"<= day","daily",NA,NA,NA
"1966-04-07",10600,FALSE,NA,NA,"<= day","daily",NA,NA,NA
"1966-04-08",9480,FALSE,NA,NA,"<= day","daily",NA,NA,NA
"1966-04-09",7900,FALSE,NA,NA,"<= day","daily",NA,NA,NA
"1966-04-10",10000,FALSE,NA,NA,"<= day","daily",NA,NA,NA
"1966-04-11",11200,FALSE,NA,NA,"<= day","daily",NA,NA,NA
"1966-04-12",11800,FALSE,NA,NA,"<= day","daily",NA,NA,NA
"1966-04-13",14500,FALSE,NA,NA,"<= day","daily",NA,NA,NA
"1966-04-14",12300,FALSE,NA,NA,"<= day","daily",NA,NA,NA
"1966-04-15",10600,FALSE,NA,NA,"<= day","daily",NA,NA,NA
"1966-04-16",16800,FALSE,NA,NA,"<= day","daily",NA,NA,NA
"1966-04-17",27700,FALSE,NA,NA,"<= day","daily",NA,NA,NA
"1966-04-18",23900,FALSE,NA,NA,"<= day","daily",NA,NA,NA
"1966-04-19",20200,FALSE,NA,NA,"<= day","daily",NA,NA,NA
"1966-04-20",18800,FALSE,NA,NA,"<= day","daily",NA,NA,NA
"1966-04-21",20900,FALSE,NA,NA,"<= day","daily",NA,NA,NA
"1966-04-22",31900,FALSE,NA,NA,"<= day","daily",NA,NA,NA
"1966-04-23",27700,FALSE,NA,NA,"<= day","daily",NA,NA,NA
"1966-04-24",25400,FALSE,NA,NA,"<= day","daily",NA,NA,NA
"1966-04-25",23900,FALSE,NA,NA,"<= day","daily",NA,NA,NA
"1966-04-26",22400,FALSE,NA,NA,"<= day","daily",NA,NA,NA
"1966-04-27",20200,FALSE,NA,NA,"<= day","daily",NA,NA,NA
"1966-04-28",16800,FALSE,NA,NA,"<= day","daily",NA,NA,NA
"1966-04-29",14800,FALSE,NA,NA,"<= day","daily",NA,NA,NA
"1966-04-30",13500,FALSE,NA,NA,"<= day","daily",NA,NA,NA
"1966-05-01",11800,FALSE,NA,NA,"<= day","daily",NA,NA,NA
"1966-05-02",10600,FALSE,NA,NA,"<= day","daily",NA,NA,NA
"1966-05-03",8940,FALSE,NA,NA,"<= day","daily",NA,NA,NA
"1966-05-04",7900,FALSE,NA,NA,"<= day","daily",NA,NA,NA
"1966-05-05",6500,FALSE,NA,NA,"<= day","daily",NA,NA,NA
"1966-05-06",4600,FALSE,NA,NA,"<= day","daily",NA,NA,NA
"1966-05-07",4600,FALSE,NA,NA,"<= day","daily",NA,NA,NA
"1966-05-08",5700,FALSE,NA,NA,"<= day","daily",NA,NA,NA
"1966-05-09",8940,FALSE,NA,NA,"<= day","daily",NA,NA,NA
"1966-05-10",10600,FALSE,NA,NA,"<= day","daily",NA,NA,NA
"1966-05-11",10600,FALSE,NA,NA,"<= day","daily",NA,NA,NA
"1966-05-12",9480,FALSE,NA,NA,"<= day","daily",NA,NA,NA
"1966-05-13",8940,FALSE,NA,NA,"<= day","daily",NA,NA,NA
"1966-05-14",8940,FALSE,NA,NA,"<= day","daily",NA,NA,NA
"1966-05-15",8940,FALSE,NA,NA,"<= day","daily",NA,NA,NA
"1966-05-16",8940,FALSE,NA,NA,"<= day","daily",NA,NA,NA
"1966-05-17",9480,FALSE,NA,NA,"<= day","daily",NA,NA,NA
"1966-05-18",9480,FALSE,NA,NA,"<= day","daily",NA,NA,NA
"1966-05-19",8940,FALSE,NA,NA,"<= day","daily",NA,NA,NA
"1966-05-20",7900,FALSE,NA,NA,"<= day","daily",NA,NA,NA
"1966-05-21",7900,FALSE,NA,NA,"<= day","daily",NA,NA,NA
"1966-05-22",7420,FALSE,NA,NA,"<= day","daily",NA,NA,NA
"1966-05-23",5700,FALSE,NA,NA,"<= day","daily",NA,NA,NA
"1966-05-24",3700,FALSE,NA,NA,"<= day","daily",NA,NA,NA
"1966-05-25",3340,FALSE,NA,NA,"<= day","daily",NA,NA,NA
"1966-05-26",7900,FALSE,NA,NA,"<= day","daily",NA,NA,NA
"1966-05-27",10600,FALSE,NA,NA,"<= day","daily",NA,NA,NA
"1966-05-28",10600,FALSE,NA,NA,"<= day","daily",NA,NA,NA
"1966-05-29",8940,FALSE,NA,NA,"<= day","daily",NA,NA,NA
"1966-05-30",6700,FALSE,NA,NA,"<= day","daily",NA,NA,NA
"1966-05-31",6500,FALSE,NA,NA,"<= day","daily",NA,NA,NA
"1966-06-01",6100,FALSE,NA,NA,"<= day","daily",NA,NA,NA
"1966-06-02",5700,FALSE,NA,NA,"<= day","daily",NA,NA,NA
"1966-06-03",4820,FALSE,NA,NA,"<= day","daily",NA,NA,NA
"1966-06-04",3700,FALSE,NA,NA,"<= day","daily",NA,NA,NA
"1966-06-05",2660,FALSE,NA,NA,"<= day","daily",NA,NA,NA
"1966-06-06",1400,FALSE,NA,NA,"<= day","daily",NA,NA,NA
"1966-06-07",760,FALSE,NA,NA,"<= day","daily",NA,NA,NA
"1966-06-08",520,FALSE,NA,NA,"<= day","daily",NA,NA,NA
"1966-06-09",880,FALSE,NA,NA,"<= day","daily",NA,NA,NA
"1966-06-10",760,FALSE,NA,NA,"<= day","daily",NA,NA,NA
"1966-06-11",1200,FALSE,NA,NA,"<= day","daily",NA,NA,NA
"1966-06-12",760,FALSE,NA,NA,"<= day","daily",NA,NA,NA
"1966-06-13",580,FALSE,NA,NA,"<= day","daily",NA,NA,NA
"1966-06-14",760,FALSE,NA,NA,"<= day","daily",NA,NA,NA
"1966-06-15",2660,FALSE,NA,NA,"<= day","daily",NA,NA,NA
"1966-06-16",3700,FALSE,NA,NA,"<= day","daily",NA,NA,NA
"1966-06-17",2380,FALSE,NA,NA,"<= day","daily",NA,NA,NA
"1966-06-18",1740,FALSE,NA,NA,"<= day","daily",NA,NA,NA
"1966-06-19",1400,FALSE,NA,NA,"<= day","daily",NA,NA,NA
"1966-06-20",1200,FALSE,NA,NA,"<= day","daily",NA,NA,NA
"1966-06-21",1000,FALSE,NA,NA,"<= day","daily",NA,NA,NA
"1966-06-22",10600,FALSE,NA,NA,"<= day","daily",NA,NA,NA
"1966-06-23",6940,FALSE,NA,NA,"<= day","daily",NA,NA,NA
"1966-06-24",3700,FALSE,NA,NA,"<= day","daily",NA,NA,NA
"1966-06-25",2100,FALSE,NA,NA,"<= day","daily",NA,NA,NA
"1966-06-26",1860,FALSE,NA,NA,"<= day","daily",NA,NA,NA
"1966-06-27",1620,FALSE,NA,NA,"<= day","daily",NA,NA,NA
"1966-06-28",1620,FALSE,NA,NA,"<= day","daily",NA,NA,NA
"1966-06-29",2380,FALSE,NA,NA,"<= day","daily",NA,NA,NA
"1966-06-30",2100,FALSE,NA,NA,"<= day","daily",NA,NA,NA
"1966-07-01",2100,FALSE,NA,NA,"<= day","daily",NA,NA,NA
"1966-07-02",1860,FALSE,NA,NA,"<= day","daily",NA,NA,NA
"1966-07-03",1620,FALSE,NA,NA,"<= day","daily",NA,NA,NA
"1966-07-04",1620,FALSE,NA,NA,"<= day","daily",NA,NA,NA
"1966-07-05",1400,FALSE,NA,NA,"<= day","daily",NA,NA,NA
"1966-07-06",1620,FALSE,NA,NA,"<= day","daily",NA,NA,NA
"1966-07-07",1980,FALSE,NA,NA,"<= day","daily",NA,NA,NA
"1966-07-08",1860,FALSE,NA,NA,"<= day","daily",NA,NA,NA
"1966-07-09",1740,FALSE,NA,NA,"<= day","daily",NA,NA,NA
"1966-07-10",1620,FALSE,NA,NA,"<= day","daily",NA,NA,NA
"1966-07-11",1400,FALSE,NA,NA,"<= day","daily",NA,NA,NA
"1966-07-12",1300,FALSE,NA,NA,"<= day","daily",NA,NA,NA
"1966-07-13",1200,FALSE,NA,NA,"<= day","daily",NA,NA,NA
"1966-07-14",1000,FALSE,NA,NA,"<= day","daily",NA,NA,NA
"1966-07-15",1000,FALSE,NA,NA,"<= day","daily",NA,NA,NA
"1966-07-16",4420,FALSE,NA,NA,"<= day","daily",NA,NA,NA
"1966-07-17",5700,FALSE,NA,NA,"<= day","daily",NA,NA,NA
"1966-07-18",6100,FALSE,NA,NA,"<= day","daily",NA,NA,NA
"1966-07-19",8420,FALSE,NA,NA,"<= day","daily",NA,NA,NA
"1966-07-20",12900,FALSE,NA,NA,"<= day","daily",NA,NA,NA
"1966-07-21",10600,FALSE,NA,NA,"<= day","daily",NA,NA,NA
"1966-07-22",4820,FALSE,NA,NA,"<= day","daily",NA,NA,NA
"1966-07-23",4420,FALSE,NA,NA,"<= day","daily",NA,NA,NA
"1966-07-24",3700,FALSE,NA,NA,"<= day","daily",NA,NA,NA
"1966-07-25",2980,FALSE,NA,NA,"<= day","daily",NA,NA,NA
"1966-07-26",2660,FALSE,NA,NA,"<= day","daily",NA,NA,NA
"1966-07-27",4420,FALSE,NA,NA,"<= day","daily",NA,NA,NA
"1966-07-28",6940,FALSE,NA,NA,"<= day","daily",NA,NA,NA
"1966-07-29",18800,FALSE,NA,NA,"<= day","daily",NA,NA,NA
"1966-07-30",21700,FALSE,NA,NA,"<= day","daily",NA,NA,NA
"1966-07-31",23900,FALSE,NA,NA,"<= day","daily",NA,NA,NA
"1966-08-01",21700,FALSE,NA,NA,"<= day","daily",NA,NA,NA
"1966-08-02",13500,FALSE,NA,NA,"<= day","daily",NA,NA,NA
"1966-08-03",9480,FALSE,NA,NA,"<= day","daily",NA,NA,NA
"1966-08-04",7900,FALSE,NA,NA,"<= day","daily",NA,NA,NA
"1966-08-05",6500,FALSE,NA,NA,"<= day","daily",NA,NA,NA
"1966-08-06",6100,FALSE,NA,NA,"<= day","daily",NA,NA,NA
"1966-08-07",5040,FALSE,NA,NA,"<= day","daily",NA,NA,NA
"1966-08-08",2980,FALSE,NA,NA,"<= day","daily",NA,NA,NA
"1966-08-09",4240,FALSE,NA,NA,"<= day","daily",NA,NA,NA
"1966-08-10",3700,FALSE,NA,NA,"<= day","daily",NA,NA,NA
"1966-08-11",2980,FALSE,NA,NA,"<= day","daily",NA,NA,NA
"1966-08-12",3520,FALSE,NA,NA,"<= day","daily",NA,NA,NA
"1966-08-13",2100,FALSE,NA,NA,"<= day","daily",NA,NA,NA
"1966-08-14",2100,FALSE,NA,NA,"<= day","daily",NA,NA,NA
"1966-08-15",1860,FALSE,NA,NA,"<= day","daily",NA,NA,NA
"1966-08-16",1860,FALSE,NA,NA,"<= day","daily",NA,NA,NA
"1966-08-17",2380,FALSE,NA,NA,"<= day","daily",NA,NA,NA
"1966-08-18",2100,FALSE,NA,NA,"<= day","daily",NA,NA,NA
"1966-08-19",2100,FALSE,NA,NA,"<= day","daily",NA,NA,NA
"1966-08-20",1200,FALSE,NA,NA,"<= day","daily",NA,NA,NA
"1966-08-21",2380,FALSE,NA,NA,"<= day","daily",NA,NA,NA
"1966-08-22",4820,FALSE,NA,NA,"<= day","daily",NA,NA,NA
"1966-08-23",23900,FALSE,NA,NA,"<= day","daily",NA,NA,NA
"1966-08-24",14200,FALSE,NA,NA,"<= day","daily",NA,NA,NA
"1966-08-25",46200,FALSE,NA,NA,"<= day","daily",NA,NA,NA
"1966-08-26",47500,FALSE,NA,NA,"<= day","daily",NA,NA,NA
"1966-08-27",34000,FALSE,NA,NA,"<= day","daily",NA,NA,NA
"1966-08-28",27700,FALSE,NA,NA,"<= day","daily",NA,NA,NA
"1966-08-29",23900,FALSE,NA,NA,"<= day","daily",NA,NA,NA
"1966-08-30",22400,FALSE,NA,NA,"<= day","daily",NA,NA,NA
"1966-08-31",21300,FALSE,NA,NA,"<= day","daily",NA,NA,NA
"1966-09-01",20200,FALSE,NA,NA,"<= day","daily",NA,NA,NA
"1966-09-02",18800,FALSE,NA,NA,"<= day","daily",NA,NA,NA
"1966-09-03",15500,FALSE,NA,NA,"<= day","daily",NA,NA,NA
"1966-09-04",13500,FALSE,NA,NA,"<= day","daily",NA,NA,NA
"1966-09-05",10600,FALSE,NA,NA,"<= day","daily",NA,NA,NA
"1966-09-06",9480,FALSE,NA,NA,"<= day","daily",NA,NA,NA
"1966-09-07",8420,FALSE,NA,NA,"<= day","daily",NA,NA,NA
"1966-09-08",7900,FALSE,NA,NA,"<= day","daily",NA,NA,NA
"1966-09-09",7420,FALSE,NA,NA,"<= day","daily",NA,NA,NA
"1966-09-10",6940,FALSE,NA,NA,"<= day","daily",NA,NA,NA
"1966-09-11",6500,FALSE,NA,NA,"<= day","daily",NA,NA,NA
"1966-09-12",5700,FALSE,NA,NA,"<= day","daily",NA,NA,NA
"1966-09-13",4820,FALSE,NA,NA,"<= day","daily",NA,NA,NA
"1966-09-14",4420,FALSE,NA,NA,"<= day","daily",NA,NA,NA
"1966-09-15",3700,FALSE,NA,NA,"<= day","daily",NA,NA,NA
"1966-09-16",3340,FALSE,NA,NA,"<= day","daily",NA,NA,NA
"1966-09-17",2980,FALSE,NA,NA,"<= day","daily",NA,NA,NA
"1966-09-18",2520,FALSE,NA,NA,"<= day","daily",NA,NA,NA
"1966-09-19",2100,FALSE,NA,NA,"<= day","daily",NA,NA,NA
"1966-09-20",1980,FALSE,NA,NA,"<= day","daily",NA,NA,NA
"1966-09-21",1980,FALSE,NA,NA,"<= day","daily",NA,NA,NA
"1966-09-22",1740,FALSE,NA,NA,"<= day","daily",NA,NA,NA
"1966-09-23",1620,FALSE,NA,NA,"<= day","daily",NA,NA,NA
"1966-09-24",1400,FALSE,NA,NA,"<= day","daily",NA,NA,NA
"1966-09-25",1200,FALSE,NA,NA,"<= day","daily",NA,NA,NA
"1966-09-26",1000,FALSE,NA,NA,"<= day","daily",NA,NA,NA
"1966-09-27",820,FALSE,NA,NA,"<= day","daily",NA,NA,NA
"1966-09-28",700,FALSE,NA,NA,"<= day","daily",NA,NA,NA
"1966-09-29",640,FALSE,NA,NA,"<= day","daily",NA,NA,NA
"1966-09-30",400,FALSE,NA,NA,"<= day","daily",NA,NA,NA
"1966-10-01",1100,FALSE,NA,NA,"<= day","daily",NA,NA,NA
"1966-10-02",4600,FALSE,NA,NA,"<= day","daily",NA,NA,NA
"1966-10-03",23900,FALSE,NA,NA,"<= day","daily",NA,NA,NA
"1966-10-04",16800,FALSE,NA,NA,"<= day","daily",NA,NA,NA
"1966-10-05",6700,FALSE,NA,NA,"<= day","daily",NA,NA,NA
"1966-10-06",5260,FALSE,NA,NA,"<= day","daily",NA,NA,NA
"1966-10-07",4600,FALSE,NA,NA,"<= day","daily",NA,NA,NA
"1966-10-08",4060,FALSE,NA,NA,"<= day","daily",NA,NA,NA
"1966-10-09",3700,FALSE,NA,NA,"<= day","daily",NA,NA,NA
"1966-10-10",5700,FALSE,NA,NA,"<= day","daily",NA,NA,NA
"1966-10-11",5700,FALSE,NA,NA,"<= day","daily",NA,NA,NA
"1966-10-12",5260,FALSE,NA,NA,"<= day","daily",NA,NA,NA
"1966-10-13",16800,FALSE,NA,NA,"<= day","daily",NA,NA,NA
"1966-10-14",13500,FALSE,NA,NA,"<= day","daily",NA,NA,NA
"1966-10-15",9200,FALSE,NA,NA,"<= day","daily",NA,NA,NA
"1966-10-16",7900,FALSE,NA,NA,"<= day","daily",NA,NA,NA
"1966-10-17",9200,FALSE,NA,NA,"<= day","daily",NA,NA,NA
"1966-10-18",38400,FALSE,NA,NA,"<= day","daily",NA,NA,NA
"1966-10-19",22100,FALSE,NA,NA,"<= day","daily",NA,NA,NA
"1966-10-20",23900,FALSE,NA,NA,"<= day","daily",NA,NA,NA
"1966-10-21",23900,FALSE,NA,NA,"<= day","daily",NA,NA,NA
"1966-10-22",22100,FALSE,NA,NA,"<= day","daily",NA,NA,NA
"1966-10-23",18500,FALSE,NA,NA,"<= day","daily",NA,NA,NA
"1966-10-24",13500,FALSE,NA,NA,"<= day","daily",NA,NA,NA
"1966-10-25",15200,FALSE,NA,NA,"<= day","daily",NA,NA,NA
"1966-10-26",41600,FALSE,NA,NA,"<= day","daily",NA,NA,NA
"1966-10-27",49700,FALSE,NA,NA,"<= day","daily",NA,NA,NA
"1966-10-28",44400,FALSE,NA,NA,"<= day","daily",NA,NA,NA
"1966-10-29",45300,FALSE,NA,NA,"<= day","daily",NA,NA,NA
"1966-10-30",57100,FALSE,NA,NA,"<= day","daily",NA,NA,NA
"1966-10-31",45300,FALSE,NA,NA,"<= day","daily",NA,NA,NA
"1966-11-01",40700,FALSE,NA,NA,"<= day","daily",NA,NA,NA
"1966-11-02",34000,FALSE,NA,NA,"<= day","daily",NA,NA,NA
"1966-11-03",31900,FALSE,NA,NA,"<= day","daily",NA,NA,NA
"1966-11-04",80800,FALSE,NA,NA,"<= day","daily",NA,NA,NA
"1966-11-05",88900,FALSE,NA,NA,"<= day","daily",NA,NA,NA
"1966-11-06",65700,FALSE,NA,NA,"<= day","daily",NA,NA,NA
"1966-11-07",49700,FALSE,NA,NA,"<= day","daily",NA,NA,NA
"1966-11-08",45300,FALSE,NA,NA,"<= day","daily",NA,NA,NA
"1966-11-09",40700,FALSE,NA,NA,"<= day","daily",NA,NA,NA
"1966-11-10",38400,FALSE,NA,NA,"<= day","daily",NA,NA,NA
"1966-11-11",35300,FALSE,NA,NA,"<= day","daily",NA,NA,NA
"1966-11-12",36100,FALSE,NA,NA,"<= day","daily",NA,NA,NA
"1966-11-13",38400,FALSE,NA,NA,"<= day","daily",NA,NA,NA
"1966-11-14",31900,FALSE,NA,NA,"<= day","daily",NA,NA,NA
"1966-11-15",25800,FALSE,NA,NA,"<= day","daily",NA,NA,NA
"1966-11-16",25800,FALSE,NA,NA,"<= day","daily",NA,NA,NA
"1966-11-17",23900,FALSE,NA,NA,"<= day","daily",NA,NA,NA
"1966-11-18",23200,FALSE,NA,NA,"<= day","daily",NA,NA,NA
"1966-11-19",22100,FALSE,NA,NA,"<= day","daily",NA,NA,NA
"1966-11-20",20900,FALSE,NA,NA,"<= day","daily",NA,NA,NA
"1966-11-21",20200,FALSE,NA,NA,"<= day","daily",NA,NA,NA
"1966-11-22",18500,FALSE,NA,NA,"<= day","daily",NA,NA,NA
"1966-11-23",17500,FALSE,NA,NA,"<= day","daily",NA,NA,NA
"1966-11-24",20900,FALSE,NA,NA,"<= day","daily",NA,NA,NA
"1966-11-25",26200,FALSE,NA,NA,"<= day","daily",NA,NA,NA
"1966-11-26",31100,FALSE,NA,NA,"<= day","daily",NA,NA,NA
"1966-11-27",23900,FALSE,NA,NA,"<= day","daily",NA,NA,NA
"1966-11-28",20900,FALSE,NA,NA,"<= day","daily",NA,NA,NA
"1966-11-29",18500,FALSE,NA,NA,"<= day","daily",NA,NA,NA
"1966-11-30",16800,FALSE,NA,NA,"<= day","daily",NA,NA,NA
"1966-12-01",17500,FALSE,NA,NA,"<= day","daily",NA,NA,NA
"1966-12-02",18500,FALSE,NA,NA,"<= day","daily",NA,NA,NA
"1966-12-03",104000,FALSE,NA,NA,"<= day","daily",NA,NA,NA
"1966-12-04",95200,FALSE,NA,NA,"<= day","daily",NA,NA,NA
"1966-12-05",54300,FALSE,NA,NA,"<= day","daily",NA,NA,NA
"1966-12-06",52500,FALSE,NA,NA,"<= day","daily",NA,NA,NA
"1966-12-07",49700,FALSE,NA,NA,"<= day","daily",NA,NA,NA
"1966-12-08",47500,FALSE,NA,NA,"<= day","daily",NA,NA,NA
"1966-12-09",45300,FALSE,NA,NA,"<= day","daily",NA,NA,NA
"1966-12-10",45300,FALSE,NA,NA,"<= day","daily",NA,NA,NA
"1966-12-11",45300,FALSE,NA,NA,"<= day","daily",NA,NA,NA
"1966-12-12",40700,FALSE,NA,NA,"<= day","daily",NA,NA,NA
"1966-12-13",54300,FALSE,NA,NA,"<= day","daily",NA,NA,NA
"1966-12-14",54300,FALSE,NA,NA,"<= day","daily",NA,NA,NA
"1966-12-15",48800,FALSE,NA,NA,"<= day","daily",NA,NA,NA
"1966-12-16",45300,FALSE,NA,NA,"<= day","daily",NA,NA,NA
"1966-12-17",44400,FALSE,NA,NA,"<= day","daily",NA,NA,NA
"1966-12-18",43000,FALSE,NA,NA,"<= day","daily",NA,NA,NA
"1966-12-19",40700,FALSE,NA,NA,"<= day","daily",NA,NA,NA
"1966-12-20",40700,FALSE,NA,NA,"<= day","daily",NA,NA,NA
"1966-12-21",39800,FALSE,NA,NA,"<= day","daily",NA,NA,NA
"1966-12-22",37000,FALSE,NA,NA,"<= day","daily",NA,NA,NA
"1966-12-23",37000,FALSE,NA,NA,"<= day","daily",NA,NA,NA
"1966-12-24",36100,FALSE,NA,NA,"<= day","daily",NA,NA,NA
"1966-12-25",31900,FALSE,NA,NA,"<= day","daily",NA,NA,NA
"1966-12-26",29800,FALSE,NA,NA,"<= day","daily",NA,NA,NA
"1966-12-27",29800,FALSE,NA,NA,"<= day","daily",NA,NA,NA
"1966-12-28",22100,FALSE,NA,NA,"<= day","daily",NA,NA,NA
"1966-12-29",27700,FALSE,NA,NA,"<= day","daily",NA,NA,NA
"1966-12-30",23900,FALSE,NA,NA,"<= day","daily",NA,NA,NA
"1966-12-31",20200,FALSE,NA,NA,"<= day","daily",NA,NA,NA
"1967-01-01",18500,FALSE,NA,NA,"<= day","daily",NA,NA,NA
"1967-01-02",16100,FALSE,NA,NA,"<= day","daily",NA,NA,NA
"1967-01-03",16100,FALSE,NA,NA,"<= day","daily",NA,NA,NA
"1967-01-04",16100,FALSE,NA,NA,"<= day","daily",NA,NA,NA
"1967-01-05",13500,FALSE,NA,NA,"<= day","daily",NA,NA,NA
"1967-01-06",12900,FALSE,NA,NA,"<= day","daily",NA,NA,NA
"1967-01-07",10600,FALSE,NA,NA,"<= day","daily",NA,NA,NA
"1967-01-08",10000,FALSE,NA,NA,"<= day","daily",NA,NA,NA
"1967-01-09",9200,FALSE,NA,NA,"<= day","daily",NA,NA,NA
"1967-01-10",7900,FALSE,NA,NA,"<= day","daily",NA,NA,NA
"1967-01-11",6940,FALSE,NA,NA,"<= day","daily",NA,NA,NA
"1967-01-12",6100,FALSE,NA,NA,"<= day","daily",NA,NA,NA
"1967-01-13",5700,FALSE,NA,NA,"<= day","daily",NA,NA,NA
"1967-01-14",5260,FALSE,NA,NA,"<= day","daily",NA,NA,NA
"1967-01-15",4600,FALSE,NA,NA,"<= day","daily",NA,NA,NA
"1967-01-16",3700,FALSE,NA,NA,"<= day","daily",NA,NA,NA
"1967-01-17",3340,FALSE,NA,NA,"<= day","daily",NA,NA,NA
"1967-01-18",2800,FALSE,NA,NA,"<= day","daily",NA,NA,NA
"1967-01-19",2380,FALSE,NA,NA,"<= day","daily",NA,NA,NA
"1967-01-20",2100,FALSE,NA,NA,"<= day","daily",NA,NA,NA
"1967-01-21",2100,FALSE,NA,NA,"<= day","daily",NA,NA,NA
"1967-01-22",5700,FALSE,NA,NA,"<= day","daily",NA,NA,NA
"1967-01-23",13500,FALSE,NA,NA,"<= day","daily",NA,NA,NA
"1967-01-24",18500,FALSE,NA,NA,"<= day","daily",NA,NA,NA
"1967-01-25",34000,FALSE,NA,NA,"<= day","daily",NA,NA,NA
"1967-01-26",23200,FALSE,NA,NA,"<= day","daily",NA,NA,NA
"1967-01-27",18500,FALSE,NA,NA,"<= day","daily",NA,NA,NA
"1967-01-28",16800,FALSE,NA,NA,"<= day","daily",NA,NA,NA
"1967-01-29",16800,FALSE,NA,NA,"<= day","daily",NA,NA,NA
"1967-01-30",16800,FALSE,NA,NA,"<= day","daily",NA,NA,NA
"1967-01-31",16500,FALSE,NA,NA,"<= day","daily",NA,NA,NA
"1967-02-01",15500,FALSE,NA,NA,"<= day","daily",NA,NA,NA
"1967-02-02",13500,FALSE,NA,NA,"<= day","daily",NA,NA,NA
"1967-02-03",13500,FALSE,NA,NA,"<= day","daily",NA,NA,NA
"1967-02-04",12100,FALSE,NA,NA,"<= day","daily",NA,NA,NA
"1967-02-05",10600,FALSE,NA,NA,"<= day","daily",NA,NA,NA
"1967-02-06",10000,FALSE,NA,NA,"<= day","daily",NA,NA,NA
"1967-02-07",9200,FALSE,NA,NA,"<= day","daily",NA,NA,NA
"1967-02-08",7900,FALSE,NA,NA,"<= day","daily",NA,NA,NA
"1967-02-09",6940,FALSE,NA,NA,"<= day","daily",NA,NA,NA
"1967-02-10",6700,FALSE,NA,NA,"<= day","daily",NA,NA,NA
"1967-02-11",5700,FALSE,NA,NA,"<= day","daily",NA,NA,NA
"1967-02-12",5700,FALSE,NA,NA,"<= day","daily",NA,NA,NA
"1967-02-13",4820,FALSE,NA,NA,"<= day","daily",NA,NA,NA
"1967-02-14",4600,FALSE,NA,NA,"<= day","daily",NA,NA,NA
"1967-02-15",3700,FALSE,NA,NA,"<= day","daily",NA,NA,NA
"1967-02-16",2800,FALSE,NA,NA,"<= day","daily",NA,NA,NA
"1967-02-17",2660,FALSE,NA,NA,"<= day","daily",NA,NA,NA
"1967-02-18",2380,FALSE,NA,NA,"<= day","daily",NA,NA,NA
"1967-02-19",2100,FALSE,NA,NA,"<= day","daily",NA,NA,NA
"1967-02-20",2100,FALSE,NA,NA,"<= day","daily",NA,NA,NA
"1967-02-21",31900,FALSE,NA,NA,"<= day","daily",NA,NA,NA
"1967-02-22",19500,FALSE,NA,NA,"<= day","daily",NA,NA,NA
"1967-02-23",16800,FALSE,NA,NA,"<= day","daily",NA,NA,NA
"1967-02-24",18500,FALSE,NA,NA,"<= day","daily",NA,NA,NA
"1967-02-25",17500,FALSE,NA,NA,"<= day","daily",NA,NA,NA
"1967-02-26",16800,FALSE,NA,NA,"<= day","daily",NA,NA,NA
"1967-02-27",18200,FALSE,NA,NA,"<= day","daily",NA,NA,NA
"1967-02-28",23900,FALSE,NA,NA,"<= day","daily",NA,NA,NA
"1967-03-01",25800,FALSE,NA,NA,"<= day","daily",NA,NA,NA
"1967-03-02",27700,FALSE,NA,NA,"<= day","daily",NA,NA,NA
"1967-03-03",31900,FALSE,NA,NA,"<= day","daily",NA,NA,NA
"1967-03-04",27700,FALSE,NA,NA,"<= day","daily",NA,NA,NA
"1967-03-05",25800,FALSE,NA,NA,"<= day","daily",NA,NA,NA
"1967-03-06",16800,FALSE,NA,NA,"<= day","daily",NA,NA,NA
"1967-03-07",22400,FALSE,NA,NA,"<= day","daily",NA,NA,NA
"1967-03-08",20200,FALSE,NA,NA,"<= day","daily",NA,NA,NA
"1967-03-09",20200,FALSE,NA,NA,"<= day","daily",NA,NA,NA
"1967-03-10",36100,FALSE,NA,NA,"<= day","daily",NA,NA,NA
"1967-03-11",29800,FALSE,NA,NA,"<= day","daily",NA,NA,NA
"1967-03-12",29800,FALSE,NA,NA,"<= day","daily",NA,NA,NA
"1967-03-13",29800,FALSE,NA,NA,"<= day","daily",NA,NA,NA
"1967-03-14",28500,FALSE,NA,NA,"<= day","daily",NA,NA,NA
"1967-03-15",23900,FALSE,NA,NA,"<= day","daily",NA,NA,NA
"1967-03-16",25800,FALSE,NA,NA,"<= day","daily",NA,NA,NA
"1967-03-17",22100,FALSE,NA,NA,"<= day","daily",NA,NA,NA
"1967-03-18",19500,FALSE,NA,NA,"<= day","daily",NA,NA,NA
"1967-03-19",16800,FALSE,NA,NA,"<= day","daily",NA,NA,NA
"1967-03-20",15200,FALSE,NA,NA,"<= day","daily",NA,NA,NA
"1967-03-21",13500,FALSE,NA,NA,"<= day","daily",NA,NA,NA
"1967-03-22",12100,FALSE,NA,NA,"<= day","daily",NA,NA,NA
"1967-03-23",10600,FALSE,NA,NA,"<= day","daily",NA,NA,NA
"1967-03-24",7900,FALSE,NA,NA,"<= day","daily",NA,NA,NA
"1967-03-25",6700,FALSE,NA,NA,"<= day","daily",NA,NA,NA
"1967-03-26",6940,FALSE,NA,NA,"<= day","daily",NA,NA,NA
"1967-03-27",6500,FALSE,NA,NA,"<= day","daily",NA,NA,NA
"1967-03-28",5700,FALSE,NA,NA,"<= day","daily",NA,NA,NA
"1967-03-29",16800,FALSE,NA,NA,"<= day","daily",NA,NA,NA
"1967-03-30",16800,FALSE,NA,NA,"<= day","daily",NA,NA,NA
"1967-03-31",16800,FALSE,NA,NA,"<= day","daily",NA,NA,NA
"1967-04-01",23900,FALSE,NA,NA,"<= day","daily",NA,NA,NA
"1967-04-02",22100,FALSE,NA,NA,"<= day","daily",NA,NA,NA
"1967-04-03",22100,FALSE,NA,NA,"<= day","daily",NA,NA,NA
"1967-04-04",19500,FALSE,NA,NA,"<= day","daily",NA,NA,NA
"1967-04-05",18500,FALSE,NA,NA,"<= day","daily",NA,NA,NA
"1967-04-06",16800,FALSE,NA,NA,"<= day","daily",NA,NA,NA
"1967-04-07",55400,FALSE,NA,NA,"<= day","daily",NA,NA,NA
"1967-04-08",63300,FALSE,NA,NA,"<= day","daily",NA,NA,NA
"1967-04-09",81700,FALSE,NA,NA,"<= day","daily",NA,NA,NA
"1967-04-10",67100,FALSE,NA,NA,"<= day","daily",NA,NA,NA
"1967-04-11",53400,FALSE,NA,NA,"<= day","daily",NA,NA,NA
"1967-04-12",49700,FALSE,NA,NA,"<= day","daily",NA,NA,NA
"1967-04-13",47500,FALSE,NA,NA,"<= day","daily",NA,NA,NA
"1967-04-14",44400,FALSE,NA,NA,"<= day","daily",NA,NA,NA
"1967-04-15",45300,FALSE,NA,NA,"<= day","daily",NA,NA,NA
"1967-04-16",44400,FALSE,NA,NA,"<= day","daily",NA,NA,NA
"1967-04-17",43000,FALSE,NA,NA,"<= day","daily",NA,NA,NA
"1967-04-18",40700,FALSE,NA,NA,"<= day","daily",NA,NA,NA
"1967-04-19",38400,FALSE,NA,NA,"<= day","daily",NA,NA,NA
"1967-04-20",36100,FALSE,NA,NA,"<= day","daily",NA,NA,NA
"1967-04-21",34000,FALSE,NA,NA,"<= day","daily",NA,NA,NA
"1967-04-22",35300,FALSE,NA,NA,"<= day","daily",NA,NA,NA
"1967-04-23",49700,FALSE,NA,NA,"<= day","daily",NA,NA,NA
"1967-04-24",40700,FALSE,NA,NA,"<= day","daily",NA,NA,NA
"1967-04-25",36100,FALSE,NA,NA,"<= day","daily",NA,NA,NA
"1967-04-26",31900,FALSE,NA,NA,"<= day","daily",NA,NA,NA
"1967-04-27",29000,FALSE,NA,NA,"<= day","daily",NA,NA,NA
"1967-04-28",23900,FALSE,NA,NA,"<= day","daily",NA,NA,NA
"1967-04-29",23200,FALSE,NA,NA,"<= day","daily",NA,NA,NA
"1967-04-30",21700,FALSE,NA,NA,"<= day","daily",NA,NA,NA
"1967-05-01",20200,FALSE,NA,NA,"<= day","daily",NA,NA,NA
"1967-05-02",18500,FALSE,NA,NA,"<= day","daily",NA,NA,NA
"1967-05-03",16800,FALSE,NA,NA,"<= day","daily",NA,NA,NA
"1967-05-04",22100,FALSE,NA,NA,"<= day","daily",NA,NA,NA
"1967-05-05",22100,FALSE,NA,NA,"<= day","daily",NA,NA,NA
"1967-05-06",22100,FALSE,NA,NA,"<= day","daily",NA,NA,NA
"1967-05-07",20200,FALSE,NA,NA,"<= day","daily",NA,NA,NA
"1967-05-08",18500,FALSE,NA,NA,"<= day","daily",NA,NA,NA
"1967-05-09",16800,FALSE,NA,NA,"<= day","daily",NA,NA,NA
"1967-05-10",15200,FALSE,NA,NA,"<= day","daily",NA,NA,NA
"1967-05-11",13500,FALSE,NA,NA,"<= day","daily",NA,NA,NA
"1967-05-12",12100,FALSE,NA,NA,"<= day","daily",NA,NA,NA
"1967-05-13",11200,FALSE,NA,NA,"<= day","daily",NA,NA,NA
"1967-05-14",9200,FALSE,NA,NA,"<= day","daily",NA,NA,NA
"1967-05-15",7900,FALSE,NA,NA,"<= day","daily",NA,NA,NA
"1967-05-16",6940,FALSE,NA,NA,"<= day","daily",NA,NA,NA
"1967-05-17",22400,FALSE,NA,NA,"<= day","daily",NA,NA,NA
"1967-05-18",40700,FALSE,NA,NA,"<= day","daily",NA,NA,NA
"1967-05-19",28500,FALSE,NA,NA,"<= day","daily",NA,NA,NA
"1967-05-20",19500,FALSE,NA,NA,"<= day","daily",NA,NA,NA
"1967-05-21",16100,FALSE,NA,NA,"<= day","daily",NA,NA,NA
"1967-05-22",13500,FALSE,NA,NA,"<= day","daily",NA,NA,NA
"1967-05-23",10600,FALSE,NA,NA,"<= day","daily",NA,NA,NA
"1967-05-24",10000,FALSE,NA,NA,"<= day","daily",NA,NA,NA
"1967-05-25",7900,FALSE,NA,NA,"<= day","daily",NA,NA,NA
"1967-05-26",7420,FALSE,NA,NA,"<= day","daily",NA,NA,NA
"1967-05-27",6100,FALSE,NA,NA,"<= day","daily",NA,NA,NA
"1967-05-28",5700,FALSE,NA,NA,"<= day","daily",NA,NA,NA
"1967-05-29",4600,FALSE,NA,NA,"<= day","daily",NA,NA,NA
"1967-05-30",3700,FALSE,NA,NA,"<= day","daily",NA,NA,NA
"1967-05-31",3340,FALSE,NA,NA,"<= day","daily",NA,NA,NA
"1967-06-01",3340,FALSE,NA,NA,"<= day","daily",NA,NA,NA
"1967-06-02",2800,FALSE,NA,NA,"<= day","daily",NA,NA,NA
"1967-06-03",2380,FALSE,NA,NA,"<= day","daily",NA,NA,NA
"1967-06-04",2100,FALSE,NA,NA,"<= day","daily",NA,NA,NA
"1967-06-05",2100,FALSE,NA,NA,"<= day","daily",NA,NA,NA
"1967-06-06",2100,FALSE,NA,NA,"<= day","daily",NA,NA,NA
"1967-06-07",2100,FALSE,NA,NA,"<= day","daily",NA,NA,NA
"1967-06-08",1500,FALSE,NA,NA,"<= day","daily",NA,NA,NA
"1967-06-09",1500,FALSE,NA,NA,"<= day","daily",NA,NA,NA
"1967-06-10",12100,FALSE,NA,NA,"<= day","daily",NA,NA,NA
"1967-06-11",12100,FALSE,NA,NA,"<= day","daily",NA,NA,NA
"1967-06-12",15200,FALSE,NA,NA,"<= day","daily",NA,NA,NA
"1967-06-13",13500,FALSE,NA,NA,"<= day","daily",NA,NA,NA
"1967-06-14",15200,FALSE,NA,NA,"<= day","daily",NA,NA,NA
"1967-06-15",13500,FALSE,NA,NA,"<= day","daily",NA,NA,NA
"1967-06-16",12100,FALSE,NA,NA,"<= day","daily",NA,NA,NA
"1967-06-17",9200,FALSE,NA,NA,"<= day","daily",NA,NA,NA
"1967-06-18",9200,FALSE,NA,NA,"<= day","daily",NA,NA,NA
"1967-06-19",9200,FALSE,NA,NA,"<= day","daily",NA,NA,NA
"1967-06-20",7900,FALSE,NA,NA,"<= day","daily",NA,NA,NA
"1967-06-21",7180,FALSE,NA,NA,"<= day","daily",NA,NA,NA
"1967-06-22",6500,FALSE,NA,NA,"<= day","daily",NA,NA,NA
"1967-06-23",5700,FALSE,NA,NA,"<= day","daily",NA,NA,NA
"1967-06-24",5700,FALSE,NA,NA,"<= day","daily",NA,NA,NA
"1967-06-25",5260,FALSE,NA,NA,"<= day","daily",NA,NA,NA
"1967-06-26",4600,FALSE,NA,NA,"<= day","daily",NA,NA,NA
"1967-06-27",3700,FALSE,NA,NA,"<= day","daily",NA,NA,NA
"1967-06-28",3340,FALSE,NA,NA,"<= day","daily",NA,NA,NA
"1967-06-29",2800,FALSE,NA,NA,"<= day","daily",NA,NA,NA
"1967-06-30",2380,FALSE,NA,NA,"<= day","daily",NA,NA,NA
"1967-07-01",1860,FALSE,NA,NA,"<= day","daily",NA,NA,NA
"1967-07-02",1500,FALSE,NA,NA,"<= day","daily",NA,NA,NA
"1967-07-03",1200,FALSE,NA,NA,"<= day","daily",NA,NA,NA
"1967-07-04",3340,FALSE,NA,NA,"<= day","daily",NA,NA,NA
"1967-07-05",2100,FALSE,NA,NA,"<= day","daily",NA,NA,NA
"1967-07-06",2100,FALSE,NA,NA,"<= day","daily",NA,NA,NA
"1967-07-07",1500,FALSE,NA,NA,"<= day","daily",NA,NA,NA
"1967-07-08",1500,FALSE,NA,NA,"<= day","daily",NA,NA,NA
"1967-07-09",1200,FALSE,NA,NA,"<= day","daily",NA,NA,NA
"1967-07-10",1500,FALSE,NA,NA,"<= day","daily",NA,NA,NA
"1967-07-11",2100,FALSE,NA,NA,"<= day","daily",NA,NA,NA
"1967-07-12",1500,FALSE,NA,NA,"<= day","daily",NA,NA,NA
"1967-07-13",1500,FALSE,NA,NA,"<= day","daily",NA,NA,NA
"1967-07-14",1000,FALSE,NA,NA,"<= day","daily",NA,NA,NA
"1967-07-15",700,FALSE,NA,NA,"<= day","daily",NA,NA,NA
"1967-07-16",640,FALSE,NA,NA,"<= day","daily",NA,NA,NA
"1967-07-17",400,FALSE,NA,NA,"<= day","daily",NA,NA,NA
"1967-07-18",300,FALSE,NA,NA,"<= day","daily",NA,NA,NA
"1967-07-19",200,FALSE,NA,NA,"<= day","daily",NA,NA,NA
"1967-07-20",200,FALSE,NA,NA,"<= day","daily",NA,NA,NA
"1967-07-21",200,FALSE,NA,NA,"<= day","daily",NA,NA,NA
"1967-07-22",200,FALSE,NA,NA,"<= day","daily",NA,NA,NA
"1967-07-23",200,FALSE,NA,NA,"<= day","daily",NA,NA,NA
"1967-07-24",180,FALSE,NA,NA,"<= day","daily",NA,NA,NA
"1967-07-25",150,FALSE,NA,NA,"<= day","daily",NA,NA,NA
"1967-07-26",150,FALSE,NA,NA,"<= day","daily",NA,NA,NA
"1967-07-27",150,FALSE,NA,NA,"<= day","daily",NA,NA,NA
"1967-07-28",150,FALSE,NA,NA,"<= day","daily",NA,NA,NA
"1967-07-29",150,FALSE,NA,NA,"<= day","daily",NA,NA,NA
"1967-07-30",120,FALSE,NA,NA,"<= day","daily",NA,NA,NA
"1967-07-31",120,FALSE,NA,NA,"<= day","daily",NA,NA,NA
"1967-08-01",100,FALSE,NA,NA,"<= day","daily",NA,NA,NA
"1967-08-02",100,FALSE,NA,NA,"<= day","daily",NA,NA,NA
"1967-08-03",100,FALSE,NA,NA,"<= day","daily",NA,NA,NA
"1967-08-04",100,FALSE,NA,NA,"<= day","daily",NA,NA,NA
"1967-08-05",100,FALSE,NA,NA,"<= day","daily",NA,NA,NA
"1967-08-06",100,FALSE,NA,NA,"<= day","daily",NA,NA,NA
"1967-08-07",100,FALSE,NA,NA,"<= day","daily",NA,NA,NA
"1967-08-08",90,FALSE,NA,NA,"<= day","daily",NA,NA,NA
"1967-08-09",90,FALSE,NA,NA,"<= day","daily",NA,NA,NA
"1967-08-10",90,FALSE,NA,NA,"<= day","daily",NA,NA,NA
"1967-08-11",90,FALSE,NA,NA,"<= day","daily",NA,NA,NA
"1967-08-12",80,FALSE,NA,NA,"<= day","daily",NA,NA,NA
"1967-08-13",80,FALSE,NA,NA,"<= day","daily",NA,NA,NA
"1967-08-14",80,FALSE,NA,NA,"<= day","daily",NA,NA,NA
"1967-08-15",80,FALSE,NA,NA,"<= day","daily",NA,NA,NA
"1967-08-16",90,FALSE,NA,NA,"<= day","daily",NA,NA,NA
"1967-08-17",90,FALSE,NA,NA,"<= day","daily",NA,NA,NA
"1967-08-18",90,FALSE,NA,NA,"<= day","daily",NA,NA,NA
"1967-08-19",90,FALSE,NA,NA,"<= day","daily",NA,NA,NA
"1967-08-20",90,FALSE,NA,NA,"<= day","daily",NA,NA,NA
"1967-08-21",90,FALSE,NA,NA,"<= day","daily",NA,NA,NA
"1967-08-22",90,FALSE,NA,NA,"<= day","daily",NA,NA,NA
"1967-08-23",90,FALSE,NA,NA,"<= day","daily",NA,NA,NA
"1967-08-24",90,FALSE,NA,NA,"<= day","daily",NA,NA,NA
"1967-08-25",80,FALSE,NA,NA,"<= day","daily",NA,NA,NA
"1967-08-26",80,FALSE,NA,NA,"<= day","daily",NA,NA,NA
"1967-08-27",80,FALSE,NA,NA,"<= day","daily",NA,NA,NA
"1967-08-28",90,FALSE,NA,NA,"<= day","daily",NA,NA,NA
"1967-08-29",90,FALSE,NA,NA,"<= day","daily",NA,NA,NA
"1967-08-30",90,FALSE,NA,NA,"<= day","daily",NA,NA,NA
"1967-08-31",90,FALSE,NA,NA,"<= day","daily",NA,NA,NA
"1967-09-01",0,FALSE,NA,NA,"<= day","daily",NA,NA,NA
"1967-09-02",0,FALSE,NA,NA,"<= day","daily",NA,NA,NA
"1967-09-03",0,FALSE,NA,NA,"<= day","daily",NA,NA,NA
"1967-09-04",0,FALSE,NA,NA,"<= day","daily",NA,NA,NA
"1967-09-05",0,FALSE,NA,NA,"<= day","daily",NA,NA,NA
"1967-09-06",0,FALSE,NA,NA,"<= day","daily",NA,NA,NA
"1967-09-07",0,FALSE,NA,NA,"<= day","daily",NA,NA,NA
"1967-09-08",0,FALSE,NA,NA,"<= day","daily",NA,NA,NA
"1967-09-09",0,FALSE,NA,NA,"<= day","daily",NA,NA,NA
"1967-09-10",0,FALSE,NA,NA,"<= day","daily",NA,NA,NA
"1967-09-11",400,FALSE,NA,NA,"<= day","daily",NA,NA,NA
"1967-09-12",1500,FALSE,NA,NA,"<= day","daily",NA,NA,NA
"1967-09-13",2100,FALSE,NA,NA,"<= day","daily",NA,NA,NA
"1967-09-14",1000,FALSE,NA,NA,"<= day","daily",NA,NA,NA
"1967-09-15",3340,FALSE,NA,NA,"<= day","daily",NA,NA,NA
"1967-09-16",3700,FALSE,NA,NA,"<= day","daily",NA,NA,NA
"1967-09-17",2100,FALSE,NA,NA,"<= day","daily",NA,NA,NA
"1967-09-18",1500,FALSE,NA,NA,"<= day","daily",NA,NA,NA
"1967-09-19",1000,FALSE,NA,NA,"<= day","daily",NA,NA,NA
"1967-09-20",700,FALSE,NA,NA,"<= day","daily",NA,NA,NA
"1967-09-21",700,FALSE,NA,NA,"<= day","daily",NA,NA,NA
"1967-09-22",1500,FALSE,NA,NA,"<= day","daily",NA,NA,NA
"1967-09-23",2100,FALSE,NA,NA,"<= day","daily",NA,NA,NA
"1967-09-24",2660,FALSE,NA,NA,"<= day","daily",NA,NA,NA
"1967-09-25",1860,FALSE,NA,NA,"<= day","daily",NA,NA,NA
"1967-09-26",1620,FALSE,NA,NA,"<= day","daily",NA,NA,NA
"1967-09-27",820,FALSE,NA,NA,"<= day","daily",NA,NA,NA
"1967-09-28",520,FALSE,NA,NA,"<= day","daily",NA,NA,NA
"1967-09-29",300,FALSE,NA,NA,"<= day","daily",NA,NA,NA
"1967-09-30",200,FALSE,NA,NA,"<= day","daily",NA,NA,NA
"1967-10-01",150,FALSE,NA,NA,"<= day","daily",NA,NA,NA
"1967-10-02",100,FALSE,NA,NA,"<= day","daily",NA,NA,NA
"1967-10-03",180,FALSE,NA,NA,"<= day","daily",NA,NA,NA
"1967-10-04",2980,FALSE,NA,NA,"<= day","daily",NA,NA,NA
"1967-10-05",7900,FALSE,NA,NA,"<= day","daily",NA,NA,NA
"1967-10-06",23200,FALSE,NA,NA,"<= day","daily",NA,NA,NA
"1967-10-07",7900,FALSE,NA,NA,"<= day","daily",NA,NA,NA
"1967-10-08",5700,FALSE,NA,NA,"<= day","daily",NA,NA,NA
"1967-10-09",3700,FALSE,NA,NA,"<= day","daily",NA,NA,NA
"1967-10-10",2800,FALSE,NA,NA,"<= day","daily",NA,NA,NA
"1967-10-11",2100,FALSE,NA,NA,"<= day","daily",NA,NA,NA
"1967-10-12",1860,FALSE,NA,NA,"<= day","daily",NA,NA,NA
"1967-10-13",1400,FALSE,NA,NA,"<= day","daily",NA,NA,NA
"1967-10-14",1000,FALSE,NA,NA,"<= day","daily",NA,NA,NA
"1967-10-15",1000,FALSE,NA,NA,"<= day","daily",NA,NA,NA
"1967-10-16",880,FALSE,NA,NA,"<= day","daily",NA,NA,NA
"1967-10-17",700,FALSE,NA,NA,"<= day","daily",NA,NA,NA
"1967-10-18",700,FALSE,NA,NA,"<= day","daily",NA,NA,NA
"1967-10-19",700,FALSE,NA,NA,"<= day","daily",NA,NA,NA
"1967-10-20",1000,FALSE,NA,NA,"<= day","daily",NA,NA,NA
"1967-10-21",880,FALSE,NA,NA,"<= day","daily",NA,NA,NA
"1967-10-22",640,FALSE,NA,NA,"<= day","daily",NA,NA,NA
"1967-10-23",400,FALSE,NA,NA,"<= day","daily",NA,NA,NA
"1967-10-24",260,FALSE,NA,NA,"<= day","daily",NA,NA,NA
"1967-10-25",170,FALSE,NA,NA,"<= day","daily",NA,NA,NA
"1967-10-26",100,FALSE,NA,NA,"<= day","daily",NA,NA,NA
"1967-10-27",90,FALSE,NA,NA,"<= day","daily",NA,NA,NA
"1967-10-28",80,FALSE,NA,NA,"<= day","daily",NA,NA,NA
"1967-10-29",70,FALSE,NA,NA,"<= day","daily",NA,NA,NA
"1967-10-30",70,FALSE,NA,NA,"<= day","daily",NA,NA,NA
"1967-10-31",1500,FALSE,NA,NA,"<= day","daily",NA,NA,NA
"1967-11-01",1200,FALSE,NA,NA,"<= day","daily",NA,NA,NA
"1967-11-02",2380,FALSE,NA,NA,"<= day","daily",NA,NA,NA
"1967-11-03",1860,FALSE,NA,NA,"<= day","daily",NA,NA,NA
"1967-11-04",16800,FALSE,NA,NA,"<= day","daily",NA,NA,NA
"1967-11-05",1980,FALSE,NA,NA,"<= day","daily",NA,NA,NA
"1967-11-06",22100,FALSE,NA,NA,"<= day","daily",NA,NA,NA
"1967-11-07",21700,FALSE,NA,NA,"<= day","daily",NA,NA,NA
"1967-11-08",15800,FALSE,NA,NA,"<= day","daily",NA,NA,NA
"1967-11-09",36100,FALSE,NA,NA,"<= day","daily",NA,NA,NA
"1967-11-10",34000,FALSE,NA,NA,"<= day","daily",NA,NA,NA
"1967-11-11",27700,FALSE,NA,NA,"<= day","daily",NA,NA,NA
"1967-11-12",25800,FALSE,NA,NA,"<= day","daily",NA,NA,NA
"1967-11-13",22100,FALSE,NA,NA,"<= day","daily",NA,NA,NA
"1967-11-14",20200,FALSE,NA,NA,"<= day","daily",NA,NA,NA
"1967-11-15",17800,FALSE,NA,NA,"<= day","daily",NA,NA,NA
"1967-11-16",16800,FALSE,NA,NA,"<= day","daily",NA,NA,NA
"1967-11-17",16800,FALSE,NA,NA,"<= day","daily",NA,NA,NA
"1967-11-18",13500,FALSE,NA,NA,"<= day","daily",NA,NA,NA
"1967-11-19",10600,FALSE,NA,NA,"<= day","daily",NA,NA,NA
"1967-11-20",8420,FALSE,NA,NA,"<= day","daily",NA,NA,NA
"1967-11-21",7420,FALSE,NA,NA,"<= day","daily",NA,NA,NA
"1967-11-22",6300,FALSE,NA,NA,"<= day","daily",NA,NA,NA
"1967-11-23",6100,FALSE,NA,NA,"<= day","daily",NA,NA,NA
"1967-11-24",6700,FALSE,NA,NA,"<= day","daily",NA,NA,NA
"1967-11-25",4060,FALSE,NA,NA,"<= day","daily",NA,NA,NA
"1967-11-26",3700,FALSE,NA,NA,"<= day","daily",NA,NA,NA
"1967-11-27",3340,FALSE,NA,NA,"<= day","daily",NA,NA,NA
"1967-11-28",3340,FALSE,NA,NA,"<= day","daily",NA,NA,NA
"1967-11-29",2980,FALSE,NA,NA,"<= day","daily",NA,NA,NA
"1967-11-30",4820,FALSE,NA,NA,"<= day","daily",NA,NA,NA
"1967-12-01",7180,FALSE,NA,NA,"<= day","daily",NA,NA,NA
"1967-12-02",7900,FALSE,NA,NA,"<= day","daily",NA,NA,NA
"1967-12-03",6700,FALSE,NA,NA,"<= day","daily",NA,NA,NA
"1967-12-04",5700,FALSE,NA,NA,"<= day","daily",NA,NA,NA
"1967-12-05",4600,FALSE,NA,NA,"<= day","daily",NA,NA,NA
"1967-12-06",4600,FALSE,NA,NA,"<= day","daily",NA,NA,NA
"1967-12-07",4600,FALSE,NA,NA,"<= day","daily",NA,NA,NA
"1967-12-08",5700,FALSE,NA,NA,"<= day","daily",NA,NA,NA
"1967-12-09",5700,FALSE,NA,NA,"<= day","daily",NA,NA,NA
"1967-12-10",5700,FALSE,NA,NA,"<= day","daily",NA,NA,NA
"1967-12-11",5040,FALSE,NA,NA,"<= day","daily",NA,NA,NA
"1967-12-12",4600,FALSE,NA,NA,"<= day","daily",NA,NA,NA
"1967-12-13",4060,FALSE,NA,NA,"<= day","daily",NA,NA,NA
"1967-12-14",2980,FALSE,NA,NA,"<= day","daily",NA,NA,NA
"1967-12-15",2800,FALSE,NA,NA,"<= day","daily",NA,NA,NA
"1967-12-16",2800,FALSE,NA,NA,"<= day","daily",NA,NA,NA
"1967-12-17",2380,FALSE,NA,NA,"<= day","daily",NA,NA,NA
"1967-12-18",2100,FALSE,NA,NA,"<= day","daily",NA,NA,NA
"1967-12-19",1860,FALSE,NA,NA,"<= day","daily",NA,NA,NA
"1967-12-20",1500,FALSE,NA,NA,"<= day","daily",NA,NA,NA
"1967-12-21",1400,FALSE,NA,NA,"<= day","daily",NA,NA,NA
"1967-12-22",1300,FALSE,NA,NA,"<= day","daily",NA,NA,NA
"1967-12-23",1000,FALSE,NA,NA,"<= day","daily",NA,NA,NA
"1967-12-24",2100,FALSE,NA,NA,"<= day","daily",NA,NA,NA
"1967-12-25",36100,FALSE,NA,NA,"<= day","daily",NA,NA,NA
"1967-12-26",38400,FALSE,NA,NA,"<= day","daily",NA,NA,NA
"1967-12-27",35300,FALSE,NA,NA,"<= day","daily",NA,NA,NA
"1967-12-28",31900,FALSE,NA,NA,"<= day","daily",NA,NA,NA
"1967-12-29",30200,FALSE,NA,NA,"<= day","daily",NA,NA,NA
"1967-12-30",27700,FALSE,NA,NA,"<= day","daily",NA,NA,NA
"1967-12-31",29800,FALSE,NA,NA,"<= day","daily",NA,NA,NA
"1968-01-01",25000,FALSE,NA,NA,"<= day","daily",NA,NA,NA
"1968-01-02",20200,FALSE,NA,NA,"<= day","daily",NA,NA,NA
"1968-01-03",19500,FALSE,NA,NA,"<= day","daily",NA,NA,NA
"1968-01-04",15500,FALSE,NA,NA,"<= day","daily",NA,NA,NA
"1968-01-05",13500,FALSE,NA,NA,"<= day","daily",NA,NA,NA
"1968-01-06",10600,FALSE,NA,NA,"<= day","daily",NA,NA,NA
"1968-01-07",13500,FALSE,NA,NA,"<= day","daily",NA,NA,NA
"1968-01-08",12900,FALSE,NA,NA,"<= day","daily",NA,NA,NA
"1968-01-09",12100,FALSE,NA,NA,"<= day","daily",NA,NA,NA
"1968-01-10",10900,FALSE,NA,NA,"<= day","daily",NA,NA,NA
"1968-01-11",10000,FALSE,NA,NA,"<= day","daily",NA,NA,NA
"1968-01-12",7900,FALSE,NA,NA,"<= day","daily",NA,NA,NA
"1968-01-13",6700,FALSE,NA,NA,"<= day","daily",NA,NA,NA
"1968-01-14",5700,FALSE,NA,NA,"<= day","daily",NA,NA,NA
"1968-01-15",4600,FALSE,NA,NA,"<= day","daily",NA,NA,NA
"1968-01-16",5700,FALSE,NA,NA,"<= day","daily",NA,NA,NA
"1968-01-17",7900,FALSE,NA,NA,"<= day","daily",NA,NA,NA
"1968-01-18",15200,FALSE,NA,NA,"<= day","daily",NA,NA,NA
"1968-01-19",22100,FALSE,NA,NA,"<= day","daily",NA,NA,NA
"1968-01-20",16800,FALSE,NA,NA,"<= day","daily",NA,NA,NA
"1968-01-21",13500,FALSE,NA,NA,"<= day","daily",NA,NA,NA
"1968-01-22",10600,FALSE,NA,NA,"<= day","daily",NA,NA,NA
"1968-01-23",9760,FALSE,NA,NA,"<= day","daily",NA,NA,NA
"1968-01-24",6700,FALSE,NA,NA,"<= day","daily",NA,NA,NA
"1968-01-25",6300,FALSE,NA,NA,"<= day","daily",NA,NA,NA
"1968-01-26",5700,FALSE,NA,NA,"<= day","daily",NA,NA,NA
"1968-01-27",5260,FALSE,NA,NA,"<= day","daily",NA,NA,NA
"1968-01-28",4600,FALSE,NA,NA,"<= day","daily",NA,NA,NA
"1968-01-29",4240,FALSE,NA,NA,"<= day","daily",NA,NA,NA
"1968-01-30",3700,FALSE,NA,NA,"<= day","daily",NA,NA,NA
"1968-01-31",3700,FALSE,NA,NA,"<= day","daily",NA,NA,NA
"1968-02-01",3700,FALSE,NA,NA,"<= day","daily",NA,NA,NA
"1968-02-02",3700,FALSE,NA,NA,"<= day","daily",NA,NA,NA
"1968-02-03",4240,FALSE,NA,NA,"<= day","daily",NA,NA,NA
"1968-02-04",15200,FALSE,NA,NA,"<= day","daily",NA,NA,NA
"1968-02-05",44400,FALSE,NA,NA,"<= day","daily",NA,NA,NA
"1968-02-06",36100,FALSE,NA,NA,"<= day","daily",NA,NA,NA
"1968-02-07",36100,FALSE,NA,NA,"<= day","daily",NA,NA,NA
"1968-02-08",16800,FALSE,NA,NA,"<= day","daily",NA,NA,NA
"1968-02-09",13500,FALSE,NA,NA,"<= day","daily",NA,NA,NA
"1968-02-10",44400,FALSE,NA,NA,"<= day","daily",NA,NA,NA
"1968-02-11",20200,FALSE,NA,NA,"<= day","daily",NA,NA,NA
"1968-02-12",22100,FALSE,NA,NA,"<= day","daily",NA,NA,NA
"1968-02-13",45300,FALSE,NA,NA,"<= day","daily",NA,NA,NA
"1968-02-14",43000,FALSE,NA,NA,"<= day","daily",NA,NA,NA
"1968-02-15",52000,FALSE,NA,NA,"<= day","daily",NA,NA,NA
"1968-02-16",70300,FALSE,NA,NA,"<= day","daily",NA,NA,NA
"1968-02-17",54300,FALSE,NA,NA,"<= day","daily",NA,NA,NA
"1968-02-18",47500,FALSE,NA,NA,"<= day","daily",NA,NA,NA
"1968-02-19",43000,FALSE,NA,NA,"<= day","daily",NA,NA,NA
"1968-02-20",38400,FALSE,NA,NA,"<= day","daily",NA,NA,NA
"1968-02-21",36100,FALSE,NA,NA,"<= day","daily",NA,NA,NA
"1968-02-22",63300,FALSE,NA,NA,"<= day","daily",NA,NA,NA
"1968-02-23",93000,FALSE,NA,NA,"<= day","daily",NA,NA,NA
"1968-02-24",54300,FALSE,NA,NA,"<= day","daily",NA,NA,NA
"1968-02-25",48800,FALSE,NA,NA,"<= day","daily",NA,NA,NA
"1968-02-26",68000,FALSE,NA,NA,"<= day","daily",NA,NA,NA
"1968-02-27",59800,FALSE,NA,NA,"<= day","daily",NA,NA,NA
"1968-02-28",53400,FALSE,NA,NA,"<= day","daily",NA,NA,NA
"1968-02-29",50600,FALSE,NA,NA,"<= day","daily",NA,NA,NA
"1968-03-01",48800,FALSE,NA,NA,"<= day","daily",NA,NA,NA
"1968-03-02",45300,FALSE,NA,NA,"<= day","daily",NA,NA,NA
"1968-03-03",45300,FALSE,NA,NA,"<= day","daily",NA,NA,NA
"1968-03-04",45300,FALSE,NA,NA,"<= day","daily",NA,NA,NA
"1968-03-05",44400,FALSE,NA,NA,"<= day","daily",NA,NA,NA
"1968-03-06",43000,FALSE,NA,NA,"<= day","daily",NA,NA,NA
"1968-03-07",41600,FALSE,NA,NA,"<= day","daily",NA,NA,NA
"1968-03-08",38900,FALSE,NA,NA,"<= day","daily",NA,NA,NA
"1968-03-09",35300,FALSE,NA,NA,"<= day","daily",NA,NA,NA
"1968-03-10",33600,FALSE,NA,NA,"<= day","daily",NA,NA,NA
"1968-03-11",30200,FALSE,NA,NA,"<= day","daily",NA,NA,NA
"1968-03-12",27700,FALSE,NA,NA,"<= day","daily",NA,NA,NA
"1968-03-13",24700,FALSE,NA,NA,"<= day","daily",NA,NA,NA
"1968-03-14",22100,FALSE,NA,NA,"<= day","daily",NA,NA,NA
"1968-03-15",20200,FALSE,NA,NA,"<= day","daily",NA,NA,NA
"1968-03-16",19200,FALSE,NA,NA,"<= day","daily",NA,NA,NA
"1968-03-17",20200,FALSE,NA,NA,"<= day","daily",NA,NA,NA
"1968-03-18",18200,FALSE,NA,NA,"<= day","daily",NA,NA,NA
"1968-03-19",16500,FALSE,NA,NA,"<= day","daily",NA,NA,NA
"1968-03-20",14800,FALSE,NA,NA,"<= day","daily",NA,NA,NA
"1968-03-21",13500,FALSE,NA,NA,"<= day","daily",NA,NA,NA
"1968-03-22",12300,FALSE,NA,NA,"<= day","daily",NA,NA,NA
"1968-03-23",14200,FALSE,NA,NA,"<= day","daily",NA,NA,NA
"1968-03-24",13200,FALSE,NA,NA,"<= day","daily",NA,NA,NA
"1968-03-25",12100,FALSE,NA,NA,"<= day","daily",NA,NA,NA
"1968-03-26",10600,FALSE,NA,NA,"<= day","daily",NA,NA,NA
"1968-03-27",10000,FALSE,NA,NA,"<= day","daily",NA,NA,NA
"1968-03-28",8940,FALSE,NA,NA,"<= day","daily",NA,NA,NA
"1968-03-29",7900,FALSE,NA,NA,"<= day","daily",NA,NA,NA
"1968-03-30",7660,FALSE,NA,NA,"<= day","daily",NA,NA,NA
"1968-03-31",6940,FALSE,NA,NA,"<= day","daily",NA,NA,NA
"1968-04-01",6500,FALSE,NA,NA,"<= day","daily",NA,NA,NA
"1968-04-02",5700,FALSE,NA,NA,"<= day","daily",NA,NA,NA
"1968-04-03",5700,FALSE,NA,NA,"<= day","daily",NA,NA,NA
"1968-04-04",5260,FALSE,NA,NA,"<= day","daily",NA,NA,NA
"1968-04-05",4420,FALSE,NA,NA,"<= day","daily",NA,NA,NA
"1968-04-06",4420,FALSE,NA,NA,"<= day","daily",NA,NA,NA
"1968-04-07",4060,FALSE,NA,NA,"<= day","daily",NA,NA,NA
"1968-04-08",4060,FALSE,NA,NA,"<= day","daily",NA,NA,NA
"1968-04-09",10600,FALSE,NA,NA,"<= day","daily",NA,NA,NA
"1968-04-10",7180,FALSE,NA,NA,"<= day","daily",NA,NA,NA
"1968-04-11",5700,FALSE,NA,NA,"<= day","daily",NA,NA,NA
"1968-04-12",5700,FALSE,NA,NA,"<= day","daily",NA,NA,NA
"1968-04-13",4600,FALSE,NA,NA,"<= day","daily",NA,NA,NA
"1968-04-14",4060,FALSE,NA,NA,"<= day","daily",NA,NA,NA
"1968-04-15",3340,FALSE,NA,NA,"<= day","daily",NA,NA,NA
"1968-04-16",2980,FALSE,NA,NA,"<= day","daily",NA,NA,NA
"1968-04-17",2380,FALSE,NA,NA,"<= day","daily",NA,NA,NA
"1968-04-18",2100,FALSE,NA,NA,"<= day","daily",NA,NA,NA
"1968-04-19",1860,FALSE,NA,NA,"<= day","daily",NA,NA,NA
"1968-04-20",1300,FALSE,NA,NA,"<= day","daily",NA,NA,NA
"1968-04-21",1200,FALSE,NA,NA,"<= day","daily",NA,NA,NA
"1968-04-22",1200,FALSE,NA,NA,"<= day","daily",NA,NA,NA
"1968-04-23",1200,FALSE,NA,NA,"<= day","daily",NA,NA,NA
"1968-04-24",1200,FALSE,NA,NA,"<= day","daily",NA,NA,NA
"1968-04-25",1100,FALSE,NA,NA,"<= day","daily",NA,NA,NA
"1968-04-26",880,FALSE,NA,NA,"<= day","daily",NA,NA,NA
"1968-04-27",880,FALSE,NA,NA,"<= day","daily",NA,NA,NA
"1968-04-28",700,FALSE,NA,NA,"<= day","daily",NA,NA,NA
"1968-04-29",940,FALSE,NA,NA,"<= day","daily",NA,NA,NA
"1968-04-30",34000,FALSE,NA,NA,"<= day","daily",NA,NA,NA
"1968-05-01",16800,FALSE,NA,NA,"<= day","daily",NA,NA,NA
"1968-05-02",11800,FALSE,NA,NA,"<= day","daily",NA,NA,NA
"1968-05-03",9760,FALSE,NA,NA,"<= day","daily",NA,NA,NA
"1968-05-04",8420,FALSE,NA,NA,"<= day","daily",NA,NA,NA
"1968-05-05",7180,FALSE,NA,NA,"<= day","daily",NA,NA,NA
"1968-05-06",5700,FALSE,NA,NA,"<= day","daily",NA,NA,NA
"1968-05-07",5700,FALSE,NA,NA,"<= day","daily",NA,NA,NA
"1968-05-08",5700,FALSE,NA,NA,"<= day","daily",NA,NA,NA
"1968-05-09",5040,FALSE,NA,NA,"<= day","daily",NA,NA,NA
"1968-05-10",4820,FALSE,NA,NA,"<= day","daily",NA,NA,NA
"1968-05-11",4420,FALSE,NA,NA,"<= day","daily",NA,NA,NA
"1968-05-12",4060,FALSE,NA,NA,"<= day","daily",NA,NA,NA
"1968-05-13",3340,FALSE,NA,NA,"<= day","daily",NA,NA,NA
"1968-05-14",2800,FALSE,NA,NA,"<= day","daily",NA,NA,NA
"1968-05-15",2240,FALSE,NA,NA,"<= day","daily",NA,NA,NA
"1968-05-16",2100,FALSE,NA,NA,"<= day","daily",NA,NA,NA
"1968-05-17",1860,FALSE,NA,NA,"<= day","daily",NA,NA,NA
"1968-05-18",1860,FALSE,NA,NA,"<= day","daily",NA,NA,NA
"1968-05-19",1740,FALSE,NA,NA,"<= day","daily",NA,NA,NA
"1968-05-20",1500,FALSE,NA,NA,"<= day","daily",NA,NA,NA
"1968-05-21",27300,FALSE,NA,NA,"<= day","daily",NA,NA,NA
"1968-05-22",25800,FALSE,NA,NA,"<= day","daily",NA,NA,NA
"1968-05-23",18500,FALSE,NA,NA,"<= day","daily",NA,NA,NA
"1968-05-24",18200,FALSE,NA,NA,"<= day","daily",NA,NA,NA
"1968-05-25",16800,FALSE,NA,NA,"<= day","daily",NA,NA,NA
"1968-05-26",16100,FALSE,NA,NA,"<= day","daily",NA,NA,NA
"1968-05-27",14200,FALSE,NA,NA,"<= day","daily",NA,NA,NA
"1968-05-28",12300,FALSE,NA,NA,"<= day","daily",NA,NA,NA
"1968-05-29",10600,FALSE,NA,NA,"<= day","daily",NA,NA,NA
"1968-05-30",9200,FALSE,NA,NA,"<= day","daily",NA,NA,NA
"1968-05-31",7900,FALSE,NA,NA,"<= day","daily",NA,NA,NA
"1968-06-01",7420,FALSE,NA,NA,"<= day","daily",NA,NA,NA
"1968-06-02",6700,FALSE,NA,NA,"<= day","daily",NA,NA,NA
"1968-06-03",7900,FALSE,NA,NA,"<= day","daily",NA,NA,NA
"1968-06-04",7420,FALSE,NA,NA,"<= day","daily",NA,NA,NA
"1968-06-05",7180,FALSE,NA,NA,"<= day","daily",NA,NA,NA
"1968-06-06",6940,FALSE,NA,NA,"<= day","daily",NA,NA,NA
"1968-06-07",10600,FALSE,NA,NA,"<= day","daily",NA,NA,NA
"1968-06-08",13500,FALSE,NA,NA,"<= day","daily",NA,NA,NA
"1968-06-09",27700,FALSE,NA,NA,"<= day","daily",NA,NA,NA
"1968-06-10",49700,FALSE,NA,NA,"<= day","daily",NA,NA,NA
"1968-06-11",37900,FALSE,NA,NA,"<= day","daily",NA,NA,NA
"1968-06-12",34000,FALSE,NA,NA,"<= day","daily",NA,NA,NA
"1968-06-13",31900,FALSE,NA,NA,"<= day","daily",NA,NA,NA
"1968-06-14",30600,FALSE,NA,NA,"<= day","daily",NA,NA,NA
"1968-06-15",27700,FALSE,NA,NA,"<= day","daily",NA,NA,NA
"1968-06-16",27700,FALSE,NA,NA,"<= day","daily",NA,NA,NA
"1968-06-17",29800,FALSE,NA,NA,"<= day","daily",NA,NA,NA
"1968-06-18",34000,FALSE,NA,NA,"<= day","daily",NA,NA,NA
"1968-06-19",34000,FALSE,NA,NA,"<= day","daily",NA,NA,NA
"1968-06-20",29800,FALSE,NA,NA,"<= day","daily",NA,NA,NA
"1968-06-21",25800,FALSE,NA,NA,"<= day","daily",NA,NA,NA
"1968-06-22",24700,FALSE,NA,NA,"<= day","daily",NA,NA,NA
"1968-06-23",22100,FALSE,NA,NA,"<= day","daily",NA,NA,NA
"1968-06-24",18500,FALSE,NA,NA,"<= day","daily",NA,NA,NA
"1968-06-25",16800,FALSE,NA,NA,"<= day","daily",NA,NA,NA
"1968-06-26",15200,FALSE,NA,NA,"<= day","daily",NA,NA,NA
"1968-06-27",12600,FALSE,NA,NA,"<= day","daily",NA,NA,NA
"1968-06-28",10600,FALSE,NA,NA,"<= day","daily",NA,NA,NA
"1968-06-29",9200,FALSE,NA,NA,"<= day","daily",NA,NA,NA
"1968-06-30",7900,FALSE,NA,NA,"<= day","daily",NA,NA,NA
"1968-07-01",6940,FALSE,NA,NA,"<= day","daily",NA,NA,NA
"1968-07-02",6100,FALSE,NA,NA,"<= day","daily",NA,NA,NA
"1968-07-03",5700,FALSE,NA,NA,"<= day","daily",NA,NA,NA
"1968-07-04",4820,FALSE,NA,NA,"<= day","daily",NA,NA,NA
"1968-07-05",4060,FALSE,NA,NA,"<= day","daily",NA,NA,NA
"1968-07-06",3700,FALSE,NA,NA,"<= day","daily",NA,NA,NA
"1968-07-07",3340,FALSE,NA,NA,"<= day","daily",NA,NA,NA
"1968-07-08",2380,FALSE,NA,NA,"<= day","daily",NA,NA,NA
"1968-07-09",2380,FALSE,NA,NA,"<= day","daily",NA,NA,NA
"1968-07-10",1860,FALSE,NA,NA,"<= day","daily",NA,NA,NA
"1968-07-11",1620,FALSE,NA,NA,"<= day","daily",NA,NA,NA
"1968-07-12",1100,FALSE,NA,NA,"<= day","daily",NA,NA,NA
"1968-07-13",1000,FALSE,NA,NA,"<= day","daily",NA,NA,NA
"1968-07-14",760,FALSE,NA,NA,"<= day","daily",NA,NA,NA
"1968-07-15",640,FALSE,NA,NA,"<= day","daily",NA,NA,NA
"1968-07-16",400,FALSE,NA,NA,"<= day","daily",NA,NA,NA
"1968-07-17",340,FALSE,NA,NA,"<= day","daily",NA,NA,NA
"1968-07-18",340,FALSE,NA,NA,"<= day","daily",NA,NA,NA
"1968-07-19",940,FALSE,NA,NA,"<= day","daily",NA,NA,NA
"1968-07-20",700,FALSE,NA,NA,"<= day","daily",NA,NA,NA
"1968-07-21",400,FALSE,NA,NA,"<= day","daily",NA,NA,NA
"1968-07-22",700,FALSE,NA,NA,"<= day","daily",NA,NA,NA
"1968-07-23",1000,FALSE,NA,NA,"<= day","daily",NA,NA,NA
"1968-07-24",700,FALSE,NA,NA,"<= day","daily",NA,NA,NA
"1968-07-25",3700,FALSE,NA,NA,"<= day","daily",NA,NA,NA
"1968-07-26",6500,FALSE,NA,NA,"<= day","daily",NA,NA,NA
"1968-07-27",3700,FALSE,NA,NA,"<= day","daily",NA,NA,NA
"1968-07-28",2100,FALSE,NA,NA,"<= day","daily",NA,NA,NA
"1968-07-29",1980,FALSE,NA,NA,"<= day","daily",NA,NA,NA
"1968-07-30",880,FALSE,NA,NA,"<= day","daily",NA,NA,NA
"1968-07-31",880,FALSE,NA,NA,"<= day","daily",NA,NA,NA
"1968-08-01",520,FALSE,NA,NA,"<= day","daily",NA,NA,NA
"1968-08-02",260,FALSE,NA,NA,"<= day","daily",NA,NA,NA
"1968-08-03",190,FALSE,NA,NA,"<= day","daily",NA,NA,NA
"1968-08-04",700,FALSE,NA,NA,"<= day","daily",NA,NA,NA
"1968-08-05",700,FALSE,NA,NA,"<= day","daily",NA,NA,NA
"1968-08-06",1000,FALSE,NA,NA,"<= day","daily",NA,NA,NA
"1968-08-07",200,FALSE,NA,NA,"<= day","daily",NA,NA,NA
"1968-08-08",190,FALSE,NA,NA,"<= day","daily",NA,NA,NA
"1968-08-09",1200,FALSE,NA,NA,"<= day","daily",NA,NA,NA
"1968-08-10",1500,FALSE,NA,NA,"<= day","daily",NA,NA,NA
"1968-08-11",1860,FALSE,NA,NA,"<= day","daily",NA,NA,NA
"1968-08-12",3160,FALSE,NA,NA,"<= day","daily",NA,NA,NA
"1968-08-13",2100,FALSE,NA,NA,"<= day","daily",NA,NA,NA
"1968-08-14",3520,FALSE,NA,NA,"<= day","daily",NA,NA,NA
"1968-08-15",1740,FALSE,NA,NA,"<= day","daily",NA,NA,NA
"1968-08-16",1500,FALSE,NA,NA,"<= day","daily",NA,NA,NA
"1968-08-17",1500,FALSE,NA,NA,"<= day","daily",NA,NA,NA
"1968-08-18",2100,FALSE,NA,NA,"<= day","daily",NA,NA,NA
"1968-08-19",34000,FALSE,NA,NA,"<= day","daily",NA,NA,NA
"1968-08-20",23900,FALSE,NA,NA,"<= day","daily",NA,NA,NA
"1968-08-21",22100,FALSE,NA,NA,"<= day","daily",NA,NA,NA
"1968-08-22",16800,FALSE,NA,NA,"<= day","daily",NA,NA,NA
"1968-08-23",18800,FALSE,NA,NA,"<= day","daily",NA,NA,NA
"1968-08-24",16100,FALSE,NA,NA,"<= day","daily",NA,NA,NA
"1968-08-25",13500,FALSE,NA,NA,"<= day","daily",NA,NA,NA
"1968-08-26",11500,FALSE,NA,NA,"<= day","daily",NA,NA,NA
"1968-08-27",9480,FALSE,NA,NA,"<= day","daily",NA,NA,NA
"1968-08-28",7900,FALSE,NA,NA,"<= day","daily",NA,NA,NA
"1968-08-29",6700,FALSE,NA,NA,"<= day","daily",NA,NA,NA
"1968-08-30",5700,FALSE,NA,NA,"<= day","daily",NA,NA,NA
"1968-08-31",5700,FALSE,NA,NA,"<= day","daily",NA,NA,NA
"1968-09-01",5260,FALSE,NA,NA,"<= day","daily",NA,NA,NA
"1968-09-02",4600,FALSE,NA,NA,"<= day","daily",NA,NA,NA
"1968-09-03",4240,FALSE,NA,NA,"<= day","daily",NA,NA,NA
"1968-09-04",3700,FALSE,NA,NA,"<= day","daily",NA,NA,NA
"1968-09-05",3520,FALSE,NA,NA,"<= day","daily",NA,NA,NA
"1968-09-06",8160,FALSE,NA,NA,"<= day","daily",NA,NA,NA
"1968-09-07",5700,FALSE,NA,NA,"<= day","daily",NA,NA,NA
"1968-09-08",5040,FALSE,NA,NA,"<= day","daily",NA,NA,NA
"1968-09-09",4600,FALSE,NA,NA,"<= day","daily",NA,NA,NA
"1968-09-10",4420,FALSE,NA,NA,"<= day","daily",NA,NA,NA
"1968-09-11",4060,FALSE,NA,NA,"<= day","daily",NA,NA,NA
"1968-09-12",3340,FALSE,NA,NA,"<= day","daily",NA,NA,NA
"1968-09-13",3160,FALSE,NA,NA,"<= day","daily",NA,NA,NA
"1968-09-14",2800,FALSE,NA,NA,"<= day","daily",NA,NA,NA
"1968-09-15",2800,FALSE,NA,NA,"<= day","daily",NA,NA,NA
"1968-09-16",2660,FALSE,NA,NA,"<= day","daily",NA,NA,NA
"1968-09-17",12100,FALSE,NA,NA,"<= day","daily",NA,NA,NA
"1968-09-18",9200,FALSE,NA,NA,"<= day","daily",NA,NA,NA
"1968-09-19",10900,FALSE,NA,NA,"<= day","daily",NA,NA,NA
"1968-09-20",13500,FALSE,NA,NA,"<= day","daily",NA,NA,NA
"1968-09-21",12600,FALSE,NA,NA,"<= day","daily",NA,NA,NA
"1968-09-22",15800,FALSE,NA,NA,"<= day","daily",NA,NA,NA
"1968-09-23",29800,FALSE,NA,NA,"<= day","daily",NA,NA,NA
"1968-09-24",23900,FALSE,NA,NA,"<= day","daily",NA,NA,NA
"1968-09-25",39800,FALSE,NA,NA,"<= day","daily",NA,NA,NA
"1968-09-26",38900,FALSE,NA,NA,"<= day","daily",NA,NA,NA
"1968-09-27",37900,FALSE,NA,NA,"<= day","daily",NA,NA,NA
"1968-09-28",29800,FALSE,NA,NA,"<= day","daily",NA,NA,NA
"1968-09-29",26900,FALSE,NA,NA,"<= day","daily",NA,NA,NA
"1968-09-30",23900,FALSE,NA,NA,"<= day","daily",NA,NA,NA
"1968-10-01",25800,FALSE,NA,NA,"<= day","daily",NA,NA,NA
"1968-10-02",22400,FALSE,NA,NA,"<= day","daily",NA,NA,NA
"1968-10-03",18800,FALSE,NA,NA,"<= day","daily",NA,NA,NA
"1968-10-04",16500,FALSE,NA,NA,"<= day","daily",NA,NA,NA
"1968-10-05",14500,FALSE,NA,NA,"<= day","daily",NA,NA,NA
"1968-10-06",14500,FALSE,NA,NA,"<= day","daily",NA,NA,NA
"1968-10-07",10600,FALSE,NA,NA,"<= day","daily",NA,NA,NA
"1968-10-08",9200,FALSE,NA,NA,"<= day","daily",NA,NA,NA
"1968-10-09",9200,FALSE,NA,NA,"<= day","daily",NA,NA,NA
"1968-10-10",8420,FALSE,NA,NA,"<= day","daily",NA,NA,NA
"1968-10-11",7900,FALSE,NA,NA,"<= day","daily",NA,NA,NA
"1968-10-12",6940,FALSE,NA,NA,"<= day","daily",NA,NA,NA
"1968-10-13",6100,FALSE,NA,NA,"<= day","daily",NA,NA,NA
"1968-10-14",5260,FALSE,NA,NA,"<= day","daily",NA,NA,NA
"1968-10-15",4820,FALSE,NA,NA,"<= day","daily",NA,NA,NA
"1968-10-16",4820,FALSE,NA,NA,"<= day","daily",NA,NA,NA
"1968-10-17",3700,FALSE,NA,NA,"<= day","daily",NA,NA,NA
"1968-10-18",3520,FALSE,NA,NA,"<= day","daily",NA,NA,NA
"1968-10-19",2660,FALSE,NA,NA,"<= day","daily",NA,NA,NA
"1968-10-20",2100,FALSE,NA,NA,"<= day","daily",NA,NA,NA
"1968-10-21",1740,FALSE,NA,NA,"<= day","daily",NA,NA,NA
"1968-10-22",1200,FALSE,NA,NA,"<= day","daily",NA,NA,NA
"1968-10-23",1000,FALSE,NA,NA,"<= day","daily",NA,NA,NA
"1968-10-24",880,FALSE,NA,NA,"<= day","daily",NA,NA,NA
"1968-10-25",700,FALSE,NA,NA,"<= day","daily",NA,NA,NA
"1968-10-26",520,FALSE,NA,NA,"<= day","daily",NA,NA,NA
"1968-10-27",520,FALSE,NA,NA,"<= day","daily",NA,NA,NA
"1968-10-28",400,FALSE,NA,NA,"<= day","daily",NA,NA,NA
"1968-10-29",400,FALSE,NA,NA,"<= day","daily",NA,NA,NA
"1968-10-30",400,FALSE,NA,NA,"<= day","daily",NA,NA,NA
"1968-10-31",380,FALSE,NA,NA,"<= day","daily",NA,NA,NA
"1968-11-01",300,FALSE,NA,NA,"<= day","daily",NA,NA,NA
"1968-11-02",280,FALSE,NA,NA,"<= day","daily",NA,NA,NA
"1968-11-03",260,FALSE,NA,NA,"<= day","daily",NA,NA,NA
"1968-11-04",3700,FALSE,NA,NA,"<= day","daily",NA,NA,NA
"1968-11-05",14200,FALSE,NA,NA,"<= day","daily",NA,NA,NA
"1968-11-06",20900,FALSE,NA,NA,"<= day","daily",NA,NA,NA
"1968-11-07",23200,FALSE,NA,NA,"<= day","daily",NA,NA,NA
"1968-11-08",27700,FALSE,NA,NA,"<= day","daily",NA,NA,NA
"1968-11-09",30200,FALSE,NA,NA,"<= day","daily",NA,NA,NA
"1968-11-10",37000,FALSE,NA,NA,"<= day","daily",NA,NA,NA
"1968-11-11",35300,FALSE,NA,NA,"<= day","daily",NA,NA,NA
"1968-11-12",29800,FALSE,NA,NA,"<= day","daily",NA,NA,NA
"1968-11-13",26600,FALSE,NA,NA,"<= day","daily",NA,NA,NA
"1968-11-14",23900,FALSE,NA,NA,"<= day","daily",NA,NA,NA
"1968-11-15",21300,FALSE,NA,NA,"<= day","daily",NA,NA,NA
"1968-11-16",18800,FALSE,NA,NA,"<= day","daily",NA,NA,NA
"1968-11-17",70300,FALSE,NA,NA,"<= day","daily",NA,NA,NA
"1968-11-18",76600,FALSE,NA,NA,"<= day","daily",NA,NA,NA
"1968-11-19",77100,FALSE,NA,NA,"<= day","daily",NA,NA,NA
"1968-11-20",59800,FALSE,NA,NA,"<= day","daily",NA,NA,NA
"1968-11-21",54300,FALSE,NA,NA,"<= day","daily",NA,NA,NA
"1968-11-22",52000,FALSE,NA,NA,"<= day","daily",NA,NA,NA
"1968-11-23",49700,FALSE,NA,NA,"<= day","daily",NA,NA,NA
"1968-11-24",47900,FALSE,NA,NA,"<= day","daily",NA,NA,NA
"1968-11-25",47100,FALSE,NA,NA,"<= day","daily",NA,NA,NA
"1968-11-26",47100,FALSE,NA,NA,"<= day","daily",NA,NA,NA
"1968-11-27",45300,FALSE,NA,NA,"<= day","daily",NA,NA,NA
"1968-11-28",43000,FALSE,NA,NA,"<= day","daily",NA,NA,NA
"1968-11-29",40700,FALSE,NA,NA,"<= day","daily",NA,NA,NA
"1968-11-30",36100,FALSE,NA,NA,"<= day","daily",NA,NA,NA
"1968-12-01",32700,FALSE,NA,NA,"<= day","daily",NA,NA,NA
"1968-12-02",29800,FALSE,NA,NA,"<= day","daily",NA,NA,NA
"1968-12-03",26900,FALSE,NA,NA,"<= day","daily",NA,NA,NA
"1968-12-04",24700,FALSE,NA,NA,"<= day","daily",NA,NA,NA
"1968-12-05",21700,FALSE,NA,NA,"<= day","daily",NA,NA,NA
"1968-12-06",19500,FALSE,NA,NA,"<= day","daily",NA,NA,NA
"1968-12-07",17800,FALSE,NA,NA,"<= day","daily",NA,NA,NA
"1968-12-08",16100,FALSE,NA,NA,"<= day","daily",NA,NA,NA
"1968-12-09",14200,FALSE,NA,NA,"<= day","daily",NA,NA,NA
"1968-12-10",12300,FALSE,NA,NA,"<= day","daily",NA,NA,NA
"1968-12-11",9200,FALSE,NA,NA,"<= day","daily",NA,NA,NA
"1968-12-12",7180,FALSE,NA,NA,"<= day","daily",NA,NA,NA
"1968-12-13",6100,FALSE,NA,NA,"<= day","daily",NA,NA,NA
"1968-12-14",5260,FALSE,NA,NA,"<= day","daily",NA,NA,NA
"1968-12-15",5040,FALSE,NA,NA,"<= day","daily",NA,NA,NA
"1968-12-16",4600,FALSE,NA,NA,"<= day","daily",NA,NA,NA
"1968-12-17",4240,FALSE,NA,NA,"<= day","daily",NA,NA,NA
"1968-12-18",13500,FALSE,NA,NA,"<= day","daily",NA,NA,NA
"1968-12-19",90700,FALSE,NA,NA,"<= day","daily",NA,NA,NA
"1968-12-20",50600,FALSE,NA,NA,"<= day","daily",NA,NA,NA
"1968-12-21",39300,FALSE,NA,NA,"<= day","daily",NA,NA,NA
"1968-12-22",37500,FALSE,NA,NA,"<= day","daily",NA,NA,NA
"1968-12-23",34800,FALSE,NA,NA,"<= day","daily",NA,NA,NA
"1968-12-24",31900,FALSE,NA,NA,"<= day","daily",NA,NA,NA
"1968-12-25",27700,FALSE,NA,NA,"<= day","daily",NA,NA,NA
"1968-12-26",25400,FALSE,NA,NA,"<= day","daily",NA,NA,NA
"1968-12-27",22100,FALSE,NA,NA,"<= day","daily",NA,NA,NA
"1968-12-28",18800,FALSE,NA,NA,"<= day","daily",NA,NA,NA
"1968-12-29",16100,FALSE,NA,NA,"<= day","daily",NA,NA,NA
"1968-12-30",13800,FALSE,NA,NA,"<= day","daily",NA,NA,NA
"1968-12-31",11800,FALSE,NA,NA,"<= day","daily",NA,NA,NA
"1969-01-01",9200,FALSE,NA,NA,"<= day","daily",NA,NA,NA
"1969-01-02",7420,FALSE,NA,NA,"<= day","daily",NA,NA,NA
"1969-01-03",6500,FALSE,NA,NA,"<= day","daily",NA,NA,NA
"1969-01-04",5700,FALSE,NA,NA,"<= day","daily",NA,NA,NA
"1969-01-05",5040,FALSE,NA,NA,"<= day","daily",NA,NA,NA
"1969-01-06",4420,FALSE,NA,NA,"<= day","daily",NA,NA,NA
"1969-01-07",3700,FALSE,NA,NA,"<= day","daily",NA,NA,NA
"1969-01-08",3160,FALSE,NA,NA,"<= day","daily",NA,NA,NA
"1969-01-09",2660,FALSE,NA,NA,"<= day","daily",NA,NA,NA
"1969-01-10",2380,FALSE,NA,NA,"<= day","daily",NA,NA,NA
"1969-01-11",2100,FALSE,NA,NA,"<= day","daily",NA,NA,NA
"1969-01-12",1860,FALSE,NA,NA,"<= day","daily",NA,NA,NA
"1969-01-13",1740,FALSE,NA,NA,"<= day","daily",NA,NA,NA
"1969-01-14",5260,FALSE,NA,NA,"<= day","daily",NA,NA,NA
"1969-01-15",25800,FALSE,NA,NA,"<= day","daily",NA,NA,NA
"1969-01-16",28500,FALSE,NA,NA,"<= day","daily",NA,NA,NA
"1969-01-17",26200,FALSE,NA,NA,"<= day","daily",NA,NA,NA
"1969-01-18",36100,FALSE,NA,NA,"<= day","daily",NA,NA,NA
"1969-01-19",29800,FALSE,NA,NA,"<= day","daily",NA,NA,NA
"1969-01-20",26200,FALSE,NA,NA,"<= day","daily",NA,NA,NA
"1969-01-21",22800,FALSE,NA,NA,"<= day","daily",NA,NA,NA
"1969-01-22",19500,FALSE,NA,NA,"<= day","daily",NA,NA,NA
"1969-01-23",16500,FALSE,NA,NA,"<= day","daily",NA,NA,NA
"1969-01-24",14500,FALSE,NA,NA,"<= day","daily",NA,NA,NA
"1969-01-25",12300,FALSE,NA,NA,"<= day","daily",NA,NA,NA
"1969-01-26",10600,FALSE,NA,NA,"<= day","daily",NA,NA,NA
"1969-01-27",8940,FALSE,NA,NA,"<= day","daily",NA,NA,NA
"1969-01-28",7660,FALSE,NA,NA,"<= day","daily",NA,NA,NA
"1969-01-29",8420,FALSE,NA,NA,"<= day","daily",NA,NA,NA
"1969-01-30",50600,FALSE,NA,NA,"<= day","daily",NA,NA,NA
"1969-01-31",36100,FALSE,NA,NA,"<= day","daily",NA,NA,NA
"1969-02-01",24700,FALSE,NA,NA,"<= day","daily",NA,NA,NA
"1969-02-02",22800,FALSE,NA,NA,"<= day","daily",NA,NA,NA
"1969-02-03",27700,FALSE,NA,NA,"<= day","daily",NA,NA,NA
"1969-02-04",40700,FALSE,NA,NA,"<= day","daily",NA,NA,NA
"1969-02-05",34000,FALSE,NA,NA,"<= day","daily",NA,NA,NA
"1969-02-06",28500,FALSE,NA,NA,"<= day","daily",NA,NA,NA
"1969-02-07",24700,FALSE,NA,NA,"<= day","daily",NA,NA,NA
"1969-02-08",25800,FALSE,NA,NA,"<= day","daily",NA,NA,NA
"1969-02-09",27700,FALSE,NA,NA,"<= day","daily",NA,NA,NA
"1969-02-10",24700,FALSE,NA,NA,"<= day","daily",NA,NA,NA
"1969-02-11",22100,FALSE,NA,NA,"<= day","daily",NA,NA,NA
"1969-02-12",19200,FALSE,NA,NA,"<= day","daily",NA,NA,NA
"1969-02-13",17500,FALSE,NA,NA,"<= day","daily",NA,NA,NA
"1969-02-14",28500,FALSE,NA,NA,"<= day","daily",NA,NA,NA
"1969-02-15",13500,FALSE,NA,NA,"<= day","daily",NA,NA,NA
"1969-02-16",12100,FALSE,NA,NA,"<= day","daily",NA,NA,NA
"1969-02-17",10300,FALSE,NA,NA,"<= day","daily",NA,NA,NA
"1969-02-18",9200,FALSE,NA,NA,"<= day","daily",NA,NA,NA
"1969-02-19",10600,FALSE,NA,NA,"<= day","daily",NA,NA,NA
"1969-02-20",23900,FALSE,NA,NA,"<= day","daily",NA,NA,NA
"1969-02-21",52500,FALSE,NA,NA,"<= day","daily",NA,NA,NA
"1969-02-22",59800,FALSE,NA,NA,"<= day","daily",NA,NA,NA
"1969-02-23",43900,FALSE,NA,NA,"<= day","daily",NA,NA,NA
"1969-02-24",45300,FALSE,NA,NA,"<= day","daily",NA,NA,NA
"1969-02-25",70300,FALSE,NA,NA,"<= day","daily",NA,NA,NA
"1969-02-26",52000,FALSE,NA,NA,"<= day","daily",NA,NA,NA
"1969-02-27",46200,FALSE,NA,NA,"<= day","daily",NA,NA,NA
"1969-02-28",43000,FALSE,NA,NA,"<= day","daily",NA,NA,NA
"1969-03-01",40700,FALSE,NA,NA,"<= day","daily",NA,NA,NA
"1969-03-02",36100,FALSE,NA,NA,"<= day","daily",NA,NA,NA
"1969-03-03",33600,FALSE,NA,NA,"<= day","daily",NA,NA,NA
"1969-03-04",31900,FALSE,NA,NA,"<= day","daily",NA,NA,NA
"1969-03-05",29800,FALSE,NA,NA,"<= day","daily",NA,NA,NA
"1969-03-06",26900,FALSE,NA,NA,"<= day","daily",NA,NA,NA
"1969-03-07",23900,FALSE,NA,NA,"<= day","daily",NA,NA,NA
"1969-03-08",22100,FALSE,NA,NA,"<= day","daily",NA,NA,NA
"1969-03-09",20200,FALSE,NA,NA,"<= day","daily",NA,NA,NA
"1969-03-10",19200,FALSE,NA,NA,"<= day","daily",NA,NA,NA
"1969-03-11",18500,FALSE,NA,NA,"<= day","daily",NA,NA,NA
"1969-03-12",17800,FALSE,NA,NA,"<= day","daily",NA,NA,NA
"1969-03-13",27700,FALSE,NA,NA,"<= day","daily",NA,NA,NA
"1969-03-14",70300,FALSE,NA,NA,"<= day","daily",NA,NA,NA
"1969-03-15",52000,FALSE,NA,NA,"<= day","daily",NA,NA,NA
"1969-03-16",63300,FALSE,NA,NA,"<= day","daily",NA,NA,NA
"1969-03-17",54300,FALSE,NA,NA,"<= day","daily",NA,NA,NA
"1969-03-18",49700,FALSE,NA,NA,"<= day","daily",NA,NA,NA
"1969-03-19",45300,FALSE,NA,NA,"<= day","daily",NA,NA,NA
"1969-03-20",45300,FALSE,NA,NA,"<= day","daily",NA,NA,NA
"1969-03-21",42100,FALSE,NA,NA,"<= day","daily",NA,NA,NA
"1969-03-22",38900,FALSE,NA,NA,"<= day","daily",NA,NA,NA
"1969-03-23",32700,FALSE,NA,NA,"<= day","daily",NA,NA,NA
"1969-03-24",30600,FALSE,NA,NA,"<= day","daily",NA,NA,NA
"1969-03-25",31100,FALSE,NA,NA,"<= day","daily",NA,NA,NA
"1969-03-26",27700,FALSE,NA,NA,"<= day","daily",NA,NA,NA
"1969-03-27",26900,FALSE,NA,NA,"<= day","daily",NA,NA,NA
"1969-03-28",23900,FALSE,NA,NA,"<= day","daily",NA,NA,NA
"1969-03-29",21700,FALSE,NA,NA,"<= day","daily",NA,NA,NA
"1969-03-30",18800,FALSE,NA,NA,"<= day","daily",NA,NA,NA
"1969-03-31",16800,FALSE,NA,NA,"<= day","daily",NA,NA,NA
"1969-04-01",15500,FALSE,NA,NA,"<= day","daily",NA,NA,NA
"1969-04-02",16100,FALSE,NA,NA,"<= day","daily",NA,NA,NA
"1969-04-03",18200,FALSE,NA,NA,"<= day","daily",NA,NA,NA
"1969-04-04",16100,FALSE,NA,NA,"<= day","daily",NA,NA,NA
"1969-04-05",14800,FALSE,NA,NA,"<= day","daily",NA,NA,NA
"1969-04-06",13500,FALSE,NA,NA,"<= day","daily",NA,NA,NA
"1969-04-07",15200,FALSE,NA,NA,"<= day","daily",NA,NA,NA
"1969-04-08",15200,FALSE,NA,NA,"<= day","daily",NA,NA,NA
"1969-04-09",15200,FALSE,NA,NA,"<= day","daily",NA,NA,NA
"1969-04-10",15200,FALSE,NA,NA,"<= day","daily",NA,NA,NA
"1969-04-11",14200,FALSE,NA,NA,"<= day","daily",NA,NA,NA
"1969-04-12",14200,FALSE,NA,NA,"<= day","daily",NA,NA,NA
"1969-04-13",14800,FALSE,NA,NA,"<= day","daily",NA,NA,NA
"1969-04-14",16800,FALSE,NA,NA,"<= day","daily",NA,NA,NA
"1969-04-15",20200,FALSE,NA,NA,"<= day","daily",NA,NA,NA
"1969-04-16",22100,FALSE,NA,NA,"<= day","daily",NA,NA,NA
"1969-04-17",21300,FALSE,NA,NA,"<= day","daily",NA,NA,NA
"1969-04-18",20200,FALSE,NA,NA,"<= day","daily",NA,NA,NA
"1969-04-19",18500,FALSE,NA,NA,"<= day","daily",NA,NA,NA
"1969-04-20",16800,FALSE,NA,NA,"<= day","daily",NA,NA,NA
"1969-04-21",16100,FALSE,NA,NA,"<= day","daily",NA,NA,NA
"1969-04-22",15200,FALSE,NA,NA,"<= day","daily",NA,NA,NA
"1969-04-23",27700,FALSE,NA,NA,"<= day","daily",NA,NA,NA
"1969-04-24",31100,FALSE,NA,NA,"<= day","daily",NA,NA,NA
"1969-04-25",27700,FALSE,NA,NA,"<= day","daily",NA,NA,NA
"1969-04-26",27700,FALSE,NA,NA,"<= day","daily",NA,NA,NA
"1969-04-27",27700,FALSE,NA,NA,"<= day","daily",NA,NA,NA
"1969-04-28",26900,FALSE,NA,NA,"<= day","daily",NA,NA,NA
"1969-04-29",25400,FALSE,NA,NA,"<= day","daily",NA,NA,NA
"1969-04-30",25400,FALSE,NA,NA,"<= day","daily",NA,NA,NA
"1969-05-01",23900,FALSE,NA,NA,"<= day","daily",NA,NA,NA
"1969-05-02",22800,FALSE,NA,NA,"<= day","daily",NA,NA,NA
"1969-05-03",20200,FALSE,NA,NA,"<= day","daily",NA,NA,NA
"1969-05-04",18800,FALSE,NA,NA,"<= day","daily",NA,NA,NA
"1969-05-05",17500,FALSE,NA,NA,"<= day","daily",NA,NA,NA
"1969-05-06",16800,FALSE,NA,NA,"<= day","daily",NA,NA,NA
"1969-05-07",16100,FALSE,NA,NA,"<= day","daily",NA,NA,NA
"1969-05-08",16800,FALSE,NA,NA,"<= day","daily",NA,NA,NA
"1969-05-09",15200,FALSE,NA,NA,"<= day","daily",NA,NA,NA
"1969-05-10",16800,FALSE,NA,NA,"<= day","daily",NA,NA,NA
"1969-05-11",20200,FALSE,NA,NA,"<= day","daily",NA,NA,NA
"1969-05-12",16800,FALSE,NA,NA,"<= day","daily",NA,NA,NA
"1969-05-13",13500,FALSE,NA,NA,"<= day","daily",NA,NA,NA
"1969-05-14",10600,FALSE,NA,NA,"<= day","daily",NA,NA,NA
"1969-05-15",9200,FALSE,NA,NA,"<= day","daily",NA,NA,NA
"1969-05-16",7900,FALSE,NA,NA,"<= day","daily",NA,NA,NA
"1969-05-17",6940,FALSE,NA,NA,"<= day","daily",NA,NA,NA
"1969-05-18",6700,FALSE,NA,NA,"<= day","daily",NA,NA,NA
"1969-05-19",9480,FALSE,NA,NA,"<= day","daily",NA,NA,NA
"1969-05-20",61900,FALSE,NA,NA,"<= day","daily",NA,NA,NA
"1969-05-21",52000,FALSE,NA,NA,"<= day","daily",NA,NA,NA
"1969-05-22",34800,FALSE,NA,NA,"<= day","daily",NA,NA,NA
"1969-05-23",31900,FALSE,NA,NA,"<= day","daily",NA,NA,NA
"1969-05-24",29400,FALSE,NA,NA,"<= day","daily",NA,NA,NA
"1969-05-25",26600,FALSE,NA,NA,"<= day","daily",NA,NA,NA
"1969-05-26",23900,FALSE,NA,NA,"<= day","daily",NA,NA,NA
"1969-05-27",22800,FALSE,NA,NA,"<= day","daily",NA,NA,NA
"1969-05-28",20200,FALSE,NA,NA,"<= day","daily",NA,NA,NA
"1969-05-29",18200,FALSE,NA,NA,"<= day","daily",NA,NA,NA
"1969-05-30",15500,FALSE,NA,NA,"<= day","daily",NA,NA,NA
"1969-05-31",13500,FALSE,NA,NA,"<= day","daily",NA,NA,NA
"1969-06-01",11800,FALSE,NA,NA,"<= day","daily",NA,NA,NA
"1969-06-02",10300,FALSE,NA,NA,"<= day","daily",NA,NA,NA
"1969-06-03",8940,FALSE,NA,NA,"<= day","daily",NA,NA,NA
"1969-06-04",7900,FALSE,NA,NA,"<= day","daily",NA,NA,NA
"1969-06-05",19200,FALSE,NA,NA,"<= day","daily",NA,NA,NA
"1969-06-06",31900,FALSE,NA,NA,"<= day","daily",NA,NA,NA
"1969-06-07",31900,FALSE,NA,NA,"<= day","daily",NA,NA,NA
"1969-06-08",34400,FALSE,NA,NA,"<= day","daily",NA,NA,NA
"1969-06-09",29800,FALSE,NA,NA,"<= day","daily",NA,NA,NA
"1969-06-10",22400,FALSE,NA,NA,"<= day","daily",NA,NA,NA
"1969-06-11",20200,FALSE,NA,NA,"<= day","daily",NA,NA,NA
"1969-06-12",18800,FALSE,NA,NA,"<= day","daily",NA,NA,NA
"1969-06-13",19500,FALSE,NA,NA,"<= day","daily",NA,NA,NA
"1969-06-14",20200,FALSE,NA,NA,"<= day","daily",NA,NA,NA
"1969-06-15",20200,FALSE,NA,NA,"<= day","daily",NA,NA,NA
"1969-06-16",20200,FALSE,NA,NA,"<= day","daily",NA,NA,NA
"1969-06-17",20200,FALSE,NA,NA,"<= day","daily",NA,NA,NA
"1969-06-18",20200,FALSE,NA,NA,"<= day","daily",NA,NA,NA
"1969-06-19",19200,FALSE,NA,NA,"<= day","daily",NA,NA,NA
"1969-06-20",18200,FALSE,NA,NA,"<= day","daily",NA,NA,NA
"1969-06-21",19200,FALSE,NA,NA,"<= day","daily",NA,NA,NA
"1969-06-22",16800,FALSE,NA,NA,"<= day","daily",NA,NA,NA
"1969-06-23",15200,FALSE,NA,NA,"<= day","daily",NA,NA,NA
"1969-06-24",12900,FALSE,NA,NA,"<= day","daily",NA,NA,NA
"1969-06-25",11200,FALSE,NA,NA,"<= day","daily",NA,NA,NA
"1969-06-26",9480,FALSE,NA,NA,"<= day","daily",NA,NA,NA
"1969-06-27",7900,FALSE,NA,NA,"<= day","daily",NA,NA,NA
"1969-06-28",6940,FALSE,NA,NA,"<= day","daily",NA,NA,NA
"1969-06-29",6300,FALSE,NA,NA,"<= day","daily",NA,NA,NA
"1969-06-30",5700,FALSE,NA,NA,"<= day","daily",NA,NA,NA
"1969-07-01",5260,FALSE,NA,NA,"<= day","daily",NA,NA,NA
"1969-07-02",4600,FALSE,NA,NA,"<= day","daily",NA,NA,NA
"1969-07-03",4600,FALSE,NA,NA,"<= day","daily",NA,NA,NA
"1969-07-04",3160,FALSE,NA,NA,"<= day","daily",NA,NA,NA
"1969-07-05",2800,FALSE,NA,NA,"<= day","daily",NA,NA,NA
"1969-07-06",2380,FALSE,NA,NA,"<= day","daily",NA,NA,NA
"1969-07-07",1980,FALSE,NA,NA,"<= day","daily",NA,NA,NA
"1969-07-08",1860,FALSE,NA,NA,"<= day","daily",NA,NA,NA
"1969-07-09",5260,FALSE,NA,NA,"<= day","daily",NA,NA,NA
"1969-07-10",4060,FALSE,NA,NA,"<= day","daily",NA,NA,NA
"1969-07-11",6940,FALSE,NA,NA,"<= day","daily",NA,NA,NA
"1969-07-12",5040,FALSE,NA,NA,"<= day","daily",NA,NA,NA
"1969-07-13",3880,FALSE,NA,NA,"<= day","daily",NA,NA,NA
"1969-07-14",3880,FALSE,NA,NA,"<= day","daily",NA,NA,NA
"1969-07-15",3700,FALSE,NA,NA,"<= day","daily",NA,NA,NA
"1969-07-16",3340,FALSE,NA,NA,"<= day","daily",NA,NA,NA
"1969-07-17",2980,FALSE,NA,NA,"<= day","daily",NA,NA,NA
"1969-07-18",2800,FALSE,NA,NA,"<= day","daily",NA,NA,NA
"1969-07-19",2100,FALSE,NA,NA,"<= day","daily",NA,NA,NA
"1969-07-20",1980,FALSE,NA,NA,"<= day","daily",NA,NA,NA
"1969-07-21",1500,FALSE,NA,NA,"<= day","daily",NA,NA,NA
"1969-07-22",1100,FALSE,NA,NA,"<= day","daily",NA,NA,NA
"1969-07-23",1000,FALSE,NA,NA,"<= day","daily",NA,NA,NA
"1969-07-24",760,FALSE,NA,NA,"<= day","daily",NA,NA,NA
"1969-07-25",520,FALSE,NA,NA,"<= day","daily",NA,NA,NA
"1969-07-26",300,FALSE,NA,NA,"<= day","daily",NA,NA,NA
"1969-07-27",200,FALSE,NA,NA,"<= day","daily",NA,NA,NA
"1969-07-28",170,FALSE,NA,NA,"<= day","daily",NA,NA,NA
"1969-07-29",140,FALSE,NA,NA,"<= day","daily",NA,NA,NA
"1969-07-30",100,FALSE,NA,NA,"<= day","daily",NA,NA,NA
"1969-07-31",90,FALSE,NA,NA,"<= day","daily",NA,NA,NA
"1969-08-01",70,FALSE,NA,NA,"<= day","daily",NA,NA,NA
"1969-08-02",70,FALSE,NA,NA,"<= day","daily",NA,NA,NA
"1969-08-03",70,FALSE,NA,NA,"<= day","daily",NA,NA,NA
"1969-08-04",70,FALSE,NA,NA,"<= day","daily",NA,NA,NA
"1969-08-05",60,FALSE,NA,NA,"<= day","daily",NA,NA,NA
"1969-08-06",50,FALSE,NA,NA,"<= day","daily",NA,NA,NA
"1969-08-07",0,FALSE,NA,NA,"<= day","daily",NA,NA,NA
"1969-08-08",0,FALSE,NA,NA,"<= day","daily",NA,NA,NA
"1969-08-09",0,FALSE,NA,NA,"<= day","daily",NA,NA,NA
"1969-08-10",0,FALSE,NA,NA,"<= day","daily",NA,NA,NA
"1969-08-11",0,FALSE,NA,NA,"<= day","daily",NA,NA,NA
"1969-08-12",0,FALSE,NA,NA,"<= day","daily",NA,NA,NA
"1969-08-13",0,FALSE,NA,NA,"<= day","daily",NA,NA,NA
"1969-08-14",0,FALSE,NA,NA,"<= day","daily",NA,NA,NA
"1969-08-15",0,FALSE,NA,NA,"<= day","daily",NA,NA,NA
"1969-08-16",0,FALSE,NA,NA,"<= day","daily",NA,NA,NA
"1969-08-17",160,FALSE,NA,NA,"<= day","daily",NA,NA,NA
"1969-08-18",2100,FALSE,NA,NA,"<= day","daily",NA,NA,NA
"1969-08-19",940,FALSE,NA,NA,"<= day","daily",NA,NA,NA
"1969-08-20",360,FALSE,NA,NA,"<= day","daily",NA,NA,NA
"1969-08-21",170,FALSE,NA,NA,"<= day","daily",NA,NA,NA
"1969-08-22",1200,FALSE,NA,NA,"<= day","daily",NA,NA,NA
"1969-08-23",31900,FALSE,NA,NA,"<= day","daily",NA,NA,NA
"1969-08-24",20900,FALSE,NA,NA,"<= day","daily",NA,NA,NA
"1969-08-25",32700,FALSE,NA,NA,"<= day","daily",NA,NA,NA
"1969-08-26",38900,FALSE,NA,NA,"<= day","daily",NA,NA,NA
"1969-08-27",32700,FALSE,NA,NA,"<= day","daily",NA,NA,NA
"1969-08-28",37000,FALSE,NA,NA,"<= day","daily",NA,NA,NA
"1969-08-29",35300,FALSE,NA,NA,"<= day","daily",NA,NA,NA
"1969-08-30",31100,FALSE,NA,NA,"<= day","daily",NA,NA,NA
"1969-08-31",28500,FALSE,NA,NA,"<= day","daily",NA,NA,NA
"1969-09-01",23900,FALSE,NA,NA,"<= day","daily",NA,NA,NA
"1969-09-02",20200,FALSE,NA,NA,"<= day","daily",NA,NA,NA
"1969-09-03",17500,FALSE,NA,NA,"<= day","daily",NA,NA,NA
"1969-09-04",15800,FALSE,NA,NA,"<= day","daily",NA,NA,NA
"1969-09-05",18200,FALSE,NA,NA,"<= day","daily",NA,NA,NA
"1969-09-06",31900,FALSE,NA,NA,"<= day","daily",NA,NA,NA
"1969-09-07",19500,FALSE,NA,NA,"<= day","daily",NA,NA,NA
"1969-09-08",16100,FALSE,NA,NA,"<= day","daily",NA,NA,NA
"1969-09-09",13500,FALSE,NA,NA,"<= day","daily",NA,NA,NA
"1969-09-10",12100,FALSE,NA,NA,"<= day","daily",NA,NA,NA
"1969-09-11",10600,FALSE,NA,NA,"<= day","daily",NA,NA,NA
"1969-09-12",9200,FALSE,NA,NA,"<= day","daily",NA,NA,NA
"1969-09-13",7900,FALSE,NA,NA,"<= day","daily",NA,NA,NA
"1969-09-14",12600,FALSE,NA,NA,"<= day","daily",NA,NA,NA
"1969-09-15",47500,FALSE,NA,NA,"<= day","daily",NA,NA,NA
"1969-09-16",59800,FALSE,NA,NA,"<= day","daily",NA,NA,NA
"1969-09-17",37000,FALSE,NA,NA,"<= day","daily",NA,NA,NA
"1969-09-18",35300,FALSE,NA,NA,"<= day","daily",NA,NA,NA
"1969-09-19",37500,FALSE,NA,NA,"<= day","daily",NA,NA,NA
"1969-09-20",34000,FALSE,NA,NA,"<= day","daily",NA,NA,NA
"1969-09-21",29800,FALSE,NA,NA,"<= day","daily",NA,NA,NA
"1969-09-22",25400,FALSE,NA,NA,"<= day","daily",NA,NA,NA
"1969-09-23",23200,FALSE,NA,NA,"<= day","daily",NA,NA,NA
"1969-09-24",20200,FALSE,NA,NA,"<= day","daily",NA,NA,NA
"1969-09-25",18200,FALSE,NA,NA,"<= day","daily",NA,NA,NA
"1969-09-26",15500,FALSE,NA,NA,"<= day","daily",NA,NA,NA
"1969-09-27",13500,FALSE,NA,NA,"<= day","daily",NA,NA,NA
"1969-09-28",11200,FALSE,NA,NA,"<= day","daily",NA,NA,NA
"1969-09-29",9760,FALSE,NA,NA,"<= day","daily",NA,NA,NA
"1969-09-30",7900,FALSE,NA,NA,"<= day","daily",NA,NA,NA
"1969-10-01",6940,FALSE,NA,NA,"<= day","daily",NA,NA,NA
"1969-10-02",7900,FALSE,NA,NA,"<= day","daily",NA,NA,NA
"1969-10-03",6500,FALSE,NA,NA,"<= day","daily",NA,NA,NA
"1969-10-04",5700,FALSE,NA,NA,"<= day","daily",NA,NA,NA
"1969-10-05",4420,FALSE,NA,NA,"<= day","daily",NA,NA,NA
"1969-10-06",3700,FALSE,NA,NA,"<= day","daily",NA,NA,NA
"1969-10-07",3340,FALSE,NA,NA,"<= day","daily",NA,NA,NA
"1969-10-08",2800,FALSE,NA,NA,"<= day","daily",NA,NA,NA
"1969-10-09",2380,FALSE,NA,NA,"<= day","daily",NA,NA,NA
"1969-10-10",2100,FALSE,NA,NA,"<= day","daily",NA,NA,NA
"1969-10-11",1860,FALSE,NA,NA,"<= day","daily",NA,NA,NA
"1969-10-12",1740,FALSE,NA,NA,"<= day","daily",NA,NA,NA
"1969-10-13",1620,FALSE,NA,NA,"<= day","daily",NA,NA,NA
"1969-10-14",1500,FALSE,NA,NA,"<= day","daily",NA,NA,NA
"1969-10-15",1400,FALSE,NA,NA,"<= day","daily",NA,NA,NA
"1969-10-16",1400,FALSE,NA,NA,"<= day","daily",NA,NA,NA
"1969-10-17",1300,FALSE,NA,NA,"<= day","daily",NA,NA,NA
"1969-10-18",1000,FALSE,NA,NA,"<= day","daily",NA,NA,NA
"1969-10-19",1000,FALSE,NA,NA,"<= day","daily",NA,NA,NA
"1969-10-20",880,FALSE,NA,NA,"<= day","daily",NA,NA,NA
"1969-10-21",880,FALSE,NA,NA,"<= day","daily",NA,NA,NA
"1969-10-22",820,FALSE,NA,NA,"<= day","daily",NA,NA,NA
"1969-10-23",640,FALSE,NA,NA,"<= day","daily",NA,NA,NA
"1969-10-24",400,FALSE,NA,NA,"<= day","daily",NA,NA,NA
"1969-10-25",400,FALSE,NA,NA,"<= day","daily",NA,NA,NA
"1969-10-26",240,FALSE,NA,NA,"<= day","daily",NA,NA,NA
"1969-10-27",160,FALSE,NA,NA,"<= day","daily",NA,NA,NA
"1969-10-28",120,FALSE,NA,NA,"<= day","daily",NA,NA,NA
"1969-10-29",90,FALSE,NA,NA,"<= day","daily",NA,NA,NA
"1969-10-30",70,FALSE,NA,NA,"<= day","daily",NA,NA,NA
"1969-10-31",60,FALSE,NA,NA,"<= day","daily",NA,NA,NA
"1969-11-01",50,FALSE,NA,NA,"<= day","daily",NA,NA,NA
"1969-11-02",50,FALSE,NA,NA,"<= day","daily",NA,NA,NA
"1969-11-03",0,FALSE,NA,NA,"<= day","daily",NA,NA,NA
"1969-11-04",0,FALSE,NA,NA,"<= day","daily",NA,NA,NA
"1969-11-05",0,FALSE,NA,NA,"<= day","daily",NA,NA,NA
"1969-11-06",0,FALSE,NA,NA,"<= day","daily",NA,NA,NA
"1969-11-07",0,FALSE,NA,NA,"<= day","daily",NA,NA,NA
"1969-11-08",0,FALSE,NA,NA,"<= day","daily",NA,NA,NA
"1969-11-09",3340,FALSE,NA,NA,"<= day","daily",NA,NA,NA
"1969-11-10",3520,FALSE,NA,NA,"<= day","daily",NA,NA,NA
"1969-11-11",3700,FALSE,NA,NA,"<= day","daily",NA,NA,NA
"1969-11-12",2980,FALSE,NA,NA,"<= day","daily",NA,NA,NA
"1969-11-13",3340,FALSE,NA,NA,"<= day","daily",NA,NA,NA
"1969-11-14",23900,FALSE,NA,NA,"<= day","daily",NA,NA,NA
"1969-11-15",61600,FALSE,NA,NA,"<= day","daily",NA,NA,NA
"1969-11-16",34000,FALSE,NA,NA,"<= day","daily",NA,NA,NA
"1969-11-17",28100,FALSE,NA,NA,"<= day","daily",NA,NA,NA
"1969-11-18",32700,FALSE,NA,NA,"<= day","daily",NA,NA,NA
"1969-11-19",43000,FALSE,NA,NA,"<= day","daily",NA,NA,NA
"1969-11-20",39800,FALSE,NA,NA,"<= day","daily",NA,NA,NA
"1969-11-21",40700,FALSE,NA,NA,"<= day","daily",NA,NA,NA
"1969-11-22",43500,FALSE,NA,NA,"<= day","daily",NA,NA,NA
"1969-11-23",47100,FALSE,NA,NA,"<= day","daily",NA,NA,NA
"1969-11-24",49700,FALSE,NA,NA,"<= day","daily",NA,NA,NA
"1969-11-25",64700,FALSE,NA,NA,"<= day","daily",NA,NA,NA
"1969-11-26",81700,FALSE,NA,NA,"<= day","daily",NA,NA,NA
"1969-11-27",73400,FALSE,NA,NA,"<= day","daily",NA,NA,NA
"1969-11-28",57100,FALSE,NA,NA,"<= day","daily",NA,NA,NA
"1969-11-29",52000,FALSE,NA,NA,"<= day","daily",NA,NA,NA
"1969-11-30",50600,FALSE,NA,NA,"<= day","daily",NA,NA,NA
"1969-12-01",48400,FALSE,NA,NA,"<= day","daily",NA,NA,NA
"1969-12-02",45300,FALSE,NA,NA,"<= day","daily",NA,NA,NA
"1969-12-03",43900,FALSE,NA,NA,"<= day","daily",NA,NA,NA
"1969-12-04",43000,FALSE,NA,NA,"<= day","daily",NA,NA,NA
"1969-12-05",43000,FALSE,NA,NA,"<= day","daily",NA,NA,NA
"1969-12-06",36100,FALSE,NA,NA,"<= day","daily",NA,NA,NA
"1969-12-07",29800,FALSE,NA,NA,"<= day","daily",NA,NA,NA
"1969-12-08",25800,FALSE,NA,NA,"<= day","daily",NA,NA,NA
"1969-12-09",23200,FALSE,NA,NA,"<= day","daily",NA,NA,NA
"1969-12-10",20900,FALSE,NA,NA,"<= day","daily",NA,NA,NA
"1969-12-11",19500,FALSE,NA,NA,"<= day","daily",NA,NA,NA
"1969-12-12",18500,FALSE,NA,NA,"<= day","daily",NA,NA,NA
"1969-12-13",17500,FALSE,NA,NA,"<= day","daily",NA,NA,NA
"1969-12-14",16100,FALSE,NA,NA,"<= day","daily",NA,NA,NA
"1969-12-15",14800,FALSE,NA,NA,"<= day","daily",NA,NA,NA
"1969-12-16",13800,FALSE,NA,NA,"<= day","daily",NA,NA,NA
"1969-12-17",13500,FALSE,NA,NA,"<= day","daily",NA,NA,NA
"1969-12-18",15200,FALSE,NA,NA,"<= day","daily",NA,NA,NA
"1969-12-19",20200,FALSE,NA,NA,"<= day","daily",NA,NA,NA
"1969-12-20",26900,FALSE,NA,NA,"<= day","daily",NA,NA,NA
"1969-12-21",20200,FALSE,NA,NA,"<= day","daily",NA,NA,NA
"1969-12-22",17500,FALSE,NA,NA,"<= day","daily",NA,NA,NA
"1969-12-23",15800,FALSE,NA,NA,"<= day","daily",NA,NA,NA
"1969-12-24",14200,FALSE,NA,NA,"<= day","daily",NA,NA,NA
"1969-12-25",13500,FALSE,NA,NA,"<= day","daily",NA,NA,NA
"1969-12-26",12300,FALSE,NA,NA,"<= day","daily",NA,NA,NA
"1969-12-27",11200,FALSE,NA,NA,"<= day","daily",NA,NA,NA
"1969-12-28",10600,FALSE,NA,NA,"<= day","daily",NA,NA,NA
"1969-12-29",9760,FALSE,NA,NA,"<= day","daily",NA,NA,NA
"1969-12-30",9200,FALSE,NA,NA,"<= day","daily",NA,NA,NA
"1969-12-31",8420,FALSE,NA,NA,"<= day","daily",NA,NA,NA
"1972-01-01",8420,FALSE,NA,NA,"<= day","daily",NA,NA,NA
"1972-01-02",6700,FALSE,NA,NA,"<= day","daily",NA,NA,NA
"1972-01-03",6100,FALSE,NA,NA,"<= day","daily",NA,NA,NA
"1972-01-04",6940,FALSE,NA,NA,"<= day","daily",NA,NA,NA
"1972-01-05",13200,FALSE,NA,NA,"<= day","daily",NA,NA,NA
"1972-01-06",13800,FALSE,NA,NA,"<= day","daily",NA,NA,NA
"1972-01-07",13500,FALSE,NA,NA,"<= day","daily",NA,NA,NA
"1972-01-08",12100,FALSE,NA,NA,"<= day","daily",NA,NA,NA
"1972-01-09",10900,FALSE,NA,NA,"<= day","daily",NA,NA,NA
"1972-01-10",10900,FALSE,NA,NA,"<= day","daily",NA,NA,NA
"1972-01-11",14200,FALSE,NA,NA,"<= day","daily",NA,NA,NA
"1972-01-12",16100,FALSE,NA,NA,"<= day","daily",NA,NA,NA
"1972-01-13",14800,FALSE,NA,NA,"<= day","daily",NA,NA,NA
"1972-01-14",12300,FALSE,NA,NA,"<= day","daily",NA,NA,NA
"1972-01-15",9760,FALSE,NA,NA,"<= day","daily",NA,NA,NA
"1972-01-16",8680,FALSE,NA,NA,"<= day","daily",NA,NA,NA
"1972-01-17",7900,FALSE,NA,NA,"<= day","daily",NA,NA,NA
"1972-01-18",6940,FALSE,NA,NA,"<= day","daily",NA,NA,NA
"1972-01-19",6100,FALSE,NA,NA,"<= day","daily",NA,NA,NA
"1972-01-20",5900,FALSE,NA,NA,"<= day","daily",NA,NA,NA
"1972-01-21",5480,FALSE,NA,NA,"<= day","daily",NA,NA,NA
"1972-01-22",5040,FALSE,NA,NA,"<= day","daily",NA,NA,NA
"1972-01-23",4600,FALSE,NA,NA,"<= day","daily",NA,NA,NA
"1972-01-24",3880,FALSE,NA,NA,"<= day","daily",NA,NA,NA
"1972-01-25",3340,FALSE,NA,NA,"<= day","daily",NA,NA,NA
"1972-01-26",2800,FALSE,NA,NA,"<= day","daily",NA,NA,NA
"1972-01-27",2660,FALSE,NA,NA,"<= day","daily",NA,NA,NA
"1972-01-28",2380,FALSE,NA,NA,"<= day","daily",NA,NA,NA
"1972-01-29",2240,FALSE,NA,NA,"<= day","daily",NA,NA,NA
"1972-01-30",2240,FALSE,NA,NA,"<= day","daily",NA,NA,NA
"1972-01-31",2100,FALSE,NA,NA,"<= day","daily",NA,NA,NA
"1972-02-01",1980,FALSE,NA,NA,"<= day","daily",NA,NA,NA
"1972-02-02",1860,FALSE,NA,NA,"<= day","daily",NA,NA,NA
"1972-02-03",1860,FALSE,NA,NA,"<= day","daily",NA,NA,NA
"1972-02-04",1740,FALSE,NA,NA,"<= day","daily",NA,NA,NA
"1972-02-05",1620,FALSE,NA,NA,"<= day","daily",NA,NA,NA
"1972-02-06",1620,FALSE,NA,NA,"<= day","daily",NA,NA,NA
"1972-02-07",1860,FALSE,NA,NA,"<= day","daily",NA,NA,NA
"1972-02-08",6940,FALSE,NA,NA,"<= day","daily",NA,NA,NA
"1972-02-09",23900,FALSE,NA,NA,"<= day","daily",NA,NA,NA
"1972-02-10",22800,FALSE,NA,NA,"<= day","daily",NA,NA,NA
"1972-02-11",28500,FALSE,NA,NA,"<= day","daily",NA,NA,NA
"1972-02-12",24700,FALSE,NA,NA,"<= day","daily",NA,NA,NA
"1972-02-13",34400,FALSE,NA,NA,"<= day","daily",NA,NA,NA
"1972-02-14",36100,FALSE,NA,NA,"<= day","daily",NA,NA,NA
"1972-02-15",22800,FALSE,NA,NA,"<= day","daily",NA,NA,NA
"1972-02-16",20200,FALSE,NA,NA,"<= day","daily",NA,NA,NA
"1972-02-17",17800,FALSE,NA,NA,"<= day","daily",NA,NA,NA
"1972-02-18",16100,FALSE,NA,NA,"<= day","daily",NA,NA,NA
"1972-02-19",16100,FALSE,NA,NA,"<= day","daily",NA,NA,NA
"1972-02-20",35700,FALSE,NA,NA,"<= day","daily",NA,NA,NA
"1972-02-21",30200,FALSE,NA,NA,"<= day","daily",NA,NA,NA
"1972-02-22",23900,FALSE,NA,NA,"<= day","daily",NA,NA,NA
"1972-02-23",22800,FALSE,NA,NA,"<= day","daily",NA,NA,NA
"1972-02-24",20600,FALSE,NA,NA,"<= day","daily",NA,NA,NA
"1972-02-25",19500,FALSE,NA,NA,"<= day","daily",NA,NA,NA
"1972-02-26",24300,FALSE,NA,NA,"<= day","daily",NA,NA,NA
"1972-02-27",21700,FALSE,NA,NA,"<= day","daily",NA,NA,NA
"1972-02-28",22100,FALSE,NA,NA,"<= day","daily",NA,NA,NA
"1972-02-29",25800,FALSE,NA,NA,"<= day","daily",NA,NA,NA
"1972-03-01",25000,FALSE,NA,NA,"<= day","daily",NA,NA,NA
"1972-03-02",22100,FALSE,NA,NA,"<= day","daily",NA,NA,NA
"1972-03-03",20200,FALSE,NA,NA,"<= day","daily",NA,NA,NA
"1972-03-04",18800,FALSE,NA,NA,"<= day","daily",NA,NA,NA
"1972-03-05",17500,FALSE,NA,NA,"<= day","daily",NA,NA,NA
"1972-03-06",45300,FALSE,NA,NA,"<= day","daily",NA,NA,NA
"1972-03-07",45300,FALSE,NA,NA,"<= day","daily",NA,NA,NA
"1972-03-08",49700,FALSE,NA,NA,"<= day","daily",NA,NA,NA
"1972-03-09",70700,FALSE,NA,NA,"<= day","daily",NA,NA,NA
"1972-03-10",50600,FALSE,NA,NA,"<= day","daily",NA,NA,NA
"1972-03-11",39800,FALSE,NA,NA,"<= day","daily",NA,NA,NA
"1972-03-12",34400,FALSE,NA,NA,"<= day","daily",NA,NA,NA
"1972-03-13",31100,FALSE,NA,NA,"<= day","daily",NA,NA,NA
"1972-03-14",29000,FALSE,NA,NA,"<= day","daily",NA,NA,NA
"1972-03-15",27300,FALSE,NA,NA,"<= day","daily",NA,NA,NA
"1972-03-16",26200,FALSE,NA,NA,"<= day","daily",NA,NA,NA
"1972-03-17",25000,FALSE,NA,NA,"<= day","daily",NA,NA,NA
"1972-03-18",24700,FALSE,NA,NA,"<= day","daily",NA,NA,NA
"1972-03-19",23500,FALSE,NA,NA,"<= day","daily",NA,NA,NA
"1972-03-20",22800,FALSE,NA,NA,"<= day","daily",NA,NA,NA
"1972-03-21",21700,FALSE,NA,NA,"<= day","daily",NA,NA,NA
"1972-03-22",20200,FALSE,NA,NA,"<= day","daily",NA,NA,NA
"1972-03-23",19500,FALSE,NA,NA,"<= day","daily",NA,NA,NA
"1972-03-24",18200,FALSE,NA,NA,"<= day","daily",NA,NA,NA
"1972-03-25",16100,FALSE,NA,NA,"<= day","daily",NA,NA,NA
"1972-03-26",15200,FALSE,NA,NA,"<= day","daily",NA,NA,NA
"1972-03-27",14500,FALSE,NA,NA,"<= day","daily",NA,NA,NA
"1972-03-28",14200,FALSE,NA,NA,"<= day","daily",NA,NA,NA
"1972-03-29",13500,FALSE,NA,NA,"<= day","daily",NA,NA,NA
"1972-03-30",12900,FALSE,NA,NA,"<= day","daily",NA,NA,NA
"1972-03-31",12100,FALSE,NA,NA,"<= day","daily",NA,NA,NA
"1972-04-01",11800,FALSE,NA,NA,"<= day","daily",NA,NA,NA
"1972-04-02",11200,FALSE,NA,NA,"<= day","daily",NA,NA,NA
"1972-04-03",10900,FALSE,NA,NA,"<= day","daily",NA,NA,NA
"1972-04-04",10600,FALSE,NA,NA,"<= day","daily",NA,NA,NA
"1972-04-05",10300,FALSE,NA,NA,"<= day","daily",NA,NA,NA
"1972-04-06",23200,FALSE,NA,NA,"<= day","daily",NA,NA,NA
"1972-04-07",21700,FALSE,NA,NA,"<= day","daily",NA,NA,NA
"1972-04-08",16500,FALSE,NA,NA,"<= day","daily",NA,NA,NA
"1972-04-09",14800,FALSE,NA,NA,"<= day","daily",NA,NA,NA
"1972-04-10",29800,FALSE,NA,NA,"<= day","daily",NA,NA,NA
"1972-04-11",22400,FALSE,NA,NA,"<= day","daily",NA,NA,NA
"1972-04-12",20900,FALSE,NA,NA,"<= day","daily",NA,NA,NA
"1972-04-13",23500,FALSE,NA,NA,"<= day","daily",NA,NA,NA
"1972-04-14",22400,FALSE,NA,NA,"<= day","daily",NA,NA,NA
"1972-04-15",20200,FALSE,NA,NA,"<= day","daily",NA,NA,NA
"1972-04-16",18800,FALSE,NA,NA,"<= day","daily",NA,NA,NA
"1972-04-17",31900,FALSE,NA,NA,"<= day","daily",NA,NA,NA
"1972-04-18",31100,FALSE,NA,NA,"<= day","daily",NA,NA,NA
"1972-04-19",29400,FALSE,NA,NA,"<= day","daily",NA,NA,NA
"1972-04-20",27700,FALSE,NA,NA,"<= day","daily",NA,NA,NA
"1972-04-21",26900,FALSE,NA,NA,"<= day","daily",NA,NA,NA
"1972-04-22",29400,FALSE,NA,NA,"<= day","daily",NA,NA,NA
"1972-04-23",35300,FALSE,NA,NA,"<= day","daily",NA,NA,NA
"1972-04-24",31900,FALSE,NA,NA,"<= day","daily",NA,NA,NA
"1972-04-25",30600,FALSE,NA,NA,"<= day","daily",NA,NA,NA
"1972-04-26",29800,FALSE,NA,NA,"<= day","daily",NA,NA,NA
"1972-04-27",26900,FALSE,NA,NA,"<= day","daily",NA,NA,NA
"1972-04-28",25000,FALSE,NA,NA,"<= day","daily",NA,NA,NA
"1972-04-29",23200,FALSE,NA,NA,"<= day","daily",NA,NA,NA
"1972-04-30",22100,FALSE,NA,NA,"<= day","daily",NA,NA,NA
"1972-05-01",20600,FALSE,NA,NA,"<= day","daily",NA,NA,NA
"1972-05-02",19200,FALSE,NA,NA,"<= day","daily",NA,NA,NA
"1972-05-03",17800,FALSE,NA,NA,"<= day","daily",NA,NA,NA
"1972-05-04",17100,FALSE,NA,NA,"<= day","daily",NA,NA,NA
"1972-05-05",21700,FALSE,NA,NA,"<= day","daily",NA,NA,NA
"1972-05-06",19500,FALSE,NA,NA,"<= day","daily",NA,NA,NA
"1972-05-07",18200,FALSE,NA,NA,"<= day","daily",NA,NA,NA
"1972-05-08",16800,FALSE,NA,NA,"<= day","daily",NA,NA,NA
"1972-05-09",15200,FALSE,NA,NA,"<= day","daily",NA,NA,NA
"1972-05-10",14200,FALSE,NA,NA,"<= day","daily",NA,NA,NA
"1972-05-11",17500,FALSE,NA,NA,"<= day","daily",NA,NA,NA
"1972-05-12",19500,FALSE,NA,NA,"<= day","daily",NA,NA,NA
"1972-05-13",18800,FALSE,NA,NA,"<= day","daily",NA,NA,NA
"1972-05-14",29000,FALSE,NA,NA,"<= day","daily",NA,NA,NA
"1972-05-15",49700,FALSE,NA,NA,"<= day","daily",NA,NA,NA
"1972-05-16",99300,FALSE,NA,NA,"<= day","daily",NA,NA,NA
"1972-05-17",95200,FALSE,NA,NA,"<= day","daily",NA,NA,NA
"1972-05-18",67100,FALSE,NA,NA,"<= day","daily",NA,NA,NA
"1972-05-19",58700,FALSE,NA,NA,"<= day","daily",NA,NA,NA
"1972-05-20",63300,FALSE,NA,NA,"<= day","daily",NA,NA,NA
"1972-05-21",63300,FALSE,NA,NA,"<= day","daily",NA,NA,NA
"1972-05-22",54300,FALSE,NA,NA,"<= day","daily",NA,NA,NA
"1972-05-23",51500,FALSE,NA,NA,"<= day","daily",NA,NA,NA
"1972-05-24",49700,FALSE,NA,NA,"<= day","daily",NA,NA,NA
"1972-05-25",47900,FALSE,NA,NA,"<= day","daily",NA,NA,NA
"1972-05-26",46600,FALSE,NA,NA,"<= day","daily",NA,NA,NA
"1972-05-27",45300,FALSE,NA,NA,"<= day","daily",NA,NA,NA
"1972-05-28",38400,FALSE,NA,NA,"<= day","daily",NA,NA,NA
"1972-05-29",30200,FALSE,NA,NA,"<= day","daily",NA,NA,NA
"1972-05-30",28500,FALSE,NA,NA,"<= day","daily",NA,NA,NA
"1972-05-31",25800,FALSE,NA,NA,"<= day","daily",NA,NA,NA
"1972-06-01",34800,FALSE,NA,NA,"<= day","daily",NA,NA,NA
"1972-06-02",38900,FALSE,NA,NA,"<= day","daily",NA,NA,NA
"1972-06-03",48400,FALSE,NA,NA,"<= day","daily",NA,NA,NA
"1972-06-04",34400,FALSE,NA,NA,"<= day","daily",NA,NA,NA
"1972-06-05",29400,FALSE,NA,NA,"<= day","daily",NA,NA,NA
"1972-06-06",26200,FALSE,NA,NA,"<= day","daily",NA,NA,NA
"1972-06-07",25000,FALSE,NA,NA,"<= day","daily",NA,NA,NA
"1972-06-08",23200,FALSE,NA,NA,"<= day","daily",NA,NA,NA
"1972-06-09",22100,FALSE,NA,NA,"<= day","daily",NA,NA,NA
"1972-06-10",20600,FALSE,NA,NA,"<= day","daily",NA,NA,NA
"1972-06-11",19500,FALSE,NA,NA,"<= day","daily",NA,NA,NA
"1972-06-12",18500,FALSE,NA,NA,"<= day","daily",NA,NA,NA
"1972-06-13",20200,FALSE,NA,NA,"<= day","daily",NA,NA,NA
"1972-06-14",18500,FALSE,NA,NA,"<= day","daily",NA,NA,NA
"1972-06-15",17100,FALSE,NA,NA,"<= day","daily",NA,NA,NA
"1972-06-16",15500,FALSE,NA,NA,"<= day","daily",NA,NA,NA
"1972-06-17",14800,FALSE,NA,NA,"<= day","daily",NA,NA,NA
"1972-06-18",14500,FALSE,NA,NA,"<= day","daily",NA,NA,NA
"1972-06-19",13800,FALSE,NA,NA,"<= day","daily",NA,NA,NA
"1972-06-20",13200,FALSE,NA,NA,"<= day","daily",NA,NA,NA
"1972-06-21",12600,FALSE,NA,NA,"<= day","daily",NA,NA,NA
"1972-06-22",12100,FALSE,NA,NA,"<= day","daily",NA,NA,NA
"1972-06-23",11500,FALSE,NA,NA,"<= day","daily",NA,NA,NA
"1972-06-24",11500,FALSE,NA,NA,"<= day","daily",NA,NA,NA
"1972-06-25",11800,FALSE,NA,NA,"<= day","daily",NA,NA,NA
"1972-06-26",10900,FALSE,NA,NA,"<= day","daily",NA,NA,NA
"1972-06-27",10600,FALSE,NA,NA,"<= day","daily",NA,NA,NA
"1972-06-28",10000,FALSE,NA,NA,"<= day","daily",NA,NA,NA
"1972-06-29",10000,FALSE,NA,NA,"<= day","daily",NA,NA,NA
"1972-06-30",10900,FALSE,NA,NA,"<= day","daily",NA,NA,NA
"1972-07-01",9200,FALSE,NA,NA,"<= day","daily",NA,NA,NA
"1972-07-02",8680,FALSE,NA,NA,"<= day","daily",NA,NA,NA
"1972-07-03",7900,FALSE,NA,NA,"<= day","daily",NA,NA,NA
"1972-07-04",7900,FALSE,NA,NA,"<= day","daily",NA,NA,NA
"1972-07-05",7900,FALSE,NA,NA,"<= day","daily",NA,NA,NA
"1972-07-06",7420,FALSE,NA,NA,"<= day","daily",NA,NA,NA
"1972-07-07",7180,FALSE,NA,NA,"<= day","daily",NA,NA,NA
"1972-07-08",6700,FALSE,NA,NA,"<= day","daily",NA,NA,NA
"1972-07-09",6100,FALSE,NA,NA,"<= day","daily",NA,NA,NA
"1972-07-10",5700,FALSE,NA,NA,"<= day","daily",NA,NA,NA
"1972-07-11",5480,FALSE,NA,NA,"<= day","daily",NA,NA,NA
"1972-07-12",7180,FALSE,NA,NA,"<= day","daily",NA,NA,NA
"1972-07-13",6940,FALSE,NA,NA,"<= day","daily",NA,NA,NA
"1972-07-14",10000,FALSE,NA,NA,"<= day","daily",NA,NA,NA
"1972-07-15",7420,FALSE,NA,NA,"<= day","daily",NA,NA,NA
"1972-07-16",11200,FALSE,NA,NA,"<= day","daily",NA,NA,NA
"1972-07-17",9480,FALSE,NA,NA,"<= day","daily",NA,NA,NA
"1972-07-18",9480,FALSE,NA,NA,"<= day","daily",NA,NA,NA
"1972-07-19",11800,FALSE,NA,NA,"<= day","daily",NA,NA,NA
"1972-07-20",10000,FALSE,NA,NA,"<= day","daily",NA,NA,NA
"1972-07-21",10600,FALSE,NA,NA,"<= day","daily",NA,NA,NA
"1972-07-22",9200,FALSE,NA,NA,"<= day","daily",NA,NA,NA
"1972-07-23",8680,FALSE,NA,NA,"<= day","daily",NA,NA,NA
"1972-07-24",7900,FALSE,NA,NA,"<= day","daily",NA,NA,NA
"1972-07-25",7180,FALSE,NA,NA,"<= day","daily",NA,NA,NA
"1972-07-26",6700,FALSE,NA,NA,"<= day","daily",NA,NA,NA
"1972-07-27",7180,FALSE,NA,NA,"<= day","daily",NA,NA,NA
"1972-07-28",6700,FALSE,NA,NA,"<= day","daily",NA,NA,NA
"1972-07-29",6500,FALSE,NA,NA,"<= day","daily",NA,NA,NA
"1972-07-30",6100,FALSE,NA,NA,"<= day","daily",NA,NA,NA
"1972-07-31",6100,FALSE,NA,NA,"<= day","daily",NA,NA,NA
"1972-08-01",5700,FALSE,NA,NA,"<= day","daily",NA,NA,NA
"1972-08-02",5700,FALSE,NA,NA,"<= day","daily",NA,NA,NA
"1972-08-03",6300,FALSE,NA,NA,"<= day","daily",NA,NA,NA
"1972-08-04",6940,FALSE,NA,NA,"<= day","daily",NA,NA,NA
"1972-08-05",6500,FALSE,NA,NA,"<= day","daily",NA,NA,NA
"1972-08-06",6100,FALSE,NA,NA,"<= day","daily",NA,NA,NA
"1972-08-07",5900,FALSE,NA,NA,"<= day","daily",NA,NA,NA
"1972-08-08",5700,FALSE,NA,NA,"<= day","daily",NA,NA,NA
"1972-08-09",5480,FALSE,NA,NA,"<= day","daily",NA,NA,NA
"1972-08-10",5260,FALSE,NA,NA,"<= day","daily",NA,NA,NA
"1972-08-11",5040,FALSE,NA,NA,"<= day","daily",NA,NA,NA
"1972-08-12",4820,FALSE,NA,NA,"<= day","daily",NA,NA,NA
"1972-08-13",4600,FALSE,NA,NA,"<= day","daily",NA,NA,NA
"1972-08-14",4420,FALSE,NA,NA,"<= day","daily",NA,NA,NA
"1972-08-15",4240,FALSE,NA,NA,"<= day","daily",NA,NA,NA
"1972-08-16",4060,FALSE,NA,NA,"<= day","daily",NA,NA,NA
"1972-08-17",4060,FALSE,NA,NA,"<= day","daily",NA,NA,NA
"1972-08-18",3880,FALSE,NA,NA,"<= day","daily",NA,NA,NA
"1972-08-19",3880,FALSE,NA,NA,"<= day","daily",NA,NA,NA
"1972-08-20",4240,FALSE,NA,NA,"<= day","daily",NA,NA,NA
"1972-08-21",4820,FALSE,NA,NA,"<= day","daily",NA,NA,NA
"1972-08-22",4420,FALSE,NA,NA,"<= day","daily",NA,NA,NA
"1972-08-23",4420,FALSE,NA,NA,"<= day","daily",NA,NA,NA
"1972-08-24",4420,FALSE,NA,NA,"<= day","daily",NA,NA,NA
"1972-08-25",4240,FALSE,NA,NA,"<= day","daily",NA,NA,NA
"1972-08-26",4060,FALSE,NA,NA,"<= day","daily",NA,NA,NA
"1972-08-27",4060,FALSE,NA,NA,"<= day","daily",NA,NA,NA
"1972-08-28",3880,FALSE,NA,NA,"<= day","daily",NA,NA,NA
"1972-08-29",3700,FALSE,NA,NA,"<= day","daily",NA,NA,NA
"1972-08-30",3700,FALSE,NA,NA,"<= day","daily",NA,NA,NA
"1972-08-31",3520,FALSE,NA,NA,"<= day","daily",NA,NA,NA
"1972-09-01",3340,FALSE,NA,NA,"<= day","daily",NA,NA,NA
"1972-09-02",3340,FALSE,NA,NA,"<= day","daily",NA,NA,NA
"1972-09-03",2980,FALSE,NA,NA,"<= day","daily",NA,NA,NA
"1972-09-04",2800,FALSE,NA,NA,"<= day","daily",NA,NA,NA
"1972-09-05",2660,FALSE,NA,NA,"<= day","daily",NA,NA,NA
"1972-09-06",2520,FALSE,NA,NA,"<= day","daily",NA,NA,NA
"1972-09-07",2800,FALSE,NA,NA,"<= day","daily",NA,NA,NA
"1972-09-08",1980,FALSE,NA,NA,"<= day","daily",NA,NA,NA
"1972-09-09",1740,FALSE,NA,NA,"<= day","daily",NA,NA,NA
"1972-09-10",2980,FALSE,NA,NA,"<= day","daily",NA,NA,NA
"1972-09-11",4420,FALSE,NA,NA,"<= day","daily",NA,NA,NA
"1972-09-12",15500,FALSE,NA,NA,"<= day","daily",NA,NA,NA
"1972-09-13",7900,FALSE,NA,NA,"<= day","daily",NA,NA,NA
"1972-09-14",6500,FALSE,NA,NA,"<= day","daily",NA,NA,NA
"1972-09-15",6100,FALSE,NA,NA,"<= day","daily",NA,NA,NA
"1972-09-16",15200,FALSE,NA,NA,"<= day","daily",NA,NA,NA
"1972-09-17",19500,FALSE,NA,NA,"<= day","daily",NA,NA,NA
"1972-09-18",14500,FALSE,NA,NA,"<= day","daily",NA,NA,NA
"1972-09-19",12100,FALSE,NA,NA,"<= day","daily",NA,NA,NA
"1972-09-20",12300,FALSE,NA,NA,"<= day","daily",NA,NA,NA
"1972-09-21",11200,FALSE,NA,NA,"<= day","daily",NA,NA,NA
"1972-09-22",10000,FALSE,NA,NA,"<= day","daily",NA,NA,NA
"1972-09-23",9200,FALSE,NA,NA,"<= day","daily",NA,NA,NA
"1972-09-24",8420,FALSE,NA,NA,"<= day","daily",NA,NA,NA
"1972-09-25",7900,FALSE,NA,NA,"<= day","daily",NA,NA,NA
"1972-09-26",7420,FALSE,NA,NA,"<= day","daily",NA,NA,NA
"1972-09-27",7180,FALSE,NA,NA,"<= day","daily",NA,NA,NA
"1972-09-28",6700,FALSE,NA,NA,"<= day","daily",NA,NA,NA
"1972-09-29",6500,FALSE,NA,NA,"<= day","daily",NA,NA,NA
"1972-09-30",6300,FALSE,NA,NA,"<= day","daily",NA,NA,NA
"1972-10-01",6100,FALSE,NA,NA,"<= day","daily",NA,NA,NA
"1972-10-02",5900,FALSE,NA,NA,"<= day","daily",NA,NA,NA
"1972-10-03",5700,FALSE,NA,NA,"<= day","daily",NA,NA,NA
"1972-10-04",5480,FALSE,NA,NA,"<= day","daily",NA,NA,NA
"1972-10-05",5040,FALSE,NA,NA,"<= day","daily",NA,NA,NA
"1972-10-06",4820,FALSE,NA,NA,"<= day","daily",NA,NA,NA
"1972-10-07",4600,FALSE,NA,NA,"<= day","daily",NA,NA,NA
"1972-10-08",4420,FALSE,NA,NA,"<= day","daily",NA,NA,NA
"1972-10-09",4420,FALSE,NA,NA,"<= day","daily",NA,NA,NA
"1972-10-10",4600,FALSE,NA,NA,"<= day","daily",NA,NA,NA
"1972-10-11",4240,FALSE,NA,NA,"<= day","daily",NA,NA,NA
"1972-10-12",3880,FALSE,NA,NA,"<= day","daily",NA,NA,NA
"1972-10-13",3880,FALSE,NA,NA,"<= day","daily",NA,NA,NA
"1972-10-14",3700,FALSE,NA,NA,"<= day","daily",NA,NA,NA
"1972-10-15",3520,FALSE,NA,NA,"<= day","daily",NA,NA,NA
"1972-10-16",3340,FALSE,NA,NA,"<= day","daily",NA,NA,NA
"1972-10-17",2980,FALSE,NA,NA,"<= day","daily",NA,NA,NA
"1972-10-18",3160,FALSE,NA,NA,"<= day","daily",NA,NA,NA
"1972-10-19",2240,FALSE,NA,NA,"<= day","daily",NA,NA,NA
"1972-10-20",1860,FALSE,NA,NA,"<= day","daily",NA,NA,NA
"1972-10-21",1400,FALSE,NA,NA,"<= day","daily",NA,NA,NA
"1972-10-22",2800,FALSE,NA,NA,"<= day","daily",NA,NA,NA
"1972-10-23",2520,FALSE,NA,NA,"<= day","daily",NA,NA,NA
"1972-10-24",2100,FALSE,NA,NA,"<= day","daily",NA,NA,NA
"1972-10-25",1980,FALSE,NA,NA,"<= day","daily",NA,NA,NA
"1972-10-26",1500,FALSE,NA,NA,"<= day","daily",NA,NA,NA
"1972-10-27",1200,FALSE,NA,NA,"<= day","daily",NA,NA,NA
"1972-10-28",1000,FALSE,NA,NA,"<= day","daily",NA,NA,NA
"1972-10-29",1500,FALSE,NA,NA,"<= day","daily",NA,NA,NA
"1972-10-30",16100,FALSE,NA,NA,"<= day","daily",NA,NA,NA
"1972-10-31",8940,FALSE,NA,NA,"<= day","daily",NA,NA,NA
"1972-11-01",7900,FALSE,NA,NA,"<= day","daily",NA,NA,NA
"1972-11-02",7180,FALSE,NA,NA,"<= day","daily",NA,NA,NA
"1972-11-03",6300,FALSE,NA,NA,"<= day","daily",NA,NA,NA
"1972-11-04",5900,FALSE,NA,NA,"<= day","daily",NA,NA,NA
"1972-11-05",5700,FALSE,NA,NA,"<= day","daily",NA,NA,NA
"1972-11-06",5480,FALSE,NA,NA,"<= day","daily",NA,NA,NA
"1972-11-07",5260,FALSE,NA,NA,"<= day","daily",NA,NA,NA
"1972-11-08",4820,FALSE,NA,NA,"<= day","daily",NA,NA,NA
"1972-11-09",4600,FALSE,NA,NA,"<= day","daily",NA,NA,NA
"1972-11-10",4420,FALSE,NA,NA,"<= day","daily",NA,NA,NA
"1972-11-11",4240,FALSE,NA,NA,"<= day","daily",NA,NA,NA
"1972-11-12",7900,FALSE,NA,NA,"<= day","daily",NA,NA,NA
"1972-11-13",19500,FALSE,NA,NA,"<= day","daily",NA,NA,NA
"1972-11-14",15200,FALSE,NA,NA,"<= day","daily",NA,NA,NA
"1972-11-15",11800,FALSE,NA,NA,"<= day","daily",NA,NA,NA
"1972-11-16",37900,FALSE,NA,NA,"<= day","daily",NA,NA,NA
"1972-11-17",25400,FALSE,NA,NA,"<= day","daily",NA,NA,NA
"1972-11-18",23900,FALSE,NA,NA,"<= day","daily",NA,NA,NA
"1972-11-19",49700,FALSE,NA,NA,"<= day","daily",NA,NA,NA
"1972-11-20",38900,FALSE,NA,NA,"<= day","daily",NA,NA,NA
"1972-11-21",67100,FALSE,NA,NA,"<= day","daily",NA,NA,NA
"1972-11-22",57600,FALSE,NA,NA,"<= day","daily",NA,NA,NA
"1972-11-23",48800,FALSE,NA,NA,"<= day","daily",NA,NA,NA
"1972-11-24",60500,FALSE,NA,NA,"<= day","daily",NA,NA,NA
"1972-11-25",61900,FALSE,NA,NA,"<= day","daily",NA,NA,NA
"1972-11-26",53400,FALSE,NA,NA,"<= day","daily",NA,NA,NA
"1972-11-27",48400,FALSE,NA,NA,"<= day","daily",NA,NA,NA
"1972-11-28",45300,FALSE,NA,NA,"<= day","daily",NA,NA,NA
"1972-11-29",43900,FALSE,NA,NA,"<= day","daily",NA,NA,NA
"1972-11-30",43500,FALSE,NA,NA,"<= day","daily",NA,NA,NA
"1972-12-01",61900,FALSE,NA,NA,"<= day","daily",NA,NA,NA
"1972-12-02",79400,FALSE,NA,NA,"<= day","daily",NA,NA,NA
"1972-12-03",65700,FALSE,NA,NA,"<= day","daily",NA,NA,NA
"1972-12-04",58700,FALSE,NA,NA,"<= day","daily",NA,NA,NA
"1972-12-05",52000,FALSE,NA,NA,"<= day","daily",NA,NA,NA
"1972-12-06",48800,FALSE,NA,NA,"<= day","daily",NA,NA,NA
"1972-12-07",46200,FALSE,NA,NA,"<= day","daily",NA,NA,NA
"1972-12-08",44400,FALSE,NA,NA,"<= day","daily",NA,NA,NA
"1972-12-09",42500,FALSE,NA,NA,"<= day","daily",NA,NA,NA
"1972-12-10",55400,FALSE,NA,NA,"<= day","daily",NA,NA,NA
"1972-12-11",55400,FALSE,NA,NA,"<= day","daily",NA,NA,NA
"1972-12-12",47100,FALSE,NA,NA,"<= day","daily",NA,NA,NA
"1972-12-13",42100,FALSE,NA,NA,"<= day","daily",NA,NA,NA
"1972-12-14",33200,FALSE,NA,NA,"<= day","daily",NA,NA,NA
"1972-12-15",27700,FALSE,NA,NA,"<= day","daily",NA,NA,NA
"1972-12-16",24300,FALSE,NA,NA,"<= day","daily",NA,NA,NA
"1972-12-17",21700,FALSE,NA,NA,"<= day","daily",NA,NA,NA
"1972-12-18",19500,FALSE,NA,NA,"<= day","daily",NA,NA,NA
"1972-12-19",18200,FALSE,NA,NA,"<= day","daily",NA,NA,NA
"1972-12-20",17500,FALSE,NA,NA,"<= day","daily",NA,NA,NA
"1972-12-21",16100,FALSE,NA,NA,"<= day","daily",NA,NA,NA
"1972-12-22",14500,FALSE,NA,NA,"<= day","daily",NA,NA,NA
"1972-12-23",13200,FALSE,NA,NA,"<= day","daily",NA,NA,NA
"1972-12-24",12100,FALSE,NA,NA,"<= day","daily",NA,NA,NA
"1972-12-25",10900,FALSE,NA,NA,"<= day","daily",NA,NA,NA
"1972-12-26",9760,FALSE,NA,NA,"<= day","daily",NA,NA,NA
"1972-12-27",8940,FALSE,NA,NA,"<= day","daily",NA,NA,NA
"1972-12-28",8160,FALSE,NA,NA,"<= day","daily",NA,NA,NA
"1972-12-29",7660,FALSE,NA,NA,"<= day","daily",NA,NA,NA
"1972-12-30",7180,FALSE,NA,NA,"<= day","daily",NA,NA,NA
"1972-12-31",6500,FALSE,NA,NA,"<= day","daily",NA,NA,NA
"1973-01-01",6100,FALSE,NA,NA,"<= day","daily",NA,NA,NA
"1973-01-02",5600,FALSE,NA,NA,"<= day","daily",NA,NA,NA
"1973-01-03",5350,FALSE,NA,NA,"<= day","daily",NA,NA,NA
"1973-01-04",5100,FALSE,NA,NA,"<= day","daily",NA,NA,NA
"1973-01-05",4910,FALSE,NA,NA,"<= day","daily",NA,NA,NA
"1973-01-06",4910,FALSE,NA,NA,"<= day","daily",NA,NA,NA
"1973-01-07",4720,FALSE,NA,NA,"<= day","daily",NA,NA,NA
"1973-01-08",4530,FALSE,NA,NA,"<= day","daily",NA,NA,NA
"1973-01-09",4340,FALSE,NA,NA,"<= day","daily",NA,NA,NA
"1973-01-10",4150,FALSE,NA,NA,"<= day","daily",NA,NA,NA
"1973-01-11",3960,FALSE,NA,NA,"<= day","daily",NA,NA,NA
"1973-01-12",3580,FALSE,NA,NA,"<= day","daily",NA,NA,NA
"1973-01-13",3390,FALSE,NA,NA,"<= day","daily",NA,NA,NA
"1973-01-14",3200,FALSE,NA,NA,"<= day","daily",NA,NA,NA
"1973-01-15",2930,FALSE,NA,NA,"<= day","daily",NA,NA,NA
"1973-01-16",2660,FALSE,NA,NA,"<= day","daily",NA,NA,NA
"1973-01-17",5100,FALSE,NA,NA,"<= day","daily",NA,NA,NA
"1973-01-18",3770,FALSE,NA,NA,"<= day","daily",NA,NA,NA
"1973-01-19",16800,FALSE,NA,NA,"<= day","daily",NA,NA,NA
"1973-01-20",16100,FALSE,NA,NA,"<= day","daily",NA,NA,NA
"1973-01-21",10900,FALSE,NA,NA,"<= day","daily",NA,NA,NA
"1973-01-22",11500,FALSE,NA,NA,"<= day","daily",NA,NA,NA
"1973-01-23",13200,FALSE,NA,NA,"<= day","daily",NA,NA,NA
"1973-01-24",10500,FALSE,NA,NA,"<= day","daily",NA,NA,NA
"1973-01-25",8760,FALSE,NA,NA,"<= day","daily",NA,NA,NA
"1973-01-26",7350,FALSE,NA,NA,"<= day","daily",NA,NA,NA
"1973-01-27",6350,FALSE,NA,NA,"<= day","daily",NA,NA,NA
"1973-01-28",5850,FALSE,NA,NA,"<= day","daily",NA,NA,NA
"1973-01-29",4720,FALSE,NA,NA,"<= day","daily",NA,NA,NA
"1973-01-30",4150,FALSE,NA,NA,"<= day","daily",NA,NA,NA
"1973-01-31",3580,FALSE,NA,NA,"<= day","daily",NA,NA,NA
"1973-02-01",3200,FALSE,NA,NA,"<= day","daily",NA,NA,NA
"1973-02-02",2930,FALSE,NA,NA,"<= day","daily",NA,NA,NA
"1973-02-03",2530,FALSE,NA,NA,"<= day","daily",NA,NA,NA
"1973-02-04",2390,FALSE,NA,NA,"<= day","daily",NA,NA,NA
"1973-02-05",2660,FALSE,NA,NA,"<= day","daily",NA,NA,NA
"1973-02-06",2660,FALSE,NA,NA,"<= day","daily",NA,NA,NA
"1973-02-07",2930,FALSE,NA,NA,"<= day","daily",NA,NA,NA
"1973-02-08",3200,FALSE,NA,NA,"<= day","daily",NA,NA,NA
"1973-02-09",4530,FALSE,NA,NA,"<= day","daily",NA,NA,NA
"1973-02-10",8760,FALSE,NA,NA,"<= day","daily",NA,NA,NA
"1973-02-11",19500,FALSE,NA,NA,"<= day","daily",NA,NA,NA
"1973-02-12",13800,FALSE,NA,NA,"<= day","daily",NA,NA,NA
"1973-02-13",10500,FALSE,NA,NA,"<= day","daily",NA,NA,NA
"1973-02-14",23600,FALSE,NA,NA,"<= day","daily",NA,NA,NA
"1973-02-15",36100,FALSE,NA,NA,"<= day","daily",NA,NA,NA
"1973-02-16",25700,FALSE,NA,NA,"<= day","daily",NA,NA,NA
"1973-02-17",21300,FALSE,NA,NA,"<= day","daily",NA,NA,NA
"1973-02-18",18500,FALSE,NA,NA,"<= day","daily",NA,NA,NA
"1973-02-19",16500,FALSE,NA,NA,"<= day","daily",NA,NA,NA
"1973-02-20",14200,FALSE,NA,NA,"<= day","daily",NA,NA,NA
"1973-02-21",12900,FALSE,NA,NA,"<= day","daily",NA,NA,NA
"1973-02-22",12100,FALSE,NA,NA,"<= day","daily",NA,NA,NA
"1973-02-23",10500,FALSE,NA,NA,"<= day","daily",NA,NA,NA
"1973-02-24",10200,FALSE,NA,NA,"<= day","daily",NA,NA,NA
"1973-02-25",9340,FALSE,NA,NA,"<= day","daily",NA,NA,NA
"1973-02-26",8760,FALSE,NA,NA,"<= day","daily",NA,NA,NA
"1973-02-27",7890,FALSE,NA,NA,"<= day","daily",NA,NA,NA
"1973-02-28",7350,FALSE,NA,NA,"<= day","daily",NA,NA,NA
"1973-03-01",6850,FALSE,NA,NA,"<= day","daily",NA,NA,NA
"1973-03-02",6350,FALSE,NA,NA,"<= day","daily",NA,NA,NA
"1973-03-03",6100,FALSE,NA,NA,"<= day","daily",NA,NA,NA
"1973-03-04",5850,FALSE,NA,NA,"<= day","daily",NA,NA,NA
"1973-03-05",5600,FALSE,NA,NA,"<= day","daily",NA,NA,NA
"1973-03-06",5600,FALSE,NA,NA,"<= day","daily",NA,NA,NA
"1973-03-07",5600,FALSE,NA,NA,"<= day","daily",NA,NA,NA
"1973-03-08",5850,FALSE,NA,NA,"<= day","daily",NA,NA,NA
"1973-03-09",5850,FALSE,NA,NA,"<= day","daily",NA,NA,NA
"1973-03-10",5600,FALSE,NA,NA,"<= day","daily",NA,NA,NA
"1973-03-11",5350,FALSE,NA,NA,"<= day","daily",NA,NA,NA
"1973-03-12",5100,FALSE,NA,NA,"<= day","daily",NA,NA,NA
"1973-03-13",4910,FALSE,NA,NA,"<= day","daily",NA,NA,NA
"1973-03-14",4910,FALSE,NA,NA,"<= day","daily",NA,NA,NA
"1973-03-15",4720,FALSE,NA,NA,"<= day","daily",NA,NA,NA
"1973-03-16",4530,FALSE,NA,NA,"<= day","daily",NA,NA,NA
"1973-03-17",4150,FALSE,NA,NA,"<= day","daily",NA,NA,NA
"1973-03-18",3960,FALSE,NA,NA,"<= day","daily",NA,NA,NA
"1973-03-19",4150,FALSE,NA,NA,"<= day","daily",NA,NA,NA
"1973-03-20",3960,FALSE,NA,NA,"<= day","daily",NA,NA,NA
"1973-03-21",3770,FALSE,NA,NA,"<= day","daily",NA,NA,NA
"1973-03-22",3770,FALSE,NA,NA,"<= day","daily",NA,NA,NA
"1973-03-23",3770,FALSE,NA,NA,"<= day","daily",NA,NA,NA
"1973-03-24",4150,FALSE,NA,NA,"<= day","daily",NA,NA,NA
"1973-03-25",4340,FALSE,NA,NA,"<= day","daily",NA,NA,NA
"1973-03-26",4910,FALSE,NA,NA,"<= day","daily",NA,NA,NA
"1973-03-27",5350,FALSE,NA,NA,"<= day","daily",NA,NA,NA
"1973-03-28",6350,FALSE,NA,NA,"<= day","daily",NA,NA,NA
"1973-03-29",7100,FALSE,NA,NA,"<= day","daily",NA,NA,NA
"1973-03-30",6600,FALSE,NA,NA,"<= day","daily",NA,NA,NA
"1973-03-31",6350,FALSE,NA,NA,"<= day","daily",NA,NA,NA
"1973-04-01",6600,FALSE,NA,NA,"<= day","daily",NA,NA,NA
"1973-04-02",6600,FALSE,NA,NA,"<= day","daily",NA,NA,NA
"1973-04-03",6350,FALSE,NA,NA,"<= day","daily",NA,NA,NA
"1973-04-04",6350,FALSE,NA,NA,"<= day","daily",NA,NA,NA
"1973-04-05",6600,FALSE,NA,NA,"<= day","daily",NA,NA,NA
"1973-04-06",6850,FALSE,NA,NA,"<= day","daily",NA,NA,NA
"1973-04-07",6850,FALSE,NA,NA,"<= day","daily",NA,NA,NA
"1973-04-08",7100,FALSE,NA,NA,"<= day","daily",NA,NA,NA
"1973-04-09",9630,FALSE,NA,NA,"<= day","daily",NA,NA,NA
"1973-04-10",32600,FALSE,NA,NA,"<= day","daily",NA,NA,NA
"1973-04-11",32200,FALSE,NA,NA,"<= day","daily",NA,NA,NA
"1973-04-12",27400,FALSE,NA,NA,"<= day","daily",NA,NA,NA
"1973-04-13",26000,FALSE,NA,NA,"<= day","daily",NA,NA,NA
"1973-04-14",25700,FALSE,NA,NA,"<= day","daily",NA,NA,NA
"1973-04-15",24300,FALSE,NA,NA,"<= day","daily",NA,NA,NA
"1973-04-16",22800,FALSE,NA,NA,"<= day","daily",NA,NA,NA
"1973-04-17",21700,FALSE,NA,NA,"<= day","daily",NA,NA,NA
"1973-04-18",20200,FALSE,NA,NA,"<= day","daily",NA,NA,NA
"1973-04-19",19200,FALSE,NA,NA,"<= day","daily",NA,NA,NA
"1973-04-20",17800,FALSE,NA,NA,"<= day","daily",NA,NA,NA
"1973-04-21",16500,FALSE,NA,NA,"<= day","daily",NA,NA,NA
"1973-04-22",15200,FALSE,NA,NA,"<= day","daily",NA,NA,NA
"1973-04-23",14200,FALSE,NA,NA,"<= day","daily",NA,NA,NA
"1973-04-24",13500,FALSE,NA,NA,"<= day","daily",NA,NA,NA
"1973-04-25",12900,FALSE,NA,NA,"<= day","daily",NA,NA,NA
"1973-04-26",15500,FALSE,NA,NA,"<= day","daily",NA,NA,NA
"1973-04-27",14800,FALSE,NA,NA,"<= day","daily",NA,NA,NA
"1973-04-28",14500,FALSE,NA,NA,"<= day","daily",NA,NA,NA
"1973-04-29",14500,FALSE,NA,NA,"<= day","daily",NA,NA,NA
"1973-04-30",15500,FALSE,NA,NA,"<= day","daily",NA,NA,NA
"1973-05-01",15500,FALSE,NA,NA,"<= day","daily",NA,NA,NA
"1973-05-02",14800,FALSE,NA,NA,"<= day","daily",NA,NA,NA
"1973-05-03",13800,FALSE,NA,NA,"<= day","daily",NA,NA,NA
"1973-05-04",13500,FALSE,NA,NA,"<= day","daily",NA,NA,NA
"1973-05-05",12900,FALSE,NA,NA,"<= day","daily",NA,NA,NA
"1973-05-06",12100,FALSE,NA,NA,"<= day","daily",NA,NA,NA
"1973-05-07",11500,FALSE,NA,NA,"<= day","daily",NA,NA,NA
"1973-05-08",10200,FALSE,NA,NA,"<= day","daily",NA,NA,NA
"1973-05-09",9340,FALSE,NA,NA,"<= day","daily",NA,NA,NA
"1973-05-10",10200,FALSE,NA,NA,"<= day","daily",NA,NA,NA
"1973-05-11",9050,FALSE,NA,NA,"<= day","daily",NA,NA,NA
"1973-05-12",8180,FALSE,NA,NA,"<= day","daily",NA,NA,NA
"1973-05-13",9630,FALSE,NA,NA,"<= day","daily",NA,NA,NA
"1973-05-14",8180,FALSE,NA,NA,"<= day","daily",NA,NA,NA
"1973-05-15",7600,FALSE,NA,NA,"<= day","daily",NA,NA,NA
"1973-05-16",6850,FALSE,NA,NA,"<= day","daily",NA,NA,NA
"1973-05-17",6600,FALSE,NA,NA,"<= day","daily",NA,NA,NA
"1973-05-18",6100,FALSE,NA,NA,"<= day","daily",NA,NA,NA
"1973-05-19",6100,FALSE,NA,NA,"<= day","daily",NA,NA,NA
"1973-05-20",6100,FALSE,NA,NA,"<= day","daily",NA,NA,NA
"1973-05-21",6100,FALSE,NA,NA,"<= day","daily",NA,NA,NA
"1973-05-22",5850,FALSE,NA,NA,"<= day","daily",NA,NA,NA
"1973-05-23",5350,FALSE,NA,NA,"<= day","daily",NA,NA,NA
"1973-05-24",5100,FALSE,NA,NA,"<= day","daily",NA,NA,NA
"1973-05-25",4720,FALSE,NA,NA,"<= day","daily",NA,NA,NA
"1973-05-26",4530,FALSE,NA,NA,"<= day","daily",NA,NA,NA
"1973-05-27",4340,FALSE,NA,NA,"<= day","daily",NA,NA,NA
"1973-05-28",3960,FALSE,NA,NA,"<= day","daily",NA,NA,NA
"1973-05-29",3960,FALSE,NA,NA,"<= day","daily",NA,NA,NA
"1973-05-30",3770,FALSE,NA,NA,"<= day","daily",NA,NA,NA
"1973-05-31",3580,FALSE,NA,NA,"<= day","daily",NA,NA,NA
"1973-06-01",3390,FALSE,NA,NA,"<= day","daily",NA,NA,NA
"1973-06-02",3200,FALSE,NA,NA,"<= day","daily",NA,NA,NA
"1973-06-03",3070,FALSE,NA,NA,"<= day","daily",NA,NA,NA
"1973-06-04",2930,FALSE,NA,NA,"<= day","daily",NA,NA,NA
"1973-06-05",2660,FALSE,NA,NA,"<= day","daily",NA,NA,NA
"1973-06-06",2800,FALSE,NA,NA,"<= day","daily",NA,NA,NA
"1973-06-07",2530,FALSE,NA,NA,"<= day","daily",NA,NA,NA
"1973-06-08",5350,FALSE,NA,NA,"<= day","daily",NA,NA,NA
"1973-06-09",3960,FALSE,NA,NA,"<= day","daily",NA,NA,NA
"1973-06-10",2930,FALSE,NA,NA,"<= day","daily",NA,NA,NA
"1973-06-11",2660,FALSE,NA,NA,"<= day","daily",NA,NA,NA
"1973-06-12",2260,FALSE,NA,NA,"<= day","daily",NA,NA,NA
"1973-06-13",1850,FALSE,NA,NA,"<= day","daily",NA,NA,NA
"1973-06-14",1630,FALSE,NA,NA,"<= day","daily",NA,NA,NA
"1973-06-15",2800,FALSE,NA,NA,"<= day","daily",NA,NA,NA
"1973-06-16",2800,FALSE,NA,NA,"<= day","daily",NA,NA,NA
"1973-06-17",1850,FALSE,NA,NA,"<= day","daily",NA,NA,NA
"1973-06-18",1630,FALSE,NA,NA,"<= day","daily",NA,NA,NA
"1973-06-19",2120,FALSE,NA,NA,"<= day","daily",NA,NA,NA
"1973-06-20",1700,FALSE,NA,NA,"<= day","daily",NA,NA,NA
"1973-06-21",1550,FALSE,NA,NA,"<= day","daily",NA,NA,NA
"1973-06-22",1180,FALSE,NA,NA,"<= day","daily",NA,NA,NA
"1973-06-23",15200,FALSE,NA,NA,"<= day","daily",NA,NA,NA
"1973-06-24",22100,FALSE,NA,NA,"<= day","daily",NA,NA,NA
"1973-06-25",14800,FALSE,NA,NA,"<= day","daily",NA,NA,NA
"1973-06-26",8470,FALSE,NA,NA,"<= day","daily",NA,NA,NA
"1973-06-27",6850,FALSE,NA,NA,"<= day","daily",NA,NA,NA
"1973-06-28",6100,FALSE,NA,NA,"<= day","daily",NA,NA,NA
"1973-06-29",5100,FALSE,NA,NA,"<= day","daily",NA,NA,NA
"1973-06-30",4910,FALSE,NA,NA,"<= day","daily",NA,NA,NA
"1973-07-01",4720,FALSE,NA,NA,"<= day","daily",NA,NA,NA
"1973-07-02",4340,FALSE,NA,NA,"<= day","daily",NA,NA,NA
"1973-07-03",4150,FALSE,NA,NA,"<= day","daily",NA,NA,NA
"1973-07-04",3960,FALSE,NA,NA,"<= day","daily",NA,NA,NA
"1973-07-05",3770,FALSE,NA,NA,"<= day","daily",NA,NA,NA
"1973-07-06",3390,FALSE,NA,NA,"<= day","daily",NA,NA,NA
"1973-07-07",3200,FALSE,NA,NA,"<= day","daily",NA,NA,NA
"1973-07-08",2930,FALSE,NA,NA,"<= day","daily",NA,NA,NA
"1973-07-09",3070,FALSE,NA,NA,"<= day","daily",NA,NA,NA
"1973-07-10",2530,FALSE,NA,NA,"<= day","daily",NA,NA,NA
"1973-07-11",2530,FALSE,NA,NA,"<= day","daily",NA,NA,NA
"1973-07-12",1990,FALSE,NA,NA,"<= day","daily",NA,NA,NA
"1973-07-13",1700,FALSE,NA,NA,"<= day","daily",NA,NA,NA
"1973-07-14",1700,FALSE,NA,NA,"<= day","daily",NA,NA,NA
"1973-07-15",1630,FALSE,NA,NA,"<= day","daily",NA,NA,NA
"1973-07-16",1550,FALSE,NA,NA,"<= day","daily",NA,NA,NA
"1973-07-17",1250,FALSE,NA,NA,"<= day","daily",NA,NA,NA
"1973-07-18",1250,FALSE,NA,NA,"<= day","daily",NA,NA,NA
"1973-07-19",1100,FALSE,NA,NA,"<= day","daily",NA,NA,NA
"1973-07-20",1010,FALSE,NA,NA,"<= day","daily",NA,NA,NA
"1973-07-21",1010,FALSE,NA,NA,"<= day","daily",NA,NA,NA
"1973-07-22",1010,FALSE,NA,NA,"<= day","daily",NA,NA,NA
"1973-07-23",1010,FALSE,NA,NA,"<= day","daily",NA,NA,NA
"1973-07-24",1100,FALSE,NA,NA,"<= day","daily",NA,NA,NA
"1973-07-25",5600,FALSE,NA,NA,"<= day","daily",NA,NA,NA
"1973-07-26",4910,FALSE,NA,NA,"<= day","daily",NA,NA,NA
"1973-07-27",4150,FALSE,NA,NA,"<= day","daily",NA,NA,NA
"1973-07-28",3770,FALSE,NA,NA,"<= day","daily",NA,NA,NA
"1973-07-29",3960,FALSE,NA,NA,"<= day","daily",NA,NA,NA
"1973-07-30",4150,FALSE,NA,NA,"<= day","daily",NA,NA,NA
"1973-07-31",3960,FALSE,NA,NA,"<= day","daily",NA,NA,NA
"1973-08-01",3580,FALSE,NA,NA,"<= day","daily",NA,NA,NA
"1973-08-02",2930,FALSE,NA,NA,"<= day","daily",NA,NA,NA
"1973-08-03",2660,FALSE,NA,NA,"<= day","daily",NA,NA,NA
"1973-08-04",2390,FALSE,NA,NA,"<= day","daily",NA,NA,NA
"1973-08-05",2120,FALSE,NA,NA,"<= day","daily",NA,NA,NA
"1973-08-06",1780,FALSE,NA,NA,"<= day","daily",NA,NA,NA
"1973-08-07",1400,FALSE,NA,NA,"<= day","daily",NA,NA,NA
"1973-08-08",1100,FALSE,NA,NA,"<= day","daily",NA,NA,NA
"1973-08-09",818,FALSE,NA,NA,"<= day","daily",NA,NA,NA
"1973-08-10",469,FALSE,NA,NA,"<= day","daily",NA,NA,NA
"1973-08-11",423,FALSE,NA,NA,"<= day","daily",NA,NA,NA
"1973-08-12",281,FALSE,NA,NA,"<= day","daily",NA,NA,NA
"1973-08-13",200,FALSE,NA,NA,"<= day","daily",NA,NA,NA
"1973-08-14",170,FALSE,NA,NA,"<= day","daily",NA,NA,NA
"1973-08-15",164,FALSE,NA,NA,"<= day","daily",NA,NA,NA
"1973-08-16",158,FALSE,NA,NA,"<= day","daily",NA,NA,NA
"1973-08-17",158,FALSE,NA,NA,"<= day","daily",NA,NA,NA
"1973-08-18",155,FALSE,NA,NA,"<= day","daily",NA,NA,NA
"1973-08-19",155,FALSE,NA,NA,"<= day","daily",NA,NA,NA
"1973-08-20",155,FALSE,NA,NA,"<= day","daily",NA,NA,NA
"1973-08-21",155,FALSE,NA,NA,"<= day","daily",NA,NA,NA
"1973-08-22",155,FALSE,NA,NA,"<= day","daily",NA,NA,NA
"1973-08-23",155,FALSE,NA,NA,"<= day","daily",NA,NA,NA
"1973-08-24",155,FALSE,NA,NA,"<= day","daily",NA,NA,NA
"1973-08-25",155,FALSE,NA,NA,"<= day","daily",NA,NA,NA
"1973-08-26",155,FALSE,NA,NA,"<= day","daily",NA,NA,NA
"1973-08-27",155,FALSE,NA,NA,"<= day","daily",NA,NA,NA
"1973-08-28",155,FALSE,NA,NA,"<= day","daily",NA,NA,NA
"1973-08-29",152,FALSE,NA,NA,"<= day","daily",NA,NA,NA
"1973-08-30",152,FALSE,NA,NA,"<= day","daily",NA,NA,NA
"1973-08-31",152,FALSE,NA,NA,"<= day","daily",NA,NA,NA
"1973-09-01",152,FALSE,NA,NA,"<= day","daily",NA,NA,NA
"1973-09-02",152,FALSE,NA,NA,"<= day","daily",NA,NA,NA
"1973-09-03",152,FALSE,NA,NA,"<= day","daily",NA,NA,NA
"1973-09-04",152,FALSE,NA,NA,"<= day","daily",NA,NA,NA
"1973-09-05",152,FALSE,NA,NA,"<= day","daily",NA,NA,NA
"1973-09-06",152,FALSE,NA,NA,"<= day","daily",NA,NA,NA
"1973-09-07",152,FALSE,NA,NA,"<= day","daily",NA,NA,NA
"1973-09-08",152,FALSE,NA,NA,"<= day","daily",NA,NA,NA
"1973-09-09",149,FALSE,NA,NA,"<= day","daily",NA,NA,NA
"1973-09-10",149,FALSE,NA,NA,"<= day","daily",NA,NA,NA
"1973-09-11",149,FALSE,NA,NA,"<= day","daily",NA,NA,NA
"1973-09-12",149,FALSE,NA,NA,"<= day","daily",NA,NA,NA
"1973-09-13",149,FALSE,NA,NA,"<= day","daily",NA,NA,NA
"1973-09-14",149,FALSE,NA,NA,"<= day","daily",NA,NA,NA
"1973-09-15",146,FALSE,NA,NA,"<= day","daily",NA,NA,NA
"1973-09-16",146,FALSE,NA,NA,"<= day","daily",NA,NA,NA
"1973-09-17",146,FALSE,NA,NA,"<= day","daily",NA,NA,NA
"1973-09-18",146,FALSE,NA,NA,"<= day","daily",NA,NA,NA
"1973-09-19",146,FALSE,NA,NA,"<= day","daily",NA,NA,NA
"1973-09-20",146,FALSE,NA,NA,"<= day","daily",NA,NA,NA
"1973-09-21",146,FALSE,NA,NA,"<= day","daily",NA,NA,NA
"1973-09-22",149,FALSE,NA,NA,"<= day","daily",NA,NA,NA
"1973-09-23",4530,FALSE,NA,NA,"<= day","daily",NA,NA,NA
"1973-09-24",4340,FALSE,NA,NA,"<= day","daily",NA,NA,NA
"1973-09-25",39100,FALSE,NA,NA,"<= day","daily",NA,NA,NA
"1973-09-26",49700,FALSE,NA,NA,"<= day","daily",NA,NA,NA
"1973-09-27",36800,FALSE,NA,NA,"<= day","daily",NA,NA,NA
"1973-09-28",46600,FALSE,NA,NA,"<= day","daily",NA,NA,NA
"1973-09-29",42300,FALSE,NA,NA,"<= day","daily",NA,NA,NA
"1973-09-30",39100,FALSE,NA,NA,"<= day","daily",NA,NA,NA
"1973-10-01",38000,FALSE,NA,NA,"<= day","daily",NA,NA,NA
"1973-10-02",37400,FALSE,NA,NA,"<= day","daily",NA,NA,NA
"1973-10-03",36800,FALSE,NA,NA,"<= day","daily",NA,NA,NA
"1973-10-04",36100,FALSE,NA,NA,"<= day","daily",NA,NA,NA
"1973-10-05",34800,FALSE,NA,NA,"<= day","daily",NA,NA,NA
"1973-10-06",26000,FALSE,NA,NA,"<= day","daily",NA,NA,NA
"1973-10-07",20900,FALSE,NA,NA,"<= day","daily",NA,NA,NA
"1973-10-08",17500,FALSE,NA,NA,"<= day","daily",NA,NA,NA
"1973-10-09",16800,FALSE,NA,NA,"<= day","daily",NA,NA,NA
"1973-10-10",16100,FALSE,NA,NA,"<= day","daily",NA,NA,NA
"1973-10-11",15200,FALSE,NA,NA,"<= day","daily",NA,NA,NA
"1973-10-12",13500,FALSE,NA,NA,"<= day","daily",NA,NA,NA
"1973-10-13",15800,FALSE,NA,NA,"<= day","daily",NA,NA,NA
"1973-10-14",17800,FALSE,NA,NA,"<= day","daily",NA,NA,NA
"1973-10-15",33200,FALSE,NA,NA,"<= day","daily",NA,NA,NA
"1973-10-16",40200,FALSE,NA,NA,"<= day","daily",NA,NA,NA
"1973-10-17",57800,FALSE,NA,NA,"<= day","daily",NA,NA,NA
"1973-10-18",49300,FALSE,NA,NA,"<= day","daily",NA,NA,NA
"1973-10-19",42800,FALSE,NA,NA,"<= day","daily",NA,NA,NA
"1973-10-20",40200,FALSE,NA,NA,"<= day","daily",NA,NA,NA
"1973-10-21",38000,FALSE,NA,NA,"<= day","daily",NA,NA,NA
"1973-10-22",35500,FALSE,NA,NA,"<= day","daily",NA,NA,NA
"1973-10-23",27400,FALSE,NA,NA,"<= day","daily",NA,NA,NA
"1973-10-24",22800,FALSE,NA,NA,"<= day","daily",NA,NA,NA
"1973-10-25",20900,FALSE,NA,NA,"<= day","daily",NA,NA,NA
"1973-10-26",18200,FALSE,NA,NA,"<= day","daily",NA,NA,NA
"1973-10-27",16100,FALSE,NA,NA,"<= day","daily",NA,NA,NA
"1973-10-28",14200,FALSE,NA,NA,"<= day","daily",NA,NA,NA
"1973-10-29",12900,FALSE,NA,NA,"<= day","daily",NA,NA,NA
"1973-10-30",11800,FALSE,NA,NA,"<= day","daily",NA,NA,NA
"1973-10-31",7600,FALSE,NA,NA,"<= day","daily",NA,NA,NA
"1973-11-01",9340,FALSE,NA,NA,"<= day","daily",NA,NA,NA
"1973-11-02",8180,FALSE,NA,NA,"<= day","daily",NA,NA,NA
"1973-11-03",7600,FALSE,NA,NA,"<= day","daily",NA,NA,NA
"1973-11-04",7350,FALSE,NA,NA,"<= day","daily",NA,NA,NA
"1973-11-05",7100,FALSE,NA,NA,"<= day","daily",NA,NA,NA
"1973-11-06",7600,FALSE,NA,NA,"<= day","daily",NA,NA,NA
"1973-11-07",56700,FALSE,NA,NA,"<= day","daily",NA,NA,NA
"1973-11-08",57000,FALSE,NA,NA,"<= day","daily",NA,NA,NA
"1973-11-09",45100,FALSE,NA,NA,"<= day","daily",NA,NA,NA
"1973-11-10",42000,FALSE,NA,NA,"<= day","daily",NA,NA,NA
"1973-11-11",40200,FALSE,NA,NA,"<= day","daily",NA,NA,NA
"1973-11-12",38500,FALSE,NA,NA,"<= day","daily",NA,NA,NA
"1973-11-13",33500,FALSE,NA,NA,"<= day","daily",NA,NA,NA
"1973-11-14",30200,FALSE,NA,NA,"<= day","daily",NA,NA,NA
"1973-11-15",28100,FALSE,NA,NA,"<= day","daily",NA,NA,NA
"1973-11-16",25300,FALSE,NA,NA,"<= day","daily",NA,NA,NA
"1973-11-17",23200,FALSE,NA,NA,"<= day","daily",NA,NA,NA
"1973-11-18",20900,FALSE,NA,NA,"<= day","daily",NA,NA,NA
"1973-11-19",18800,FALSE,NA,NA,"<= day","daily",NA,NA,NA
"1973-11-20",17100,FALSE,NA,NA,"<= day","daily",NA,NA,NA
"1973-11-21",15800,FALSE,NA,NA,"<= day","daily",NA,NA,NA
"1973-11-22",14200,FALSE,NA,NA,"<= day","daily",NA,NA,NA
"1973-11-23",12900,FALSE,NA,NA,"<= day","daily",NA,NA,NA
"1973-11-24",11500,FALSE,NA,NA,"<= day","daily",NA,NA,NA
"1973-11-25",10600,FALSE,NA,NA,"<= day","daily",NA,NA,NA
"1973-11-26",9340,FALSE,NA,NA,"<= day","daily",NA,NA,NA
"1973-11-27",8760,FALSE,NA,NA,"<= day","daily",NA,NA,NA
"1973-11-28",8180,FALSE,NA,NA,"<= day","daily",NA,NA,NA
"1973-11-29",7600,FALSE,NA,NA,"<= day","daily",NA,NA,NA
"1973-11-30",7350,FALSE,NA,NA,"<= day","daily",NA,NA,NA
"1973-12-01",6850,FALSE,NA,NA,"<= day","daily",NA,NA,NA
"1973-12-02",6600,FALSE,NA,NA,"<= day","daily",NA,NA,NA
"1973-12-03",6350,FALSE,NA,NA,"<= day","daily",NA,NA,NA
"1973-12-04",6100,FALSE,NA,NA,"<= day","daily",NA,NA,NA
"1973-12-05",5600,FALSE,NA,NA,"<= day","daily",NA,NA,NA
"1973-12-06",5600,FALSE,NA,NA,"<= day","daily",NA,NA,NA
"1973-12-07",5350,FALSE,NA,NA,"<= day","daily",NA,NA,NA
"1973-12-08",5100,FALSE,NA,NA,"<= day","daily",NA,NA,NA
"1973-12-09",14500,FALSE,NA,NA,"<= day","daily",NA,NA,NA
"1973-12-10",17500,FALSE,NA,NA,"<= day","daily",NA,NA,NA
"1973-12-11",9920,FALSE,NA,NA,"<= day","daily",NA,NA,NA
"1973-12-12",7890,FALSE,NA,NA,"<= day","daily",NA,NA,NA
"1973-12-13",7100,FALSE,NA,NA,"<= day","daily",NA,NA,NA
"1973-12-14",6600,FALSE,NA,NA,"<= day","daily",NA,NA,NA
"1973-12-15",6350,FALSE,NA,NA,"<= day","daily",NA,NA,NA
"1973-12-16",6100,FALSE,NA,NA,"<= day","daily",NA,NA,NA
"1973-12-17",5600,FALSE,NA,NA,"<= day","daily",NA,NA,NA
"1973-12-18",5350,FALSE,NA,NA,"<= day","daily",NA,NA,NA
"1973-12-19",5850,FALSE,NA,NA,"<= day","daily",NA,NA,NA
"1973-12-20",5600,FALSE,NA,NA,"<= day","daily",NA,NA,NA
"1973-12-21",5600,FALSE,NA,NA,"<= day","daily",NA,NA,NA
"1973-12-22",37100,FALSE,NA,NA,"<= day","daily",NA,NA,NA
"1973-12-23",27800,FALSE,NA,NA,"<= day","daily",NA,NA,NA
"1973-12-24",21300,FALSE,NA,NA,"<= day","daily",NA,NA,NA
"1973-12-25",21700,FALSE,NA,NA,"<= day","daily",NA,NA,NA
"1973-12-26",36800,FALSE,NA,NA,"<= day","daily",NA,NA,NA
"1973-12-27",28800,FALSE,NA,NA,"<= day","daily",NA,NA,NA
"1973-12-28",26700,FALSE,NA,NA,"<= day","daily",NA,NA,NA
"1973-12-29",24600,FALSE,NA,NA,"<= day","daily",NA,NA,NA
"1973-12-30",22100,FALSE,NA,NA,"<= day","daily",NA,NA,NA
"1973-12-31",20600,FALSE,NA,NA,"<= day","daily",NA,NA,NA
